Chromosome	Start	Ratio	MedianRatio	CopyNumber	Subclone_CN	Subclone_Population
1	1	-1	-1	-1	0	0
1	500001	1.95273	1.41639	3	0	0
1	1000001	1.4049	1.41639	3	0	0
1	1500001	1.41077	1.41639	3	0	0
1	2000001	1.36606	1.41639	3	0	0
1	2500001	1.96068	1.41639	3	0	0
1	3000001	1.35966	1.41639	3	0	0
1	3500001	1.42201	1.41639	3	0	0
1	4000001	1.40599	1.41639	3	0	0
1	4500001	1.32135	1.41639	3	0	0
1	5000001	1.30023	1.41639	3	0	0
1	5500001	1.41063	1.41639	3	0	0
1	6000001	1.3661	1.41639	3	0	0
1	6500001	1.4653	1.41639	3	0	0
1	7000001	1.39838	1.41639	3	0	0
1	7500001	1.48941	1.41639	3	0	0
1	8000001	1.54347	1.41639	3	0	0
1	8500001	1.5555	1.41639	3	0	0
1	9000001	1.50356	1.41639	3	0	0
1	9500001	1.57039	1.41639	3	0	0
1	10000001	1.50635	1.41639	3	0	0
1	10500001	1.45116	1.41639	3	0	0
1	11000001	1.4525	1.41639	3	0	0
1	11500001	1.47392	1.41639	3	0	0
1	12000001	1.56154	1.41639	3	0	0
1	12500001	1.48553	1.41639	3	0	0
1	13000001	1.34602	1.41639	3	0	0
1	13500001	1.37319	1.41639	3	0	0
1	14000001	1.37299	1.41639	3	0	0
1	14500001	1.42683	1.41639	3	0	0
1	15000001	1.39426	1.41639	3	0	0
1	15500001	0.982264	1.41639	3	0	0
1	16000001	1.06218	1.41639	3	0	0
1	16500001	2.25291	2.25291	5	0	0
1	17000001	1.10683	0.99938	2	0	0
1	17500001	1.1482	0.99938	2	0	0
1	18000001	0.945776	0.99938	2	0	0
1	18500001	0.925153	0.99938	2	0	0
1	19000001	1.02437	0.99938	2	0	0
1	19500001	1.02594	0.99938	2	0	0
1	20000001	1.01591	0.99938	2	0	0
1	20500001	0.989271	0.99938	2	0	0
1	21000001	1.00274	0.99938	2	0	0
1	21500001	1.0234	0.99938	2	0	0
1	22000001	1.03704	0.99938	2	0	0
1	22500001	1.07199	0.99938	2	0	0
1	23000001	1.58047	0.99938	2	0	0
1	23500001	1.5557	0.99938	2	0	0
1	24000001	1.26142	0.99938	2	0	0
1	24500001	0.981225	0.99938	2	0	0
1	25000001	0.986451	0.99938	2	0	0
1	25500001	1.00153	0.99938	2	0	0
1	26000001	0.998219	0.99938	2	0	0
1	26500001	1.00064	0.99938	2	0	0
1	27000001	0.983006	0.99938	2	0	0
1	27500001	1.02154	0.99938	2	0	0
1	28000001	1.00268	0.99938	2	0	0
1	28500001	0.961106	0.99938	2	0	0
1	29000001	1.01459	0.99938	2	0	0
1	29500001	0.925543	0.99938	2	0	0
1	30000001	0.895915	0.99938	2	0	0
1	30500001	0.932673	0.99938	2	0	0
1	31000001	0.991813	0.99938	2	0	0
1	31500001	0.98695	0.99938	2	0	0
1	32000001	0.989428	0.99938	2	0	0
1	32500001	0.984045	0.99938	2	0	0
1	33000001	1.01251	0.99938	2	0	0
1	33500001	0.973543	0.99938	2	0	0
1	34000001	0.912134	0.99938	2	0	0
1	34500001	0.940336	0.99938	2	0	0
1	35000001	0.966766	0.99938	2	0	0
1	35500001	0.979313	0.99938	2	0	0
1	36000001	0.974896	0.99938	2	0	0
1	36500001	0.962825	0.99938	2	0	0
1	37000001	0.946981	0.99938	2	0	0
1	37500001	0.979407	0.99938	2	0	0
1	38000001	0.963492	0.99938	2	0	0
1	38500001	1.01494	0.99938	2	0	0
1	39000001	1.02487	0.99938	2	0	0
1	39500001	1.01742	0.99938	2	0	0
1	40000001	1.00354	0.99938	2	0	0
1	40500001	1.02164	0.99938	2	0	0
1	41000001	1.02985	0.99938	2	0	0
1	41500001	1.01532	0.99938	2	0	0
1	42000001	1.01331	0.99938	2	0	0
1	42500001	1.01646	0.99938	2	0	0
1	43000001	0.978878	0.99938	2	0	0
1	43500001	1.01114	0.99938	2	0	0
1	44000001	0.998703	0.99938	2	0	0
1	44500001	1.01237	0.99938	2	0	0
1	45000001	0.970147	0.99938	2	0	0
1	45500001	1.00044	0.99938	2	0	0
1	46000001	1.02205	0.99938	2	0	0
1	46500001	0.971312	0.99938	2	0	0
1	47000001	1.02742	0.99938	2	0	0
1	47500001	0.940446	0.99938	2	0	0
1	48000001	0.973222	0.99938	2	0	0
1	48500001	0.909895	0.99938	2	0	0
1	49000001	0.909764	0.99938	2	0	0
1	49500001	0.922451	0.99938	2	0	0
1	50000001	0.963922	0.99938	2	0	0
1	50500001	1.00925	0.99938	2	0	0
1	51000001	1.02259	0.99938	2	0	0
1	51500001	1.06484	0.99938	2	0	0
1	52000001	0.987658	0.99938	2	0	0
1	52500001	0.972927	0.99938	2	0	0
1	53000001	0.972062	0.99938	2	0	0
1	53500001	0.981191	0.99938	2	0	0
1	54000001	0.990609	0.99938	2	0	0
1	54500001	0.996666	0.99938	2	0	0
1	55000001	1.05118	0.99938	2	0	0
1	55500001	0.986404	0.99938	2	0	0
1	56000001	1.00211	0.99938	2	0	0
1	56500001	0.949619	0.99938	2	0	0
1	57000001	0.88391	0.99938	2	0	0
1	57500001	0.908727	0.99938	2	0	0
1	58000001	0.983676	0.99938	2	0	0
1	58500001	1.01683	0.99938	2	0	0
1	59000001	1.05853	0.99938	2	0	0
1	59500001	0.993516	0.99938	2	0	0
1	60000001	0.971206	0.99938	2	0	0
1	60500001	0.99938	0.99938	2	0	0
1	61000001	1.01517	0.99938	2	0	0
1	61500001	1.01254	0.99938	2	0	0
1	62000001	1.0202	0.99938	2	0	0
1	62500001	1.05665	0.99938	2	0	0
1	63000001	0.978894	0.99938	2	0	0
1	63500001	1.0126	0.99938	2	0	0
1	64000001	0.992636	0.99938	2	0	0
1	64500001	1.01794	0.99938	2	0	0
1	65000001	0.994779	0.99938	2	0	0
1	65500001	1.00497	0.99938	2	0	0
1	66000001	1.13233	0.99938	2	0	0
1	66500001	0.960254	0.99938	2	0	0
1	67000001	1.03066	0.99938	2	0	0
1	67500001	0.986076	0.99938	2	0	0
1	68000001	0.979541	0.99938	2	0	0
1	68500001	1.01794	0.99938	2	0	0
1	69000001	0.996681	0.99938	2	0	0
1	69500001	1.00478	0.99938	2	0	0
1	70000001	0.950204	0.99938	2	0	0
1	70500001	0.942227	0.99938	2	0	0
1	71000001	0.961192	0.99938	2	0	0
1	71500001	1.02091	0.99938	2	0	0
1	72000001	0.917588	0.99938	2	0	0
1	72500001	0.966503	0.99938	2	0	0
1	73000001	0.959334	0.99938	2	0	0
1	73500001	0.978442	0.99938	2	0	0
1	74000001	0.927514	0.99938	2	0	0
1	74500001	0.936826	0.99938	2	0	0
1	75000001	0.962777	0.99938	2	0	0
1	75500001	0.946892	0.99938	2	0	0
1	76000001	0.954892	0.99938	2	0	0
1	76500001	0.984231	0.99938	2	0	0
1	77000001	1.04147	0.99938	2	0	0
1	77500001	1.01812	0.99938	2	0	0
1	78000001	1.03867	0.99938	2	0	0
1	78500001	1.0098	0.99938	2	0	0
1	79000001	0.987134	0.99938	2	0	0
1	79500001	0.9827	0.99938	2	0	0
1	80000001	0.936657	0.99938	2	0	0
1	80500001	0.954357	0.99938	2	0	0
1	81000001	0.986429	0.99938	2	0	0
1	81500001	0.994437	0.99938	2	0	0
1	82000001	0.962179	0.99938	2	0	0
1	82500001	1.06336	0.99938	2	0	0
1	83000001	1.05534	0.99938	2	0	0
1	83500001	1.00627	0.99938	2	0	0
1	84000001	1.03461	0.99938	2	0	0
1	84500001	1.02676	0.99938	2	0	0
1	85000001	1.02872	0.99938	2	0	0
1	85500001	1.03751	0.99938	2	0	0
1	86000001	0.997475	0.99938	2	0	0
1	86500001	1.01623	0.99938	2	0	0
1	87000001	1.02188	0.99938	2	0	0
1	87500001	1.06097	0.99938	2	0	0
1	88000001	1.05105	0.99938	2	0	0
1	88500001	1.05064	0.99938	2	0	0
1	89000001	1.06704	0.99938	2	0	0
1	89500001	1.096	0.99938	2	0	0
1	90000001	1.02571	0.99938	2	0	0
1	90500001	0.978435	0.99938	2	0	0
1	91000001	1.01233	0.99938	2	0	0
1	91500001	0.975042	0.99938	2	0	0
1	92000001	0.989076	0.99938	2	0	0
1	92500001	1.06376	0.99938	2	0	0
1	93000001	1.04666	0.99938	2	0	0
1	93500001	1.06105	0.99938	2	0	0
1	94000001	1.07529	0.99938	2	0	0
1	94500001	1.13784	0.99938	2	0	0
1	95000001	1.0502	0.99938	2	0	0
1	95500001	1.02104	0.99938	2	0	0
1	96000001	1.00129	0.99938	2	0	0
1	96500001	0.963213	0.99938	2	0	0
1	97000001	0.992551	0.99938	2	0	0
1	97500001	1.04988	0.99938	2	0	0
1	98000001	1.03835	0.99938	2	0	0
1	98500001	1.02185	0.99938	2	0	0
1	99000001	1.03178	0.99938	2	0	0
1	99500001	1.02551	0.99938	2	0	0
1	100000001	0.996221	0.99938	2	0	0
1	100500001	0.979747	0.99938	2	0	0
1	101000001	0.977776	0.99938	2	0	0
1	101500001	0.990745	0.99938	2	0	0
1	102000001	0.994859	0.99938	2	0	0
1	102500001	1.0033	0.99938	2	0	0
1	103000001	1.00626	0.99938	2	0	0
1	103500001	1.01405	0.99938	2	0	0
1	104000001	0.973944	0.99938	2	0	0
1	104500001	0.9499	0.99938	2	0	0
1	105000001	0.936641	0.99938	2	0	0
1	105500001	0.90616	0.99938	2	0	0
1	106000001	0.974333	0.99938	2	0	0
1	106500001	0.989935	0.99938	2	0	0
1	107000001	0.972485	0.99938	2	0	0
1	107500001	1.01687	0.99938	2	0	0
1	108000001	0.955185	0.99938	2	0	0
1	108500001	1.00073	0.99938	2	0	0
1	109000001	0.988975	0.99938	2	0	0
1	109500001	0.984443	0.99938	2	0	0
1	110000001	1.01429	0.99938	2	0	0
1	110500001	0.967126	0.99938	2	0	0
1	111000001	0.97516	0.99938	2	0	0
1	111500001	0.999581	0.99938	2	0	0
1	112000001	1.00107	0.99938	2	0	0
1	112500001	1.00176	0.99938	2	0	0
1	113000001	1.0165	0.99938	2	0	0
1	113500001	0.999875	0.99938	2	0	0
1	114000001	1.01234	0.99938	2	0	0
1	114500001	1.02605	0.99938	2	0	0
1	115000001	1.08667	0.99938	2	0	0
1	115500001	0.994388	0.99938	2	0	0
1	116000001	1.05135	0.99938	2	0	0
1	116500001	1.03886	0.99938	2	0	0
1	117000001	1.0808	0.99938	2	0	0
1	117500001	1.00307	0.99938	2	0	0
1	118000001	1.04899	0.99938	2	0	0
1	118500001	1.05904	0.99938	2	0	0
1	119000001	0.975651	0.99938	2	0	0
1	119500001	1.09035	0.99938	2	0	0
1	120000001	0.85135	0.99938	2	0	0
1	120500001	0.590305	0.99938	2	0	0
1	121000001	0.973902	0.99938	2	0	0
1	121500001	0.972288	0.99938	2	0	0
1	122000001	0.499126	0.99938	2	0	0
1	122500001	1.69962	1.86945	4	0	0
1	123000001	1.62989	1.86945	4	0	0
1	123500001	2.03928	1.86945	4	0	0
1	124000001	2.5537	1.86945	4	0	0
1	124500001	3.36065	3.36065	7	0	0
1	125000001	-1	-1	-1	0	0
1	125500001	-1	-1	-1	0	0
1	126000001	-1	-1	-1	0	0
1	126500001	-1	-1	-1	0	0
1	127000001	-1	-1	-1	0	0
1	127500001	-1	-1	-1	0	0
1	128000001	-1	-1	-1	0	0
1	128500001	-1	-1	-1	0	0
1	129000001	-1	-1	-1	0	0
1	129500001	-1	-1	-1	0	0
1	130000001	-1	-1	-1	0	0
1	130500001	-1	-1	-1	0	0
1	131000001	-1	-1	-1	0	0
1	131500001	-1	-1	-1	0	0
1	132000001	-1	-1	-1	0	0
1	132500001	-1	-1	-1	0	0
1	133000001	-1	-1	-1	0	0
1	133500001	-1	-1	-1	0	0
1	134000001	-1	-1	-1	0	0
1	134500001	-1	-1	-1	0	0
1	135000001	-1	-1	-1	0	0
1	135500001	-1	-1	-1	0	0
1	136000001	-1	-1	-1	0	0
1	136500001	-1	-1	-1	0	0
1	137000001	-1	-1	-1	0	0
1	137500001	-1	-1	-1	0	0
1	138000001	-1	-1	-1	0	0
1	138500001	-1	-1	-1	0	0
1	139000001	-1	-1	-1	0	0
1	139500001	-1	-1	-1	0	0
1	140000001	-1	-1	-1	0	0
1	140500001	-1	-1	-1	0	0
1	141000001	-1	-1	-1	0	0
1	141500001	-1	-1	-1	0	0
1	142000001	-1	-1	-1	0	0
1	142500001	-1	-1	-1	0	0
1	143000001	-1	-1	-1	0	0
1	143500001	0.941647	1.00696	2	0	0
1	144000001	0.979337	1.00696	2	0	0
1	144500001	1.00707	1.00696	2	0	0
1	145000001	1.15062	1.00696	2	0	0
1	145500001	1.02826	1.00696	2	0	0
1	146000001	0.996973	1.00696	2	0	0
1	146500001	1.00696	1.00696	2	0	0
1	147000001	1.01558	1.00696	2	0	0
1	147500001	1.05882	1.00696	2	0	0
1	148000001	1.07709	1.00696	2	0	0
1	148500001	1.15898	1.00696	2	0	0
1	149000001	1.04666	1.00696	2	0	0
1	149500001	0.951234	1.00696	2	0	0
1	150000001	1.01223	1.00696	2	0	0
1	150500001	0.979038	1.00696	2	0	0
1	151000001	1.03211	1.00696	2	0	0
1	151500001	1.037	1.00696	2	0	0
1	152000001	1.0517	1.00696	2	0	0
1	152500001	1.06453	1.00696	2	0	0
1	153000001	1.1122	1.00696	2	0	0
1	153500001	1.00961	1.00696	2	0	0
1	154000001	0.95913	1.00696	2	0	0
1	154500001	1.03259	1.00696	2	0	0
1	155000001	0.965745	1.00696	2	0	0
1	155500001	0.972187	1.00696	2	0	0
1	156000001	0.999129	1.00696	2	0	0
1	156500001	0.972386	1.00696	2	0	0
1	157000001	0.983029	1.00696	2	0	0
1	157500001	0.963779	1.00696	2	0	0
1	158000001	0.937255	1.00696	2	0	0
1	158500001	0.909899	1.00696	2	0	0
1	159000001	0.945528	1.00696	2	0	0
1	159500001	1.00809	1.00696	2	0	0
1	160000001	1.01366	1.00696	2	0	0
1	160500001	1.0531	1.00696	2	0	0
1	161000001	1.16643	1.00696	2	0	0
1	161500001	1.0155	1.00696	2	0	0
1	162000001	1.01739	1.00696	2	0	0
1	162500001	0.970981	1.00696	2	0	0
1	163000001	0.976621	1.00696	2	0	0
1	163500001	0.958055	1.00696	2	0	0
1	164000001	1.02316	1.00696	2	0	0
1	164500001	0.997129	1.00696	2	0	0
1	165000001	0.939587	1.00696	2	0	0
1	165500001	0.98406	1.00696	2	0	0
1	166000001	0.888676	1.00696	2	0	0
1	166500001	0.961657	1.00696	2	0	0
1	167000001	0.989646	1.00696	2	0	0
1	167500001	1.06978	1.00696	2	0	0
1	168000001	1.02188	1.00696	2	0	0
1	168500001	1.01157	1.00696	2	0	0
1	169000001	0.965479	1.00696	2	0	0
1	169500001	0.982051	1.00696	2	0	0
1	170000001	0.977309	1.00696	2	0	0
1	170500001	0.920282	1.00696	2	0	0
1	171000001	0.946782	1.00696	2	0	0
1	171500001	1.01351	1.00696	2	0	0
1	172000001	1.06652	1.00696	2	0	0
1	172500001	1.09576	1.00696	2	0	0
1	173000001	1.48023	1.50791	3	0	0
1	173500001	1.49472	1.50791	3	0	0
1	174000001	1.4748	1.50791	3	0	0
1	174500001	1.47028	1.50791	3	0	0
1	175000001	1.51804	1.50791	3	0	0
1	175500001	1.44919	1.50791	3	0	0
1	176000001	1.39476	1.50791	3	0	0
1	176500001	1.3704	1.50791	3	0	0
1	177000001	1.4105	1.50791	3	0	0
1	177500001	1.55046	1.50791	3	0	0
1	178000001	1.60527	1.50791	3	0	0
1	178500001	1.57532	1.50791	3	0	0
1	179000001	1.45605	1.50791	3	0	0
1	179500001	1.52012	1.50791	3	0	0
1	180000001	1.58797	1.50791	3	0	0
1	180500001	1.555	1.50791	3	0	0
1	181000001	1.49487	1.50791	3	0	0
1	181500001	1.48985	1.50791	3	0	0
1	182000001	1.55203	1.50791	3	0	0
1	182500001	1.57234	1.50791	3	0	0
1	183000001	1.58992	1.50791	3	0	0
1	183500001	1.553	1.50791	3	0	0
1	184000001	1.50835	1.50791	3	0	0
1	184500001	1.58325	1.50791	3	0	0
1	185000001	1.57686	1.50791	3	0	0
1	185500001	1.5912	1.50791	3	0	0
1	186000001	1.63882	1.50791	3	0	0
1	186500001	1.61507	1.50791	3	0	0
1	187000001	1.59469	1.50791	3	0	0
1	187500001	1.46504	1.50791	3	0	0
1	188000001	1.47765	1.50791	3	0	0
1	188500001	1.4972	1.50791	3	0	0
1	189000001	1.56412	1.50791	3	0	0
1	189500001	1.57187	1.50791	3	0	0
1	190000001	1.54215	1.50791	3	0	0
1	190500001	1.56359	1.50791	3	0	0
1	191000001	1.47817	1.50791	3	0	0
1	191500001	1.49849	1.50791	3	0	0
1	192000001	1.50461	1.50791	3	0	0
1	192500001	1.5178	1.50791	3	0	0
1	193000001	1.51833	1.50791	3	0	0
1	193500001	1.51076	1.50791	3	0	0
1	194000001	1.53375	1.50791	3	0	0
1	194500001	1.52729	1.50791	3	0	0
1	195000001	1.47286	1.50791	3	0	0
1	195500001	1.49059	1.50791	3	0	0
1	196000001	1.55673	1.50791	3	0	0
1	196500001	1.56385	1.50791	3	0	0
1	197000001	1.5819	1.50791	3	0	0
1	197500001	1.59499	1.50791	3	0	0
1	198000001	1.62663	1.50791	3	0	0
1	198500001	1.66246	1.50791	3	0	0
1	199000001	1.60454	1.50791	3	0	0
1	199500001	1.58865	1.50791	3	0	0
1	200000001	1.56194	1.50791	3	0	0
1	200500001	1.56758	1.50791	3	0	0
1	201000001	1.62436	1.50791	3	0	0
1	201500001	1.56029	1.50791	3	0	0
1	202000001	1.48142	1.50791	3	0	0
1	202500001	1.59701	1.50791	3	0	0
1	203000001	1.52864	1.50791	3	0	0
1	203500001	1.5496	1.50791	3	0	0
1	204000001	1.53331	1.50791	3	0	0
1	204500001	1.49409	1.50791	3	0	0
1	205000001	1.55284	1.50791	3	0	0
1	205500001	1.49717	1.50791	3	0	0
1	206000001	1.45123	1.50791	3	0	0
1	206500001	1.55373	1.50791	3	0	0
1	207000001	1.61244	1.50791	3	0	0
1	207500001	1.43195	1.50791	3	0	0
1	208000001	1.47656	1.50791	3	0	0
1	208500001	1.50284	1.50791	3	0	0
1	209000001	1.58834	1.50791	3	0	0
1	209500001	1.56949	1.50791	3	0	0
1	210000001	1.47153	1.50791	3	0	0
1	210500001	1.42359	1.50791	3	0	0
1	211000001	1.45368	1.50791	3	0	0
1	211500001	1.48084	1.50791	3	0	0
1	212000001	1.56155	1.50791	3	0	0
1	212500001	1.50396	1.50791	3	0	0
1	213000001	1.48454	1.50791	3	0	0
1	213500001	1.44506	1.50791	3	0	0
1	214000001	1.51928	1.50791	3	0	0
1	214500001	1.57613	1.50791	3	0	0
1	215000001	1.58172	1.50791	3	0	0
1	215500001	1.50878	1.50791	3	0	0
1	216000001	1.45412	1.50791	3	0	0
1	216500001	1.46565	1.50791	3	0	0
1	217000001	1.44053	1.50791	3	0	0
1	217500001	1.50747	1.50791	3	0	0
1	218000001	1.61044	1.50791	3	0	0
1	218500001	1.59934	1.50791	3	0	0
1	219000001	1.52636	1.50791	3	0	0
1	219500001	1.43037	1.50791	3	0	0
1	220000001	1.53843	1.50791	3	0	0
1	220500001	1.51651	1.50791	3	0	0
1	221000001	1.54672	1.50791	3	0	0
1	221500001	1.49732	1.50791	3	0	0
1	222000001	1.45069	1.50791	3	0	0
1	222500001	1.51552	1.50791	3	0	0
1	223000001	1.45722	1.50791	3	0	0
1	223500001	1.51418	1.50791	3	0	0
1	224000001	1.47437	1.50791	3	0	0
1	224500001	1.52189	1.50791	3	0	0
1	225000001	1.55414	1.50791	3	0	0
1	225500001	1.51343	1.50791	3	0	0
1	226000001	1.51528	1.50791	3	0	0
1	226500001	1.45695	1.50791	3	0	0
1	227000001	1.56084	1.50791	3	0	0
1	227500001	1.47337	1.50791	3	0	0
1	228000001	1.35861	1.50791	3	0	0
1	228500001	1.89008	1.50791	3	0	0
1	229000001	1.52347	1.50791	3	0	0
1	229500001	1.51087	1.50791	3	0	0
1	230000001	1.43381	1.50791	3	0	0
1	230500001	1.44158	1.50791	3	0	0
1	231000001	1.39211	1.50791	3	0	0
1	231500001	1.38097	1.50791	3	0	0
1	232000001	1.08502	1.50791	3	0	0
1	232500001	1.45434	1.50791	3	0	0
1	233000001	1.48537	1.50791	3	0	0
1	233500001	1.40988	1.50791	3	0	0
1	234000001	1.46879	1.50791	3	0	0
1	234500001	1.60314	1.50791	3	0	0
1	235000001	1.48719	1.50791	3	0	0
1	235500001	1.5473	1.50791	3	0	0
1	236000001	1.46293	1.50791	3	0	0
1	236500001	1.50154	1.50791	3	0	0
1	237000001	1.40369	1.50791	3	0	0
1	237500001	1.4989	1.50791	3	0	0
1	238000001	1.45896	1.50791	3	0	0
1	238500001	1.53778	1.50791	3	0	0
1	239000001	1.49138	1.50791	3	0	0
1	239500001	1.43776	1.50791	3	0	0
1	240000001	1.43814	1.50791	3	0	0
1	240500001	1.56475	1.50791	3	0	0
1	241000001	1.596	1.50791	3	0	0
1	241500001	1.50139	1.50791	3	0	0
1	242000001	1.45386	1.50791	3	0	0
1	242500001	1.41921	1.50791	3	0	0
1	243000001	1.3954	1.50791	3	0	0
1	243500001	1.48623	1.50791	3	0	0
1	244000001	1.45182	1.50791	3	0	0
1	244500001	1.42347	1.50791	3	0	0
1	245000001	1.45155	1.50791	3	0	0
1	245500001	1.40028	1.50791	3	0	0
1	246000001	1.42998	1.50791	3	0	0
1	246500001	1.5417	1.50791	3	0	0
1	247000001	1.42049	1.50791	3	0	0
1	247500001	1.42722	1.50791	3	0	0
1	248000001	1.52342	1.50791	3	0	0
1	248500001	1.27817	1.50791	3	0	0
10	1	1.92615	1.41262	3	0	0
10	500001	1.44149	1.41262	3	0	0
10	1000001	1.27858	1.41262	3	0	0
10	1500001	1.34284	1.41262	3	0	0
10	2000001	1.3388	1.41262	3	0	0
10	2500001	1.32536	1.41262	3	0	0
10	3000001	1.38613	1.41262	3	0	0
10	3500001	1.40736	1.41262	3	0	0
10	4000001	1.41788	1.41262	3	0	0
10	4500001	1.50296	1.41262	3	0	0
10	5000001	1.44252	1.41262	3	0	0
10	5500001	1.47021	1.41262	3	0	0
10	6000001	1.39888	1.41262	3	0	0
10	6500001	1.43894	1.41262	3	0	0
10	7000001	1.33132	1.41262	3	0	0
10	7500001	1.86149	1.41262	3	0	0
10	8000001	2.34301	2.42365	5	0	0
10	8500001	2.50429	2.42365	5	0	0
10	9000001	1.67028	1.3495	3	0	0
10	9500001	1.3787	1.3495	3	0	0
10	10000001	1.32339	1.3495	3	0	0
10	10500001	1.32508	1.3495	3	0	0
10	11000001	1.34959	1.3495	3	0	0
10	11500001	1.42077	1.3495	3	0	0
10	12000001	1.42822	1.3495	3	0	0
10	12500001	1.41573	1.3495	3	0	0
10	13000001	1.48636	1.3495	3	0	0
10	13500001	1.52231	1.3495	3	0	0
10	14000001	1.54673	1.3495	3	0	0
10	14500001	1.53712	1.3495	3	0	0
10	15000001	1.36511	1.3495	3	0	0
10	15500001	1.33029	1.3495	3	0	0
10	16000001	1.26424	1.3495	3	0	0
10	16500001	1.28858	1.3495	3	0	0
10	17000001	1.34942	1.3495	3	0	0
10	17500001	1.29773	1.3495	3	0	0
10	18000001	1.25294	1.3495	3	0	0
10	18500001	1.30682	1.3495	3	0	0
10	19000001	1.3188	1.3495	3	0	0
10	19500001	1.2768	1.3495	3	0	0
10	20000001	0.60437	0.507741	1	0	0
10	20500001	0.499132	0.507741	1	0	0
10	21000001	0.529598	0.507741	1	0	0
10	21500001	0.523362	0.507741	1	0	0
10	22000001	0.512711	0.507741	1	0	0
10	22500001	0.499947	0.507741	1	0	0
10	23000001	0.504954	0.507741	1	0	0
10	23500001	0.496545	0.507741	1	0	0
10	24000001	0.508611	0.507741	1	0	0
10	24500001	0.525598	0.507741	1	0	0
10	25000001	0.51902	0.507741	1	0	0
10	25500001	0.480973	0.507741	1	0	0
10	26000001	0.467466	0.507741	1	0	0
10	26500001	0.505765	0.507741	1	0	0
10	27000001	0.494103	0.507741	1	0	0
10	27500001	0.504095	0.507741	1	0	0
10	28000001	0.536006	0.507741	1	0	0
10	28500001	0.507741	0.507741	1	0	0
10	29000001	0.531497	0.507741	1	0	0
10	29500001	0.877709	0.96117	2	0	0
10	30000001	1.05917	0.96117	2	0	0
10	30500001	0.978973	0.96117	2	0	0
10	31000001	0.981876	0.96117	2	0	0
10	31500001	1.21004	0.96117	2	0	0
10	32000001	1.09824	0.96117	2	0	0
10	32500001	1.03944	0.96117	2	0	0
10	33000001	1.04076	0.96117	2	0	0
10	33500001	0.957146	0.96117	2	0	0
10	34000001	0.976734	0.96117	2	0	0
10	34500001	0.96117	0.96117	2	0	0
10	35000001	0.964916	0.96117	2	0	0
10	35500001	0.923833	0.96117	2	0	0
10	36000001	0.885572	0.96117	2	0	0
10	36500001	0.889255	0.96117	2	0	0
10	37000001	0.87344	0.96117	2	0	0
10	37500001	0.855604	0.96117	2	0	0
10	38000001	0.889834	0.96117	2	0	0
10	38500001	1.04958	0.96117	2	0	0
10	39000001	0.890622	0.96117	2	0	0
10	39500001	0.421139	0.96117	2	0	0
10	40000001	1.57472	1.77416	4	0	0
10	40500001	1.97361	1.77416	4	0	0
10	41000001	1.03509	1.03509	2	0	0
10	41500001	-1	-1	-1	0	0
10	42000001	3.32647	3.32647	7	0	0
10	42500001	1.30778	1.42139	3	0	0
10	43000001	1.35779	1.42139	3	0	0
10	43500001	1.35737	1.42139	3	0	0
10	44000001	1.34009	1.42139	3	0	0
10	44500001	1.32869	1.42139	3	0	0
10	45000001	1.38748	1.42139	3	0	0
10	45500001	1.44331	1.42139	3	0	0
10	46000001	1.36651	1.42139	3	0	0
10	46500001	1.6224	1.42139	3	0	0
10	47000001	1.51138	1.42139	3	0	0
10	47500001	-1	1.42139	3	0	0
10	48000001	1.50818	1.42139	3	0	0
10	48500001	1.44928	1.42139	3	0	0
10	49000001	1.35482	1.42139	3	0	0
10	49500001	1.40069	1.42139	3	0	0
10	50000001	1.40301	1.42139	3	0	0
10	50500001	1.37305	1.42139	3	0	0
10	51000001	1.38467	1.42139	3	0	0
10	51500001	1.39193	1.42139	3	0	0
10	52000001	1.48434	1.42139	3	0	0
10	52500001	1.44919	1.42139	3	0	0
10	53000001	1.66751	1.42139	3	0	0
10	53500001	1.87435	1.42139	3	0	0
10	54000001	1.86744	1.42139	3	0	0
10	54500001	1.8849	1.42139	3	0	0
10	55000001	1.40974	1.42139	3	0	0
10	55500001	1.3804	1.42139	3	0	0
10	56000001	1.40671	1.42139	3	0	0
10	56500001	1.38165	1.42139	3	0	0
10	57000001	1.37456	1.42139	3	0	0
10	57500001	1.36651	1.42139	3	0	0
10	58000001	1.38728	1.42139	3	0	0
10	58500001	1.34783	1.42139	3	0	0
10	59000001	1.3818	1.42139	3	0	0
10	59500001	1.43248	1.42139	3	0	0
10	60000001	1.51931	1.42139	3	0	0
10	60500001	1.52333	1.42139	3	0	0
10	61000001	1.48561	1.42139	3	0	0
10	61500001	1.46961	1.42139	3	0	0
10	62000001	1.56646	1.42139	3	0	0
10	62500001	1.41308	1.42139	3	0	0
10	63000001	1.36084	1.42139	3	0	0
10	63500001	1.49929	1.42139	3	0	0
10	64000001	1.39381	1.42139	3	0	0
10	64500001	1.36794	1.42139	3	0	0
10	65000001	1.3657	1.42139	3	0	0
10	65500001	1.40633	1.42139	3	0	0
10	66000001	1.36764	1.42139	3	0	0
10	66500001	1.34632	1.42139	3	0	0
10	67000001	1.35318	1.42139	3	0	0
10	67500001	1.42338	1.42139	3	0	0
10	68000001	1.4721	1.42139	3	0	0
10	68500001	1.36321	1.42139	3	0	0
10	69000001	1.44737	1.42139	3	0	0
10	69500001	1.47368	1.42139	3	0	0
10	70000001	1.42149	1.42139	3	0	0
10	70500001	1.42559	1.42139	3	0	0
10	71000001	1.44483	1.42139	3	0	0
10	71500001	1.451	1.42139	3	0	0
10	72000001	1.47251	1.42139	3	0	0
10	72500001	1.49783	1.42139	3	0	0
10	73000001	1.46208	1.42139	3	0	0
10	73500001	1.44549	1.42139	3	0	0
10	74000001	1.51138	1.42139	3	0	0
10	74500001	1.43057	1.42139	3	0	0
10	75000001	1.37494	1.42139	3	0	0
10	75500001	1.1767	1.42139	3	0	0
10	76000001	1.41215	1.42139	3	0	0
10	76500001	1.40155	1.42139	3	0	0
10	77000001	1.46166	1.42139	3	0	0
10	77500001	1.37903	1.42139	3	0	0
10	78000001	1.43295	1.42139	3	0	0
10	78500001	1.40633	1.42139	3	0	0
10	79000001	1.38113	1.42139	3	0	0
10	79500001	1.41477	1.42139	3	0	0
10	80000001	1.40058	1.42139	3	0	0
10	80500001	1.41084	1.42139	3	0	0
10	81000001	1.38414	1.42139	3	0	0
10	81500001	1.27591	1.42139	3	0	0
10	82000001	1.24548	1.42139	3	0	0
10	82500001	1.29641	1.42139	3	0	0
10	83000001	1.31036	1.42139	3	0	0
10	83500001	1.29367	1.42139	3	0	0
10	84000001	1.2915	1.42139	3	0	0
10	84500001	1.29357	1.42139	3	0	0
10	85000001	1.32311	1.42139	3	0	0
10	85500001	1.36091	1.42139	3	0	0
10	86000001	1.3216	1.42139	3	0	0
10	86500001	1.44218	1.42139	3	0	0
10	87000001	1.49032	1.42139	3	0	0
10	87500001	1.51941	1.42139	3	0	0
10	88000001	1.49319	1.42139	3	0	0
10	88500001	1.55939	1.42139	3	0	0
10	89000001	1.57176	1.42139	3	0	0
10	89500001	1.53288	1.42139	3	0	0
10	90000001	1.56897	1.42139	3	0	0
10	90500001	1.50042	1.42139	3	0	0
10	91000001	1.44809	1.42139	3	0	0
10	91500001	1.51694	1.42139	3	0	0
10	92000001	1.41783	1.42139	3	0	0
10	92500001	1.43051	1.42139	3	0	0
10	93000001	1.43823	1.42139	3	0	0
10	93500001	1.50189	1.42139	3	0	0
10	94000001	1.51351	1.42139	3	0	0
10	94500001	1.48992	1.42139	3	0	0
10	95000001	1.55399	1.42139	3	0	0
10	95500001	1.48228	1.42139	3	0	0
10	96000001	1.4264	1.42139	3	0	0
10	96500001	1.40394	1.42139	3	0	0
10	97000001	1.38933	1.42139	3	0	0
10	97500001	1.4513	1.42139	3	0	0
10	98000001	1.46293	1.42139	3	0	0
10	98500001	1.39921	1.42139	3	0	0
10	99000001	1.43166	1.42139	3	0	0
10	99500001	1.45027	1.42139	3	0	0
10	100000001	1.42697	1.42139	3	0	0
10	100500001	1.36642	1.42139	3	0	0
10	101000001	1.40165	1.42139	3	0	0
10	101500001	1.40325	1.42139	3	0	0
10	102000001	1.41518	1.42139	3	0	0
10	102500001	1.4807	1.42139	3	0	0
10	103000001	1.4468	1.42139	3	0	0
10	103500001	1.45405	1.42139	3	0	0
10	104000001	1.48556	1.42139	3	0	0
10	104500001	1.36446	1.42139	3	0	0
10	105000001	1.27915	1.42139	3	0	0
10	105500001	1.32229	1.42139	3	0	0
10	106000001	1.43706	1.42139	3	0	0
10	106500001	1.35021	1.42139	3	0	0
10	107000001	1.35311	1.42139	3	0	0
10	107500001	1.34997	1.42139	3	0	0
10	108000001	1.36104	1.42139	3	0	0
10	108500001	1.31735	1.42139	3	0	0
10	109000001	1.36124	1.42139	3	0	0
10	109500001	1.49016	1.42139	3	0	0
10	110000001	1.50547	1.42139	3	0	0
10	110500001	1.48233	1.42139	3	0	0
10	111000001	1.42139	1.42139	3	0	0
10	111500001	1.33076	1.42139	3	0	0
10	112000001	1.4336	1.42139	3	0	0
10	112500001	1.44036	1.42139	3	0	0
10	113000001	1.47811	1.42139	3	0	0
10	113500001	1.50956	1.42139	3	0	0
10	114000001	1.50848	1.42139	3	0	0
10	114500001	1.42374	1.42139	3	0	0
10	115000001	1.43794	1.42139	3	0	0
10	115500001	1.35386	1.42139	3	0	0
10	116000001	1.32169	1.42139	3	0	0
10	116500001	1.41103	1.42139	3	0	0
10	117000001	1.39729	1.42139	3	0	0
10	117500001	1.32593	1.42139	3	0	0
10	118000001	1.37524	1.42139	3	0	0
10	118500001	1.49364	1.42139	3	0	0
10	119000001	1.46234	1.42139	3	0	0
10	119500001	1.34927	1.42139	3	0	0
10	120000001	1.45216	1.42139	3	0	0
10	120500001	1.51922	1.42139	3	0	0
10	121000001	1.47008	1.42139	3	0	0
10	121500001	1.48954	1.42139	3	0	0
10	122000001	1.5118	1.42139	3	0	0
10	122500001	1.44235	1.42139	3	0	0
10	123000001	1.42713	1.42139	3	0	0
10	123500001	1.43178	1.42139	3	0	0
10	124000001	1.47791	1.42139	3	0	0
10	124500001	1.45247	1.42139	3	0	0
10	125000001	1.42874	1.42139	3	0	0
10	125500001	1.57833	1.42139	3	0	0
10	126000001	1.43245	1.42139	3	0	0
10	126500001	1.44426	1.42139	3	0	0
10	127000001	1.37757	1.42139	3	0	0
10	127500001	1.38556	1.42139	3	0	0
10	128000001	1.39742	1.42139	3	0	0
10	128500001	1.29408	1.42139	3	0	0
10	129000001	1.29206	1.42139	3	0	0
10	129500001	1.24443	1.42139	3	0	0
10	130000001	1.2988	1.42139	3	0	0
10	130500001	1.26413	1.42139	3	0	0
10	131000001	1.30466	1.42139	3	0	0
10	131500001	1.33073	1.42139	3	0	0
10	132000001	1.40609	1.42139	3	0	0
10	132500001	1.42584	1.42139	3	0	0
10	133000001	1.34677	1.42139	3	0	0
10	133500001	-1	-1	-1	0	0
11	1	0.520636	0.520636	1	0	0
11	500001	1.49797	1.61843	3	0	0
11	1000001	1.7389	1.61843	3	0	0
11	1500001	0.724662	0.486892	1	0	0
11	2000001	0.436463	0.486892	1	0	0
11	2500001	0.480682	0.486892	1	0	0
11	3000001	0.437179	0.486892	1	0	0
11	3500001	0.521277	0.486892	1	0	0
11	4000001	0.500444	0.486892	1	0	0
11	4500001	0.486892	0.486892	1	0	0
11	5000001	0.47772	0.486892	1	0	0
11	5500001	0.498841	0.486892	1	0	0
11	6000001	1.47105	1.71298	3	0	0
11	6500001	1.95491	1.71298	3	0	0
11	7000001	0.770526	0.647874	1	0	0
11	7500001	0.525223	0.647874	1	0	0
11	8000001	1.1848	1.1848	2	0	0
11	8500001	1.92236	1.92236	4	0	0
11	9000001	1.53912	1.92236	4	0	0
11	9500001	2.03018	1.92236	4	0	0
11	10000001	0.537722	0.558949	1	0	0
11	10500001	0.558949	0.558949	1	0	0
11	11000001	0.890037	0.558949	1	0	0
11	11500001	2.12549	1.95604	4	0	0
11	12000001	2.0789	1.95604	4	0	0
11	12500001	2.06855	1.95604	4	0	0
11	13000001	2.14604	1.95604	4	0	0
11	13500001	1.99929	1.95604	4	0	0
11	14000001	2.03883	1.95604	4	0	0
11	14500001	2.00903	1.95604	4	0	0
11	15000001	1.8783	1.95604	4	0	0
11	15500001	1.93145	1.95604	4	0	0
11	16000001	2.00537	1.95604	4	0	0
11	16500001	1.95958	1.95604	4	0	0
11	17000001	1.94673	1.95604	4	0	0
11	17500001	1.90642	1.95604	4	0	0
11	18000001	1.93458	1.95604	4	0	0
11	18500001	1.91707	1.95604	4	0	0
11	19000001	2.03749	1.95604	4	0	0
11	19500001	1.96733	1.95604	4	0	0
11	20000001	1.95499	1.95604	4	0	0
11	20500001	1.76801	1.95604	4	0	0
11	21000001	1.91765	1.95604	4	0	0
11	21500001	1.8656	1.95604	4	0	0
11	22000001	1.90273	1.95604	4	0	0
11	22500001	1.9172	1.95604	4	0	0
11	23000001	1.9088	1.95604	4	0	0
11	23500001	1.95604	1.95604	4	0	0
11	24000001	1.94011	1.95604	4	0	0
11	24500001	1.96359	1.95604	4	0	0
11	25000001	1.94181	1.95604	4	0	0
11	25500001	1.90508	1.95604	4	0	0
11	26000001	2.00825	1.95604	4	0	0
11	26500001	1.9901	1.95604	4	0	0
11	27000001	2.03401	1.95604	4	0	0
11	27500001	2.04572	1.95604	4	0	0
11	28000001	1.99613	1.95604	4	0	0
11	28500001	1.92856	1.95604	4	0	0
11	29000001	2.23187	1.95604	4	0	0
11	29500001	2.01323	1.95604	4	0	0
11	30000001	1.97464	1.95604	4	0	0
11	30500001	1.94287	1.95604	4	0	0
11	31000001	1.95382	1.95604	4	0	0
11	31500001	1.93103	1.95604	4	0	0
11	32000001	1.13061	0.822208	2	0	0
11	32500001	0.513809	0.822208	2	0	0
11	33000001	3.36468	4.05145	8	0	0
11	33500001	4.91194	4.05145	8	0	0
11	34000001	4.05145	4.05145	8	0	0
11	34500001	5.95708	6.21132	12	0	0
11	35000001	6.21132	6.21132	12	0	0
11	35500001	6.35257	6.21132	12	0	0
11	36000001	3.37719	3.0415	6	0	0
11	36500001	3.03247	3.0415	6	0	0
11	37000001	3.29898	3.0415	6	0	0
11	37500001	3.03978	3.0415	6	0	0
11	38000001	2.93606	3.0415	6	0	0
11	38500001	3.04322	3.0415	6	0	0
11	39000001	1.74257	1.74257	3	0	0
11	39500001	1.02428	0.954822	2	0	0
11	40000001	0.926983	0.954822	2	0	0
11	40500001	0.878333	0.954822	2	0	0
11	41000001	0.896953	0.954822	2	0	0
11	41500001	0.904191	0.954822	2	0	0
11	42000001	0.941254	0.954822	2	0	0
11	42500001	0.910046	0.954822	2	0	0
11	43000001	0.964171	0.954822	2	0	0
11	43500001	0.979452	0.954822	2	0	0
11	44000001	0.963458	0.954822	2	0	0
11	44500001	0.954862	0.954822	2	0	0
11	45000001	0.954782	0.954822	2	0	0
11	45500001	0.967928	0.954822	2	0	0
11	46000001	1.02306	0.954822	2	0	0
11	46500001	1.59692	1.34961	3	0	0
11	47000001	1.62341	1.34961	3	0	0
11	47500001	1.56209	1.34961	3	0	0
11	48000001	1.03458	1.34961	3	0	0
11	48500001	1.04452	1.34961	3	0	0
11	49000001	1.35948	1.34961	3	0	0
11	49500001	1.33974	1.34961	3	0	0
11	50000001	1.31721	1.34961	3	0	0
11	50500001	-1	-1	-1	0	0
11	51000001	-1	-1	-1	0	0
11	51500001	2.23342	2.07043	4	0	0
11	52000001	1.90745	2.07043	4	0	0
11	52500001	1.3926	1.3926	3	0	0
11	53000001	1.35676	1.3926	3	0	0
11	53500001	1.27297	1.3926	3	0	0
11	54000001	-1	1.3926	3	0	0
11	54500001	1.44615	1.3926	3	0	0
11	55000001	1.42326	1.3926	3	0	0
11	55500001	1.33861	1.3926	3	0	0
11	56000001	1.40614	1.3926	3	0	0
11	56500001	1.94999	1.96246	4	0	0
11	57000001	1.97493	1.96246	4	0	0
11	57500001	1.97709	1.96246	4	0	0
11	58000001	1.94849	1.96246	4	0	0
11	58500001	1.1489	1.01079	2	0	0
11	59000001	1.01142	1.01079	2	0	0
11	59500001	0.994958	1.01079	2	0	0
11	60000001	0.932035	1.01079	2	0	0
11	60500001	0.993648	1.01079	2	0	0
11	61000001	1.02053	1.01079	2	0	0
11	61500001	1.01079	1.01079	2	0	0
11	62000001	1.02997	1.01079	2	0	0
11	62500001	1.00093	1.01079	2	0	0
11	63000001	1.07437	1.01079	2	0	0
11	63500001	0.993141	1.01079	2	0	0
11	64000001	0.970518	1.01079	2	0	0
11	64500001	1.0139	1.01079	2	0	0
11	65000001	1.51531	1.52166	3	0	0
11	65500001	1.60765	1.52166	3	0	0
11	66000001	1.52645	1.52166	3	0	0
11	66500001	1.50555	1.52166	3	0	0
11	67000001	1.52831	1.52166	3	0	0
11	67500001	1.51198	1.52166	3	0	0
11	68000001	1.4103	1.52166	3	0	0
11	68500001	1.5016	1.52166	3	0	0
11	69000001	1.52998	1.52166	3	0	0
11	69500001	1.47611	1.52166	3	0	0
11	70000001	1.73632	1.52166	3	0	0
11	70500001	1.40523	1.52166	3	0	0
11	71000001	1.48102	1.52166	3	0	0
11	71500001	1.53453	1.52166	3	0	0
11	72000001	1.55213	1.52166	3	0	0
11	72500001	1.48701	1.52166	3	0	0
11	73000001	1.57577	1.52166	3	0	0
11	73500001	1.49408	1.52166	3	0	0
11	74000001	1.55744	1.52166	3	0	0
11	74500001	1.54278	1.52166	3	0	0
11	75000001	1.53593	1.52166	3	0	0
11	75500001	1.51688	1.52166	3	0	0
11	76000001	1.50017	1.52166	3	0	0
11	76500001	1.53521	1.52166	3	0	0
11	77000001	2.07878	2.22693	4	0	0
11	77500001	2.50311	2.22693	4	0	0
11	78000001	2.4285	2.22693	4	0	0
11	78500001	2.30054	2.22693	4	0	0
11	79000001	2.22693	2.22693	4	0	0
11	79500001	2.21917	2.22693	4	0	0
11	80000001	2.09418	2.22693	4	0	0
11	80500001	1.418	1.58567	3	0	0
11	81000001	1.75335	1.58567	3	0	0
11	81500001	2.71573	2.88207	6	0	0
11	82000001	2.90333	2.88207	6	0	0
11	82500001	3.01869	2.88207	6	0	0
11	83000001	2.88207	2.88207	6	0	0
11	83500001	2.8301	2.88207	6	0	0
11	84000001	1.93116	1.51952	3	0	0
11	84500001	1.47055	1.51952	3	0	0
11	85000001	1.51253	1.51952	3	0	0
11	85500001	1.51972	1.51952	3	0	0
11	86000001	1.59515	1.51952	3	0	0
11	86500001	1.6311	1.51952	3	0	0
11	87000001	1.44956	1.51952	3	0	0
11	87500001	1.51931	1.51952	3	0	0
11	88000001	1.60793	1.51952	3	0	0
11	88500001	1.57152	1.51952	3	0	0
11	89000001	1.54725	1.51952	3	0	0
11	89500001	1.40873	1.51952	3	0	0
11	90000001	1.30872	1.51952	3	0	0
11	90500001	1.49887	1.51952	3	0	0
11	91000001	1.42579	1.51952	3	0	0
11	91500001	1.41436	1.51952	3	0	0
11	92000001	1.47549	1.51952	3	0	0
11	92500001	1.45611	1.51952	3	0	0
11	93000001	1.49946	1.51952	3	0	0
11	93500001	1.51171	1.51952	3	0	0
11	94000001	1.63048	1.51952	3	0	0
11	94500001	1.60749	1.51952	3	0	0
11	95000001	1.57758	1.51952	3	0	0
11	95500001	1.6127	1.51952	3	0	0
11	96000001	1.62233	1.51952	3	0	0
11	96500001	1.58425	1.51952	3	0	0
11	97000001	1.51454	1.51952	3	0	0
11	97500001	1.44936	1.51952	3	0	0
11	98000001	1.50483	1.51952	3	0	0
11	98500001	1.45878	1.51952	3	0	0
11	99000001	1.49842	1.51952	3	0	0
11	99500001	1.5376	1.51952	3	0	0
11	100000001	1.5307	1.51952	3	0	0
11	100500001	1.49588	1.51952	3	0	0
11	101000001	1.46	1.51952	3	0	0
11	101500001	1.56621	1.51952	3	0	0
11	102000001	1.56058	1.51952	3	0	0
11	102500001	1.61382	1.51952	3	0	0
11	103000001	1.6251	1.51952	3	0	0
11	103500001	1.56253	1.51952	3	0	0
11	104000001	1.48157	1.51952	3	0	0
11	104500001	1.55829	1.51952	3	0	0
11	105000001	1.54711	1.51952	3	0	0
11	105500001	1.45156	1.51952	3	0	0
11	106000001	1.50243	1.51952	3	0	0
11	106500001	1.44749	1.51952	3	0	0
11	107000001	1.38668	1.51952	3	0	0
11	107500001	1.4353	1.51952	3	0	0
11	108000001	1.5634	1.51952	3	0	0
11	108500001	1.58486	1.51952	3	0	0
11	109000001	1.49832	1.51952	3	0	0
11	109500001	1.58739	1.51952	3	0	0
11	110000001	1.63971	1.51952	3	0	0
11	110500001	1.54535	1.51952	3	0	0
11	111000001	2.21625	2.13067	4	0	0
11	111500001	2.10571	2.13067	4	0	0
11	112000001	2.13067	2.13067	4	0	0
11	112500001	1.34595	0.924945	2	0	0
11	113000001	0.949649	0.924945	2	0	0
11	113500001	0.924945	0.924945	2	0	0
11	114000001	0.916483	0.924945	2	0	0
11	114500001	0.894171	0.924945	2	0	0
11	115000001	0.883565	0.924945	2	0	0
11	115500001	0.870851	0.924945	2	0	0
11	116000001	0.875253	0.924945	2	0	0
11	116500001	0.969241	0.924945	2	0	0
11	117000001	0.973853	0.924945	2	0	0
11	117500001	1.09532	0.924945	2	0	0
11	118000001	2.05485	2.04938	4	0	0
11	118500001	2.04938	2.04938	4	0	0
11	119000001	1.53786	2.04938	4	0	0
11	119500001	1.47542	1.46112	3	0	0
11	120000001	1.49993	1.46112	3	0	0
11	120500001	1.46672	1.46112	3	0	0
11	121000001	1.47589	1.46112	3	0	0
11	121500001	1.46932	1.46112	3	0	0
11	122000001	1.49597	1.46112	3	0	0
11	122500001	1.49295	1.46112	3	0	0
11	123000001	1.39926	1.46112	3	0	0
11	123500001	1.42831	1.46112	3	0	0
11	124000001	1.52239	1.46112	3	0	0
11	124500001	1.4824	1.46112	3	0	0
11	125000001	1.46523	1.46112	3	0	0
11	125500001	1.45702	1.46112	3	0	0
11	126000001	0.778168	1.46112	3	0	0
11	126500001	1.30421	1.46112	3	0	0
11	127000001	1.38476	1.46112	3	0	0
11	127500001	1.44064	1.46112	3	0	0
11	128000001	1.57802	1.46112	3	0	0
11	128500001	1.50356	1.46112	3	0	0
11	129000001	1.60361	1.46112	3	0	0
11	129500001	1.56363	1.46112	3	0	0
11	130000001	1.55746	1.46112	3	0	0
11	130500001	1.52698	1.46112	3	0	0
11	131000001	1.40088	1.46112	3	0	0
11	131500001	1.32866	1.46112	3	0	0
11	132000001	1.39557	1.46112	3	0	0
11	132500001	1.39659	1.46112	3	0	0
11	133000001	1.34164	1.46112	3	0	0
11	133500001	1.32507	1.46112	3	0	0
11	134000001	1.43621	1.46112	3	0	0
11	134500001	1.3441	1.46112	3	0	0
11	135000001	0.218126	1.46112	3	0	0
12	1	1.7583	1.70328	3	0	0
12	500001	1.64825	1.70328	3	0	0
12	1000001	1.05573	1.01345	2	0	0
12	1500001	1.03006	1.01345	2	0	0
12	2000001	0.985021	1.01345	2	0	0
12	2500001	1.01076	1.01345	2	0	0
12	3000001	1.01345	1.01345	2	0	0
12	3500001	1.02144	1.01345	2	0	0
12	4000001	0.93683	1.01345	2	0	0
12	4500001	0.993366	1.01345	2	0	0
12	5000001	0.98884	1.01345	2	0	0
12	5500001	0.987801	1.01345	2	0	0
12	6000001	1.0446	1.01345	2	0	0
12	6500001	1.04665	1.01345	2	0	0
12	7000001	1.06451	1.01345	2	0	0
12	7500001	0.97298	1.01345	2	0	0
12	8000001	1.24637	1.01345	2	0	0
12	8500001	1.44352	1.51946	3	0	0
12	9000001	1.47006	1.51946	3	0	0
12	9500001	1.55258	1.51946	3	0	0
12	10000001	1.64266	1.51946	3	0	0
12	10500001	1.65705	1.51946	3	0	0
12	11000001	1.64934	1.51946	3	0	0
12	11500001	1.80135	1.51946	3	0	0
12	12000001	1.75779	1.51946	3	0	0
12	12500001	1.56565	1.51946	3	0	0
12	13000001	1.64375	1.51946	3	0	0
12	13500001	1.48865	1.51946	3	0	0
12	14000001	1.46546	1.51946	3	0	0
12	14500001	1.48981	1.51946	3	0	0
12	15000001	1.5642	1.51946	3	0	0
12	15500001	1.62465	1.51946	3	0	0
12	16000001	1.53747	1.51946	3	0	0
12	16500001	1.5023	1.51946	3	0	0
12	17000001	1.4972	1.51946	3	0	0
12	17500001	1.50115	1.51946	3	0	0
12	18000001	1.57246	1.51946	3	0	0
12	18500001	1.47379	1.51946	3	0	0
12	19000001	1.54569	1.51946	3	0	0
12	19500001	1.53663	1.51946	3	0	0
12	20000001	1.45004	1.51946	3	0	0
12	20500001	1.43647	1.51946	3	0	0
12	21000001	1.46207	1.51946	3	0	0
12	21500001	1.45708	1.51946	3	0	0
12	22000001	1.43565	1.51946	3	0	0
12	22500001	1.42117	1.51946	3	0	0
12	23000001	1.63545	1.51946	3	0	0
12	23500001	1.92701	2.10574	4	0	0
12	24000001	1.91074	2.10574	4	0	0
12	24500001	1.95969	2.10574	4	0	0
12	25000001	1.93319	2.10574	4	0	0
12	25500001	2.01667	2.10574	4	0	0
12	26000001	2.16551	2.10574	4	0	0
12	26500001	2.18204	2.10574	4	0	0
12	27000001	2.21729	2.10574	4	0	0
12	27500001	2.20371	2.10574	4	0	0
12	28000001	2.21457	2.10574	4	0	0
12	28500001	2.12178	2.10574	4	0	0
12	29000001	2.0897	2.10574	4	0	0
12	29500001	1.9344	1.87253	4	0	0
12	30000001	1.8573	1.87253	4	0	0
12	30500001	1.97094	1.87253	4	0	0
12	31000001	1.9287	1.87253	4	0	0
12	31500001	1.57223	1.87253	4	0	0
12	32000001	1.80672	1.87253	4	0	0
12	32500001	1.88155	1.87253	4	0	0
12	33000001	1.4394	1.87253	4	0	0
12	33500001	1.88771	1.87253	4	0	0
12	34000001	1.87253	1.87253	4	0	0
12	34500001	1.84318	1.87253	4	0	0
12	35000001	2.66508	2.66508	5	0	0
12	35500001	2.03661	2.03661	4	0	0
12	36000001	1.65764	1.65764	3	0	0
12	36500001	1.72037	1.65764	3	0	0
12	37000001	1.42137	1.65764	3	0	0
12	37500001	0.986565	1.03071	2	0	0
12	38000001	1.00125	1.03071	2	0	0
12	38500001	1.04949	1.03071	2	0	0
12	39000001	1.00157	1.03071	2	0	0
12	39500001	1.01059	1.03071	2	0	0
12	40000001	0.984911	1.03071	2	0	0
12	40500001	0.996373	1.03071	2	0	0
12	41000001	0.972642	1.03071	2	0	0
12	41500001	0.989157	1.03071	2	0	0
12	42000001	0.966821	1.03071	2	0	0
12	42500001	0.99264	1.03071	2	0	0
12	43000001	1.05103	1.03071	2	0	0
12	43500001	1.0688	1.03071	2	0	0
12	44000001	1.01334	1.03071	2	0	0
12	44500001	0.987212	1.03071	2	0	0
12	45000001	1.01848	1.03071	2	0	0
12	45500001	1.05485	1.03071	2	0	0
12	46000001	1.17321	1.03071	2	0	0
12	46500001	1.11637	1.03071	2	0	0
12	47000001	1.15025	1.03071	2	0	0
12	47500001	1.04677	1.03071	2	0	0
12	48000001	1.05846	1.03071	2	0	0
12	48500001	1.00979	1.03071	2	0	0
12	49000001	1.03334	1.03071	2	0	0
12	49500001	1.03857	1.03071	2	0	0
12	50000001	1.05014	1.03071	2	0	0
12	50500001	1.07652	1.03071	2	0	0
12	51000001	1.03425	1.03071	2	0	0
12	51500001	1.01609	1.03071	2	0	0
12	52000001	1.05551	1.03071	2	0	0
12	52500001	1.02564	1.03071	2	0	0
12	53000001	1.06834	1.03071	2	0	0
12	53500001	1.0901	1.03071	2	0	0
12	54000001	1.04536	1.03071	2	0	0
12	54500001	1.05938	1.03071	2	0	0
12	55000001	1.01857	1.03071	2	0	0
12	55500001	1.03867	1.03071	2	0	0
12	56000001	1.25936	1.03071	2	0	0
12	56500001	1.02225	1.03071	2	0	0
12	57000001	1.01985	1.03071	2	0	0
12	57500001	1.03185	1.03071	2	0	0
12	58000001	1.04719	1.03071	2	0	0
12	58500001	1.07888	1.03071	2	0	0
12	59000001	1.0416	1.03071	2	0	0
12	59500001	1.00982	1.03071	2	0	0
12	60000001	1.02857	1.03071	2	0	0
12	60500001	1.02187	1.03071	2	0	0
12	61000001	0.999143	1.03071	2	0	0
12	61500001	0.979742	1.03071	2	0	0
12	62000001	1.0934	1.03071	2	0	0
12	62500001	1.08752	1.03071	2	0	0
12	63000001	1.02737	1.03071	2	0	0
12	63500001	0.986209	1.03071	2	0	0
12	64000001	1.02464	1.03071	2	0	0
12	64500001	1.03576	1.03071	2	0	0
12	65000001	1.04919	1.03071	2	0	0
12	65500001	1.08569	1.03071	2	0	0
12	66000001	0.987133	1.03071	2	0	0
12	66500001	0.959138	1.03071	2	0	0
12	67000001	1.05142	1.03071	2	0	0
12	67500001	1.05431	1.03071	2	0	0
12	68000001	1.03071	1.03071	2	0	0
12	68500001	1.02419	1.03071	2	0	0
12	69000001	0.971891	1.03071	2	0	0
12	69500001	1.03985	1.03071	2	0	0
12	70000001	1.03124	1.03071	2	0	0
12	70500001	1.04161	1.03071	2	0	0
12	71000001	1.03044	1.03071	2	0	0
12	71500001	1.0507	1.03071	2	0	0
12	72000001	1.02801	1.03071	2	0	0
12	72500001	0.985229	1.03071	2	0	0
12	73000001	1.03011	1.03071	2	0	0
12	73500001	1.0028	1.03071	2	0	0
12	74000001	1.04148	1.03071	2	0	0
12	74500001	1.01175	1.03071	2	0	0
12	75000001	1.0491	1.03071	2	0	0
12	75500001	1.13918	1.03071	2	0	0
12	76000001	1.08879	1.03071	2	0	0
12	76500001	1.0281	1.03071	2	0	0
12	77000001	1.00442	1.03071	2	0	0
12	77500001	0.99075	1.03071	2	0	0
12	78000001	1.034	1.03071	2	0	0
12	78500001	1.02688	1.03071	2	0	0
12	79000001	1.08709	1.03071	2	0	0
12	79500001	1.06226	1.03071	2	0	0
12	80000001	1.06833	1.03071	2	0	0
12	80500001	1.0106	1.03071	2	0	0
12	81000001	1.03554	1.03071	2	0	0
12	81500001	0.955435	1.03071	2	0	0
12	82000001	0.963506	1.03071	2	0	0
12	82500001	0.970979	1.03071	2	0	0
12	83000001	0.988384	1.03071	2	0	0
12	83500001	0.930617	1.03071	2	0	0
12	84000001	1.02187	1.03071	2	0	0
12	84500001	1.04679	1.03071	2	0	0
12	85000001	1.06355	1.03071	2	0	0
12	85500001	1.05408	1.03071	2	0	0
12	86000001	1.05168	1.03071	2	0	0
12	86500001	1.01238	1.03071	2	0	0
12	87000001	1.06551	1.03071	2	0	0
12	87500001	1.03846	1.03071	2	0	0
12	88000001	1.13783	1.03071	2	0	0
12	88500001	1.07665	1.03071	2	0	0
12	89000001	1.09277	1.03071	2	0	0
12	89500001	1.08652	1.03071	2	0	0
12	90000001	1.01474	1.03071	2	0	0
12	90500001	1.04642	1.03071	2	0	0
12	91000001	1.09585	1.03071	2	0	0
12	91500001	1.05732	1.03071	2	0	0
12	92000001	1.04941	1.03071	2	0	0
12	92500001	1.05943	1.03071	2	0	0
12	93000001	1.06599	1.03071	2	0	0
12	93500001	1.05963	1.03071	2	0	0
12	94000001	1.00126	1.03071	2	0	0
12	94500001	0.970557	1.03071	2	0	0
12	95000001	0.976186	1.03071	2	0	0
12	95500001	1.05269	1.03071	2	0	0
12	96000001	1.0298	1.03071	2	0	0
12	96500001	1.0215	1.03071	2	0	0
12	97000001	0.941372	1.03071	2	0	0
12	97500001	0.93518	1.03071	2	0	0
12	98000001	1.01377	1.03071	2	0	0
12	98500001	1.03274	1.03071	2	0	0
12	99000001	0.970649	1.03071	2	0	0
12	99500001	0.9674	1.03071	2	0	0
12	100000001	1.00768	1.03071	2	0	0
12	100500001	0.953692	1.03071	2	0	0
12	101000001	0.949845	1.03071	2	0	0
12	101500001	1.00848	1.03071	2	0	0
12	102000001	1.04418	1.03071	2	0	0
12	102500001	0.946496	1.03071	2	0	0
12	103000001	1.26431	1.44616	3	0	0
12	103500001	1.52971	1.44616	3	0	0
12	104000001	1.56246	1.44616	3	0	0
12	104500001	1.58272	1.44616	3	0	0
12	105000001	1.64741	1.44616	3	0	0
12	105500001	1.59613	1.44616	3	0	0
12	106000001	1.54436	1.44616	3	0	0
12	106500001	1.5239	1.44616	3	0	0
12	107000001	1.41746	1.44616	3	0	0
12	107500001	1.4289	1.44616	3	0	0
12	108000001	1.43676	1.44616	3	0	0
12	108500001	1.49448	1.44616	3	0	0
12	109000001	1.47325	1.44616	3	0	0
12	109500001	1.45603	1.44616	3	0	0
12	110000001	1.49482	1.44616	3	0	0
12	110500001	1.44899	1.44616	3	0	0
12	111000001	1.44175	1.44616	3	0	0
12	111500001	1.53889	1.44616	3	0	0
12	112000001	1.50123	1.44616	3	0	0
12	112500001	1.46887	1.44616	3	0	0
12	113000001	1.41185	1.44616	3	0	0
12	113500001	1.42993	1.44616	3	0	0
12	114000001	1.37433	1.44616	3	0	0
12	114500001	1.32516	1.44616	3	0	0
12	115000001	1.37907	1.44616	3	0	0
12	115500001	1.4215	1.44616	3	0	0
12	116000001	1.51961	1.44616	3	0	0
12	116500001	1.60924	1.44616	3	0	0
12	117000001	1.40647	1.44616	3	0	0
12	117500001	1.44295	1.44616	3	0	0
12	118000001	1.43815	1.44616	3	0	0
12	118500001	1.38685	1.44616	3	0	0
12	119000001	1.43512	1.44616	3	0	0
12	119500001	1.5376	1.44616	3	0	0
12	120000001	1.48351	1.44616	3	0	0
12	120500001	1.47175	1.44616	3	0	0
12	121000001	1.4673	1.44616	3	0	0
12	121500001	1.44616	1.44616	3	0	0
12	122000001	1.5328	1.44616	3	0	0
12	122500001	1.53572	1.44616	3	0	0
12	123000001	1.52385	1.44616	3	0	0
12	123500001	1.48962	1.44616	3	0	0
12	124000001	1.46694	1.44616	3	0	0
12	124500001	1.44014	1.44616	3	0	0
12	125000001	1.46743	1.44616	3	0	0
12	125500001	1.40327	1.44616	3	0	0
12	126000001	1.38913	1.44616	3	0	0
12	126500001	1.44977	1.44616	3	0	0
12	127000001	1.35523	1.44616	3	0	0
12	127500001	1.33479	1.44616	3	0	0
12	128000001	1.26886	1.44616	3	0	0
12	128500001	1.2511	1.44616	3	0	0
12	129000001	1.31808	1.44616	3	0	0
12	129500001	1.28569	1.44616	3	0	0
12	130000001	1.27504	1.44616	3	0	0
12	130500001	1.37805	1.44616	3	0	0
12	131000001	1.39404	1.44616	3	0	0
12	131500001	1.48682	1.44616	3	0	0
12	132000001	1.42204	1.44616	3	0	0
12	132500001	1.85532	1.44616	3	0	0
12	133000001	1.07056	1.44616	3	0	0
13	1	-1	-1	-1	0	0
13	500001	-1	-1	-1	0	0
13	1000001	-1	-1	-1	0	0
13	1500001	-1	-1	-1	0	0
13	2000001	-1	-1	-1	0	0
13	2500001	-1	-1	-1	0	0
13	3000001	-1	-1	-1	0	0
13	3500001	-1	-1	-1	0	0
13	4000001	-1	-1	-1	0	0
13	4500001	-1	-1	-1	0	0
13	5000001	-1	-1	-1	0	0
13	5500001	-1	-1	-1	0	0
13	6000001	-1	-1	-1	0	0
13	6500001	-1	-1	-1	0	0
13	7000001	-1	-1	-1	0	0
13	7500001	-1	-1	-1	0	0
13	8000001	-1	-1	-1	0	0
13	8500001	-1	-1	-1	0	0
13	9000001	-1	-1	-1	0	0
13	9500001	-1	-1	-1	0	0
13	10000001	-1	-1	-1	0	0
13	10500001	-1	-1	-1	0	0
13	11000001	-1	-1	-1	0	0
13	11500001	-1	-1	-1	0	0
13	12000001	-1	-1	-1	0	0
13	12500001	-1	-1	-1	0	0
13	13000001	-1	-1	-1	0	0
13	13500001	-1	-1	-1	0	0
13	14000001	-1	-1	-1	0	0
13	14500001	-1	-1	-1	0	0
13	15000001	-1	-1	-1	0	0
13	15500001	-1	-1	-1	0	0
13	16000001	0.501029	0.865029	2	0	0
13	16500001	0.758219	0.865029	2	0	0
13	17000001	0.971839	0.865029	2	0	0
13	17500001	1.28089	0.865029	2	0	0
13	18000001	-1	-1	-1	0	0
13	18500001	0.590265	0.504278	1	0	0
13	19000001	0.47602	0.504278	1	0	0
13	19500001	0.501069	0.504278	1	0	0
13	20000001	0.545807	0.504278	1	0	0
13	20500001	0.517114	0.504278	1	0	0
13	21000001	0.504278	0.504278	1	0	0
13	21500001	0.515128	0.504278	1	0	0
13	22000001	0.479865	0.504278	1	0	0
13	22500001	0.473916	0.504278	1	0	0
13	23000001	0.471798	0.504278	1	0	0
13	23500001	0.50282	0.504278	1	0	0
13	24000001	0.490404	0.504278	1	0	0
13	24500001	0.505828	0.504278	1	0	0
13	25000001	0.514482	0.504278	1	0	0
13	25500001	0.578137	0.504278	1	0	0
13	26000001	1.89635	1.95085	4	0	0
13	26500001	1.97678	1.95085	4	0	0
13	27000001	1.86507	1.95085	4	0	0
13	27500001	1.84386	1.95085	4	0	0
13	28000001	1.88094	1.95085	4	0	0
13	28500001	1.88212	1.95085	4	0	0
13	29000001	1.94841	1.95085	4	0	0
13	29500001	2.08582	1.95085	4	0	0
13	30000001	1.94851	1.95085	4	0	0
13	30500001	1.93499	1.95085	4	0	0
13	31000001	1.93978	1.95085	4	0	0
13	31500001	2.02455	1.95085	4	0	0
13	32000001	2.0937	1.95085	4	0	0
13	32500001	2.06714	1.95085	4	0	0
13	33000001	2.16169	1.95085	4	0	0
13	33500001	2.19036	1.95085	4	0	0
13	34000001	2.06166	1.95085	4	0	0
13	34500001	2.00022	1.95085	4	0	0
13	35000001	2.04541	1.95085	4	0	0
13	35500001	1.95319	1.95085	4	0	0
13	36000001	1.93512	1.95085	4	0	0
13	36500001	1.91238	1.95085	4	0	0
13	37000001	1.92626	1.95085	4	0	0
13	37500001	1.95838	1.95085	4	0	0
13	38000001	1.84765	1.95085	4	0	0
13	38500001	1.93857	1.95085	4	0	0
13	39000001	1.97332	1.95085	4	0	0
13	39500001	1.98041	1.95085	4	0	0
13	40000001	1.99574	1.95085	4	0	0
13	40500001	1.61547	1.95085	4	0	0
13	41000001	1.00302	0.989154	2	0	0
13	41500001	1.08644	0.989154	2	0	0
13	42000001	1.06836	0.989154	2	0	0
13	42500001	1.01788	0.989154	2	0	0
13	43000001	1.04993	0.989154	2	0	0
13	43500001	0.997711	0.989154	2	0	0
13	44000001	1.01574	0.989154	2	0	0
13	44500001	1.01496	0.989154	2	0	0
13	45000001	0.995287	0.989154	2	0	0
13	45500001	0.977187	0.989154	2	0	0
13	46000001	0.973482	0.989154	2	0	0
13	46500001	1.01228	0.989154	2	0	0
13	47000001	0.936436	0.989154	2	0	0
13	47500001	0.983512	0.989154	2	0	0
13	48000001	1.04225	0.989154	2	0	0
13	48500001	0.996593	0.989154	2	0	0
13	49000001	1.05886	0.989154	2	0	0
13	49500001	0.980871	0.989154	2	0	0
13	50000001	0.970686	0.989154	2	0	0
13	50500001	0.987963	0.989154	2	0	0
13	51000001	1.02067	0.989154	2	0	0
13	51500001	1.05255	0.989154	2	0	0
13	52000001	1.01738	0.989154	2	0	0
13	52500001	0.955165	0.989154	2	0	0
13	53000001	0.937315	0.989154	2	0	0
13	53500001	0.926362	0.989154	2	0	0
13	54000001	0.89897	0.989154	2	0	0
13	54500001	0.864242	0.989154	2	0	0
13	55000001	0.952365	0.989154	2	0	0
13	55500001	0.8754	0.989154	2	0	0
13	56000001	0.919901	0.989154	2	0	0
13	56500001	0.887699	0.989154	2	0	0
13	57000001	1.11775	0.989154	2	0	0
13	57500001	0.923122	0.989154	2	0	0
13	58000001	0.954168	0.989154	2	0	0
13	58500001	0.906395	0.989154	2	0	0
13	59000001	0.913171	0.989154	2	0	0
13	59500001	0.966776	0.989154	2	0	0
13	60000001	0.988169	0.989154	2	0	0
13	60500001	0.96547	0.989154	2	0	0
13	61000001	0.885178	0.989154	2	0	0
13	61500001	0.956962	0.989154	2	0	0
13	62000001	0.960859	0.989154	2	0	0
13	62500001	0.984899	0.989154	2	0	0
13	63000001	1.0089	0.989154	2	0	0
13	63500001	1.01244	0.989154	2	0	0
13	64000001	1.04186	0.989154	2	0	0
13	64500001	1.05221	0.989154	2	0	0
13	65000001	0.982108	0.989154	2	0	0
13	65500001	1.04152	0.989154	2	0	0
13	66000001	0.995318	0.989154	2	0	0
13	66500001	0.975038	0.989154	2	0	0
13	67000001	1.03422	0.989154	2	0	0
13	67500001	0.980995	0.989154	2	0	0
13	68000001	1.02725	0.989154	2	0	0
13	68500001	0.990139	0.989154	2	0	0
13	69000001	1.0046	0.989154	2	0	0
13	69500001	0.979108	0.989154	2	0	0
13	70000001	1.01906	0.989154	2	0	0
13	70500001	1.06847	0.989154	2	0	0
13	71000001	0.971937	0.989154	2	0	0
13	71500001	1.01164	0.989154	2	0	0
13	72000001	0.98124	0.989154	2	0	0
13	72500001	1.06148	0.989154	2	0	0
13	73000001	1.37859	0.989154	2	0	0
13	73500001	1.01951	0.989154	2	0	0
13	74000001	1.02291	0.989154	2	0	0
13	74500001	0.98232	0.989154	2	0	0
13	75000001	1.01637	0.989154	2	0	0
13	75500001	0.949459	0.989154	2	0	0
13	76000001	0.927448	0.989154	2	0	0
13	76500001	0.971255	0.989154	2	0	0
13	77000001	1.00929	0.989154	2	0	0
13	77500001	1.01405	0.989154	2	0	0
13	78000001	0.978208	0.989154	2	0	0
13	78500001	0.95778	0.989154	2	0	0
13	79000001	1.09984	0.989154	2	0	0
13	79500001	1.02047	0.989154	2	0	0
13	80000001	0.488968	0.508278	1	0	0
13	80500001	0.466789	0.508278	1	0	0
13	81000001	0.509483	0.508278	1	0	0
13	81500001	0.494222	0.508278	1	0	0
13	82000001	0.496543	0.508278	1	0	0
13	82500001	0.53299	0.508278	1	0	0
13	83000001	0.541229	0.508278	1	0	0
13	83500001	0.533381	0.508278	1	0	0
13	84000001	0.498583	0.508278	1	0	0
13	84500001	0.527218	0.508278	1	0	0
13	85000001	0.515745	0.508278	1	0	0
13	85500001	0.542026	0.508278	1	0	0
13	86000001	0.50908	0.508278	1	0	0
13	86500001	0.508278	0.508278	1	0	0
13	87000001	0.500084	0.508278	1	0	0
13	87500001	0.522852	0.508278	1	0	0
13	88000001	0.475314	0.508278	1	0	0
13	88500001	0.518687	0.508278	1	0	0
13	89000001	0.511007	0.508278	1	0	0
13	89500001	0.494832	0.508278	1	0	0
13	90000001	0.518317	0.508278	1	0	0
13	90500001	0.524483	0.508278	1	0	0
13	91000001	0.490232	0.508278	1	0	0
13	91500001	0.484259	0.508278	1	0	0
13	92000001	0.452049	0.508278	1	0	0
13	92500001	0.472484	0.508278	1	0	0
13	93000001	0.464536	0.508278	1	0	0
13	93500001	0.447082	0.508278	1	0	0
13	94000001	0.441776	0.508278	1	0	0
13	94500001	0.480065	0.508278	1	0	0
13	95000001	0.500413	0.508278	1	0	0
13	95500001	0.547405	0.508278	1	0	0
13	96000001	0.489323	0.508278	1	0	0
13	96500001	0.541721	0.508278	1	0	0
13	97000001	0.551227	0.508278	1	0	0
13	97500001	0.52265	0.508278	1	0	0
13	98000001	0.503808	0.508278	1	0	0
13	98500001	0.520697	0.508278	1	0	0
13	99000001	0.536158	0.508278	1	0	0
13	99500001	0.526461	0.508278	1	0	0
13	100000001	0.486401	0.508278	1	0	0
13	100500001	1.45992	1.96518	4	0	0
13	101000001	1.96518	1.96518	4	0	0
13	101500001	2.04251	1.96518	4	0	0
13	102000001	1.98627	1.96518	4	0	0
13	102500001	2.04855	1.96518	4	0	0
13	103000001	1.98733	1.96518	4	0	0
13	103500001	1.96135	1.96518	4	0	0
13	104000001	1.99734	1.96518	4	0	0
13	104500001	1.96399	1.96518	4	0	0
13	105000001	1.98954	1.96518	4	0	0
13	105500001	2.12757	1.96518	4	0	0
13	106000001	2.06044	1.96518	4	0	0
13	106500001	2.04284	1.96518	4	0	0
13	107000001	1.92561	1.96518	4	0	0
13	107500001	1.80147	1.96518	4	0	0
13	108000001	1.9488	1.96518	4	0	0
13	108500001	1.98503	1.96518	4	0	0
13	109000001	2.02177	1.96518	4	0	0
13	109500001	2.06934	1.96518	4	0	0
13	110000001	2.03889	1.96518	4	0	0
13	110500001	1.96426	1.96518	4	0	0
13	111000001	1.90624	1.96518	4	0	0
13	111500001	-1	1.96518	4	0	0
13	112000001	1.78709	1.96518	4	0	0
13	112500001	1.95501	1.96518	4	0	0
13	113000001	1.93745	1.96518	4	0	0
13	113500001	1.92719	1.96518	4	0	0
13	114000001	1.42204	1.96518	4	0	0
14	1	-1	-1	-1	0	0
14	500001	-1	-1	-1	0	0
14	1000001	-1	-1	-1	0	0
14	1500001	-1	-1	-1	0	0
14	2000001	-1	-1	-1	0	0
14	2500001	-1	-1	-1	0	0
14	3000001	-1	-1	-1	0	0
14	3500001	-1	-1	-1	0	0
14	4000001	-1	-1	-1	0	0
14	4500001	-1	-1	-1	0	0
14	5000001	-1	-1	-1	0	0
14	5500001	-1	-1	-1	0	0
14	6000001	-1	-1	-1	0	0
14	6500001	-1	-1	-1	0	0
14	7000001	-1	-1	-1	0	0
14	7500001	-1	-1	-1	0	0
14	8000001	-1	-1	-1	0	0
14	8500001	-1	-1	-1	0	0
14	9000001	-1	-1	-1	0	0
14	9500001	-1	-1	-1	0	0
14	10000001	-1	-1	-1	0	0
14	10500001	-1	-1	-1	0	0
14	11000001	-1	-1	-1	0	0
14	11500001	-1	-1	-1	0	0
14	12000001	-1	-1	-1	0	0
14	12500001	-1	-1	-1	0	0
14	13000001	-1	-1	-1	0	0
14	13500001	-1	-1	-1	0	0
14	14000001	-1	-1	-1	0	0
14	14500001	-1	-1	-1	0	0
14	15000001	-1	-1	-1	0	0
14	15500001	-1	-1	-1	0	0
14	16000001	0.523675	0.569034	1	0	0
14	16500001	0.614393	0.569034	1	0	0
14	17000001	0.773549	0.862296	2	0	0
14	17500001	0.951042	0.862296	2	0	0
14	18000001	1.20118	1.31239	3	0	0
14	18500001	-1	1.31239	3	0	0
14	19000001	1.42361	1.31239	3	0	0
14	19500001	-1	-1	-1	0	0
14	20000001	0.966472	1.03508	2	0	0
14	20500001	1.00318	1.03508	2	0	0
14	21000001	0.974731	1.03508	2	0	0
14	21500001	1.02141	1.03508	2	0	0
14	22000001	1.06108	1.03508	2	0	0
14	22500001	1.01663	1.03508	2	0	0
14	23000001	0.98248	1.03508	2	0	0
14	23500001	1.0343	1.03508	2	0	0
14	24000001	0.957672	1.03508	2	0	0
14	24500001	1.0065	1.03508	2	0	0
14	25000001	0.927672	1.03508	2	0	0
14	25500001	0.9566	1.03508	2	0	0
14	26000001	0.971377	1.03508	2	0	0
14	26500001	1.07803	1.03508	2	0	0
14	27000001	1.07298	1.03508	2	0	0
14	27500001	1.07454	1.03508	2	0	0
14	28000001	1.07358	1.03508	2	0	0
14	28500001	1.05355	1.03508	2	0	0
14	29000001	1.02444	1.03508	2	0	0
14	29500001	0.993307	1.03508	2	0	0
14	30000001	1.02113	1.03508	2	0	0
14	30500001	1.07591	1.03508	2	0	0
14	31000001	0.900732	1.03508	2	0	0
14	31500001	1.05614	1.03508	2	0	0
14	32000001	1.08569	1.03508	2	0	0
14	32500001	1.01364	1.03508	2	0	0
14	33000001	1.02333	1.03508	2	0	0
14	33500001	0.980575	1.03508	2	0	0
14	34000001	1.04689	1.03508	2	0	0
14	34500001	1.00657	1.03508	2	0	0
14	35000001	1.05767	1.03508	2	0	0
14	35500001	1.06931	1.03508	2	0	0
14	36000001	1.03586	1.03508	2	0	0
14	36500001	1.05462	1.03508	2	0	0
14	37000001	1.09723	1.03508	2	0	0
14	37500001	1.04638	1.03508	2	0	0
14	38000001	0.986471	1.03508	2	0	0
14	38500001	1.00997	1.03508	2	0	0
14	39000001	1.04347	1.03508	2	0	0
14	39500001	1.00265	1.03508	2	0	0
14	40000001	0.974471	1.03508	2	0	0
14	40500001	1.01868	1.03508	2	0	0
14	41000001	1.00899	1.03508	2	0	0
14	41500001	1.02422	1.03508	2	0	0
14	42000001	1.07628	1.03508	2	0	0
14	42500001	0.987638	1.03508	2	0	0
14	43000001	1.0427	1.03508	2	0	0
14	43500001	0.985623	1.03508	2	0	0
14	44000001	0.999117	1.03508	2	0	0
14	44500001	1.00251	1.03508	2	0	0
14	45000001	1.00866	1.03508	2	0	0
14	45500001	1.01107	1.03508	2	0	0
14	46000001	1.01762	1.03508	2	0	0
14	46500001	0.964538	1.03508	2	0	0
14	47000001	1.05529	1.03508	2	0	0
14	47500001	1.03552	1.03508	2	0	0
14	48000001	1.01825	1.03508	2	0	0
14	48500001	1.00555	1.03508	2	0	0
14	49000001	1.01661	1.03508	2	0	0
14	49500001	1.03376	1.03508	2	0	0
14	50000001	1.09022	1.03508	2	0	0
14	50500001	1.0673	1.03508	2	0	0
14	51000001	1.07904	1.03508	2	0	0
14	51500001	1.03249	1.03508	2	0	0
14	52000001	1.06344	1.03508	2	0	0
14	52500001	1.03053	1.03508	2	0	0
14	53000001	1.04263	1.03508	2	0	0
14	53500001	1.07737	1.03508	2	0	0
14	54000001	1.04553	1.03508	2	0	0
14	54500001	1.06975	1.03508	2	0	0
14	55000001	1.07967	1.03508	2	0	0
14	55500001	1.10349	1.03508	2	0	0
14	56000001	0.990629	1.03508	2	0	0
14	56500001	0.982859	1.03508	2	0	0
14	57000001	0.976372	1.03508	2	0	0
14	57500001	0.95538	1.03508	2	0	0
14	58000001	0.970273	1.03508	2	0	0
14	58500001	1.03154	1.03508	2	0	0
14	59000001	1.07435	1.03508	2	0	0
14	59500001	1.05753	1.03508	2	0	0
14	60000001	1.06623	1.03508	2	0	0
14	60500001	1.03463	1.03508	2	0	0
14	61000001	1.09476	1.03508	2	0	0
14	61500001	1.09864	1.03508	2	0	0
14	62000001	1.05387	1.03508	2	0	0
14	62500001	1.04266	1.03508	2	0	0
14	63000001	1.02935	1.03508	2	0	0
14	63500001	0.992284	1.03508	2	0	0
14	64000001	1.09381	1.03508	2	0	0
14	64500001	1.0773	1.03508	2	0	0
14	65000001	1.04485	1.03508	2	0	0
14	65500001	1.01098	1.03508	2	0	0
14	66000001	1.0367	1.03508	2	0	0
14	66500001	1.07479	1.03508	2	0	0
14	67000001	1.28182	1.03508	2	0	0
14	67500001	1.07667	1.03508	2	0	0
14	68000001	1.13712	1.03508	2	0	0
14	68500001	1.07033	1.03508	2	0	0
14	69000001	1.06579	1.03508	2	0	0
14	69500001	0.993574	1.03508	2	0	0
14	70000001	1.03219	1.03508	2	0	0
14	70500001	1.25038	1.03508	2	0	0
14	71000001	1.07951	1.03508	2	0	0
14	71500001	0.983147	1.03508	2	0	0
14	72000001	0.976452	1.03508	2	0	0
14	72500001	1.00866	1.03508	2	0	0
14	73000001	1.07072	1.03508	2	0	0
14	73500001	0.985846	1.03508	2	0	0
14	74000001	1.05098	1.03508	2	0	0
14	74500001	1.10232	1.03508	2	0	0
14	75000001	1.09147	1.03508	2	0	0
14	75500001	1.05483	1.03508	2	0	0
14	76000001	1.03877	1.03508	2	0	0
14	76500001	1.00509	1.03508	2	0	0
14	77000001	1.04083	1.03508	2	0	0
14	77500001	1.00207	1.03508	2	0	0
14	78000001	0.933136	1.03508	2	0	0
14	78500001	0.946187	1.03508	2	0	0
14	79000001	0.959032	1.03508	2	0	0
14	79500001	1.03815	1.03508	2	0	0
14	80000001	1.07382	1.03508	2	0	0
14	80500001	1.06776	1.03508	2	0	0
14	81000001	1.08633	1.03508	2	0	0
14	81500001	1.05002	1.03508	2	0	0
14	82000001	0.93091	0.953853	2	0	0
14	82500001	0.958611	0.953853	2	0	0
14	83000001	0.949096	0.953853	2	0	0
14	83500001	0.94767	0.953853	2	0	0
14	84000001	0.97003	0.953853	2	0	0
14	84500001	1.00121	0.953853	2	0	0
14	85000001	1.50046	1.50046	3	0	0
14	85500001	1.1316	1.00572	2	0	0
14	86000001	0.980535	1.00572	2	0	0
14	86500001	0.982457	1.00572	2	0	0
14	87000001	1.01039	1.00572	2	0	0
14	87500001	0.95199	1.00572	2	0	0
14	88000001	0.988915	1.00572	2	0	0
14	88500001	1.00097	1.00572	2	0	0
14	89000001	1.00381	1.00572	2	0	0
14	89500001	1.05195	1.00572	2	0	0
14	90000001	1.07809	1.00572	2	0	0
14	90500001	1.03763	1.00572	2	0	0
14	91000001	1.03539	1.00572	2	0	0
14	91500001	1.29229	1.00572	2	0	0
14	92000001	0.987089	1.00572	2	0	0
14	92500001	1.03215	1.00572	2	0	0
14	93000001	1.00572	1.00572	2	0	0
14	93500001	1.03357	1.00572	2	0	0
14	94000001	1.02646	1.00572	2	0	0
14	94500001	0.948769	1.00572	2	0	0
14	95000001	1.00232	1.00572	2	0	0
14	95500001	0.999007	1.00572	2	0	0
14	96000001	1.01257	1.00572	2	0	0
14	96500001	0.973328	1.00572	2	0	0
14	97000001	0.955588	1.00572	2	0	0
14	97500001	0.928611	1.00572	2	0	0
14	98000001	0.933209	1.00572	2	0	0
14	98500001	0.982804	1.00572	2	0	0
14	99000001	1.01959	1.00572	2	0	0
14	99500001	1.02331	1.00572	2	0	0
14	100000001	1.0288	1.00572	2	0	0
14	100500001	0.982824	1.00572	2	0	0
14	101000001	0.981408	1.00572	2	0	0
14	101500001	1.04527	1.00572	2	0	0
14	102000001	1.06042	1.00572	2	0	0
14	102500001	1.1791	1.00572	2	0	0
14	103000001	1.46954	1.46954	3	0	0
14	103500001	1.00697	0.986303	2	0	0
14	104000001	0.984149	0.986303	2	0	0
14	104500001	0.979825	0.986303	2	0	0
14	105000001	1.0079	0.986303	2	0	0
14	105500001	0.988457	0.986303	2	0	0
14	106000001	0.960017	0.986303	2	0	0
14	106500001	-1	-1	-1	0	0
14	107000001	-1	-1	-1	0	0
15	1	-1	-1	-1	0	0
15	500001	-1	-1	-1	0	0
15	1000001	-1	-1	-1	0	0
15	1500001	-1	-1	-1	0	0
15	2000001	-1	-1	-1	0	0
15	2500001	-1	-1	-1	0	0
15	3000001	-1	-1	-1	0	0
15	3500001	-1	-1	-1	0	0
15	4000001	-1	-1	-1	0	0
15	4500001	-1	-1	-1	0	0
15	5000001	-1	-1	-1	0	0
15	5500001	-1	-1	-1	0	0
15	6000001	-1	-1	-1	0	0
15	6500001	-1	-1	-1	0	0
15	7000001	-1	-1	-1	0	0
15	7500001	-1	-1	-1	0	0
15	8000001	-1	-1	-1	0	0
15	8500001	-1	-1	-1	0	0
15	9000001	-1	-1	-1	0	0
15	9500001	-1	-1	-1	0	0
15	10000001	-1	-1	-1	0	0
15	10500001	-1	-1	-1	0	0
15	11000001	-1	-1	-1	0	0
15	11500001	-1	-1	-1	0	0
15	12000001	-1	-1	-1	0	0
15	12500001	-1	-1	-1	0	0
15	13000001	-1	-1	-1	0	0
15	13500001	-1	-1	-1	0	0
15	14000001	-1	-1	-1	0	0
15	14500001	-1	-1	-1	0	0
15	15000001	-1	-1	-1	0	0
15	15500001	-1	-1	-1	0	0
15	16000001	-1	-1	-1	0	0
15	16500001	-1	-1	-1	0	0
15	17000001	0.878648	0.878648	2	0	0
15	17500001	1.52175	1.59344	3	0	0
15	18000001	1.58036	1.59344	3	0	0
15	18500001	1.74782	1.59344	3	0	0
15	19000001	1.59344	1.59344	3	0	0
15	19500001	1.72	1.59344	3	0	0
15	20000001	7.87706	7.87706	16	0	0
15	20500001	4.53955	3.98153	8	0	0
15	21000001	4.24561	3.98153	8	0	0
15	21500001	2.80648	3.98153	8	0	0
15	22000001	4.30976	3.98153	8	0	0
15	22500001	3.2478	3.98153	8	0	0
15	23000001	3.71745	3.98153	8	0	0
15	23500001	2.57963	2.56368	5	0	0
15	24000001	2.49641	2.56368	5	0	0
15	24500001	2.62065	2.56368	5	0	0
15	25000001	2.55713	2.56368	5	0	0
15	25500001	2.48709	2.56368	5	0	0
15	26000001	2.4762	2.56368	5	0	0
15	26500001	2.50676	2.56368	5	0	0
15	27000001	2.57024	2.56368	5	0	0
15	27500001	2.5805	2.56368	5	0	0
15	28000001	2.80872	2.56368	5	0	0
15	28500001	2.2458	2.2458	4	0	0
15	29000001	1.71617	1.78544	4	0	0
15	29500001	1.85471	1.78544	4	0	0
15	30000001	1.2832	1.39943	3	0	0
15	30500001	1.39943	1.39943	3	0	0
15	31000001	1.29669	1.39943	3	0	0
15	31500001	1.31303	1.39943	3	0	0
15	32000001	1.45014	1.39943	3	0	0
15	32500001	1.46193	1.39943	3	0	0
15	33000001	1.54067	1.39943	3	0	0
15	33500001	1.89127	1.98491	4	0	0
15	34000001	1.98491	1.98491	4	0	0
15	34500001	1.89426	1.98491	4	0	0
15	35000001	2.04327	1.98491	4	0	0
15	35500001	2.05812	1.98491	4	0	0
15	36000001	1.69622	1.46585	3	0	0
15	36500001	1.44328	1.46585	3	0	0
15	37000001	1.48843	1.46585	3	0	0
15	37500001	1.37969	1.46585	3	0	0
15	38000001	1.8256	1.94013	4	0	0
15	38500001	1.94721	1.94013	4	0	0
15	39000001	2.04197	1.94013	4	0	0
15	39500001	1.9869	1.94013	4	0	0
15	40000001	1.93627	1.94013	4	0	0
15	40500001	1.93488	1.94013	4	0	0
15	41000001	1.88642	1.94013	4	0	0
15	41500001	1.93743	1.94013	4	0	0
15	42000001	1.98187	1.94013	4	0	0
15	42500001	1.96015	1.94013	4	0	0
15	43000001	1.94282	1.94013	4	0	0
15	43500001	1.98831	1.94013	4	0	0
15	44000001	1.94669	1.94013	4	0	0
15	44500001	1.94914	1.94013	4	0	0
15	45000001	1.89851	1.94013	4	0	0
15	45500001	1.86948	1.94013	4	0	0
15	46000001	1.81908	1.94013	4	0	0
15	46500001	1.82844	1.94013	4	0	0
15	47000001	2.24131	2.24131	4	0	0
15	47500001	2.50489	2.24131	4	0	0
15	48000001	2.00382	2.24131	4	0	0
15	48500001	0.994167	1.02706	2	0	0
15	49000001	0.974112	1.02706	2	0	0
15	49500001	0.993877	1.02706	2	0	0
15	50000001	1.01874	1.02706	2	0	0
15	50500001	1.04813	1.02706	2	0	0
15	51000001	1.02665	1.02706	2	0	0
15	51500001	1.01755	1.02706	2	0	0
15	52000001	1.03551	1.02706	2	0	0
15	52500001	1.00718	1.02706	2	0	0
15	53000001	0.989235	1.02706	2	0	0
15	53500001	0.94317	1.02706	2	0	0
15	54000001	0.956319	1.02706	2	0	0
15	54500001	0.999904	1.02706	2	0	0
15	55000001	0.963569	1.02706	2	0	0
15	55500001	1.02748	1.02706	2	0	0
15	56000001	1.05494	1.02706	2	0	0
15	56500001	1.05358	1.02706	2	0	0
15	57000001	1.02212	1.02706	2	0	0
15	57500001	1.04007	1.02706	2	0	0
15	58000001	1.11461	1.02706	2	0	0
15	58500001	1.06451	1.02706	2	0	0
15	59000001	1.06296	1.02706	2	0	0
15	59500001	1.0818	1.02706	2	0	0
15	60000001	1.06386	1.02706	2	0	0
15	60500001	1.03975	1.02706	2	0	0
15	61000001	0.976555	1.02706	2	0	0
15	61500001	1.01121	1.02706	2	0	0
15	62000001	1.01802	1.02706	2	0	0
15	62500001	1.03465	1.02706	2	0	0
15	63000001	1.03323	1.02706	2	0	0
15	63500001	1.03109	1.02706	2	0	0
15	64000001	1.03658	1.02706	2	0	0
15	64500001	1.79894	1.79894	4	0	0
15	65000001	1.13881	1.01484	2	0	0
15	65500001	1.0023	1.01484	2	0	0
15	66000001	1.0227	1.01484	2	0	0
15	66500001	1.03405	1.01484	2	0	0
15	67000001	1.0521	1.01484	2	0	0
15	67500001	1.05619	1.01484	2	0	0
15	68000001	1.06637	1.01484	2	0	0
15	68500001	0.989786	1.01484	2	0	0
15	69000001	1.02876	1.01484	2	0	0
15	69500001	1.00532	1.01484	2	0	0
15	70000001	1.00961	1.01484	2	0	0
15	70500001	1.08804	1.01484	2	0	0
15	71000001	1.09189	1.01484	2	0	0
15	71500001	1.06305	1.01484	2	0	0
15	72000001	1.04012	1.01484	2	0	0
15	72500001	0.979802	1.01484	2	0	0
15	73000001	0.963444	1.01484	2	0	0
15	73500001	1.03738	1.01484	2	0	0
15	74000001	1.03532	1.01484	2	0	0
15	74500001	1.03988	1.01484	2	0	0
15	75000001	1.00407	1.01484	2	0	0
15	75500001	1.01437	1.01484	2	0	0
15	76000001	1.0542	1.01484	2	0	0
15	76500001	1.09522	1.01484	2	0	0
15	77000001	0.979441	1.01484	2	0	0
15	77500001	0.987686	1.01484	2	0	0
15	78000001	1.01235	1.01484	2	0	0
15	78500001	1.01116	1.01484	2	0	0
15	79000001	1.03241	1.01484	2	0	0
15	79500001	0.994524	1.01484	2	0	0
15	80000001	0.984059	1.01484	2	0	0
15	80500001	0.997004	1.01484	2	0	0
15	81000001	0.991166	1.01484	2	0	0
15	81500001	0.958989	1.01484	2	0	0
15	82000001	0.978803	1.01484	2	0	0
15	82500001	0.961621	1.01484	2	0	0
15	83000001	1.00507	1.01484	2	0	0
15	83500001	1.04236	1.01484	2	0	0
15	84000001	0.954169	1.01484	2	0	0
15	84500001	1.07281	1.01484	2	0	0
15	85000001	1.03342	1.01484	2	0	0
15	85500001	1.03719	1.01484	2	0	0
15	86000001	0.949383	1.01484	2	0	0
15	86500001	0.919817	1.01484	2	0	0
15	87000001	0.956803	1.01484	2	0	0
15	87500001	0.886625	1.01484	2	0	0
15	88000001	0.957877	1.01484	2	0	0
15	88500001	0.954566	1.01484	2	0	0
15	89000001	1.07062	1.01484	2	0	0
15	89500001	1.01801	1.01484	2	0	0
15	90000001	1.07122	1.01484	2	0	0
15	90500001	1.02983	1.01484	2	0	0
15	91000001	1.01881	1.01484	2	0	0
15	91500001	0.972729	1.01484	2	0	0
15	92000001	1.0221	1.01484	2	0	0
15	92500001	1.06357	1.01484	2	0	0
15	93000001	1.02051	1.01484	2	0	0
15	93500001	1.01097	1.01484	2	0	0
15	94000001	1.04686	1.01484	2	0	0
15	94500001	0.990343	1.01484	2	0	0
15	95000001	1.02324	1.01484	2	0	0
15	95500001	1.05749	1.01484	2	0	0
15	96000001	1.01532	1.01484	2	0	0
15	96500001	0.975096	1.01484	2	0	0
15	97000001	0.954799	1.01484	2	0	0
15	97500001	0.956563	1.01484	2	0	0
15	98000001	1.00995	1.01484	2	0	0
15	98500001	1.05776	1.01484	2	0	0
15	99000001	1.01271	1.01484	2	0	0
15	99500001	1.00028	1.01484	2	0	0
15	100000001	1.00853	1.01484	2	0	0
15	100500001	1.0761	1.01484	2	0	0
15	101000001	1.04472	1.01484	2	0	0
15	101500001	1.19566	1.01484	2	0	0
16	1	1.40079	1.40935	3	0	0
16	500001	1.41791	1.40935	3	0	0
16	1000001	1.33374	1.40935	3	0	0
16	1500001	1.4389	1.40935	3	0	0
16	2000001	1.05611	0.987289	2	0	0
16	2500001	1.01622	0.987289	2	0	0
16	3000001	1.01175	0.987289	2	0	0
16	3500001	1.02624	0.987289	2	0	0
16	4000001	1.01029	0.987289	2	0	0
16	4500001	0.989268	0.987289	2	0	0
16	5000001	0.911951	0.987289	2	0	0
16	5500001	0.912459	0.987289	2	0	0
16	6000001	0.916999	0.987289	2	0	0
16	6500001	0.904299	0.987289	2	0	0
16	7000001	0.87723	0.987289	2	0	0
16	7500001	0.92427	0.987289	2	0	0
16	8000001	0.922759	0.987289	2	0	0
16	8500001	0.990215	0.987289	2	0	0
16	9000001	0.995999	0.987289	2	0	0
16	9500001	0.977536	0.987289	2	0	0
16	10000001	0.987289	0.987289	2	0	0
16	10500001	0.987738	0.987289	2	0	0
16	11000001	1.02412	0.987289	2	0	0
16	11500001	0.952589	0.987289	2	0	0
16	12000001	0.997871	0.987289	2	0	0
16	12500001	0.91095	0.987289	2	0	0
16	13000001	0.961373	0.987289	2	0	0
16	13500001	0.991823	0.987289	2	0	0
16	14000001	1.07871	0.987289	2	0	0
16	14500001	1.24394	0.987289	2	0	0
16	15000001	1.09381	0.987289	2	0	0
16	15500001	1.02845	0.987289	2	0	0
16	16000001	0.944619	0.987289	2	0	0
16	16500001	0.946269	0.987289	2	0	0
16	17000001	0.935535	0.987289	2	0	0
16	17500001	0.959085	0.987289	2	0	0
16	18000001	0.887461	0.987289	2	0	0
16	18500001	1.05948	0.987289	2	0	0
16	19000001	1.05423	0.987289	2	0	0
16	19500001	0.961844	0.987289	2	0	0
16	20000001	0.949976	0.987289	2	0	0
16	20500001	0.962309	0.987289	2	0	0
16	21000001	1.05509	0.987289	2	0	0
16	21500001	1.35735	1.2858	3	0	0
16	22000001	1.2858	1.2858	3	0	0
16	22500001	1.26727	1.2858	3	0	0
16	23000001	0.56283	0.658627	1	0	0
16	23500001	0.754424	0.658627	1	0	0
16	24000001	0.947641	0.938228	2	0	0
16	24500001	1.00096	0.938228	2	0	0
16	25000001	0.920486	0.938228	2	0	0
16	25500001	0.928816	0.938228	2	0	0
16	26000001	0.915734	0.938228	2	0	0
16	26500001	0.905932	0.938228	2	0	0
16	27000001	0.950843	0.938228	2	0	0
16	27500001	0.888327	0.938228	2	0	0
16	28000001	0.911902	0.938228	2	0	0
16	28500001	0.964097	0.938228	2	0	0
16	29000001	1.07044	0.938228	2	0	0
16	29500001	0.99852	0.938228	2	0	0
16	30000001	1.07698	0.938228	2	0	0
16	30500001	1.02044	0.938228	2	0	0
16	31000001	0.948799	0.938228	2	0	0
16	31500001	1.00774	0.938228	2	0	0
16	32000001	0.842621	0.938228	2	0	0
16	32500001	0.798101	0.938228	2	0	0
16	33000001	-1	0.938228	2	0	0
16	33500001	0.82349	0.938228	2	0	0
16	34000001	0.915366	0.938228	2	0	0
16	34500001	6.25188	6.25188	13	0	0
16	35000001	0.803396	0.947221	2	0	0
16	35500001	0.870861	0.947221	2	0	0
16	36000001	1.00422	0.947221	2	0	0
16	36500001	0.652901	0.947221	2	0	0
16	37000001	0.606904	0.947221	2	0	0
16	37500001	0.643739	0.947221	2	0	0
16	38000001	-1	0.947221	2	0	0
16	38500001	-1	0.947221	2	0	0
16	39000001	-1	0.947221	2	0	0
16	39500001	-1	0.947221	2	0	0
16	40000001	-1	0.947221	2	0	0
16	40500001	-1	0.947221	2	0	0
16	41000001	-1	0.947221	2	0	0
16	41500001	-1	0.947221	2	0	0
16	42000001	-1	0.947221	2	0	0
16	42500001	-1	0.947221	2	0	0
16	43000001	-1	0.947221	2	0	0
16	43500001	-1	0.947221	2	0	0
16	44000001	-1	0.947221	2	0	0
16	44500001	-1	0.947221	2	0	0
16	45000001	-1	0.947221	2	0	0
16	45500001	-1	0.947221	2	0	0
16	46000001	-1	0.947221	2	0	0
16	46500001	0.947539	0.947221	2	0	0
16	47000001	1.00185	0.947221	2	0	0
16	47500001	0.971806	0.947221	2	0	0
16	48000001	0.940785	0.947221	2	0	0
16	48500001	0.993443	0.947221	2	0	0
16	49000001	0.917084	0.947221	2	0	0
16	49500001	0.955632	0.947221	2	0	0
16	50000001	0.982242	0.947221	2	0	0
16	50500001	0.969522	0.947221	2	0	0
16	51000001	0.911378	0.947221	2	0	0
16	51500001	0.892721	0.947221	2	0	0
16	52000001	0.956295	0.947221	2	0	0
16	52500001	0.912806	0.947221	2	0	0
16	53000001	0.985439	0.947221	2	0	0
16	53500001	0.971273	0.947221	2	0	0
16	54000001	0.997127	0.947221	2	0	0
16	54500001	0.933311	0.947221	2	0	0
16	55000001	0.970096	0.947221	2	0	0
16	55500001	0.975466	0.947221	2	0	0
16	56000001	1.00137	0.947221	2	0	0
16	56500001	1.07018	0.947221	2	0	0
16	57000001	1.07272	0.947221	2	0	0
16	57500001	1.11049	0.947221	2	0	0
16	58000001	1.01826	0.947221	2	0	0
16	58500001	1.00928	0.947221	2	0	0
16	59000001	0.945137	0.947221	2	0	0
16	59500001	0.895922	0.947221	2	0	0
16	60000001	0.91502	0.947221	2	0	0
16	60500001	0.918822	0.947221	2	0	0
16	61000001	0.912994	0.947221	2	0	0
16	61500001	0.949896	0.947221	2	0	0
16	62000001	0.904035	0.947221	2	0	0
16	62500001	0.905937	0.947221	2	0	0
16	63000001	0.947221	0.947221	2	0	0
16	63500001	0.899407	0.947221	2	0	0
16	64000001	0.903704	0.947221	2	0	0
16	64500001	0.917985	0.947221	2	0	0
16	65000001	0.877092	0.947221	2	0	0
16	65500001	0.949557	0.947221	2	0	0
16	66000001	0.970032	0.987336	2	0	0
16	66500001	1.01864	0.987336	2	0	0
16	67000001	1.0167	0.987336	2	0	0
16	67500001	0.970204	0.987336	2	0	0
16	68000001	1.01612	0.987336	2	0	0
16	68500001	1.02794	0.987336	2	0	0
16	69000001	1.01412	0.987336	2	0	0
16	69500001	1.02857	0.987336	2	0	0
16	70000001	1.12399	0.987336	2	0	0
16	70500001	1.03098	0.987336	2	0	0
16	71000001	0.986795	0.987336	2	0	0
16	71500001	0.971928	0.987336	2	0	0
16	72000001	0.975463	0.987336	2	0	0
16	72500001	0.923513	0.987336	2	0	0
16	73000001	0.984673	0.987336	2	0	0
16	73500001	0.996459	0.987336	2	0	0
16	74000001	1.11475	0.987336	2	0	0
16	74500001	1.00718	0.987336	2	0	0
16	75000001	1.01201	0.987336	2	0	0
16	75500001	0.964378	0.987336	2	0	0
16	76000001	1.00792	0.987336	2	0	0
16	76500001	0.968349	0.987336	2	0	0
16	77000001	0.966992	0.987336	2	0	0
16	77500001	0.935709	0.987336	2	0	0
16	78000001	0.897492	0.987336	2	0	0
16	78500001	0.737505	0.987336	2	0	0
16	79000001	0.881603	0.987336	2	0	0
16	79500001	0.908723	0.987336	2	0	0
16	80000001	0.898082	0.987336	2	0	0
16	80500001	0.98242	0.987336	2	0	0
16	81000001	1.00517	0.987336	2	0	0
16	81500001	1.01842	0.987336	2	0	0
16	82000001	0.982116	0.987336	2	0	0
16	82500001	0.971198	0.987336	2	0	0
16	83000001	0.919375	0.987336	2	0	0
16	83500001	0.987878	0.987336	2	0	0
16	84000001	0.991975	0.987336	2	0	0
16	84500001	1.04563	0.987336	2	0	0
16	85000001	1.02386	0.987336	2	0	0
16	85500001	0.977299	0.987336	2	0	0
16	86000001	1.00919	0.987336	2	0	0
16	86500001	0.988842	0.987336	2	0	0
16	87000001	0.991383	0.987336	2	0	0
16	87500001	1.0126	0.987336	2	0	0
16	88000001	0.972415	0.987336	2	0	0
16	88500001	0.958663	0.987336	2	0	0
16	89000001	0.967516	0.987336	2	0	0
16	89500001	1.01044	0.987336	2	0	0
16	90000001	-1	-1	-1	0	0
17	1	-1	-1	-1	0	0
17	500001	0.496176	0.496176	1	0	0
17	1000001	0.492964	0.496176	1	0	0
17	1500001	0.941295	0.496176	1	0	0
17	2000001	1.49374	1.46714	3	0	0
17	2500001	1.45334	1.46714	3	0	0
17	3000001	1.48148	1.46714	3	0	0
17	3500001	1.45786	1.46714	3	0	0
17	4000001	1.51523	1.46714	3	0	0
17	4500001	1.48682	1.46714	3	0	0
17	5000001	1.49064	1.46714	3	0	0
17	5500001	1.48533	1.46714	3	0	0
17	6000001	1.40361	1.46714	3	0	0
17	6500001	1.52295	1.46714	3	0	0
17	7000001	1.43484	1.46714	3	0	0
17	7500001	1.52058	1.46714	3	0	0
17	8000001	1.47612	1.46714	3	0	0
17	8500001	1.484	1.46714	3	0	0
17	9000001	1.43091	1.46714	3	0	0
17	9500001	1.49725	1.46714	3	0	0
17	10000001	1.45816	1.46714	3	0	0
17	10500001	1.38428	1.46714	3	0	0
17	11000001	1.35457	1.46714	3	0	0
17	11500001	1.32404	1.46714	3	0	0
17	12000001	1.39795	1.46714	3	0	0
17	12500001	1.29763	1.46714	3	0	0
17	13000001	1.39274	1.46714	3	0	0
17	13500001	1.36973	1.46714	3	0	0
17	14000001	1.44717	1.46714	3	0	0
17	14500001	1.52938	1.46714	3	0	0
17	15000001	1.48444	1.46714	3	0	0
17	15500001	1.57378	1.46714	3	0	0
17	16000001	1.45501	1.46714	3	0	0
17	16500001	1.70744	1.46714	3	0	0
17	17000001	1.53851	1.46714	3	0	0
17	17500001	1.45583	1.46714	3	0	0
17	18000001	1.53367	1.46714	3	0	0
17	18500001	1.43988	1.46714	3	0	0
17	19000001	2.01718	1.68056	3	0	0
17	19500001	1.54048	1.68056	3	0	0
17	20000001	1.55882	1.68056	3	0	0
17	20500001	1.52267	1.68056	3	0	0
17	21000001	1.68224	1.68056	3	0	0
17	21500001	1.67887	1.68056	3	0	0
17	22000001	1.84051	1.68056	3	0	0
17	22500001	1.72515	1.68056	3	0	0
17	23000001	1.03296	0.499126	1	0	0
17	23500001	0.482684	0.499126	1	0	0
17	24000001	0.499126	0.499126	1	0	0
17	24500001	0.49764	0.499126	1	0	0
17	25000001	0.723959	0.499126	1	0	0
17	25500001	0.557571	0.499126	1	0	0
17	26000001	0.391617	0.499126	1	0	0
17	26500001	4.05732	4.05732	8	0	0
17	27000001	1.00007	1.00908	2	0	0
17	27500001	0.946559	1.00908	2	0	0
17	28000001	0.98926	1.00908	2	0	0
17	28500001	1.21435	1.00908	2	0	0
17	29000001	1.03476	1.00908	2	0	0
17	29500001	0.998038	1.00908	2	0	0
17	30000001	1.01176	1.00908	2	0	0
17	30500001	0.848548	1.00908	2	0	0
17	31000001	0.537341	1.00908	2	0	0
17	31500001	0.693448	1.00908	2	0	0
17	32000001	1.01402	1.00908	2	0	0
17	32500001	1.01776	1.00908	2	0	0
17	33000001	0.937796	1.00908	2	0	0
17	33500001	0.953227	1.00908	2	0	0
17	34000001	0.868798	1.00908	2	0	0
17	34500001	0.94405	1.00908	2	0	0
17	35000001	1.07921	1.00908	2	0	0
17	35500001	1.03089	1.00908	2	0	0
17	36000001	1.52846	1.00908	2	0	0
17	36500001	0.998108	1.00908	2	0	0
17	37000001	1.03915	1.00908	2	0	0
17	37500001	1.09843	1.00908	2	0	0
17	38000001	1.07011	1.00908	2	0	0
17	38500001	1.00658	1.00908	2	0	0
17	39000001	0.969265	1.00908	2	0	0
17	39500001	1.01331	1.00908	2	0	0
17	40000001	1.045	1.00908	2	0	0
17	40500001	1.0542	1.00908	2	0	0
17	41000001	1.04484	1.00908	2	0	0
17	41500001	1.0492	1.00908	2	0	0
17	42000001	1.01741	1.00908	2	0	0
17	42500001	0.988138	1.00908	2	0	0
17	43000001	1.32412	1.00908	2	0	0
17	43500001	1.03652	1.00908	2	0	0
17	44000001	0.954937	1.00908	2	0	0
17	44500001	0.997138	1.00908	2	0	0
17	45000001	1.03303	1.00908	2	0	0
17	45500001	1.07699	1.00908	2	0	0
17	46000001	1.13912	1.00908	2	0	0
17	46500001	1.0416	1.00908	2	0	0
17	47000001	1.04876	1.00908	2	0	0
17	47500001	1.04201	1.00908	2	0	0
17	48000001	1.03806	1.00908	2	0	0
17	48500001	0.986021	1.00908	2	0	0
17	49000001	0.974881	1.00908	2	0	0
17	49500001	1.01758	1.00908	2	0	0
17	50000001	1.0047	1.00908	2	0	0
17	50500001	1.03091	1.00908	2	0	0
17	51000001	1.01686	1.00908	2	0	0
17	51500001	0.965629	1.00908	2	0	0
17	52000001	0.936689	1.00908	2	0	0
17	52500001	0.914189	1.00908	2	0	0
17	53000001	0.90713	1.00908	2	0	0
17	53500001	0.902308	1.00908	2	0	0
17	54000001	0.918095	1.00908	2	0	0
17	54500001	0.957969	1.00908	2	0	0
17	55000001	1.00908	1.00908	2	0	0
17	55500001	0.93723	1.00908	2	0	0
17	56000001	0.968314	1.00908	2	0	0
17	56500001	1.00714	1.00908	2	0	0
17	57000001	1.00993	1.00908	2	0	0
17	57500001	0.984346	1.00908	2	0	0
17	58000001	1.02125	1.00908	2	0	0
17	58500001	1.01689	1.00908	2	0	0
17	59000001	0.983306	1.00908	2	0	0
17	59500001	1.03904	1.00908	2	0	0
17	60000001	0.982853	1.00908	2	0	0
17	60500001	1.37398	1.50257	3	0	0
17	61000001	1.49521	1.50257	3	0	0
17	61500001	1.53424	1.50257	3	0	0
17	62000001	1.46389	1.50257	3	0	0
17	62500001	1.53773	1.50257	3	0	0
17	63000001	1.50262	1.50257	3	0	0
17	63500001	1.50252	1.50257	3	0	0
17	64000001	1.52854	1.50257	3	0	0
17	64500001	3.9227	3.9227	8	0	0
17	65000001	4.53938	3.9227	8	0	0
17	65500001	3.20606	3.9227	8	0	0
17	66000001	1.54236	1.4894	3	0	0
17	66500001	1.5666	1.4894	3	0	0
17	67000001	1.5293	1.4894	3	0	0
17	67500001	1.4894	1.4894	3	0	0
17	68000001	1.49276	1.4894	3	0	0
17	68500001	1.48145	1.4894	3	0	0
17	69000001	1.54354	1.4894	3	0	0
17	69500001	1.47136	1.4894	3	0	0
17	70000001	1.46528	1.4894	3	0	0
17	70500001	1.43939	1.4894	3	0	0
17	71000001	1.48349	1.4894	3	0	0
17	71500001	1.53091	1.4894	3	0	0
17	72000001	1.54081	1.4894	3	0	0
17	72500001	1.5844	1.4894	3	0	0
17	73000001	1.43723	1.4894	3	0	0
17	73500001	1.42806	1.4894	3	0	0
17	74000001	1.43747	1.4894	3	0	0
17	74500001	1.44946	1.4894	3	0	0
17	75000001	1.55987	1.4894	3	0	0
17	75500001	1.50552	1.4894	3	0	0
17	76000001	1.48651	1.4894	3	0	0
17	76500001	1.53029	1.4894	3	0	0
17	77000001	1.51	1.4894	3	0	0
17	77500001	1.52348	1.4894	3	0	0
17	78000001	1.70005	1.4894	3	0	0
17	78500001	1.54696	1.4894	3	0	0
17	79000001	1.43	1.4894	3	0	0
17	79500001	1.44495	1.4894	3	0	0
17	80000001	1.46759	1.4894	3	0	0
17	80500001	1.51201	1.4894	3	0	0
17	81000001	1.40889	1.4894	3	0	0
17	81500001	1.45059	1.4894	3	0	0
17	82000001	1.6066	1.4894	3	0	0
17	82500001	1.47808	1.4894	3	0	0
17	83000001	0.702654	1.4894	3	0	0
18	1	2.0813	2.0813	4	0	0
18	500001	1.01103	0.993403	2	0	0
18	1000001	1.06314	0.993403	2	0	0
18	1500001	0.995461	0.993403	2	0	0
18	2000001	1.11232	0.993403	2	0	0
18	2500001	1.04849	0.993403	2	0	0
18	3000001	1.04589	0.993403	2	0	0
18	3500001	1.04574	0.993403	2	0	0
18	4000001	1.04254	0.993403	2	0	0
18	4500001	0.993403	0.993403	2	0	0
18	5000001	0.941279	0.993403	2	0	0
18	5500001	0.914568	0.993403	2	0	0
18	6000001	0.934496	0.993403	2	0	0
18	6500001	0.868311	0.993403	2	0	0
18	7000001	0.86381	0.993403	2	0	0
18	7500001	0.945152	0.993403	2	0	0
18	8000001	0.970769	0.993403	2	0	0
18	8500001	1.05318	0.993403	2	0	0
18	9000001	1.05697	0.993403	2	0	0
18	9500001	1.11489	0.993403	2	0	0
18	10000001	1.02726	0.993403	2	0	0
18	10500001	0.989797	0.993403	2	0	0
18	11000001	0.968839	0.993403	2	0	0
18	11500001	0.957352	0.993403	2	0	0
18	12000001	1.01663	0.993403	2	0	0
18	12500001	1.02334	0.993403	2	0	0
18	13000001	0.960255	0.993403	2	0	0
18	13500001	0.956044	0.993403	2	0	0
18	14000001	0.967966	0.993403	2	0	0
18	14500001	0.971247	0.993403	2	0	0
18	15000001	1.23608	1.05227	2	0	0
18	15500001	1.04587	1.05227	2	0	0
18	16000001	1.05227	1.05227	2	0	0
18	16500001	0.818265	0.759861	2	0	0
18	17000001	0.829709	0.759861	2	0	0
18	17500001	0.781134	0.759861	2	0	0
18	18000001	0.759861	0.759861	2	0	0
18	18500001	0.66798	0.759861	2	0	0
18	19000001	0.671237	0.759861	2	0	0
18	19500001	0.58284	0.759861	2	0	0
18	20000001	0.786057	0.759861	2	0	0
18	20500001	0.677404	0.759861	2	0	0
18	21000001	1.05042	1.04055	2	0	0
18	21500001	1.04055	1.04055	2	0	0
18	22000001	0.938917	1.04055	2	0	0
18	22500001	0.577642	0.506339	1	0	0
18	23000001	0.50655	0.506339	1	0	0
18	23500001	0.558571	0.506339	1	0	0
18	24000001	0.514739	0.506339	1	0	0
18	24500001	0.519552	0.506339	1	0	0
18	25000001	0.463889	0.506339	1	0	0
18	25500001	0.466196	0.506339	1	0	0
18	26000001	0.517527	0.506339	1	0	0
18	26500001	0.50923	0.506339	1	0	0
18	27000001	0.490885	0.506339	1	0	0
18	27500001	0.539532	0.506339	1	0	0
18	28000001	0.497206	0.506339	1	0	0
18	28500001	0.5001	0.506339	1	0	0
18	29000001	0.50633	0.506339	1	0	0
18	29500001	0.506347	0.506339	1	0	0
18	30000001	0.497024	0.506339	1	0	0
18	30500001	0.526768	0.506339	1	0	0
18	31000001	0.527687	0.506339	1	0	0
18	31500001	0.493704	0.506339	1	0	0
18	32000001	0.473422	0.506339	1	0	0
18	32500001	0.490036	0.506339	1	0	0
18	33000001	0.489246	0.506339	1	0	0
18	33500001	0.492321	0.506339	1	0	0
18	34000001	0.467208	0.506339	1	0	0
18	34500001	0.474934	0.506339	1	0	0
18	35000001	0.523862	0.506339	1	0	0
18	35500001	0.528291	0.506339	1	0	0
18	36000001	0.513498	0.506339	1	0	0
18	36500001	0.535224	0.506339	1	0	0
18	37000001	0.530728	0.506339	1	0	0
18	37500001	0.47547	0.506339	1	0	0
18	38000001	0.487849	0.506339	1	0	0
18	38500001	0.890053	0.997035	2	0	0
18	39000001	1.00652	0.997035	2	0	0
18	39500001	1.04268	0.997035	2	0	0
18	40000001	0.999011	0.997035	2	0	0
18	40500001	1.05433	0.997035	2	0	0
18	41000001	1.05601	0.997035	2	0	0
18	41500001	1.0674	0.997035	2	0	0
18	42000001	0.95484	0.997035	2	0	0
18	42500001	0.957866	0.997035	2	0	0
18	43000001	0.970304	0.997035	2	0	0
18	43500001	0.995059	0.997035	2	0	0
18	44000001	0.835677	0.997035	2	0	0
18	44500001	0.534207	0.514156	1	0	0
18	45000001	0.541098	0.514156	1	0	0
18	45500001	0.543179	0.514156	1	0	0
18	46000001	0.547529	0.514156	1	0	0
18	46500001	0.51786	0.514156	1	0	0
18	47000001	0.504228	0.514156	1	0	0
18	47500001	0.49729	0.514156	1	0	0
18	48000001	0.502471	0.514156	1	0	0
18	48500001	0.55205	0.514156	1	0	0
18	49000001	0.522595	0.514156	1	0	0
18	49500001	0.540377	0.514156	1	0	0
18	50000001	0.494194	0.514156	1	0	0
18	50500001	0.494662	0.514156	1	0	0
18	51000001	0.492882	0.514156	1	0	0
18	51500001	0.469094	0.514156	1	0	0
18	52000001	0.478291	0.514156	1	0	0
18	52500001	0.499835	0.514156	1	0	0
18	53000001	0.492511	0.514156	1	0	0
18	53500001	0.517528	0.514156	1	0	0
18	54000001	0.516088	0.514156	1	0	0
18	54500001	0.514883	0.514156	1	0	0
18	55000001	0.504213	0.514156	1	0	0
18	55500001	0.523119	0.514156	1	0	0
18	56000001	0.509974	0.514156	1	0	0
18	56500001	0.482338	0.514156	1	0	0
18	57000001	0.507183	0.514156	1	0	0
18	57500001	0.542491	0.514156	1	0	0
18	58000001	0.518355	0.514156	1	0	0
18	58500001	0.524468	0.514156	1	0	0
18	59000001	0.522431	0.514156	1	0	0
18	59500001	0.503612	0.514156	1	0	0
18	60000001	0.513429	0.514156	1	0	0
18	60500001	0.520117	0.514156	1	0	0
18	61000001	0.501146	0.514156	1	0	0
18	61500001	0.510426	0.514156	1	0	0
18	62000001	0.543144	0.514156	1	0	0
18	62500001	0.910848	1.00633	2	0	0
18	63000001	1.09293	1.00633	2	0	0
18	63500001	1.13196	1.00633	2	0	0
18	64000001	0.919716	1.00633	2	0	0
18	64500001	0.497283	0.508883	1	0	0
18	65000001	0.525645	0.508883	1	0	0
18	65500001	0.539896	0.508883	1	0	0
18	66000001	0.525857	0.508883	1	0	0
18	66500001	0.529095	0.508883	1	0	0
18	67000001	0.520653	0.508883	1	0	0
18	67500001	0.516379	0.508883	1	0	0
18	68000001	0.515341	0.508883	1	0	0
18	68500001	0.549964	0.508883	1	0	0
18	69000001	0.501088	0.508883	1	0	0
18	69500001	0.4896	0.508883	1	0	0
18	70000001	0.521362	0.508883	1	0	0
18	70500001	0.508883	0.508883	1	0	0
18	71000001	0.509648	0.508883	1	0	0
18	71500001	0.519735	0.508883	1	0	0
18	72000001	0.505561	0.508883	1	0	0
18	72500001	0.523995	0.508883	1	0	0
18	73000001	0.53772	0.508883	1	0	0
18	73500001	0.510221	0.508883	1	0	0
18	74000001	0.469577	0.508883	1	0	0
18	74500001	0.521953	0.508883	1	0	0
18	75000001	0.508858	0.508883	1	0	0
18	75500001	0.488103	0.508883	1	0	0
18	76000001	0.490114	0.508883	1	0	0
18	76500001	0.502384	0.508883	1	0	0
18	77000001	0.487549	0.508883	1	0	0
18	77500001	0.453002	0.508883	1	0	0
18	78000001	0.439372	0.508883	1	0	0
18	78500001	0.457093	0.508883	1	0	0
18	79000001	0.495531	0.508883	1	0	0
18	79500001	0.493694	0.508883	1	0	0
18	80000001	-1	-1	-1	0	0
19	1	1.34558	1.22447	2	0	0
19	500001	1.02691	1.22447	2	0	0
19	1000001	1.06814	1.22447	2	0	0
19	1500001	1.04918	1.22447	2	0	0
19	2000001	1.1102	1.22447	2	0	0
19	2500001	1.11164	1.22447	2	0	0
19	3000001	1.05782	1.22447	2	0	0
19	3500001	1.10774	1.22447	2	0	0
19	4000001	1.08288	1.22447	2	0	0
19	4500001	1.13175	1.22447	2	0	0
19	5000001	1.09854	1.22447	2	0	0
19	5500001	1.12943	1.22447	2	0	0
19	6000001	1.39844	1.22447	2	0	0
19	6500001	1.55152	1.22447	2	0	0
19	7000001	1.61544	1.22447	2	0	0
19	7500001	1.43108	1.22447	2	0	0
19	8000001	1.37478	1.22447	2	0	0
19	8500001	1.75628	1.22447	2	0	0
19	9000001	1.48594	1.22447	2	0	0
19	9500001	1.43292	1.22447	2	0	0
19	10000001	1.39404	1.22447	2	0	0
19	10500001	1.53626	1.22447	2	0	0
19	11000001	1.42928	1.22447	2	0	0
19	11500001	1.43753	1.22447	2	0	0
19	12000001	1.69197	1.22447	2	0	0
19	12500001	1.73304	1.22447	2	0	0
19	13000001	1.56232	1.22447	2	0	0
19	13500001	1.49265	1.22447	2	0	0
19	14000001	1.45955	1.22447	2	0	0
19	14500001	1.46613	1.22447	2	0	0
19	15000001	1.47679	1.22447	2	0	0
19	15500001	1.31719	1.22447	2	0	0
19	16000001	0.994028	1.22447	2	0	0
19	16500001	0.997889	1.22447	2	0	0
19	17000001	0.982165	1.22447	2	0	0
19	17500001	0.941591	1.22447	2	0	0
19	18000001	1.00284	1.22447	2	0	0
19	18500001	0.979031	1.22447	2	0	0
19	19000001	1.05616	1.22447	2	0	0
19	19500001	0.968145	1.22447	2	0	0
19	20000001	0.951847	1.22447	2	0	0
19	20500001	0.913609	1.22447	2	0	0
19	21000001	0.932456	1.22447	2	0	0
19	21500001	0.970962	1.22447	2	0	0
19	22000001	1.33161	1.22447	2	0	0
19	22500001	1.78721	1.22447	2	0	0
19	23000001	3.57076	3.65657	7	0	0
19	23500001	3.65657	3.65657	7	0	0
19	24000001	4.24705	3.65657	7	0	0
19	24500001	2.67326	2.12147	4	0	0
19	25000001	1.66844	2.12147	4	0	0
19	25500001	2.10496	2.12147	4	0	0
19	26000001	1.73608	2.12147	4	0	0
19	26500001	2.57711	2.12147	4	0	0
19	27000001	5.23522	2.12147	4	0	0
19	27500001	2.5088	2.12147	4	0	0
19	28000001	0.834929	2.12147	4	0	0
19	28500001	2.13797	2.12147	4	0	0
19	29000001	1.67714	2.12147	4	0	0
19	29500001	4.29754	2.12147	4	0	0
19	30000001	1.8677	2.12147	4	0	0
19	30500001	1.33268	0.943677	2	0	0
19	31000001	1.27633	0.943677	2	0	0
19	31500001	1.2611	0.943677	2	0	0
19	32000001	1.09279	0.943677	2	0	0
19	32500001	0.951574	0.943677	2	0	0
19	33000001	0.96973	0.943677	2	0	0
19	33500001	0.943254	0.943677	2	0	0
19	34000001	1.02973	0.943677	2	0	0
19	34500001	1.00317	0.943677	2	0	0
19	35000001	1.55509	0.943677	2	0	0
19	35500001	0.828674	0.943677	2	0	0
19	36000001	0.595443	0.943677	2	0	0
19	36500001	0.446114	0.943677	2	0	0
19	37000001	0.748953	0.943677	2	0	0
19	37500001	0.942572	0.943677	2	0	0
19	38000001	1.30382	0.943677	2	0	0
19	38500001	1.50706	0.943677	2	0	0
19	39000001	1.44242	0.943677	2	0	0
19	39500001	1.46282	0.943677	2	0	0
19	40000001	0.941135	0.943677	2	0	0
19	40500001	0.978702	0.943677	2	0	0
19	41000001	0.560181	0.943677	2	0	0
19	41500001	0.476395	0.943677	2	0	0
19	42000001	0.482708	0.943677	2	0	0
19	42500001	0.542394	0.943677	2	0	0
19	43000001	0.470216	0.943677	2	0	0
19	43500001	0.708277	0.943677	2	0	0
19	44000001	0.845634	0.943677	2	0	0
19	44500001	0.932468	0.943677	2	0	0
19	45000001	0.944099	0.943677	2	0	0
19	45500001	1.54196	1.47323	3	0	0
19	46000001	1.70964	1.47323	3	0	0
19	46500001	1.8868	1.47323	3	0	0
19	47000001	1.56982	1.47323	3	0	0
19	47500001	1.91955	1.47323	3	0	0
19	48000001	1.49471	1.47323	3	0	0
19	48500001	1.47323	1.47323	3	0	0
19	49000001	1.42292	1.47323	3	0	0
19	49500001	1.4117	1.47323	3	0	0
19	50000001	1.38268	1.47323	3	0	0
19	50500001	1.51974	1.47323	3	0	0
19	51000001	1.49625	1.47323	3	0	0
19	51500001	1.60876	1.47323	3	0	0
19	52000001	1.73744	1.47323	3	0	0
19	52500001	1.24944	1.47323	3	0	0
19	53000001	1.00704	1.47323	3	0	0
19	53500001	0.936032	1.47323	3	0	0
19	54000001	1.06514	1.47323	3	0	0
19	54500001	1.44071	1.47323	3	0	0
19	55000001	1.42876	1.47323	3	0	0
19	55500001	1.47479	1.47323	3	0	0
19	56000001	1.43135	1.47323	3	0	0
19	56500001	1.35876	1.47323	3	0	0
19	57000001	1.42259	1.47323	3	0	0
19	57500001	1.88496	1.47323	3	0	0
19	58000001	4.88168	2.94564	6	0	0
19	58500001	1.00959	2.94564	6	0	0
2	1	0.988857	0.944661	2	0	0
2	500001	0.929575	0.944661	2	0	0
2	1000001	0.938889	0.944661	2	0	0
2	1500001	0.907913	0.944661	2	0	0
2	2000001	0.929736	0.944661	2	0	0
2	2500001	0.881211	0.944661	2	0	0
2	3000001	0.948523	0.944661	2	0	0
2	3500001	0.929832	0.944661	2	0	0
2	4000001	0.914541	0.944661	2	0	0
2	4500001	0.908924	0.944661	2	0	0
2	5000001	0.876869	0.944661	2	0	0
2	5500001	0.881958	0.944661	2	0	0
2	6000001	0.910037	0.944661	2	0	0
2	6500001	0.911444	0.944661	2	0	0
2	7000001	0.882599	0.944661	2	0	0
2	7500001	0.899766	0.944661	2	0	0
2	8000001	0.943124	0.944661	2	0	0
2	8500001	0.992047	0.944661	2	0	0
2	9000001	1.23402	0.944661	2	0	0
2	9500001	1.05899	0.944661	2	0	0
2	10000001	1.00459	0.944661	2	0	0
2	10500001	1.02936	0.944661	2	0	0
2	11000001	0.99193	0.944661	2	0	0
2	11500001	0.973224	0.944661	2	0	0
2	12000001	0.972125	0.944661	2	0	0
2	12500001	0.990003	0.944661	2	0	0
2	13000001	0.953242	0.944661	2	0	0
2	13500001	0.994457	0.944661	2	0	0
2	14000001	0.961833	0.944661	2	0	0
2	14500001	0.946199	0.944661	2	0	0
2	15000001	0.679758	0.513824	1	0	0
2	15500001	0.477861	0.513824	1	0	0
2	16000001	0.462334	0.513824	1	0	0
2	16500001	0.510561	0.513824	1	0	0
2	17000001	0.556976	0.513824	1	0	0
2	17500001	0.519995	0.513824	1	0	0
2	18000001	0.521419	0.513824	1	0	0
2	18500001	0.531135	0.513824	1	0	0
2	19000001	0.513378	0.513824	1	0	0
2	19500001	0.513824	0.513824	1	0	0
2	20000001	0.546285	0.513824	1	0	0
2	20500001	0.536245	0.513824	1	0	0
2	21000001	0.466522	0.513824	1	0	0
2	21500001	0.484572	0.513824	1	0	0
2	22000001	0.483532	0.513824	1	0	0
2	22500001	0.526367	0.513824	1	0	0
2	23000001	0.497099	0.513824	1	0	0
2	23500001	0.493241	0.513824	1	0	0
2	24000001	0.527812	0.513824	1	0	0
2	24500001	0.533671	0.513824	1	0	0
2	25000001	0.511505	0.513824	1	0	0
2	25500001	1.0744	1.0744	2	0	0
2	26000001	2.53642	2.587	5	0	0
2	26500001	2.587	2.587	5	0	0
2	27000001	3.03728	2.587	5	0	0
2	27500001	3.2187	3.2187	6	0	0
2	28000001	2.84435	2.45456	5	0	0
2	28500001	2.55925	2.45456	5	0	0
2	29000001	2.44393	2.45456	5	0	0
2	29500001	2.44845	2.45456	5	0	0
2	30000001	2.54534	2.45456	5	0	0
2	30500001	2.45456	2.45456	5	0	0
2	31000001	2.47097	2.45456	5	0	0
2	31500001	2.53399	2.45456	5	0	0
2	32000001	2.47005	2.45456	5	0	0
2	32500001	2.88068	2.45456	5	0	0
2	33000001	2.33629	2.45456	5	0	0
2	33500001	2.3189	2.45456	5	0	0
2	34000001	2.26266	2.45456	5	0	0
2	34500001	2.27615	2.45456	5	0	0
2	35000001	2.28201	2.45456	5	0	0
2	35500001	2.25235	2.45456	5	0	0
2	36000001	2.53041	2.45456	5	0	0
2	36500001	2.07809	2.01712	4	0	0
2	37000001	2.13248	2.01712	4	0	0
2	37500001	2.15412	2.01712	4	0	0
2	38000001	2.07579	2.01712	4	0	0
2	38500001	2.04894	2.01712	4	0	0
2	39000001	2.02428	2.01712	4	0	0
2	39500001	1.96627	2.01712	4	0	0
2	40000001	1.99112	2.01712	4	0	0
2	40500001	1.97607	2.01712	4	0	0
2	41000001	1.9556	2.01712	4	0	0
2	41500001	1.94715	2.01712	4	0	0
2	42000001	2.01712	2.01712	4	0	0
2	42500001	1.99318	2.01712	4	0	0
2	43000001	1.74426	1.51015	3	0	0
2	43500001	1.57767	1.51015	3	0	0
2	44000001	1.51528	1.51015	3	0	0
2	44500001	1.5096	1.51015	3	0	0
2	45000001	1.57481	1.51015	3	0	0
2	45500001	1.56139	1.51015	3	0	0
2	46000001	1.64502	1.51015	3	0	0
2	46500001	1.52931	1.51015	3	0	0
2	47000001	1.60652	1.51015	3	0	0
2	47500001	1.45477	1.51015	3	0	0
2	48000001	1.47941	1.51015	3	0	0
2	48500001	1.32817	1.51015	3	0	0
2	49000001	1.37344	1.51015	3	0	0
2	49500001	1.41248	1.51015	3	0	0
2	50000001	1.44164	1.51015	3	0	0
2	50500001	1.49057	1.51015	3	0	0
2	51000001	1.45085	1.51015	3	0	0
2	51500001	1.46329	1.51015	3	0	0
2	52000001	1.529	1.51015	3	0	0
2	52500001	1.54186	1.51015	3	0	0
2	53000001	1.56627	1.51015	3	0	0
2	53500001	1.50789	1.51015	3	0	0
2	54000001	1.51788	1.51015	3	0	0
2	54500001	1.52093	1.51015	3	0	0
2	55000001	1.49902	1.51015	3	0	0
2	55500001	1.61624	1.51015	3	0	0
2	56000001	1.57498	1.51015	3	0	0
2	56500001	1.55902	1.51015	3	0	0
2	57000001	1.48844	1.51015	3	0	0
2	57500001	1.48207	1.51015	3	0	0
2	58000001	1.50247	1.51015	3	0	0
2	58500001	1.38201	1.51015	3	0	0
2	59000001	1.40857	1.51015	3	0	0
2	59500001	1.43512	1.51015	3	0	0
2	60000001	1.48378	1.51015	3	0	0
2	60500001	1.51357	1.51015	3	0	0
2	61000001	1.53786	1.51015	3	0	0
2	61500001	1.485	1.51015	3	0	0
2	62000001	1.48559	1.51015	3	0	0
2	62500001	1.58681	1.51015	3	0	0
2	63000001	1.55169	1.51015	3	0	0
2	63500001	1.53288	1.51015	3	0	0
2	64000001	1.51015	1.51015	3	0	0
2	64500001	1.53685	1.51015	3	0	0
2	65000001	1.51554	1.51015	3	0	0
2	65500001	1.49488	1.51015	3	0	0
2	66000001	1.46392	1.51015	3	0	0
2	66500001	1.49714	1.51015	3	0	0
2	67000001	1.55777	1.51015	3	0	0
2	67500001	1.5234	1.51015	3	0	0
2	68000001	1.45995	1.51015	3	0	0
2	68500001	1.51791	1.51015	3	0	0
2	69000001	1.55613	1.51015	3	0	0
2	69500001	1.52941	1.51015	3	0	0
2	70000001	1.52685	1.51015	3	0	0
2	70500001	1.51353	1.51015	3	0	0
2	71000001	1.50257	1.51015	3	0	0
2	71500001	1.49837	1.51015	3	0	0
2	72000001	1.4633	1.51015	3	0	0
2	72500001	1.54162	1.51015	3	0	0
2	73000001	1.47282	1.51015	3	0	0
2	73500001	1.45651	1.51015	3	0	0
2	74000001	1.46532	1.51015	3	0	0
2	74500001	1.20254	0.895943	2	0	0
2	75000001	0.54241	0.895943	2	0	0
2	75500001	0.854785	0.895943	2	0	0
2	76000001	1.46494	0.895943	2	0	0
2	76500001	0.895943	0.895943	2	0	0
2	77000001	0.48131	0.478802	1	0	0
2	77500001	0.478802	0.478802	1	0	0
2	78000001	0.557502	0.478802	1	0	0
2	78500001	0.473504	0.478802	1	0	0
2	79000001	0.454857	0.478802	1	0	0
2	79500001	0.461459	0.478802	1	0	0
2	80000001	0.436081	0.478802	1	0	0
2	80500001	0.454506	0.478802	1	0	0
2	81000001	0.490121	0.478802	1	0	0
2	81500001	0.574308	0.478802	1	0	0
2	82000001	0.468349	0.478802	1	0	0
2	82500001	0.791043	0.478802	1	0	0
2	83000001	0.499662	0.478802	1	0	0
2	83500001	0.898799	0.90085	2	0	0
2	84000001	1.10969	0.90085	2	0	0
2	84500001	0.90085	0.90085	2	0	0
2	85000001	2.01981	2.01981	4	0	0
2	85500001	0.776372	0.585044	1	0	0
2	86000001	0.523844	0.585044	1	0	0
2	86500001	0.497425	0.585044	1	0	0
2	87000001	0.621716	0.585044	1	0	0
2	87500001	0.74449	0.585044	1	0	0
2	88000001	0.548372	0.585044	1	0	0
2	88500001	0.518943	0.585044	1	0	0
2	89000001	-1	0.585044	1	0	0
2	89500001	-1	0.585044	1	0	0
2	90000001	-1	0.585044	1	0	0
2	90500001	-1	0.585044	1	0	0
2	91000001	-1	0.585044	1	0	0
2	91500001	0.726171	0.585044	1	0	0
2	92000001	0.68265	0.585044	1	0	0
2	92500001	0.680374	0.585044	1	0	0
2	93000001	0.349118	0.585044	1	0	0
2	93500001	0.332254	0.585044	1	0	0
2	94000001	-1	-1	-1	0	0
2	94500001	1.00596	1.00354	2	0	0
2	95000001	0.922585	1.00354	2	0	0
2	95500001	1.02543	1.00354	2	0	0
2	96000001	1.02725	1.00354	2	0	0
2	96500001	0.988824	1.00354	2	0	0
2	97000001	1.07546	1.00354	2	0	0
2	97500001	1.00354	1.00354	2	0	0
2	98000001	0.970548	1.00354	2	0	0
2	98500001	1.00949	1.00354	2	0	0
2	99000001	1.0024	1.00354	2	0	0
2	99500001	0.924101	1.00354	2	0	0
2	100000001	1.60045	1.9361	4	0	0
2	100500001	1.99134	1.9361	4	0	0
2	101000001	1.9361	1.9361	4	0	0
2	101500001	1.2739	0.998907	2	0	0
2	102000001	1.00642	0.998907	2	0	0
2	102500001	0.999074	0.998907	2	0	0
2	103000001	0.913136	0.998907	2	0	0
2	103500001	0.916713	0.998907	2	0	0
2	104000001	0.91639	0.998907	2	0	0
2	104500001	0.908646	0.998907	2	0	0
2	105000001	1.02989	0.998907	2	0	0
2	105500001	0.966375	0.998907	2	0	0
2	106000001	0.928682	0.998907	2	0	0
2	106500001	0.973519	0.998907	2	0	0
2	107000001	0.938264	0.998907	2	0	0
2	107500001	0.93212	0.998907	2	0	0
2	108000001	1.00759	0.998907	2	0	0
2	108500001	1.01789	0.998907	2	0	0
2	109000001	1.2307	0.998907	2	0	0
2	109500001	1.00635	0.998907	2	0	0
2	110000001	0.925034	0.998907	2	0	0
2	110500001	1.04425	0.998907	2	0	0
2	111000001	1.01046	0.998907	2	0	0
2	111500001	1.03729	0.998907	2	0	0
2	112000001	1.05734	0.998907	2	0	0
2	112500001	1.0489	0.998907	2	0	0
2	113000001	1.02709	0.998907	2	0	0
2	113500001	1.04059	0.998907	2	0	0
2	114000001	0.979486	0.998907	2	0	0
2	114500001	0.928646	0.998907	2	0	0
2	115000001	0.944374	0.998907	2	0	0
2	115500001	0.930403	0.998907	2	0	0
2	116000001	0.85105	0.998907	2	0	0
2	116500001	0.973294	0.998907	2	0	0
2	117000001	0.895061	0.998907	2	0	0
2	117500001	0.984163	0.998907	2	0	0
2	118000001	1.00493	0.998907	2	0	0
2	118500001	0.990872	0.998907	2	0	0
2	119000001	0.923032	0.998907	2	0	0
2	119500001	0.998705	0.998907	2	0	0
2	120000001	1.02383	0.998907	2	0	0
2	120500001	0.965842	0.998907	2	0	0
2	121000001	0.960051	0.998907	2	0	0
2	121500001	0.967494	0.998907	2	0	0
2	122000001	0.939514	0.998907	2	0	0
2	122500001	0.912601	0.998907	2	0	0
2	123000001	0.914969	0.998907	2	0	0
2	123500001	0.894189	0.998907	2	0	0
2	124000001	0.917024	0.998907	2	0	0
2	124500001	0.87064	0.998907	2	0	0
2	125000001	0.917661	0.998907	2	0	0
2	125500001	0.877849	0.998907	2	0	0
2	126000001	0.92594	0.998907	2	0	0
2	126500001	0.942169	0.998907	2	0	0
2	127000001	0.991117	0.998907	2	0	0
2	127500001	1.0004	0.998907	2	0	0
2	128000001	1.04252	0.998907	2	0	0
2	128500001	0.940561	0.998907	2	0	0
2	129000001	0.940351	0.998907	2	0	0
2	129500001	0.912368	0.998907	2	0	0
2	130000001	0.785963	0.998907	2	0	0
2	130500001	1.00232	0.998907	2	0	0
2	131000001	1.14297	0.998907	2	0	0
2	131500001	1.3634	0.998907	2	0	0
2	132000001	1.49493	0.998907	2	0	0
2	132500001	0.737364	0.998907	2	0	0
2	133000001	0.62441	0.998907	2	0	0
2	133500001	0.924798	0.998907	2	0	0
2	134000001	0.919803	0.998907	2	0	0
2	134500001	0.962624	0.998907	2	0	0
2	135000001	0.951391	0.998907	2	0	0
2	135500001	0.974578	0.998907	2	0	0
2	136000001	0.875676	0.998907	2	0	0
2	136500001	0.957194	0.998907	2	0	0
2	137000001	0.970013	0.998907	2	0	0
2	137500001	1.03969	0.998907	2	0	0
2	138000001	1.03576	0.998907	2	0	0
2	138500001	1.00746	0.998907	2	0	0
2	139000001	1.00216	0.998907	2	0	0
2	139500001	0.956125	0.998907	2	0	0
2	140000001	0.991637	0.998907	2	0	0
2	140500001	1.02441	0.998907	2	0	0
2	141000001	0.912231	0.998907	2	0	0
2	141500001	1.00657	0.998907	2	0	0
2	142000001	1.10391	0.998907	2	0	0
2	142500001	1.03832	0.998907	2	0	0
2	143000001	1.00636	0.998907	2	0	0
2	143500001	0.998523	0.998907	2	0	0
2	144000001	0.960752	0.998907	2	0	0
2	144500001	0.983983	0.998907	2	0	0
2	145000001	0.985316	0.998907	2	0	0
2	145500001	1.02801	0.998907	2	0	0
2	146000001	1.03824	0.998907	2	0	0
2	146500001	1.06883	0.998907	2	0	0
2	147000001	1.03832	0.998907	2	0	0
2	147500001	1.03686	0.998907	2	0	0
2	148000001	1.08561	0.998907	2	0	0
2	148500001	1.12917	0.998907	2	0	0
2	149000001	1.0563	0.998907	2	0	0
2	149500001	1.08374	0.998907	2	0	0
2	150000001	1.1471	0.998907	2	0	0
2	150500001	1.01119	0.998907	2	0	0
2	151000001	1.04927	0.998907	2	0	0
2	151500001	0.981898	0.998907	2	0	0
2	152000001	1.01667	0.998907	2	0	0
2	152500001	1.01799	0.998907	2	0	0
2	153000001	0.962789	0.998907	2	0	0
2	153500001	0.934178	0.998907	2	0	0
2	154000001	0.962211	0.998907	2	0	0
2	154500001	0.968554	0.998907	2	0	0
2	155000001	1.0546	0.998907	2	0	0
2	155500001	1.03182	0.998907	2	0	0
2	156000001	0.998739	0.998907	2	0	0
2	156500001	1.01023	0.998907	2	0	0
2	157000001	1.0131	0.998907	2	0	0
2	157500001	0.971233	0.998907	2	0	0
2	158000001	1.06536	0.998907	2	0	0
2	158500001	1.0256	0.998907	2	0	0
2	159000001	1.08395	0.998907	2	0	0
2	159500001	1.13335	0.998907	2	0	0
2	160000001	1.11184	0.998907	2	0	0
2	160500001	1.10603	0.998907	2	0	0
2	161000001	1.07906	0.998907	2	0	0
2	161500001	1.03174	0.998907	2	0	0
2	162000001	1.0547	0.998907	2	0	0
2	162500001	1.0177	0.998907	2	0	0
2	163000001	1.00724	0.998907	2	0	0
2	163500001	1.01993	0.998907	2	0	0
2	164000001	1.03595	0.998907	2	0	0
2	164500001	1.08467	0.998907	2	0	0
2	165000001	1.04835	0.998907	2	0	0
2	165500001	1.02027	0.998907	2	0	0
2	166000001	0.969938	0.998907	2	0	0
2	166500001	0.965342	0.998907	2	0	0
2	167000001	0.947387	0.998907	2	0	0
2	167500001	0.968383	0.998907	2	0	0
2	168000001	1.08755	0.998907	2	0	0
2	168500001	0.556671	0.516623	1	0	0
2	169000001	0.539789	0.516623	1	0	0
2	169500001	0.507912	0.516623	1	0	0
2	170000001	0.526951	0.516623	1	0	0
2	170500001	0.48075	0.516623	1	0	0
2	171000001	0.497488	0.516623	1	0	0
2	171500001	0.499585	0.516623	1	0	0
2	172000001	0.550205	0.516623	1	0	0
2	172500001	0.552405	0.516623	1	0	0
2	173000001	0.516623	0.516623	1	0	0
2	173500001	0.500151	0.516623	1	0	0
2	174000001	0.522802	0.516623	1	0	0
2	174500001	0.49786	0.516623	1	0	0
2	175000001	0.498342	0.516623	1	0	0
2	175500001	0.528855	0.516623	1	0	0
2	176000001	0.475043	0.516623	1	0	0
2	176500001	0.525525	0.516623	1	0	0
2	177000001	2.02146	2.11027	4	0	0
2	177500001	2.19909	2.11027	4	0	0
2	178000001	3.06462	3.06534	6	0	0
2	178500001	3.06606	3.06534	6	0	0
2	179000001	3.03048	3.06534	6	0	0
2	179500001	3.1306	3.06534	6	0	0
2	180000001	2.10857	1.57293	3	0	0
2	180500001	1.62471	1.57293	3	0	0
2	181000001	1.53718	1.57293	3	0	0
2	181500001	1.63264	1.57293	3	0	0
2	182000001	1.61087	1.57293	3	0	0
2	182500001	1.57642	1.57293	3	0	0
2	183000001	1.48216	1.57293	3	0	0
2	183500001	1.51208	1.57293	3	0	0
2	184000001	1.61925	1.57293	3	0	0
2	184500001	1.59698	1.57293	3	0	0
2	185000001	1.56944	1.57293	3	0	0
2	185500001	1.59381	1.57293	3	0	0
2	186000001	1.6096	1.57293	3	0	0
2	186500001	1.56748	1.57293	3	0	0
2	187000001	1.56908	1.57293	3	0	0
2	187500001	1.52606	1.57293	3	0	0
2	188000001	1.56529	1.57293	3	0	0
2	188500001	1.55804	1.57293	3	0	0
2	189000001	1.68573	1.57293	3	0	0
2	189500001	1.6009	1.57293	3	0	0
2	190000001	1.58856	1.57293	3	0	0
2	190500001	1.63474	1.57293	3	0	0
2	191000001	1.71067	1.57293	3	0	0
2	191500001	1.66241	1.57293	3	0	0
2	192000001	1.63117	1.57293	3	0	0
2	192500001	1.58618	1.57293	3	0	0
2	193000001	1.6354	1.57293	3	0	0
2	193500001	1.58973	1.57293	3	0	0
2	194000001	1.49076	1.57293	3	0	0
2	194500001	1.53877	1.57293	3	0	0
2	195000001	1.52062	1.57293	3	0	0
2	195500001	1.52083	1.57293	3	0	0
2	196000001	1.58091	1.57293	3	0	0
2	196500001	1.56383	1.57293	3	0	0
2	197000001	1.53456	1.57293	3	0	0
2	197500001	1.48921	1.57293	3	0	0
2	198000001	1.47665	1.57293	3	0	0
2	198500001	1.48211	1.57293	3	0	0
2	199000001	1.39229	1.57293	3	0	0
2	199500001	1.43668	1.57293	3	0	0
2	200000001	1.0742	1.02591	2	0	0
2	200500001	0.990638	1.02591	2	0	0
2	201000001	1.04693	1.02591	2	0	0
2	201500001	1.16873	1.02591	2	0	0
2	202000001	0.979091	1.02591	2	0	0
2	202500001	0.958589	1.02591	2	0	0
2	203000001	0.96988	1.02591	2	0	0
2	203500001	0.999627	1.02591	2	0	0
2	204000001	0.911006	1.02591	2	0	0
2	204500001	0.933138	1.02591	2	0	0
2	205000001	0.960731	1.02591	2	0	0
2	205500001	1.00313	1.02591	2	0	0
2	206000001	1.04461	1.02591	2	0	0
2	206500001	1.03116	1.02591	2	0	0
2	207000001	1.14672	1.02591	2	0	0
2	207500001	1.09765	1.02591	2	0	0
2	208000001	1.04406	1.02591	2	0	0
2	208500001	1.05709	1.02591	2	0	0
2	209000001	1.05494	1.02591	2	0	0
2	209500001	1.0244	1.02591	2	0	0
2	210000001	0.97919	1.02591	2	0	0
2	210500001	1.03834	1.02591	2	0	0
2	211000001	1.07409	1.02591	2	0	0
2	211500001	1.05611	1.02591	2	0	0
2	212000001	1.12848	1.02591	2	0	0
2	212500001	1.13883	1.02591	2	0	0
2	213000001	1.11488	1.02591	2	0	0
2	213500001	1.019	1.02591	2	0	0
2	214000001	1.03157	1.02591	2	0	0
2	214500001	1.01052	1.02591	2	0	0
2	215000001	1.06121	1.02591	2	0	0
2	215500001	1.00895	1.02591	2	0	0
2	216000001	1.03752	1.02591	2	0	0
2	216500001	1.07014	1.02591	2	0	0
2	217000001	1.05483	1.02591	2	0	0
2	217500001	0.978763	1.02591	2	0	0
2	218000001	1.00046	1.02591	2	0	0
2	218500001	1.00122	1.02591	2	0	0
2	219000001	0.999563	1.02591	2	0	0
2	219500001	1.04798	1.02591	2	0	0
2	220000001	1.11573	1.02591	2	0	0
2	220500001	1.02855	1.02591	2	0	0
2	221000001	1.03974	1.02591	2	0	0
2	221500001	1.03283	1.02591	2	0	0
2	222000001	1.03058	1.02591	2	0	0
2	222500001	1.0427	1.02591	2	0	0
2	223000001	1.02591	1.02591	2	0	0
2	223500001	1.04088	1.02591	2	0	0
2	224000001	1.00573	1.02591	2	0	0
2	224500001	0.999415	1.02591	2	0	0
2	225000001	1.00347	1.02591	2	0	0
2	225500001	1.01341	1.02591	2	0	0
2	226000001	1.05132	1.02591	2	0	0
2	226500001	1.03294	1.02591	2	0	0
2	227000001	1.04273	1.02591	2	0	0
2	227500001	1.00714	1.02591	2	0	0
2	228000001	0.971011	1.02591	2	0	0
2	228500001	0.972904	1.02591	2	0	0
2	229000001	1.0038	1.02591	2	0	0
2	229500001	1.0168	1.02591	2	0	0
2	230000001	1.05632	1.02591	2	0	0
2	230500001	1.07469	1.02591	2	0	0
2	231000001	1.03463	1.02591	2	0	0
2	231500001	1.05291	1.02591	2	0	0
2	232000001	1.02283	1.02591	2	0	0
2	232500001	1.01872	1.02591	2	0	0
2	233000001	1.06621	1.02591	2	0	0
2	233500001	1.12928	1.02591	2	0	0
2	234000001	1.18951	1.02591	2	0	0
2	234500001	1.01243	1.02591	2	0	0
2	235000001	1.00485	1.02591	2	0	0
2	235500001	0.984703	1.02591	2	0	0
2	236000001	0.96676	1.02591	2	0	0
2	236500001	1.08	1.02591	2	0	0
2	237000001	1.03681	1.02591	2	0	0
2	237500001	0.993484	1.02591	2	0	0
2	238000001	0.990079	1.02591	2	0	0
2	238500001	0.98276	1.02591	2	0	0
2	239000001	0.956935	1.02591	2	0	0
2	239500001	0.931357	1.02591	2	0	0
2	240000001	0.990322	1.02591	2	0	0
2	240500001	0.960783	1.02591	2	0	0
2	241000001	1.01561	1.02591	2	0	0
2	241500001	0.495073	0.364886	1	0	0
2	242000001	0.234698	0.364886	1	0	0
20	1	1.59083	1.52763	3	0	0
20	500001	1.50671	1.52763	3	0	0
20	1000001	1.54855	1.52763	3	0	0
20	1500001	1.45853	1.52763	3	0	0
20	2000001	1.07566	1.01495	2	0	0
20	2500001	1.02844	1.01495	2	0	0
20	3000001	1.00578	1.01495	2	0	0
20	3500001	1.03778	1.01495	2	0	0
20	4000001	1.01495	1.01495	2	0	0
20	4500001	1.0076	1.01495	2	0	0
20	5000001	1.02409	1.01495	2	0	0
20	5500001	1.02535	1.01495	2	0	0
20	6000001	1.04698	1.01495	2	0	0
20	6500001	1.10502	1.01495	2	0	0
20	7000001	1.00029	1.01495	2	0	0
20	7500001	0.957437	1.01495	2	0	0
20	8000001	0.951215	1.01495	2	0	0
20	8500001	0.934648	1.01495	2	0	0
20	9000001	0.953238	1.01495	2	0	0
20	9500001	0.96966	1.01495	2	0	0
20	10000001	0.98795	1.01495	2	0	0
20	10500001	1.04166	1.01495	2	0	0
20	11000001	1.10232	1.01495	2	0	0
20	11500001	1.05007	1.01495	2	0	0
20	12000001	1.02757	1.01495	2	0	0
20	12500001	1.00483	1.01495	2	0	0
20	13000001	0.976829	1.01495	2	0	0
20	13500001	0.959303	1.01495	2	0	0
20	14000001	1.01519	1.01495	2	0	0
20	14500001	0.612795	0.842031	2	0	0
20	15000001	0.703668	0.842031	2	0	0
20	15500001	0.980394	0.842031	2	0	0
20	16000001	1.04671	0.842031	2	0	0
20	16500001	1.42957	1.48463	3	0	0
20	17000001	1.50376	1.48463	3	0	0
20	17500001	1.48465	1.48463	3	0	0
20	18000001	1.49573	1.48463	3	0	0
20	18500001	1.44639	1.48463	3	0	0
20	19000001	1.48461	1.48463	3	0	0
20	19500001	1.55746	1.48463	3	0	0
20	20000001	1.48576	1.48463	3	0	0
20	20500001	1.39218	1.48463	3	0	0
20	21000001	1.35448	1.48463	3	0	0
20	21500001	1.39407	1.48463	3	0	0
20	22000001	1.44112	1.48463	3	0	0
20	22500001	1.52902	1.48463	3	0	0
20	23000001	1.50967	1.48463	3	0	0
20	23500001	1.77721	1.915	4	0	0
20	24000001	1.915	1.915	4	0	0
20	24500001	1.94802	1.915	4	0	0
20	25000001	1.98497	1.915	4	0	0
20	25500001	1.64372	1.915	4	0	0
20	26000001	3.26865	3.26865	7	0	0
20	26500001	3.55993	3.26865	7	0	0
20	27000001	2.49872	3.26865	7	5	0.937061
20	27500001	2.46564	1.48751	3	5	0.937061
20	28000001	2.33923	1.48751	3	5	0.937061
20	28500001	4.50048	1.48751	3	5	0.937061
20	29000001	2.16308	1.48751	3	5	0.937061
20	29500001	2.25046	1.48751	3	5	0.937061
20	30000001	-1	1.48751	3	5	0.937061
20	30500001	2.12277	1.48751	3	5	0.937061
20	31000001	-1	1.48751	3	5	0.937061
20	31500001	2.12749	1.48751	3	5	0.937061
20	32000001	1.95628	1.48751	3	5	0.937061
20	32500001	1.9448	1.48751	3	5	0.937061
20	33000001	1.97984	1.48751	3	5	0.937061
20	33500001	2.27449	1.48751	3	5	0.937061
20	34000001	2.15609	1.48751	3	5	0.937061
20	34500001	1.51372	1.48751	3	5	0.937061
20	35000001	1.56143	1.48751	3	5	0.937061
20	35500001	1.5222	1.48751	3	5	0.937061
20	36000001	2.12792	1.48751	3	5	0.937061
20	36500001	1.49662	1.48751	3	5	0.937061
20	37000001	1.48838	1.48751	3	5	0.937061
20	37500001	1.52875	1.48751	3	5	0.937061
20	38000001	1.52272	1.48751	3	5	0.937061
20	38500001	1.45625	1.48751	3	5	0.937061
20	39000001	1.41489	1.48751	3	5	0.937061
20	39500001	1.42209	1.48751	3	5	0.937061
20	40000001	1.42261	1.48751	3	5	0.937061
20	40500001	1.47076	1.48751	3	5	0.937061
20	41000001	1.47004	1.48751	3	5	0.937061
20	41500001	1.44154	1.48751	3	5	0.937061
20	42000001	1.31952	1.48751	3	5	0.937061
20	42500001	1.33715	1.48751	3	5	0.937061
20	43000001	1.45977	1.48751	3	5	0.937061
20	43500001	1.44487	1.48751	3	5	0.937061
20	44000001	1.50701	1.48751	3	5	0.937061
20	44500001	1.51234	1.48751	3	5	0.937061
20	45000001	1.50528	1.48751	3	5	0.937061
20	45500001	1.47653	1.48751	3	5	0.937061
20	46000001	1.44301	1.48751	3	5	0.937061
20	46500001	1.45542	1.48751	3	5	0.937061
20	47000001	1.49561	1.48751	3	5	0.937061
20	47500001	1.56351	1.48751	3	5	0.937061
20	48000001	1.43386	1.48751	3	5	0.937061
20	48500001	1.48429	1.48751	3	5	0.937061
20	49000001	1.4779	1.48751	3	5	0.937061
20	49500001	1.51731	1.48751	3	5	0.937061
20	50000001	1.97695	1.48751	3	5	0.937061
20	50500001	1.88064	1.48751	3	5	0.937061
20	51000001	1.52075	1.48751	3	5	0.937061
20	51500001	1.50416	1.48751	3	5	0.937061
20	52000001	1.51847	1.48751	3	5	0.937061
20	52500001	1.47728	1.48751	3	5	0.937061
20	53000001	1.48751	1.48751	3	5	0.937061
20	53500001	1.5389	1.48751	3	5	0.937061
20	54000001	1.53182	1.48751	3	5	0.937061
20	54500001	1.44742	1.48751	3	5	0.937061
20	55000001	1.39103	1.48751	3	5	0.937061
20	55500001	1.4021	1.48751	3	5	0.937061
20	56000001	1.44057	1.48751	3	5	0.937061
20	56500001	1.46651	1.48751	3	5	0.937061
20	57000001	1.40351	1.48751	3	5	0.937061
20	57500001	1.49375	1.48751	3	5	0.937061
20	58000001	1.48358	1.48751	3	5	0.937061
20	58500001	1.4386	1.48751	3	5	0.937061
20	59000001	1.42391	1.48751	3	5	0.937061
20	59500001	1.35747	1.48751	3	5	0.937061
20	60000001	1.39971	1.48751	3	5	0.937061
20	60500001	1.32189	1.48751	3	5	0.937061
20	61000001	1.27322	1.48751	3	5	0.937061
20	61500001	1.33555	1.48751	3	5	0.937061
20	62000001	1.38419	1.48751	3	5	0.937061
20	62500001	1.48871	1.48751	3	5	0.937061
20	63000001	1.39563	1.48751	3	5	0.937061
20	63500001	1.4244	1.48751	3	0	0
20	64000001	-1	-1	-1	0	0
21	1	-1	-1	-1	0	0
21	500001	-1	-1	-1	0	0
21	1000001	-1	-1	-1	0	0
21	1500001	-1	-1	-1	0	0
21	2000001	-1	-1	-1	0	0
21	2500001	-1	-1	-1	0	0
21	3000001	-1	-1	-1	0	0
21	3500001	-1	-1	-1	0	0
21	4000001	-1	-1	-1	0	0
21	4500001	-1	-1	-1	0	0
21	5000001	-1	-1	-1	0	0
21	5500001	-1	-1	-1	0	0
21	6000001	-1	-1	-1	0	0
21	6500001	-1	-1	-1	0	0
21	7000001	-1	-1	-1	0	0
21	7500001	-1	-1	-1	0	0
21	8000001	-1	-1	-1	0	0
21	8500001	-1	-1	-1	0	0
21	9000001	-1	-1	-1	0	0
21	9500001	1.2173	1.2173	2	0	0
21	10000001	-1	-1	-1	0	0
21	10500001	0.741547	0.735903	1	0	0
21	11000001	0.491338	0.735903	1	0	0
21	11500001	0.730258	0.735903	1	0	0
21	12000001	0.797075	0.735903	1	0	0
21	12500001	1.30821	1.30821	3	0	0
21	13000001	0.753404	0.715869	1	0	0
21	13500001	0.678334	0.715869	1	0	0
21	14000001	0.984169	1.08464	2	0	0
21	14500001	1.05265	1.08464	2	0	0
21	15000001	1.08464	1.08464	2	0	0
21	15500001	1.12732	1.08464	2	0	0
21	16000001	1.10216	1.08464	2	0	0
21	16500001	1.07354	1.08464	2	0	0
21	17000001	1.17531	1.08464	2	0	0
21	17500001	1.01563	1.01702	2	0	0
21	18000001	0.985528	1.01702	2	0	0
21	18500001	1.00713	1.01702	2	0	0
21	19000001	0.977214	1.01702	2	0	0
21	19500001	1.00847	1.01702	2	0	0
21	20000001	0.982138	1.01702	2	0	0
21	20500001	0.987737	1.01702	2	0	0
21	21000001	1.01691	1.01702	2	0	0
21	21500001	1.02271	1.01702	2	0	0
21	22000001	1.09102	1.01702	2	0	0
21	22500001	1.15845	1.01702	2	0	0
21	23000001	1.08967	1.01702	2	0	0
21	23500001	1.01712	1.01702	2	0	0
21	24000001	1.09854	1.01702	2	0	0
21	24500001	0.970793	1.01702	2	0	0
21	25000001	1.01715	1.01702	2	0	0
21	25500001	1.00598	1.01702	2	0	0
21	26000001	1.01357	1.01702	2	0	0
21	26500001	1.00753	1.01702	2	0	0
21	27000001	1.06616	1.01702	2	0	0
21	27500001	1.07186	1.01702	2	0	0
21	28000001	0.87908	1.01702	2	0	0
21	28500001	1.12475	1.01702	2	0	0
21	29000001	1.12035	1.01702	2	0	0
21	29500001	1.0618	1.01702	2	0	0
21	30000001	1.0678	1.01702	2	0	0
21	30500001	1.00001	1.01702	2	0	0
21	31000001	0.997806	1.01702	2	0	0
21	31500001	0.974086	1.01702	2	0	0
21	32000001	0.983384	1.01702	2	0	0
21	32500001	1.04124	1.01702	2	0	0
21	33000001	1.04867	1.01702	2	0	0
21	33500001	1.05058	1.01702	2	0	0
21	34000001	0.944723	1.01702	2	0	0
21	34500001	1.04239	1.01702	2	0	0
21	35000001	1.06511	1.01702	2	0	0
21	35500001	1.16118	1.18234	2	0	0
21	36000001	1.19997	1.18234	2	0	0
21	36500001	1.15477	1.18234	2	0	0
21	37000001	1.18739	1.18234	2	0	0
21	37500001	1.16555	1.18234	2	0	0
21	38000001	1.22676	1.18234	2	0	0
21	38500001	1.1807	1.18234	2	0	0
21	39000001	1.18234	1.18234	2	0	0
21	39500001	1.21973	1.18234	2	0	0
21	40000001	1.09808	1.18234	2	0	0
21	40500001	1.10951	1.18234	2	0	0
21	41000001	1.21919	1.18234	2	0	0
21	41500001	1.24289	1.18234	2	0	0
21	42000001	1.18918	1.18234	2	0	0
21	42500001	1.16098	1.18234	2	0	0
21	43000001	0.814018	1.12628	2	0	0
21	43500001	1.10637	1.12628	2	0	0
21	44000001	0.93848	1.12628	2	0	0
21	44500001	1.1462	1.12628	2	0	0
21	45000001	1.14897	1.12628	2	0	0
21	45500001	1.1699	1.12628	2	0	0
21	46000001	1.22957	1.12628	2	0	0
21	46500001	0.521494	1.12628	2	0	0
22	1	-1	-1	-1	0	0
22	500001	-1	-1	-1	0	0
22	1000001	-1	-1	-1	0	0
22	1500001	-1	-1	-1	0	0
22	2000001	-1	-1	-1	0	0
22	2500001	-1	-1	-1	0	0
22	3000001	-1	-1	-1	0	0
22	3500001	-1	-1	-1	0	0
22	4000001	-1	-1	-1	0	0
22	4500001	-1	-1	-1	0	0
22	5000001	-1	-1	-1	0	0
22	5500001	-1	-1	-1	0	0
22	6000001	-1	-1	-1	0	0
22	6500001	-1	-1	-1	0	0
22	7000001	-1	-1	-1	0	0
22	7500001	-1	-1	-1	0	0
22	8000001	-1	-1	-1	0	0
22	8500001	-1	-1	-1	0	0
22	9000001	-1	-1	-1	0	0
22	9500001	-1	-1	-1	0	0
22	10000001	-1	-1	-1	0	0
22	10500001	-1	-1	-1	0	0
22	11000001	-1	-1	-1	0	0
22	11500001	-1	-1	-1	0	0
22	12000001	-1	-1	-1	0	0
22	12500001	-1	-1	-1	0	0
22	13000001	0.515352	0.629856	1	0	0
22	13500001	0.74436	0.629856	1	0	0
22	14000001	0.990643	1.00637	2	0	0
22	14500001	1.12916	1.00637	2	0	0
22	15000001	-1	1.00637	2	0	0
22	15500001	1.32773	1.00637	2	0	0
22	16000001	0.96733	1.00637	2	0	0
22	16500001	1.00328	1.00637	2	0	0
22	17000001	1.00945	1.00637	2	0	0
22	17500001	1.06201	1.00637	2	0	0
22	18000001	-1	1.00637	2	0	0
22	18500001	0.819465	1.00637	2	0	0
22	19000001	1.19093	1.36099	3	0	0
22	19500001	1.53106	1.36099	3	0	0
22	20000001	0.985416	1.00593	2	0	0
22	20500001	1.0162	1.00593	2	0	0
22	21000001	0.786181	1.00593	2	0	0
22	21500001	0.953846	1.00593	2	0	0
22	22000001	1.00749	1.00593	2	0	0
22	22500001	0.938708	1.00593	2	0	0
22	23000001	0.988432	1.00593	2	0	0
22	23500001	0.90721	1.00593	2	0	0
22	24000001	1.04646	1.00593	2	0	0
22	24500001	1.04133	1.00593	2	0	0
22	25000001	0.960354	1.00593	2	0	0
22	25500001	0.984095	1.00593	2	0	0
22	26000001	0.97326	1.00593	2	0	0
22	26500001	0.946302	1.00593	2	0	0
22	27000001	0.928768	1.00593	2	0	0
22	27500001	0.969753	1.00593	2	0	0
22	28000001	0.824235	1.00593	2	0	0
22	28500001	0.845242	1.00593	2	0	0
22	29000001	1.03406	1.00593	2	0	0
22	29500001	1.05921	1.00593	2	0	0
22	30000001	1.02515	1.00593	2	0	0
22	30500001	1.03804	1.00593	2	0	0
22	31000001	1.01029	1.00593	2	0	0
22	31500001	1.00129	1.00593	2	0	0
22	32000001	1.01074	1.00593	2	0	0
22	32500001	1.05081	1.00593	2	0	0
22	33000001	1.16254	1.00593	2	0	0
22	33500001	0.911744	1.00593	2	0	0
22	34000001	0.941785	1.00593	2	0	0
22	34500001	1.00438	1.00593	2	0	0
22	35000001	1.06258	1.00593	2	0	0
22	35500001	1.06161	1.00593	2	0	0
22	36000001	1.10238	1.00593	2	0	0
22	36500001	1.02516	1.00593	2	0	0
22	37000001	0.994217	1.00593	2	0	0
22	37500001	1.02224	1.00593	2	0	0
22	38000001	0.980156	1.00593	2	0	0
22	38500001	0.989441	1.00593	2	0	0
22	39000001	1.00895	1.00593	2	0	0
22	39500001	0.993542	1.00593	2	0	0
22	40000001	1.02784	1.00593	2	0	0
22	40500001	1.03567	1.00593	2	0	0
22	41000001	1.18478	1.00593	2	0	0
22	41500001	1.03059	1.00593	2	0	0
22	42000001	1.0029	1.00593	2	0	0
22	42500001	1.23209	1.00593	2	0	0
22	43000001	0.997756	1.00593	2	0	0
22	43500001	1.0174	1.00593	2	0	0
22	44000001	0.957857	1.00593	2	0	0
22	44500001	0.999991	1.00593	2	0	0
22	45000001	1.05133	1.00593	2	0	0
22	45500001	1.05048	1.00593	2	0	0
22	46000001	1.01799	1.00593	2	0	0
22	46500001	1.06798	1.00593	2	0	0
22	47000001	0.973177	1.00593	2	0	0
22	47500001	0.963913	1.00593	2	0	0
22	48000001	0.877244	0.902908	2	0	0
22	48500001	0.879873	0.902908	2	0	0
22	49000001	0.925943	0.902908	2	0	0
22	49500001	0.976933	0.902908	2	0	0
22	50000001	0.979799	0.902908	2	0	0
22	50500001	0.650929	0.902908	2	0	0
3	1	1.02713	0.999581	2	0	0
3	500001	0.923336	0.999581	2	0	0
3	1000001	0.954657	0.999581	2	0	0
3	1500001	0.918714	0.999581	2	0	0
3	2000001	0.908982	0.999581	2	0	0
3	2500001	0.910533	0.999581	2	0	0
3	3000001	0.937367	0.999581	2	0	0
3	3500001	0.898992	0.999581	2	0	0
3	4000001	0.925905	0.999581	2	0	0
3	4500001	1.02804	0.999581	2	0	0
3	5000001	0.983008	0.999581	2	0	0
3	5500001	0.942868	0.999581	2	0	0
3	6000001	0.955481	0.999581	2	0	0
3	6500001	0.945941	0.999581	2	0	0
3	7000001	0.919111	0.999581	2	0	0
3	7500001	0.908342	0.999581	2	0	0
3	8000001	0.980572	0.999581	2	0	0
3	8500001	1.02503	0.999581	2	0	0
3	9000001	1.09416	0.999581	2	0	0
3	9500001	1.33743	0.999581	2	0	0
3	10000001	1.00743	0.999581	2	0	0
3	10500001	0.966922	0.999581	2	0	0
3	11000001	1.01944	0.999581	2	0	0
3	11500001	0.990828	0.999581	2	0	0
3	12000001	1.12579	0.999581	2	0	0
3	12500001	0.984298	0.999581	2	0	0
3	13000001	0.584922	0.999581	2	0	0
3	13500001	0.826377	0.999581	2	0	0
3	14000001	1.01737	0.999581	2	0	0
3	14500001	0.962959	0.999581	2	0	0
3	15000001	1.02233	0.999581	2	0	0
3	15500001	1.08881	0.999581	2	0	0
3	16000001	0.968595	0.999581	2	0	0
3	16500001	0.981155	0.999581	2	0	0
3	17000001	0.983064	0.999581	2	0	0
3	17500001	0.999067	0.999581	2	0	0
3	18000001	1.04262	0.999581	2	0	0
3	18500001	1.03909	0.999581	2	0	0
3	19000001	0.980032	0.999581	2	0	0
3	19500001	1.02128	0.999581	2	0	0
3	20000001	0.967711	0.999581	2	0	0
3	20500001	0.97708	0.999581	2	0	0
3	21000001	0.964031	0.999581	2	0	0
3	21500001	0.931116	0.999581	2	0	0
3	22000001	0.941401	0.999581	2	0	0
3	22500001	1.02212	0.999581	2	0	0
3	23000001	1.00072	0.999581	2	0	0
3	23500001	1.03446	0.999581	2	0	0
3	24000001	1.11356	0.999581	2	0	0
3	24500001	1.08605	0.999581	2	0	0
3	25000001	1.049	0.999581	2	0	0
3	25500001	1.00385	0.999581	2	0	0
3	26000001	0.997577	0.999581	2	0	0
3	26500001	0.972554	0.999581	2	0	0
3	27000001	1.07349	0.999581	2	0	0
3	27500001	1.00165	0.999581	2	0	0
3	28000001	1.00778	0.999581	2	0	0
3	28500001	1.0051	0.999581	2	0	0
3	29000001	1.05655	0.999581	2	0	0
3	29500001	1.04863	0.999581	2	0	0
3	30000001	1.1464	0.999581	2	0	0
3	30500001	1.0422	0.999581	2	0	0
3	31000001	1.06873	0.999581	2	0	0
3	31500001	1.01534	0.999581	2	0	0
3	32000001	1.03756	0.999581	2	0	0
3	32500001	0.96609	0.999581	2	0	0
3	33000001	1.00264	0.999581	2	0	0
3	33500001	0.994998	0.999581	2	0	0
3	34000001	0.944296	0.999581	2	0	0
3	34500001	0.997177	0.999581	2	0	0
3	35000001	0.93324	0.999581	2	0	0
3	35500001	0.963839	0.999581	2	0	0
3	36000001	1.00555	0.999581	2	0	0
3	36500001	1.02248	0.999581	2	0	0
3	37000001	1.09323	0.999581	2	0	0
3	37500001	1.00778	0.999581	2	0	0
3	38000001	1.01208	0.999581	2	0	0
3	38500001	0.999581	0.999581	2	0	0
3	39000001	0.964758	0.999581	2	0	0
3	39500001	0.931886	0.999581	2	0	0
3	40000001	0.959364	0.999581	2	0	0
3	40500001	1.01659	0.999581	2	0	0
3	41000001	1.00587	0.999581	2	0	0
3	41500001	1.05227	0.999581	2	0	0
3	42000001	1.03989	0.999581	2	0	0
3	42500001	0.999394	0.999581	2	0	0
3	43000001	1.0106	0.999581	2	0	0
3	43500001	0.9877	0.999581	2	0	0
3	44000001	0.979547	0.999581	2	0	0
3	44500001	1.03934	0.999581	2	0	0
3	45000001	1.06499	0.999581	2	0	0
3	45500001	1.05611	0.999581	2	0	0
3	46000001	1.02479	0.999581	2	0	0
3	46500001	0.873947	0.999581	2	0	0
3	47000001	0.856468	0.999581	2	0	0
3	47500001	0.504901	0.498153	1	0	0
3	48000001	0.488127	0.498153	1	0	0
3	48500001	0.50759	0.498153	1	0	0
3	49000001	0.509864	0.498153	1	0	0
3	49500001	0.513269	0.498153	1	0	0
3	50000001	0.504966	0.498153	1	0	0
3	50500001	0.485493	0.498153	1	0	0
3	51000001	0.469601	0.498153	1	0	0
3	51500001	0.520195	0.498153	1	0	0
3	52000001	0.530137	0.498153	1	0	0
3	52500001	0.493619	0.498153	1	0	0
3	53000001	0.749811	0.498153	1	0	0
3	53500001	0.512332	0.498153	1	0	0
3	54000001	0.46926	0.498153	1	0	0
3	54500001	0.502587	0.498153	1	0	0
3	55000001	0.509141	0.498153	1	0	0
3	55500001	0.484994	0.498153	1	0	0
3	56000001	0.53743	0.498153	1	0	0
3	56500001	0.498314	0.498153	1	0	0
3	57000001	0.507585	0.498153	1	0	0
3	57500001	0.54651	0.498153	1	0	0
3	58000001	0.463577	0.498153	1	0	0
3	58500001	0.499549	0.498153	1	0	0
3	59000001	0.577998	0.498153	1	0	0
3	59500001	0.841337	0.498153	1	0	0
3	60000001	0.45477	0.498153	1	0	0
3	60500001	0.219872	0.498153	1	0	0
3	61000001	0.499561	0.498153	1	0	0
3	61500001	0.462972	0.498153	1	0	0
3	62000001	0.452679	0.498153	1	0	0
3	62500001	0.454011	0.498153	1	0	0
3	63000001	0.463285	0.498153	1	0	0
3	63500001	0.472402	0.498153	1	0	0
3	64000001	0.501868	0.498153	1	0	0
3	64500001	0.438519	0.498153	1	0	0
3	65000001	0.447812	0.498153	1	0	0
3	65500001	0.446033	0.498153	1	0	0
3	66000001	0.488571	0.498153	1	0	0
3	66500001	0.474946	0.498153	1	0	0
3	67000001	0.450989	0.498153	1	0	0
3	67500001	0.452938	0.498153	1	0	0
3	68000001	0.490596	0.498153	1	0	0
3	68500001	0.486064	0.498153	1	0	0
3	69000001	0.516679	0.498153	1	0	0
3	69500001	0.545542	0.498153	1	0	0
3	70000001	0.496517	0.498153	1	0	0
3	70500001	0.498938	0.498153	1	0	0
3	71000001	0.482872	0.498153	1	0	0
3	71500001	0.506097	0.498153	1	0	0
3	72000001	0.497992	0.498153	1	0	0
3	72500001	0.492333	0.498153	1	0	0
3	73000001	0.463549	0.498153	1	0	0
3	73500001	0.479784	0.498153	1	0	0
3	74000001	0.452525	0.498153	1	0	0
3	74500001	0.442314	0.498153	1	0	0
3	75000001	0.453678	0.498153	1	0	0
3	75500001	0.632615	0.498153	1	0	0
3	76000001	0.442964	0.498153	1	0	0
3	76500001	0.463309	0.498153	1	0	0
3	77000001	0.47933	0.498153	1	0	0
3	77500001	0.519396	0.498153	1	0	0
3	78000001	0.526051	0.498153	1	0	0
3	78500001	0.508588	0.498153	1	0	0
3	79000001	0.553009	0.498153	1	0	0
3	79500001	0.502966	0.498153	1	0	0
3	80000001	0.509984	0.498153	1	0	0
3	80500001	0.520267	0.498153	1	0	0
3	81000001	0.492633	0.498153	1	0	0
3	81500001	0.500658	0.498153	1	0	0
3	82000001	0.509962	0.498153	1	0	0
3	82500001	0.519923	0.498153	1	0	0
3	83000001	0.484718	0.498153	1	0	0
3	83500001	0.476463	0.498153	1	0	0
3	84000001	0.491563	0.498153	1	0	0
3	84500001	0.506196	0.498153	1	0	0
3	85000001	0.488932	0.498153	1	0	0
3	85500001	0.528393	0.498153	1	0	0
3	86000001	0.526677	0.498153	1	0	0
3	86500001	0.359723	0.498153	1	0	0
3	87000001	0.531845	0.498153	1	0	0
3	87500001	0.516106	0.498153	1	0	0
3	88000001	0.5047	0.498153	1	0	0
3	88500001	1.39819	1.3764	3	0	0
3	89000001	1.3764	1.3764	3	0	0
3	89500001	1.84043	1.3764	3	0	0
3	90000001	1.30152	1.3764	3	0	0
3	90500001	1.37514	1.3764	3	0	0
3	91000001	0.831227	0.831227	2	0	0
3	91500001	1.85187	1.85187	4	0	0
3	92000001	1.88153	1.85187	4	0	0
3	92500001	1.73026	1.85187	4	0	0
3	93000001	8.60999	8.60999	17	0	0
3	93500001	1.567	1.50392	3	0	0
3	94000001	1.54341	1.50392	3	0	0
3	94500001	1.52582	1.50392	3	0	0
3	95000001	1.51597	1.50392	3	0	0
3	95500001	1.48176	1.50392	3	0	0
3	96000001	1.46012	1.50392	3	0	0
3	96500001	1.51368	1.50392	3	0	0
3	97000001	1.5205	1.50392	3	0	0
3	97500001	1.56735	1.50392	3	0	0
3	98000001	1.55164	1.50392	3	0	0
3	98500001	1.50392	1.50392	3	0	0
3	99000001	1.47407	1.50392	3	0	0
3	99500001	1.46682	1.50392	3	0	0
3	100000001	1.55357	1.50392	3	0	0
3	100500001	1.57234	1.50392	3	0	0
3	101000001	1.6097	1.50392	3	0	0
3	101500001	1.57599	1.50392	3	0	0
3	102000001	1.70421	1.50392	3	0	0
3	102500001	1.5344	1.50392	3	0	0
3	103000001	1.47721	1.50392	3	0	0
3	103500001	1.50754	1.50392	3	0	0
3	104000001	1.53756	1.50392	3	0	0
3	104500001	1.57196	1.50392	3	0	0
3	105000001	1.59629	1.50392	3	0	0
3	105500001	1.59605	1.50392	3	0	0
3	106000001	1.58192	1.50392	3	0	0
3	106500001	1.519	1.50392	3	0	0
3	107000001	1.5346	1.50392	3	0	0
3	107500001	1.71381	1.50392	3	0	0
3	108000001	1.61013	1.50392	3	0	0
3	108500001	1.45801	1.50392	3	0	0
3	109000001	1.37438	1.50392	3	0	0
3	109500001	1.48739	1.50392	3	0	0
3	110000001	1.51766	1.50392	3	0	0
3	110500001	1.46274	1.50392	3	0	0
3	111000001	1.52383	1.50392	3	0	0
3	111500001	1.55173	1.50392	3	0	0
3	112000001	1.55204	1.50392	3	0	0
3	112500001	1.58729	1.50392	3	0	0
3	113000001	1.51255	1.50392	3	0	0
3	113500001	1.4829	1.50392	3	0	0
3	114000001	1.50098	1.50392	3	0	0
3	114500001	1.44528	1.50392	3	0	0
3	115000001	1.45781	1.50392	3	0	0
3	115500001	1.40583	1.50392	3	0	0
3	116000001	1.36905	1.50392	3	0	0
3	116500001	1.37878	1.50392	3	0	0
3	117000001	1.37597	1.50392	3	0	0
3	117500001	1.40455	1.50392	3	0	0
3	118000001	1.42605	1.50392	3	0	0
3	118500001	1.46046	1.50392	3	0	0
3	119000001	1.54663	1.50392	3	0	0
3	119500001	1.51842	1.50392	3	0	0
3	120000001	1.56626	1.50392	3	0	0
3	120500001	1.5514	1.50392	3	0	0
3	121000001	1.47495	1.50392	3	0	0
3	121500001	1.52272	1.50392	3	0	0
3	122000001	1.59311	1.50392	3	0	0
3	122500001	1.50987	1.50392	3	0	0
3	123000001	1.48914	1.50392	3	0	0
3	123500001	1.51416	1.50392	3	0	0
3	124000001	1.44468	1.50392	3	0	0
3	124500001	1.45142	1.50392	3	0	0
3	125000001	1.52111	1.50392	3	0	0
3	125500001	1.43212	1.50392	3	0	0
3	126000001	1.48019	1.50392	3	0	0
3	126500001	1.45983	1.50392	3	0	0
3	127000001	1.41451	1.50392	3	0	0
3	127500001	1.44783	1.50392	3	0	0
3	128000001	1.46566	1.50392	3	0	0
3	128500001	1.48721	1.50392	3	0	0
3	129000001	1.47792	1.50392	3	0	0
3	129500001	1.49488	1.50392	3	0	0
3	130000001	1.44882	1.50392	3	0	0
3	130500001	1.46864	1.50392	3	0	0
3	131000001	1.45964	1.50392	3	0	0
3	131500001	1.44686	1.50392	3	0	0
3	132000001	1.43681	1.50392	3	0	0
3	132500001	1.50901	1.50392	3	0	0
3	133000001	1.58322	1.50392	3	0	0
3	133500001	1.522	1.50392	3	0	0
3	134000001	1.56935	1.50392	3	0	0
3	134500001	1.48059	1.50392	3	0	0
3	135000001	1.40204	1.50392	3	0	0
3	135500001	1.45308	1.50392	3	0	0
3	136000001	1.39368	1.50392	3	0	0
3	136500001	1.2381	1.50392	3	0	0
3	137000001	1.4888	1.50392	3	0	0
3	137500001	1.42071	1.50392	3	0	0
3	138000001	1.46403	1.50392	3	0	0
3	138500001	1.45073	1.50392	3	0	0
3	139000001	1.39129	1.50392	3	0	0
3	139500001	1.40613	1.50392	3	0	0
3	140000001	1.34139	1.50392	3	0	0
3	140500001	1.37967	1.50392	3	0	0
3	141000001	1.4809	1.50392	3	0	0
3	141500001	1.55527	1.50392	3	0	0
3	142000001	1.55202	1.50392	3	0	0
3	142500001	1.51267	1.50392	3	0	0
3	143000001	1.41728	1.50392	3	0	0
3	143500001	1.47568	1.50392	3	0	0
3	144000001	1.46108	1.50392	3	0	0
3	144500001	1.46496	1.50392	3	0	0
3	145000001	1.43566	1.50392	3	0	0
3	145500001	1.45478	1.50392	3	0	0
3	146000001	1.50161	1.50392	3	0	0
3	146500001	1.50517	1.50392	3	0	0
3	147000001	1.40091	1.50392	3	0	0
3	147500001	1.40087	1.50392	3	0	0
3	148000001	1.42708	1.50392	3	0	0
3	148500001	1.4641	1.50392	3	0	0
3	149000001	1.6852	1.50392	3	0	0
3	149500001	1.60514	1.50392	3	0	0
3	150000001	1.62227	1.50392	3	0	0
3	150500001	1.52356	1.50392	3	0	0
3	151000001	1.49138	1.50392	3	0	0
3	151500001	1.58991	1.50392	3	0	0
3	152000001	1.68118	1.50392	3	0	0
3	152500001	1.56286	1.50392	3	0	0
3	153000001	1.49669	1.50392	3	0	0
3	153500001	1.48757	1.50392	3	0	0
3	154000001	1.43481	1.50392	3	0	0
3	154500001	1.38637	1.50392	3	0	0
3	155000001	1.42483	1.50392	3	0	0
3	155500001	1.42208	1.50392	3	0	0
3	156000001	1.46551	1.50392	3	0	0
3	156500001	1.55041	1.50392	3	0	0
3	157000001	1.58116	1.50392	3	0	0
3	157500001	1.49116	1.50392	3	0	0
3	158000001	1.40173	1.50392	3	0	0
3	158500001	1.40921	1.50392	3	0	0
3	159000001	1.46771	1.50392	3	0	0
3	159500001	1.53008	1.50392	3	0	0
3	160000001	1.54264	1.50392	3	0	0
3	160500001	1.57897	1.50392	3	0	0
3	161000001	1.58339	1.50392	3	0	0
3	161500001	1.51797	1.50392	3	0	0
3	162000001	1.51536	1.50392	3	0	0
3	162500001	1.33717	1.50392	3	0	0
3	163000001	1.4758	1.50392	3	0	0
3	163500001	1.48302	1.50392	3	0	0
3	164000001	1.48494	1.50392	3	0	0
3	164500001	1.50001	1.50392	3	0	0
3	165000001	1.53322	1.50392	3	0	0
3	165500001	1.5183	1.50392	3	0	0
3	166000001	1.55963	1.50392	3	0	0
3	166500001	1.53447	1.50392	3	0	0
3	167000001	1.5226	1.50392	3	0	0
3	167500001	1.47521	1.50392	3	0	0
3	168000001	1.4899	1.50392	3	0	0
3	168500001	1.54612	1.50392	3	0	0
3	169000001	1.57045	1.50392	3	0	0
3	169500001	1.56505	1.50392	3	0	0
3	170000001	1.52703	1.50392	3	0	0
3	170500001	1.65362	1.50392	3	0	0
3	171000001	1.55774	1.50392	3	0	0
3	171500001	1.61425	1.50392	3	0	0
3	172000001	1.53003	1.50392	3	0	0
3	172500001	1.54501	1.50392	3	0	0
3	173000001	1.55135	1.50392	3	0	0
3	173500001	1.5162	1.50392	3	0	0
3	174000001	1.51321	1.50392	3	0	0
3	174500001	1.54059	1.50392	3	0	0
3	175000001	1.533	1.50392	3	0	0
3	175500001	1.49738	1.50392	3	0	0
3	176000001	1.44501	1.50392	3	0	0
3	176500001	1.51474	1.50392	3	0	0
3	177000001	1.55368	1.50392	3	0	0
3	177500001	1.55892	1.50392	3	0	0
3	178000001	1.57521	1.50392	3	0	0
3	178500001	1.48847	1.50392	3	0	0
3	179000001	1.82005	1.94133	4	0	0
3	179500001	1.86129	1.94133	4	0	0
3	180000001	1.87397	1.94133	4	0	0
3	180500001	1.87679	1.94133	4	0	0
3	181000001	1.87357	1.94133	4	0	0
3	181500001	1.89078	1.94133	4	0	0
3	182000001	1.99245	1.94133	4	0	0
3	182500001	2.05831	1.94133	4	0	0
3	183000001	2.00237	1.94133	4	0	0
3	183500001	1.96925	1.94133	4	0	0
3	184000001	1.94288	1.94133	4	0	0
3	184500001	1.93978	1.94133	4	0	0
3	185000001	1.99276	1.94133	4	0	0
3	185500001	2.02838	1.94133	4	0	0
3	186000001	2.01046	1.94133	4	0	0
3	186500001	1.93332	1.94133	4	0	0
3	187000001	2.62872	2.81886	6	0	0
3	187500001	3.00899	2.81886	6	0	0
3	188000001	3.04572	2.81886	6	0	0
3	188500001	2.59077	2.81886	6	0	0
3	189000001	2.1909	2.02583	4	0	0
3	189500001	2.1856	2.02583	4	0	0
3	190000001	2.15597	2.02583	4	0	0
3	190500001	2.12081	2.02583	4	0	0
3	191000001	1.99272	2.02583	4	0	0
3	191500001	2.1153	2.02583	4	0	0
3	192000001	1.87966	2.02583	4	0	0
3	192500001	1.87021	2.02583	4	0	0
3	193000001	1.97219	2.02583	4	0	0
3	193500001	2.05893	2.02583	4	0	0
3	194000001	1.97779	2.02583	4	0	0
3	194500001	2.09143	2.02583	4	0	0
3	195000001	1.97925	2.02583	4	0	0
3	195500001	2.12976	2.02583	4	0	0
3	196000001	1.97895	2.02583	4	0	0
3	196500001	1.95149	2.02583	4	0	0
3	197000001	2.3811	2.31545	5	0	0
3	197500001	2.24979	2.31545	5	0	0
3	198000001	-1	-1	-1	0	0
4	1	0.689829	0.498157	1	0	0
4	500001	0.491414	0.498157	1	0	0
4	1000001	0.476543	0.498157	1	0	0
4	1500001	0.520695	0.498157	1	0	0
4	2000001	0.51621	0.498157	1	0	0
4	2500001	0.515144	0.498157	1	0	0
4	3000001	0.495817	0.498157	1	0	0
4	3500001	0.467294	0.498157	1	0	0
4	4000001	0.519619	0.498157	1	0	0
4	4500001	0.485162	0.498157	1	0	0
4	5000001	0.461639	0.498157	1	0	0
4	5500001	0.448281	0.498157	1	0	0
4	6000001	0.509135	0.498157	1	0	0
4	6500001	0.489574	0.498157	1	0	0
4	7000001	0.492681	0.498157	1	0	0
4	7500001	0.50418	0.498157	1	0	0
4	8000001	0.526918	0.498157	1	0	0
4	8500001	0.513453	0.498157	1	0	0
4	9000001	0.670033	0.498157	1	0	0
4	9500001	0.475921	0.498157	1	0	0
4	10000001	0.498157	0.498157	1	0	0
4	10500001	0.477088	0.498157	1	0	0
4	11000001	0.532659	0.498157	1	0	0
4	11500001	0.558621	0.498157	1	0	0
4	12000001	0.496548	0.498157	1	0	0
4	12500001	0.493744	0.498157	1	0	0
4	13000001	0.735926	0.498157	1	0	0
4	13500001	0.944197	0.989253	2	0	0
4	14000001	0.925244	0.989253	2	0	0
4	14500001	0.92308	0.989253	2	0	0
4	15000001	0.958298	0.989253	2	0	0
4	15500001	1.02102	0.989253	2	0	0
4	16000001	1.01141	0.989253	2	0	0
4	16500001	0.919538	0.989253	2	0	0
4	17000001	0.914069	0.989253	2	0	0
4	17500001	0.943825	0.989253	2	0	0
4	18000001	0.935415	0.989253	2	0	0
4	18500001	0.938305	0.989253	2	0	0
4	19000001	0.871709	0.989253	2	0	0
4	19500001	0.889424	0.989253	2	0	0
4	20000001	0.971377	0.989253	2	0	0
4	20500001	1.23443	0.989253	2	0	0
4	21000001	0.979808	0.989253	2	0	0
4	21500001	0.957676	0.989253	2	0	0
4	22000001	0.950741	0.989253	2	0	0
4	22500001	0.947243	0.989253	2	0	0
4	23000001	0.991178	0.989253	2	0	0
4	23500001	0.952075	0.989253	2	0	0
4	24000001	1.00282	0.989253	2	0	0
4	24500001	1.01101	0.989253	2	0	0
4	25000001	1.06212	0.989253	2	0	0
4	25500001	0.98639	0.989253	2	0	0
4	26000001	0.963857	0.989253	2	0	0
4	26500001	1.05346	0.989253	2	0	0
4	27000001	0.968147	0.989253	2	0	0
4	27500001	0.987102	0.989253	2	0	0
4	28000001	0.989253	0.989253	2	0	0
4	28500001	0.959193	0.989253	2	0	0
4	29000001	0.975895	0.989253	2	0	0
4	29500001	0.973264	0.989253	2	0	0
4	30000001	0.98722	0.989253	2	0	0
4	30500001	1.00467	0.989253	2	0	0
4	31000001	1.05945	0.989253	2	0	0
4	31500001	1.01387	0.989253	2	0	0
4	32000001	1.01908	0.989253	2	0	0
4	32500001	0.965274	0.989253	2	0	0
4	33000001	0.980821	0.989253	2	0	0
4	33500001	1.01797	0.989253	2	0	0
4	34000001	1.03808	0.989253	2	0	0
4	34500001	0.956352	0.989253	2	0	0
4	35000001	1.00302	0.989253	2	0	0
4	35500001	1.02693	0.989253	2	0	0
4	36000001	1.00753	0.989253	2	0	0
4	36500001	1.01445	0.989253	2	0	0
4	37000001	1.03325	0.989253	2	0	0
4	37500001	1.06607	0.989253	2	0	0
4	38000001	1.08708	0.989253	2	0	0
4	38500001	1.13791	0.989253	2	0	0
4	39000001	1.06364	0.989253	2	0	0
4	39500001	1.04725	0.989253	2	0	0
4	40000001	1.05299	0.989253	2	0	0
4	40500001	1.03678	0.989253	2	0	0
4	41000001	1.07915	0.989253	2	0	0
4	41500001	1.07102	0.989253	2	0	0
4	42000001	0.987452	0.989253	2	0	0
4	42500001	0.965725	0.989253	2	0	0
4	43000001	0.977429	0.989253	2	0	0
4	43500001	1.04081	0.989253	2	0	0
4	44000001	0.972481	0.989253	2	0	0
4	44500001	0.985138	0.989253	2	0	0
4	45000001	0.994711	0.989253	2	0	0
4	45500001	1.00039	0.989253	2	0	0
4	46000001	0.950983	0.989253	2	0	0
4	46500001	0.993018	0.989253	2	0	0
4	47000001	0.966011	0.989253	2	0	0
4	47500001	1.08667	0.989253	2	0	0
4	48000001	1.04702	0.989253	2	0	0
4	48500001	1.01343	0.989253	2	0	0
4	49000001	-1	-1	-1	0	0
4	49500001	2.47655	2.47655	5	0	0
4	50000001	2.03417	2.03417	4	0	0
4	50500001	1.66273	1.49422	3	0	0
4	51000001	1.32571	1.49422	3	0	0
4	51500001	1.14163	1.02127	2	0	0
4	52000001	0.988287	1.02127	2	0	0
4	52500001	1.01812	1.02127	2	0	0
4	53000001	1.03092	1.02127	2	0	0
4	53500001	1.01211	1.02127	2	0	0
4	54000001	1.03149	1.02127	2	0	0
4	54500001	1.07554	1.02127	2	0	0
4	55000001	0.996874	1.02127	2	0	0
4	55500001	0.997207	1.02127	2	0	0
4	56000001	0.982076	1.02127	2	0	0
4	56500001	1.00495	1.02127	2	0	0
4	57000001	1.01304	1.02127	2	0	0
4	57500001	0.980555	1.02127	2	0	0
4	58000001	0.982914	1.02127	2	0	0
4	58500001	0.998535	1.02127	2	0	0
4	59000001	1.02736	1.02127	2	0	0
4	59500001	0.955813	1.02127	2	0	0
4	60000001	1.04179	1.02127	2	0	0
4	60500001	1.01262	1.02127	2	0	0
4	61000001	1.03171	1.02127	2	0	0
4	61500001	1.00252	1.02127	2	0	0
4	62000001	1.03983	1.02127	2	0	0
4	62500001	0.982351	1.02127	2	0	0
4	63000001	0.932604	1.02127	2	0	0
4	63500001	0.997808	1.02127	2	0	0
4	64000001	0.969753	1.02127	2	0	0
4	64500001	1.02127	1.02127	2	0	0
4	65000001	1.00423	1.02127	2	0	0
4	65500001	0.979183	1.02127	2	0	0
4	66000001	0.954156	1.02127	2	0	0
4	66500001	0.985462	1.02127	2	0	0
4	67000001	1.01449	1.02127	2	0	0
4	67500001	1.01424	1.02127	2	0	0
4	68000001	1.06476	1.02127	2	0	0
4	68500001	1.00794	1.02127	2	0	0
4	69000001	0.824314	1.02127	2	0	0
4	69500001	1.00337	1.02127	2	0	0
4	70000001	1.01059	1.02127	2	0	0
4	70500001	0.969	1.02127	2	0	0
4	71000001	0.950391	1.02127	2	0	0
4	71500001	0.943468	1.02127	2	0	0
4	72000001	0.956943	1.02127	2	0	0
4	72500001	0.970725	1.02127	2	0	0
4	73000001	1.06951	1.02127	2	0	0
4	73500001	1.08836	1.02127	2	0	0
4	74000001	1.06426	1.02127	2	0	0
4	74500001	1.05954	1.02127	2	0	0
4	75000001	1.01222	1.02127	2	0	0
4	75500001	0.957386	1.02127	2	0	0
4	76000001	1.06016	1.02127	2	0	0
4	76500001	1.0575	1.02127	2	0	0
4	77000001	1.01503	1.02127	2	0	0
4	77500001	1.01985	1.02127	2	0	0
4	78000001	1.05504	1.02127	2	0	0
4	78500001	1.0651	1.02127	2	0	0
4	79000001	1.02994	1.02127	2	0	0
4	79500001	1.04652	1.02127	2	0	0
4	80000001	1.01044	1.02127	2	0	0
4	80500001	1.08338	1.02127	2	0	0
4	81000001	0.992665	1.02127	2	0	0
4	81500001	0.943835	1.02127	2	0	0
4	82000001	1.00911	1.02127	2	0	0
4	82500001	1.02122	1.02127	2	0	0
4	83000001	1.03519	1.02127	2	0	0
4	83500001	1.03329	1.02127	2	0	0
4	84000001	1.01202	1.02127	2	0	0
4	84500001	1.00157	1.02127	2	0	0
4	85000001	1.01013	1.02127	2	0	0
4	85500001	0.988612	1.02127	2	0	0
4	86000001	1.01167	1.02127	2	0	0
4	86500001	0.877292	1.02127	2	0	0
4	87000001	1.02737	1.02127	2	0	0
4	87500001	1.01067	1.02127	2	0	0
4	88000001	1.01351	1.02127	2	0	0
4	88500001	1.0638	1.02127	2	0	0
4	89000001	1.06402	1.02127	2	0	0
4	89500001	1.08382	1.02127	2	0	0
4	90000001	1.08199	1.02127	2	0	0
4	90500001	1.08147	1.02127	2	0	0
4	91000001	1.00471	1.02127	2	0	0
4	91500001	1.01094	1.02127	2	0	0
4	92000001	1.0212	1.02127	2	0	0
4	92500001	1.01338	1.02127	2	0	0
4	93000001	1.04303	1.02127	2	0	0
4	93500001	1.0134	1.02127	2	0	0
4	94000001	1.03395	1.02127	2	0	0
4	94500001	1.06058	1.02127	2	0	0
4	95000001	1.0554	1.02127	2	0	0
4	95500001	1.02934	1.02127	2	0	0
4	96000001	1.03886	1.02127	2	0	0
4	96500001	1.04011	1.02127	2	0	0
4	97000001	1.0225	1.02127	2	0	0
4	97500001	1.03834	1.02127	2	0	0
4	98000001	1.03448	1.02127	2	0	0
4	98500001	1.02126	1.02127	2	0	0
4	99000001	1.06895	1.02127	2	0	0
4	99500001	1.03877	1.02127	2	0	0
4	100000001	1.0262	1.02127	2	0	0
4	100500001	1.01809	1.02127	2	0	0
4	101000001	1.09518	1.02127	2	0	0
4	101500001	1.09284	1.02127	2	0	0
4	102000001	1.02635	1.02127	2	0	0
4	102500001	1.12906	1.02127	2	0	0
4	103000001	1.0825	1.02127	2	0	0
4	103500001	1.12171	1.02127	2	0	0
4	104000001	1.06409	1.02127	2	0	0
4	104500001	1.07406	1.02127	2	0	0
4	105000001	1.04981	1.02127	2	0	0
4	105500001	1.06808	1.02127	2	0	0
4	106000001	1.07203	1.02127	2	0	0
4	106500001	1.01299	1.02127	2	0	0
4	107000001	1.02185	1.02127	2	0	0
4	107500001	1.05523	1.02127	2	0	0
4	108000001	0.946972	1.02127	2	0	0
4	108500001	0.975361	1.02127	2	0	0
4	109000001	0.936829	1.02127	2	0	0
4	109500001	1.04305	1.02127	2	0	0
4	110000001	1.04492	1.02127	2	0	0
4	110500001	1.01645	1.02127	2	0	0
4	111000001	0.995976	1.02127	2	0	0
4	111500001	1.03241	1.02127	2	0	0
4	112000001	1.06465	1.02127	2	0	0
4	112500001	0.962886	1.02127	2	0	0
4	113000001	1.05062	1.02127	2	0	0
4	113500001	1.04125	1.02127	2	0	0
4	114000001	1.08351	1.02127	2	0	0
4	114500001	0.964275	1.02127	2	0	0
4	115000001	1.02667	1.02127	2	0	0
4	115500001	1.07	1.02127	2	0	0
4	116000001	1.027	1.02127	2	0	0
4	116500001	0.518516	0.504572	1	0	0
4	117000001	0.478746	0.504572	1	0	0
4	117500001	0.493398	0.504572	1	0	0
4	118000001	0.510556	0.504572	1	0	0
4	118500001	0.51092	0.504572	1	0	0
4	119000001	0.515926	0.504572	1	0	0
4	119500001	0.502278	0.504572	1	0	0
4	120000001	0.502787	0.504572	1	0	0
4	120500001	0.457666	0.504572	1	0	0
4	121000001	0.485216	0.504572	1	0	0
4	121500001	0.504572	0.504572	1	0	0
4	122000001	0.490811	0.504572	1	0	0
4	122500001	0.537447	0.504572	1	0	0
4	123000001	0.523214	0.504572	1	0	0
4	123500001	0.537001	0.504572	1	0	0
4	124000001	0.551199	0.504572	1	0	0
4	124500001	0.538909	0.504572	1	0	0
4	125000001	0.542595	0.504572	1	0	0
4	125500001	0.510382	0.504572	1	0	0
4	126000001	0.484574	0.504572	1	0	0
4	126500001	0.466938	0.504572	1	0	0
4	127000001	0.489042	0.504572	1	0	0
4	127500001	0.48899	0.504572	1	0	0
4	128000001	0.527597	0.504572	1	0	0
4	128500001	0.503584	0.504572	1	0	0
4	129000001	0.504792	0.504572	1	0	0
4	129500001	0.476431	0.504572	1	0	0
4	130000001	0.486931	0.504572	1	0	0
4	130500001	0.511178	0.504572	1	0	0
4	131000001	0.520515	0.504572	1	0	0
4	131500001	0.475223	0.504572	1	0	0
4	132000001	0.509354	0.504572	1	0	0
4	132500001	0.468638	0.504572	1	0	0
4	133000001	0.526744	0.504572	1	0	0
4	133500001	0.539473	0.504572	1	0	0
4	134000001	0.502802	0.504572	1	0	0
4	134500001	0.510287	0.504572	1	0	0
4	135000001	0.493329	0.504572	1	0	0
4	135500001	0.490986	0.504572	1	0	0
4	136000001	0.499947	0.504572	1	0	0
4	136500001	0.487617	0.504572	1	0	0
4	137000001	0.49606	0.504572	1	0	0
4	137500001	0.528134	0.504572	1	0	0
4	138000001	0.534626	0.504572	1	0	0
4	138500001	0.504131	0.504572	1	0	0
4	139000001	0.498756	0.504572	1	0	0
4	139500001	0.529504	0.504572	1	0	0
4	140000001	0.52543	0.504572	1	0	0
4	140500001	0.494504	0.504572	1	0	0
4	141000001	0.490616	0.504572	1	0	0
4	141500001	0.508546	0.504572	1	0	0
4	142000001	0.529729	0.504572	1	0	0
4	142500001	0.731028	0.504572	1	0	0
4	143000001	0.974539	1.00685	2	0	0
4	143500001	1.04808	1.00685	2	0	0
4	144000001	1.2581	1.00685	2	0	0
4	144500001	1.0787	1.00685	2	0	0
4	145000001	1.00702	1.00685	2	0	0
4	145500001	1.01614	1.00685	2	0	0
4	146000001	0.998936	1.00685	2	0	0
4	146500001	0.945667	1.00685	2	0	0
4	147000001	1.01257	1.00685	2	0	0
4	147500001	1.07545	1.00685	2	0	0
4	148000001	0.986652	1.00685	2	0	0
4	148500001	0.984605	1.00685	2	0	0
4	149000001	0.984317	1.00685	2	0	0
4	149500001	0.991486	1.00685	2	0	0
4	150000001	0.94892	1.00685	2	0	0
4	150500001	1.02906	1.00685	2	0	0
4	151000001	1.00217	1.00685	2	0	0
4	151500001	0.99767	1.00685	2	0	0
4	152000001	1.01258	1.00685	2	0	0
4	152500001	1.01191	1.00685	2	0	0
4	153000001	1.04862	1.00685	2	0	0
4	153500001	1.03322	1.00685	2	0	0
4	154000001	0.961635	1.00685	2	0	0
4	154500001	0.956486	1.00685	2	0	0
4	155000001	0.956591	1.00685	2	0	0
4	155500001	1.022	1.00685	2	0	0
4	156000001	1.03366	1.00685	2	0	0
4	156500001	1.05421	1.00685	2	0	0
4	157000001	1.08206	1.00685	2	0	0
4	157500001	1.04564	1.00685	2	0	0
4	158000001	1.00692	1.00685	2	0	0
4	158500001	1.00609	1.00685	2	0	0
4	159000001	1.02836	1.00685	2	0	0
4	159500001	1.02067	1.00685	2	0	0
4	160000001	0.965641	1.00685	2	0	0
4	160500001	0.979709	1.00685	2	0	0
4	161000001	1.01745	1.00685	2	0	0
4	161500001	1.00679	1.00685	2	0	0
4	162000001	0.969031	1.00685	2	0	0
4	162500001	0.970765	1.00685	2	0	0
4	163000001	0.946985	1.00685	2	0	0
4	163500001	0.960196	1.00685	2	0	0
4	164000001	1.05428	1.00685	2	0	0
4	164500001	0.996315	1.00685	2	0	0
4	165000001	1.01178	1.00685	2	0	0
4	165500001	0.975495	1.00685	2	0	0
4	166000001	1.03758	1.00685	2	0	0
4	166500001	1.03233	1.00685	2	0	0
4	167000001	1.03435	1.00685	2	0	0
4	167500001	1.03452	1.00685	2	0	0
4	168000001	1.11943	1.00685	2	0	0
4	168500001	1.05928	1.00685	2	0	0
4	169000001	1.09612	1.00685	2	0	0
4	169500001	1.02311	1.00685	2	0	0
4	170000001	0.960749	1.00685	2	0	0
4	170500001	0.963364	1.00685	2	0	0
4	171000001	0.99681	1.00685	2	0	0
4	171500001	0.952071	1.00685	2	0	0
4	172000001	0.964386	1.00685	2	0	0
4	172500001	0.986832	1.00685	2	0	0
4	173000001	1.00235	1.00685	2	0	0
4	173500001	0.972127	1.00685	2	0	0
4	174000001	1.00352	1.00685	2	0	0
4	174500001	1.0863	1.00685	2	0	0
4	175000001	1.01558	1.00685	2	0	0
4	175500001	1.00827	1.00685	2	0	0
4	176000001	1.02286	1.00685	2	0	0
4	176500001	1.02425	1.00685	2	0	0
4	177000001	1.01735	1.00685	2	0	0
4	177500001	0.938612	1.00685	2	0	0
4	178000001	0.994193	1.00685	2	0	0
4	178500001	1.00555	1.00685	2	0	0
4	179000001	0.966188	1.00685	2	0	0
4	179500001	0.942789	1.00685	2	0	0
4	180000001	1.01191	1.00685	2	0	0
4	180500001	0.941157	1.00685	2	0	0
4	181000001	0.921869	1.00685	2	0	0
4	181500001	0.896085	1.00685	2	0	0
4	182000001	0.93164	1.00685	2	0	0
4	182500001	0.947022	1.00685	2	0	0
4	183000001	1.05184	1.00685	2	0	0
4	183500001	0.979863	1.00685	2	0	0
4	184000001	1.05568	1.00685	2	0	0
4	184500001	1.00582	1.00685	2	0	0
4	185000001	1.03347	1.00685	2	0	0
4	185500001	1.04519	1.00685	2	0	0
4	186000001	1.02275	1.00685	2	0	0
4	186500001	1.06095	1.00685	2	0	0
4	187000001	1.09631	1.00685	2	0	0
4	187500001	1.03012	1.00685	2	0	0
4	188000001	0.921185	1.00685	2	0	0
4	188500001	1.01475	1.00685	2	0	0
4	189000001	1.00677	1.00685	2	0	0
4	189500001	0.98704	1.00685	2	0	0
4	190000001	-1	-1	-1	0	0
5	1	2.17614	1.80852	4	0	0
5	500001	2.56839	1.80852	4	0	0
5	1000001	1.76713	1.80852	4	0	0
5	1500001	1.78478	1.80852	4	0	0
5	2000001	1.73831	1.80852	4	0	0
5	2500001	1.81207	1.80852	4	0	0
5	3000001	1.67986	1.80852	4	0	0
5	3500001	1.7206	1.80852	4	0	0
5	4000001	1.70175	1.80852	4	0	0
5	4500001	1.80761	1.80852	4	0	0
5	5000001	1.84612	1.80852	4	0	0
5	5500001	1.77555	1.80852	4	0	0
5	6000001	1.75749	1.80852	4	0	0
5	6500001	1.8016	1.80852	4	0	0
5	7000001	1.76698	1.80852	4	0	0
5	7500001	1.80943	1.80852	4	0	0
5	8000001	1.75447	1.80852	4	0	0
5	8500001	1.95747	1.80852	4	0	0
5	9000001	1.97183	1.80852	4	0	0
5	9500001	2.06047	1.80852	4	0	0
5	10000001	2.02715	1.80852	4	0	0
5	10500001	1.97888	1.80852	4	0	0
5	11000001	1.9024	1.80852	4	0	0
5	11500001	2.00825	1.80852	4	0	0
5	12000001	2.00294	1.80852	4	0	0
5	12500001	1.78372	1.80852	4	0	0
5	13000001	2.47476	2.47942	5	0	0
5	13500001	2.59004	2.47942	5	0	0
5	14000001	2.52883	2.47942	5	0	0
5	14500001	2.51131	2.47942	5	0	0
5	15000001	2.5216	2.47942	5	0	0
5	15500001	2.35882	2.47942	5	0	0
5	16000001	2.38722	2.47942	5	0	0
5	16500001	2.42323	2.47942	5	0	0
5	17000001	2.4619	2.47942	5	0	0
5	17500001	3.20079	2.47942	5	0	0
5	18000001	2.40004	2.47942	5	0	0
5	18500001	2.56075	2.47942	5	0	0
5	19000001	2.57056	2.47942	5	0	0
5	19500001	2.62122	2.47942	5	0	0
5	20000001	2.6321	2.47942	5	0	0
5	20500001	2.53066	2.47942	5	0	0
5	21000001	3.20084	2.47942	5	0	0
5	21500001	2.53768	2.47942	5	0	0
5	22000001	2.28331	2.47942	5	0	0
5	22500001	2.38368	2.47942	5	0	0
5	23000001	2.45472	2.47942	5	0	0
5	23500001	2.41368	2.47942	5	0	0
5	24000001	2.44689	2.47942	5	0	0
5	24500001	2.48408	2.47942	5	0	0
5	25000001	2.46524	2.47942	5	0	0
5	25500001	2.47246	2.47942	5	0	0
5	26000001	1.98418	1.9798	4	0	0
5	26500001	1.97576	1.9798	4	0	0
5	27000001	1.95101	1.9798	4	0	0
5	27500001	1.98765	1.9798	4	0	0
5	28000001	2.02392	1.9798	4	0	0
5	28500001	1.94638	1.9798	4	0	0
5	29000001	1.96051	1.9798	4	0	0
5	29500001	1.98383	1.9798	4	0	0
5	30000001	1.97185	1.9798	4	0	0
5	30500001	1.93319	1.9798	4	0	0
5	31000001	2.06401	1.9798	4	0	0
5	31500001	1.97209	1.9798	4	0	0
5	32000001	1.98841	1.9798	4	0	0
5	32500001	1.96804	1.9798	4	0	0
5	33000001	1.88028	1.9798	4	0	0
5	33500001	1.95897	1.9798	4	0	0
5	34000001	2.60118	1.9798	4	0	0
5	34500001	2.06974	1.9798	4	0	0
5	35000001	1.9604	1.9798	4	0	0
5	35500001	1.90691	1.9798	4	0	0
5	36000001	2.10107	1.9798	4	0	0
5	36500001	2.14869	1.9798	4	0	0
5	37000001	2.03262	1.9798	4	0	0
5	37500001	1.98473	1.9798	4	0	0
5	38000001	1.89692	1.9798	4	0	0
5	38500001	1.94554	1.9798	4	0	0
5	39000001	2.11651	1.9798	4	0	0
5	39500001	2.06357	1.9798	4	0	0
5	40000001	2.07878	1.9798	4	0	0
5	40500001	1.96556	1.9798	4	0	0
5	41000001	2.00215	1.9798	4	0	0
5	41500001	2.00366	1.9798	4	0	0
5	42000001	1.88882	1.9798	4	0	0
5	42500001	2.00224	1.9798	4	0	0
5	43000001	1.99537	1.9798	4	0	0
5	43500001	1.99489	1.9798	4	0	0
5	44000001	1.9088	1.9798	4	0	0
5	44500001	1.84646	1.9798	4	0	0
5	45000001	1.89746	1.9798	4	0	0
5	45500001	1.84045	1.9798	4	0	0
5	46000001	1.53064	1.62112	3	0	0
5	46500001	1.42833	1.62112	3	0	0
5	47000001	1.46748	1.62112	3	0	0
5	47500001	1.7116	1.62112	3	0	0
5	48000001	1.967	1.62112	3	0	0
5	48500001	1.91442	1.62112	3	0	0
5	49000001	3.1823	6.29396	13	0	0
5	49500001	9.40563	6.29396	13	0	0
5	50000001	1.57973	1.00041	2	0	0
5	50500001	1.02507	1.00041	2	0	0
5	51000001	1.02849	1.00041	2	0	0
5	51500001	1.04723	1.00041	2	0	0
5	52000001	0.998519	1.00041	2	0	0
5	52500001	1.02325	1.00041	2	0	0
5	53000001	1.08662	1.00041	2	0	0
5	53500001	1.07502	1.00041	2	0	0
5	54000001	1.00781	1.00041	2	0	0
5	54500001	1.03746	1.00041	2	0	0
5	55000001	1.01306	1.00041	2	0	0
5	55500001	1.04635	1.00041	2	0	0
5	56000001	1.02014	1.00041	2	0	0
5	56500001	1.06356	1.00041	2	0	0
5	57000001	1.04095	1.00041	2	0	0
5	57500001	1.13816	1.00041	2	0	0
5	58000001	1.04678	1.00041	2	0	0
5	58500001	0.996795	1.00041	2	0	0
5	59000001	1.05583	1.00041	2	0	0
5	59500001	0.739576	1.00041	2	0	0
5	60000001	0.324023	1.00041	2	0	0
5	60500001	0.624984	1.00041	2	0	0
5	61000001	1.02395	1.00041	2	0	0
5	61500001	1.03671	1.00041	2	0	0
5	62000001	0.983125	1.00041	2	0	0
5	62500001	0.951258	1.00041	2	0	0
5	63000001	0.963233	1.00041	2	0	0
5	63500001	0.954097	1.00041	2	0	0
5	64000001	0.954633	1.00041	2	0	0
5	64500001	0.971646	1.00041	2	0	0
5	65000001	1.00494	1.00041	2	0	0
5	65500001	1.05085	1.00041	2	0	0
5	66000001	1.03561	1.00041	2	0	0
5	66500001	1.02884	1.00041	2	0	0
5	67000001	0.981732	1.00041	2	0	0
5	67500001	1.05058	1.00041	2	0	0
5	68000001	0.989268	1.00041	2	0	0
5	68500001	0.991357	1.00041	2	0	0
5	69000001	0.967754	1.00041	2	0	0
5	69500001	1.34889	1.00041	2	0	0
5	70000001	1.20959	1.00041	2	0	0
5	70500001	1.24518	1.00041	2	0	0
5	71000001	1.25499	1.00041	2	0	0
5	71500001	0.988348	1.00041	2	0	0
5	72000001	1.0448	1.00041	2	0	0
5	72500001	1.05073	1.00041	2	0	0
5	73000001	1.03216	1.00041	2	0	0
5	73500001	1.07672	1.00041	2	0	0
5	74000001	1.12294	1.00041	2	0	0
5	74500001	1.02639	1.00041	2	0	0
5	75000001	1.07178	1.00041	2	0	0
5	75500001	1.05549	1.00041	2	0	0
5	76000001	0.967763	1.00041	2	0	0
5	76500001	0.989105	1.00041	2	0	0
5	77000001	0.992534	1.00041	2	0	0
5	77500001	1.00014	1.00041	2	0	0
5	78000001	1.02346	1.00041	2	0	0
5	78500001	1.03625	1.00041	2	0	0
5	79000001	0.999559	1.00041	2	0	0
5	79500001	1.01138	1.00041	2	0	0
5	80000001	0.978575	1.00041	2	0	0
5	80500001	0.965789	1.00041	2	0	0
5	81000001	0.987248	1.00041	2	0	0
5	81500001	1.05071	1.00041	2	0	0
5	82000001	1.01968	1.00041	2	0	0
5	82500001	0.954488	1.00041	2	0	0
5	83000001	0.997282	1.00041	2	0	0
5	83500001	1.00967	1.00041	2	0	0
5	84000001	1.02816	1.00041	2	0	0
5	84500001	0.978715	1.00041	2	0	0
5	85000001	1.00525	1.00041	2	0	0
5	85500001	1.02388	1.00041	2	0	0
5	86000001	0.978819	1.00041	2	0	0
5	86500001	0.965673	1.00041	2	0	0
5	87000001	1.04234	1.00041	2	0	0
5	87500001	0.993517	1.00041	2	0	0
5	88000001	1.00889	1.00041	2	0	0
5	88500001	1.0215	1.00041	2	0	0
5	89000001	1.00041	1.00041	2	0	0
5	89500001	0.988168	1.00041	2	0	0
5	90000001	0.949822	1.00041	2	0	0
5	90500001	1.07059	1.00041	2	0	0
5	91000001	1.02462	1.00041	2	0	0
5	91500001	1.00631	1.00041	2	0	0
5	92000001	1.00952	1.00041	2	0	0
5	92500001	1.0311	1.00041	2	0	0
5	93000001	1.04894	1.00041	2	0	0
5	93500001	0.973552	1.00041	2	0	0
5	94000001	1.02528	1.00041	2	0	0
5	94500001	1.01681	1.00041	2	0	0
5	95000001	1.01995	1.00041	2	0	0
5	95500001	1.08037	1.00041	2	0	0
5	96000001	1.09623	1.00041	2	0	0
5	96500001	1.06292	1.00041	2	0	0
5	97000001	0.986134	1.00041	2	0	0
5	97500001	0.933491	1.00041	2	0	0
5	98000001	0.931425	1.00041	2	0	0
5	98500001	0.944945	1.00041	2	0	0
5	99000001	0.958942	1.00041	2	0	0
5	99500001	0.914141	1.00041	2	0	0
5	100000001	0.957503	1.00041	2	0	0
5	100500001	0.937833	1.00041	2	0	0
5	101000001	0.9335	1.00041	2	0	0
5	101500001	0.908895	1.00041	2	0	0
5	102000001	0.983504	1.00041	2	0	0
5	102500001	1.03606	1.00041	2	0	0
5	103000001	1.02253	1.00041	2	0	0
5	103500001	0.984611	1.00041	2	0	0
5	104000001	1.02223	1.00041	2	0	0
5	104500001	0.996919	1.00041	2	0	0
5	105000001	1.05638	1.00041	2	0	0
5	105500001	0.946648	1.00041	2	0	0
5	106000001	1.0328	1.00041	2	0	0
5	106500001	0.995521	1.00041	2	0	0
5	107000001	1.47906	1.00041	2	0	0
5	107500001	1.06514	1.00041	2	0	0
5	108000001	1.00681	1.00041	2	0	0
5	108500001	1.01677	1.00041	2	0	0
5	109000001	0.957614	1.00041	2	0	0
5	109500001	1.022	1.00041	2	0	0
5	110000001	0.931043	1.00041	2	0	0
5	110500001	1.02691	1.00041	2	0	0
5	111000001	1.02425	1.00041	2	0	0
5	111500001	0.990549	1.00041	2	0	0
5	112000001	1.01682	1.00041	2	0	0
5	112500001	1.14184	1.00041	2	0	0
5	113000001	1.1048	1.00041	2	0	0
5	113500001	1.00036	1.00041	2	0	0
5	114000001	0.95902	1.00041	2	0	0
5	114500001	0.933318	1.00041	2	0	0
5	115000001	1.01646	1.00041	2	0	0
5	115500001	1.04151	1.00041	2	0	0
5	116000001	0.965443	1.00041	2	0	0
5	116500001	0.899908	1.00041	2	0	0
5	117000001	0.926093	1.00041	2	0	0
5	117500001	0.987039	1.00041	2	0	0
5	118000001	0.878086	1.00041	2	0	0
5	118500001	0.928364	1.00041	2	0	0
5	119000001	1.01799	1.00041	2	0	0
5	119500001	0.98428	1.00041	2	0	0
5	120000001	0.939073	1.00041	2	0	0
5	120500001	0.983563	1.00041	2	0	0
5	121000001	0.98635	1.00041	2	0	0
5	121500001	0.993552	1.00041	2	0	0
5	122000001	1.07011	1.00041	2	0	0
5	122500001	1.03774	1.00041	2	0	0
5	123000001	1.05718	1.00041	2	0	0
5	123500001	1.06269	1.00041	2	0	0
5	124000001	1.00748	1.00041	2	0	0
5	124500001	1.01142	1.00041	2	0	0
5	125000001	0.987073	1.00041	2	0	0
5	125500001	1.03753	1.00041	2	0	0
5	126000001	1.07202	1.00041	2	0	0
5	126500001	0.900822	1.00041	2	0	0
5	127000001	1.03259	1.00041	2	0	0
5	127500001	1.03329	1.00041	2	0	0
5	128000001	1.00553	1.00041	2	0	0
5	128500001	0.972519	1.00041	2	0	0
5	129000001	0.941224	1.00041	2	0	0
5	129500001	0.915509	1.00041	2	0	0
5	130000001	0.953891	1.00041	2	0	0
5	130500001	1.01792	1.00041	2	0	0
5	131000001	1.02852	1.00041	2	0	0
5	131500001	0.991479	1.00041	2	0	0
5	132000001	1.00494	1.00041	2	0	0
5	132500001	0.996607	1.00041	2	0	0
5	133000001	1.00389	1.00041	2	0	0
5	133500001	1.01727	1.00041	2	0	0
5	134000001	1.01039	1.00041	2	0	0
5	134500001	0.998638	1.00041	2	0	0
5	135000001	1.05899	1.00041	2	0	0
5	135500001	0.932103	1.00041	2	0	0
5	136000001	0.982497	1.00041	2	0	0
5	136500001	0.978088	1.00041	2	0	0
5	137000001	1.01078	1.00041	2	0	0
5	137500001	1.02171	1.00041	2	0	0
5	138000001	1.01685	1.00041	2	0	0
5	138500001	1.0678	1.00041	2	0	0
5	139000001	1.0285	1.00041	2	0	0
5	139500001	0.985307	1.00041	2	0	0
5	140000001	1.042	1.00041	2	0	0
5	140500001	1.01436	1.00041	2	0	0
5	141000001	0.951064	1.00041	2	0	0
5	141500001	1.02661	1.00041	2	0	0
5	142000001	1.01651	1.00041	2	0	0
5	142500001	1.01573	1.00041	2	0	0
5	143000001	1.12445	1.00041	2	0	0
5	143500001	1.06368	1.00041	2	0	0
5	144000001	1.04299	1.00041	2	0	0
5	144500001	0.947556	1.00041	2	0	0
5	145000001	0.998458	1.00041	2	0	0
5	145500001	1.04933	1.00041	2	0	0
5	146000001	1.01743	1.00041	2	0	0
5	146500001	1.01165	1.00041	2	0	0
5	147000001	1.03037	1.00041	2	0	0
5	147500001	0.977876	1.00041	2	0	0
5	148000001	1.05704	1.00041	2	0	0
5	148500001	1.09663	1.00041	2	0	0
5	149000001	1.0853	1.00041	2	0	0
5	149500001	1.07726	1.00041	2	0	0
5	150000001	1.05257	1.00041	2	0	0
5	150500001	0.997427	1.00041	2	0	0
5	151000001	1.03693	1.00041	2	0	0
5	151500001	1.05881	1.00041	2	0	0
5	152000001	1.01105	1.00041	2	0	0
5	152500001	0.933557	1.00041	2	0	0
5	153000001	0.931303	1.00041	2	0	0
5	153500001	0.979582	1.00041	2	0	0
5	154000001	0.935141	1.00041	2	0	0
5	154500001	0.907371	1.00041	2	0	0
5	155000001	0.93235	1.00041	2	0	0
5	155500001	0.909959	1.00041	2	0	0
5	156000001	0.903242	1.00041	2	0	0
5	156500001	0.903051	1.00041	2	0	0
5	157000001	0.903533	1.00041	2	0	0
5	157500001	0.9264	1.00041	2	0	0
5	158000001	0.956269	1.00041	2	0	0
5	158500001	0.939577	1.00041	2	0	0
5	159000001	0.982537	1.00041	2	0	0
5	159500001	1.01081	1.00041	2	0	0
5	160000001	0.987701	1.00041	2	0	0
5	160500001	0.977543	1.00041	2	0	0
5	161000001	0.918467	1.00041	2	0	0
5	161500001	0.934173	1.00041	2	0	0
5	162000001	0.927407	1.00041	2	0	0
5	162500001	0.929132	1.00041	2	0	0
5	163000001	0.926172	1.00041	2	0	0
5	163500001	0.988421	1.00041	2	0	0
5	164000001	0.962649	1.00041	2	0	0
5	164500001	0.917525	1.00041	2	0	0
5	165000001	0.894025	1.00041	2	0	0
5	165500001	0.932529	1.00041	2	0	0
5	166000001	0.868066	1.00041	2	0	0
5	166500001	0.894048	1.00041	2	0	0
5	167000001	0.963841	1.00041	2	0	0
5	167500001	1.05282	1.00041	2	0	0
5	168000001	1.00207	1.00041	2	0	0
5	168500001	0.973455	1.00041	2	0	0
5	169000001	1.0165	1.00041	2	0	0
5	169500001	0.956936	1.00041	2	0	0
5	170000001	0.994519	1.00041	2	0	0
5	170500001	1.09252	1.00041	2	0	0
5	171000001	1.04	1.00041	2	0	0
5	171500001	1.0017	1.00041	2	0	0
5	172000001	1.07811	1.00041	2	0	0
5	172500001	1.01861	1.00041	2	0	0
5	173000001	0.998405	1.00041	2	0	0
5	173500001	1.02904	1.00041	2	0	0
5	174000001	0.990297	1.00041	2	0	0
5	174500001	0.952389	1.00041	2	0	0
5	175000001	0.908537	1.00041	2	0	0
5	175500001	0.984199	1.00041	2	0	0
5	176000001	0.990353	1.00041	2	0	0
5	176500001	0.947983	1.00041	2	0	0
5	177000001	0.987217	1.00041	2	0	0
5	177500001	0.996555	1.00041	2	0	0
5	178000001	0.859146	1.00041	2	0	0
5	178500001	0.891618	1.00041	2	0	0
5	179000001	0.927031	1.00041	2	0	0
5	179500001	0.942787	1.00041	2	0	0
5	180000001	0.98306	1.00041	2	0	0
5	180500001	0.966745	1.00041	2	0	0
5	181000001	0.973781	1.00041	2	0	0
5	181500001	-1	-1	-1	0	0
6	1	1.94078	1.96135	4	0	0
6	500001	2.11611	1.96135	4	0	0
6	1000001	2.10511	1.96135	4	0	0
6	1500001	1.96135	1.96135	4	0	0
6	2000001	2.01061	1.96135	4	0	0
6	2500001	1.9642	1.96135	4	0	0
6	3000001	1.97428	1.96135	4	0	0
6	3500001	2.06723	1.96135	4	0	0
6	4000001	1.96395	1.96135	4	0	0
6	4500001	1.81366	1.96135	4	0	0
6	5000001	1.92088	1.96135	4	0	0
6	5500001	1.82104	1.96135	4	0	0
6	6000001	1.88074	1.96135	4	0	0
6	6500001	1.90687	1.96135	4	0	0
6	7000001	2.00965	1.96135	4	0	0
6	7500001	1.9687	1.96135	4	0	0
6	8000001	1.94939	1.96135	4	0	0
6	8500001	1.80127	1.96135	4	0	0
6	9000001	1.9319	1.96135	4	0	0
6	9500001	1.97633	1.96135	4	0	0
6	10000001	1.95989	1.96135	4	0	0
6	10500001	1.91953	2.3099	5	0	0
6	11000001	2.04042	2.3099	5	0	0
6	11500001	2.57938	2.3099	5	0	0
6	12000001	3.052	2.3099	5	0	0
6	12500001	3.07124	3.07124	6	0	0
6	13000001	2.07313	1.9362	4	0	0
6	13500001	1.98925	1.9362	4	0	0
6	14000001	1.93861	1.9362	4	0	0
6	14500001	1.88003	1.9362	4	0	0
6	15000001	1.85399	1.9362	4	0	0
6	15500001	1.83678	1.9362	4	0	0
6	16000001	1.9191	1.9362	4	0	0
6	16500001	1.97584	1.9362	4	0	0
6	17000001	1.9338	1.9362	4	0	0
6	17500001	2.00076	1.9362	4	0	0
6	18000001	2.04428	1.9362	4	0	0
6	18500001	2.05954	1.9362	4	0	0
6	19000001	1.92278	1.9362	4	0	0
6	19500001	1.91331	1.9362	4	0	0
6	20000001	2.02729	1.9362	4	0	0
6	20500001	1.74568	1.9362	4	0	0
6	21000001	1.44282	1.45744	3	0	0
6	21500001	1.39183	1.45744	3	0	0
6	22000001	1.38713	1.45744	3	0	0
6	22500001	1.23964	1.45744	3	0	0
6	23000001	1.40325	1.45744	3	0	0
6	23500001	1.30392	1.45744	3	0	0
6	24000001	1.39411	1.45744	3	0	0
6	24500001	1.45873	1.45744	3	0	0
6	25000001	1.49595	1.45744	3	0	0
6	25500001	1.46836	1.45744	3	0	0
6	26000001	1.45413	1.45744	3	0	0
6	26500001	1.35758	1.45744	3	0	0
6	27000001	1.39598	1.45744	3	0	0
6	27500001	1.41639	1.45744	3	0	0
6	28000001	1.46815	1.45744	3	0	0
6	28500001	1.43994	1.45744	3	0	0
6	29000001	1.50822	1.45744	3	0	0
6	29500001	1.37598	1.45744	3	0	0
6	30000001	1.49014	1.45744	3	0	0
6	30500001	1.55309	1.45744	3	0	0
6	31000001	1.49886	1.45744	3	0	0
6	31500001	1.45615	1.45744	3	0	0
6	32000001	1.49283	1.45744	3	0	0
6	32500001	1.39523	1.45744	3	0	0
6	33000001	1.43021	1.45744	3	0	0
6	33500001	1.48312	1.45744	3	0	0
6	34000001	1.38376	1.45744	3	0	0
6	34500001	1.50777	1.45744	3	0	0
6	35000001	1.49021	1.45744	3	0	0
6	35500001	1.48174	1.45744	3	0	0
6	36000001	1.57884	1.45744	3	0	0
6	36500001	1.52841	1.45744	3	0	0
6	37000001	1.53742	1.45744	3	0	0
6	37500001	1.53133	1.45744	3	0	0
6	38000001	1.47492	1.45744	3	0	0
6	38500001	1.51143	1.45744	3	0	0
6	39000001	1.46967	1.45744	3	0	0
6	39500001	1.36019	1.45744	3	0	0
6	40000001	1.35112	1.45744	3	0	0
6	40500001	1.40421	1.45744	3	0	0
6	41000001	1.40183	1.45744	3	0	0
6	41500001	1.64284	1.45744	3	0	0
6	42000001	1.03106	1.0139	2	0	0
6	42500001	1.00637	1.0139	2	0	0
6	43000001	0.968135	1.0139	2	0	0
6	43500001	1.02481	1.0139	2	0	0
6	44000001	1.02143	1.0139	2	0	0
6	44500001	0.95837	1.0139	2	0	0
6	45000001	1.35907	1.53508	3	0	0
6	45500001	1.57353	1.53508	3	0	0
6	46000001	1.48172	1.53508	3	0	0
6	46500001	1.59215	1.53508	3	0	0
6	47000001	1.60429	1.53508	3	0	0
6	47500001	1.51781	1.53508	3	0	0
6	48000001	1.50067	1.53508	3	0	0
6	48500001	1.55027	1.53508	3	0	0
6	49000001	1.49999	1.53508	3	0	0
6	49500001	1.45627	1.53508	3	0	0
6	50000001	1.41905	1.53508	3	0	0
6	50500001	1.41742	1.53508	3	0	0
6	51000001	1.35444	1.53508	3	0	0
6	51500001	1.44557	1.53508	3	0	0
6	52000001	1.54506	1.53508	3	0	0
6	52500001	1.51251	1.53508	3	0	0
6	53000001	1.49364	1.53508	3	0	0
6	53500001	1.62785	1.53508	3	0	0
6	54000001	1.55964	1.53508	3	0	0
6	54500001	1.58885	1.53508	3	0	0
6	55000001	1.53508	1.53508	3	0	0
6	55500001	1.59728	1.53508	3	0	0
6	56000001	1.63393	1.53508	3	0	0
6	56500001	1.57999	1.53508	3	0	0
6	57000001	1.56363	1.53508	3	0	0
6	57500001	1.42659	1.53508	3	0	0
6	58000001	1.59912	1.53508	3	0	0
6	58500001	4.15349	4.04769	8	0	0
6	59000001	3.94189	4.04769	8	0	0
6	59500001	-1	-1	-1	0	0
6	60000001	-1	-1	-1	0	0
6	60500001	1.37066	1.3308	3	0	0
6	61000001	1.29093	1.3308	3	0	0
6	61500001	1.13952	1.3308	3	0	0
6	62000001	1.48847	1.3308	3	0	0
6	62500001	1.08945	1.00624	2	0	0
6	63000001	0.981347	1.00624	2	0	0
6	63500001	0.995034	1.00624	2	0	0
6	64000001	1.03098	1.00624	2	0	0
6	64500001	1.02775	1.00624	2	0	0
6	65000001	1.01987	1.00624	2	0	0
6	65500001	1.04874	1.00624	2	0	0
6	66000001	1.04333	1.00624	2	0	0
6	66500001	0.948778	1.00624	2	0	0
6	67000001	0.972743	1.00624	2	0	0
6	67500001	0.950539	1.00624	2	0	0
6	68000001	0.952132	1.00624	2	0	0
6	68500001	0.928634	1.00624	2	0	0
6	69000001	0.946714	1.00624	2	0	0
6	69500001	0.94346	1.00624	2	0	0
6	70000001	0.963258	1.00624	2	0	0
6	70500001	0.983371	1.00624	2	0	0
6	71000001	0.996579	1.00624	2	0	0
6	71500001	0.977684	1.00624	2	0	0
6	72000001	1.01528	1.00624	2	0	0
6	72500001	1.03133	1.00624	2	0	0
6	73000001	0.984592	1.00624	2	0	0
6	73500001	1.04848	1.00624	2	0	0
6	74000001	1.08758	1.00624	2	0	0
6	74500001	1.10179	1.00624	2	0	0
6	75000001	1.05388	1.00624	2	0	0
6	75500001	1.08386	1.00624	2	0	0
6	76000001	0.971644	1.00624	2	0	0
6	76500001	0.933565	1.00624	2	0	0
6	77000001	0.950375	1.00624	2	0	0
6	77500001	0.955162	1.00624	2	0	0
6	78000001	0.977466	1.00624	2	0	0
6	78500001	1.02859	1.00624	2	0	0
6	79000001	1.04357	1.00624	2	0	0
6	79500001	0.963061	1.00624	2	0	0
6	80000001	1.00831	1.00624	2	0	0
6	80500001	1.01244	1.00624	2	0	0
6	81000001	0.944882	1.00624	2	0	0
6	81500001	1.01191	1.00624	2	0	0
6	82000001	1.00309	1.00624	2	0	0
6	82500001	0.801578	1.00624	2	0	0
6	83000001	0.983045	1.00624	2	0	0
6	83500001	0.995388	1.00624	2	0	0
6	84000001	0.998404	1.00624	2	0	0
6	84500001	1.01738	1.00624	2	0	0
6	85000001	0.993012	1.00624	2	0	0
6	85500001	0.999141	1.00624	2	0	0
6	86000001	0.931189	1.00624	2	0	0
6	86500001	0.982445	1.00624	2	0	0
6	87000001	1.00603	1.00624	2	0	0
6	87500001	0.995918	1.00624	2	0	0
6	88000001	0.998028	1.00624	2	0	0
6	88500001	1.02401	1.00624	2	0	0
6	89000001	0.953886	1.00624	2	0	0
6	89500001	0.995069	1.00624	2	0	0
6	90000001	0.966578	1.00624	2	0	0
6	90500001	0.963906	1.00624	2	0	0
6	91000001	0.972011	1.00624	2	0	0
6	91500001	1.00764	1.00624	2	0	0
6	92000001	0.9905	1.00624	2	0	0
6	92500001	1.0437	1.00624	2	0	0
6	93000001	1.03108	1.00624	2	0	0
6	93500001	0.98328	1.00624	2	0	0
6	94000001	1.00632	1.00624	2	0	0
6	94500001	0.985079	1.00624	2	0	0
6	95000001	0.96488	1.00624	2	0	0
6	95500001	1.03503	1.00624	2	0	0
6	96000001	1.04042	1.00624	2	0	0
6	96500001	0.983876	1.00624	2	0	0
6	97000001	0.978932	1.00624	2	0	0
6	97500001	0.984999	1.00624	2	0	0
6	98000001	0.921556	1.00624	2	0	0
6	98500001	0.928279	1.00624	2	0	0
6	99000001	0.97895	1.00624	2	0	0
6	99500001	0.97578	1.00624	2	0	0
6	100000001	1.08977	1.00624	2	0	0
6	100500001	1.10726	1.00624	2	0	0
6	101000001	1.00923	1.00624	2	0	0
6	101500001	1.01983	1.00624	2	0	0
6	102000001	1.00925	1.00624	2	0	0
6	102500001	1.00025	1.00624	2	0	0
6	103000001	0.960242	1.00624	2	0	0
6	103500001	0.99837	1.00624	2	0	0
6	104000001	0.980324	1.00624	2	0	0
6	104500001	1.0232	1.00624	2	0	0
6	105000001	1.03702	1.00624	2	0	0
6	105500001	1.01795	1.00624	2	0	0
6	106000001	1.06832	1.00624	2	0	0
6	106500001	1.0927	1.00624	2	0	0
6	107000001	0.996184	1.00624	2	0	0
6	107500001	0.998389	1.00624	2	0	0
6	108000001	0.998306	1.00624	2	0	0
6	108500001	1.02518	1.00624	2	0	0
6	109000001	0.984192	1.00624	2	0	0
6	109500001	0.99946	1.00624	2	0	0
6	110000001	0.995162	1.00624	2	0	0
6	110500001	1.00189	1.00624	2	0	0
6	111000001	0.995085	1.00624	2	0	0
6	111500001	1.02889	1.00624	2	0	0
6	112000001	1.07996	1.00624	2	0	0
6	112500001	1.04023	1.00624	2	0	0
6	113000001	1.04933	1.00624	2	0	0
6	113500001	1.09339	1.00624	2	0	0
6	114000001	0.999359	1.00624	2	0	0
6	114500001	0.961064	1.00624	2	0	0
6	115000001	0.991023	1.00624	2	0	0
6	115500001	0.996274	1.00624	2	0	0
6	116000001	1.03205	1.00624	2	0	0
6	116500001	1.00699	1.00624	2	0	0
6	117000001	0.998113	1.00624	2	0	0
6	117500001	0.959732	1.00624	2	0	0
6	118000001	0.974606	1.00624	2	0	0
6	118500001	1.01966	1.00624	2	0	0
6	119000001	0.966797	1.00624	2	0	0
6	119500001	0.975699	1.00624	2	0	0
6	120000001	0.981605	1.00624	2	0	0
6	120500001	0.987248	1.00624	2	0	0
6	121000001	0.998653	1.00624	2	0	0
6	121500001	1.00616	1.00624	2	0	0
6	122000001	1.03175	1.00624	2	0	0
6	122500001	1.00046	1.00624	2	0	0
6	123000001	0.96054	1.00624	2	0	0
6	123500001	0.982096	1.00624	2	0	0
6	124000001	1.00092	1.00624	2	0	0
6	124500001	1.03301	1.00624	2	0	0
6	125000001	1.3111	1.00624	2	0	0
6	125500001	1.54419	1.00624	2	0	0
6	126000001	1.04842	1.00624	2	0	0
6	126500001	1.01782	1.00624	2	0	0
6	127000001	0.971317	1.00624	2	0	0
6	127500001	1.02808	1.00624	2	0	0
6	128000001	1.09399	1.00624	2	0	0
6	128500001	1.13158	1.00624	2	0	0
6	129000001	1.5362	1.00624	2	0	0
6	129500001	1.21745	1.00624	2	0	0
6	130000001	0.948982	1.00624	2	0	0
6	130500001	0.943904	1.00624	2	0	0
6	131000001	0.967333	1.00624	2	0	0
6	131500001	0.960274	1.00624	2	0	0
6	132000001	1.01703	1.00624	2	0	0
6	132500001	1.04937	1.00624	2	0	0
6	133000001	1.03525	1.00624	2	0	0
6	133500001	1.05323	1.00624	2	0	0
6	134000001	1.04638	1.00624	2	0	0
6	134500001	1.01423	1.00624	2	0	0
6	135000001	1.0392	1.00624	2	0	0
6	135500001	0.95585	1.00624	2	0	0
6	136000001	1.01262	1.00624	2	0	0
6	136500001	1.04441	1.00624	2	0	0
6	137000001	1.05672	1.00624	2	0	0
6	137500001	1.08661	1.00624	2	0	0
6	138000001	1.04565	1.00624	2	0	0
6	138500001	1.04734	1.00624	2	0	0
6	139000001	1.02808	1.00624	2	0	0
6	139500001	1.01291	1.00624	2	0	0
6	140000001	1.02334	1.00624	2	0	0
6	140500001	1.06844	1.00624	2	0	0
6	141000001	1.02748	1.00624	2	0	0
6	141500001	1.05122	1.00624	2	0	0
6	142000001	1.08726	1.00624	2	0	0
6	142500001	1.08154	1.00624	2	0	0
6	143000001	1.08081	1.00624	2	0	0
6	143500001	1.02225	1.00624	2	0	0
6	144000001	1.06873	1.00624	2	0	0
6	144500001	1.08551	1.00624	2	0	0
6	145000001	1.01533	1.00624	2	0	0
6	145500001	1.00349	1.00624	2	0	0
6	146000001	1.0034	1.00624	2	0	0
6	146500001	1.05531	1.00624	2	0	0
6	147000001	1.06329	1.00624	2	0	0
6	147500001	1.03241	1.00624	2	0	0
6	148000001	1.02135	1.00624	2	0	0
6	148500001	1.02857	1.00624	2	0	0
6	149000001	0.982649	1.00624	2	0	0
6	149500001	1.03317	1.00624	2	0	0
6	150000001	0.977085	1.00624	2	0	0
6	150500001	0.991077	1.00624	2	0	0
6	151000001	1.01505	1.00624	2	0	0
6	151500001	1.01288	1.00624	2	0	0
6	152000001	1.00275	1.00624	2	0	0
6	152500001	1.02874	1.00624	2	0	0
6	153000001	1.02469	1.00624	2	0	0
6	153500001	0.997532	1.00624	2	0	0
6	154000001	0.998087	1.00624	2	0	0
6	154500001	1.03211	1.00624	2	0	0
6	155000001	0.985497	1.00624	2	0	0
6	155500001	0.971464	1.00624	2	0	0
6	156000001	0.956641	1.00624	2	0	0
6	156500001	0.986485	1.00624	2	0	0
6	157000001	1.0076	1.00624	2	0	0
6	157500001	0.997754	1.00624	2	0	0
6	158000001	1.03592	1.00624	2	0	0
6	158500001	1.04423	1.00624	2	0	0
6	159000001	1.01475	1.00624	2	0	0
6	159500001	0.971629	1.00624	2	0	0
6	160000001	1.03539	1.00624	2	0	0
6	160500001	1.14707	1.00624	2	0	0
6	161000001	0.998393	1.00624	2	0	0
6	161500001	0.892146	0.925311	2	0	0
6	162000001	0.894518	0.925311	2	0	0
6	162500001	0.945566	0.925311	2	0	0
6	163000001	1.0005	0.925311	2	0	0
6	163500001	0.932746	0.925311	2	0	0
6	164000001	0.922973	0.925311	2	0	0
6	164500001	0.916999	0.925311	2	0	0
6	165000001	0.86739	0.925311	2	0	0
6	165500001	0.908336	0.925311	2	0	0
6	166000001	0.893695	0.925311	2	0	0
6	166500001	0.994899	0.925311	2	0	0
6	167000001	0.955387	0.925311	2	0	0
6	167500001	0.899637	0.925311	2	0	0
6	168000001	0.927648	0.925311	2	0	0
6	168500001	0.9446	0.925311	2	0	0
6	169000001	0.910378	0.925311	2	0	0
6	169500001	0.993928	0.925311	2	0	0
6	170000001	0.984082	0.925311	2	0	0
6	170500001	-1	-1	-1	0	0
7	1	2.01891	1.93845	4	0	0
7	500001	1.99645	1.93845	4	0	0
7	1000001	1.80755	1.93845	4	0	0
7	1500001	1.89996	1.93845	4	0	0
7	2000001	1.93793	1.93845	4	0	0
7	2500001	1.98237	1.93845	4	0	0
7	3000001	1.93845	1.93845	4	0	0
7	3500001	1.90446	1.93845	4	0	0
7	4000001	1.70738	1.93845	4	0	0
7	4500001	1.80162	1.93845	4	0	0
7	5000001	1.87185	1.93845	4	0	0
7	5500001	1.97298	1.93845	4	0	0
7	6000001	1.99115	1.93845	4	0	0
7	6500001	1.93057	1.93845	4	0	0
7	7000001	2.08359	1.93845	4	0	0
7	7500001	2.07951	1.93845	4	0	0
7	8000001	2.07157	1.93845	4	0	0
7	8500001	1.92226	1.93845	4	0	0
7	9000001	1.88716	1.93845	4	0	0
7	9500001	1.93107	1.93845	4	0	0
7	10000001	1.86101	1.93845	4	0	0
7	10500001	1.9192	1.93845	4	0	0
7	11000001	2.069	1.93845	4	0	0
7	11500001	2.12279	1.93845	4	0	0
7	12000001	2.15722	1.93845	4	0	0
7	12500001	2.06302	1.93845	4	0	0
7	13000001	2.06277	1.93845	4	0	0
7	13500001	1.48952	1.5329	3	0	0
7	14000001	1.46464	1.5329	3	0	0
7	14500001	1.53224	1.5329	3	0	0
7	15000001	1.46006	1.5329	3	0	0
7	15500001	1.50818	1.5329	3	0	0
7	16000001	1.63857	1.5329	3	0	0
7	16500001	1.61452	1.5329	3	0	0
7	17000001	1.70321	1.5329	3	0	0
7	17500001	1.6283	1.5329	3	0	0
7	18000001	1.53714	1.5329	3	0	0
7	18500001	1.54145	1.5329	3	0	0
7	19000001	1.43881	1.5329	3	0	0
7	19500001	1.5949	1.5329	3	0	0
7	20000001	1.59554	1.5329	3	0	0
7	20500001	1.52201	1.5329	3	0	0
7	21000001	1.50285	1.5329	3	0	0
7	21500001	1.5329	1.5329	3	0	0
7	22000001	1.51121	1.5329	3	0	0
7	22500001	1.56694	1.5329	3	0	0
7	23000001	1.59921	1.5329	3	0	0
7	23500001	1.56646	1.5329	3	0	0
7	24000001	1.46183	1.5329	3	0	0
7	24500001	1.56228	1.5329	3	0	0
7	25000001	1.52223	1.5329	3	0	0
7	25500001	1.47497	1.5329	3	0	0
7	26000001	1.44938	1.5329	3	0	0
7	26500001	1.61091	1.5329	3	0	0
7	27000001	1.57871	1.5329	3	0	0
7	27500001	1.4158	1.5329	3	0	0
7	28000001	0.992475	0.957253	2	0	0
7	28500001	0.974204	0.957253	2	0	0
7	29000001	0.986084	0.957253	2	0	0
7	29500001	1.02537	0.957253	2	0	0
7	30000001	1.05444	0.957253	2	0	0
7	30500001	1.02373	0.957253	2	0	0
7	31000001	0.94188	0.957253	2	0	0
7	31500001	0.942196	0.957253	2	0	0
7	32000001	0.927696	0.957253	2	0	0
7	32500001	0.964099	0.957253	2	0	0
7	33000001	1.00763	0.957253	2	0	0
7	33500001	0.969098	0.957253	2	0	0
7	34000001	0.926681	0.957253	2	0	0
7	34500001	0.957963	0.957253	2	0	0
7	35000001	0.981566	0.957253	2	0	0
7	35500001	1.00431	0.957253	2	0	0
7	36000001	1.03834	0.957253	2	0	0
7	36500001	0.994362	0.957253	2	0	0
7	37000001	0.917188	0.957253	2	0	0
7	37500001	0.953877	0.957253	2	0	0
7	38000001	0.920347	0.957253	2	0	0
7	38500001	0.952297	0.957253	2	0	0
7	39000001	0.968654	0.957253	2	0	0
7	39500001	0.984197	0.957253	2	0	0
7	40000001	0.971773	0.957253	2	0	0
7	40500001	1.04586	0.957253	2	0	0
7	41000001	1.03429	0.957253	2	0	0
7	41500001	1.02956	0.957253	2	0	0
7	42000001	0.937261	0.957253	2	0	0
7	42500001	0.943813	0.957253	2	0	0
7	43000001	0.957205	0.957253	2	0	0
7	43500001	1.02901	0.957253	2	0	0
7	44000001	0.96795	0.957253	2	0	0
7	44500001	0.952188	0.957253	2	0	0
7	45000001	1.00366	0.957253	2	0	0
7	45500001	1.04907	0.957253	2	0	0
7	46000001	1.08242	0.957253	2	0	0
7	46500001	1.1065	0.957253	2	0	0
7	47000001	1.02158	0.957253	2	0	0
7	47500001	1.00924	0.957253	2	0	0
7	48000001	0.971904	0.957253	2	0	0
7	48500001	0.880485	0.957253	2	0	0
7	49000001	0.910922	0.957253	2	0	0
7	49500001	0.851353	0.957253	2	0	0
7	50000001	0.900014	0.957253	2	0	0
7	50500001	0.882986	0.957253	2	0	0
7	51000001	0.91828	0.957253	2	0	0
7	51500001	0.873623	0.957253	2	0	0
7	52000001	0.88602	0.957253	2	0	0
7	52500001	0.886765	0.957253	2	0	0
7	53000001	0.933515	0.957253	2	0	0
7	53500001	0.957301	0.957253	2	0	0
7	54000001	0.980672	0.957253	2	0	0
7	54500001	1.06318	0.957253	2	0	0
7	55000001	1.05097	0.957253	2	0	0
7	55500001	0.890361	0.957253	2	0	0
7	56000001	0.90636	0.957253	2	0	0
7	56500001	0.857869	0.957253	2	0	0
7	57000001	0.801616	0.957253	2	0	0
7	57500001	0.919635	0.957253	2	0	0
7	58000001	1.42286	0.957253	2	0	0
7	58500001	1.10731	0.957253	2	0	0
7	59000001	1.00604	0.957253	2	0	0
7	59500001	1.03966	0.957253	2	0	0
7	60000001	0.861762	0.957253	2	0	0
7	60500001	1.47542	0.957253	2	0	0
7	61000001	0.933321	0.957253	2	0	0
7	61500001	-1	0.957253	2	0	0
7	62000001	1.02667	0.957253	2	0	0
7	62500001	0.959953	0.957253	2	0	0
7	63000001	0.858104	0.957253	2	0	0
7	63500001	0.834756	0.957253	2	0	0
7	64000001	0.864447	0.957253	2	0	0
7	64500001	0.866074	0.957253	2	0	0
7	65000001	0.91809	0.957253	2	0	0
7	65500001	1.03369	0.957253	2	0	0
7	66000001	0.947962	0.957253	2	0	0
7	66500001	0.970395	0.957253	2	0	0
7	67000001	0.886135	0.957253	2	0	0
7	67500001	0.860714	0.957253	2	0	0
7	68000001	0.834258	0.957253	2	0	0
7	68500001	0.841198	0.957253	2	0	0
7	69000001	0.875201	0.957253	2	0	0
7	69500001	0.87053	0.957253	2	0	0
7	70000001	0.943392	0.957253	2	0	0
7	70500001	0.923341	0.957253	2	0	0
7	71000001	0.864626	0.957253	2	0	0
7	71500001	0.870372	0.957253	2	0	0
7	72000001	0.868245	0.957253	2	0	0
7	72500001	0.922301	0.957253	2	0	0
7	73000001	1.04631	0.957253	2	0	0
7	73500001	0.975953	0.957253	2	0	0
7	74000001	0.986363	0.957253	2	0	0
7	74500001	0.964433	0.957253	2	0	0
7	75000001	0.936796	0.957253	2	0	0
7	75500001	0.969157	0.957253	2	0	0
7	76000001	0.983931	0.957253	2	0	0
7	76500001	1.03666	1.01471	2	0	0
7	77000001	1.05112	1.01471	2	0	0
7	77500001	0.99755	1.01471	2	0	0
7	78000001	0.966719	1.01471	2	0	0
7	78500001	0.974028	1.01471	2	0	0
7	79000001	0.968368	1.01471	2	0	0
7	79500001	1.02666	1.01471	2	0	0
7	80000001	1.08115	1.01471	2	0	0
7	80500001	1.12793	1.01471	2	0	0
7	81000001	1.06669	1.01471	2	0	0
7	81500001	1.06737	1.01471	2	0	0
7	82000001	1.00164	1.01471	2	0	0
7	82500001	0.997653	1.01471	2	0	0
7	83000001	1.01017	1.01471	2	0	0
7	83500001	1.06335	1.01471	2	0	0
7	84000001	1.11481	1.01471	2	0	0
7	84500001	1.06467	1.01471	2	0	0
7	85000001	1.12904	1.01471	2	0	0
7	85500001	1.08799	1.01471	2	0	0
7	86000001	0.954597	1.01471	2	0	0
7	86500001	1.0071	1.01471	2	0	0
7	87000001	1.03517	1.01471	2	0	0
7	87500001	0.982174	1.01471	2	0	0
7	88000001	1.03482	1.01471	2	0	0
7	88500001	1.00544	1.01471	2	0	0
7	89000001	0.938137	1.01471	2	0	0
7	89500001	0.966711	1.01471	2	0	0
7	90000001	1.02435	1.01471	2	0	0
7	90500001	1.0553	1.01471	2	0	0
7	91000001	1.04574	1.01471	2	0	0
7	91500001	1.06621	1.01471	2	0	0
7	92000001	1.05479	1.01471	2	0	0
7	92500001	1.07858	1.01471	2	0	0
7	93000001	1.07904	1.01471	2	0	0
7	93500001	1.04992	1.01471	2	0	0
7	94000001	1.04026	1.01471	2	0	0
7	94500001	0.994265	1.01471	2	0	0
7	95000001	1.00986	1.01471	2	0	0
7	95500001	0.986736	1.01471	2	0	0
7	96000001	1.00937	1.01471	2	0	0
7	96500001	1.00858	1.01471	2	0	0
7	97000001	1.0105	1.01471	2	0	0
7	97500001	0.948202	1.01471	2	0	0
7	98000001	0.981602	1.01471	2	0	0
7	98500001	0.965974	1.01471	2	0	0
7	99000001	1.01891	1.01471	2	0	0
7	99500001	1.00348	1.01471	2	0	0
7	100000001	0.991705	1.01471	2	0	0
7	100500001	1.04587	1.01471	2	0	0
7	101000001	0.927813	1.01471	2	0	0
7	101500001	1.00658	1.01471	2	0	0
7	102000001	1.07836	1.01471	2	0	0
7	102500001	1.6961	1.6961	3	0	0
7	103000001	1.01809	1.00182	2	0	0
7	103500001	0.989979	1.00182	2	0	0
7	104000001	1.01624	1.00182	2	0	0
7	104500001	1.08834	1.00182	2	0	0
7	105000001	1.03261	1.00182	2	0	0
7	105500001	1.02096	1.00182	2	0	0
7	106000001	1.02068	1.00182	2	0	0
7	106500001	1.03827	1.00182	2	0	0
7	107000001	1.00279	1.00182	2	0	0
7	107500001	1.0109	1.00182	2	0	0
7	108000001	1.0651	1.00182	2	0	0
7	108500001	0.980196	1.00182	2	0	0
7	109000001	0.971639	1.00182	2	0	0
7	109500001	1.02865	1.00182	2	0	0
7	110000001	1.01832	1.00182	2	0	0
7	110500001	0.972718	1.00182	2	0	0
7	111000001	0.711162	1.00182	2	0	0
7	111500001	0.629124	1.00182	2	0	0
7	112000001	0.960368	1.00182	2	0	0
7	112500001	1.03277	1.00182	2	0	0
7	113000001	0.969409	1.00182	2	0	0
7	113500001	0.980863	1.00182	2	0	0
7	114000001	1.06164	1.00182	2	0	0
7	114500001	1.05336	1.00182	2	0	0
7	115000001	1.07561	1.00182	2	0	0
7	115500001	1.06152	1.00182	2	0	0
7	116000001	1.12047	1.00182	2	0	0
7	116500001	1.11566	1.00182	2	0	0
7	117000001	1.08671	1.00182	2	0	0
7	117500001	1.02579	1.00182	2	0	0
7	118000001	0.962957	1.00182	2	0	0
7	118500001	0.967091	1.00182	2	0	0
7	119000001	0.975409	1.00182	2	0	0
7	119500001	1.03187	1.00182	2	0	0
7	120000001	0.993418	1.00182	2	0	0
7	120500001	1.06798	1.00182	2	0	0
7	121000001	1.08482	1.00182	2	0	0
7	121500001	0.977593	1.00182	2	0	0
7	122000001	0.993772	1.00182	2	0	0
7	122500001	0.972129	1.00182	2	0	0
7	123000001	1.01488	1.00182	2	0	0
7	123500001	1.02623	1.00182	2	0	0
7	124000001	0.984223	1.00182	2	0	0
7	124500001	0.989708	1.00182	2	0	0
7	125000001	1.05138	1.00182	2	0	0
7	125500001	0.936687	1.00182	2	0	0
7	126000001	0.928959	1.00182	2	0	0
7	126500001	0.946775	1.00182	2	0	0
7	127000001	0.94027	1.00182	2	0	0
7	127500001	0.936839	1.00182	2	0	0
7	128000001	1.00608	1.00182	2	0	0
7	128500001	1.02146	1.00182	2	0	0
7	129000001	1.02306	1.00182	2	0	0
7	129500001	1.04862	1.00182	2	0	0
7	130000001	1.05821	1.00182	2	0	0
7	130500001	1.02824	1.00182	2	0	0
7	131000001	1.01215	1.00182	2	0	0
7	131500001	0.965929	1.00182	2	0	0
7	132000001	0.965011	1.00182	2	0	0
7	132500001	0.978895	1.00182	2	0	0
7	133000001	0.996175	1.00182	2	0	0
7	133500001	1.01289	1.00182	2	0	0
7	134000001	1.00085	1.00182	2	0	0
7	134500001	1.07175	1.00182	2	0	0
7	135000001	1.02459	1.00182	2	0	0
7	135500001	1.00068	1.00182	2	0	0
7	136000001	0.963896	1.00182	2	0	0
7	136500001	0.93784	1.00182	2	0	0
7	137000001	0.973881	1.00182	2	0	0
7	137500001	0.943492	1.00182	2	0	0
7	138000001	0.958118	1.00182	2	0	0
7	138500001	0.968904	1.00182	2	0	0
7	139000001	0.991868	1.00182	2	0	0
7	139500001	1.02305	1.00182	2	0	0
7	140000001	0.97725	1.00182	2	0	0
7	140500001	1.01869	1.00182	2	0	0
7	141000001	0.954525	1.00182	2	0	0
7	141500001	0.962008	1.00182	2	0	0
7	142000001	0.512998	0.472855	1	0	0
7	142500001	0.463489	0.472855	1	0	0
7	143000001	0.469099	0.472855	1	0	0
7	143500001	0.440983	0.472855	1	0	0
7	144000001	0.684023	0.472855	1	0	0
7	144500001	0.455559	0.472855	1	0	0
7	145000001	0.44949	0.472855	1	0	0
7	145500001	0.481103	0.472855	1	0	0
7	146000001	0.457627	0.472855	1	0	0
7	146500001	0.460884	0.472855	1	0	0
7	147000001	0.459226	0.472855	1	0	0
7	147500001	0.46557	0.472855	1	0	0
7	148000001	0.473798	0.472855	1	0	0
7	148500001	0.507738	0.472855	1	0	0
7	149000001	0.486895	0.472855	1	0	0
7	149500001	0.471468	0.472855	1	0	0
7	150000001	0.464195	0.472855	1	0	0
7	150500001	0.474757	0.472855	1	0	0
7	151000001	0.473778	0.472855	1	0	0
7	151500001	0.520972	0.472855	1	0	0
7	152000001	0.552563	0.472855	1	0	0
7	152500001	0.476534	0.472855	1	0	0
7	153000001	0.4691	0.472855	1	0	0
7	153500001	0.472855	0.472855	1	0	0
7	154000001	0.597547	0.472855	1	0	0
7	154500001	0.940152	0.927515	2	0	0
7	155000001	0.914878	0.927515	2	0	0
7	155500001	0.968513	0.927515	2	0	0
7	156000001	0.715294	0.927515	2	0	0
7	156500001	0.501787	0.479998	1	0	0
7	157000001	0.478358	0.479998	1	0	0
7	157500001	0.481637	0.479998	1	0	0
7	158000001	0.465204	0.479998	1	0	0
7	158500001	0.506268	0.479998	1	0	0
7	159000001	0.325475	0.479998	1	0	0
8	1	0.916963	0.939877	2	0	0
8	500001	0.921539	0.939877	2	0	0
8	1000001	0.894906	0.939877	2	0	0
8	1500001	0.958697	0.939877	2	0	0
8	2000001	0.964568	0.939877	2	0	0
8	2500001	0.993248	0.939877	2	0	0
8	3000001	0.902797	0.939877	2	0	0
8	3500001	0.898458	0.939877	2	0	0
8	4000001	0.911751	0.939877	2	0	0
8	4500001	0.90406	0.939877	2	0	0
8	5000001	0.905199	0.939877	2	0	0
8	5500001	0.944873	0.939877	2	0	0
8	6000001	0.944846	0.939877	2	0	0
8	6500001	0.990546	0.939877	2	0	0
8	7000001	0.729973	0.939877	2	0	0
8	7500001	0.636424	0.939877	2	0	0
8	8000001	0.611206	0.939877	2	0	0
8	8500001	1.0162	0.939877	2	0	0
8	9000001	0.934908	0.939877	2	0	0
8	9500001	0.972224	0.939877	2	0	0
8	10000001	1.04736	0.939877	2	0	0
8	10500001	1.01802	0.939877	2	0	0
8	11000001	0.967551	0.939877	2	0	0
8	11500001	1.01634	0.939877	2	0	0
8	12000001	0.674325	0.509836	1	0	0
8	12500001	0.730187	0.509836	1	0	0
8	13000001	0.489843	0.509836	1	0	0
8	13500001	0.533639	0.509836	1	0	0
8	14000001	0.82399	0.509836	1	0	0
8	14500001	0.482651	0.509836	1	0	0
8	15000001	0.48653	0.509836	1	0	0
8	15500001	0.525595	0.509836	1	0	0
8	16000001	0.50756	0.509836	1	0	0
8	16500001	0.534904	0.509836	1	0	0
8	17000001	0.512947	0.509836	1	0	0
8	17500001	0.546884	0.509836	1	0	0
8	18000001	0.530744	0.509836	1	0	0
8	18500001	0.552439	0.509836	1	0	0
8	19000001	0.530051	0.509836	1	0	0
8	19500001	0.476494	0.509836	1	0	0
8	20000001	0.474625	0.509836	1	0	0
8	20500001	0.455184	0.509836	1	0	0
8	21000001	0.468434	0.509836	1	0	0
8	21500001	0.489172	0.509836	1	0	0
8	22000001	0.494958	0.509836	1	0	0
8	22500001	0.475109	0.509836	1	0	0
8	23000001	0.510117	0.509836	1	0	0
8	23500001	0.509836	0.509836	1	0	0
8	24000001	0.519431	0.509836	1	0	0
8	24500001	0.540604	0.509836	1	0	0
8	25000001	0.448848	0.509836	1	0	0
8	25500001	0.507507	0.509836	1	0	0
8	26000001	0.504039	0.509836	1	0	0
8	26500001	0.510244	0.509836	1	0	0
8	27000001	0.527822	0.509836	1	0	0
8	27500001	0.54329	0.509836	1	0	0
8	28000001	0.543056	0.509836	1	0	0
8	28500001	0.494801	0.509836	1	0	0
8	29000001	0.492661	0.509836	1	0	0
8	29500001	0.510976	0.509836	1	0	0
8	30000001	0.508009	0.509836	1	0	0
8	30500001	0.496244	0.509836	1	0	0
8	31000001	0.490547	0.509836	1	0	0
8	31500001	0.988448	0.986494	2	0	0
8	32000001	1.0733	0.986494	2	0	0
8	32500001	1.02811	0.986494	2	0	0
8	33000001	1.0687	0.986494	2	0	0
8	33500001	0.955441	0.986494	2	0	0
8	34000001	0.902455	0.986494	2	0	0
8	34500001	0.934861	0.986494	2	0	0
8	35000001	0.94492	0.986494	2	0	0
8	35500001	0.882509	0.986494	2	0	0
8	36000001	0.968525	0.986494	2	0	0
8	36500001	1.03571	0.986494	2	0	0
8	37000001	1.03456	0.986494	2	0	0
8	37500001	0.976789	0.986494	2	0	0
8	38000001	1.025	0.986494	2	0	0
8	38500001	1.03264	0.986494	2	0	0
8	39000001	1.0651	0.986494	2	0	0
8	39500001	1.04849	0.986494	2	0	0
8	40000001	1.00487	0.986494	2	0	0
8	40500001	0.976055	0.986494	2	0	0
8	41000001	1.01862	0.986494	2	0	0
8	41500001	0.994386	0.986494	2	0	0
8	42000001	1.02674	0.986494	2	0	0
8	42500001	0.969771	0.986494	2	0	0
8	43000001	0.99039	0.986494	2	0	0
8	43500001	0.966637	0.986494	2	0	0
8	44000001	1.15601	0.986494	2	0	0
8	44500001	1.15602	0.986494	2	0	0
8	45000001	0.991971	0.986494	2	0	0
8	45500001	0.984108	0.986494	2	0	0
8	46000001	0.886485	0.986494	2	0	0
8	46500001	0.938445	0.986494	2	0	0
8	47000001	0.987638	0.986494	2	0	0
8	47500001	1.00029	0.986494	2	0	0
8	48000001	1.0118	0.986494	2	0	0
8	48500001	1.05796	0.986494	2	0	0
8	49000001	1.01028	0.986494	2	0	0
8	49500001	0.93255	0.986494	2	0	0
8	50000001	0.996523	0.986494	2	0	0
8	50500001	1.00703	0.986494	2	0	0
8	51000001	0.932085	0.986494	2	0	0
8	51500001	0.995178	0.986494	2	0	0
8	52000001	0.957035	0.986494	2	0	0
8	52500001	1.00043	0.986494	2	0	0
8	53000001	0.976077	0.986494	2	0	0
8	53500001	1.02612	0.986494	2	0	0
8	54000001	0.967545	0.986494	2	0	0
8	54500001	0.988353	0.986494	2	0	0
8	55000001	0.941647	0.986494	2	0	0
8	55500001	0.971827	0.986494	2	0	0
8	56000001	0.969169	0.986494	2	0	0
8	56500001	0.896594	0.986494	2	0	0
8	57000001	0.920166	0.986494	2	0	0
8	57500001	0.950755	0.986494	2	0	0
8	58000001	0.930631	0.986494	2	0	0
8	58500001	1.04389	0.986494	2	0	0
8	59000001	1.01473	0.986494	2	0	0
8	59500001	1.07275	0.986494	2	0	0
8	60000001	1.02011	0.986494	2	0	0
8	60500001	0.985351	0.986494	2	0	0
8	61000001	1.00175	0.986494	2	0	0
8	61500001	1.03631	0.986494	2	0	0
8	62000001	0.961552	0.986494	2	0	0
8	62500001	0.946302	0.986494	2	0	0
8	63000001	0.968098	0.986494	2	0	0
8	63500001	0.918577	0.986494	2	0	0
8	64000001	0.925117	0.986494	2	0	0
8	64500001	1.00983	0.986494	2	0	0
8	65000001	0.94534	0.986494	2	0	0
8	65500001	0.966479	0.986494	2	0	0
8	66000001	1.03855	0.986494	2	0	0
8	66500001	0.993577	0.986494	2	0	0
8	67000001	0.949456	0.986494	2	0	0
8	67500001	0.994434	0.986494	2	0	0
8	68000001	0.912401	0.986494	2	0	0
8	68500001	0.883179	0.986494	2	0	0
8	69000001	0.909316	0.986494	2	0	0
8	69500001	0.848146	0.986494	2	0	0
8	70000001	0.944774	0.986494	2	0	0
8	70500001	0.98025	0.986494	2	0	0
8	71000001	0.909439	0.986494	2	0	0
8	71500001	0.931834	0.986494	2	0	0
8	72000001	0.936263	0.986494	2	0	0
8	72500001	0.929042	0.986494	2	0	0
8	73000001	0.978535	0.986494	2	0	0
8	73500001	1.01308	0.986494	2	0	0
8	74000001	0.952056	0.986494	2	0	0
8	74500001	0.951529	0.986494	2	0	0
8	75000001	0.998009	0.986494	2	0	0
8	75500001	0.993384	0.986494	2	0	0
8	76000001	1.01215	0.986494	2	0	0
8	76500001	1.0248	0.986494	2	0	0
8	77000001	1.02952	0.986494	2	0	0
8	77500001	1.03985	0.986494	2	0	0
8	78000001	1.06929	0.986494	2	0	0
8	78500001	1.00434	0.986494	2	0	0
8	79000001	1.02689	0.986494	2	0	0
8	79500001	1.03492	0.986494	2	0	0
8	80000001	1.00603	0.986494	2	0	0
8	80500001	1.03582	0.986494	2	0	0
8	81000001	1.08335	0.986494	2	0	0
8	81500001	1.00517	0.986494	2	0	0
8	82000001	0.937138	0.986494	2	0	0
8	82500001	0.903092	0.986494	2	0	0
8	83000001	0.936327	0.986494	2	0	0
8	83500001	0.919762	0.986494	2	0	0
8	84000001	0.925432	0.986494	2	0	0
8	84500001	0.929109	0.986494	2	0	0
8	85000001	0.921476	0.986494	2	0	0
8	85500001	2.47477	2.47477	5	0	0
8	86000001	0.950095	0.977894	2	0	0
8	86500001	0.981011	0.977894	2	0	0
8	87000001	0.945208	0.977894	2	0	0
8	87500001	0.970512	0.977894	2	0	0
8	88000001	0.971194	0.977894	2	0	0
8	88500001	1.01974	0.977894	2	0	0
8	89000001	1.04429	0.977894	2	0	0
8	89500001	1.08175	0.977894	2	0	0
8	90000001	1.03875	0.977894	2	0	0
8	90500001	0.995655	0.977894	2	0	0
8	91000001	0.952841	0.977894	2	0	0
8	91500001	0.924514	0.977894	2	0	0
8	92000001	0.882449	0.977894	2	0	0
8	92500001	0.925788	0.977894	2	0	0
8	93000001	0.937024	0.977894	2	0	0
8	93500001	0.974778	0.977894	2	0	0
8	94000001	1.03816	0.977894	2	0	0
8	94500001	1.04451	0.977894	2	0	0
8	95000001	1.05787	0.977894	2	0	0
8	95500001	0.994888	0.977894	2	0	0
8	96000001	1.20706	1.20706	2	0	0
8	96500001	1.38403	1.20706	2	0	0
8	97000001	1.43844	1.20706	2	0	0
8	97500001	1.16347	1.20706	2	0	0
8	98000001	1.01856	1.20706	2	0	0
8	98500001	1.03829	1.20706	2	0	0
8	99000001	1.29228	1.20706	2	0	0
8	99500001	1.53664	1.53664	3	0	0
8	100000001	1.73707	1.53664	3	0	0
8	100500001	1.56089	1.53664	3	0	0
8	101000001	1.59326	1.53664	3	0	0
8	101500001	1.6137	1.53664	3	0	0
8	102000001	1.49301	1.53664	3	0	0
8	102500001	1.51933	1.53664	3	0	0
8	103000001	1.53695	1.53664	3	0	0
8	103500001	1.45923	1.53664	3	0	0
8	104000001	1.3827	1.53664	3	0	0
8	104500001	1.41639	1.53664	3	0	0
8	105000001	1.78023	1.87048	4	0	0
8	105500001	2.01926	1.87048	4	0	0
8	106000001	2.05584	1.87048	4	0	0
8	106500001	2.03319	1.87048	4	0	0
8	107000001	2.07138	1.87048	4	0	0
8	107500001	1.89591	1.87048	4	0	0
8	108000001	1.84433	1.87048	4	0	0
8	108500001	1.88519	1.87048	4	0	0
8	109000001	1.8694	1.87048	4	0	0
8	109500001	1.87048	1.87048	4	0	0
8	110000001	1.84612	1.87048	4	0	0
8	110500001	1.7909	1.87048	4	0	0
8	111000001	1.80946	1.87048	4	0	0
8	111500001	1.79822	1.87048	4	0	0
8	112000001	1.76455	1.87048	4	0	0
8	112500001	1.86686	1.87048	4	0	0
8	113000001	1.87758	1.87048	4	0	0
8	113500001	1.81794	1.87048	4	0	0
8	114000001	1.92414	1.87048	4	0	0
8	114500001	1.96766	1.87048	4	0	0
8	115000001	1.97149	1.87048	4	0	0
8	115500001	2.52534	2.53253	5	0	0
8	116000001	2.40824	2.53253	5	0	0
8	116500001	2.41586	2.53253	5	0	0
8	117000001	2.43626	2.53253	5	0	0
8	117500001	2.54843	2.53253	5	0	0
8	118000001	2.53972	2.53253	5	0	0
8	118500001	2.58142	2.53253	5	0	0
8	119000001	2.85418	2.53253	5	0	0
8	119500001	3.74065	3.72916	7	0	0
8	120000001	3.71768	3.72916	7	0	0
8	120500001	3.2303	3.2303	6	0	0
8	121000001	2.42302	2.54608	5	0	0
8	121500001	2.5765	2.54608	5	0	0
8	122000001	2.51258	2.54608	5	0	0
8	122500001	2.60417	2.54608	5	0	0
8	123000001	2.54351	2.54608	5	0	0
8	123500001	2.56411	2.54608	5	0	0
8	124000001	2.49019	2.54608	5	0	0
8	124500001	2.54565	2.54608	5	0	0
8	125000001	2.54651	2.54608	5	0	0
8	125500001	2.56561	2.54608	5	0	0
8	126000001	2.50852	2.54608	5	0	0
8	126500001	2.52356	2.54608	5	0	0
8	127000001	2.57804	2.54608	5	0	0
8	127500001	2.55273	2.54608	5	0	0
8	128000001	2.55142	2.54608	5	0	0
8	128500001	2.49292	2.54608	5	0	0
8	129000001	2.48034	2.54608	5	0	0
8	129500001	2.51204	2.54608	5	0	0
8	130000001	2.55552	2.54608	5	0	0
8	130500001	2.55879	2.54608	5	0	0
8	131000001	2.33795	2.23859	4	0	0
8	131500001	2.20464	2.23859	4	0	0
8	132000001	2.25858	2.23859	4	0	0
8	132500001	2.39579	2.23859	4	0	0
8	133000001	2.49454	2.23859	4	0	0
8	133500001	2.44731	2.23859	4	0	0
8	134000001	2.325	2.23859	4	0	0
8	134500001	2.27681	2.23859	4	0	0
8	135000001	2.23646	2.23859	4	0	0
8	135500001	2.20877	2.23859	4	0	0
8	136000001	2.26398	2.23859	4	0	0
8	136500001	2.22948	2.23859	4	0	0
8	137000001	2.16941	2.23859	4	0	0
8	137500001	2.15203	2.23859	4	0	0
8	138000001	2.17125	2.23859	4	0	0
8	138500001	2.13756	2.23859	4	0	0
8	139000001	2.1757	2.23859	4	0	0
8	139500001	2.24072	2.23859	4	0	0
8	140000001	2.45327	2.45327	5	0	0
8	140500001	2.77356	2.45327	5	0	0
8	141000001	2.21974	2.45327	5	0	0
8	141500001	1.7962	1.81658	4	0	0
8	142000001	1.70493	1.81658	4	0	0
8	142500001	1.85707	1.81658	4	0	0
8	143000001	1.89253	1.81658	4	0	0
8	143500001	1.81658	1.81658	4	0	0
8	144000001	1.80935	1.81658	4	0	0
8	144500001	1.99014	1.81658	4	0	0
8	145000001	-1	-1	-1	0	0
9	1	0.614693	0.48679	1	0	0
9	500001	0.54031	0.48679	1	0	0
9	1000001	0.483263	0.48679	1	0	0
9	1500001	0.429949	0.48679	1	0	0
9	2000001	0.515247	0.48679	1	0	0
9	2500001	0.486292	0.48679	1	0	0
9	3000001	0.51025	0.48679	1	0	0
9	3500001	0.494306	0.48679	1	0	0
9	4000001	0.48679	0.48679	1	0	0
9	4500001	0.513766	0.48679	1	0	0
9	5000001	0.512194	0.48679	1	0	0
9	5500001	0.556078	0.48679	1	0	0
9	6000001	0.491076	0.48679	1	0	0
9	6500001	0.495322	0.48679	1	0	0
9	7000001	0.481087	0.48679	1	0	0
9	7500001	0.447235	0.48679	1	0	0
9	8000001	0.465306	0.48679	1	0	0
9	8500001	0.468261	0.48679	1	0	0
9	9000001	0.446467	0.48679	1	0	0
9	9500001	0.45566	0.48679	1	0	0
9	10000001	0.434784	0.48679	1	0	0
9	10500001	0.476213	0.48679	1	0	0
9	11000001	0.463007	0.48679	1	0	0
9	11500001	0.465202	0.48679	1	0	0
9	12000001	0.495362	0.48679	1	0	0
9	12500001	0.538042	0.48679	1	0	0
9	13000001	0.531283	0.48679	1	0	0
9	13500001	0.507735	0.48679	1	0	0
9	14000001	0.507581	0.48679	1	0	0
9	14500001	0.517347	0.48679	1	0	0
9	15000001	0.493358	0.48679	1	0	0
9	15500001	0.456986	0.48679	1	0	0
9	16000001	0.490314	0.48679	1	0	0
9	16500001	0.481073	0.48679	1	0	0
9	17000001	0.407992	0.48679	1	0	0
9	17500001	0.158261	0.48679	1	0	0
9	18000001	0.46238	0.48679	1	0	0
9	18500001	0.491371	0.48679	1	0	0
9	19000001	0.526489	0.48679	1	0	0
9	19500001	0.505585	0.48679	1	0	0
9	20000001	0.535108	0.48679	1	0	0
9	20500001	0.561945	0.48679	1	0	0
9	21000001	0.549688	0.48679	1	0	0
9	21500001	0.435855	0.48679	1	0	0
9	22000001	0.43686	0.48679	1	0	0
9	22500001	0.520452	0.48679	1	0	0
9	23000001	0.502006	0.48679	1	0	0
9	23500001	0.496836	0.48679	1	0	0
9	24000001	0.444803	0.48679	1	0	0
9	24500001	0.452923	0.48679	1	0	0
9	25000001	0.439381	0.48679	1	0	0
9	25500001	0.456676	0.48679	1	0	0
9	26000001	0.486499	0.48679	1	0	0
9	26500001	0.457552	0.48679	1	0	0
9	27000001	0.493669	0.48679	1	0	0
9	27500001	0.473112	0.48679	1	0	0
9	28000001	0.484123	0.48679	1	0	0
9	28500001	0.485373	0.48679	1	0	0
9	29000001	0.52654	0.48679	1	0	0
9	29500001	0.935121	1.03192	2	0	0
9	30000001	0.979149	1.03192	2	0	0
9	30500001	1.03306	1.03192	2	0	0
9	31000001	1.03227	1.03192	2	0	0
9	31500001	1.06593	1.03192	2	0	0
9	32000001	1.01668	1.03192	2	0	0
9	32500001	1.07204	1.03192	2	0	0
9	33000001	1.09701	1.03192	2	0	0
9	33500001	1.0722	1.03192	2	0	0
9	34000001	1.01097	1.03192	2	0	0
9	34500001	1.0299	1.03192	2	0	0
9	35000001	1.0211	1.03192	2	0	0
9	35500001	1.00962	1.03192	2	0	0
9	36000001	1.04225	1.03192	2	0	0
9	36500001	1.0315	1.03192	2	0	0
9	37000001	0.997522	1.03192	2	0	0
9	37500001	0.997471	1.03192	2	0	0
9	38000001	1.00936	1.03192	2	0	0
9	38500001	1.13845	1.03192	2	0	0
9	39000001	1.09836	1.03192	2	0	0
9	39500001	1.14527	1.03192	2	0	0
9	40000001	0.899017	1.03192	2	0	0
9	40500001	1.28325	1.03192	2	0	0
9	41000001	1.44557	1.03192	2	0	0
9	41500001	1.19049	1.03192	2	0	0
9	42000001	1.03156	1.03192	2	0	0
9	42500001	0.845715	1.03192	2	0	0
9	43000001	1.22551	1.03192	2	0	0
9	43500001	2.34487	2.34487	5	0	0
9	44000001	1.78633	1.55483	3	0	0
9	44500001	1.32333	1.55483	3	0	0
9	45000001	0.882238	0.986971	2	0	0
9	45500001	-1	0.986971	2	0	0
9	46000001	-1	0.986971	2	0	0
9	46500001	-1	0.986971	2	0	0
9	47000001	-1	0.986971	2	0	0
9	47500001	-1	0.986971	2	0	0
9	48000001	-1	0.986971	2	0	0
9	48500001	-1	0.986971	2	0	0
9	49000001	-1	0.986971	2	0	0
9	49500001	-1	0.986971	2	0	0
9	50000001	-1	0.986971	2	0	0
9	50500001	-1	0.986971	2	0	0
9	51000001	-1	0.986971	2	0	0
9	51500001	-1	0.986971	2	0	0
9	52000001	-1	0.986971	2	0	0
9	52500001	-1	0.986971	2	0	0
9	53000001	-1	0.986971	2	0	0
9	53500001	-1	0.986971	2	0	0
9	54000001	-1	0.986971	2	0	0
9	54500001	-1	0.986971	2	0	0
9	55000001	-1	0.986971	2	0	0
9	55500001	-1	0.986971	2	0	0
9	56000001	-1	0.986971	2	0	0
9	56500001	-1	0.986971	2	0	0
9	57000001	-1	0.986971	2	0	0
9	57500001	-1	0.986971	2	0	0
9	58000001	-1	0.986971	2	0	0
9	58500001	-1	0.986971	2	0	0
9	59000001	-1	0.986971	2	0	0
9	59500001	-1	0.986971	2	0	0
9	60000001	-1	0.986971	2	0	0
9	60500001	-1	0.986971	2	0	0
9	61000001	-1	0.986971	2	0	0
9	61500001	0.851093	0.986971	2	0	0
9	62000001	-1	0.986971	2	0	0
9	62500001	-1	0.986971	2	0	0
9	63000001	0.740624	0.986971	2	0	0
9	63500001	-1	0.986971	2	0	0
9	64000001	-1	0.986971	2	0	0
9	64500001	0.77805	0.986971	2	0	0
9	65000001	-1	0.986971	2	0	0
9	65500001	0.981625	0.986971	2	0	0
9	66000001	-1	0.986971	2	0	0
9	66500001	-1	0.986971	2	0	0
9	67000001	1.02309	0.986971	2	0	0
9	67500001	-1	0.986971	2	0	0
9	68000001	-1	0.986971	2	0	0
9	68500001	0.955795	0.986971	2	0	0
9	69000001	0.94544	0.986971	2	0	0
9	69500001	0.980779	0.986971	2	0	0
9	70000001	0.97362	0.986971	2	0	0
9	70500001	0.923904	0.986971	2	0	0
9	71000001	1.00848	0.986971	2	0	0
9	71500001	0.991194	0.986971	2	0	0
9	72000001	1.0337	0.986971	2	0	0
9	72500001	1.0818	0.986971	2	0	0
9	73000001	1.09476	0.986971	2	0	0
9	73500001	1.04385	0.986971	2	0	0
9	74000001	1.03021	0.986971	2	0	0
9	74500001	1.03136	0.986971	2	0	0
9	75000001	0.995806	0.986971	2	0	0
9	75500001	0.993281	0.986971	2	0	0
9	76000001	1.04329	0.986971	2	0	0
9	76500001	1.00252	0.986971	2	0	0
9	77000001	1.00484	0.986971	2	0	0
9	77500001	1.07069	0.986971	2	0	0
9	78000001	1.04472	0.986971	2	0	0
9	78500001	1.0194	0.986971	2	0	0
9	79000001	1.00396	0.986971	2	0	0
9	79500001	1.01167	0.986971	2	0	0
9	80000001	1.03224	0.986971	2	0	0
9	80500001	0.951827	0.986971	2	0	0
9	81000001	0.977259	0.986971	2	0	0
9	81500001	0.977514	0.986971	2	0	0
9	82000001	0.986971	0.986971	2	0	0
9	82500001	1.01693	0.986971	2	0	0
9	83000001	0.988829	0.986971	2	0	0
9	83500001	0.970273	0.986971	2	0	0
9	84000001	0.961987	0.986971	2	0	0
9	84500001	0.872775	0.986971	2	0	0
9	85000001	0.909518	0.986971	2	0	0
9	85500001	0.907957	0.986971	2	0	0
9	86000001	0.915066	0.986971	2	0	0
9	86500001	0.881069	0.986971	2	0	0
9	87000001	0.938412	0.986971	2	0	0
9	87500001	0.945629	0.986971	2	0	0
9	88000001	0.932919	0.986971	2	0	0
9	88500001	0.992036	0.986971	2	0	0
9	89000001	0.995595	0.986971	2	0	0
9	89500001	0.975757	0.986971	2	0	0
9	90000001	0.931681	0.986971	2	0	0
9	90500001	0.944791	0.986971	2	0	0
9	91000001	1.04347	0.986971	2	0	0
9	91500001	0.99459	0.986971	2	0	0
9	92000001	1.04101	0.986971	2	0	0
9	92500001	0.961367	0.986971	2	0	0
9	93000001	0.978393	0.986971	2	0	0
9	93500001	0.962764	0.986971	2	0	0
9	94000001	1.00105	0.986971	2	0	0
9	94500001	1.05472	0.986971	2	0	0
9	95000001	1.03406	0.986971	2	0	0
9	95500001	1.03528	0.986971	2	0	0
9	96000001	1.00901	0.986971	2	0	0
9	96500001	1.01181	0.986971	2	0	0
9	97000001	1.00786	0.986971	2	0	0
9	97500001	1.03361	0.986971	2	0	0
9	98000001	1.0323	0.986971	2	0	0
9	98500001	0.979598	0.986971	2	0	0
9	99000001	0.953778	0.986971	2	0	0
9	99500001	0.920756	0.986971	2	0	0
9	100000001	0.864462	0.986971	2	0	0
9	100500001	0.909287	0.986971	2	0	0
9	101000001	0.948781	0.986971	2	0	0
9	101500001	1.00056	0.986971	2	0	0
9	102000001	0.944685	0.986971	2	0	0
9	102500001	0.882605	0.986971	2	0	0
9	103000001	0.954605	0.986971	2	0	0
9	103500001	0.912114	0.986971	2	0	0
9	104000001	0.972407	0.986971	2	0	0
9	104500001	1.01119	0.986971	2	0	0
9	105000001	0.958812	0.986971	2	0	0
9	105500001	0.965586	0.986971	2	0	0
9	106000001	0.978322	0.986971	2	0	0
9	106500001	0.98422	0.986971	2	0	0
9	107000001	1.00298	0.986971	2	0	0
9	107500001	1.0017	0.986971	2	0	0
9	108000001	1.01316	0.986971	2	0	0
9	108500001	1.0989	0.986971	2	0	0
9	109000001	1.06404	0.986971	2	0	0
9	109500001	1.03941	0.986971	2	0	0
9	110000001	1.02189	0.986971	2	0	0
9	110500001	1.07087	0.986971	2	0	0
9	111000001	1.05613	0.986971	2	0	0
9	111500001	1.05834	0.986971	2	0	0
9	112000001	1.23417	0.986971	2	0	0
9	112500001	1.04951	0.986971	2	0	0
9	113000001	1.00729	0.986971	2	0	0
9	113500001	0.989483	0.986971	2	0	0
9	114000001	0.981443	0.986971	2	0	0
9	114500001	1.05214	0.986971	2	0	0
9	115000001	1.06619	0.986971	2	0	0
9	115500001	1.02932	0.986971	2	0	0
9	116000001	0.950836	0.986971	2	0	0
9	116500001	0.912383	0.986971	2	0	0
9	117000001	0.916485	0.986971	2	0	0
9	117500001	0.930277	0.986971	2	0	0
9	118000001	0.892004	0.986971	2	0	0
9	118500001	0.882232	0.986971	2	0	0
9	119000001	0.860428	0.986971	2	0	0
9	119500001	0.847907	0.986971	2	0	0
9	120000001	0.968106	0.986971	2	0	0
9	120500001	1.03985	0.986971	2	0	0
9	121000001	0.559119	0.986971	2	0	0
9	121500001	0.524766	0.986971	2	0	0
9	122000001	0.868992	0.986971	2	0	0
9	122500001	1.34826	0.986971	2	0	0
9	123000001	1.08539	0.986971	2	0	0
9	123500001	1.00876	0.986971	2	0	0
9	124000001	0.993448	0.986971	2	0	0
9	124500001	1.0192	0.986971	2	0	0
9	125000001	1.04136	0.986971	2	0	0
9	125500001	1.00392	0.986971	2	0	0
9	126000001	0.974583	0.986971	2	0	0
9	126500001	1.00248	0.986971	2	0	0
9	127000001	1.04892	0.986971	2	0	0
9	127500001	1.0035	0.986971	2	0	0
9	128000001	1.00148	0.986971	2	0	0
9	128500001	1.00699	0.986971	2	0	0
9	129000001	0.943761	0.986971	2	0	0
9	129500001	0.970614	0.986971	2	0	0
9	130000001	1.00326	0.986971	2	0	0
9	130500001	0.980151	0.986971	2	0	0
9	131000001	0.989758	0.986971	2	0	0
9	131500001	0.951398	0.986971	2	0	0
9	132000001	0.968936	0.986971	2	0	0
9	132500001	0.976029	0.986971	2	0	0
9	133000001	1.02721	0.986971	2	0	0
9	133500001	0.935142	0.986971	2	0	0
9	134000001	0.945276	0.986971	2	0	0
9	134500001	0.968868	0.986971	2	0	0
9	135000001	0.898368	0.986971	2	0	0
9	135500001	0.933439	0.986971	2	0	0
9	136000001	0.945269	0.986971	2	0	0
9	136500001	0.921315	0.986971	2	0	0
9	137000001	0.92502	0.986971	2	0	0
9	137500001	0.994207	0.986971	2	0	0
9	138000001	-1	-1	-1	0	0
GL000008.2	1	0.557893	0.557893	1	0	0
GL000009.2	1	0.292012	0.292012	1	0	0
GL000194.1	1	0.577771	0.577771	1	0	0
GL000195.1	1	0.627635	0.627635	1	0	0
GL000205.2	1	0.93291	0.93291	2	0	0
GL000208.1	1	0.828253	0.828253	2	0	0
GL000213.1	1	0.157747	0.157747	0	0	0
GL000214.1	1	1.68434	1.68434	3	0	0
GL000216.2	1	1.20473	1.20473	2	0	0
GL000218.1	1	0.300561	0.300561	1	0	0
GL000219.1	1	0.495832	0.495832	1	0	0
GL000220.1	1	1.95924	1.95924	4	0	0
GL000221.1	1	0.606646	0.606646	1	0	0
GL000224.1	1	1.96571	1.96571	4	0	0
GL000225.1	1	1.55499	1.55499	3	0	0
GL000226.1	1	0.845591	0.845591	2	0	0
KI270302.1	1	0.00106598	0.00106598	0	0	0
KI270303.1	1	0.00217495	0.00217495	0	0	0
KI270304.1	1	0.000363514	0.000363514	0	0	0
KI270305.1	1	0.00178006	0.00178006	0	0	0
KI270310.1	1	0.0116205	0.0116205	0	0	0
KI270311.1	1	-1	-1	-1	0	0
KI270312.1	1	0.00112169	0.00112169	0	0	0
KI270315.1	1	0.00588154	0.00588154	0	0	0
KI270316.1	1	0.000367317	0.000367317	0	0	0
KI270317.1	1	-1	-1	-1	0	0
KI270320.1	1	0.00319503	0.00319503	0	0	0
KI270322.1	1	-1	-1	-1	0	0
KI270329.1	1	0.0089415	0.0089415	0	0	0
KI270330.1	1	0.0765125	0.0765125	0	0	0
KI270333.1	1	0.190284	0.190284	0	0	0
KI270334.1	1	0.000360475	0.000360475	0	0	0
KI270335.1	1	0	0	0	0	0
KI270336.1	1	0.043151	0.043151	0	0	0
KI270337.1	1	0.260644	0.260644	1	0	0
KI270338.1	1	0.00250979	0.00250979	0	0	0
KI270340.1	1	0.00107842	0.00107842	0	0	0
KI270362.1	1	0.0151504	0.0151504	0	0	0
KI270363.1	1	0.00587273	0.00587273	0	0	0
KI270364.1	1	0.0132454	0.0132454	0	0	0
KI270366.1	1	0.0404979	0.0404979	0	0	0
KI270371.1	1	0.0029867	0.0029867	0	0	0
KI270372.1	1	0.00114971	0.00114971	0	0	0
KI270373.1	1	0.00109609	0.00109609	0	0	0
KI270374.1	1	0.0022542	0.0022542	0	0	0
KI270375.1	1	0.00076	0.00076	0	0	0
KI270376.1	1	0.000754924	0.000754924	0	0	0
KI270378.1	1	0.00183002	0.00183002	0	0	0
KI270379.1	1	0.00111143	0.00111143	0	0	0
KI270381.1	1	0.00221795	0.00221795	0	0	0
KI270382.1	1	0.00410707	0.00410707	0	0	0
KI270383.1	1	0.00148118	0.00148118	0	0	0
KI270384.1	1	0.000747339	0.000747339	0	0	0
KI270385.1	1	0.000375078	0.000375078	0	0	0
KI270386.1	1	0	0	0	0	0
KI270387.1	1	0.00869501	0.00869501	0	0	0
KI270388.1	1	0	0	0	0	0
KI270389.1	1	0.00671933	0.00671933	0	0	0
KI270390.1	1	0.007109	0.007109	0	0	0
KI270391.1	1	0.00111964	0.00111964	0	0	0
KI270392.1	1	0	0	0	0	0
KI270393.1	1	0.00147978	0.00147978	0	0	0
KI270394.1	1	0.00488122	0.00488122	0	0	0
KI270395.1	1	0.0176072	0.0176072	0	0	0
KI270396.1	1	0.000744378	0.000744378	0	0	0
KI270411.1	1	0.00851377	0.00851377	0	0	0
KI270412.1	1	0.00514199	0.00514199	0	0	0
KI270414.1	1	0.00554646	0.00554646	0	0	0
KI270417.1	1	0.00623292	0.00623292	0	0	0
KI270418.1	1	0.00902168	0.00902168	0	0	0
KI270419.1	1	0.0032853	0.0032853	0	0	0
KI270420.1	1	0.0121931	0.0121931	0	0	0
KI270422.1	1	0.0111645	0.0111645	0	0	0
KI270423.1	1	0.00579728	0.00579728	0	0	0
KI270424.1	1	0.00300419	0.00300419	0	0	0
KI270425.1	1	0.0032863	0.0032863	0	0	0
KI270429.1	1	0.00563275	0.00563275	0	0	0
KI270435.1	1	0.470844	0.470844	1	0	0
KI270438.1	1	-1	-1	-1	0	0
KI270442.1	1	1.98528	1.98528	4	0	0
KI270448.1	1	0.0264264	0.0264264	0	0	0
KI270465.1	1	0.00260235	0.00260235	0	0	0
KI270466.1	1	0.015142	0.015142	0	0	0
KI270467.1	1	0.0367133	0.0367133	0	0	0
KI270468.1	1	0.00865621	0.00865621	0	0	0
KI270507.1	1	0.0390152	0.0390152	0	0	0
KI270508.1	1	0.0234529	0.0234529	0	0	0
KI270509.1	1	0.0209549	0.0209549	0	0	0
KI270510.1	1	0.0178764	0.0178764	0	0	0
KI270511.1	1	0.0237635	0.0237635	0	0	0
KI270512.1	1	0.092932	0.092932	0	0	0
KI270515.1	1	0.0566486	0.0566486	0	0	0
KI270516.1	1	0.0106161	0.0106161	0	0	0
KI270517.1	1	0.0335281	0.0335281	0	0	0
KI270518.1	1	0.0121326	0.0121326	0	0	0
KI270519.1	1	0.765727	0.765727	2	0	0
KI270521.1	1	0.0238667	0.0238667	0	0	0
KI270522.1	1	0.0217032	0.0217032	0	0	0
KI270528.1	1	0.00230211	0.00230211	0	0	0
KI270529.1	1	0.00474335	0.00474335	0	0	0
KI270530.1	1	0.00584776	0.00584776	0	0	0
KI270538.1	1	-1	-1	-1	0	0
KI270539.1	1	0.00150748	0.00150748	0	0	0
KI270544.1	1	0.0134659	0.0134659	0	0	0
KI270548.1	1	0	0	0	0	0
KI270579.1	1	0.00944117	0.00944117	0	0	0
KI270580.1	1	0.00960295	0.00960295	0	0	0
KI270581.1	1	0.0136837	0.0136837	0	0	0
KI270582.1	1	0.00217232	0.00217232	0	0	0
KI270583.1	1	0.0148788	0.0148788	0	0	0
KI270584.1	1	0.0363405	0.0363405	0	0	0
KI270587.1	1	0.0296713	0.0296713	0	0	0
KI270588.1	1	0.0155538	0.0155538	0	0	0
KI270589.1	1	-1	-1	-1	0	0
KI270590.1	1	0.0381305	0.0381305	0	0	0
KI270591.1	1	0.025828	0.025828	0	0	0
KI270593.1	1	0.0026255	0.0026255	0	0	0
KI270706.1	1	0.271671	0.271671	1	0	0
KI270707.1	1	0.0330906	0.0330906	0	0	0
KI270708.1	1	0.118911	0.118911	0	0	0
KI270709.1	1	0.926945	0.926945	2	0	0
KI270710.1	1	0.0568498	0.0568498	0	0	0
KI270711.1	1	0.328264	0.328264	1	0	0
KI270712.1	1	0.37934	0.37934	1	0	0
KI270713.1	1	0.160221	0.160221	0	0	0
KI270714.1	1	0.0775747	0.0775747	0	0	0
KI270715.1	1	0.155128	0.155128	0	0	0
KI270716.1	1	0.164004	0.164004	0	0	0
KI270717.1	1	0.0669279	0.0669279	0	0	0
KI270718.1	1	0.0997836	0.0997836	0	0	0
KI270719.1	1	0.396655	0.396655	1	0	0
KI270720.1	1	0.187075	0.187075	0	0	0
KI270721.1	1	0.0435706	0.0435706	0	0	0
KI270722.1	1	0.076877	0.076877	0	0	0
KI270723.1	1	0.0701775	0.0701775	0	0	0
KI270724.1	1	0.0866814	0.0866814	0	0	0
KI270725.1	1	0.407564	0.407564	1	0	0
KI270726.1	1	0.194435	0.194435	0	0	0
KI270727.1	1	2.73205	2.73205	5	0	0
KI270728.1	1	-1	0.453963	1	0	0
KI270728.1	500001	0.422658	0.453963	1	0	0
KI270728.1	1000001	0.678179	0.453963	1	0	0
KI270728.1	1500001	0.453963	0.453963	1	0	0
KI270729.1	1	2.41666	2.41666	5	0	0
KI270730.1	1	0.35166	0.35166	1	0	0
KI270731.1	1	0.182924	0.182924	0	0	0
KI270732.1	1	0.0768925	0.0768925	0	0	0
KI270733.1	1	2.3055	2.3055	5	0	0
KI270734.1	1	0.272761	0.272761	1	0	0
KI270735.1	1	0.36136	0.36136	1	0	0
KI270736.1	1	0.443131	0.443131	1	0	0
KI270737.1	1	0.156864	0.156864	0	0	0
KI270738.1	1	0.260882	0.260882	1	0	0
KI270739.1	1	0.0622499	0.0622499	0	0	0
KI270740.1	1	0	0	0	0	0
KI270741.1	1	0.202929	0.202929	0	0	0
KI270742.1	1	0.806424	0.806424	2	0	0
KI270743.1	1	0.176048	0.176048	0	0	0
KI270744.1	1	1.66901	1.66901	3	0	0
KI270745.1	1	0.0848259	0.0848259	0	0	0
KI270746.1	1	0.190392	0.190392	0	0	0
KI270747.1	1	0.270965	0.270965	1	0	0
KI270748.1	1	0.119231	0.119231	0	0	0
KI270749.1	1	0.385084	0.385084	1	0	0
KI270750.1	1	0.359173	0.359173	1	0	0
KI270751.1	1	0.621206	0.621206	1	0	0
KI270752.1	1	0	0	0	0	0
KI270753.1	1	0.107085	0.107085	0	0	0
KI270754.1	1	0.0452094	0.0452094	0	0	0
KI270755.1	1	0.0346931	0.0346931	0	0	0
KI270756.1	1	0.140968	0.140968	0	0	0
KI270757.1	1	0.475067	0.475067	1	0	0
MT	1	18.2601	18.2601	37	0	0
X	1	-1	-1	-1	0	0
X	500001	0.462539	0.501107	1	0	0
X	1000001	0.419377	0.501107	1	0	0
X	1500001	0.460799	0.501107	1	0	0
X	2000001	-1	0.501107	1	0	0
X	2500001	0.524456	0.501107	1	0	0
X	3000001	0.486495	0.501107	1	0	0
X	3500001	0.523833	0.501107	1	0	0
X	4000001	0.49746	0.501107	1	0	0
X	4500001	0.476355	0.501107	1	0	0
X	5000001	0.47753	0.501107	1	0	0
X	5500001	0.487439	0.501107	1	0	0
X	6000001	0.491819	0.501107	1	0	0
X	6500001	0.476283	0.501107	1	0	0
X	7000001	0.507527	0.501107	1	0	0
X	7500001	0.484452	0.501107	1	0	0
X	8000001	0.465773	0.501107	1	0	0
X	8500001	0.511354	0.501107	1	0	0
X	9000001	0.517441	0.501107	1	0	0
X	9500001	0.540152	0.501107	1	0	0
X	10000001	0.518592	0.501107	1	0	0
X	10500001	0.518647	0.501107	1	0	0
X	11000001	0.525055	0.501107	1	0	0
X	11500001	0.540267	0.501107	1	0	0
X	12000001	0.497451	0.501107	1	0	0
X	12500001	0.525339	0.501107	1	0	0
X	13000001	0.561384	0.501107	1	0	0
X	13500001	0.530796	0.501107	1	0	0
X	14000001	0.519374	0.501107	1	0	0
X	14500001	0.53684	0.501107	1	0	0
X	15000001	0.529265	0.501107	1	0	0
X	15500001	0.525072	0.501107	1	0	0
X	16000001	0.532647	0.501107	1	0	0
X	16500001	0.510915	0.501107	1	0	0
X	17000001	0.510129	0.501107	1	0	0
X	17500001	0.48127	0.501107	1	0	0
X	18000001	0.479816	0.501107	1	0	0
X	18500001	0.494418	0.501107	1	0	0
X	19000001	0.478132	0.501107	1	0	0
X	19500001	0.505639	0.501107	1	0	0
X	20000001	0.502699	0.501107	1	0	0
X	20500001	0.501326	0.501107	1	0	0
X	21000001	0.463029	0.501107	1	0	0
X	21500001	0.505268	0.501107	1	0	0
X	22000001	0.527304	0.501107	1	0	0
X	22500001	0.498131	0.501107	1	0	0
X	23000001	0.52072	0.501107	1	0	0
X	23500001	0.494476	0.501107	1	0	0
X	24000001	0.523694	0.501107	1	0	0
X	24500001	0.498968	0.501107	1	0	0
X	25000001	0.491293	0.501107	1	0	0
X	25500001	0.48373	0.501107	1	0	0
X	26000001	0.534733	0.501107	1	0	0
X	26500001	0.511326	0.501107	1	0	0
X	27000001	0.499059	0.501107	1	0	0
X	27500001	0.500487	0.501107	1	0	0
X	28000001	0.528	0.501107	1	0	0
X	28500001	0.51201	0.501107	1	0	0
X	29000001	0.47701	0.501107	1	0	0
X	29500001	0.500444	0.501107	1	0	0
X	30000001	0.472399	0.501107	1	0	0
X	30500001	0.470694	0.501107	1	0	0
X	31000001	0.493063	0.501107	1	0	0
X	31500001	0.444689	0.501107	1	0	0
X	32000001	0.481506	0.501107	1	0	0
X	32500001	0.441394	0.501107	1	0	0
X	33000001	0.455907	0.501107	1	0	0
X	33500001	0.453728	0.501107	1	0	0
X	34000001	0.462172	0.501107	1	0	0
X	34500001	0.493276	0.501107	1	0	0
X	35000001	0.498333	0.501107	1	0	0
X	35500001	0.496046	0.501107	1	0	0
X	36000001	0.477387	0.501107	1	0	0
X	36500001	0.490452	0.501107	1	0	0
X	37000001	-1	0.501107	1	0	0
X	37500001	0.515813	0.501107	1	0	0
X	38000001	0.527461	0.501107	1	0	0
X	38500001	0.539157	0.501107	1	0	0
X	39000001	0.500064	0.501107	1	0	0
X	39500001	0.529476	0.501107	1	0	0
X	40000001	0.50131	0.501107	1	0	0
X	40500001	0.532114	0.501107	1	0	0
X	41000001	0.523517	0.501107	1	0	0
X	41500001	0.530846	0.501107	1	0	0
X	42000001	0.480416	0.501107	1	0	0
X	42500001	0.480074	0.501107	1	0	0
X	43000001	0.502303	0.501107	1	0	0
X	43500001	0.537849	0.501107	1	0	0
X	44000001	0.502367	0.501107	1	0	0
X	44500001	0.495032	0.501107	1	0	0
X	45000001	0.521788	0.501107	1	0	0
X	45500001	0.514035	0.501107	1	0	0
X	46000001	0.583387	0.501107	1	0	0
X	46500001	0.548715	0.501107	1	0	0
X	47000001	0.475374	0.501107	1	0	0
X	47500001	0.544577	0.501107	1	0	0
X	48000001	0.472698	0.501107	1	0	0
X	48500001	0.500903	0.501107	1	0	0
X	49000001	-1	0.501107	1	0	0
X	49500001	0.55498	0.501107	1	0	0
X	50000001	0.473176	0.476011	1	0	0
X	50500001	0.451682	0.476011	1	0	0
X	51000001	0.45672	0.476011	1	0	0
X	51500001	0.439682	0.476011	1	0	0
X	52000001	0.474592	0.476011	1	0	0
X	52500001	0.504987	0.476011	1	0	0
X	53000001	0.469169	0.476011	1	0	0
X	53500001	0.514101	0.476011	1	0	0
X	54000001	0.45847	0.476011	1	0	0
X	54500001	0.499035	0.476011	1	0	0
X	55000001	0.487869	0.476011	1	0	0
X	55500001	0.461989	0.476011	1	0	0
X	56000001	0.521608	0.476011	1	0	0
X	56500001	0.49615	0.476011	1	0	0
X	57000001	0.503497	0.476011	1	0	0
X	57500001	0.48061	0.476011	1	0	0
X	58000001	0.477429	0.476011	1	0	0
X	58500001	0.44315	0.476011	1	0	0
X	59000001	0.383718	0.334911	1	0	0
X	59500001	0.334911	0.334911	1	0	0
X	60000001	0.334578	0.334911	1	0	0
X	60500001	0.343904	0.334911	1	0	0
X	61000001	0.319258	0.334911	1	0	0
X	61500001	0.319135	0.334911	1	0	0
X	62000001	0.382907	0.334911	1	0	0
X	62500001	0.514236	0.472837	1	0	0
X	63000001	0.476977	0.472837	1	0	0
X	63500001	0.493335	0.472837	1	0	0
X	64000001	0.471448	0.472837	1	0	0
X	64500001	0.479764	0.472837	1	0	0
X	65000001	0.444829	0.472837	1	0	0
X	65500001	0.465651	0.472837	1	0	0
X	66000001	0.469013	0.472837	1	0	0
X	66500001	0.487445	0.472837	1	0	0
X	67000001	0.477528	0.472837	1	0	0
X	67500001	0.473119	0.472837	1	0	0
X	68000001	0.45451	0.472837	1	0	0
X	68500001	0.505382	0.472837	1	0	0
X	69000001	0.48241	0.472837	1	0	0
X	69500001	0.484995	0.472837	1	0	0
X	70000001	0.452328	0.472837	1	0	0
X	70500001	0.506512	0.472837	1	0	0
X	71000001	0.472555	0.472837	1	0	0
X	71500001	0.454008	0.472837	1	0	0
X	72000001	0.505371	0.472837	1	0	0
X	72500001	0.479071	0.472837	1	0	0
X	73000001	0.485237	0.472837	1	0	0
X	73500001	0.505789	0.472837	1	0	0
X	74000001	0.522127	0.472837	1	0	0
X	74500001	0.50266	0.472837	1	0	0
X	75000001	0.466222	0.472837	1	0	0
X	75500001	0.459812	0.472837	1	0	0
X	76000001	0.471323	0.472837	1	0	0
X	76500001	0.445475	0.472837	1	0	0
X	77000001	0.467979	0.472837	1	0	0
X	77500001	0.477273	0.472837	1	0	0
X	78000001	0.513152	0.472837	1	0	0
X	78500001	0.49346	0.472837	1	0	0
X	79000001	0.445865	0.472837	1	0	0
X	79500001	0.449839	0.472837	1	0	0
X	80000001	0.448898	0.472837	1	0	0
X	80500001	0.46648	0.472837	1	0	0
X	81000001	0.465878	0.472837	1	0	0
X	81500001	0.457003	0.472837	1	0	0
X	82000001	0.469034	0.472837	1	0	0
X	82500001	0.484083	0.472837	1	0	0
X	83000001	0.486686	0.472837	1	0	0
X	83500001	0.487408	0.472837	1	0	0
X	84000001	0.457346	0.472837	1	0	0
X	84500001	0.465126	0.472837	1	0	0
X	85000001	0.43999	0.472837	1	0	0
X	85500001	0.438899	0.472837	1	0	0
X	86000001	0.461449	0.472837	1	0	0
X	86500001	0.522687	0.472837	1	0	0
X	87000001	0.507802	0.472837	1	0	0
X	87500001	0.535313	0.472837	1	0	0
X	88000001	0.465087	0.472837	1	0	0
X	88500001	0.462916	0.472837	1	0	0
X	89000001	0.474024	0.472837	1	0	0
X	89500001	0.435244	0.438563	1	0	0
X	90000001	0.43763	0.438563	1	0	0
X	90500001	0.448503	0.438563	1	0	0
X	91000001	0.438563	0.438563	1	0	0
X	91500001	0.413684	0.438563	1	0	0
X	92000001	0.410904	0.438563	1	0	0
X	92500001	0.427485	0.438563	1	0	0
X	93000001	0.449477	0.438563	1	0	0
X	93500001	0.432247	0.438563	1	0	0
X	94000001	0.435443	0.438563	1	0	0
X	94500001	0.442609	0.438563	1	0	0
X	95000001	0.441658	0.438563	1	0	0
X	95500001	0.472377	0.438563	1	0	0
X	96000001	0.473562	0.438563	1	0	0
X	96500001	0.443592	0.438563	1	0	0
X	97000001	0.44315	0.438563	1	0	0
X	97500001	0.426396	0.438563	1	0	0
X	98000001	0.474372	0.489282	1	0	0
X	98500001	0.494419	0.489282	1	0	0
X	99000001	0.479497	0.489282	1	0	0
X	99500001	0.487816	0.489282	1	0	0
X	100000001	0.484297	0.489282	1	0	0
X	100500001	0.523949	0.489282	1	0	0
X	101000001	0.482649	0.489282	1	0	0
X	101500001	0.461436	0.489282	1	0	0
X	102000001	0.468316	0.489282	1	0	0
X	102500001	0.44578	0.489282	1	0	0
X	103000001	0.501796	0.489282	1	0	0
X	103500001	0.480211	0.489282	1	0	0
X	104000001	0.478946	0.489282	1	0	0
X	104500001	0.521436	0.489282	1	0	0
X	105000001	0.503294	0.489282	1	0	0
X	105500001	0.512536	0.489282	1	0	0
X	106000001	0.536313	0.489282	1	0	0
X	106500001	0.561691	0.489282	1	0	0
X	107000001	0.516768	0.489282	1	0	0
X	107500001	0.507406	0.489282	1	0	0
X	108000001	0.53534	0.489282	1	0	0
X	108500001	0.509994	0.489282	1	0	0
X	109000001	0.528079	0.489282	1	0	0
X	109500001	0.489819	0.489282	1	0	0
X	110000001	0.506797	0.489282	1	0	0
X	110500001	0.483825	0.489282	1	0	0
X	111000001	0.465267	0.489282	1	0	0
X	111500001	0.463145	0.489282	1	0	0
X	112000001	0.450935	0.489282	1	0	0
X	112500001	0.459499	0.489282	1	0	0
X	113000001	0.456298	0.489282	1	0	0
X	113500001	0.491892	0.489282	1	0	0
X	114000001	0.466379	0.489282	1	0	0
X	114500001	0.496697	0.489282	1	0	0
X	115000001	0.519733	0.489282	1	0	0
X	115500001	-1	0.489282	1	0	0
X	116000001	0.523987	0.489282	1	0	0
X	116500001	0.5073	0.489282	1	0	0
X	117000001	0.466154	0.489282	1	0	0
X	117500001	0.495286	0.489282	1	0	0
X	118000001	0.508152	0.489282	1	0	0
X	118500001	0.479546	0.489282	1	0	0
X	119000001	0.512542	0.489282	1	0	0
X	119500001	0.49742	0.489282	1	0	0
X	120000001	0.51179	0.489282	1	0	0
X	120500001	0.455369	0.489282	1	0	0
X	121000001	0.475227	0.489282	1	0	0
X	121500001	0.46914	0.489282	1	0	0
X	122000001	0.463079	0.489282	1	0	0
X	122500001	0.45434	0.489282	1	0	0
X	123000001	0.507491	0.489282	1	0	0
X	123500001	0.515578	0.489282	1	0	0
X	124000001	0.507848	0.489282	1	0	0
X	124500001	0.468742	0.489282	1	0	0
X	125000001	0.461254	0.489282	1	0	0
X	125500001	0.471415	0.489282	1	0	0
X	126000001	0.48576	0.489282	1	0	0
X	126500001	0.440069	0.489282	1	0	0
X	127000001	0.508512	0.489282	1	0	0
X	127500001	0.449195	0.489282	1	0	0
X	128000001	0.499957	0.489282	1	0	0
X	128500001	0.478394	0.489282	1	0	0
X	129000001	0.487293	0.489282	1	0	0
X	129500001	0.49982	0.489282	1	0	0
X	130000001	0.484941	0.489282	1	0	0
X	130500001	0.521182	0.489282	1	0	0
X	131000001	0.531717	0.489282	1	0	0
X	131500001	0.511194	0.489282	1	0	0
X	132000001	0.488745	0.489282	1	0	0
X	132500001	0.824778	0.824778	2	0	0
X	133000001	1.5224	1.5224	3	0	0
X	133500001	0.920835	0.920835	2	0	0
X	134000001	0.514883	0.483843	1	0	0
X	134500001	0.513233	0.483843	1	0	0
X	135000001	0.490356	0.483843	1	0	0
X	135500001	0.535406	0.483843	1	0	0
X	136000001	0.543613	0.483843	1	0	0
X	136500001	0.519948	0.483843	1	0	0
X	137000001	0.469275	0.483843	1	0	0
X	137500001	0.452157	0.483843	1	0	0
X	138000001	0.468647	0.483843	1	0	0
X	138500001	0.476894	0.483843	1	0	0
X	139000001	0.487628	0.483843	1	0	0
X	139500001	0.472582	0.483843	1	0	0
X	140000001	0.493125	0.483843	1	0	0
X	140500001	0.464947	0.483843	1	0	0
X	141000001	0.481384	0.483843	1	0	0
X	141500001	0.477376	0.483843	1	0	0
X	142000001	0.48516	0.483843	1	0	0
X	142500001	0.487318	0.483843	1	0	0
X	143000001	0.488383	0.483843	1	0	0
X	143500001	0.466702	0.483843	1	0	0
X	144000001	0.506912	0.483843	1	0	0
X	144500001	0.464352	0.483843	1	0	0
X	145000001	0.462567	0.483843	1	0	0
X	145500001	0.444061	0.483843	1	0	0
X	146000001	0.459857	0.483843	1	0	0
X	146500001	0.429111	0.483843	1	0	0
X	147000001	0.443401	0.483843	1	0	0
X	147500001	0.480765	0.483843	1	0	0
X	148000001	0.44742	0.483843	1	0	0
X	148500001	0.483364	0.483843	1	0	0
X	149000001	0.477843	0.483843	1	0	0
X	149500001	0.477208	0.483843	1	0	0
X	150000001	0.509346	0.483843	1	0	0
X	150500001	0.484321	0.483843	1	0	0
X	151000001	0.491764	0.483843	1	0	0
X	151500001	0.494085	0.483843	1	0	0
X	152000001	0.541914	0.483843	1	0	0
X	152500001	0.551652	0.483843	1	0	0
X	153000001	0.47125	0.483843	1	0	0
X	153500001	0.517424	0.483843	1	0	0
X	154000001	0.427252	0.483843	1	0	0
X	154500001	0.528766	0.483843	1	0	0
X	155000001	0.513446	0.483843	1	0	0
X	155500001	0.514552	0.483843	1	0	0
X	156000001	-1	-1	-1	0	0
Y	1	-1	-1	-1	0	0
Y	500001	-1	-1	-1	0	0
Y	1000001	-1	-1	-1	0	0
Y	1500001	-1	-1	-1	0	0
Y	2000001	-1	-1	-1	0	0
Y	2500001	-1	-1	-1	0	0
Y	3000001	0.0279462	0.0274293	0	0	0
Y	3500001	0.020517	0.0274293	0	0	0
Y	4000001	0.0248165	0.0274293	0	0	0
Y	4500001	0.0329291	0.0274293	0	0	0
Y	5000001	0.0269124	0.0274293	0	0	0
Y	5500001	0.0400812	0.0274293	0	0	0
Y	6000001	0.00649664	0.00536289	0	0	0
Y	6500001	0.0110304	0.00536289	0	0	0
Y	7000001	0.00422914	0.00536289	0	0	0
Y	7500001	0	0.00536289	0	0	0
Y	8000001	0.00036346	0.00536289	0	0	0
Y	8500001	0.000705995	0.00536289	0	0	0
Y	9000001	-1	0.00536289	0	0	0
Y	9500001	0.00817737	0.00536289	0	0	0
Y	10000001	0.043963	0.00536289	0	0	0
Y	10500001	-1	-1	-1	0	0
Y	11000001	0.713215	0.905319	2	0	0
Y	11500001	1.09742	0.905319	2	0	0
Y	12000001	0.000353321	0.00147769	0	0	0
Y	12500001	0	0.00147769	0	0	0
Y	13000001	0.00294889	0.00147769	0	0	0
Y	13500001	0.00504812	0.00147769	0	0	0
Y	14000001	0.000729506	0.00147769	0	0	0
Y	14500001	0.00109802	0.00147769	0	0	0
Y	15000001	0	0.00147769	0	0	0
Y	15500001	0.000732839	0.00147769	0	0	0
Y	16000001	0.000368053	0.00147769	0	0	0
Y	16500001	0.00483302	0.00147769	0	0	0
Y	17000001	0.00732487	0.00147769	0	0	0
Y	17500001	0.00180665	0.00147769	0	0	0
Y	18000001	0.00216933	0.00147769	0	0	0
Y	18500001	0.000366598	0.00147769	0	0	0
Y	19000001	0.000362315	0.00147769	0	0	0
Y	19500001	0.000368358	0.00147769	0	0	0
Y	20000001	0.00359425	0.00147769	0	0	0
Y	20500001	0.00181197	0.00147769	0	0	0
Y	21000001	0	0.00147769	0	0	0
Y	21500001	0.000742518	0.00147769	0	0	0
Y	22000001	0.00143403	0.00147769	0	0	0
Y	22500001	0.00108421	0.00147769	0	0	0
Y	23000001	0.00293029	0.00147769	0	0	0
Y	23500001	0.00147769	0.00147769	0	0	0
Y	24000001	0.00320962	0.00147769	0	0	0
Y	24500001	0.00180954	0.00147769	0	0	0
Y	25000001	0.0038947	0.00147769	0	0	0
Y	25500001	0.002216	0.00147769	0	0	0
Y	26000001	0.00913962	0.00147769	0	0	0
Y	26500001	-1	-1	-1	0	0
Y	27000001	-1	-1	-1	0	0
Y	27500001	-1	-1	-1	0	0
Y	28000001	-1	-1	-1	0	0
Y	28500001	-1	-1	-1	0	0
Y	29000001	-1	-1	-1	0	0
Y	29500001	-1	-1	-1	0	0
Y	30000001	-1	-1	-1	0	0
Y	30500001	-1	-1	-1	0	0
Y	31000001	-1	-1	-1	0	0
Y	31500001	-1	-1	-1	0	0
Y	32000001	-1	-1	-1	0	0
Y	32500001	-1	-1	-1	0	0
Y	33000001	-1	-1	-1	0	0
Y	33500001	-1	-1	-1	0	0
Y	34000001	-1	-1	-1	0	0
Y	34500001	-1	-1	-1	0	0
Y	35000001	-1	-1	-1	0	0
Y	35500001	-1	-1	-1	0	0
Y	36000001	-1	-1	-1	0	0
Y	36500001	-1	-1	-1	0	0
Y	37000001	-1	-1	-1	0	0
Y	37500001	-1	-1	-1	0	0
Y	38000001	-1	-1	-1	0	0
Y	38500001	-1	-1	-1	0	0
Y	39000001	-1	-1	-1	0	0
Y	39500001	-1	-1	-1	0	0
Y	40000001	-1	-1	-1	0	0
Y	40500001	-1	-1	-1	0	0
Y	41000001	-1	-1	-1	0	0
Y	41500001	-1	-1	-1	0	0
Y	42000001	-1	-1	-1	0	0
Y	42500001	-1	-1	-1	0	0
Y	43000001	-1	-1	-1	0	0
Y	43500001	-1	-1	-1	0	0
Y	44000001	-1	-1	-1	0	0
Y	44500001	-1	-1	-1	0	0
Y	45000001	-1	-1	-1	0	0
Y	45500001	-1	-1	-1	0	0
Y	46000001	-1	-1	-1	0	0
Y	46500001	-1	-1	-1	0	0
Y	47000001	-1	-1	-1	0	0
Y	47500001	-1	-1	-1	0	0
Y	48000001	-1	-1	-1	0	0
Y	48500001	-1	-1	-1	0	0
Y	49000001	-1	-1	-1	0	0
Y	49500001	-1	-1	-1	0	0
Y	50000001	-1	-1	-1	0	0
Y	50500001	-1	-1	-1	0	0
Y	51000001	-1	-1	-1	0	0
Y	51500001	-1	-1	-1	0	0
Y	52000001	-1	-1	-1	0	0
Y	52500001	-1	-1	-1	0	0
Y	53000001	-1	-1	-1	0	0
Y	53500001	-1	-1	-1	0	0
Y	54000001	-1	-1	-1	0	0
Y	54500001	-1	-1	-1	0	0
Y	55000001	-1	-1	-1	0	0
Y	55500001	-1	-1	-1	0	0
Y	56000001	-1	-1	-1	0	0
Y	56500001	-1	-1	-1	0	0
Y	57000001	-1	-1	-1	0	0
