Chromosome	Start	Ratio	MedianRatio	CopyNumber	Subclone_CN	Subclone_Population
1	1	-1	-1	-1	0	0
1	500001	1.92505	1.92505	4	0	0
1	1000001	1.50159	1.50159	3	0	0
1	1500001	1.47984	1.50159	3	0	0
1	2000001	1.50658	1.50159	3	0	0
1	2500001	2.18577	2.18577	4	0	0
1	3000001	1.44333	1.46886	3	0	0
1	3500001	1.48396	1.46886	3	0	0
1	4000001	1.38257	1.46886	3	0	0
1	4500001	1.33739	1.46886	3	0	0
1	5000001	1.36729	1.46886	3	0	0
1	5500001	1.43588	1.46886	3	0	0
1	6000001	1.44722	1.46886	3	0	0
1	6500001	1.4917	1.46886	3	0	0
1	7000001	1.44318	1.46886	3	0	0
1	7500001	1.49989	1.46886	3	0	0
1	8000001	1.55255	1.46886	3	0	0
1	8500001	1.56781	1.46886	3	0	0
1	9000001	1.55754	1.46886	3	0	0
1	9500001	1.61569	1.46886	3	0	0
1	10000001	1.48499	1.46886	3	0	0
1	10500001	1.50685	1.46886	3	0	0
1	11000001	1.52292	1.46886	3	0	0
1	11500001	1.51479	1.46886	3	0	0
1	12000001	1.5222	1.46886	3	0	0
1	12500001	1.46886	1.46886	3	0	0
1	13000001	1.39232	1.46886	3	0	0
1	13500001	1.42487	1.46886	3	0	0
1	14000001	1.39559	1.46886	3	0	0
1	14500001	1.40639	1.46886	3	0	0
1	15000001	1.42767	1.46886	3	0	0
1	15500001	0.978015	1.01121	2	0	0
1	16000001	1.0444	1.01121	2	0	0
1	16500001	2.1929	2.1929	4	0	0
1	17000001	1.16091	1.16545	2	0	0
1	17500001	1.16999	1.16545	2	0	0
1	18000001	0.976609	0.995155	2	0	0
1	18500001	0.944444	0.995155	2	0	0
1	19000001	0.983713	0.995155	2	0	0
1	19500001	0.987765	0.995155	2	0	0
1	20000001	1.00412	0.995155	2	0	0
1	20500001	1.01194	0.995155	2	0	0
1	21000001	0.968095	0.995155	2	0	0
1	21500001	1.00455	0.995155	2	0	0
1	22000001	1.00254	0.995155	2	0	0
1	22500001	1.14713	0.995155	2	0	0
1	23000001	1.56846	1.46888	3	0	0
1	23500001	1.46888	1.46888	3	0	0
1	24000001	1.26957	1.46888	3	0	0
1	24500001	0.962786	1.00594	2	0	0
1	25000001	0.951054	1.00594	2	0	0
1	25500001	1.00814	1.00594	2	0	0
1	26000001	1.01159	1.00594	2	0	0
1	26500001	1.02155	1.00594	2	0	0
1	27000001	1.0227	1.00594	2	0	0
1	27500001	1.00397	1.00594	2	0	0
1	28000001	1.02128	1.00594	2	0	0
1	28500001	0.986247	1.00594	2	0	0
1	29000001	1.02157	1.00594	2	0	0
1	29500001	0.934825	1.00594	2	0	0
1	30000001	0.914965	1.00594	2	0	0
1	30500001	1.00771	1.00594	2	0	0
1	31000001	1.03	1.00594	2	0	0
1	31500001	1.01834	1.00594	2	0	0
1	32000001	1.00846	1.00594	2	0	0
1	32500001	1.0122	1.00594	2	0	0
1	33000001	1.02711	1.00594	2	0	0
1	33500001	0.973858	1.00594	2	0	0
1	34000001	0.956507	1.00594	2	0	0
1	34500001	0.980837	1.00594	2	0	0
1	35000001	0.993421	1.00594	2	0	0
1	35500001	0.99451	1.00594	2	0	0
1	36000001	1.0448	1.00594	2	0	0
1	36500001	0.982645	1.00594	2	0	0
1	37000001	0.966109	1.00594	2	0	0
1	37500001	0.967043	1.00594	2	0	0
1	38000001	0.998611	1.00594	2	0	0
1	38500001	1.04705	1.00594	2	0	0
1	39000001	1.01423	1.00594	2	0	0
1	39500001	1.02981	1.00594	2	0	0
1	40000001	1.01153	1.00594	2	0	0
1	40500001	1.02819	1.00594	2	0	0
1	41000001	1.00847	1.00594	2	0	0
1	41500001	0.999976	1.00594	2	0	0
1	42000001	0.99901	1.00594	2	0	0
1	42500001	1.00241	1.00594	2	0	0
1	43000001	1.00888	1.00594	2	0	0
1	43500001	1.01398	1.00594	2	0	0
1	44000001	1.01705	1.00594	2	0	0
1	44500001	1.01665	1.00594	2	0	0
1	45000001	1.02531	1.00594	2	0	0
1	45500001	0.952957	1.00594	2	0	0
1	46000001	1.01822	1.00594	2	0	0
1	46500001	1.03177	1.00594	2	0	0
1	47000001	0.988972	1.00594	2	0	0
1	47500001	0.976462	1.00594	2	0	0
1	48000001	0.947415	1.00594	2	0	0
1	48500001	0.924614	1.00594	2	0	0
1	49000001	0.920636	1.00594	2	0	0
1	49500001	0.917719	1.00594	2	0	0
1	50000001	0.983203	1.00594	2	0	0
1	50500001	1.00535	1.00594	2	0	0
1	51000001	1.05606	1.00594	2	0	0
1	51500001	1.04171	1.00594	2	0	0
1	52000001	1.00585	1.00594	2	0	0
1	52500001	0.990379	1.00594	2	0	0
1	53000001	0.993865	1.00594	2	0	0
1	53500001	0.998497	1.00594	2	0	0
1	54000001	0.962907	1.00594	2	0	0
1	54500001	1.00055	1.00594	2	0	0
1	55000001	1.05442	1.00594	2	0	0
1	55500001	0.981061	1.00594	2	0	0
1	56000001	0.943301	1.00594	2	0	0
1	56500001	0.990073	1.00594	2	0	0
1	57000001	0.909203	1.00594	2	0	0
1	57500001	0.92952	1.00594	2	0	0
1	58000001	0.997889	1.00594	2	0	0
1	58500001	1.05667	1.00594	2	0	0
1	59000001	1.03957	1.00594	2	0	0
1	59500001	0.983016	1.00594	2	0	0
1	60000001	0.973104	1.00594	2	0	0
1	60500001	1.02334	1.00594	2	0	0
1	61000001	1.04072	1.00594	2	0	0
1	61500001	1.00461	1.00594	2	0	0
1	62000001	1.00334	1.00594	2	0	0
1	62500001	0.974525	1.00594	2	0	0
1	63000001	0.966069	1.00594	2	0	0
1	63500001	1.08821	1.00594	2	0	0
1	64000001	1.01713	1.00594	2	0	0
1	64500001	1.02207	1.00594	2	0	0
1	65000001	0.956227	1.00594	2	0	0
1	65500001	0.959688	1.00594	2	0	0
1	66000001	1.12993	1.00594	2	0	0
1	66500001	1.00303	1.00594	2	0	0
1	67000001	0.992567	1.00594	2	0	0
1	67500001	1.0313	1.00594	2	0	0
1	68000001	1.0603	1.00594	2	0	0
1	68500001	0.979843	1.00594	2	0	0
1	69000001	0.969993	1.00594	2	0	0
1	69500001	0.955001	1.00594	2	0	0
1	70000001	0.978635	1.00594	2	0	0
1	70500001	0.96109	1.00594	2	0	0
1	71000001	0.942621	1.00594	2	0	0
1	71500001	0.967086	1.00594	2	0	0
1	72000001	0.89051	1.00594	2	0	0
1	72500001	0.982253	1.00594	2	0	0
1	73000001	0.972431	1.00594	2	0	0
1	73500001	0.922433	1.00594	2	0	0
1	74000001	0.937244	1.00594	2	0	0
1	74500001	0.967492	1.00594	2	0	0
1	75000001	0.968843	1.00594	2	0	0
1	75500001	0.993045	1.00594	2	0	0
1	76000001	0.94257	1.00594	2	0	0
1	76500001	0.980748	1.00594	2	0	0
1	77000001	1.00504	1.00594	2	0	0
1	77500001	1.00449	1.00594	2	0	0
1	78000001	1.02713	1.00594	2	0	0
1	78500001	1.04301	1.00594	2	0	0
1	79000001	0.986987	1.00594	2	0	0
1	79500001	1.00603	1.00594	2	0	0
1	80000001	1.01957	1.00594	2	0	0
1	80500001	1.00637	1.00594	2	0	0
1	81000001	1.02215	1.00594	2	0	0
1	81500001	1.03267	1.00594	2	0	0
1	82000001	1.05905	1.00594	2	0	0
1	82500001	1.06183	1.00594	2	0	0
1	83000001	1.04248	1.00594	2	0	0
1	83500001	1.02633	1.00594	2	0	0
1	84000001	1.0453	1.00594	2	0	0
1	84500001	1.0235	1.00594	2	0	0
1	85000001	1.02268	1.00594	2	0	0
1	85500001	1.02291	1.00594	2	0	0
1	86000001	1.0393	1.00594	2	0	0
1	86500001	1.01033	1.00594	2	0	0
1	87000001	1.01625	1.00594	2	0	0
1	87500001	1.0676	1.00594	2	0	0
1	88000001	1.02559	1.00594	2	0	0
1	88500001	1.01027	1.00594	2	0	0
1	89000001	1.03266	1.00594	2	0	0
1	89500001	1.09504	1.00594	2	0	0
1	90000001	1.03311	1.00594	2	0	0
1	90500001	0.966212	1.00594	2	0	0
1	91000001	1.01276	1.00594	2	0	0
1	91500001	1.02967	1.00594	2	0	0
1	92000001	1.00941	1.00594	2	0	0
1	92500001	1.01584	1.00594	2	0	0
1	93000001	1.05179	1.00594	2	0	0
1	93500001	1.0819	1.00594	2	0	0
1	94000001	1.09177	1.00594	2	0	0
1	94500001	1.11108	1.00594	2	0	0
1	95000001	1.03567	1.00594	2	0	0
1	95500001	1.02204	1.00594	2	0	0
1	96000001	0.964457	1.00594	2	0	0
1	96500001	0.994158	1.00594	2	0	0
1	97000001	0.959821	1.00594	2	0	0
1	97500001	1.01159	1.00594	2	0	0
1	98000001	1.00369	1.00594	2	0	0
1	98500001	0.995663	1.00594	2	0	0
1	99000001	1.02158	1.00594	2	0	0
1	99500001	1.0407	1.00594	2	0	0
1	100000001	1.00239	1.00594	2	0	0
1	100500001	0.990322	1.00594	2	0	0
1	101000001	0.992897	1.00594	2	0	0
1	101500001	1.0208	1.00594	2	0	0
1	102000001	0.991486	1.00594	2	0	0
1	102500001	1.03299	1.00594	2	0	0
1	103000001	1.00169	1.00594	2	0	0
1	103500001	1.00474	1.00594	2	0	0
1	104000001	0.950526	1.00594	2	0	0
1	104500001	0.924773	1.00594	2	0	0
1	105000001	0.950436	1.00594	2	0	0
1	105500001	0.913607	1.00594	2	0	0
1	106000001	0.97918	1.00594	2	0	0
1	106500001	0.991135	1.00594	2	0	0
1	107000001	0.983008	1.00594	2	0	0
1	107500001	1.02662	1.00594	2	0	0
1	108000001	0.980185	1.00594	2	0	0
1	108500001	1.02978	1.00594	2	0	0
1	109000001	0.979666	1.00594	2	0	0
1	109500001	0.952039	1.00594	2	0	0
1	110000001	1.02946	1.00594	2	0	0
1	110500001	0.937684	1.00594	2	0	0
1	111000001	0.980572	1.00594	2	0	0
1	111500001	1.02332	1.00594	2	0	0
1	112000001	1.00172	1.00594	2	0	0
1	112500001	1.03749	1.00594	2	0	0
1	113000001	1.04312	1.00594	2	0	0
1	113500001	1.06823	1.00594	2	0	0
1	114000001	1.01812	1.00594	2	0	0
1	114500001	1.05974	1.00594	2	0	0
1	115000001	1.03098	1.00594	2	0	0
1	115500001	1.03554	1.00594	2	0	0
1	116000001	1.02355	1.00594	2	0	0
1	116500001	1.06387	1.00594	2	0	0
1	117000001	1.04181	1.00594	2	0	0
1	117500001	1.02925	1.00594	2	0	0
1	118000001	0.974338	1.00594	2	0	0
1	118500001	1.02075	1.00594	2	0	0
1	119000001	1.00691	1.00594	2	0	0
1	119500001	1.05382	1.00594	2	0	0
1	120000001	0.826523	1.00594	2	0	0
1	120500001	0.568556	0.568556	1	0	0
1	121000001	1.00116	0.997421	2	0	0
1	121500001	0.993683	0.997421	2	0	0
1	122000001	0.551679	0.551679	1	0	0
1	122500001	1.72468	1.71584	3	0	0
1	123000001	1.707	1.71584	3	0	0
1	123500001	2.11602	2.11602	4	0	0
1	124000001	2.67718	2.67718	5	0	0
1	124500001	3.45823	3.45823	7	0	0
1	125000001	-1	-1	-1	0	0
1	125500001	-1	-1	-1	0	0
1	126000001	-1	-1	-1	0	0
1	126500001	-1	-1	-1	0	0
1	127000001	-1	-1	-1	0	0
1	127500001	-1	-1	-1	0	0
1	128000001	-1	-1	-1	0	0
1	128500001	-1	-1	-1	0	0
1	129000001	-1	-1	-1	0	0
1	129500001	-1	-1	-1	0	0
1	130000001	-1	-1	-1	0	0
1	130500001	-1	-1	-1	0	0
1	131000001	-1	-1	-1	0	0
1	131500001	-1	-1	-1	0	0
1	132000001	-1	-1	-1	0	0
1	132500001	-1	-1	-1	0	0
1	133000001	-1	-1	-1	0	0
1	133500001	-1	-1	-1	0	0
1	134000001	-1	-1	-1	0	0
1	134500001	-1	-1	-1	0	0
1	135000001	-1	-1	-1	0	0
1	135500001	-1	-1	-1	0	0
1	136000001	-1	-1	-1	0	0
1	136500001	-1	-1	-1	0	0
1	137000001	-1	-1	-1	0	0
1	137500001	-1	-1	-1	0	0
1	138000001	-1	-1	-1	0	0
1	138500001	-1	-1	-1	0	0
1	139000001	-1	-1	-1	0	0
1	139500001	-1	-1	-1	0	0
1	140000001	-1	-1	-1	0	0
1	140500001	-1	-1	-1	0	0
1	141000001	-1	-1	-1	0	0
1	141500001	-1	-1	-1	0	0
1	142000001	-1	-1	-1	0	0
1	142500001	-1	-1	-1	0	0
1	143000001	-1	-1	-1	0	0
1	143500001	0.997342	1.03158	2	0	0
1	144000001	1.02601	1.03158	2	0	0
1	144500001	1.02447	1.03158	2	0	0
1	145000001	1.15205	1.03158	2	0	0
1	145500001	1.07677	1.03158	2	0	0
1	146000001	0.973307	1.03158	2	0	0
1	146500001	0.983311	1.03158	2	0	0
1	147000001	1.04394	1.03158	2	0	0
1	147500001	1.04451	1.03158	2	0	0
1	148000001	1.05038	1.03158	2	0	0
1	148500001	1.18534	1.03158	2	0	0
1	149000001	1.03158	1.03158	2	0	0
1	149500001	0.943584	1.03158	2	0	0
1	150000001	1.02601	1.03158	2	0	0
1	150500001	0.979691	1.03158	2	0	0
1	151000001	1.02578	1.03158	2	0	0
1	151500001	1.01518	1.03158	2	0	0
1	152000001	1.01251	1.03158	2	0	0
1	152500001	1.02399	1.03158	2	0	0
1	153000001	1.03831	1.03158	2	0	0
1	153500001	1.01823	1.03158	2	0	0
1	154000001	0.986633	1.03158	2	0	0
1	154500001	0.993707	1.03158	2	0	0
1	155000001	1.01572	1.03158	2	0	0
1	155500001	1.03785	1.03158	2	0	0
1	156000001	1.03626	1.03158	2	0	0
1	156500001	1.0245	1.03158	2	0	0
1	157000001	1.0456	1.03158	2	0	0
1	157500001	0.98883	1.03158	2	0	0
1	158000001	0.949233	1.03158	2	0	0
1	158500001	0.9337	1.03158	2	0	0
1	159000001	0.987777	1.03158	2	0	0
1	159500001	1.02423	1.03158	2	0	0
1	160000001	1.03641	1.03158	2	0	0
1	160500001	1.03762	1.03158	2	0	0
1	161000001	1.20315	1.03158	2	0	0
1	161500001	1.01768	1.03158	2	0	0
1	162000001	1.02442	1.03158	2	0	0
1	162500001	0.994052	1.03158	2	0	0
1	163000001	1.01363	1.03158	2	0	0
1	163500001	1.07783	1.03158	2	0	0
1	164000001	1.05128	1.03158	2	0	0
1	164500001	1.02103	1.03158	2	0	0
1	165000001	0.960821	1.03158	2	0	0
1	165500001	0.965734	1.03158	2	0	0
1	166000001	0.909189	1.03158	2	0	0
1	166500001	1.02352	1.03158	2	0	0
1	167000001	1.00615	1.03158	2	0	0
1	167500001	1.04697	1.03158	2	0	0
1	168000001	1.02455	1.03158	2	0	0
1	168500001	1.02141	1.03158	2	0	0
1	169000001	1.02219	1.03158	2	0	0
1	169500001	0.993041	1.03158	2	0	0
1	170000001	0.977476	1.03158	2	0	0
1	170500001	0.956682	1.03158	2	0	0
1	171000001	0.9727	1.03158	2	0	0
1	171500001	1.00052	1.03158	2	0	0
1	172000001	1.0398	1.03158	2	0	0
1	172500001	1.07786	1.03158	2	0	0
1	173000001	1.0888	1.03158	2	0	0
1	173500001	1.04516	1.03158	2	0	0
1	174000001	1.01177	1.03158	2	0	0
1	174500001	0.956471	1.03158	2	0	0
1	175000001	1.0298	1.03158	2	0	0
1	175500001	0.978121	1.03158	2	0	0
1	176000001	0.970265	1.03158	2	0	0
1	176500001	0.94801	1.03158	2	0	0
1	177000001	0.973348	1.03158	2	0	0
1	177500001	1.05564	1.03158	2	0	0
1	178000001	1.08334	1.03158	2	0	0
1	178500001	1.0462	1.03158	2	0	0
1	179000001	0.993093	1.03158	2	0	0
1	179500001	1.03777	1.03158	2	0	0
1	180000001	1.03618	1.03158	2	0	0
1	180500001	1.07331	1.03158	2	0	0
1	181000001	1.05927	1.03158	2	0	0
1	181500001	1.02176	1.03158	2	0	0
1	182000001	1.06665	1.03158	2	0	0
1	182500001	1.07132	1.03158	2	0	0
1	183000001	1.06719	1.03158	2	0	0
1	183500001	1.06242	1.03158	2	0	0
1	184000001	1.00879	1.03158	2	0	0
1	184500001	1.00448	1.03158	2	0	0
1	185000001	1.08457	1.03158	2	0	0
1	185500001	1.09855	1.03158	2	0	0
1	186000001	1.12023	1.03158	2	0	0
1	186500001	1.09617	1.03158	2	0	0
1	187000001	1.02757	1.03158	2	0	0
1	187500001	1.00728	1.03158	2	0	0
1	188000001	1.01186	1.03158	2	0	0
1	188500001	1.0319	1.03158	2	0	0
1	189000001	1.05282	1.03158	2	0	0
1	189500001	1.08101	1.03158	2	0	0
1	190000001	1.07195	1.03158	2	0	0
1	190500001	1.06381	1.03158	2	0	0
1	191000001	1.02166	1.03158	2	0	0
1	191500001	0.994132	1.03158	2	0	0
1	192000001	1.05495	1.03158	2	0	0
1	192500001	1.06999	1.03158	2	0	0
1	193000001	1.03905	1.03158	2	0	0
1	193500001	1.05731	1.03158	2	0	0
1	194000001	1.00732	1.03158	2	0	0
1	194500001	0.999694	1.03158	2	0	0
1	195000001	1.01031	1.03158	2	0	0
1	195500001	1.01617	1.03158	2	0	0
1	196000001	1.08143	1.03158	2	0	0
1	196500001	1.08501	1.03158	2	0	0
1	197000001	1.13037	1.03158	2	0	0
1	197500001	1.09308	1.03158	2	0	0
1	198000001	1.1024	1.03158	2	0	0
1	198500001	1.12901	1.03158	2	0	0
1	199000001	1.06349	1.03158	2	0	0
1	199500001	1.07861	1.03158	2	0	0
1	200000001	1.03755	1.03158	2	0	0
1	200500001	1.0707	1.03158	2	0	0
1	201000001	1.05802	1.03158	2	0	0
1	201500001	1.07806	1.03158	2	0	0
1	202000001	1.00724	1.03158	2	0	0
1	202500001	1.04318	1.03158	2	0	0
1	203000001	1.07211	1.03158	2	0	0
1	203500001	1.0495	1.03158	2	0	0
1	204000001	1.04293	1.03158	2	0	0
1	204500001	1.07762	1.03158	2	0	0
1	205000001	1.0399	1.03158	2	0	0
1	205500001	1.03503	1.03158	2	0	0
1	206000001	1.07679	1.03158	2	0	0
1	206500001	1.05596	1.03158	2	0	0
1	207000001	1.12566	1.03158	2	0	0
1	207500001	0.996453	1.03158	2	0	0
1	208000001	1.02987	1.03158	2	0	0
1	208500001	1.03171	1.03158	2	0	0
1	209000001	1.05684	1.03158	2	0	0
1	209500001	1.11459	1.03158	2	0	0
1	210000001	0.989802	1.03158	2	0	0
1	210500001	0.959195	1.03158	2	0	0
1	211000001	1.00088	1.03158	2	0	0
1	211500001	1.06487	1.03158	2	0	0
1	212000001	1.06918	1.03158	2	0	0
1	212500001	1.02752	1.03158	2	0	0
1	213000001	0.987885	1.03158	2	0	0
1	213500001	0.99557	1.03158	2	0	0
1	214000001	1.08352	1.03158	2	0	0
1	214500001	1.0517	1.03158	2	0	0
1	215000001	1.01219	1.03158	2	0	0
1	215500001	1.03078	1.03158	2	0	0
1	216000001	0.938643	1.03158	2	0	0
1	216500001	0.980845	1.03158	2	0	0
1	217000001	0.998118	1.03158	2	0	0
1	217500001	0.991063	1.03158	2	0	0
1	218000001	1.03277	1.03158	2	0	0
1	218500001	1.04059	1.03158	2	0	0
1	219000001	1.04651	1.03158	2	0	0
1	219500001	1.03596	1.03158	2	0	0
1	220000001	0.997272	1.03158	2	0	0
1	220500001	1.03685	1.03158	2	0	0
1	221000001	1.08437	1.03158	2	0	0
1	221500001	1.04387	1.03158	2	0	0
1	222000001	1.06472	1.03158	2	0	0
1	222500001	1.04027	1.03158	2	0	0
1	223000001	1.03137	1.03158	2	0	0
1	223500001	1.05298	1.03158	2	0	0
1	224000001	1.027	1.03158	2	0	0
1	224500001	1.02988	1.03158	2	0	0
1	225000001	1.06963	1.03158	2	0	0
1	225500001	1.02356	1.03158	2	0	0
1	226000001	0.996681	1.03158	2	0	0
1	226500001	1.03903	1.03158	2	0	0
1	227000001	1.07286	1.03158	2	0	0
1	227500001	1.02327	1.03158	2	0	0
1	228000001	1.02788	1.03158	2	0	0
1	228500001	1.30669	1.03158	2	0	0
1	229000001	1.03926	1.03158	2	0	0
1	229500001	1.03013	1.03158	2	0	0
1	230000001	0.991684	1.03158	2	0	0
1	230500001	0.961501	1.03158	2	0	0
1	231000001	0.952772	1.03158	2	0	0
1	231500001	0.898934	1.03158	2	0	0
1	232000001	0.544104	0.544104	1	0	0
1	232500001	0.989269	1.00282	2	0	0
1	233000001	1.02941	1.00282	2	0	0
1	233500001	1.0314	1.00282	2	0	0
1	234000001	1.03207	1.00282	2	0	0
1	234500001	1.10262	1.00282	2	0	0
1	235000001	1.02128	1.00282	2	0	0
1	235500001	1.00096	1.00282	2	0	0
1	236000001	0.997118	1.00282	2	0	0
1	236500001	1.02194	1.00282	2	0	0
1	237000001	1.00067	1.00282	2	0	0
1	237500001	1.02622	1.00282	2	0	0
1	238000001	1.01133	1.00282	2	0	0
1	238500001	1.03795	1.00282	2	0	0
1	239000001	1.03498	1.00282	2	0	0
1	239500001	0.980515	1.00282	2	0	0
1	240000001	1.00256	1.00282	2	0	0
1	240500001	1.02709	1.00282	2	0	0
1	241000001	1.05974	1.00282	2	0	0
1	241500001	1.07163	1.00282	2	0	0
1	242000001	0.980055	1.00282	2	0	0
1	242500001	0.95869	1.00282	2	0	0
1	243000001	0.953625	1.00282	2	0	0
1	243500001	1.00282	1.00282	2	0	0
1	244000001	1.01429	1.00282	2	0	0
1	244500001	0.999034	1.00282	2	0	0
1	245000001	0.970127	1.00282	2	0	0
1	245500001	0.939806	1.00282	2	0	0
1	246000001	0.995546	1.00282	2	0	0
1	246500001	1.00662	1.00282	2	0	0
1	247000001	0.975896	1.00282	2	0	0
1	247500001	0.930031	1.00282	2	0	0
1	248000001	1.00905	1.00282	2	0	0
1	248500001	0.826069	1.00282	2	0	0
10	1	2.01744	2.01744	4	0	0
10	500001	1.44329	1.48999	3	0	0
10	1000001	1.44528	1.48999	3	0	0
10	1500001	1.42769	1.48999	3	0	0
10	2000001	1.46407	1.48999	3	0	0
10	2500001	1.42883	1.48999	3	0	0
10	3000001	1.52287	1.48999	3	0	0
10	3500001	1.53591	1.48999	3	0	0
10	4000001	1.55952	1.48999	3	0	0
10	4500001	1.60968	1.48999	3	0	0
10	5000001	1.6089	1.48999	3	0	0
10	5500001	1.53444	1.48999	3	0	0
10	6000001	1.49917	1.48999	3	0	0
10	6500001	1.48081	1.48999	3	0	0
10	7000001	1.47283	1.48999	3	0	0
10	7500001	1.9863	1.9863	4	0	0
10	8000001	2.52431	2.58389	5	0	0
10	8500001	2.64347	2.58389	5	0	0
10	9000001	1.85289	1.85289	4	0	0
10	9500001	1.44027	1.44027	3	0	0
10	10000001	1.41177	1.44027	3	0	0
10	10500001	1.4452	1.44027	3	0	0
10	11000001	1.44407	1.44027	3	0	0
10	11500001	1.50982	1.44027	3	0	0
10	12000001	1.50513	1.44027	3	0	0
10	12500001	1.50682	1.44027	3	0	0
10	13000001	1.53348	1.44027	3	0	0
10	13500001	1.53247	1.44027	3	0	0
10	14000001	1.51729	1.44027	3	0	0
10	14500001	1.5096	1.44027	3	0	0
10	15000001	1.42672	1.44027	3	0	0
10	15500001	1.40085	1.44027	3	0	0
10	16000001	1.39539	1.44027	3	0	0
10	16500001	1.40713	1.44027	3	0	0
10	17000001	1.45344	1.44027	3	0	0
10	17500001	1.43211	1.44027	3	0	0
10	18000001	1.35501	1.44027	3	0	0
10	18500001	1.36921	1.44027	3	0	0
10	19000001	1.37771	1.44027	3	0	0
10	19500001	1.35199	1.44027	3	0	0
10	20000001	0.641392	0.504961	1	0	0
10	20500001	0.519314	0.504961	1	0	0
10	21000001	0.53387	0.504961	1	0	0
10	21500001	0.505034	0.504961	1	0	0
10	22000001	0.482682	0.504961	1	0	0
10	22500001	0.504961	0.504961	1	0	0
10	23000001	0.485379	0.504961	1	0	0
10	23500001	0.52808	0.504961	1	0	0
10	24000001	0.505077	0.504961	1	0	0
10	24500001	0.539431	0.504961	1	0	0
10	25000001	0.521312	0.504961	1	0	0
10	25500001	0.467485	0.504961	1	0	0
10	26000001	0.477552	0.504961	1	0	0
10	26500001	0.493498	0.504961	1	0	0
10	27000001	0.495334	0.504961	1	0	0
10	27500001	0.492097	0.504961	1	0	0
10	28000001	0.545277	0.504961	1	0	0
10	28500001	0.490095	0.504961	1	0	0
10	29000001	0.501203	0.504961	1	0	0
10	29500001	0.835839	0.997472	2	0	0
10	30000001	1.03664	0.997472	2	0	0
10	30500001	0.999502	0.997472	2	0	0
10	31000001	0.974878	0.997472	2	0	0
10	31500001	1.20437	0.997472	2	0	0
10	32000001	1.14079	0.997472	2	0	0
10	32500001	1.06739	0.997472	2	0	0
10	33000001	1.05482	0.997472	2	0	0
10	33500001	0.987276	0.997472	2	0	0
10	34000001	1.00231	0.997472	2	0	0
10	34500001	1.02766	0.997472	2	0	0
10	35000001	1.01165	0.997472	2	0	0
10	35500001	0.995443	0.997472	2	0	0
10	36000001	0.945252	0.997472	2	0	0
10	36500001	0.962343	0.997472	2	0	0
10	37000001	0.937987	0.997472	2	0	0
10	37500001	0.925973	0.997472	2	0	0
10	38000001	0.938472	0.997472	2	0	0
10	38500001	1.01559	0.997472	2	0	0
10	39000001	0.983482	0.997472	2	0	0
10	39500001	0.4626	0.4626	1	0	0
10	40000001	1.64483	1.64483	3	0	0
10	40500001	1.98355	1.98355	4	0	0
10	41000001	1.10036	1.10036	2	0	0
10	41500001	-1	-1	-1	0	0
10	42000001	3.40427	3.40427	7	0	0
10	42500001	1.41212	1.4448	3	0	0
10	43000001	1.38279	1.4448	3	0	0
10	43500001	1.42761	1.4448	3	0	0
10	44000001	1.40159	1.4448	3	0	0
10	44500001	1.41171	1.4448	3	0	0
10	45000001	1.42873	1.4448	3	0	0
10	45500001	1.46503	1.4448	3	0	0
10	46000001	1.44308	1.4448	3	0	0
10	46500001	1.67041	1.4448	3	0	0
10	47000001	1.53473	1.4448	3	0	0
10	47500001	-1	1.4448	3	0	0
10	48000001	1.57775	1.4448	3	0	0
10	48500001	1.45611	1.4448	3	0	0
10	49000001	1.44344	1.4448	3	0	0
10	49500001	1.45538	1.4448	3	0	0
10	50000001	1.43155	1.4448	3	0	0
10	50500001	1.4478	1.4448	3	0	0
10	51000001	1.40652	1.4448	3	0	0
10	51500001	1.44616	1.4448	3	0	0
10	52000001	1.60412	1.4448	3	0	0
10	52500001	1.51274	1.4448	3	0	0
10	53000001	1.78548	1.96677	4	0	0
10	53500001	1.99133	1.96677	4	0	0
10	54000001	1.94221	1.96677	4	0	0
10	54500001	2.00919	1.96677	4	0	0
10	55000001	1.54242	1.48984	3	0	0
10	55500001	1.48147	1.48984	3	0	0
10	56000001	1.49931	1.48984	3	0	0
10	56500001	1.43921	1.48984	3	0	0
10	57000001	1.43802	1.48984	3	0	0
10	57500001	1.45404	1.48984	3	0	0
10	58000001	1.47811	1.48984	3	0	0
10	58500001	1.51081	1.48984	3	0	0
10	59000001	1.47273	1.48984	3	0	0
10	59500001	1.51756	1.48984	3	0	0
10	60000001	1.56152	1.48984	3	0	0
10	60500001	1.59293	1.48984	3	0	0
10	61000001	1.49093	1.48984	3	0	0
10	61500001	1.55522	1.48984	3	0	0
10	62000001	1.59138	1.48984	3	0	0
10	62500001	1.51046	1.48984	3	0	0
10	63000001	1.42738	1.48984	3	0	0
10	63500001	1.52133	1.48984	3	0	0
10	64000001	1.44777	1.48984	3	0	0
10	64500001	1.39905	1.48984	3	0	0
10	65000001	1.45977	1.48984	3	0	0
10	65500001	1.50071	1.48984	3	0	0
10	66000001	1.42381	1.48984	3	0	0
10	66500001	1.41742	1.48984	3	0	0
10	67000001	1.46182	1.48984	3	0	0
10	67500001	1.49928	1.48984	3	0	0
10	68000001	1.52233	1.48984	3	0	0
10	68500001	1.50348	1.48984	3	0	0
10	69000001	1.52278	1.48984	3	0	0
10	69500001	1.52878	1.48984	3	0	0
10	70000001	1.50069	1.48984	3	0	0
10	70500001	1.47009	1.48984	3	0	0
10	71000001	1.50824	1.48984	3	0	0
10	71500001	1.50544	1.48984	3	0	0
10	72000001	1.53294	1.48984	3	0	0
10	72500001	1.56323	1.48984	3	0	0
10	73000001	1.50068	1.48984	3	0	0
10	73500001	1.57898	1.48984	3	0	0
10	74000001	1.52848	1.48984	3	0	0
10	74500001	1.48875	1.48984	3	0	0
10	75000001	1.5121	1.48984	3	0	0
10	75500001	1.24297	1.48984	3	0	0
10	76000001	1.47848	1.48984	3	0	0
10	76500001	1.50448	1.48984	3	0	0
10	77000001	1.43722	1.48984	3	0	0
10	77500001	1.49837	1.48984	3	0	0
10	78000001	1.524	1.48984	3	0	0
10	78500001	1.47562	1.48984	3	0	0
10	79000001	1.50834	1.48984	3	0	0
10	79500001	1.48773	1.48984	3	0	0
10	80000001	1.53658	1.48984	3	0	0
10	80500001	1.45893	1.48984	3	0	0
10	81000001	1.43038	1.48984	3	0	0
10	81500001	1.32843	1.48984	3	0	0
10	82000001	1.39917	1.48984	3	0	0
10	82500001	1.40262	1.48984	3	0	0
10	83000001	1.42508	1.48984	3	0	0
10	83500001	1.38064	1.48984	3	0	0
10	84000001	1.41815	1.48984	3	0	0
10	84500001	1.41678	1.48984	3	0	0
10	85000001	1.43808	1.48984	3	0	0
10	85500001	1.401	1.48984	3	0	0
10	86000001	1.41941	1.48984	3	0	0
10	86500001	1.5014	1.48984	3	0	0
10	87000001	1.52201	1.48984	3	0	0
10	87500001	1.56389	1.48984	3	0	0
10	88000001	1.56403	1.48984	3	0	0
10	88500001	1.58422	1.48984	3	0	0
10	89000001	1.64856	1.48984	3	0	0
10	89500001	1.58967	1.48984	3	0	0
10	90000001	1.61236	1.48984	3	0	0
10	90500001	1.5746	1.48984	3	0	0
10	91000001	1.54872	1.48984	3	0	0
10	91500001	1.56152	1.48984	3	0	0
10	92000001	1.46547	1.48984	3	0	0
10	92500001	1.50311	1.48984	3	0	0
10	93000001	1.5254	1.48984	3	0	0
10	93500001	1.55978	1.48984	3	0	0
10	94000001	1.5417	1.48984	3	0	0
10	94500001	1.45037	1.48984	3	0	0
10	95000001	1.61933	1.48984	3	0	0
10	95500001	1.54615	1.48984	3	0	0
10	96000001	1.48769	1.48984	3	0	0
10	96500001	1.50434	1.48984	3	0	0
10	97000001	1.51154	1.48984	3	0	0
10	97500001	1.54215	1.48984	3	0	0
10	98000001	1.53452	1.48984	3	0	0
10	98500001	1.44382	1.48984	3	0	0
10	99000001	1.4942	1.48984	3	0	0
10	99500001	1.51244	1.48984	3	0	0
10	100000001	1.53632	1.48984	3	0	0
10	100500001	1.45512	1.48984	3	0	0
10	101000001	1.44755	1.48984	3	0	0
10	101500001	1.48145	1.48984	3	0	0
10	102000001	1.47256	1.48984	3	0	0
10	102500001	1.46404	1.48984	3	0	0
10	103000001	1.50665	1.48984	3	0	0
10	103500001	1.57574	1.48984	3	0	0
10	104000001	1.55575	1.48984	3	0	0
10	104500001	1.41878	1.48984	3	0	0
10	105000001	1.37511	1.48984	3	0	0
10	105500001	1.41343	1.48984	3	0	0
10	106000001	1.46473	1.48984	3	0	0
10	106500001	1.44101	1.48984	3	0	0
10	107000001	1.38022	1.48984	3	0	0
10	107500001	1.40125	1.48984	3	0	0
10	108000001	1.36349	1.48984	3	0	0
10	108500001	1.36694	1.48984	3	0	0
10	109000001	1.4172	1.48984	3	0	0
10	109500001	1.52305	1.48984	3	0	0
10	110000001	1.53002	1.48984	3	0	0
10	110500001	1.5364	1.48984	3	0	0
10	111000001	1.45934	1.48984	3	0	0
10	111500001	1.41533	1.48984	3	0	0
10	112000001	1.42877	1.48984	3	0	0
10	112500001	1.45991	1.48984	3	0	0
10	113000001	1.50467	1.48984	3	0	0
10	113500001	1.46457	1.48984	3	0	0
10	114000001	1.54477	1.48984	3	0	0
10	114500001	1.4983	1.48984	3	0	0
10	115000001	1.47555	1.48984	3	0	0
10	115500001	1.3675	1.48984	3	0	0
10	116000001	1.3697	1.48984	3	0	0
10	116500001	1.44879	1.48984	3	0	0
10	117000001	1.44164	1.48984	3	0	0
10	117500001	1.37074	1.48984	3	0	0
10	118000001	1.41432	1.48984	3	0	0
10	118500001	1.52314	1.48984	3	0	0
10	119000001	1.51582	1.48984	3	0	0
10	119500001	1.37495	1.48984	3	0	0
10	120000001	1.45735	1.48984	3	0	0
10	120500001	1.49729	1.48984	3	0	0
10	121000001	1.51946	1.48984	3	0	0
10	121500001	1.48577	1.48984	3	0	0
10	122000001	1.55	1.48984	3	0	0
10	122500001	1.48826	1.48984	3	0	0
10	123000001	1.45647	1.48984	3	0	0
10	123500001	1.41035	1.48984	3	0	0
10	124000001	1.5228	1.48984	3	0	0
10	124500001	1.44274	1.48984	3	0	0
10	125000001	1.44569	1.48984	3	0	0
10	125500001	1.54614	1.48984	3	0	0
10	126000001	1.50299	1.48984	3	0	0
10	126500001	1.47474	1.48984	3	0	0
10	127000001	1.38678	1.36594	3	0	0
10	127500001	1.43517	1.36594	3	0	0
10	128000001	1.42942	1.36594	3	0	0
10	128500001	1.35166	1.36594	3	0	0
10	129000001	1.30989	1.36594	3	0	0
10	129500001	1.31682	1.36594	3	0	0
10	130000001	1.36327	1.36594	3	0	0
10	130500001	1.29444	1.36594	3	0	0
10	131000001	1.2845	1.36594	3	0	0
10	131500001	1.36594	1.36594	3	0	0
10	132000001	1.4444	1.36594	3	0	0
10	132500001	1.46788	1.36594	3	0	0
10	133000001	1.36952	1.36594	3	0	0
10	133500001	-1	-1	-1	0	0
11	1	0.539532	0.539532	1	0	0
11	500001	1.59346	1.74345	3	0	0
11	1000001	1.89343	1.74345	3	0	0
11	1500001	0.741243	0.481866	1	0	0
11	2000001	0.442472	0.481866	1	0	0
11	2500001	0.481866	0.481866	1	0	0
11	3000001	0.450503	0.481866	1	0	0
11	3500001	0.507725	0.481866	1	0	0
11	4000001	0.472702	0.481866	1	0	0
11	4500001	0.494345	0.481866	1	0	0
11	5000001	0.509616	0.481866	1	0	0
11	5500001	0.461878	0.481866	1	0	0
11	6000001	1.48551	1.15974	2	0	0
11	6500001	1.94079	1.15974	2	0	0
11	7000001	0.778147	1.15974	2	0	0
11	7500001	0.532978	1.15974	2	0	0
11	8000001	1.15974	1.15974	2	0	0
11	8500001	1.98603	1.96214	4	0	0
11	9000001	1.54485	1.96214	4	0	0
11	9500001	1.96214	1.96214	4	0	0
11	10000001	0.556767	0.556767	1	0	0
11	10500001	0.52189	0.556767	1	0	0
11	11000001	0.882431	0.556767	1	0	0
11	11500001	2.16277	1.97837	4	0	0
11	12000001	2.06107	1.97837	4	0	0
11	12500001	2.07719	1.97837	4	0	0
11	13000001	2.12281	1.97837	4	0	0
11	13500001	1.99977	1.97837	4	0	0
11	14000001	2.05166	1.97837	4	0	0
11	14500001	1.93379	1.97837	4	0	0
11	15000001	1.90318	1.97837	4	0	0
11	15500001	1.9502	1.97837	4	0	0
11	16000001	2.04362	1.97837	4	0	0
11	16500001	1.93419	1.97837	4	0	0
11	17000001	1.95849	1.97837	4	0	0
11	17500001	1.93689	1.97837	4	0	0
11	18000001	1.98016	1.97837	4	0	0
11	18500001	1.95671	1.97837	4	0	0
11	19000001	2.07538	1.97837	4	0	0
11	19500001	1.97435	1.97837	4	0	0
11	20000001	1.93696	1.97837	4	0	0
11	20500001	1.85267	1.97837	4	0	0
11	21000001	1.92685	1.97837	4	0	0
11	21500001	1.99064	1.97837	4	0	0
11	22000001	1.90017	1.97837	4	0	0
11	22500001	1.94784	1.97837	4	0	0
11	23000001	1.96319	1.97837	4	0	0
11	23500001	1.97837	1.97837	4	0	0
11	24000001	1.97627	1.97837	4	0	0
11	24500001	2.00629	1.97837	4	0	0
11	25000001	2.01839	1.97837	4	0	0
11	25500001	1.9147	1.97837	4	0	0
11	26000001	2.04493	1.97837	4	0	0
11	26500001	2.01865	1.97837	4	0	0
11	27000001	2.0519	1.97837	4	0	0
11	27500001	2.04561	1.97837	4	0	0
11	28000001	2.01564	1.97837	4	0	0
11	28500001	1.93295	1.97837	4	0	0
11	29000001	2.14834	1.97837	4	0	0
11	29500001	2.02935	1.97837	4	0	0
11	30000001	1.97319	1.97837	4	0	0
11	30500001	2.00301	1.97837	4	0	0
11	31000001	1.95211	1.97837	4	0	0
11	31500001	1.92345	1.97837	4	0	0
11	32000001	1.15211	1.15211	2	0	0
11	32500001	0.501088	0.501088	1	0	0
11	33000001	3.33552	3.99246	8	0	0
11	33500001	4.86135	3.99246	8	0	0
11	34000001	3.99246	3.99246	8	0	0
11	34500001	5.82791	6.31097	13	0	0
11	35000001	6.31097	6.31097	13	0	0
11	35500001	6.35523	6.31097	13	0	0
11	36000001	3.28744	3.08464	6	0	0
11	36500001	3.07853	3.08464	6	0	0
11	37000001	3.33484	3.08464	6	0	0
11	37500001	3.08159	3.08464	6	0	0
11	38000001	2.98282	3.08464	6	0	0
11	38500001	3.08768	3.08464	6	0	0
11	39000001	1.75367	1.75367	4	0	0
11	39500001	1.05573	0.948274	2	0	0
11	40000001	0.954566	0.948274	2	0	0
11	40500001	0.922041	0.948274	2	0	0
11	41000001	0.941262	0.948274	2	0	0
11	41500001	0.929022	0.948274	2	0	0
11	42000001	0.932821	0.948274	2	0	0
11	42500001	0.894672	0.948274	2	0	0
11	43000001	0.970549	0.948274	2	0	0
11	43500001	0.928894	0.948274	2	0	0
11	44000001	0.974622	0.948274	2	0	0
11	44500001	0.954984	0.948274	2	0	0
11	45000001	0.941982	0.948274	2	0	0
11	45500001	0.975453	0.948274	2	0	0
11	46000001	0.999712	0.948274	2	0	0
11	46500001	1.56429	1.38816	3	0	0
11	47000001	1.60402	1.38816	3	0	0
11	47500001	1.48357	1.38816	3	0	0
11	48000001	1.05337	1.38816	3	0	0
11	48500001	1.01814	1.38816	3	0	0
11	49000001	1.39434	1.38816	3	0	0
11	49500001	1.38197	1.38816	3	0	0
11	50000001	1.32913	1.38816	3	0	0
11	50500001	-1	-1	-1	0	0
11	51000001	-1	-1	-1	0	0
11	51500001	2.31676	2.17184	4	0	0
11	52000001	2.02692	2.17184	4	0	0
11	52500001	1.47155	1.43581	3	0	0
11	53000001	1.43581	1.43581	3	0	0
11	53500001	1.39661	1.43581	3	0	0
11	54000001	-1	1.43581	3	0	0
11	54500001	1.4845	1.43581	3	0	0
11	55000001	1.41765	1.43581	3	0	0
11	55500001	1.37522	1.43581	3	0	0
11	56000001	1.43846	1.43581	3	0	0
11	56500001	1.90811	1.95378	4	0	0
11	57000001	1.96964	1.95378	4	0	0
11	57500001	1.93792	1.95378	4	0	0
11	58000001	2.01599	1.95378	4	0	0
11	58500001	1.0865	1.01059	2	0	0
11	59000001	1.03092	1.01059	2	0	0
11	59500001	0.943302	1.01059	2	0	0
11	60000001	0.966731	1.01059	2	0	0
11	60500001	0.934672	1.01059	2	0	0
11	61000001	1.02658	1.01059	2	0	0
11	61500001	1.00876	1.01059	2	0	0
11	62000001	1.05168	1.01059	2	0	0
11	62500001	0.978955	1.01059	2	0	0
11	63000001	1.02183	1.01059	2	0	0
11	63500001	1.00111	1.01059	2	0	0
11	64000001	1.01059	1.01059	2	0	0
11	64500001	1.04544	1.01059	2	0	0
11	65000001	1.48154	1.52289	3	0	0
11	65500001	1.66802	1.52289	3	0	0
11	66000001	1.48264	1.52289	3	0	0
11	66500001	1.52783	1.52289	3	0	0
11	67000001	1.49834	1.52289	3	0	0
11	67500001	1.56408	1.52289	3	0	0
11	68000001	1.47071	1.52289	3	0	0
11	68500001	1.52226	1.52289	3	0	0
11	69000001	1.54965	1.52289	3	0	0
11	69500001	1.54566	1.52289	3	0	0
11	70000001	1.51187	1.52289	3	0	0
11	70500001	1.38006	1.52289	3	0	0
11	71000001	1.45122	1.52289	3	0	0
11	71500001	1.52352	1.52289	3	0	0
11	72000001	1.56492	1.52289	3	0	0
11	72500001	1.49465	1.52289	3	0	0
11	73000001	1.5467	1.52289	3	0	0
11	73500001	1.54818	1.52289	3	0	0
11	74000001	1.53883	1.52289	3	0	0
11	74500001	1.56769	1.52289	3	0	0
11	75000001	1.50802	1.52289	3	0	0
11	75500001	1.47756	1.52289	3	0	0
11	76000001	1.48188	1.52289	3	0	0
11	76500001	1.52551	1.52289	3	0	0
11	77000001	2.10619	2.30922	5	0	0
11	77500001	2.44989	2.30922	5	0	0
11	78000001	2.42858	2.30922	5	0	0
11	78500001	2.31482	2.30922	5	0	0
11	79000001	2.25925	2.30922	5	0	0
11	79500001	2.30922	2.30922	5	0	0
11	80000001	2.18342	2.30922	5	0	0
11	80500001	1.37827	1.56289	3	0	0
11	81000001	1.74752	1.56289	3	0	0
11	81500001	2.75563	2.85459	6	0	0
11	82000001	2.85459	2.85459	6	0	0
11	82500001	3.00546	2.85459	6	0	0
11	83000001	2.89694	2.85459	6	0	0
11	83500001	2.8411	2.85459	6	0	0
11	84000001	1.84478	1.50688	3	0	0
11	84500001	1.4386	1.50688	3	0	0
11	85000001	1.47038	1.50688	3	0	0
11	85500001	1.57866	1.50688	3	0	0
11	86000001	1.55436	1.50688	3	0	0
11	86500001	1.56935	1.50688	3	0	0
11	87000001	1.47791	1.50688	3	0	0
11	87500001	1.44652	1.50688	3	0	0
11	88000001	1.54539	1.50688	3	0	0
11	88500001	1.54356	1.50688	3	0	0
11	89000001	1.48854	1.50688	3	0	0
11	89500001	1.40303	1.50688	3	0	0
11	90000001	1.33327	1.50688	3	0	0
11	90500001	1.44048	1.50688	3	0	0
11	91000001	1.41757	1.50688	3	0	0
11	91500001	1.39386	1.50688	3	0	0
11	92000001	1.37737	1.50688	3	0	0
11	92500001	1.43564	1.50688	3	0	0
11	93000001	1.4576	1.50688	3	0	0
11	93500001	1.50584	1.50688	3	0	0
11	94000001	1.61667	1.50688	3	0	0
11	94500001	1.59364	1.50688	3	0	0
11	95000001	1.55616	1.50688	3	0	0
11	95500001	1.57212	1.50688	3	0	0
11	96000001	1.55363	1.50688	3	0	0
11	96500001	1.54164	1.50688	3	0	0
11	97000001	1.49856	1.50688	3	0	0
11	97500001	1.43022	1.50688	3	0	0
11	98000001	1.44211	1.50688	3	0	0
11	98500001	1.46758	1.50688	3	0	0
11	99000001	1.53867	1.50688	3	0	0
11	99500001	1.53631	1.50688	3	0	0
11	100000001	1.50404	1.50688	3	0	0
11	100500001	1.55124	1.50688	3	0	0
11	101000001	1.48058	1.50688	3	0	0
11	101500001	1.53752	1.50688	3	0	0
11	102000001	1.55738	1.50688	3	0	0
11	102500001	1.59298	1.50688	3	0	0
11	103000001	1.59558	1.50688	3	0	0
11	103500001	1.48392	1.50688	3	0	0
11	104000001	1.49021	1.50688	3	0	0
11	104500001	1.55004	1.50688	3	0	0
11	105000001	1.50792	1.50688	3	0	0
11	105500001	1.53968	1.50688	3	0	0
11	106000001	1.52027	1.50688	3	0	0
11	106500001	1.46576	1.50688	3	0	0
11	107000001	1.45167	1.50688	3	0	0
11	107500001	1.45389	1.50688	3	0	0
11	108000001	1.4427	1.50688	3	0	0
11	108500001	1.55613	1.50688	3	0	0
11	109000001	1.50026	1.50688	3	0	0
11	109500001	1.56754	1.50688	3	0	0
11	110000001	1.58012	1.50688	3	0	0
11	110500001	1.5803	1.50688	3	0	0
11	111000001	2.15415	2.02672	4	0	0
11	111500001	2.00998	2.02672	4	0	0
11	112000001	2.02672	2.02672	4	0	0
11	112500001	1.34811	0.943612	2	0	0
11	113000001	0.927093	0.943612	2	0	0
11	113500001	0.971065	0.943612	2	0	0
11	114000001	0.944328	0.943612	2	0	0
11	114500001	0.87163	0.943612	2	0	0
11	115000001	0.879402	0.943612	2	0	0
11	115500001	0.907396	0.943612	2	0	0
11	116000001	0.916028	0.943612	2	0	0
11	116500001	0.943612	0.943612	2	0	0
11	117000001	0.971815	0.943612	2	0	0
11	117500001	1.10624	0.943612	2	0	0
11	118000001	2.04351	1.51555	3	0	0
11	118500001	2.02702	1.51555	3	0	0
11	119000001	1.52718	1.51555	3	0	0
11	119500001	1.4993	1.51555	3	0	0
11	120000001	1.50393	1.51555	3	0	0
11	120500001	1.42385	1.51555	3	0	0
11	121000001	1.48732	1.51555	3	0	0
11	121500001	1.49986	1.51555	3	0	0
11	122000001	1.53332	1.51555	3	0	0
11	122500001	1.57489	1.51555	3	0	0
11	123000001	1.44439	1.41982	3	0	0
11	123500001	1.42198	1.41982	3	0	0
11	124000001	1.50646	1.41982	3	0	0
11	124500001	1.45075	1.41982	3	0	0
11	125000001	1.41982	1.41982	3	0	0
11	125500001	1.43595	1.41982	3	0	0
11	126000001	0.803023	1.41982	3	0	0
11	126500001	1.30334	1.41982	3	0	0
11	127000001	1.38269	1.41982	3	0	0
11	127500001	1.48441	1.41982	3	0	0
11	128000001	1.49489	1.41982	3	0	0
11	128500001	1.49438	1.41982	3	0	0
11	129000001	1.55882	1.41982	3	0	0
11	129500001	1.58222	1.41982	3	0	0
11	130000001	1.5478	1.41982	3	0	0
11	130500001	1.49527	1.41982	3	0	0
11	131000001	1.39569	1.41982	3	0	0
11	131500001	1.36415	1.41982	3	0	0
11	132000001	1.33367	1.41982	3	0	0
11	132500001	1.35381	1.41982	3	0	0
11	133000001	1.34132	1.41982	3	0	0
11	133500001	1.30004	1.41982	3	0	0
11	134000001	1.39173	1.41982	3	0	0
11	134500001	1.31395	1.41982	3	0	0
11	135000001	0.217526	1.41982	3	0	0
12	1	1.73112	1.69064	3	0	0
12	500001	1.65016	1.69064	3	0	0
12	1000001	1.00862	0.996204	2	0	0
12	1500001	0.960875	0.996204	2	0	0
12	2000001	0.969449	0.996204	2	0	0
12	2500001	0.996204	0.996204	2	0	0
12	3000001	1.01023	0.996204	2	0	0
12	3500001	0.98095	0.996204	2	0	0
12	4000001	0.972819	0.996204	2	0	0
12	4500001	0.944356	0.996204	2	0	0
12	5000001	0.990214	0.996204	2	0	0
12	5500001	0.998489	0.996204	2	0	0
12	6000001	1.01963	0.996204	2	0	0
12	6500001	1.04579	0.996204	2	0	0
12	7000001	1.01106	0.996204	2	0	0
12	7500001	0.957395	0.996204	2	0	0
12	8000001	1.16395	0.996204	2	0	0
12	8500001	1.4366	1.46574	3	0	0
12	9000001	1.43966	1.46574	3	0	0
12	9500001	1.53461	1.46574	3	0	0
12	10000001	1.56468	1.46574	3	0	0
12	10500001	1.49005	1.46574	3	0	0
12	11000001	1.52844	1.46574	3	0	0
12	11500001	1.7061	1.46574	3	0	0
12	12000001	1.65921	1.46574	3	0	0
12	12500001	1.50796	1.46574	3	0	0
12	13000001	1.55434	1.46574	3	0	0
12	13500001	1.47056	1.46574	3	0	0
12	14000001	1.412	1.46574	3	0	0
12	14500001	1.42643	1.46574	3	0	0
12	15000001	1.53874	1.46574	3	0	0
12	15500001	1.5429	1.46574	3	0	0
12	16000001	1.49231	1.46574	3	0	0
12	16500001	1.44003	1.46574	3	0	0
12	17000001	1.3958	1.46574	3	0	0
12	17500001	1.42842	1.46574	3	0	0
12	18000001	1.47235	1.46574	3	0	0
12	18500001	1.46091	1.46574	3	0	0
12	19000001	1.43884	1.46574	3	0	0
12	19500001	1.47637	1.46574	3	0	0
12	20000001	1.41402	1.46574	3	0	0
12	20500001	1.37135	1.46574	3	0	0
12	21000001	1.40795	1.46574	3	0	0
12	21500001	1.40169	1.46574	3	0	0
12	22000001	1.39692	1.46574	3	0	0
12	22500001	1.41449	1.46574	3	0	0
12	23000001	1.55974	1.46574	3	0	0
12	23500001	1.80067	1.96183	4	0	0
12	24000001	1.87489	1.96183	4	0	0
12	24500001	1.92563	1.96183	4	0	0
12	25000001	1.94398	1.96183	4	0	0
12	25500001	1.91518	1.96183	4	0	0
12	26000001	2.04927	1.96183	4	0	0
12	26500001	2.07542	1.96183	4	0	0
12	27000001	1.98928	1.96183	4	0	0
12	27500001	2.0463	1.96183	4	0	0
12	28000001	2.13187	1.96183	4	0	0
12	28500001	2.10522	1.96183	4	0	0
12	29000001	2.00214	1.96183	4	0	0
12	29500001	1.88472	1.96183	4	0	0
12	30000001	1.8852	1.96183	4	0	0
12	30500001	1.97968	1.96183	4	0	0
12	31000001	1.88695	1.96183	4	0	0
12	31500001	1.5372	1.817	4	0	0
12	32000001	1.76058	1.817	4	0	0
12	32500001	1.86323	1.817	4	0	0
12	33000001	1.45798	1.817	4	0	0
12	33500001	1.83253	1.817	4	0	0
12	34000001	1.817	1.817	4	0	0
12	34500001	1.93045	1.817	4	0	0
12	35000001	2.72875	2.44395	5	0	0
12	35500001	2.15915	2.44395	5	0	0
12	36000001	1.72963	1.72963	3	0	0
12	36500001	1.80496	1.72963	3	0	0
12	37000001	1.5156	1.72963	3	0	0
12	37500001	1.02264	1.01829	2	0	0
12	38000001	0.978694	1.01829	2	0	0
12	38500001	0.994974	1.01829	2	0	0
12	39000001	0.960111	1.01829	2	0	0
12	39500001	0.981685	1.01829	2	0	0
12	40000001	0.961801	1.01829	2	0	0
12	40500001	0.958848	1.01829	2	0	0
12	41000001	0.966743	1.01829	2	0	0
12	41500001	0.99409	1.01829	2	0	0
12	42000001	0.962829	1.01829	2	0	0
12	42500001	1.03454	1.01829	2	0	0
12	43000001	1.05675	1.01829	2	0	0
12	43500001	1.02126	1.01829	2	0	0
12	44000001	1.01801	1.01829	2	0	0
12	44500001	0.98742	1.01829	2	0	0
12	45000001	1.01513	1.01829	2	0	0
12	45500001	1.00995	1.01829	2	0	0
12	46000001	1.136	1.01829	2	0	0
12	46500001	1.11726	1.01829	2	0	0
12	47000001	1.06827	1.01829	2	0	0
12	47500001	1.05559	1.01829	2	0	0
12	48000001	1.01573	1.01829	2	0	0
12	48500001	0.962951	1.01829	2	0	0
12	49000001	0.955068	1.01829	2	0	0
12	49500001	1.06036	1.01829	2	0	0
12	50000001	0.989216	1.01829	2	0	0
12	50500001	1.03491	1.01829	2	0	0
12	51000001	1.01049	1.01829	2	0	0
12	51500001	1.03322	1.01829	2	0	0
12	52000001	1.05697	1.01829	2	0	0
12	52500001	1.05474	1.01829	2	0	0
12	53000001	1.01487	1.01829	2	0	0
12	53500001	0.993153	1.01829	2	0	0
12	54000001	1.05457	1.01829	2	0	0
12	54500001	1.00135	1.01829	2	0	0
12	55000001	1.00593	1.01829	2	0	0
12	55500001	1.00136	1.01829	2	0	0
12	56000001	1.23298	1.01829	2	0	0
12	56500001	1.03981	1.01829	2	0	0
12	57000001	1.01433	1.01829	2	0	0
12	57500001	1.02418	1.01829	2	0	0
12	58000001	1.04526	1.01829	2	0	0
12	58500001	1.01004	1.01829	2	0	0
12	59000001	1.02194	1.01829	2	0	0
12	59500001	1.01608	1.01829	2	0	0
12	60000001	1.06981	1.01829	2	0	0
12	60500001	1.02145	1.01829	2	0	0
12	61000001	0.991161	1.01829	2	0	0
12	61500001	0.974229	1.01829	2	0	0
12	62000001	1.03994	1.01829	2	0	0
12	62500001	1.02369	1.01829	2	0	0
12	63000001	1.02866	1.01829	2	0	0
12	63500001	0.997353	1.01829	2	0	0
12	64000001	1.02109	1.01829	2	0	0
12	64500001	1.03583	1.01829	2	0	0
12	65000001	1.04572	1.01829	2	0	0
12	65500001	1.10406	1.01829	2	0	0
12	66000001	1.06149	1.01829	2	0	0
12	66500001	0.964115	1.01829	2	0	0
12	67000001	1.00639	1.01829	2	0	0
12	67500001	1.01829	1.01829	2	0	0
12	68000001	1.03837	1.01829	2	0	0
12	68500001	1.00998	1.01829	2	0	0
12	69000001	1.03269	1.01829	2	0	0
12	69500001	1.02802	1.01829	2	0	0
12	70000001	1.02296	1.01829	2	0	0
12	70500001	1.05686	1.01829	2	0	0
12	71000001	1.06157	1.01829	2	0	0
12	71500001	1.03128	1.01829	2	0	0
12	72000001	1.0128	1.01829	2	0	0
12	72500001	0.983313	1.01829	2	0	0
12	73000001	0.970396	1.01829	2	0	0
12	73500001	1.02795	1.01829	2	0	0
12	74000001	1.0313	1.01829	2	0	0
12	74500001	1.01991	1.01829	2	0	0
12	75000001	1.01911	1.01829	2	0	0
12	75500001	1.06621	1.01829	2	0	0
12	76000001	1.00335	1.01829	2	0	0
12	76500001	1.08194	1.01829	2	0	0
12	77000001	1.01964	1.01829	2	0	0
12	77500001	1.01356	1.01829	2	0	0
12	78000001	0.986944	1.01829	2	0	0
12	78500001	1.02548	1.01829	2	0	0
12	79000001	1.03072	1.01829	2	0	0
12	79500001	1.06107	1.01829	2	0	0
12	80000001	1.0161	1.01829	2	0	0
12	80500001	0.997764	1.01829	2	0	0
12	81000001	0.981938	1.01829	2	0	0
12	81500001	0.914898	1.01829	2	0	0
12	82000001	0.943195	1.01829	2	0	0
12	82500001	0.923957	1.01829	2	0	0
12	83000001	0.956185	1.01829	2	0	0
12	83500001	0.95277	1.01829	2	0	0
12	84000001	0.981918	1.01829	2	0	0
12	84500001	1.03799	1.01829	2	0	0
12	85000001	1.03247	1.01829	2	0	0
12	85500001	1.03975	1.01829	2	0	0
12	86000001	0.996471	1.01829	2	0	0
12	86500001	0.994055	1.01829	2	0	0
12	87000001	1.02487	1.01829	2	0	0
12	87500001	1.06463	1.01829	2	0	0
12	88000001	1.12356	1.01829	2	0	0
12	88500001	1.08778	1.01829	2	0	0
12	89000001	1.0705	1.01829	2	0	0
12	89500001	1.03049	1.01829	2	0	0
12	90000001	1.0444	1.01829	2	0	0
12	90500001	1.05469	1.01829	2	0	0
12	91000001	1.09112	1.01829	2	0	0
12	91500001	1.0209	1.01829	2	0	0
12	92000001	1.05286	1.01829	2	0	0
12	92500001	1.02771	1.01829	2	0	0
12	93000001	1.0455	1.01829	2	0	0
12	93500001	1.09772	1.01829	2	0	0
12	94000001	0.986792	1.01829	2	0	0
12	94500001	0.980394	1.01829	2	0	0
12	95000001	1.01314	1.01829	2	0	0
12	95500001	0.998006	1.01829	2	0	0
12	96000001	1.00504	1.01829	2	0	0
12	96500001	1.02388	1.01829	2	0	0
12	97000001	0.952785	1.01829	2	0	0
12	97500001	0.934774	1.01829	2	0	0
12	98000001	0.979778	1.01829	2	0	0
12	98500001	1.00501	1.01829	2	0	0
12	99000001	0.957929	1.01829	2	0	0
12	99500001	0.973067	1.01829	2	0	0
12	100000001	0.943244	1.01829	2	0	0
12	100500001	0.909047	1.01829	2	0	0
12	101000001	0.944693	1.01829	2	0	0
12	101500001	0.985831	1.01829	2	0	0
12	102000001	1.03292	1.01829	2	0	0
12	102500001	0.958926	1.01829	2	0	0
12	103000001	1.27483	1.45144	3	0	0
12	103500001	1.52322	1.45144	3	0	0
12	104000001	1.55133	1.45144	3	0	0
12	104500001	1.55509	1.45144	3	0	0
12	105000001	1.52264	1.45144	3	0	0
12	105500001	1.59222	1.45144	3	0	0
12	106000001	1.53455	1.45144	3	0	0
12	106500001	1.51801	1.45144	3	0	0
12	107000001	1.50098	1.45144	3	0	0
12	107500001	1.41107	1.45144	3	0	0
12	108000001	1.46557	1.45144	3	0	0
12	108500001	1.55108	1.45144	3	0	0
12	109000001	1.42744	1.45144	3	0	0
12	109500001	1.47029	1.45144	3	0	0
12	110000001	1.53905	1.45144	3	0	0
12	110500001	1.46792	1.45144	3	0	0
12	111000001	1.41169	1.45144	3	0	0
12	111500001	1.52139	1.45144	3	0	0
12	112000001	1.47343	1.45144	3	0	0
12	112500001	1.49971	1.45144	3	0	0
12	113000001	1.45144	1.45144	3	0	0
12	113500001	1.41763	1.45144	3	0	0
12	114000001	1.38901	1.45144	3	0	0
12	114500001	1.38537	1.45144	3	0	0
12	115000001	1.35579	1.45144	3	0	0
12	115500001	1.42636	1.45144	3	0	0
12	116000001	1.56557	1.45144	3	0	0
12	116500001	1.59495	1.45144	3	0	0
12	117000001	1.404	1.45144	3	0	0
12	117500001	1.39499	1.45144	3	0	0
12	118000001	1.39537	1.45144	3	0	0
12	118500001	1.40365	1.45144	3	0	0
12	119000001	1.41396	1.45144	3	0	0
12	119500001	1.45457	1.45144	3	0	0
12	120000001	1.49028	1.45144	3	0	0
12	120500001	1.49822	1.45144	3	0	0
12	121000001	1.51212	1.45144	3	0	0
12	121500001	1.42442	1.45144	3	0	0
12	122000001	1.54608	1.45144	3	0	0
12	122500001	1.54884	1.45144	3	0	0
12	123000001	1.5012	1.45144	3	0	0
12	123500001	1.45421	1.45144	3	0	0
12	124000001	1.48178	1.45144	3	0	0
12	124500001	1.52263	1.45144	3	0	0
12	125000001	1.47322	1.45144	3	0	0
12	125500001	1.38381	1.45144	3	0	0
12	126000001	1.42606	1.45144	3	0	0
12	126500001	1.4385	1.45144	3	0	0
12	127000001	1.43368	1.45144	3	0	0
12	127500001	1.36412	1.45144	3	0	0
12	128000001	1.32538	1.45144	3	0	0
12	128500001	1.31336	1.45144	3	0	0
12	129000001	1.28083	1.45144	3	0	0
12	129500001	1.31406	1.45144	3	0	0
12	130000001	1.3513	1.45144	3	0	0
12	130500001	1.39603	1.45144	3	0	0
12	131000001	1.41035	1.45144	3	0	0
12	131500001	1.44056	1.45144	3	0	0
12	132000001	1.4355	1.45144	3	0	0
12	132500001	1.82161	1.45144	3	0	0
12	133000001	0.99766	1.45144	3	0	0
13	1	-1	-1	-1	0	0
13	500001	-1	-1	-1	0	0
13	1000001	-1	-1	-1	0	0
13	1500001	-1	-1	-1	0	0
13	2000001	-1	-1	-1	0	0
13	2500001	-1	-1	-1	0	0
13	3000001	-1	-1	-1	0	0
13	3500001	-1	-1	-1	0	0
13	4000001	-1	-1	-1	0	0
13	4500001	-1	-1	-1	0	0
13	5000001	-1	-1	-1	0	0
13	5500001	-1	-1	-1	0	0
13	6000001	-1	-1	-1	0	0
13	6500001	-1	-1	-1	0	0
13	7000001	-1	-1	-1	0	0
13	7500001	-1	-1	-1	0	0
13	8000001	-1	-1	-1	0	0
13	8500001	-1	-1	-1	0	0
13	9000001	-1	-1	-1	0	0
13	9500001	-1	-1	-1	0	0
13	10000001	-1	-1	-1	0	0
13	10500001	-1	-1	-1	0	0
13	11000001	-1	-1	-1	0	0
13	11500001	-1	-1	-1	0	0
13	12000001	-1	-1	-1	0	0
13	12500001	-1	-1	-1	0	0
13	13000001	-1	-1	-1	0	0
13	13500001	-1	-1	-1	0	0
13	14000001	-1	-1	-1	0	0
13	14500001	-1	-1	-1	0	0
13	15000001	-1	-1	-1	0	0
13	15500001	-1	-1	-1	0	0
13	16000001	0.465759	0.874404	2	0	0
13	16500001	0.746669	0.874404	2	0	0
13	17000001	1.00214	0.874404	2	0	0
13	17500001	1.23853	0.874404	2	0	0
13	18000001	-1	-1	-1	0	0
13	18500001	0.566667	0.492177	1	0	0
13	19000001	0.465432	0.492177	1	0	0
13	19500001	0.499166	0.492177	1	0	0
13	20000001	0.507558	0.492177	1	0	0
13	20500001	0.495471	0.492177	1	0	0
13	21000001	0.487779	0.492177	1	0	0
13	21500001	0.46058	0.492177	1	0	0
13	22000001	0.4755	0.492177	1	0	0
13	22500001	0.460073	0.492177	1	0	0
13	23000001	0.450811	0.492177	1	0	0
13	23500001	0.492177	0.492177	1	0	0
13	24000001	0.481827	0.492177	1	0	0
13	24500001	0.493613	0.492177	1	0	0
13	25000001	0.514294	0.492177	1	0	0
13	25500001	0.602082	0.492177	1	0	0
13	26000001	1.83545	1.91902	4	0	0
13	26500001	1.91734	1.91902	4	0	0
13	27000001	1.9223	1.91902	4	0	0
13	27500001	1.82693	1.91902	4	0	0
13	28000001	1.84538	1.91902	4	0	0
13	28500001	1.83109	1.91902	4	0	0
13	29000001	1.92847	1.91902	4	0	0
13	29500001	2.00561	1.91902	4	0	0
13	30000001	1.97804	1.91902	4	0	0
13	30500001	1.94752	1.91902	4	0	0
13	31000001	1.87742	1.91902	4	0	0
13	31500001	1.9207	1.91902	4	0	0
13	32000001	1.95896	1.91902	4	0	0
13	32500001	1.98273	1.91902	4	0	0
13	33000001	1.99385	1.91902	4	0	0
13	33500001	2.11998	1.91902	4	0	0
13	34000001	2.03936	1.91902	4	0	0
13	34500001	2.00389	1.91902	4	0	0
13	35000001	2.01779	1.91902	4	0	0
13	35500001	1.89619	1.91902	4	0	0
13	36000001	1.94655	1.91902	4	0	0
13	36500001	1.89885	1.91902	4	0	0
13	37000001	1.88305	1.91902	4	0	0
13	37500001	1.81069	1.91902	4	0	0
13	38000001	1.89153	1.91902	4	0	0
13	38500001	1.88391	1.91902	4	0	0
13	39000001	1.87042	1.91902	4	0	0
13	39500001	1.93053	1.91902	4	0	0
13	40000001	1.91339	1.91902	4	0	0
13	40500001	1.60233	1.91902	4	0	0
13	41000001	0.971887	0.98985	2	0	0
13	41500001	1.0111	0.98985	2	0	0
13	42000001	1.04407	0.98985	2	0	0
13	42500001	0.995286	0.98985	2	0	0
13	43000001	0.992006	0.98985	2	0	0
13	43500001	0.997571	0.98985	2	0	0
13	44000001	0.987025	0.98985	2	0	0
13	44500001	0.965385	0.98985	2	0	0
13	45000001	0.980584	0.98985	2	0	0
13	45500001	1.00906	0.98985	2	0	0
13	46000001	0.911734	0.98985	2	0	0
13	46500001	0.957477	0.98985	2	0	0
13	47000001	0.961345	0.98985	2	0	0
13	47500001	0.97223	0.98985	2	0	0
13	48000001	1.03956	0.98985	2	0	0
13	48500001	0.99072	0.98985	2	0	0
13	49000001	0.968318	0.98985	2	0	0
13	49500001	1.02217	0.98985	2	0	0
13	50000001	0.981948	0.98985	2	0	0
13	50500001	0.970183	0.98985	2	0	0
13	51000001	0.995484	0.98985	2	0	0
13	51500001	1.05437	0.98985	2	0	0
13	52000001	0.974717	0.98985	2	0	0
13	52500001	0.930499	0.98985	2	0	0
13	53000001	0.917402	0.98985	2	0	0
13	53500001	0.936087	0.98985	2	0	0
13	54000001	0.919884	0.98985	2	0	0
13	54500001	0.945087	0.98985	2	0	0
13	55000001	0.918485	0.98985	2	0	0
13	55500001	0.924449	0.98985	2	0	0
13	56000001	0.97414	0.98985	2	0	0
13	56500001	0.992897	0.98985	2	0	0
13	57000001	1.09234	0.98985	2	0	0
13	57500001	0.909217	0.98985	2	0	0
13	58000001	0.94206	0.98985	2	0	0
13	58500001	0.939094	0.98985	2	0	0
13	59000001	0.927766	0.98985	2	0	0
13	59500001	0.960561	0.98985	2	0	0
13	60000001	0.970474	0.98985	2	0	0
13	60500001	0.923248	0.98985	2	0	0
13	61000001	0.936544	0.98985	2	0	0
13	61500001	0.923526	0.98985	2	0	0
13	62000001	1.00147	0.98985	2	0	0
13	62500001	1.02268	0.98985	2	0	0
13	63000001	1.01058	0.98985	2	0	0
13	63500001	0.982032	0.98985	2	0	0
13	64000001	0.984985	0.98985	2	0	0
13	64500001	1.04705	0.98985	2	0	0
13	65000001	1.00816	0.98985	2	0	0
13	65500001	1.02316	0.98985	2	0	0
13	66000001	0.990807	0.98985	2	0	0
13	66500001	1.03545	0.98985	2	0	0
13	67000001	0.984121	0.98985	2	0	0
13	67500001	1.00586	0.98985	2	0	0
13	68000001	0.981897	0.98985	2	0	0
13	68500001	1.00155	0.98985	2	0	0
13	69000001	1.03299	0.98985	2	0	0
13	69500001	1.02004	0.98985	2	0	0
13	70000001	1.01816	0.98985	2	0	0
13	70500001	1.04796	0.98985	2	0	0
13	71000001	1.00869	0.98985	2	0	0
13	71500001	1.02738	0.98985	2	0	0
13	72000001	0.994855	0.98985	2	0	0
13	72500001	0.996954	0.98985	2	0	0
13	73000001	1.33979	0.98985	2	0	0
13	73500001	1.06016	0.98985	2	0	0
13	74000001	1.03512	0.98985	2	0	0
13	74500001	0.993732	0.98985	2	0	0
13	75000001	0.977012	0.98985	2	0	0
13	75500001	0.967608	0.98985	2	0	0
13	76000001	0.932753	0.98985	2	0	0
13	76500001	0.944828	0.98985	2	0	0
13	77000001	1.013	0.98985	2	0	0
13	77500001	1.0172	0.98985	2	0	0
13	78000001	0.98898	0.98985	2	0	0
13	78500001	0.969944	0.98985	2	0	0
13	79000001	1.03212	0.98985	2	0	0
13	79500001	1.03908	0.98985	2	0	0
13	80000001	0.494499	0.502541	1	0	0
13	80500001	0.509379	0.502541	1	0	0
13	81000001	0.483124	0.502541	1	0	0
13	81500001	0.500181	0.502541	1	0	0
13	82000001	0.520144	0.502541	1	0	0
13	82500001	0.531397	0.502541	1	0	0
13	83000001	0.528884	0.502541	1	0	0
13	83500001	0.518073	0.502541	1	0	0
13	84000001	0.509169	0.502541	1	0	0
13	84500001	0.535166	0.502541	1	0	0
13	85000001	0.522568	0.502541	1	0	0
13	85500001	0.535961	0.502541	1	0	0
13	86000001	0.513071	0.502541	1	0	0
13	86500001	0.483339	0.502541	1	0	0
13	87000001	0.469514	0.502541	1	0	0
13	87500001	0.447615	0.502541	1	0	0
13	88000001	0.477159	0.502541	1	0	0
13	88500001	0.484032	0.502541	1	0	0
13	89000001	0.505799	0.502541	1	0	0
13	89500001	0.499888	0.502541	1	0	0
13	90000001	0.493426	0.502541	1	0	0
13	90500001	0.533378	0.502541	1	0	0
13	91000001	0.478216	0.502541	1	0	0
13	91500001	0.461288	0.502541	1	0	0
13	92000001	0.458234	0.502541	1	0	0
13	92500001	0.478374	0.502541	1	0	0
13	93000001	0.469537	0.502541	1	0	0
13	93500001	0.452256	0.502541	1	0	0
13	94000001	0.502541	0.502541	1	0	0
13	94500001	0.515705	0.502541	1	0	0
13	95000001	0.505038	0.502541	1	0	0
13	95500001	0.52271	0.502541	1	0	0
13	96000001	0.516892	0.502541	1	0	0
13	96500001	0.510744	0.502541	1	0	0
13	97000001	0.553054	0.502541	1	0	0
13	97500001	0.496922	0.502541	1	0	0
13	98000001	0.491275	0.502541	1	0	0
13	98500001	0.510657	0.502541	1	0	0
13	99000001	0.531578	0.502541	1	0	0
13	99500001	0.479974	0.502541	1	0	0
13	100000001	0.468285	0.502541	1	0	0
13	100500001	1.39896	1.90684	4	0	0
13	101000001	1.85665	1.90684	4	0	0
13	101500001	1.91609	1.90684	4	0	0
13	102000001	1.82735	1.90684	4	0	0
13	102500001	1.91881	1.90684	4	0	0
13	103000001	1.86576	1.90684	4	0	0
13	103500001	1.9108	1.90684	4	0	0
13	104000001	1.96703	1.90684	4	0	0
13	104500001	1.91282	1.90684	4	0	0
13	105000001	1.94762	1.90684	4	0	0
13	105500001	1.97797	1.90684	4	0	0
13	106000001	2.00069	1.90684	4	0	0
13	106500001	1.94096	1.90684	4	0	0
13	107000001	1.90052	1.90684	4	0	0
13	107500001	1.79339	1.90684	4	0	0
13	108000001	1.84478	1.90684	4	0	0
13	108500001	1.90684	1.90684	4	0	0
13	109000001	1.90827	1.90684	4	0	0
13	109500001	1.98926	1.90684	4	0	0
13	110000001	1.96575	1.90684	4	0	0
13	110500001	1.98932	1.90684	4	0	0
13	111000001	1.85444	1.90684	4	0	0
13	111500001	-1	1.90684	4	0	0
13	112000001	1.71882	1.90684	4	0	0
13	112500001	1.84817	1.90684	4	0	0
13	113000001	1.84991	1.90684	4	0	0
13	113500001	1.8881	1.90684	4	0	0
13	114000001	1.32435	1.90684	4	0	0
14	1	-1	-1	-1	0	0
14	500001	-1	-1	-1	0	0
14	1000001	-1	-1	-1	0	0
14	1500001	-1	-1	-1	0	0
14	2000001	-1	-1	-1	0	0
14	2500001	-1	-1	-1	0	0
14	3000001	-1	-1	-1	0	0
14	3500001	-1	-1	-1	0	0
14	4000001	-1	-1	-1	0	0
14	4500001	-1	-1	-1	0	0
14	5000001	-1	-1	-1	0	0
14	5500001	-1	-1	-1	0	0
14	6000001	-1	-1	-1	0	0
14	6500001	-1	-1	-1	0	0
14	7000001	-1	-1	-1	0	0
14	7500001	-1	-1	-1	0	0
14	8000001	-1	-1	-1	0	0
14	8500001	-1	-1	-1	0	0
14	9000001	-1	-1	-1	0	0
14	9500001	-1	-1	-1	0	0
14	10000001	-1	-1	-1	0	0
14	10500001	-1	-1	-1	0	0
14	11000001	-1	-1	-1	0	0
14	11500001	-1	-1	-1	0	0
14	12000001	-1	-1	-1	0	0
14	12500001	-1	-1	-1	0	0
14	13000001	-1	-1	-1	0	0
14	13500001	-1	-1	-1	0	0
14	14000001	-1	-1	-1	0	0
14	14500001	-1	-1	-1	0	0
14	15000001	-1	-1	-1	0	0
14	15500001	-1	-1	-1	0	0
14	16000001	0.512808	0.569776	1	0	0
14	16500001	0.626745	0.569776	1	0	0
14	17000001	0.775975	0.877973	2	0	0
14	17500001	0.979971	0.877973	2	0	0
14	18000001	1.20322	1.33044	3	0	0
14	18500001	-1	1.33044	3	0	0
14	19000001	1.45766	1.33044	3	0	0
14	19500001	-1	-1	-1	0	0
14	20000001	0.943945	1.01219	2	0	0
14	20500001	1.02174	1.01219	2	0	0
14	21000001	1.02657	1.01219	2	0	0
14	21500001	1.02338	1.01219	2	0	0
14	22000001	1.04222	1.01219	2	0	0
14	22500001	1.00126	1.01219	2	0	0
14	23000001	0.991999	1.01219	2	0	0
14	23500001	1.00213	1.01219	2	0	0
14	24000001	1.00106	1.01219	2	0	0
14	24500001	1.01069	1.01219	2	0	0
14	25000001	0.971526	1.01219	2	0	0
14	25500001	0.989062	1.01219	2	0	0
14	26000001	0.989021	1.01219	2	0	0
14	26500001	1.03031	1.01219	2	0	0
14	27000001	1.02194	1.01219	2	0	0
14	27500001	1.06781	1.01219	2	0	0
14	28000001	1.07678	1.01219	2	0	0
14	28500001	1.05319	1.01219	2	0	0
14	29000001	1.07756	1.01219	2	0	0
14	29500001	0.980522	1.01219	2	0	0
14	30000001	1.03087	1.01219	2	0	0
14	30500001	1.04817	1.01219	2	0	0
14	31000001	0.896145	1.01219	2	0	0
14	31500001	1.05112	1.01219	2	0	0
14	32000001	1.02022	1.01219	2	0	0
14	32500001	1.00748	1.01219	2	0	0
14	33000001	0.998117	1.01219	2	0	0
14	33500001	1.00355	1.01219	2	0	0
14	34000001	1.01391	1.01219	2	0	0
14	34500001	0.984439	1.01219	2	0	0
14	35000001	1.04343	1.01219	2	0	0
14	35500001	1.03813	1.01219	2	0	0
14	36000001	1.01334	1.01219	2	0	0
14	36500001	1.02364	1.01219	2	0	0
14	37000001	1.02979	1.01219	2	0	0
14	37500001	1.01507	1.01219	2	0	0
14	38000001	1.00863	1.01219	2	0	0
14	38500001	1.00993	1.01219	2	0	0
14	39000001	1.04713	1.01219	2	0	0
14	39500001	0.989746	1.01219	2	0	0
14	40000001	0.957171	1.01219	2	0	0
14	40500001	1.01384	1.01219	2	0	0
14	41000001	0.976183	1.01219	2	0	0
14	41500001	0.962687	1.01219	2	0	0
14	42000001	0.989841	1.01219	2	0	0
14	42500001	0.991286	1.01219	2	0	0
14	43000001	0.991499	1.01219	2	0	0
14	43500001	1.016	1.01219	2	0	0
14	44000001	0.980595	1.01219	2	0	0
14	44500001	0.962532	1.01219	2	0	0
14	45000001	0.955483	1.01219	2	0	0
14	45500001	0.996598	1.01219	2	0	0
14	46000001	1.03817	1.01219	2	0	0
14	46500001	1.03604	1.01219	2	0	0
14	47000001	1.00347	1.01219	2	0	0
14	47500001	0.979454	1.01219	2	0	0
14	48000001	1.02984	1.01219	2	0	0
14	48500001	1.00146	1.01219	2	0	0
14	49000001	1.06529	1.01219	2	0	0
14	49500001	1.02232	1.01219	2	0	0
14	50000001	0.997399	1.01219	2	0	0
14	50500001	1.04055	1.01219	2	0	0
14	51000001	1.07675	1.01219	2	0	0
14	51500001	1.05541	1.01219	2	0	0
14	52000001	1.0039	1.01219	2	0	0
14	52500001	1.00788	1.01219	2	0	0
14	53000001	0.982631	1.01219	2	0	0
14	53500001	1.00236	1.01219	2	0	0
14	54000001	1.05598	1.01219	2	0	0
14	54500001	1.02355	1.01219	2	0	0
14	55000001	1.02077	1.01219	2	0	0
14	55500001	1.04409	1.01219	2	0	0
14	56000001	1.02354	1.01219	2	0	0
14	56500001	0.947338	1.01219	2	0	0
14	57000001	0.936596	1.01219	2	0	0
14	57500001	0.995129	1.01219	2	0	0
14	58000001	0.981658	1.01219	2	0	0
14	58500001	1.03021	1.01219	2	0	0
14	59000001	1.04592	1.01219	2	0	0
14	59500001	1.02764	1.01219	2	0	0
14	60000001	1.03866	1.01219	2	0	0
14	60500001	0.991171	1.01219	2	0	0
14	61000001	1.04378	1.01219	2	0	0
14	61500001	1.02901	1.01219	2	0	0
14	62000001	0.995333	1.01219	2	0	0
14	62500001	0.940602	1.01219	2	0	0
14	63000001	1.00273	1.01219	2	0	0
14	63500001	1.01617	1.01219	2	0	0
14	64000001	1.03155	1.01219	2	0	0
14	64500001	1.0349	1.01219	2	0	0
14	65000001	0.986972	1.01219	2	0	0
14	65500001	1.00637	1.01219	2	0	0
14	66000001	0.979966	1.01219	2	0	0
14	66500001	1.02822	1.01219	2	0	0
14	67000001	1.2213	1.01219	2	0	0
14	67500001	1.06598	1.01219	2	0	0
14	68000001	1.0336	1.01219	2	0	0
14	68500001	1.07093	1.01219	2	0	0
14	69000001	1.0359	1.01219	2	0	0
14	69500001	0.956519	1.01219	2	0	0
14	70000001	0.989676	1.01219	2	0	0
14	70500001	1.21994	1.01219	2	0	0
14	71000001	1.01349	1.01219	2	0	0
14	71500001	1.00767	1.01219	2	0	0
14	72000001	0.970401	1.01219	2	0	0
14	72500001	0.987446	1.01219	2	0	0
14	73000001	1.00042	1.01219	2	0	0
14	73500001	0.956446	1.01219	2	0	0
14	74000001	1.00352	1.01219	2	0	0
14	74500001	1.02694	1.01219	2	0	0
14	75000001	1.01409	1.01219	2	0	0
14	75500001	1.01105	1.01219	2	0	0
14	76000001	0.937442	0.949484	2	0	0
14	76500001	0.998116	0.949484	2	0	0
14	77000001	1.02019	0.949484	2	0	0
14	77500001	0.94844	0.949484	2	0	0
14	78000001	0.940582	0.949484	2	0	0
14	78500001	0.953738	0.949484	2	0	0
14	79000001	0.918736	0.949484	2	0	0
14	79500001	0.947996	0.949484	2	0	0
14	80000001	0.971287	0.949484	2	0	0
14	80500001	1.03331	0.949484	2	0	0
14	81000001	1.01583	0.949484	2	0	0
14	81500001	1.0153	0.949484	2	0	0
14	82000001	0.948878	0.949484	2	0	0
14	82500001	0.905034	0.949484	2	0	0
14	83000001	0.970527	0.949484	2	0	0
14	83500001	0.950091	0.949484	2	0	0
14	84000001	0.943717	0.949484	2	0	0
14	84500001	0.936319	0.949484	2	0	0
14	85000001	1.56275	1.56275	3	0	0
14	85500001	1.10795	0.975074	2	0	0
14	86000001	0.960227	0.975074	2	0	0
14	86500001	0.934497	0.975074	2	0	0
14	87000001	0.977937	0.975074	2	0	0
14	87500001	0.973263	0.975074	2	0	0
14	88000001	0.938356	0.975074	2	0	0
14	88500001	0.989535	0.975074	2	0	0
14	89000001	0.975074	0.975074	2	0	0
14	89500001	0.98974	0.975074	2	0	0
14	90000001	0.960012	0.975074	2	0	0
14	90500001	1.00222	0.975074	2	0	0
14	91000001	0.984118	0.975074	2	0	0
14	91500001	1.27722	0.975074	2	0	0
14	92000001	1.03859	0.975074	2	0	0
14	92500001	0.989658	0.975074	2	0	0
14	93000001	0.942039	0.975074	2	0	0
14	93500001	0.969266	0.975074	2	0	0
14	94000001	0.942284	0.975074	2	0	0
14	94500001	0.92817	0.975074	2	0	0
14	95000001	0.980967	0.975074	2	0	0
14	95500001	0.934568	0.975074	2	0	0
14	96000001	0.974111	0.975074	2	0	0
14	96500001	0.963186	0.975074	2	0	0
14	97000001	0.936816	0.975074	2	0	0
14	97500001	0.936395	0.975074	2	0	0
14	98000001	0.977283	0.975074	2	0	0
14	98500001	0.96407	0.975074	2	0	0
14	99000001	0.989848	0.975074	2	0	0
14	99500001	1.01489	0.975074	2	0	0
14	100000001	0.986294	0.975074	2	0	0
14	100500001	0.934182	0.975074	2	0	0
14	101000001	0.949601	0.975074	2	0	0
14	101500001	0.998122	0.975074	2	0	0
14	102000001	1.0136	0.975074	2	0	0
14	102500001	1.09547	0.975074	2	0	0
14	103000001	1.52091	1.52091	3	0	0
14	103500001	1.01272	0.970996	2	0	0
14	104000001	0.929284	0.970996	2	0	0
14	104500001	0.992793	0.970996	2	0	0
14	105000001	1.02052	0.970996	2	0	0
14	105500001	0.924339	0.970996	2	0	0
14	106000001	0.9492	0.970996	2	0	0
14	106500001	-1	-1	-1	0	0
14	107000001	-1	-1	-1	0	0
15	1	-1	-1	-1	0	0
15	500001	-1	-1	-1	0	0
15	1000001	-1	-1	-1	0	0
15	1500001	-1	-1	-1	0	0
15	2000001	-1	-1	-1	0	0
15	2500001	-1	-1	-1	0	0
15	3000001	-1	-1	-1	0	0
15	3500001	-1	-1	-1	0	0
15	4000001	-1	-1	-1	0	0
15	4500001	-1	-1	-1	0	0
15	5000001	-1	-1	-1	0	0
15	5500001	-1	-1	-1	0	0
15	6000001	-1	-1	-1	0	0
15	6500001	-1	-1	-1	0	0
15	7000001	-1	-1	-1	0	0
15	7500001	-1	-1	-1	0	0
15	8000001	-1	-1	-1	0	0
15	8500001	-1	-1	-1	0	0
15	9000001	-1	-1	-1	0	0
15	9500001	-1	-1	-1	0	0
15	10000001	-1	-1	-1	0	0
15	10500001	-1	-1	-1	0	0
15	11000001	-1	-1	-1	0	0
15	11500001	-1	-1	-1	0	0
15	12000001	-1	-1	-1	0	0
15	12500001	-1	-1	-1	0	0
15	13000001	-1	-1	-1	0	0
15	13500001	-1	-1	-1	0	0
15	14000001	-1	-1	-1	0	0
15	14500001	-1	-1	-1	0	0
15	15000001	-1	-1	-1	0	0
15	15500001	-1	-1	-1	0	0
15	16000001	-1	-1	-1	0	0
15	16500001	-1	-1	-1	0	0
15	17000001	0.926427	1.7177	3	0	0
15	17500001	1.60947	1.7177	3	0	0
15	18000001	1.71702	1.7177	3	0	0
15	18500001	1.86247	1.7177	3	0	0
15	19000001	1.71838	1.7177	3	0	0
15	19500001	1.85652	1.7177	3	0	0
15	20000001	8.29858	8.29858	17	0	0
15	20500001	4.73337	4.18904	8	0	0
15	21000001	4.43483	4.18904	8	0	0
15	21500001	2.89282	4.18904	8	0	0
15	22000001	4.51086	4.18904	8	0	0
15	22500001	3.38032	4.18904	8	0	0
15	23000001	3.94324	4.18904	8	0	0
15	23500001	2.70584	2.6549	5	0	0
15	24000001	2.60101	2.6549	5	0	0
15	24500001	2.73846	2.6549	5	0	0
15	25000001	2.58014	2.6549	5	0	0
15	25500001	2.62808	2.6549	5	0	0
15	26000001	2.65071	2.6549	5	0	0
15	26500001	2.74206	2.6549	5	0	0
15	27000001	2.6549	2.6549	5	0	0
15	27500001	2.72503	2.6549	5	0	0
15	28000001	2.94953	2.6549	5	0	0
15	28500001	2.33976	2.6549	5	0	0
15	29000001	1.87838	1.91063	4	0	0
15	29500001	1.94289	1.91063	4	0	0
15	30000001	1.38577	1.49802	3	0	0
15	30500001	1.49802	1.49802	3	0	0
15	31000001	1.43013	1.49802	3	0	0
15	31500001	1.37242	1.49802	3	0	0
15	32000001	1.56153	1.49802	3	0	0
15	32500001	1.52047	1.49802	3	0	0
15	33000001	1.61697	1.49802	3	0	0
15	33500001	1.98723	1.99392	4	0	0
15	34000001	2.00428	1.99392	4	0	0
15	34500001	1.96919	1.99392	4	0	0
15	35000001	1.99116	1.99392	4	0	0
15	35500001	2.12813	1.99392	4	0	0
15	36000001	1.85284	1.99392	4	0	0
15	36500001	1.62308	1.99392	4	0	0
15	37000001	1.5858	1.99392	4	0	0
15	37500001	1.49067	1.99392	4	0	0
15	38000001	1.90837	1.99392	4	0	0
15	38500001	2.02137	1.99392	4	0	0
15	39000001	2.12822	1.99392	4	0	0
15	39500001	2.14746	1.99392	4	0	0
15	40000001	2.06705	1.99392	4	0	0
15	40500001	2.02665	1.99392	4	0	0
15	41000001	2.01981	1.99392	4	0	0
15	41500001	1.99392	1.99392	4	0	0
15	42000001	2.0222	1.99392	4	0	0
15	42500001	1.96556	1.99392	4	0	0
15	43000001	2.06816	1.99392	4	0	0
15	43500001	1.97468	1.99392	4	0	0
15	44000001	2.05788	1.99392	4	0	0
15	44500001	2.00421	1.99392	4	0	0
15	45000001	2.03478	1.99392	4	0	0
15	45500001	1.94249	1.99392	4	0	0
15	46000001	1.88273	1.99392	4	0	0
15	46500001	1.90949	1.99392	4	0	0
15	47000001	2.44694	2.44694	5	0	0
15	47500001	2.76104	2.44694	5	0	0
15	48000001	2.09038	2.44694	5	0	0
15	48500001	0.972798	1.00663	2	0	0
15	49000001	0.987266	1.00663	2	0	0
15	49500001	1.00138	1.00663	2	0	0
15	50000001	1.00663	1.00663	2	0	0
15	50500001	0.981574	1.00663	2	0	0
15	51000001	1.06689	1.00663	2	0	0
15	51500001	1.08258	1.00663	2	0	0
15	52000001	1.02145	1.00663	2	0	0
15	52500001	1.01746	1.00663	2	0	0
15	53000001	0.966014	1.00663	2	0	0
15	53500001	0.971073	1.00663	2	0	0
15	54000001	0.915761	1.00663	2	0	0
15	54500001	0.982229	1.00663	2	0	0
15	55000001	0.943094	1.00663	2	0	0
15	55500001	1.00794	1.00663	2	0	0
15	56000001	1.03966	1.00663	2	0	0
15	56500001	1.02241	1.00663	2	0	0
15	57000001	1.00819	1.00663	2	0	0
15	57500001	1.03121	1.00663	2	0	0
15	58000001	1.01521	1.00663	2	0	0
15	58500001	1.01031	1.00663	2	0	0
15	59000001	1.04369	1.00663	2	0	0
15	59500001	1.05407	1.00663	2	0	0
15	60000001	1.05137	1.00663	2	0	0
15	60500001	0.996805	1.00663	2	0	0
15	61000001	0.97987	1.00663	2	0	0
15	61500001	0.966857	1.00663	2	0	0
15	62000001	1.02007	1.00663	2	0	0
15	62500001	1.05171	1.00663	2	0	0
15	63000001	1.02728	1.00663	2	0	0
15	63500001	1.03568	1.00663	2	0	0
15	64000001	1.04929	1.00663	2	0	0
15	64500001	1.75367	1.00663	2	0	0
15	65000001	1.12547	1.00663	2	0	0
15	65500001	1.0301	1.00663	2	0	0
15	66000001	1.03063	1.00663	2	0	0
15	66500001	1.01762	1.00663	2	0	0
15	67000001	1.05687	1.00663	2	0	0
15	67500001	1.08364	1.00663	2	0	0
15	68000001	1.03649	1.00663	2	0	0
15	68500001	0.969467	1.00663	2	0	0
15	69000001	1.02225	1.00663	2	0	0
15	69500001	0.996844	1.00663	2	0	0
15	70000001	1.03656	1.00663	2	0	0
15	70500001	1.03349	1.00663	2	0	0
15	71000001	1.07005	1.00663	2	0	0
15	71500001	1.04002	1.00663	2	0	0
15	72000001	1.02407	1.00663	2	0	0
15	72500001	0.981474	1.00663	2	0	0
15	73000001	0.961045	1.00663	2	0	0
15	73500001	0.990626	1.00663	2	0	0
15	74000001	1.05176	1.00663	2	0	0
15	74500001	0.988808	1.00663	2	0	0
15	75000001	1.01377	1.00663	2	0	0
15	75500001	1.00558	1.00663	2	0	0
15	76000001	1.02419	1.00663	2	0	0
15	76500001	1.00618	1.00663	2	0	0
15	77000001	1.01155	1.00663	2	0	0
15	77500001	0.985	1.00663	2	0	0
15	78000001	0.998853	1.00663	2	0	0
15	78500001	1.00283	1.00663	2	0	0
15	79000001	0.988756	1.00663	2	0	0
15	79500001	0.998561	1.00663	2	0	0
15	80000001	0.954888	1.00663	2	0	0
15	80500001	1.00287	1.00663	2	0	0
15	81000001	1.03321	1.00663	2	0	0
15	81500001	0.9734	1.00663	2	0	0
15	82000001	0.958062	1.00663	2	0	0
15	82500001	0.964949	1.00663	2	0	0
15	83000001	1.03038	1.00663	2	0	0
15	83500001	0.993495	1.00663	2	0	0
15	84000001	0.909568	1.00663	2	0	0
15	84500001	1.03782	1.00663	2	0	0
15	85000001	1.04429	1.00663	2	0	0
15	85500001	1.0287	1.00663	2	0	0
15	86000001	1.00659	1.00663	2	0	0
15	86500001	0.929573	1.00663	2	0	0
15	87000001	0.942878	1.00663	2	0	0
15	87500001	0.913333	1.00663	2	0	0
15	88000001	0.950511	1.00663	2	0	0
15	88500001	0.943479	1.00663	2	0	0
15	89000001	1.01041	1.00663	2	0	0
15	89500001	1.0038	1.00663	2	0	0
15	90000001	0.950252	1.00663	2	0	0
15	90500001	1.01449	1.00663	2	0	0
15	91000001	0.997051	1.00663	2	0	0
15	91500001	0.980577	1.00663	2	0	0
15	92000001	0.976691	1.00663	2	0	0
15	92500001	1.0093	1.00663	2	0	0
15	93000001	0.94886	1.00663	2	0	0
15	93500001	0.987975	1.00663	2	0	0
15	94000001	1.05241	1.00663	2	0	0
15	94500001	0.99502	1.00663	2	0	0
15	95000001	0.999831	1.00663	2	0	0
15	95500001	1.04156	1.00663	2	0	0
15	96000001	0.984762	1.00663	2	0	0
15	96500001	1.01525	1.00663	2	0	0
15	97000001	0.965029	1.00663	2	0	0
15	97500001	0.950632	1.00663	2	0	0
15	98000001	0.962768	1.00663	2	0	0
15	98500001	0.993976	1.00663	2	0	0
15	99000001	1.01132	1.00663	2	0	0
15	99500001	0.996907	1.00663	2	0	0
15	100000001	1.05559	1.00663	2	0	0
15	100500001	1.09359	1.00663	2	0	0
15	101000001	1.03757	1.00663	2	0	0
15	101500001	1.08608	1.00663	2	0	0
16	1	1.39157	1.49565	3	0	0
16	500001	1.53763	1.49565	3	0	0
16	1000001	1.48411	1.49565	3	0	0
16	1500001	1.50718	1.49565	3	0	0
16	2000001	1.07001	0.999572	2	0	0
16	2500001	1.0154	0.999572	2	0	0
16	3000001	1.01019	0.999572	2	0	0
16	3500001	1.00049	0.999572	2	0	0
16	4000001	1.04845	0.999572	2	0	0
16	4500001	1.00454	0.999572	2	0	0
16	5000001	0.971847	0.999572	2	0	0
16	5500001	0.927867	0.999572	2	0	0
16	6000001	0.861735	0.999572	2	0	0
16	6500001	0.90388	0.999572	2	0	0
16	7000001	0.888947	0.999572	2	0	0
16	7500001	0.925962	0.999572	2	0	0
16	8000001	0.955067	0.999572	2	0	0
16	8500001	1.03173	0.999572	2	0	0
16	9000001	1.02053	0.999572	2	0	0
16	9500001	0.980039	0.999572	2	0	0
16	10000001	1.01938	0.999572	2	0	0
16	10500001	1.01477	0.999572	2	0	0
16	11000001	0.995534	0.999572	2	0	0
16	11500001	0.939175	0.999572	2	0	0
16	12000001	1.02206	0.999572	2	0	0
16	12500001	0.908133	0.999572	2	0	0
16	13000001	0.93668	0.999572	2	0	0
16	13500001	1.00076	0.999572	2	0	0
16	14000001	1.07304	0.999572	2	0	0
16	14500001	1.26416	0.999572	2	0	0
16	15000001	1.09915	0.999572	2	0	0
16	15500001	0.998087	0.999572	2	0	0
16	16000001	0.999572	0.999572	2	0	0
16	16500001	0.958093	0.999572	2	0	0
16	17000001	0.923175	0.999572	2	0	0
16	17500001	0.960393	0.999572	2	0	0
16	18000001	0.963339	0.999572	2	0	0
16	18500001	1.02511	0.999572	2	0	0
16	19000001	1.02612	0.999572	2	0	0
16	19500001	0.967139	0.999572	2	0	0
16	20000001	0.95466	0.999572	2	0	0
16	20500001	1.01495	0.999572	2	0	0
16	21000001	1.04055	0.999572	2	0	0
16	21500001	1.36765	1.2918	3	0	0
16	22000001	1.26057	1.2918	3	0	0
16	22500001	1.2918	1.2918	3	0	0
16	23000001	0.596545	0.682792	1	0	0
16	23500001	0.76904	0.682792	1	0	0
16	24000001	0.977915	0.966006	2	0	0
16	24500001	0.968887	0.966006	2	0	0
16	25000001	0.931052	0.966006	2	0	0
16	25500001	0.963124	0.966006	2	0	0
16	26000001	0.900705	0.966006	2	0	0
16	26500001	0.934619	0.966006	2	0	0
16	27000001	0.982236	0.966006	2	0	0
16	27500001	0.950202	0.966006	2	0	0
16	28000001	0.948293	0.966006	2	0	0
16	28500001	1.0323	0.966006	2	0	0
16	29000001	1.0399	0.966006	2	0	0
16	29500001	1.02053	0.966006	2	0	0
16	30000001	1.07903	0.966006	2	0	0
16	30500001	1.00698	0.966006	2	0	0
16	31000001	0.978889	0.966006	2	0	0
16	31500001	0.970396	0.966006	2	0	0
16	32000001	0.852941	0.966006	2	0	0
16	32500001	0.82215	0.966006	2	0	0
16	33000001	-1	0.966006	2	0	0
16	33500001	0.878484	0.966006	2	0	0
16	34000001	0.94812	0.966006	2	0	0
16	34500001	6.36409	6.36409	13	0	0
16	35000001	0.801943	0.977256	2	0	0
16	35500001	0.915173	0.977256	2	0	0
16	36000001	0.981465	0.977256	2	0	0
16	36500001	0.686592	0.977256	2	0	0
16	37000001	0.663173	0.977256	2	0	0
16	37500001	0.656028	0.977256	2	0	0
16	38000001	-1	0.977256	2	0	0
16	38500001	-1	0.977256	2	0	0
16	39000001	-1	0.977256	2	0	0
16	39500001	-1	0.977256	2	0	0
16	40000001	-1	0.977256	2	0	0
16	40500001	-1	0.977256	2	0	0
16	41000001	-1	0.977256	2	0	0
16	41500001	-1	0.977256	2	0	0
16	42000001	-1	0.977256	2	0	0
16	42500001	-1	0.977256	2	0	0
16	43000001	-1	0.977256	2	0	0
16	43500001	-1	0.977256	2	0	0
16	44000001	-1	0.977256	2	0	0
16	44500001	-1	0.977256	2	0	0
16	45000001	-1	0.977256	2	0	0
16	45500001	-1	0.977256	2	0	0
16	46000001	-1	0.977256	2	0	0
16	46500001	0.977256	0.977256	2	0	0
16	47000001	1.00371	0.977256	2	0	0
16	47500001	0.944073	0.977256	2	0	0
16	48000001	1.00443	0.977256	2	0	0
16	48500001	0.984879	0.977256	2	0	0
16	49000001	0.94575	0.977256	2	0	0
16	49500001	0.927384	0.977256	2	0	0
16	50000001	0.944524	0.977256	2	0	0
16	50500001	0.937105	0.977256	2	0	0
16	51000001	0.931131	0.977256	2	0	0
16	51500001	0.895077	0.977256	2	0	0
16	52000001	0.93295	0.977256	2	0	0
16	52500001	0.944676	0.977256	2	0	0
16	53000001	1.00966	0.977256	2	0	0
16	53500001	0.967047	0.977256	2	0	0
16	54000001	0.980151	0.977256	2	0	0
16	54500001	0.932254	0.977256	2	0	0
16	55000001	0.997398	0.977256	2	0	0
16	55500001	0.996692	0.977256	2	0	0
16	56000001	0.993706	0.977256	2	0	0
16	56500001	1.00956	0.977256	2	0	0
16	57000001	1.03211	0.977256	2	0	0
16	57500001	1.12671	0.977256	2	0	0
16	58000001	1.00638	0.977256	2	0	0
16	58500001	1.01008	0.977256	2	0	0
16	59000001	1.01715	0.977256	2	0	0
16	59500001	0.973471	0.977256	2	0	0
16	60000001	0.941564	0.977256	2	0	0
16	60500001	0.950297	0.977256	2	0	0
16	61000001	0.951666	0.977256	2	0	0
16	61500001	0.931975	0.977256	2	0	0
16	62000001	0.936849	0.977256	2	0	0
16	62500001	0.945932	0.977256	2	0	0
16	63000001	0.922935	0.977256	2	0	0
16	63500001	0.922787	0.977256	2	0	0
16	64000001	0.926355	0.977256	2	0	0
16	64500001	0.950518	0.977256	2	0	0
16	65000001	0.933457	0.977256	2	0	0
16	65500001	0.970244	0.977256	2	0	0
16	66000001	1.00276	0.977256	2	0	0
16	66500001	0.992257	0.977256	2	0	0
16	67000001	0.982187	0.977256	2	0	0
16	67500001	0.978932	0.977256	2	0	0
16	68000001	0.997292	0.977256	2	0	0
16	68500001	1.02113	0.977256	2	0	0
16	69000001	0.995951	0.977256	2	0	0
16	69500001	1.01722	0.977256	2	0	0
16	70000001	1.14115	0.977256	2	0	0
16	70500001	1.03428	0.977256	2	0	0
16	71000001	0.983448	0.977256	2	0	0
16	71500001	0.95064	0.977256	2	0	0
16	72000001	0.965323	0.977256	2	0	0
16	72500001	0.967058	0.977256	2	0	0
16	73000001	1.02184	0.977256	2	0	0
16	73500001	0.974201	0.977256	2	0	0
16	74000001	1.15152	0.977256	2	0	0
16	74500001	1.01641	0.977256	2	0	0
16	75000001	1.03442	0.977256	2	0	0
16	75500001	1.00945	0.977256	2	0	0
16	76000001	0.961391	0.977256	2	0	0
16	76500001	0.973766	0.977256	2	0	0
16	77000001	1.00944	0.977256	2	0	0
16	77500001	0.949486	0.977256	2	0	0
16	78000001	0.837255	0.977256	2	0	0
16	78500001	0.784453	0.977256	2	0	0
16	79000001	0.911506	0.977256	2	0	0
16	79500001	0.908229	0.977256	2	0	0
16	80000001	0.9192	0.977256	2	0	0
16	80500001	0.981124	0.977256	2	0	0
16	81000001	0.992716	0.977256	2	0	0
16	81500001	1.01911	0.977256	2	0	0
16	82000001	1.009	0.977256	2	0	0
16	82500001	0.965961	0.977256	2	0	0
16	83000001	0.909558	0.977256	2	0	0
16	83500001	0.971984	0.977256	2	0	0
16	84000001	0.994162	0.977256	2	0	0
16	84500001	1.03993	0.977256	2	0	0
16	85000001	1.02388	0.977256	2	0	0
16	85500001	1.02256	0.977256	2	0	0
16	86000001	0.964082	0.977256	2	0	0
16	86500001	0.990172	0.977256	2	0	0
16	87000001	0.958602	0.977256	2	0	0
16	87500001	1.05344	0.977256	2	0	0
16	88000001	1.01043	0.977256	2	0	0
16	88500001	1.01343	0.977256	2	0	0
16	89000001	1.01156	0.977256	2	0	0
16	89500001	1.01591	0.977256	2	0	0
16	90000001	-1	-1	-1	0	0
17	1	-1	-1	-1	0	0
17	500001	0.471194	0.489585	1	0	0
17	1000001	0.489585	0.489585	1	0	0
17	1500001	0.901455	0.489585	1	0	0
17	2000001	1.4709	1.46337	3	0	0
17	2500001	1.45214	1.46337	3	0	0
17	3000001	1.43382	1.46337	3	0	0
17	3500001	1.46898	1.46337	3	0	0
17	4000001	1.50703	1.46337	3	0	0
17	4500001	1.45036	1.46337	3	0	0
17	5000001	1.47224	1.46337	3	0	0
17	5500001	1.44146	1.46337	3	0	0
17	6000001	1.45173	1.46337	3	0	0
17	6500001	1.50959	1.46337	3	0	0
17	7000001	1.44063	1.46337	3	0	0
17	7500001	1.47348	1.46337	3	0	0
17	8000001	1.42627	1.46337	3	0	0
17	8500001	1.49412	1.46337	3	0	0
17	9000001	1.4032	1.46337	3	0	0
17	9500001	1.43329	1.46337	3	0	0
17	10000001	1.41619	1.46337	3	0	0
17	10500001	1.43399	1.46337	3	0	0
17	11000001	1.35435	1.46337	3	0	0
17	11500001	1.32933	1.46337	3	0	0
17	12000001	1.37845	1.46337	3	0	0
17	12500001	1.33435	1.46337	3	0	0
17	13000001	1.40787	1.46337	3	0	0
17	13500001	1.35473	1.46337	3	0	0
17	14000001	1.48364	1.46337	3	0	0
17	14500001	1.5511	1.46337	3	0	0
17	15000001	1.46337	1.46337	3	0	0
17	15500001	1.53294	1.46337	3	0	0
17	16000001	1.45001	1.46337	3	0	0
17	16500001	1.69372	1.46337	3	0	0
17	17000001	1.55051	1.46337	3	0	0
17	17500001	1.57467	1.46337	3	0	0
17	18000001	1.52436	1.46337	3	0	0
17	18500001	1.38793	1.46337	3	0	0
17	19000001	2.0362	1.46337	3	0	0
17	19500001	1.48901	1.46337	3	0	0
17	20000001	1.50951	1.46337	3	0	0
17	20500001	1.42514	1.46337	3	0	0
17	21000001	1.63144	1.46337	3	0	0
17	21500001	1.62403	1.46337	3	0	0
17	22000001	1.81215	1.46337	3	0	0
17	22500001	1.73763	1.46337	3	0	0
17	23000001	1.07974	1.46337	3	0	0
17	23500001	0.487156	0.490065	1	0	0
17	24000001	0.489183	0.490065	1	0	0
17	24500001	0.490946	0.490065	1	0	0
17	25000001	0.716273	0.490065	1	0	0
17	25500001	0.568997	0.490065	1	0	0
17	26000001	0.422964	0.490065	1	0	0
17	26500001	4.12247	4.12247	8	0	0
17	27000001	0.992963	1.00905	2	0	0
17	27500001	0.966233	1.00905	2	0	0
17	28000001	1.00387	1.00905	2	0	0
17	28500001	1.2058	1.00905	2	0	0
17	29000001	1.01814	1.00905	2	0	0
17	29500001	1.01154	1.00905	2	0	0
17	30000001	1.03107	1.00905	2	0	0
17	30500001	0.873871	1.00905	2	0	0
17	31000001	0.523218	1.00905	2	0	0
17	31500001	0.679988	1.00905	2	0	0
17	32000001	0.989607	1.00905	2	0	0
17	32500001	0.998128	1.00905	2	0	0
17	33000001	0.956974	1.00905	2	0	0
17	33500001	0.93016	1.00905	2	0	0
17	34000001	0.915199	1.00905	2	0	0
17	34500001	0.928733	1.00905	2	0	0
17	35000001	0.990009	1.00905	2	0	0
17	35500001	1.01365	1.00905	2	0	0
17	36000001	1.54702	1.00905	2	0	0
17	36500001	1.00711	1.00905	2	0	0
17	37000001	1.00995	1.00905	2	0	0
17	37500001	1.14513	1.00905	2	0	0
17	38000001	1.07718	1.00905	2	0	0
17	38500001	1.00638	1.00905	2	0	0
17	39000001	1.01531	1.00905	2	0	0
17	39500001	1.02579	1.00905	2	0	0
17	40000001	1.00326	1.00905	2	0	0
17	40500001	1.08057	1.00905	2	0	0
17	41000001	1.0293	1.00905	2	0	0
17	41500001	1.04742	1.00905	2	0	0
17	42000001	1.00343	1.00905	2	0	0
17	42500001	1.00905	1.00905	2	0	0
17	43000001	1.31252	1.00905	2	0	0
17	43500001	1.04782	1.00905	2	0	0
17	44000001	0.977134	1.00905	2	0	0
17	44500001	1.01116	1.00905	2	0	0
17	45000001	1.03387	1.00905	2	0	0
17	45500001	1.06054	1.00905	2	0	0
17	46000001	1.0659	1.00905	2	0	0
17	46500001	1.05	1.00905	2	0	0
17	47000001	1.04005	1.00905	2	0	0
17	47500001	1.02433	1.00905	2	0	0
17	48000001	1.03032	1.00905	2	0	0
17	48500001	0.969945	1.00905	2	0	0
17	49000001	0.967164	1.00905	2	0	0
17	49500001	1.03023	1.00905	2	0	0
17	50000001	1.06438	1.00905	2	0	0
17	50500001	1.0293	1.00905	2	0	0
17	51000001	1.02945	1.00905	2	0	0
17	51500001	0.951014	1.00905	2	0	0
17	52000001	0.930312	1.00905	2	0	0
17	52500001	0.909431	1.00905	2	0	0
17	53000001	0.959074	1.00905	2	0	0
17	53500001	0.997668	1.00905	2	0	0
17	54000001	0.915982	1.00905	2	0	0
17	54500001	0.972619	1.00905	2	0	0
17	55000001	0.953574	1.00905	2	0	0
17	55500001	0.969926	1.00905	2	0	0
17	56000001	0.96224	1.00905	2	0	0
17	56500001	0.991309	1.00905	2	0	0
17	57000001	1.05588	1.00905	2	0	0
17	57500001	1.01962	1.00905	2	0	0
17	58000001	1.03496	1.00905	2	0	0
17	58500001	0.993859	1.00905	2	0	0
17	59000001	1.00734	1.00905	2	0	0
17	59500001	1.02439	1.00905	2	0	0
17	60000001	1.03831	1.00905	2	0	0
17	60500001	1.30197	1.48918	3	0	0
17	61000001	1.47467	1.48918	3	0	0
17	61500001	1.49016	1.48918	3	0	0
17	62000001	1.4974	1.48918	3	0	0
17	62500001	1.45395	1.48918	3	0	0
17	63000001	1.52988	1.48918	3	0	0
17	63500001	1.4882	1.48918	3	0	0
17	64000001	1.49545	1.48918	3	0	0
17	64500001	3.88326	4.19952	8	0	0
17	65000001	4.51578	4.19952	8	0	0
17	65500001	3.18848	3.18848	6	0	0
17	66000001	1.5366	1.49482	3	0	0
17	66500001	1.47752	1.49482	3	0	0
17	67000001	1.53096	1.49482	3	0	0
17	67500001	1.47715	1.49482	3	0	0
17	68000001	1.45373	1.49482	3	0	0
17	68500001	1.47638	1.49482	3	0	0
17	69000001	1.53384	1.49482	3	0	0
17	69500001	1.49482	1.49482	3	0	0
17	70000001	1.43103	1.49482	3	0	0
17	70500001	1.44378	1.49482	3	0	0
17	71000001	1.55318	1.49482	3	0	0
17	71500001	1.48224	1.49482	3	0	0
17	72000001	1.486	1.49482	3	0	0
17	72500001	1.50761	1.49482	3	0	0
17	73000001	1.47283	1.49482	3	0	0
17	73500001	1.44751	1.49482	3	0	0
17	74000001	1.45037	1.49482	3	0	0
17	74500001	1.54788	1.49482	3	0	0
17	75000001	1.57154	1.49482	3	0	0
17	75500001	1.51911	1.49482	3	0	0
17	76000001	1.49784	1.49482	3	0	0
17	76500001	1.53674	1.49482	3	0	0
17	77000001	1.46996	1.49482	3	0	0
17	77500001	1.52929	1.49482	3	0	0
17	78000001	1.71102	1.49482	3	0	0
17	78500001	1.54452	1.49482	3	0	0
17	79000001	1.46285	1.49482	3	0	0
17	79500001	1.53439	1.49482	3	0	0
17	80000001	1.46405	1.49482	3	0	0
17	80500001	1.48723	1.49482	3	0	0
17	81000001	1.56203	1.49482	3	0	0
17	81500001	1.50601	1.49482	3	0	0
17	82000001	1.69877	1.49482	3	0	0
17	82500001	1.47571	1.49482	3	0	0
17	83000001	0.689645	1.49482	3	0	0
18	1	2.03594	2.03594	4	0	0
18	500001	0.989646	0.963231	2	0	0
18	1000001	1.00853	0.963231	2	0	0
18	1500001	1.0108	0.963231	2	0	0
18	2000001	1.08153	0.963231	2	0	0
18	2500001	1.01203	0.963231	2	0	0
18	3000001	1.05129	0.963231	2	0	0
18	3500001	1.04618	0.963231	2	0	0
18	4000001	0.960527	0.963231	2	0	0
18	4500001	0.956351	0.963231	2	0	0
18	5000001	0.904076	0.963231	2	0	0
18	5500001	0.91639	0.963231	2	0	0
18	6000001	0.902122	0.963231	2	0	0
18	6500001	0.880589	0.963231	2	0	0
18	7000001	0.8625	0.963231	2	0	0
18	7500001	0.946892	0.963231	2	0	0
18	8000001	0.960963	0.963231	2	0	0
18	8500001	1.01059	0.963231	2	0	0
18	9000001	1.03411	0.963231	2	0	0
18	9500001	1.05469	0.963231	2	0	0
18	10000001	1.05648	0.963231	2	0	0
18	10500001	0.921594	0.963231	2	0	0
18	11000001	0.947745	0.963231	2	0	0
18	11500001	0.963231	0.963231	2	0	0
18	12000001	1.0113	0.963231	2	0	0
18	12500001	1.01775	0.963231	2	0	0
18	13000001	0.997431	0.963231	2	0	0
18	13500001	0.931908	0.963231	2	0	0
18	14000001	0.899478	0.963231	2	0	0
18	14500001	0.870761	0.963231	2	0	0
18	15000001	1.25729	1.09041	2	0	0
18	15500001	1.03766	1.09041	2	0	0
18	16000001	1.09041	1.09041	2	0	0
18	16500001	0.821541	0.763964	2	0	0
18	17000001	0.813119	0.763964	2	0	0
18	17500001	0.777222	0.763964	2	0	0
18	18000001	0.763964	0.763964	2	0	0
18	18500001	0.693076	0.763964	2	0	0
18	19000001	0.681385	0.763964	2	0	0
18	19500001	0.562729	0.763964	2	0	0
18	20000001	0.814233	0.763964	2	0	0
18	20500001	0.677017	0.763964	2	0	0
18	21000001	1.04042	0.997649	2	0	0
18	21500001	0.997649	0.997649	2	0	0
18	22000001	0.906418	0.997649	2	0	0
18	22500001	0.548755	0.505342	1	0	0
18	23000001	0.509804	0.505342	1	0	0
18	23500001	0.534963	0.505342	1	0	0
18	24000001	0.495569	0.505342	1	0	0
18	24500001	0.494236	0.505342	1	0	0
18	25000001	0.456989	0.505342	1	0	0
18	25500001	0.498894	0.505342	1	0	0
18	26000001	0.480409	0.505342	1	0	0
18	26500001	0.509502	0.505342	1	0	0
18	27000001	0.476115	0.505342	1	0	0
18	27500001	0.511257	0.505342	1	0	0
18	28000001	0.516043	0.505342	1	0	0
18	28500001	0.52268	0.505342	1	0	0
18	29000001	0.493227	0.505342	1	0	0
18	29500001	0.504848	0.505342	1	0	0
18	30000001	0.49674	0.505342	1	0	0
18	30500001	0.494652	0.505342	1	0	0
18	31000001	0.528269	0.505342	1	0	0
18	31500001	0.518377	0.505342	1	0	0
18	32000001	0.505925	0.505342	1	0	0
18	32500001	0.490209	0.505342	1	0	0
18	33000001	0.505836	0.505342	1	0	0
18	33500001	0.459221	0.505342	1	0	0
18	34000001	0.502159	0.505342	1	0	0
18	34500001	0.492484	0.505342	1	0	0
18	35000001	0.516881	0.505342	1	0	0
18	35500001	0.521019	0.505342	1	0	0
18	36000001	0.516349	0.505342	1	0	0
18	36500001	0.531597	0.505342	1	0	0
18	37000001	0.528974	0.505342	1	0	0
18	37500001	0.485306	0.505342	1	0	0
18	38000001	0.477464	0.505342	1	0	0
18	38500001	0.88336	0.994668	2	0	0
18	39000001	0.973882	0.994668	2	0	0
18	39500001	1.00599	0.994668	2	0	0
18	40000001	1.01075	0.994668	2	0	0
18	40500001	1.0455	0.994668	2	0	0
18	41000001	1.06274	0.994668	2	0	0
18	41500001	1.01905	0.994668	2	0	0
18	42000001	0.963599	0.994668	2	0	0
18	42500001	0.954161	0.994668	2	0	0
18	43000001	0.983344	0.994668	2	0	0
18	43500001	1.01404	0.994668	2	0	0
18	44000001	0.788036	0.994668	2	0	0
18	44500001	0.532022	0.511903	1	0	0
18	45000001	0.520682	0.511903	1	0	0
18	45500001	0.524933	0.511903	1	0	0
18	46000001	0.507021	0.511903	1	0	0
18	46500001	0.503448	0.511903	1	0	0
18	47000001	0.504217	0.511903	1	0	0
18	47500001	0.515313	0.511903	1	0	0
18	48000001	0.522041	0.511903	1	0	0
18	48500001	0.528195	0.511903	1	0	0
18	49000001	0.536269	0.511903	1	0	0
18	49500001	0.526598	0.511903	1	0	0
18	50000001	0.506565	0.511903	1	0	0
18	50500001	0.501785	0.511903	1	0	0
18	51000001	0.469912	0.511903	1	0	0
18	51500001	0.4998	0.511903	1	0	0
18	52000001	0.481973	0.511903	1	0	0
18	52500001	0.444857	0.511903	1	0	0
18	53000001	0.474566	0.511903	1	0	0
18	53500001	0.504935	0.511903	1	0	0
18	54000001	0.523863	0.511903	1	0	0
18	54500001	0.517744	0.511903	1	0	0
18	55000001	0.5082	0.511903	1	0	0
18	55500001	0.516638	0.511903	1	0	0
18	56000001	0.512998	0.511903	1	0	0
18	56500001	0.498955	0.511903	1	0	0
18	57000001	0.506805	0.511903	1	0	0
18	57500001	0.520499	0.511903	1	0	0
18	58000001	0.516752	0.511903	1	0	0
18	58500001	0.520359	0.511903	1	0	0
18	59000001	0.512213	0.511903	1	0	0
18	59500001	0.508989	0.511903	1	0	0
18	60000001	0.527195	0.511903	1	0	0
18	60500001	0.49943	0.511903	1	0	0
18	61000001	0.483474	0.511903	1	0	0
18	61500001	0.520077	0.511903	1	0	0
18	62000001	0.511594	0.511903	1	0	0
18	62500001	0.888806	0.982163	2	0	0
18	63000001	1.05376	0.982163	2	0	0
18	63500001	1.05392	0.982163	2	0	0
18	64000001	0.910571	0.982163	2	0	0
18	64500001	0.502607	0.488167	1	0	0
18	65000001	0.480935	0.488167	1	0	0
18	65500001	0.517402	0.488167	1	0	0
18	66000001	0.509099	0.488167	1	0	0
18	66500001	0.51662	0.488167	1	0	0
18	67000001	0.520716	0.488167	1	0	0
18	67500001	0.467523	0.488167	1	0	0
18	68000001	0.486904	0.488167	1	0	0
18	68500001	0.530227	0.488167	1	0	0
18	69000001	0.495451	0.488167	1	0	0
18	69500001	0.48721	0.488167	1	0	0
18	70000001	0.519674	0.488167	1	0	0
18	70500001	0.482523	0.488167	1	0	0
18	71000001	0.490623	0.488167	1	0	0
18	71500001	0.470738	0.488167	1	0	0
18	72000001	0.485943	0.488167	1	0	0
18	72500001	0.52763	0.488167	1	0	0
18	73000001	0.538437	0.488167	1	0	0
18	73500001	0.534953	0.488167	1	0	0
18	74000001	0.483912	0.488167	1	0	0
18	74500001	0.509862	0.488167	1	0	0
18	75000001	0.487763	0.488167	1	0	0
18	75500001	0.486944	0.488167	1	0	0
18	76000001	0.488167	0.488167	1	0	0
18	76500001	0.497541	0.488167	1	0	0
18	77000001	0.456798	0.488167	1	0	0
18	77500001	0.46084	0.488167	1	0	0
18	78000001	0.456143	0.488167	1	0	0
18	78500001	0.440429	0.488167	1	0	0
18	79000001	0.49131	0.488167	1	0	0
18	79500001	0.485065	0.488167	1	0	0
18	80000001	-1	-1	-1	0	0
19	1	1.18819	1.09798	2	0	0
19	500001	0.980918	1.09798	2	0	0
19	1000001	0.981985	1.09798	2	0	0
19	1500001	0.947263	1.09798	2	0	0
19	2000001	1.00132	1.09798	2	0	0
19	2500001	0.962216	1.09798	2	0	0
19	3000001	0.959629	1.09798	2	0	0
19	3500001	0.965132	1.09798	2	0	0
19	4000001	0.966853	1.09798	2	0	0
19	4500001	0.975033	1.09798	2	0	0
19	5000001	0.977595	1.09798	2	0	0
19	5500001	0.993667	1.09798	2	0	0
19	6000001	1.26427	1.09798	2	0	0
19	6500001	1.39955	1.09798	2	0	0
19	7000001	1.47224	1.09798	2	0	0
19	7500001	1.45316	1.09798	2	0	0
19	8000001	1.3885	1.09798	2	0	0
19	8500001	1.72528	1.09798	2	0	0
19	9000001	1.44592	1.09798	2	0	0
19	9500001	1.42667	1.09798	2	0	0
19	10000001	1.42957	1.09798	2	0	0
19	10500001	1.48077	1.09798	2	0	0
19	11000001	1.47912	1.09798	2	0	0
19	11500001	1.47007	1.09798	2	0	0
19	12000001	1.66301	1.09798	2	0	0
19	12500001	1.68347	1.09798	2	0	0
19	13000001	1.53924	1.09798	2	0	0
19	13500001	1.44907	1.09798	2	0	0
19	14000001	1.46486	1.09798	2	0	0
19	14500001	1.45817	1.09798	2	0	0
19	15000001	1.48322	1.09798	2	0	0
19	15500001	1.32153	1.09798	2	0	0
19	16000001	1.00692	1.09798	2	0	0
19	16500001	0.946273	1.09798	2	0	0
19	17000001	0.957908	1.09798	2	0	0
19	17500001	0.950268	1.09798	2	0	0
19	18000001	0.992488	1.09798	2	0	0
19	18500001	1.00777	1.09798	2	0	0
19	19000001	0.992615	1.09798	2	0	0
19	19500001	0.968556	1.09798	2	0	0
19	20000001	0.923891	1.09798	2	0	0
19	20500001	0.879811	1.09798	2	0	0
19	21000001	0.962636	1.09798	2	0	0
19	21500001	0.976049	1.09798	2	0	0
19	22000001	1.2995	1.09798	2	0	0
19	22500001	1.76596	1.09798	2	0	0
19	23000001	3.58345	3.5863	7	0	0
19	23500001	3.5863	3.5863	7	0	0
19	24000001	4.15079	3.5863	7	0	0
19	24500001	2.73299	2.11646	4	0	0
19	25000001	1.68494	2.11646	4	0	0
19	25500001	2.07459	2.11646	4	0	0
19	26000001	1.77221	2.11646	4	0	0
19	26500001	2.68824	2.11646	4	0	0
19	27000001	5.38305	2.11646	4	0	0
19	27500001	2.60205	2.11646	4	0	0
19	28000001	0.878748	2.11646	4	0	0
19	28500001	2.15832	2.11646	4	0	0
19	29000001	1.71308	2.11646	4	0	0
19	29500001	4.33973	2.11646	4	0	0
19	30000001	1.92922	2.11646	4	0	0
19	30500001	1.35517	0.965618	2	0	0
19	31000001	1.32353	0.965618	2	0	0
19	31500001	1.32152	0.965618	2	0	0
19	32000001	1.10939	0.965618	2	0	0
19	32500001	0.9889	0.965618	2	0	0
19	33000001	0.99819	0.965618	2	0	0
19	33500001	0.93154	0.965618	2	0	0
19	34000001	1.02705	0.965618	2	0	0
19	34500001	1.01748	0.965618	2	0	0
19	35000001	1.51486	0.965618	2	0	0
19	35500001	0.82267	0.965618	2	0	0
19	36000001	0.591342	0.965618	2	0	0
19	36500001	0.447656	0.965618	2	0	0
19	37000001	0.71537	0.965618	2	0	0
19	37500001	0.93719	0.965618	2	0	0
19	38000001	1.293	0.965618	2	0	0
19	38500001	1.48475	0.965618	2	0	0
19	39000001	1.45572	0.965618	2	0	0
19	39500001	1.45978	0.965618	2	0	0
19	40000001	0.965618	0.965618	2	0	0
19	40500001	0.961992	0.965618	2	0	0
19	41000001	0.518957	0.965618	2	0	0
19	41500001	0.476216	0.965618	2	0	0
19	42000001	0.488141	0.965618	2	0	0
19	42500001	0.524928	0.965618	2	0	0
19	43000001	0.463212	0.965618	2	0	0
19	43500001	0.672237	0.965618	2	0	0
19	44000001	0.772614	0.965618	2	0	0
19	44500001	0.847339	0.965618	2	0	0
19	45000001	1.05348	0.965618	2	0	0
19	45500001	1.03668	0.965618	2	0	0
19	46000001	1.23419	1.42345	3	0	0
19	46500001	1.48868	1.42345	3	0	0
19	47000001	1.50275	1.42345	3	0	0
19	47500001	1.92251	1.42345	3	0	0
19	48000001	1.51105	1.42345	3	0	0
19	48500001	1.42175	1.42345	3	0	0
19	49000001	1.46055	1.42345	3	0	0
19	49500001	1.4987	1.42345	3	0	0
19	50000001	1.32066	1.42345	3	0	0
19	50500001	1.42516	1.42345	3	0	0
19	51000001	1.42525	1.42345	3	0	0
19	51500001	1.51163	1.42345	3	0	0
19	52000001	1.66277	1.42345	3	0	0
19	52500001	1.31995	1.42345	3	0	0
19	53000001	0.942778	1.42345	3	0	0
19	53500001	0.929031	1.42345	3	0	0
19	54000001	1.05526	1.42345	3	0	0
19	54500001	1.38634	1.42345	3	0	0
19	55000001	1.49003	1.42345	3	0	0
19	55500001	1.41944	1.42345	3	0	0
19	56000001	1.40637	1.42345	3	0	0
19	56500001	1.34934	1.42345	3	0	0
19	57000001	1.38876	1.42345	3	0	0
19	57500001	1.84714	1.42345	3	0	0
19	58000001	4.75849	1.42345	3	0	0
19	58500001	1.0632	1.42345	3	0	0
2	1	0.984028	0.94466	2	0	0
2	500001	0.911725	0.94466	2	0	0
2	1000001	0.918188	0.94466	2	0	0
2	1500001	0.902059	0.94466	2	0	0
2	2000001	0.894481	0.94466	2	0	0
2	2500001	0.901778	0.94466	2	0	0
2	3000001	0.92445	0.94466	2	0	0
2	3500001	0.940961	0.94466	2	0	0
2	4000001	0.895127	0.94466	2	0	0
2	4500001	0.908967	0.94466	2	0	0
2	5000001	0.888412	0.94466	2	0	0
2	5500001	0.871797	0.94466	2	0	0
2	6000001	0.867109	0.94466	2	0	0
2	6500001	0.92075	0.94466	2	0	0
2	7000001	0.88435	0.94466	2	0	0
2	7500001	0.910394	0.94466	2	0	0
2	8000001	0.957979	0.94466	2	0	0
2	8500001	1.03828	0.94466	2	0	0
2	9000001	1.22343	0.94466	2	0	0
2	9500001	1.05917	0.94466	2	0	0
2	10000001	1.01585	0.94466	2	0	0
2	10500001	1.01751	0.94466	2	0	0
2	11000001	0.991114	0.94466	2	0	0
2	11500001	1.03584	0.94466	2	0	0
2	12000001	0.977975	0.94466	2	0	0
2	12500001	0.995464	0.94466	2	0	0
2	13000001	1.0019	0.94466	2	0	0
2	13500001	0.958514	0.94466	2	0	0
2	14000001	0.94836	0.94466	2	0	0
2	14500001	0.975115	0.94466	2	0	0
2	15000001	0.667759	0.501729	1	0	0
2	15500001	0.47993	0.501729	1	0	0
2	16000001	0.46005	0.501729	1	0	0
2	16500001	0.512345	0.501729	1	0	0
2	17000001	0.525476	0.501729	1	0	0
2	17500001	0.515546	0.501729	1	0	0
2	18000001	0.505748	0.501729	1	0	0
2	18500001	0.481129	0.501729	1	0	0
2	19000001	0.495155	0.501729	1	0	0
2	19500001	0.515049	0.501729	1	0	0
2	20000001	0.503059	0.501729	1	0	0
2	20500001	0.507499	0.501729	1	0	0
2	21000001	0.470452	0.501729	1	0	0
2	21500001	0.488975	0.501729	1	0	0
2	22000001	0.494608	0.501729	1	0	0
2	22500001	0.477287	0.501729	1	0	0
2	23000001	0.484601	0.501729	1	0	0
2	23500001	0.48116	0.501729	1	0	0
2	24000001	0.547892	0.501729	1	0	0
2	24500001	0.517442	0.501729	1	0	0
2	25000001	0.500399	0.501729	1	0	0
2	25500001	1.05643	0.501729	1	0	0
2	26000001	2.44288	2.54594	5	0	0
2	26500001	2.649	2.54594	5	0	0
2	27000001	3.03716	3.07424	6	0	0
2	27500001	3.11131	3.07424	6	0	0
2	28000001	2.78542	2.47607	5	0	0
2	28500001	2.63332	2.47607	5	0	0
2	29000001	2.52803	2.47607	5	0	0
2	29500001	2.44807	2.47607	5	0	0
2	30000001	2.54545	2.47607	5	0	0
2	30500001	2.50957	2.47607	5	0	0
2	31000001	2.54011	2.47607	5	0	0
2	31500001	2.515	2.47607	5	0	0
2	32000001	2.41013	2.47607	5	0	0
2	32500001	2.72181	2.47607	5	0	0
2	33000001	2.42854	2.47607	5	0	0
2	33500001	2.39476	2.47607	5	0	0
2	34000001	2.39756	2.47607	5	0	0
2	34500001	2.30931	2.47607	5	0	0
2	35000001	2.3909	2.47607	5	0	0
2	35500001	2.34402	2.47607	5	0	0
2	36000001	2.47607	2.47607	5	0	0
2	36500001	2.0916	2.0478	4	0	0
2	37000001	2.14725	2.0478	4	0	0
2	37500001	2.14574	2.0478	4	0	0
2	38000001	2.08913	2.0478	4	0	0
2	38500001	2.05973	2.0478	4	0	0
2	39000001	2.01979	2.0478	4	0	0
2	39500001	2.06751	2.0478	4	0	0
2	40000001	1.94876	2.0478	4	0	0
2	40500001	2.00386	2.0478	4	0	0
2	41000001	1.95598	2.0478	4	0	0
2	41500001	1.93923	2.0478	4	0	0
2	42000001	2.03588	2.0478	4	0	0
2	42500001	2.07212	2.0478	4	0	0
2	43000001	1.78593	2.0478	4	0	0
2	43500001	1.56697	1.5157	3	0	0
2	44000001	1.55922	1.5157	3	0	0
2	44500001	1.52196	1.5157	3	0	0
2	45000001	1.61772	1.5157	3	0	0
2	45500001	1.54426	1.5157	3	0	0
2	46000001	1.53576	1.5157	3	0	0
2	46500001	1.55174	1.5157	3	0	0
2	47000001	1.53159	1.5157	3	0	0
2	47500001	1.48267	1.5157	3	0	0
2	48000001	1.47406	1.5157	3	0	0
2	48500001	1.44461	1.5157	3	0	0
2	49000001	1.40379	1.5157	3	0	0
2	49500001	1.45865	1.5157	3	0	0
2	50000001	1.46299	1.5157	3	0	0
2	50500001	1.51102	1.5157	3	0	0
2	51000001	1.52156	1.5157	3	0	0
2	51500001	1.42833	1.5157	3	0	0
2	52000001	1.48852	1.5157	3	0	0
2	52500001	1.4781	1.5157	3	0	0
2	53000001	1.51826	1.5157	3	0	0
2	53500001	1.5055	1.5157	3	0	0
2	54000001	1.50945	1.5157	3	0	0
2	54500001	1.54488	1.5157	3	0	0
2	55000001	1.48406	1.5157	3	0	0
2	55500001	1.52697	1.5157	3	0	0
2	56000001	1.50733	1.5157	3	0	0
2	56500001	1.54511	1.5157	3	0	0
2	57000001	1.44704	1.5157	3	0	0
2	57500001	1.54856	1.5157	3	0	0
2	58000001	1.48321	1.5157	3	0	0
2	58500001	1.51199	1.5157	3	0	0
2	59000001	1.42443	1.5157	3	0	0
2	59500001	1.40353	1.5157	3	0	0
2	60000001	1.48952	1.5157	3	0	0
2	60500001	1.531	1.5157	3	0	0
2	61000001	1.54496	1.5157	3	0	0
2	61500001	1.48649	1.5157	3	0	0
2	62000001	1.49607	1.5157	3	0	0
2	62500001	1.58038	1.5157	3	0	0
2	63000001	1.47501	1.5157	3	0	0
2	63500001	1.5974	1.5157	3	0	0
2	64000001	1.53823	1.5157	3	0	0
2	64500001	1.55246	1.5157	3	0	0
2	65000001	1.5978	1.5157	3	0	0
2	65500001	1.5742	1.5157	3	0	0
2	66000001	1.47239	1.5157	3	0	0
2	66500001	1.53146	1.5157	3	0	0
2	67000001	1.54534	1.5157	3	0	0
2	67500001	1.53411	1.5157	3	0	0
2	68000001	1.46574	1.5157	3	0	0
2	68500001	1.48616	1.5157	3	0	0
2	69000001	1.56265	1.5157	3	0	0
2	69500001	1.57128	1.5157	3	0	0
2	70000001	1.50412	1.5157	3	0	0
2	70500001	1.51313	1.5157	3	0	0
2	71000001	1.48939	1.5157	3	0	0
2	71500001	1.55407	1.5157	3	0	0
2	72000001	1.52051	1.5157	3	0	0
2	72500001	1.51963	1.5157	3	0	0
2	73000001	1.50217	1.5157	3	0	0
2	73500001	1.44962	1.5157	3	0	0
2	74000001	1.53705	1.5157	3	0	0
2	74500001	1.16985	0.923788	2	0	0
2	75000001	0.494143	0.923788	2	0	0
2	75500001	0.882703	0.923788	2	0	0
2	76000001	1.49962	0.923788	2	0	0
2	76500001	0.923788	0.923788	2	0	0
2	77000001	0.488441	0.484465	1	0	0
2	77500001	0.466249	0.484465	1	0	0
2	78000001	0.513305	0.484465	1	0	0
2	78500001	0.467	0.484465	1	0	0
2	79000001	0.464008	0.484465	1	0	0
2	79500001	0.453759	0.484465	1	0	0
2	80000001	0.450598	0.484465	1	0	0
2	80500001	0.48049	0.484465	1	0	0
2	81000001	0.528255	0.484465	1	0	0
2	81500001	0.603426	0.484465	1	0	0
2	82000001	0.464804	0.484465	1	0	0
2	82500001	0.830678	0.484465	1	0	0
2	83000001	0.472178	0.484465	1	0	0
2	83500001	0.879052	0.484465	1	0	0
2	84000001	1.09077	0.484465	1	0	0
2	84500001	0.910988	0.484465	1	0	0
2	85000001	2.04438	2.04438	4	0	0
2	85500001	0.804518	0.597441	1	0	0
2	86000001	0.495809	0.597441	1	0	0
2	86500001	0.488927	0.597441	1	0	0
2	87000001	0.625112	0.597441	1	0	0
2	87500001	0.760864	0.597441	1	0	0
2	88000001	0.56977	0.597441	1	0	0
2	88500001	0.520582	0.597441	1	0	0
2	89000001	-1	0.597441	1	0	0
2	89500001	-1	0.597441	1	0	0
2	90000001	-1	0.597441	1	0	0
2	90500001	-1	0.597441	1	0	0
2	91000001	-1	0.597441	1	0	0
2	91500001	0.764842	0.597441	1	0	0
2	92000001	0.730025	0.597441	1	0	0
2	92500001	0.724682	0.597441	1	0	0
2	93000001	0.350349	0.597441	1	0	0
2	93500001	0.347818	0.597441	1	0	0
2	94000001	-1	-1	-1	0	0
2	94500001	1.0262	1.01975	2	0	0
2	95000001	0.944389	1.01975	2	0	0
2	95500001	1.03947	1.01975	2	0	0
2	96000001	1.01975	1.01975	2	0	0
2	96500001	1.00024	1.01975	2	0	0
2	97000001	1.06945	1.01975	2	0	0
2	97500001	1.02575	1.01975	2	0	0
2	98000001	0.986066	1.01975	2	0	0
2	98500001	1.023	1.01975	2	0	0
2	99000001	0.984306	1.01975	2	0	0
2	99500001	0.938537	1.01975	2	0	0
2	100000001	1.6042	1.99505	4	0	0
2	100500001	1.99505	1.99505	4	0	0
2	101000001	2.0776	1.99505	4	0	0
2	101500001	1.28557	1.00692	2	0	0
2	102000001	1.03213	1.00692	2	0	0
2	102500001	1.03436	1.00692	2	0	0
2	103000001	0.95437	1.00692	2	0	0
2	103500001	0.935961	1.00692	2	0	0
2	104000001	0.939064	1.00692	2	0	0
2	104500001	0.925803	1.00692	2	0	0
2	105000001	0.989108	1.00692	2	0	0
2	105500001	0.994056	1.00692	2	0	0
2	106000001	0.995469	1.00692	2	0	0
2	106500001	0.962915	1.00692	2	0	0
2	107000001	0.989971	1.00692	2	0	0
2	107500001	0.990806	1.00692	2	0	0
2	108000001	0.972469	1.00692	2	0	0
2	108500001	1.01801	1.00692	2	0	0
2	109000001	1.27732	1.00692	2	0	0
2	109500001	0.997234	1.00692	2	0	0
2	110000001	0.935366	1.00692	2	0	0
2	110500001	1.04105	1.00692	2	0	0
2	111000001	1.05148	1.00692	2	0	0
2	111500001	1.06161	1.00692	2	0	0
2	112000001	1.06362	1.00692	2	0	0
2	112500001	1.0651	1.00692	2	0	0
2	113000001	1.02934	1.00692	2	0	0
2	113500001	1.04654	1.00692	2	0	0
2	114000001	1.02967	1.00692	2	0	0
2	114500001	0.97448	1.00692	2	0	0
2	115000001	0.960128	1.00692	2	0	0
2	115500001	0.886584	1.00692	2	0	0
2	116000001	0.938187	1.00692	2	0	0
2	116500001	0.950124	1.00692	2	0	0
2	117000001	0.931387	1.00692	2	0	0
2	117500001	1.02611	1.00692	2	0	0
2	118000001	1.03036	1.00692	2	0	0
2	118500001	1.02936	1.00692	2	0	0
2	119000001	0.957467	1.00692	2	0	0
2	119500001	1.00963	1.00692	2	0	0
2	120000001	1.01676	1.00692	2	0	0
2	120500001	1.00319	1.00692	2	0	0
2	121000001	1.01799	1.00692	2	0	0
2	121500001	1.03865	1.00692	2	0	0
2	122000001	0.955296	1.00692	2	0	0
2	122500001	0.936283	1.00692	2	0	0
2	123000001	0.944748	1.00692	2	0	0
2	123500001	0.947509	1.00692	2	0	0
2	124000001	0.868498	1.00692	2	0	0
2	124500001	0.919921	1.00692	2	0	0
2	125000001	0.949517	1.00692	2	0	0
2	125500001	0.925453	1.00692	2	0	0
2	126000001	0.964842	1.00692	2	0	0
2	126500001	1.00373	1.00692	2	0	0
2	127000001	1.01033	1.00692	2	0	0
2	127500001	1.01353	1.00692	2	0	0
2	128000001	1.09392	1.00692	2	0	0
2	128500001	1.0239	1.00692	2	0	0
2	129000001	0.936372	1.00692	2	0	0
2	129500001	0.976761	1.00692	2	0	0
2	130000001	0.7824	1.00692	2	0	0
2	130500001	1.00713	1.00692	2	0	0
2	131000001	1.13237	1.00692	2	0	0
2	131500001	1.34961	1.00692	2	0	0
2	132000001	1.49082	1.00692	2	0	0
2	132500001	0.734451	1.00692	2	0	0
2	133000001	0.65837	1.00692	2	0	0
2	133500001	0.981146	1.00692	2	0	0
2	134000001	0.955023	1.00692	2	0	0
2	134500001	0.946987	1.00692	2	0	0
2	135000001	0.98173	1.00692	2	0	0
2	135500001	0.936227	1.00692	2	0	0
2	136000001	0.913254	1.00692	2	0	0
2	136500001	0.939807	1.00692	2	0	0
2	137000001	1.00671	1.00692	2	0	0
2	137500001	0.985481	1.00692	2	0	0
2	138000001	1.04294	1.00692	2	0	0
2	138500001	1.03577	1.00692	2	0	0
2	139000001	0.992087	1.00692	2	0	0
2	139500001	0.968133	1.00692	2	0	0
2	140000001	1.00813	1.00692	2	0	0
2	140500001	1.01451	1.00692	2	0	0
2	141000001	0.919181	1.00692	2	0	0
2	141500001	1.00554	1.00692	2	0	0
2	142000001	1.05473	1.00692	2	0	0
2	142500001	1.06953	1.00692	2	0	0
2	143000001	1.04296	1.00692	2	0	0
2	143500001	1.03575	1.00692	2	0	0
2	144000001	0.967706	1.00692	2	0	0
2	144500001	0.990841	1.00692	2	0	0
2	145000001	1.04303	1.00692	2	0	0
2	145500001	1.07734	1.00692	2	0	0
2	146000001	1.02866	1.00692	2	0	0
2	146500001	1.05031	1.00692	2	0	0
2	147000001	1.02324	1.00692	2	0	0
2	147500001	1.00335	1.00692	2	0	0
2	148000001	1.05537	1.00692	2	0	0
2	148500001	1.09017	1.00692	2	0	0
2	149000001	1.0681	1.00692	2	0	0
2	149500001	1.09127	1.00692	2	0	0
2	150000001	1.07556	1.00692	2	0	0
2	150500001	1.00716	1.00692	2	0	0
2	151000001	1.02158	1.00692	2	0	0
2	151500001	0.996017	1.00692	2	0	0
2	152000001	1.01516	1.00692	2	0	0
2	152500001	1.00634	1.00692	2	0	0
2	153000001	0.964617	1.00692	2	0	0
2	153500001	0.980925	1.00692	2	0	0
2	154000001	0.974077	1.00692	2	0	0
2	154500001	0.961443	1.00692	2	0	0
2	155000001	1.02013	1.00692	2	0	0
2	155500001	0.993467	1.00692	2	0	0
2	156000001	1.04066	1.00692	2	0	0
2	156500001	1.01769	1.00692	2	0	0
2	157000001	0.994315	1.00692	2	0	0
2	157500001	0.997916	1.00692	2	0	0
2	158000001	1.01857	1.00692	2	0	0
2	158500001	0.984738	1.00692	2	0	0
2	159000001	1.06955	1.00692	2	0	0
2	159500001	1.08639	1.00692	2	0	0
2	160000001	1.095	1.00692	2	0	0
2	160500001	1.09832	1.00692	2	0	0
2	161000001	1.06521	1.00692	2	0	0
2	161500001	1.00654	1.00692	2	0	0
2	162000001	1.04835	1.00692	2	0	0
2	162500001	0.975276	1.00692	2	0	0
2	163000001	1.03832	1.00692	2	0	0
2	163500001	1.0129	1.00692	2	0	0
2	164000001	1.01448	1.00692	2	0	0
2	164500001	1.09129	1.00692	2	0	0
2	165000001	1.09245	1.00692	2	0	0
2	165500001	1.01415	1.00692	2	0	0
2	166000001	1.01189	1.00692	2	0	0
2	166500001	0.944512	1.00692	2	0	0
2	167000001	0.914553	1.00692	2	0	0
2	167500001	0.9604	1.00692	2	0	0
2	168000001	1.02666	1.00692	2	0	0
2	168500001	0.610175	0.52739	1	0	0
2	169000001	0.569806	0.52739	1	0	0
2	169500001	0.510936	0.52739	1	0	0
2	170000001	0.52739	0.52739	1	0	0
2	170500001	0.493236	0.52739	1	0	0
2	171000001	0.5399	0.52739	1	0	0
2	171500001	0.549741	0.52739	1	0	0
2	172000001	0.55038	0.52739	1	0	0
2	172500001	0.545783	0.52739	1	0	0
2	173000001	0.52377	0.52739	1	0	0
2	173500001	0.530977	0.52739	1	0	0
2	174000001	0.538551	0.52739	1	0	0
2	174500001	0.483029	0.52739	1	0	0
2	175000001	0.51843	0.52739	1	0	0
2	175500001	0.509185	0.52739	1	0	0
2	176000001	0.483157	0.52739	1	0	0
2	176500001	0.51676	0.52739	1	0	0
2	177000001	1.97589	2.04526	4	0	0
2	177500001	2.11464	2.04526	4	0	0
2	178000001	2.95242	2.95632	6	0	0
2	178500001	2.96021	2.95632	6	0	0
2	179000001	2.88901	2.95632	6	0	0
2	179500001	3.0133	2.95632	6	0	0
2	180000001	2.14632	1.53429	3	0	0
2	180500001	1.55921	1.53429	3	0	0
2	181000001	1.56501	1.53429	3	0	0
2	181500001	1.63045	1.53429	3	0	0
2	182000001	1.5741	1.53429	3	0	0
2	182500001	1.59422	1.53429	3	0	0
2	183000001	1.43931	1.53429	3	0	0
2	183500001	1.4168	1.53429	3	0	0
2	184000001	1.58253	1.53429	3	0	0
2	184500001	1.56878	1.53429	3	0	0
2	185000001	1.54149	1.53429	3	0	0
2	185500001	1.56414	1.53429	3	0	0
2	186000001	1.54341	1.53429	3	0	0
2	186500001	1.51334	1.53429	3	0	0
2	187000001	1.49539	1.53429	3	0	0
2	187500001	1.48452	1.53429	3	0	0
2	188000001	1.50512	1.53429	3	0	0
2	188500001	1.58654	1.53429	3	0	0
2	189000001	1.59286	1.53429	3	0	0
2	189500001	1.58539	1.53429	3	0	0
2	190000001	1.55663	1.53429	3	0	0
2	190500001	1.64021	1.53429	3	0	0
2	191000001	1.69617	1.53429	3	0	0
2	191500001	1.61456	1.53429	3	0	0
2	192000001	1.50442	1.53429	3	0	0
2	192500001	1.54028	1.53429	3	0	0
2	193000001	1.54658	1.53429	3	0	0
2	193500001	1.50173	1.53429	3	0	0
2	194000001	1.48408	1.53429	3	0	0
2	194500001	1.48305	1.53429	3	0	0
2	195000001	1.52304	1.53429	3	0	0
2	195500001	1.47712	1.53429	3	0	0
2	196000001	1.51546	1.53429	3	0	0
2	196500001	1.52831	1.53429	3	0	0
2	197000001	1.51329	1.53429	3	0	0
2	197500001	1.45059	1.53429	3	0	0
2	198000001	1.46605	1.53429	3	0	0
2	198500001	1.49226	1.53429	3	0	0
2	199000001	1.43538	1.53429	3	0	0
2	199500001	1.41071	1.53429	3	0	0
2	200000001	1.05319	1.01603	2	0	0
2	200500001	1.04957	1.01603	2	0	0
2	201000001	1.00715	1.01603	2	0	0
2	201500001	1.23949	1.01603	2	0	0
2	202000001	1.01681	1.01603	2	0	0
2	202500001	1.00871	1.01603	2	0	0
2	203000001	1.00438	1.01603	2	0	0
2	203500001	0.99653	1.01603	2	0	0
2	204000001	0.938956	1.01603	2	0	0
2	204500001	0.958102	1.01603	2	0	0
2	205000001	0.952524	1.01603	2	0	0
2	205500001	0.983543	1.01603	2	0	0
2	206000001	1.05125	1.01603	2	0	0
2	206500001	1.03042	1.01603	2	0	0
2	207000001	1.09928	1.01603	2	0	0
2	207500001	1.04312	1.01603	2	0	0
2	208000001	0.990161	1.01603	2	0	0
2	208500001	1.0228	1.01603	2	0	0
2	209000001	1.0689	1.01603	2	0	0
2	209500001	1.04278	1.01603	2	0	0
2	210000001	0.973756	1.01603	2	0	0
2	210500001	1.0216	1.01603	2	0	0
2	211000001	1.06317	1.01603	2	0	0
2	211500001	1.02133	1.01603	2	0	0
2	212000001	1.03839	1.01603	2	0	0
2	212500001	1.08036	1.01603	2	0	0
2	213000001	1.11926	1.01603	2	0	0
2	213500001	1.03487	1.01603	2	0	0
2	214000001	1.00606	1.01603	2	0	0
2	214500001	0.988804	1.01603	2	0	0
2	215000001	1.02004	1.01603	2	0	0
2	215500001	1.00568	1.01603	2	0	0
2	216000001	1.01262	1.01603	2	0	0
2	216500001	1.04323	1.01603	2	0	0
2	217000001	1.02306	1.01603	2	0	0
2	217500001	1.03912	1.01603	2	0	0
2	218000001	1.0271	1.01603	2	0	0
2	218500001	1.0505	1.01603	2	0	0
2	219000001	0.975869	1.01603	2	0	0
2	219500001	1.0333	1.01603	2	0	0
2	220000001	1.10149	1.01603	2	0	0
2	220500001	1.03023	1.01603	2	0	0
2	221000001	0.985419	1.01603	2	0	0
2	221500001	1.03576	1.01603	2	0	0
2	222000001	1.04231	1.01603	2	0	0
2	222500001	1.06589	1.01603	2	0	0
2	223000001	1.00619	1.01603	2	0	0
2	223500001	1.06218	1.01603	2	0	0
2	224000001	1.01659	1.01603	2	0	0
2	224500001	0.981416	1.01603	2	0	0
2	225000001	0.958972	1.01603	2	0	0
2	225500001	1.01603	1.01603	2	0	0
2	226000001	1.00089	1.01603	2	0	0
2	226500001	1.02532	1.01603	2	0	0
2	227000001	1.01763	1.01603	2	0	0
2	227500001	0.977341	1.01603	2	0	0
2	228000001	0.932849	1.01603	2	0	0
2	228500001	0.954832	1.01603	2	0	0
2	229000001	0.999625	1.01603	2	0	0
2	229500001	1.05029	1.01603	2	0	0
2	230000001	1.03566	1.01603	2	0	0
2	230500001	1.06882	1.01603	2	0	0
2	231000001	0.999642	1.01603	2	0	0
2	231500001	0.996167	1.01603	2	0	0
2	232000001	0.983218	1.01603	2	0	0
2	232500001	0.977298	1.01603	2	0	0
2	233000001	1.03322	1.01603	2	0	0
2	233500001	1.07263	1.01603	2	0	0
2	234000001	1.18608	1.01603	2	0	0
2	234500001	1.00582	1.01603	2	0	0
2	235000001	1.00863	1.01603	2	0	0
2	235500001	0.933459	1.01603	2	0	0
2	236000001	1.01434	1.01603	2	0	0
2	236500001	1.0754	1.01603	2	0	0
2	237000001	1.01554	1.01603	2	0	0
2	237500001	0.986936	1.01603	2	0	0
2	238000001	0.97513	1.01603	2	0	0
2	238500001	0.973201	1.01603	2	0	0
2	239000001	0.931058	1.01603	2	0	0
2	239500001	0.959672	1.01603	2	0	0
2	240000001	0.967159	1.01603	2	0	0
2	240500001	0.939346	1.01603	2	0	0
2	241000001	0.999433	1.01603	2	0	0
2	241500001	0.514421	0.376728	1	0	0
2	242000001	0.239035	0.376728	1	0	0
20	1	1.50185	1.00958	2	0	0
20	500001	1.4503	1.00958	2	0	0
20	1000001	1.46154	1.00958	2	0	0
20	1500001	1.38967	1.00958	2	0	0
20	2000001	1.04019	1.00958	2	0	0
20	2500001	0.996068	1.00958	2	0	0
20	3000001	0.985882	1.00958	2	0	0
20	3500001	1.0251	1.00958	2	0	0
20	4000001	1.05956	1.00958	2	0	0
20	4500001	0.975482	1.00958	2	0	0
20	5000001	0.991877	1.00958	2	0	0
20	5500001	1.00939	1.00958	2	0	0
20	6000001	1.05834	1.00958	2	0	0
20	6500001	1.03115	1.00958	2	0	0
20	7000001	1.00978	1.00958	2	0	0
20	7500001	0.968522	1.00958	2	0	0
20	8000001	0.945641	1.00958	2	0	0
20	8500001	0.934998	1.00958	2	0	0
20	9000001	0.959114	1.00958	2	0	0
20	9500001	0.94334	1.00958	2	0	0
20	10000001	1.0081	1.00958	2	0	0
20	10500001	1.03484	1.00958	2	0	0
20	11000001	1.06509	1.00958	2	0	0
20	11500001	1.06053	1.00958	2	0	0
20	12000001	1.02519	1.00958	2	0	0
20	12500001	0.975802	1.00958	2	0	0
20	13000001	1.00916	1.00958	2	0	0
20	13500001	0.981769	1.00958	2	0	0
20	14000001	1.03725	1.00958	2	0	0
20	14500001	0.596854	1.00958	2	0	0
20	15000001	0.694509	0.984396	2	0	0
20	15500001	0.987871	0.984396	2	0	0
20	16000001	0.984396	0.984396	2	0	0
20	16500001	1.42623	1.44447	3	0	0
20	17000001	1.48698	1.44447	3	0	0
20	17500001	1.48859	1.44447	3	0	0
20	18000001	1.44577	1.44447	3	0	0
20	18500001	1.40886	1.44447	3	0	0
20	19000001	1.44053	1.44447	3	0	0
20	19500001	1.46717	1.44447	3	0	0
20	20000001	1.48597	1.44447	3	0	0
20	20500001	1.40827	1.44447	3	0	0
20	21000001	1.3531	1.44447	3	0	0
20	21500001	1.35533	1.44447	3	0	0
20	22000001	1.44317	1.44447	3	0	0
20	22500001	1.45836	1.44447	3	0	0
20	23000001	1.49306	1.44447	3	0	0
20	23500001	1.73018	1.89122	4	0	0
20	24000001	1.94089	1.89122	4	0	0
20	24500001	1.89122	1.89122	4	0	0
20	25000001	1.96242	1.89122	4	0	0
20	25500001	1.58559	1.89122	4	0	0
20	26000001	3.23949	3.41493	7	0	0
20	26500001	3.59037	3.41493	7	0	0
20	27000001	2.60372	2.55198	5	0	0
20	27500001	2.55198	2.55198	5	0	0
20	28000001	2.39632	2.55198	5	0	0
20	28500001	4.68258	4.68258	9	0	0
20	29000001	2.19498	2.17212	4	0	0
20	29500001	2.26311	2.17212	4	0	0
20	30000001	-1	2.17212	4	0	0
20	30500001	2.17963	2.17212	4	0	0
20	31000001	-1	2.17212	4	0	0
20	31500001	2.12075	2.17212	4	0	0
20	32000001	1.99213	2.17212	4	0	0
20	32500001	1.93984	2.17212	4	0	0
20	33000001	2.04173	2.17212	4	0	0
20	33500001	2.18365	2.17212	4	0	0
20	34000001	2.17212	2.17212	4	0	0
20	34500001	1.48559	1.50503	3	0	0
20	35000001	1.54902	1.50503	3	0	0
20	35500001	1.50503	1.50503	3	0	0
20	36000001	2.12175	2.12175	4	0	0
20	36500001	1.48759	1.47112	3	0	0
20	37000001	1.48482	1.47112	3	0	0
20	37500001	1.51524	1.47112	3	0	0
20	38000001	1.50647	1.47112	3	0	0
20	38500001	1.47112	1.47112	3	0	0
20	39000001	1.45009	1.47112	3	0	0
20	39500001	1.37195	1.47112	3	0	0
20	40000001	1.41258	1.47112	3	0	0
20	40500001	1.47069	1.47112	3	0	0
20	41000001	1.51257	1.47112	3	0	0
20	41500001	1.48059	1.47112	3	0	0
20	42000001	1.36843	1.47112	3	0	0
20	42500001	1.34631	1.47112	3	0	0
20	43000001	1.42588	1.47112	3	0	0
20	43500001	1.51165	1.47112	3	0	0
20	44000001	1.47694	1.47112	3	0	0
20	44500001	1.50344	1.47112	3	0	0
20	45000001	1.48473	1.47112	3	0	0
20	45500001	1.48936	1.47112	3	0	0
20	46000001	1.46036	1.47112	3	0	0
20	46500001	1.43648	1.47112	3	0	0
20	47000001	1.52007	1.47112	3	0	0
20	47500001	1.52467	1.47112	3	0	0
20	48000001	1.41217	1.47112	3	0	0
20	48500001	1.44806	1.47112	3	0	0
20	49000001	1.46834	1.47112	3	0	0
20	49500001	1.45922	1.47112	3	0	0
20	50000001	2.00453	1.93957	4	0	0
20	50500001	1.8746	1.93957	4	0	0
20	51000001	1.46919	1.43424	3	0	0
20	51500001	1.50034	1.43424	3	0	0
20	52000001	1.47866	1.43424	3	0	0
20	52500001	1.46099	1.43424	3	0	0
20	53000001	1.48951	1.43424	3	0	0
20	53500001	1.55395	1.43424	3	0	0
20	54000001	1.54433	1.43424	3	0	0
20	54500001	1.39202	1.43424	3	0	0
20	55000001	1.42205	1.43424	3	0	0
20	55500001	1.37201	1.43424	3	0	0
20	56000001	1.44482	1.43424	3	0	0
20	56500001	1.42549	1.43424	3	0	0
20	57000001	1.43823	1.43424	3	0	0
20	57500001	1.46784	1.43424	3	0	0
20	58000001	1.43016	1.43424	3	0	0
20	58500001	1.37202	1.43424	3	0	0
20	59000001	1.38681	1.43424	3	0	0
20	59500001	1.37414	1.43424	3	0	0
20	60000001	1.43025	1.43424	3	0	0
20	60500001	1.34349	1.43424	3	0	0
20	61000001	1.28642	1.43424	3	0	0
20	61500001	1.3634	1.43424	3	0	0
20	62000001	1.48852	1.43424	3	0	0
20	62500001	1.49871	1.43424	3	0	0
20	63000001	1.47435	1.43424	3	0	0
20	63500001	1.40724	1.43424	3	0	0
20	64000001	-1	-1	-1	0	0
21	1	-1	-1	-1	0	0
21	500001	-1	-1	-1	0	0
21	1000001	-1	-1	-1	0	0
21	1500001	-1	-1	-1	0	0
21	2000001	-1	-1	-1	0	0
21	2500001	-1	-1	-1	0	0
21	3000001	-1	-1	-1	0	0
21	3500001	-1	-1	-1	0	0
21	4000001	-1	-1	-1	0	0
21	4500001	-1	-1	-1	0	0
21	5000001	-1	-1	-1	0	0
21	5500001	-1	-1	-1	0	0
21	6000001	-1	-1	-1	0	0
21	6500001	-1	-1	-1	0	0
21	7000001	-1	-1	-1	0	0
21	7500001	-1	-1	-1	0	0
21	8000001	-1	-1	-1	0	0
21	8500001	-1	-1	-1	0	0
21	9000001	-1	-1	-1	0	0
21	9500001	1.18242	1.18242	2	0	0
21	10000001	-1	-1	-1	0	0
21	10500001	0.754225	0.705817	1	0	0
21	11000001	0.478309	0.705817	1	0	0
21	11500001	0.705817	0.705817	1	0	0
21	12000001	0.816685	0.816685	2	0	0
21	12500001	1.37126	1.37126	3	0	0
21	13000001	0.768042	0.728434	1	0	0
21	13500001	0.688827	0.728434	1	0	0
21	14000001	0.980836	1.01716	2	0	0
21	14500001	1.01274	1.01716	2	0	0
21	15000001	1.06113	1.01716	2	0	0
21	15500001	1.06938	1.01716	2	0	0
21	16000001	1.05503	1.01716	2	0	0
21	16500001	1.02237	1.01716	2	0	0
21	17000001	1.17677	1.01716	2	0	0
21	17500001	0.987889	1.01716	2	0	0
21	18000001	0.966774	1.01716	2	0	0
21	18500001	0.989716	1.01716	2	0	0
21	19000001	0.957998	1.01716	2	0	0
21	19500001	0.970163	1.01716	2	0	0
21	20000001	0.993455	1.01716	2	0	0
21	20500001	0.955327	1.01716	2	0	0
21	21000001	0.991153	1.01716	2	0	0
21	21500001	1.0272	1.01716	2	0	0
21	22000001	1.03303	1.01716	2	0	0
21	22500001	1.02213	1.01716	2	0	0
21	23000001	1.03591	1.01716	2	0	0
21	23500001	0.955748	1.01716	2	0	0
21	24000001	1.02535	1.01716	2	0	0
21	24500001	1.02448	1.01716	2	0	0
21	25000001	1.02471	1.01716	2	0	0
21	25500001	1.0097	1.01716	2	0	0
21	26000001	0.989397	1.01716	2	0	0
21	26500001	1.04546	1.01716	2	0	0
21	27000001	1.01904	1.01716	2	0	0
21	27500001	1.02719	1.01716	2	0	0
21	28000001	0.847835	1.01716	2	0	0
21	28500001	1.10494	1.01716	2	0	0
21	29000001	1.10085	1.01716	2	0	0
21	29500001	1.02887	1.01716	2	0	0
21	30000001	1.03992	1.01716	2	0	0
21	30500001	0.98253	1.01716	2	0	0
21	31000001	0.974962	1.01716	2	0	0
21	31500001	0.956274	1.01716	2	0	0
21	32000001	0.975113	1.01716	2	0	0
21	32500001	0.963572	1.01716	2	0	0
21	33000001	0.996457	1.01716	2	0	0
21	33500001	1.04587	1.01716	2	0	0
21	34000001	0.91078	1.01716	2	0	0
21	34500001	1.06601	1.01716	2	0	0
21	35000001	1.0911	1.01716	2	0	0
21	35500001	1.04153	1.01716	2	0	0
21	36000001	0.99083	1.01716	2	0	0
21	36500001	0.998968	1.01716	2	0	0
21	37000001	0.970808	1.01716	2	0	0
21	37500001	0.992358	1.01716	2	0	0
21	38000001	1.03917	1.01716	2	0	0
21	38500001	1.04942	1.01716	2	0	0
21	39000001	1.02286	1.01716	2	0	0
21	39500001	1.02546	1.01716	2	0	0
21	40000001	0.929808	1.01716	2	0	0
21	40500001	0.930951	1.01716	2	0	0
21	41000001	1.01528	1.01716	2	0	0
21	41500001	1.04031	1.01716	2	0	0
21	42000001	1.00592	1.01716	2	0	0
21	42500001	1.02547	1.01716	2	0	0
21	43000001	0.729318	0.9494	2	0	0
21	43500001	0.941168	0.9494	2	0	0
21	44000001	0.782248	0.9494	2	0	0
21	44500001	1.00869	0.9494	2	0	0
21	45000001	1.00628	0.9494	2	0	0
21	45500001	0.957632	0.9494	2	0	0
21	46000001	0.984391	0.9494	2	0	0
21	46500001	0.415875	0.9494	2	0	0
22	1	-1	-1	-1	0	0
22	500001	-1	-1	-1	0	0
22	1000001	-1	-1	-1	0	0
22	1500001	-1	-1	-1	0	0
22	2000001	-1	-1	-1	0	0
22	2500001	-1	-1	-1	0	0
22	3000001	-1	-1	-1	0	0
22	3500001	-1	-1	-1	0	0
22	4000001	-1	-1	-1	0	0
22	4500001	-1	-1	-1	0	0
22	5000001	-1	-1	-1	0	0
22	5500001	-1	-1	-1	0	0
22	6000001	-1	-1	-1	0	0
22	6500001	-1	-1	-1	0	0
22	7000001	-1	-1	-1	0	0
22	7500001	-1	-1	-1	0	0
22	8000001	-1	-1	-1	0	0
22	8500001	-1	-1	-1	0	0
22	9000001	-1	-1	-1	0	0
22	9500001	-1	-1	-1	0	0
22	10000001	-1	-1	-1	0	0
22	10500001	-1	-1	-1	0	0
22	11000001	-1	-1	-1	0	0
22	11500001	-1	-1	-1	0	0
22	12000001	-1	-1	-1	0	0
22	12500001	-1	-1	-1	0	0
22	13000001	0.501499	0.501499	1	0	0
22	13500001	0.763024	0.763024	2	0	0
22	14000001	0.990434	0.995172	2	0	0
22	14500001	1.16626	0.995172	2	0	0
22	15000001	-1	0.995172	2	0	0
22	15500001	1.28526	0.995172	2	0	0
22	16000001	0.99991	0.995172	2	0	0
22	16500001	0.979074	0.995172	2	0	0
22	17000001	0.974568	0.995172	2	0	0
22	17500001	1.03201	0.995172	2	0	0
22	18000001	-1	0.995172	2	0	0
22	18500001	0.828317	0.995172	2	0	0
22	19000001	1.13432	1.33957	3	0	0
22	19500001	1.54483	1.33957	3	0	0
22	20000001	1.01822	1.00618	2	0	0
22	20500001	1.00921	1.00618	2	0	0
22	21000001	0.811807	1.00618	2	0	0
22	21500001	0.97179	1.00618	2	0	0
22	22000001	0.994521	1.00618	2	0	0
22	22500001	0.982964	1.00618	2	0	0
22	23000001	1.02275	1.00618	2	0	0
22	23500001	0.959091	1.00618	2	0	0
22	24000001	1.01586	1.00618	2	0	0
22	24500001	1.00866	1.00618	2	0	0
22	25000001	1.02061	1.00618	2	0	0
22	25500001	0.95642	1.00618	2	0	0
22	26000001	0.927098	1.00618	2	0	0
22	26500001	0.949055	1.00618	2	0	0
22	27000001	0.99408	1.00618	2	0	0
22	27500001	0.94601	1.00618	2	0	0
22	28000001	1.00469	1.00618	2	0	0
22	28500001	1.05251	1.00618	2	0	0
22	29000001	1.01451	1.00618	2	0	0
22	29500001	1.03504	1.00618	2	0	0
22	30000001	1.0419	1.00618	2	0	0
22	30500001	1.00481	1.00618	2	0	0
22	31000001	1.01144	1.00618	2	0	0
22	31500001	1.00618	1.00618	2	0	0
22	32000001	0.985066	1.00618	2	0	0
22	32500001	1.03939	1.00618	2	0	0
22	33000001	1.15939	1.00618	2	0	0
22	33500001	0.921201	1.00618	2	0	0
22	34000001	0.940938	1.00618	2	0	0
22	34500001	0.916883	1.00618	2	0	0
22	35000001	1.03099	1.00618	2	0	0
22	35500001	1.01884	1.00618	2	0	0
22	36000001	1.05363	1.00618	2	0	0
22	36500001	1.01188	1.00618	2	0	0
22	37000001	1.03203	1.00618	2	0	0
22	37500001	1.01756	1.00618	2	0	0
22	38000001	1.00071	1.00618	2	0	0
22	38500001	1.00159	1.00618	2	0	0
22	39000001	0.992259	1.00618	2	0	0
22	39500001	0.988642	1.00618	2	0	0
22	40000001	0.988231	1.00618	2	0	0
22	40500001	1.03359	1.00618	2	0	0
22	41000001	1.17097	1.00618	2	0	0
22	41500001	1.03036	1.00618	2	0	0
22	42000001	0.992801	1.00618	2	0	0
22	42500001	1.24881	1.00618	2	0	0
22	43000001	0.992045	1.00618	2	0	0
22	43500001	0.965702	1.00618	2	0	0
22	44000001	0.948321	1.00618	2	0	0
22	44500001	0.985925	1.00618	2	0	0
22	45000001	1.00739	1.00618	2	0	0
22	45500001	1.02331	1.00618	2	0	0
22	46000001	1.07036	1.00618	2	0	0
22	46500001	1.03071	1.00618	2	0	0
22	47000001	0.965268	1.00618	2	0	0
22	47500001	0.938075	0.914813	2	0	0
22	48000001	0.897416	0.914813	2	0	0
22	48500001	0.888356	0.914813	2	0	0
22	49000001	0.914813	0.914813	2	0	0
22	49500001	0.970615	0.914813	2	0	0
22	50000001	0.994596	0.914813	2	0	0
22	50500001	0.632967	0.914813	2	0	0
3	1	1.02027	1.01343	2	0	0
3	500001	0.988633	1.01343	2	0	0
3	1000001	0.930393	1.01343	2	0	0
3	1500001	0.936705	1.01343	2	0	0
3	2000001	0.939636	1.01343	2	0	0
3	2500001	0.914304	1.01343	2	0	0
3	3000001	0.986975	1.01343	2	0	0
3	3500001	0.935234	1.01343	2	0	0
3	4000001	0.956747	1.01343	2	0	0
3	4500001	1.09536	1.01343	2	0	0
3	5000001	1.01829	1.01343	2	0	0
3	5500001	0.958857	1.01343	2	0	0
3	6000001	0.958955	1.01343	2	0	0
3	6500001	0.960324	1.01343	2	0	0
3	7000001	0.945136	1.01343	2	0	0
3	7500001	0.972709	1.01343	2	0	0
3	8000001	0.997253	1.01343	2	0	0
3	8500001	1.04577	1.01343	2	0	0
3	9000001	1.07845	1.01343	2	0	0
3	9500001	1.31032	1.01343	2	0	0
3	10000001	1.03259	1.01343	2	0	0
3	10500001	1.05897	1.01343	2	0	0
3	11000001	1.08034	1.01343	2	0	0
3	11500001	1.02018	1.01343	2	0	0
3	12000001	1.12744	1.01343	2	0	0
3	12500001	1.08202	1.01343	2	0	0
3	13000001	0.600247	1.01343	2	0	0
3	13500001	0.821272	1.01343	2	0	0
3	14000001	1.04338	1.01343	2	0	0
3	14500001	0.988643	1.01343	2	0	0
3	15000001	1.01395	1.01343	2	0	0
3	15500001	1.10156	1.01343	2	0	0
3	16000001	1.03926	1.01343	2	0	0
3	16500001	1.00638	1.01343	2	0	0
3	17000001	0.998174	1.01343	2	0	0
3	17500001	1.01927	1.01343	2	0	0
3	18000001	1.04768	1.01343	2	0	0
3	18500001	1.05353	1.01343	2	0	0
3	19000001	0.976823	1.01343	2	0	0
3	19500001	0.984912	1.01343	2	0	0
3	20000001	0.960633	1.01343	2	0	0
3	20500001	0.948421	1.01343	2	0	0
3	21000001	0.947989	1.01343	2	0	0
3	21500001	0.940544	1.01343	2	0	0
3	22000001	0.923902	1.01343	2	0	0
3	22500001	1.04868	1.01343	2	0	0
3	23000001	1.08911	1.01343	2	0	0
3	23500001	1.03017	1.01343	2	0	0
3	24000001	1.09659	1.01343	2	0	0
3	24500001	1.09801	1.01343	2	0	0
3	25000001	1.03736	1.01343	2	0	0
3	25500001	1.01665	1.01343	2	0	0
3	26000001	0.960025	1.01343	2	0	0
3	26500001	1.01063	1.01343	2	0	0
3	27000001	1.02084	1.01343	2	0	0
3	27500001	1.00265	1.01343	2	0	0
3	28000001	1.01343	1.01343	2	0	0
3	28500001	1.02528	1.01343	2	0	0
3	29000001	1.02781	1.01343	2	0	0
3	29500001	1.01496	1.01343	2	0	0
3	30000001	1.12423	1.01343	2	0	0
3	30500001	1.06798	1.01343	2	0	0
3	31000001	1.04573	1.01343	2	0	0
3	31500001	1.00944	1.01343	2	0	0
3	32000001	1.00635	1.01343	2	0	0
3	32500001	1.00433	1.01343	2	0	0
3	33000001	1.0267	1.01343	2	0	0
3	33500001	1.05581	1.01343	2	0	0
3	34000001	0.996604	1.01343	2	0	0
3	34500001	0.986264	1.01343	2	0	0
3	35000001	0.94895	1.01343	2	0	0
3	35500001	0.968198	1.01343	2	0	0
3	36000001	0.986769	1.01343	2	0	0
3	36500001	1.06286	1.01343	2	0	0
3	37000001	1.02906	1.01343	2	0	0
3	37500001	1.05221	1.01343	2	0	0
3	38000001	1.05331	1.01343	2	0	0
3	38500001	0.999712	1.01343	2	0	0
3	39000001	0.955478	1.01343	2	0	0
3	39500001	0.983694	1.01343	2	0	0
3	40000001	0.973044	1.01343	2	0	0
3	40500001	1.00639	1.01343	2	0	0
3	41000001	1.01895	1.01343	2	0	0
3	41500001	1.05249	1.01343	2	0	0
3	42000001	1.05985	1.01343	2	0	0
3	42500001	1.02534	1.01343	2	0	0
3	43000001	1.04406	1.01343	2	0	0
3	43500001	0.992587	1.01343	2	0	0
3	44000001	0.996714	1.01343	2	0	0
3	44500001	1.01845	1.01343	2	0	0
3	45000001	1.05509	1.01343	2	0	0
3	45500001	1.01459	1.01343	2	0	0
3	46000001	0.982208	1.01343	2	0	0
3	46500001	0.905127	1.01343	2	0	0
3	47000001	0.900581	1.01343	2	0	0
3	47500001	0.50956	0.497903	1	0	0
3	48000001	0.521551	0.497903	1	0	0
3	48500001	0.48324	0.497903	1	0	0
3	49000001	0.500606	0.497903	1	0	0
3	49500001	0.511749	0.497903	1	0	0
3	50000001	0.52741	0.497903	1	0	0
3	50500001	0.501932	0.497903	1	0	0
3	51000001	0.499805	0.497903	1	0	0
3	51500001	0.485148	0.497903	1	0	0
3	52000001	0.52769	0.497903	1	0	0
3	52500001	0.515739	0.497903	1	0	0
3	53000001	0.749794	0.497903	1	0	0
3	53500001	0.498875	0.497903	1	0	0
3	54000001	0.450474	0.497903	1	0	0
3	54500001	0.509923	0.497903	1	0	0
3	55000001	0.518585	0.497903	1	0	0
3	55500001	0.510015	0.497903	1	0	0
3	56000001	0.573907	0.497903	1	0	0
3	56500001	0.503804	0.497903	1	0	0
3	57000001	0.519272	0.497903	1	0	0
3	57500001	0.512313	0.497903	1	0	0
3	58000001	0.473182	0.497903	1	0	0
3	58500001	0.507152	0.497903	1	0	0
3	59000001	0.514673	0.497903	1	0	0
3	59500001	0.482659	0.497903	1	0	0
3	60000001	0.465877	0.497903	1	0	0
3	60500001	0.223564	0.497903	1	0	0
3	61000001	0.480581	0.497903	1	0	0
3	61500001	0.484483	0.497903	1	0	0
3	62000001	0.479212	0.497903	1	0	0
3	62500001	0.472601	0.497903	1	0	0
3	63000001	0.453571	0.497903	1	0	0
3	63500001	0.483564	0.497903	1	0	0
3	64000001	0.47105	0.497903	1	0	0
3	64500001	0.486767	0.497903	1	0	0
3	65000001	0.439652	0.497903	1	0	0
3	65500001	0.478846	0.497903	1	0	0
3	66000001	0.490615	0.497903	1	0	0
3	66500001	0.496931	0.497903	1	0	0
3	67000001	0.487032	0.497903	1	0	0
3	67500001	0.487134	0.497903	1	0	0
3	68000001	0.487771	0.497903	1	0	0
3	68500001	0.519123	0.497903	1	0	0
3	69000001	0.524443	0.497903	1	0	0
3	69500001	0.525935	0.497903	1	0	0
3	70000001	0.506879	0.497903	1	0	0
3	70500001	0.494267	0.497903	1	0	0
3	71000001	0.513632	0.497903	1	0	0
3	71500001	0.499937	0.497903	1	0	0
3	72000001	0.505737	0.497903	1	0	0
3	72500001	0.525832	0.497903	1	0	0
3	73000001	0.482597	0.497903	1	0	0
3	73500001	0.478433	0.497903	1	0	0
3	74000001	0.443631	0.497903	1	0	0
3	74500001	0.463353	0.497903	1	0	0
3	75000001	0.452197	0.497903	1	0	0
3	75500001	0.655776	0.497903	1	0	0
3	76000001	0.470304	0.497903	1	0	0
3	76500001	0.485922	0.497903	1	0	0
3	77000001	0.470995	0.497903	1	0	0
3	77500001	0.48857	0.497903	1	0	0
3	78000001	0.4524	0.497903	1	0	0
3	78500001	0.475087	0.497903	1	0	0
3	79000001	0.502539	0.497903	1	0	0
3	79500001	0.518506	0.497903	1	0	0
3	80000001	0.519426	0.497903	1	0	0
3	80500001	0.50714	0.497903	1	0	0
3	81000001	0.492859	0.497903	1	0	0
3	81500001	0.501605	0.497903	1	0	0
3	82000001	0.481687	0.497903	1	0	0
3	82500001	0.503687	0.497903	1	0	0
3	83000001	0.508773	0.497903	1	0	0
3	83500001	0.535722	0.497903	1	0	0
3	84000001	0.524735	0.497903	1	0	0
3	84500001	0.490592	0.497903	1	0	0
3	85000001	0.506915	0.497903	1	0	0
3	85500001	0.493134	0.497903	1	0	0
3	86000001	0.471079	0.497903	1	0	0
3	86500001	0.354241	0.497903	1	0	0
3	87000001	0.517308	0.497903	1	0	0
3	87500001	0.508369	0.497903	1	0	0
3	88000001	0.493292	0.497903	1	0	0
3	88500001	1.44401	1.4622	3	0	0
3	89000001	1.4622	1.4622	3	0	0
3	89500001	1.85198	1.4622	3	0	0
3	90000001	1.30683	1.4622	3	0	0
3	90500001	1.57425	1.4622	3	0	0
3	91000001	0.88316	0.88316	2	0	0
3	91500001	1.85178	1.85178	4	0	0
3	92000001	1.91704	1.85178	4	0	0
3	92500001	1.73982	1.85178	4	0	0
3	93000001	7.08917	7.08917	14	0	0
3	93500001	1.58764	1.49576	3	0	0
3	94000001	1.45052	1.49576	3	0	0
3	94500001	1.45682	1.49576	3	0	0
3	95000001	1.49576	1.49576	3	0	0
3	95500001	1.45472	1.49576	3	0	0
3	96000001	1.44647	1.49576	3	0	0
3	96500001	1.50705	1.49576	3	0	0
3	97000001	1.51235	1.49576	3	0	0
3	97500001	1.46252	1.49576	3	0	0
3	98000001	1.57549	1.49576	3	0	0
3	98500001	1.50985	1.49576	3	0	0
3	99000001	1.46276	1.49576	3	0	0
3	99500001	1.50179	1.49576	3	0	0
3	100000001	1.53444	1.49576	3	0	0
3	100500001	1.51185	1.49576	3	0	0
3	101000001	1.51661	1.49576	3	0	0
3	101500001	1.60071	1.49576	3	0	0
3	102000001	1.65713	1.49576	3	0	0
3	102500001	1.58047	1.49576	3	0	0
3	103000001	1.52074	1.49576	3	0	0
3	103500001	1.57868	1.49576	3	0	0
3	104000001	1.55559	1.49576	3	0	0
3	104500001	1.55139	1.49576	3	0	0
3	105000001	1.5653	1.49576	3	0	0
3	105500001	1.61679	1.49576	3	0	0
3	106000001	1.59863	1.49576	3	0	0
3	106500001	1.52854	1.49576	3	0	0
3	107000001	1.53239	1.49576	3	0	0
3	107500001	1.7833	1.49576	3	0	0
3	108000001	1.54505	1.49576	3	0	0
3	108500001	1.44315	1.49576	3	0	0
3	109000001	1.39618	1.49576	3	0	0
3	109500001	1.48786	1.49576	3	0	0
3	110000001	1.522	1.49576	3	0	0
3	110500001	1.43109	1.49576	3	0	0
3	111000001	1.49977	1.49576	3	0	0
3	111500001	1.57498	1.49576	3	0	0
3	112000001	1.54614	1.49576	3	0	0
3	112500001	1.5969	1.49576	3	0	0
3	113000001	1.52929	1.49576	3	0	0
3	113500001	1.45391	1.49576	3	0	0
3	114000001	1.46708	1.49576	3	0	0
3	114500001	1.42424	1.49576	3	0	0
3	115000001	1.46076	1.49576	3	0	0
3	115500001	1.45234	1.49576	3	0	0
3	116000001	1.43319	1.49576	3	0	0
3	116500001	1.38953	1.49576	3	0	0
3	117000001	1.46089	1.49576	3	0	0
3	117500001	1.4453	1.49576	3	0	0
3	118000001	1.47114	1.49576	3	0	0
3	118500001	1.53224	1.49576	3	0	0
3	119000001	1.48968	1.49576	3	0	0
3	119500001	1.47436	1.49576	3	0	0
3	120000001	1.54126	1.49576	3	0	0
3	120500001	1.49079	1.49576	3	0	0
3	121000001	1.48352	1.49576	3	0	0
3	121500001	1.5505	1.49576	3	0	0
3	122000001	1.54153	1.49576	3	0	0
3	122500001	1.47841	1.49576	3	0	0
3	123000001	1.44381	1.49576	3	0	0
3	123500001	1.43092	1.49576	3	0	0
3	124000001	1.48658	1.49576	3	0	0
3	124500001	1.51418	1.49576	3	0	0
3	125000001	1.50168	1.49576	3	0	0
3	125500001	1.43368	1.49576	3	0	0
3	126000001	1.42806	1.49576	3	0	0
3	126500001	1.4272	1.49576	3	0	0
3	127000001	1.44389	1.49576	3	0	0
3	127500001	1.42189	1.49576	3	0	0
3	128000001	1.51521	1.49576	3	0	0
3	128500001	1.53182	1.49576	3	0	0
3	129000001	1.50168	1.49576	3	0	0
3	129500001	1.47469	1.49576	3	0	0
3	130000001	1.45512	1.49576	3	0	0
3	130500001	1.43804	1.49576	3	0	0
3	131000001	1.43444	1.49576	3	0	0
3	131500001	1.43316	1.49576	3	0	0
3	132000001	1.4239	1.49576	3	0	0
3	132500001	1.49671	1.49576	3	0	0
3	133000001	1.51239	1.49576	3	0	0
3	133500001	1.51969	1.49576	3	0	0
3	134000001	1.54332	1.49576	3	0	0
3	134500001	1.49797	1.49576	3	0	0
3	135000001	1.38173	1.49576	3	0	0
3	135500001	1.46954	1.49576	3	0	0
3	136000001	1.34137	1.49576	3	0	0
3	136500001	1.24958	1.49576	3	0	0
3	137000001	1.48526	1.49576	3	0	0
3	137500001	1.41623	1.49576	3	0	0
3	138000001	1.4285	1.49576	3	0	0
3	138500001	1.45175	1.49576	3	0	0
3	139000001	1.41346	1.49576	3	0	0
3	139500001	1.4086	1.49576	3	0	0
3	140000001	1.36921	1.49576	3	0	0
3	140500001	1.44058	1.49576	3	0	0
3	141000001	1.49577	1.49576	3	0	0
3	141500001	1.54012	1.49576	3	0	0
3	142000001	1.50043	1.49576	3	0	0
3	142500001	1.48246	1.49576	3	0	0
3	143000001	1.39935	1.49576	3	0	0
3	143500001	1.43864	1.49576	3	0	0
3	144000001	1.47068	1.49576	3	0	0
3	144500001	1.49974	1.49576	3	0	0
3	145000001	1.41512	1.49576	3	0	0
3	145500001	1.44	1.49576	3	0	0
3	146000001	1.50969	1.49576	3	0	0
3	146500001	1.45404	1.49576	3	0	0
3	147000001	1.34294	1.49576	3	0	0
3	147500001	1.39948	1.49576	3	0	0
3	148000001	1.42993	1.49576	3	0	0
3	148500001	1.41485	1.49576	3	0	0
3	149000001	1.62742	1.49576	3	0	0
3	149500001	1.52475	1.49576	3	0	0
3	150000001	1.60753	1.49576	3	0	0
3	150500001	1.50738	1.49576	3	0	0
3	151000001	1.51771	1.49576	3	0	0
3	151500001	1.5902	1.49576	3	0	0
3	152000001	1.64985	1.49576	3	0	0
3	152500001	1.52597	1.49576	3	0	0
3	153000001	1.55649	1.49576	3	0	0
3	153500001	1.55375	1.49576	3	0	0
3	154000001	1.42315	1.49576	3	0	0
3	154500001	1.3919	1.49576	3	0	0
3	155000001	1.4214	1.49576	3	0	0
3	155500001	1.39743	1.49576	3	0	0
3	156000001	1.41876	1.49576	3	0	0
3	156500001	1.52727	1.49576	3	0	0
3	157000001	1.50285	1.49576	3	0	0
3	157500001	1.47943	1.49576	3	0	0
3	158000001	1.43855	1.49576	3	0	0
3	158500001	1.44104	1.49576	3	0	0
3	159000001	1.40903	1.49576	3	0	0
3	159500001	1.52135	1.49576	3	0	0
3	160000001	1.4629	1.49576	3	0	0
3	160500001	1.5071	1.49576	3	0	0
3	161000001	1.54796	1.49576	3	0	0
3	161500001	1.48288	1.49576	3	0	0
3	162000001	1.45143	1.49576	3	0	0
3	162500001	1.29587	1.49576	3	0	0
3	163000001	1.47406	1.49576	3	0	0
3	163500001	1.4729	1.49576	3	0	0
3	164000001	1.44263	1.49576	3	0	0
3	164500001	1.48191	1.49576	3	0	0
3	165000001	1.52859	1.49576	3	0	0
3	165500001	1.58814	1.49576	3	0	0
3	166000001	1.5627	1.49576	3	0	0
3	166500001	1.54099	1.49576	3	0	0
3	167000001	1.4671	1.49576	3	0	0
3	167500001	1.52781	1.49576	3	0	0
3	168000001	1.45288	1.49576	3	0	0
3	168500001	1.51755	1.49576	3	0	0
3	169000001	1.52999	1.49576	3	0	0
3	169500001	1.50596	1.49576	3	0	0
3	170000001	1.46197	1.49576	3	0	0
3	170500001	1.5292	1.49576	3	0	0
3	171000001	1.60482	1.49576	3	0	0
3	171500001	1.55601	1.49576	3	0	0
3	172000001	1.49423	1.49576	3	0	0
3	172500001	1.58148	1.49576	3	0	0
3	173000001	1.56574	1.49576	3	0	0
3	173500001	1.53326	1.49576	3	0	0
3	174000001	1.50145	1.49576	3	0	0
3	174500001	1.54504	1.49576	3	0	0
3	175000001	1.4799	1.49576	3	0	0
3	175500001	1.51056	1.49576	3	0	0
3	176000001	1.5224	1.49576	3	0	0
3	176500001	1.52022	1.49576	3	0	0
3	177000001	1.50183	1.49576	3	0	0
3	177500001	1.50752	1.49576	3	0	0
3	178000001	1.55962	1.49576	3	0	0
3	178500001	1.48108	1.49576	3	0	0
3	179000001	1.83314	1.93653	4	0	0
3	179500001	1.85574	1.93653	4	0	0
3	180000001	1.83001	1.93653	4	0	0
3	180500001	1.8499	1.93653	4	0	0
3	181000001	1.86872	1.93653	4	0	0
3	181500001	1.82237	1.93653	4	0	0
3	182000001	1.99471	1.93653	4	0	0
3	182500001	1.99811	1.93653	4	0	0
3	183000001	1.95994	1.93653	4	0	0
3	183500001	1.92972	1.93653	4	0	0
3	184000001	1.94333	1.93653	4	0	0
3	184500001	1.90928	1.93653	4	0	0
3	185000001	1.98294	1.93653	4	0	0
3	185500001	2.04382	1.93653	4	0	0
3	186000001	1.96566	1.93653	4	0	0
3	186500001	1.94904	1.93653	4	0	0
3	187000001	2.60265	3.05592	6	0	0
3	187500001	3.05592	3.05592	6	0	0
3	188000001	3.05986	3.05592	6	0	0
3	188500001	2.52603	2.52603	5	0	0
3	189000001	2.15734	2.01663	4	0	0
3	189500001	2.1728	2.01663	4	0	0
3	190000001	2.1114	2.01663	4	0	0
3	190500001	2.02419	2.01663	4	0	0
3	191000001	2.00907	2.01663	4	0	0
3	191500001	2.06072	2.01663	4	0	0
3	192000001	1.93763	2.01663	4	0	0
3	192500001	1.86239	2.01663	4	0	0
3	193000001	1.94513	2.01663	4	0	0
3	193500001	2.00116	2.01663	4	0	0
3	194000001	1.98347	2.01663	4	0	0
3	194500001	2.04525	2.01663	4	0	0
3	195000001	1.88889	2.01663	4	0	0
3	195500001	2.25215	2.01663	4	0	0
3	196000001	1.97707	2.01663	4	0	0
3	196500001	1.90213	2.01663	4	0	0
3	197000001	2.31443	2.01663	4	0	0
3	197500001	2.13266	2.01663	4	0	0
3	198000001	-1	-1	-1	0	0
4	1	0.694024	0.499779	1	0	0
4	500001	0.491571	0.499779	1	0	0
4	1000001	0.479436	0.499779	1	0	0
4	1500001	0.532836	0.499779	1	0	0
4	2000001	0.496116	0.499779	1	0	0
4	2500001	0.51358	0.499779	1	0	0
4	3000001	0.49315	0.499779	1	0	0
4	3500001	0.474129	0.499779	1	0	0
4	4000001	0.4864	0.499779	1	0	0
4	4500001	0.508606	0.499779	1	0	0
4	5000001	0.484004	0.499779	1	0	0
4	5500001	0.49201	0.499779	1	0	0
4	6000001	0.488688	0.499779	1	0	0
4	6500001	0.489999	0.499779	1	0	0
4	7000001	0.493432	0.499779	1	0	0
4	7500001	0.503022	0.499779	1	0	0
4	8000001	0.499779	0.499779	1	0	0
4	8500001	0.480277	0.499779	1	0	0
4	9000001	0.673568	0.499779	1	0	0
4	9500001	0.477733	0.499779	1	0	0
4	10000001	0.515606	0.499779	1	0	0
4	10500001	0.514697	0.499779	1	0	0
4	11000001	0.507791	0.499779	1	0	0
4	11500001	0.554112	0.499779	1	0	0
4	12000001	0.541941	0.499779	1	0	0
4	12500001	0.509625	0.499779	1	0	0
4	13000001	0.724123	0.499779	1	0	0
4	13500001	0.969098	0.992013	2	0	0
4	14000001	0.970299	0.992013	2	0	0
4	14500001	0.941061	0.992013	2	0	0
4	15000001	1.03103	0.992013	2	0	0
4	15500001	1.02862	0.992013	2	0	0
4	16000001	1.01837	0.992013	2	0	0
4	16500001	0.916659	0.992013	2	0	0
4	17000001	0.954263	0.992013	2	0	0
4	17500001	0.890998	0.992013	2	0	0
4	18000001	0.945683	0.992013	2	0	0
4	18500001	0.914046	0.992013	2	0	0
4	19000001	0.94735	0.992013	2	0	0
4	19500001	0.953731	0.992013	2	0	0
4	20000001	0.935893	0.992013	2	0	0
4	20500001	1.18471	0.992013	2	0	0
4	21000001	0.995423	0.992013	2	0	0
4	21500001	0.914007	0.992013	2	0	0
4	22000001	0.946526	0.992013	2	0	0
4	22500001	0.965396	0.992013	2	0	0
4	23000001	1.01986	0.992013	2	0	0
4	23500001	0.970746	0.992013	2	0	0
4	24000001	1.01063	0.992013	2	0	0
4	24500001	1.03951	0.992013	2	0	0
4	25000001	1.01739	0.992013	2	0	0
4	25500001	0.964022	0.992013	2	0	0
4	26000001	0.980923	0.992013	2	0	0
4	26500001	1.03265	0.992013	2	0	0
4	27000001	1.01784	0.992013	2	0	0
4	27500001	1.02426	0.992013	2	0	0
4	28000001	0.949989	0.992013	2	0	0
4	28500001	0.925445	0.992013	2	0	0
4	29000001	0.970187	0.992013	2	0	0
4	29500001	0.961277	0.992013	2	0	0
4	30000001	0.954277	0.992013	2	0	0
4	30500001	0.996178	0.992013	2	0	0
4	31000001	1.04939	0.992013	2	0	0
4	31500001	1.01586	0.992013	2	0	0
4	32000001	0.982876	0.992013	2	0	0
4	32500001	0.961064	0.992013	2	0	0
4	33000001	0.989975	0.992013	2	0	0
4	33500001	0.986614	0.992013	2	0	0
4	34000001	0.96807	0.992013	2	0	0
4	34500001	0.992013	0.992013	2	0	0
4	35000001	0.964838	0.992013	2	0	0
4	35500001	1.02756	0.992013	2	0	0
4	36000001	0.996016	0.992013	2	0	0
4	36500001	1.02408	0.992013	2	0	0
4	37000001	1.05902	0.992013	2	0	0
4	37500001	1.01192	0.992013	2	0	0
4	38000001	1.04405	0.992013	2	0	0
4	38500001	1.03046	0.992013	2	0	0
4	39000001	1.06562	0.992013	2	0	0
4	39500001	1.01553	0.992013	2	0	0
4	40000001	1.03156	0.992013	2	0	0
4	40500001	1.02954	0.992013	2	0	0
4	41000001	1.04855	0.992013	2	0	0
4	41500001	1.02539	0.992013	2	0	0
4	42000001	0.959363	0.992013	2	0	0
4	42500001	0.994729	0.992013	2	0	0
4	43000001	0.972405	0.992013	2	0	0
4	43500001	1.00466	0.992013	2	0	0
4	44000001	1.02614	0.992013	2	0	0
4	44500001	1.01172	0.992013	2	0	0
4	45000001	0.987227	0.992013	2	0	0
4	45500001	0.960031	0.992013	2	0	0
4	46000001	0.961409	0.992013	2	0	0
4	46500001	0.985342	0.992013	2	0	0
4	47000001	0.985999	0.992013	2	0	0
4	47500001	0.997736	0.992013	2	0	0
4	48000001	1.05672	0.992013	2	0	0
4	48500001	1.02118	0.992013	2	0	0
4	49000001	-1	-1	-1	0	0
4	49500001	2.43077	2.43077	5	0	0
4	50000001	2.06101	1.90353	4	0	0
4	50500001	1.74604	1.90353	4	0	0
4	51000001	1.41254	1.41254	3	0	0
4	51500001	1.13386	1.01547	2	0	0
4	52000001	0.958976	1.01547	2	0	0
4	52500001	0.967399	1.01547	2	0	0
4	53000001	1.03805	1.01547	2	0	0
4	53500001	1.02019	1.01547	2	0	0
4	54000001	1.02905	1.01547	2	0	0
4	54500001	1.02062	1.01547	2	0	0
4	55000001	0.99476	1.01547	2	0	0
4	55500001	1.04028	1.01547	2	0	0
4	56000001	0.984305	1.01547	2	0	0
4	56500001	0.987755	1.01547	2	0	0
4	57000001	1.00469	1.01547	2	0	0
4	57500001	0.981411	1.01547	2	0	0
4	58000001	0.933646	1.01547	2	0	0
4	58500001	0.978573	1.01547	2	0	0
4	59000001	0.971048	1.01547	2	0	0
4	59500001	0.963871	1.01547	2	0	0
4	60000001	1.04052	1.01547	2	0	0
4	60500001	0.961928	1.01547	2	0	0
4	61000001	1.01714	1.01547	2	0	0
4	61500001	0.981621	1.01547	2	0	0
4	62000001	0.977525	1.01547	2	0	0
4	62500001	0.944798	1.01547	2	0	0
4	63000001	0.965171	1.01547	2	0	0
4	63500001	1.01113	1.01547	2	0	0
4	64000001	0.96553	1.01547	2	0	0
4	64500001	0.96959	1.01547	2	0	0
4	65000001	0.987883	1.01547	2	0	0
4	65500001	1.0229	1.01547	2	0	0
4	66000001	0.979512	1.01547	2	0	0
4	66500001	1.01163	1.01547	2	0	0
4	67000001	0.980182	1.01547	2	0	0
4	67500001	1.04209	1.01547	2	0	0
4	68000001	1.03456	1.01547	2	0	0
4	68500001	1.04419	1.01547	2	0	0
4	69000001	0.845053	1.01547	2	0	0
4	69500001	0.988201	1.01547	2	0	0
4	70000001	1.01457	1.01547	2	0	0
4	70500001	0.979668	1.01547	2	0	0
4	71000001	0.94202	1.01547	2	0	0
4	71500001	0.989043	1.01547	2	0	0
4	72000001	0.956959	1.01547	2	0	0
4	72500001	0.908711	1.01547	2	0	0
4	73000001	1.02113	1.01547	2	0	0
4	73500001	1.10567	1.01547	2	0	0
4	74000001	1.08265	1.01547	2	0	0
4	74500001	1.08588	1.01547	2	0	0
4	75000001	0.991893	1.01547	2	0	0
4	75500001	0.988152	1.01547	2	0	0
4	76000001	1.04152	1.01547	2	0	0
4	76500001	1.06818	1.01547	2	0	0
4	77000001	1.04896	1.01547	2	0	0
4	77500001	1.07738	1.01547	2	0	0
4	78000001	1.03326	1.01547	2	0	0
4	78500001	1.0672	1.01547	2	0	0
4	79000001	1.00196	1.01547	2	0	0
4	79500001	1.03466	1.01547	2	0	0
4	80000001	0.98469	1.01547	2	0	0
4	80500001	1.03203	1.01547	2	0	0
4	81000001	0.959897	1.01547	2	0	0
4	81500001	0.950537	1.01547	2	0	0
4	82000001	1.03671	1.01547	2	0	0
4	82500001	1.03596	1.01547	2	0	0
4	83000001	0.9497	1.01547	2	0	0
4	83500001	1.0329	1.01547	2	0	0
4	84000001	1.02844	1.01547	2	0	0
4	84500001	1.04129	1.01547	2	0	0
4	85000001	1.00577	1.01547	2	0	0
4	85500001	1.00719	1.01547	2	0	0
4	86000001	0.986718	1.01547	2	0	0
4	86500001	0.886291	1.01547	2	0	0
4	87000001	1.00501	1.01547	2	0	0
4	87500001	1.05291	1.01547	2	0	0
4	88000001	1.00757	1.01547	2	0	0
4	88500001	1.03677	1.01547	2	0	0
4	89000001	1.01864	1.01547	2	0	0
4	89500001	1.05161	1.01547	2	0	0
4	90000001	1.05763	1.01547	2	0	0
4	90500001	1.06888	1.01547	2	0	0
4	91000001	1.02963	1.01547	2	0	0
4	91500001	1.02747	1.01547	2	0	0
4	92000001	1.00824	1.01547	2	0	0
4	92500001	1.04341	1.01547	2	0	0
4	93000001	1.01381	1.01547	2	0	0
4	93500001	1.03698	1.01547	2	0	0
4	94000001	1.01077	1.01547	2	0	0
4	94500001	1.04831	1.01547	2	0	0
4	95000001	1.03742	1.01547	2	0	0
4	95500001	1.0436	1.01547	2	0	0
4	96000001	1.02319	1.01547	2	0	0
4	96500001	1.04467	1.01547	2	0	0
4	97000001	1.00696	1.01547	2	0	0
4	97500001	1.00833	1.01547	2	0	0
4	98000001	1.04486	1.01547	2	0	0
4	98500001	1.01637	1.01547	2	0	0
4	99000001	1.02859	1.01547	2	0	0
4	99500001	1.02298	1.01547	2	0	0
4	100000001	1.02199	1.01547	2	0	0
4	100500001	1.00975	1.01547	2	0	0
4	101000001	1.08937	1.01547	2	0	0
4	101500001	1.00628	1.01547	2	0	0
4	102000001	0.964244	1.01547	2	0	0
4	102500001	1.04868	1.01547	2	0	0
4	103000001	1.01658	1.01547	2	0	0
4	103500001	1.04029	1.01547	2	0	0
4	104000001	1.01866	1.01547	2	0	0
4	104500001	1.05599	1.01547	2	0	0
4	105000001	1.05256	1.01547	2	0	0
4	105500001	1.06348	1.01547	2	0	0
4	106000001	1.00879	1.01547	2	0	0
4	106500001	1.07776	1.01547	2	0	0
4	107000001	0.999138	1.01547	2	0	0
4	107500001	0.997459	1.01547	2	0	0
4	108000001	0.950292	1.01547	2	0	0
4	108500001	0.959024	1.01547	2	0	0
4	109000001	0.960245	1.01547	2	0	0
4	109500001	0.981541	1.01547	2	0	0
4	110000001	0.989294	1.01547	2	0	0
4	110500001	1.03366	1.01547	2	0	0
4	111000001	1.02655	1.01547	2	0	0
4	111500001	1.0467	1.01547	2	0	0
4	112000001	1.02783	1.01547	2	0	0
4	112500001	0.943073	1.01547	2	0	0
4	113000001	0.97549	1.01547	2	0	0
4	113500001	1.04715	1.01547	2	0	0
4	114000001	1.01852	1.01547	2	0	0
4	114500001	1.00424	1.01547	2	0	0
4	115000001	1.02289	1.01547	2	0	0
4	115500001	0.96603	1.01547	2	0	0
4	116000001	1.00526	1.01547	2	0	0
4	116500001	0.546078	0.506602	1	0	0
4	117000001	0.490552	0.506602	1	0	0
4	117500001	0.465899	0.506602	1	0	0
4	118000001	0.491523	0.506602	1	0	0
4	118500001	0.516124	0.506602	1	0	0
4	119000001	0.505088	0.506602	1	0	0
4	119500001	0.495533	0.506602	1	0	0
4	120000001	0.477553	0.506602	1	0	0
4	120500001	0.506592	0.506602	1	0	0
4	121000001	0.488707	0.506602	1	0	0
4	121500001	0.523072	0.506602	1	0	0
4	122000001	0.497629	0.506602	1	0	0
4	122500001	0.52507	0.506602	1	0	0
4	123000001	0.507601	0.506602	1	0	0
4	123500001	0.506602	0.506602	1	0	0
4	124000001	0.532602	0.506602	1	0	0
4	124500001	0.551354	0.506602	1	0	0
4	125000001	0.523306	0.506602	1	0	0
4	125500001	0.479111	0.506602	1	0	0
4	126000001	0.48011	0.506602	1	0	0
4	126500001	0.481063	0.506602	1	0	0
4	127000001	0.486665	0.506602	1	0	0
4	127500001	0.536318	0.506602	1	0	0
4	128000001	0.512743	0.506602	1	0	0
4	128500001	0.494187	0.506602	1	0	0
4	129000001	0.506912	0.506602	1	0	0
4	129500001	0.481107	0.506602	1	0	0
4	130000001	0.476223	0.506602	1	0	0
4	130500001	0.470844	0.506602	1	0	0
4	131000001	0.473708	0.506602	1	0	0
4	131500001	0.497849	0.506602	1	0	0
4	132000001	0.509352	0.506602	1	0	0
4	132500001	0.519735	0.506602	1	0	0
4	133000001	0.495658	0.506602	1	0	0
4	133500001	0.477888	0.506602	1	0	0
4	134000001	0.493039	0.506602	1	0	0
4	134500001	0.494441	0.506602	1	0	0
4	135000001	0.507041	0.506602	1	0	0
4	135500001	0.508814	0.506602	1	0	0
4	136000001	0.531592	0.506602	1	0	0
4	136500001	0.521345	0.506602	1	0	0
4	137000001	0.525048	0.506602	1	0	0
4	137500001	0.525829	0.506602	1	0	0
4	138000001	0.535442	0.506602	1	0	0
4	138500001	0.549585	0.506602	1	0	0
4	139000001	0.51018	0.506602	1	0	0
4	139500001	0.520754	0.506602	1	0	0
4	140000001	0.499139	0.506602	1	0	0
4	140500001	0.485076	0.506602	1	0	0
4	141000001	0.501318	0.506602	1	0	0
4	141500001	0.507462	0.506602	1	0	0
4	142000001	0.539855	0.506602	1	0	0
4	142500001	0.705035	0.506602	1	0	0
4	143000001	1.0077	1.00237	2	0	0
4	143500001	1.0535	1.00237	2	0	0
4	144000001	1.26506	1.00237	2	0	0
4	144500001	1.03817	1.00237	2	0	0
4	145000001	0.989363	1.00237	2	0	0
4	145500001	0.966352	1.00237	2	0	0
4	146000001	0.994536	1.00237	2	0	0
4	146500001	0.963123	1.00237	2	0	0
4	147000001	1.03383	1.00237	2	0	0
4	147500001	1.02038	1.00237	2	0	0
4	148000001	1.03207	1.00237	2	0	0
4	148500001	1.0161	1.00237	2	0	0
4	149000001	0.983945	1.00237	2	0	0
4	149500001	1.01285	1.00237	2	0	0
4	150000001	0.99956	1.00237	2	0	0
4	150500001	1.00751	1.00237	2	0	0
4	151000001	1.04312	1.00237	2	0	0
4	151500001	1.00588	1.00237	2	0	0
4	152000001	1.0053	1.00237	2	0	0
4	152500001	1.05582	1.00237	2	0	0
4	153000001	0.996531	1.00237	2	0	0
4	153500001	1.01548	1.00237	2	0	0
4	154000001	0.978477	1.00237	2	0	0
4	154500001	0.963256	1.00237	2	0	0
4	155000001	0.982981	1.00237	2	0	0
4	155500001	0.978265	1.00237	2	0	0
4	156000001	1.06538	1.00237	2	0	0
4	156500001	1.04754	1.00237	2	0	0
4	157000001	1.02235	1.00237	2	0	0
4	157500001	1.02124	1.00237	2	0	0
4	158000001	1.05859	1.00237	2	0	0
4	158500001	1.02245	1.00237	2	0	0
4	159000001	1.0061	1.00237	2	0	0
4	159500001	0.998963	1.00237	2	0	0
4	160000001	1.00349	1.00237	2	0	0
4	160500001	0.99483	1.00237	2	0	0
4	161000001	0.969812	1.00237	2	0	0
4	161500001	0.999893	1.00237	2	0	0
4	162000001	1.0402	1.00237	2	0	0
4	162500001	0.96519	1.00237	2	0	0
4	163000001	0.963047	1.00237	2	0	0
4	163500001	0.9715	1.00237	2	0	0
4	164000001	0.965486	1.00237	2	0	0
4	164500001	0.956567	1.00237	2	0	0
4	165000001	0.979146	1.00237	2	0	0
4	165500001	1.03219	1.00237	2	0	0
4	166000001	1.03073	1.00237	2	0	0
4	166500001	0.990964	1.00237	2	0	0
4	167000001	1.02281	1.00237	2	0	0
4	167500001	1.02572	1.00237	2	0	0
4	168000001	1.0749	1.00237	2	0	0
4	168500001	1.07472	1.00237	2	0	0
4	169000001	1.04838	1.00237	2	0	0
4	169500001	0.998382	1.00237	2	0	0
4	170000001	0.988644	1.00237	2	0	0
4	170500001	0.944242	1.00237	2	0	0
4	171000001	0.961862	1.00237	2	0	0
4	171500001	0.949328	1.00237	2	0	0
4	172000001	0.966506	1.00237	2	0	0
4	172500001	1.0236	1.00237	2	0	0
4	173000001	1.05366	1.00237	2	0	0
4	173500001	0.945766	1.00237	2	0	0
4	174000001	1.02689	1.00237	2	0	0
4	174500001	1.09333	1.00237	2	0	0
4	175000001	1.00365	1.00237	2	0	0
4	175500001	0.98091	1.00237	2	0	0
4	176000001	1.01169	1.00237	2	0	0
4	176500001	0.998176	1.00237	2	0	0
4	177000001	1.01715	1.00237	2	0	0
4	177500001	1.03888	1.00237	2	0	0
4	178000001	1.00045	1.00237	2	0	0
4	178500001	1.00673	1.00237	2	0	0
4	179000001	1.01694	1.00237	2	0	0
4	179500001	0.989022	1.00237	2	0	0
4	180000001	0.992172	1.00237	2	0	0
4	180500001	0.967642	1.00237	2	0	0
4	181000001	0.950518	1.00237	2	0	0
4	181500001	0.933191	1.00237	2	0	0
4	182000001	0.894361	1.00237	2	0	0
4	182500001	0.949182	1.00237	2	0	0
4	183000001	1.01449	1.00237	2	0	0
4	183500001	0.938659	1.00237	2	0	0
4	184000001	1.02198	1.00237	2	0	0
4	184500001	1.03472	1.00237	2	0	0
4	185000001	0.977099	1.00237	2	0	0
4	185500001	1.01577	1.00237	2	0	0
4	186000001	0.949737	1.00237	2	0	0
4	186500001	1.01755	1.00237	2	0	0
4	187000001	1.05505	1.00237	2	0	0
4	187500001	0.968366	1.00237	2	0	0
4	188000001	0.918925	1.00237	2	0	0
4	188500001	1.00126	1.00237	2	0	0
4	189000001	0.956208	1.00237	2	0	0
4	189500001	0.9592	1.00237	2	0	0
4	190000001	-1	-1	-1	0	0
5	1	2.00863	1.85747	4	0	0
5	500001	2.59866	1.85747	4	0	0
5	1000001	1.90894	1.85747	4	0	0
5	1500001	1.86808	1.85747	4	0	0
5	2000001	1.8338	1.85747	4	0	0
5	2500001	1.74977	1.85747	4	0	0
5	3000001	1.71409	1.85747	4	0	0
5	3500001	1.7407	1.85747	4	0	0
5	4000001	1.76763	1.85747	4	0	0
5	4500001	1.83254	1.85747	4	0	0
5	5000001	1.87911	1.85747	4	0	0
5	5500001	1.78876	1.85747	4	0	0
5	6000001	1.84686	1.85747	4	0	0
5	6500001	1.77974	1.85747	4	0	0
5	7000001	1.7683	1.85747	4	0	0
5	7500001	1.78841	1.85747	4	0	0
5	8000001	1.83775	1.85747	4	0	0
5	8500001	1.97067	1.85747	4	0	0
5	9000001	2.00351	1.85747	4	0	0
5	9500001	2.01539	1.85747	4	0	0
5	10000001	1.9922	1.85747	4	0	0
5	10500001	2.00313	1.85747	4	0	0
5	11000001	1.87016	1.85747	4	0	0
5	11500001	1.91145	1.85747	4	0	0
5	12000001	1.94433	1.85747	4	0	0
5	12500001	1.80725	1.85747	4	0	0
5	13000001	2.43959	2.48296	5	0	0
5	13500001	2.57773	2.48296	5	0	0
5	14000001	2.60264	2.48296	5	0	0
5	14500001	2.53367	2.48296	5	0	0
5	15000001	2.53754	2.48296	5	0	0
5	15500001	2.33728	2.48296	5	0	0
5	16000001	2.39954	2.48296	5	0	0
5	16500001	2.48611	2.48296	5	0	0
5	17000001	2.46124	2.48296	5	0	0
5	17500001	3.26578	2.48296	5	0	0
5	18000001	2.44935	2.48296	5	0	0
5	18500001	2.56498	2.48296	5	0	0
5	19000001	2.53108	2.48296	5	0	0
5	19500001	2.66453	2.48296	5	0	0
5	20000001	2.59839	2.48296	5	0	0
5	20500001	2.57711	2.48296	5	0	0
5	21000001	3.13908	2.48296	5	0	0
5	21500001	2.59817	2.48296	5	0	0
5	22000001	2.3413	2.48296	5	0	0
5	22500001	2.33766	2.48296	5	0	0
5	23000001	2.45035	2.48296	5	0	0
5	23500001	2.41272	2.48296	5	0	0
5	24000001	2.47981	2.48296	5	0	0
5	24500001	2.47947	2.48296	5	0	0
5	25000001	2.45166	2.48296	5	0	0
5	25500001	2.42389	2.48296	5	0	0
5	26000001	1.98647	1.98309	4	0	0
5	26500001	1.94313	1.98309	4	0	0
5	27000001	2.0573	1.98309	4	0	0
5	27500001	2.05057	1.98309	4	0	0
5	28000001	2.02357	1.98309	4	0	0
5	28500001	2.02114	1.98309	4	0	0
5	29000001	1.97971	1.98309	4	0	0
5	29500001	1.96874	1.98309	4	0	0
5	30000001	1.96738	1.98309	4	0	0
5	30500001	1.98662	1.98309	4	0	0
5	31000001	2.046	1.98309	4	0	0
5	31500001	1.9503	1.98309	4	0	0
5	32000001	1.99184	1.98309	4	0	0
5	32500001	1.90099	1.98309	4	0	0
5	33000001	1.95384	1.98309	4	0	0
5	33500001	1.89839	1.98309	4	0	0
5	34000001	2.50768	1.98309	4	0	0
5	34500001	1.99397	1.98309	4	0	0
5	35000001	1.8895	1.98309	4	0	0
5	35500001	1.90631	1.98309	4	0	0
5	36000001	2.04237	1.98309	4	0	0
5	36500001	2.42372	1.98309	4	0	0
5	37000001	2.12719	1.98309	4	0	0
5	37500001	1.9694	1.98309	4	0	0
5	38000001	1.65241	1.98309	4	0	0
5	38500001	2.01194	1.98309	4	0	0
5	39000001	2.12048	1.98309	4	0	0
5	39500001	2.04408	1.98309	4	0	0
5	40000001	2.07511	1.98309	4	0	0
5	40500001	2.04659	1.98309	4	0	0
5	41000001	2.06912	1.98309	4	0	0
5	41500001	1.93256	1.98309	4	0	0
5	42000001	1.86684	1.98309	4	0	0
5	42500001	2.03048	1.98309	4	0	0
5	43000001	2.02751	1.98309	4	0	0
5	43500001	2.0298	1.98309	4	0	0
5	44000001	1.91597	1.98309	4	0	0
5	44500001	1.89343	1.98309	4	0	0
5	45000001	1.88794	1.98309	4	0	0
5	45500001	1.85945	1.98309	4	0	0
5	46000001	1.55742	1.98309	4	0	0
5	46500001	1.40715	1.98309	4	0	0
5	47000001	1.48843	1.98309	4	0	0
5	47500001	1.80603	1.98309	4	0	0
5	48000001	2.03582	1.98309	4	0	0
5	48500001	1.94849	1.98309	4	0	0
5	49000001	3.33513	3.33513	7	0	0
5	49500001	9.88033	9.88033	20	0	0
5	50000001	1.62898	1.00375	2	0	0
5	50500001	1.04267	1.00375	2	0	0
5	51000001	1.00884	1.00375	2	0	0
5	51500001	1.01855	1.00375	2	0	0
5	52000001	0.977517	1.00375	2	0	0
5	52500001	1.0487	1.00375	2	0	0
5	53000001	1.10013	1.00375	2	0	0
5	53500001	0.986201	1.00375	2	0	0
5	54000001	1.00783	1.00375	2	0	0
5	54500001	1.03972	1.00375	2	0	0
5	55000001	1.03967	1.00375	2	0	0
5	55500001	1.01492	1.00375	2	0	0
5	56000001	1.03556	1.00375	2	0	0
5	56500001	1.03368	1.00375	2	0	0
5	57000001	1.00449	1.00375	2	0	0
5	57500001	1.0983	1.00375	2	0	0
5	58000001	1.0575	1.00375	2	0	0
5	58500001	1.0401	1.00375	2	0	0
5	59000001	1.00024	1.00375	2	0	0
5	59500001	0.74576	1.00375	2	0	0
5	60000001	0.338973	1.00375	2	0	0
5	60500001	0.602307	1.00375	2	0	0
5	61000001	1.04507	1.00375	2	0	0
5	61500001	0.992888	1.00375	2	0	0
5	62000001	0.998481	1.00375	2	0	0
5	62500001	0.945038	1.00375	2	0	0
5	63000001	0.978076	1.00375	2	0	0
5	63500001	0.976861	1.00375	2	0	0
5	64000001	0.965231	1.00375	2	0	0
5	64500001	0.987675	1.00375	2	0	0
5	65000001	1.01052	1.00375	2	0	0
5	65500001	1.04771	1.00375	2	0	0
5	66000001	1.05322	1.00375	2	0	0
5	66500001	1.00381	1.00375	2	0	0
5	67000001	1.01234	1.00375	2	0	0
5	67500001	0.980359	1.00375	2	0	0
5	68000001	0.982169	1.00375	2	0	0
5	68500001	0.995743	1.00375	2	0	0
5	69000001	0.960333	1.00375	2	0	0
5	69500001	1.33804	1.00375	2	0	0
5	70000001	1.21476	1.00375	2	0	0
5	70500001	1.29568	1.00375	2	0	0
5	71000001	1.27009	1.00375	2	0	0
5	71500001	1.01044	1.00375	2	0	0
5	72000001	1.045	1.00375	2	0	0
5	72500001	1.05294	1.00375	2	0	0
5	73000001	1.05107	1.00375	2	0	0
5	73500001	1.06857	1.00375	2	0	0
5	74000001	1.06514	1.00375	2	0	0
5	74500001	1.06419	1.00375	2	0	0
5	75000001	1.08251	1.00375	2	0	0
5	75500001	1.04413	1.00375	2	0	0
5	76000001	0.983266	1.00375	2	0	0
5	76500001	0.97535	1.00375	2	0	0
5	77000001	0.992464	1.00375	2	0	0
5	77500001	0.971193	1.00375	2	0	0
5	78000001	1.0443	1.00375	2	0	0
5	78500001	1.01354	1.00375	2	0	0
5	79000001	0.962417	1.00375	2	0	0
5	79500001	0.986295	1.00375	2	0	0
5	80000001	1.01262	1.00375	2	0	0
5	80500001	1.03398	1.00375	2	0	0
5	81000001	0.992333	1.00375	2	0	0
5	81500001	1.0187	1.00375	2	0	0
5	82000001	0.968899	1.00375	2	0	0
5	82500001	1.00315	1.00375	2	0	0
5	83000001	1.0151	1.00375	2	0	0
5	83500001	1.00993	1.00375	2	0	0
5	84000001	1.02061	1.00375	2	0	0
5	84500001	1.00205	1.00375	2	0	0
5	85000001	1.0223	1.00375	2	0	0
5	85500001	0.994285	1.00375	2	0	0
5	86000001	1.00038	1.00375	2	0	0
5	86500001	1.01073	1.00375	2	0	0
5	87000001	1.01544	1.00375	2	0	0
5	87500001	1.01885	1.00375	2	0	0
5	88000001	0.982267	1.00375	2	0	0
5	88500001	1.01121	1.00375	2	0	0
5	89000001	1.01322	1.00375	2	0	0
5	89500001	1.03354	1.00375	2	0	0
5	90000001	1.00428	1.00375	2	0	0
5	90500001	0.994487	1.00375	2	0	0
5	91000001	1.05762	1.00375	2	0	0
5	91500001	1.04856	1.00375	2	0	0
5	92000001	1.02017	1.00375	2	0	0
5	92500001	1.03595	1.00375	2	0	0
5	93000001	1.08086	1.00375	2	0	0
5	93500001	0.974506	1.00375	2	0	0
5	94000001	1.02054	1.00375	2	0	0
5	94500001	0.983218	1.00375	2	0	0
5	95000001	1.04293	1.00375	2	0	0
5	95500001	1.08403	1.00375	2	0	0
5	96000001	1.08173	1.00375	2	0	0
5	96500001	1.13061	1.00375	2	0	0
5	97000001	0.989473	1.00375	2	0	0
5	97500001	0.971753	1.00375	2	0	0
5	98000001	0.959251	1.00375	2	0	0
5	98500001	0.977598	1.00375	2	0	0
5	99000001	0.96507	1.00375	2	0	0
5	99500001	0.957194	1.00375	2	0	0
5	100000001	0.900495	1.00375	2	0	0
5	100500001	0.968438	1.00375	2	0	0
5	101000001	0.957485	1.00375	2	0	0
5	101500001	0.960262	1.00375	2	0	0
5	102000001	0.976088	1.00375	2	0	0
5	102500001	1.00375	1.00375	2	0	0
5	103000001	1.03954	1.00375	2	0	0
5	103500001	1.05002	1.00375	2	0	0
5	104000001	1.02623	1.00375	2	0	0
5	104500001	1.01303	1.00375	2	0	0
5	105000001	1.03621	1.00375	2	0	0
5	105500001	1.04455	1.00375	2	0	0
5	106000001	1.03151	1.00375	2	0	0
5	106500001	1.02731	1.00375	2	0	0
5	107000001	1.46556	1.00375	2	0	0
5	107500001	1.05623	1.00375	2	0	0
5	108000001	1.00867	1.00375	2	0	0
5	108500001	0.967535	1.00375	2	0	0
5	109000001	1.00326	1.00375	2	0	0
5	109500001	1.00773	1.00375	2	0	0
5	110000001	0.993375	1.00375	2	0	0
5	110500001	1.04186	1.00375	2	0	0
5	111000001	1.00234	1.00375	2	0	0
5	111500001	0.957634	1.00375	2	0	0
5	112000001	1.00946	1.00375	2	0	0
5	112500001	1.16742	1.00375	2	0	0
5	113000001	1.09559	1.00375	2	0	0
5	113500001	1.04755	1.00375	2	0	0
5	114000001	0.965151	1.00375	2	0	0
5	114500001	0.962212	1.00375	2	0	0
5	115000001	1.03692	1.00375	2	0	0
5	115500001	1.05062	1.00375	2	0	0
5	116000001	0.991785	1.00375	2	0	0
5	116500001	0.939393	1.00375	2	0	0
5	117000001	0.955276	1.00375	2	0	0
5	117500001	0.940471	1.00375	2	0	0
5	118000001	0.927176	1.00375	2	0	0
5	118500001	0.954946	1.00375	2	0	0
5	119000001	0.997607	1.00375	2	0	0
5	119500001	0.988141	1.00375	2	0	0
5	120000001	0.984662	1.00375	2	0	0
5	120500001	1.00415	1.00375	2	0	0
5	121000001	0.959054	1.00375	2	0	0
5	121500001	0.993344	1.00375	2	0	0
5	122000001	1.01014	1.00375	2	0	0
5	122500001	1.00843	1.00375	2	0	0
5	123000001	1.00224	1.00375	2	0	0
5	123500001	1.03582	1.00375	2	0	0
5	124000001	1.04161	1.00375	2	0	0
5	124500001	0.989801	1.00375	2	0	0
5	125000001	1.06192	1.00375	2	0	0
5	125500001	1.03211	1.00375	2	0	0
5	126000001	1.06067	1.00375	2	0	0
5	126500001	1.01421	1.00375	2	0	0
5	127000001	0.994674	1.00375	2	0	0
5	127500001	1.03745	1.00375	2	0	0
5	128000001	1.03261	1.00375	2	0	0
5	128500001	0.976374	1.00375	2	0	0
5	129000001	0.9854	1.00375	2	0	0
5	129500001	0.948947	1.00375	2	0	0
5	130000001	0.960743	1.00375	2	0	0
5	130500001	0.994818	1.00375	2	0	0
5	131000001	1.06217	1.00375	2	0	0
5	131500001	1.01618	1.00375	2	0	0
5	132000001	1.02745	1.00375	2	0	0
5	132500001	1.03083	1.00375	2	0	0
5	133000001	1.0184	1.00375	2	0	0
5	133500001	1.02274	1.00375	2	0	0
5	134000001	0.992809	1.00375	2	0	0
5	134500001	1.02408	1.00375	2	0	0
5	135000001	1.02263	1.00375	2	0	0
5	135500001	0.987173	1.00375	2	0	0
5	136000001	1.00506	1.00375	2	0	0
5	136500001	1.02183	1.00375	2	0	0
5	137000001	0.966563	1.00375	2	0	0
5	137500001	1.01516	1.00375	2	0	0
5	138000001	1.03503	1.00375	2	0	0
5	138500001	1.0198	1.00375	2	0	0
5	139000001	1.00519	1.00375	2	0	0
5	139500001	0.973185	1.00375	2	0	0
5	140000001	1.05246	1.00375	2	0	0
5	140500001	0.966445	1.00375	2	0	0
5	141000001	0.964446	1.00375	2	0	0
5	141500001	1.03023	1.00375	2	0	0
5	142000001	1.02058	1.00375	2	0	0
5	142500001	1.03046	1.00375	2	0	0
5	143000001	1.0622	1.00375	2	0	0
5	143500001	1.07489	1.00375	2	0	0
5	144000001	1.07096	1.00375	2	0	0
5	144500001	0.987717	1.00375	2	0	0
5	145000001	1.00775	1.00375	2	0	0
5	145500001	1.00772	1.00375	2	0	0
5	146000001	1.04489	1.00375	2	0	0
5	146500001	0.997451	1.00375	2	0	0
5	147000001	0.976536	1.00375	2	0	0
5	147500001	1.01733	1.00375	2	0	0
5	148000001	1.03455	1.00375	2	0	0
5	148500001	1.08906	1.00375	2	0	0
5	149000001	1.06565	1.00375	2	0	0
5	149500001	1.01169	1.00375	2	0	0
5	150000001	1.03148	1.00375	2	0	0
5	150500001	0.987854	1.00375	2	0	0
5	151000001	1.01517	1.00375	2	0	0
5	151500001	1.0279	1.00375	2	0	0
5	152000001	0.964814	1.00375	2	0	0
5	152500001	0.938526	1.00375	2	0	0
5	153000001	0.981656	1.00375	2	0	0
5	153500001	0.960727	1.00375	2	0	0
5	154000001	0.958662	1.00375	2	0	0
5	154500001	0.916468	1.00375	2	0	0
5	155000001	0.973991	1.00375	2	0	0
5	155500001	0.954885	1.00375	2	0	0
5	156000001	0.951639	1.00375	2	0	0
5	156500001	0.8969	1.00375	2	0	0
5	157000001	0.941798	1.00375	2	0	0
5	157500001	0.947432	1.00375	2	0	0
5	158000001	0.940721	1.00375	2	0	0
5	158500001	0.964257	1.00375	2	0	0
5	159000001	0.970882	1.00375	2	0	0
5	159500001	1.03318	1.00375	2	0	0
5	160000001	1.00162	1.00375	2	0	0
5	160500001	0.98757	1.00375	2	0	0
5	161000001	0.960158	1.00375	2	0	0
5	161500001	0.939299	1.00375	2	0	0
5	162000001	0.916258	1.00375	2	0	0
5	162500001	0.946211	1.00375	2	0	0
5	163000001	0.940678	1.00375	2	0	0
5	163500001	0.961396	1.00375	2	0	0
5	164000001	0.912483	1.00375	2	0	0
5	164500001	0.943968	1.00375	2	0	0
5	165000001	0.878568	1.00375	2	0	0
5	165500001	0.923858	1.00375	2	0	0
5	166000001	0.940655	1.00375	2	0	0
5	166500001	0.927424	1.00375	2	0	0
5	167000001	1.02171	1.00375	2	0	0
5	167500001	1.01135	1.00375	2	0	0
5	168000001	1.0234	1.00375	2	0	0
5	168500001	1.01286	1.00375	2	0	0
5	169000001	0.936288	1.00375	2	0	0
5	169500001	0.997964	1.00375	2	0	0
5	170000001	1.00525	1.00375	2	0	0
5	170500001	0.974351	1.00375	2	0	0
5	171000001	0.978136	1.00375	2	0	0
5	171500001	1.0004	1.00375	2	0	0
5	172000001	1.00322	1.00375	2	0	0
5	172500001	1.03251	1.00375	2	0	0
5	173000001	1.00452	1.00375	2	0	0
5	173500001	0.998582	1.00375	2	0	0
5	174000001	0.946386	1.00375	2	0	0
5	174500001	0.977914	1.00375	2	0	0
5	175000001	0.963327	1.00375	2	0	0
5	175500001	0.954266	1.00375	2	0	0
5	176000001	1.00189	1.00375	2	0	0
5	176500001	0.939619	1.00375	2	0	0
5	177000001	0.976537	1.00375	2	0	0
5	177500001	0.968778	1.00375	2	0	0
5	178000001	0.916041	1.00375	2	0	0
5	178500001	0.927704	1.00375	2	0	0
5	179000001	0.897869	1.00375	2	0	0
5	179500001	0.944658	1.00375	2	0	0
5	180000001	0.955712	1.00375	2	0	0
5	180500001	0.935179	1.00375	2	0	0
5	181000001	0.970624	1.00375	2	0	0
5	181500001	-1	-1	-1	0	0
6	1	2.02175	1.98679	4	0	0
6	500001	1.99903	1.98679	4	0	0
6	1000001	2.05909	1.98679	4	0	0
6	1500001	2.04161	1.98679	4	0	0
6	2000001	2.03239	1.98679	4	0	0
6	2500001	2.04157	1.98679	4	0	0
6	3000001	1.98679	1.98679	4	0	0
6	3500001	2.01752	1.98679	4	0	0
6	4000001	2.04087	1.98679	4	0	0
6	4500001	1.91527	1.98679	4	0	0
6	5000001	1.95701	1.98679	4	0	0
6	5500001	1.92563	1.98679	4	0	0
6	6000001	1.96363	1.98679	4	0	0
6	6500001	1.97122	1.98679	4	0	0
6	7000001	2.00701	1.98679	4	0	0
6	7500001	2.06537	1.98679	4	0	0
6	8000001	1.95903	1.98679	4	0	0
6	8500001	1.87427	1.98679	4	0	0
6	9000001	1.9375	1.98679	4	0	0
6	9500001	1.96326	1.98679	4	0	0
6	10000001	1.98271	1.98679	4	0	0
6	10500001	1.97299	1.98679	4	0	0
6	11000001	2.13506	1.98679	4	0	0
6	11500001	2.57098	2.57098	5	0	0
6	12000001	3.03683	3.03683	6	0	0
6	12500001	2.97984	2.97984	6	0	0
6	13000001	2.07943	1.98788	4	0	0
6	13500001	1.95225	1.98788	4	0	0
6	14000001	1.97292	1.98788	4	0	0
6	14500001	1.98788	1.98788	4	0	0
6	15000001	1.93634	1.98788	4	0	0
6	15500001	1.86668	1.98788	4	0	0
6	16000001	1.95306	1.98788	4	0	0
6	16500001	2.04453	1.98788	4	0	0
6	17000001	1.97618	1.98788	4	0	0
6	17500001	2.0565	1.98788	4	0	0
6	18000001	2.08262	1.98788	4	0	0
6	18500001	2.05027	1.98788	4	0	0
6	19000001	2.0392	1.98788	4	0	0
6	19500001	1.9323	1.98788	4	0	0
6	20000001	2.06131	1.98788	4	0	0
6	20500001	1.78959	1.78959	4	0	0
6	21000001	1.49327	1.39845	3	0	0
6	21500001	1.40837	1.39845	3	0	0
6	22000001	1.46493	1.39845	3	0	0
6	22500001	1.24316	1.39845	3	0	0
6	23000001	1.3593	1.39845	3	0	0
6	23500001	1.2803	1.39845	3	0	0
6	24000001	1.42564	1.39845	3	0	0
6	24500001	1.46104	1.39845	3	0	0
6	25000001	1.49091	1.39845	3	0	0
6	25500001	1.46352	1.39845	3	0	0
6	26000001	1.37199	1.39845	3	0	0
6	26500001	1.33385	1.39845	3	0	0
6	27000001	1.38306	1.39845	3	0	0
6	27500001	1.38439	1.39845	3	0	0
6	28000001	1.4744	1.39845	3	0	0
6	28500001	1.38852	1.39845	3	0	0
6	29000001	1.44916	1.39845	3	0	0
6	29500001	1.38359	1.39845	3	0	0
6	30000001	1.52817	1.50763	3	0	0
6	30500001	1.50228	1.50763	3	0	0
6	31000001	1.48572	1.50763	3	0	0
6	31500001	1.48622	1.50763	3	0	0
6	32000001	1.47164	1.50763	3	0	0
6	32500001	1.32607	1.50763	3	0	0
6	33000001	1.49961	1.50763	3	0	0
6	33500001	1.55686	1.50763	3	0	0
6	34000001	1.48411	1.50763	3	0	0
6	34500001	1.55811	1.50763	3	0	0
6	35000001	1.51299	1.50763	3	0	0
6	35500001	1.54558	1.50763	3	0	0
6	36000001	1.57554	1.50763	3	0	0
6	36500001	1.558	1.50763	3	0	0
6	37000001	1.53935	1.50763	3	0	0
6	37500001	1.54494	1.50763	3	0	0
6	38000001	1.53273	1.50763	3	0	0
6	38500001	1.54405	1.50763	3	0	0
6	39000001	1.48523	1.50763	3	0	0
6	39500001	1.39326	1.50763	3	0	0
6	40000001	1.40319	1.50763	3	0	0
6	40500001	1.40338	1.50763	3	0	0
6	41000001	1.4553	1.50763	3	0	0
6	41500001	1.66659	1.50763	3	0	0
6	42000001	1.02766	1.01043	2	0	0
6	42500001	1.02315	1.01043	2	0	0
6	43000001	1.01357	1.01043	2	0	0
6	43500001	1.009	1.01043	2	0	0
6	44000001	0.978175	1.01043	2	0	0
6	44500001	0.97954	1.01043	2	0	0
6	45000001	1.00266	1.01043	2	0	0
6	45500001	1.03041	1.01043	2	0	0
6	46000001	0.982498	1.01043	2	0	0
6	46500001	1.03535	1.01043	2	0	0
6	47000001	1.09629	1.01043	2	0	0
6	47500001	1.02712	1.01043	2	0	0
6	48000001	1.00385	1.01043	2	0	0
6	48500001	1.02476	1.01043	2	0	0
6	49000001	1.00257	1.01043	2	0	0
6	49500001	0.995291	1.01043	2	0	0
6	50000001	0.997901	1.01043	2	0	0
6	50500001	0.924865	1.01043	2	0	0
6	51000001	0.948298	1.01043	2	0	0
6	51500001	0.911274	1.01043	2	0	0
6	52000001	1.01043	1.01043	2	0	0
6	52500001	1.00444	1.01043	2	0	0
6	53000001	0.98977	1.01043	2	0	0
6	53500001	1.06768	1.01043	2	0	0
6	54000001	1.01351	1.01043	2	0	0
6	54500001	1.05648	1.01043	2	0	0
6	55000001	1.01815	1.01043	2	0	0
6	55500001	1.03716	1.01043	2	0	0
6	56000001	1.04979	1.01043	2	0	0
6	56500001	1.026	1.01043	2	0	0
6	57000001	1.00956	1.01043	2	0	0
6	57500001	0.995058	1.01043	2	0	0
6	58000001	1.02957	1.01043	2	0	0
6	58500001	3.00652	2.9529	6	0	0
6	59000001	2.89927	2.9529	6	0	0
6	59500001	-1	-1	-1	0	0
6	60000001	-1	-1	-1	0	0
6	60500001	1.8043	1.74661	3	0	0
6	61000001	1.74661	1.74661	3	0	0
6	61500001	1.50765	1.74661	3	0	0
6	62000001	2.24385	2.24385	4	0	0
6	62500001	1.59918	1.43371	3	0	0
6	63000001	1.42102	1.43371	3	0	0
6	63500001	1.48292	1.43371	3	0	0
6	64000001	1.40198	1.43371	3	0	0
6	64500001	1.39912	1.43371	3	0	0
6	65000001	1.4342	1.43371	3	0	0
6	65500001	1.42163	1.43371	3	0	0
6	66000001	1.44055	1.43371	3	0	0
6	66500001	1.39078	1.43371	3	0	0
6	67000001	1.39854	1.43371	3	0	0
6	67500001	1.39754	1.43371	3	0	0
6	68000001	1.38993	1.43371	3	0	0
6	68500001	1.35617	1.43371	3	0	0
6	69000001	1.37551	1.43371	3	0	0
6	69500001	1.37708	1.43371	3	0	0
6	70000001	1.40256	1.43371	3	0	0
6	70500001	1.35357	1.43371	3	0	0
6	71000001	1.42288	1.43371	3	0	0
6	71500001	1.41402	1.43371	3	0	0
6	72000001	1.46123	1.43371	3	0	0
6	72500001	1.45225	1.43371	3	0	0
6	73000001	1.46335	1.43371	3	0	0
6	73500001	1.48367	1.43371	3	0	0
6	74000001	1.5251	1.43371	3	0	0
6	74500001	1.56182	1.43371	3	0	0
6	75000001	1.57831	1.43371	3	0	0
6	75500001	1.51631	1.43371	3	0	0
6	76000001	1.44529	1.43371	3	0	0
6	76500001	1.33147	1.43371	3	0	0
6	77000001	1.41675	1.43371	3	0	0
6	77500001	1.42161	1.43371	3	0	0
6	78000001	1.40991	1.43371	3	0	0
6	78500001	1.43858	1.43371	3	0	0
6	79000001	1.544	1.43371	3	0	0
6	79500001	1.50636	1.43371	3	0	0
6	80000001	1.48548	1.43371	3	0	0
6	80500001	1.43773	1.43371	3	0	0
6	81000001	1.4061	1.43371	3	0	0
6	81500001	1.49442	1.43371	3	0	0
6	82000001	1.50352	1.43371	3	0	0
6	82500001	1.2843	1.43371	3	0	0
6	83000001	1.44154	1.43371	3	0	0
6	83500001	1.51577	1.43371	3	0	0
6	84000001	1.45872	1.43371	3	0	0
6	84500001	1.41556	1.43371	3	0	0
6	85000001	1.5	1.43371	3	0	0
6	85500001	1.43371	1.43371	3	0	0
6	86000001	1.37578	1.43371	3	0	0
6	86500001	1.43352	1.43371	3	0	0
6	87000001	1.49808	1.43371	3	0	0
6	87500001	1.53479	1.43371	3	0	0
6	88000001	1.41812	1.43371	3	0	0
6	88500001	1.45293	1.43371	3	0	0
6	89000001	1.38742	1.43371	3	0	0
6	89500001	1.38433	1.43371	3	0	0
6	90000001	1.40837	1.43371	3	0	0
6	90500001	1.42009	1.43371	3	0	0
6	91000001	1.44328	1.43371	3	0	0
6	91500001	1.44874	1.43371	3	0	0
6	92000001	1.41732	1.43371	3	0	0
6	92500001	1.39954	1.43371	3	0	0
6	93000001	1.42357	1.43371	3	0	0
6	93500001	1.43077	1.43371	3	0	0
6	94000001	1.45831	1.43371	3	0	0
6	94500001	1.48134	1.43371	3	0	0
6	95000001	1.47273	1.43371	3	0	0
6	95500001	1.46227	1.43371	3	0	0
6	96000001	1.50729	1.43371	3	0	0
6	96500001	1.41652	1.43371	3	0	0
6	97000001	1.39433	1.43371	3	0	0
6	97500001	1.39858	1.43371	3	0	0
6	98000001	1.37411	1.43371	3	0	0
6	98500001	1.38198	1.43371	3	0	0
6	99000001	1.42851	1.43371	3	0	0
6	99500001	1.41469	1.43371	3	0	0
6	100000001	1.55123	1.43371	3	0	0
6	100500001	1.51735	1.43371	3	0	0
6	101000001	1.54875	1.43371	3	0	0
6	101500001	1.48164	1.43371	3	0	0
6	102000001	1.46354	1.43371	3	0	0
6	102500001	1.42257	1.43371	3	0	0
6	103000001	1.35345	1.43371	3	0	0
6	103500001	1.43818	1.43371	3	0	0
6	104000001	1.39658	1.43371	3	0	0
6	104500001	1.49219	1.43371	3	0	0
6	105000001	1.52625	1.43371	3	0	0
6	105500001	1.46771	1.43371	3	0	0
6	106000001	1.49275	1.43371	3	0	0
6	106500001	1.49944	1.43371	3	0	0
6	107000001	1.44391	1.43371	3	0	0
6	107500001	1.43049	1.43371	3	0	0
6	108000001	1.41871	1.43371	3	0	0
6	108500001	1.50303	1.43371	3	0	0
6	109000001	1.45675	1.43371	3	0	0
6	109500001	1.44236	1.43371	3	0	0
6	110000001	1.43416	1.43371	3	0	0
6	110500001	1.4142	1.43371	3	0	0
6	111000001	1.45039	1.43371	3	0	0
6	111500001	1.45714	1.43371	3	0	0
6	112000001	1.50009	1.43371	3	0	0
6	112500001	1.46573	1.43371	3	0	0
6	113000001	1.52669	1.43371	3	0	0
6	113500001	1.52129	1.43371	3	0	0
6	114000001	1.41203	1.43371	3	0	0
6	114500001	1.37183	1.43371	3	0	0
6	115000001	1.35483	1.43371	3	0	0
6	115500001	1.44822	1.43371	3	0	0
6	116000001	1.46859	1.43371	3	0	0
6	116500001	1.40442	1.43371	3	0	0
6	117000001	1.38381	1.43371	3	0	0
6	117500001	1.37686	1.43371	3	0	0
6	118000001	1.35494	1.43371	3	0	0
6	118500001	1.38837	1.43371	3	0	0
6	119000001	1.36659	1.43371	3	0	0
6	119500001	1.39987	1.43371	3	0	0
6	120000001	1.38319	1.43371	3	0	0
6	120500001	1.38673	1.43371	3	0	0
6	121000001	1.44099	1.43371	3	0	0
6	121500001	1.45617	1.43371	3	0	0
6	122000001	1.42912	1.43371	3	0	0
6	122500001	1.44795	1.43371	3	0	0
6	123000001	1.39378	1.43371	3	0	0
6	123500001	1.33922	1.43371	3	0	0
6	124000001	1.3904	1.43371	3	0	0
6	124500001	1.47322	1.43371	3	0	0
6	125000001	1.9327	2.05361	4	0	0
6	125500001	2.17451	2.05361	4	0	0
6	126000001	1.4972	1.4961	3	0	0
6	126500001	1.40319	1.4961	3	0	0
6	127000001	1.43239	1.4961	3	0	0
6	127500001	1.49499	1.4961	3	0	0
6	128000001	1.50059	1.4961	3	0	0
6	128500001	1.65554	1.4961	3	0	0
6	129000001	2.02106	2.02106	4	0	0
6	129500001	1.64851	1.4454	3	0	0
6	130000001	1.3848	1.4454	3	0	0
6	130500001	1.38927	1.4454	3	0	0
6	131000001	1.35292	1.4454	3	0	0
6	131500001	1.36897	1.4454	3	0	0
6	132000001	1.42863	1.4454	3	0	0
6	132500001	1.44108	1.4454	3	0	0
6	133000001	1.44121	1.4454	3	0	0
6	133500001	1.47916	1.4454	3	0	0
6	134000001	1.46845	1.4454	3	0	0
6	134500001	1.48281	1.4454	3	0	0
6	135000001	1.41398	1.4454	3	0	0
6	135500001	1.40612	1.4454	3	0	0
6	136000001	1.48057	1.4454	3	0	0
6	136500001	1.44986	1.4454	3	0	0
6	137000001	1.46819	1.4454	3	0	0
6	137500001	1.52406	1.4454	3	0	0
6	138000001	1.50467	1.4454	3	0	0
6	138500001	1.46127	1.4454	3	0	0
6	139000001	1.43511	1.4454	3	0	0
6	139500001	1.50744	1.4454	3	0	0
6	140000001	1.48196	1.4454	3	0	0
6	140500001	1.5388	1.4454	3	0	0
6	141000001	1.42181	1.4454	3	0	0
6	141500001	1.45684	1.4454	3	0	0
6	142000001	1.55288	1.4454	3	0	0
6	142500001	1.47798	1.4454	3	0	0
6	143000001	1.4993	1.4454	3	0	0
6	143500001	1.45709	1.4454	3	0	0
6	144000001	1.40627	1.4454	3	0	0
6	144500001	1.51887	1.4454	3	0	0
6	145000001	1.43568	1.4454	3	0	0
6	145500001	1.42764	1.4454	3	0	0
6	146000001	1.402	1.4454	3	0	0
6	146500001	1.50448	1.4454	3	0	0
6	147000001	1.50275	1.4454	3	0	0
6	147500001	1.43737	1.4454	3	0	0
6	148000001	1.38996	1.4454	3	0	0
6	148500001	1.41443	1.4454	3	0	0
6	149000001	1.46328	1.4454	3	0	0
6	149500001	1.36737	1.4454	3	0	0
6	150000001	1.46019	1.4454	3	0	0
6	150500001	1.44049	1.4454	3	0	0
6	151000001	1.3932	1.4454	3	0	0
6	151500001	1.48589	1.4454	3	0	0
6	152000001	1.4356	1.4454	3	0	0
6	152500001	1.45178	1.4454	3	0	0
6	153000001	1.45188	1.4454	3	0	0
6	153500001	1.44554	1.4454	3	0	0
6	154000001	1.4454	1.4454	3	0	0
6	154500001	1.45305	1.4454	3	0	0
6	155000001	1.42475	1.4454	3	0	0
6	155500001	1.34284	1.4454	3	0	0
6	156000001	1.37574	1.4454	3	0	0
6	156500001	1.41009	1.4454	3	0	0
6	157000001	1.49549	1.4454	3	0	0
6	157500001	1.44661	1.4454	3	0	0
6	158000001	1.42593	1.4454	3	0	0
6	158500001	1.43393	1.4454	3	0	0
6	159000001	1.43018	1.4454	3	0	0
6	159500001	1.40161	1.4454	3	0	0
6	160000001	1.42652	1.4454	3	0	0
6	160500001	1.59517	1.4454	3	0	0
6	161000001	1.39413	1.34773	3	0	0
6	161500001	1.31732	1.34773	3	0	0
6	162000001	1.31388	1.34773	3	0	0
6	162500001	1.36722	1.34773	3	0	0
6	163000001	1.38126	1.34773	3	0	0
6	163500001	1.35822	1.34773	3	0	0
6	164000001	1.28378	1.34773	3	0	0
6	164500001	1.28023	1.34773	3	0	0
6	165000001	1.2682	1.34773	3	0	0
6	165500001	1.28123	1.34773	3	0	0
6	166000001	1.34751	1.34773	3	0	0
6	166500001	1.34773	1.34773	3	0	0
6	167000001	1.39794	1.34773	3	0	0
6	167500001	1.33891	1.34773	3	0	0
6	168000001	1.35054	1.34773	3	0	0
6	168500001	1.36842	1.34773	3	0	0
6	169000001	1.34765	1.34773	3	0	0
6	169500001	1.40418	1.34773	3	0	0
6	170000001	1.35239	1.34773	3	0	0
6	170500001	-1	-1	-1	0	0
7	1	1.98544	1.92141	4	0	0
7	500001	1.92141	1.92141	4	0	0
7	1000001	1.90868	1.92141	4	0	0
7	1500001	1.93596	1.92141	4	0	0
7	2000001	1.99087	1.92141	4	0	0
7	2500001	1.98541	1.92141	4	0	0
7	3000001	1.92862	1.92141	4	0	0
7	3500001	1.86062	1.92141	4	0	0
7	4000001	1.80576	1.92141	4	0	0
7	4500001	1.83903	1.92141	4	0	0
7	5000001	1.90012	1.92141	4	0	0
7	5500001	1.96996	1.92141	4	0	0
7	6000001	1.9717	1.92141	4	0	0
7	6500001	1.87842	1.92141	4	0	0
7	7000001	2.01274	1.92141	4	0	0
7	7500001	2.0362	1.92141	4	0	0
7	8000001	2.00597	1.92141	4	0	0
7	8500001	1.89076	1.92141	4	0	0
7	9000001	1.90613	1.92141	4	0	0
7	9500001	1.87421	1.92141	4	0	0
7	10000001	1.86156	1.92141	4	0	0
7	10500001	1.82946	1.92141	4	0	0
7	11000001	1.95914	1.92141	4	0	0
7	11500001	1.99088	2.05019	4	0	0
7	12000001	2.0452	2.05019	4	0	0
7	12500001	2.09195	2.05019	4	0	0
7	13000001	2.05517	2.05019	4	0	0
7	13500001	1.48037	1.4987	3	0	0
7	14000001	1.46123	1.4987	3	0	0
7	14500001	1.51011	1.4987	3	0	0
7	15000001	1.47971	1.4987	3	0	0
7	15500001	1.52533	1.4987	3	0	0
7	16000001	1.59373	1.4987	3	0	0
7	16500001	1.61063	1.4987	3	0	0
7	17000001	1.6282	1.4987	3	0	0
7	17500001	1.62747	1.4987	3	0	0
7	18000001	1.54094	1.4987	3	0	0
7	18500001	1.44343	1.4987	3	0	0
7	19000001	1.40969	1.4987	3	0	0
7	19500001	1.6024	1.4987	3	0	0
7	20000001	1.5667	1.4987	3	0	0
7	20500001	1.48774	1.4987	3	0	0
7	21000001	1.4987	1.4987	3	0	0
7	21500001	1.47716	1.4987	3	0	0
7	22000001	1.55318	1.4987	3	0	0
7	22500001	1.53359	1.4987	3	0	0
7	23000001	1.53414	1.4987	3	0	0
7	23500001	1.4827	1.4987	3	0	0
7	24000001	1.4704	1.4987	3	0	0
7	24500001	1.4795	1.4987	3	0	0
7	25000001	1.53405	1.4987	3	0	0
7	25500001	1.49243	1.4987	3	0	0
7	26000001	1.44519	1.4987	3	0	0
7	26500001	1.569	1.4987	3	0	0
7	27000001	1.48597	1.4987	3	0	0
7	27500001	1.42548	1.4987	3	0	0
7	28000001	0.961047	0.964427	2	0	0
7	28500001	0.943955	0.964427	2	0	0
7	29000001	1.01846	0.964427	2	0	0
7	29500001	1.00595	0.964427	2	0	0
7	30000001	1.06713	0.964427	2	0	0
7	30500001	1.02103	0.964427	2	0	0
7	31000001	0.942607	0.964427	2	0	0
7	31500001	0.951797	0.964427	2	0	0
7	32000001	0.947838	0.964427	2	0	0
7	32500001	0.956841	0.964427	2	0	0
7	33000001	1.03962	0.964427	2	0	0
7	33500001	0.975994	0.964427	2	0	0
7	34000001	0.959272	0.964427	2	0	0
7	34500001	0.9648	0.964427	2	0	0
7	35000001	0.945093	0.964427	2	0	0
7	35500001	0.964054	0.964427	2	0	0
7	36000001	0.999607	0.964427	2	0	0
7	36500001	1.00495	0.964427	2	0	0
7	37000001	0.945006	0.964427	2	0	0
7	37500001	0.931344	0.964427	2	0	0
7	38000001	0.946368	0.964427	2	0	0
7	38500001	1.00294	0.964427	2	0	0
7	39000001	0.981494	0.964427	2	0	0
7	39500001	1.01211	0.964427	2	0	0
7	40000001	0.982455	0.964427	2	0	0
7	40500001	1.03209	0.964427	2	0	0
7	41000001	1.06232	0.964427	2	0	0
7	41500001	1.00518	0.964427	2	0	0
7	42000001	0.947968	0.964427	2	0	0
7	42500001	0.985324	0.964427	2	0	0
7	43000001	0.959635	0.964427	2	0	0
7	43500001	1.04121	0.964427	2	0	0
7	44000001	0.986823	0.964427	2	0	0
7	44500001	0.975796	0.964427	2	0	0
7	45000001	1.00176	0.964427	2	0	0
7	45500001	0.980023	0.964427	2	0	0
7	46000001	1.08609	0.964427	2	0	0
7	46500001	1.04387	0.964427	2	0	0
7	47000001	1.04645	0.964427	2	0	0
7	47500001	1.00422	0.964427	2	0	0
7	48000001	0.945357	0.964427	2	0	0
7	48500001	0.94096	0.964427	2	0	0
7	49000001	0.916406	0.964427	2	0	0
7	49500001	0.926303	0.964427	2	0	0
7	50000001	0.883718	0.964427	2	0	0
7	50500001	0.914672	0.964427	2	0	0
7	51000001	0.908432	0.964427	2	0	0
7	51500001	0.941181	0.964427	2	0	0
7	52000001	0.86389	0.964427	2	0	0
7	52500001	0.93154	0.964427	2	0	0
7	53000001	0.953448	0.964427	2	0	0
7	53500001	0.92667	0.964427	2	0	0
7	54000001	0.989298	0.964427	2	0	0
7	54500001	1.07852	0.964427	2	0	0
7	55000001	1.06033	0.964427	2	0	0
7	55500001	0.948229	0.964427	2	0	0
7	56000001	0.950045	0.964427	2	0	0
7	56500001	0.90784	0.964427	2	0	0
7	57000001	0.800641	0.964427	2	0	0
7	57500001	0.97871	0.964427	2	0	0
7	58000001	1.46503	1.12521	2	0	0
7	58500001	1.15374	1.12521	2	0	0
7	59000001	1.01923	1.12521	2	0	0
7	59500001	1.10864	1.12521	2	0	0
7	60000001	0.978208	1.12521	2	0	0
7	60500001	1.50966	1.12521	2	0	0
7	61000001	1.01185	1.12521	2	0	0
7	61500001	-1	1.12521	2	0	0
7	62000001	1.14178	1.12521	2	0	0
7	62500001	1.00195	0.912568	2	0	0
7	63000001	0.869261	0.912568	2	0	0
7	63500001	0.853712	0.912568	2	0	0
7	64000001	0.886536	0.912568	2	0	0
7	64500001	0.877773	0.912568	2	0	0
7	65000001	0.912568	0.912568	2	0	0
7	65500001	1.03289	0.912568	2	0	0
7	66000001	0.956135	0.912568	2	0	0
7	66500001	0.974559	0.912568	2	0	0
7	67000001	0.954701	0.912568	2	0	0
7	67500001	0.905463	0.912568	2	0	0
7	68000001	0.871021	0.912568	2	0	0
7	68500001	0.885875	0.912568	2	0	0
7	69000001	0.861389	0.912568	2	0	0
7	69500001	0.937231	0.912568	2	0	0
7	70000001	0.96198	0.912568	2	0	0
7	70500001	0.928912	0.912568	2	0	0
7	71000001	0.890156	0.912568	2	0	0
7	71500001	0.860683	0.912568	2	0	0
7	72000001	0.936506	0.912568	2	0	0
7	72500001	0.944722	0.912568	2	0	0
7	73000001	1.03055	1.0118	2	0	0
7	73500001	1.00274	1.0118	2	0	0
7	74000001	1.00093	1.0118	2	0	0
7	74500001	1.01565	1.0118	2	0	0
7	75000001	0.954506	1.0118	2	0	0
7	75500001	0.977386	1.0118	2	0	0
7	76000001	0.994511	1.0118	2	0	0
7	76500001	1.02762	1.0118	2	0	0
7	77000001	1.02621	1.0118	2	0	0
7	77500001	0.99439	1.0118	2	0	0
7	78000001	1.00543	1.0118	2	0	0
7	78500001	0.983379	1.0118	2	0	0
7	79000001	1.02278	1.0118	2	0	0
7	79500001	1.05608	1.0118	2	0	0
7	80000001	1.13959	1.0118	2	0	0
7	80500001	1.09464	1.0118	2	0	0
7	81000001	1.04197	1.0118	2	0	0
7	81500001	1.05623	1.0118	2	0	0
7	82000001	0.992053	1.0118	2	0	0
7	82500001	1.0377	1.0118	2	0	0
7	83000001	1.0456	1.0118	2	0	0
7	83500001	1.05579	1.0118	2	0	0
7	84000001	1.07624	1.0118	2	0	0
7	84500001	1.06583	1.0118	2	0	0
7	85000001	1.05656	1.0118	2	0	0
7	85500001	1.02536	1.0118	2	0	0
7	86000001	0.990011	1.0118	2	0	0
7	86500001	0.988265	1.0118	2	0	0
7	87000001	1.01234	1.0118	2	0	0
7	87500001	1.00958	1.0118	2	0	0
7	88000001	1.0118	1.0118	2	0	0
7	88500001	0.98355	1.0118	2	0	0
7	89000001	0.980747	1.0118	2	0	0
7	89500001	0.951005	1.0118	2	0	0
7	90000001	1.00057	1.0118	2	0	0
7	90500001	1.07493	1.0118	2	0	0
7	91000001	1.02051	1.0118	2	0	0
7	91500001	1.06136	1.0118	2	0	0
7	92000001	1.03187	1.0118	2	0	0
7	92500001	1.09546	1.0118	2	0	0
7	93000001	1.0731	1.0118	2	0	0
7	93500001	1.02781	1.0118	2	0	0
7	94000001	0.987231	1.0118	2	0	0
7	94500001	0.992801	1.0118	2	0	0
7	95000001	0.966593	1.0118	2	0	0
7	95500001	0.976334	1.0118	2	0	0
7	96000001	0.990176	1.0118	2	0	0
7	96500001	0.989682	1.0118	2	0	0
7	97000001	0.935156	1.0118	2	0	0
7	97500001	0.995824	1.0118	2	0	0
7	98000001	0.947265	1.0118	2	0	0
7	98500001	0.989164	1.0118	2	0	0
7	99000001	1.0132	1.0118	2	0	0
7	99500001	1.05592	1.0118	2	0	0
7	100000001	0.970748	1.0118	2	0	0
7	100500001	1.07903	1.0118	2	0	0
7	101000001	0.963388	1.0118	2	0	0
7	101500001	0.983595	1.0118	2	0	0
7	102000001	1.08257	1.0118	2	0	0
7	102500001	1.66474	1.66474	3	0	0
7	103000001	1.02749	1.02138	2	0	0
7	103500001	0.995129	1.02138	2	0	0
7	104000001	0.985642	1.02138	2	0	0
7	104500001	1.01759	1.02138	2	0	0
7	105000001	1.00704	1.02138	2	0	0
7	105500001	1.02072	1.02138	2	0	0
7	106000001	1.08284	1.02138	2	0	0
7	106500001	0.970171	1.02138	2	0	0
7	107000001	0.999648	1.02138	2	0	0
7	107500001	1.02224	1.02138	2	0	0
7	108000001	1.07176	1.02138	2	0	0
7	108500001	0.963338	1.02138	2	0	0
7	109000001	1.02654	1.02138	2	0	0
7	109500001	1.05663	1.02138	2	0	0
7	110000001	1.02972	1.02138	2	0	0
7	110500001	1.02205	1.02138	2	0	0
7	111000001	0.713355	0.676049	1	0	0
7	111500001	0.638743	0.676049	1	0	0
7	112000001	0.980959	0.988879	2	0	0
7	112500001	1.02797	0.988879	2	0	0
7	113000001	0.971175	0.988879	2	0	0
7	113500001	0.967128	0.988879	2	0	0
7	114000001	1.01654	0.988879	2	0	0
7	114500001	1.0567	0.988879	2	0	0
7	115000001	1.03301	0.988879	2	0	0
7	115500001	1.09432	0.988879	2	0	0
7	116000001	1.14376	0.988879	2	0	0
7	116500001	1.13029	0.988879	2	0	0
7	117000001	1.02998	0.988879	2	0	0
7	117500001	0.98023	0.988879	2	0	0
7	118000001	0.957904	0.988879	2	0	0
7	118500001	0.980956	0.988879	2	0	0
7	119000001	0.962905	0.988879	2	0	0
7	119500001	0.987134	0.988879	2	0	0
7	120000001	0.985528	0.988879	2	0	0
7	120500001	1.0083	0.988879	2	0	0
7	121000001	1.08035	0.988879	2	0	0
7	121500001	1.06694	0.988879	2	0	0
7	122000001	1.01074	0.988879	2	0	0
7	122500001	0.945247	0.988879	2	0	0
7	123000001	0.986484	0.988879	2	0	0
7	123500001	1.07465	0.988879	2	0	0
7	124000001	1.00099	0.988879	2	0	0
7	124500001	0.982276	0.988879	2	0	0
7	125000001	0.981678	0.988879	2	0	0
7	125500001	0.952278	0.988879	2	0	0
7	126000001	0.938737	0.988879	2	0	0
7	126500001	0.92326	0.988879	2	0	0
7	127000001	0.928191	0.988879	2	0	0
7	127500001	0.978054	0.988879	2	0	0
7	128000001	1.04978	0.988879	2	0	0
7	128500001	0.985622	0.988879	2	0	0
7	129000001	1.03075	0.988879	2	0	0
7	129500001	1.01433	0.988879	2	0	0
7	130000001	1.02935	0.988879	2	0	0
7	130500001	1.04938	0.988879	2	0	0
7	131000001	1.05252	0.988879	2	0	0
7	131500001	0.995467	0.988879	2	0	0
7	132000001	0.973959	0.988879	2	0	0
7	132500001	0.990624	0.988879	2	0	0
7	133000001	1.01795	0.988879	2	0	0
7	133500001	0.959337	0.988879	2	0	0
7	134000001	1.04635	0.988879	2	0	0
7	134500001	1.04626	0.988879	2	0	0
7	135000001	1.00873	0.988879	2	0	0
7	135500001	1.0199	0.988879	2	0	0
7	136000001	1.03668	0.988879	2	0	0
7	136500001	0.921055	0.988879	2	0	0
7	137000001	0.962914	0.988879	2	0	0
7	137500001	0.914464	0.988879	2	0	0
7	138000001	0.922978	0.988879	2	0	0
7	138500001	0.995614	0.988879	2	0	0
7	139000001	0.978259	0.988879	2	0	0
7	139500001	1.01036	0.988879	2	0	0
7	140000001	0.980671	0.988879	2	0	0
7	140500001	0.967447	0.988879	2	0	0
7	141000001	0.946428	0.988879	2	0	0
7	141500001	0.930845	0.988879	2	0	0
7	142000001	0.47424	0.47424	1	0	0
7	142500001	0.479409	0.47424	1	0	0
7	143000001	0.469604	0.47424	1	0	0
7	143500001	0.472518	0.47424	1	0	0
7	144000001	0.679655	0.47424	1	0	0
7	144500001	0.457702	0.47424	1	0	0
7	145000001	0.448983	0.47424	1	0	0
7	145500001	0.471945	0.47424	1	0	0
7	146000001	0.477494	0.47424	1	0	0
7	146500001	0.452862	0.47424	1	0	0
7	147000001	0.458119	0.47424	1	0	0
7	147500001	0.461603	0.47424	1	0	0
7	148000001	0.452665	0.47424	1	0	0
7	148500001	0.501215	0.47424	1	0	0
7	149000001	0.491287	0.47424	1	0	0
7	149500001	0.484988	0.47424	1	0	0
7	150000001	0.45731	0.47424	1	0	0
7	150500001	0.485021	0.47424	1	0	0
7	151000001	0.482113	0.47424	1	0	0
7	151500001	0.507105	0.47424	1	0	0
7	152000001	0.523665	0.47424	1	0	0
7	152500001	0.466185	0.47424	1	0	0
7	153000001	0.480366	0.47424	1	0	0
7	153500001	0.472072	0.47424	1	0	0
7	154000001	0.636756	0.47424	1	0	0
7	154500001	0.911651	0.912744	2	0	0
7	155000001	0.913837	0.912744	2	0	0
7	155500001	0.968587	0.912744	2	0	0
7	156000001	0.71118	0.912744	2	0	0
7	156500001	0.505333	0.48363	1	0	0
7	157000001	0.520146	0.48363	1	0	0
7	157500001	0.466849	0.48363	1	0	0
7	158000001	0.472747	0.48363	1	0	0
7	158500001	0.494514	0.48363	1	0	0
7	159000001	0.354456	0.48363	1	0	0
8	1	0.864142	0.943524	2	0	0
8	500001	0.917666	0.943524	2	0	0
8	1000001	0.89088	0.943524	2	0	0
8	1500001	0.967128	0.943524	2	0	0
8	2000001	0.925894	0.943524	2	0	0
8	2500001	0.957869	0.943524	2	0	0
8	3000001	0.941376	0.943524	2	0	0
8	3500001	0.879627	0.943524	2	0	0
8	4000001	0.893673	0.943524	2	0	0
8	4500001	0.904489	0.943524	2	0	0
8	5000001	0.910621	0.943524	2	0	0
8	5500001	0.945672	0.943524	2	0	0
8	6000001	0.963463	0.943524	2	0	0
8	6500001	0.978282	0.943524	2	0	0
8	7000001	0.717449	0.943524	2	0	0
8	7500001	0.635306	0.943524	2	0	0
8	8000001	0.618282	0.943524	2	0	0
8	8500001	1.00352	0.943524	2	0	0
8	9000001	0.978469	0.943524	2	0	0
8	9500001	0.961267	0.943524	2	0	0
8	10000001	1.00383	0.943524	2	0	0
8	10500001	1.01235	0.943524	2	0	0
8	11000001	0.963172	0.943524	2	0	0
8	11500001	0.9944	0.943524	2	0	0
8	12000001	0.685984	0.506708	1	0	0
8	12500001	0.730682	0.506708	1	0	0
8	13000001	0.536847	0.506708	1	0	0
8	13500001	0.51395	0.506708	1	0	0
8	14000001	0.785473	0.506708	1	0	0
8	14500001	0.506708	0.506708	1	0	0
8	15000001	0.473778	0.506708	1	0	0
8	15500001	0.502232	0.506708	1	0	0
8	16000001	0.507535	0.506708	1	0	0
8	16500001	0.538711	0.506708	1	0	0
8	17000001	0.493362	0.506708	1	0	0
8	17500001	0.512472	0.506708	1	0	0
8	18000001	0.505729	0.506708	1	0	0
8	18500001	0.524478	0.506708	1	0	0
8	19000001	0.525498	0.506708	1	0	0
8	19500001	0.492056	0.506708	1	0	0
8	20000001	0.475039	0.506708	1	0	0
8	20500001	0.466106	0.506708	1	0	0
8	21000001	0.453488	0.506708	1	0	0
8	21500001	0.471945	0.506708	1	0	0
8	22000001	0.493395	0.506708	1	0	0
8	22500001	0.493134	0.506708	1	0	0
8	23000001	0.517341	0.506708	1	0	0
8	23500001	0.498225	0.506708	1	0	0
8	24000001	0.50524	0.506708	1	0	0
8	24500001	0.563994	0.506708	1	0	0
8	25000001	0.495604	0.506708	1	0	0
8	25500001	0.521167	0.506708	1	0	0
8	26000001	0.528524	0.506708	1	0	0
8	26500001	0.499468	0.506708	1	0	0
8	27000001	0.506836	0.506708	1	0	0
8	27500001	0.534552	0.506708	1	0	0
8	28000001	0.518796	0.506708	1	0	0
8	28500001	0.506243	0.506708	1	0	0
8	29000001	0.502237	0.506708	1	0	0
8	29500001	0.554025	0.506708	1	0	0
8	30000001	0.506089	0.506708	1	0	0
8	30500001	0.508395	0.506708	1	0	0
8	31000001	0.476485	0.506708	1	0	0
8	31500001	0.987824	0.986216	2	0	0
8	32000001	1.02893	0.986216	2	0	0
8	32500001	1.05245	0.986216	2	0	0
8	33000001	0.994429	0.986216	2	0	0
8	33500001	0.947003	0.986216	2	0	0
8	34000001	0.970881	0.986216	2	0	0
8	34500001	0.93094	0.986216	2	0	0
8	35000001	0.925126	0.986216	2	0	0
8	35500001	0.975491	0.986216	2	0	0
8	36000001	0.986317	0.986216	2	0	0
8	36500001	1.03771	0.986216	2	0	0
8	37000001	1.06805	0.986216	2	0	0
8	37500001	0.988092	0.986216	2	0	0
8	38000001	0.979478	0.986216	2	0	0
8	38500001	1.04736	0.986216	2	0	0
8	39000001	1.02252	0.986216	2	0	0
8	39500001	1.05301	0.986216	2	0	0
8	40000001	1.04529	0.986216	2	0	0
8	40500001	0.98973	0.986216	2	0	0
8	41000001	0.960138	0.986216	2	0	0
8	41500001	1.02095	0.986216	2	0	0
8	42000001	0.975981	0.986216	2	0	0
8	42500001	0.964683	0.986216	2	0	0
8	43000001	0.971856	0.986216	2	0	0
8	43500001	0.929519	0.986216	2	0	0
8	44000001	1.16923	0.986216	2	0	0
8	44500001	1.14867	0.986216	2	0	0
8	45000001	1.01869	0.986216	2	0	0
8	45500001	1.04984	0.986216	2	0	0
8	46000001	0.919523	0.986216	2	0	0
8	46500001	0.894574	0.986216	2	0	0
8	47000001	0.936861	0.986216	2	0	0
8	47500001	0.985032	0.986216	2	0	0
8	48000001	1.02167	0.986216	2	0	0
8	48500001	1.06463	0.986216	2	0	0
8	49000001	1.00025	0.986216	2	0	0
8	49500001	0.991288	0.986216	2	0	0
8	50000001	0.997624	0.986216	2	0	0
8	50500001	0.943182	0.986216	2	0	0
8	51000001	0.975249	0.986216	2	0	0
8	51500001	1.00198	0.986216	2	0	0
8	52000001	1.01492	0.986216	2	0	0
8	52500001	0.989238	0.986216	2	0	0
8	53000001	0.961956	0.986216	2	0	0
8	53500001	1.00274	0.986216	2	0	0
8	54000001	1.01126	0.986216	2	0	0
8	54500001	0.978165	0.986216	2	0	0
8	55000001	0.961437	0.986216	2	0	0
8	55500001	0.980887	0.986216	2	0	0
8	56000001	0.975586	0.986216	2	0	0
8	56500001	0.928224	0.986216	2	0	0
8	57000001	0.977306	0.986216	2	0	0
8	57500001	0.978943	0.986216	2	0	0
8	58000001	0.987408	0.986216	2	0	0
8	58500001	1.05699	0.986216	2	0	0
8	59000001	1.05423	0.986216	2	0	0
8	59500001	1.01984	0.986216	2	0	0
8	60000001	0.9944	0.986216	2	0	0
8	60500001	0.988646	0.986216	2	0	0
8	61000001	1.01014	0.986216	2	0	0
8	61500001	1.04643	0.986216	2	0	0
8	62000001	0.978939	0.986216	2	0	0
8	62500001	0.979319	0.986216	2	0	0
8	63000001	0.943359	0.986216	2	0	0
8	63500001	0.940772	0.986216	2	0	0
8	64000001	0.910582	0.986216	2	0	0
8	64500001	0.963511	0.986216	2	0	0
8	65000001	0.942661	0.986216	2	0	0
8	65500001	0.98513	0.986216	2	0	0
8	66000001	1.07665	0.986216	2	0	0
8	66500001	1.01572	0.986216	2	0	0
8	67000001	0.983796	0.986216	2	0	0
8	67500001	0.936042	0.986216	2	0	0
8	68000001	0.954386	0.986216	2	0	0
8	68500001	0.933929	0.986216	2	0	0
8	69000001	0.935724	0.986216	2	0	0
8	69500001	0.930125	0.986216	2	0	0
8	70000001	0.960949	0.986216	2	0	0
8	70500001	0.946112	0.986216	2	0	0
8	71000001	0.944856	0.986216	2	0	0
8	71500001	0.956889	0.986216	2	0	0
8	72000001	0.93659	0.986216	2	0	0
8	72500001	0.974156	0.986216	2	0	0
8	73000001	1.02318	0.986216	2	0	0
8	73500001	0.985916	0.986216	2	0	0
8	74000001	0.979587	0.986216	2	0	0
8	74500001	0.970838	0.986216	2	0	0
8	75000001	1.05326	0.986216	2	0	0
8	75500001	1.02312	0.986216	2	0	0
8	76000001	1.02429	0.986216	2	0	0
8	76500001	0.994253	0.986216	2	0	0
8	77000001	1.04108	0.986216	2	0	0
8	77500001	1.01461	0.986216	2	0	0
8	78000001	1.02359	0.986216	2	0	0
8	78500001	1.03871	0.986216	2	0	0
8	79000001	1.04678	0.986216	2	0	0
8	79500001	0.993743	0.986216	2	0	0
8	80000001	1.02496	0.986216	2	0	0
8	80500001	1.06821	0.986216	2	0	0
8	81000001	1.05459	0.986216	2	0	0
8	81500001	0.986115	0.986216	2	0	0
8	82000001	0.982551	0.986216	2	0	0
8	82500001	0.971617	0.986216	2	0	0
8	83000001	1.02031	0.986216	2	0	0
8	83500001	0.969654	0.986216	2	0	0
8	84000001	1.05324	0.986216	2	0	0
8	84500001	0.965735	0.986216	2	0	0
8	85000001	0.927882	0.986216	2	0	0
8	85500001	2.62658	2.62658	5	0	0
8	86000001	0.974267	1.02007	2	0	0
8	86500001	0.932332	1.02007	2	0	0
8	87000001	0.926647	1.02007	2	0	0
8	87500001	0.928181	1.02007	2	0	0
8	88000001	1.02007	1.02007	2	0	0
8	88500001	1.04995	1.02007	2	0	0
8	89000001	1.02279	1.02007	2	0	0
8	89500001	1.03897	1.02007	2	0	0
8	90000001	1.03083	1.02007	2	0	0
8	90500001	1.01544	1.02007	2	0	0
8	91000001	0.984377	1.02007	2	0	0
8	91500001	0.935276	1.02007	2	0	0
8	92000001	0.897508	1.02007	2	0	0
8	92500001	0.935812	1.02007	2	0	0
8	93000001	0.94693	1.02007	2	0	0
8	93500001	0.99975	1.02007	2	0	0
8	94000001	1.03421	1.02007	2	0	0
8	94500001	1.01521	1.02007	2	0	0
8	95000001	1.04071	1.02007	2	0	0
8	95500001	1.01587	1.02007	2	0	0
8	96000001	1.23176	1.02007	2	0	0
8	96500001	1.4207	1.02007	2	0	0
8	97000001	1.42846	1.02007	2	0	0
8	97500001	1.15277	1.02007	2	0	0
8	98000001	1.02356	1.02007	2	0	0
8	98500001	1.02554	1.02007	2	0	0
8	99000001	1.23143	1.02007	2	0	0
8	99500001	1.53302	1.51768	3	0	0
8	100000001	1.73471	1.51768	3	0	0
8	100500001	1.51366	1.51768	3	0	0
8	101000001	1.60657	1.51768	3	0	0
8	101500001	1.57516	1.51768	3	0	0
8	102000001	1.50956	1.51768	3	0	0
8	102500001	1.53522	1.51768	3	0	0
8	103000001	1.51768	1.51768	3	0	0
8	103500001	1.46599	1.51768	3	0	0
8	104000001	1.38999	1.51768	3	0	0
8	104500001	1.45349	1.51768	3	0	0
8	105000001	1.84011	1.88256	4	0	0
8	105500001	2.04184	1.88256	4	0	0
8	106000001	2.06297	1.88256	4	0	0
8	106500001	2.0828	1.88256	4	0	0
8	107000001	1.98223	1.88256	4	0	0
8	107500001	1.90982	1.88256	4	0	0
8	108000001	1.86591	1.88256	4	0	0
8	108500001	1.88256	1.88256	4	0	0
8	109000001	1.91219	1.88256	4	0	0
8	109500001	1.84623	1.88256	4	0	0
8	110000001	1.83144	1.88256	4	0	0
8	110500001	1.90368	1.88256	4	0	0
8	111000001	1.85427	1.88256	4	0	0
8	111500001	1.84251	1.88256	4	0	0
8	112000001	1.8659	1.88256	4	0	0
8	112500001	1.87897	1.88256	4	0	0
8	113000001	1.85672	1.88256	4	0	0
8	113500001	1.83086	1.88256	4	0	0
8	114000001	1.96792	1.88256	4	0	0
8	114500001	1.9532	1.88256	4	0	0
8	115000001	1.97748	1.88256	4	0	0
8	115500001	2.52137	2.53197	5	0	0
8	116000001	2.46234	2.53197	5	0	0
8	116500001	2.46575	2.53197	5	0	0
8	117000001	2.50342	2.53197	5	0	0
8	117500001	2.54256	2.53197	5	0	0
8	118000001	2.54581	2.53197	5	0	0
8	118500001	2.5812	2.53197	5	0	0
8	119000001	2.93203	2.53197	5	0	0
8	119500001	3.80878	3.76568	8	0	0
8	120000001	3.76568	3.76568	8	0	0
8	120500001	3.30296	3.76568	8	0	0
8	121000001	2.60973	2.54539	5	0	0
8	121500001	2.56726	2.54539	5	0	0
8	122000001	2.52518	2.54539	5	0	0
8	122500001	2.58689	2.54539	5	0	0
8	123000001	2.52323	2.54539	5	0	0
8	123500001	2.55721	2.54539	5	0	0
8	124000001	2.44244	2.54539	5	0	0
8	124500001	2.5008	2.54539	5	0	0
8	125000001	2.55264	2.54539	5	0	0
8	125500001	2.50935	2.54539	5	0	0
8	126000001	2.39396	2.54539	5	0	0
8	126500001	2.5282	2.54539	5	0	0
8	127000001	2.64557	2.54539	5	0	0
8	127500001	2.54327	2.54539	5	0	0
8	128000001	2.5191	2.54539	5	0	0
8	128500001	2.54818	2.54539	5	0	0
8	129000001	2.49739	2.54539	5	0	0
8	129500001	2.54751	2.54539	5	0	0
8	130000001	2.5547	2.54539	5	0	0
8	130500001	2.59862	2.54539	5	0	0
8	131000001	2.43983	2.32963	5	0	0
8	131500001	2.34602	2.32963	5	0	0
8	132000001	2.28337	2.32963	5	0	0
8	132500001	2.44315	2.32963	5	0	0
8	133000001	2.61105	2.32963	5	0	0
8	133500001	2.48256	2.32963	5	0	0
8	134000001	2.39599	2.32963	5	0	0
8	134500001	2.4264	2.32963	5	0	0
8	135000001	2.22092	2.32963	5	0	0
8	135500001	2.2025	2.32963	5	0	0
8	136000001	2.30994	2.32963	5	0	0
8	136500001	2.32963	2.32963	5	0	0
8	137000001	2.27977	2.32963	5	0	0
8	137500001	2.1826	2.32963	5	0	0
8	138000001	2.22588	2.32963	5	0	0
8	138500001	2.20316	2.32963	5	0	0
8	139000001	2.30362	2.32963	5	0	0
8	139500001	2.28291	2.32963	5	0	0
8	140000001	2.44152	2.32963	5	0	0
8	140500001	2.79683	2.32963	5	0	0
8	141000001	2.34927	2.32963	5	0	0
8	141500001	1.87325	1.91682	4	0	0
8	142000001	1.83402	1.91682	4	0	0
8	142500001	1.93398	1.91682	4	0	0
8	143000001	1.90773	1.91682	4	0	0
8	143500001	1.97795	1.91682	4	0	0
8	144000001	1.95719	1.91682	4	0	0
8	144500001	1.91682	1.91682	4	0	0
8	145000001	-1	-1	-1	0	0
9	1	0.606994	0.490837	1	0	0
9	500001	0.492717	0.490837	1	0	0
9	1000001	0.523785	0.490837	1	0	0
9	1500001	0.436459	0.490837	1	0	0
9	2000001	0.498206	0.490837	1	0	0
9	2500001	0.483421	0.490837	1	0	0
9	3000001	0.490837	0.490837	1	0	0
9	3500001	0.491556	0.490837	1	0	0
9	4000001	0.486391	0.490837	1	0	0
9	4500001	0.497058	0.490837	1	0	0
9	5000001	0.526719	0.490837	1	0	0
9	5500001	0.518847	0.490837	1	0	0
9	6000001	0.530185	0.490837	1	0	0
9	6500001	0.47173	0.490837	1	0	0
9	7000001	0.491349	0.490837	1	0	0
9	7500001	0.467189	0.490837	1	0	0
9	8000001	0.506679	0.490837	1	0	0
9	8500001	0.449701	0.490837	1	0	0
9	9000001	0.459747	0.490837	1	0	0
9	9500001	0.455969	0.490837	1	0	0
9	10000001	0.476276	0.490837	1	0	0
9	10500001	0.483653	0.490837	1	0	0
9	11000001	0.48079	0.490837	1	0	0
9	11500001	0.489649	0.490837	1	0	0
9	12000001	0.526951	0.490837	1	0	0
9	12500001	0.515625	0.490837	1	0	0
9	13000001	0.530842	0.490837	1	0	0
9	13500001	0.491356	0.490837	1	0	0
9	14000001	0.511382	0.490837	1	0	0
9	14500001	0.4974	0.490837	1	0	0
9	15000001	0.472706	0.490837	1	0	0
9	15500001	0.464603	0.490837	1	0	0
9	16000001	0.46382	0.490837	1	0	0
9	16500001	0.449734	0.490837	1	0	0
9	17000001	0.39755	0.490837	1	0	0
9	17500001	0.146488	0.490837	1	0	0
9	18000001	0.460794	0.490837	1	0	0
9	18500001	0.489316	0.490837	1	0	0
9	19000001	0.521875	0.490837	1	0	0
9	19500001	0.511674	0.490837	1	0	0
9	20000001	0.562688	0.490837	1	0	0
9	20500001	0.56708	0.490837	1	0	0
9	21000001	0.529831	0.490837	1	0	0
9	21500001	0.404298	0.490837	1	0	0
9	22000001	0.462501	0.490837	1	0	0
9	22500001	0.515294	0.490837	1	0	0
9	23000001	0.501572	0.490837	1	0	0
9	23500001	0.502453	0.490837	1	0	0
9	24000001	0.457746	0.490837	1	0	0
9	24500001	0.492216	0.490837	1	0	0
9	25000001	0.475127	0.490837	1	0	0
9	25500001	0.459315	0.490837	1	0	0
9	26000001	0.486165	0.490837	1	0	0
9	26500001	0.478891	0.490837	1	0	0
9	27000001	0.532738	0.490837	1	0	0
9	27500001	0.526378	0.490837	1	0	0
9	28000001	0.472134	0.490837	1	0	0
9	28500001	0.481499	0.490837	1	0	0
9	29000001	0.495011	0.490837	1	0	0
9	29500001	1.06348	1.03036	2	0	0
9	30000001	0.954868	1.03036	2	0	0
9	30500001	0.959252	1.03036	2	0	0
9	31000001	1.00588	1.03036	2	0	0
9	31500001	1.02562	1.03036	2	0	0
9	32000001	1.0356	1.03036	2	0	0
9	32500001	1.01539	1.03036	2	0	0
9	33000001	1.08072	1.03036	2	0	0
9	33500001	1.04374	1.03036	2	0	0
9	34000001	1.01918	1.03036	2	0	0
9	34500001	1.02818	1.03036	2	0	0
9	35000001	1.01693	1.03036	2	0	0
9	35500001	1.0573	1.03036	2	0	0
9	36000001	1.0456	1.03036	2	0	0
9	36500001	0.997075	1.03036	2	0	0
9	37000001	0.997059	1.03036	2	0	0
9	37500001	1.00802	1.03036	2	0	0
9	38000001	1.02465	1.03036	2	0	0
9	38500001	1.08559	1.03036	2	0	0
9	39000001	1.03254	1.03036	2	0	0
9	39500001	1.21226	1.03036	2	0	0
9	40000001	0.883257	1.03036	2	0	0
9	40500001	1.30398	1.03036	2	0	0
9	41000001	1.46246	1.03036	2	0	0
9	41500001	1.22953	1.03036	2	0	0
9	42000001	1.05762	1.03036	2	0	0
9	42500001	0.835302	1.03036	2	0	0
9	43000001	1.27464	1.03036	2	0	0
9	43500001	2.53248	2.53248	5	0	0
9	44000001	1.91009	1.91009	4	0	0
9	44500001	1.34415	0.993723	2	0	0
9	45000001	0.994198	0.993723	2	0	0
9	45500001	-1	0.993723	2	0	0
9	46000001	-1	0.993723	2	0	0
9	46500001	-1	0.993723	2	0	0
9	47000001	-1	0.993723	2	0	0
9	47500001	-1	0.993723	2	0	0
9	48000001	-1	0.993723	2	0	0
9	48500001	-1	0.993723	2	0	0
9	49000001	-1	0.993723	2	0	0
9	49500001	-1	0.993723	2	0	0
9	50000001	-1	0.993723	2	0	0
9	50500001	-1	0.993723	2	0	0
9	51000001	-1	0.993723	2	0	0
9	51500001	-1	0.993723	2	0	0
9	52000001	-1	0.993723	2	0	0
9	52500001	-1	0.993723	2	0	0
9	53000001	-1	0.993723	2	0	0
9	53500001	-1	0.993723	2	0	0
9	54000001	-1	0.993723	2	0	0
9	54500001	-1	0.993723	2	0	0
9	55000001	-1	0.993723	2	0	0
9	55500001	-1	0.993723	2	0	0
9	56000001	-1	0.993723	2	0	0
9	56500001	-1	0.993723	2	0	0
9	57000001	-1	0.993723	2	0	0
9	57500001	-1	0.993723	2	0	0
9	58000001	-1	0.993723	2	0	0
9	58500001	-1	0.993723	2	0	0
9	59000001	-1	0.993723	2	0	0
9	59500001	-1	0.993723	2	0	0
9	60000001	-1	0.993723	2	0	0
9	60500001	-1	0.993723	2	0	0
9	61000001	-1	0.993723	2	0	0
9	61500001	0.837442	0.993723	2	0	0
9	62000001	-1	0.993723	2	0	0
9	62500001	-1	0.993723	2	0	0
9	63000001	0.746127	0.993723	2	0	0
9	63500001	-1	0.993723	2	0	0
9	64000001	-1	0.993723	2	0	0
9	64500001	0.762451	0.993723	2	0	0
9	65000001	-1	0.993723	2	0	0
9	65500001	1.00412	0.993723	2	0	0
9	66000001	-1	0.993723	2	0	0
9	66500001	-1	0.993723	2	0	0
9	67000001	1.04364	0.993723	2	0	0
9	67500001	-1	0.993723	2	0	0
9	68000001	-1	0.993723	2	0	0
9	68500001	0.93718	0.993723	2	0	0
9	69000001	0.983091	0.993723	2	0	0
9	69500001	0.974516	0.993723	2	0	0
9	70000001	0.99031	0.993723	2	0	0
9	70500001	0.909087	0.993723	2	0	0
9	71000001	0.997712	0.993723	2	0	0
9	71500001	1.02822	0.993723	2	0	0
9	72000001	1.05651	0.993723	2	0	0
9	72500001	1.07616	0.993723	2	0	0
9	73000001	1.11487	0.993723	2	0	0
9	73500001	1.03433	0.993723	2	0	0
9	74000001	1.02143	0.993723	2	0	0
9	74500001	1.05658	0.993723	2	0	0
9	75000001	1.02632	0.993723	2	0	0
9	75500001	1.03677	0.993723	2	0	0
9	76000001	1.0502	0.993723	2	0	0
9	76500001	0.993248	0.993723	2	0	0
9	77000001	1.01204	0.993723	2	0	0
9	77500001	1.04068	0.993723	2	0	0
9	78000001	1.02372	0.993723	2	0	0
9	78500001	1.02395	0.993723	2	0	0
9	79000001	1.00367	0.993723	2	0	0
9	79500001	0.976774	0.993723	2	0	0
9	80000001	0.985928	0.993723	2	0	0
9	80500001	0.981841	0.993723	2	0	0
9	81000001	1.01087	0.993723	2	0	0
9	81500001	0.967829	0.993723	2	0	0
9	82000001	0.973875	0.993723	2	0	0
9	82500001	1.00944	0.993723	2	0	0
9	83000001	1.00728	0.993723	2	0	0
9	83500001	0.991423	0.993723	2	0	0
9	84000001	0.994934	0.993723	2	0	0
9	84500001	0.945035	0.993723	2	0	0
9	85000001	0.989669	0.993723	2	0	0
9	85500001	0.992151	0.993723	2	0	0
9	86000001	0.969823	0.993723	2	0	0
9	86500001	0.98092	0.993723	2	0	0
9	87000001	0.957882	0.993723	2	0	0
9	87500001	0.983467	0.993723	2	0	0
9	88000001	0.985975	0.993723	2	0	0
9	88500001	0.976101	0.993723	2	0	0
9	89000001	0.943512	0.993723	2	0	0
9	89500001	0.972501	0.993723	2	0	0
9	90000001	1.00019	0.993723	2	0	0
9	90500001	0.992241	0.993723	2	0	0
9	91000001	1.02458	0.993723	2	0	0
9	91500001	0.965849	0.993723	2	0	0
9	92000001	1.00314	0.993723	2	0	0
9	92500001	1.01468	0.993723	2	0	0
9	93000001	0.976647	0.993723	2	0	0
9	93500001	0.937656	0.993723	2	0	0
9	94000001	1.01403	0.993723	2	0	0
9	94500001	1.03306	0.993723	2	0	0
9	95000001	0.990479	0.993723	2	0	0
9	95500001	1.01809	0.993723	2	0	0
9	96000001	0.986064	0.993723	2	0	0
9	96500001	1.00973	0.993723	2	0	0
9	97000001	1.02024	0.993723	2	0	0
9	97500001	1.02453	0.993723	2	0	0
9	98000001	1.02967	0.993723	2	0	0
9	98500001	0.965266	0.993723	2	0	0
9	99000001	0.971687	0.993723	2	0	0
9	99500001	0.966557	0.993723	2	0	0
9	100000001	1.0022	0.993723	2	0	0
9	100500001	0.984639	0.993723	2	0	0
9	101000001	0.982283	0.993723	2	0	0
9	101500001	1.00021	0.993723	2	0	0
9	102000001	0.963735	0.993723	2	0	0
9	102500001	0.957842	0.993723	2	0	0
9	103000001	0.930042	0.993723	2	0	0
9	103500001	0.99095	0.993723	2	0	0
9	104000001	0.976805	0.993723	2	0	0
9	104500001	1.00317	0.993723	2	0	0
9	105000001	0.996028	0.993723	2	0	0
9	105500001	0.976681	0.993723	2	0	0
9	106000001	0.965495	0.993723	2	0	0
9	106500001	0.991383	0.993723	2	0	0
9	107000001	1.03534	0.993723	2	0	0
9	107500001	1.0093	0.993723	2	0	0
9	108000001	1.06263	0.993723	2	0	0
9	108500001	1.07621	0.993723	2	0	0
9	109000001	1.0363	0.993723	2	0	0
9	109500001	1.0695	0.993723	2	0	0
9	110000001	1.03457	0.993723	2	0	0
9	110500001	1.0568	0.993723	2	0	0
9	111000001	1.03494	0.993723	2	0	0
9	111500001	1.05603	0.993723	2	0	0
9	112000001	1.27276	0.993723	2	0	0
9	112500001	1.01536	0.993723	2	0	0
9	113000001	1.05392	0.993723	2	0	0
9	113500001	1.05128	0.993723	2	0	0
9	114000001	0.982015	0.993723	2	0	0
9	114500001	1.02905	0.993723	2	0	0
9	115000001	1.03042	0.993723	2	0	0
9	115500001	1.07887	0.993723	2	0	0
9	116000001	0.965916	0.993723	2	0	0
9	116500001	0.983192	0.993723	2	0	0
9	117000001	0.945193	0.993723	2	0	0
9	117500001	0.921609	0.993723	2	0	0
9	118000001	0.931303	0.993723	2	0	0
9	118500001	0.926554	0.993723	2	0	0
9	119000001	0.904053	0.993723	2	0	0
9	119500001	0.948069	0.993723	2	0	0
9	120000001	1.00287	0.993723	2	0	0
9	120500001	1.00761	0.993723	2	0	0
9	121000001	0.552288	0.993723	2	0	0
9	121500001	0.501536	0.993723	2	0	0
9	122000001	0.923432	0.993723	2	0	0
9	122500001	1.32422	0.993723	2	0	0
9	123000001	1.09705	0.993723	2	0	0
9	123500001	1.00995	0.993723	2	0	0
9	124000001	0.965174	0.993723	2	0	0
9	124500001	1.01406	0.993723	2	0	0
9	125000001	1.00457	0.993723	2	0	0
9	125500001	0.985386	0.993723	2	0	0
9	126000001	0.992748	0.993723	2	0	0
9	126500001	0.985813	0.993723	2	0	0
9	127000001	1.05296	0.993723	2	0	0
9	127500001	1.03887	0.993723	2	0	0
9	128000001	1.00092	0.993723	2	0	0
9	128500001	1.0185	0.993723	2	0	0
9	129000001	1.02965	0.993723	2	0	0
9	129500001	1.00178	0.993723	2	0	0
9	130000001	0.974722	0.993723	2	0	0
9	130500001	0.978658	0.993723	2	0	0
9	131000001	1.00888	0.993723	2	0	0
9	131500001	0.989722	0.993723	2	0	0
9	132000001	0.97975	0.993723	2	0	0
9	132500001	0.967561	0.993723	2	0	0
9	133000001	1.01959	0.993723	2	0	0
9	133500001	0.992429	0.993723	2	0	0
9	134000001	0.992315	0.993723	2	0	0
9	134500001	0.983846	0.993723	2	0	0
9	135000001	0.924026	0.993723	2	0	0
9	135500001	0.987189	0.993723	2	0	0
9	136000001	0.989627	0.993723	2	0	0
9	136500001	1.02997	0.993723	2	0	0
9	137000001	1.03431	0.993723	2	0	0
9	137500001	0.975694	0.993723	2	0	0
9	138000001	-1	-1	-1	0	0
GL000008.2	1	0.608744	0.608744	1	0	0
GL000009.2	1	0.28911	0.28911	1	0	0
GL000194.1	1	0.571694	0.571694	1	0	0
GL000195.1	1	0.531542	0.531542	1	0	0
GL000205.2	1	0.855906	0.855906	2	0	0
GL000208.1	1	0.860432	0.860432	2	0	0
GL000213.1	1	0.156044	0.156044	0	0	0
GL000214.1	1	1.8221	1.8221	4	0	0
GL000216.2	1	1.24773	1.24773	2	0	0
GL000218.1	1	0.289746	0.289746	1	0	0
GL000219.1	1	0.474092	0.474092	1	0	0
GL000220.1	1	2.10593	2.10593	4	0	0
GL000221.1	1	0.624879	0.624879	1	0	0
GL000224.1	1	1.94782	1.94782	4	0	0
GL000225.1	1	1.54108	1.54108	3	0	0
GL000226.1	1	0.867107	0.867107	2	0	0
KI270302.1	1	0.00225927	0.00225927	0	0	0
KI270303.1	1	0.00290668	0.00290668	0	0	0
KI270304.1	1	0	0	0	0	0
KI270305.1	1	0.00113284	0.00113284	0	0	0
KI270310.1	1	0.0134047	0.0134047	0	0	0
KI270311.1	1	-1	-1	-1	0	0
KI270312.1	1	0	0	0	0	0
KI270315.1	1	0.00592869	0.00592869	0	0	0
KI270316.1	1	0.00207285	0.00207285	0	0	0
KI270317.1	1	-1	-1	-1	0	0
KI270320.1	1	0.00987102	0.00987102	0	0	0
KI270322.1	1	-1	-1	-1	0	0
KI270329.1	1	0.0123814	0.0123814	0	0	0
KI270330.1	1	0.0663036	0.0663036	0	0	0
KI270333.1	1	0.211704	0.211704	0	0	0
KI270334.1	1	0.0017302	0.0017302	0	0	0
KI270335.1	1	0.0011454	0.0011454	0	0	0
KI270336.1	1	0.0429412	0.0429412	0	0	0
KI270337.1	1	0.295652	0.295652	1	0	0
KI270338.1	1	0.00228915	0.00228915	0	0	0
KI270340.1	1	0.00287216	0.00287216	0	0	0
KI270362.1	1	0.0142075	0.0142075	0	0	0
KI270363.1	1	0.00473305	0.00473305	0	0	0
KI270364.1	1	0.0107977	0.0107977	0	0	0
KI270366.1	1	0.0422721	0.0422721	0	0	0
KI270371.1	1	0.00302847	0.00302847	0	0	0
KI270372.1	1	0.000627612	0.000627612	0	0	0
KI270373.1	1	0.00176354	0.00176354	0	0	0
KI270374.1	1	0.00305471	0.00305471	0	0	0
KI270375.1	1	0.00248185	0.00248185	0	0	0
KI270376.1	1	0.00122969	0.00122969	0	0	0
KI270378.1	1	0	0	0	0	0
KI270379.1	1	0.00029966	0.00029966	0	0	0
KI270381.1	1	0.00418242	0.00418242	0	0	0
KI270382.1	1	0.005149	0.005149	0	0	0
KI270383.1	1	0.00119783	0.00119783	0	0	0
KI270384.1	1	0.000909647	0.000909647	0	0	0
KI270385.1	1	0.000914341	0.000914341	0	0	0
KI270386.1	1	0	0	0	0	0
KI270387.1	1	0.0083178	0.0083178	0	0	0
KI270388.1	1	0	0	0	0	0
KI270389.1	1	0.00635881	0.00635881	0	0	0
KI270390.1	1	0.00607517	0.00607517	0	0	0
KI270391.1	1	0.000605413	0.000605413	0	0	0
KI270392.1	1	0	0	0	0	0
KI270393.1	1	0	0	0	0	0
KI270394.1	1	0.0024418	0.0024418	0	0	0
KI270395.1	1	0.0219077	0.0219077	0	0	0
KI270396.1	1	0.00180941	0.00180941	0	0	0
KI270411.1	1	0.0101765	0.0101765	0	0	0
KI270412.1	1	0.00532953	0.00532953	0	0	0
KI270414.1	1	0.00298863	0.00298863	0	0	0
KI270417.1	1	0.00584715	0.00584715	0	0	0
KI270418.1	1	0.0135743	0.0135743	0	0	0
KI270419.1	1	0.00557742	0.00557742	0	0	0
KI270420.1	1	0.00973192	0.00973192	0	0	0
KI270422.1	1	0.00921565	0.00921565	0	0	0
KI270423.1	1	0.00116194	0.00116194	0	0	0
KI270424.1	1	0.00396858	0.00396858	0	0	0
KI270425.1	1	0.00264307	0.00264307	0	0	0
KI270429.1	1	0.009158	0.009158	0	0	0
KI270435.1	1	0.493973	0.493973	1	0	0
KI270438.1	1	-1	-1	-1	0	0
KI270442.1	1	1.96121	1.96121	4	0	0
KI270448.1	1	0.0202061	0.0202061	0	0	0
KI270465.1	1	0.00361315	0.00361315	0	0	0
KI270466.1	1	0.0237064	0.0237064	0	0	0
KI270467.1	1	0.0388674	0.0388674	0	0	0
KI270468.1	1	0.0122479	0.0122479	0	0	0
KI270507.1	1	0.0414604	0.0414604	0	0	0
KI270508.1	1	0.0149688	0.0149688	0	0	0
KI270509.1	1	0.021482	0.021482	0	0	0
KI270510.1	1	0.0197241	0.0197241	0	0	0
KI270511.1	1	0.0347057	0.0347057	0	0	0
KI270512.1	1	0.0922175	0.0922175	0	0	0
KI270515.1	1	0.05968	0.05968	0	0	0
KI270516.1	1	0.0120622	0.0120622	0	0	0
KI270517.1	1	0.032379	0.032379	0	0	0
KI270518.1	1	0.0145364	0.0145364	0	0	0
KI270519.1	1	0.785492	0.785492	2	0	0
KI270521.1	1	0.0307052	0.0307052	0	0	0
KI270522.1	1	0.0221772	0.0221772	0	0	0
KI270528.1	1	0.00534314	0.00534314	0	0	0
KI270529.1	1	0.00264031	0.00264031	0	0	0
KI270530.1	1	0.00382276	0.00382276	0	0	0
KI270538.1	1	-1	-1	-1	0	0
KI270539.1	1	0.0012781	0.0012781	0	0	0
KI270544.1	1	0.0108157	0.0108157	0	0	0
KI270548.1	1	0	0	0	0	0
KI270579.1	1	0.0113822	0.0113822	0	0	0
KI270580.1	1	0.0101454	0.0101454	0	0	0
KI270581.1	1	0.0178518	0.0178518	0	0	0
KI270582.1	1	0.0029017	0.0029017	0	0	0
KI270583.1	1	0.00935691	0.00935691	0	0	0
KI270584.1	1	0.031171	0.031171	0	0	0
KI270587.1	1	0.0296184	0.0296184	0	0	0
KI270588.1	1	0.013	0.013	0	0	0
KI270589.1	1	-1	-1	-1	0	0
KI270590.1	1	0.0381796	0.0381796	0	0	0
KI270591.1	1	0.0227951	0.0227951	0	0	0
KI270593.1	1	0.00761932	0.00761932	0	0	0
KI270706.1	1	0.276194	0.276194	1	0	0
KI270707.1	1	0.0412211	0.0412211	0	0	0
KI270708.1	1	0.12347	0.12347	0	0	0
KI270709.1	1	0.964565	0.964565	2	0	0
KI270710.1	1	0.0549007	0.0549007	0	0	0
KI270711.1	1	0.341885	0.341885	1	0	0
KI270712.1	1	0.378711	0.378711	1	0	0
KI270713.1	1	0.160103	0.160103	0	0	0
KI270714.1	1	0.0671313	0.0671313	0	0	0
KI270715.1	1	0.156668	0.156668	0	0	0
KI270716.1	1	0.141912	0.141912	0	0	0
KI270717.1	1	0.0670702	0.0670702	0	0	0
KI270718.1	1	0.104106	0.104106	0	0	0
KI270719.1	1	0.411922	0.411922	1	0	0
KI270720.1	1	0.202313	0.202313	0	0	0
KI270721.1	1	0.0470155	0.0470155	0	0	0
KI270722.1	1	0.0789102	0.0789102	0	0	0
KI270723.1	1	0.0771416	0.0771416	0	0	0
KI270724.1	1	0.0947653	0.0947653	0	0	0
KI270725.1	1	0.363326	0.363326	1	0	0
KI270726.1	1	0.147031	0.147031	0	0	0
KI270727.1	1	2.72227	2.72227	5	0	0
KI270728.1	1	-1	0.487336	1	0	0
KI270728.1	500001	0.436191	0.487336	1	0	0
KI270728.1	1000001	0.663384	0.487336	1	0	0
KI270728.1	1500001	0.487336	0.487336	1	0	0
KI270729.1	1	2.50678	2.50678	5	0	0
KI270730.1	1	0.334671	0.334671	1	0	0
KI270731.1	1	0.177338	0.177338	0	0	0
KI270732.1	1	0.0918859	0.0918859	0	0	0
KI270733.1	1	2.61569	2.61569	5	0	0
KI270734.1	1	0.252381	0.252381	1	0	0
KI270735.1	1	0.332073	0.332073	1	0	0
KI270736.1	1	0.447961	0.447961	1	0	0
KI270737.1	1	0.146687	0.146687	0	0	0
KI270738.1	1	0.257414	0.257414	1	0	0
KI270739.1	1	0.0519431	0.0519431	0	0	0
KI270740.1	1	0	0	0	0	0
KI270741.1	1	0.183785	0.183785	0	0	0
KI270742.1	1	0.802806	0.802806	2	0	0
KI270743.1	1	0.175452	0.175452	0	0	0
KI270744.1	1	1.89726	1.89726	4	0	0
KI270745.1	1	0.0821533	0.0821533	0	0	0
KI270746.1	1	0.174778	0.174778	0	0	0
KI270747.1	1	0.284762	0.284762	1	0	0
KI270748.1	1	0.112599	0.112599	0	0	0
KI270749.1	1	0.418738	0.418738	1	0	0
KI270750.1	1	0.350657	0.350657	1	0	0
KI270751.1	1	0.614952	0.614952	1	0	0
KI270752.1	1	0	0	0	0	0
KI270753.1	1	0.112074	0.112074	0	0	0
KI270754.1	1	0.0369168	0.0369168	0	0	0
KI270755.1	1	0.0300525	0.0300525	0	0	0
KI270756.1	1	0.132031	0.132031	0	0	0
KI270757.1	1	0.490277	0.490277	1	0	0
MT	1	19.7083	19.7083	39	0	0
X	1	-1	-1	-1	0	0
X	500001	0.424086	0.433573	1	0	0
X	1000001	0.447829	0.433573	1	0	0
X	1500001	0.433573	0.433573	1	0	0
X	2000001	-1	-1	-1	0	0
X	2500001	0.481721	0.503043	1	0	0
X	3000001	0.469548	0.503043	1	0	0
X	3500001	0.503231	0.503043	1	0	0
X	4000001	0.503711	0.503043	1	0	0
X	4500001	0.468411	0.503043	1	0	0
X	5000001	0.481213	0.503043	1	0	0
X	5500001	0.47124	0.503043	1	0	0
X	6000001	0.487115	0.503043	1	0	0
X	6500001	0.503918	0.503043	1	0	0
X	7000001	0.491288	0.503043	1	0	0
X	7500001	0.515329	0.503043	1	0	0
X	8000001	0.507999	0.503043	1	0	0
X	8500001	0.502185	0.503043	1	0	0
X	9000001	0.51757	0.503043	1	0	0
X	9500001	0.506906	0.503043	1	0	0
X	10000001	0.484875	0.503043	1	0	0
X	10500001	0.530418	0.503043	1	0	0
X	11000001	0.486402	0.503043	1	0	0
X	11500001	0.527274	0.503043	1	0	0
X	12000001	0.519648	0.503043	1	0	0
X	12500001	0.543474	0.503043	1	0	0
X	13000001	0.57012	0.503043	1	0	0
X	13500001	0.517933	0.503043	1	0	0
X	14000001	0.517816	0.503043	1	0	0
X	14500001	0.488774	0.503043	1	0	0
X	15000001	0.50751	0.503043	1	0	0
X	15500001	0.518992	0.503043	1	0	0
X	16000001	0.525769	0.503043	1	0	0
X	16500001	0.504323	0.503043	1	0	0
X	17000001	0.505607	0.503043	1	0	0
X	17500001	0.483962	0.503043	1	0	0
X	18000001	0.508962	0.503043	1	0	0
X	18500001	0.466705	0.503043	1	0	0
X	19000001	0.518161	0.503043	1	0	0
X	19500001	0.503787	0.503043	1	0	0
X	20000001	0.499006	0.503043	1	0	0
X	20500001	0.482495	0.503043	1	0	0
X	21000001	0.503715	0.503043	1	0	0
X	21500001	0.485254	0.503043	1	0	0
X	22000001	0.507427	0.503043	1	0	0
X	22500001	0.495553	0.503043	1	0	0
X	23000001	0.530288	0.503043	1	0	0
X	23500001	0.520914	0.503043	1	0	0
X	24000001	0.525466	0.503043	1	0	0
X	24500001	0.522263	0.503043	1	0	0
X	25000001	0.471967	0.503043	1	0	0
X	25500001	0.505153	0.503043	1	0	0
X	26000001	0.536661	0.503043	1	0	0
X	26500001	0.456623	0.503043	1	0	0
X	27000001	0.520851	0.503043	1	0	0
X	27500001	0.499563	0.503043	1	0	0
X	28000001	0.534489	0.503043	1	0	0
X	28500001	0.510862	0.503043	1	0	0
X	29000001	0.45127	0.503043	1	0	0
X	29500001	0.492525	0.503043	1	0	0
X	30000001	0.494007	0.503043	1	0	0
X	30500001	0.504009	0.503043	1	0	0
X	31000001	0.491922	0.503043	1	0	0
X	31500001	0.457212	0.503043	1	0	0
X	32000001	0.503937	0.503043	1	0	0
X	32500001	0.483557	0.503043	1	0	0
X	33000001	0.469007	0.503043	1	0	0
X	33500001	0.483351	0.503043	1	0	0
X	34000001	0.479932	0.503043	1	0	0
X	34500001	0.494849	0.503043	1	0	0
X	35000001	0.530359	0.503043	1	0	0
X	35500001	0.519401	0.503043	1	0	0
X	36000001	0.505601	0.503043	1	0	0
X	36500001	0.50484	0.503043	1	0	0
X	37000001	-1	0.503043	1	0	0
X	37500001	0.494732	0.503043	1	0	0
X	38000001	0.519979	0.503043	1	0	0
X	38500001	0.50247	0.503043	1	0	0
X	39000001	0.482296	0.503043	1	0	0
X	39500001	0.502854	0.503043	1	0	0
X	40000001	0.469123	0.503043	1	0	0
X	40500001	0.503702	0.503043	1	0	0
X	41000001	0.490052	0.503043	1	0	0
X	41500001	0.511353	0.503043	1	0	0
X	42000001	0.510637	0.503043	1	0	0
X	42500001	0.490806	0.503043	1	0	0
X	43000001	0.52758	0.503043	1	0	0
X	43500001	0.527952	0.503043	1	0	0
X	44000001	0.509886	0.503043	1	0	0
X	44500001	0.466864	0.503043	1	0	0
X	45000001	0.514568	0.503043	1	0	0
X	45500001	0.526499	0.503043	1	0	0
X	46000001	0.557889	0.503043	1	0	0
X	46500001	0.518621	0.503043	1	0	0
X	47000001	0.508492	0.503043	1	0	0
X	47500001	0.489069	0.503043	1	0	0
X	48000001	0.500867	0.503043	1	0	0
X	48500001	0.461689	0.503043	1	0	0
X	49000001	-1	0.503043	1	0	0
X	49500001	0.544187	0.503043	1	0	0
X	50000001	0.486339	0.503043	1	0	0
X	50500001	0.481353	0.503043	1	0	0
X	51000001	0.467723	0.503043	1	0	0
X	51500001	0.472885	0.503043	1	0	0
X	52000001	0.453319	0.503043	1	0	0
X	52500001	0.479449	0.503043	1	0	0
X	53000001	0.491699	0.503043	1	0	0
X	53500001	0.513495	0.503043	1	0	0
X	54000001	0.470686	0.503043	1	0	0
X	54500001	0.488172	0.503043	1	0	0
X	55000001	0.479675	0.503043	1	0	0
X	55500001	0.5261	0.503043	1	0	0
X	56000001	0.489869	0.503043	1	0	0
X	56500001	0.490451	0.503043	1	0	0
X	57000001	0.51791	0.503043	1	0	0
X	57500001	0.473578	0.503043	1	0	0
X	58000001	0.498734	0.503043	1	0	0
X	58500001	0.421032	0.357112	1	0	0
X	59000001	0.40124	0.357112	1	0	0
X	59500001	0.332343	0.357112	1	0	0
X	60000001	0.349529	0.357112	1	0	0
X	60500001	0.352668	0.357112	1	0	0
X	61000001	0.361556	0.357112	1	0	0
X	61500001	0.335177	0.357112	1	0	0
X	62000001	0.408289	0.357112	1	0	0
X	62500001	0.512103	0.484247	1	0	0
X	63000001	0.483008	0.484247	1	0	0
X	63500001	0.476795	0.484247	1	0	0
X	64000001	0.447312	0.484247	1	0	0
X	64500001	0.473808	0.484247	1	0	0
X	65000001	0.481727	0.484247	1	0	0
X	65500001	0.481843	0.484247	1	0	0
X	66000001	0.494994	0.484247	1	0	0
X	66500001	0.490538	0.484247	1	0	0
X	67000001	0.47857	0.484247	1	0	0
X	67500001	0.466457	0.484247	1	0	0
X	68000001	0.504712	0.484247	1	0	0
X	68500001	0.490525	0.484247	1	0	0
X	69000001	0.508292	0.484247	1	0	0
X	69500001	0.470109	0.484247	1	0	0
X	70000001	0.48993	0.484247	1	0	0
X	70500001	0.472399	0.484247	1	0	0
X	71000001	0.468751	0.484247	1	0	0
X	71500001	0.498624	0.484247	1	0	0
X	72000001	0.494199	0.484247	1	0	0
X	72500001	0.478685	0.484247	1	0	0
X	73000001	0.470181	0.484247	1	0	0
X	73500001	0.514616	0.484247	1	0	0
X	74000001	0.507063	0.484247	1	0	0
X	74500001	0.467219	0.484247	1	0	0
X	75000001	0.479374	0.484247	1	0	0
X	75500001	0.468718	0.484247	1	0	0
X	76000001	0.468326	0.484247	1	0	0
X	76500001	0.457837	0.484247	1	0	0
X	77000001	0.498015	0.484247	1	0	0
X	77500001	0.507616	0.484247	1	0	0
X	78000001	0.50367	0.484247	1	0	0
X	78500001	0.498406	0.484247	1	0	0
X	79000001	0.464756	0.484247	1	0	0
X	79500001	0.448034	0.484247	1	0	0
X	80000001	0.49002	0.484247	1	0	0
X	80500001	0.482836	0.484247	1	0	0
X	81000001	0.485863	0.484247	1	0	0
X	81500001	0.473226	0.484247	1	0	0
X	82000001	0.489141	0.484247	1	0	0
X	82500001	0.5278	0.484247	1	0	0
X	83000001	0.470299	0.484247	1	0	0
X	83500001	0.465687	0.484247	1	0	0
X	84000001	0.471657	0.484247	1	0	0
X	84500001	0.485322	0.484247	1	0	0
X	85000001	0.472595	0.484247	1	0	0
X	85500001	0.490421	0.484247	1	0	0
X	86000001	0.46571	0.484247	1	0	0
X	86500001	0.478458	0.484247	1	0	0
X	87000001	0.489671	0.484247	1	0	0
X	87500001	0.504176	0.484247	1	0	0
X	88000001	0.474083	0.484247	1	0	0
X	88500001	0.477627	0.484247	1	0	0
X	89000001	0.456154	0.484247	1	0	0
X	89500001	0.440907	0.484247	1	0	0
X	90000001	0.432728	0.484247	1	0	0
X	90500001	0.459781	0.484247	1	0	0
X	91000001	0.442435	0.484247	1	0	0
X	91500001	0.449007	0.484247	1	0	0
X	92000001	0.441287	0.484247	1	0	0
X	92500001	0.433916	0.484247	1	0	0
X	93000001	0.480339	0.484247	1	0	0
X	93500001	0.475866	0.484247	1	0	0
X	94000001	0.459545	0.484247	1	0	0
X	94500001	0.455872	0.484247	1	0	0
X	95000001	0.467817	0.484247	1	0	0
X	95500001	0.47632	0.484247	1	0	0
X	96000001	0.479251	0.484247	1	0	0
X	96500001	0.439766	0.484247	1	0	0
X	97000001	0.448931	0.484247	1	0	0
X	97500001	0.465377	0.484247	1	0	0
X	98000001	0.500523	0.484247	1	0	0
X	98500001	0.477354	0.484247	1	0	0
X	99000001	0.486257	0.484247	1	0	0
X	99500001	0.463512	0.484247	1	0	0
X	100000001	0.457425	0.484247	1	0	0
X	100500001	0.502712	0.484247	1	0	0
X	101000001	0.487236	0.484247	1	0	0
X	101500001	0.491059	0.484247	1	0	0
X	102000001	0.487801	0.484247	1	0	0
X	102500001	0.468402	0.484247	1	0	0
X	103000001	0.491936	0.484247	1	0	0
X	103500001	0.501334	0.484247	1	0	0
X	104000001	0.519145	0.484247	1	0	0
X	104500001	0.500977	0.484247	1	0	0
X	105000001	0.510718	0.484247	1	0	0
X	105500001	0.520903	0.484247	1	0	0
X	106000001	0.531273	0.484247	1	0	0
X	106500001	0.522314	0.484247	1	0	0
X	107000001	0.526518	0.484247	1	0	0
X	107500001	0.517276	0.484247	1	0	0
X	108000001	0.52596	0.484247	1	0	0
X	108500001	0.484247	0.484247	1	0	0
X	109000001	0.472035	0.484247	1	0	0
X	109500001	0.507622	0.484247	1	0	0
X	110000001	0.533356	0.484247	1	0	0
X	110500001	0.493519	0.484247	1	0	0
X	111000001	0.494	0.484247	1	0	0
X	111500001	0.456729	0.484247	1	0	0
X	112000001	0.462718	0.484247	1	0	0
X	112500001	0.461233	0.484247	1	0	0
X	113000001	0.464407	0.484247	1	0	0
X	113500001	0.47571	0.484247	1	0	0
X	114000001	0.503695	0.484247	1	0	0
X	114500001	0.494651	0.484247	1	0	0
X	115000001	0.521159	0.484247	1	0	0
X	115500001	-1	0.484247	1	0	0
X	116000001	0.542924	0.484247	1	0	0
X	116500001	0.490854	0.484247	1	0	0
X	117000001	0.489794	0.484247	1	0	0
X	117500001	0.498061	0.484247	1	0	0
X	118000001	0.53137	0.484247	1	0	0
X	118500001	0.48503	0.484247	1	0	0
X	119000001	0.520582	0.484247	1	0	0
X	119500001	0.4926	0.484247	1	0	0
X	120000001	0.514591	0.484247	1	0	0
X	120500001	0.456632	0.484247	1	0	0
X	121000001	0.44313	0.484247	1	0	0
X	121500001	0.478251	0.484247	1	0	0
X	122000001	0.481426	0.484247	1	0	0
X	122500001	0.485016	0.484247	1	0	0
X	123000001	0.49531	0.484247	1	0	0
X	123500001	0.507319	0.484247	1	0	0
X	124000001	0.527021	0.484247	1	0	0
X	124500001	0.4584	0.484247	1	0	0
X	125000001	0.450995	0.484247	1	0	0
X	125500001	0.494206	0.484247	1	0	0
X	126000001	0.472651	0.484247	1	0	0
X	126500001	0.47476	0.484247	1	0	0
X	127000001	0.48428	0.484247	1	0	0
X	127500001	0.472154	0.484247	1	0	0
X	128000001	0.485673	0.484247	1	0	0
X	128500001	0.481555	0.484247	1	0	0
X	129000001	0.49897	0.484247	1	0	0
X	129500001	0.503955	0.484247	1	0	0
X	130000001	0.505305	0.484247	1	0	0
X	130500001	0.502706	0.484247	1	0	0
X	131000001	0.479091	0.484247	1	0	0
X	131500001	0.511756	0.484247	1	0	0
X	132000001	0.504736	0.484247	1	0	0
X	132500001	0.82491	0.82491	2	0	0
X	133000001	1.52493	1.52493	3	0	0
X	133500001	0.944034	0.944034	2	0	0
X	134000001	0.502434	0.493231	1	0	0
X	134500001	0.496515	0.493231	1	0	0
X	135000001	0.50519	0.493231	1	0	0
X	135500001	0.509713	0.493231	1	0	0
X	136000001	0.516583	0.493231	1	0	0
X	136500001	0.503756	0.493231	1	0	0
X	137000001	0.477927	0.493231	1	0	0
X	137500001	0.463964	0.493231	1	0	0
X	138000001	0.459189	0.493231	1	0	0
X	138500001	0.501392	0.493231	1	0	0
X	139000001	0.533756	0.493231	1	0	0
X	139500001	0.495109	0.493231	1	0	0
X	140000001	0.474172	0.493231	1	0	0
X	140500001	0.477123	0.493231	1	0	0
X	141000001	0.55933	0.493231	1	0	0
X	141500001	0.477641	0.493231	1	0	0
X	142000001	0.481273	0.493231	1	0	0
X	142500001	0.488269	0.493231	1	0	0
X	143000001	0.507955	0.493231	1	0	0
X	143500001	0.505422	0.493231	1	0	0
X	144000001	0.454117	0.493231	1	0	0
X	144500001	0.492399	0.493231	1	0	0
X	145000001	0.494063	0.493231	1	0	0
X	145500001	0.456204	0.493231	1	0	0
X	146000001	0.443796	0.493231	1	0	0
X	146500001	0.47429	0.493231	1	0	0
X	147000001	0.487178	0.493231	1	0	0
X	147500001	0.506505	0.493231	1	0	0
X	148000001	0.475279	0.493231	1	0	0
X	148500001	0.509262	0.493231	1	0	0
X	149000001	0.479226	0.493231	1	0	0
X	149500001	0.45736	0.493231	1	0	0
X	150000001	0.47824	0.493231	1	0	0
X	150500001	0.468491	0.493231	1	0	0
X	151000001	0.472922	0.493231	1	0	0
X	151500001	0.5053	0.493231	1	0	0
X	152000001	0.517064	0.493231	1	0	0
X	152500001	0.538909	0.493231	1	0	0
X	153000001	0.521618	0.493231	1	0	0
X	153500001	0.471373	0.493231	1	0	0
X	154000001	0.46283	0.493231	1	0	0
X	154500001	0.508706	0.493231	1	0	0
X	155000001	0.514837	0.493231	1	0	0
X	155500001	0.539314	0.493231	1	0	0
X	156000001	-1	-1	-1	0	0
Y	1	-1	-1	-1	0	0
Y	500001	-1	-1	-1	0	0
Y	1000001	-1	-1	-1	0	0
Y	1500001	-1	-1	-1	0	0
Y	2000001	-1	-1	-1	0	0
Y	2500001	-1	-1	-1	0	0
Y	3000001	0.035993	0.00989292	0	0	0
Y	3500001	0.0248135	0.00989292	0	0	0
Y	4000001	0.0196693	0.00989292	0	0	0
Y	4500001	0.0404147	0.00989292	0	0	0
Y	5000001	0.0318454	0.00989292	0	0	0
Y	5500001	0.0302385	0.00989292	0	0	0
Y	6000001	0.00635537	0.00989292	0	0	0
Y	6500001	0.00845104	0.00989292	0	0	0
Y	7000001	0.00502192	0.00989292	0	0	0
Y	7500001	0.000286544	0.00989292	0	0	0
Y	8000001	0.000875303	0.00989292	0	0	0
Y	8500001	0	0.00989292	0	0	0
Y	9000001	-1	0.00989292	0	0	0
Y	9500001	0.00989292	0.00989292	0	0	0
Y	10000001	0.0556597	0.0556597	0	0	0
Y	10500001	-1	-1	-1	0	0
Y	11000001	0.713493	0.959326	2	0	0
Y	11500001	1.20516	0.959326	2	0	0
Y	12000001	0.000280051	0.00120441	0	0	0
Y	12500001	0	0.00120441	0	0	0
Y	13000001	0.00119029	0.00120441	0	0	0
Y	13500001	0.00375032	0.00120441	0	0	0
Y	14000001	0.00117293	0.00120441	0	0	0
Y	14500001	0.00073662	0.00120441	0	0	0
Y	15000001	0.000289589	0.00120441	0	0	0
Y	15500001	0.000590223	0.00120441	0	0	0
Y	16000001	0	0.00120441	0	0	0
Y	16500001	0.00120441	0.00120441	0	0	0
Y	17000001	0.00737284	0.00120441	0	0	0
Y	17500001	0.00202541	0.00120441	0	0	0
Y	18000001	0.0017376	0.00120441	0	0	0
Y	18500001	0	0.00120441	0	0	0
Y	19000001	0.0017428	0.00120441	0	0	0
Y	19500001	0.00148644	0.00120441	0	0	0
Y	20000001	0.00574322	0.00120441	0	0	0
Y	20500001	0.00116222	0.00120441	0	0	0
Y	21000001	0.000292481	0.00120441	0	0	0
Y	21500001	0.00059171	0.00120441	0	0	0
Y	22000001	0.000858313	0.00120441	0	0	0
Y	22500001	0.00144714	0.00120441	0	0	0
Y	23000001	0.000884883	0.00120441	0	0	0
Y	23500001	0.00238785	0.00120441	0	0	0
Y	24000001	0.00170353	0.00120441	0	0	0
Y	24500001	0.00290003	0.00120441	0	0	0
Y	25000001	0.00421389	0.00120441	0	0	0
Y	25500001	0.00238705	0.00120441	0	0	0
Y	26000001	0.0161794	0.00120441	0	0	0
Y	26500001	-1	-1	-1	0	0
Y	27000001	-1	-1	-1	0	0
Y	27500001	-1	-1	-1	0	0
Y	28000001	-1	-1	-1	0	0
Y	28500001	-1	-1	-1	0	0
Y	29000001	-1	-1	-1	0	0
Y	29500001	-1	-1	-1	0	0
Y	30000001	-1	-1	-1	0	0
Y	30500001	-1	-1	-1	0	0
Y	31000001	-1	-1	-1	0	0
Y	31500001	-1	-1	-1	0	0
Y	32000001	-1	-1	-1	0	0
Y	32500001	-1	-1	-1	0	0
Y	33000001	-1	-1	-1	0	0
Y	33500001	-1	-1	-1	0	0
Y	34000001	-1	-1	-1	0	0
Y	34500001	-1	-1	-1	0	0
Y	35000001	-1	-1	-1	0	0
Y	35500001	-1	-1	-1	0	0
Y	36000001	-1	-1	-1	0	0
Y	36500001	-1	-1	-1	0	0
Y	37000001	-1	-1	-1	0	0
Y	37500001	-1	-1	-1	0	0
Y	38000001	-1	-1	-1	0	0
Y	38500001	-1	-1	-1	0	0
Y	39000001	-1	-1	-1	0	0
Y	39500001	-1	-1	-1	0	0
Y	40000001	-1	-1	-1	0	0
Y	40500001	-1	-1	-1	0	0
Y	41000001	-1	-1	-1	0	0
Y	41500001	-1	-1	-1	0	0
Y	42000001	-1	-1	-1	0	0
Y	42500001	-1	-1	-1	0	0
Y	43000001	-1	-1	-1	0	0
Y	43500001	-1	-1	-1	0	0
Y	44000001	-1	-1	-1	0	0
Y	44500001	-1	-1	-1	0	0
Y	45000001	-1	-1	-1	0	0
Y	45500001	-1	-1	-1	0	0
Y	46000001	-1	-1	-1	0	0
Y	46500001	-1	-1	-1	0	0
Y	47000001	-1	-1	-1	0	0
Y	47500001	-1	-1	-1	0	0
Y	48000001	-1	-1	-1	0	0
Y	48500001	-1	-1	-1	0	0
Y	49000001	-1	-1	-1	0	0
Y	49500001	-1	-1	-1	0	0
Y	50000001	-1	-1	-1	0	0
Y	50500001	-1	-1	-1	0	0
Y	51000001	-1	-1	-1	0	0
Y	51500001	-1	-1	-1	0	0
Y	52000001	-1	-1	-1	0	0
Y	52500001	-1	-1	-1	0	0
Y	53000001	-1	-1	-1	0	0
Y	53500001	-1	-1	-1	0	0
Y	54000001	-1	-1	-1	0	0
Y	54500001	-1	-1	-1	0	0
Y	55000001	-1	-1	-1	0	0
Y	55500001	-1	-1	-1	0	0
Y	56000001	-1	-1	-1	0	0
Y	56500001	-1	-1	-1	0	0
Y	57000001	-1	-1	-1	0	0
