Chromosome	Start	Ratio	MedianRatio	CopyNumber	Subclone_CN	Subclone_Population
1	1	-1	-1	-1	0	0
1	500001	1.71573	1.55447	3	0	0
1	1000001	1.58454	1.55447	3	0	0
1	1500001	1.5244	1.55447	3	0	0
1	2000001	1.5159	1.55447	3	0	0
1	2500001	2.19802	2.19802	4	0	0
1	3000001	1.49102	1.47919	3	0	0
1	3500001	1.455	1.47919	3	0	0
1	4000001	1.40633	1.47919	3	0	0
1	4500001	1.37778	1.47919	3	0	0
1	5000001	1.39685	1.47919	3	0	0
1	5500001	1.45588	1.47919	3	0	0
1	6000001	1.49419	1.47919	3	0	0
1	6500001	1.51049	1.47919	3	0	0
1	7000001	1.44584	1.47919	3	0	0
1	7500001	1.47927	1.47919	3	0	0
1	8000001	1.47633	1.47919	3	0	0
1	8500001	1.49879	1.47919	3	0	0
1	9000001	1.51521	1.47919	3	0	0
1	9500001	1.52625	1.47919	3	0	0
1	10000001	1.53363	1.47919	3	0	0
1	10500001	1.5263	1.47919	3	0	0
1	11000001	1.52348	1.47919	3	0	0
1	11500001	1.45344	1.47919	3	0	0
1	12000001	1.54607	1.47919	3	0	0
1	12500001	1.50092	1.47919	3	0	0
1	13000001	1.43683	1.47919	3	0	0
1	13500001	1.47461	1.47919	3	0	0
1	14000001	1.37839	1.47919	3	0	0
1	14500001	1.47919	1.47919	3	0	0
1	15000001	1.4171	1.47919	3	0	0
1	15500001	1.00763	1.02645	2	0	0
1	16000001	1.04527	1.02645	2	0	0
1	16500001	2.30684	2.30684	5	0	0
1	17000001	1.16703	1.03338	2	0	0
1	17500001	1.18499	1.03338	2	0	0
1	18000001	0.976309	1.03338	2	0	0
1	18500001	1.01093	1.03338	2	0	0
1	19000001	1.0345	1.03338	2	0	0
1	19500001	1.00067	1.03338	2	0	0
1	20000001	1.02159	1.03338	2	0	0
1	20500001	1.03225	1.03338	2	0	0
1	21000001	1.04955	1.03338	2	0	0
1	21500001	1.0211	1.03338	2	0	0
1	22000001	1.04327	1.03338	2	0	0
1	22500001	1.04233	1.03338	2	0	0
1	23000001	1.59603	1.50512	3	0	0
1	23500001	1.50512	1.50512	3	0	0
1	24000001	1.28585	1.50512	3	0	0
1	24500001	0.978036	1.00384	2	0	0
1	25000001	1.0261	1.00384	2	0	0
1	25500001	1.02833	1.00384	2	0	0
1	26000001	1.05004	1.00384	2	0	0
1	26500001	1.00678	1.00384	2	0	0
1	27000001	0.985413	1.00384	2	0	0
1	27500001	0.99394	1.00384	2	0	0
1	28000001	0.968895	1.00384	2	0	0
1	28500001	1.01716	1.00384	2	0	0
1	29000001	0.946097	1.00384	2	0	0
1	29500001	0.943546	1.00384	2	0	0
1	30000001	0.949799	1.00384	2	0	0
1	30500001	0.994355	1.00384	2	0	0
1	31000001	1.00678	1.00384	2	0	0
1	31500001	0.997745	1.00384	2	0	0
1	32000001	0.999833	1.00384	2	0	0
1	32500001	1.03858	1.00384	2	0	0
1	33000001	1.00395	1.00384	2	0	0
1	33500001	1.03669	1.00384	2	0	0
1	34000001	0.955758	1.00384	2	0	0
1	34500001	0.941179	1.00384	2	0	0
1	35000001	0.907882	1.00384	2	0	0
1	35500001	1.04822	1.00384	2	0	0
1	36000001	1.01913	1.00384	2	0	0
1	36500001	1.00983	1.00384	2	0	0
1	37000001	0.982259	1.00384	2	0	0
1	37500001	0.978547	1.00384	2	0	0
1	38000001	1.01225	1.00384	2	0	0
1	38500001	1.00767	1.00384	2	0	0
1	39000001	0.990929	1.00384	2	0	0
1	39500001	1.01547	1.00384	2	0	0
1	40000001	1.03655	1.00384	2	0	0
1	40500001	1.02156	1.00384	2	0	0
1	41000001	1.03931	1.00384	2	0	0
1	41500001	0.973052	1.00384	2	0	0
1	42000001	1.01106	1.00384	2	0	0
1	42500001	0.986116	1.00384	2	0	0
1	43000001	1.00299	1.00384	2	0	0
1	43500001	1.02099	1.00384	2	0	0
1	44000001	1.03803	1.00384	2	0	0
1	44500001	0.983975	1.00384	2	0	0
1	45000001	1.04185	1.00384	2	0	0
1	45500001	0.987027	1.00384	2	0	0
1	46000001	1.07069	1.00384	2	0	0
1	46500001	1.03567	1.00384	2	0	0
1	47000001	0.993054	1.00384	2	0	0
1	47500001	0.994645	1.00384	2	0	0
1	48000001	0.957901	1.00384	2	0	0
1	48500001	0.974924	1.00384	2	0	0
1	49000001	0.968738	1.00384	2	0	0
1	49500001	0.965122	1.00384	2	0	0
1	50000001	0.984436	1.00384	2	0	0
1	50500001	0.998574	1.00384	2	0	0
1	51000001	1.02665	1.00384	2	0	0
1	51500001	1.01803	1.00384	2	0	0
1	52000001	0.999669	1.00384	2	0	0
1	52500001	0.943216	1.00384	2	0	0
1	53000001	1.01787	1.00384	2	0	0
1	53500001	1.01224	1.00384	2	0	0
1	54000001	0.993308	1.00384	2	0	0
1	54500001	0.974562	1.00384	2	0	0
1	55000001	1.03873	1.00384	2	0	0
1	55500001	0.977684	1.00384	2	0	0
1	56000001	0.93817	1.00384	2	0	0
1	56500001	0.953244	1.00384	2	0	0
1	57000001	0.981841	1.00384	2	0	0
1	57500001	0.932523	1.00384	2	0	0
1	58000001	1.00285	1.00384	2	0	0
1	58500001	1.07759	1.00384	2	0	0
1	59000001	1.03857	1.00384	2	0	0
1	59500001	1.04343	1.00384	2	0	0
1	60000001	0.956075	1.00384	2	0	0
1	60500001	1.04149	1.00384	2	0	0
1	61000001	1.02463	1.00384	2	0	0
1	61500001	1.05507	1.00384	2	0	0
1	62000001	1.00875	1.00384	2	0	0
1	62500001	1.04531	1.00384	2	0	0
1	63000001	1.0241	1.00384	2	0	0
1	63500001	1.02244	1.00384	2	0	0
1	64000001	1.02252	1.00384	2	0	0
1	64500001	0.990837	1.00384	2	0	0
1	65000001	0.978763	1.00384	2	0	0
1	65500001	0.94185	1.00384	2	0	0
1	66000001	1.17656	1.00384	2	0	0
1	66500001	0.984378	1.00384	2	0	0
1	67000001	1.028	1.00384	2	0	0
1	67500001	1.01731	1.00384	2	0	0
1	68000001	1.05967	1.00384	2	0	0
1	68500001	1.02937	1.00384	2	0	0
1	69000001	0.977171	1.00384	2	0	0
1	69500001	0.976204	1.00384	2	0	0
1	70000001	0.969906	1.00384	2	0	0
1	70500001	0.986911	1.00384	2	0	0
1	71000001	0.958914	1.00384	2	0	0
1	71500001	0.986191	1.00384	2	0	0
1	72000001	0.885357	1.00384	2	0	0
1	72500001	0.925338	1.00384	2	0	0
1	73000001	0.955419	1.00384	2	0	0
1	73500001	0.993336	1.00384	2	0	0
1	74000001	0.951134	1.00384	2	0	0
1	74500001	0.925872	1.00384	2	0	0
1	75000001	0.983162	1.00384	2	0	0
1	75500001	0.957385	1.00384	2	0	0
1	76000001	0.931798	1.00384	2	0	0
1	76500001	0.950244	1.00384	2	0	0
1	77000001	1.01073	1.00384	2	0	0
1	77500001	1.01171	1.00384	2	0	0
1	78000001	1.03299	1.00384	2	0	0
1	78500001	1.03076	1.00384	2	0	0
1	79000001	0.995287	1.00384	2	0	0
1	79500001	0.916316	1.00384	2	0	0
1	80000001	0.972216	1.00384	2	0	0
1	80500001	0.946178	1.00384	2	0	0
1	81000001	0.988197	1.00384	2	0	0
1	81500001	0.938046	1.00384	2	0	0
1	82000001	0.994848	1.00384	2	0	0
1	82500001	1.00859	1.00384	2	0	0
1	83000001	1.00895	1.00384	2	0	0
1	83500001	1.01159	1.00384	2	0	0
1	84000001	1.03703	1.00384	2	0	0
1	84500001	1.08776	1.00384	2	0	0
1	85000001	1.06628	1.00384	2	0	0
1	85500001	1.01887	1.00384	2	0	0
1	86000001	0.993174	1.00384	2	0	0
1	86500001	1.01947	1.00384	2	0	0
1	87000001	0.965123	1.00384	2	0	0
1	87500001	1.05468	1.00384	2	0	0
1	88000001	1.05981	1.00384	2	0	0
1	88500001	1.01441	1.00384	2	0	0
1	89000001	1.03982	1.00384	2	0	0
1	89500001	1.09606	1.00384	2	0	0
1	90000001	1.05586	1.00384	2	0	0
1	90500001	0.983019	1.00384	2	0	0
1	91000001	0.992701	1.00384	2	0	0
1	91500001	0.965107	1.00384	2	0	0
1	92000001	1.01434	1.00384	2	0	0
1	92500001	1.03338	1.00384	2	0	0
1	93000001	1.09709	1.00384	2	0	0
1	93500001	1.06956	1.00384	2	0	0
1	94000001	1.04754	1.00384	2	0	0
1	94500001	1.09395	1.00384	2	0	0
1	95000001	1.05683	1.00384	2	0	0
1	95500001	0.968588	1.00384	2	0	0
1	96000001	0.946945	1.00384	2	0	0
1	96500001	1.01929	1.00384	2	0	0
1	97000001	1.01687	1.00384	2	0	0
1	97500001	1.07909	1.00384	2	0	0
1	98000001	1.1044	1.00384	2	0	0
1	98500001	1.03456	1.00384	2	0	0
1	99000001	0.989117	1.00384	2	0	0
1	99500001	1.03647	1.00384	2	0	0
1	100000001	1.01299	1.00384	2	0	0
1	100500001	0.977638	1.00384	2	0	0
1	101000001	0.979029	1.00384	2	0	0
1	101500001	1.04018	1.00384	2	0	0
1	102000001	0.945327	1.00384	2	0	0
1	102500001	0.997041	1.00384	2	0	0
1	103000001	1.00384	1.00384	2	0	0
1	103500001	0.962446	1.00384	2	0	0
1	104000001	0.972883	1.00384	2	0	0
1	104500001	0.925771	1.00384	2	0	0
1	105000001	0.994177	1.00384	2	0	0
1	105500001	0.898498	1.00384	2	0	0
1	106000001	0.951676	1.00384	2	0	0
1	106500001	0.96574	1.00384	2	0	0
1	107000001	0.986754	1.00384	2	0	0
1	107500001	1.03437	1.00384	2	0	0
1	108000001	1.00237	1.00384	2	0	0
1	108500001	1.00812	1.00384	2	0	0
1	109000001	0.977978	1.00384	2	0	0
1	109500001	0.973751	1.00384	2	0	0
1	110000001	0.991705	1.00384	2	0	0
1	110500001	0.99985	1.00384	2	0	0
1	111000001	0.998506	1.00384	2	0	0
1	111500001	0.990352	1.00384	2	0	0
1	112000001	1.0602	1.00384	2	0	0
1	112500001	1.01977	1.00384	2	0	0
1	113000001	1.06647	1.00384	2	0	0
1	113500001	1.0351	1.00384	2	0	0
1	114000001	1.01599	1.00384	2	0	0
1	114500001	1.02413	1.00384	2	0	0
1	115000001	1.06855	1.00384	2	0	0
1	115500001	1.03596	1.00384	2	0	0
1	116000001	1.048	1.00384	2	0	0
1	116500001	1.02861	1.00384	2	0	0
1	117000001	1.06075	1.00384	2	0	0
1	117500001	1.08671	1.00384	2	0	0
1	118000001	1.04017	1.00384	2	0	0
1	118500001	1.00313	1.00384	2	0	0
1	119000001	1.05534	1.00384	2	0	0
1	119500001	1.06985	1.00384	2	0	0
1	120000001	0.841875	0.841875	2	0	0
1	120500001	0.588099	0.841875	2	0	0
1	121000001	1.02758	0.841875	2	0	0
1	121500001	0.934233	0.841875	2	0	0
1	122000001	0.525191	0.841875	2	0	0
1	122500001	1.70097	1.70764	3	0	0
1	123000001	1.71431	1.70764	3	0	0
1	123500001	2.09503	2.09503	4	0	0
1	124000001	2.67185	2.67185	5	0	0
1	124500001	3.52702	3.52702	7	0	0
1	125000001	-1	-1	-1	0	0
1	125500001	-1	-1	-1	0	0
1	126000001	-1	-1	-1	0	0
1	126500001	-1	-1	-1	0	0
1	127000001	-1	-1	-1	0	0
1	127500001	-1	-1	-1	0	0
1	128000001	-1	-1	-1	0	0
1	128500001	-1	-1	-1	0	0
1	129000001	-1	-1	-1	0	0
1	129500001	-1	-1	-1	0	0
1	130000001	-1	-1	-1	0	0
1	130500001	-1	-1	-1	0	0
1	131000001	-1	-1	-1	0	0
1	131500001	-1	-1	-1	0	0
1	132000001	-1	-1	-1	0	0
1	132500001	-1	-1	-1	0	0
1	133000001	-1	-1	-1	0	0
1	133500001	-1	-1	-1	0	0
1	134000001	-1	-1	-1	0	0
1	134500001	-1	-1	-1	0	0
1	135000001	-1	-1	-1	0	0
1	135500001	-1	-1	-1	0	0
1	136000001	-1	-1	-1	0	0
1	136500001	-1	-1	-1	0	0
1	137000001	-1	-1	-1	0	0
1	137500001	-1	-1	-1	0	0
1	138000001	-1	-1	-1	0	0
1	138500001	-1	-1	-1	0	0
1	139000001	-1	-1	-1	0	0
1	139500001	-1	-1	-1	0	0
1	140000001	-1	-1	-1	0	0
1	140500001	-1	-1	-1	0	0
1	141000001	-1	-1	-1	0	0
1	141500001	-1	-1	-1	0	0
1	142000001	-1	-1	-1	0	0
1	142500001	-1	-1	-1	0	0
1	143000001	-1	-1	-1	0	0
1	143500001	1.01351	1.01259	2	0	0
1	144000001	1.01534	1.01259	2	0	0
1	144500001	1.02031	1.01259	2	0	0
1	145000001	1.19852	1.01259	2	0	0
1	145500001	1.03911	1.01259	2	0	0
1	146000001	0.974108	1.01259	2	0	0
1	146500001	1.03754	1.01259	2	0	0
1	147000001	1.01763	1.01259	2	0	0
1	147500001	1.02257	1.01259	2	0	0
1	148000001	1.12495	1.01259	2	0	0
1	148500001	1.11547	1.01259	2	0	0
1	149000001	1.05533	1.01259	2	0	0
1	149500001	0.974188	1.01259	2	0	0
1	150000001	0.976176	1.01259	2	0	0
1	150500001	0.980557	1.01259	2	0	0
1	151000001	1.00222	1.01259	2	0	0
1	151500001	1.06052	1.01259	2	0	0
1	152000001	1.0407	1.01259	2	0	0
1	152500001	1.02892	1.01259	2	0	0
1	153000001	1.02833	1.01259	2	0	0
1	153500001	1.06106	1.01259	2	0	0
1	154000001	1.00743	1.01259	2	0	0
1	154500001	0.991604	1.01259	2	0	0
1	155000001	0.962564	1.01259	2	0	0
1	155500001	0.986195	1.01259	2	0	0
1	156000001	1.02799	1.01259	2	0	0
1	156500001	1.03373	1.01259	2	0	0
1	157000001	1.00691	1.01259	2	0	0
1	157500001	1.00612	1.01259	2	0	0
1	158000001	0.912645	1.01259	2	0	0
1	158500001	0.949918	1.01259	2	0	0
1	159000001	1.01259	1.01259	2	0	0
1	159500001	0.990527	1.01259	2	0	0
1	160000001	1.01965	1.01259	2	0	0
1	160500001	1.03987	1.01259	2	0	0
1	161000001	1.19794	1.01259	2	0	0
1	161500001	1.03301	1.01259	2	0	0
1	162000001	0.983376	1.01259	2	0	0
1	162500001	0.992443	1.01259	2	0	0
1	163000001	0.986228	1.01259	2	0	0
1	163500001	0.942343	1.01259	2	0	0
1	164000001	1.02379	1.01259	2	0	0
1	164500001	1.00732	1.01259	2	0	0
1	165000001	1.01514	1.01259	2	0	0
1	165500001	0.908168	1.01259	2	0	0
1	166000001	0.932858	1.01259	2	0	0
1	166500001	0.970633	1.01259	2	0	0
1	167000001	1.08731	1.01259	2	0	0
1	167500001	1.01764	1.01259	2	0	0
1	168000001	1.02302	1.01259	2	0	0
1	168500001	1.0116	1.01259	2	0	0
1	169000001	0.929418	1.01259	2	0	0
1	169500001	0.977629	1.01259	2	0	0
1	170000001	0.942184	1.01259	2	0	0
1	170500001	0.955712	1.01259	2	0	0
1	171000001	0.922248	1.01259	2	0	0
1	171500001	0.984651	1.01259	2	0	0
1	172000001	1.07868	1.01259	2	0	0
1	172500001	1.02058	1.01259	2	0	0
1	173000001	1.4597	1.50777	3	0	0
1	173500001	1.43603	1.50777	3	0	0
1	174000001	1.44187	1.50777	3	0	0
1	174500001	1.44965	1.50777	3	0	0
1	175000001	1.55261	1.50777	3	0	0
1	175500001	1.41656	1.50777	3	0	0
1	176000001	1.43143	1.50777	3	0	0
1	176500001	1.3892	1.50777	3	0	0
1	177000001	1.43371	1.50777	3	0	0
1	177500001	1.45045	1.50777	3	0	0
1	178000001	1.59481	1.50777	3	0	0
1	178500001	1.50014	1.50777	3	0	0
1	179000001	1.49257	1.50777	3	0	0
1	179500001	1.5333	1.50777	3	0	0
1	180000001	1.59392	1.50777	3	0	0
1	180500001	1.51025	1.50777	3	0	0
1	181000001	1.53887	1.50777	3	0	0
1	181500001	1.49292	1.50777	3	0	0
1	182000001	1.45131	1.50777	3	0	0
1	182500001	1.54457	1.50777	3	0	0
1	183000001	1.55686	1.50777	3	0	0
1	183500001	1.56913	1.50777	3	0	0
1	184000001	1.48087	1.50777	3	0	0
1	184500001	1.50077	1.50777	3	0	0
1	185000001	1.57486	1.50777	3	0	0
1	185500001	1.59104	1.50777	3	0	0
1	186000001	1.63061	1.50777	3	0	0
1	186500001	1.59252	1.50777	3	0	0
1	187000001	1.54074	1.50777	3	0	0
1	187500001	1.49677	1.50777	3	0	0
1	188000001	1.54355	1.50777	3	0	0
1	188500001	1.47199	1.50777	3	0	0
1	189000001	1.5009	1.50777	3	0	0
1	189500001	1.60792	1.50777	3	0	0
1	190000001	1.60024	1.50777	3	0	0
1	190500001	1.50311	1.50777	3	0	0
1	191000001	1.53554	1.50777	3	0	0
1	191500001	1.52142	1.50777	3	0	0
1	192000001	1.55529	1.50777	3	0	0
1	192500001	1.57224	1.50777	3	0	0
1	193000001	1.53479	1.50777	3	0	0
1	193500001	1.55041	1.50777	3	0	0
1	194000001	1.55491	1.50777	3	0	0
1	194500001	1.48907	1.50777	3	0	0
1	195000001	1.45453	1.50777	3	0	0
1	195500001	1.4997	1.50777	3	0	0
1	196000001	1.55284	1.50777	3	0	0
1	196500001	1.49526	1.50777	3	0	0
1	197000001	1.5228	1.50777	3	0	0
1	197500001	1.50369	1.50777	3	0	0
1	198000001	1.53245	1.50777	3	0	0
1	198500001	1.60723	1.50777	3	0	0
1	199000001	1.56298	1.50777	3	0	0
1	199500001	1.51692	1.50777	3	0	0
1	200000001	1.48578	1.50777	3	0	0
1	200500001	1.52955	1.50777	3	0	0
1	201000001	1.57441	1.50777	3	0	0
1	201500001	1.51871	1.50777	3	0	0
1	202000001	1.50106	1.50777	3	0	0
1	202500001	1.57385	1.50777	3	0	0
1	203000001	1.57229	1.50777	3	0	0
1	203500001	1.59065	1.50777	3	0	0
1	204000001	1.55406	1.50777	3	0	0
1	204500001	1.5977	1.50777	3	0	0
1	205000001	1.47992	1.50777	3	0	0
1	205500001	1.52975	1.50777	3	0	0
1	206000001	1.51423	1.50777	3	0	0
1	206500001	1.59468	1.50777	3	0	0
1	207000001	1.50873	1.50777	3	0	0
1	207500001	1.42992	1.50777	3	0	0
1	208000001	1.48669	1.50777	3	0	0
1	208500001	1.5354	1.50777	3	0	0
1	209000001	1.54895	1.50777	3	0	0
1	209500001	1.57578	1.50777	3	0	0
1	210000001	1.52364	1.50777	3	0	0
1	210500001	1.38112	1.50777	3	0	0
1	211000001	1.50918	1.50777	3	0	0
1	211500001	1.47492	1.50777	3	0	0
1	212000001	1.52885	1.50777	3	0	0
1	212500001	1.48176	1.50777	3	0	0
1	213000001	1.46481	1.50777	3	0	0
1	213500001	1.42655	1.50777	3	0	0
1	214000001	1.53348	1.50777	3	0	0
1	214500001	1.55997	1.50777	3	0	0
1	215000001	1.53613	1.50777	3	0	0
1	215500001	1.51296	1.50777	3	0	0
1	216000001	1.42738	1.50777	3	0	0
1	216500001	1.42721	1.50777	3	0	0
1	217000001	1.45133	1.50777	3	0	0
1	217500001	1.49184	1.50777	3	0	0
1	218000001	1.51843	1.50777	3	0	0
1	218500001	1.52038	1.50777	3	0	0
1	219000001	1.517	1.50777	3	0	0
1	219500001	1.47065	1.50777	3	0	0
1	220000001	1.55555	1.50777	3	0	0
1	220500001	1.54783	1.50777	3	0	0
1	221000001	1.51246	1.50777	3	0	0
1	221500001	1.54042	1.50777	3	0	0
1	222000001	1.44291	1.50777	3	0	0
1	222500001	1.50367	1.50777	3	0	0
1	223000001	1.46862	1.50777	3	0	0
1	223500001	1.48722	1.50777	3	0	0
1	224000001	1.50015	1.50777	3	0	0
1	224500001	1.49926	1.50777	3	0	0
1	225000001	1.60496	1.50777	3	0	0
1	225500001	1.56466	1.50777	3	0	0
1	226000001	1.45906	1.50777	3	0	0
1	226500001	1.46966	1.50777	3	0	0
1	227000001	1.52021	1.50777	3	0	0
1	227500001	1.47582	1.50777	3	0	0
1	228000001	1.4792	1.50777	3	0	0
1	228500001	1.93264	1.50777	3	0	0
1	229000001	1.5378	1.50777	3	0	0
1	229500001	1.48124	1.50777	3	0	0
1	230000001	1.50304	1.50777	3	0	0
1	230500001	1.43825	1.50777	3	0	0
1	231000001	1.51159	1.50777	3	0	0
1	231500001	1.41552	1.50777	3	0	0
1	232000001	1.02852	1.50777	3	0	0
1	232500001	1.46187	1.50777	3	0	0
1	233000001	1.56143	1.50777	3	0	0
1	233500001	1.54862	1.50777	3	0	0
1	234000001	1.55944	1.50777	3	0	0
1	234500001	1.63313	1.50777	3	0	0
1	235000001	1.51758	1.50777	3	0	0
1	235500001	1.52969	1.50777	3	0	0
1	236000001	1.53891	1.50777	3	0	0
1	236500001	1.51325	1.50777	3	0	0
1	237000001	1.44831	1.50777	3	0	0
1	237500001	1.423	1.50777	3	0	0
1	238000001	1.47586	1.50777	3	0	0
1	238500001	1.48562	1.50777	3	0	0
1	239000001	1.5068	1.50777	3	0	0
1	239500001	1.45796	1.50777	3	0	0
1	240000001	1.53361	1.50777	3	0	0
1	240500001	1.4491	1.50777	3	0	0
1	241000001	1.4818	1.50777	3	0	0
1	241500001	1.52426	1.50777	3	0	0
1	242000001	1.43184	1.50777	3	0	0
1	242500001	1.37564	1.50777	3	0	0
1	243000001	1.45894	1.50777	3	0	0
1	243500001	1.46092	1.50777	3	0	0
1	244000001	1.50516	1.50777	3	0	0
1	244500001	1.44579	1.50777	3	0	0
1	245000001	1.48286	1.50777	3	0	0
1	245500001	1.37462	1.50777	3	0	0
1	246000001	1.49294	1.50777	3	0	0
1	246500001	1.55469	1.50777	3	0	0
1	247000001	1.38578	1.50777	3	0	0
1	247500001	1.40771	1.50777	3	0	0
1	248000001	1.41443	1.50777	3	0	0
1	248500001	1.27395	1.50777	3	0	0
10	1	1.97096	1.97096	4	0	0
10	500001	1.51069	1.51069	3	0	0
10	1000001	1.43094	1.51069	3	0	0
10	1500001	1.44774	1.51069	3	0	0
10	2000001	1.45556	1.51069	3	0	0
10	2500001	1.49276	1.51069	3	0	0
10	3000001	1.52292	1.51069	3	0	0
10	3500001	1.51191	1.51069	3	0	0
10	4000001	1.5453	1.51069	3	0	0
10	4500001	1.61012	1.51069	3	0	0
10	5000001	1.61343	1.51069	3	0	0
10	5500001	1.50151	1.51069	3	0	0
10	6000001	1.54513	1.51069	3	0	0
10	6500001	1.44889	1.51069	3	0	0
10	7000001	1.43169	1.51069	3	0	0
10	7500001	1.9234	1.51069	3	0	0
10	8000001	2.45374	2.52563	5	0	0
10	8500001	2.59752	2.52563	5	0	0
10	9000001	1.7661	1.44336	3	0	0
10	9500001	1.44	1.44336	3	0	0
10	10000001	1.40179	1.44336	3	0	0
10	10500001	1.43556	1.44336	3	0	0
10	11000001	1.44412	1.44336	3	0	0
10	11500001	1.52294	1.44336	3	0	0
10	12000001	1.52594	1.44336	3	0	0
10	12500001	1.52417	1.44336	3	0	0
10	13000001	1.48256	1.44336	3	0	0
10	13500001	1.53865	1.44336	3	0	0
10	14000001	1.47255	1.44336	3	0	0
10	14500001	1.51089	1.44336	3	0	0
10	15000001	1.44616	1.44336	3	0	0
10	15500001	1.4426	1.44336	3	0	0
10	16000001	1.40024	1.44336	3	0	0
10	16500001	1.37738	1.44336	3	0	0
10	17000001	1.52607	1.44336	3	0	0
10	17500001	1.41203	1.44336	3	0	0
10	18000001	1.39465	1.44336	3	0	0
10	18500001	1.36834	1.44336	3	0	0
10	19000001	1.36315	1.44336	3	0	0
10	19500001	1.36457	1.44336	3	0	0
10	20000001	0.620861	0.502395	1	0	0
10	20500001	0.487045	0.502395	1	0	0
10	21000001	0.487248	0.502395	1	0	0
10	21500001	0.502395	0.502395	1	0	0
10	22000001	0.505266	0.502395	1	0	0
10	22500001	0.468471	0.502395	1	0	0
10	23000001	0.492285	0.502395	1	0	0
10	23500001	0.517273	0.502395	1	0	0
10	24000001	0.520131	0.502395	1	0	0
10	24500001	0.469619	0.502395	1	0	0
10	25000001	0.481582	0.502395	1	0	0
10	25500001	0.504071	0.502395	1	0	0
10	26000001	0.504481	0.502395	1	0	0
10	26500001	0.512339	0.502395	1	0	0
10	27000001	0.506135	0.502395	1	0	0
10	27500001	0.501324	0.502395	1	0	0
10	28000001	0.501157	0.502395	1	0	0
10	28500001	0.501746	0.502395	1	0	0
10	29000001	0.506614	0.502395	1	0	0
10	29500001	0.821846	0.981806	2	0	0
10	30000001	0.980565	0.981806	2	0	0
10	30500001	0.978221	0.981806	2	0	0
10	31000001	0.971848	0.981806	2	0	0
10	31500001	1.17015	0.981806	2	0	0
10	32000001	1.14046	0.981806	2	0	0
10	32500001	1.08416	0.981806	2	0	0
10	33000001	1.01205	0.981806	2	0	0
10	33500001	1.02972	0.981806	2	0	0
10	34000001	1.04881	0.981806	2	0	0
10	34500001	0.974006	0.981806	2	0	0
10	35000001	1.05318	0.981806	2	0	0
10	35500001	0.983047	0.981806	2	0	0
10	36000001	1.03938	0.981806	2	0	0
10	36500001	0.96697	0.981806	2	0	0
10	37000001	0.946694	0.981806	2	0	0
10	37500001	0.919317	0.981806	2	0	0
10	38000001	0.952878	0.981806	2	0	0
10	38500001	1.08405	0.981806	2	0	0
10	39000001	0.980295	0.981806	2	0	0
10	39500001	0.430035	0.430035	1	0	0
10	40000001	1.65392	1.84611	4	0	0
10	40500001	2.03831	1.84611	4	0	0
10	41000001	1.12423	1.12423	2	0	0
10	41500001	-1	-1	-1	0	0
10	42000001	3.54846	3.54846	7	0	0
10	42500001	1.41581	1.47777	3	0	0
10	43000001	1.4285	1.47777	3	0	0
10	43500001	1.45064	1.47777	3	0	0
10	44000001	1.40547	1.47777	3	0	0
10	44500001	1.43656	1.47777	3	0	0
10	45000001	1.48227	1.47777	3	0	0
10	45500001	1.49257	1.47777	3	0	0
10	46000001	1.39516	1.47777	3	0	0
10	46500001	1.6551	1.47777	3	0	0
10	47000001	1.60518	1.47777	3	0	0
10	47500001	-1	1.47777	3	0	0
10	48000001	1.58851	1.47777	3	0	0
10	48500001	1.50411	1.47777	3	0	0
10	49000001	1.43426	1.47777	3	0	0
10	49500001	1.47327	1.47777	3	0	0
10	50000001	1.42577	1.47777	3	0	0
10	50500001	1.50479	1.47777	3	0	0
10	51000001	1.42414	1.47777	3	0	0
10	51500001	1.53598	1.47777	3	0	0
10	52000001	1.62302	1.47777	3	0	0
10	52500001	1.53476	1.47777	3	0	0
10	53000001	1.73666	1.98885	4	0	0
10	53500001	1.99647	1.98885	4	0	0
10	54000001	1.98122	1.98885	4	0	0
10	54500001	2.03924	1.98885	4	0	0
10	55000001	1.44682	1.48877	3	0	0
10	55500001	1.49506	1.48877	3	0	0
10	56000001	1.48509	1.48877	3	0	0
10	56500001	1.42698	1.48877	3	0	0
10	57000001	1.43828	1.48877	3	0	0
10	57500001	1.41152	1.48877	3	0	0
10	58000001	1.44666	1.48877	3	0	0
10	58500001	1.42853	1.48877	3	0	0
10	59000001	1.45113	1.48877	3	0	0
10	59500001	1.50077	1.48877	3	0	0
10	60000001	1.49319	1.48877	3	0	0
10	60500001	1.53865	1.48877	3	0	0
10	61000001	1.50508	1.48877	3	0	0
10	61500001	1.53779	1.48877	3	0	0
10	62000001	1.49583	1.48877	3	0	0
10	62500001	1.42514	1.48877	3	0	0
10	63000001	1.43556	1.48877	3	0	0
10	63500001	1.46457	1.48877	3	0	0
10	64000001	1.45312	1.48877	3	0	0
10	64500001	1.42514	1.48877	3	0	0
10	65000001	1.48452	1.48877	3	0	0
10	65500001	1.49013	1.48877	3	0	0
10	66000001	1.40957	1.48877	3	0	0
10	66500001	1.41359	1.48877	3	0	0
10	67000001	1.54248	1.48877	3	0	0
10	67500001	1.47212	1.48877	3	0	0
10	68000001	1.58153	1.48877	3	0	0
10	68500001	1.51094	1.48877	3	0	0
10	69000001	1.57529	1.48877	3	0	0
10	69500001	1.56836	1.48877	3	0	0
10	70000001	1.44852	1.48877	3	0	0
10	70500001	1.52609	1.48877	3	0	0
10	71000001	1.62465	1.48877	3	0	0
10	71500001	1.54342	1.48877	3	0	0
10	72000001	1.51157	1.48877	3	0	0
10	72500001	1.50415	1.48877	3	0	0
10	73000001	1.5409	1.48877	3	0	0
10	73500001	1.52741	1.48877	3	0	0
10	74000001	1.525	1.48877	3	0	0
10	74500001	1.51536	1.48877	3	0	0
10	75000001	1.48878	1.48877	3	0	0
10	75500001	1.24139	1.48877	3	0	0
10	76000001	1.40908	1.48877	3	0	0
10	76500001	1.39734	1.48877	3	0	0
10	77000001	1.47795	1.48877	3	0	0
10	77500001	1.40148	1.48877	3	0	0
10	78000001	1.50466	1.48877	3	0	0
10	78500001	1.52319	1.48877	3	0	0
10	79000001	1.55187	1.48877	3	0	0
10	79500001	1.46483	1.48877	3	0	0
10	80000001	1.50727	1.48877	3	0	0
10	80500001	1.55752	1.48877	3	0	0
10	81000001	1.42774	1.48877	3	0	0
10	81500001	1.35976	1.48877	3	0	0
10	82000001	1.36872	1.48877	3	0	0
10	82500001	1.38702	1.48877	3	0	0
10	83000001	1.39603	1.48877	3	0	0
10	83500001	1.42087	1.48877	3	0	0
10	84000001	1.4783	1.48877	3	0	0
10	84500001	1.48316	1.48877	3	0	0
10	85000001	1.40748	1.48877	3	0	0
10	85500001	1.4671	1.48877	3	0	0
10	86000001	1.48926	1.48877	3	0	0
10	86500001	1.48561	1.48877	3	0	0
10	87000001	1.50371	1.48877	3	0	0
10	87500001	1.51045	1.48877	3	0	0
10	88000001	1.56714	1.48877	3	0	0
10	88500001	1.59886	1.48877	3	0	0
10	89000001	1.58636	1.48877	3	0	0
10	89500001	1.58468	1.48877	3	0	0
10	90000001	1.57434	1.48877	3	0	0
10	90500001	1.55328	1.48877	3	0	0
10	91000001	1.51678	1.48877	3	0	0
10	91500001	1.54665	1.48877	3	0	0
10	92000001	1.4533	1.48877	3	0	0
10	92500001	1.54485	1.48877	3	0	0
10	93000001	1.54013	1.48877	3	0	0
10	93500001	1.60808	1.48877	3	0	0
10	94000001	1.55575	1.48877	3	0	0
10	94500001	1.6567	1.48877	3	0	0
10	95000001	1.52841	1.48877	3	0	0
10	95500001	1.48378	1.48877	3	0	0
10	96000001	1.54281	1.48877	3	0	0
10	96500001	1.49417	1.48877	3	0	0
10	97000001	1.4698	1.48877	3	0	0
10	97500001	1.55527	1.48877	3	0	0
10	98000001	1.53246	1.48877	3	0	0
10	98500001	1.48009	1.48877	3	0	0
10	99000001	1.50868	1.48877	3	0	0
10	99500001	1.51761	1.48877	3	0	0
10	100000001	1.54028	1.48877	3	0	0
10	100500001	1.4418	1.48877	3	0	0
10	101000001	1.49274	1.48877	3	0	0
10	101500001	1.52921	1.48877	3	0	0
10	102000001	1.45661	1.48877	3	0	0
10	102500001	1.48519	1.48877	3	0	0
10	103000001	1.51112	1.48877	3	0	0
10	103500001	1.51792	1.48877	3	0	0
10	104000001	1.59246	1.48877	3	0	0
10	104500001	1.44937	1.48877	3	0	0
10	105000001	1.37249	1.48877	3	0	0
10	105500001	1.47859	1.48877	3	0	0
10	106000001	1.53781	1.48877	3	0	0
10	106500001	1.44246	1.48877	3	0	0
10	107000001	1.40851	1.48877	3	0	0
10	107500001	1.42494	1.48877	3	0	0
10	108000001	1.40074	1.48877	3	0	0
10	108500001	1.35663	1.48877	3	0	0
10	109000001	1.41811	1.48877	3	0	0
10	109500001	1.55282	1.48877	3	0	0
10	110000001	1.59545	1.48877	3	0	0
10	110500001	1.58385	1.48877	3	0	0
10	111000001	1.50579	1.48877	3	0	0
10	111500001	1.34112	1.48877	3	0	0
10	112000001	1.4661	1.48877	3	0	0
10	112500001	1.43894	1.48877	3	0	0
10	113000001	1.4962	1.48877	3	0	0
10	113500001	1.48877	1.48877	3	0	0
10	114000001	1.52982	1.48877	3	0	0
10	114500001	1.49263	1.48877	3	0	0
10	115000001	1.50521	1.48877	3	0	0
10	115500001	1.40224	1.48877	3	0	0
10	116000001	1.4441	1.48877	3	0	0
10	116500001	1.51375	1.48877	3	0	0
10	117000001	1.46652	1.48877	3	0	0
10	117500001	1.42959	1.48877	3	0	0
10	118000001	1.46201	1.48877	3	0	0
10	118500001	1.46934	1.48877	3	0	0
10	119000001	1.47418	1.48877	3	0	0
10	119500001	1.34436	1.48877	3	0	0
10	120000001	1.39581	1.48877	3	0	0
10	120500001	1.52603	1.48877	3	0	0
10	121000001	1.54103	1.48877	3	0	0
10	121500001	1.53632	1.48877	3	0	0
10	122000001	1.56527	1.48877	3	0	0
10	122500001	1.47857	1.48877	3	0	0
10	123000001	1.43909	1.48877	3	0	0
10	123500001	1.51775	1.48877	3	0	0
10	124000001	1.55402	1.48877	3	0	0
10	124500001	1.50086	1.48877	3	0	0
10	125000001	1.467	1.48877	3	0	0
10	125500001	1.54037	1.48877	3	0	0
10	126000001	1.47331	1.48877	3	0	0
10	126500001	1.49478	1.48877	3	0	0
10	127000001	1.48253	1.48877	3	0	0
10	127500001	1.44913	1.48877	3	0	0
10	128000001	1.51427	1.48877	3	0	0
10	128500001	1.3858	1.48877	3	0	0
10	129000001	1.40313	1.48877	3	0	0
10	129500001	1.32534	1.48877	3	0	0
10	130000001	1.40619	1.48877	3	0	0
10	130500001	1.29371	1.48877	3	0	0
10	131000001	1.41187	1.48877	3	0	0
10	131500001	1.38555	1.48877	3	0	0
10	132000001	1.49698	1.48877	3	0	0
10	132500001	1.46334	1.48877	3	0	0
10	133000001	1.47212	1.48877	3	0	0
10	133500001	-1	-1	-1	0	0
11	1	0.540893	0.540893	1	0	0
11	500001	1.62485	1.76486	4	0	0
11	1000001	1.90486	1.76486	4	0	0
11	1500001	0.760886	0.499792	1	0	0
11	2000001	0.45633	0.499792	1	0	0
11	2500001	0.483404	0.499792	1	0	0
11	3000001	0.460119	0.499792	1	0	0
11	3500001	0.51952	0.499792	1	0	0
11	4000001	0.506954	0.499792	1	0	0
11	4500001	0.45207	0.499792	1	0	0
11	5000001	0.504708	0.499792	1	0	0
11	5500001	0.499792	0.499792	1	0	0
11	6000001	1.47871	1.74321	3	0	0
11	6500001	2.00772	1.74321	3	0	0
11	7000001	0.886478	0.886478	2	0	0
11	7500001	0.523052	0.886478	2	0	0
11	8000001	1.2327	0.886478	2	0	0
11	8500001	1.97183	1.9132	4	0	0
11	9000001	1.56004	1.9132	4	0	0
11	9500001	1.9132	1.9132	4	0	0
11	10000001	0.525855	0.546556	1	0	0
11	10500001	0.546556	0.546556	1	0	0
11	11000001	0.86522	0.546556	1	0	0
11	11500001	2.08235	1.98505	4	0	0
11	12000001	2.08758	1.98505	4	0	0
11	12500001	2.09773	1.98505	4	0	0
11	13000001	2.11089	1.98505	4	0	0
11	13500001	2.05622	1.98505	4	0	0
11	14000001	2.01226	1.98505	4	0	0
11	14500001	2.00325	1.98505	4	0	0
11	15000001	1.85418	1.98505	4	0	0
11	15500001	1.9628	1.98505	4	0	0
11	16000001	2.06229	1.98505	4	0	0
11	16500001	1.99203	1.98505	4	0	0
11	17000001	1.94669	1.98505	4	0	0
11	17500001	1.94651	1.98505	4	0	0
11	18000001	1.94884	1.98505	4	0	0
11	18500001	1.90569	1.98505	4	0	0
11	19000001	2.00086	1.98505	4	0	0
11	19500001	1.94661	1.98505	4	0	0
11	20000001	1.97024	1.98505	4	0	0
11	20500001	1.88908	1.98505	4	0	0
11	21000001	1.95214	1.98505	4	0	0
11	21500001	1.95904	1.98505	4	0	0
11	22000001	1.901	1.98505	4	0	0
11	22500001	2.01058	1.98505	4	0	0
11	23000001	1.87183	1.98505	4	0	0
11	23500001	1.9222	1.98505	4	0	0
11	24000001	1.97443	1.98505	4	0	0
11	24500001	1.98966	1.98505	4	0	0
11	25000001	1.93407	1.98505	4	0	0
11	25500001	1.90192	1.98505	4	0	0
11	26000001	1.95445	1.98505	4	0	0
11	26500001	2.024	1.98505	4	0	0
11	27000001	1.99909	1.98505	4	0	0
11	27500001	2.05354	1.98505	4	0	0
11	28000001	2.02154	1.98505	4	0	0
11	28500001	1.90899	1.98505	4	0	0
11	29000001	2.18481	1.98505	4	0	0
11	29500001	2.00838	1.98505	4	0	0
11	30000001	2.0012	1.98505	4	0	0
11	30500001	1.98505	1.98505	4	0	0
11	31000001	2.04898	1.98505	4	0	0
11	31500001	1.9643	1.98505	4	0	0
11	32000001	1.13312	0.833058	2	0	0
11	32500001	0.532998	0.833058	2	0	0
11	33000001	3.28678	4.09493	8	0	0
11	33500001	4.81509	4.09493	8	0	0
11	34000001	4.09493	4.09493	8	0	0
11	34500001	5.79754	6.2902	13	0	0
11	35000001	6.2902	6.2902	13	0	0
11	35500001	6.47003	6.2902	13	0	0
11	36000001	3.3359	3.07822	6	0	0
11	36500001	3.03902	3.07822	6	0	0
11	37000001	3.28427	3.07822	6	0	0
11	37500001	2.97632	3.07822	6	0	0
11	38000001	3.11743	3.07822	6	0	0
11	38500001	3.03157	3.07822	6	0	0
11	39000001	1.73615	1.73615	3	0	0
11	39500001	1.04993	0.961481	2	0	0
11	40000001	0.877612	0.961481	2	0	0
11	40500001	0.948006	0.961481	2	0	0
11	41000001	0.941534	0.961481	2	0	0
11	41500001	0.935328	0.961481	2	0	0
11	42000001	0.99222	0.961481	2	0	0
11	42500001	0.929927	0.961481	2	0	0
11	43000001	0.957915	0.961481	2	0	0
11	43500001	0.96844	0.961481	2	0	0
11	44000001	0.978019	0.961481	2	0	0
11	44500001	0.960559	0.961481	2	0	0
11	45000001	0.971606	0.961481	2	0	0
11	45500001	0.962402	0.961481	2	0	0
11	46000001	1.00042	0.961481	2	0	0
11	46500001	1.5375	1.44724	3	0	0
11	47000001	1.6142	1.44724	3	0	0
11	47500001	1.53245	1.44724	3	0	0
11	48000001	1.00171	1.44724	3	0	0
11	48500001	1.06682	1.44724	3	0	0
11	49000001	1.47496	1.44724	3	0	0
11	49500001	1.41952	1.44724	3	0	0
11	50000001	1.35489	1.44724	3	0	0
11	50500001	-1	-1	-1	0	0
11	51000001	-1	-1	-1	0	0
11	51500001	2.40547	2.20458	4	0	0
11	52000001	2.00368	2.20458	4	0	0
11	52500001	1.48804	1.46115	3	0	0
11	53000001	1.46702	1.46115	3	0	0
11	53500001	1.42396	1.46115	3	0	0
11	54000001	-1	1.46115	3	0	0
11	54500001	1.46115	1.46115	3	0	0
11	55000001	1.46913	1.46115	3	0	0
11	55500001	1.38685	1.46115	3	0	0
11	56000001	1.37282	1.46115	3	0	0
11	56500001	1.89927	2.02397	4	0	0
11	57000001	2.00778	2.02397	4	0	0
11	57500001	2.04016	2.02397	4	0	0
11	58000001	2.06019	2.02397	4	0	0
11	58500001	1.10087	1.00146	2	0	0
11	59000001	0.965821	1.00146	2	0	0
11	59500001	0.988774	1.00146	2	0	0
11	60000001	0.972618	1.00146	2	0	0
11	60500001	0.964835	1.00146	2	0	0
11	61000001	1.03945	1.00146	2	0	0
11	61500001	1.02056	1.00146	2	0	0
11	62000001	1.05038	1.00146	2	0	0
11	62500001	1.01127	1.00146	2	0	0
11	63000001	1.02723	1.00146	2	0	0
11	63500001	0.994313	1.00146	2	0	0
11	64000001	1.00146	1.00146	2	0	0
11	64500001	0.982027	1.00146	2	0	0
11	65000001	1.89694	1.5089	3	0	0
11	65500001	2.11783	1.5089	3	0	0
11	66000001	1.55562	1.5089	3	0	0
11	66500001	1.55924	1.5089	3	0	0
11	67000001	1.49674	1.5089	3	0	0
11	67500001	1.48323	1.5089	3	0	0
11	68000001	1.46918	1.5089	3	0	0
11	68500001	1.53536	1.5089	3	0	0
11	69000001	1.55254	1.5089	3	0	0
11	69500001	1.4807	1.5089	3	0	0
11	70000001	1.51078	1.5089	3	0	0
11	70500001	1.42656	1.5089	3	0	0
11	71000001	1.5246	1.5089	3	0	0
11	71500001	1.47944	1.5089	3	0	0
11	72000001	1.53803	1.5089	3	0	0
11	72500001	1.49008	1.5089	3	0	0
11	73000001	1.50794	1.5089	3	0	0
11	73500001	1.47798	1.5089	3	0	0
11	74000001	1.50817	1.5089	3	0	0
11	74500001	1.48003	1.5089	3	0	0
11	75000001	1.58048	1.5089	3	0	0
11	75500001	1.5089	1.5089	3	0	0
11	76000001	1.80778	1.5089	3	0	0
11	76500001	2.06333	2.37779	5	0	0
11	77000001	2.57566	2.37779	5	0	0
11	77500001	2.62128	2.37779	5	0	0
11	78000001	2.3756	2.37779	5	0	0
11	78500001	2.41154	2.37779	5	0	0
11	79000001	2.37998	2.37779	5	0	0
11	79500001	2.35418	2.37779	5	0	0
11	80000001	2.15802	2.37779	5	0	0
11	80500001	1.42521	1.61286	3	0	0
11	81000001	1.80051	1.61286	3	0	0
11	81500001	2.8169	2.89844	6	0	0
11	82000001	2.89218	2.89844	6	0	0
11	82500001	3.06442	2.89844	6	0	0
11	83000001	2.97079	2.89844	6	0	0
11	83500001	2.89844	2.89844	6	0	0
11	84000001	1.87014	1.51538	3	0	0
11	84500001	1.42705	1.51538	3	0	0
11	85000001	1.52642	1.51538	3	0	0
11	85500001	1.53299	1.51538	3	0	0
11	86000001	1.56493	1.51538	3	0	0
11	86500001	1.48014	1.51538	3	0	0
11	87000001	1.49252	1.51538	3	0	0
11	87500001	1.52548	1.51538	3	0	0
11	88000001	1.50408	1.51538	3	0	0
11	88500001	1.53207	1.51538	3	0	0
11	89000001	1.50314	1.51538	3	0	0
11	89500001	1.3659	1.51538	3	0	0
11	90000001	1.34394	1.51538	3	0	0
11	90500001	1.53565	1.51538	3	0	0
11	91000001	1.48502	1.51538	3	0	0
11	91500001	1.46885	1.51538	3	0	0
11	92000001	1.40908	1.51538	3	0	0
11	92500001	1.40894	1.51538	3	0	0
11	93000001	1.44465	1.51538	3	0	0
11	93500001	1.44355	1.51538	3	0	0
11	94000001	1.59573	1.51538	3	0	0
11	94500001	1.56109	1.51538	3	0	0
11	95000001	1.53727	1.51538	3	0	0
11	95500001	1.54431	1.51538	3	0	0
11	96000001	1.58657	1.51538	3	0	0
11	96500001	1.56639	1.51538	3	0	0
11	97000001	1.44994	1.51538	3	0	0
11	97500001	1.48869	1.51538	3	0	0
11	98000001	1.45058	1.51538	3	0	0
11	98500001	1.46165	1.51538	3	0	0
11	99000001	1.49736	1.51538	3	0	0
11	99500001	1.45618	1.51538	3	0	0
11	100000001	1.56702	1.51538	3	0	0
11	100500001	1.56002	1.51538	3	0	0
11	101000001	1.53659	1.51538	3	0	0
11	101500001	1.53226	1.51538	3	0	0
11	102000001	1.5927	1.51538	3	0	0
11	102500001	1.49065	1.51538	3	0	0
11	103000001	1.57305	1.51538	3	0	0
11	103500001	1.56941	1.51538	3	0	0
11	104000001	1.44758	1.51538	3	0	0
11	104500001	1.54694	1.51538	3	0	0
11	105000001	1.52719	1.51538	3	0	0
11	105500001	1.56235	1.51538	3	0	0
11	106000001	1.46265	1.51538	3	0	0
11	106500001	1.41389	1.51538	3	0	0
11	107000001	1.45388	1.51538	3	0	0
11	107500001	1.43049	1.51538	3	0	0
11	108000001	1.50188	1.51538	3	0	0
11	108500001	1.52245	1.51538	3	0	0
11	109000001	1.52153	1.51538	3	0	0
11	109500001	1.51419	1.51538	3	0	0
11	110000001	1.58764	1.51538	3	0	0
11	110500001	1.51657	1.51538	3	0	0
11	111000001	2.10721	2.10512	4	0	0
11	111500001	2.10512	2.10512	4	0	0
11	112000001	2.10098	2.10512	4	0	0
11	112500001	1.3718	0.96883	2	0	0
11	113000001	0.96017	0.96883	2	0	0
11	113500001	0.972995	0.96883	2	0	0
11	114000001	0.972056	0.96883	2	0	0
11	114500001	0.926239	0.96883	2	0	0
11	115000001	0.922933	0.96883	2	0	0
11	115500001	0.888047	0.96883	2	0	0
11	116000001	0.944642	0.96883	2	0	0
11	116500001	0.96883	0.96883	2	0	0
11	117000001	1.02702	0.96883	2	0	0
11	117500001	1.0967	0.96883	2	0	0
11	118000001	2.07745	2.05807	4	0	0
11	118500001	2.03869	2.05807	4	0	0
11	119000001	1.58239	1.51332	3	0	0
11	119500001	1.52541	1.51332	3	0	0
11	120000001	1.48108	1.51332	3	0	0
11	120500001	1.42795	1.51332	3	0	0
11	121000001	1.52565	1.51332	3	0	0
11	121500001	1.53342	1.51332	3	0	0
11	122000001	1.56339	1.51332	3	0	0
11	122500001	1.54977	1.51332	3	0	0
11	123000001	1.51467	1.51332	3	0	0
11	123500001	1.50537	1.51332	3	0	0
11	124000001	1.51197	1.51332	3	0	0
11	124500001	1.44973	1.51332	3	0	0
11	125000001	1.4426	1.51332	3	0	0
11	125500001	1.43845	1.51332	3	0	0
11	126000001	0.790138	1.39211	3	0	0
11	126500001	1.26426	1.39211	3	0	0
11	127000001	1.36445	1.39211	3	0	0
11	127500001	1.43803	1.39211	3	0	0
11	128000001	1.46774	1.39211	3	0	0
11	128500001	1.48888	1.39211	3	0	0
11	129000001	1.59212	1.39211	3	0	0
11	129500001	1.53602	1.39211	3	0	0
11	130000001	1.49077	1.39211	3	0	0
11	130500001	1.48551	1.39211	3	0	0
11	131000001	1.39095	1.39211	3	0	0
11	131500001	1.40371	1.39211	3	0	0
11	132000001	1.39967	1.39211	3	0	0
11	132500001	1.34597	1.39211	3	0	0
11	133000001	1.38541	1.39211	3	0	0
11	133500001	1.39211	1.39211	3	0	0
11	134000001	1.38704	1.39211	3	0	0
11	134500001	1.38601	1.39211	3	0	0
11	135000001	0.249951	1.39211	3	0	0
12	1	1.86709	1.92102	4	0	0
12	500001	1.97495	1.92102	4	0	0
12	1000001	1.06097	1.01199	2	0	0
12	1500001	0.97016	1.01199	2	0	0
12	2000001	1.05104	1.01199	2	0	0
12	2500001	0.977602	1.01199	2	0	0
12	3000001	1.01199	1.01199	2	0	0
12	3500001	1.03646	1.01199	2	0	0
12	4000001	0.940802	1.01199	2	0	0
12	4500001	0.96428	1.01199	2	0	0
12	5000001	0.970279	1.01199	2	0	0
12	5500001	0.977481	1.01199	2	0	0
12	6000001	1.04857	1.01199	2	0	0
12	6500001	1.036	1.01199	2	0	0
12	7000001	1.03333	1.01199	2	0	0
12	7500001	0.95018	1.01199	2	0	0
12	8000001	1.21929	1.01199	2	0	0
12	8500001	1.44635	1.50189	3	0	0
12	9000001	1.54361	1.50189	3	0	0
12	9500001	1.52092	1.50189	3	0	0
12	10000001	1.5966	1.50189	3	0	0
12	10500001	1.53971	1.50189	3	0	0
12	11000001	1.64718	1.50189	3	0	0
12	11500001	1.82962	1.50189	3	0	0
12	12000001	1.69976	1.50189	3	0	0
12	12500001	1.63376	1.50189	3	0	0
12	13000001	1.56167	1.50189	3	0	0
12	13500001	1.47994	1.50189	3	0	0
12	14000001	1.46831	1.50189	3	0	0
12	14500001	1.49943	1.50189	3	0	0
12	15000001	1.53978	1.50189	3	0	0
12	15500001	1.47994	1.50189	3	0	0
12	16000001	1.47711	1.50189	3	0	0
12	16500001	1.47688	1.50189	3	0	0
12	17000001	1.45733	1.50189	3	0	0
12	17500001	1.45685	1.50189	3	0	0
12	18000001	1.53866	1.50189	3	0	0
12	18500001	1.50436	1.50189	3	0	0
12	19000001	1.51228	1.50189	3	0	0
12	19500001	1.47641	1.50189	3	0	0
12	20000001	1.43478	1.50189	3	0	0
12	20500001	1.47566	1.50189	3	0	0
12	21000001	1.48441	1.50189	3	0	0
12	21500001	1.52997	1.50189	3	0	0
12	22000001	1.45976	1.50189	3	0	0
12	22500001	1.42538	1.50189	3	0	0
12	23000001	1.66894	1.50189	3	0	0
12	23500001	1.85229	2.01618	4	0	0
12	24000001	1.84074	2.01618	4	0	0
12	24500001	1.91818	2.01618	4	0	0
12	25000001	1.98989	2.01618	4	0	0
12	25500001	2.02266	2.01618	4	0	0
12	26000001	2.12134	2.01618	4	0	0
12	26500001	2.06751	2.01618	4	0	0
12	27000001	2.10753	2.01618	4	0	0
12	27500001	2.07417	2.01618	4	0	0
12	28000001	2.23092	2.01618	4	0	0
12	28500001	2.07542	2.01618	4	0	0
12	29000001	2.06565	2.01618	4	0	0
12	29500001	2.00971	2.01618	4	0	0
12	30000001	1.94276	2.01618	4	0	0
12	30500001	1.98748	2.01618	4	0	0
12	31000001	1.94288	2.01618	4	0	0
12	31500001	1.55426	1.811	4	0	0
12	32000001	1.811	1.811	4	0	0
12	32500001	1.79182	1.811	4	0	0
12	33000001	1.51459	1.811	4	0	0
12	33500001	1.91653	1.811	4	0	0
12	34000001	1.88027	1.811	4	0	0
12	34500001	1.86276	1.811	4	0	0
12	35000001	2.64956	2.64956	5	0	0
12	35500001	2.09987	2.09987	4	0	0
12	36000001	1.69537	1.69537	3	0	0
12	36500001	1.76549	1.69537	3	0	0
12	37000001	1.40445	1.69537	3	0	0
12	37500001	1.01144	1.00834	2	0	0
12	38000001	0.963158	1.00834	2	0	0
12	38500001	0.949685	1.00834	2	0	0
12	39000001	0.958826	1.00834	2	0	0
12	39500001	1.0285	1.00834	2	0	0
12	40000001	0.966656	1.00834	2	0	0
12	40500001	0.987644	1.00834	2	0	0
12	41000001	0.985753	1.00834	2	0	0
12	41500001	0.939437	1.00834	2	0	0
12	42000001	0.965121	1.00834	2	0	0
12	42500001	0.980594	1.00834	2	0	0
12	43000001	1.02018	1.00834	2	0	0
12	43500001	1.02854	1.00834	2	0	0
12	44000001	0.932025	1.00834	2	0	0
12	44500001	1.03683	1.00834	2	0	0
12	45000001	1.02404	1.00834	2	0	0
12	45500001	1.04057	1.00834	2	0	0
12	46000001	1.07305	1.00834	2	0	0
12	46500001	1.07221	1.00834	2	0	0
12	47000001	1.11209	1.00834	2	0	0
12	47500001	1.0724	1.00834	2	0	0
12	48000001	0.976897	1.00834	2	0	0
12	48500001	0.960487	1.00834	2	0	0
12	49000001	0.993122	1.00834	2	0	0
12	49500001	1.02278	1.00834	2	0	0
12	50000001	1.03795	1.00834	2	0	0
12	50500001	0.981522	1.00834	2	0	0
12	51000001	0.989991	1.00834	2	0	0
12	51500001	0.999857	1.00834	2	0	0
12	52000001	1.01647	1.00834	2	0	0
12	52500001	1.05106	1.00834	2	0	0
12	53000001	0.989361	1.00834	2	0	0
12	53500001	0.992358	1.00834	2	0	0
12	54000001	1.00974	1.00834	2	0	0
12	54500001	1.01515	1.00834	2	0	0
12	55000001	1.0106	1.00834	2	0	0
12	55500001	1.02847	1.00834	2	0	0
12	56000001	1.23507	1.00834	2	0	0
12	56500001	1.00639	1.00834	2	0	0
12	57000001	0.995036	1.00834	2	0	0
12	57500001	1.00794	1.00834	2	0	0
12	58000001	1.03194	1.00834	2	0	0
12	58500001	1.01678	1.00834	2	0	0
12	59000001	1.01388	1.00834	2	0	0
12	59500001	0.991061	1.00834	2	0	0
12	60000001	1.01654	1.00834	2	0	0
12	60500001	1.00017	1.00834	2	0	0
12	61000001	0.996809	1.00834	2	0	0
12	61500001	1.03026	1.00834	2	0	0
12	62000001	1.00608	1.00834	2	0	0
12	62500001	0.98612	1.00834	2	0	0
12	63000001	0.95699	1.00834	2	0	0
12	63500001	1.0229	1.00834	2	0	0
12	64000001	0.994651	1.00834	2	0	0
12	64500001	1.02088	1.00834	2	0	0
12	65000001	0.982083	1.00834	2	0	0
12	65500001	1.04045	1.00834	2	0	0
12	66000001	0.968568	1.00834	2	0	0
12	66500001	0.956095	1.00834	2	0	0
12	67000001	1.00834	1.00834	2	0	0
12	67500001	1.02482	1.00834	2	0	0
12	68000001	1.00837	1.00834	2	0	0
12	68500001	0.970504	1.00834	2	0	0
12	69000001	0.983339	1.00834	2	0	0
12	69500001	1.03611	1.00834	2	0	0
12	70000001	1.03757	1.00834	2	0	0
12	70500001	1.01337	1.00834	2	0	0
12	71000001	1.00291	1.00834	2	0	0
12	71500001	1.03129	1.00834	2	0	0
12	72000001	0.98565	1.00834	2	0	0
12	72500001	1.02408	1.00834	2	0	0
12	73000001	0.980388	1.00834	2	0	0
12	73500001	1.00683	1.00834	2	0	0
12	74000001	1.00045	1.00834	2	0	0
12	74500001	1.00153	1.00834	2	0	0
12	75000001	1.06561	1.00834	2	0	0
12	75500001	1.07015	1.00834	2	0	0
12	76000001	1.05072	1.00834	2	0	0
12	76500001	1.01724	1.00834	2	0	0
12	77000001	1.01926	1.00834	2	0	0
12	77500001	0.985439	1.00834	2	0	0
12	78000001	1.03097	1.00834	2	0	0
12	78500001	1.01713	1.00834	2	0	0
12	79000001	0.951034	1.00834	2	0	0
12	79500001	0.989694	1.00834	2	0	0
12	80000001	1.06892	1.00834	2	0	0
12	80500001	1.0129	1.00834	2	0	0
12	81000001	1.02837	1.00834	2	0	0
12	81500001	0.956059	1.00834	2	0	0
12	82000001	0.931636	1.00834	2	0	0
12	82500001	0.971822	1.00834	2	0	0
12	83000001	0.962366	1.00834	2	0	0
12	83500001	0.929254	1.00834	2	0	0
12	84000001	0.999778	1.00834	2	0	0
12	84500001	1.05117	1.00834	2	0	0
12	85000001	1.04798	1.00834	2	0	0
12	85500001	1.06008	1.00834	2	0	0
12	86000001	1.02363	1.00834	2	0	0
12	86500001	0.960534	1.00834	2	0	0
12	87000001	1.0237	1.00834	2	0	0
12	87500001	1.05209	1.00834	2	0	0
12	88000001	1.09175	1.00834	2	0	0
12	88500001	1.07302	1.00834	2	0	0
12	89000001	1.01566	1.00834	2	0	0
12	89500001	1.09969	1.00834	2	0	0
12	90000001	1.0304	1.00834	2	0	0
12	90500001	1.05929	1.00834	2	0	0
12	91000001	1.02645	1.00834	2	0	0
12	91500001	1.03229	1.00834	2	0	0
12	92000001	1.05902	1.00834	2	0	0
12	92500001	1.00647	1.00834	2	0	0
12	93000001	1.05562	1.00834	2	0	0
12	93500001	1.11176	1.00834	2	0	0
12	94000001	0.965377	1.00834	2	0	0
12	94500001	0.98288	1.00834	2	0	0
12	95000001	0.986239	1.00834	2	0	0
12	95500001	0.991683	1.00834	2	0	0
12	96000001	0.981333	1.00834	2	0	0
12	96500001	1.02148	1.00834	2	0	0
12	97000001	0.932843	1.00834	2	0	0
12	97500001	0.956754	1.00834	2	0	0
12	98000001	0.963454	1.00834	2	0	0
12	98500001	1.01755	1.00834	2	0	0
12	99000001	0.992131	1.00834	2	0	0
12	99500001	0.954006	1.00834	2	0	0
12	100000001	0.930088	1.00834	2	0	0
12	100500001	0.975136	1.00834	2	0	0
12	101000001	0.9171	1.00834	2	0	0
12	101500001	0.96006	1.00834	2	0	0
12	102000001	1.01744	1.00834	2	0	0
12	102500001	0.952189	1.00834	2	0	0
12	103000001	1.28024	1.48315	3	0	0
12	103500001	1.55637	1.48315	3	0	0
12	104000001	1.57437	1.48315	3	0	0
12	104500001	1.55443	1.48315	3	0	0
12	105000001	1.50299	1.48315	3	0	0
12	105500001	1.60684	1.48315	3	0	0
12	106000001	1.52239	1.48315	3	0	0
12	106500001	1.50582	1.48315	3	0	0
12	107000001	1.49247	1.48315	3	0	0
12	107500001	1.49917	1.48315	3	0	0
12	108000001	1.47089	1.48315	3	0	0
12	108500001	1.53796	1.48315	3	0	0
12	109000001	1.53894	1.48315	3	0	0
12	109500001	1.49252	1.48315	3	0	0
12	110000001	1.51477	1.48315	3	0	0
12	110500001	1.46939	1.48315	3	0	0
12	111000001	1.49477	1.48315	3	0	0
12	111500001	1.51668	1.48315	3	0	0
12	112000001	1.52893	1.48315	3	0	0
12	112500001	1.4883	1.48315	3	0	0
12	113000001	1.48315	1.48315	3	0	0
12	113500001	1.47156	1.48315	3	0	0
12	114000001	1.44272	1.48315	3	0	0
12	114500001	1.37451	1.48315	3	0	0
12	115000001	1.41566	1.48315	3	0	0
12	115500001	1.40369	1.48315	3	0	0
12	116000001	1.42363	1.48315	3	0	0
12	116500001	1.5751	1.48315	3	0	0
12	117000001	1.44419	1.48315	3	0	0
12	117500001	1.45585	1.48315	3	0	0
12	118000001	1.44923	1.48315	3	0	0
12	118500001	1.43179	1.48315	3	0	0
12	119000001	1.41627	1.48315	3	0	0
12	119500001	1.51284	1.48315	3	0	0
12	120000001	1.51513	1.48315	3	0	0
12	120500001	1.46659	1.48315	3	0	0
12	121000001	1.51804	1.48315	3	0	0
12	121500001	1.50038	1.48315	3	0	0
12	122000001	1.48599	1.48315	3	0	0
12	122500001	1.56353	1.48315	3	0	0
12	123000001	1.51501	1.48315	3	0	0
12	123500001	1.51488	1.48315	3	0	0
12	124000001	1.53433	1.48315	3	0	0
12	124500001	1.53284	1.48315	3	0	0
12	125000001	1.4274	1.48315	3	0	0
12	125500001	1.40266	1.48315	3	0	0
12	126000001	1.39509	1.48315	3	0	0
12	126500001	1.40793	1.48315	3	0	0
12	127000001	1.36419	1.48315	3	0	0
12	127500001	1.393	1.48315	3	0	0
12	128000001	1.36806	1.48315	3	0	0
12	128500001	1.28761	1.48315	3	0	0
12	129000001	1.35116	1.48315	3	0	0
12	129500001	1.37036	1.48315	3	0	0
12	130000001	1.36951	1.48315	3	0	0
12	130500001	1.41479	1.48315	3	0	0
12	131000001	1.37186	1.48315	3	0	0
12	131500001	1.4621	1.48315	3	0	0
12	132000001	1.49334	1.48315	3	0	0
12	132500001	1.82075	1.48315	3	0	0
12	133000001	0.974119	1.48315	3	0	0
13	1	-1	-1	-1	0	0
13	500001	-1	-1	-1	0	0
13	1000001	-1	-1	-1	0	0
13	1500001	-1	-1	-1	0	0
13	2000001	-1	-1	-1	0	0
13	2500001	-1	-1	-1	0	0
13	3000001	-1	-1	-1	0	0
13	3500001	-1	-1	-1	0	0
13	4000001	-1	-1	-1	0	0
13	4500001	-1	-1	-1	0	0
13	5000001	-1	-1	-1	0	0
13	5500001	-1	-1	-1	0	0
13	6000001	-1	-1	-1	0	0
13	6500001	-1	-1	-1	0	0
13	7000001	-1	-1	-1	0	0
13	7500001	-1	-1	-1	0	0
13	8000001	-1	-1	-1	0	0
13	8500001	-1	-1	-1	0	0
13	9000001	-1	-1	-1	0	0
13	9500001	-1	-1	-1	0	0
13	10000001	-1	-1	-1	0	0
13	10500001	-1	-1	-1	0	0
13	11000001	-1	-1	-1	0	0
13	11500001	-1	-1	-1	0	0
13	12000001	-1	-1	-1	0	0
13	12500001	-1	-1	-1	0	0
13	13000001	-1	-1	-1	0	0
13	13500001	-1	-1	-1	0	0
13	14000001	-1	-1	-1	0	0
13	14500001	-1	-1	-1	0	0
13	15000001	-1	-1	-1	0	0
13	15500001	-1	-1	-1	0	0
13	16000001	0.47024	0.816635	2	0	0
13	16500001	0.70958	0.816635	2	0	0
13	17000001	0.923691	0.816635	2	0	0
13	17500001	1.2104	0.816635	2	0	0
13	18000001	-1	-1	-1	0	0
13	18500001	0.583537	0.495531	1	0	0
13	19000001	0.488065	0.495531	1	0	0
13	19500001	0.491193	0.495531	1	0	0
13	20000001	0.516578	0.495531	1	0	0
13	20500001	0.530301	0.495531	1	0	0
13	21000001	0.501003	0.495531	1	0	0
13	21500001	0.484085	0.495531	1	0	0
13	22000001	0.470879	0.495531	1	0	0
13	22500001	0.491985	0.495531	1	0	0
13	23000001	0.484975	0.495531	1	0	0
13	23500001	0.486716	0.495531	1	0	0
13	24000001	0.5093	0.495531	1	0	0
13	24500001	0.513953	0.495531	1	0	0
13	25000001	0.495531	0.495531	1	0	0
13	25500001	0.581246	0.495531	1	0	0
13	26000001	1.94886	1.98414	4	0	0
13	26500001	1.96955	1.98414	4	0	0
13	27000001	1.94529	1.98414	4	0	0
13	27500001	1.93675	1.98414	4	0	0
13	28000001	1.89868	1.98414	4	0	0
13	28500001	1.83647	1.98414	4	0	0
13	29000001	2.00731	1.98414	4	0	0
13	29500001	2.08212	1.98414	4	0	0
13	30000001	1.99733	1.98414	4	0	0
13	30500001	1.94544	1.98414	4	0	0
13	31000001	1.97551	1.98414	4	0	0
13	31500001	1.94568	1.98414	4	0	0
13	32000001	2.0493	1.98414	4	0	0
13	32500001	1.93961	1.98414	4	0	0
13	33000001	2.08702	1.98414	4	0	0
13	33500001	2.16709	1.98414	4	0	0
13	34000001	2.09536	1.98414	4	0	0
13	34500001	1.996	1.98414	4	0	0
13	35000001	2.10195	1.98414	4	0	0
13	35500001	1.9752	1.98414	4	0	0
13	36000001	1.99517	1.98414	4	0	0
13	36500001	1.90583	1.98414	4	0	0
13	37000001	2.0126	1.98414	4	0	0
13	37500001	1.99093	1.98414	4	0	0
13	38000001	2.02095	1.98414	4	0	0
13	38500001	1.97736	1.98414	4	0	0
13	39000001	1.9662	1.98414	4	0	0
13	39500001	2.0689	1.98414	4	0	0
13	40000001	1.99168	1.98414	4	0	0
13	40500001	1.58895	1.98414	4	0	0
13	41000001	1.01562	0.986637	2	0	0
13	41500001	1.05002	0.986637	2	0	0
13	42000001	1.03963	0.986637	2	0	0
13	42500001	0.98506	0.986637	2	0	0
13	43000001	1.03262	0.986637	2	0	0
13	43500001	0.971831	0.986637	2	0	0
13	44000001	1.03481	0.986637	2	0	0
13	44500001	0.985148	0.986637	2	0	0
13	45000001	1.00041	0.986637	2	0	0
13	45500001	1.0083	0.986637	2	0	0
13	46000001	0.950423	0.986637	2	0	0
13	46500001	0.97055	0.986637	2	0	0
13	47000001	0.992667	0.986637	2	0	0
13	47500001	1.0013	0.986637	2	0	0
13	48000001	1.06483	0.986637	2	0	0
13	48500001	0.984112	0.986637	2	0	0
13	49000001	1.03494	0.986637	2	0	0
13	49500001	0.956177	0.986637	2	0	0
13	50000001	0.986637	0.986637	2	0	0
13	50500001	0.992633	0.986637	2	0	0
13	51000001	1.07286	0.986637	2	0	0
13	51500001	1.0136	0.986637	2	0	0
13	52000001	0.963558	0.986637	2	0	0
13	52500001	0.941245	0.986637	2	0	0
13	53000001	0.950235	0.986637	2	0	0
13	53500001	0.948239	0.986637	2	0	0
13	54000001	0.947193	0.986637	2	0	0
13	54500001	0.92636	0.986637	2	0	0
13	55000001	0.949378	0.986637	2	0	0
13	55500001	0.959693	0.986637	2	0	0
13	56000001	0.988648	0.986637	2	0	0
13	56500001	0.969122	0.986637	2	0	0
13	57000001	1.14157	0.986637	2	0	0
13	57500001	0.995711	0.986637	2	0	0
13	58000001	0.952804	0.986637	2	0	0
13	58500001	0.939978	0.986637	2	0	0
13	59000001	0.88885	0.986637	2	0	0
13	59500001	0.961199	0.986637	2	0	0
13	60000001	0.980673	0.986637	2	0	0
13	60500001	0.974569	0.986637	2	0	0
13	61000001	0.977885	0.986637	2	0	0
13	61500001	0.999144	0.986637	2	0	0
13	62000001	0.985498	0.986637	2	0	0
13	62500001	0.978283	0.986637	2	0	0
13	63000001	1.04083	0.986637	2	0	0
13	63500001	1.01595	0.986637	2	0	0
13	64000001	0.984503	0.986637	2	0	0
13	64500001	1.01059	0.986637	2	0	0
13	65000001	0.967214	0.986637	2	0	0
13	65500001	1.02291	0.986637	2	0	0
13	66000001	1.04284	0.986637	2	0	0
13	66500001	1.02677	0.986637	2	0	0
13	67000001	1.05915	0.986637	2	0	0
13	67500001	1.02012	0.986637	2	0	0
13	68000001	0.994862	0.986637	2	0	0
13	68500001	0.948063	0.986637	2	0	0
13	69000001	1.01495	0.986637	2	0	0
13	69500001	1.0201	0.986637	2	0	0
13	70000001	1.029	0.986637	2	0	0
13	70500001	0.969107	0.986637	2	0	0
13	71000001	1.04416	0.986637	2	0	0
13	71500001	0.964121	0.986637	2	0	0
13	72000001	0.976556	0.986637	2	0	0
13	72500001	1.0277	0.986637	2	0	0
13	73000001	1.04989	0.986637	2	0	0
13	73500001	1.10333	0.986637	2	0	0
13	74000001	1.03296	0.986637	2	0	0
13	74500001	0.98003	0.986637	2	0	0
13	75000001	0.96588	0.986637	2	0	0
13	75500001	0.98503	0.986637	2	0	0
13	76000001	0.963288	0.986637	2	0	0
13	76500001	0.941534	0.986637	2	0	0
13	77000001	1.04239	0.986637	2	0	0
13	77500001	1.01476	0.986637	2	0	0
13	78000001	0.959831	0.986637	2	0	0
13	78500001	0.95543	0.986637	2	0	0
13	79000001	1.06534	0.986637	2	0	0
13	79500001	0.978154	0.499563	1	0	0
13	80000001	0.517804	0.499563	1	0	0
13	80500001	0.499891	0.499563	1	0	0
13	81000001	0.495785	0.499563	1	0	0
13	81500001	0.463438	0.499563	1	0	0
13	82000001	0.507401	0.499563	1	0	0
13	82500001	0.544773	0.499563	1	0	0
13	83000001	0.513792	0.499563	1	0	0
13	83500001	0.478634	0.499563	1	0	0
13	84000001	0.499235	0.499563	1	0	0
13	84500001	0.527473	0.499563	1	0	0
13	85000001	0.478058	0.499563	1	0	0
13	85500001	0.493839	0.499563	1	0	0
13	86000001	0.534484	0.499563	1	0	0
13	86500001	0.494294	0.499563	1	0	0
13	87000001	0.523038	0.499563	1	0	0
13	87500001	0.458505	0.499563	1	0	0
13	88000001	0.466605	0.499563	1	0	0
13	88500001	0.476164	0.499563	1	0	0
13	89000001	0.514508	0.499563	1	0	0
13	89500001	0.497001	0.499563	1	0	0
13	90000001	0.536242	0.499563	1	0	0
13	90500001	0.50444	0.499563	1	0	0
13	91000001	0.48906	0.499563	1	0	0
13	91500001	0.503125	0.499563	1	0	0
13	92000001	0.438378	0.499563	1	0	0
13	92500001	0.469679	0.499563	1	0	0
13	93000001	0.480397	0.499563	1	0	0
13	93500001	0.498657	0.499563	1	0	0
13	94000001	0.51476	0.499563	1	0	0
13	94500001	0.5156	0.499563	1	0	0
13	95000001	0.499165	0.499563	1	0	0
13	95500001	0.542911	0.499563	1	0	0
13	96000001	0.50085	0.499563	1	0	0
13	96500001	0.505025	0.499563	1	0	0
13	97000001	0.519066	0.499563	1	0	0
13	97500001	0.49625	0.499563	1	0	0
13	98000001	0.471174	0.499563	1	0	0
13	98500001	0.500338	0.499563	1	0	0
13	99000001	0.51446	0.499563	1	0	0
13	99500001	0.482909	0.499563	1	0	0
13	100000001	0.447454	0.499563	1	0	0
13	100500001	1.47773	1.9526	4	0	0
13	101000001	1.92148	1.9526	4	0	0
13	101500001	1.96835	1.9526	4	0	0
13	102000001	1.93046	1.9526	4	0	0
13	102500001	2.0087	1.9526	4	0	0
13	103000001	1.96313	1.9526	4	0	0
13	103500001	1.94969	1.9526	4	0	0
13	104000001	1.97043	1.9526	4	0	0
13	104500001	1.92246	1.9526	4	0	0
13	105000001	1.9526	1.9526	4	0	0
13	105500001	2.00451	1.9526	4	0	0
13	106000001	2.07436	1.9526	4	0	0
13	106500001	1.89036	1.9526	4	0	0
13	107000001	1.90995	1.9526	4	0	0
13	107500001	1.93465	1.9526	4	0	0
13	108000001	1.86195	1.9526	4	0	0
13	108500001	1.95477	1.9526	4	0	0
13	109000001	2.06793	1.9526	4	0	0
13	109500001	2.03478	1.9526	4	0	0
13	110000001	2.02634	1.9526	4	0	0
13	110500001	1.97675	1.9526	4	0	0
13	111000001	1.91934	1.9526	4	0	0
13	111500001	-1	1.9526	4	0	0
13	112000001	1.92091	1.9526	4	0	0
13	112500001	1.9558	1.9526	4	0	0
13	113000001	1.91478	1.9526	4	0	0
13	113500001	2.01674	1.9526	4	0	0
13	114000001	1.44232	1.9526	4	0	0
14	1	-1	-1	-1	0	0
14	500001	-1	-1	-1	0	0
14	1000001	-1	-1	-1	0	0
14	1500001	-1	-1	-1	0	0
14	2000001	-1	-1	-1	0	0
14	2500001	-1	-1	-1	0	0
14	3000001	-1	-1	-1	0	0
14	3500001	-1	-1	-1	0	0
14	4000001	-1	-1	-1	0	0
14	4500001	-1	-1	-1	0	0
14	5000001	-1	-1	-1	0	0
14	5500001	-1	-1	-1	0	0
14	6000001	-1	-1	-1	0	0
14	6500001	-1	-1	-1	0	0
14	7000001	-1	-1	-1	0	0
14	7500001	-1	-1	-1	0	0
14	8000001	-1	-1	-1	0	0
14	8500001	-1	-1	-1	0	0
14	9000001	-1	-1	-1	0	0
14	9500001	-1	-1	-1	0	0
14	10000001	-1	-1	-1	0	0
14	10500001	-1	-1	-1	0	0
14	11000001	-1	-1	-1	0	0
14	11500001	-1	-1	-1	0	0
14	12000001	-1	-1	-1	0	0
14	12500001	-1	-1	-1	0	0
14	13000001	-1	-1	-1	0	0
14	13500001	-1	-1	-1	0	0
14	14000001	-1	-1	-1	0	0
14	14500001	-1	-1	-1	0	0
14	15000001	-1	-1	-1	0	0
14	15500001	-1	-1	-1	0	0
14	16000001	0.496669	0.555121	1	0	0
14	16500001	0.613573	0.555121	1	0	0
14	17000001	0.765413	0.872834	2	0	0
14	17500001	0.980256	0.872834	2	0	0
14	18000001	1.20361	1.20361	2	0	0
14	18500001	-1	-1	-1	0	0
14	19000001	1.48477	1.48477	3	0	0
14	19500001	-1	-1	-1	0	0
14	20000001	0.996895	1.01296	2	0	0
14	20500001	0.977861	1.01296	2	0	0
14	21000001	0.991686	1.01296	2	0	0
14	21500001	1.02774	1.01296	2	0	0
14	22000001	1.06853	1.01296	2	0	0
14	22500001	1.02287	1.01296	2	0	0
14	23000001	1.01177	1.01296	2	0	0
14	23500001	1.05252	1.01296	2	0	0
14	24000001	0.978848	1.01296	2	0	0
14	24500001	0.99238	1.01296	2	0	0
14	25000001	0.969382	1.01296	2	0	0
14	25500001	0.972427	1.01296	2	0	0
14	26000001	0.959648	1.01296	2	0	0
14	26500001	1.03366	1.01296	2	0	0
14	27000001	1.04289	1.01296	2	0	0
14	27500001	1.01381	1.01296	2	0	0
14	28000001	0.999739	1.01296	2	0	0
14	28500001	1.00556	1.01296	2	0	0
14	29000001	1.01969	1.01296	2	0	0
14	29500001	0.949742	1.01296	2	0	0
14	30000001	1.04903	1.01296	2	0	0
14	30500001	1.01947	1.01296	2	0	0
14	31000001	0.845541	1.01296	2	0	0
14	31500001	1.01405	1.01296	2	0	0
14	32000001	1.04402	1.01296	2	0	0
14	32500001	0.932635	1.01296	2	0	0
14	33000001	0.993721	1.01296	2	0	0
14	33500001	1.02299	1.01296	2	0	0
14	34000001	1.05144	1.01296	2	0	0
14	34500001	0.973909	1.01296	2	0	0
14	35000001	1.00487	1.01296	2	0	0
14	35500001	1.04764	1.01296	2	0	0
14	36000001	1.04005	1.01296	2	0	0
14	36500001	1.07071	1.01296	2	0	0
14	37000001	1.0211	1.01296	2	0	0
14	37500001	0.987383	1.01296	2	0	0
14	38000001	1.03023	1.01296	2	0	0
14	38500001	0.988345	1.01296	2	0	0
14	39000001	1.02143	1.01296	2	0	0
14	39500001	0.9657	1.01296	2	0	0
14	40000001	0.955955	1.01296	2	0	0
14	40500001	1.02843	1.01296	2	0	0
14	41000001	0.982369	1.01296	2	0	0
14	41500001	1.03564	1.01296	2	0	0
14	42000001	1.03514	1.01296	2	0	0
14	42500001	0.99545	1.01296	2	0	0
14	43000001	1.08317	1.01296	2	0	0
14	43500001	1.01357	1.01296	2	0	0
14	44000001	1.01697	1.01296	2	0	0
14	44500001	0.978721	1.01296	2	0	0
14	45000001	1.05054	1.01296	2	0	0
14	45500001	0.959813	1.01296	2	0	0
14	46000001	1.0458	1.01296	2	0	0
14	46500001	1.06357	1.01296	2	0	0
14	47000001	1.0445	1.01296	2	0	0
14	47500001	0.95237	1.01296	2	0	0
14	48000001	0.997428	1.01296	2	0	0
14	48500001	1.06419	1.01296	2	0	0
14	49000001	0.999239	1.01296	2	0	0
14	49500001	1.01168	1.01296	2	0	0
14	50000001	1.10339	1.01296	2	0	0
14	50500001	1.0341	1.01296	2	0	0
14	51000001	1.14794	1.01296	2	0	0
14	51500001	1.03803	1.01296	2	0	0
14	52000001	1.02343	1.01296	2	0	0
14	52500001	1.01256	1.01296	2	0	0
14	53000001	1.01077	1.01296	2	0	0
14	53500001	0.966106	1.01296	2	0	0
14	54000001	1.01621	1.01296	2	0	0
14	54500001	1.04356	1.01296	2	0	0
14	55000001	0.992429	1.01296	2	0	0
14	55500001	1.0408	1.01296	2	0	0
14	56000001	1.07437	1.01296	2	0	0
14	56500001	0.984932	1.01296	2	0	0
14	57000001	1.02484	1.01296	2	0	0
14	57500001	0.997277	1.01296	2	0	0
14	58000001	0.984973	1.01296	2	0	0
14	58500001	0.991226	1.01296	2	0	0
14	59000001	0.969324	1.01296	2	0	0
14	59500001	0.978999	1.01296	2	0	0
14	60000001	1.01057	1.01296	2	0	0
14	60500001	1.02138	1.01296	2	0	0
14	61000001	1.07115	1.01296	2	0	0
14	61500001	1.07522	1.01296	2	0	0
14	62000001	1.01431	1.01296	2	0	0
14	62500001	1.01839	1.01296	2	0	0
14	63000001	0.982683	1.01296	2	0	0
14	63500001	1.00052	1.01296	2	0	0
14	64000001	1.00551	1.01296	2	0	0
14	64500001	1.05409	1.01296	2	0	0
14	65000001	1.00427	1.01296	2	0	0
14	65500001	0.966794	1.01296	2	0	0
14	66000001	1.03168	1.01296	2	0	0
14	66500001	1.03934	1.01296	2	0	0
14	67000001	1.22048	1.01296	2	0	0
14	67500001	1.04282	1.01296	2	0	0
14	68000001	1.00851	1.01296	2	0	0
14	68500001	1.07749	1.01296	2	0	0
14	69000001	1.02387	1.01296	2	0	0
14	69500001	0.965525	1.01296	2	0	0
14	70000001	0.967806	1.01296	2	0	0
14	70500001	1.24269	1.01296	2	0	0
14	71000001	1.05504	1.01296	2	0	0
14	71500001	0.99904	1.01296	2	0	0
14	72000001	0.959205	1.01296	2	0	0
14	72500001	0.971211	1.01296	2	0	0
14	73000001	0.986716	1.01296	2	0	0
14	73500001	0.914659	1.01296	2	0	0
14	74000001	1.03584	1.01296	2	0	0
14	74500001	1.0213	1.01296	2	0	0
14	75000001	1.08354	1.01296	2	0	0
14	75500001	1.02155	1.01296	2	0	0
14	76000001	1.00169	1.01296	2	0	0
14	76500001	1.01841	1.01296	2	0	0
14	77000001	1.03336	1.01296	2	0	0
14	77500001	1.04948	1.01296	2	0	0
14	78000001	0.962167	1.01296	2	0	0
14	78500001	0.941462	1.01296	2	0	0
14	79000001	0.974722	1.01296	2	0	0
14	79500001	0.967589	1.01296	2	0	0
14	80000001	1.02484	1.01296	2	0	0
14	80500001	1.01336	1.01296	2	0	0
14	81000001	0.997209	1.01296	2	0	0
14	81500001	1.05009	1.01296	2	0	0
14	82000001	0.981044	1.01296	2	0	0
14	82500001	0.921727	1.01296	2	0	0
14	83000001	0.9389	1.01296	2	0	0
14	83500001	0.943054	1.01296	2	0	0
14	84000001	0.96438	1.01296	2	0	0
14	84500001	0.988374	1.01296	2	0	0
14	85000001	1.4915	1.4915	3	0	0
14	85500001	1.03202	0.989779	2	0	0
14	86000001	1.02192	0.989779	2	0	0
14	86500001	1.04003	0.989779	2	0	0
14	87000001	0.973906	0.989779	2	0	0
14	87500001	0.97533	0.989779	2	0	0
14	88000001	0.985422	0.989779	2	0	0
14	88500001	0.946212	0.989779	2	0	0
14	89000001	0.984914	0.989779	2	0	0
14	89500001	0.966755	0.989779	2	0	0
14	90000001	0.984861	0.989779	2	0	0
14	90500001	0.959292	0.989779	2	0	0
14	91000001	1.02337	0.989779	2	0	0
14	91500001	1.28001	0.989779	2	0	0
14	92000001	1.00708	0.989779	2	0	0
14	92500001	0.960837	0.989779	2	0	0
14	93000001	0.993682	0.989779	2	0	0
14	93500001	0.989779	0.989779	2	0	0
14	94000001	0.994395	0.989779	2	0	0
14	94500001	0.962542	0.989779	2	0	0
14	95000001	0.979831	0.989779	2	0	0
14	95500001	0.985315	0.989779	2	0	0
14	96000001	1.00783	0.989779	2	0	0
14	96500001	1.00379	0.989779	2	0	0
14	97000001	0.978549	0.989779	2	0	0
14	97500001	1.01068	0.989779	2	0	0
14	98000001	0.952035	0.989779	2	0	0
14	98500001	1.02062	0.989779	2	0	0
14	99000001	1.00672	0.989779	2	0	0
14	99500001	1.04592	0.989779	2	0	0
14	100000001	1.0402	0.989779	2	0	0
14	100500001	0.975003	0.989779	2	0	0
14	101000001	0.980065	0.989779	2	0	0
14	101500001	0.98264	0.989779	2	0	0
14	102000001	1.00074	0.989779	2	0	0
14	102500001	1.12804	0.989779	2	0	0
14	103000001	1.52694	1.52694	3	0	0
14	103500001	1.02121	0.993727	2	0	0
14	104000001	1.00068	0.993727	2	0	0
14	104500001	1.00691	0.993727	2	0	0
14	105000001	0.986777	0.993727	2	0	0
14	105500001	0.978261	0.993727	2	0	0
14	106000001	0.916439	0.993727	2	0	0
14	106500001	-1	-1	-1	0	0
14	107000001	-1	-1	-1	0	0
15	1	-1	-1	-1	0	0
15	500001	-1	-1	-1	0	0
15	1000001	-1	-1	-1	0	0
15	1500001	-1	-1	-1	0	0
15	2000001	-1	-1	-1	0	0
15	2500001	-1	-1	-1	0	0
15	3000001	-1	-1	-1	0	0
15	3500001	-1	-1	-1	0	0
15	4000001	-1	-1	-1	0	0
15	4500001	-1	-1	-1	0	0
15	5000001	-1	-1	-1	0	0
15	5500001	-1	-1	-1	0	0
15	6000001	-1	-1	-1	0	0
15	6500001	-1	-1	-1	0	0
15	7000001	-1	-1	-1	0	0
15	7500001	-1	-1	-1	0	0
15	8000001	-1	-1	-1	0	0
15	8500001	-1	-1	-1	0	0
15	9000001	-1	-1	-1	0	0
15	9500001	-1	-1	-1	0	0
15	10000001	-1	-1	-1	0	0
15	10500001	-1	-1	-1	0	0
15	11000001	-1	-1	-1	0	0
15	11500001	-1	-1	-1	0	0
15	12000001	-1	-1	-1	0	0
15	12500001	-1	-1	-1	0	0
15	13000001	-1	-1	-1	0	0
15	13500001	-1	-1	-1	0	0
15	14000001	-1	-1	-1	0	0
15	14500001	-1	-1	-1	0	0
15	15000001	-1	-1	-1	0	0
15	15500001	-1	-1	-1	0	0
15	16000001	-1	-1	-1	0	0
15	16500001	-1	-1	-1	0	0
15	17000001	0.660968	1.19494	2	0	0
15	17500001	1.18376	1.19494	2	0	0
15	18000001	1.19489	1.19494	2	0	0
15	18500001	1.36403	1.19494	2	0	0
15	19000001	1.19499	1.19494	2	0	0
15	19500001	1.36815	1.19494	2	0	0
15	20000001	7.85463	2.77908	6	0	0
15	20500001	4.35779	2.77908	6	0	0
15	21000001	4.11705	2.77908	6	0	0
15	21500001	2.77908	2.77908	6	0	0
15	22000001	4.31038	2.77908	6	0	0
15	22500001	3.66747	2.77908	6	0	0
15	23000001	3.96337	2.77908	6	0	0
15	23500001	2.78781	2.77908	6	0	0
15	24000001	2.52726	2.77908	6	0	0
15	24500001	2.64506	2.77908	6	0	0
15	25000001	2.67679	2.77908	6	0	0
15	25500001	2.64185	2.77908	6	0	0
15	26000001	2.57062	2.77908	6	0	0
15	26500001	2.77573	2.77908	6	0	0
15	27000001	2.76074	2.77908	6	0	0
15	27500001	2.65429	2.77908	6	0	0
15	28000001	2.8347	2.77908	6	0	0
15	28500001	1.93262	1.49712	3	0	0
15	29000001	1.42346	1.49712	3	0	0
15	29500001	1.46358	1.49712	3	0	0
15	30000001	0.957062	1.49712	3	0	0
15	30500001	1.00715	1.49712	3	0	0
15	31000001	0.949845	1.49712	3	0	0
15	31500001	0.949439	1.49712	3	0	0
15	32000001	1.03741	1.49712	3	0	0
15	32500001	1.01426	1.49712	3	0	0
15	33000001	1.16005	1.49712	3	0	0
15	33500001	1.42246	1.49712	3	0	0
15	34000001	1.47763	1.49712	3	0	0
15	34500001	1.49437	1.49712	3	0	0
15	35000001	1.52905	1.49712	3	0	0
15	35500001	1.54654	1.49712	3	0	0
15	36000001	1.27253	1.49712	3	0	0
15	36500001	1.0503	1.49712	3	0	0
15	37000001	1.07435	1.49712	3	0	0
15	37500001	1.01582	1.49712	3	0	0
15	38000001	1.4051	1.49712	3	0	0
15	38500001	1.55045	1.49712	3	0	0
15	39000001	1.57963	1.49712	3	0	0
15	39500001	1.53493	1.49712	3	0	0
15	40000001	1.53355	1.49712	3	0	0
15	40500001	1.51755	1.49712	3	0	0
15	41000001	1.38261	1.49712	3	0	0
15	41500001	1.49712	1.49712	3	0	0
15	42000001	1.52327	1.49712	3	0	0
15	42500001	1.57027	1.49712	3	0	0
15	43000001	1.51561	1.49712	3	0	0
15	43500001	1.51572	1.49712	3	0	0
15	44000001	1.56699	1.49712	3	0	0
15	44500001	1.60213	1.49712	3	0	0
15	45000001	1.64905	1.49712	3	0	0
15	45500001	1.60345	1.49712	3	0	0
15	46000001	1.57356	1.49712	3	0	0
15	46500001	1.59804	1.49712	3	0	0
15	47000001	2.09697	2.09697	4	0	0
15	47500001	2.47014	2.09697	4	0	0
15	48000001	1.8889	2.09697	4	0	0
15	48500001	0.690381	0.685962	1	0	0
15	49000001	0.666902	0.685962	1	0	0
15	49500001	0.683611	0.685962	1	0	0
15	50000001	0.676937	0.685962	1	0	0
15	50500001	0.68365	0.685962	1	0	0
15	51000001	0.721672	0.685962	1	0	0
15	51500001	0.694936	0.685962	1	0	0
15	52000001	0.660206	0.685962	1	0	0
15	52500001	0.710642	0.685962	1	0	0
15	53000001	0.660893	0.685962	1	0	0
15	53500001	0.708502	0.685962	1	0	0
15	54000001	0.647462	0.685962	1	0	0
15	54500001	0.659311	0.685962	1	0	0
15	55000001	0.664373	0.685962	1	0	0
15	55500001	0.68807	0.685962	1	0	0
15	56000001	0.721983	0.685962	1	0	0
15	56500001	0.687051	0.685962	1	0	0
15	57000001	0.680709	0.685962	1	0	0
15	57500001	0.70988	0.685962	1	0	0
15	58000001	0.707934	0.685962	1	0	0
15	58500001	0.71435	0.685962	1	0	0
15	59000001	0.699238	0.685962	1	0	0
15	59500001	0.698644	0.685962	1	0	0
15	60000001	0.696346	0.685962	1	0	0
15	60500001	0.643377	0.685962	1	0	0
15	61000001	0.670944	0.685962	1	0	0
15	61500001	0.647918	0.685962	1	0	0
15	62000001	0.715622	0.685962	1	0	0
15	62500001	0.718237	0.685962	1	0	0
15	63000001	0.742608	0.685962	1	0	0
15	63500001	0.699212	0.685962	1	0	0
15	64000001	0.684549	0.685962	1	0	0
15	64500001	1.19114	0.685962	1	0	0
15	65000001	0.762107	0.685962	1	0	0
15	65500001	0.657948	0.685962	1	0	0
15	66000001	0.6659	0.685962	1	0	0
15	66500001	0.701436	0.685962	1	0	0
15	67000001	0.689341	0.685962	1	0	0
15	67500001	0.695873	0.685962	1	0	0
15	68000001	0.683987	0.685962	1	0	0
15	68500001	0.662961	0.685962	1	0	0
15	69000001	0.693441	0.685962	1	0	0
15	69500001	0.706075	0.685962	1	0	0
15	70000001	0.673906	0.685962	1	0	0
15	70500001	0.722266	0.685962	1	0	0
15	71000001	0.677886	0.685962	1	0	0
15	71500001	0.722657	0.685962	1	0	0
15	72000001	0.684735	0.685962	1	0	0
15	72500001	0.694574	0.685962	1	0	0
15	73000001	0.637699	0.685962	1	0	0
15	73500001	0.709077	0.685962	1	0	0
15	74000001	0.70201	0.685962	1	0	0
15	74500001	0.71088	0.685962	1	0	0
15	75000001	0.715388	0.685962	1	0	0
15	75500001	0.608344	0.685962	1	0	0
15	76000001	0.673811	0.685962	1	0	0
15	76500001	0.671419	0.685962	1	0	0
15	77000001	0.683798	0.685962	1	0	0
15	77500001	0.674841	0.685962	1	0	0
15	78000001	0.656218	0.685962	1	0	0
15	78500001	0.677022	0.685962	1	0	0
15	79000001	0.686606	0.685962	1	0	0
15	79500001	0.652152	0.685962	1	0	0
15	80000001	0.675293	0.685962	1	0	0
15	80500001	0.704724	0.685962	1	0	0
15	81000001	0.653124	0.685962	1	0	0
15	81500001	0.645323	0.685962	1	0	0
15	82000001	0.673314	0.685962	1	0	0
15	82500001	0.661618	0.685962	1	0	0
15	83000001	0.727646	0.685962	1	0	0
15	83500001	0.667661	0.685962	1	0	0
15	84000001	0.571391	0.685962	1	0	0
15	84500001	0.706862	0.685962	1	0	0
15	85000001	0.685355	0.685962	1	0	0
15	85500001	0.634128	0.685962	1	0	0
15	86000001	0.596254	0.685962	1	0	0
15	86500001	0.650257	0.685962	1	0	0
15	87000001	0.619126	0.685962	1	0	0
15	87500001	0.610627	0.685962	1	0	0
15	88000001	0.622491	0.685962	1	0	0
15	88500001	0.659588	0.685962	1	0	0
15	89000001	0.713266	0.685962	1	0	0
15	89500001	0.674752	0.685962	1	0	0
15	90000001	0.677139	0.685962	1	0	0
15	90500001	0.688052	0.685962	1	0	0
15	91000001	0.710452	0.685962	1	0	0
15	91500001	0.688062	0.685962	1	0	0
15	92000001	0.719999	0.685962	1	0	0
15	92500001	0.686628	0.685962	1	0	0
15	93000001	0.685962	0.685962	1	0	0
15	93500001	0.673683	0.685962	1	0	0
15	94000001	0.737501	0.685962	1	0	0
15	94500001	0.693429	0.685962	1	0	0
15	95000001	0.686652	0.685962	1	0	0
15	95500001	0.710089	0.685962	1	0	0
15	96000001	0.670369	0.685962	1	0	0
15	96500001	0.658905	0.685962	1	0	0
15	97000001	0.685211	0.685962	1	0	0
15	97500001	0.706113	0.685962	1	0	0
15	98000001	0.639985	0.685962	1	0	0
15	98500001	0.686934	0.685962	1	0	0
15	99000001	0.684516	0.685962	1	0	0
15	99500001	0.713517	0.685962	1	0	0
15	100000001	0.732106	0.685962	1	0	0
15	100500001	0.708312	0.685962	1	0	0
15	101000001	0.694736	0.685962	1	0	0
15	101500001	0.744128	0.685962	1	0	0
16	1	1.90935	1.95088	4	0	0
16	500001	2.0504	1.95088	4	0	0
16	1000001	1.9239	1.95088	4	0	0
16	1500001	1.97786	1.95088	4	0	0
16	2000001	1.60881	1.47906	3	0	0
16	2500001	1.52485	1.47906	3	0	0
16	3000001	1.50168	1.47906	3	0	0
16	3500001	1.4843	1.47906	3	0	0
16	4000001	1.46779	1.47906	3	0	0
16	4500001	1.47095	1.47906	3	0	0
16	5000001	1.41449	1.47906	3	0	0
16	5500001	1.34393	1.47906	3	0	0
16	6000001	1.38922	1.47906	3	0	0
16	6500001	1.36082	1.47906	3	0	0
16	7000001	1.3778	1.47906	3	0	0
16	7500001	1.41236	1.47906	3	0	0
16	8000001	1.49042	1.47906	3	0	0
16	8500001	1.52768	1.47906	3	0	0
16	9000001	1.4458	1.47906	3	0	0
16	9500001	1.44055	1.47906	3	0	0
16	10000001	1.48794	1.47906	3	0	0
16	10500001	1.50312	1.47906	3	0	0
16	11000001	1.49301	1.47906	3	0	0
16	11500001	1.4756	1.47906	3	0	0
16	12000001	1.5151	1.47906	3	0	0
16	12500001	1.44927	1.47906	3	0	0
16	13000001	1.48784	1.47906	3	0	0
16	13500001	1.49212	1.47906	3	0	0
16	14000001	1.5245	1.47906	3	0	0
16	14500001	1.88369	1.47906	3	0	0
16	15000001	1.67658	1.47906	3	0	0
16	15500001	1.57325	1.47906	3	0	0
16	16000001	1.37489	1.47906	3	0	0
16	16500001	1.36343	1.47906	3	0	0
16	17000001	1.41642	1.47906	3	0	0
16	17500001	1.40231	1.47906	3	0	0
16	18000001	1.34937	1.47906	3	0	0
16	18500001	1.50582	1.47906	3	0	0
16	19000001	1.50285	1.47906	3	0	0
16	19500001	1.45863	1.47906	3	0	0
16	20000001	1.45247	1.47906	3	0	0
16	20500001	1.47906	1.47906	3	0	0
16	21000001	1.60393	1.47906	3	0	0
16	21500001	2.56687	2.39386	5	0	0
16	22000001	2.0259	2.39386	5	0	0
16	22500001	2.39386	2.39386	5	0	0
16	23000001	1.17712	1.47028	3	0	0
16	23500001	1.20888	1.47028	3	0	0
16	24000001	1.50775	1.47028	3	0	0
16	24500001	1.49845	1.47028	3	0	0
16	25000001	1.49598	1.47028	3	0	0
16	25500001	1.46611	1.47028	3	0	0
16	26000001	1.37408	1.47028	3	0	0
16	26500001	1.4185	1.47028	3	0	0
16	27000001	1.43775	1.47028	3	0	0
16	27500001	1.46767	1.47028	3	0	0
16	28000001	1.45025	1.47028	3	0	0
16	28500001	1.47288	1.47028	3	0	0
16	29000001	1.59467	1.47028	3	0	0
16	29500001	1.54509	1.47028	3	0	0
16	30000001	1.64751	1.47028	3	0	0
16	30500001	1.55798	1.47028	3	0	0
16	31000001	1.49106	1.47028	3	0	0
16	31500001	1.43931	1.47028	3	0	0
16	32000001	0.990974	0.894528	2	0	0
16	32500001	0.853684	0.894528	2	0	0
16	33000001	-1	0.894528	2	0	0
16	33500001	0.873351	0.894528	2	0	0
16	34000001	0.915705	0.894528	2	0	0
16	34500001	6.33155	6.33155	13	0	0
16	35000001	0.91486	0.80566	2	0	0
16	35500001	0.965945	0.80566	2	0	0
16	36000001	0.999477	0.80566	2	0	0
16	36500001	0.69646	0.80566	2	0	0
16	37000001	0.654884	0.80566	2	0	0
16	37500001	0.661896	0.80566	2	0	0
16	38000001	-1	-1	2	0	0
16	38500001	-1	-1	2	0	0
16	39000001	-1	-1	2	0	0
16	39500001	-1	-1	2	0	0
16	40000001	-1	-1	2	0	0
16	40500001	-1	-1	2	0	0
16	41000001	-1	-1	2	0	0
16	41500001	-1	-1	2	0	0
16	42000001	-1	-1	2	0	0
16	42500001	-1	-1	2	0	0
16	43000001	-1	-1	2	0	0
16	43500001	-1	-1	2	0	0
16	44000001	-1	-1	2	0	0
16	44500001	-1	-1	2	0	0
16	45000001	-1	-1	2	0	0
16	45500001	-1	-1	2	0	0
16	46000001	-1	-1	2	0	0
16	46500001	0.999683	0.985706	2	0	0
16	47000001	1.01072	0.985706	2	0	0
16	47500001	0.990884	0.985706	2	0	0
16	48000001	1.03239	0.985706	2	0	0
16	48500001	0.970442	0.985706	2	0	0
16	49000001	0.996422	0.985706	2	0	0
16	49500001	0.990821	0.985706	2	0	0
16	50000001	1.01347	0.985706	2	0	0
16	50500001	0.959094	0.985706	2	0	0
16	51000001	0.951201	0.985706	2	0	0
16	51500001	0.947489	0.985706	2	0	0
16	52000001	0.977992	0.985706	2	0	0
16	52500001	0.909708	0.985706	2	0	0
16	53000001	0.955239	0.985706	2	0	0
16	53500001	0.957418	0.985706	2	0	0
16	54000001	1.00616	0.985706	2	0	0
16	54500001	0.975316	0.985706	2	0	0
16	55000001	0.991684	0.985706	2	0	0
16	55500001	1.02075	0.985706	2	0	0
16	56000001	1.02752	0.985706	2	0	0
16	56500001	1.02557	0.985706	2	0	0
16	57000001	0.990111	0.985706	2	0	0
16	57500001	1.15042	0.985706	2	0	0
16	58000001	1.00658	0.985706	2	0	0
16	58500001	0.971738	0.985706	2	0	0
16	59000001	0.976409	0.985706	2	0	0
16	59500001	0.941229	0.985706	2	0	0
16	60000001	0.931827	0.985706	2	0	0
16	60500001	0.97553	0.985706	2	0	0
16	61000001	0.910835	0.985706	2	0	0
16	61500001	0.932493	0.985706	2	0	0
16	62000001	0.946143	0.985706	2	0	0
16	62500001	0.951001	0.985706	2	0	0
16	63000001	0.912821	0.985706	2	0	0
16	63500001	0.944225	0.985706	2	0	0
16	64000001	0.946858	0.985706	2	0	0
16	64500001	0.964919	0.985706	2	0	0
16	65000001	0.949305	0.985706	2	0	0
16	65500001	0.964864	0.985706	2	0	0
16	66000001	1.02853	0.985706	2	0	0
16	66500001	1.01448	0.985706	2	0	0
16	67000001	1.01151	0.985706	2	0	0
16	67500001	1.03045	0.985706	2	0	0
16	68000001	1.0262	0.985706	2	0	0
16	68500001	1.0436	0.985706	2	0	0
16	69000001	1.01588	0.985706	2	0	0
16	69500001	1.08066	0.985706	2	0	0
16	70000001	1.08388	0.985706	2	0	0
16	70500001	1.02996	0.985706	2	0	0
16	71000001	1.0516	0.985706	2	0	0
16	71500001	0.930628	0.985706	2	0	0
16	72000001	0.973823	0.985706	2	0	0
16	72500001	0.966265	0.985706	2	0	0
16	73000001	0.973751	0.985706	2	0	0
16	73500001	0.992606	0.985706	2	0	0
16	74000001	1.19233	0.985706	2	0	0
16	74500001	1.03827	0.985706	2	0	0
16	75000001	1.03184	0.985706	2	0	0
16	75500001	1.05459	0.985706	2	0	0
16	76000001	0.985706	0.985706	2	0	0
16	76500001	0.957479	0.985706	2	0	0
16	77000001	0.924491	0.985706	2	0	0
16	77500001	0.960039	0.985706	2	0	0
16	78000001	0.782876	0.766578	2	0	0
16	78500001	0.556034	0.766578	2	0	0
16	79000001	0.680193	0.766578	2	0	0
16	79500001	0.709774	0.766578	2	0	0
16	80000001	0.770947	0.766578	2	0	0
16	80500001	0.787673	0.766578	2	0	0
16	81000001	0.817136	0.766578	2	0	0
16	81500001	0.757087	0.766578	2	0	0
16	82000001	0.801097	0.766578	2	0	0
16	82500001	0.764648	0.766578	2	0	0
16	83000001	0.75351	0.766578	2	0	0
16	83500001	0.766244	0.766578	2	0	0
16	84000001	0.755279	0.766578	2	0	0
16	84500001	0.795739	0.766578	2	0	0
16	85000001	0.743193	0.766578	2	0	0
16	85500001	0.740119	0.766578	2	0	0
16	86000001	0.745075	0.766578	2	0	0
16	86500001	0.766913	0.766578	2	0	0
16	87000001	0.788843	0.766578	2	0	0
16	87500001	0.781582	0.766578	2	0	0
16	88000001	0.751312	0.766578	2	0	0
16	88500001	0.799338	0.766578	2	0	0
16	89000001	0.786181	0.766578	2	0	0
16	89500001	0.775699	0.766578	2	0	0
16	90000001	-1	-1	-1	0	0
17	1	-1	-1	-1	0	0
17	500001	0.470674	0.477086	1	0	0
17	1000001	0.483498	0.477086	1	0	0
17	1500001	0.979705	0.979705	2	0	0
17	2000001	1.48458	1.45808	3	0	0
17	2500001	1.39891	1.45808	3	0	0
17	3000001	1.44106	1.45808	3	0	0
17	3500001	1.44251	1.45808	3	0	0
17	4000001	1.46464	1.45808	3	0	0
17	4500001	1.50584	1.45808	3	0	0
17	5000001	1.47468	1.45808	3	0	0
17	5500001	1.46764	1.45808	3	0	0
17	6000001	1.48111	1.45808	3	0	0
17	6500001	1.46406	1.45808	3	0	0
17	7000001	1.3817	1.45808	3	0	0
17	7500001	1.51344	1.45808	3	0	0
17	8000001	1.51832	1.45808	3	0	0
17	8500001	1.38264	1.45808	3	0	0
17	9000001	1.37366	1.45808	3	0	0
17	9500001	1.3947	1.45808	3	0	0
17	10000001	1.38349	1.45808	3	0	0
17	10500001	1.43938	1.45808	3	0	0
17	11000001	1.33427	1.45808	3	0	0
17	11500001	1.40894	1.45808	3	0	0
17	12000001	1.38387	1.45808	3	0	0
17	12500001	1.3349	1.45808	3	0	0
17	13000001	1.38767	1.45808	3	0	0
17	13500001	1.44581	1.45808	3	0	0
17	14000001	1.43837	1.45808	3	0	0
17	14500001	1.5209	1.45808	3	0	0
17	15000001	1.46097	1.45808	3	0	0
17	15500001	1.43335	1.45808	3	0	0
17	16000001	1.43015	1.45808	3	0	0
17	16500001	1.67227	1.45808	3	0	0
17	17000001	1.54911	1.45808	3	0	0
17	17500001	1.46247	1.45808	3	0	0
17	18000001	1.47653	1.45808	3	0	0
17	18500001	1.41235	1.45808	3	0	0
17	19000001	1.96773	1.45808	3	0	0
17	19500001	1.55418	1.45808	3	0	0
17	20000001	1.45808	1.45808	3	0	0
17	20500001	1.42426	1.45808	3	0	0
17	21000001	1.60128	1.45808	3	0	0
17	21500001	1.66134	1.45808	3	0	0
17	22000001	1.80417	1.45808	3	0	0
17	22500001	1.69328	1.45808	3	0	0
17	23000001	1.09826	1.45808	3	0	0
17	23500001	0.458836	0.503494	1	0	0
17	24000001	0.500342	0.503494	1	0	0
17	24500001	0.506646	0.503494	1	0	0
17	25000001	0.701891	0.503494	1	0	0
17	25500001	0.598548	0.503494	1	0	0
17	26000001	0.444205	0.503494	1	0	0
17	26500001	4.14031	4.14031	8	0	0
17	27000001	1.05462	1.0086	2	0	0
17	27500001	0.975141	1.0086	2	0	0
17	28000001	1.03911	1.0086	2	0	0
17	28500001	1.20489	1.0086	2	0	0
17	29000001	1.0086	1.0086	2	0	0
17	29500001	0.994854	1.0086	2	0	0
17	30000001	1.0252	1.0086	2	0	0
17	30500001	0.893046	1.0086	2	0	0
17	31000001	0.532851	1.0086	2	0	0
17	31500001	0.707134	1.0086	2	0	0
17	32000001	1.03543	1.0086	2	0	0
17	32500001	1.00098	1.0086	2	0	0
17	33000001	0.978212	1.0086	2	0	0
17	33500001	0.918252	1.0086	2	0	0
17	34000001	0.937237	1.0086	2	0	0
17	34500001	0.980367	1.0086	2	0	0
17	35000001	1.06503	1.0086	2	0	0
17	35500001	1.05077	1.0086	2	0	0
17	36000001	1.51255	1.0086	2	0	0
17	36500001	0.994981	1.0086	2	0	0
17	37000001	1.0074	1.0086	2	0	0
17	37500001	1.09926	1.0086	2	0	0
17	38000001	1.06978	1.0086	2	0	0
17	38500001	1.00959	1.0086	2	0	0
17	39000001	1.00878	1.0086	2	0	0
17	39500001	1.01375	1.0086	2	0	0
17	40000001	0.986025	1.0086	2	0	0
17	40500001	1.04969	1.0086	2	0	0
17	41000001	1.07987	1.0086	2	0	0
17	41500001	1.06317	1.0086	2	0	0
17	42000001	1.03944	1.0086	2	0	0
17	42500001	0.974066	1.0086	2	0	0
17	43000001	1.35056	1.0086	2	0	0
17	43500001	1.00444	1.0086	2	0	0
17	44000001	0.973073	1.0086	2	0	0
17	44500001	0.986184	1.0086	2	0	0
17	45000001	1.02644	1.0086	2	0	0
17	45500001	1.07392	1.0086	2	0	0
17	46000001	1.05309	1.0086	2	0	0
17	46500001	1.00686	1.0086	2	0	0
17	47000001	1.04599	1.0086	2	0	0
17	47500001	1.02915	1.0086	2	0	0
17	48000001	1.02927	1.0086	2	0	0
17	48500001	0.987331	1.0086	2	0	0
17	49000001	1.02785	1.0086	2	0	0
17	49500001	1.03254	1.0086	2	0	0
17	50000001	1.02975	1.0086	2	0	0
17	50500001	1.02009	1.0086	2	0	0
17	51000001	1.03502	1.0086	2	0	0
17	51500001	0.986042	1.0086	2	0	0
17	52000001	0.985103	1.0086	2	0	0
17	52500001	0.923341	1.0086	2	0	0
17	53000001	0.929013	1.0086	2	0	0
17	53500001	0.921811	1.0086	2	0	0
17	54000001	0.928957	1.0086	2	0	0
17	54500001	0.931157	1.0086	2	0	0
17	55000001	0.932229	1.0086	2	0	0
17	55500001	0.921571	1.0086	2	0	0
17	56000001	0.971027	1.0086	2	0	0
17	56500001	1.01133	1.0086	2	0	0
17	57000001	1.04375	1.0086	2	0	0
17	57500001	1.01948	1.0086	2	0	0
17	58000001	0.995942	1.0086	2	0	0
17	58500001	0.979289	1.0086	2	0	0
17	59000001	0.97047	1.0086	2	0	0
17	59500001	1.00485	1.0086	2	0	0
17	60000001	1.01649	1.0086	2	0	0
17	60500001	1.35282	1.48317	3	0	0
17	61000001	1.38923	1.48317	3	0	0
17	61500001	1.57233	1.48317	3	0	0
17	62000001	1.47827	1.48317	3	0	0
17	62500001	1.50895	1.48317	3	0	0
17	63000001	1.48807	1.48317	3	0	0
17	63500001	1.43166	1.48317	3	0	0
17	64000001	1.5244	1.48317	3	0	0
17	64500001	3.76182	3.76182	8	0	0
17	65000001	4.49992	3.76182	8	0	0
17	65500001	3.25893	3.76182	8	0	0
17	66000001	1.58781	1.51035	3	0	0
17	66500001	1.52117	1.51035	3	0	0
17	67000001	1.53045	1.51035	3	0	0
17	67500001	1.48966	1.51035	3	0	0
17	68000001	1.45542	1.51035	3	0	0
17	68500001	1.51616	1.51035	3	0	0
17	69000001	1.50237	1.51035	3	0	0
17	69500001	1.47767	1.51035	3	0	0
17	70000001	1.45204	1.51035	3	0	0
17	70500001	1.44474	1.51035	3	0	0
17	71000001	1.48798	1.51035	3	0	0
17	71500001	1.43577	1.51035	3	0	0
17	72000001	1.57005	1.51035	3	0	0
17	72500001	1.52464	1.51035	3	0	0
17	73000001	1.47726	1.51035	3	0	0
17	73500001	1.50105	1.51035	3	0	0
17	74000001	1.50711	1.51035	3	0	0
17	74500001	1.48645	1.51035	3	0	0
17	75000001	1.51303	1.51035	3	0	0
17	75500001	1.51035	1.51035	3	0	0
17	76000001	1.5438	1.51035	3	0	0
17	76500001	1.47637	1.51035	3	0	0
17	77000001	1.51599	1.51035	3	0	0
17	77500001	1.42176	1.51035	3	0	0
17	78000001	1.7733	1.51035	3	0	0
17	78500001	1.59545	1.51035	3	0	0
17	79000001	1.53558	1.51035	3	0	0
17	79500001	1.50906	1.51035	3	0	0
17	80000001	1.49422	1.51035	3	0	0
17	80500001	1.58811	1.51035	3	0	0
17	81000001	1.55239	1.51035	3	0	0
17	81500001	1.52207	1.51035	3	0	0
17	82000001	1.63987	1.51035	3	0	0
17	82500001	1.52562	1.51035	3	0	0
17	83000001	0.69423	1.51035	3	0	0
18	1	1.90598	1.90598	4	0	0
18	500001	0.968006	0.989298	2	0	0
18	1000001	0.988756	0.989298	2	0	0
18	1500001	1.02855	0.989298	2	0	0
18	2000001	1.05722	0.989298	2	0	0
18	2500001	1.02851	0.989298	2	0	0
18	3000001	1.02871	0.989298	2	0	0
18	3500001	1.02922	0.989298	2	0	0
18	4000001	0.983936	0.989298	2	0	0
18	4500001	0.977828	0.989298	2	0	0
18	5000001	0.931458	0.989298	2	0	0
18	5500001	0.91998	0.989298	2	0	0
18	6000001	0.885955	0.989298	2	0	0
18	6500001	0.867169	0.989298	2	0	0
18	7000001	0.904181	0.989298	2	0	0
18	7500001	0.977458	0.989298	2	0	0
18	8000001	0.992766	0.989298	2	0	0
18	8500001	1.03929	0.989298	2	0	0
18	9000001	1.0382	0.989298	2	0	0
18	9500001	1.0132	0.989298	2	0	0
18	10000001	1.02907	0.989298	2	0	0
18	10500001	0.991557	0.989298	2	0	0
18	11000001	0.968663	0.989298	2	0	0
18	11500001	0.989298	0.989298	2	0	0
18	12000001	1.00352	0.989298	2	0	0
18	12500001	1.01955	0.989298	2	0	0
18	13000001	0.999691	0.989298	2	0	0
18	13500001	0.960416	0.989298	2	0	0
18	14000001	0.899478	0.989298	2	0	0
18	14500001	0.9349	0.989298	2	0	0
18	15000001	1.20582	1.11789	2	0	0
18	15500001	1.11789	1.11789	2	0	0
18	16000001	1.07283	1.11789	2	0	0
18	16500001	0.84919	0.774337	2	0	0
18	17000001	0.815338	0.774337	2	0	0
18	17500001	0.785894	0.774337	2	0	0
18	18000001	0.774337	0.774337	2	0	0
18	18500001	0.707349	0.774337	2	0	0
18	19000001	0.695549	0.774337	2	0	0
18	19500001	0.563266	0.774337	2	0	0
18	20000001	0.79865	0.774337	2	0	0
18	20500001	0.704928	0.774337	2	0	0
18	21000001	0.983246	0.983246	2	0	0
18	21500001	1.04812	0.983246	2	0	0
18	22000001	0.900331	0.983246	2	0	0
18	22500001	0.547769	0.508136	1	0	0
18	23000001	0.503835	0.508136	1	0	0
18	23500001	0.567503	0.508136	1	0	0
18	24000001	0.51006	0.508136	1	0	0
18	24500001	0.487409	0.508136	1	0	0
18	25000001	0.446522	0.508136	1	0	0
18	25500001	0.506738	0.508136	1	0	0
18	26000001	0.509857	0.508136	1	0	0
18	26500001	0.509534	0.508136	1	0	0
18	27000001	0.494491	0.508136	1	0	0
18	27500001	0.564418	0.508136	1	0	0
18	28000001	0.549818	0.508136	1	0	0
18	28500001	0.4836	0.508136	1	0	0
18	29000001	0.526044	0.508136	1	0	0
18	29500001	0.512585	0.508136	1	0	0
18	30000001	0.479326	0.508136	1	0	0
18	30500001	0.517521	0.508136	1	0	0
18	31000001	0.579593	0.508136	1	0	0
18	31500001	0.491075	0.508136	1	0	0
18	32000001	0.473629	0.508136	1	0	0
18	32500001	0.506258	0.508136	1	0	0
18	33000001	0.468065	0.508136	1	0	0
18	33500001	0.454355	0.508136	1	0	0
18	34000001	0.492897	0.508136	1	0	0
18	34500001	0.499657	0.508136	1	0	0
18	35000001	0.531419	0.508136	1	0	0
18	35500001	0.513824	0.508136	1	0	0
18	36000001	0.534486	0.508136	1	0	0
18	36500001	0.503219	0.508136	1	0	0
18	37000001	0.537245	0.508136	1	0	0
18	37500001	0.515817	0.508136	1	0	0
18	38000001	0.469191	0.508136	1	0	0
18	38500001	0.918552	1.0014	2	0	0
18	39000001	1.00907	1.0014	2	0	0
18	39500001	1.02935	1.0014	2	0	0
18	40000001	1.00649	1.0014	2	0	0
18	40500001	1.00914	1.0014	2	0	0
18	41000001	1.02446	1.0014	2	0	0
18	41500001	1.04058	1.0014	2	0	0
18	42000001	0.996309	1.0014	2	0	0
18	42500001	0.961145	1.0014	2	0	0
18	43000001	0.987717	1.0014	2	0	0
18	43500001	0.972021	1.0014	2	0	0
18	44000001	0.78231	1.0014	2	0	0
18	44500001	0.515373	0.500298	1	0	0
18	45000001	0.544681	0.500298	1	0	0
18	45500001	0.51136	0.500298	1	0	0
18	46000001	0.485041	0.500298	1	0	0
18	46500001	0.529306	0.500298	1	0	0
18	47000001	0.490174	0.500298	1	0	0
18	47500001	0.503599	0.500298	1	0	0
18	48000001	0.489482	0.500298	1	0	0
18	48500001	0.536659	0.500298	1	0	0
18	49000001	0.551807	0.500298	1	0	0
18	49500001	0.524411	0.500298	1	0	0
18	50000001	0.489241	0.500298	1	0	0
18	50500001	0.454948	0.500298	1	0	0
18	51000001	0.476336	0.500298	1	0	0
18	51500001	0.463564	0.500298	1	0	0
18	52000001	0.459944	0.500298	1	0	0
18	52500001	0.460334	0.500298	1	0	0
18	53000001	0.495566	0.500298	1	0	0
18	53500001	0.546624	0.500298	1	0	0
18	54000001	0.498647	0.500298	1	0	0
18	54500001	0.511408	0.500298	1	0	0
18	55000001	0.508543	0.500298	1	0	0
18	55500001	0.53456	0.500298	1	0	0
18	56000001	0.530093	0.500298	1	0	0
18	56500001	0.492521	0.500298	1	0	0
18	57000001	0.486708	0.500298	1	0	0
18	57500001	0.501948	0.500298	1	0	0
18	58000001	0.56586	0.500298	1	0	0
18	58500001	0.498271	0.500298	1	0	0
18	59000001	0.523717	0.500298	1	0	0
18	59500001	0.482444	0.500298	1	0	0
18	60000001	0.479632	0.500298	1	0	0
18	60500001	0.492995	0.500298	1	0	0
18	61000001	0.482856	0.500298	1	0	0
18	61500001	0.533911	0.500298	1	0	0
18	62000001	0.533155	0.500298	1	0	0
18	62500001	0.900954	0.957998	2	0	0
18	63000001	1.01374	0.957998	2	0	0
18	63500001	1.10359	0.957998	2	0	0
18	64000001	0.902256	0.957998	2	0	0
18	64500001	0.518455	0.511064	1	0	0
18	65000001	0.532928	0.511064	1	0	0
18	65500001	0.530095	0.511064	1	0	0
18	66000001	0.517827	0.511064	1	0	0
18	66500001	0.528933	0.511064	1	0	0
18	67000001	0.512077	0.511064	1	0	0
18	67500001	0.487213	0.511064	1	0	0
18	68000001	0.511064	0.511064	1	0	0
18	68500001	0.513634	0.511064	1	0	0
18	69000001	0.505771	0.511064	1	0	0
18	69500001	0.521126	0.511064	1	0	0
18	70000001	0.517552	0.511064	1	0	0
18	70500001	0.523651	0.511064	1	0	0
18	71000001	0.529571	0.511064	1	0	0
18	71500001	0.507132	0.511064	1	0	0
18	72000001	0.508176	0.511064	1	0	0
18	72500001	0.534709	0.511064	1	0	0
18	73000001	0.556113	0.511064	1	0	0
18	73500001	0.487522	0.511064	1	0	0
18	74000001	0.513964	0.511064	1	0	0
18	74500001	0.509675	0.511064	1	0	0
18	75000001	0.509395	0.511064	1	0	0
18	75500001	0.468992	0.511064	1	0	0
18	76000001	0.518881	0.511064	1	0	0
18	76500001	0.475129	0.511064	1	0	0
18	77000001	0.482361	0.511064	1	0	0
18	77500001	0.463565	0.511064	1	0	0
18	78000001	0.433674	0.511064	1	0	0
18	78500001	0.459564	0.511064	1	0	0
18	79000001	0.479682	0.511064	1	0	0
18	79500001	0.497348	0.511064	1	0	0
18	80000001	-1	-1	-1	0	0
19	1	1.18706	1.11262	2	0	0
19	500001	0.986323	1.11262	2	0	0
19	1000001	0.992324	1.11262	2	0	0
19	1500001	0.969366	1.11262	2	0	0
19	2000001	0.984299	1.11262	2	0	0
19	2500001	1.02382	1.11262	2	0	0
19	3000001	0.987107	1.11262	2	0	0
19	3500001	1.03617	1.11262	2	0	0
19	4000001	0.996213	1.11262	2	0	0
19	4500001	1.00828	1.11262	2	0	0
19	5000001	0.963956	1.11262	2	0	0
19	5500001	0.980527	1.11262	2	0	0
19	6000001	1.3227	1.11262	2	0	0
19	6500001	1.43226	1.11262	2	0	0
19	7000001	1.54606	1.11262	2	0	0
19	7500001	1.45484	1.11262	2	0	0
19	8000001	1.38468	1.11262	2	0	0
19	8500001	1.73119	1.11262	2	0	0
19	9000001	1.42574	1.11262	2	0	0
19	9500001	1.46975	1.11262	2	0	0
19	10000001	1.49004	1.11262	2	0	0
19	10500001	1.47858	1.11262	2	0	0
19	11000001	1.47832	1.11262	2	0	0
19	11500001	1.47638	1.11262	2	0	0
19	12000001	1.66099	1.11262	2	0	0
19	12500001	1.59331	1.11262	2	0	0
19	13000001	1.528	1.11262	2	0	0
19	13500001	1.38695	1.11262	2	0	0
19	14000001	1.43727	1.11262	2	0	0
19	14500001	1.45752	1.11262	2	0	0
19	15000001	1.46735	1.11262	2	0	0
19	15500001	1.3781	1.11262	2	0	0
19	16000001	0.999207	1.11262	2	0	0
19	16500001	0.955429	1.11262	2	0	0
19	17000001	1.02081	1.11262	2	0	0
19	17500001	0.992154	1.11262	2	0	0
19	18000001	0.98828	1.11262	2	0	0
19	18500001	0.978835	1.11262	2	0	0
19	19000001	1.01566	1.11262	2	0	0
19	19500001	1.00032	1.11262	2	0	0
19	20000001	0.958098	1.11262	2	0	0
19	20500001	0.903056	1.11262	2	0	0
19	21000001	0.988233	1.11262	2	0	0
19	21500001	1.03819	1.11262	2	0	0
19	22000001	1.32721	1.11262	2	0	0
19	22500001	1.78363	1.11262	2	0	0
19	23000001	3.61181	3.67469	7	0	0
19	23500001	3.67469	3.67469	7	0	0
19	24000001	4.18042	3.67469	7	0	0
19	24500001	2.66921	2.14558	4	0	0
19	25000001	1.63813	2.14558	4	0	0
19	25500001	2.1465	2.14558	4	0	0
19	26000001	1.7642	2.14558	4	0	0
19	26500001	2.73926	2.14558	4	0	0
19	27000001	5.51466	2.14558	4	0	0
19	27500001	2.4985	2.14558	4	0	0
19	28000001	0.863177	2.14558	4	0	0
19	28500001	2.14466	2.14558	4	0	0
19	29000001	1.77281	2.14558	4	0	0
19	29500001	4.31223	2.14558	4	0	0
19	30000001	1.9945	2.14558	4	0	0
19	30500001	1.41961	0.974814	2	0	0
19	31000001	1.34249	0.974814	2	0	0
19	31500001	1.29125	0.974814	2	0	0
19	32000001	1.14339	0.974814	2	0	0
19	32500001	0.964133	0.974814	2	0	0
19	33000001	1.0267	0.974814	2	0	0
19	33500001	0.952457	0.974814	2	0	0
19	34000001	1.00797	0.974814	2	0	0
19	34500001	0.995141	0.974814	2	0	0
19	35000001	1.47673	0.974814	2	0	0
19	35500001	0.8456	0.974814	2	0	0
19	36000001	0.581426	0.974814	2	0	0
19	36500001	0.452942	0.974814	2	0	0
19	37000001	0.79129	0.974814	2	0	0
19	37500001	0.95102	0.974814	2	0	0
19	38000001	1.35142	0.974814	2	0	0
19	38500001	1.47334	0.974814	2	0	0
19	39000001	1.46849	0.974814	2	0	0
19	39500001	1.45887	0.974814	2	0	0
19	40000001	0.974814	0.974814	2	0	0
19	40500001	0.9635	0.974814	2	0	0
19	41000001	0.491104	0.974814	2	0	0
19	41500001	0.527371	0.974814	2	0	0
19	42000001	0.530677	0.974814	2	0	0
19	42500001	0.514441	0.974814	2	0	0
19	43000001	0.45877	0.974814	2	0	0
19	43500001	0.757692	0.974814	2	0	0
19	44000001	0.879834	0.974814	2	0	0
19	44500001	1.02939	0.974814	2	0	0
19	45000001	1.31374	0.974814	2	0	0
19	45500001	1.21192	0.974814	2	0	0
19	46000001	1.49317	1.72612	3	0	0
19	46500001	1.84081	1.72612	3	0	0
19	47000001	1.91813	1.72612	3	0	0
19	47500001	2.42718	1.72612	3	0	0
19	48000001	1.96116	1.72612	3	0	0
19	48500001	1.93027	1.72612	3	0	0
19	49000001	1.96234	1.72612	3	0	0
19	49500001	1.92472	1.72612	3	0	0
19	50000001	1.72612	1.72612	3	0	0
19	50500001	1.94905	1.72612	3	0	0
19	51000001	1.95726	1.72612	3	0	0
19	51500001	2.00205	1.72612	3	0	0
19	52000001	1.99936	1.72612	3	0	0
19	52500001	1.52473	1.72612	3	0	0
19	53000001	1.1538	1.72612	3	0	0
19	53500001	1.18034	1.72612	3	0	0
19	54000001	1.22925	1.72612	3	0	0
19	54500001	1.5806	1.72612	3	0	0
19	55000001	1.67101	1.72612	3	0	0
19	55500001	1.64135	1.72612	3	0	0
19	56000001	1.56607	1.72612	3	0	0
19	56500001	1.53469	1.72612	3	0	0
19	57000001	1.6165	1.72612	3	0	0
19	57500001	2.11235	2.11235	4	0	0
19	58000001	5.1061	2.11235	4	0	0
19	58500001	1.0758	2.11235	4	0	0
2	1	0.969485	0.951266	2	0	0
2	500001	0.951301	0.951266	2	0	0
2	1000001	0.852306	0.951266	2	0	0
2	1500001	0.951407	0.951266	2	0	0
2	2000001	0.914428	0.951266	2	0	0
2	2500001	0.918107	0.951266	2	0	0
2	3000001	0.951232	0.951266	2	0	0
2	3500001	0.938798	0.951266	2	0	0
2	4000001	0.932144	0.951266	2	0	0
2	4500001	0.939386	0.951266	2	0	0
2	5000001	0.908219	0.951266	2	0	0
2	5500001	0.890976	0.951266	2	0	0
2	6000001	0.859995	0.951266	2	0	0
2	6500001	0.885904	0.951266	2	0	0
2	7000001	0.925514	0.951266	2	0	0
2	7500001	0.922137	0.951266	2	0	0
2	8000001	0.928279	0.951266	2	0	0
2	8500001	1.01249	0.951266	2	0	0
2	9000001	1.27419	0.951266	2	0	0
2	9500001	1.05939	0.951266	2	0	0
2	10000001	1.01775	0.951266	2	0	0
2	10500001	1.065	0.951266	2	0	0
2	11000001	0.974069	0.951266	2	0	0
2	11500001	1.02071	0.951266	2	0	0
2	12000001	1.01058	0.951266	2	0	0
2	12500001	0.983129	0.951266	2	0	0
2	13000001	0.993537	0.951266	2	0	0
2	13500001	1.00815	0.951266	2	0	0
2	14000001	0.932358	0.951266	2	0	0
2	14500001	0.990431	0.951266	2	0	0
2	15000001	0.724867	0.500949	1	0	0
2	15500001	0.470046	0.500949	1	0	0
2	16000001	0.481378	0.500949	1	0	0
2	16500001	0.487785	0.500949	1	0	0
2	17000001	0.54919	0.500949	1	0	0
2	17500001	0.478936	0.500949	1	0	0
2	18000001	0.485193	0.500949	1	0	0
2	18500001	0.468503	0.500949	1	0	0
2	19000001	0.518633	0.500949	1	0	0
2	19500001	0.522872	0.500949	1	0	0
2	20000001	0.506238	0.500949	1	0	0
2	20500001	0.507802	0.500949	1	0	0
2	21000001	0.473127	0.500949	1	0	0
2	21500001	0.490611	0.500949	1	0	0
2	22000001	0.485172	0.500949	1	0	0
2	22500001	0.49566	0.500949	1	0	0
2	23000001	0.547067	0.500949	1	0	0
2	23500001	0.481091	0.500949	1	0	0
2	24000001	0.54107	0.500949	1	0	0
2	24500001	0.518242	0.500949	1	0	0
2	25000001	0.508483	0.500949	1	0	0
2	25500001	1.03431	0.500949	1	0	0
2	26000001	2.53382	2.57665	5	0	0
2	26500001	2.61948	2.57665	5	0	0
2	27000001	3.06304	3.11282	6	0	0
2	27500001	3.16261	3.11282	6	0	0
2	28000001	2.74945	2.48279	5	0	0
2	28500001	2.56114	2.48279	5	0	0
2	29000001	2.48279	2.48279	5	0	0
2	29500001	2.47952	2.48279	5	0	0
2	30000001	2.56944	2.48279	5	0	0
2	30500001	2.5288	2.48279	5	0	0
2	31000001	2.53517	2.48279	5	0	0
2	31500001	2.60749	2.48279	5	0	0
2	32000001	2.42485	2.48279	5	0	0
2	32500001	2.69462	2.48279	5	0	0
2	33000001	2.44091	2.48279	5	0	0
2	33500001	2.33546	2.48279	5	0	0
2	34000001	2.32123	2.48279	5	0	0
2	34500001	2.28917	2.48279	5	0	0
2	35000001	2.39877	2.48279	5	0	0
2	35500001	2.42425	2.48279	5	0	0
2	36000001	2.51641	2.48279	5	0	0
2	36500001	2.06513	2.01869	4	0	0
2	37000001	2.06222	2.01869	4	0	0
2	37500001	2.09915	2.01869	4	0	0
2	38000001	2.05574	2.01869	4	0	0
2	38500001	2.09865	2.01869	4	0	0
2	39000001	2.00796	2.01869	4	0	0
2	39500001	1.98961	2.01869	4	0	0
2	40000001	1.9769	2.01869	4	0	0
2	40500001	1.99535	2.01869	4	0	0
2	41000001	1.99739	2.01869	4	0	0
2	41500001	2.02942	2.01869	4	0	0
2	42000001	2.05648	2.01869	4	0	0
2	42500001	2.00393	2.01869	4	0	0
2	43000001	1.7871	2.01869	4	0	0
2	43500001	1.54817	1.50777	3	0	0
2	44000001	1.54551	1.50777	3	0	0
2	44500001	1.48511	1.50777	3	0	0
2	45000001	1.51716	1.50777	3	0	0
2	45500001	1.55974	1.50777	3	0	0
2	46000001	1.56647	1.50777	3	0	0
2	46500001	1.61457	1.50777	3	0	0
2	47000001	1.50787	1.50777	3	0	0
2	47500001	1.50897	1.50777	3	0	0
2	48000001	1.48853	1.50777	3	0	0
2	48500001	1.48125	1.50777	3	0	0
2	49000001	1.4363	1.50777	3	0	0
2	49500001	1.4224	1.50777	3	0	0
2	50000001	1.49007	1.50777	3	0	0
2	50500001	1.50606	1.50777	3	0	0
2	51000001	1.4871	1.50777	3	0	0
2	51500001	1.43987	1.50777	3	0	0
2	52000001	1.48267	1.50777	3	0	0
2	52500001	1.42183	1.50777	3	0	0
2	53000001	1.55352	1.50777	3	0	0
2	53500001	1.47978	1.50777	3	0	0
2	54000001	1.48686	1.50777	3	0	0
2	54500001	1.56405	1.50777	3	0	0
2	55000001	1.52678	1.50777	3	0	0
2	55500001	1.48887	1.50777	3	0	0
2	56000001	1.50179	1.50777	3	0	0
2	56500001	1.47273	1.50777	3	0	0
2	57000001	1.40073	1.50777	3	0	0
2	57500001	1.46963	1.50777	3	0	0
2	58000001	1.4746	1.50777	3	0	0
2	58500001	1.47084	1.50777	3	0	0
2	59000001	1.46309	1.50777	3	0	0
2	59500001	1.48088	1.50777	3	0	0
2	60000001	1.50217	1.50777	3	0	0
2	60500001	1.50444	1.50777	3	0	0
2	61000001	1.51843	1.50777	3	0	0
2	61500001	1.5019	1.50777	3	0	0
2	62000001	1.48795	1.50777	3	0	0
2	62500001	1.49739	1.50777	3	0	0
2	63000001	1.57474	1.50777	3	0	0
2	63500001	1.57458	1.50777	3	0	0
2	64000001	1.52626	1.50777	3	0	0
2	64500001	1.54608	1.50777	3	0	0
2	65000001	1.58026	1.50777	3	0	0
2	65500001	1.572	1.50777	3	0	0
2	66000001	1.4844	1.50777	3	0	0
2	66500001	1.51829	1.50777	3	0	0
2	67000001	1.50916	1.50777	3	0	0
2	67500001	1.53212	1.50777	3	0	0
2	68000001	1.46591	1.50777	3	0	0
2	68500001	1.55034	1.50777	3	0	0
2	69000001	1.60044	1.50777	3	0	0
2	69500001	1.53227	1.50777	3	0	0
2	70000001	1.51696	1.50777	3	0	0
2	70500001	1.54903	1.50777	3	0	0
2	71000001	1.52409	1.50777	3	0	0
2	71500001	1.50768	1.50777	3	0	0
2	72000001	1.53302	1.50777	3	0	0
2	72500001	1.52844	1.50777	3	0	0
2	73000001	1.49054	1.50777	3	0	0
2	73500001	1.53323	1.50777	3	0	0
2	74000001	1.51182	1.50777	3	0	0
2	74500001	1.18956	0.893931	2	0	0
2	75000001	0.568762	0.893931	2	0	0
2	75500001	0.893931	0.893931	2	0	0
2	76000001	1.55215	0.893931	2	0	0
2	76500001	0.887221	0.893931	2	0	0
2	77000001	0.471594	0.492798	1	0	0
2	77500001	0.46312	0.492798	1	0	0
2	78000001	0.534445	0.492798	1	0	0
2	78500001	0.496728	0.492798	1	0	0
2	79000001	0.453496	0.492798	1	0	0
2	79500001	0.443585	0.492798	1	0	0
2	80000001	0.493121	0.492798	1	0	0
2	80500001	0.48165	0.492798	1	0	0
2	81000001	0.492474	0.492798	1	0	0
2	81500001	0.568868	0.492798	1	0	0
2	82000001	0.446361	0.492798	1	0	0
2	82500001	0.798821	0.492798	1	0	0
2	83000001	0.478061	0.492798	1	0	0
2	83500001	0.806262	0.492798	1	0	0
2	84000001	1.13372	0.492798	1	0	0
2	84500001	0.955945	0.492798	1	0	0
2	85000001	2.05969	2.05969	4	0	0
2	85500001	0.834811	0.607082	1	0	0
2	86000001	0.542894	0.607082	1	0	0
2	86500001	0.52052	0.607082	1	0	0
2	87000001	0.634307	0.607082	1	0	0
2	87500001	0.795135	0.607082	1	0	0
2	88000001	0.579858	0.607082	1	0	0
2	88500001	0.491609	0.607082	1	0	0
2	89000001	-1	0.607082	1	0	0
2	89500001	-1	0.607082	1	0	0
2	90000001	-1	0.607082	1	0	0
2	90500001	-1	0.607082	1	0	0
2	91000001	-1	0.607082	1	0	0
2	91500001	0.731516	0.607082	1	0	0
2	92000001	0.692172	0.607082	1	0	0
2	92500001	0.688455	0.607082	1	0	0
2	93000001	0.359506	0.607082	1	0	0
2	93500001	0.339658	0.607082	1	0	0
2	94000001	-1	-1	-1	0	0
2	94500001	1.0367	0.995887	2	0	0
2	95000001	0.979526	0.995887	2	0	0
2	95500001	1.06178	0.995887	2	0	0
2	96000001	1.04332	0.995887	2	0	0
2	96500001	0.985703	0.995887	2	0	0
2	97000001	1.04457	0.995887	2	0	0
2	97500001	1.04241	0.995887	2	0	0
2	98000001	0.957418	0.995887	2	0	0
2	98500001	0.988958	0.995887	2	0	0
2	99000001	0.995887	0.995887	2	0	0
2	99500001	0.975547	0.995887	2	0	0
2	100000001	1.62896	2.03712	4	0	0
2	100500001	2.07737	2.03712	4	0	0
2	101000001	2.03712	2.03712	4	0	0
2	101500001	1.23652	1.00999	2	0	0
2	102000001	1.00722	1.00999	2	0	0
2	102500001	1.01475	1.00999	2	0	0
2	103000001	0.962259	1.00999	2	0	0
2	103500001	0.963745	1.00999	2	0	0
2	104000001	0.955187	1.00999	2	0	0
2	104500001	1.00145	1.00999	2	0	0
2	105000001	0.968373	1.00999	2	0	0
2	105500001	0.99231	1.00999	2	0	0
2	106000001	0.915592	1.00999	2	0	0
2	106500001	0.959515	1.00999	2	0	0
2	107000001	1.00863	1.00999	2	0	0
2	107500001	0.927935	1.00999	2	0	0
2	108000001	1.02254	1.00999	2	0	0
2	108500001	1.01403	1.00999	2	0	0
2	109000001	1.25565	1.00999	2	0	0
2	109500001	0.968178	1.00999	2	0	0
2	110000001	0.92227	1.00999	2	0	0
2	110500001	1.05601	1.00999	2	0	0
2	111000001	1.04051	1.00999	2	0	0
2	111500001	1.06517	1.00999	2	0	0
2	112000001	1.06499	1.00999	2	0	0
2	112500001	1.04807	1.00999	2	0	0
2	113000001	1.03662	1.00999	2	0	0
2	113500001	1.04616	1.00999	2	0	0
2	114000001	1.01805	1.00999	2	0	0
2	114500001	0.949784	1.00999	2	0	0
2	115000001	0.920305	1.00999	2	0	0
2	115500001	0.944391	1.00999	2	0	0
2	116000001	0.941763	1.00999	2	0	0
2	116500001	0.9335	1.00999	2	0	0
2	117000001	0.924433	1.00999	2	0	0
2	117500001	1.03033	1.00999	2	0	0
2	118000001	1.06878	1.00999	2	0	0
2	118500001	1.11617	1.00999	2	0	0
2	119000001	0.958708	1.00999	2	0	0
2	119500001	1.02118	1.00999	2	0	0
2	120000001	1.01762	1.00999	2	0	0
2	120500001	1.00345	1.00999	2	0	0
2	121000001	1.02299	1.00999	2	0	0
2	121500001	1.03779	1.00999	2	0	0
2	122000001	0.927309	1.00999	2	0	0
2	122500001	0.895163	1.00999	2	0	0
2	123000001	0.937402	1.00999	2	0	0
2	123500001	0.991629	1.00999	2	0	0
2	124000001	0.969164	1.00999	2	0	0
2	124500001	0.902832	1.00999	2	0	0
2	125000001	0.948887	1.00999	2	0	0
2	125500001	0.885991	1.00999	2	0	0
2	126000001	0.926399	1.00999	2	0	0
2	126500001	0.960388	1.00999	2	0	0
2	127000001	0.979255	1.00999	2	0	0
2	127500001	0.983713	1.00999	2	0	0
2	128000001	1.06876	1.00999	2	0	0
2	128500001	0.962376	1.00999	2	0	0
2	129000001	0.94875	1.00999	2	0	0
2	129500001	0.924534	1.00999	2	0	0
2	130000001	0.784445	1.00999	2	0	0
2	130500001	1.01926	1.00999	2	0	0
2	131000001	1.17806	1.00999	2	0	0
2	131500001	1.34549	1.00999	2	0	0
2	132000001	1.43898	1.00999	2	0	0
2	132500001	0.748229	1.00999	2	0	0
2	133000001	0.617036	1.00999	2	0	0
2	133500001	0.970512	1.00999	2	0	0
2	134000001	0.932377	1.00999	2	0	0
2	134500001	0.957782	1.00999	2	0	0
2	135000001	0.946939	1.00999	2	0	0
2	135500001	0.957839	1.00999	2	0	0
2	136000001	0.914473	1.00999	2	0	0
2	136500001	0.970538	1.00999	2	0	0
2	137000001	1.06363	1.00999	2	0	0
2	137500001	1.02732	1.00999	2	0	0
2	138000001	1.11585	1.00999	2	0	0
2	138500001	1.01064	1.00999	2	0	0
2	139000001	1.01691	1.00999	2	0	0
2	139500001	0.948664	1.00999	2	0	0
2	140000001	1.0282	1.00999	2	0	0
2	140500001	1.06703	1.00999	2	0	0
2	141000001	0.931276	1.00999	2	0	0
2	141500001	1.012	1.00999	2	0	0
2	142000001	1.03651	1.00999	2	0	0
2	142500001	1.01911	1.00999	2	0	0
2	143000001	1.03925	1.00999	2	0	0
2	143500001	0.986951	1.00999	2	0	0
2	144000001	1.01545	1.00999	2	0	0
2	144500001	1.03785	1.00999	2	0	0
2	145000001	1.01158	1.00999	2	0	0
2	145500001	1.03575	1.00999	2	0	0
2	146000001	1.04835	1.00999	2	0	0
2	146500001	1.08208	1.00999	2	0	0
2	147000001	1.05936	1.00999	2	0	0
2	147500001	0.988479	1.00999	2	0	0
2	148000001	0.996009	1.00999	2	0	0
2	148500001	1.12738	1.00999	2	0	0
2	149000001	0.986106	1.00999	2	0	0
2	149500001	1.1094	1.00999	2	0	0
2	150000001	1.07689	1.00999	2	0	0
2	150500001	0.990355	1.00999	2	0	0
2	151000001	1.0266	1.00999	2	0	0
2	151500001	0.979332	1.00999	2	0	0
2	152000001	1.029	1.00999	2	0	0
2	152500001	0.987427	1.00999	2	0	0
2	153000001	0.963908	1.00999	2	0	0
2	153500001	0.946976	1.00999	2	0	0
2	154000001	0.935782	1.00999	2	0	0
2	154500001	0.945095	1.00999	2	0	0
2	155000001	1.01279	1.00999	2	0	0
2	155500001	1.06972	1.00999	2	0	0
2	156000001	1.00933	1.00999	2	0	0
2	156500001	1.06607	1.00999	2	0	0
2	157000001	1.0818	1.00999	2	0	0
2	157500001	0.949904	1.00999	2	0	0
2	158000001	1.02713	1.00999	2	0	0
2	158500001	0.968414	1.00999	2	0	0
2	159000001	1.01811	1.00999	2	0	0
2	159500001	1.04913	1.00999	2	0	0
2	160000001	1.10121	1.00999	2	0	0
2	160500001	1.04091	1.00999	2	0	0
2	161000001	1.05197	1.00999	2	0	0
2	161500001	1.06062	1.00999	2	0	0
2	162000001	1.06755	1.00999	2	0	0
2	162500001	1.02372	1.00999	2	0	0
2	163000001	0.97437	1.00999	2	0	0
2	163500001	1.0436	1.00999	2	0	0
2	164000001	0.997795	1.00999	2	0	0
2	164500001	1.10234	1.00999	2	0	0
2	165000001	1.07791	1.00999	2	0	0
2	165500001	1.03864	1.00999	2	0	0
2	166000001	0.994027	1.00999	2	0	0
2	166500001	0.960792	1.00999	2	0	0
2	167000001	0.956715	1.00999	2	0	0
2	167500001	1.02986	1.00999	2	0	0
2	168000001	1.05923	1.00999	2	0	0
2	168500001	0.55939	0.512669	1	0	0
2	169000001	0.544875	0.512669	1	0	0
2	169500001	0.484268	0.512669	1	0	0
2	170000001	0.511849	0.512669	1	0	0
2	170500001	0.509443	0.512669	1	0	0
2	171000001	0.512669	0.512669	1	0	0
2	171500001	0.531144	0.512669	1	0	0
2	172000001	0.499447	0.512669	1	0	0
2	172500001	0.531907	0.512669	1	0	0
2	173000001	0.54454	0.512669	1	0	0
2	173500001	0.532649	0.512669	1	0	0
2	174000001	0.502248	0.512669	1	0	0
2	174500001	0.491776	0.512669	1	0	0
2	175000001	0.484138	0.512669	1	0	0
2	175500001	0.467228	0.512669	1	0	0
2	176000001	0.542736	0.512669	1	0	0
2	176500001	0.532347	0.512669	1	0	0
2	177000001	1.91819	1.98517	4	0	0
2	177500001	2.05214	1.98517	4	0	0
2	178000001	2.94017	2.97947	6	0	0
2	178500001	3.01878	2.97947	6	0	0
2	179000001	2.87006	2.97947	6	0	0
2	179500001	3.07527	2.97947	6	0	0
2	180000001	2.11978	1.54332	3	0	0
2	180500001	1.5902	1.54332	3	0	0
2	181000001	1.54529	1.54332	3	0	0
2	181500001	1.62128	1.54332	3	0	0
2	182000001	1.56081	1.54332	3	0	0
2	182500001	1.54126	1.54332	3	0	0
2	183000001	1.47857	1.54332	3	0	0
2	183500001	1.49468	1.54332	3	0	0
2	184000001	1.46567	1.54332	3	0	0
2	184500001	1.57526	1.54332	3	0	0
2	185000001	1.55573	1.54332	3	0	0
2	185500001	1.49147	1.54332	3	0	0
2	186000001	1.53872	1.54332	3	0	0
2	186500001	1.49752	1.54332	3	0	0
2	187000001	1.52908	1.54332	3	0	0
2	187500001	1.52036	1.54332	3	0	0
2	188000001	1.44291	1.54332	3	0	0
2	188500001	1.53187	1.54332	3	0	0
2	189000001	1.60805	1.54332	3	0	0
2	189500001	1.55862	1.54332	3	0	0
2	190000001	1.59531	1.54332	3	0	0
2	190500001	1.62448	1.54332	3	0	0
2	191000001	1.65065	1.54332	3	0	0
2	191500001	1.66419	1.54332	3	0	0
2	192000001	1.57607	1.54332	3	0	0
2	192500001	1.58141	1.54332	3	0	0
2	193000001	1.52074	1.54332	3	0	0
2	193500001	1.54906	1.54332	3	0	0
2	194000001	1.49344	1.54332	3	0	0
2	194500001	1.57043	1.54332	3	0	0
2	195000001	1.59553	1.54332	3	0	0
2	195500001	1.56729	1.54332	3	0	0
2	196000001	1.54709	1.54332	3	0	0
2	196500001	1.52963	1.54332	3	0	0
2	197000001	1.54136	1.54332	3	0	0
2	197500001	1.48684	1.54332	3	0	0
2	198000001	1.47249	1.54332	3	0	0
2	198500001	1.43513	1.54332	3	0	0
2	199000001	1.43534	1.54332	3	0	0
2	199500001	1.43081	1.54332	3	0	0
2	200000001	1.07118	1.02105	2	0	0
2	200500001	1.0478	1.02105	2	0	0
2	201000001	0.999834	1.02105	2	0	0
2	201500001	1.26688	1.02105	2	0	0
2	202000001	0.970141	1.02105	2	0	0
2	202500001	0.968709	1.02105	2	0	0
2	203000001	0.973354	1.02105	2	0	0
2	203500001	0.992594	1.02105	2	0	0
2	204000001	0.959815	1.02105	2	0	0
2	204500001	1.00007	1.02105	2	0	0
2	205000001	0.983068	1.02105	2	0	0
2	205500001	1.00903	1.02105	2	0	0
2	206000001	1.00203	1.02105	2	0	0
2	206500001	1.00925	1.02105	2	0	0
2	207000001	1.04284	1.02105	2	0	0
2	207500001	1.02696	1.02105	2	0	0
2	208000001	1.03682	1.02105	2	0	0
2	208500001	1.06384	1.02105	2	0	0
2	209000001	1.04282	1.02105	2	0	0
2	209500001	1.05458	1.02105	2	0	0
2	210000001	1.01975	1.02105	2	0	0
2	210500001	0.977677	1.02105	2	0	0
2	211000001	1.04287	1.02105	2	0	0
2	211500001	1.03116	1.02105	2	0	0
2	212000001	1.06606	1.02105	2	0	0
2	212500001	1.11176	1.02105	2	0	0
2	213000001	1.05655	1.02105	2	0	0
2	213500001	0.985131	1.02105	2	0	0
2	214000001	1.02891	1.02105	2	0	0
2	214500001	1.02542	1.02105	2	0	0
2	215000001	1.04086	1.02105	2	0	0
2	215500001	1.04689	1.02105	2	0	0
2	216000001	0.991156	1.02105	2	0	0
2	216500001	1.01628	1.02105	2	0	0
2	217000001	1.05399	1.02105	2	0	0
2	217500001	1.04345	1.02105	2	0	0
2	218000001	1.0004	1.02105	2	0	0
2	218500001	1.05135	1.02105	2	0	0
2	219000001	0.987083	1.02105	2	0	0
2	219500001	1.02105	1.02105	2	0	0
2	220000001	1.02801	1.02105	2	0	0
2	220500001	1.04539	1.02105	2	0	0
2	221000001	1.01555	1.02105	2	0	0
2	221500001	1.02052	1.02105	2	0	0
2	222000001	0.985331	1.02105	2	0	0
2	222500001	1.02481	1.02105	2	0	0
2	223000001	1.06181	1.02105	2	0	0
2	223500001	1.03401	1.02105	2	0	0
2	224000001	1.03842	1.02105	2	0	0
2	224500001	0.969539	1.02105	2	0	0
2	225000001	1.00332	1.02105	2	0	0
2	225500001	1.00256	1.02105	2	0	0
2	226000001	1.05869	1.02105	2	0	0
2	226500001	1.0128	1.02105	2	0	0
2	227000001	1.00649	1.02105	2	0	0
2	227500001	1.04464	1.02105	2	0	0
2	228000001	0.986501	1.02105	2	0	0
2	228500001	1.00698	1.02105	2	0	0
2	229000001	1.02568	1.02105	2	0	0
2	229500001	1.0044	1.02105	2	0	0
2	230000001	1.04032	1.02105	2	0	0
2	230500001	1.02886	1.02105	2	0	0
2	231000001	1.02871	1.02105	2	0	0
2	231500001	0.975221	1.02105	2	0	0
2	232000001	1.04005	1.02105	2	0	0
2	232500001	0.963582	1.02105	2	0	0
2	233000001	1.02859	1.02105	2	0	0
2	233500001	1.04891	1.02105	2	0	0
2	234000001	1.21945	1.02105	2	0	0
2	234500001	1.03064	1.02105	2	0	0
2	235000001	0.992756	1.02105	2	0	0
2	235500001	1.03575	1.02105	2	0	0
2	236000001	1.007	1.02105	2	0	0
2	236500001	1.00007	1.02105	2	0	0
2	237000001	1.01798	1.02105	2	0	0
2	237500001	0.985521	1.02105	2	0	0
2	238000001	1.02513	1.02105	2	0	0
2	238500001	0.966954	1.02105	2	0	0
2	239000001	0.955505	1.02105	2	0	0
2	239500001	0.953939	1.02105	2	0	0
2	240000001	0.993251	1.02105	2	0	0
2	240500001	1.02687	1.02105	2	0	0
2	241000001	0.985538	1.02105	2	0	0
2	241500001	0.508093	0.384045	1	0	0
2	242000001	0.259998	0.384045	1	0	0
20	1	1.05444	1.00964	2	0	0
20	500001	1.00617	1.00964	2	0	0
20	1000001	0.987185	1.00964	2	0	0
20	1500001	0.941574	1.00964	2	0	0
20	2000001	1.06766	1.00964	2	0	0
20	2500001	0.989484	1.00964	2	0	0
20	3000001	1.00012	1.00964	2	0	0
20	3500001	0.991803	1.00964	2	0	0
20	4000001	1.03835	1.00964	2	0	0
20	4500001	1.0297	1.00964	2	0	0
20	5000001	1.0254	1.00964	2	0	0
20	5500001	1.03344	1.00964	2	0	0
20	6000001	1.01032	1.00964	2	0	0
20	6500001	1.07394	1.00964	2	0	0
20	7000001	1.00964	1.00964	2	0	0
20	7500001	0.995112	1.00964	2	0	0
20	8000001	0.954695	1.00964	2	0	0
20	8500001	0.933728	1.00964	2	0	0
20	9000001	0.944618	1.00964	2	0	0
20	9500001	0.924255	1.00964	2	0	0
20	10000001	0.947145	1.00964	2	0	0
20	10500001	1.04464	1.00964	2	0	0
20	11000001	1.12852	1.00964	2	0	0
20	11500001	1.04452	1.00964	2	0	0
20	12000001	1.03458	1.00964	2	0	0
20	12500001	1.02668	1.00964	2	0	0
20	13000001	1.00313	1.00964	2	0	0
20	13500001	1.0087	1.00964	2	0	0
20	14000001	1.0526	1.00964	2	0	0
20	14500001	0.608359	1.00964	2	0	0
20	15000001	0.664592	1.00964	2	0	0
20	15500001	1.02479	1.00964	2	0	0
20	16000001	1.02523	1.00964	2	0	0
20	16500001	1.49752	1.45891	3	0	0
20	17000001	1.45178	1.45891	3	0	0
20	17500001	1.44392	1.45891	3	0	0
20	18000001	1.51846	1.45891	3	0	0
20	18500001	1.45658	1.45891	3	0	0
20	19000001	1.41115	1.45891	3	0	0
20	19500001	1.50544	1.45891	3	0	0
20	20000001	1.49949	1.45891	3	0	0
20	20500001	1.53641	1.45891	3	0	0
20	21000001	1.4332	1.45891	3	0	0
20	21500001	1.37482	1.45891	3	0	0
20	22000001	1.43621	1.45891	3	0	0
20	22500001	1.54099	1.45891	3	0	0
20	23000001	1.46123	1.45891	3	0	0
20	23500001	1.8	1.99227	4	0	0
20	24000001	2.01638	1.99227	4	0	0
20	24500001	2.00616	1.99227	4	0	0
20	25000001	1.99227	1.99227	4	0	0
20	25500001	1.67312	1.99227	4	0	0
20	26000001	3.27273	3.27273	7	0	0
20	26500001	3.57413	3.27273	7	0	0
20	27000001	2.54993	3.27273	7	0	0
20	27500001	2.54709	2.40746	5	0	0
20	28000001	2.40746	2.40746	5	0	0
20	28500001	4.51569	2.40746	5	0	0
20	29000001	2.22251	2.40746	5	0	0
20	29500001	2.23854	2.40746	5	0	0
20	30000001	-1	-1	-1	0	0
20	30500001	2.16653	1.49776	3	0	0
20	31000001	-1	1.49776	3	0	0
20	31500001	2.14829	1.49776	3	0	0
20	32000001	1.95671	1.49776	3	0	0
20	32500001	1.98313	1.49776	3	0	0
20	33000001	1.99656	1.49776	3	0	0
20	33500001	2.26277	1.49776	3	0	0
20	34000001	2.09681	1.49776	3	0	0
20	34500001	1.52979	1.49776	3	0	0
20	35000001	1.56815	1.49776	3	0	0
20	35500001	1.44999	1.49776	3	0	0
20	36000001	2.12783	1.49776	3	0	0
20	36500001	1.52579	1.49776	3	0	0
20	37000001	1.53617	1.49776	3	0	0
20	37500001	1.60786	1.49776	3	0	0
20	38000001	1.51572	1.49776	3	0	0
20	38500001	1.44477	1.49776	3	0	0
20	39000001	1.4244	1.49776	3	0	0
20	39500001	1.43096	1.49776	3	0	0
20	40000001	1.47134	1.49776	3	0	0
20	40500001	1.48158	1.49776	3	0	0
20	41000001	1.57406	1.49776	3	0	0
20	41500001	1.50272	1.49776	3	0	0
20	42000001	1.45534	1.49776	3	0	0
20	42500001	1.39606	1.49776	3	0	0
20	43000001	1.44414	1.49776	3	0	0
20	43500001	1.54658	1.49776	3	0	0
20	44000001	1.51864	1.49776	3	0	0
20	44500001	1.49681	1.49776	3	0	0
20	45000001	1.51569	1.49776	3	0	0
20	45500001	1.53014	1.49776	3	0	0
20	46000001	1.45242	1.49776	3	0	0
20	46500001	1.51831	1.49776	3	0	0
20	47000001	1.59417	1.49776	3	0	0
20	47500001	1.51718	1.49776	3	0	0
20	48000001	1.43466	1.49776	3	0	0
20	48500001	1.49909	1.49776	3	0	0
20	49000001	1.48813	1.49776	3	0	0
20	49500001	1.49338	1.49776	3	0	0
20	50000001	1.9581	1.49776	3	0	0
20	50500001	1.85895	1.49776	3	0	0
20	51000001	1.51305	1.49776	3	0	0
20	51500001	1.5519	1.49776	3	0	0
20	52000001	1.47	1.49776	3	0	0
20	52500001	1.50745	1.49776	3	0	0
20	53000001	1.45947	1.49776	3	0	0
20	53500001	1.54651	1.49776	3	0	0
20	54000001	1.48396	1.49776	3	0	0
20	54500001	1.44164	1.49776	3	0	0
20	55000001	1.44891	1.49776	3	0	0
20	55500001	1.39078	1.49776	3	0	0
20	56000001	1.46455	1.49776	3	0	0
20	56500001	1.49871	1.49776	3	0	0
20	57000001	1.51704	1.49776	3	0	0
20	57500001	1.47876	1.49776	3	0	0
20	58000001	1.48512	1.49776	3	0	0
20	58500001	1.42987	1.49776	3	0	0
20	59000001	1.38882	1.49776	3	0	0
20	59500001	1.43898	1.49776	3	0	0
20	60000001	1.45423	1.49776	3	0	0
20	60500001	1.40272	1.49776	3	0	0
20	61000001	1.45042	1.49776	3	0	0
20	61500001	1.44969	1.49776	3	0	0
20	62000001	1.47083	1.49776	3	0	0
20	62500001	1.58357	1.49776	3	0	0
20	63000001	1.46745	1.49776	3	0	0
20	63500001	1.4542	1.49776	3	0	0
20	64000001	-1	-1	-1	0	0
21	1	-1	-1	-1	0	0
21	500001	-1	-1	-1	0	0
21	1000001	-1	-1	-1	0	0
21	1500001	-1	-1	-1	0	0
21	2000001	-1	-1	-1	0	0
21	2500001	-1	-1	-1	0	0
21	3000001	-1	-1	-1	0	0
21	3500001	-1	-1	-1	0	0
21	4000001	-1	-1	-1	0	0
21	4500001	-1	-1	-1	0	0
21	5000001	-1	-1	-1	0	0
21	5500001	-1	-1	-1	0	0
21	6000001	-1	-1	-1	0	0
21	6500001	-1	-1	-1	0	0
21	7000001	-1	-1	-1	0	0
21	7500001	-1	-1	-1	0	0
21	8000001	-1	-1	-1	0	0
21	8500001	-1	-1	-1	0	0
21	9000001	-1	-1	-1	0	0
21	9500001	1.27513	1.27513	3	0	0
21	10000001	-1	-1	-1	0	0
21	10500001	0.74013	0.74013	1	0	0
21	11000001	0.509428	0.74013	1	0	0
21	11500001	0.751185	0.74013	1	0	0
21	12000001	0.847455	0.847455	2	0	0
21	12500001	1.33539	1.33539	3	0	0
21	13000001	0.786257	0.755133	2	0	0
21	13500001	0.724009	0.755133	2	0	0
21	14000001	0.979119	1.00411	2	0	0
21	14500001	1.04531	1.00411	2	0	0
21	15000001	1.05542	1.00411	2	0	0
21	15500001	1.108	1.00411	2	0	0
21	16000001	1.05805	1.00411	2	0	0
21	16500001	0.996335	1.00411	2	0	0
21	17000001	1.14249	1.00411	2	0	0
21	17500001	0.956933	1.00411	2	0	0
21	18000001	0.994343	1.00411	2	0	0
21	18500001	1.00191	1.00411	2	0	0
21	19000001	0.981647	1.00411	2	0	0
21	19500001	0.976864	1.00411	2	0	0
21	20000001	0.940427	1.00411	2	0	0
21	20500001	0.961311	1.00411	2	0	0
21	21000001	0.976217	1.00411	2	0	0
21	21500001	1.00461	1.00411	2	0	0
21	22000001	1.0189	1.00411	2	0	0
21	22500001	1.04521	1.00411	2	0	0
21	23000001	0.944679	1.00411	2	0	0
21	23500001	0.949232	1.00411	2	0	0
21	24000001	0.991719	1.00411	2	0	0
21	24500001	0.95366	1.00411	2	0	0
21	25000001	0.969557	1.00411	2	0	0
21	25500001	0.990692	1.00411	2	0	0
21	26000001	1.02533	1.00411	2	0	0
21	26500001	1.08295	1.00411	2	0	0
21	27000001	0.973025	1.00411	2	0	0
21	27500001	1.05093	1.00411	2	0	0
21	28000001	0.846271	1.00411	2	0	0
21	28500001	1.06504	1.00411	2	0	0
21	29000001	1.05571	1.00411	2	0	0
21	29500001	0.975196	1.00411	2	0	0
21	30000001	1.072	1.00411	2	0	0
21	30500001	1.00859	1.00411	2	0	0
21	31000001	0.938792	1.00411	2	0	0
21	31500001	1.00516	1.00411	2	0	0
21	32000001	0.944725	1.00411	2	0	0
21	32500001	1.00164	1.00411	2	0	0
21	33000001	0.98905	1.00411	2	0	0
21	33500001	1.07771	1.00411	2	0	0
21	34000001	0.919618	1.00411	2	0	0
21	34500001	1.06789	1.00411	2	0	0
21	35000001	1.1038	1.00411	2	0	0
21	35500001	1.06837	1.00411	2	0	0
21	36000001	0.99704	1.00411	2	0	0
21	36500001	1.00362	1.00411	2	0	0
21	37000001	1.01802	1.00411	2	0	0
21	37500001	1.04617	1.00411	2	0	0
21	38000001	1.03239	1.00411	2	0	0
21	38500001	1.0213	1.00411	2	0	0
21	39000001	1.03785	1.00411	2	0	0
21	39500001	1.05945	1.00411	2	0	0
21	40000001	0.958601	1.00411	2	0	0
21	40500001	0.976613	1.00411	2	0	0
21	41000001	1.04825	1.00411	2	0	0
21	41500001	1.06704	1.00411	2	0	0
21	42000001	0.984496	1.00411	2	0	0
21	42500001	1.04904	1.00411	2	0	0
21	43000001	0.764688	0.952433	2	0	0
21	43500001	0.938516	0.952433	2	0	0
21	44000001	0.817312	0.952433	2	0	0
21	44500001	1.03164	0.952433	2	0	0
21	45000001	1.01771	0.952433	2	0	0
21	45500001	0.966351	0.952433	2	0	0
21	46000001	0.984322	0.952433	2	0	0
21	46500001	0.441207	0.952433	2	0	0
22	1	-1	-1	-1	0	0
22	500001	-1	-1	-1	0	0
22	1000001	-1	-1	-1	0	0
22	1500001	-1	-1	-1	0	0
22	2000001	-1	-1	-1	0	0
22	2500001	-1	-1	-1	0	0
22	3000001	-1	-1	-1	0	0
22	3500001	-1	-1	-1	0	0
22	4000001	-1	-1	-1	0	0
22	4500001	-1	-1	-1	0	0
22	5000001	-1	-1	-1	0	0
22	5500001	-1	-1	-1	0	0
22	6000001	-1	-1	-1	0	0
22	6500001	-1	-1	-1	0	0
22	7000001	-1	-1	-1	0	0
22	7500001	-1	-1	-1	0	0
22	8000001	-1	-1	-1	0	0
22	8500001	-1	-1	-1	0	0
22	9000001	-1	-1	-1	0	0
22	9500001	-1	-1	-1	0	0
22	10000001	-1	-1	-1	0	0
22	10500001	-1	-1	-1	0	0
22	11000001	-1	-1	-1	0	0
22	11500001	-1	-1	-1	0	0
22	12000001	-1	-1	-1	0	0
22	12500001	-1	-1	-1	0	0
22	13000001	0.488042	0.608923	1	0	0
22	13500001	0.729805	0.608923	1	0	0
22	14000001	0.942164	0.999674	2	0	0
22	14500001	1.18489	0.999674	2	0	0
22	15000001	-1	0.999674	2	0	0
22	15500001	1.34587	0.999674	2	0	0
22	16000001	0.993288	0.999674	2	0	0
22	16500001	1.01343	0.999674	2	0	0
22	17000001	0.98371	0.999674	2	0	0
22	17500001	1.00606	0.999674	2	0	0
22	18000001	-1	0.999674	2	0	0
22	18500001	0.749501	0.999674	2	0	0
22	19000001	1.11163	1.33362	3	0	0
22	19500001	1.55562	1.33362	3	0	0
22	20000001	1.04716	1.04716	2	0	0
22	20500001	0.981422	0.981422	2	0	0
22	21000001	0.774547	0.981422	2	0	0
22	21500001	0.962555	0.981422	2	0	0
22	22000001	1.01654	0.981422	2	0	0
22	22500001	0.980122	0.981422	2	0	0
22	23000001	1.04716	0.981422	2	0	0
22	23500001	0.942617	0.981422	2	0	0
22	24000001	0.98336	0.981422	2	0	0
22	24500001	0.988533	0.981422	2	0	0
22	25000001	0.919046	0.981422	2	0	0
22	25500001	0.992792	0.981422	2	0	0
22	26000001	0.999831	0.981422	2	0	0
22	26500001	0.997875	0.981422	2	0	0
22	27000001	0.977044	0.981422	2	0	0
22	27500001	1.00811	0.981422	2	0	0
22	28000001	0.793581	0.981422	2	0	0
22	28500001	0.827455	0.981422	2	0	0
22	29000001	1.03354	1.01763	2	0	0
22	29500001	0.960344	1.01763	2	0	0
22	30000001	1.01411	1.01763	2	0	0
22	30500001	1.01518	1.01763	2	0	0
22	31000001	0.987246	1.01763	2	0	0
22	31500001	0.979772	1.01763	2	0	0
22	32000001	1.00135	1.01763	2	0	0
22	32500001	1.00682	1.01763	2	0	0
22	33000001	1.14253	1.01763	2	0	0
22	33500001	0.940264	1.01763	2	0	0
22	34000001	0.951812	1.01763	2	0	0
22	34500001	1.0103	1.01763	2	0	0
22	35000001	1.03396	1.01763	2	0	0
22	35500001	1.06173	1.01763	2	0	0
22	36000001	1.03107	1.01763	2	0	0
22	36500001	0.962091	1.01763	2	0	0
22	37000001	0.996966	1.01763	2	0	0
22	37500001	1.02887	1.01763	2	0	0
22	38000001	1.01796	1.01763	2	0	0
22	38500001	1.0173	1.01763	2	0	0
22	39000001	1.04168	1.01763	2	0	0
22	39500001	0.988649	1.01763	2	0	0
22	40000001	1.02425	1.01763	2	0	0
22	40500001	1.02006	1.01763	2	0	0
22	41000001	1.17684	1.01763	2	0	0
22	41500001	1.02062	1.01763	2	0	0
22	42000001	1.00477	1.01763	2	0	0
22	42500001	1.2419	1.01763	2	0	0
22	43000001	0.964721	1.01763	2	0	0
22	43500001	1.02479	1.01763	2	0	0
22	44000001	1.00083	1.01763	2	0	0
22	44500001	1.05599	1.01763	2	0	0
22	45000001	1.02612	1.01763	2	0	0
22	45500001	0.993809	1.01763	2	0	0
22	46000001	1.03014	1.01763	2	0	0
22	46500001	1.0346	1.01763	2	0	0
22	47000001	0.980096	0.915704	2	0	0
22	47500001	0.920077	0.915704	2	0	0
22	48000001	0.86328	0.915704	2	0	0
22	48500001	0.905561	0.915704	2	0	0
22	49000001	0.911332	0.915704	2	0	0
22	49500001	1.0428	0.915704	2	0	0
22	50000001	1.02952	0.915704	2	0	0
22	50500001	0.6781	0.915704	2	0	0
3	1	1.51088	1.43	3	0	0
3	500001	1.45036	1.43	3	0	0
3	1000001	1.4144	1.43	3	0	0
3	1500001	1.4347	1.43	3	0	0
3	2000001	1.36516	1.43	3	0	0
3	2500001	1.41542	1.43	3	0	0
3	3000001	1.43	1.43	3	0	0
3	3500001	1.39779	1.43	3	0	0
3	4000001	1.42279	1.43	3	0	0
3	4500001	1.50067	1.43	3	0	0
3	5000001	1.50814	1.43	3	0	0
3	5500001	1.36536	1.43	3	0	0
3	6000001	1.43383	1.43	3	0	0
3	6500001	1.35564	1.43	3	0	0
3	7000001	1.3626	1.43	3	0	0
3	7500001	1.45417	1.43	3	0	0
3	8000001	1.44846	1.43	3	0	0
3	8500001	1.54585	1.54585	3	0	0
3	9000001	1.60151	1.54585	3	0	0
3	9500001	1.93864	1.54585	3	0	0
3	10000001	1.53885	1.54585	3	0	0
3	10500001	1.63546	1.54585	3	0	0
3	11000001	1.49823	1.54585	3	0	0
3	11500001	1.44623	1.54585	3	0	0
3	12000001	1.60225	1.54585	3	0	0
3	12500001	1.52164	1.54585	3	0	0
3	13000001	0.646986	1.00218	2	0	0
3	13500001	0.833726	1.00218	2	0	0
3	14000001	1.04541	1.00218	2	0	0
3	14500001	0.989184	1.00218	2	0	0
3	15000001	1.01062	1.00218	2	0	0
3	15500001	1.08515	1.00218	2	0	0
3	16000001	0.972197	1.00218	2	0	0
3	16500001	1.00218	1.00218	2	0	0
3	17000001	1.01973	1.00218	2	0	0
3	17500001	0.976047	1.00218	2	0	0
3	18000001	1.0126	1.00218	2	0	0
3	18500001	1.01894	1.00218	2	0	0
3	19000001	1.02664	1.00218	2	0	0
3	19500001	1.0084	1.00218	2	0	0
3	20000001	0.970417	1.00218	2	0	0
3	20500001	0.924301	1.00218	2	0	0
3	21000001	0.969295	1.00218	2	0	0
3	21500001	0.944386	1.00218	2	0	0
3	22000001	0.892168	1.00218	2	0	0
3	22500001	0.978891	1.00218	2	0	0
3	23000001	1.04951	1.00218	2	0	0
3	23500001	1.00741	1.00218	2	0	0
3	24000001	1.09122	1.00218	2	0	0
3	24500001	1.07863	1.00218	2	0	0
3	25000001	0.988544	1.00218	2	0	0
3	25500001	0.982433	1.00218	2	0	0
3	26000001	0.949514	1.00218	2	0	0
3	26500001	0.996551	1.00218	2	0	0
3	27000001	1.04555	1.00218	2	0	0
3	27500001	0.983531	1.00218	2	0	0
3	28000001	1.00792	1.00218	2	0	0
3	28500001	0.92275	1.00218	2	0	0
3	29000001	0.975588	1.00218	2	0	0
3	29500001	1.04964	1.00218	2	0	0
3	30000001	1.07165	1.00218	2	0	0
3	30500001	1.00138	1.00218	2	0	0
3	31000001	1.02129	1.00218	2	0	0
3	31500001	0.955915	1.00218	2	0	0
3	32000001	1.03844	1.00218	2	0	0
3	32500001	1.01426	1.00218	2	0	0
3	33000001	1.04896	1.00218	2	0	0
3	33500001	1.02964	1.00218	2	0	0
3	34000001	0.961993	1.00218	2	0	0
3	34500001	0.952558	1.00218	2	0	0
3	35000001	0.939582	1.00218	2	0	0
3	35500001	1.00566	1.00218	2	0	0
3	36000001	0.952019	1.00218	2	0	0
3	36500001	1.05501	1.00218	2	0	0
3	37000001	0.993439	1.00218	2	0	0
3	37500001	1.02492	1.00218	2	0	0
3	38000001	1.03254	1.00218	2	0	0
3	38500001	0.994662	1.00218	2	0	0
3	39000001	0.978704	1.00218	2	0	0
3	39500001	0.989422	1.00218	2	0	0
3	40000001	1.0104	1.00218	2	0	0
3	40500001	0.982999	1.00218	2	0	0
3	41000001	0.958981	1.00218	2	0	0
3	41500001	1.03023	1.00218	2	0	0
3	42000001	1.02195	1.00218	2	0	0
3	42500001	1.01822	1.00218	2	0	0
3	43000001	1.00522	1.00218	2	0	0
3	43500001	1.02731	1.00218	2	0	0
3	44000001	0.994606	1.00218	2	0	0
3	44500001	1.02806	1.00218	2	0	0
3	45000001	1.01441	1.00218	2	0	0
3	45500001	1.00707	1.00218	2	0	0
3	46000001	1.0019	1.00218	2	0	0
3	46500001	0.901063	1.00218	2	0	0
3	47000001	0.917955	1.00218	2	0	0
3	47500001	0.514972	0.514972	1	0	0
3	48000001	0.53106	0.514972	1	0	0
3	48500001	0.488185	0.514972	1	0	0
3	49000001	0.503701	0.514972	1	0	0
3	49500001	0.524052	0.514972	1	0	0
3	50000001	0.867509	1.05794	2	0	0
3	50500001	1.12435	1.05794	2	0	0
3	51000001	1.00522	1.05794	2	0	0
3	51500001	1.04711	1.05794	2	0	0
3	52000001	1.07247	1.05794	2	0	0
3	52500001	1.06004	1.05794	2	0	0
3	53000001	1.05794	1.05794	2	0	0
3	53500001	0.494563	0.494278	1	0	0
3	54000001	0.494914	0.494278	1	0	0
3	54500001	0.503422	0.494278	1	0	0
3	55000001	0.495183	0.494278	1	0	0
3	55500001	0.51362	0.494278	1	0	0
3	56000001	0.524567	0.494278	1	0	0
3	56500001	0.540328	0.494278	1	0	0
3	57000001	0.533552	0.494278	1	0	0
3	57500001	0.477408	0.494278	1	0	0
3	58000001	0.449755	0.494278	1	0	0
3	58500001	0.536198	0.494278	1	0	0
3	59000001	0.542376	0.494278	1	0	0
3	59500001	0.512977	0.494278	1	0	0
3	60000001	0.47575	0.494278	1	0	0
3	60500001	0.216535	0.494278	1	0	0
3	61000001	0.495452	0.494278	1	0	0
3	61500001	0.477148	0.494278	1	0	0
3	62000001	0.446879	0.494278	1	0	0
3	62500001	0.446302	0.494278	1	0	0
3	63000001	0.462027	0.494278	1	0	0
3	63500001	0.518286	0.494278	1	0	0
3	64000001	0.488342	0.494278	1	0	0
3	64500001	0.45433	0.494278	1	0	0
3	65000001	0.477642	0.494278	1	0	0
3	65500001	0.47223	0.494278	1	0	0
3	66000001	0.511936	0.494278	1	0	0
3	66500001	0.488355	0.494278	1	0	0
3	67000001	0.486113	0.494278	1	0	0
3	67500001	0.456973	0.494278	1	0	0
3	68000001	0.509765	0.494278	1	0	0
3	68500001	0.481072	0.494278	1	0	0
3	69000001	0.479675	0.494278	1	0	0
3	69500001	0.535624	0.494278	1	0	0
3	70000001	0.552716	0.494278	1	0	0
3	70500001	0.490313	0.494278	1	0	0
3	71000001	0.49401	0.494278	1	0	0
3	71500001	0.496546	0.494278	1	0	0
3	72000001	0.462881	0.494278	1	0	0
3	72500001	0.530161	0.494278	1	0	0
3	73000001	0.482733	0.494278	1	0	0
3	73500001	0.455315	0.494278	1	0	0
3	74000001	0.477991	0.494278	1	0	0
3	74500001	0.4673	0.494278	1	0	0
3	75000001	0.483822	0.494278	1	0	0
3	75500001	0.677105	0.494278	1	0	0
3	76000001	0.451918	0.494278	1	0	0
3	76500001	0.469934	0.494278	1	0	0
3	77000001	0.495439	0.494278	1	0	0
3	77500001	0.482682	0.494278	1	0	0
3	78000001	0.459765	0.494278	1	0	0
3	78500001	0.46425	0.494278	1	0	0
3	79000001	0.499351	0.494278	1	0	0
3	79500001	0.511942	0.494278	1	0	0
3	80000001	0.517112	0.494278	1	0	0
3	80500001	0.509449	0.494278	1	0	0
3	81000001	0.497142	0.494278	1	0	0
3	81500001	0.475478	0.494278	1	0	0
3	82000001	0.522689	0.494278	1	0	0
3	82500001	0.507013	0.494278	1	0	0
3	83000001	0.484415	0.494278	1	0	0
3	83500001	0.495514	0.494278	1	0	0
3	84000001	0.48413	0.494278	1	0	0
3	84500001	0.503409	0.494278	1	0	0
3	85000001	0.504511	0.494278	1	0	0
3	85500001	0.531737	0.494278	1	0	0
3	86000001	0.551758	0.494278	1	0	0
3	86500001	0.352375	0.494278	1	0	0
3	87000001	0.515805	0.494278	1	0	0
3	87500001	0.473722	0.494278	1	0	0
3	88000001	0.494547	0.494278	1	0	0
3	88500001	1.47138	1.47138	3	0	0
3	89000001	1.48534	1.47138	3	0	0
3	89500001	1.83529	1.47138	3	0	0
3	90000001	1.32956	1.47138	3	0	0
3	90500001	1.44929	1.47138	3	0	0
3	91000001	0.842927	0.842927	2	0	0
3	91500001	1.85283	1.85283	4	0	0
3	92000001	1.89396	1.85283	4	0	0
3	92500001	1.74791	1.85283	4	0	0
3	93000001	7.90539	7.90539	16	0	0
3	93500001	1.60298	1.51583	3	0	0
3	94000001	1.47927	1.51583	3	0	0
3	94500001	1.44712	1.51583	3	0	0
3	95000001	1.50615	1.51583	3	0	0
3	95500001	1.46086	1.51583	3	0	0
3	96000001	1.48803	1.51583	3	0	0
3	96500001	1.5081	1.51583	3	0	0
3	97000001	1.49609	1.51583	3	0	0
3	97500001	1.58219	1.51583	3	0	0
3	98000001	1.53667	1.51583	3	0	0
3	98500001	1.55877	1.51583	3	0	0
3	99000001	1.53186	1.51583	3	0	0
3	99500001	1.5358	1.51583	3	0	0
3	100000001	1.56523	1.51583	3	0	0
3	100500001	1.5416	1.51583	3	0	0
3	101000001	1.52357	1.51583	3	0	0
3	101500001	1.55832	1.51583	3	0	0
3	102000001	1.64665	1.51583	3	0	0
3	102500001	1.55401	1.51583	3	0	0
3	103000001	1.531	1.51583	3	0	0
3	103500001	1.53338	1.51583	3	0	0
3	104000001	1.49364	1.51583	3	0	0
3	104500001	1.60878	1.51583	3	0	0
3	105000001	1.59256	1.51583	3	0	0
3	105500001	1.64532	1.51583	3	0	0
3	106000001	1.62815	1.51583	3	0	0
3	106500001	1.48219	1.51583	3	0	0
3	107000001	1.55471	1.51583	3	0	0
3	107500001	1.76393	1.51583	3	0	0
3	108000001	1.60952	1.51583	3	0	0
3	108500001	1.47014	1.51583	3	0	0
3	109000001	1.47059	1.51583	3	0	0
3	109500001	1.52832	1.51583	3	0	0
3	110000001	1.54342	1.51583	3	0	0
3	110500001	1.4882	1.51583	3	0	0
3	111000001	1.46627	1.51583	3	0	0
3	111500001	1.58898	1.51583	3	0	0
3	112000001	1.56078	1.51583	3	0	0
3	112500001	1.58503	1.51583	3	0	0
3	113000001	1.50275	1.51583	3	0	0
3	113500001	1.5002	1.51583	3	0	0
3	114000001	1.51264	1.51583	3	0	0
3	114500001	1.48254	1.51583	3	0	0
3	115000001	1.45935	1.51583	3	0	0
3	115500001	1.42105	1.51583	3	0	0
3	116000001	1.45166	1.51583	3	0	0
3	116500001	1.42827	1.51583	3	0	0
3	117000001	1.4471	1.51583	3	0	0
3	117500001	1.38765	1.51583	3	0	0
3	118000001	1.43251	1.51583	3	0	0
3	118500001	1.50042	1.51583	3	0	0
3	119000001	1.55286	1.51583	3	0	0
3	119500001	1.4814	1.51583	3	0	0
3	120000001	1.53812	1.51583	3	0	0
3	120500001	1.54929	1.51583	3	0	0
3	121000001	1.56164	1.51583	3	0	0
3	121500001	1.47591	1.51583	3	0	0
3	122000001	1.55854	1.51583	3	0	0
3	122500001	1.47795	1.51583	3	0	0
3	123000001	1.53217	1.51583	3	0	0
3	123500001	1.52805	1.51583	3	0	0
3	124000001	1.37571	1.51583	3	0	0
3	124500001	1.51574	1.51583	3	0	0
3	125000001	1.57062	1.51583	3	0	0
3	125500001	1.50617	1.51583	3	0	0
3	126000001	1.47645	1.51583	3	0	0
3	126500001	1.49513	1.51583	3	0	0
3	127000001	1.48154	1.51583	3	0	0
3	127500001	1.48366	1.51583	3	0	0
3	128000001	1.54714	1.51583	3	0	0
3	128500001	1.55414	1.51583	3	0	0
3	129000001	1.46161	1.51583	3	0	0
3	129500001	1.52642	1.51583	3	0	0
3	130000001	1.47804	1.51583	3	0	0
3	130500001	1.47944	1.51583	3	0	0
3	131000001	1.5094	1.51583	3	0	0
3	131500001	1.4621	1.51583	3	0	0
3	132000001	1.48419	1.51583	3	0	0
3	132500001	1.45842	1.51583	3	0	0
3	133000001	1.50373	1.51583	3	0	0
3	133500001	1.56401	1.51583	3	0	0
3	134000001	1.59748	1.51583	3	0	0
3	134500001	1.46549	1.51583	3	0	0
3	135000001	1.46814	1.51583	3	0	0
3	135500001	1.51597	1.51583	3	0	0
3	136000001	1.32043	1.51583	3	0	0
3	136500001	1.25804	1.51583	3	0	0
3	137000001	1.49271	1.51583	3	0	0
3	137500001	1.44466	1.51583	3	0	0
3	138000001	1.49429	1.51583	3	0	0
3	138500001	1.46755	1.51583	3	0	0
3	139000001	1.55067	1.51583	3	0	0
3	139500001	1.43645	1.51583	3	0	0
3	140000001	1.4288	1.51583	3	0	0
3	140500001	1.47543	1.51583	3	0	0
3	141000001	1.52298	1.51583	3	0	0
3	141500001	1.54061	1.51583	3	0	0
3	142000001	1.52763	1.51583	3	0	0
3	142500001	1.55719	1.51583	3	0	0
3	143000001	1.45151	1.51583	3	0	0
3	143500001	1.4633	1.51583	3	0	0
3	144000001	1.52829	1.51583	3	0	0
3	144500001	1.48495	1.51583	3	0	0
3	145000001	1.46165	1.51583	3	0	0
3	145500001	1.44565	1.51583	3	0	0
3	146000001	1.4715	1.51583	3	0	0
3	146500001	1.49253	1.51583	3	0	0
3	147000001	1.40366	1.51583	3	0	0
3	147500001	1.37472	1.51583	3	0	0
3	148000001	1.53202	1.51583	3	0	0
3	148500001	1.54235	1.51583	3	0	0
3	149000001	1.65562	1.51583	3	0	0
3	149500001	1.61961	1.51583	3	0	0
3	150000001	1.56553	1.51583	3	0	0
3	150500001	1.51733	1.51583	3	0	0
3	151000001	1.52338	1.51583	3	0	0
3	151500001	1.59528	1.51583	3	0	0
3	152000001	1.61502	1.51583	3	0	0
3	152500001	1.53577	1.51583	3	0	0
3	153000001	1.54541	1.51583	3	0	0
3	153500001	1.5217	1.51583	3	0	0
3	154000001	1.51369	1.51583	3	0	0
3	154500001	1.50583	1.51583	3	0	0
3	155000001	1.41915	1.51583	3	0	0
3	155500001	1.47999	1.51583	3	0	0
3	156000001	1.49332	1.51583	3	0	0
3	156500001	1.54357	1.51583	3	0	0
3	157000001	1.53939	1.51583	3	0	0
3	157500001	1.45774	1.51583	3	0	0
3	158000001	1.51867	1.51583	3	0	0
3	158500001	1.43551	1.51583	3	0	0
3	159000001	1.46091	1.51583	3	0	0
3	159500001	1.53644	1.51583	3	0	0
3	160000001	1.52984	1.51583	3	0	0
3	160500001	1.53799	1.51583	3	0	0
3	161000001	1.56359	1.51583	3	0	0
3	161500001	1.49556	1.51583	3	0	0
3	162000001	1.54913	1.51583	3	0	0
3	162500001	1.30227	1.51583	3	0	0
3	163000001	1.53271	1.51583	3	0	0
3	163500001	1.47628	1.51583	3	0	0
3	164000001	1.50426	1.51583	3	0	0
3	164500001	1.58612	1.51583	3	0	0
3	165000001	1.56995	1.51583	3	0	0
3	165500001	1.55779	1.51583	3	0	0
3	166000001	1.60324	1.51583	3	0	0
3	166500001	1.49728	1.51583	3	0	0
3	167000001	1.51583	1.51583	3	0	0
3	167500001	1.54489	1.51583	3	0	0
3	168000001	1.45408	1.51583	3	0	0
3	168500001	1.41766	1.51583	3	0	0
3	169000001	1.50733	1.51583	3	0	0
3	169500001	1.51827	1.51583	3	0	0
3	170000001	1.52329	1.51583	3	0	0
3	170500001	1.53537	1.51583	3	0	0
3	171000001	1.52769	1.51583	3	0	0
3	171500001	1.57315	1.51583	3	0	0
3	172000001	1.48788	1.51583	3	0	0
3	172500001	1.54623	1.51583	3	0	0
3	173000001	1.52545	1.51583	3	0	0
3	173500001	1.51184	1.51583	3	0	0
3	174000001	1.4818	1.51583	3	0	0
3	174500001	1.52813	1.51583	3	0	0
3	175000001	1.49367	1.51583	3	0	0
3	175500001	1.52784	1.51583	3	0	0
3	176000001	1.57105	1.51583	3	0	0
3	176500001	1.51055	1.51583	3	0	0
3	177000001	1.51637	1.51583	3	0	0
3	177500001	1.50699	1.51583	3	0	0
3	178000001	1.60729	1.51583	3	0	0
3	178500001	1.54844	1.51583	3	0	0
3	179000001	1.75784	1.94451	4	0	0
3	179500001	1.86637	1.94451	4	0	0
3	180000001	1.93977	1.94451	4	0	0
3	180500001	1.85291	1.94451	4	0	0
3	181000001	1.89101	1.94451	4	0	0
3	181500001	1.86503	1.94451	4	0	0
3	182000001	1.94994	1.94451	4	0	0
3	182500001	1.98902	1.94451	4	0	0
3	183000001	1.94925	1.94451	4	0	0
3	183500001	2.00402	1.94451	4	0	0
3	184000001	1.97811	1.94451	4	0	0
3	184500001	1.90896	1.94451	4	0	0
3	185000001	2.02901	1.94451	4	0	0
3	185500001	1.95402	1.94451	4	0	0
3	186000001	1.96107	1.94451	4	0	0
3	186500001	1.93295	1.94451	4	0	0
3	187000001	2.59365	2.78575	6	0	0
3	187500001	3.09554	2.78575	6	0	0
3	188000001	2.97784	2.78575	6	0	0
3	188500001	2.50921	2.78575	6	0	0
3	189000001	2.0842	1.99858	4	0	0
3	189500001	2.11083	1.99858	4	0	0
3	190000001	2.01898	1.99858	4	0	0
3	190500001	2.01111	1.99858	4	0	0
3	191000001	2.07468	1.99858	4	0	0
3	191500001	2.14822	1.99858	4	0	0
3	192000001	1.89906	1.99858	4	0	0
3	192500001	1.79128	1.99858	4	0	0
3	193000001	1.91624	1.99858	4	0	0
3	193500001	1.95943	1.99858	4	0	0
3	194000001	1.96095	1.99858	4	0	0
3	194500001	1.95006	1.99858	4	0	0
3	195000001	1.98606	1.99858	4	0	0
3	195500001	2.12362	1.99858	4	0	0
3	196000001	1.94353	1.99858	4	0	0
3	196500001	1.96654	1.99858	4	0	0
3	197000001	2.27176	1.99858	4	0	0
3	197500001	2.07781	1.99858	4	0	0
3	198000001	-1	-1	-1	0	0
4	1	0.659156	0.512949	1	1	0.944198
4	500001	0.497748	0.512949	1	1	0.944198
4	1000001	0.504992	0.512949	1	1	0.944198
4	1500001	0.53345	0.512949	1	1	0.944198
4	2000001	0.521675	0.512949	1	1	0.944198
4	2500001	0.511415	0.512949	1	1	0.944198
4	3000001	0.532541	0.512949	1	1	0.944198
4	3500001	0.538635	0.512949	1	1	0.944198
4	4000001	0.512949	0.512949	1	1	0.944198
4	4500001	0.505205	0.512949	1	1	0.944198
4	5000001	0.491048	0.512949	1	1	0.944198
4	5500001	0.482438	0.512949	1	1	0.944198
4	6000001	0.459755	0.512949	1	1	0.944198
4	6500001	0.517002	0.512949	1	1	0.944198
4	7000001	0.495689	0.512949	1	1	0.944198
4	7500001	0.522807	0.512949	1	1	0.944198
4	8000001	0.520424	0.512949	1	1	0.944198
4	8500001	0.483129	0.512949	1	1	0.944198
4	9000001	0.638801	0.512949	1	1	0.944198
4	9500001	0.470715	0.512949	1	1	0.944198
4	10000001	0.475131	0.512949	1	1	0.944198
4	10500001	0.494138	0.512949	1	1	0.944198
4	11000001	0.54652	0.512949	1	1	0.944198
4	11500001	0.522793	0.512949	1	1	0.944198
4	12000001	0.536857	0.512949	1	1	0.944198
4	12500001	0.488285	0.512949	1	1	0.944198
4	13000001	0.679475	0.512949	1	0	0
4	13500001	0.982091	0.985129	2	0	0
4	14000001	1.01732	0.985129	2	0	0
4	14500001	0.949241	0.985129	2	0	0
4	15000001	1.01679	0.985129	2	0	0
4	15500001	1.01787	0.985129	2	0	0
4	16000001	1.04823	0.985129	2	0	0
4	16500001	0.920397	0.985129	2	0	0
4	17000001	0.944414	0.985129	2	0	0
4	17500001	0.986229	0.985129	2	0	0
4	18000001	0.936979	0.985129	2	0	0
4	18500001	0.899201	0.985129	2	0	0
4	19000001	0.962981	0.985129	2	0	0
4	19500001	0.93776	0.985129	2	0	0
4	20000001	0.917578	0.985129	2	0	0
4	20500001	1.20839	0.985129	2	0	0
4	21000001	1.00556	0.985129	2	0	0
4	21500001	0.954411	0.985129	2	0	0
4	22000001	0.93768	0.985129	2	0	0
4	22500001	0.974584	0.985129	2	0	0
4	23000001	0.979774	0.985129	2	0	0
4	23500001	0.962218	0.985129	2	0	0
4	24000001	1.00842	0.985129	2	0	0
4	24500001	1.01164	0.985129	2	0	0
4	25000001	1.04424	0.985129	2	0	0
4	25500001	0.957215	0.985129	2	0	0
4	26000001	1.02838	0.985129	2	0	0
4	26500001	1.0259	0.985129	2	0	0
4	27000001	0.961953	0.985129	2	0	0
4	27500001	0.972472	0.985129	2	0	0
4	28000001	0.990775	0.985129	2	0	0
4	28500001	0.960732	0.985129	2	0	0
4	29000001	1.01772	0.985129	2	0	0
4	29500001	0.94215	0.985129	2	0	0
4	30000001	0.964109	0.985129	2	0	0
4	30500001	1.03532	0.985129	2	0	0
4	31000001	1.0315	0.985129	2	0	0
4	31500001	1.05013	0.985129	2	0	0
4	32000001	0.985515	0.985129	2	0	0
4	32500001	1.02116	0.985129	2	0	0
4	33000001	0.999611	0.985129	2	0	0
4	33500001	0.946091	0.985129	2	0	0
4	34000001	0.935439	0.985129	2	0	0
4	34500001	0.979115	0.985129	2	0	0
4	35000001	0.985129	0.985129	2	0	0
4	35500001	0.956953	0.985129	2	0	0
4	36000001	1.03257	0.985129	2	0	0
4	36500001	1.06122	0.985129	2	0	0
4	37000001	1.0132	0.985129	2	0	0
4	37500001	0.979009	0.985129	2	0	0
4	38000001	1.03484	0.985129	2	0	0
4	38500001	1.05913	0.985129	2	0	0
4	39000001	1.07794	0.985129	2	0	0
4	39500001	0.996103	0.985129	2	0	0
4	40000001	1.01332	0.985129	2	0	0
4	40500001	1.02894	0.985129	2	0	0
4	41000001	1.01887	0.985129	2	0	0
4	41500001	1.02552	0.985129	2	0	0
4	42000001	0.937797	0.985129	2	0	0
4	42500001	0.934121	0.985129	2	0	0
4	43000001	1.01779	0.985129	2	0	0
4	43500001	0.983296	0.985129	2	0	0
4	44000001	0.974562	0.985129	2	0	0
4	44500001	0.972888	0.985129	2	0	0
4	45000001	0.970709	0.985129	2	0	0
4	45500001	0.976068	0.985129	2	0	0
4	46000001	0.980177	0.985129	2	0	0
4	46500001	0.908666	0.985129	2	0	0
4	47000001	0.943609	0.985129	2	0	0
4	47500001	0.989643	0.985129	2	0	0
4	48000001	1.03295	0.985129	2	0	0
4	48500001	1.06857	0.985129	2	0	0
4	49000001	-1	-1	-1	0	0
4	49500001	2.51538	2.51538	5	0	0
4	50000001	2.05645	2.05645	4	0	0
4	50500001	1.76356	1.76356	4	0	0
4	51000001	1.40539	1.31798	3	0	0
4	51500001	1.23057	1.31798	3	0	0
4	52000001	0.996511	1.01044	2	0	0
4	52500001	1.01196	1.01044	2	0	0
4	53000001	0.991584	1.01044	2	0	0
4	53500001	1.04155	1.01044	2	0	0
4	54000001	0.981135	1.01044	2	0	0
4	54500001	0.993067	1.01044	2	0	0
4	55000001	1.03744	1.01044	2	0	0
4	55500001	1.05416	1.01044	2	0	0
4	56000001	1.00257	1.01044	2	0	0
4	56500001	0.974987	1.01044	2	0	0
4	57000001	1.0129	1.01044	2	0	0
4	57500001	0.99835	1.01044	2	0	0
4	58000001	0.973196	1.01044	2	0	0
4	58500001	1.00835	1.01044	2	0	0
4	59000001	1.00023	1.01044	2	0	0
4	59500001	0.988982	1.01044	2	0	0
4	60000001	1.02436	1.01044	2	0	0
4	60500001	1.06501	1.01044	2	0	0
4	61000001	0.979259	1.01044	2	0	0
4	61500001	0.993604	1.01044	2	0	0
4	62000001	0.993473	1.01044	2	0	0
4	62500001	0.984447	1.01044	2	0	0
4	63000001	0.980603	1.01044	2	0	0
4	63500001	0.952419	1.01044	2	0	0
4	64000001	0.990685	1.01044	2	0	0
4	64500001	0.976697	1.01044	2	0	0
4	65000001	0.977549	1.01044	2	0	0
4	65500001	1.06033	1.01044	2	0	0
4	66000001	0.967249	1.01044	2	0	0
4	66500001	1.02155	1.01044	2	0	0
4	67000001	1.01639	1.01044	2	0	0
4	67500001	0.997141	1.01044	2	0	0
4	68000001	1.05605	1.01044	2	0	0
4	68500001	0.967276	1.01044	2	0	0
4	69000001	0.858363	1.01044	2	0	0
4	69500001	1.04143	1.01044	2	0	0
4	70000001	1.02198	1.01044	2	0	0
4	70500001	0.941486	1.01044	2	0	0
4	71000001	1.00268	1.01044	2	0	0
4	71500001	0.932912	1.01044	2	0	0
4	72000001	0.974802	1.01044	2	0	0
4	72500001	0.973364	1.01044	2	0	0
4	73000001	1.04444	1.01044	2	0	0
4	73500001	1.06704	1.01044	2	0	0
4	74000001	0.999128	1.01044	2	0	0
4	74500001	1.08528	1.01044	2	0	0
4	75000001	0.995428	1.01044	2	0	0
4	75500001	0.984417	1.01044	2	0	0
4	76000001	1.03517	1.01044	2	0	0
4	76500001	1.01784	1.01044	2	0	0
4	77000001	1.01126	1.01044	2	0	0
4	77500001	1.04041	1.01044	2	0	0
4	78000001	0.990297	1.01044	2	0	0
4	78500001	1.07	1.01044	2	0	0
4	79000001	0.97226	1.01044	2	0	0
4	79500001	1.02161	1.01044	2	0	0
4	80000001	1.02693	1.01044	2	0	0
4	80500001	1.0338	1.01044	2	0	0
4	81000001	0.982661	1.01044	2	0	0
4	81500001	1.00763	1.01044	2	0	0
4	82000001	0.971535	1.01044	2	0	0
4	82500001	0.983342	1.01044	2	0	0
4	83000001	1.04628	1.01044	2	0	0
4	83500001	1.02979	1.01044	2	0	0
4	84000001	0.978985	1.01044	2	0	0
4	84500001	1.00817	1.01044	2	0	0
4	85000001	1.00031	1.01044	2	0	0
4	85500001	0.981534	1.01044	2	0	0
4	86000001	0.986955	1.01044	2	0	0
4	86500001	0.850575	1.01044	2	0	0
4	87000001	0.987367	1.01044	2	0	0
4	87500001	0.984856	1.01044	2	0	0
4	88000001	0.945053	1.01044	2	0	0
4	88500001	1.03995	1.01044	2	0	0
4	89000001	0.988281	1.01044	2	0	0
4	89500001	1.04237	1.01044	2	0	0
4	90000001	1.01044	1.01044	2	0	0
4	90500001	1.06189	1.01044	2	0	0
4	91000001	1.05669	1.01044	2	0	0
4	91500001	0.994003	1.01044	2	0	0
4	92000001	1.02089	1.01044	2	0	0
4	92500001	1.00279	1.01044	2	0	0
4	93000001	1.00472	1.01044	2	0	0
4	93500001	1.02672	1.01044	2	0	0
4	94000001	1.04496	1.01044	2	0	0
4	94500001	1.03208	1.01044	2	0	0
4	95000001	1.02547	1.01044	2	0	0
4	95500001	1.0724	1.01044	2	0	0
4	96000001	1.04646	1.01044	2	0	0
4	96500001	1.01201	1.01044	2	0	0
4	97000001	1.02471	1.01044	2	0	0
4	97500001	1.06206	1.01044	2	0	0
4	98000001	1.02637	1.01044	2	0	0
4	98500001	1.02423	1.01044	2	0	0
4	99000001	1.06185	1.01044	2	0	0
4	99500001	1.05414	1.01044	2	0	0
4	100000001	1.05225	1.01044	2	0	0
4	100500001	1.02239	1.01044	2	0	0
4	101000001	1.07554	1.01044	2	0	0
4	101500001	1.01047	1.01044	2	0	0
4	102000001	1.01911	1.01044	2	0	0
4	102500001	0.998669	1.01044	2	0	0
4	103000001	1.02776	1.01044	2	0	0
4	103500001	1.01731	1.01044	2	0	0
4	104000001	0.994738	1.01044	2	0	0
4	104500001	1.04522	1.01044	2	0	0
4	105000001	1.02245	1.01044	2	0	0
4	105500001	1.02449	1.01044	2	0	0
4	106000001	1.02738	1.01044	2	0	0
4	106500001	1.00389	1.01044	2	0	0
4	107000001	0.98164	1.01044	2	0	0
4	107500001	1.02392	1.01044	2	0	0
4	108000001	0.958079	1.01044	2	0	0
4	108500001	0.966956	1.01044	2	0	0
4	109000001	0.972363	1.01044	2	0	0
4	109500001	1.01778	1.01044	2	0	0
4	110000001	0.993017	1.01044	2	0	0
4	110500001	1.01119	1.01044	2	0	0
4	111000001	1.02791	1.01044	2	0	0
4	111500001	1.04626	1.01044	2	0	0
4	112000001	1.032	1.01044	2	0	0
4	112500001	0.89655	1.01044	2	0	0
4	113000001	1.02692	1.01044	2	0	0
4	113500001	1.05595	1.01044	2	0	0
4	114000001	1.02498	1.01044	2	0	0
4	114500001	1.00563	1.01044	2	0	0
4	115000001	0.989247	1.01044	2	0	0
4	115500001	0.99683	1.01044	2	0	0
4	116000001	0.999451	1.01044	2	0	0
4	116500001	0.98317	1.01044	2	0	0
4	117000001	0.988828	1.01044	2	0	0
4	117500001	1.03719	1.01044	2	0	0
4	118000001	1.00964	1.01044	2	0	0
4	118500001	1.01525	1.01044	2	0	0
4	119000001	1.03424	1.01044	2	0	0
4	119500001	0.473637	0.506471	1	0	0
4	120000001	0.477831	0.506471	1	0	0
4	120500001	0.456836	0.506471	1	0	0
4	121000001	0.500861	0.506471	1	0	0
4	121500001	0.484393	0.506471	1	0	0
4	122000001	0.511173	0.506471	1	0	0
4	122500001	0.513942	0.506471	1	0	0
4	123000001	0.479595	0.506471	1	0	0
4	123500001	0.479944	0.506471	1	0	0
4	124000001	0.520356	0.506471	1	0	0
4	124500001	0.503243	0.506471	1	0	0
4	125000001	0.515278	0.506471	1	0	0
4	125500001	0.480521	0.506471	1	0	0
4	126000001	0.49585	0.506471	1	0	0
4	126500001	0.48499	0.506471	1	0	0
4	127000001	0.525202	0.506471	1	0	0
4	127500001	0.531352	0.506471	1	0	0
4	128000001	0.527443	0.506471	1	0	0
4	128500001	0.489829	0.506471	1	0	0
4	129000001	0.521949	0.506471	1	0	0
4	129500001	0.473811	0.506471	1	0	0
4	130000001	0.486865	0.506471	1	0	0
4	130500001	0.505242	0.506471	1	0	0
4	131000001	0.504672	0.506471	1	0	0
4	131500001	0.492307	0.506471	1	0	0
4	132000001	0.51164	0.506471	1	0	0
4	132500001	0.479177	0.506471	1	0	0
4	133000001	0.499466	0.506471	1	0	0
4	133500001	0.526114	0.506471	1	0	0
4	134000001	0.550705	0.506471	1	0	0
4	134500001	0.506471	0.506471	1	0	0
4	135000001	0.509391	0.506471	1	0	0
4	135500001	0.506384	0.506471	1	0	0
4	136000001	0.559934	0.506471	1	0	0
4	136500001	0.511462	0.506471	1	0	0
4	137000001	0.516824	0.506471	1	0	0
4	137500001	0.540167	0.506471	1	0	0
4	138000001	0.530247	0.506471	1	0	0
4	138500001	0.552725	0.506471	1	0	0
4	139000001	0.530037	0.506471	1	0	0
4	139500001	0.56144	0.506471	1	0	0
4	140000001	0.504438	0.506471	1	0	0
4	140500001	0.4865	0.506471	1	0	0
4	141000001	0.52971	0.506471	1	0	0
4	141500001	0.516115	0.506471	1	0	0
4	142000001	0.493418	0.506471	1	0	0
4	142500001	0.691695	0.506471	1	0	0
4	143000001	0.958161	0.999447	2	0	0
4	143500001	1.07628	0.999447	2	0	0
4	144000001	1.20845	0.999447	2	0	0
4	144500001	1.01497	0.999447	2	0	0
4	145000001	0.986558	0.999447	2	0	0
4	145500001	0.956274	0.999447	2	0	0
4	146000001	1.02846	0.999447	2	0	0
4	146500001	0.97846	0.999447	2	0	0
4	147000001	0.998845	0.999447	2	0	0
4	147500001	1.03597	0.999447	2	0	0
4	148000001	0.961437	0.999447	2	0	0
4	148500001	0.953407	0.999447	2	0	0
4	149000001	1.01137	0.999447	2	0	0
4	149500001	1.00284	0.999447	2	0	0
4	150000001	0.988805	0.999447	2	0	0
4	150500001	1.0258	0.999447	2	0	0
4	151000001	0.988856	0.999447	2	0	0
4	151500001	1.03589	0.999447	2	0	0
4	152000001	0.999948	0.999447	2	0	0
4	152500001	1.03895	0.999447	2	0	0
4	153000001	1.00174	0.999447	2	0	0
4	153500001	1.0114	0.999447	2	0	0
4	154000001	0.937466	0.999447	2	0	0
4	154500001	0.973746	0.999447	2	0	0
4	155000001	1.0185	0.999447	2	0	0
4	155500001	0.962368	0.999447	2	0	0
4	156000001	1.01116	0.999447	2	0	0
4	156500001	0.985345	0.999447	2	0	0
4	157000001	1.07028	0.999447	2	0	0
4	157500001	0.980724	0.999447	2	0	0
4	158000001	1.04154	0.999447	2	0	0
4	158500001	1.04605	0.999447	2	0	0
4	159000001	1.03115	0.999447	2	0	0
4	159500001	0.995595	0.999447	2	0	0
4	160000001	0.978204	0.999447	2	0	0
4	160500001	1.01908	0.999447	2	0	0
4	161000001	0.990266	0.999447	2	0	0
4	161500001	1.00208	0.999447	2	0	0
4	162000001	1.03863	0.999447	2	0	0
4	162500001	0.945789	0.999447	2	0	0
4	163000001	0.97981	0.999447	2	0	0
4	163500001	0.999161	0.999447	2	0	0
4	164000001	0.977454	0.999447	2	0	0
4	164500001	0.980056	0.999447	2	0	0
4	165000001	1.00343	0.999447	2	0	0
4	165500001	1.05956	0.999447	2	0	0
4	166000001	1.046	0.999447	2	0	0
4	166500001	1.04275	0.999447	2	0	0
4	167000001	1.03475	0.999447	2	0	0
4	167500001	1.05808	0.999447	2	0	0
4	168000001	1.04288	0.999447	2	0	0
4	168500001	1.03192	0.999447	2	0	0
4	169000001	1.09584	0.999447	2	0	0
4	169500001	1.01206	0.999447	2	0	0
4	170000001	0.950302	0.999447	2	0	0
4	170500001	0.946595	0.999447	2	0	0
4	171000001	0.999732	0.999447	2	0	0
4	171500001	0.951306	0.999447	2	0	0
4	172000001	0.935988	0.999447	2	0	0
4	172500001	0.992823	0.999447	2	0	0
4	173000001	1.01717	0.999447	2	0	0
4	173500001	0.982539	0.999447	2	0	0
4	174000001	1.04097	0.999447	2	0	0
4	174500001	1.01681	0.999447	2	0	0
4	175000001	1.00867	0.999447	2	0	0
4	175500001	0.942192	0.999447	2	0	0
4	176000001	0.976993	0.999447	2	0	0
4	176500001	1.04361	0.999447	2	0	0
4	177000001	0.986127	0.999447	2	0	0
4	177500001	0.985848	0.999447	2	0	0
4	178000001	1.04045	0.999447	2	0	0
4	178500001	0.976764	0.999447	2	0	0
4	179000001	0.964908	0.999447	2	0	0
4	179500001	0.941141	0.999447	2	0	0
4	180000001	1.0214	0.999447	2	0	0
4	180500001	0.97571	0.999447	2	0	0
4	181000001	0.959406	0.999447	2	0	0
4	181500001	0.971503	0.999447	2	0	0
4	182000001	0.91592	0.999447	2	0	0
4	182500001	0.986434	0.999447	2	0	0
4	183000001	1.03795	0.999447	2	0	0
4	183500001	0.990706	0.999447	2	0	0
4	184000001	1.03055	0.999447	2	0	0
4	184500001	1.02676	0.999447	2	0	0
4	185000001	0.967473	0.999447	2	0	0
4	185500001	1.001	0.999447	2	0	0
4	186000001	0.983156	0.999447	2	0	0
4	186500001	1.00887	0.999447	2	0	0
4	187000001	1.04666	0.999447	2	0	0
4	187500001	0.991765	0.999447	2	0	0
4	188000001	0.998079	0.999447	2	0	0
4	188500001	1.00811	0.999447	2	0	0
4	189000001	0.994533	0.999447	2	0	0
4	189500001	0.940874	0.999447	2	0	0
4	190000001	-1	-1	-1	0	0
5	1	1.99849	1.99849	4	0	0
5	500001	2.70164	2.70164	5	0	0
5	1000001	1.92455	1.87969	4	0	0
5	1500001	1.91638	1.87969	4	0	0
5	2000001	1.82661	1.87969	4	0	0
5	2500001	1.87224	1.87969	4	0	0
5	3000001	1.75379	1.87969	4	0	0
5	3500001	1.80089	1.87969	4	0	0
5	4000001	1.79761	1.87969	4	0	0
5	4500001	1.87219	1.87969	4	0	0
5	5000001	1.87997	1.87969	4	0	0
5	5500001	1.85033	1.87969	4	0	0
5	6000001	1.8381	1.87969	4	0	0
5	6500001	1.86727	1.87969	4	0	0
5	7000001	1.83843	1.87969	4	0	0
5	7500001	1.88955	1.87969	4	0	0
5	8000001	1.91668	1.87969	4	0	0
5	8500001	1.97228	1.87969	4	0	0
5	9000001	2.00516	1.87969	4	0	0
5	9500001	2.09218	1.87969	4	0	0
5	10000001	2.02258	1.87969	4	0	0
5	10500001	2.06903	1.87969	4	0	0
5	11000001	1.8794	1.87969	4	0	0
5	11500001	1.89845	1.87969	4	0	0
5	12000001	1.90707	1.87969	4	0	0
5	12500001	1.85329	1.87969	4	0	0
5	13000001	2.52349	2.53918	5	0	0
5	13500001	2.52741	2.53918	5	0	0
5	14000001	2.57732	2.53918	5	0	0
5	14500001	2.40395	2.53918	5	0	0
5	15000001	2.60434	2.53918	5	0	0
5	15500001	2.41972	2.53918	5	0	0
5	16000001	2.51367	2.53918	5	0	0
5	16500001	2.56674	2.53918	5	0	0
5	17000001	2.50331	2.53918	5	0	0
5	17500001	3.24715	2.53918	5	0	0
5	18000001	2.42512	2.53918	5	0	0
5	18500001	2.49775	2.53918	5	0	0
5	19000001	2.54731	2.53918	5	0	0
5	19500001	2.54618	2.53918	5	0	0
5	20000001	2.53218	2.53918	5	0	0
5	20500001	2.56413	2.53918	5	0	0
5	21000001	3.10636	2.53918	5	0	0
5	21500001	2.59683	2.53918	5	0	0
5	22000001	2.37533	2.44502	5	0	0
5	22500001	2.45809	2.44502	5	0	0
5	23000001	2.5336	2.44502	5	0	0
5	23500001	2.44652	2.44502	5	0	0
5	24000001	2.43842	2.44502	5	0	0
5	24500001	2.45395	2.44502	5	0	0
5	25000001	2.35207	2.44502	5	0	0
5	25500001	2.44351	2.44502	5	0	0
5	26000001	2.04714	1.9847	4	0	0
5	26500001	1.94163	1.9847	4	0	0
5	27000001	2.05726	1.9847	4	0	0
5	27500001	2.00798	1.9847	4	0	0
5	28000001	2.02734	1.9847	4	0	0
5	28500001	2.01552	1.9847	4	0	0
5	29000001	1.94421	1.9847	4	0	0
5	29500001	1.91897	1.9847	4	0	0
5	30000001	2.01019	1.9847	4	0	0
5	30500001	1.98007	1.9847	4	0	0
5	31000001	2.06569	1.9847	4	0	0
5	31500001	1.94736	1.9847	4	0	0
5	32000001	1.96102	1.9847	4	0	0
5	32500001	1.98102	1.9847	4	0	0
5	33000001	1.98839	1.9847	4	0	0
5	33500001	1.96307	1.9847	4	0	0
5	34000001	2.57628	2.57628	5	0	0
5	34500001	2.0027	1.98875	4	0	0
5	35000001	1.86234	1.98875	4	0	0
5	35500001	1.99399	1.98875	4	0	0
5	36000001	2.09923	1.98875	4	0	0
5	36500001	2.0458	1.98875	4	0	0
5	37000001	1.98875	1.98875	4	0	0
5	37500001	1.9839	1.98875	4	0	0
5	38000001	1.92612	1.98875	4	0	0
5	38500001	2.03565	1.98875	4	0	0
5	39000001	2.04686	1.98875	4	0	0
5	39500001	2.06962	1.98875	4	0	0
5	40000001	2.03273	1.98875	4	0	0
5	40500001	2.04137	1.98875	4	0	0
5	41000001	1.9752	1.98875	4	0	0
5	41500001	1.9519	1.98875	4	0	0
5	42000001	1.9609	1.98875	4	0	0
5	42500001	2.03502	1.98875	4	0	0
5	43000001	2.01088	1.98875	4	0	0
5	43500001	1.95145	1.98875	4	0	0
5	44000001	1.9818	1.98875	4	0	0
5	44500001	1.84004	1.98875	4	0	0
5	45000001	1.86617	1.98875	4	0	0
5	45500001	1.84675	1.98875	4	0	0
5	46000001	1.5714	1.50417	3	0	0
5	46500001	1.44728	1.50417	3	0	0
5	47000001	1.50417	1.50417	3	0	0
5	47500001	1.81019	1.95592	4	0	0
5	48000001	1.97713	1.95592	4	0	0
5	48500001	1.95592	1.95592	4	0	0
5	49000001	3.37773	3.37773	7	0	0
5	49500001	10.0007	10.0007	20	0	0
5	50000001	1.58254	1.58254	3	0	0
5	50500001	1.00143	1.04789	2	0	0
5	51000001	1.00719	1.04789	2	0	0
5	51500001	0.980258	1.04789	2	0	0
5	52000001	1.02387	1.04789	2	0	0
5	52500001	1.0698	1.04789	2	0	0
5	53000001	1.04752	1.04789	2	0	0
5	53500001	1.05279	1.04789	2	0	0
5	54000001	1.04827	1.04789	2	0	0
5	54500001	1.03259	1.04789	2	0	0
5	55000001	1.05008	1.04789	2	0	0
5	55500001	1.05567	1.04789	2	0	0
5	56000001	1.04364	1.04789	2	0	0
5	56500001	1.07075	1.04789	2	0	0
5	57000001	1.00693	1.04789	2	0	0
5	57500001	1.08098	1.04789	2	0	0
5	58000001	1.04847	1.04789	2	0	0
5	58500001	1.03255	1.04789	2	0	0
5	59000001	1.06219	1.04789	2	0	0
5	59500001	0.773645	0.596895	1	0	0
5	60000001	0.341888	0.596895	1	0	0
5	60500001	0.596895	0.596895	1	0	0
5	61000001	0.975013	1.00658	2	0	0
5	61500001	1.04518	1.00658	2	0	0
5	62000001	0.94194	1.00658	2	0	0
5	62500001	0.98522	1.00658	2	0	0
5	63000001	1.00124	1.00658	2	0	0
5	63500001	1.00713	1.00658	2	0	0
5	64000001	1.01344	1.00658	2	0	0
5	64500001	1.00454	1.00658	2	0	0
5	65000001	1.03172	1.00658	2	0	0
5	65500001	1.0216	1.00658	2	0	0
5	66000001	1.02636	1.00658	2	0	0
5	66500001	0.993314	1.00658	2	0	0
5	67000001	1.04546	1.00658	2	0	0
5	67500001	1.00354	1.00658	2	0	0
5	68000001	1.05669	1.00658	2	0	0
5	68500001	1.01411	1.00658	2	0	0
5	69000001	0.965843	1.00658	2	0	0
5	69500001	1.30289	1.00658	2	0	0
5	70000001	1.14743	1.00658	2	0	0
5	70500001	1.21936	1.00658	2	0	0
5	71000001	1.2465	1.00658	2	0	0
5	71500001	1.00978	1.00658	2	0	0
5	72000001	1.04574	1.00658	2	0	0
5	72500001	1.00297	1.00658	2	0	0
5	73000001	1.0297	1.00658	2	0	0
5	73500001	1.04158	1.00658	2	0	0
5	74000001	1.03765	1.00658	2	0	0
5	74500001	1.08873	1.00658	2	0	0
5	75000001	1.04855	1.00658	2	0	0
5	75500001	1.06849	1.00658	2	0	0
5	76000001	0.974151	1.00658	2	0	0
5	76500001	1.00678	1.00658	2	0	0
5	77000001	0.949929	1.00658	2	0	0
5	77500001	0.975967	1.00658	2	0	0
5	78000001	1.01255	1.00658	2	0	0
5	78500001	0.999176	1.00658	2	0	0
5	79000001	0.99993	1.00658	2	0	0
5	79500001	1.03923	1.00658	2	0	0
5	80000001	0.992033	1.00658	2	0	0
5	80500001	1.02325	1.00658	2	0	0
5	81000001	1.02736	1.00658	2	0	0
5	81500001	1.03669	1.00658	2	0	0
5	82000001	1.00265	1.00658	2	0	0
5	82500001	0.991913	1.00658	2	0	0
5	83000001	0.997806	1.00658	2	0	0
5	83500001	0.99103	1.00658	2	0	0
5	84000001	0.999595	1.00658	2	0	0
5	84500001	0.991491	1.00658	2	0	0
5	85000001	0.98207	1.00658	2	0	0
5	85500001	1.00658	1.00658	2	0	0
5	86000001	0.9894	1.00658	2	0	0
5	86500001	0.972502	1.00658	2	0	0
5	87000001	1.00369	1.00658	2	0	0
5	87500001	1.01737	1.00658	2	0	0
5	88000001	0.98987	1.00658	2	0	0
5	88500001	1.03576	1.00658	2	0	0
5	89000001	1.01097	1.00658	2	0	0
5	89500001	1.02387	1.00658	2	0	0
5	90000001	0.978183	1.00658	2	0	0
5	90500001	0.995056	1.00658	2	0	0
5	91000001	1.01652	1.00658	2	0	0
5	91500001	0.95543	1.00658	2	0	0
5	92000001	0.9439	1.00658	2	0	0
5	92500001	1.0722	1.00658	2	0	0
5	93000001	1.03706	1.00658	2	0	0
5	93500001	0.982323	1.00658	2	0	0
5	94000001	0.999276	1.00658	2	0	0
5	94500001	0.971687	1.00658	2	0	0
5	95000001	1.00705	1.00658	2	0	0
5	95500001	1.04227	1.00658	2	0	0
5	96000001	1.10245	1.00658	2	0	0
5	96500001	1.07064	1.00658	2	0	0
5	97000001	1.06085	1.00658	2	0	0
5	97500001	1.01342	1.00658	2	0	0
5	98000001	0.929847	1.00658	2	0	0
5	98500001	0.988437	1.00658	2	0	0
5	99000001	0.969109	1.00658	2	0	0
5	99500001	1.00569	1.00658	2	0	0
5	100000001	1.0182	1.00658	2	0	0
5	100500001	1.01228	1.00658	2	0	0
5	101000001	1.03097	1.00658	2	0	0
5	101500001	0.950939	1.00658	2	0	0
5	102000001	1.00779	1.00658	2	0	0
5	102500001	1.06542	1.00658	2	0	0
5	103000001	0.976701	1.00658	2	0	0
5	103500001	1.05184	1.00658	2	0	0
5	104000001	0.998831	1.00658	2	0	0
5	104500001	1.01603	1.00658	2	0	0
5	105000001	1.02616	1.00658	2	0	0
5	105500001	1.00955	1.00658	2	0	0
5	106000001	0.998821	1.00658	2	0	0
5	106500001	1.05604	1.00658	2	0	0
5	107000001	1.40293	1.00658	2	0	0
5	107500001	1.05476	1.00658	2	0	0
5	108000001	1.06454	1.00658	2	0	0
5	108500001	0.993188	1.00658	2	0	0
5	109000001	1.05393	1.00658	2	0	0
5	109500001	0.994528	1.00658	2	0	0
5	110000001	0.972622	1.00658	2	0	0
5	110500001	1.00914	1.00658	2	0	0
5	111000001	1.02954	1.00658	2	0	0
5	111500001	1.00755	1.00658	2	0	0
5	112000001	0.994778	1.00658	2	0	0
5	112500001	1.13484	1.00658	2	0	0
5	113000001	1.06915	1.00658	2	0	0
5	113500001	0.993177	1.00658	2	0	0
5	114000001	0.984232	1.00658	2	0	0
5	114500001	0.997908	1.00658	2	0	0
5	115000001	0.997312	1.00658	2	0	0
5	115500001	1.0998	1.00658	2	0	0
5	116000001	1.01148	1.00658	2	0	0
5	116500001	0.955705	1.00658	2	0	0
5	117000001	0.965407	1.00658	2	0	0
5	117500001	0.999106	1.00658	2	0	0
5	118000001	0.917278	1.00658	2	0	0
5	118500001	0.930973	1.00658	2	0	0
5	119000001	1.0197	1.00658	2	0	0
5	119500001	0.988353	1.00658	2	0	0
5	120000001	0.964253	1.00658	2	0	0
5	120500001	1.03731	1.00658	2	0	0
5	121000001	1.06482	1.00658	2	0	0
5	121500001	0.989382	1.00658	2	0	0
5	122000001	1.00402	1.00658	2	0	0
5	122500001	0.996732	1.00658	2	0	0
5	123000001	1.00692	1.00658	2	0	0
5	123500001	1.08114	1.00658	2	0	0
5	124000001	1.06083	1.00658	2	0	0
5	124500001	0.974672	1.00658	2	0	0
5	125000001	1.05321	1.00658	2	0	0
5	125500001	1.03241	1.00658	2	0	0
5	126000001	1.04238	1.00658	2	0	0
5	126500001	0.984259	1.00658	2	0	0
5	127000001	1.04197	1.00658	2	0	0
5	127500001	1.02139	1.00658	2	0	0
5	128000001	0.971878	1.00658	2	0	0
5	128500001	0.945559	1.00658	2	0	0
5	129000001	0.965995	1.00658	2	0	0
5	129500001	0.928267	1.00658	2	0	0
5	130000001	0.972206	1.00658	2	0	0
5	130500001	1.01059	1.00658	2	0	0
5	131000001	1.01307	1.00658	2	0	0
5	131500001	1.05338	1.00658	2	0	0
5	132000001	1.04065	1.00658	2	0	0
5	132500001	1.05234	1.00658	2	0	0
5	133000001	1.06872	1.00658	2	0	0
5	133500001	1.02169	1.00658	2	0	0
5	134000001	1.05126	1.00658	2	0	0
5	134500001	1.01145	1.00658	2	0	0
5	135000001	1.05962	1.00658	2	0	0
5	135500001	1.01152	1.00658	2	0	0
5	136000001	1.04942	1.00658	2	0	0
5	136500001	1.00784	1.00658	2	0	0
5	137000001	1.00722	1.00658	2	0	0
5	137500001	0.989815	1.00658	2	0	0
5	138000001	0.979999	1.00658	2	0	0
5	138500001	1.02948	1.00658	2	0	0
5	139000001	1.01136	1.00658	2	0	0
5	139500001	1.02264	1.00658	2	0	0
5	140000001	1.03979	1.00658	2	0	0
5	140500001	1.0036	1.00658	2	0	0
5	141000001	0.959664	1.00658	2	0	0
5	141500001	1.03445	1.00658	2	0	0
5	142000001	1.00974	1.00658	2	0	0
5	142500001	1.08282	1.00658	2	0	0
5	143000001	1.06385	1.00658	2	0	0
5	143500001	1.0308	1.00658	2	0	0
5	144000001	1.07514	1.00658	2	0	0
5	144500001	0.976178	1.00658	2	0	0
5	145000001	0.99186	1.00658	2	0	0
5	145500001	1.00972	1.00658	2	0	0
5	146000001	0.972996	1.00658	2	0	0
5	146500001	1.01653	1.00658	2	0	0
5	147000001	0.955043	1.00658	2	0	0
5	147500001	1.05788	1.00658	2	0	0
5	148000001	1.06273	1.00658	2	0	0
5	148500001	1.07957	1.00658	2	0	0
5	149000001	1.08266	1.00658	2	0	0
5	149500001	1.01075	1.00658	2	0	0
5	150000001	1.06646	1.00658	2	0	0
5	150500001	0.951194	1.00658	2	0	0
5	151000001	1.05704	1.00658	2	0	0
5	151500001	1.05641	1.00658	2	0	0
5	152000001	1.00988	1.00658	2	0	0
5	152500001	0.993226	1.00658	2	0	0
5	153000001	0.964711	1.00658	2	0	0
5	153500001	1.00985	1.00658	2	0	0
5	154000001	1.00921	1.00658	2	0	0
5	154500001	0.875594	1.00658	2	0	0
5	155000001	1.00293	1.00658	2	0	0
5	155500001	0.924639	1.00658	2	0	0
5	156000001	0.901349	1.00658	2	0	0
5	156500001	0.939204	1.00658	2	0	0
5	157000001	0.930435	1.00658	2	0	0
5	157500001	0.934943	1.00658	2	0	0
5	158000001	0.964974	1.00658	2	0	0
5	158500001	1.01996	1.00658	2	0	0
5	159000001	1.02075	1.00658	2	0	0
5	159500001	1.00691	1.00658	2	0	0
5	160000001	0.979194	1.00658	2	0	0
5	160500001	0.980267	1.00658	2	0	0
5	161000001	0.967044	1.00658	2	0	0
5	161500001	0.941289	1.00658	2	0	0
5	162000001	0.94073	1.00658	2	0	0
5	162500001	0.976421	1.00658	2	0	0
5	163000001	0.988729	1.00658	2	0	0
5	163500001	0.973087	1.00658	2	0	0
5	164000001	0.94383	1.00658	2	0	0
5	164500001	1.00469	1.00658	2	0	0
5	165000001	0.976114	1.00658	2	0	0
5	165500001	0.937296	1.00658	2	0	0
5	166000001	0.961692	1.00658	2	0	0
5	166500001	1.00983	1.00658	2	0	0
5	167000001	0.995379	1.00658	2	0	0
5	167500001	1.01106	1.00658	2	0	0
5	168000001	0.971062	1.00658	2	0	0
5	168500001	0.955528	1.00658	2	0	0
5	169000001	0.969165	1.00658	2	0	0
5	169500001	0.979483	1.00658	2	0	0
5	170000001	1.0119	1.00658	2	0	0
5	170500001	0.96194	1.00658	2	0	0
5	171000001	0.957739	1.00658	2	0	0
5	171500001	1.0339	1.00658	2	0	0
5	172000001	0.990849	1.00658	2	0	0
5	172500001	1.016	1.00658	2	0	0
5	173000001	0.961592	1.00658	2	0	0
5	173500001	1.06274	1.00658	2	0	0
5	174000001	1.02622	1.00658	2	0	0
5	174500001	0.98991	1.00658	2	0	0
5	175000001	0.963186	1.00658	2	0	0
5	175500001	0.974768	1.00658	2	0	0
5	176000001	0.937038	1.00658	2	0	0
5	176500001	1.0154	1.00658	2	0	0
5	177000001	0.965297	1.00658	2	0	0
5	177500001	1.00558	1.00658	2	0	0
5	178000001	0.94208	1.00658	2	0	0
5	178500001	0.951995	1.00658	2	0	0
5	179000001	0.936059	1.00658	2	0	0
5	179500001	1.00395	1.00658	2	0	0
5	180000001	0.937095	1.00658	2	0	0
5	180500001	0.965209	1.00658	2	0	0
5	181000001	0.921442	1.00658	2	0	0
5	181500001	-1	-1	-1	0	0
6	1	1.97209	2.00684	4	0	0
6	500001	2.1376	2.00684	4	0	0
6	1000001	2.09477	2.00684	4	0	0
6	1500001	1.99394	2.00684	4	0	0
6	2000001	2.01245	2.00684	4	0	0
6	2500001	1.9356	2.00684	4	0	0
6	3000001	2.00938	2.00684	4	0	0
6	3500001	2.09981	2.00684	4	0	0
6	4000001	2.14855	2.00684	4	0	0
6	4500001	1.84865	2.00684	4	0	0
6	5000001	1.94728	2.00684	4	0	0
6	5500001	1.94172	2.00684	4	0	0
6	6000001	2.00015	2.00684	4	0	0
6	6500001	2.04206	2.00684	4	0	0
6	7000001	2.02766	2.00684	4	0	0
6	7500001	2.02969	2.00684	4	0	0
6	8000001	1.95398	2.00684	4	0	0
6	8500001	1.98945	2.00684	4	0	0
6	9000001	1.91311	2.00684	4	0	0
6	9500001	1.97655	2.00684	4	0	0
6	10000001	2.05026	2.00684	4	0	0
6	10500001	2.01224	2.00684	4	0	0
6	11000001	2.00684	2.00684	4	0	0
6	11500001	2.56875	2.56875	5	0	0
6	12000001	3.03394	3.05169	6	0	0
6	12500001	3.06944	3.05169	6	0	0
6	13000001	2.15684	1.98546	4	0	0
6	13500001	2.06225	1.98546	4	0	0
6	14000001	2.09609	1.98546	4	0	0
6	14500001	1.96343	1.98546	4	0	0
6	15000001	1.97028	1.98546	4	0	0
6	15500001	1.97515	1.98546	4	0	0
6	16000001	1.97489	1.98546	4	0	0
6	16500001	1.98527	1.98546	4	0	0
6	17000001	1.98566	1.98546	4	0	0
6	17500001	2.0701	1.98546	4	0	0
6	18000001	2.09006	1.98546	4	0	0
6	18500001	2.01792	1.98546	4	0	0
6	19000001	1.96554	1.98546	4	0	0
6	19500001	1.91127	1.98546	4	0	0
6	20000001	2.06098	1.98546	4	0	0
6	20500001	1.78644	1.98546	4	0	0
6	21000001	1.44806	1.46937	3	0	0
6	21500001	1.41024	1.46937	3	0	0
6	22000001	1.49145	1.46937	3	0	0
6	22500001	1.28395	1.46937	3	0	0
6	23000001	1.44051	1.46937	3	0	0
6	23500001	1.2689	1.46937	3	0	0
6	24000001	1.3515	1.46937	3	0	0
6	24500001	1.43151	1.46937	3	0	0
6	25000001	1.50565	1.46937	3	0	0
6	25500001	1.45721	1.46937	3	0	0
6	26000001	1.4694	1.46937	3	0	0
6	26500001	1.3315	1.46937	3	0	0
6	27000001	1.39501	1.46937	3	0	0
6	27500001	1.46934	1.46937	3	0	0
6	28000001	1.43668	1.46937	3	0	0
6	28500001	1.44152	1.46937	3	0	0
6	29000001	1.50557	1.46937	3	0	0
6	29500001	1.39809	1.46937	3	0	0
6	30000001	1.48176	1.46937	3	0	0
6	30500001	1.55456	1.46937	3	0	0
6	31000001	1.55782	1.46937	3	0	0
6	31500001	1.48539	1.46937	3	0	0
6	32000001	1.46449	1.46937	3	0	0
6	32500001	1.34681	1.46937	3	0	0
6	33000001	1.47669	1.46937	3	0	0
6	33500001	1.54721	1.46937	3	0	0
6	34000001	1.43646	1.46937	3	0	0
6	34500001	1.50611	1.46937	3	0	0
6	35000001	1.48599	1.46937	3	0	0
6	35500001	1.57217	1.46937	3	0	0
6	36000001	1.54084	1.46937	3	0	0
6	36500001	1.56661	1.46937	3	0	0
6	37000001	1.53667	1.46937	3	0	0
6	37500001	1.53293	1.46937	3	0	0
6	38000001	1.48288	1.46937	3	0	0
6	38500001	1.51379	1.46937	3	0	0
6	39000001	1.50831	1.46937	3	0	0
6	39500001	1.37794	1.46937	3	0	0
6	40000001	1.37196	1.46937	3	0	0
6	40500001	1.44419	1.46937	3	0	0
6	41000001	1.37826	1.46937	3	0	0
6	41500001	1.62426	1.46937	3	0	0
6	42000001	1.01935	1.02002	2	0	0
6	42500001	0.969833	1.02002	2	0	0
6	43000001	1.02939	1.02002	2	0	0
6	43500001	1.02069	1.02002	2	0	0
6	44000001	1.02972	1.02002	2	0	0
6	44500001	0.994223	1.02002	2	0	0
6	45000001	1.32679	1.5414	3	0	0
6	45500001	1.586	1.5414	3	0	0
6	46000001	1.45551	1.5414	3	0	0
6	46500001	1.60993	1.5414	3	0	0
6	47000001	1.65623	1.5414	3	0	0
6	47500001	1.57027	1.5414	3	0	0
6	48000001	1.53446	1.5414	3	0	0
6	48500001	1.51981	1.5414	3	0	0
6	49000001	1.50504	1.5414	3	0	0
6	49500001	1.51553	1.5414	3	0	0
6	50000001	1.47069	1.5414	3	0	0
6	50500001	1.412	1.5414	3	0	0
6	51000001	1.40063	1.5414	3	0	0
6	51500001	1.4079	1.5414	3	0	0
6	52000001	1.5414	1.5414	3	0	0
6	52500001	1.51878	1.5414	3	0	0
6	53000001	1.52036	1.5414	3	0	0
6	53500001	1.60135	1.5414	3	0	0
6	54000001	1.58499	1.5414	3	0	0
6	54500001	1.57688	1.5414	3	0	0
6	55000001	1.57294	1.5414	3	0	0
6	55500001	1.55244	1.5414	3	0	0
6	56000001	1.6059	1.5414	3	0	0
6	56500001	1.55297	1.5414	3	0	0
6	57000001	1.61665	1.5414	3	0	0
6	57500001	1.4853	1.5414	3	0	0
6	58000001	1.57754	1.5414	3	0	0
6	58500001	4.20708	4.19201	8	0	0
6	59000001	4.17695	4.19201	8	0	0
6	59500001	-1	-1	-1	0	0
6	60000001	-1	-1	-1	0	0
6	60500001	1.34295	1.34028	3	0	0
6	61000001	1.33761	1.34028	3	0	0
6	61500001	1.15167	1.34028	3	0	0
6	62000001	1.50094	1.34028	3	0	0
6	62500001	1.09629	1.00484	2	0	0
6	63000001	0.97071	1.00484	2	0	0
6	63500001	0.971951	1.00484	2	0	0
6	64000001	0.987405	1.00484	2	0	0
6	64500001	0.985701	1.00484	2	0	0
6	65000001	0.997442	1.00484	2	0	0
6	65500001	0.994899	1.00484	2	0	0
6	66000001	1.03613	1.00484	2	0	0
6	66500001	1.01499	1.00484	2	0	0
6	67000001	1.01355	1.00484	2	0	0
6	67500001	1.03474	1.00484	2	0	0
6	68000001	0.936769	1.00484	2	0	0
6	68500001	0.952882	1.00484	2	0	0
6	69000001	0.930864	1.00484	2	0	0
6	69500001	0.961599	1.00484	2	0	0
6	70000001	0.969789	1.00484	2	0	0
6	70500001	0.934155	1.00484	2	0	0
6	71000001	0.939823	1.00484	2	0	0
6	71500001	0.962352	1.00484	2	0	0
6	72000001	1.00594	1.00484	2	0	0
6	72500001	1.05463	1.00484	2	0	0
6	73000001	1.00901	1.00484	2	0	0
6	73500001	1.03489	1.00484	2	0	0
6	74000001	1.01931	1.00484	2	0	0
6	74500001	1.05317	1.00484	2	0	0
6	75000001	1.04784	1.00484	2	0	0
6	75500001	1.04447	1.00484	2	0	0
6	76000001	0.994473	1.00484	2	0	0
6	76500001	0.933332	1.00484	2	0	0
6	77000001	0.996652	1.00484	2	0	0
6	77500001	1.00656	1.00484	2	0	0
6	78000001	0.983339	1.00484	2	0	0
6	78500001	0.988355	1.00484	2	0	0
6	79000001	1.0773	1.00484	2	0	0
6	79500001	0.965675	1.00484	2	0	0
6	80000001	1.02628	1.00484	2	0	0
6	80500001	1.03627	1.00484	2	0	0
6	81000001	1.0103	1.00484	2	0	0
6	81500001	1.06172	1.00484	2	0	0
6	82000001	1.04088	1.00484	2	0	0
6	82500001	0.86351	1.00484	2	0	0
6	83000001	1.0562	1.00484	2	0	0
6	83500001	1.04273	1.00484	2	0	0
6	84000001	1.00778	1.00484	2	0	0
6	84500001	1.00113	1.00484	2	0	0
6	85000001	1.02065	1.00484	2	0	0
6	85500001	1.00843	1.00484	2	0	0
6	86000001	0.947138	1.00484	2	0	0
6	86500001	0.924348	1.00484	2	0	0
6	87000001	1.0075	1.00484	2	0	0
6	87500001	0.995822	1.00484	2	0	0
6	88000001	1.00028	1.00484	2	0	0
6	88500001	0.983116	1.00484	2	0	0
6	89000001	0.966566	1.00484	2	0	0
6	89500001	0.962906	1.00484	2	0	0
6	90000001	0.979848	1.00484	2	0	0
6	90500001	0.994034	1.00484	2	0	0
6	91000001	1.01501	1.00484	2	0	0
6	91500001	0.987898	1.00484	2	0	0
6	92000001	1.0078	1.00484	2	0	0
6	92500001	1.0055	1.00484	2	0	0
6	93000001	1.03037	1.00484	2	0	0
6	93500001	1.02263	1.00484	2	0	0
6	94000001	0.96829	1.00484	2	0	0
6	94500001	0.975663	1.00484	2	0	0
6	95000001	0.964323	1.00484	2	0	0
6	95500001	0.993715	1.00484	2	0	0
6	96000001	1.07339	1.00484	2	0	0
6	96500001	0.996442	1.00484	2	0	0
6	97000001	0.974807	1.00484	2	0	0
6	97500001	0.974152	1.00484	2	0	0
6	98000001	0.992258	1.00484	2	0	0
6	98500001	0.941896	1.00484	2	0	0
6	99000001	0.923238	1.00484	2	0	0
6	99500001	1.04785	1.00484	2	0	0
6	100000001	1.03727	1.00484	2	0	0
6	100500001	1.08673	1.00484	2	0	0
6	101000001	1.00962	1.00484	2	0	0
6	101500001	0.981865	1.00484	2	0	0
6	102000001	1.08359	1.00484	2	0	0
6	102500001	1.02117	1.00484	2	0	0
6	103000001	0.939974	1.00484	2	0	0
6	103500001	0.990738	1.00484	2	0	0
6	104000001	1.03225	1.00484	2	0	0
6	104500001	1.03467	1.00484	2	0	0
6	105000001	1.06521	1.00484	2	0	0
6	105500001	1.02364	1.00484	2	0	0
6	106000001	1.001	1.00484	2	0	0
6	106500001	1.0316	1.00484	2	0	0
6	107000001	0.949287	1.00484	2	0	0
6	107500001	0.943062	1.00484	2	0	0
6	108000001	0.997117	1.00484	2	0	0
6	108500001	1.05742	1.00484	2	0	0
6	109000001	1.03543	1.00484	2	0	0
6	109500001	0.993312	1.00484	2	0	0
6	110000001	1.00078	1.00484	2	0	0
6	110500001	0.998966	1.00484	2	0	0
6	111000001	0.99484	1.00484	2	0	0
6	111500001	1.04172	1.00484	2	0	0
6	112000001	1.03333	1.00484	2	0	0
6	112500001	1.00528	1.00484	2	0	0
6	113000001	1.09145	1.00484	2	0	0
6	113500001	1.00253	1.00484	2	0	0
6	114000001	1.01816	1.00484	2	0	0
6	114500001	0.946544	1.00484	2	0	0
6	115000001	0.942924	1.00484	2	0	0
6	115500001	0.961076	1.00484	2	0	0
6	116000001	0.995279	1.00484	2	0	0
6	116500001	1.00916	1.00484	2	0	0
6	117000001	1.02493	1.00484	2	0	0
6	117500001	0.975584	1.00484	2	0	0
6	118000001	0.971082	1.00484	2	0	0
6	118500001	0.985291	1.00484	2	0	0
6	119000001	0.960376	1.00484	2	0	0
6	119500001	0.970263	1.00484	2	0	0
6	120000001	0.949655	1.00484	2	0	0
6	120500001	1.06197	1.00484	2	0	0
6	121000001	1.04419	1.00484	2	0	0
6	121500001	0.998624	1.00484	2	0	0
6	122000001	1.05994	1.00484	2	0	0
6	122500001	1.04814	1.00484	2	0	0
6	123000001	1.04909	1.00484	2	0	0
6	123500001	0.908636	1.00484	2	0	0
6	124000001	1.01029	1.00484	2	0	0
6	124500001	0.992092	1.00484	2	0	0
6	125000001	1.31114	1.00484	2	0	0
6	125500001	1.53653	1.00484	2	0	0
6	126000001	1.02159	1.00484	2	0	0
6	126500001	0.986593	1.00484	2	0	0
6	127000001	0.987128	1.00484	2	0	0
6	127500001	1.03265	1.00484	2	0	0
6	128000001	1.06503	1.00484	2	0	0
6	128500001	1.10552	1.00484	2	0	0
6	129000001	1.51638	1.00484	2	0	0
6	129500001	1.2132	1.00484	2	0	0
6	130000001	0.973205	1.00484	2	0	0
6	130500001	0.98424	1.00484	2	0	0
6	131000001	0.920694	1.00484	2	0	0
6	131500001	0.953556	1.00484	2	0	0
6	132000001	0.976077	1.00484	2	0	0
6	132500001	0.993201	1.00484	2	0	0
6	133000001	1.05994	1.00484	2	0	0
6	133500001	1.0301	1.00484	2	0	0
6	134000001	1.03574	1.00484	2	0	0
6	134500001	0.992425	1.00484	2	0	0
6	135000001	1.02125	1.00484	2	0	0
6	135500001	0.983891	1.00484	2	0	0
6	136000001	1.04395	1.00484	2	0	0
6	136500001	1.0716	1.00484	2	0	0
6	137000001	1.0354	1.00484	2	0	0
6	137500001	1.04725	1.00484	2	0	0
6	138000001	1.06419	1.00484	2	0	0
6	138500001	1.02541	1.00484	2	0	0
6	139000001	1.04955	1.00484	2	0	0
6	139500001	1.00912	1.00484	2	0	0
6	140000001	1.08712	1.00484	2	0	0
6	140500001	1.06722	1.00484	2	0	0
6	141000001	1.01461	1.00484	2	0	0
6	141500001	1.04293	1.00484	2	0	0
6	142000001	1.05743	1.00484	2	0	0
6	142500001	1.03656	1.00484	2	0	0
6	143000001	1.05041	1.00484	2	0	0
6	143500001	0.984868	1.00484	2	0	0
6	144000001	0.951129	1.00484	2	0	0
6	144500001	1.02868	1.00484	2	0	0
6	145000001	1.02141	1.00484	2	0	0
6	145500001	1.03317	1.00484	2	0	0
6	146000001	1.0195	1.00484	2	0	0
6	146500001	0.98806	1.00484	2	0	0
6	147000001	1.04678	1.00484	2	0	0
6	147500001	0.999261	1.00484	2	0	0
6	148000001	0.99612	1.00484	2	0	0
6	148500001	1.01951	1.00484	2	0	0
6	149000001	1.00769	1.00484	2	0	0
6	149500001	1.02068	1.00484	2	0	0
6	150000001	1.03171	1.00484	2	0	0
6	150500001	1.04839	1.00484	2	0	0
6	151000001	1.00118	1.00484	2	0	0
6	151500001	0.994426	1.00484	2	0	0
6	152000001	0.984967	1.00484	2	0	0
6	152500001	1.03899	1.00484	2	0	0
6	153000001	1.06275	1.00484	2	0	0
6	153500001	0.978612	1.00484	2	0	0
6	154000001	1.01612	1.00484	2	0	0
6	154500001	0.992611	1.00484	2	0	0
6	155000001	1.006	1.00484	2	0	0
6	155500001	0.989912	1.00484	2	0	0
6	156000001	0.984863	1.00484	2	0	0
6	156500001	1.03328	1.00484	2	0	0
6	157000001	1.03169	1.00484	2	0	0
6	157500001	1.05503	1.00484	2	0	0
6	158000001	1.05539	1.00484	2	0	0
6	158500001	1.06176	1.00484	2	0	0
6	159000001	1.02253	1.00484	2	0	0
6	159500001	0.961134	1.00484	2	0	0
6	160000001	1.0044	1.00484	2	0	0
6	160500001	1.14185	1.00484	2	0	0
6	161000001	1.02283	1.00484	2	0	0
6	161500001	0.96603	1.00484	2	0	0
6	162000001	0.899947	1.00484	2	0	0
6	162500001	0.945401	1.00484	2	0	0
6	163000001	1.01558	1.00484	2	0	0
6	163500001	0.968872	1.00484	2	0	0
6	164000001	0.911635	1.00484	2	0	0
6	164500001	0.923221	1.00484	2	0	0
6	165000001	0.880947	1.00484	2	0	0
6	165500001	0.885354	1.00484	2	0	0
6	166000001	0.939128	1.00484	2	0	0
6	166500001	0.932414	1.00484	2	0	0
6	167000001	0.921282	1.00484	2	0	0
6	167500001	0.9524	1.00484	2	0	0
6	168000001	0.958352	1.00484	2	0	0
6	168500001	0.900562	1.00484	2	0	0
6	169000001	0.996465	1.00484	2	0	0
6	169500001	0.959229	1.00484	2	0	0
6	170000001	0.992538	1.00484	2	0	0
6	170500001	-1	-1	-1	0	0
7	1	2.04449	1.95204	4	0	0
7	500001	1.97043	1.95204	4	0	0
7	1000001	1.94638	1.95204	4	0	0
7	1500001	1.94178	1.95204	4	0	0
7	2000001	1.90528	1.95204	4	0	0
7	2500001	1.92584	1.95204	4	0	0
7	3000001	1.96538	1.95204	4	0	0
7	3500001	1.87801	1.95204	4	0	0
7	4000001	1.85737	1.95204	4	0	0
7	4500001	1.82955	1.95204	4	0	0
7	5000001	1.95645	1.95204	4	0	0
7	5500001	1.98722	1.95204	4	0	0
7	6000001	2.00324	1.95204	4	0	0
7	6500001	1.89573	1.95204	4	0	0
7	7000001	1.98886	1.95204	4	0	0
7	7500001	1.90124	1.95204	4	0	0
7	8000001	1.98329	1.95204	4	0	0
7	8500001	1.93388	1.95204	4	0	0
7	9000001	1.89503	1.95204	4	0	0
7	9500001	1.83158	1.95204	4	0	0
7	10000001	1.88829	1.95204	4	0	0
7	10500001	1.95204	1.95204	4	0	0
7	11000001	1.98686	1.95204	4	0	0
7	11500001	1.99684	1.95204	4	0	0
7	12000001	2.03581	1.95204	4	0	0
7	12500001	2.0162	1.95204	4	0	0
7	13000001	2.04187	1.95204	4	0	0
7	13500001	1.38436	1.51834	3	0	0
7	14000001	1.47051	1.51834	3	0	0
7	14500001	1.44519	1.51834	3	0	0
7	15000001	1.4915	1.51834	3	0	0
7	15500001	1.49342	1.51834	3	0	0
7	16000001	1.61218	1.51834	3	0	0
7	16500001	1.55073	1.51834	3	0	0
7	17000001	1.69298	1.51834	3	0	0
7	17500001	1.6404	1.51834	3	0	0
7	18000001	1.55376	1.51834	3	0	0
7	18500001	1.50024	1.51834	3	0	0
7	19000001	1.48916	1.51834	3	0	0
7	19500001	1.56798	1.51834	3	0	0
7	20000001	1.6778	1.51834	3	0	0
7	20500001	1.53025	1.51834	3	0	0
7	21000001	1.4989	1.51834	3	0	0
7	21500001	1.51604	1.51834	3	0	0
7	22000001	1.53204	1.51834	3	0	0
7	22500001	1.53546	1.51834	3	0	0
7	23000001	1.58268	1.51834	3	0	0
7	23500001	1.51997	1.51834	3	0	0
7	24000001	1.4514	1.51834	3	0	0
7	24500001	1.48997	1.51834	3	0	0
7	25000001	1.51834	1.51834	3	0	0
7	25500001	1.47031	1.51834	3	0	0
7	26000001	1.48381	1.51834	3	0	0
7	26500001	1.51942	1.51834	3	0	0
7	27000001	1.54178	1.51834	3	0	0
7	27500001	1.38337	1.51834	3	0	0
7	28000001	0.98415	0.973559	2	0	0
7	28500001	0.992989	0.973559	2	0	0
7	29000001	0.95677	0.973559	2	0	0
7	29500001	1.04363	0.973559	2	0	0
7	30000001	1.01475	0.973559	2	0	0
7	30500001	1.0365	0.973559	2	0	0
7	31000001	0.935633	0.973559	2	0	0
7	31500001	0.965908	0.973559	2	0	0
7	32000001	0.939672	0.973559	2	0	0
7	32500001	0.967825	0.973559	2	0	0
7	33000001	1.0155	0.973559	2	0	0
7	33500001	0.964226	0.973559	2	0	0
7	34000001	0.978167	0.973559	2	0	0
7	34500001	0.965117	0.973559	2	0	0
7	35000001	0.969799	0.973559	2	0	0
7	35500001	0.997746	0.973559	2	0	0
7	36000001	1.027	0.973559	2	0	0
7	36500001	0.99761	0.973559	2	0	0
7	37000001	1.03036	0.973559	2	0	0
7	37500001	0.933096	0.973559	2	0	0
7	38000001	0.982614	0.973559	2	0	0
7	38500001	0.930107	0.973559	2	0	0
7	39000001	0.963806	0.973559	2	0	0
7	39500001	1.01583	0.973559	2	0	0
7	40000001	0.998033	0.973559	2	0	0
7	40500001	1.04562	0.973559	2	0	0
7	41000001	0.962337	0.973559	2	0	0
7	41500001	1.01542	0.973559	2	0	0
7	42000001	0.972985	0.973559	2	0	0
7	42500001	1.01833	0.973559	2	0	0
7	43000001	1.026	0.973559	2	0	0
7	43500001	1.01234	0.973559	2	0	0
7	44000001	0.971141	0.973559	2	0	0
7	44500001	1.06195	0.973559	2	0	0
7	45000001	1.00433	0.973559	2	0	0
7	45500001	0.960139	0.973559	2	0	0
7	46000001	1.04293	0.973559	2	0	0
7	46500001	1.06172	0.973559	2	0	0
7	47000001	1.02577	0.973559	2	0	0
7	47500001	1.02465	0.973559	2	0	0
7	48000001	0.974133	0.973559	2	0	0
7	48500001	0.942914	0.973559	2	0	0
7	49000001	0.925833	0.973559	2	0	0
7	49500001	0.898962	0.973559	2	0	0
7	50000001	0.900041	0.973559	2	0	0
7	50500001	0.93336	0.973559	2	0	0
7	51000001	0.884012	0.973559	2	0	0
7	51500001	0.929383	0.973559	2	0	0
7	52000001	0.907283	0.973559	2	0	0
7	52500001	0.958774	0.973559	2	0	0
7	53000001	0.964963	0.973559	2	0	0
7	53500001	0.994061	0.973559	2	0	0
7	54000001	0.957568	0.973559	2	0	0
7	54500001	0.998344	0.973559	2	0	0
7	55000001	1.02233	0.973559	2	0	0
7	55500001	0.946196	0.973559	2	0	0
7	56000001	0.987989	0.973559	2	0	0
7	56500001	0.858868	0.973559	2	0	0
7	57000001	0.852951	0.973559	2	0	0
7	57500001	0.950378	0.973559	2	0	0
7	58000001	1.50469	1.50469	3	0	0
7	58500001	1.1373	1.02896	2	0	0
7	59000001	1.02896	1.02896	2	0	0
7	59500001	1.00534	1.02896	2	0	0
7	60000001	1.00077	1.02896	2	0	0
7	60500001	1.53154	1.02896	2	0	0
7	61000001	0.995019	1.00992	2	0	0
7	61500001	-1	1.00992	2	0	0
7	62000001	1.07806	1.00992	2	0	0
7	62500001	1.00013	1.00992	2	0	0
7	63000001	0.855097	1.00992	2	0	0
7	63500001	0.911459	1.00992	2	0	0
7	64000001	0.925643	1.00992	2	0	0
7	64500001	0.942963	1.00992	2	0	0
7	65000001	0.919546	1.00992	2	0	0
7	65500001	1.02222	1.00992	2	0	0
7	66000001	0.993752	1.00992	2	0	0
7	66500001	0.988598	1.00992	2	0	0
7	67000001	0.964513	1.00992	2	0	0
7	67500001	0.903262	1.00992	2	0	0
7	68000001	0.853279	1.00992	2	0	0
7	68500001	0.852333	1.00992	2	0	0
7	69000001	0.90158	1.00992	2	0	0
7	69500001	0.886539	1.00992	2	0	0
7	70000001	1.01681	1.00992	2	0	0
7	70500001	0.951806	1.00992	2	0	0
7	71000001	0.927093	1.00992	2	0	0
7	71500001	0.90298	1.00992	2	0	0
7	72000001	0.897589	1.00992	2	0	0
7	72500001	0.979723	1.00992	2	0	0
7	73000001	0.974912	1.00992	2	0	0
7	73500001	0.953555	1.00992	2	0	0
7	74000001	0.993512	1.00992	2	0	0
7	74500001	1.01836	1.00992	2	0	0
7	75000001	0.981084	1.00992	2	0	0
7	75500001	0.974065	1.00992	2	0	0
7	76000001	0.994442	1.00992	2	0	0
7	76500001	1.02195	1.00992	2	0	0
7	77000001	0.983004	1.00992	2	0	0
7	77500001	0.96981	1.00992	2	0	0
7	78000001	1.02752	1.00992	2	0	0
7	78500001	1.04393	1.00992	2	0	0
7	79000001	1.03543	1.00992	2	0	0
7	79500001	1.03567	1.00992	2	0	0
7	80000001	1.04028	1.00992	2	0	0
7	80500001	1.10067	1.00992	2	0	0
7	81000001	1.07905	1.00992	2	0	0
7	81500001	1.06337	1.00992	2	0	0
7	82000001	1.04772	1.00992	2	0	0
7	82500001	0.971004	1.00992	2	0	0
7	83000001	0.969411	1.00992	2	0	0
7	83500001	1.02805	1.00992	2	0	0
7	84000001	1.03323	1.00992	2	0	0
7	84500001	1.05817	1.00992	2	0	0
7	85000001	1.04999	1.00992	2	0	0
7	85500001	1.02195	1.00992	2	0	0
7	86000001	0.954221	1.00992	2	0	0
7	86500001	0.956696	1.00992	2	0	0
7	87000001	0.965902	1.00992	2	0	0
7	87500001	1.0456	1.00992	2	0	0
7	88000001	1.00241	1.00992	2	0	0
7	88500001	0.911781	1.00992	2	0	0
7	89000001	0.999376	1.00992	2	0	0
7	89500001	1.00653	1.00992	2	0	0
7	90000001	1.01594	1.00992	2	0	0
7	90500001	1.02702	1.00992	2	0	0
7	91000001	1.0981	1.00992	2	0	0
7	91500001	1.0446	1.00992	2	0	0
7	92000001	1.07547	1.00992	2	0	0
7	92500001	1.04042	1.00992	2	0	0
7	93000001	1.05425	1.00992	2	0	0
7	93500001	1.04147	1.00992	2	0	0
7	94000001	1.01825	1.00992	2	0	0
7	94500001	0.972957	1.00992	2	0	0
7	95000001	0.996677	1.00992	2	0	0
7	95500001	1.01308	1.00992	2	0	0
7	96000001	1.01007	1.00992	2	0	0
7	96500001	1.02702	1.00992	2	0	0
7	97000001	0.958692	1.00992	2	0	0
7	97500001	0.991106	1.00992	2	0	0
7	98000001	0.969622	1.00992	2	0	0
7	98500001	0.969109	1.00992	2	0	0
7	99000001	0.998355	1.00992	2	0	0
7	99500001	1.01905	1.00992	2	0	0
7	100000001	1.04822	1.00992	2	0	0
7	100500001	1.07297	1.00992	2	0	0
7	101000001	0.971569	1.00992	2	0	0
7	101500001	1.04275	1.00992	2	0	0
7	102000001	1.10675	1.00992	2	0	0
7	102500001	1.60365	1.00992	2	0	0
7	103000001	0.998346	1.00992	2	0	0
7	103500001	1.04493	1.00992	2	0	0
7	104000001	1.02412	1.00992	2	0	0
7	104500001	1.10714	1.00992	2	0	0
7	105000001	1.0012	1.00992	2	0	0
7	105500001	1.03333	1.00992	2	0	0
7	106000001	1.03892	1.00992	2	0	0
7	106500001	1.04494	1.00992	2	0	0
7	107000001	0.970647	1.00992	2	0	0
7	107500001	0.982169	1.00992	2	0	0
7	108000001	1.03324	1.00992	2	0	0
7	108500001	0.989529	1.00992	2	0	0
7	109000001	1.06291	1.00992	2	0	0
7	109500001	1.03969	1.00992	2	0	0
7	110000001	1.03179	1.00992	2	0	0
7	110500001	1.02854	1.00992	2	0	0
7	111000001	0.729822	1.00992	2	0	0
7	111500001	0.660489	1.00992	2	0	0
7	112000001	1.04535	1.00992	2	0	0
7	112500001	1.03567	1.00992	2	0	0
7	113000001	0.952007	1.00992	2	0	0
7	113500001	1.02558	1.00992	2	0	0
7	114000001	1.03782	1.00992	2	0	0
7	114500001	1.03369	1.00992	2	0	0
7	115000001	1.07967	1.00992	2	0	0
7	115500001	1.07221	1.00992	2	0	0
7	116000001	1.10285	1.00992	2	0	0
7	116500001	1.08276	1.00992	2	0	0
7	117000001	1.08306	1.00992	2	0	0
7	117500001	1.04272	1.00992	2	0	0
7	118000001	0.99325	1.00992	2	0	0
7	118500001	0.982986	1.00992	2	0	0
7	119000001	0.986729	1.00992	2	0	0
7	119500001	1.06439	1.00992	2	0	0
7	120000001	0.971115	1.00992	2	0	0
7	120500001	1.06058	1.00992	2	0	0
7	121000001	1.02138	1.00992	2	0	0
7	121500001	1.02538	1.00992	2	0	0
7	122000001	1.02042	1.00992	2	0	0
7	122500001	0.994868	1.00992	2	0	0
7	123000001	1.01669	1.00992	2	0	0
7	123500001	1.04393	1.00992	2	0	0
7	124000001	1.00322	1.00992	2	0	0
7	124500001	0.988883	1.00992	2	0	0
7	125000001	1.01817	1.00992	2	0	0
7	125500001	0.980129	1.00992	2	0	0
7	126000001	1.04094	1.00992	2	0	0
7	126500001	0.93755	1.00992	2	0	0
7	127000001	0.927813	1.00992	2	0	0
7	127500001	1.02252	1.00992	2	0	0
7	128000001	1.00992	1.00992	2	0	0
7	128500001	1.00026	1.00992	2	0	0
7	129000001	1.04954	1.00992	2	0	0
7	129500001	1.00457	1.00992	2	0	0
7	130000001	1.02665	1.00992	2	0	0
7	130500001	1.01128	1.00992	2	0	0
7	131000001	1.0503	1.00992	2	0	0
7	131500001	1.00434	1.00992	2	0	0
7	132000001	0.95474	1.00992	2	0	0
7	132500001	0.954552	1.00992	2	0	0
7	133000001	1.01995	1.00992	2	0	0
7	133500001	1.02259	1.00992	2	0	0
7	134000001	0.972856	1.00992	2	0	0
7	134500001	1.11823	1.00992	2	0	0
7	135000001	0.945507	1.00992	2	0	0
7	135500001	1.01081	1.00992	2	0	0
7	136000001	1.02636	1.00992	2	0	0
7	136500001	0.953563	1.00992	2	0	0
7	137000001	0.948344	1.00992	2	0	0
7	137500001	0.946566	1.00992	2	0	0
7	138000001	0.931713	1.00992	2	0	0
7	138500001	0.968885	1.00992	2	0	0
7	139000001	0.959329	1.00992	2	0	0
7	139500001	1.02285	1.00992	2	0	0
7	140000001	1.00874	1.00992	2	0	0
7	140500001	0.980925	1.00992	2	0	0
7	141000001	0.920536	1.00992	2	0	0
7	141500001	0.984967	1.00992	2	0	0
7	142000001	0.502924	0.492067	1	0	0
7	142500001	0.527146	0.492067	1	0	0
7	143000001	0.477016	0.492067	1	0	0
7	143500001	0.489007	0.492067	1	0	0
7	144000001	0.684626	0.492067	1	0	0
7	144500001	0.480466	0.492067	1	0	0
7	145000001	0.486204	0.492067	1	0	0
7	145500001	0.491732	0.492067	1	0	0
7	146000001	0.462719	0.492067	1	0	0
7	146500001	0.455872	0.492067	1	0	0
7	147000001	0.495598	0.492067	1	0	0
7	147500001	0.494201	0.492067	1	0	0
7	148000001	0.522305	0.492067	1	0	0
7	148500001	0.492067	0.492067	1	0	0
7	149000001	0.512751	0.492067	1	0	0
7	149500001	0.470088	0.492067	1	0	0
7	150000001	0.468638	0.492067	1	0	0
7	150500001	0.469685	0.492067	1	0	0
7	151000001	0.507154	0.492067	1	0	0
7	151500001	0.503116	0.492067	1	0	0
7	152000001	0.570841	0.492067	1	0	0
7	152500001	0.475298	0.492067	1	0	0
7	153000001	0.498366	0.492067	1	0	0
7	153500001	0.485542	0.492067	1	0	0
7	154000001	0.614237	0.492067	1	0	0
7	154500001	0.910989	0.920071	2	0	0
7	155000001	0.920071	0.920071	2	0	0
7	155500001	0.968258	0.920071	2	0	0
7	156000001	0.67369	0.488606	1	0	0
7	156500001	0.539649	0.488606	1	0	0
7	157000001	0.500939	0.488606	1	0	0
7	157500001	0.488606	0.488606	1	0	0
7	158000001	0.448079	0.488606	1	0	0
7	158500001	0.484608	0.488606	1	0	0
7	159000001	0.318272	0.488606	1	0	0
8	1	0.85851	0.93775	2	0	0
8	500001	0.903627	0.93775	2	0	0
8	1000001	0.834495	0.93775	2	0	0
8	1500001	0.949369	0.93775	2	0	0
8	2000001	0.938234	0.93775	2	0	0
8	2500001	0.962781	0.93775	2	0	0
8	3000001	0.937266	0.93775	2	0	0
8	3500001	0.901763	0.93775	2	0	0
8	4000001	0.883905	0.93775	2	0	0
8	4500001	0.914256	0.93775	2	0	0
8	5000001	0.902925	0.93775	2	0	0
8	5500001	0.951361	0.93775	2	0	0
8	6000001	0.960238	0.93775	2	0	0
8	6500001	1.00238	0.93775	2	0	0
8	7000001	0.751011	0.93775	2	0	0
8	7500001	0.647104	0.93775	2	0	0
8	8000001	0.629966	0.93775	2	0	0
8	8500001	1.06609	0.93775	2	0	0
8	9000001	0.955055	0.93775	2	0	0
8	9500001	1.00966	0.93775	2	0	0
8	10000001	1.0217	0.93775	2	0	0
8	10500001	1.07054	0.93775	2	0	0
8	11000001	1.02511	0.93775	2	0	0
8	11500001	1.07759	0.93775	2	0	0
8	12000001	0.754446	0.93775	2	0	0
8	12500001	0.763399	0.93775	2	0	0
8	13000001	0.511073	0.510594	1	0	0
8	13500001	0.534238	0.510594	1	0	0
8	14000001	0.837314	0.510594	1	0	0
8	14500001	0.468136	0.510594	1	0	0
8	15000001	0.456906	0.510594	1	0	0
8	15500001	0.516951	0.510594	1	0	0
8	16000001	0.514975	0.510594	1	0	0
8	16500001	0.527905	0.510594	1	0	0
8	17000001	0.516327	0.510594	1	0	0
8	17500001	0.537146	0.510594	1	0	0
8	18000001	0.535753	0.510594	1	0	0
8	18500001	0.513264	0.510594	1	0	0
8	19000001	0.554272	0.510594	1	0	0
8	19500001	0.474588	0.510594	1	0	0
8	20000001	0.469379	0.510594	1	0	0
8	20500001	0.48473	0.510594	1	0	0
8	21000001	0.477754	0.510594	1	0	0
8	21500001	0.508016	0.510594	1	0	0
8	22000001	0.478523	0.510594	1	0	0
8	22500001	0.490129	0.510594	1	0	0
8	23000001	0.475405	0.510594	1	0	0
8	23500001	0.502794	0.510594	1	0	0
8	24000001	0.498326	0.510594	1	0	0
8	24500001	0.53515	0.510594	1	0	0
8	25000001	0.480948	0.510594	1	0	0
8	25500001	0.510594	0.510594	1	0	0
8	26000001	0.51042	0.510594	1	0	0
8	26500001	0.522506	0.510594	1	0	0
8	27000001	0.50739	0.510594	1	0	0
8	27500001	0.549384	0.510594	1	0	0
8	28000001	0.541428	0.510594	1	0	0
8	28500001	0.521907	0.510594	1	0	0
8	29000001	0.497362	0.510594	1	0	0
8	29500001	0.554088	0.510594	1	0	0
8	30000001	0.526673	0.510594	1	0	0
8	30500001	0.468641	0.510594	1	0	0
8	31000001	0.487055	0.510594	1	0	0
8	31500001	1.04155	0.988223	2	0	0
8	32000001	1.06459	0.988223	2	0	0
8	32500001	1.0409	0.988223	2	0	0
8	33000001	0.991862	0.988223	2	0	0
8	33500001	0.993869	0.988223	2	0	0
8	34000001	0.883656	0.988223	2	0	0
8	34500001	0.96151	0.988223	2	0	0
8	35000001	0.977396	0.988223	2	0	0
8	35500001	0.958353	0.988223	2	0	0
8	36000001	1.00077	0.988223	2	0	0
8	36500001	1.06518	0.988223	2	0	0
8	37000001	1.04678	0.988223	2	0	0
8	37500001	1.0066	0.988223	2	0	0
8	38000001	0.994962	0.988223	2	0	0
8	38500001	1.02393	0.988223	2	0	0
8	39000001	1.09623	0.988223	2	0	0
8	39500001	1.03969	0.988223	2	0	0
8	40000001	1.04589	0.988223	2	0	0
8	40500001	1.02391	0.988223	2	0	0
8	41000001	1.00884	0.988223	2	0	0
8	41500001	0.955404	0.988223	2	0	0
8	42000001	1.02371	0.988223	2	0	0
8	42500001	0.974048	0.988223	2	0	0
8	43000001	0.974922	0.988223	2	0	0
8	43500001	0.965359	0.988223	2	0	0
8	44000001	1.13709	0.988223	2	0	0
8	44500001	1.14761	0.988223	2	0	0
8	45000001	0.984996	0.988223	2	0	0
8	45500001	0.988402	0.988223	2	0	0
8	46000001	0.966195	0.988223	2	0	0
8	46500001	0.967324	0.988223	2	0	0
8	47000001	0.965502	0.988223	2	0	0
8	47500001	0.934839	0.988223	2	0	0
8	48000001	1.02311	0.988223	2	0	0
8	48500001	1.01782	0.988223	2	0	0
8	49000001	1.01959	0.988223	2	0	0
8	49500001	0.988106	0.988223	2	0	0
8	50000001	0.982467	0.988223	2	0	0
8	50500001	1.00142	0.988223	2	0	0
8	51000001	0.957994	0.988223	2	0	0
8	51500001	0.973473	0.988223	2	0	0
8	52000001	0.939281	0.988223	2	0	0
8	52500001	1.00783	0.988223	2	0	0
8	53000001	0.979124	0.988223	2	0	0
8	53500001	1.02701	0.988223	2	0	0
8	54000001	1.04191	0.988223	2	0	0
8	54500001	1.0099	0.988223	2	0	0
8	55000001	0.947927	0.988223	2	0	0
8	55500001	0.963542	0.988223	2	0	0
8	56000001	0.92549	0.988223	2	0	0
8	56500001	0.986303	0.988223	2	0	0
8	57000001	0.957579	0.988223	2	0	0
8	57500001	0.907246	0.988223	2	0	0
8	58000001	1.01834	0.988223	2	0	0
8	58500001	1.03784	0.988223	2	0	0
8	59000001	1.02936	0.988223	2	0	0
8	59500001	0.987069	0.988223	2	0	0
8	60000001	1.07544	0.988223	2	0	0
8	60500001	0.988339	0.988223	2	0	0
8	61000001	1.04408	0.988223	2	0	0
8	61500001	1.07709	0.988223	2	0	0
8	62000001	0.965039	0.988223	2	0	0
8	62500001	0.983042	0.988223	2	0	0
8	63000001	0.920365	0.988223	2	0	0
8	63500001	0.919964	0.988223	2	0	0
8	64000001	0.946927	0.988223	2	0	0
8	64500001	0.982609	0.988223	2	0	0
8	65000001	0.946232	0.988223	2	0	0
8	65500001	1.01134	0.988223	2	0	0
8	66000001	1.05733	0.988223	2	0	0
8	66500001	0.961713	0.988223	2	0	0
8	67000001	0.974437	0.988223	2	0	0
8	67500001	0.943517	0.988223	2	0	0
8	68000001	0.967379	0.988223	2	0	0
8	68500001	0.924727	0.988223	2	0	0
8	69000001	0.943615	0.988223	2	0	0
8	69500001	0.946151	0.988223	2	0	0
8	70000001	0.93076	0.988223	2	0	0
8	70500001	1.00805	0.988223	2	0	0
8	71000001	0.956857	0.988223	2	0	0
8	71500001	0.935143	0.988223	2	0	0
8	72000001	0.982783	0.988223	2	0	0
8	72500001	0.981717	0.988223	2	0	0
8	73000001	1.03461	0.988223	2	0	0
8	73500001	1.00779	0.988223	2	0	0
8	74000001	1.04112	0.988223	2	0	0
8	74500001	0.943013	0.988223	2	0	0
8	75000001	0.994012	0.988223	2	0	0
8	75500001	1.00482	0.988223	2	0	0
8	76000001	0.997071	0.988223	2	0	0
8	76500001	1.02212	0.988223	2	0	0
8	77000001	1.00908	0.988223	2	0	0
8	77500001	1.01167	0.988223	2	0	0
8	78000001	1.06468	0.988223	2	0	0
8	78500001	1.05347	0.988223	2	0	0
8	79000001	1.07613	0.988223	2	0	0
8	79500001	1.02681	0.988223	2	0	0
8	80000001	0.96891	0.988223	2	0	0
8	80500001	1.03407	0.988223	2	0	0
8	81000001	1.07822	0.988223	2	0	0
8	81500001	1.0459	0.988223	2	0	0
8	82000001	0.959467	0.988223	2	0	0
8	82500001	0.963288	0.988223	2	0	0
8	83000001	0.933291	0.988223	2	0	0
8	83500001	0.969848	0.988223	2	0	0
8	84000001	0.931288	0.988223	2	0	0
8	84500001	0.981475	0.988223	2	0	0
8	85000001	0.905914	0.988223	2	0	0
8	85500001	2.5509	2.5509	5	0	0
8	86000001	0.924907	0.983715	2	0	0
8	86500001	0.981196	0.983715	2	0	0
8	87000001	0.938599	0.983715	2	0	0
8	87500001	0.944824	0.983715	2	0	0
8	88000001	0.966381	0.983715	2	0	0
8	88500001	1.03779	0.983715	2	0	0
8	89000001	1.02669	0.983715	2	0	0
8	89500001	1.05763	0.983715	2	0	0
8	90000001	1.02831	0.983715	2	0	0
8	90500001	1.03764	0.983715	2	0	0
8	91000001	0.986234	0.983715	2	0	0
8	91500001	0.965477	0.983715	2	0	0
8	92000001	0.914282	0.983715	2	0	0
8	92500001	0.978613	0.983715	2	0	0
8	93000001	0.937114	0.983715	2	0	0
8	93500001	1.01448	0.983715	2	0	0
8	94000001	1.04353	0.983715	2	0	0
8	94500001	0.948634	0.983715	2	0	0
8	95000001	1.05613	0.983715	2	0	0
8	95500001	1.02217	0.983715	2	0	0
8	96000001	1.184	1.184	2	0	0
8	96500001	1.42218	1.184	2	0	0
8	97000001	1.44628	1.184	2	0	0
8	97500001	1.17564	1.184	2	0	0
8	98000001	1.00454	1.184	2	0	0
8	98500001	1.08002	1.184	2	0	0
8	99000001	1.24003	1.184	2	0	0
8	99500001	1.54518	1.51075	3	0	0
8	100000001	1.70101	1.51075	3	0	0
8	100500001	1.50276	1.51075	3	0	0
8	101000001	1.51857	1.51075	3	0	0
8	101500001	1.54907	1.51075	3	0	0
8	102000001	1.51075	1.51075	3	0	0
8	102500001	1.52058	1.51075	3	0	0
8	103000001	1.48552	1.51075	3	0	0
8	103500001	1.44254	1.51075	3	0	0
8	104000001	1.38023	1.51075	3	0	0
8	104500001	1.4612	1.51075	3	0	0
8	105000001	1.83349	1.88776	4	0	0
8	105500001	1.98218	1.88776	4	0	0
8	106000001	2.01323	1.88776	4	0	0
8	106500001	2.05347	1.88776	4	0	0
8	107000001	1.94978	1.88776	4	0	0
8	107500001	1.94653	1.88776	4	0	0
8	108000001	1.8408	1.88776	4	0	0
8	108500001	1.88326	1.88776	4	0	0
8	109000001	1.90362	1.88776	4	0	0
8	109500001	1.98903	1.88776	4	0	0
8	110000001	1.85871	1.88776	4	0	0
8	110500001	1.88776	1.88776	4	0	0
8	111000001	1.84444	1.88776	4	0	0
8	111500001	1.78556	1.88776	4	0	0
8	112000001	1.87934	1.88776	4	0	0
8	112500001	1.83817	1.88776	4	0	0
8	113000001	1.87636	1.88776	4	0	0
8	113500001	1.82298	1.88776	4	0	0
8	114000001	1.88779	1.88776	4	0	0
8	114500001	1.92617	1.88776	4	0	0
8	115000001	2.01545	1.88776	4	0	0
8	115500001	2.71946	2.55137	5	0	0
8	116000001	2.51448	2.55137	5	0	0
8	116500001	2.45953	2.55137	5	0	0
8	117000001	2.47885	2.55137	5	0	0
8	117500001	2.58329	2.55137	5	0	0
8	118000001	2.58132	2.55137	5	0	0
8	118500001	2.52142	2.55137	5	0	0
8	119000001	2.78903	2.55137	5	0	0
8	119500001	3.65938	3.65938	7	0	0
8	120000001	3.71479	3.65938	7	0	0
8	120500001	3.35456	3.65938	7	0	0
8	121000001	2.55206	2.48997	5	0	0
8	121500001	2.57622	2.48997	5	0	0
8	122000001	2.50567	2.48997	5	0	0
8	122500001	2.59348	2.48997	5	0	0
8	123000001	2.53886	2.48997	5	0	0
8	123500001	2.54383	2.48997	5	0	0
8	124000001	2.46567	2.48997	5	0	0
8	124500001	2.5596	2.48997	5	0	0
8	125000001	2.5919	2.48997	5	0	0
8	125500001	2.48997	2.48997	5	0	0
8	126000001	2.55954	2.48997	5	0	0
8	126500001	2.49608	2.48997	5	0	0
8	127000001	2.69692	2.48997	5	0	0
8	127500001	2.62247	2.48997	5	0	0
8	128000001	2.51752	2.48997	5	0	0
8	128500001	2.46272	2.48997	5	0	0
8	129000001	2.46798	2.48997	5	0	0
8	129500001	2.61283	2.48997	5	0	0
8	130000001	2.62643	2.48997	5	0	0
8	130500001	2.57876	2.48997	5	0	0
8	131000001	2.48116	2.48997	5	0	0
8	131500001	2.32343	2.48997	5	0	0
8	132000001	2.35297	2.48997	5	0	0
8	132500001	2.44549	2.48997	5	0	0
8	133000001	2.56734	2.48997	5	0	0
8	133500001	2.50859	2.48997	5	0	0
8	134000001	2.37847	2.48997	5	0	0
8	134500001	2.39811	2.48997	5	0	0
8	135000001	2.26501	2.48997	5	0	0
8	135500001	2.27989	2.48997	5	0	0
8	136000001	2.28293	2.48997	5	0	0
8	136500001	2.33689	2.48997	5	0	0
8	137000001	2.35151	2.48997	5	0	0
8	137500001	2.20946	2.48997	5	0	0
8	138000001	2.22243	2.48997	5	0	0
8	138500001	2.21296	2.48997	5	0	0
8	139000001	2.37576	2.48997	5	0	0
8	139500001	2.38963	2.48997	5	0	0
8	140000001	2.77336	2.48997	5	0	0
8	140500001	2.79096	2.48997	5	0	0
8	141000001	2.33654	2.48997	5	0	0
8	141500001	1.96043	1.96043	4	0	0
8	142000001	1.8698	1.96043	4	0	0
8	142500001	1.94888	1.96043	4	0	0
8	143000001	2.00569	1.96043	4	0	0
8	143500001	2.01876	1.96043	4	0	0
8	144000001	1.96393	1.96043	4	0	0
8	144500001	1.93833	1.96043	4	0	0
8	145000001	-1	-1	-1	0	0
9	1	0.606164	0.490607	1	0	0
9	500001	0.464354	0.490607	1	0	0
9	1000001	0.474616	0.490607	1	0	0
9	1500001	0.453535	0.490607	1	0	0
9	2000001	0.493578	0.490607	1	0	0
9	2500001	0.490474	0.490607	1	0	0
9	3000001	0.466325	0.490607	1	0	0
9	3500001	0.480096	0.490607	1	0	0
9	4000001	0.526265	0.490607	1	0	0
9	4500001	0.507453	0.490607	1	0	0
9	5000001	0.499183	0.490607	1	0	0
9	5500001	0.536655	0.490607	1	0	0
9	6000001	0.548281	0.490607	1	0	0
9	6500001	0.500882	0.490607	1	0	0
9	7000001	0.483898	0.490607	1	0	0
9	7500001	0.466363	0.490607	1	0	0
9	8000001	0.418982	0.490607	1	0	0
9	8500001	0.470506	0.490607	1	0	0
9	9000001	0.471576	0.490607	1	0	0
9	9500001	0.496828	0.490607	1	0	0
9	10000001	0.496819	0.490607	1	0	0
9	10500001	0.460902	0.490607	1	0	0
9	11000001	0.506446	0.490607	1	0	0
9	11500001	0.468192	0.490607	1	0	0
9	12000001	0.513553	0.490607	1	0	0
9	12500001	0.568453	0.490607	1	0	0
9	13000001	0.490739	0.490607	1	0	0
9	13500001	0.478805	0.490607	1	0	0
9	14000001	0.488559	0.490607	1	0	0
9	14500001	0.542187	0.490607	1	0	0
9	15000001	0.520729	0.490607	1	0	0
9	15500001	0.491832	0.490607	1	0	0
9	16000001	0.454012	0.490607	1	0	0
9	16500001	0.452816	0.490607	1	0	0
9	17000001	0.394435	0.273023	1	0	0
9	17500001	0.151611	0.273023	1	0	0
9	18000001	0.4622	0.497552	1	0	0
9	18500001	0.473175	0.497552	1	0	0
9	19000001	0.489125	0.497552	1	0	0
9	19500001	0.489891	0.497552	1	0	0
9	20000001	0.554548	0.497552	1	0	0
9	20500001	0.498789	0.497552	1	0	0
9	21000001	0.515144	0.497552	1	0	0
9	21500001	0.417612	0.497552	1	0	0
9	22000001	0.428785	0.497552	1	0	0
9	22500001	0.544947	0.497552	1	0	0
9	23000001	0.509466	0.497552	1	0	0
9	23500001	0.497552	0.497552	1	0	0
9	24000001	0.530494	0.497552	1	0	0
9	24500001	0.457639	0.497552	1	0	0
9	25000001	0.508685	0.497552	1	0	0
9	25500001	0.502134	0.497552	1	0	0
9	26000001	0.49568	0.497552	1	0	0
9	26500001	0.495862	0.497552	1	0	0
9	27000001	0.487557	0.497552	1	0	0
9	27500001	0.512468	0.497552	1	0	0
9	28000001	0.499662	0.497552	1	0	0
9	28500001	0.498997	0.497552	1	0	0
9	29000001	0.489842	0.497552	1	0	0
9	29500001	0.984698	1.02172	2	0	0
9	30000001	0.994067	1.02172	2	0	0
9	30500001	0.99485	1.02172	2	0	0
9	31000001	1.05898	1.02172	2	0	0
9	31500001	1.02566	1.02172	2	0	0
9	32000001	1.01028	1.02172	2	0	0
9	32500001	1.06145	1.02172	2	0	0
9	33000001	1.08662	1.02172	2	0	0
9	33500001	1.0384	1.02172	2	0	0
9	34000001	1.01798	1.02172	2	0	0
9	34500001	1.02645	1.02172	2	0	0
9	35000001	1.02364	1.02172	2	0	0
9	35500001	1.01981	1.02172	2	0	0
9	36000001	1.0576	1.02172	2	0	0
9	36500001	0.994708	1.02172	2	0	0
9	37000001	1.01668	1.02172	2	0	0
9	37500001	1.03619	1.02172	2	0	0
9	38000001	1.00164	1.02172	2	0	0
9	38500001	1.09195	1.02172	2	0	0
9	39000001	1.00505	1.02172	2	0	0
9	39500001	1.17314	1.02172	2	0	0
9	40000001	0.884896	1.02172	2	0	0
9	40500001	1.34545	1.3676	3	0	0
9	41000001	1.38975	1.3676	3	0	0
9	41500001	1.18984	1.10886	2	0	0
9	42000001	1.02788	1.10886	2	0	0
9	42500001	0.860693	0.860693	2	0	0
9	43000001	1.28033	1.28033	3	0	0
9	43500001	2.48127	2.48127	5	0	0
9	44000001	1.91957	1.91957	4	0	0
9	44500001	1.40169	1.40169	3	0	0
9	45000001	0.977292	-1	-1	0	0
9	45500001	-1	-1	-1	0	0
9	46000001	-1	-1	-1	0	0
9	46500001	-1	-1	-1	0	0
9	47000001	-1	-1	-1	0	0
9	47500001	-1	-1	-1	0	0
9	48000001	-1	-1	-1	0	0
9	48500001	-1	-1	-1	0	0
9	49000001	-1	-1	-1	0	0
9	49500001	-1	-1	-1	0	0
9	50000001	-1	-1	-1	0	0
9	50500001	-1	-1	-1	0	0
9	51000001	-1	-1	-1	0	0
9	51500001	-1	-1	-1	0	0
9	52000001	-1	-1	-1	0	0
9	52500001	-1	-1	-1	0	0
9	53000001	-1	-1	-1	0	0
9	53500001	-1	-1	-1	0	0
9	54000001	-1	-1	-1	0	0
9	54500001	-1	-1	-1	0	0
9	55000001	-1	-1	-1	0	0
9	55500001	-1	-1	-1	0	0
9	56000001	-1	-1	-1	0	0
9	56500001	-1	-1	-1	0	0
9	57000001	-1	-1	-1	0	0
9	57500001	-1	-1	-1	0	0
9	58000001	-1	-1	-1	0	0
9	58500001	-1	-1	-1	0	0
9	59000001	-1	-1	-1	0	0
9	59500001	-1	-1	-1	0	0
9	60000001	-1	-1	-1	0	0
9	60500001	-1	-1	-1	0	0
9	61000001	-1	-1	-1	0	0
9	61500001	0.86835	-1	-1	0	0
9	62000001	-1	-1	-1	0	0
9	62500001	-1	-1	-1	0	0
9	63000001	0.742159	-1	-1	0	0
9	63500001	-1	-1	-1	0	0
9	64000001	-1	-1	-1	0	0
9	64500001	0.812587	-1	-1	0	0
9	65000001	-1	-1	-1	0	0
9	65500001	1.02882	0.989139	2	0	0
9	66000001	-1	0.989139	2	0	0
9	66500001	-1	0.989139	2	0	0
9	67000001	1.05949	0.989139	2	0	0
9	67500001	-1	0.989139	2	0	0
9	68000001	-1	0.989139	2	0	0
9	68500001	0.957857	0.989139	2	0	0
9	69000001	0.925829	0.989139	2	0	0
9	69500001	0.948189	0.989139	2	0	0
9	70000001	0.969557	0.989139	2	0	0
9	70500001	0.879458	0.989139	2	0	0
9	71000001	1.02259	0.989139	2	0	0
9	71500001	1.06893	0.989139	2	0	0
9	72000001	1.07522	0.989139	2	0	0
9	72500001	1.06081	0.989139	2	0	0
9	73000001	1.10024	0.989139	2	0	0
9	73500001	1.06142	0.989139	2	0	0
9	74000001	1.04498	0.989139	2	0	0
9	74500001	0.987994	0.989139	2	0	0
9	75000001	0.996454	0.989139	2	0	0
9	75500001	0.940956	0.989139	2	0	0
9	76000001	1.02401	0.989139	2	0	0
9	76500001	1.00393	0.989139	2	0	0
9	77000001	1.00637	0.989139	2	0	0
9	77500001	1.07322	0.989139	2	0	0
9	78000001	1.00296	0.989139	2	0	0
9	78500001	1.0212	0.989139	2	0	0
9	79000001	1.067	0.989139	2	0	0
9	79500001	0.957627	0.989139	2	0	0
9	80000001	0.958648	0.989139	2	0	0
9	80500001	0.984135	0.989139	2	0	0
9	81000001	0.979237	0.989139	2	0	0
9	81500001	0.959019	0.989139	2	0	0
9	82000001	1.00196	0.989139	2	0	0
9	82500001	0.954079	0.989139	2	0	0
9	83000001	1.00783	0.989139	2	0	0
9	83500001	0.925898	0.989139	2	0	0
9	84000001	0.979983	0.989139	2	0	0
9	84500001	0.947779	0.989139	2	0	0
9	85000001	0.94196	0.989139	2	0	0
9	85500001	0.970324	0.989139	2	0	0
9	86000001	0.978468	0.989139	2	0	0
9	86500001	0.897535	0.989139	2	0	0
9	87000001	0.913829	0.989139	2	0	0
9	87500001	0.93831	0.989139	2	0	0
9	88000001	0.934708	0.989139	2	0	0
9	88500001	0.989139	0.989139	2	0	0
9	89000001	0.983356	0.989139	2	0	0
9	89500001	0.932186	0.989139	2	0	0
9	90000001	0.970761	0.989139	2	0	0
9	90500001	0.970242	0.989139	2	0	0
9	91000001	0.987258	0.989139	2	0	0
9	91500001	0.981415	0.989139	2	0	0
9	92000001	1.02293	0.989139	2	0	0
9	92500001	1.0109	0.989139	2	0	0
9	93000001	1.01132	0.989139	2	0	0
9	93500001	0.944826	0.989139	2	0	0
9	94000001	1.00636	0.989139	2	0	0
9	94500001	1.06311	0.989139	2	0	0
9	95000001	1.02467	0.989139	2	0	0
9	95500001	0.991923	0.989139	2	0	0
9	96000001	0.977996	0.989139	2	0	0
9	96500001	1.06204	0.989139	2	0	0
9	97000001	0.989821	0.989139	2	0	0
9	97500001	1.06171	0.989139	2	0	0
9	98000001	1.00657	0.989139	2	0	0
9	98500001	0.933777	0.989139	2	0	0
9	99000001	0.981146	0.989139	2	0	0
9	99500001	0.973318	0.989139	2	0	0
9	100000001	0.941737	0.989139	2	0	0
9	100500001	0.962371	0.989139	2	0	0
9	101000001	1.01683	0.989139	2	0	0
9	101500001	1.00911	0.989139	2	0	0
9	102000001	0.928856	0.989139	2	0	0
9	102500001	0.924625	0.989139	2	0	0
9	103000001	0.990802	0.989139	2	0	0
9	103500001	0.978384	0.989139	2	0	0
9	104000001	0.973487	0.989139	2	0	0
9	104500001	1.05419	0.989139	2	0	0
9	105000001	0.983107	0.989139	2	0	0
9	105500001	0.949386	0.989139	2	0	0
9	106000001	0.954757	0.989139	2	0	0
9	106500001	0.988444	0.989139	2	0	0
9	107000001	0.994872	0.989139	2	0	0
9	107500001	1.01692	0.989139	2	0	0
9	108000001	0.997492	0.989139	2	0	0
9	108500001	1.07544	0.989139	2	0	0
9	109000001	0.997054	0.989139	2	0	0
9	109500001	1.07928	0.989139	2	0	0
9	110000001	1.01678	0.989139	2	0	0
9	110500001	1.01763	0.989139	2	0	0
9	111000001	1.0215	0.989139	2	0	0
9	111500001	0.991281	0.989139	2	0	0
9	112000001	1.26608	0.989139	2	0	0
9	112500001	1.01328	0.989139	2	0	0
9	113000001	1.00873	0.989139	2	0	0
9	113500001	1.03658	0.989139	2	0	0
9	114000001	1.02551	0.989139	2	0	0
9	114500001	1.05158	0.989139	2	0	0
9	115000001	0.986407	0.989139	2	0	0
9	115500001	1.01767	0.989139	2	0	0
9	116000001	0.97343	0.989139	2	0	0
9	116500001	0.955503	0.989139	2	0	0
9	117000001	0.982089	0.989139	2	0	0
9	117500001	0.940595	0.989139	2	0	0
9	118000001	0.92066	0.989139	2	0	0
9	118500001	0.946327	0.989139	2	0	0
9	119000001	0.934076	0.989139	2	0	0
9	119500001	0.926718	0.989139	2	0	0
9	120000001	0.994875	0.989139	2	0	0
9	120500001	1.03615	0.989139	2	0	0
9	121000001	0.532998	0.526143	1	0	0
9	121500001	0.519288	0.526143	1	0	0
9	122000001	0.91457	0.995797	2	0	0
9	122500001	0.986775	0.995797	2	0	0
9	123000001	1.00431	0.995797	2	0	0
9	123500001	0.993612	0.995797	2	0	0
9	124000001	0.995412	0.995797	2	0	0
9	124500001	1.0897	0.995797	2	0	0
9	125000001	0.952307	0.995797	2	0	0
9	125500001	1.02824	0.995797	2	0	0
9	126000001	0.982051	0.995797	2	0	0
9	126500001	1.00184	0.995797	2	0	0
9	127000001	1.01667	0.995797	2	0	0
9	127500001	1.01192	0.995797	2	0	0
9	128000001	0.952585	0.995797	2	0	0
9	128500001	0.959248	0.995797	2	0	0
9	129000001	0.983926	0.995797	2	0	0
9	129500001	1.02864	0.995797	2	0	0
9	130000001	0.924971	0.995797	2	0	0
9	130500001	1.01015	0.995797	2	0	0
9	131000001	1.03512	0.995797	2	0	0
9	131500001	1.04322	0.995797	2	0	0
9	132000001	1.03288	0.995797	2	0	0
9	132500001	0.987727	0.995797	2	0	0
9	133000001	1.00702	0.995797	2	0	0
9	133500001	0.999828	0.995797	2	0	0
9	134000001	0.989075	0.995797	2	0	0
9	134500001	1.00732	0.995797	2	0	0
9	135000001	0.913465	0.995797	2	0	0
9	135500001	0.976885	0.995797	2	0	0
9	136000001	0.996181	0.995797	2	0	0
9	136500001	1.03024	0.995797	2	0	0
9	137000001	0.989266	0.995797	2	0	0
9	137500001	0.956535	0.995797	2	0	0
9	138000001	-1	-1	-1	0	0
GL000008.2	1	0.61516	0.61516	1	0	0
GL000009.2	1	0.300498	0.300498	1	0	0
GL000194.1	1	0.531844	0.531844	1	0	0
GL000195.1	1	0.511032	0.511032	1	0	0
GL000205.2	1	0.757949	0.757949	2	0	0
GL000208.1	1	0.82578	0.82578	2	0	0
GL000213.1	1	0.160839	0.160839	0	0	0
GL000214.1	1	1.62865	1.62865	3	0	0
GL000216.2	1	1.21392	1.21392	2	0	0
GL000218.1	1	0.277861	0.277861	1	0	0
GL000219.1	1	0.511201	0.511201	1	0	0
GL000220.1	1	1.67276	1.67276	3	0	0
GL000221.1	1	0.601275	0.601275	1	0	0
GL000224.1	1	1.75601	1.75601	4	0	0
GL000225.1	1	1.45486	1.45486	3	0	0
GL000226.1	1	0.845709	0.845709	2	0	0
KI270302.1	1	0.00152036	0.00152036	0	0	0
KI270303.1	1	0.00258384	0.00258384	0	0	0
KI270304.1	1	0.00207268	0.00207268	0	0	0
KI270305.1	1	0.0010155	0.0010155	0	0	0
KI270310.1	1	0.0124238	0.0124238	0	0	0
KI270311.1	1	-1	-1	-1	0	0
KI270312.1	1	0.000532033	0.000532033	0	0	0
KI270315.1	1	0.00209481	0.00209481	0	0	0
KI270316.1	1	0.00156999	0.00156999	0	0	0
KI270317.1	1	-1	-1	-1	0	0
KI270320.1	1	0.00759498	0.00759498	0	0	0
KI270322.1	1	-1	-1	-1	0	0
KI270329.1	1	0.0053029	0.0053029	0	0	0
KI270330.1	1	0.0706025	0.0706025	0	0	0
KI270333.1	1	0.144089	0.144089	0	0	0
KI270334.1	1	0.000513983	0.000513983	0	0	0
KI270335.1	1	0	0	0	0	0
KI270336.1	1	0.0324504	0.0324504	0	0	0
KI270337.1	1	0.217191	0.217191	0	0	0
KI270338.1	1	0.00357904	0.00357904	0	0	0
KI270340.1	1	0.00256295	0.00256295	0	0	0
KI270362.1	1	0.0139957	0.0139957	0	0	0
KI270363.1	1	0.0057526	0.0057526	0	0	0
KI270364.1	1	0.0118336	0.0118336	0	0	0
KI270366.1	1	0.0355045	0.0355045	0	0	0
KI270371.1	1	0.00371913	0.00371913	0	0	0
KI270372.1	1	0.00108789	0.00108789	0	0	0
KI270373.1	1	0.000520692	0.000520692	0	0	0
KI270374.1	1	0	0	0	0	0
KI270375.1	1	0.00215949	0.00215949	0	0	0
KI270376.1	1	0.000536638	0.000536638	0	0	0
KI270378.1	1	0	0	0	0	0
KI270379.1	1	0.00105509	0.00105509	0	0	0
KI270381.1	1	0.00315875	0.00315875	0	0	0
KI270382.1	1	0.00903288	0.00903288	0	0	0
KI270383.1	1	0	0	0	0	0
KI270384.1	1	0.000531737	0.000531737	0	0	0
KI270385.1	1	0.00106713	0.00106713	0	0	0
KI270386.1	1	0.00106264	0.00106264	0	0	0
KI270387.1	1	0.00752336	0.00752336	0	0	0
KI270388.1	1	0	0	0	0	0
KI270389.1	1	0.00478125	0.00478125	0	0	0
KI270390.1	1	0.0058561	0.0058561	0	0	0
KI270391.1	1	0.00106228	0.00106228	0	0	0
KI270392.1	1	0	0	0	0	0
KI270393.1	1	0.000526838	0.000526838	0	0	0
KI270394.1	1	0.0037386	0.0037386	0	0	0
KI270395.1	1	0.0229179	0.0229179	0	0	0
KI270396.1	1	0.0005298	0.0005298	0	0	0
KI270411.1	1	0.0115968	0.0115968	0	0	0
KI270412.1	1	0.010989	0.010989	0	0	0
KI270414.1	1	0.00421278	0.00421278	0	0	0
KI270417.1	1	0.00644412	0.00644412	0	0	0
KI270418.1	1	0.00771788	0.00771788	0	0	0
KI270419.1	1	0.00728339	0.00728339	0	0	0
KI270420.1	1	0.0122736	0.0122736	0	0	0
KI270422.1	1	0.00924347	0.00924347	0	0	0
KI270423.1	1	0.00671509	0.00671509	0	0	0
KI270424.1	1	0.00320487	0.00320487	0	0	0
KI270425.1	1	0.00468354	0.00468354	0	0	0
KI270429.1	1	0.0106827	0.0106827	0	0	0
KI270435.1	1	0.41008	0.41008	1	0	0
KI270438.1	1	-1	-1	-1	0	0
KI270442.1	1	1.67096	1.67096	3	0	0
KI270448.1	1	0.017484	0.017484	0	0	0
KI270465.1	1	0.00264621	0.00264621	0	0	0
KI270466.1	1	0.0105229	0.0105229	0	0	0
KI270467.1	1	0.041295	0.041295	0	0	0
KI270468.1	1	0.0133805	0.0133805	0	0	0
KI270507.1	1	0.0426924	0.0426924	0	0	0
KI270508.1	1	0.0253407	0.0253407	0	0	0
KI270509.1	1	0.0227276	0.0227276	0	0	0
KI270510.1	1	0.0162094	0.0162094	0	0	0
KI270511.1	1	0.0294965	0.0294965	0	0	0
KI270512.1	1	0.079102	0.079102	0	0	0
KI270515.1	1	0.0445546	0.0445546	0	0	0
KI270516.1	1	0.00754306	0.00754306	0	0	0
KI270517.1	1	0.0281391	0.0281391	0	0	0
KI270518.1	1	0.015086	0.015086	0	0	0
KI270519.1	1	0.635008	0.635008	1	0	0
KI270521.1	1	0.0226848	0.0226848	0	0	0
KI270522.1	1	0.0149077	0.0149077	0	0	0
KI270528.1	1	0.00762307	0.00762307	0	0	0
KI270529.1	1	0.00416019	0.00416019	0	0	0
KI270530.1	1	0.00260428	0.00260428	0	0	0
KI270538.1	1	-1	-1	-1	0	0
KI270539.1	1	0.000645374	0.000645374	0	0	0
KI270544.1	1	0.00674386	0.00674386	0	0	0
KI270548.1	1	0	0	0	0	0
KI270579.1	1	0.00966375	0.00966375	0	0	0
KI270580.1	1	0.0120989	0.0120989	0	0	0
KI270581.1	1	0.0220787	0.0220787	0	0	0
KI270582.1	1	0.00103233	0.00103233	0	0	0
KI270583.1	1	0.00487598	0.00487598	0	0	0
KI270584.1	1	0.0338956	0.0338956	0	0	0
KI270587.1	1	0.0315193	0.0315193	0	0	0
KI270588.1	1	0.0129375	0.0129375	0	0	0
KI270589.1	1	-1	-1	-1	0	0
KI270590.1	1	0.0264495	0.0264495	0	0	0
KI270591.1	1	0.0194451	0.0194451	0	0	0
KI270593.1	1	0.00213423	0.00213423	0	0	0
KI270706.1	1	0.26893	0.26893	1	0	0
KI270707.1	1	0.0366593	0.0366593	0	0	0
KI270708.1	1	0.12611	0.12611	0	0	0
KI270709.1	1	0.863005	0.863005	2	0	0
KI270710.1	1	0.0563493	0.0563493	0	0	0
KI270711.1	1	0.338795	0.338795	1	0	0
KI270712.1	1	0.386869	0.386869	1	0	0
KI270713.1	1	0.161925	0.161925	0	0	0
KI270714.1	1	0.0759796	0.0759796	0	0	0
KI270715.1	1	0.150677	0.150677	0	0	0
KI270716.1	1	0.142192	0.142192	0	0	0
KI270717.1	1	0.0831949	0.0831949	0	0	0
KI270718.1	1	0.0921968	0.0921968	0	0	0
KI270719.1	1	0.401698	0.401698	1	0	0
KI270720.1	1	0.14098	0.14098	0	0	0
KI270721.1	1	0.0477709	0.0477709	0	0	0
KI270722.1	1	0.0781201	0.0781201	0	0	0
KI270723.1	1	0.0754227	0.0754227	0	0	0
KI270724.1	1	0.0725665	0.0725665	0	0	0
KI270725.1	1	0.398074	0.398074	1	0	0
KI270726.1	1	0.164598	0.164598	0	0	0
KI270727.1	1	2.746	2.746	5	0	0
KI270728.1	1	-1	0.497401	1	0	0
KI270728.1	500001	0.429126	0.497401	1	0	0
KI270728.1	1000001	0.75663	0.497401	1	0	0
KI270728.1	1500001	0.497401	0.497401	1	0	0
KI270729.1	1	2.47613	2.47613	5	0	0
KI270730.1	1	0.335268	0.335268	1	0	0
KI270731.1	1	0.193013	0.193013	0	0	0
KI270732.1	1	0.0659882	0.0659882	0	0	0
KI270733.1	1	2.2347	2.2347	4	0	0
KI270734.1	1	0.229398	0.229398	0	0	0
KI270735.1	1	0.3224	0.3224	1	0	0
KI270736.1	1	0.394952	0.394952	1	0	0
KI270737.1	1	0.142131	0.142131	0	0	0
KI270738.1	1	0.236786	0.236786	0	0	0
KI270739.1	1	0.054038	0.054038	0	0	0
KI270740.1	1	0	0	0	0	0
KI270741.1	1	0.181013	0.181013	0	0	0
KI270742.1	1	0.754538	0.754538	2	0	0
KI270743.1	1	0.169425	0.169425	0	0	0
KI270744.1	1	1.69605	1.69605	3	0	0
KI270745.1	1	0.0735796	0.0735796	0	0	0
KI270746.1	1	0.112856	0.112856	0	0	0
KI270747.1	1	0.289445	0.289445	1	0	0
KI270748.1	1	0.120633	0.120633	0	0	0
KI270749.1	1	0.412259	0.412259	1	0	0
KI270750.1	1	0.39226	0.39226	1	0	0
KI270751.1	1	0.526412	0.526412	1	0	0
KI270752.1	1	0	0	0	0	0
KI270753.1	1	0.123111	0.123111	0	0	0
KI270754.1	1	0.0327303	0.0327303	0	0	0
KI270755.1	1	0.0363559	0.0363559	0	0	0
KI270756.1	1	0.151838	0.151838	0	0	0
KI270757.1	1	0.444329	0.444329	1	0	0
MT	1	14.3398	14.3398	29	0	0
X	1	-1	-1	-1	0	0
X	500001	0.458295	0.499657	1	0	0
X	1000001	0.453948	0.499657	1	0	0
X	1500001	0.440317	0.499657	1	0	0
X	2000001	-1	0.499657	1	0	0
X	2500001	0.510965	0.499657	1	0	0
X	3000001	0.482939	0.499657	1	0	0
X	3500001	0.488402	0.499657	1	0	0
X	4000001	0.48643	0.499657	1	0	0
X	4500001	0.468914	0.499657	1	0	0
X	5000001	0.459347	0.499657	1	0	0
X	5500001	0.488968	0.499657	1	0	0
X	6000001	0.487403	0.499657	1	0	0
X	6500001	0.501693	0.499657	1	0	0
X	7000001	0.517888	0.499657	1	0	0
X	7500001	0.465899	0.499657	1	0	0
X	8000001	0.473577	0.499657	1	0	0
X	8500001	0.499695	0.499657	1	0	0
X	9000001	0.529833	0.499657	1	0	0
X	9500001	0.481218	0.499657	1	0	0
X	10000001	0.49278	0.499657	1	0	0
X	10500001	0.524821	0.499657	1	0	0
X	11000001	0.508994	0.499657	1	0	0
X	11500001	0.515284	0.499657	1	0	0
X	12000001	0.500037	0.499657	1	0	0
X	12500001	0.498973	0.499657	1	0	0
X	13000001	0.529411	0.499657	1	0	0
X	13500001	0.550162	0.499657	1	0	0
X	14000001	0.501148	0.499657	1	0	0
X	14500001	0.509896	0.499657	1	0	0
X	15000001	0.523686	0.499657	1	0	0
X	15500001	0.553703	0.499657	1	0	0
X	16000001	0.517956	0.499657	1	0	0
X	16500001	0.516191	0.499657	1	0	0
X	17000001	0.527075	0.499657	1	0	0
X	17500001	0.489694	0.499657	1	0	0
X	18000001	0.476154	0.499657	1	0	0
X	18500001	0.5032	0.499657	1	0	0
X	19000001	0.508931	0.499657	1	0	0
X	19500001	0.498453	0.499657	1	0	0
X	20000001	0.496121	0.499657	1	0	0
X	20500001	0.473425	0.499657	1	0	0
X	21000001	0.521867	0.499657	1	0	0
X	21500001	0.510828	0.499657	1	0	0
X	22000001	0.513915	0.499657	1	0	0
X	22500001	0.501252	0.499657	1	0	0
X	23000001	0.513491	0.499657	1	0	0
X	23500001	0.519094	0.499657	1	0	0
X	24000001	0.53188	0.499657	1	0	0
X	24500001	0.517181	0.499657	1	0	0
X	25000001	0.482429	0.499657	1	0	0
X	25500001	0.488103	0.499657	1	0	0
X	26000001	0.502662	0.499657	1	0	0
X	26500001	0.475274	0.499657	1	0	0
X	27000001	0.514149	0.499657	1	0	0
X	27500001	0.511281	0.499657	1	0	0
X	28000001	0.559101	0.499657	1	0	0
X	28500001	0.483121	0.499657	1	0	0
X	29000001	0.4763	0.499657	1	0	0
X	29500001	0.458591	0.499657	1	0	0
X	30000001	0.538773	0.499657	1	0	0
X	30500001	0.488718	0.499657	1	0	0
X	31000001	0.500496	0.499657	1	0	0
X	31500001	0.461643	0.499657	1	0	0
X	32000001	0.467005	0.499657	1	0	0
X	32500001	0.480947	0.499657	1	0	0
X	33000001	0.502604	0.499657	1	0	0
X	33500001	0.4508	0.499657	1	0	0
X	34000001	0.483469	0.499657	1	0	0
X	34500001	0.49209	0.499657	1	0	0
X	35000001	0.551343	0.499657	1	0	0
X	35500001	0.500245	0.499657	1	0	0
X	36000001	0.5234	0.499657	1	0	0
X	36500001	0.471379	0.499657	1	0	0
X	37000001	-1	0.499657	1	0	0
X	37500001	0.508484	0.499657	1	0	0
X	38000001	0.515592	0.499657	1	0	0
X	38500001	0.471225	0.499657	1	0	0
X	39000001	0.508295	0.499657	1	0	0
X	39500001	0.482895	0.499657	1	0	0
X	40000001	0.500746	0.499657	1	0	0
X	40500001	0.485563	0.499657	1	0	0
X	41000001	0.486943	0.499657	1	0	0
X	41500001	0.545588	0.499657	1	0	0
X	42000001	0.49696	0.499657	1	0	0
X	42500001	0.496106	0.499657	1	0	0
X	43000001	0.550988	0.499657	1	0	0
X	43500001	0.532672	0.499657	1	0	0
X	44000001	0.506424	0.499657	1	0	0
X	44500001	0.473587	0.499657	1	0	0
X	45000001	0.50082	0.499657	1	0	0
X	45500001	0.538576	0.499657	1	0	0
X	46000001	0.552658	0.499657	1	0	0
X	46500001	0.551589	0.499657	1	0	0
X	47000001	0.50196	0.499657	1	0	0
X	47500001	0.525775	0.499657	1	0	0
X	48000001	0.496492	0.499657	1	0	0
X	48500001	0.46425	0.499657	1	0	0
X	49000001	-1	0.499657	1	0	0
X	49500001	0.532712	0.499657	1	0	0
X	50000001	0.480403	0.499657	1	0	0
X	50500001	0.459547	0.499657	1	0	0
X	51000001	0.457928	0.499657	1	0	0
X	51500001	0.483156	0.499657	1	0	0
X	52000001	0.50624	0.499657	1	0	0
X	52500001	0.49413	0.499657	1	0	0
X	53000001	0.478881	0.499657	1	0	0
X	53500001	0.483627	0.499657	1	0	0
X	54000001	0.499657	0.499657	1	0	0
X	54500001	0.492079	0.499657	1	0	0
X	55000001	0.457362	0.499657	1	0	0
X	55500001	0.501964	0.499657	1	0	0
X	56000001	0.466118	0.499657	1	0	0
X	56500001	0.492838	0.499657	1	0	0
X	57000001	0.490642	0.499657	1	0	0
X	57500001	0.488039	0.499657	1	0	0
X	58000001	0.504582	0.499657	1	0	0
X	58500001	0.409176	0.373572	1	0	0
X	59000001	0.390505	0.373572	1	0	0
X	59500001	0.364844	0.373572	1	0	0
X	60000001	0.320983	0.373572	1	0	0
X	60500001	0.343459	0.373572	1	0	0
X	61000001	0.382301	0.373572	1	0	0
X	61500001	0.347969	0.373572	1	0	0
X	62000001	0.42188	0.373572	1	0	0
X	62500001	0.513848	0.483009	1	0	0
X	63000001	0.462383	0.483009	1	0	0
X	63500001	0.482997	0.483009	1	0	0
X	64000001	0.471771	0.483009	1	0	0
X	64500001	0.457769	0.483009	1	0	0
X	65000001	0.483072	0.483009	1	0	0
X	65500001	0.503218	0.483009	1	0	0
X	66000001	0.496839	0.483009	1	0	0
X	66500001	0.487926	0.483009	1	0	0
X	67000001	0.473535	0.483009	1	0	0
X	67500001	0.498611	0.483009	1	0	0
X	68000001	0.49223	0.483009	1	0	0
X	68500001	0.553333	0.483009	1	0	0
X	69000001	0.501711	0.483009	1	0	0
X	69500001	0.495634	0.483009	1	0	0
X	70000001	0.48428	0.483009	1	0	0
X	70500001	0.530582	0.483009	1	0	0
X	71000001	0.483438	0.483009	1	0	0
X	71500001	0.521144	0.483009	1	0	0
X	72000001	0.50315	0.483009	1	0	0
X	72500001	0.475509	0.483009	1	0	0
X	73000001	0.470606	0.483009	1	0	0
X	73500001	0.546013	0.483009	1	0	0
X	74000001	0.531881	0.483009	1	0	0
X	74500001	0.488437	0.483009	1	0	0
X	75000001	0.468123	0.483009	1	0	0
X	75500001	0.477045	0.483009	1	0	0
X	76000001	0.474624	0.483009	1	0	0
X	76500001	0.480322	0.483009	1	0	0
X	77000001	0.450525	0.483009	1	0	0
X	77500001	0.494021	0.483009	1	0	0
X	78000001	0.508966	0.483009	1	0	0
X	78500001	0.483121	0.483009	1	0	0
X	79000001	0.451254	0.483009	1	0	0
X	79500001	0.455525	0.483009	1	0	0
X	80000001	0.489814	0.483009	1	0	0
X	80500001	0.473857	0.483009	1	0	0
X	81000001	0.50359	0.483009	1	0	0
X	81500001	0.481263	0.483009	1	0	0
X	82000001	0.464315	0.483009	1	0	0
X	82500001	0.484744	0.483009	1	0	0
X	83000001	0.468991	0.483009	1	0	0
X	83500001	0.47419	0.483009	1	0	0
X	84000001	0.491668	0.483009	1	0	0
X	84500001	0.476252	0.483009	1	0	0
X	85000001	0.481301	0.483009	1	0	0
X	85500001	0.484288	0.483009	1	0	0
X	86000001	0.491573	0.483009	1	0	0
X	86500001	0.495001	0.483009	1	0	0
X	87000001	0.489988	0.483009	1	0	0
X	87500001	0.51084	0.483009	1	0	0
X	88000001	0.489276	0.483009	1	0	0
X	88500001	0.475618	0.483009	1	0	0
X	89000001	0.432221	0.483009	1	0	0
X	89500001	0.438414	0.483009	1	0	0
X	90000001	0.425754	0.483009	1	0	0
X	90500001	0.442656	0.483009	1	0	0
X	91000001	0.48666	0.483009	1	0	0
X	91500001	0.433229	0.483009	1	0	0
X	92000001	0.424669	0.483009	1	0	0
X	92500001	0.43213	0.483009	1	0	0
X	93000001	0.436501	0.483009	1	0	0
X	93500001	0.516969	0.483009	1	0	0
X	94000001	0.483044	0.483009	1	0	0
X	94500001	0.47014	0.483009	1	0	0
X	95000001	0.503093	0.483009	1	0	0
X	95500001	0.443306	0.483009	1	0	0
X	96000001	0.464316	0.483009	1	0	0
X	96500001	0.449739	0.483009	1	0	0
X	97000001	0.456031	0.483009	1	0	0
X	97500001	0.510069	0.483009	1	0	0
X	98000001	0.486168	0.483009	1	0	0
X	98500001	0.470584	0.483009	1	0	0
X	99000001	0.471316	0.483009	1	0	0
X	99500001	0.492907	0.483009	1	0	0
X	100000001	0.494947	0.483009	1	0	0
X	100500001	0.488797	0.483009	1	0	0
X	101000001	0.476679	0.483009	1	0	0
X	101500001	0.465851	0.483009	1	0	0
X	102000001	0.475157	0.483009	1	0	0
X	102500001	0.483009	0.483009	1	0	0
X	103000001	0.493751	0.496438	1	0	0
X	103500001	0.501533	0.496438	1	0	0
X	104000001	0.476663	0.496438	1	0	0
X	104500001	0.500685	0.496438	1	0	0
X	105000001	0.488813	0.496438	1	0	0
X	105500001	0.512047	0.496438	1	0	0
X	106000001	0.500151	0.496438	1	0	0
X	106500001	0.490052	0.496438	1	0	0
X	107000001	0.539743	0.496438	1	0	0
X	107500001	0.526398	0.496438	1	0	0
X	108000001	0.545927	0.496438	1	0	0
X	108500001	0.529702	0.496438	1	0	0
X	109000001	0.49965	0.496438	1	0	0
X	109500001	0.497483	0.496438	1	0	0
X	110000001	0.522719	0.496438	1	0	0
X	110500001	0.513079	0.496438	1	0	0
X	111000001	0.463388	0.496438	1	0	0
X	111500001	0.463629	0.496438	1	0	0
X	112000001	0.483053	0.496438	1	0	0
X	112500001	0.47173	0.496438	1	0	0
X	113000001	0.486351	0.496438	1	0	0
X	113500001	0.472965	0.496438	1	0	0
X	114000001	0.484184	0.496438	1	0	0
X	114500001	0.521181	0.496438	1	0	0
X	115000001	0.530264	0.496438	1	0	0
X	115500001	-1	0.496438	1	0	0
X	116000001	0.5152	0.496438	1	0	0
X	116500001	0.540853	0.496438	1	0	0
X	117000001	0.470899	0.496438	1	0	0
X	117500001	0.538205	0.496438	1	0	0
X	118000001	0.512855	0.496438	1	0	0
X	118500001	0.488698	0.496438	1	0	0
X	119000001	0.520566	0.496438	1	0	0
X	119500001	0.479045	0.496438	1	0	0
X	120000001	0.495917	0.496438	1	0	0
X	120500001	0.412888	0.496438	1	0	0
X	121000001	0.471615	0.496438	1	0	0
X	121500001	0.448173	0.496438	1	0	0
X	122000001	0.472423	0.496438	1	0	0
X	122500001	0.49696	0.496438	1	0	0
X	123000001	0.47253	0.496438	1	0	0
X	123500001	0.519631	0.496438	1	0	0
X	124000001	0.512323	0.496438	1	0	0
X	124500001	0.478778	0.496438	1	0	0
X	125000001	0.466598	0.496438	1	0	0
X	125500001	0.47333	0.496438	1	0	0
X	126000001	0.465789	0.496438	1	0	0
X	126500001	0.495789	0.496438	1	0	0
X	127000001	0.475286	0.496438	1	0	0
X	127500001	0.493245	0.496438	1	0	0
X	128000001	0.515046	0.496438	1	0	0
X	128500001	0.49345	0.496438	1	0	0
X	129000001	0.4722	0.496438	1	0	0
X	129500001	0.537995	0.496438	1	0	0
X	130000001	0.505624	0.496438	1	0	0
X	130500001	0.504306	0.496438	1	0	0
X	131000001	0.534281	0.496438	1	0	0
X	131500001	0.530438	0.496438	1	0	0
X	132000001	0.523813	0.496438	1	0	0
X	132500001	0.818869	0.818869	2	0	0
X	133000001	1.40961	1.40961	3	0	0
X	133500001	0.89126	0.89126	2	0	0
X	134000001	0.478956	0.500068	1	0	0
X	134500001	0.500481	0.500068	1	0	0
X	135000001	0.5099	0.500068	1	0	0
X	135500001	0.49373	0.500068	1	0	0
X	136000001	0.544113	0.500068	1	0	0
X	136500001	0.495889	0.500068	1	0	0
X	137000001	0.501621	0.500068	1	0	0
X	137500001	0.456341	0.500068	1	0	0
X	138000001	0.445887	0.500068	1	0	0
X	138500001	0.515822	0.500068	1	0	0
X	139000001	0.49981	0.500068	1	0	0
X	139500001	0.485021	0.500068	1	0	0
X	140000001	0.507709	0.500068	1	0	0
X	140500001	0.500326	0.500068	1	0	0
X	141000001	0.556529	0.500068	1	0	0
X	141500001	0.518029	0.500068	1	0	0
X	142000001	0.494821	0.500068	1	0	0
X	142500001	0.498271	0.500068	1	0	0
X	143000001	0.518077	0.500068	1	0	0
X	143500001	0.465385	0.500068	1	0	0
X	144000001	0.466354	0.500068	1	0	0
X	144500001	0.511915	0.500068	1	0	0
X	145000001	0.508768	0.500068	1	0	0
X	145500001	0.492564	0.500068	1	0	0
X	146000001	0.443467	0.500068	1	0	0
X	146500001	0.465333	0.500068	1	0	0
X	147000001	0.480494	0.500068	1	0	0
X	147500001	0.487695	0.500068	1	0	0
X	148000001	0.442797	0.500068	1	0	0
X	148500001	0.471505	0.500068	1	0	0
X	149000001	0.505008	0.500068	1	0	0
X	149500001	0.508378	0.500068	1	0	0
X	150000001	0.523024	0.500068	1	0	0
X	150500001	0.528465	0.500068	1	0	0
X	151000001	0.499482	0.500068	1	0	0
X	151500001	0.490306	0.500068	1	0	0
X	152000001	0.526878	0.500068	1	0	0
X	152500001	0.493324	0.500068	1	0	0
X	153000001	0.516913	0.500068	1	0	0
X	153500001	0.521546	0.500068	1	0	0
X	154000001	0.471225	0.500068	1	0	0
X	154500001	0.516781	0.500068	1	0	0
X	155000001	0.511571	0.500068	1	0	0
X	155500001	0.512815	0.500068	1	0	0
X	156000001	-1	-1	-1	0	0
Y	1	-1	-1	-1	0	0
Y	500001	-1	-1	-1	0	0
Y	1000001	-1	-1	-1	0	0
Y	1500001	-1	-1	-1	0	0
Y	2000001	-1	-1	-1	0	0
Y	2500001	-1	-1	-1	0	0
Y	3000001	0.0287231	0.0272895	0	0	0
Y	3500001	0.0248309	0.0272895	0	0	0
Y	4000001	0.0200589	0.0272895	0	0	0
Y	4500001	0.0390687	0.0272895	0	0	0
Y	5000001	0.0258559	0.0272895	0	0	0
Y	5500001	0.032386	0.0272895	0	0	0
Y	6000001	0.00617526	0.00509858	0	0	0
Y	6500001	0.00942867	0.00509858	0	0	0
Y	7000001	0.00402189	0.00509858	0	0	0
Y	7500001	0.00102355	0.00509858	0	0	0
Y	8000001	0.000518096	0.000518096	0	0	0
Y	8500001	0	0.000518096	0	0	0
Y	9000001	-1	0.000518096	0	0	0
Y	9500001	0.0086204	0.000518096	0	0	0
Y	10000001	0.0356474	0.0356474	0	0	0
Y	10500001	-1	-1	-1	0	0
Y	11000001	0.660447	0.660447	1	0	0
Y	11500001	1.16565	1.16565	2	0	0
Y	12000001	0.00151193	0.00105892	0	0	0
Y	12500001	0.00155358	0.00105892	0	0	0
Y	13000001	0.00315037	0.00105892	0	0	0
Y	13500001	0.00359889	0.00105892	0	0	0
Y	14000001	0.000779791	0.00105892	0	0	0
Y	14500001	0.00104313	0.00105892	0	0	0
Y	15000001	0.00309277	0.00105892	0	0	0
Y	15500001	0.00104424	0.00105892	0	0	0
Y	16000001	0.000524315	0.00105892	0	0	0
Y	16500001	0	0.00105892	0	0	0
Y	17000001	0.00835011	0.00105892	0	0	0
Y	17500001	0.000515167	0.00105892	0	0	0
Y	18000001	0.0020619	0.00105892	0	0	0
Y	18500001	0	0.00105892	0	0	0
Y	19000001	0.00103305	0.00105892	0	0	0
Y	19500001	0.0020989	0.00105892	0	0	0
Y	20000001	0.00341682	0.00105892	0	0	0
Y	20500001	0.00103326	0.00105892	0	0	0
Y	21000001	0.000518956	0.00105892	0	0	0
Y	21500001	0.00105892	0.00105892	0	0	0
Y	22000001	0.000511244	0.00105892	0	0	0
Y	22500001	0.00103053	0.00105892	0	0	0
Y	23000001	0.00208776	0.00105892	0	0	0
Y	23500001	0.000526145	0.00105892	0	0	0
Y	24000001	0.00305164	0.00105892	0	0	0
Y	24500001	0.00206386	0.00105892	0	0	0
Y	25000001	0.00202006	0.00105892	0	0	0
Y	25500001	0.00105205	0.00105892	0	0	0
Y	26000001	0.00625189	0.00105892	0	0	0
Y	26500001	-1	-1	-1	0	0
Y	27000001	-1	-1	-1	0	0
Y	27500001	-1	-1	-1	0	0
Y	28000001	-1	-1	-1	0	0
Y	28500001	-1	-1	-1	0	0
Y	29000001	-1	-1	-1	0	0
Y	29500001	-1	-1	-1	0	0
Y	30000001	-1	-1	-1	0	0
Y	30500001	-1	-1	-1	0	0
Y	31000001	-1	-1	-1	0	0
Y	31500001	-1	-1	-1	0	0
Y	32000001	-1	-1	-1	0	0
Y	32500001	-1	-1	-1	0	0
Y	33000001	-1	-1	-1	0	0
Y	33500001	-1	-1	-1	0	0
Y	34000001	-1	-1	-1	0	0
Y	34500001	-1	-1	-1	0	0
Y	35000001	-1	-1	-1	0	0
Y	35500001	-1	-1	-1	0	0
Y	36000001	-1	-1	-1	0	0
Y	36500001	-1	-1	-1	0	0
Y	37000001	-1	-1	-1	0	0
Y	37500001	-1	-1	-1	0	0
Y	38000001	-1	-1	-1	0	0
Y	38500001	-1	-1	-1	0	0
Y	39000001	-1	-1	-1	0	0
Y	39500001	-1	-1	-1	0	0
Y	40000001	-1	-1	-1	0	0
Y	40500001	-1	-1	-1	0	0
Y	41000001	-1	-1	-1	0	0
Y	41500001	-1	-1	-1	0	0
Y	42000001	-1	-1	-1	0	0
Y	42500001	-1	-1	-1	0	0
Y	43000001	-1	-1	-1	0	0
Y	43500001	-1	-1	-1	0	0
Y	44000001	-1	-1	-1	0	0
Y	44500001	-1	-1	-1	0	0
Y	45000001	-1	-1	-1	0	0
Y	45500001	-1	-1	-1	0	0
Y	46000001	-1	-1	-1	0	0
Y	46500001	-1	-1	-1	0	0
Y	47000001	-1	-1	-1	0	0
Y	47500001	-1	-1	-1	0	0
Y	48000001	-1	-1	-1	0	0
Y	48500001	-1	-1	-1	0	0
Y	49000001	-1	-1	-1	0	0
Y	49500001	-1	-1	-1	0	0
Y	50000001	-1	-1	-1	0	0
Y	50500001	-1	-1	-1	0	0
Y	51000001	-1	-1	-1	0	0
Y	51500001	-1	-1	-1	0	0
Y	52000001	-1	-1	-1	0	0
Y	52500001	-1	-1	-1	0	0
Y	53000001	-1	-1	-1	0	0
Y	53500001	-1	-1	-1	0	0
Y	54000001	-1	-1	-1	0	0
Y	54500001	-1	-1	-1	0	0
Y	55000001	-1	-1	-1	0	0
Y	55500001	-1	-1	-1	0	0
Y	56000001	-1	-1	-1	0	0
Y	56500001	-1	-1	-1	0	0
Y	57000001	-1	-1	-1	0	0
