Chromosome	Start	Ratio	MedianRatio	CopyNumber	Subclone_CN	Subclone_Population
1	1	-1	-1	-1	0	0
1	500001	1.6709	1.19837	5	0	0
1	1000001	1.29544	1.19837	5	0	0
1	1500001	1.18729	1.19837	5	0	0
1	2000001	1.25358	1.19837	5	0	0
1	2500001	1.81692	1.19837	5	0	0
1	3000001	1.17113	1.19837	5	0	0
1	3500001	1.1905	1.19837	5	0	0
1	4000001	1.18019	1.19837	5	0	0
1	4500001	1.09967	1.19837	5	0	0
1	5000001	1.12097	1.19837	5	0	0
1	5500001	1.21472	1.19837	5	0	0
1	6000001	1.23498	1.19837	5	0	0
1	6500001	1.23991	1.19837	5	0	0
1	7000001	1.21274	1.19837	5	0	0
1	7500001	1.2081	1.19837	5	0	0
1	8000001	1.24333	1.19837	5	0	0
1	8500001	1.21991	1.19837	5	0	0
1	9000001	1.18315	1.19837	5	0	0
1	9500001	1.22412	1.19837	5	0	0
1	10000001	1.24624	1.19837	5	0	0
1	10500001	1.2109	1.19837	5	0	0
1	11000001	1.20306	1.19837	5	0	0
1	11500001	1.1788	1.19837	5	0	0
1	12000001	1.23761	1.19837	5	0	0
1	12500001	1.19368	1.19837	5	0	0
1	13000001	1.14491	1.19837	5	0	0
1	13500001	1.16244	1.19837	5	0	0
1	14000001	1.10412	1.19837	5	0	0
1	14500001	1.12012	1.19837	5	0	0
1	15000001	1.17955	1.19837	5	0	0
1	15500001	0.96417	1.19837	5	0	0
1	16000001	1.03257	1.19837	5	0	0
1	16500001	2.19659	2.19659	9	0	0
1	17000001	1.119	0.97883	4	0	0
1	17500001	1.12918	0.97883	4	0	0
1	18000001	0.927197	0.97883	4	0	0
1	18500001	0.951751	0.97883	4	0	0
1	19000001	0.947026	0.97883	4	0	0
1	19500001	1.00354	0.97883	4	0	0
1	20000001	0.950767	0.97883	4	0	0
1	20500001	0.954021	0.97883	4	0	0
1	21000001	1.02169	0.97883	4	0	0
1	21500001	0.966116	0.97883	4	0	0
1	22000001	0.967218	0.97883	4	0	0
1	22500001	1.03765	0.97883	4	0	0
1	23000001	1.51976	0.97883	4	0	0
1	23500001	1.4456	0.97883	4	0	0
1	24000001	1.20016	0.97883	4	0	0
1	24500001	0.933456	0.97883	4	0	0
1	25000001	0.897783	0.97883	4	0	0
1	25500001	0.982825	0.97883	4	0	0
1	26000001	1.00017	0.97883	4	0	0
1	26500001	0.986844	0.97883	4	0	0
1	27000001	0.980137	0.97883	4	0	0
1	27500001	0.97883	0.97883	4	0	0
1	28000001	0.993083	0.97883	4	0	0
1	28500001	0.960091	0.97883	4	0	0
1	29000001	0.928905	0.97883	4	0	0
1	29500001	0.918832	0.97883	4	0	0
1	30000001	0.927604	0.97883	4	0	0
1	30500001	1.00087	0.97883	4	0	0
1	31000001	0.986542	0.97883	4	0	0
1	31500001	0.954985	0.97883	4	0	0
1	32000001	0.968344	0.97883	4	0	0
1	32500001	0.949199	0.97883	4	0	0
1	33000001	0.998826	0.97883	4	0	0
1	33500001	0.927567	0.97883	4	0	0
1	34000001	0.928977	0.97883	4	0	0
1	34500001	0.927003	0.97883	4	0	0
1	35000001	0.94498	0.97883	4	0	0
1	35500001	0.983024	0.97883	4	0	0
1	36000001	0.981868	0.97883	4	0	0
1	36500001	0.971223	0.97883	4	0	0
1	37000001	0.915493	0.97883	4	0	0
1	37500001	0.93687	0.97883	4	0	0
1	38000001	0.963159	0.97883	4	0	0
1	38500001	0.967115	0.97883	4	0	0
1	39000001	0.966276	0.97883	4	0	0
1	39500001	0.966161	0.97883	4	0	0
1	40000001	0.94789	0.97883	4	0	0
1	40500001	1.01682	0.97883	4	0	0
1	41000001	1.03361	0.97883	4	0	0
1	41500001	1.00892	0.97883	4	0	0
1	42000001	0.976099	0.97883	4	0	0
1	42500001	1.02954	0.97883	4	0	0
1	43000001	0.980266	0.97883	4	0	0
1	43500001	0.959962	0.97883	4	0	0
1	44000001	0.969369	0.97883	4	0	0
1	44500001	0.952833	0.97883	4	0	0
1	45000001	1.00632	0.97883	4	0	0
1	45500001	1.01036	0.97883	4	0	0
1	46000001	0.984907	0.97883	4	0	0
1	46500001	1.0279	0.97883	4	0	0
1	47000001	0.963947	0.97883	4	0	0
1	47500001	0.909218	0.97883	4	0	0
1	48000001	0.982119	0.97883	4	0	0
1	48500001	0.870259	0.97883	4	0	0
1	49000001	0.848547	0.97883	4	0	0
1	49500001	0.924598	0.97883	4	0	0
1	50000001	0.881584	0.97883	4	0	0
1	50500001	0.978337	0.97883	4	0	0
1	51000001	0.991449	0.97883	4	0	0
1	51500001	1.00136	0.97883	4	0	0
1	52000001	1.01042	0.97883	4	0	0
1	52500001	0.935281	0.97883	4	0	0
1	53000001	0.944422	0.97883	4	0	0
1	53500001	0.967431	0.97883	4	0	0
1	54000001	0.974966	0.97883	4	0	0
1	54500001	0.972046	0.97883	4	0	0
1	55000001	0.979604	0.97883	4	0	0
1	55500001	0.930355	0.97883	4	0	0
1	56000001	0.909921	0.97883	4	0	0
1	56500001	0.924325	0.97883	4	0	0
1	57000001	0.890795	0.97883	4	0	0
1	57500001	0.871838	0.97883	4	0	0
1	58000001	0.915987	0.97883	4	0	0
1	58500001	1.02115	0.97883	4	0	0
1	59000001	1.03331	0.97883	4	0	0
1	59500001	0.996883	0.97883	4	0	0
1	60000001	0.935053	0.97883	4	0	0
1	60500001	1.00051	0.97883	4	0	0
1	61000001	0.984481	0.97883	4	0	0
1	61500001	0.973518	0.97883	4	0	0
1	62000001	0.965221	0.97883	4	0	0
1	62500001	0.982613	0.97883	4	0	0
1	63000001	0.956884	0.97883	4	0	0
1	63500001	1.02345	0.97883	4	0	0
1	64000001	0.99766	0.97883	4	0	0
1	64500001	0.954004	0.97883	4	0	0
1	65000001	0.938474	0.97883	4	0	0
1	65500001	0.975398	0.97883	4	0	0
1	66000001	1.08859	0.97883	4	0	0
1	66500001	0.96042	0.97883	4	0	0
1	67000001	0.989916	0.97883	4	0	0
1	67500001	0.986144	0.97883	4	0	0
1	68000001	0.955462	0.97883	4	0	0
1	68500001	0.903988	0.97883	4	0	0
1	69000001	0.90928	0.97883	4	0	0
1	69500001	0.895968	0.97883	4	0	0
1	70000001	0.9231	0.97883	4	0	0
1	70500001	0.934922	0.97883	4	0	0
1	71000001	0.926503	0.97883	4	0	0
1	71500001	0.912986	0.97883	4	0	0
1	72000001	0.86452	0.97883	4	0	0
1	72500001	0.963657	0.97883	4	0	0
1	73000001	0.895667	0.97883	4	0	0
1	73500001	0.9456	0.97883	4	0	0
1	74000001	0.950732	0.97883	4	0	0
1	74500001	0.903623	0.97883	4	0	0
1	75000001	0.938249	0.97883	4	0	0
1	75500001	0.925239	0.97883	4	0	0
1	76000001	0.884948	0.97883	4	0	0
1	76500001	0.970191	0.97883	4	0	0
1	77000001	0.990495	0.97883	4	0	0
1	77500001	1.03207	0.97883	4	0	0
1	78000001	1.00302	0.97883	4	0	0
1	78500001	1.02444	0.97883	4	0	0
1	79000001	1.00713	0.97883	4	0	0
1	79500001	0.985524	0.97883	4	0	0
1	80000001	0.997746	0.97883	4	0	0
1	80500001	0.997208	0.97883	4	0	0
1	81000001	0.98301	0.97883	4	0	0
1	81500001	0.99502	0.97883	4	0	0
1	82000001	0.981451	0.97883	4	0	0
1	82500001	0.965769	0.97883	4	0	0
1	83000001	0.981191	0.97883	4	0	0
1	83500001	1.01146	0.97883	4	0	0
1	84000001	1.07261	0.97883	4	0	0
1	84500001	1.02892	0.97883	4	0	0
1	85000001	1.01873	0.97883	4	0	0
1	85500001	1.01681	0.97883	4	0	0
1	86000001	1.00308	0.97883	4	0	0
1	86500001	0.990753	0.97883	4	0	0
1	87000001	1.00398	0.97883	4	0	0
1	87500001	1.01193	0.97883	4	0	0
1	88000001	1.00179	0.97883	4	0	0
1	88500001	0.986935	0.97883	4	0	0
1	89000001	1.0342	0.97883	4	0	0
1	89500001	1.03359	0.97883	4	0	0
1	90000001	0.972571	0.97883	4	0	0
1	90500001	0.969428	0.97883	4	0	0
1	91000001	0.967504	0.97883	4	0	0
1	91500001	1.02759	0.97883	4	0	0
1	92000001	1.04359	0.97883	4	0	0
1	92500001	0.987862	0.97883	4	0	0
1	93000001	1.0307	0.97883	4	0	0
1	93500001	1.08217	0.97883	4	0	0
1	94000001	1.09727	0.97883	4	0	0
1	94500001	1.06642	0.97883	4	0	0
1	95000001	1.03806	0.97883	4	0	0
1	95500001	0.991003	0.97883	4	0	0
1	96000001	0.919993	0.97883	4	0	0
1	96500001	0.963539	0.97883	4	0	0
1	97000001	0.994672	0.97883	4	0	0
1	97500001	1.07131	0.97883	4	0	0
1	98000001	1.05502	0.97883	4	0	0
1	98500001	0.977564	0.97883	4	0	0
1	99000001	1.03884	0.97883	4	0	0
1	99500001	0.955424	0.97883	4	0	0
1	100000001	0.971763	0.97883	4	0	0
1	100500001	0.913794	0.97883	4	0	0
1	101000001	0.996255	0.97883	4	0	0
1	101500001	0.967002	0.97883	4	0	0
1	102000001	0.953323	0.97883	4	0	0
1	102500001	1.01626	0.97883	4	0	0
1	103000001	0.944342	0.97883	4	0	0
1	103500001	0.928243	0.97883	4	0	0
1	104000001	0.958329	0.97883	4	0	0
1	104500001	0.961359	0.97883	4	0	0
1	105000001	0.943585	0.97883	4	0	0
1	105500001	0.885405	0.97883	4	0	0
1	106000001	0.95054	0.97883	4	0	0
1	106500001	0.968547	0.97883	4	0	0
1	107000001	0.957452	0.97883	4	0	0
1	107500001	0.996823	0.97883	4	0	0
1	108000001	0.974888	0.97883	4	0	0
1	108500001	1.03174	0.97883	4	0	0
1	109000001	0.993953	0.97883	4	0	0
1	109500001	1.01781	0.97883	4	0	0
1	110000001	1.01246	0.97883	4	0	0
1	110500001	0.984403	0.97883	4	0	0
1	111000001	0.986001	0.97883	4	0	0
1	111500001	1.01072	0.97883	4	0	0
1	112000001	0.954255	0.97883	4	0	0
1	112500001	1.01347	0.97883	4	0	0
1	113000001	1.05957	0.97883	4	0	0
1	113500001	1.02651	0.97883	4	0	0
1	114000001	0.98433	0.97883	4	0	0
1	114500001	1.02642	0.97883	4	0	0
1	115000001	1.06106	0.97883	4	0	0
1	115500001	1.05257	0.97883	4	0	0
1	116000001	1.03563	0.97883	4	0	0
1	116500001	1.03439	0.97883	4	0	0
1	117000001	1.04764	0.97883	4	0	0
1	117500001	1.0241	0.97883	4	0	0
1	118000001	0.984813	0.97883	4	0	0
1	118500001	0.9547	0.97883	4	0	0
1	119000001	0.965481	0.97883	4	0	0
1	119500001	1.07527	0.97883	4	0	0
1	120000001	0.821865	0.97883	4	0	0
1	120500001	0.55049	0.97883	4	0	0
1	121000001	0.954143	0.97883	4	0	0
1	121500001	0.986153	0.97883	4	0	0
1	122000001	0.506426	0.97883	4	0	0
1	122500001	1.77049	1.74267	7	0	0
1	123000001	1.71485	1.74267	7	0	0
1	123500001	2.22421	2.39812	10	0	0
1	124000001	2.57202	2.39812	10	0	0
1	124500001	3.497	3.497	14	0	0
1	125000001	-1	-1	-1	0	0
1	125500001	-1	-1	-1	0	0
1	126000001	-1	-1	-1	0	0
1	126500001	-1	-1	-1	0	0
1	127000001	-1	-1	-1	0	0
1	127500001	-1	-1	-1	0	0
1	128000001	-1	-1	-1	0	0
1	128500001	-1	-1	-1	0	0
1	129000001	-1	-1	-1	0	0
1	129500001	-1	-1	-1	0	0
1	130000001	-1	-1	-1	0	0
1	130500001	-1	-1	-1	0	0
1	131000001	-1	-1	-1	0	0
1	131500001	-1	-1	-1	0	0
1	132000001	-1	-1	-1	0	0
1	132500001	-1	-1	-1	0	0
1	133000001	-1	-1	-1	0	0
1	133500001	-1	-1	-1	0	0
1	134000001	-1	-1	-1	0	0
1	134500001	-1	-1	-1	0	0
1	135000001	-1	-1	-1	0	0
1	135500001	-1	-1	-1	0	0
1	136000001	-1	-1	-1	0	0
1	136500001	-1	-1	-1	0	0
1	137000001	-1	-1	-1	0	0
1	137500001	-1	-1	-1	0	0
1	138000001	-1	-1	-1	0	0
1	138500001	-1	-1	-1	0	0
1	139000001	-1	-1	-1	0	0
1	139500001	-1	-1	-1	0	0
1	140000001	-1	-1	-1	0	0
1	140500001	-1	-1	-1	0	0
1	141000001	-1	-1	-1	0	0
1	141500001	-1	-1	-1	0	0
1	142000001	-1	-1	-1	0	0
1	142500001	-1	-1	-1	0	0
1	143000001	-1	-1	-1	0	0
1	143500001	0.975866	1.02058	4	0	0
1	144000001	1.04234	1.02058	4	0	0
1	144500001	1.05973	1.02058	4	0	0
1	145000001	1.1447	1.02058	4	0	0
1	145500001	1.02716	1.02058	4	0	0
1	146000001	1.00334	1.02058	4	0	0
1	146500001	1.04108	1.02058	4	0	0
1	147000001	1.03039	1.02058	4	0	0
1	147500001	0.961281	1.02058	4	0	0
1	148000001	1.07825	1.02058	4	0	0
1	148500001	1.16639	1.02058	4	0	0
1	149000001	1.03096	1.02058	4	0	0
1	149500001	0.928715	1.02058	4	0	0
1	150000001	1.01855	1.02058	4	0	0
1	150500001	0.988074	1.02058	4	0	0
1	151000001	1.00146	1.02058	4	0	0
1	151500001	1.02221	1.02058	4	0	0
1	152000001	1.02058	1.02058	4	0	0
1	152500001	1.08182	1.02058	4	0	0
1	153000001	1.07379	1.02058	4	0	0
1	153500001	1.03323	1.02058	4	0	0
1	154000001	0.994443	1.02058	4	0	0
1	154500001	0.988043	1.02058	4	0	0
1	155000001	0.990918	1.02058	4	0	0
1	155500001	1.02166	1.02058	4	0	0
1	156000001	1.04911	1.02058	4	0	0
1	156500001	1.03703	1.02058	4	0	0
1	157000001	1.03904	1.02058	4	0	0
1	157500001	0.966685	1.02058	4	0	0
1	158000001	0.944433	1.02058	4	0	0
1	158500001	0.962667	1.02058	4	0	0
1	159000001	1.02989	1.02058	4	0	0
1	159500001	1.03074	1.02058	4	0	0
1	160000001	1.0343	1.02058	4	0	0
1	160500001	0.989046	1.02058	4	0	0
1	161000001	1.16633	1.02058	4	0	0
1	161500001	1.00809	1.02058	4	0	0
1	162000001	1.01075	1.02058	4	0	0
1	162500001	1.03441	1.02058	4	0	0
1	163000001	1.01808	1.02058	4	0	0
1	163500001	1.03218	1.02058	4	0	0
1	164000001	1.11369	1.02058	4	0	0
1	164500001	1.00948	1.02058	4	0	0
1	165000001	1.00418	1.02058	4	0	0
1	165500001	0.980276	1.02058	4	0	0
1	166000001	0.965312	1.02058	4	0	0
1	166500001	0.965942	1.02058	4	0	0
1	167000001	1.04681	1.02058	4	0	0
1	167500001	1.09233	1.02058	4	0	0
1	168000001	1.01763	1.02058	4	0	0
1	168500001	1.05029	1.02058	4	0	0
1	169000001	1.0065	1.02058	4	0	0
1	169500001	0.974732	1.02058	4	0	0
1	170000001	1.01219	1.02058	4	0	0
1	170500001	0.93963	1.02058	4	0	0
1	171000001	0.942745	1.02058	4	0	0
1	171500001	0.991895	1.02058	4	0	0
1	172000001	1.06939	1.02058	4	0	0
1	172500001	1.10837	1.02058	4	0	0
1	173000001	1.5392	1.53846	6	0	0
1	173500001	1.55268	1.53846	6	0	0
1	174000001	1.56143	1.53846	6	0	0
1	174500001	1.47907	1.53846	6	0	0
1	175000001	1.53006	1.53846	6	0	0
1	175500001	1.41782	1.53846	6	0	0
1	176000001	1.4617	1.53846	6	0	0
1	176500001	1.42154	1.53846	6	0	0
1	177000001	1.39312	1.53846	6	0	0
1	177500001	1.53242	1.53846	6	0	0
1	178000001	1.70277	1.53846	6	0	0
1	178500001	1.64885	1.53846	6	0	0
1	179000001	1.54099	1.53846	6	0	0
1	179500001	1.54979	1.53846	6	0	0
1	180000001	1.66301	1.53846	6	0	0
1	180500001	1.57798	1.53846	6	0	0
1	181000001	1.58652	1.53846	6	0	0
1	181500001	1.49823	1.53846	6	0	0
1	182000001	1.53277	1.53846	6	0	0
1	182500001	1.64823	1.53846	6	0	0
1	183000001	1.62885	1.53846	6	0	0
1	183500001	1.64656	1.53846	6	0	0
1	184000001	1.53417	1.53846	6	0	0
1	184500001	1.5869	1.53846	6	0	0
1	185000001	1.58615	1.53846	6	0	0
1	185500001	1.60569	1.53846	6	0	0
1	186000001	1.66616	1.53846	6	0	0
1	186500001	1.52978	1.53846	6	0	0
1	187000001	1.57702	1.53846	6	0	0
1	187500001	1.57798	1.53846	6	0	0
1	188000001	1.59949	1.53846	6	0	0
1	188500001	1.60374	1.53846	6	0	0
1	189000001	1.61023	1.53846	6	0	0
1	189500001	1.56989	1.53846	6	0	0
1	190000001	1.61732	1.53846	6	0	0
1	190500001	1.54213	1.53846	6	0	0
1	191000001	1.55575	1.53846	6	0	0
1	191500001	1.52771	1.53846	6	0	0
1	192000001	1.56748	1.53846	6	0	0
1	192500001	1.595	1.53846	6	0	0
1	193000001	1.53877	1.53846	6	0	0
1	193500001	1.59632	1.53846	6	0	0
1	194000001	1.53884	1.53846	6	0	0
1	194500001	1.51562	1.53846	6	0	0
1	195000001	1.56266	1.53846	6	0	0
1	195500001	1.55831	1.53846	6	0	0
1	196000001	1.54803	1.53846	6	0	0
1	196500001	1.55391	1.53846	6	0	0
1	197000001	1.6082	1.53846	6	0	0
1	197500001	1.67481	1.53846	6	0	0
1	198000001	1.75729	1.53846	6	0	0
1	198500001	1.70177	1.53846	6	0	0
1	199000001	1.59948	1.53846	6	0	0
1	199500001	1.59932	1.53846	6	0	0
1	200000001	1.54864	1.53846	6	0	0
1	200500001	1.59395	1.53846	6	0	0
1	201000001	1.58473	1.53846	6	0	0
1	201500001	1.59246	1.53846	6	0	0
1	202000001	1.52694	1.53846	6	0	0
1	202500001	1.55658	1.53846	6	0	0
1	203000001	1.57144	1.53846	6	0	0
1	203500001	1.59377	1.53846	6	0	0
1	204000001	1.53877	1.53846	6	0	0
1	204500001	1.51796	1.53846	6	0	0
1	205000001	1.5395	1.53846	6	0	0
1	205500001	1.50875	1.53846	6	0	0
1	206000001	1.52125	1.53846	6	0	0
1	206500001	1.54843	1.53846	6	0	0
1	207000001	1.57024	1.53846	6	0	0
1	207500001	1.51046	1.53846	6	0	0
1	208000001	1.49517	1.53846	6	0	0
1	208500001	1.49148	1.53846	6	0	0
1	209000001	1.61704	1.53846	6	0	0
1	209500001	1.58076	1.53846	6	0	0
1	210000001	1.54388	1.53846	6	0	0
1	210500001	1.42295	1.53846	6	0	0
1	211000001	1.50969	1.53846	6	0	0
1	211500001	1.54978	1.53846	6	0	0
1	212000001	1.54274	1.53846	6	0	0
1	212500001	1.50866	1.53846	6	0	0
1	213000001	1.53014	1.53846	6	0	0
1	213500001	1.4422	1.53846	6	0	0
1	214000001	1.56368	1.53846	6	0	0
1	214500001	1.59288	1.53846	6	0	0
1	215000001	1.59479	1.53846	6	0	0
1	215500001	1.50294	1.53846	6	0	0
1	216000001	1.44821	1.53846	6	0	0
1	216500001	1.40896	1.53846	6	0	0
1	217000001	1.43044	1.53846	6	0	0
1	217500001	1.49993	1.53846	6	0	0
1	218000001	1.58873	1.53846	6	0	0
1	218500001	1.58383	1.53846	6	0	0
1	219000001	1.54371	1.53846	6	0	0
1	219500001	1.45718	1.53846	6	0	0
1	220000001	1.56378	1.53846	6	0	0
1	220500001	1.51261	1.53846	6	0	0
1	221000001	1.56242	1.53846	6	0	0
1	221500001	1.54058	1.53846	6	0	0
1	222000001	1.53816	1.53846	6	0	0
1	222500001	1.55574	1.53846	6	0	0
1	223000001	1.47668	1.53846	6	0	0
1	223500001	1.55584	1.53846	6	0	0
1	224000001	1.53609	1.53846	6	0	0
1	224500001	1.56041	1.53846	6	0	0
1	225000001	1.60325	1.53846	6	0	0
1	225500001	1.50238	1.53846	6	0	0
1	226000001	1.47741	1.53846	6	0	0
1	226500001	1.49319	1.53846	6	0	0
1	227000001	1.59824	1.53846	6	0	0
1	227500001	1.54902	1.53846	6	0	0
1	228000001	1.48855	1.53846	6	0	0
1	228500001	1.89235	1.53846	6	0	0
1	229000001	1.49369	1.53846	6	0	0
1	229500001	1.53298	1.53846	6	0	0
1	230000001	1.48307	1.53846	6	0	0
1	230500001	1.44516	1.53846	6	0	0
1	231000001	1.48474	1.53846	6	0	0
1	231500001	1.34277	1.53846	6	0	0
1	232000001	1.08106	1.53846	6	0	0
1	232500001	1.46137	1.53846	6	0	0
1	233000001	1.48248	1.53846	6	0	0
1	233500001	1.52412	1.53846	6	0	0
1	234000001	1.51917	1.53846	6	0	0
1	234500001	1.63178	1.53846	6	0	0
1	235000001	1.50572	1.53846	6	0	0
1	235500001	1.56908	1.53846	6	0	0
1	236000001	1.51753	1.53846	6	0	0
1	236500001	1.50124	1.53846	6	0	0
1	237000001	1.45325	1.53846	6	0	0
1	237500001	1.45514	1.53846	6	0	0
1	238000001	1.41488	1.53846	6	0	0
1	238500001	1.49865	1.53846	6	0	0
1	239000001	1.47314	1.53846	6	0	0
1	239500001	1.44761	1.53846	6	0	0
1	240000001	1.45458	1.53846	6	0	0
1	240500001	1.52867	1.53846	6	0	0
1	241000001	1.49136	1.53846	6	0	0
1	241500001	1.58136	1.53846	6	0	0
1	242000001	1.42431	1.53846	6	0	0
1	242500001	1.38163	1.53846	6	0	0
1	243000001	1.41231	1.53846	6	0	0
1	243500001	1.5337	1.53846	6	0	0
1	244000001	1.49086	1.53846	6	0	0
1	244500001	1.44844	1.53846	6	0	0
1	245000001	1.46139	1.53846	6	0	0
1	245500001	1.45643	1.53846	6	0	0
1	246000001	1.51792	1.53846	6	0	0
1	246500001	1.50093	1.53846	6	0	0
1	247000001	1.46035	1.53846	6	0	0
1	247500001	1.40437	1.53846	6	0	0
1	248000001	1.4251	1.53846	6	0	0
1	248500001	1.2172	1.53846	6	0	0
10	1	1.68657	1.75961	7	0	0
10	500001	1.75375	1.75961	7	0	0
10	1000001	1.70897	1.75961	7	0	0
10	1500001	1.72586	1.75961	7	0	0
10	2000001	1.75961	1.75961	7	0	0
10	2500001	1.7204	1.75961	7	0	0
10	3000001	1.7671	1.75961	7	0	0
10	3500001	1.83075	1.75961	7	0	0
10	4000001	1.85366	1.75961	7	0	0
10	4500001	1.92412	1.75961	7	0	0
10	5000001	1.91251	1.75961	7	0	0
10	5500001	1.82289	1.75961	7	0	0
10	6000001	1.73338	1.75961	7	0	0
10	6500001	1.75262	2.28348	9	0	0
10	7000001	1.70178	2.28348	9	0	0
10	7500001	2.28348	2.28348	9	0	0
10	8000001	2.78792	2.28348	9	0	0
10	8500001	2.97124	2.28348	9	0	0
10	9000001	2.05907	1.74729	7	0	0
10	9500001	1.76123	1.74729	7	0	0
10	10000001	1.64886	1.74729	7	0	0
10	10500001	1.74555	1.74729	7	0	0
10	11000001	1.764	1.74729	7	0	0
10	11500001	1.86817	1.74729	7	0	0
10	12000001	1.77407	1.74729	7	0	0
10	12500001	1.79631	1.74729	7	0	0
10	13000001	1.74904	1.74729	7	0	0
10	13500001	1.83121	1.74729	7	0	0
10	14000001	1.76803	1.74729	7	0	0
10	14500001	1.84717	1.74729	7	0	0
10	15000001	1.74545	1.74729	7	0	0
10	15500001	1.67849	1.74729	7	0	0
10	16000001	1.66393	1.74729	7	0	0
10	16500001	1.64624	1.74729	7	0	0
10	17000001	1.73902	1.74729	7	0	0
10	17500001	1.7881	1.74729	7	0	0
10	18000001	1.58989	1.74729	7	0	0
10	18500001	1.57685	1.74729	7	0	0
10	19000001	1.59958	1.74729	7	0	0
10	19500001	1.56069	1.74729	7	0	0
10	20000001	0.847225	0.783397	3	0	0
10	20500001	0.763783	0.783397	3	0	0
10	21000001	0.783397	0.783397	3	0	0
10	21500001	0.808923	0.783397	3	0	0
10	22000001	0.790848	0.783397	3	0	0
10	22500001	0.743684	0.783397	3	0	0
10	23000001	0.697028	0.783397	3	0	0
10	23500001	0.506065	0.515983	2	0	0
10	24000001	0.513492	0.515983	2	0	0
10	24500001	0.538029	0.515983	2	0	0
10	25000001	0.545034	0.515983	2	0	0
10	25500001	0.513328	0.515983	2	0	0
10	26000001	0.469068	0.515983	2	0	0
10	26500001	0.506936	0.515983	2	0	0
10	27000001	0.510674	0.515983	2	0	0
10	27500001	0.536666	0.515983	2	0	0
10	28000001	0.520523	0.515983	2	0	0
10	28500001	0.520427	0.515983	2	0	0
10	29000001	0.518473	0.515983	2	0	0
10	29500001	0.861592	1.02035	4	0	0
10	30000001	0.963454	1.02035	4	0	0
10	30500001	0.989674	1.02035	4	0	0
10	31000001	1.01685	1.02035	4	0	0
10	31500001	1.25578	1.02035	4	0	0
10	32000001	1.13415	1.02035	4	0	0
10	32500001	1.0838	1.02035	4	0	0
10	33000001	1.07554	1.02035	4	0	0
10	33500001	1.01928	1.02035	4	0	0
10	34000001	0.980087	1.02035	4	0	0
10	34500001	1.05379	1.02035	4	0	0
10	35000001	1.05455	1.02035	4	0	0
10	35500001	1.0257	1.02035	4	0	0
10	36000001	1.02142	1.02035	4	0	0
10	36500001	1.04327	1.02035	4	0	0
10	37000001	0.97254	1.02035	4	0	0
10	37500001	0.923765	1.02035	4	0	0
10	38000001	0.926973	1.02035	4	0	0
10	38500001	1.04099	1.02035	4	0	0
10	39000001	0.962747	1.02035	4	0	0
10	39500001	0.422348	0.422348	2	0	0
10	40000001	1.58515	1.80095	7	0	0
10	40500001	2.01675	1.80095	7	0	0
10	41000001	1.03384	1.03384	4	0	0
10	41500001	-1	-1	-1	0	0
10	42000001	3.37644	3.37644	14	0	0
10	42500001	1.44625	1.26507	5	0	0
10	43000001	1.32692	1.26507	5	0	0
10	43500001	1.20058	1.26507	5	0	0
10	44000001	1.17004	1.26507	5	0	0
10	44500001	1.22329	1.26507	5	0	0
10	45000001	1.18766	1.26507	5	0	0
10	45500001	1.22925	1.26507	5	0	0
10	46000001	1.23986	1.26507	5	0	0
10	46500001	1.45447	1.26507	5	0	0
10	47000001	1.339	1.26507	5	0	0
10	47500001	-1	1.26507	5	0	0
10	48000001	1.32152	1.26507	5	0	0
10	48500001	1.27717	1.26507	5	0	0
10	49000001	1.28355	1.26507	5	0	0
10	49500001	1.28762	1.26507	5	0	0
10	50000001	1.24531	1.26507	5	0	0
10	50500001	1.25296	1.26507	5	0	0
10	51000001	1.18782	1.26507	5	0	0
10	51500001	1.23562	1.26507	5	0	0
10	52000001	1.35117	1.26507	5	0	0
10	52500001	1.32831	1.26507	5	0	0
10	53000001	1.51533	1.68269	7	0	0
10	53500001	1.73757	1.68269	7	0	0
10	54000001	1.68275	1.68269	7	0	0
10	54500001	1.68262	1.68269	7	0	0
10	55000001	1.25304	1.25832	5	0	0
10	55500001	1.13431	1.25832	5	0	0
10	56000001	1.23699	1.25832	5	0	0
10	56500001	1.189	1.25832	5	0	0
10	57000001	1.23704	1.25832	5	0	0
10	57500001	1.17942	1.25832	5	0	0
10	58000001	1.17798	1.25832	5	0	0
10	58500001	1.20088	1.25832	5	0	0
10	59000001	1.21264	1.25832	5	0	0
10	59500001	1.21392	1.25832	5	0	0
10	60000001	1.2552	1.25832	5	0	0
10	60500001	1.28755	1.25832	5	0	0
10	61000001	1.2856	1.25832	5	0	0
10	61500001	1.30434	1.25832	5	0	0
10	62000001	1.40009	1.25832	5	0	0
10	62500001	1.21875	1.25832	5	0	0
10	63000001	1.29164	1.25832	5	0	0
10	63500001	1.26143	1.25832	5	0	0
10	64000001	1.16986	1.25832	5	0	0
10	64500001	1.24133	1.25832	5	0	0
10	65000001	1.27959	1.25832	5	0	0
10	65500001	1.27374	1.25832	5	0	0
10	66000001	1.27413	1.25832	5	0	0
10	66500001	1.27821	1.25832	5	0	0
10	67000001	1.22425	1.25832	5	0	0
10	67500001	1.25687	1.25832	5	0	0
10	68000001	1.28513	1.25832	5	0	0
10	68500001	1.24886	1.25832	5	0	0
10	69000001	1.24669	1.25832	5	0	0
10	69500001	1.28851	1.25832	5	0	0
10	70000001	1.24478	1.25832	5	0	0
10	70500001	1.22667	1.25832	5	0	0
10	71000001	1.25915	1.25832	5	0	0
10	71500001	1.29976	1.25832	5	0	0
10	72000001	1.31367	1.25832	5	0	0
10	72500001	1.30511	1.25832	5	0	0
10	73000001	1.27786	1.25832	5	0	0
10	73500001	1.31063	1.25832	5	0	0
10	74000001	1.32187	1.25832	5	0	0
10	74500001	1.30854	1.25832	5	0	0
10	75000001	1.23749	1.25832	5	0	0
10	75500001	0.992314	1.25832	5	0	0
10	76000001	1.16559	1.25832	5	0	0
10	76500001	1.22557	1.25832	5	0	0
10	77000001	1.23458	1.25832	5	0	0
10	77500001	1.25652	1.25832	5	0	0
10	78000001	1.22485	1.25832	5	0	0
10	78500001	1.23776	1.25832	5	0	0
10	79000001	1.27794	1.25832	5	0	0
10	79500001	1.28203	1.25832	5	0	0
10	80000001	1.23345	1.25832	5	0	0
10	80500001	1.228	1.25832	5	0	0
10	81000001	1.20113	1.25832	5	0	0
10	81500001	1.15593	1.25832	5	0	0
10	82000001	1.13716	1.25832	5	0	0
10	82500001	1.14969	1.25832	5	0	0
10	83000001	1.16132	1.25832	5	0	0
10	83500001	1.13652	1.25832	5	0	0
10	84000001	1.22969	1.25832	5	0	0
10	84500001	1.16329	1.25832	5	0	0
10	85000001	1.18349	1.25832	5	0	0
10	85500001	1.20276	1.25832	5	0	0
10	86000001	1.21938	1.25832	5	0	0
10	86500001	1.33152	1.25832	5	0	0
10	87000001	1.27579	1.25832	5	0	0
10	87500001	1.34204	1.25832	5	0	0
10	88000001	1.29517	1.25832	5	0	0
10	88500001	1.34602	1.25832	5	0	0
10	89000001	1.37629	1.25832	5	0	0
10	89500001	1.30397	1.25832	5	0	0
10	90000001	1.35175	1.25832	5	0	0
10	90500001	1.35033	1.25832	5	0	0
10	91000001	1.3192	1.25832	5	0	0
10	91500001	1.30955	1.25832	5	0	0
10	92000001	1.29648	1.25832	5	0	0
10	92500001	1.28781	1.25832	5	0	0
10	93000001	1.32855	1.25832	5	0	0
10	93500001	1.2632	1.25832	5	0	0
10	94000001	1.30132	1.25832	5	0	0
10	94500001	1.28253	1.25832	5	0	0
10	95000001	1.37814	1.25832	5	0	0
10	95500001	1.28051	1.25832	5	0	0
10	96000001	1.30103	1.25832	5	0	0
10	96500001	1.28032	1.25832	5	0	0
10	97000001	1.28045	1.25832	5	0	0
10	97500001	1.27422	1.25832	5	0	0
10	98000001	1.25803	1.25832	5	0	0
10	98500001	1.18041	1.25832	5	0	0
10	99000001	1.18167	1.25832	5	0	0
10	99500001	1.26682	1.25832	5	0	0
10	100000001	1.23991	1.25832	5	0	0
10	100500001	1.23491	1.25832	5	0	0
10	101000001	1.24214	1.25832	5	0	0
10	101500001	1.28217	1.25832	5	0	0
10	102000001	1.19161	1.25832	5	0	0
10	102500001	1.181	1.25832	5	0	0
10	103000001	1.25832	1.25832	5	0	0
10	103500001	1.30798	1.25832	5	0	0
10	104000001	1.31059	1.25832	5	0	0
10	104500001	1.18267	1.19412	5	0	0
10	105000001	1.12997	1.19412	5	0	0
10	105500001	1.17669	1.19412	5	0	0
10	106000001	1.25548	1.19412	5	0	0
10	106500001	1.18865	1.19412	5	0	0
10	107000001	1.1709	1.19412	5	0	0
10	107500001	1.1346	1.19412	5	0	0
10	108000001	1.11786	1.19412	5	0	0
10	108500001	1.11789	1.19412	5	0	0
10	109000001	1.12753	1.19412	5	0	0
10	109500001	1.26686	1.19412	5	0	0
10	110000001	1.31392	1.19412	5	0	0
10	110500001	1.24781	1.19412	5	0	0
10	111000001	1.21068	1.19412	5	0	0
10	111500001	1.16104	1.19412	5	0	0
10	112000001	1.19322	1.19412	5	0	0
10	112500001	1.15359	1.19412	5	0	0
10	113000001	1.20871	1.19412	5	0	0
10	113500001	1.29175	1.19412	5	0	0
10	114000001	1.2533	1.19412	5	0	0
10	114500001	1.28566	1.19412	5	0	0
10	115000001	1.28666	1.19412	5	0	0
10	115500001	1.12784	1.19412	5	0	0
10	116000001	1.19502	1.19412	5	0	0
10	116500001	1.25454	1.19412	5	0	0
10	117000001	1.23409	1.19412	5	0	0
10	117500001	1.15145	1.19412	5	0	0
10	118000001	1.20795	1.19412	5	0	0
10	118500001	1.30484	1.19412	5	0	0
10	119000001	1.2421	1.19412	5	0	0
10	119500001	1.09012	1.19412	5	0	0
10	120000001	1.15533	1.19412	5	0	0
10	120500001	1.15713	1.19412	5	0	0
10	121000001	1.20381	1.19412	5	0	0
10	121500001	1.26759	1.19412	5	0	0
10	122000001	1.30104	1.19412	5	0	0
10	122500001	1.21109	1.19412	5	0	0
10	123000001	1.25633	1.19412	5	0	0
10	123500001	1.20401	1.19412	5	0	0
10	124000001	1.22868	1.19412	5	0	0
10	124500001	1.25841	1.19412	5	0	0
10	125000001	1.21078	1.19412	5	0	0
10	125500001	1.28569	1.19412	5	0	0
10	126000001	1.25781	1.19412	5	0	0
10	126500001	1.16522	1.19412	5	0	0
10	127000001	1.15882	1.19412	5	0	0
10	127500001	1.1803	1.19412	5	0	0
10	128000001	1.19611	1.19412	5	0	0
10	128500001	1.16653	1.19412	5	0	0
10	129000001	1.13843	1.19412	5	0	0
10	129500001	1.09517	1.19412	5	0	0
10	130000001	1.07677	1.19412	5	0	0
10	130500001	1.06161	1.19412	5	0	0
10	131000001	1.11645	1.19412	5	0	0
10	131500001	1.16629	1.19412	5	0	0
10	132000001	1.18433	1.19412	5	0	0
10	132500001	1.20652	1.19412	5	0	0
10	133000001	1.18498	1.19412	5	0	0
10	133500001	-1	-1	-1	0	0
11	1	0.558613	0.558613	2	0	0
11	500001	1.51006	1.6768	7	0	0
11	1000001	1.84355	1.6768	7	0	0
11	1500001	0.739802	0.491971	2	0	0
11	2000001	0.479591	0.491971	2	0	0
11	2500001	0.502882	0.491971	2	0	0
11	3000001	0.462734	0.491971	2	0	0
11	3500001	0.484935	0.491971	2	0	0
11	4000001	0.481441	0.491971	2	0	0
11	4500001	0.491971	0.491971	2	0	0
11	5000001	0.517633	0.491971	2	0	0
11	5500001	0.509382	0.491971	2	0	0
11	6000001	1.47901	1.73199	7	0	0
11	6500001	1.98497	1.73199	7	0	0
11	7000001	0.832566	0.832566	3	0	0
11	7500001	0.508748	0.832566	3	0	0
11	8000001	1.19067	0.832566	3	0	0
11	8500001	1.91614	1.91614	8	0	0
11	9000001	1.57095	1.91614	8	0	0
11	9500001	1.94308	1.91614	8	0	0
11	10000001	0.539239	0.543571	2	0	0
11	10500001	0.543571	0.543571	2	0	0
11	11000001	0.808785	0.543571	2	0	0
11	11500001	2.09502	1.94302	8	0	0
11	12000001	2.03097	1.94302	8	0	0
11	12500001	2.13488	1.94302	8	0	0
11	13000001	2.01574	1.94302	8	0	0
11	13500001	2.0501	1.94302	8	0	0
11	14000001	2.05847	1.94302	8	0	0
11	14500001	1.97972	1.94302	8	0	0
11	15000001	1.81354	1.94302	8	0	0
11	15500001	1.79256	1.94302	8	0	0
11	16000001	2.00127	1.94302	8	0	0
11	16500001	1.97269	1.94302	8	0	0
11	17000001	1.9085	1.94302	8	0	0
11	17500001	1.87403	1.94302	8	0	0
11	18000001	1.91508	1.94302	8	0	0
11	18500001	2.00164	1.94302	8	0	0
11	19000001	2.00088	1.94302	8	0	0
11	19500001	1.94403	1.94302	8	0	0
11	20000001	1.91938	1.94302	8	0	0
11	20500001	1.82311	1.94302	8	0	0
11	21000001	1.82223	1.94302	8	0	0
11	21500001	1.80001	1.94302	8	0	0
11	22000001	1.85377	1.94302	8	0	0
11	22500001	1.85188	1.94302	8	0	0
11	23000001	1.93904	1.94302	8	0	0
11	23500001	1.90116	1.94302	8	0	0
11	24000001	1.98059	1.94302	8	0	0
11	24500001	1.90859	1.94302	8	0	0
11	25000001	1.93274	1.94302	8	0	0
11	25500001	1.86822	1.94302	8	0	0
11	26000001	2.00776	1.94302	8	0	0
11	26500001	1.976	1.94302	8	0	0
11	27000001	1.94302	1.94302	8	0	0
11	27500001	1.96995	1.94302	8	0	0
11	28000001	2.06502	1.94302	8	0	0
11	28500001	1.99426	1.94302	8	0	0
11	29000001	2.20488	1.94302	8	0	0
11	29500001	1.99731	1.94302	8	0	0
11	30000001	1.77938	1.94302	8	0	0
11	30500001	1.83823	1.94302	8	0	0
11	31000001	1.89515	1.94302	8	0	0
11	31500001	1.92215	1.94302	8	0	0
11	32000001	1.11789	1.11789	4	0	0
11	32500001	0.519333	0.519333	2	0	0
11	33000001	3.2934	4.00889	16	0	0
11	33500001	4.82343	4.00889	16	0	0
11	34000001	4.00889	4.00889	16	0	0
11	34500001	5.73144	6.11086	24	0	0
11	35000001	6.11086	6.11086	24	0	0
11	35500001	6.20479	6.11086	24	0	0
11	36000001	3.18444	3.10179	12	0	0
11	36500001	2.92435	3.10179	12	0	0
11	37000001	3.21134	3.10179	12	0	0
11	37500001	3.0767	3.10179	12	0	0
11	38000001	3.05501	3.10179	12	0	0
11	38500001	3.12687	3.10179	12	0	0
11	39000001	1.74397	1.74397	7	0	0
11	39500001	1.10598	0.920079	4	0	0
11	40000001	0.906673	0.920079	4	0	0
11	40500001	0.911663	0.920079	4	0	0
11	41000001	0.888718	0.920079	4	0	0
11	41500001	0.874969	0.920079	4	0	0
11	42000001	0.903546	0.920079	4	0	0
11	42500001	0.884558	0.920079	4	0	0
11	43000001	0.934987	0.920079	4	0	0
11	43500001	0.931449	0.920079	4	0	0
11	44000001	0.909094	0.920079	4	0	0
11	44500001	0.928495	0.920079	4	0	0
11	45000001	0.956936	0.920079	4	0	0
11	45500001	0.944348	0.920079	4	0	0
11	46000001	1.0263	0.920079	4	0	0
11	46500001	1.60353	1.37781	6	0	0
11	47000001	1.78844	1.37781	6	0	0
11	47500001	1.68417	1.37781	6	0	0
11	48000001	1.06812	1.37781	6	0	0
11	48500001	1.00917	1.37781	6	0	0
11	49000001	1.38266	1.37781	6	0	0
11	49500001	1.37296	1.37781	6	0	0
11	50000001	1.36444	1.37781	6	0	0
11	50500001	-1	-1	-1	0	0
11	51000001	-1	-1	-1	0	0
11	51500001	2.32352	2.13467	9	0	0
11	52000001	1.94581	2.13467	9	0	0
11	52500001	1.40334	1.38854	6	0	0
11	53000001	1.38248	1.38854	6	0	0
11	53500001	1.23805	1.38854	6	0	0
11	54000001	-1	1.38854	6	0	0
11	54500001	1.39854	1.38854	6	0	0
11	55000001	1.32838	1.38854	6	0	0
11	55500001	1.39243	1.38854	6	0	0
11	56000001	1.38854	1.38854	6	0	0
11	56500001	2.0647	2.22407	9	0	0
11	57000001	2.22824	2.22407	9	0	0
11	57500001	2.23151	2.22407	9	0	0
11	58000001	2.21991	2.22407	9	0	0
11	58500001	1.17894	1.00682	4	0	0
11	59000001	0.973132	1.00682	4	0	0
11	59500001	0.979176	1.00682	4	0	0
11	60000001	0.949718	1.00682	4	0	0
11	60500001	0.998391	1.00682	4	0	0
11	61000001	1.03565	1.00682	4	0	0
11	61500001	1.02654	1.00682	4	0	0
11	62000001	1.04074	1.00682	4	0	0
11	62500001	1.02695	1.00682	4	0	0
11	63000001	1.01912	1.00682	4	0	0
11	63500001	1.00311	1.00682	4	0	0
11	64000001	1.00682	1.00682	4	0	0
11	64500001	1.00579	1.00682	4	0	0
11	65000001	1.55953	1.52719	6	0	0
11	65500001	1.63163	1.52719	6	0	0
11	66000001	1.51623	1.52719	6	0	0
11	66500001	1.56794	1.52719	6	0	0
11	67000001	1.52458	1.52719	6	0	0
11	67500001	1.47217	1.52719	6	0	0
11	68000001	1.48906	1.52719	6	0	0
11	68500001	1.5143	1.52719	6	0	0
11	69000001	1.5835	1.52719	6	0	0
11	69500001	1.5265	1.52719	6	0	0
11	70000001	1.49684	1.52719	6	0	0
11	70500001	1.48861	1.52719	6	0	0
11	71000001	1.53255	1.52719	6	0	0
11	71500001	1.4799	1.52719	6	0	0
11	72000001	1.61656	1.52719	6	0	0
11	72500001	1.52787	1.52719	6	0	0
11	73000001	1.55878	1.52719	6	0	0
11	73500001	1.49477	1.52719	6	0	0
11	74000001	1.53484	1.52719	6	0	0
11	74500001	1.58303	1.52719	6	0	0
11	75000001	1.5419	1.52719	6	0	0
11	75500001	1.5171	1.52719	6	0	0
11	76000001	1.5131	1.52719	6	0	0
11	76500001	1.5369	1.52719	6	0	0
11	77000001	2.26974	2.55009	10	0	0
11	77500001	2.6838	2.55009	10	0	0
11	78000001	2.69792	2.55009	10	0	0
11	78500001	2.61286	2.55009	10	0	0
11	79000001	2.43122	2.55009	10	0	0
11	79500001	2.55009	2.55009	10	0	0
11	80000001	2.40859	2.55009	10	0	0
11	80500001	1.80675	1.89803	8	0	0
11	81000001	1.98931	1.89803	8	0	0
11	81500001	3.04671	3.14042	13	0	0
11	82000001	3.15064	3.14042	13	0	0
11	82500001	3.30972	3.14042	13	0	0
11	83000001	3.14042	3.14042	13	0	0
11	83500001	3.05464	3.14042	13	0	0
11	84000001	1.93671	1.53306	6	0	0
11	84500001	1.44605	1.53306	6	0	0
11	85000001	1.53371	1.53306	6	0	0
11	85500001	1.56647	1.53306	6	0	0
11	86000001	1.59455	1.53306	6	0	0
11	86500001	1.66507	1.53306	6	0	0
11	87000001	1.56316	1.53306	6	0	0
11	87500001	1.46075	1.53306	6	0	0
11	88000001	1.55125	1.53306	6	0	0
11	88500001	1.58605	1.53306	6	0	0
11	89000001	1.49573	1.53306	6	0	0
11	89500001	1.42463	1.53306	6	0	0
11	90000001	1.33912	1.53306	6	0	0
11	90500001	1.55568	1.53306	6	0	0
11	91000001	1.43122	1.53306	6	0	0
11	91500001	1.37822	1.53306	6	0	0
11	92000001	1.39537	1.53306	6	0	0
11	92500001	1.43186	1.53306	6	0	0
11	93000001	1.50735	1.53306	6	0	0
11	93500001	1.51873	1.53306	6	0	0
11	94000001	1.60003	1.53306	6	0	0
11	94500001	1.59996	1.53306	6	0	0
11	95000001	1.56275	1.53306	6	0	0
11	95500001	1.52907	1.53306	6	0	0
11	96000001	1.53688	1.53306	6	0	0
11	96500001	1.54561	1.53306	6	0	0
11	97000001	1.46593	1.53306	6	0	0
11	97500001	1.44711	1.53306	6	0	0
11	98000001	1.4818	1.53306	6	0	0
11	98500001	1.49529	1.53306	6	0	0
11	99000001	1.47303	1.53306	6	0	0
11	99500001	1.47235	1.53306	6	0	0
11	100000001	1.53961	1.53306	6	0	0
11	100500001	1.49346	1.53306	6	0	0
11	101000001	1.48312	1.53306	6	0	0
11	101500001	1.53241	1.53306	6	0	0
11	102000001	1.55146	1.53306	6	0	0
11	102500001	1.66569	1.53306	6	0	0
11	103000001	1.62227	1.53306	6	0	0
11	103500001	1.57379	1.53306	6	0	0
11	104000001	1.52935	1.53306	6	0	0
11	104500001	1.60313	1.53306	6	0	0
11	105000001	1.57195	1.53306	6	0	0
11	105500001	1.57367	1.53306	6	0	0
11	106000001	1.45016	1.53306	6	0	0
11	106500001	1.46398	1.53306	6	0	0
11	107000001	1.42971	1.53306	6	0	0
11	107500001	1.4524	1.53306	6	0	0
11	108000001	1.54425	1.53306	6	0	0
11	108500001	1.61231	1.53306	6	0	0
11	109000001	1.50143	1.53306	6	0	0
11	109500001	1.53813	1.53306	6	0	0
11	110000001	1.59355	1.53306	6	0	0
11	110500001	1.59359	1.53306	6	0	0
11	111000001	2.11631	2.00746	8	0	0
11	111500001	2.00657	2.00746	8	0	0
11	112000001	2.00746	2.00746	8	0	0
11	112500001	1.3692	0.955146	4	0	0
11	113000001	0.957194	0.955146	4	0	0
11	113500001	0.939021	0.955146	4	0	0
11	114000001	0.985013	0.955146	4	0	0
11	114500001	0.939102	0.955146	4	0	0
11	115000001	0.902946	0.955146	4	0	0
11	115500001	0.903673	0.955146	4	0	0
11	116000001	0.907174	0.955146	4	0	0
11	116500001	0.998437	0.955146	4	0	0
11	117000001	0.955146	0.955146	4	0	0
11	117500001	1.08441	0.955146	4	0	0
11	118000001	2.09588	1.98575	8	0	0
11	118500001	1.98575	1.98575	8	0	0
11	119000001	1.57182	1.98575	8	0	0
11	119500001	1.46373	1.49018	6	0	0
11	120000001	1.5478	1.49018	6	0	0
11	120500001	1.41445	1.49018	6	0	0
11	121000001	1.49192	1.49018	6	0	0
11	121500001	1.47011	1.49018	6	0	0
11	122000001	1.58551	1.49018	6	0	0
11	122500001	1.53756	1.49018	6	0	0
11	123000001	1.45556	1.49018	6	0	0
11	123500001	1.43291	1.49018	6	0	0
11	124000001	1.54472	1.49018	6	0	0
11	124500001	1.511	1.49018	6	0	0
11	125000001	1.49558	1.49018	6	0	0
11	125500001	1.42972	1.49018	6	0	0
11	126000001	0.835192	1.49018	6	0	0
11	126500001	1.24891	1.49018	6	0	0
11	127000001	1.38346	1.49018	6	0	0
11	127500001	1.50308	1.49018	6	0	0
11	128000001	1.56431	1.49018	6	0	0
11	128500001	1.49018	1.49018	6	0	0
11	129000001	1.57607	1.49018	6	0	0
11	129500001	1.5962	1.49018	6	0	0
11	130000001	1.46688	1.49018	6	0	0
11	130500001	1.46632	1.49018	6	0	0
11	131000001	1.3613	1.32337	5	0	0
11	131500001	1.31704	1.32337	5	0	0
11	132000001	1.38403	1.32337	5	0	0
11	132500001	1.30028	1.32337	5	0	0
11	133000001	1.31996	1.32337	5	0	0
11	133500001	1.32337	1.32337	5	0	0
11	134000001	1.34779	1.32337	5	0	0
11	134500001	1.33983	1.32337	5	0	0
11	135000001	0.228109	1.32337	5	0	0
12	1	1.58067	1.58784	6	0	0
12	500001	1.595	1.58784	6	0	0
12	1000001	1.08845	1.00268	4	0	0
12	1500001	1.01232	1.00268	4	0	0
12	2000001	0.997222	1.00268	4	0	0
12	2500001	0.939201	1.00268	4	0	0
12	3000001	0.964972	1.00268	4	0	0
12	3500001	1.01491	1.00268	4	0	0
12	4000001	0.953364	1.00268	4	0	0
12	4500001	0.977313	1.00268	4	0	0
12	5000001	0.965308	1.00268	4	0	0
12	5500001	1.03933	1.00268	4	0	0
12	6000001	1.04388	1.00268	4	0	0
12	6500001	1.04667	1.00268	4	0	0
12	7000001	1.00268	1.00268	4	0	0
12	7500001	0.971594	1.00268	4	0	0
12	8000001	1.15491	1.00268	4	0	0
12	8500001	1.44906	1.51817	6	0	0
12	9000001	1.51403	1.51817	6	0	0
12	9500001	1.59638	1.51817	6	0	0
12	10000001	1.57097	1.51817	6	0	0
12	10500001	1.61849	1.51817	6	0	0
12	11000001	1.58186	1.51817	6	0	0
12	11500001	1.7684	1.51817	6	0	0
12	12000001	1.71315	1.51817	6	0	0
12	12500001	1.55948	1.51817	6	0	0
12	13000001	1.58955	1.51817	6	0	0
12	13500001	1.49893	1.51817	6	0	0
12	14000001	1.47264	1.51817	6	0	0
12	14500001	1.49806	1.51817	6	0	0
12	15000001	1.52389	1.51817	6	0	0
12	15500001	1.54615	1.51817	6	0	0
12	16000001	1.52231	1.51817	6	0	0
12	16500001	1.5036	1.51817	6	0	0
12	17000001	1.45157	1.51817	6	0	0
12	17500001	1.47267	1.51817	6	0	0
12	18000001	1.60108	1.51817	6	0	0
12	18500001	1.58521	1.51817	6	0	0
12	19000001	1.57438	1.51817	6	0	0
12	19500001	1.42579	1.51817	6	0	0
12	20000001	1.42972	1.51817	6	0	0
12	20500001	1.42114	1.51817	6	0	0
12	21000001	1.48675	1.51817	6	0	0
12	21500001	1.47961	1.51817	6	0	0
12	22000001	1.45364	1.51817	6	0	0
12	22500001	1.45229	1.51817	6	0	0
12	23000001	1.68901	1.51817	6	0	0
12	23500001	1.89368	1.9321	8	0	0
12	24000001	1.90056	1.9321	8	0	0
12	24500001	1.96364	1.9321	8	0	0
12	25000001	1.9773	1.9321	8	0	0
12	25500001	2.0415	2.13074	9	0	0
12	26000001	2.13959	2.13074	9	0	0
12	26500001	2.04036	2.13074	9	0	0
12	27000001	2.12189	2.13074	9	0	0
12	27500001	2.15732	2.13074	9	0	0
12	28000001	2.25758	2.13074	9	0	0
12	28500001	2.16742	2.13074	9	0	0
12	29000001	2.0955	2.13074	9	0	0
12	29500001	1.89739	1.88875	8	0	0
12	30000001	1.88875	1.88875	8	0	0
12	30500001	1.96334	1.88875	8	0	0
12	31000001	1.94917	1.88875	8	0	0
12	31500001	1.60011	1.88875	8	0	0
12	32000001	1.8402	1.88875	8	0	0
12	32500001	1.82726	1.88875	8	0	0
12	33000001	1.57738	1.88875	8	0	0
12	33500001	1.9674	1.88875	8	0	0
12	34000001	1.92639	1.88875	8	0	0
12	34500001	1.77348	1.88875	8	0	0
12	35000001	2.50828	2.50828	10	0	0
12	35500001	1.8989	1.61661	6	0	0
12	36000001	1.62047	1.61661	6	0	0
12	36500001	1.61275	1.61661	6	0	0
12	37000001	1.42621	1.61661	6	0	0
12	37500001	0.923767	1.00501	4	0	0
12	38000001	0.942421	1.00501	4	0	0
12	38500001	0.972847	1.00501	4	0	0
12	39000001	0.923712	1.00501	4	0	0
12	39500001	0.958397	1.00501	4	0	0
12	40000001	0.932316	1.00501	4	0	0
12	40500001	0.940679	1.00501	4	0	0
12	41000001	0.949078	1.00501	4	0	0
12	41500001	0.942657	1.00501	4	0	0
12	42000001	0.951454	1.00501	4	0	0
12	42500001	1.02596	1.00501	4	0	0
12	43000001	1.03238	1.00501	4	0	0
12	43500001	1.0316	1.00501	4	0	0
12	44000001	1.0033	1.00501	4	0	0
12	44500001	1.05293	1.00501	4	0	0
12	45000001	1.02024	1.00501	4	0	0
12	45500001	1.01096	1.00501	4	0	0
12	46000001	1.11043	1.00501	4	0	0
12	46500001	1.14005	1.00501	4	0	0
12	47000001	1.12351	1.00501	4	0	0
12	47500001	1.07325	1.00501	4	0	0
12	48000001	1.03475	1.00501	4	0	0
12	48500001	0.958637	1.00501	4	0	0
12	49000001	0.987527	1.00501	4	0	0
12	49500001	0.965895	1.00501	4	0	0
12	50000001	1.00501	1.00501	4	0	0
12	50500001	1.01695	1.00501	4	0	0
12	51000001	0.972059	1.00501	4	0	0
12	51500001	1.01879	1.00501	4	0	0
12	52000001	1.08248	1.00501	4	0	0
12	52500001	1.03309	1.00501	4	0	0
12	53000001	0.979229	1.00501	4	0	0
12	53500001	1.02077	1.00501	4	0	0
12	54000001	1.07023	1.00501	4	0	0
12	54500001	0.984558	1.00501	4	0	0
12	55000001	1.02341	1.00501	4	0	0
12	55500001	1.0116	1.00501	4	0	0
12	56000001	1.21179	1.00501	4	0	0
12	56500001	1.00999	1.00501	4	0	0
12	57000001	1.00972	1.00501	4	0	0
12	57500001	0.982166	1.00501	4	0	0
12	58000001	0.994495	1.00501	4	0	0
12	58500001	1.02309	1.00501	4	0	0
12	59000001	1.06437	1.00501	4	0	0
12	59500001	0.980686	1.00501	4	0	0
12	60000001	1.0568	1.00501	4	0	0
12	60500001	0.994124	1.00501	4	0	0
12	61000001	1.00828	1.00501	4	0	0
12	61500001	0.955634	1.00501	4	0	0
12	62000001	0.998092	1.00501	4	0	0
12	62500001	1.00323	1.00501	4	0	0
12	63000001	1.02111	1.00501	4	0	0
12	63500001	1.05028	1.00501	4	0	0
12	64000001	1.01744	1.00501	4	0	0
12	64500001	1.00108	1.00501	4	0	0
12	65000001	1.00689	1.00501	4	0	0
12	65500001	1.01037	1.00501	4	0	0
12	66000001	0.995839	1.00501	4	0	0
12	66500001	1.00642	1.00501	4	0	0
12	67000001	1.02794	1.00501	4	0	0
12	67500001	1.03901	1.00501	4	0	0
12	68000001	1.00648	1.00501	4	0	0
12	68500001	0.978152	1.00501	4	0	0
12	69000001	0.988999	1.00501	4	0	0
12	69500001	1.07179	1.00501	4	0	0
12	70000001	1.03719	1.00501	4	0	0
12	70500001	1.00774	1.00501	4	0	0
12	71000001	1.00183	1.00501	4	0	0
12	71500001	1.01344	1.00501	4	0	0
12	72000001	0.991727	1.00501	4	0	0
12	72500001	1.01299	1.00501	4	0	0
12	73000001	1.03461	1.00501	4	0	0
12	73500001	1.02973	1.00501	4	0	0
12	74000001	1.02396	1.00501	4	0	0
12	74500001	1.05169	1.00501	4	0	0
12	75000001	1.10578	1.00501	4	0	0
12	75500001	1.09077	1.00501	4	0	0
12	76000001	1.05316	1.00501	4	0	0
12	76500001	0.999223	1.00501	4	0	0
12	77000001	0.990767	1.00501	4	0	0
12	77500001	0.967451	1.00501	4	0	0
12	78000001	1.00029	1.00501	4	0	0
12	78500001	0.967699	1.00501	4	0	0
12	79000001	1.04577	1.00501	4	0	0
12	79500001	1.05803	1.00501	4	0	0
12	80000001	1.01354	1.00501	4	0	0
12	80500001	0.969674	1.00501	4	0	0
12	81000001	0.94191	1.00501	4	0	0
12	81500001	0.944895	1.00501	4	0	0
12	82000001	0.933787	1.00501	4	0	0
12	82500001	0.9127	1.00501	4	0	0
12	83000001	0.907282	1.00501	4	0	0
12	83500001	0.961747	1.00501	4	0	0
12	84000001	0.990185	1.00501	4	0	0
12	84500001	1.05754	1.00501	4	0	0
12	85000001	0.994843	1.00501	4	0	0
12	85500001	1.07998	1.00501	4	0	0
12	86000001	0.993963	1.00501	4	0	0
12	86500001	1.0013	1.00501	4	0	0
12	87000001	1.08566	1.00501	4	0	0
12	87500001	1.03599	1.00501	4	0	0
12	88000001	1.05071	1.00501	4	0	0
12	88500001	1.07781	1.00501	4	0	0
12	89000001	1.02433	1.00501	4	0	0
12	89500001	1.03645	1.00501	4	0	0
12	90000001	1.06655	1.00501	4	0	0
12	90500001	1.07836	1.00501	4	0	0
12	91000001	1.07009	1.00501	4	0	0
12	91500001	0.99451	1.00501	4	0	0
12	92000001	0.97994	1.00501	4	0	0
12	92500001	1.00055	1.00501	4	0	0
12	93000001	1.03732	1.00501	4	0	0
12	93500001	1.07617	1.00501	4	0	0
12	94000001	0.957442	1.00501	4	0	0
12	94500001	0.988239	1.00501	4	0	0
12	95000001	0.97552	1.00501	4	0	0
12	95500001	1.03293	1.00501	4	0	0
12	96000001	0.97726	1.00501	4	0	0
12	96500001	0.993535	1.00501	4	0	0
12	97000001	0.905042	1.00501	4	0	0
12	97500001	0.918958	1.00501	4	0	0
12	98000001	0.931027	1.00501	4	0	0
12	98500001	0.974251	1.00501	4	0	0
12	99000001	0.947455	1.00501	4	0	0
12	99500001	0.902169	1.00501	4	0	0
12	100000001	0.905642	1.00501	4	0	0
12	100500001	0.923665	1.00501	4	0	0
12	101000001	0.941723	1.00501	4	0	0
12	101500001	0.95699	1.00501	4	0	0
12	102000001	1.02209	1.00501	4	0	0
12	102500001	0.943483	1.00501	4	0	0
12	103000001	1.27672	1.464	6	0	0
12	103500001	1.5026	1.464	6	0	0
12	104000001	1.54235	1.464	6	0	0
12	104500001	1.53155	1.464	6	0	0
12	105000001	1.48738	1.464	6	0	0
12	105500001	1.4943	1.464	6	0	0
12	106000001	1.5174	1.464	6	0	0
12	106500001	1.46521	1.464	6	0	0
12	107000001	1.52147	1.464	6	0	0
12	107500001	1.4058	1.464	6	0	0
12	108000001	1.53788	1.464	6	0	0
12	108500001	1.48186	1.464	6	0	0
12	109000001	1.4553	1.464	6	0	0
12	109500001	1.47794	1.464	6	0	0
12	110000001	1.51419	1.464	6	0	0
12	110500001	1.43877	1.464	6	0	0
12	111000001	1.48272	1.464	6	0	0
12	111500001	1.4823	1.464	6	0	0
12	112000001	1.5173	1.464	6	0	0
12	112500001	1.46278	1.464	6	0	0
12	113000001	1.40897	1.464	6	0	0
12	113500001	1.39252	1.464	6	0	0
12	114000001	1.4038	1.464	6	0	0
12	114500001	1.31113	1.464	6	0	0
12	115000001	1.36991	1.464	6	0	0
12	115500001	1.33956	1.464	6	0	0
12	116000001	1.52374	1.464	6	0	0
12	116500001	1.58213	1.464	6	0	0
12	117000001	1.41224	1.464	6	0	0
12	117500001	1.41158	1.464	6	0	0
12	118000001	1.38621	1.464	6	0	0
12	118500001	1.32263	1.464	6	0	0
12	119000001	1.37313	1.464	6	0	0
12	119500001	1.39297	1.464	6	0	0
12	120000001	1.4483	1.464	6	0	0
12	120500001	1.48817	1.464	6	0	0
12	121000001	1.51733	1.464	6	0	0
12	121500001	1.44772	1.464	6	0	0
12	122000001	1.45387	1.464	6	0	0
12	122500001	1.53193	1.464	6	0	0
12	123000001	1.50139	1.464	6	0	0
12	123500001	1.44205	1.464	6	0	0
12	124000001	1.4705	1.464	6	0	0
12	124500001	1.51235	1.464	6	0	0
12	125000001	1.42997	1.464	6	0	0
12	125500001	1.35257	1.464	6	0	0
12	126000001	1.15685	1.13243	5	0	0
12	126500001	1.16507	1.13243	5	0	0
12	127000001	1.13243	1.13243	5	0	0
12	127500001	1.15022	1.13243	5	0	0
12	128000001	1.06227	1.13243	5	0	0
12	128500001	1.07553	1.13243	5	0	0
12	129000001	1.04094	1.13243	5	0	0
12	129500001	1.07593	1.13243	5	0	0
12	130000001	1.11184	1.13243	5	0	0
12	130500001	1.18549	1.13243	5	0	0
12	131000001	1.20068	1.13243	5	0	0
12	131500001	1.1711	1.13243	5	0	0
12	132000001	1.12554	1.13243	5	0	0
12	132500001	1.6112	1.13243	5	0	0
12	133000001	0.908015	1.13243	5	0	0
13	1	-1	-1	-1	0	0
13	500001	-1	-1	-1	0	0
13	1000001	-1	-1	-1	0	0
13	1500001	-1	-1	-1	0	0
13	2000001	-1	-1	-1	0	0
13	2500001	-1	-1	-1	0	0
13	3000001	-1	-1	-1	0	0
13	3500001	-1	-1	-1	0	0
13	4000001	-1	-1	-1	0	0
13	4500001	-1	-1	-1	0	0
13	5000001	-1	-1	-1	0	0
13	5500001	-1	-1	-1	0	0
13	6000001	-1	-1	-1	0	0
13	6500001	-1	-1	-1	0	0
13	7000001	-1	-1	-1	0	0
13	7500001	-1	-1	-1	0	0
13	8000001	-1	-1	-1	0	0
13	8500001	-1	-1	-1	0	0
13	9000001	-1	-1	-1	0	0
13	9500001	-1	-1	-1	0	0
13	10000001	-1	-1	-1	0	0
13	10500001	-1	-1	-1	0	0
13	11000001	-1	-1	-1	0	0
13	11500001	-1	-1	-1	0	0
13	12000001	-1	-1	-1	0	0
13	12500001	-1	-1	-1	0	0
13	13000001	-1	-1	-1	0	0
13	13500001	-1	-1	-1	0	0
13	14000001	-1	-1	-1	0	0
13	14500001	-1	-1	-1	0	0
13	15000001	-1	-1	-1	0	0
13	15500001	-1	-1	-1	0	0
13	16000001	0.433177	0.851918	3	0	0
13	16500001	0.754189	0.851918	3	0	0
13	17000001	0.949646	0.851918	3	0	0
13	17500001	1.14434	0.851918	3	0	0
13	18000001	-1	-1	-1	0	0
13	18500001	0.586508	0.509715	2	0	0
13	19000001	0.492405	0.509715	2	0	0
13	19500001	0.505078	0.509715	2	0	0
13	20000001	0.520672	0.509715	2	0	0
13	20500001	0.519381	0.509715	2	0	0
13	21000001	0.518043	0.509715	2	0	0
13	21500001	0.506749	0.509715	2	0	0
13	22000001	0.483005	0.509715	2	0	0
13	22500001	0.464543	0.509715	2	0	0
13	23000001	0.492612	0.509715	2	0	0
13	23500001	0.540425	0.509715	2	0	0
13	24000001	0.524021	0.509715	2	0	0
13	24500001	0.509715	0.509715	2	0	0
13	25000001	0.506281	0.509715	2	0	0
13	25500001	0.603679	0.509715	2	0	0
13	26000001	2.1581	2.16544	9	0	0
13	26500001	2.16664	2.16544	9	0	0
13	27000001	2.15422	2.16544	9	0	0
13	27500001	2.08802	2.16544	9	0	0
13	28000001	2.12699	2.16544	9	0	0
13	28500001	2.02644	2.16544	9	0	0
13	29000001	2.16009	2.16544	9	0	0
13	29500001	2.23584	2.16544	9	0	0
13	30000001	2.21517	2.16544	9	0	0
13	30500001	2.16037	2.16544	9	0	0
13	31000001	2.18	2.16544	9	0	0
13	31500001	2.14306	2.16544	9	0	0
13	32000001	2.23737	2.16544	9	0	0
13	32500001	2.38082	2.16544	9	0	0
13	33000001	2.30464	2.16544	9	0	0
13	33500001	2.34577	2.16544	9	0	0
13	34000001	2.30932	2.16544	9	0	0
13	34500001	2.24578	2.16544	9	0	0
13	35000001	2.31387	2.16544	9	0	0
13	35500001	2.23923	2.16544	9	0	0
13	36000001	2.12949	2.16544	9	0	0
13	36500001	2.16424	2.16544	9	0	0
13	37000001	2.11955	2.16544	9	0	0
13	37500001	2.13059	2.16544	9	0	0
13	38000001	2.20756	2.16544	9	0	0
13	38500001	2.11529	2.16544	9	0	0
13	39000001	2.12919	2.16544	9	0	0
13	39500001	2.2085	2.16544	9	0	0
13	40000001	2.17583	2.16544	9	0	0
13	40500001	1.78755	2.16544	9	0	0
13	41000001	1.05313	0.996557	4	0	0
13	41500001	1.07298	0.996557	4	0	0
13	42000001	1.06509	0.996557	4	0	0
13	42500001	1.00225	0.996557	4	0	0
13	43000001	0.983765	0.996557	4	0	0
13	43500001	1.02435	0.996557	4	0	0
13	44000001	1.0064	0.996557	4	0	0
13	44500001	1.02471	0.996557	4	0	0
13	45000001	1.01277	0.996557	4	0	0
13	45500001	0.972792	0.996557	4	0	0
13	46000001	1.03435	0.996557	4	0	0
13	46500001	0.955665	0.996557	4	0	0
13	47000001	0.930534	0.996557	4	0	0
13	47500001	0.988449	0.996557	4	0	0
13	48000001	1.03351	0.996557	4	0	0
13	48500001	0.998897	0.996557	4	0	0
13	49000001	1.04909	0.996557	4	0	0
13	49500001	0.971429	0.996557	4	0	0
13	50000001	0.959777	0.996557	4	0	0
13	50500001	0.988306	0.996557	4	0	0
13	51000001	1.0308	0.996557	4	0	0
13	51500001	1.03419	0.996557	4	0	0
13	52000001	1.01404	0.996557	4	0	0
13	52500001	0.974723	0.996557	4	0	0
13	53000001	0.895976	0.996557	4	0	0
13	53500001	0.935928	0.996557	4	0	0
13	54000001	0.933744	0.996557	4	0	0
13	54500001	0.946868	0.996557	4	0	0
13	55000001	0.943601	0.996557	4	0	0
13	55500001	0.968292	0.996557	4	0	0
13	56000001	0.958612	0.996557	4	0	0
13	56500001	0.955143	0.996557	4	0	0
13	57000001	1.06729	0.996557	4	0	0
13	57500001	0.945581	0.996557	4	0	0
13	58000001	0.936709	0.996557	4	0	0
13	58500001	0.970176	0.996557	4	0	0
13	59000001	0.956261	0.996557	4	0	0
13	59500001	1.00284	0.996557	4	0	0
13	60000001	1.00624	0.996557	4	0	0
13	60500001	0.930382	0.996557	4	0	0
13	61000001	0.924633	0.996557	4	0	0
13	61500001	0.932737	0.996557	4	0	0
13	62000001	1.02412	0.996557	4	0	0
13	62500001	1.00709	0.996557	4	0	0
13	63000001	1.04843	0.996557	4	0	0
13	63500001	1.02257	0.996557	4	0	0
13	64000001	1.03434	0.996557	4	0	0
13	64500001	1.02411	0.996557	4	0	0
13	65000001	0.996557	0.996557	4	0	0
13	65500001	1.01563	0.996557	4	0	0
13	66000001	0.98622	0.996557	4	0	0
13	66500001	1.02921	0.996557	4	0	0
13	67000001	1.0173	0.996557	4	0	0
13	67500001	0.964088	0.996557	4	0	0
13	68000001	1.0163	0.996557	4	0	0
13	68500001	0.963278	0.996557	4	0	0
13	69000001	1.00047	0.996557	4	0	0
13	69500001	0.963381	0.996557	4	0	0
13	70000001	0.962825	0.996557	4	0	0
13	70500001	1.00813	0.996557	4	0	0
13	71000001	0.918269	0.996557	4	0	0
13	71500001	0.937646	0.996557	4	0	0
13	72000001	0.948782	0.996557	4	0	0
13	72500001	1.19388	0.996557	4	0	0
13	73000001	1.31438	0.996557	4	0	0
13	73500001	1.04672	0.996557	4	0	0
13	74000001	0.966604	0.996557	4	0	0
13	74500001	1.00567	0.996557	4	0	0
13	75000001	0.974584	0.996557	4	0	0
13	75500001	1.00155	0.996557	4	0	0
13	76000001	0.940182	0.996557	4	0	0
13	76500001	1.0095	0.996557	4	0	0
13	77000001	1.01053	0.996557	4	0	0
13	77500001	0.980089	0.996557	4	0	0
13	78000001	0.921038	0.996557	4	0	0
13	78500001	0.934248	0.996557	4	0	0
13	79000001	1.02546	0.996557	4	0	0
13	79500001	0.969407	0.505021	2	0	0
13	80000001	0.510094	0.505021	2	0	0
13	80500001	0.521654	0.505021	2	0	0
13	81000001	0.49475	0.505021	2	0	0
13	81500001	0.499893	0.505021	2	0	0
13	82000001	0.513193	0.505021	2	0	0
13	82500001	0.502266	0.505021	2	0	0
13	83000001	0.550933	0.505021	2	0	0
13	83500001	0.568506	0.505021	2	0	0
13	84000001	0.504642	0.505021	2	0	0
13	84500001	0.54097	0.505021	2	0	0
13	85000001	0.527962	0.505021	2	0	0
13	85500001	0.565702	0.505021	2	0	0
13	86000001	0.493879	0.505021	2	0	0
13	86500001	0.5035	0.505021	2	0	0
13	87000001	0.501424	0.505021	2	0	0
13	87500001	0.469291	0.505021	2	0	0
13	88000001	0.519738	0.505021	2	0	0
13	88500001	0.522873	0.505021	2	0	0
13	89000001	0.535838	0.505021	2	0	0
13	89500001	0.496192	0.505021	2	0	0
13	90000001	0.526646	0.505021	2	0	0
13	90500001	0.504622	0.505021	2	0	0
13	91000001	0.496521	0.505021	2	0	0
13	91500001	0.478539	0.505021	2	0	0
13	92000001	0.46731	0.505021	2	0	0
13	92500001	0.483785	0.505021	2	0	0
13	93000001	0.441719	0.505021	2	0	0
13	93500001	0.476685	0.505021	2	0	0
13	94000001	0.486439	0.505021	2	0	0
13	94500001	0.484624	0.505021	2	0	0
13	95000001	0.515162	0.505021	2	0	0
13	95500001	0.531491	0.505021	2	0	0
13	96000001	0.469686	0.505021	2	0	0
13	96500001	0.513887	0.505021	2	0	0
13	97000001	0.525183	0.505021	2	0	0
13	97500001	0.482077	0.505021	2	0	0
13	98000001	0.522097	0.505021	2	0	0
13	98500001	0.524322	0.505021	2	0	0
13	99000001	0.528481	0.505021	2	0	0
13	99500001	0.498592	0.505021	2	0	0
13	100000001	0.505399	0.505021	2	0	0
13	100500001	1.63368	2.18174	9	0	0
13	101000001	2.20811	2.18174	9	0	0
13	101500001	2.22633	2.18174	9	0	0
13	102000001	2.15341	2.18174	9	0	0
13	102500001	2.21297	2.18174	9	0	0
13	103000001	2.12806	2.18174	9	0	0
13	103500001	2.14403	2.18174	9	0	0
13	104000001	2.23113	2.18174	9	0	0
13	104500001	2.18174	2.18174	9	0	0
13	105000001	2.2747	2.18174	9	0	0
13	105500001	2.22856	2.18174	9	0	0
13	106000001	2.37167	2.18174	9	0	0
13	106500001	2.16223	2.18174	9	0	0
13	107000001	2.16202	2.18174	9	0	0
13	107500001	2.02947	2.18174	9	0	0
13	108000001	2.09811	2.18174	9	0	0
13	108500001	2.19589	2.18174	9	0	0
13	109000001	2.23955	2.18174	9	0	0
13	109500001	2.33707	2.18174	9	0	0
13	110000001	2.23456	2.18174	9	0	0
13	110500001	2.2061	2.18174	9	0	0
13	111000001	2.19522	2.18174	9	0	0
13	111500001	-1	2.18174	9	0	0
13	112000001	2.07632	2.18174	9	0	0
13	112500001	2.17314	2.18174	9	0	0
13	113000001	2.16233	2.18174	9	0	0
13	113500001	2.16583	2.18174	9	0	0
13	114000001	1.57039	2.18174	9	0	0
14	1	-1	-1	-1	0	0
14	500001	-1	-1	-1	0	0
14	1000001	-1	-1	-1	0	0
14	1500001	-1	-1	-1	0	0
14	2000001	-1	-1	-1	0	0
14	2500001	-1	-1	-1	0	0
14	3000001	-1	-1	-1	0	0
14	3500001	-1	-1	-1	0	0
14	4000001	-1	-1	-1	0	0
14	4500001	-1	-1	-1	0	0
14	5000001	-1	-1	-1	0	0
14	5500001	-1	-1	-1	0	0
14	6000001	-1	-1	-1	0	0
14	6500001	-1	-1	-1	0	0
14	7000001	-1	-1	-1	0	0
14	7500001	-1	-1	-1	0	0
14	8000001	-1	-1	-1	0	0
14	8500001	-1	-1	-1	0	0
14	9000001	-1	-1	-1	0	0
14	9500001	-1	-1	-1	0	0
14	10000001	-1	-1	-1	0	0
14	10500001	-1	-1	-1	0	0
14	11000001	-1	-1	-1	0	0
14	11500001	-1	-1	-1	0	0
14	12000001	-1	-1	-1	0	0
14	12500001	-1	-1	-1	0	0
14	13000001	-1	-1	-1	0	0
14	13500001	-1	-1	-1	0	0
14	14000001	-1	-1	-1	0	0
14	14500001	-1	-1	-1	0	0
14	15000001	-1	-1	-1	0	0
14	15500001	-1	-1	-1	0	0
14	16000001	0.472136	0.523357	2	0	0
14	16500001	0.574578	0.523357	2	0	0
14	17000001	0.750782	0.833444	3	0	0
14	17500001	0.916106	0.833444	3	0	0
14	18000001	1.19021	1.31813	5	0	0
14	18500001	-1	1.31813	5	0	0
14	19000001	1.44606	1.31813	5	0	0
14	19500001	-1	-1	-1	0	0
14	20000001	0.968279	1.02374	4	0	0
14	20500001	1.0034	1.02374	4	0	0
14	21000001	1.03694	1.02374	4	0	0
14	21500001	1.02109	1.02374	4	0	0
14	22000001	1.06467	1.02374	4	0	0
14	22500001	1.01319	1.02374	4	0	0
14	23000001	1.01157	1.02374	4	0	0
14	23500001	1.01384	1.02374	4	0	0
14	24000001	0.997964	1.02374	4	0	0
14	24500001	0.98675	1.02374	4	0	0
14	25000001	0.906478	1.02374	4	0	0
14	25500001	0.967709	1.02374	4	0	0
14	26000001	0.989539	1.02374	4	0	0
14	26500001	1.10612	1.02374	4	0	0
14	27000001	1.07293	1.02374	4	0	0
14	27500001	1.05529	1.02374	4	0	0
14	28000001	1.09532	1.02374	4	0	0
14	28500001	1.11022	1.02374	4	0	0
14	29000001	1.04374	1.02374	4	0	0
14	29500001	1.02638	1.02374	4	0	0
14	30000001	1.0397	1.02374	4	0	0
14	30500001	1.0756	1.02374	4	0	0
14	31000001	0.857588	1.02374	4	0	0
14	31500001	1.07026	1.02374	4	0	0
14	32000001	1.03906	1.02374	4	0	0
14	32500001	1.00397	1.02374	4	0	0
14	33000001	1.26419	1.26419	5	0	0
14	33500001	1.46552	1.46971	6	0	0
14	34000001	1.45541	1.46971	6	0	0
14	34500001	1.44834	1.46971	6	0	0
14	35000001	1.52704	1.46971	6	0	0
14	35500001	1.56233	1.46971	6	0	0
14	36000001	1.50247	1.46971	6	0	0
14	36500001	1.49131	1.46971	6	0	0
14	37000001	1.52927	1.46971	6	0	0
14	37500001	1.50456	1.46971	6	0	0
14	38000001	1.46971	1.46971	6	0	0
14	38500001	1.4819	1.46971	6	0	0
14	39000001	1.56478	1.46971	6	0	0
14	39500001	1.50677	1.46971	6	0	0
14	40000001	1.44881	1.46971	6	0	0
14	40500001	1.53419	1.46971	6	0	0
14	41000001	1.39589	1.46971	6	0	0
14	41500001	1.39334	1.46971	6	0	0
14	42000001	1.38635	1.46971	6	0	0
14	42500001	1.41117	1.46971	6	0	0
14	43000001	1.43183	1.46971	6	0	0
14	43500001	1.43892	1.46971	6	0	0
14	44000001	1.33021	1.24854	5	0	0
14	44500001	1.17917	1.24854	5	0	0
14	45000001	1.19499	1.24854	5	0	0
14	45500001	1.23194	1.24854	5	0	0
14	46000001	1.16347	1.24854	5	0	0
14	46500001	1.15608	1.24854	5	0	0
14	47000001	1.17956	1.24854	5	0	0
14	47500001	1.21428	1.24854	5	0	0
14	48000001	1.29359	1.24854	5	0	0
14	48500001	1.23037	1.24854	5	0	0
14	49000001	1.22791	1.24854	5	0	0
14	49500001	1.26859	1.24854	5	0	0
14	50000001	1.30178	1.24854	5	0	0
14	50500001	1.28206	1.24854	5	0	0
14	51000001	1.33971	1.24854	5	0	0
14	51500001	1.24805	1.24854	5	0	0
14	52000001	1.22111	1.24854	5	0	0
14	52500001	1.33618	1.24854	5	0	0
14	53000001	1.41142	1.24854	5	0	0
14	53500001	1.29146	1.24854	5	0	0
14	54000001	1.29963	1.24854	5	0	0
14	54500001	1.26913	1.24854	5	0	0
14	55000001	1.27661	1.24854	5	0	0
14	55500001	1.31765	1.24854	5	0	0
14	56000001	1.21866	1.24854	5	0	0
14	56500001	1.1104	1.24854	5	0	0
14	57000001	1.18427	1.24854	5	0	0
14	57500001	1.1837	1.24854	5	0	0
14	58000001	1.19343	1.24854	5	0	0
14	58500001	1.19401	1.24854	5	0	0
14	59000001	1.32865	1.24854	5	0	0
14	59500001	1.23957	1.24854	5	0	0
14	60000001	1.26681	1.24854	5	0	0
14	60500001	1.27363	1.24854	5	0	0
14	61000001	1.28649	1.24854	5	0	0
14	61500001	1.28223	1.24854	5	0	0
14	62000001	1.22691	1.24854	5	0	0
14	62500001	1.24318	1.24854	5	0	0
14	63000001	1.26772	1.24854	5	0	0
14	63500001	1.20924	1.24854	5	0	0
14	64000001	1.28035	1.24854	5	0	0
14	64500001	1.3471	1.24854	5	0	0
14	65000001	1.23362	1.24854	5	0	0
14	65500001	1.25682	1.24854	5	0	0
14	66000001	1.23653	1.24854	5	0	0
14	66500001	1.269	1.24854	5	0	0
14	67000001	1.45058	1.24854	5	0	0
14	67500001	1.30247	1.24854	5	0	0
14	68000001	1.29175	1.24854	5	0	0
14	68500001	1.28868	1.24854	5	0	0
14	69000001	1.27043	1.24854	5	0	0
14	69500001	1.22901	1.24854	5	0	0
14	70000001	1.20783	1.24854	5	0	0
14	70500001	1.45213	1.24854	5	0	0
14	71000001	1.23354	1.24854	5	0	0
14	71500001	1.24854	1.24854	5	0	0
14	72000001	1.18794	1.24854	5	0	0
14	72500001	1.23343	1.24854	5	0	0
14	73000001	1.26308	1.24854	5	0	0
14	73500001	1.20754	1.24854	5	0	0
14	74000001	1.2811	1.24854	5	0	0
14	74500001	1.24984	1.24854	5	0	0
14	75000001	1.28252	1.24854	5	0	0
14	75500001	1.27123	1.24854	5	0	0
14	76000001	1.22445	1.24854	5	0	0
14	76500001	1.24059	1.24854	5	0	0
14	77000001	1.25698	1.24854	5	0	0
14	77500001	1.18704	1.24854	5	0	0
14	78000001	1.11671	1.24854	5	0	0
14	78500001	1.14609	1.24854	5	0	0
14	79000001	1.14544	1.24854	5	0	0
14	79500001	1.13185	1.24854	5	0	0
14	80000001	1.3393	1.24854	5	0	0
14	80500001	1.5628	1.54291	6	0	0
14	81000001	1.52303	1.54291	6	0	0
14	81500001	1.28323	1.20513	5	0	0
14	82000001	1.20195	1.20513	5	0	0
14	82500001	1.16454	1.20513	5	0	0
14	83000001	1.21733	1.20513	5	0	0
14	83500001	1.20513	1.20513	5	0	0
14	84000001	1.19241	1.20513	5	0	0
14	84500001	1.24499	1.20513	5	0	0
14	85000001	2.00939	2.00939	8	0	0
14	85500001	1.3869	1.20474	5	0	0
14	86000001	1.20661	1.20474	5	0	0
14	86500001	1.23676	1.20474	5	0	0
14	87000001	1.19284	1.20474	5	0	0
14	87500001	1.13569	1.20474	5	0	0
14	88000001	1.13153	1.20474	5	0	0
14	88500001	1.20587	1.20474	5	0	0
14	89000001	1.17552	1.20474	5	0	0
14	89500001	1.2272	1.20474	5	0	0
14	90000001	1.28512	1.20474	5	0	0
14	90500001	1.2036	1.20474	5	0	0
14	91000001	1.18203	1.20474	5	0	0
14	91500001	1.60736	1.60736	6	0	0
14	92000001	1.19336	1.21189	5	0	0
14	92500001	1.23598	1.21189	5	0	0
14	93000001	1.15944	1.21189	5	0	0
14	93500001	1.2293	1.21189	5	0	0
14	94000001	1.22087	1.21189	5	0	0
14	94500001	1.14782	1.21189	5	0	0
14	95000001	1.199	1.21189	5	0	0
14	95500001	1.19047	1.21189	5	0	0
14	96000001	1.21267	1.21189	5	0	0
14	96500001	1.23343	1.21189	5	0	0
14	97000001	1.17698	1.21189	5	0	0
14	97500001	1.15422	1.21189	5	0	0
14	98000001	1.21899	1.21189	5	0	0
14	98500001	1.21659	1.21189	5	0	0
14	99000001	1.21111	1.21189	5	0	0
14	99500001	1.20678	1.21189	5	0	0
14	100000001	1.21785	1.21189	5	0	0
14	100500001	1.1496	1.21189	5	0	0
14	101000001	1.2041	1.21189	5	0	0
14	101500001	1.23531	1.21189	5	0	0
14	102000001	1.21374	1.21189	5	0	0
14	102500001	1.4059	1.21189	5	0	0
14	103000001	1.92845	1.92845	8	0	0
14	103500001	1.26779	1.21517	5	0	0
14	104000001	1.21352	1.21517	5	0	0
14	104500001	1.21682	1.21517	5	0	0
14	105000001	1.25853	1.21517	5	0	0
14	105500001	1.14298	1.21517	5	0	0
14	106000001	1.17703	1.21517	5	0	0
14	106500001	-1	-1	-1	0	0
14	107000001	-1	-1	-1	0	0
15	1	-1	-1	-1	0	0
15	500001	-1	-1	-1	0	0
15	1000001	-1	-1	-1	0	0
15	1500001	-1	-1	-1	0	0
15	2000001	-1	-1	-1	0	0
15	2500001	-1	-1	-1	0	0
15	3000001	-1	-1	-1	0	0
15	3500001	-1	-1	-1	0	0
15	4000001	-1	-1	-1	0	0
15	4500001	-1	-1	-1	0	0
15	5000001	-1	-1	-1	0	0
15	5500001	-1	-1	-1	0	0
15	6000001	-1	-1	-1	0	0
15	6500001	-1	-1	-1	0	0
15	7000001	-1	-1	-1	0	0
15	7500001	-1	-1	-1	0	0
15	8000001	-1	-1	-1	0	0
15	8500001	-1	-1	-1	0	0
15	9000001	-1	-1	-1	0	0
15	9500001	-1	-1	-1	0	0
15	10000001	-1	-1	-1	0	0
15	10500001	-1	-1	-1	0	0
15	11000001	-1	-1	-1	0	0
15	11500001	-1	-1	-1	0	0
15	12000001	-1	-1	-1	0	0
15	12500001	-1	-1	-1	0	0
15	13000001	-1	-1	-1	0	0
15	13500001	-1	-1	-1	0	0
15	14000001	-1	-1	-1	0	0
15	14500001	-1	-1	-1	0	0
15	15000001	-1	-1	-1	0	0
15	15500001	-1	-1	-1	0	0
15	16000001	-1	-1	-1	0	0
15	16500001	-1	-1	-1	0	0
15	17000001	0.73308	1.35056	5	0	0
15	17500001	1.35005	1.35056	5	0	0
15	18000001	1.36244	1.35056	5	0	0
15	18500001	1.35107	1.35056	5	0	0
15	19000001	1.19056	1.35056	5	0	0
15	19500001	1.39831	1.35056	5	0	0
15	20000001	7.03269	7.03269	28	0	0
15	20500001	3.88395	3.46793	14	0	0
15	21000001	3.66839	3.46793	14	0	0
15	21500001	2.46008	3.46793	14	0	0
15	22000001	3.67849	3.46793	14	0	0
15	22500001	2.85708	3.46793	14	0	0
15	23000001	3.26747	3.46793	14	0	0
15	23500001	2.25097	2.2404	9	0	0
15	24000001	2.09393	2.2404	9	0	0
15	24500001	2.24115	2.2404	9	0	0
15	25000001	2.30417	2.2404	9	0	0
15	25500001	2.16164	2.2404	9	0	0
15	26000001	2.22427	2.2404	9	0	0
15	26500001	2.2228	2.2404	9	0	0
15	27000001	2.23964	2.2404	9	0	0
15	27500001	2.33163	2.2404	9	0	0
15	28000001	2.39971	2.2404	9	0	0
15	28500001	1.83265	1.56021	6	0	0
15	29000001	1.42669	1.56021	6	0	0
15	29500001	1.56021	1.56021	6	0	0
15	30000001	1.05284	1.06785	4	0	0
15	30500001	1.06928	1.06785	4	0	0
15	31000001	1.0496	1.06785	4	0	0
15	31500001	0.998518	1.06785	4	0	0
15	32000001	1.15414	1.06785	4	0	0
15	32500001	1.06785	1.06785	4	0	0
15	33000001	1.19748	1.06785	4	0	0
15	33500001	1.51772	1.5551	6	0	0
15	34000001	1.55281	1.5551	6	0	0
15	34500001	1.5551	1.5551	6	0	0
15	35000001	1.62803	1.5551	6	0	0
15	35500001	1.70789	1.5551	6	0	0
15	36000001	1.33867	1.13476	5	0	0
15	36500001	1.18357	1.13476	5	0	0
15	37000001	1.08594	1.13476	5	0	0
15	37500001	1.0636	1.13476	5	0	0
15	38000001	1.49655	1.58266	6	0	0
15	38500001	1.59007	1.58266	6	0	0
15	39000001	1.65608	1.58266	6	0	0
15	39500001	1.71441	1.58266	6	0	0
15	40000001	1.58078	1.58266	6	0	0
15	40500001	1.59689	1.58266	6	0	0
15	41000001	1.59525	1.58266	6	0	0
15	41500001	1.61011	1.58266	6	0	0
15	42000001	1.64952	1.58266	6	0	0
15	42500001	1.60544	1.58266	6	0	0
15	43000001	1.57281	1.58266	6	0	0
15	43500001	1.55563	1.58266	6	0	0
15	44000001	1.56738	1.58266	6	0	0
15	44500001	1.58454	1.58266	6	0	0
15	45000001	1.54932	1.58266	6	0	0
15	45500001	1.54173	1.58266	6	0	0
15	46000001	1.48874	1.58266	6	0	0
15	46500001	1.4926	1.58266	6	0	0
15	47000001	2.02934	2.21483	9	0	0
15	47500001	2.40031	2.21483	9	0	0
15	48000001	1.74424	1.74424	7	0	0
15	48500001	0.571207	0.557505	2	0	0
15	49000001	0.555039	0.557505	2	0	0
15	49500001	0.56858	0.557505	2	0	0
15	50000001	0.581813	0.557505	2	0	0
15	50500001	0.554472	0.557505	2	0	0
15	51000001	0.536382	0.557505	2	0	0
15	51500001	0.594041	0.557505	2	0	0
15	52000001	0.562852	0.557505	2	0	0
15	52500001	0.539943	0.557505	2	0	0
15	53000001	0.513775	0.557505	2	0	0
15	53500001	0.527271	0.557505	2	0	0
15	54000001	0.497941	0.557505	2	0	0
15	54500001	0.494254	0.557505	2	0	0
15	55000001	0.547106	0.557505	2	0	0
15	55500001	0.564932	0.557505	2	0	0
15	56000001	0.593005	0.557505	2	0	0
15	56500001	0.559971	0.557505	2	0	0
15	57000001	0.751182	0.557505	2	0	0
15	57500001	1.04025	1.06651	4	0	0
15	58000001	1.13609	1.06651	4	0	0
15	58500001	1.10987	1.06651	4	0	0
15	59000001	1.10813	1.06651	4	0	0
15	59500001	1.0934	1.06651	4	0	0
15	60000001	1.1617	1.06651	4	0	0
15	60500001	1.02049	1.06651	4	0	0
15	61000001	0.960914	1.06651	4	0	0
15	61500001	1.06418	1.06651	4	0	0
15	62000001	1.05602	1.06651	4	0	0
15	62500001	1.12837	1.06651	4	0	0
15	63000001	1.13556	1.06651	4	0	0
15	63500001	1.1382	1.06651	4	0	0
15	64000001	1.11212	1.06651	4	0	0
15	64500001	1.68303	1.06651	4	0	0
15	65000001	1.20665	1.06651	4	0	0
15	65500001	1.1191	1.06651	4	0	0
15	66000001	1.04857	1.06651	4	0	0
15	66500001	1.119	1.06651	4	0	0
15	67000001	1.10249	1.06651	4	0	0
15	67500001	1.11807	1.06651	4	0	0
15	68000001	1.102	1.06651	4	0	0
15	68500001	1.09948	1.06651	4	0	0
15	69000001	1.07312	1.06651	4	0	0
15	69500001	1.06887	1.06651	4	0	0
15	70000001	1.07568	1.06651	4	0	0
15	70500001	1.15061	1.06651	4	0	0
15	71000001	1.08624	1.06651	4	0	0
15	71500001	1.09231	1.06651	4	0	0
15	72000001	1.08545	1.06651	4	0	0
15	72500001	1.06088	1.06651	4	0	0
15	73000001	1.00997	1.06651	4	0	0
15	73500001	1.0972	1.06651	4	0	0
15	74000001	1.12407	1.06651	4	0	0
15	74500001	1.06562	1.06651	4	0	0
15	75000001	1.05708	1.06651	4	0	0
15	75500001	1.06798	1.06651	4	0	0
15	76000001	1.09423	1.06651	4	0	0
15	76500001	1.08001	1.06651	4	0	0
15	77000001	1.09342	1.06651	4	0	0
15	77500001	1.04036	1.06651	4	0	0
15	78000001	1.04523	1.06651	4	0	0
15	78500001	1.04125	1.06651	4	0	0
15	79000001	1.0376	1.06651	4	0	0
15	79500001	1.02446	1.06651	4	0	0
15	80000001	1.07931	1.06651	4	0	0
15	80500001	1.05804	1.06651	4	0	0
15	81000001	1.0477	1.06651	4	0	0
15	81500001	1.00115	1.06651	4	0	0
15	82000001	1.01257	1.06651	4	0	0
15	82500001	1.11037	1.06651	4	0	0
15	83000001	1.10752	1.06651	4	0	0
15	83500001	1.07685	1.06651	4	0	0
15	84000001	0.971868	1.06651	4	0	0
15	84500001	1.06365	1.06651	4	0	0
15	85000001	1.07967	1.06651	4	0	0
15	85500001	1.06189	1.06651	4	0	0
15	86000001	1.00919	1.06651	4	0	0
15	86500001	0.944363	1.06651	4	0	0
15	87000001	0.924638	1.06651	4	0	0
15	87500001	0.950519	1.06651	4	0	0
15	88000001	0.96348	1.06651	4	0	0
15	88500001	1.0355	1.06651	4	0	0
15	89000001	1.0688	1.06651	4	0	0
15	89500001	1.08214	1.06651	4	0	0
15	90000001	1.06916	1.06651	4	0	0
15	90500001	1.02898	1.06651	4	0	0
15	91000001	1.04939	1.06651	4	0	0
15	91500001	0.957862	1.06651	4	0	0
15	92000001	1.0337	1.06651	4	0	0
15	92500001	1.03885	1.06651	4	0	0
15	93000001	1.06651	1.06651	4	0	0
15	93500001	1.01513	1.06651	4	0	0
15	94000001	1.07212	1.06651	4	0	0
15	94500001	1.02881	1.06651	4	0	0
15	95000001	1.01588	1.06651	4	0	0
15	95500001	1.06836	1.06651	4	0	0
15	96000001	1.08154	1.06651	4	0	0
15	96500001	1.00622	1.06651	4	0	0
15	97000001	0.967564	1.06651	4	0	0
15	97500001	1.01453	1.06651	4	0	0
15	98000001	1.05067	1.06651	4	0	0
15	98500001	1.02977	1.06651	4	0	0
15	99000001	1.10146	1.06651	4	0	0
15	99500001	1.06017	1.06651	4	0	0
15	100000001	1.05129	1.06651	4	0	0
15	100500001	1.15927	1.06651	4	0	0
15	101000001	1.06087	1.06651	4	0	0
15	101500001	1.1959	1.06651	4	0	0
16	1	1.45815	1.5577	6	0	0
16	500001	1.61466	1.5577	6	0	0
16	1000001	1.57853	1.5577	6	0	0
16	1500001	1.53686	1.5577	6	0	0
16	2000001	1.09714	1.00158	4	0	0
16	2500001	1.04642	1.00158	4	0	0
16	3000001	1.04122	1.00158	4	0	0
16	3500001	1.04192	1.00158	4	0	0
16	4000001	1.03069	1.00158	4	0	0
16	4500001	1.01093	1.00158	4	0	0
16	5000001	0.935388	1.00158	4	0	0
16	5500001	0.933643	1.00158	4	0	0
16	6000001	0.906336	1.00158	4	0	0
16	6500001	0.879653	1.00158	4	0	0
16	7000001	0.906019	1.00158	4	0	0
16	7500001	0.923333	1.00158	4	0	0
16	8000001	0.986472	1.00158	4	0	0
16	8500001	0.998286	1.00158	4	0	0
16	9000001	1.00227	1.00158	4	0	0
16	9500001	0.966424	1.00158	4	0	0
16	10000001	1.01656	1.00158	4	0	0
16	10500001	1.00158	1.00158	4	0	0
16	11000001	0.997653	1.00158	4	0	0
16	11500001	0.984245	1.00158	4	0	0
16	12000001	1.00844	1.00158	4	0	0
16	12500001	0.933758	1.00158	4	0	0
16	13000001	0.94041	1.00158	4	0	0
16	13500001	1.03473	1.00158	4	0	0
16	14000001	1.06689	1.00158	4	0	0
16	14500001	1.22785	1.00158	4	0	0
16	15000001	1.14955	1.00158	4	0	0
16	15500001	1.02277	1.00158	4	0	0
16	16000001	0.976375	1.00158	4	0	0
16	16500001	1.00971	1.00158	4	0	0
16	17000001	0.995448	1.00158	4	0	0
16	17500001	0.964538	1.00158	4	0	0
16	18000001	0.930041	1.00158	4	0	0
16	18500001	1.05102	1.00158	4	0	0
16	19000001	1.07131	1.00158	4	0	0
16	19500001	0.973017	1.00158	4	0	0
16	20000001	0.945976	1.00158	4	0	0
16	20500001	1.03425	1.00158	4	0	0
16	21000001	1.11405	1.00158	4	0	0
16	21500001	1.38218	1.31978	5	0	0
16	22000001	1.31978	1.31978	5	0	0
16	22500001	1.31407	1.31978	5	0	0
16	23000001	0.606582	0.679864	3	0	0
16	23500001	0.753146	0.679864	3	0	0
16	24000001	1.01326	1.00864	4	0	0
16	24500001	1.03777	1.00864	4	0	0
16	25000001	1.01693	1.00864	4	0	0
16	25500001	0.973786	1.00864	4	0	0
16	26000001	0.886047	1.00864	4	0	0
16	26500001	0.958672	1.00864	4	0	0
16	27000001	1.01699	1.00864	4	0	0
16	27500001	1.0066	1.00864	4	0	0
16	28000001	0.993389	1.00864	4	0	0
16	28500001	1.01352	1.00864	4	0	0
16	29000001	1.1467	1.00864	4	0	0
16	29500001	1.02465	1.00864	4	0	0
16	30000001	1.13687	1.00864	4	0	0
16	30500001	1.01069	1.00864	4	0	0
16	31000001	0.928291	1.00864	4	0	0
16	31500001	1.0279	1.00864	4	0	0
16	32000001	0.864432	1.00864	4	0	0
16	32500001	0.847739	1.00864	4	0	0
16	33000001	-1	1.00864	4	0	0
16	33500001	0.937758	1.00864	4	0	0
16	34000001	0.937416	1.00864	4	0	0
16	34500001	5.67292	5.67292	23	0	0
16	35000001	0.892547	0.961891	4	0	0
16	35500001	0.967513	0.961891	4	0	0
16	36000001	0.96696	0.961891	4	0	0
16	36500001	0.683494	0.961891	4	0	0
16	37000001	0.607175	0.961891	4	0	0
16	37500001	0.649373	0.961891	4	0	0
16	38000001	-1	0.961891	4	0	0
16	38500001	-1	0.961891	4	0	0
16	39000001	-1	0.961891	4	0	0
16	39500001	-1	0.961891	4	0	0
16	40000001	-1	0.961891	4	0	0
16	40500001	-1	0.961891	4	0	0
16	41000001	-1	0.961891	4	0	0
16	41500001	-1	0.961891	4	0	0
16	42000001	-1	0.961891	4	0	0
16	42500001	-1	0.961891	4	0	0
16	43000001	-1	0.961891	4	0	0
16	43500001	-1	0.961891	4	0	0
16	44000001	-1	0.961891	4	0	0
16	44500001	-1	0.961891	4	0	0
16	45000001	-1	0.961891	4	0	0
16	45500001	-1	0.961891	4	0	0
16	46000001	-1	0.961891	4	0	0
16	46500001	1.03639	0.961891	4	0	0
16	47000001	1.03152	0.961891	4	0	0
16	47500001	1.01725	0.961891	4	0	0
16	48000001	0.996523	0.961891	4	0	0
16	48500001	0.971178	0.961891	4	0	0
16	49000001	0.950389	0.961891	4	0	0
16	49500001	0.903913	0.961891	4	0	0
16	50000001	0.986831	0.961891	4	0	0
16	50500001	1.01107	0.961891	4	0	0
16	51000001	0.921467	0.961891	4	0	0
16	51500001	0.930283	0.961891	4	0	0
16	52000001	0.905816	0.961891	4	0	0
16	52500001	0.948898	0.961891	4	0	0
16	53000001	0.999465	0.961891	4	0	0
16	53500001	1.01787	0.961891	4	0	0
16	54000001	0.978301	0.961891	4	0	0
16	54500001	0.991541	0.961891	4	0	0
16	55000001	0.951631	0.961891	4	0	0
16	55500001	1.05752	0.961891	4	0	0
16	56000001	1.03715	0.961891	4	0	0
16	56500001	1.07972	0.961891	4	0	0
16	57000001	1.08348	0.961891	4	0	0
16	57500001	1.16794	0.961891	4	0	0
16	58000001	0.990072	0.961891	4	0	0
16	58500001	0.982798	0.961891	4	0	0
16	59000001	0.964488	0.961891	4	0	0
16	59500001	0.928559	0.961891	4	0	0
16	60000001	0.948401	0.961891	4	0	0
16	60500001	0.961891	0.961891	4	0	0
16	61000001	0.976669	0.961891	4	0	0
16	61500001	0.954217	0.961891	4	0	0
16	62000001	0.919006	0.961891	4	0	0
16	62500001	0.901844	0.961891	4	0	0
16	63000001	0.959493	0.961891	4	0	0
16	63500001	0.916015	0.961891	4	0	0
16	64000001	0.902649	0.961891	4	0	0
16	64500001	0.895881	0.961891	4	0	0
16	65000001	0.898604	0.961891	4	0	0
16	65500001	0.958862	0.961891	4	0	0
16	66000001	0.997626	1.00075	4	0	0
16	66500001	1.04897	1.00075	4	0	0
16	67000001	1.03002	1.00075	4	0	0
16	67500001	1.01592	1.00075	4	0	0
16	68000001	1.02973	1.00075	4	0	0
16	68500001	1.0095	1.00075	4	0	0
16	69000001	1.02953	1.00075	4	0	0
16	69500001	1.06991	1.00075	4	0	0
16	70000001	1.09216	1.00075	4	0	0
16	70500001	1.00084	1.00075	4	0	0
16	71000001	1.02143	1.00075	4	0	0
16	71500001	0.999512	1.00075	4	0	0
16	72000001	1.04989	1.00075	4	0	0
16	72500001	0.991996	1.00075	4	0	0
16	73000001	0.960201	1.00075	4	0	0
16	73500001	0.948461	1.00075	4	0	0
16	74000001	1.15341	1.00075	4	0	0
16	74500001	0.978958	1.00075	4	0	0
16	75000001	1.03843	1.00075	4	0	0
16	75500001	1.01371	1.00075	4	0	0
16	76000001	1.02972	1.00075	4	0	0
16	76500001	1.00295	1.00075	4	0	0
16	77000001	0.992792	1.00075	4	0	0
16	77500001	0.912167	1.00075	4	0	0
16	78000001	0.935552	1.00075	4	0	0
16	78500001	0.72341	1.00075	4	0	0
16	79000001	0.873725	1.00075	4	0	0
16	79500001	0.916473	1.00075	4	0	0
16	80000001	0.954491	1.00075	4	0	0
16	80500001	0.988228	1.00075	4	0	0
16	81000001	0.980052	1.00075	4	0	0
16	81500001	0.981161	1.00075	4	0	0
16	82000001	0.976306	1.00075	4	0	0
16	82500001	0.983447	1.00075	4	0	0
16	83000001	0.969347	1.00075	4	0	0
16	83500001	1.00065	1.00075	4	0	0
16	84000001	1.01781	1.00075	4	0	0
16	84500001	1.01281	1.00075	4	0	0
16	85000001	1.04632	1.00075	4	0	0
16	85500001	1.00012	1.00075	4	0	0
16	86000001	0.983274	1.00075	4	0	0
16	86500001	0.981269	1.00075	4	0	0
16	87000001	1.03554	1.00075	4	0	0
16	87500001	1.08311	1.00075	4	0	0
16	88000001	1.03591	1.00075	4	0	0
16	88500001	1.02116	1.00075	4	0	0
16	89000001	0.995314	1.00075	4	0	0
16	89500001	1.02067	1.00075	4	0	0
16	90000001	-1	-1	-1	0	0
17	1	-1	-1	-1	0	0
17	500001	0.534027	0.534027	2	0	0
17	1000001	0.494011	0.534027	2	0	0
17	1500001	0.961401	0.534027	2	0	0
17	2000001	1.53396	1.48931	6	0	0
17	2500001	1.46302	1.48931	6	0	0
17	3000001	1.51124	1.48931	6	0	0
17	3500001	1.51186	1.48931	6	0	0
17	4000001	1.58551	1.48931	6	0	0
17	4500001	1.49824	1.48931	6	0	0
17	5000001	1.49245	1.48931	6	0	0
17	5500001	1.50515	1.48931	6	0	0
17	6000001	1.44622	1.48931	6	0	0
17	6500001	1.57368	1.48931	6	0	0
17	7000001	1.4784	1.48931	6	0	0
17	7500001	1.48931	1.48931	6	0	0
17	8000001	1.52071	1.48931	6	0	0
17	8500001	1.49935	1.48931	6	0	0
17	9000001	1.42428	1.48931	6	0	0
17	9500001	1.45396	1.48931	6	0	0
17	10000001	1.45533	1.48931	6	0	0
17	10500001	1.47551	1.48931	6	0	0
17	11000001	1.33848	1.48931	6	0	0
17	11500001	1.36896	1.48931	6	0	0
17	12000001	1.43751	1.48931	6	0	0
17	12500001	1.38006	1.48931	6	0	0
17	13000001	1.40772	1.48931	6	0	0
17	13500001	1.38637	1.48931	6	0	0
17	14000001	1.52028	1.48931	6	0	0
17	14500001	1.49625	1.48931	6	0	0
17	15000001	1.53325	1.48931	6	0	0
17	15500001	1.55086	1.48931	6	0	0
17	16000001	1.48197	1.48931	6	0	0
17	16500001	1.7244	1.56386	6	0	0
17	17000001	1.55749	1.56386	6	0	0
17	17500001	1.52094	1.56386	6	0	0
17	18000001	1.54294	1.56386	6	0	0
17	18500001	1.4474	1.56386	6	0	0
17	19000001	1.99841	1.56386	6	0	0
17	19500001	1.51869	1.56386	6	0	0
17	20000001	1.56386	1.56386	6	0	0
17	20500001	1.54934	1.56386	6	0	0
17	21000001	1.67627	1.56386	6	0	0
17	21500001	1.61833	1.56386	6	0	0
17	22000001	1.89953	1.56386	6	0	0
17	22500001	1.66066	1.56386	6	0	0
17	23000001	1.01511	0.518323	2	0	0
17	23500001	0.498928	0.518323	2	0	0
17	24000001	0.531825	0.518323	2	0	0
17	24500001	0.489725	0.518323	2	0	0
17	25000001	0.664782	0.518323	2	0	0
17	25500001	0.518323	0.518323	2	0	0
17	26000001	0.320966	0.518323	2	0	0
17	26500001	3.89916	3.89916	16	0	0
17	27000001	1.0063	1.01943	4	0	0
17	27500001	1.0013	1.01943	4	0	0
17	28000001	1.0718	1.01943	4	0	0
17	28500001	1.26457	1.01943	4	0	0
17	29000001	1.01978	1.01943	4	0	0
17	29500001	1.02922	1.01943	4	0	0
17	30000001	1.13199	1.01943	4	0	0
17	30500001	0.889027	1.01943	4	0	0
17	31000001	0.55621	1.01943	4	0	0
17	31500001	0.688941	1.01943	4	0	0
17	32000001	1.02536	1.01943	4	0	0
17	32500001	0.998643	1.01943	4	0	0
17	33000001	0.904812	1.01943	4	0	0
17	33500001	0.917042	1.01943	4	0	0
17	34000001	0.896214	1.01943	4	0	0
17	34500001	0.924158	1.01943	4	0	0
17	35000001	1.02589	1.01943	4	0	0
17	35500001	1.04075	1.01943	4	0	0
17	36000001	1.54317	1.01943	4	0	0
17	36500001	1.03313	1.01943	4	0	0
17	37000001	1.00933	1.01943	4	0	0
17	37500001	1.11784	1.01943	4	0	0
17	38000001	1.09434	1.01943	4	0	0
17	38500001	1.01908	1.01943	4	0	0
17	39000001	0.999903	1.01943	4	0	0
17	39500001	1.05535	1.01943	4	0	0
17	40000001	1.47117	1.91567	8	0	0
17	40500001	1.91567	1.91567	8	0	0
17	41000001	2.20271	1.91567	8	0	0
17	41500001	1.12749	1.03083	4	0	0
17	42000001	1.03809	1.03083	4	0	0
17	42500001	1.03333	1.03083	4	0	0
17	43000001	1.31045	1.03083	4	0	0
17	43500001	1.03654	1.03083	4	0	0
17	44000001	1.04163	1.03083	4	0	0
17	44500001	0.999163	1.03083	4	0	0
17	45000001	1.05583	1.03083	4	0	0
17	45500001	1.08161	1.03083	4	0	0
17	46000001	1.08609	1.03083	4	0	0
17	46500001	1.03018	1.03083	4	0	0
17	47000001	1.05791	1.03083	4	0	0
17	47500001	1.05815	1.03083	4	0	0
17	48000001	1.07155	1.03083	4	0	0
17	48500001	0.986441	1.03083	4	0	0
17	49000001	0.982255	1.03083	4	0	0
17	49500001	1.04775	1.03083	4	0	0
17	50000001	1.04058	1.03083	4	0	0
17	50500001	1.03147	1.03083	4	0	0
17	51000001	1.04111	1.03083	4	0	0
17	51500001	0.973565	1.03083	4	0	0
17	52000001	0.9202	1.03083	4	0	0
17	52500001	0.952447	1.03083	4	0	0
17	53000001	0.946169	1.03083	4	0	0
17	53500001	0.942605	1.03083	4	0	0
17	54000001	0.938253	1.03083	4	0	0
17	54500001	0.943654	1.03083	4	0	0
17	55000001	0.961574	1.03083	4	0	0
17	55500001	0.969978	1.03083	4	0	0
17	56000001	0.966534	1.03083	4	0	0
17	56500001	1.03836	1.03083	4	0	0
17	57000001	1.0122	1.03083	4	0	0
17	57500001	1.03003	1.03083	4	0	0
17	58000001	0.985445	1.03083	4	0	0
17	58500001	1.01004	1.03083	4	0	0
17	59000001	0.980816	1.03083	4	0	0
17	59500001	1.04467	1.03083	4	0	0
17	60000001	1.08832	1.03083	4	0	0
17	60500001	1.39128	1.50474	6	0	0
17	61000001	1.42925	1.50474	6	0	0
17	61500001	1.56418	1.50474	6	0	0
17	62000001	1.45727	1.50474	6	0	0
17	62500001	1.5445	1.50474	6	0	0
17	63000001	1.5935	1.50474	6	0	0
17	63500001	1.48788	1.50474	6	0	0
17	64000001	1.52161	1.50474	6	0	0
17	64500001	3.88019	3.88019	16	0	0
17	65000001	4.59418	3.88019	16	0	0
17	65500001	3.24091	3.88019	16	0	0
17	66000001	1.54308	1.49923	6	0	0
17	66500001	1.53311	1.49923	6	0	0
17	67000001	1.50829	1.49923	6	0	0
17	67500001	1.46159	1.49923	6	0	0
17	68000001	1.42314	1.49923	6	0	0
17	68500001	1.51766	1.49923	6	0	0
17	69000001	1.49923	1.49923	6	0	0
17	69500001	1.47046	1.49923	6	0	0
17	70000001	1.49491	1.49923	6	0	0
17	70500001	1.63626	1.49923	6	0	0
17	71000001	1.49416	1.49923	6	0	0
17	71500001	1.32608	1.23681	5	0	0
17	72000001	1.23112	1.23681	5	0	0
17	72500001	1.19187	1.23681	5	0	0
17	73000001	1.14116	1.23681	5	0	0
17	73500001	1.20474	1.23681	5	0	0
17	74000001	1.18068	1.23681	5	0	0
17	74500001	1.23869	1.23681	5	0	0
17	75000001	1.2696	1.23681	5	0	0
17	75500001	1.26601	1.23681	5	0	0
17	76000001	1.22884	1.23681	5	0	0
17	76500001	1.28876	1.23681	5	0	0
17	77000001	1.23914	1.23681	5	0	0
17	77500001	1.25185	1.23681	5	0	0
17	78000001	1.50221	1.23681	5	0	0
17	78500001	1.23562	1.23681	5	0	0
17	79000001	1.23825	1.23681	5	0	0
17	79500001	1.238	1.23681	5	0	0
17	80000001	1.18482	1.23681	5	0	0
17	80500001	1.171	1.23681	5	0	0
17	81000001	1.32367	1.23681	5	0	0
17	81500001	1.2344	1.23681	5	0	0
17	82000001	1.36612	1.23681	5	0	0
17	82500001	1.22122	1.23681	5	0	0
17	83000001	0.594172	1.23681	5	0	0
18	1	1.78187	1.78187	7	0	0
18	500001	1.02944	1.00795	4	0	0
18	1000001	1.01698	1.00795	4	0	0
18	1500001	1.03411	1.00795	4	0	0
18	2000001	1.06613	1.00795	4	0	0
18	2500001	1.05204	1.00795	4	0	0
18	3000001	1.04765	1.00795	4	0	0
18	3500001	1.0284	1.00795	4	0	0
18	4000001	1.03176	1.00795	4	0	0
18	4500001	0.976135	1.00795	4	0	0
18	5000001	0.93513	1.00795	4	0	0
18	5500001	0.922277	1.00795	4	0	0
18	6000001	0.893497	1.00795	4	0	0
18	6500001	0.895861	1.00795	4	0	0
18	7000001	0.878102	1.00795	4	0	0
18	7500001	0.937466	1.00795	4	0	0
18	8000001	0.99121	1.00795	4	0	0
18	8500001	1.06984	1.00795	4	0	0
18	9000001	1.05313	1.00795	4	0	0
18	9500001	1.06685	1.00795	4	0	0
18	10000001	1.03477	1.00795	4	0	0
18	10500001	1.03051	1.00795	4	0	0
18	11000001	0.967348	1.00795	4	0	0
18	11500001	0.973884	1.00795	4	0	0
18	12000001	1.03193	1.00795	4	0	0
18	12500001	0.997866	1.00795	4	0	0
18	13000001	0.978669	1.00795	4	0	0
18	13500001	0.98511	1.00795	4	0	0
18	14000001	0.953305	1.00795	4	0	0
18	14500001	0.90183	1.00795	4	0	0
18	15000001	1.22243	1.00795	4	0	0
18	15500001	0.998927	1.00795	4	0	0
18	16000001	1.09002	1.00795	4	0	0
18	16500001	0.809855	0.722084	3	0	0
18	17000001	0.775096	0.722084	3	0	0
18	17500001	0.749875	0.722084	3	0	0
18	18000001	0.723469	0.722084	3	0	0
18	18500001	0.67812	0.722084	3	0	0
18	19000001	0.639035	0.722084	3	0	0
18	19500001	0.560433	0.722084	3	0	0
18	20000001	0.722084	0.722084	3	0	0
18	20500001	0.674421	0.722084	3	0	0
18	21000001	1.09475	1.07449	4	0	0
18	21500001	1.07449	1.07449	4	0	0
18	22000001	0.920599	1.07449	4	0	0
18	22500001	0.539547	0.513845	2	0	0
18	23000001	0.504292	0.513845	2	0	0
18	23500001	0.528655	0.513845	2	0	0
18	24000001	0.516046	0.513845	2	0	0
18	24500001	0.509925	0.513845	2	0	0
18	25000001	0.478083	0.513845	2	0	0
18	25500001	0.508572	0.513845	2	0	0
18	26000001	0.521762	0.513845	2	0	0
18	26500001	0.504708	0.513845	2	0	0
18	27000001	0.526022	0.513845	2	0	0
18	27500001	0.521522	0.513845	2	0	0
18	28000001	0.529308	0.513845	2	0	0
18	28500001	0.559407	0.513845	2	0	0
18	29000001	0.533325	0.513845	2	0	0
18	29500001	0.512485	0.513845	2	0	0
18	30000001	0.521392	0.513845	2	0	0
18	30500001	0.564705	0.513845	2	0	0
18	31000001	0.589532	0.513845	2	0	0
18	31500001	0.534967	0.513845	2	0	0
18	32000001	0.472324	0.513845	2	0	0
18	32500001	0.495959	0.513845	2	0	0
18	33000001	0.515206	0.513845	2	0	0
18	33500001	0.448384	0.513845	2	0	0
18	34000001	0.488572	0.513845	2	0	0
18	34500001	0.500733	0.513845	2	0	0
18	35000001	0.507175	0.513845	2	0	0
18	35500001	0.54167	0.513845	2	0	0
18	36000001	0.511961	0.513845	2	0	0
18	36500001	0.508714	0.513845	2	0	0
18	37000001	0.538292	0.513845	2	0	0
18	37500001	0.509855	0.513845	2	0	0
18	38000001	0.474855	0.513845	2	0	0
18	38500001	0.917478	1.0354	4	0	0
18	39000001	0.995138	1.0354	4	0	0
18	39500001	1.06023	1.0354	4	0	0
18	40000001	1.04448	1.0354	4	0	0
18	40500001	1.05971	1.0354	4	0	0
18	41000001	1.05167	1.0354	4	0	0
18	41500001	1.04634	1.0354	4	0	0
18	42000001	1.0354	1.0354	4	0	0
18	42500001	0.955727	1.0354	4	0	0
18	43000001	0.946968	1.0354	4	0	0
18	43500001	1.01722	1.0354	4	0	0
18	44000001	0.807948	0.807948	3	0	0
18	44500001	0.545303	0.51528	2	0	0
18	45000001	0.505888	0.51528	2	0	0
18	45500001	0.530597	0.51528	2	0	0
18	46000001	0.531976	0.51528	2	0	0
18	46500001	0.53065	0.51528	2	0	0
18	47000001	0.49777	0.51528	2	0	0
18	47500001	0.516938	0.51528	2	0	0
18	48000001	0.526449	0.51528	2	0	0
18	48500001	0.538618	0.51528	2	0	0
18	49000001	0.530538	0.51528	2	0	0
18	49500001	0.527479	0.51528	2	0	0
18	50000001	0.513764	0.51528	2	0	0
18	50500001	0.50664	0.51528	2	0	0
18	51000001	0.508424	0.51528	2	0	0
18	51500001	0.509619	0.51528	2	0	0
18	52000001	0.450663	0.51528	2	0	0
18	52500001	0.471498	0.51528	2	0	0
18	53000001	0.484675	0.51528	2	0	0
18	53500001	0.507033	0.51528	2	0	0
18	54000001	0.540878	0.51528	2	0	0
18	54500001	0.543346	0.51528	2	0	0
18	55000001	0.516796	0.51528	2	0	0
18	55500001	0.526657	0.51528	2	0	0
18	56000001	0.519838	0.51528	2	0	0
18	56500001	0.494508	0.51528	2	0	0
18	57000001	0.507625	0.51528	2	0	0
18	57500001	0.528139	0.51528	2	0	0
18	58000001	0.50094	0.51528	2	0	0
18	58500001	0.517588	0.51528	2	0	0
18	59000001	0.501112	0.51528	2	0	0
18	59500001	0.506877	0.51528	2	0	0
18	60000001	0.527046	0.51528	2	0	0
18	60500001	0.456082	0.51528	2	0	0
18	61000001	0.49689	0.51528	2	0	0
18	61500001	0.502555	0.51528	2	0	0
18	62000001	0.541057	0.51528	2	0	0
18	62500001	0.881611	0.97461	4	0	0
18	63000001	1.06761	0.97461	4	0	0
18	63500001	1.13294	0.97461	4	0	0
18	64000001	0.845788	0.97461	4	0	0
18	64500001	0.510715	0.510028	2	0	0
18	65000001	0.518582	0.510028	2	0	0
18	65500001	0.531942	0.510028	2	0	0
18	66000001	0.495733	0.510028	2	0	0
18	66500001	0.532502	0.510028	2	0	0
18	67000001	0.523886	0.510028	2	0	0
18	67500001	0.510371	0.510028	2	0	0
18	68000001	0.518797	0.510028	2	0	0
18	68500001	0.505197	0.510028	2	0	0
18	69000001	0.482523	0.510028	2	0	0
18	69500001	0.516259	0.510028	2	0	0
18	70000001	0.517017	0.510028	2	0	0
18	70500001	0.524995	0.510028	2	0	0
18	71000001	0.545845	0.510028	2	0	0
18	71500001	0.49775	0.510028	2	0	0
18	72000001	0.506572	0.510028	2	0	0
18	72500001	0.558417	0.510028	2	0	0
18	73000001	0.563377	0.510028	2	0	0
18	73500001	0.541964	0.510028	2	0	0
18	74000001	0.493996	0.510028	2	0	0
18	74500001	0.516041	0.510028	2	0	0
18	75000001	0.480843	0.510028	2	0	0
18	75500001	0.487495	0.510028	2	0	0
18	76000001	0.507293	0.510028	2	0	0
18	76500001	0.466801	0.510028	2	0	0
18	77000001	0.483355	0.510028	2	0	0
18	77500001	0.456792	0.510028	2	0	0
18	78000001	0.438351	0.510028	2	0	0
18	78500001	0.456307	0.510028	2	0	0
18	79000001	0.474472	0.510028	2	0	0
18	79500001	0.510028	0.510028	2	0	0
18	80000001	-1	-1	-1	0	0
19	1	1.21769	1.07282	4	0	0
19	500001	0.986976	1.07282	4	0	0
19	1000001	1.02978	1.07282	4	0	0
19	1500001	0.987641	1.07282	4	0	0
19	2000001	0.993751	1.07282	4	0	0
19	2500001	0.959988	1.07282	4	0	0
19	3000001	0.943254	1.07282	4	0	0
19	3500001	0.98163	1.07282	4	0	0
19	4000001	0.937365	1.07282	4	0	0
19	4500001	0.942615	1.07282	4	0	0
19	5000001	0.969897	1.07282	4	0	0
19	5500001	0.953237	1.07282	4	0	0
19	6000001	1.25406	1.07282	4	0	0
19	6500001	1.15094	1.07282	4	0	0
19	7000001	1.25122	1.07282	4	0	0
19	7500001	1.18126	1.07282	4	0	0
19	8000001	1.15822	1.07282	4	0	0
19	8500001	1.49485	1.07282	4	0	0
19	9000001	1.23469	1.07282	4	0	0
19	9500001	1.17951	1.07282	4	0	0
19	10000001	1.20903	1.07282	4	0	0
19	10500001	1.23899	1.07282	4	0	0
19	11000001	1.19996	1.07282	4	0	0
19	11500001	1.23908	1.07282	4	0	0
19	12000001	1.36675	1.07282	4	0	0
19	12500001	1.32773	1.07282	4	0	0
19	13000001	1.22903	1.07282	4	0	0
19	13500001	1.24419	1.07282	4	0	0
19	14000001	1.23608	1.07282	4	0	0
19	14500001	1.21125	1.07282	4	0	0
19	15000001	1.20326	1.07282	4	0	0
19	15500001	1.19731	1.07282	4	0	0
19	16000001	1.03723	1.07282	4	0	0
19	16500001	0.942898	1.07282	4	0	0
19	17000001	0.945979	1.07282	4	0	0
19	17500001	0.970861	1.07282	4	0	0
19	18000001	1.00559	1.07282	4	0	0
19	18500001	1.01602	1.07282	4	0	0
19	19000001	1.03362	1.07282	4	0	0
19	19500001	0.937886	1.07282	4	0	0
19	20000001	0.923867	1.07282	4	0	0
19	20500001	0.890118	1.07282	4	0	0
19	21000001	1.0205	1.07282	4	0	0
19	21500001	0.953394	1.07282	4	0	0
19	22000001	1.10841	1.07282	4	0	0
19	22500001	1.83018	1.07282	4	0	0
19	23000001	4.40756	4.40971	18	0	0
19	23500001	4.41187	4.40971	18	0	0
19	24000001	4.82814	4.40971	18	0	0
19	24500001	2.93486	4.40971	18	0	0
19	25000001	1.70629	1.97405	8	0	0
19	25500001	2.14843	1.97405	8	0	0
19	26000001	1.79968	1.97405	8	0	0
19	26500001	2.63928	1.97405	8	0	0
19	27000001	5.998	4.55535	18	0	0
19	27500001	3.1127	4.55535	18	0	0
19	28000001	0.827505	2.45537	10	0	0
19	28500001	2.91823	2.45537	10	0	0
19	29000001	2.02875	2.45537	10	0	0
19	29500001	2.882	2.45537	10	0	0
19	30000001	1.64606	1.33615	5	0	0
19	30500001	1.34531	1.33615	5	0	0
19	31000001	1.31716	1.33615	5	0	0
19	31500001	1.32699	1.33615	5	0	0
19	32000001	0.97731	0.742212	3	0	0
19	32500001	0.74055	0.742212	3	0	0
19	33000001	0.743874	0.742212	3	0	0
19	33500001	0.702536	0.742212	3	0	0
19	34000001	0.714292	0.742212	3	0	0
19	34500001	0.74517	0.742212	3	0	0
19	35000001	1.26035	0.742212	3	0	0
19	35500001	0.663245	0.742212	3	0	0
19	36000001	0.607371	0.742212	3	0	0
19	36500001	0.461651	0.742212	3	0	0
19	37000001	0.619436	0.742212	3	0	0
19	37500001	0.755193	0.742212	3	0	0
19	38000001	0.90999	0.742212	3	0	0
19	38500001	0.995176	0.742212	3	0	0
19	39000001	1.03156	0.742212	3	0	0
19	39500001	0.971129	0.742212	3	0	0
19	40000001	0.725211	0.742212	3	0	0
19	40500001	0.758015	0.742212	3	0	0
19	41000001	0.513801	0.742212	3	0	0
19	41500001	0.486107	0.742212	3	0	0
19	42000001	0.46753	0.742212	3	0	0
19	42500001	0.499882	0.742212	3	0	0
19	43000001	0.492737	0.742212	3	0	0
19	43500001	0.734625	0.742212	3	0	0
19	44000001	0.788083	0.742212	3	0	0
19	44500001	0.831036	0.742212	3	0	0
19	45000001	1.04403	0.742212	3	0	0
19	45500001	1.00351	0.742212	3	0	0
19	46000001	1.20897	1.41046	6	0	0
19	46500001	1.45189	1.41046	6	0	0
19	47000001	1.43814	1.41046	6	0	0
19	47500001	1.86083	1.41046	6	0	0
19	48000001	1.41046	1.41046	6	0	0
19	48500001	1.44636	1.41046	6	0	0
19	49000001	1.44988	1.41046	6	0	0
19	49500001	1.48184	1.41046	6	0	0
19	50000001	1.31417	1.41046	6	0	0
19	50500001	1.43341	1.41046	6	0	0
19	51000001	1.40479	1.41046	6	0	0
19	51500001	1.51399	1.41046	6	0	0
19	52000001	1.64458	1.41046	6	0	0
19	52500001	1.23965	1.41046	6	0	0
19	53000001	0.962527	1.41046	6	0	0
19	53500001	0.95809	1.41046	6	0	0
19	54000001	1.10945	1.41046	6	0	0
19	54500001	1.45836	1.41046	6	0	0
19	55000001	1.5081	1.41046	6	0	0
19	55500001	1.39879	1.41046	6	0	0
19	56000001	1.32163	1.41046	6	0	0
19	56500001	1.37743	1.41046	6	0	0
19	57000001	1.3608	1.41046	6	0	0
19	57500001	2.04426	2.04426	8	0	0
19	58000001	5.6374	2.04426	8	0	0
19	58500001	1.2694	2.04426	8	0	0
2	1	0.978077	0.944348	4	0	0
2	500001	0.92012	0.944348	4	0	0
2	1000001	0.921575	0.944348	4	0	0
2	1500001	0.939464	0.944348	4	0	0
2	2000001	0.906354	0.944348	4	0	0
2	2500001	0.855432	0.944348	4	0	0
2	3000001	0.891754	0.944348	4	0	0
2	3500001	0.88716	0.944348	4	0	0
2	4000001	0.873103	0.944348	4	0	0
2	4500001	0.91849	0.944348	4	0	0
2	5000001	0.878461	0.944348	4	0	0
2	5500001	0.851176	0.944348	4	0	0
2	6000001	0.852372	0.944348	4	0	0
2	6500001	0.900442	0.944348	4	0	0
2	7000001	0.881748	0.944348	4	0	0
2	7500001	0.851632	0.944348	4	0	0
2	8000001	0.973464	0.944348	4	0	0
2	8500001	1.01726	0.944348	4	0	0
2	9000001	1.23693	0.944348	4	0	0
2	9500001	0.980862	0.944348	4	0	0
2	10000001	0.982558	0.944348	4	0	0
2	10500001	1.00173	0.944348	4	0	0
2	11000001	0.967443	0.944348	4	0	0
2	11500001	0.972348	0.944348	4	0	0
2	12000001	0.963374	0.944348	4	0	0
2	12500001	0.977794	0.944348	4	0	0
2	13000001	0.997839	0.944348	4	0	0
2	13500001	1.01189	0.944348	4	0	0
2	14000001	0.968934	0.944348	4	0	0
2	14500001	0.949233	0.944348	4	0	0
2	15000001	0.677416	0.510557	2	0	0
2	15500001	0.47108	0.510557	2	0	0
2	16000001	0.458802	0.510557	2	0	0
2	16500001	0.511646	0.510557	2	0	0
2	17000001	0.509468	0.510557	2	0	0
2	17500001	0.514911	0.510557	2	0	0
2	18000001	0.50474	0.510557	2	0	0
2	18500001	0.498909	0.510557	2	0	0
2	19000001	0.512002	0.510557	2	0	0
2	19500001	0.527311	0.510557	2	0	0
2	20000001	0.551294	0.510557	2	0	0
2	20500001	0.523891	0.510557	2	0	0
2	21000001	0.491105	0.510557	2	0	0
2	21500001	0.478827	0.510557	2	0	0
2	22000001	0.47488	0.510557	2	0	0
2	22500001	0.462836	0.510557	2	0	0
2	23000001	0.506154	0.510557	2	0	0
2	23500001	0.463275	0.510557	2	0	0
2	24000001	0.531459	0.510557	2	0	0
2	24500001	0.517478	0.510557	2	0	0
2	25000001	0.51208	0.510557	2	0	0
2	25500001	1.10383	0.510557	2	0	0
2	26000001	2.8162	3.17932	13	0	0
2	26500001	2.85468	3.17932	13	0	0
2	27000001	3.31313	3.17932	13	0	0
2	27500001	3.53352	3.17932	13	0	0
2	28000001	3.17932	3.17932	13	0	0
2	28500001	2.87231	2.65935	11	0	0
2	29000001	2.78063	2.65935	11	0	0
2	29500001	2.74465	2.65935	11	0	0
2	30000001	2.77143	2.65935	11	0	0
2	30500001	2.74578	2.65935	11	0	0
2	31000001	2.69324	2.65935	11	0	0
2	31500001	2.92281	2.65935	11	0	0
2	32000001	2.68855	2.65935	11	0	0
2	32500001	3.0639	2.65935	11	0	0
2	33000001	2.62719	2.65935	11	0	0
2	33500001	2.57958	2.65935	11	0	0
2	34000001	2.59415	2.65935	11	0	0
2	34500001	2.47659	2.65935	11	0	0
2	35000001	2.65935	2.65935	11	0	0
2	35500001	2.54714	2.65935	11	0	0
2	36000001	2.77029	2.65935	11	0	0
2	36500001	2.66383	2.65935	11	0	0
2	37000001	2.68395	2.65935	11	0	0
2	37500001	2.82811	2.65935	11	0	0
2	38000001	2.72452	2.65935	11	0	0
2	38500001	2.61614	2.65935	11	0	0
2	39000001	2.64777	2.65935	11	0	0
2	39500001	2.58388	2.65935	11	0	0
2	40000001	2.39064	2.65935	11	0	0
2	40500001	2.3365	2.65935	11	0	0
2	41000001	2.31019	2.65935	11	0	0
2	41500001	2.25315	2.65935	11	0	0
2	42000001	2.25504	2.65935	11	0	0
2	42500001	2.20834	2.65935	11	0	0
2	43000001	2.03005	1.78809	7	0	0
2	43500001	1.79758	1.78809	7	0	0
2	44000001	1.80115	1.78809	7	0	0
2	44500001	1.80161	1.78809	7	0	0
2	45000001	1.83791	1.78809	7	0	0
2	45500001	1.83259	1.78809	7	0	0
2	46000001	1.8914	1.78809	7	0	0
2	46500001	1.842	1.78809	7	0	0
2	47000001	1.80691	1.78809	7	0	0
2	47500001	1.7648	1.78809	7	0	0
2	48000001	1.7196	1.78809	7	0	0
2	48500001	1.61643	1.78809	7	0	0
2	49000001	1.59705	1.78809	7	0	0
2	49500001	1.64959	1.78809	7	0	0
2	50000001	1.64348	1.78809	7	0	0
2	50500001	1.75581	1.78809	7	0	0
2	51000001	1.66605	1.78809	7	0	0
2	51500001	1.6848	1.78809	7	0	0
2	52000001	1.6905	1.78809	7	0	0
2	52500001	1.7318	1.78809	7	0	0
2	53000001	1.7255	1.78809	7	0	0
2	53500001	1.69808	1.78809	7	0	0
2	54000001	1.7912	1.78809	7	0	0
2	54500001	1.81082	1.78809	7	0	0
2	55000001	1.86785	1.78809	7	0	0
2	55500001	1.85254	1.78809	7	0	0
2	56000001	1.83847	1.78809	7	0	0
2	56500001	1.83953	1.78809	7	0	0
2	57000001	1.75355	1.78809	7	0	0
2	57500001	1.84045	1.78809	7	0	0
2	58000001	1.74436	1.78809	7	0	0
2	58500001	1.70888	1.78809	7	0	0
2	59000001	1.58374	1.78809	7	0	0
2	59500001	1.68227	1.78809	7	0	0
2	60000001	1.6759	1.78809	7	0	0
2	60500001	1.78224	1.78809	7	0	0
2	61000001	1.79153	1.78809	7	0	0
2	61500001	1.77767	1.78809	7	0	0
2	62000001	1.7609	1.78809	7	0	0
2	62500001	1.81298	1.78809	7	0	0
2	63000001	1.88726	1.78809	7	0	0
2	63500001	1.82194	1.78809	7	0	0
2	64000001	1.81077	1.78809	7	0	0
2	64500001	1.82808	1.78809	7	0	0
2	65000001	1.79893	1.78809	7	0	0
2	65500001	1.73997	1.78809	7	0	0
2	66000001	1.72871	1.78809	7	0	0
2	66500001	1.76831	1.78809	7	0	0
2	67000001	1.81035	1.78809	7	0	0
2	67500001	1.71406	1.78809	7	0	0
2	68000001	1.68975	1.78809	7	0	0
2	68500001	1.80435	1.78809	7	0	0
2	69000001	1.80418	1.78809	7	0	0
2	69500001	1.80796	1.78809	7	0	0
2	70000001	1.80988	1.78809	7	0	0
2	70500001	1.80505	1.78809	7	0	0
2	71000001	1.81548	1.78809	7	0	0
2	71500001	1.74628	1.78809	7	0	0
2	72000001	1.83077	1.78809	7	0	0
2	72500001	1.83864	1.78809	7	0	0
2	73000001	1.78498	1.78809	7	0	0
2	73500001	1.77631	1.78809	7	0	0
2	74000001	1.76808	1.78809	7	0	0
2	74500001	1.42219	1.78809	7	0	0
2	75000001	0.72057	0.72057	3	0	0
2	75500001	1.1079	0.72057	3	0	0
2	76000001	1.7509	0.72057	3	0	0
2	76500001	1.09781	0.72057	3	0	0
2	77000001	0.59004	0.72057	3	0	0
2	77500001	0.617087	0.72057	3	0	0
2	78000001	0.633446	0.72057	3	0	0
2	78500001	0.6275	0.72057	3	0	0
2	79000001	0.57005	0.72057	3	0	0
2	79500001	0.599067	0.72057	3	0	0
2	80000001	0.573805	0.72057	3	0	0
2	80500001	0.592698	0.72057	3	0	0
2	81000001	0.680391	0.72057	3	0	0
2	81500001	0.761256	0.72057	3	0	0
2	82000001	0.626259	0.72057	3	0	0
2	82500001	0.991468	0.72057	3	0	0
2	83000001	0.639585	0.72057	3	0	0
2	83500001	1.03224	0.72057	3	0	0
2	84000001	1.30367	0.72057	3	0	0
2	84500001	1.11074	0.72057	3	0	0
2	85000001	2.40653	0.72057	3	0	0
2	85500001	0.992489	0.72057	3	0	0
2	86000001	0.641435	0.72057	3	0	0
2	86500001	0.660765	0.72057	3	0	0
2	87000001	0.805942	0.72057	3	0	0
2	87500001	0.924444	0.72057	3	0	0
2	88000001	0.724941	0.72057	3	0	0
2	88500001	0.700735	0.72057	3	0	0
2	89000001	-1	0.72057	3	0	0
2	89500001	-1	0.72057	3	0	0
2	90000001	-1	0.72057	3	0	0
2	90500001	-1	0.72057	3	0	0
2	91000001	-1	0.72057	3	0	0
2	91500001	1.04987	0.72057	3	0	0
2	92000001	0.957886	0.72057	3	0	0
2	92500001	0.84163	0.72057	3	0	0
2	93000001	0.42693	0.72057	3	0	0
2	93500001	0.427192	0.72057	3	0	0
2	94000001	-1	-1	-1	0	0
2	94500001	1.37311	1.36436	5	0	0
2	95000001	1.319	1.36436	5	0	0
2	95500001	1.37783	1.36436	5	0	0
2	96000001	1.36436	1.36436	5	0	0
2	96500001	1.3179	1.36436	5	0	0
2	97000001	1.42182	1.36436	5	0	0
2	97500001	1.37652	1.36436	5	0	0
2	98000001	1.38084	1.36436	5	0	0
2	98500001	1.33509	1.36436	5	0	0
2	99000001	1.29354	1.36436	5	0	0
2	99500001	1.20709	1.36436	5	0	0
2	100000001	2.08516	2.63453	11	0	0
2	100500001	2.66444	2.63453	11	0	0
2	101000001	2.63453	2.63453	11	0	0
2	101500001	1.66862	1.26718	5	0	0
2	102000001	1.3627	1.26718	5	0	0
2	102500001	1.23415	1.26718	5	0	0
2	103000001	1.2246	1.26718	5	0	0
2	103500001	1.18705	1.26718	5	0	0
2	104000001	1.219	1.26718	5	0	0
2	104500001	1.20981	1.26718	5	0	0
2	105000001	1.32337	1.26718	5	0	0
2	105500001	1.2749	1.26718	5	0	0
2	106000001	1.21242	1.26718	5	0	0
2	106500001	1.1622	1.26718	5	0	0
2	107000001	1.22429	1.26718	5	0	0
2	107500001	1.24753	1.26718	5	0	0
2	108000001	1.30358	1.26718	5	0	0
2	108500001	1.34524	1.26718	5	0	0
2	109000001	1.68506	1.26718	5	0	0
2	109500001	1.26727	1.26718	5	0	0
2	110000001	1.21687	1.26718	5	0	0
2	110500001	1.34423	1.26718	5	0	0
2	111000001	1.352	1.26718	5	0	0
2	111500001	1.3181	1.26718	5	0	0
2	112000001	1.39768	1.26718	5	0	0
2	112500001	1.36553	1.26718	5	0	0
2	113000001	1.36411	1.26718	5	0	0
2	113500001	1.31809	1.26718	5	0	0
2	114000001	1.28839	1.26718	5	0	0
2	114500001	1.15739	1.26718	5	0	0
2	115000001	1.18034	1.26718	5	0	0
2	115500001	1.14377	1.26718	5	0	0
2	116000001	1.14788	1.26718	5	0	0
2	116500001	1.17845	1.26718	5	0	0
2	117000001	1.18305	1.26718	5	0	0
2	117500001	1.26715	1.26718	5	0	0
2	118000001	1.30809	1.26718	5	0	0
2	118500001	1.33002	1.26718	5	0	0
2	119000001	1.29698	1.26718	5	0	0
2	119500001	1.33758	1.26718	5	0	0
2	120000001	1.3069	1.26718	5	0	0
2	120500001	1.29557	1.26718	5	0	0
2	121000001	1.27296	1.26718	5	0	0
2	121500001	1.29185	1.26718	5	0	0
2	122000001	1.24587	1.26718	5	0	0
2	122500001	1.23872	1.26718	5	0	0
2	123000001	1.23482	1.26718	5	0	0
2	123500001	1.21846	1.26718	5	0	0
2	124000001	1.11545	1.26718	5	0	0
2	124500001	1.16552	1.26718	5	0	0
2	125000001	1.14104	1.26718	5	0	0
2	125500001	1.13819	1.26718	5	0	0
2	126000001	1.24358	1.26718	5	0	0
2	126500001	1.23828	1.26718	5	0	0
2	127000001	1.36248	1.26718	5	0	0
2	127500001	1.30291	1.26718	5	0	0
2	128000001	1.39	1.26718	5	0	0
2	128500001	1.21233	1.26718	5	0	0
2	129000001	1.26052	1.26718	5	0	0
2	129500001	1.21822	1.26718	5	0	0
2	130000001	1.00137	1.26718	5	0	0
2	130500001	1.33108	1.26718	5	0	0
2	131000001	1.52578	1.26718	5	0	0
2	131500001	1.714	1.26718	5	0	0
2	132000001	1.90971	1.26718	5	0	0
2	132500001	0.98723	1.26718	5	0	0
2	133000001	0.867248	1.26718	5	0	0
2	133500001	1.24208	1.26718	5	0	0
2	134000001	1.22155	1.26718	5	0	0
2	134500001	1.20045	1.26718	5	0	0
2	135000001	1.20553	1.26718	5	0	0
2	135500001	1.09407	1.26718	5	0	0
2	136000001	1.17546	1.26718	5	0	0
2	136500001	1.16975	1.26718	5	0	0
2	137000001	1.23896	1.26718	5	0	0
2	137500001	1.29757	1.26718	5	0	0
2	138000001	1.33382	1.26718	5	0	0
2	138500001	1.33932	1.26718	5	0	0
2	139000001	1.32341	1.26718	5	0	0
2	139500001	1.29582	1.26718	5	0	0
2	140000001	1.24143	1.26718	5	0	0
2	140500001	1.04624	1.26718	5	0	0
2	141000001	1.09758	1.26718	5	0	0
2	141500001	1.23064	1.26718	5	0	0
2	142000001	1.29351	1.26718	5	0	0
2	142500001	1.32904	1.26718	5	0	0
2	143000001	1.26721	1.26718	5	0	0
2	143500001	1.23385	1.26718	5	0	0
2	144000001	1.2291	1.26718	5	0	0
2	144500001	1.27786	1.26718	5	0	0
2	145000001	1.35449	1.26718	5	0	0
2	145500001	1.27483	1.26718	5	0	0
2	146000001	1.3033	1.26718	5	0	0
2	146500001	1.34247	1.26718	5	0	0
2	147000001	1.25003	1.26718	5	0	0
2	147500001	1.30402	1.26718	5	0	0
2	148000001	1.29413	1.26718	5	0	0
2	148500001	1.38902	1.26718	5	0	0
2	149000001	1.26664	1.26718	5	0	0
2	149500001	1.28067	1.26718	5	0	0
2	150000001	1.31097	1.26718	5	0	0
2	150500001	1.30643	1.26718	5	0	0
2	151000001	1.20169	1.26718	5	0	0
2	151500001	1.03899	0.992377	4	0	0
2	152000001	1.00959	0.992377	4	0	0
2	152500001	1.00838	0.992377	4	0	0
2	153000001	0.982208	0.992377	4	0	0
2	153500001	0.937389	0.992377	4	0	0
2	154000001	0.965791	0.992377	4	0	0
2	154500001	0.95712	0.992377	4	0	0
2	155000001	1.0333	0.992377	4	0	0
2	155500001	1.07638	0.992377	4	0	0
2	156000001	1.05682	0.992377	4	0	0
2	156500001	1.08797	0.992377	4	0	0
2	157000001	1.02483	0.992377	4	0	0
2	157500001	0.982611	0.992377	4	0	0
2	158000001	0.974984	0.992377	4	0	0
2	158500001	0.957125	0.992377	4	0	0
2	159000001	1.06695	0.992377	4	0	0
2	159500001	1.13196	0.992377	4	0	0
2	160000001	1.1225	0.992377	4	0	0
2	160500001	1.08103	0.992377	4	0	0
2	161000001	1.12014	0.992377	4	0	0
2	161500001	1.0936	0.992377	4	0	0
2	162000001	1.06779	0.992377	4	0	0
2	162500001	1.02489	0.992377	4	0	0
2	163000001	1.04404	0.992377	4	0	0
2	163500001	1.04042	0.992377	4	0	0
2	164000001	1.01862	0.992377	4	0	0
2	164500001	1.05805	0.992377	4	0	0
2	165000001	1.07463	0.992377	4	0	0
2	165500001	1.01841	0.992377	4	0	0
2	166000001	0.993523	0.992377	4	0	0
2	166500001	0.970599	0.992377	4	0	0
2	167000001	0.994832	0.992377	4	0	0
2	167500001	0.992377	0.992377	4	0	0
2	168000001	1.01933	0.992377	4	0	0
2	168500001	0.874244	0.992377	4	0	0
2	169000001	0.831447	0.992377	4	0	0
2	169500001	0.813866	0.992377	4	0	0
2	170000001	0.834057	0.992377	4	0	0
2	170500001	0.788019	0.992377	4	0	0
2	171000001	0.907845	0.992377	4	0	0
2	171500001	0.84496	0.992377	4	0	0
2	172000001	0.833253	0.992377	4	0	0
2	172500001	0.853583	0.992377	4	0	0
2	173000001	0.817438	0.992377	4	0	0
2	173500001	0.816046	0.992377	4	0	0
2	174000001	0.826824	0.992377	4	0	0
2	174500001	0.774827	0.992377	4	0	0
2	175000001	0.77611	0.992377	4	0	0
2	175500001	0.780059	0.992377	4	0	0
2	176000001	0.816492	0.992377	4	0	0
2	176500001	0.821583	0.992377	4	0	0
2	177000001	1.73452	2.28085	9	0	0
2	177500001	1.7962	2.28085	9	0	0
2	178000001	2.28085	2.28085	9	0	0
2	178500001	2.36501	2.28085	9	0	0
2	179000001	2.35705	2.28085	9	0	0
2	179500001	2.36447	2.28085	9	0	0
2	180000001	1.89477	2.28085	9	0	0
2	180500001	1.51605	1.48722	6	0	0
2	181000001	1.48589	1.48722	6	0	0
2	181500001	1.57431	1.48722	6	0	0
2	182000001	1.57482	1.48722	6	0	0
2	182500001	1.44941	1.48722	6	0	0
2	183000001	1.4067	1.48722	6	0	0
2	183500001	1.36796	1.48722	6	0	0
2	184000001	1.4994	1.48722	6	0	0
2	184500001	1.49094	1.48722	6	0	0
2	185000001	1.52795	1.48722	6	0	0
2	185500001	1.46477	1.48722	6	0	0
2	186000001	1.56071	1.48722	6	0	0
2	186500001	1.47074	1.48722	6	0	0
2	187000001	1.45986	1.48722	6	0	0
2	187500001	1.45577	1.48722	6	0	0
2	188000001	1.48856	1.48722	6	0	0
2	188500001	1.48497	1.48722	6	0	0
2	189000001	1.57457	1.48722	6	0	0
2	189500001	1.48958	1.48722	6	0	0
2	190000001	1.35586	1.48722	6	0	0
2	190500001	1.25082	1.13423	5	0	0
2	191000001	1.18537	1.13423	5	0	0
2	191500001	1.24795	1.13423	5	0	0
2	192000001	1.16004	1.13423	5	0	0
2	192500001	1.17396	1.13423	5	0	0
2	193000001	1.16838	1.13423	5	0	0
2	193500001	1.14955	1.13423	5	0	0
2	194000001	1.09515	1.13423	5	0	0
2	194500001	1.1124	1.13423	5	0	0
2	195000001	1.13423	1.13423	5	0	0
2	195500001	1.15904	1.13423	5	0	0
2	196000001	1.19858	1.13423	5	0	0
2	196500001	1.12622	1.13423	5	0	0
2	197000001	1.08523	1.13423	5	0	0
2	197500001	1.09075	1.13423	5	0	0
2	198000001	1.0662	1.13423	5	0	0
2	198500001	1.05115	1.13423	5	0	0
2	199000001	1.05954	1.13423	5	0	0
2	199500001	1.05939	1.13423	5	0	0
2	200000001	0.822572	0.830347	3	0	0
2	200500001	0.81824	0.830347	3	0	0
2	201000001	0.842516	0.830347	3	0	0
2	201500001	1.0019	0.830347	3	0	0
2	202000001	0.81113	0.830347	3	0	0
2	202500001	0.814593	0.830347	3	0	0
2	203000001	0.859374	0.830347	3	0	0
2	203500001	0.786584	0.830347	3	0	0
2	204000001	0.772566	0.830347	3	0	0
2	204500001	0.772633	0.830347	3	0	0
2	205000001	0.754149	0.830347	3	0	0
2	205500001	0.783014	0.830347	3	0	0
2	206000001	0.823456	0.830347	3	0	0
2	206500001	0.863817	0.830347	3	0	0
2	207000001	0.817964	0.830347	3	0	0
2	207500001	0.829969	0.830347	3	0	0
2	208000001	0.839949	0.830347	3	0	0
2	208500001	0.839384	0.830347	3	0	0
2	209000001	0.862272	0.830347	3	0	0
2	209500001	0.791525	0.830347	3	0	0
2	210000001	0.795989	0.830347	3	0	0
2	210500001	0.809039	0.830347	3	0	0
2	211000001	0.813718	0.830347	3	0	0
2	211500001	0.811594	0.830347	3	0	0
2	212000001	0.850067	0.830347	3	0	0
2	212500001	0.928803	0.830347	3	0	0
2	213000001	0.858482	0.830347	3	0	0
2	213500001	0.840301	0.830347	3	0	0
2	214000001	0.83769	0.830347	3	0	0
2	214500001	0.823487	0.830347	3	0	0
2	215000001	0.828299	0.830347	3	0	0
2	215500001	0.875042	0.830347	3	0	0
2	216000001	0.873825	0.830347	3	0	0
2	216500001	0.858028	0.830347	3	0	0
2	217000001	0.81605	0.830347	3	0	0
2	217500001	0.839248	0.830347	3	0	0
2	218000001	0.869903	0.830347	3	0	0
2	218500001	0.867836	0.830347	3	0	0
2	219000001	0.901048	0.830347	3	0	0
2	219500001	0.879822	0.830347	3	0	0
2	220000001	0.830347	0.830347	3	0	0
2	220500001	0.856681	0.830347	3	0	0
2	221000001	0.812455	0.830347	3	0	0
2	221500001	0.851399	0.830347	3	0	0
2	222000001	0.800978	0.830347	3	0	0
2	222500001	0.869594	0.830347	3	0	0
2	223000001	0.869726	0.830347	3	0	0
2	223500001	0.881379	0.830347	3	0	0
2	224000001	0.846647	0.830347	3	0	0
2	224500001	0.782469	0.830347	3	0	0
2	225000001	0.80347	0.830347	3	0	0
2	225500001	0.848527	0.830347	3	0	0
2	226000001	0.885887	0.830347	3	0	0
2	226500001	0.845996	0.830347	3	0	0
2	227000001	0.81437	0.830347	3	0	0
2	227500001	0.830096	0.830347	3	0	0
2	228000001	0.781242	0.830347	3	0	0
2	228500001	0.789169	0.830347	3	0	0
2	229000001	0.796894	0.830347	3	0	0
2	229500001	0.812411	0.830347	3	0	0
2	230000001	0.881892	0.830347	3	0	0
2	230500001	0.864946	0.830347	3	0	0
2	231000001	0.824762	0.830347	3	0	0
2	231500001	0.842196	0.830347	3	0	0
2	232000001	0.857505	0.830347	3	0	0
2	232500001	0.85169	0.830347	3	0	0
2	233000001	0.850694	0.830347	3	0	0
2	233500001	0.900417	0.830347	3	0	0
2	234000001	0.992825	0.830347	3	0	0
2	234500001	0.860938	0.830347	3	0	0
2	235000001	0.855897	0.830347	3	0	0
2	235500001	0.736566	0.830347	3	0	0
2	236000001	0.847326	0.830347	3	0	0
2	236500001	0.857818	0.830347	3	0	0
2	237000001	0.835489	0.830347	3	0	0
2	237500001	0.812331	0.830347	3	0	0
2	238000001	0.814736	0.830347	3	0	0
2	238500001	0.811512	0.830347	3	0	0
2	239000001	0.780275	0.830347	3	0	0
2	239500001	0.797813	0.830347	3	0	0
2	240000001	0.798987	0.830347	3	0	0
2	240500001	0.787484	0.830347	3	0	0
2	241000001	0.80026	0.830347	3	0	0
2	241500001	0.492976	0.830347	3	0	0
2	242000001	0.230367	0.830347	3	0	0
20	1	1.06276	1.02238	4	0	0
20	500001	0.98397	1.02238	4	0	0
20	1000001	1.04473	1.02238	4	0	0
20	1500001	0.979399	1.02238	4	0	0
20	2000001	1.03815	1.02238	4	0	0
20	2500001	1.00824	1.02238	4	0	0
20	3000001	1.05173	1.02238	4	0	0
20	3500001	1.0133	1.02238	4	0	0
20	4000001	1.08023	1.02238	4	0	0
20	4500001	1.05616	1.02238	4	0	0
20	5000001	1.05219	1.02238	4	0	0
20	5500001	1.03099	1.02238	4	0	0
20	6000001	1.0368	1.02238	4	0	0
20	6500001	1.00647	1.02238	4	0	0
20	7000001	1.02248	1.02238	4	0	0
20	7500001	1.02238	1.02238	4	0	0
20	8000001	1.03278	1.02238	4	0	0
20	8500001	0.96175	1.02238	4	0	0
20	9000001	0.905753	1.02238	4	0	0
20	9500001	0.957641	1.02238	4	0	0
20	10000001	1.00781	1.02238	4	0	0
20	10500001	1.02466	1.02238	4	0	0
20	11000001	1.10436	1.02238	4	0	0
20	11500001	1.07538	1.02238	4	0	0
20	12000001	1.01833	1.02238	4	0	0
20	12500001	1.00906	1.02238	4	0	0
20	13000001	1.00494	1.02238	4	0	0
20	13500001	0.990821	1.02238	4	0	0
20	14000001	1.07626	1.02238	4	0	0
20	14500001	0.581881	1.02238	4	0	0
20	15000001	0.723159	1.02238	4	0	0
20	15500001	1.01906	1.02238	4	0	0
20	16000001	1.03885	1.02238	4	0	0
20	16500001	1.39766	1.47604	6	0	0
20	17000001	1.47627	1.47604	6	0	0
20	17500001	1.51988	1.47604	6	0	0
20	18000001	1.47581	1.47604	6	0	0
20	18500001	1.47129	1.47604	6	0	0
20	19000001	1.50065	1.47604	6	0	0
20	19500001	1.51375	1.47604	6	0	0
20	20000001	1.53468	1.47604	6	0	0
20	20500001	1.39392	1.47604	6	0	0
20	21000001	1.39083	1.47604	6	0	0
20	21500001	1.354	1.47604	6	0	0
20	22000001	1.49516	1.47604	6	0	0
20	22500001	1.54095	1.47604	6	0	0
20	23000001	1.47219	1.47604	6	0	0
20	23500001	1.81234	1.97648	8	0	0
20	24000001	1.97648	1.97648	8	0	0
20	24500001	1.97917	1.97648	8	0	0
20	25000001	2.01162	1.97648	8	0	0
20	25500001	1.63228	1.97648	8	0	0
20	26000001	3.19914	3.35138	13	0	0
20	26500001	3.50361	3.35138	13	0	0
20	27000001	2.54427	2.47577	10	0	0
20	27500001	2.47577	2.47577	10	0	0
20	28000001	2.29675	2.47577	10	0	0
20	28500001	4.3205	4.3205	17	0	0
20	29000001	2.21348	2.11475	8	0	0
20	29500001	2.22506	2.11475	8	0	0
20	30000001	-1	2.11475	8	0	0
20	30500001	2.21381	2.11475	8	0	0
20	31000001	-1	2.11475	8	0	0
20	31500001	2.12993	2.11475	8	0	0
20	32000001	1.93437	2.11475	8	0	0
20	32500001	2.06345	2.11475	8	0	0
20	33000001	2.06316	2.11475	8	0	0
20	33500001	2.11475	2.11475	8	0	0
20	34000001	1.97634	2.11475	8	0	0
20	34500001	1.2897	1.30225	5	0	0
20	35000001	1.3148	1.30225	5	0	0
20	35500001	1.25627	1.30225	5	0	0
20	36000001	1.8125	1.30225	5	0	0
20	36500001	1.28575	1.26573	5	0	0
20	37000001	1.31445	1.26573	5	0	0
20	37500001	1.32951	1.26573	5	0	0
20	38000001	1.30673	1.26573	5	0	0
20	38500001	1.22865	1.26573	5	0	0
20	39000001	1.21982	1.26573	5	0	0
20	39500001	1.1564	1.26573	5	0	0
20	40000001	1.22083	1.26573	5	0	0
20	40500001	1.25099	1.26573	5	0	0
20	41000001	1.29625	1.26573	5	0	0
20	41500001	1.24736	1.26573	5	0	0
20	42000001	1.21016	1.26573	5	0	0
20	42500001	1.18146	1.26573	5	0	0
20	43000001	1.20704	1.26573	5	0	0
20	43500001	1.23982	1.26573	5	0	0
20	44000001	1.22524	1.26573	5	0	0
20	44500001	1.31701	1.26573	5	0	0
20	45000001	1.32285	1.26573	5	0	0
20	45500001	1.29163	1.26573	5	0	0
20	46000001	1.2832	1.26573	5	0	0
20	46500001	1.21084	1.26573	5	0	0
20	47000001	1.27299	1.26573	5	0	0
20	47500001	1.29691	1.26573	5	0	0
20	48000001	1.22899	1.26573	5	0	0
20	48500001	1.27312	1.26573	5	0	0
20	49000001	1.28142	1.26573	5	0	0
20	49500001	1.26573	1.26573	5	0	0
20	50000001	1.79449	1.70145	7	0	0
20	50500001	1.70145	1.70145	7	0	0
20	51000001	1.30769	1.70145	7	0	0
20	51500001	1.25777	1.23583	5	0	0
20	52000001	1.24863	1.23583	5	0	0
20	52500001	1.2431	1.23583	5	0	0
20	53000001	1.23583	1.23583	5	0	0
20	53500001	1.28401	1.23583	5	0	0
20	54000001	1.2961	1.23583	5	0	0
20	54500001	1.24152	1.23583	5	0	0
20	55000001	1.17745	1.23583	5	0	0
20	55500001	1.17124	1.23583	5	0	0
20	56000001	1.17763	1.23583	5	0	0
20	56500001	1.23541	1.23583	5	0	0
20	57000001	1.20678	1.23583	5	0	0
20	57500001	1.24471	1.23583	5	0	0
20	58000001	1.29761	1.23583	5	0	0
20	58500001	1.23621	1.23583	5	0	0
20	59000001	1.15337	1.23583	5	0	0
20	59500001	1.22411	1.23583	5	0	0
20	60000001	1.22918	1.23583	5	0	0
20	60500001	1.19164	1.23583	5	0	0
20	61000001	1.14647	1.23583	5	0	0
20	61500001	1.23267	1.23583	5	0	0
20	62000001	1.25519	1.23583	5	0	0
20	62500001	1.31508	1.23583	5	0	0
20	63000001	1.25749	1.23583	5	0	0
20	63500001	1.23336	1.23583	5	0	0
20	64000001	-1	-1	-1	0	0
21	1	-1	-1	-1	0	0
21	500001	-1	-1	-1	0	0
21	1000001	-1	-1	-1	0	0
21	1500001	-1	-1	-1	0	0
21	2000001	-1	-1	-1	0	0
21	2500001	-1	-1	-1	0	0
21	3000001	-1	-1	-1	0	0
21	3500001	-1	-1	-1	0	0
21	4000001	-1	-1	-1	0	0
21	4500001	-1	-1	-1	0	0
21	5000001	-1	-1	-1	0	0
21	5500001	-1	-1	-1	0	0
21	6000001	-1	-1	-1	0	0
21	6500001	-1	-1	-1	0	0
21	7000001	-1	-1	-1	0	0
21	7500001	-1	-1	-1	0	0
21	8000001	-1	-1	-1	0	0
21	8500001	-1	-1	-1	0	0
21	9000001	-1	-1	-1	0	0
21	9500001	1.2542	1.2542	5	0	0
21	10000001	-1	-1	-1	0	0
21	10500001	0.681152	0.681746	3	0	0
21	11000001	0.421171	0.681746	3	0	0
21	11500001	0.68234	0.681746	3	0	0
21	12000001	0.760995	0.681746	3	0	0
21	12500001	1.22828	1.22828	5	0	0
21	13000001	0.763627	0.743497	3	0	0
21	13500001	0.723368	0.743497	3	0	0
21	14000001	1.04281	1.08632	4	0	0
21	14500001	1.08712	1.08632	4	0	0
21	15000001	1.05867	1.08632	4	0	0
21	15500001	1.1139	1.08632	4	0	0
21	16000001	1.05311	1.08632	4	0	0
21	16500001	1.08632	1.08632	4	0	0
21	17000001	1.18672	1.08632	4	0	0
21	17500001	1.00275	1.01727	4	0	0
21	18000001	0.985568	1.01727	4	0	0
21	18500001	0.977427	1.01727	4	0	0
21	19000001	0.959294	1.01727	4	0	0
21	19500001	0.971435	1.01727	4	0	0
21	20000001	0.966872	1.01727	4	0	0
21	20500001	0.942173	1.01727	4	0	0
21	21000001	0.99183	1.01727	4	0	0
21	21500001	1.06103	1.01727	4	0	0
21	22000001	1.06398	1.01727	4	0	0
21	22500001	1.08145	1.01727	4	0	0
21	23000001	1.00774	1.01727	4	0	0
21	23500001	0.988585	1.01727	4	0	0
21	24000001	1.03314	1.01727	4	0	0
21	24500001	1.00653	1.01727	4	0	0
21	25000001	1.0501	1.01727	4	0	0
21	25500001	1.00663	1.01727	4	0	0
21	26000001	1.00215	1.01727	4	0	0
21	26500001	1.03581	1.01727	4	0	0
21	27000001	1.08246	1.01727	4	0	0
21	27500001	1.0703	1.01727	4	0	0
21	28000001	0.871314	1.01727	4	0	0
21	28500001	1.04031	1.01727	4	0	0
21	29000001	1.0724	1.01727	4	0	0
21	29500001	1.05906	1.01727	4	0	0
21	30000001	1.02437	1.01727	4	0	0
21	30500001	0.948181	1.01727	4	0	0
21	31000001	0.899285	1.01727	4	0	0
21	31500001	0.946461	1.01727	4	0	0
21	32000001	0.985979	1.01727	4	0	0
21	32500001	1.01618	1.01727	4	0	0
21	33000001	1.02138	1.01727	4	0	0
21	33500001	1.0669	1.01727	4	0	0
21	34000001	0.878589	1.01727	4	0	0
21	34500001	1.03683	1.01727	4	0	0
21	35000001	1.09459	1.01727	4	0	0
21	35500001	1.03695	1.01727	4	0	0
21	36000001	1.02113	1.01727	4	0	0
21	36500001	1.04038	1.01727	4	0	0
21	37000001	1.01182	1.01727	4	0	0
21	37500001	1.01203	1.01727	4	0	0
21	38000001	1.03192	1.01727	4	0	0
21	38500001	1.02259	1.01727	4	0	0
21	39000001	1.03733	1.01727	4	0	0
21	39500001	1.03472	1.01727	4	0	0
21	40000001	0.944542	1.01727	4	0	0
21	40500001	0.966206	1.01727	4	0	0
21	41000001	1.01727	1.01727	4	0	0
21	41500001	1.03011	1.01727	4	0	0
21	42000001	1.05029	1.01727	4	0	0
21	42500001	1.00581	1.01727	4	0	0
21	43000001	0.728172	0.957056	4	0	0
21	43500001	0.936036	0.957056	4	0	0
21	44000001	0.847671	0.957056	4	0	0
21	44500001	1.02171	0.957056	4	0	0
21	45000001	1.00847	0.957056	4	0	0
21	45500001	0.978077	0.957056	4	0	0
21	46000001	0.984895	0.957056	4	0	0
21	46500001	0.464816	0.957056	4	0	0
22	1	-1	-1	-1	0	0
22	500001	-1	-1	-1	0	0
22	1000001	-1	-1	-1	0	0
22	1500001	-1	-1	-1	0	0
22	2000001	-1	-1	-1	0	0
22	2500001	-1	-1	-1	0	0
22	3000001	-1	-1	-1	0	0
22	3500001	-1	-1	-1	0	0
22	4000001	-1	-1	-1	0	0
22	4500001	-1	-1	-1	0	0
22	5000001	-1	-1	-1	0	0
22	5500001	-1	-1	-1	0	0
22	6000001	-1	-1	-1	0	0
22	6500001	-1	-1	-1	0	0
22	7000001	-1	-1	-1	0	0
22	7500001	-1	-1	-1	0	0
22	8000001	-1	-1	-1	0	0
22	8500001	-1	-1	-1	0	0
22	9000001	-1	-1	-1	0	0
22	9500001	-1	-1	-1	0	0
22	10000001	-1	-1	-1	0	0
22	10500001	-1	-1	-1	0	0
22	11000001	-1	-1	-1	0	0
22	11500001	-1	-1	-1	0	0
22	12000001	-1	-1	-1	0	0
22	12500001	-1	-1	-1	0	0
22	13000001	0.441757	0.576353	2	0	0
22	13500001	0.710948	0.576353	2	0	0
22	14000001	0.931926	1.00096	4	0	0
22	14500001	1.05753	1.00096	4	0	0
22	15000001	-1	1.00096	4	0	0
22	15500001	1.38937	1.00096	4	0	0
22	16000001	0.953881	1.00096	4	0	0
22	16500001	1.02771	1.00096	4	0	0
22	17000001	0.974204	1.00096	4	0	0
22	17500001	1.04364	1.00096	4	0	0
22	18000001	-1	1.00096	4	0	0
22	18500001	0.819359	1.00096	4	0	0
22	19000001	1.20901	1.36708	5	0	0
22	19500001	1.52515	1.36708	5	0	0
22	20000001	1.04979	1.01337	4	0	0
22	20500001	0.98468	1.01337	4	0	0
22	21000001	0.81635	1.01337	4	0	0
22	21500001	0.949216	1.01337	4	0	0
22	22000001	1.02924	1.01337	4	0	0
22	22500001	0.978357	1.01337	4	0	0
22	23000001	1.021	1.01337	4	0	0
22	23500001	0.933378	1.01337	4	0	0
22	24000001	1.07259	1.01337	4	0	0
22	24500001	0.984093	1.01337	4	0	0
22	25000001	0.983524	1.01337	4	0	0
22	25500001	1.0023	1.01337	4	0	0
22	26000001	0.961171	1.01337	4	0	0
22	26500001	0.975967	1.01337	4	0	0
22	27000001	0.985242	1.01337	4	0	0
22	27500001	1.0279	1.01337	4	0	0
22	28000001	0.788716	1.01337	4	0	0
22	28500001	0.84348	1.01337	4	0	0
22	29000001	1.04731	1.01337	4	0	0
22	29500001	1.05902	1.01337	4	0	0
22	30000001	1.04736	1.01337	4	0	0
22	30500001	1.03389	1.01337	4	0	0
22	31000001	1.02889	1.01337	4	0	0
22	31500001	0.960798	1.01337	4	0	0
22	32000001	0.966975	1.01337	4	0	0
22	32500001	1.03534	1.01337	4	0	0
22	33000001	1.17005	1.01337	4	0	0
22	33500001	0.887685	1.01337	4	0	0
22	34000001	0.932492	1.01337	4	0	0
22	34500001	0.953175	1.01337	4	0	0
22	35000001	1.01042	1.01337	4	0	0
22	35500001	1.05358	1.01337	4	0	0
22	36000001	1.05915	1.01337	4	0	0
22	36500001	1.00032	1.01337	4	0	0
22	37000001	1.02332	1.01337	4	0	0
22	37500001	0.99644	1.01337	4	0	0
22	38000001	1.06506	1.01337	4	0	0
22	38500001	1.05034	1.01337	4	0	0
22	39000001	1.01632	1.01337	4	0	0
22	39500001	0.9833	1.01337	4	0	0
22	40000001	1.02988	1.01337	4	0	0
22	40500001	1.04749	1.01337	4	0	0
22	41000001	1.19672	1.01337	4	0	0
22	41500001	0.997423	1.01337	4	0	0
22	42000001	1.03875	1.01337	4	0	0
22	42500001	1.22657	1.01337	4	0	0
22	43000001	1.0013	1.01337	4	0	0
22	43500001	1.00966	1.01337	4	0	0
22	44000001	1.04352	1.01337	4	0	0
22	44500001	0.984328	1.01337	4	0	0
22	45000001	1.00493	1.01337	4	0	0
22	45500001	1.05924	1.01337	4	0	0
22	46000001	1.02111	1.01337	4	0	0
22	46500001	1.04847	1.01337	4	0	0
22	47000001	0.992201	0.958801	4	0	0
22	47500001	0.980465	0.958801	4	0	0
22	48000001	0.932522	0.958801	4	0	0
22	48500001	0.895501	0.958801	4	0	0
22	49000001	0.937137	0.958801	4	0	0
22	49500001	1.04842	0.958801	4	0	0
22	50000001	1.0318	0.958801	4	0	0
22	50500001	0.6698	0.958801	4	0	0
3	1	0.98845	1.01901	4	0	0
3	500001	0.979871	1.01901	4	0	0
3	1000001	0.94512	1.01901	4	0	0
3	1500001	0.918973	1.01901	4	0	0
3	2000001	0.954282	1.01901	4	0	0
3	2500001	0.929133	1.01901	4	0	0
3	3000001	0.93969	1.01901	4	0	0
3	3500001	0.932648	1.01901	4	0	0
3	4000001	0.932691	1.01901	4	0	0
3	4500001	1.01901	1.01901	4	0	0
3	5000001	0.99805	1.01901	4	0	0
3	5500001	0.980785	1.01901	4	0	0
3	6000001	0.959823	1.01901	4	0	0
3	6500001	0.957817	1.01901	4	0	0
3	7000001	0.937093	1.01901	4	0	0
3	7500001	0.902214	1.01901	4	0	0
3	8000001	0.960388	1.01901	4	0	0
3	8500001	1.06936	1.01901	4	0	0
3	9000001	1.04317	1.01901	4	0	0
3	9500001	1.31273	1.01901	4	0	0
3	10000001	0.991087	1.01901	4	0	0
3	10500001	1.03852	1.01901	4	0	0
3	11000001	1.02331	1.01901	4	0	0
3	11500001	1.05492	1.01901	4	0	0
3	12000001	1.11447	1.01901	4	0	0
3	12500001	1.04866	1.01901	4	0	0
3	13000001	0.560636	1.01901	4	0	0
3	13500001	0.847696	1.01901	4	0	0
3	14000001	1.01131	1.01901	4	0	0
3	14500001	1.03555	1.01901	4	0	0
3	15000001	1.01424	1.01901	4	0	0
3	15500001	1.11327	1.01901	4	0	0
3	16000001	1.0156	1.01901	4	0	0
3	16500001	1.04914	1.01901	4	0	0
3	17000001	1.02931	1.01901	4	0	0
3	17500001	1.10849	1.01901	4	0	0
3	18000001	1.09101	1.01901	4	0	0
3	18500001	1.0164	1.01901	4	0	0
3	19000001	1.02478	1.01901	4	0	0
3	19500001	1.03819	1.01901	4	0	0
3	20000001	0.946548	1.01901	4	0	0
3	20500001	0.965768	1.01901	4	0	0
3	21000001	0.957012	1.01901	4	0	0
3	21500001	0.968444	1.01901	4	0	0
3	22000001	0.98346	1.01901	4	0	0
3	22500001	1.06956	1.01901	4	0	0
3	23000001	1.08152	1.01901	4	0	0
3	23500001	1.0822	1.01901	4	0	0
3	24000001	1.11818	1.01901	4	0	0
3	24500001	1.10498	1.01901	4	0	0
3	25000001	1.01973	1.01901	4	0	0
3	25500001	1.01787	1.01901	4	0	0
3	26000001	0.987318	1.01901	4	0	0
3	26500001	0.978398	1.01901	4	0	0
3	27000001	1.08028	1.01901	4	0	0
3	27500001	1.08313	1.01901	4	0	0
3	28000001	1.0597	1.01901	4	0	0
3	28500001	0.988977	1.01901	4	0	0
3	29000001	1.06512	1.01901	4	0	0
3	29500001	1.07868	1.01901	4	0	0
3	30000001	1.14117	1.01901	4	0	0
3	30500001	1.0965	1.01901	4	0	0
3	31000001	1.05811	1.01901	4	0	0
3	31500001	1.02338	1.01901	4	0	0
3	32000001	1.05733	1.01901	4	0	0
3	32500001	1.01539	1.01901	4	0	0
3	33000001	1.05535	1.01901	4	0	0
3	33500001	1.07887	1.01901	4	0	0
3	34000001	1.01257	1.01901	4	0	0
3	34500001	0.952291	1.01901	4	0	0
3	35000001	0.969588	1.01901	4	0	0
3	35500001	0.973631	1.01901	4	0	0
3	36000001	1.06625	1.01901	4	0	0
3	36500001	1.01629	1.01901	4	0	0
3	37000001	1.10593	1.01901	4	0	0
3	37500001	1.05085	1.01901	4	0	0
3	38000001	1.0203	1.01901	4	0	0
3	38500001	1.01582	1.01901	4	0	0
3	39000001	0.997286	1.01901	4	0	0
3	39500001	0.998589	1.01901	4	0	0
3	40000001	1.00166	1.01901	4	0	0
3	40500001	1.03324	1.01901	4	0	0
3	41000001	0.971785	1.01901	4	0	0
3	41500001	1.03539	1.01901	4	0	0
3	42000001	1.02809	1.01901	4	0	0
3	42500001	0.983664	1.01901	4	0	0
3	43000001	1.05307	1.01901	4	0	0
3	43500001	1.00454	1.01901	4	0	0
3	44000001	1.03673	1.01901	4	0	0
3	44500001	1.07753	1.01901	4	0	0
3	45000001	1.10639	1.01901	4	0	0
3	45500001	1.02849	1.01901	4	0	0
3	46000001	1.03643	1.01901	4	0	0
3	46500001	0.965487	1.01901	4	0	0
3	47000001	0.902828	1.01901	4	0	0
3	47500001	0.528018	0.515312	2	0	0
3	48000001	0.514745	0.515312	2	0	0
3	48500001	0.517221	0.515312	2	0	0
3	49000001	0.521181	0.515312	2	0	0
3	49500001	0.512792	0.515312	2	0	0
3	50000001	0.558416	0.515312	2	0	0
3	50500001	0.527835	0.515312	2	0	0
3	51000001	0.546171	0.515312	2	0	0
3	51500001	0.512972	0.515312	2	0	0
3	52000001	0.555521	0.515312	2	0	0
3	52500001	0.509492	0.515312	2	0	0
3	53000001	0.766569	0.515312	2	0	0
3	53500001	0.526903	0.515312	2	0	0
3	54000001	0.475819	0.515312	2	0	0
3	54500001	0.495311	0.515312	2	0	0
3	55000001	0.533062	0.515312	2	0	0
3	55500001	0.515947	0.515312	2	0	0
3	56000001	0.532535	0.515312	2	0	0
3	56500001	0.517805	0.515312	2	0	0
3	57000001	0.549964	0.515312	2	0	0
3	57500001	0.541143	0.515312	2	0	0
3	58000001	0.532598	0.515312	2	0	0
3	58500001	0.525971	0.515312	2	0	0
3	59000001	0.493225	0.515312	2	0	0
3	59500001	0.475359	0.515312	2	0	0
3	60000001	0.487244	0.515312	2	0	0
3	60500001	0.352843	0.515312	2	0	0
3	61000001	0.636259	0.515312	2	0	0
3	61500001	0.571218	0.515312	2	0	0
3	62000001	0.469354	0.515312	2	0	0
3	62500001	0.481605	0.515312	2	0	0
3	63000001	0.493028	0.515312	2	0	0
3	63500001	0.476665	0.515312	2	0	0
3	64000001	0.440562	0.515312	2	0	0
3	64500001	0.448599	0.515312	2	0	0
3	65000001	0.457725	0.515312	2	0	0
3	65500001	0.475258	0.515312	2	0	0
3	66000001	0.468097	0.515312	2	0	0
3	66500001	0.482853	0.515312	2	0	0
3	67000001	0.4918	0.515312	2	0	0
3	67500001	0.500905	0.515312	2	0	0
3	68000001	0.510049	0.515312	2	0	0
3	68500001	0.463428	0.515312	2	0	0
3	69000001	0.544227	0.515312	2	0	0
3	69500001	0.518434	0.515312	2	0	0
3	70000001	0.536758	0.515312	2	0	0
3	70500001	0.501937	0.515312	2	0	0
3	71000001	0.491804	0.515312	2	0	0
3	71500001	0.496643	0.515312	2	0	0
3	72000001	0.45523	0.515312	2	0	0
3	72500001	0.498845	0.515312	2	0	0
3	73000001	0.522452	0.515312	2	0	0
3	73500001	0.490675	0.515312	2	0	0
3	74000001	0.456466	0.515312	2	0	0
3	74500001	0.493392	0.515312	2	0	0
3	75000001	0.457052	0.515312	2	0	0
3	75500001	0.645357	0.515312	2	0	0
3	76000001	0.48449	0.515312	2	0	0
3	76500001	0.477501	0.515312	2	0	0
3	77000001	0.492324	0.515312	2	0	0
3	77500001	0.524673	0.515312	2	0	0
3	78000001	0.481595	0.515312	2	0	0
3	78500001	0.530853	0.515312	2	0	0
3	79000001	0.517896	0.515312	2	0	0
3	79500001	0.545819	0.515312	2	0	0
3	80000001	0.540195	0.515312	2	0	0
3	80500001	0.525817	0.515312	2	0	0
3	81000001	0.530811	0.515312	2	0	0
3	81500001	0.531958	0.515312	2	0	0
3	82000001	0.555634	0.515312	2	0	0
3	82500001	0.532282	0.515312	2	0	0
3	83000001	0.543537	0.515312	2	0	0
3	83500001	0.508597	0.515312	2	0	0
3	84000001	0.537726	0.515312	2	0	0
3	84500001	0.530235	0.515312	2	0	0
3	85000001	0.513638	0.515312	2	0	0
3	85500001	0.539433	0.515312	2	0	0
3	86000001	0.515878	0.515312	2	0	0
3	86500001	0.381432	0.515312	2	0	0
3	87000001	0.540504	0.515312	2	0	0
3	87500001	0.532223	0.515312	2	0	0
3	88000001	0.510554	0.515312	2	0	0
3	88500001	0.956355	0.97778	4	0	0
3	89000001	0.97778	0.97778	4	0	0
3	89500001	1.18669	0.97778	4	0	0
3	90000001	0.893482	0.97778	4	0	0
3	90500001	1.2128	0.97778	4	0	0
3	91000001	0.641304	0.641304	3	0	0
3	91500001	1.38446	1.37814	6	0	0
3	92000001	1.37814	1.37814	6	0	0
3	92500001	1.26801	1.37814	6	0	0
3	93000001	6.7091	6.7091	27	0	0
3	93500001	1.07809	1.02429	4	0	0
3	94000001	0.979077	1.02429	4	0	0
3	94500001	0.99596	1.02429	4	0	0
3	95000001	0.958721	1.02429	4	0	0
3	95500001	0.99815	1.02429	4	0	0
3	96000001	1.03705	1.02429	4	0	0
3	96500001	1.04305	1.02429	4	0	0
3	97000001	1.06674	1.02429	4	0	0
3	97500001	1.07261	1.02429	4	0	0
3	98000001	1.06974	1.02429	4	0	0
3	98500001	1.08828	1.02429	4	0	0
3	99000001	1.04501	1.02429	4	0	0
3	99500001	1.03422	1.02429	4	0	0
3	100000001	1.09112	1.02429	4	0	0
3	100500001	1.03949	1.02429	4	0	0
3	101000001	1.05369	1.02429	4	0	0
3	101500001	1.13587	1.02429	4	0	0
3	102000001	1.08827	1.02429	4	0	0
3	102500001	1.04957	1.02429	4	0	0
3	103000001	1.004	1.02429	4	0	0
3	103500001	1.02658	1.02429	4	0	0
3	104000001	1.03226	1.02429	4	0	0
3	104500001	1.09647	1.02429	4	0	0
3	105000001	1.10477	1.02429	4	0	0
3	105500001	1.0971	1.02429	4	0	0
3	106000001	1.07943	1.02429	4	0	0
3	106500001	1.04707	1.02429	4	0	0
3	107000001	1.05288	1.02429	4	0	0
3	107500001	1.26659	1.02429	4	0	0
3	108000001	1.08374	1.02429	4	0	0
3	108500001	1.02036	1.02429	4	0	0
3	109000001	0.937705	1.02429	4	0	0
3	109500001	0.976928	1.02429	4	0	0
3	110000001	1.02803	1.02429	4	0	0
3	110500001	1.04629	1.02429	4	0	0
3	111000001	1.06108	1.02429	4	0	0
3	111500001	1.1004	1.02429	4	0	0
3	112000001	1.11651	1.02429	4	0	0
3	112500001	1.1004	1.02429	4	0	0
3	113000001	1.02919	1.02429	4	0	0
3	113500001	1.03652	1.02429	4	0	0
3	114000001	0.936105	1.02429	4	0	0
3	114500001	0.954715	1.02429	4	0	0
3	115000001	0.934842	1.02429	4	0	0
3	115500001	0.912998	1.02429	4	0	0
3	116000001	0.954564	1.02429	4	0	0
3	116500001	0.910407	1.02429	4	0	0
3	117000001	0.888869	1.02429	4	0	0
3	117500001	0.907481	1.02429	4	0	0
3	118000001	1.01566	1.02429	4	0	0
3	118500001	0.977994	1.02429	4	0	0
3	119000001	1.012	1.02429	4	0	0
3	119500001	1.0223	1.02429	4	0	0
3	120000001	1.08646	1.02429	4	0	0
3	120500001	1.03721	1.02429	4	0	0
3	121000001	1.04656	1.02429	4	0	0
3	121500001	1.11236	1.02429	4	0	0
3	122000001	1.03703	1.02429	4	0	0
3	122500001	1.06022	1.02429	4	0	0
3	123000001	0.977917	1.02429	4	0	0
3	123500001	0.977173	1.02429	4	0	0
3	124000001	0.996023	1.02429	4	0	0
3	124500001	1.0236	1.02429	4	0	0
3	125000001	1.06573	1.02429	4	0	0
3	125500001	0.996239	1.02429	4	0	0
3	126000001	1.01545	1.02429	4	0	0
3	126500001	0.978186	1.02429	4	0	0
3	127000001	1.02162	1.02429	4	0	0
3	127500001	0.945893	1.02429	4	0	0
3	128000001	0.999742	1.02429	4	0	0
3	128500001	1.03411	1.02429	4	0	0
3	129000001	0.993533	1.02429	4	0	0
3	129500001	1.08997	1.02429	4	0	0
3	130000001	1.03816	1.02429	4	0	0
3	130500001	0.996634	1.02429	4	0	0
3	131000001	0.974593	1.02429	4	0	0
3	131500001	0.948026	1.02429	4	0	0
3	132000001	1.03579	1.02429	4	0	0
3	132500001	1.01325	1.02429	4	0	0
3	133000001	1.01809	1.02429	4	0	0
3	133500001	1.01975	1.02429	4	0	0
3	134000001	1.04201	1.02429	4	0	0
3	134500001	1.02423	1.02429	4	0	0
3	135000001	0.959134	1.02429	4	0	0
3	135500001	1.04556	1.02429	4	0	0
3	136000001	1.00066	1.02429	4	0	0
3	136500001	0.986333	1.02429	4	0	0
3	137000001	0.979956	1.02429	4	0	0
3	137500001	0.944786	1.02429	4	0	0
3	138000001	0.97599	1.02429	4	0	0
3	138500001	1.02826	1.02429	4	0	0
3	139000001	1.04398	1.02429	4	0	0
3	139500001	0.956349	1.02429	4	0	0
3	140000001	0.941105	1.02429	4	0	0
3	140500001	1.00228	1.02429	4	0	0
3	141000001	1.01586	1.02429	4	0	0
3	141500001	1.06834	1.02429	4	0	0
3	142000001	1.08647	1.02429	4	0	0
3	142500001	1.01973	1.02429	4	0	0
3	143000001	0.992742	1.02429	4	0	0
3	143500001	0.959658	1.02429	4	0	0
3	144000001	0.98591	1.02429	4	0	0
3	144500001	1.09193	1.02429	4	0	0
3	145000001	0.981134	1.02429	4	0	0
3	145500001	1.01692	1.02429	4	0	0
3	146000001	1.0008	1.02429	4	0	0
3	146500001	1.01598	1.02429	4	0	0
3	147000001	0.972294	1.02429	4	0	0
3	147500001	0.955583	1.02429	4	0	0
3	148000001	1.00022	1.02429	4	0	0
3	148500001	0.987179	1.02429	4	0	0
3	149000001	1.16243	1.02429	4	0	0
3	149500001	1.0764	1.02429	4	0	0
3	150000001	1.10787	1.02429	4	0	0
3	150500001	1.01731	1.02429	4	0	0
3	151000001	1.03011	1.02429	4	0	0
3	151500001	1.09863	1.02429	4	0	0
3	152000001	1.14516	1.02429	4	0	0
3	152500001	1.08106	1.02429	4	0	0
3	153000001	1.04812	1.02429	4	0	0
3	153500001	1.02359	1.02429	4	0	0
3	154000001	0.955843	1.02429	4	0	0
3	154500001	0.917181	1.02429	4	0	0
3	155000001	0.940277	1.02429	4	0	0
3	155500001	0.994366	1.02429	4	0	0
3	156000001	0.982246	1.02429	4	0	0
3	156500001	1.03169	1.02429	4	0	0
3	157000001	1.02429	1.02429	4	0	0
3	157500001	0.986116	1.02429	4	0	0
3	158000001	1.02491	1.02429	4	0	0
3	158500001	0.956299	1.02429	4	0	0
3	159000001	1.01118	1.02429	4	0	0
3	159500001	1.14768	1.02429	4	0	0
3	160000001	1.04744	1.02429	4	0	0
3	160500001	1.05321	1.02429	4	0	0
3	161000001	1.06359	1.02429	4	0	0
3	161500001	1.04457	1.02429	4	0	0
3	162000001	1.00586	1.02429	4	0	0
3	162500001	0.898252	1.02429	4	0	0
3	163000001	1.00833	1.02429	4	0	0
3	163500001	1.03015	1.02429	4	0	0
3	164000001	1.06079	1.02429	4	0	0
3	164500001	1.06017	1.02429	4	0	0
3	165000001	1.06885	1.02429	4	0	0
3	165500001	1.08029	1.02429	4	0	0
3	166000001	1.13713	1.02429	4	0	0
3	166500001	1.04657	1.02429	4	0	0
3	167000001	0.978072	1.02429	4	0	0
3	167500001	1.00259	1.02429	4	0	0
3	168000001	0.965429	1.02429	4	0	0
3	168500001	1.06441	1.02429	4	0	0
3	169000001	1.07157	1.02429	4	0	0
3	169500001	0.983879	1.02429	4	0	0
3	170000001	1.02742	1.02429	4	0	0
3	170500001	1.08514	1.02429	4	0	0
3	171000001	1.0547	1.02429	4	0	0
3	171500001	1.09492	1.02429	4	0	0
3	172000001	1.03437	1.02429	4	0	0
3	172500001	1.05093	1.02429	4	0	0
3	173000001	1.03154	1.02429	4	0	0
3	173500001	1.00506	1.02429	4	0	0
3	174000001	1.02671	1.02429	4	0	0
3	174500001	0.983804	1.02429	4	0	0
3	175000001	0.987615	1.02429	4	0	0
3	175500001	1.00391	1.02429	4	0	0
3	176000001	1.01882	1.02429	4	0	0
3	176500001	1.01967	1.02429	4	0	0
3	177000001	1.01732	1.02429	4	0	0
3	177500001	1.05157	1.02429	4	0	0
3	178000001	1.02881	1.02429	4	0	0
3	178500001	0.98149	1.02429	4	0	0
3	179000001	1.375	1.48195	6	0	0
3	179500001	1.4155	1.48195	6	0	0
3	180000001	1.46905	1.48195	6	0	0
3	180500001	1.43468	1.48195	6	0	0
3	181000001	1.3987	1.48195	6	0	0
3	181500001	1.41559	1.48195	6	0	0
3	182000001	1.51462	1.48195	6	0	0
3	182500001	1.51627	1.48195	6	0	0
3	183000001	1.47367	1.48195	6	0	0
3	183500001	1.45697	1.48195	6	0	0
3	184000001	1.49024	1.48195	6	0	0
3	184500001	1.51258	1.48195	6	0	0
3	185000001	1.51401	1.48195	6	0	0
3	185500001	1.53475	1.48195	6	0	0
3	186000001	1.51211	1.48195	6	0	0
3	186500001	1.49578	1.48195	6	0	0
3	187000001	2.22923	2.38555	10	0	0
3	187500001	2.54187	2.38555	10	0	0
3	188000001	2.6276	2.38555	10	0	0
3	188500001	2.06999	2.38555	10	0	0
3	189000001	1.62359	1.54517	6	0	0
3	189500001	1.63194	1.54517	6	0	0
3	190000001	1.57837	1.54517	6	0	0
3	190500001	1.54166	1.54517	6	0	0
3	191000001	1.50104	1.54517	6	0	0
3	191500001	1.49295	1.54517	6	0	0
3	192000001	1.39247	1.54517	6	0	0
3	192500001	1.38994	1.54517	6	0	0
3	193000001	1.4629	1.54517	6	0	0
3	193500001	1.54868	1.54517	6	0	0
3	194000001	1.52331	1.54517	6	0	0
3	194500001	1.58976	1.54517	6	0	0
3	195000001	1.55581	1.54517	6	0	0
3	195500001	1.61676	1.54517	6	0	0
3	196000001	1.47514	1.54517	6	0	0
3	196500001	1.51624	1.54517	6	0	0
3	197000001	1.87217	1.54517	6	0	0
3	197500001	1.60672	1.54517	6	0	0
3	198000001	-1	-1	-1	0	0
4	1	0.631208	0.516394	2	0	0
4	500001	0.49709	0.516394	2	0	0
4	1000001	0.531048	0.516394	2	0	0
4	1500001	0.521011	0.516394	2	0	0
4	2000001	0.518371	0.516394	2	0	0
4	2500001	0.531844	0.516394	2	0	0
4	3000001	0.530074	0.516394	2	0	0
4	3500001	0.481015	0.516394	2	0	0
4	4000001	0.503341	0.516394	2	0	0
4	4500001	0.516394	0.516394	2	0	0
4	5000001	0.501834	0.516394	2	0	0
4	5500001	0.502349	0.516394	2	0	0
4	6000001	0.539192	0.516394	2	0	0
4	6500001	0.53337	0.516394	2	0	0
4	7000001	0.500125	0.516394	2	0	0
4	7500001	0.472595	0.516394	2	0	0
4	8000001	0.534274	0.516394	2	0	0
4	8500001	0.527147	0.516394	2	0	0
4	9000001	0.634375	0.516394	2	0	0
4	9500001	0.472685	0.516394	2	0	0
4	10000001	0.488743	0.516394	2	0	0
4	10500001	0.498965	0.516394	2	0	0
4	11000001	0.512361	0.516394	2	0	0
4	11500001	0.535767	0.516394	2	0	0
4	12000001	0.507619	0.516394	2	0	0
4	12500001	0.450667	0.516394	2	0	0
4	13000001	0.735377	0.516394	2	0	0
4	13500001	0.983771	1.02405	4	0	0
4	14000001	0.949387	1.02405	4	0	0
4	14500001	1.00285	1.02405	4	0	0
4	15000001	1.0156	1.02405	4	0	0
4	15500001	1.04567	1.02405	4	0	0
4	16000001	0.990014	1.02405	4	0	0
4	16500001	0.949183	1.02405	4	0	0
4	17000001	0.947046	1.02405	4	0	0
4	17500001	0.954295	1.02405	4	0	0
4	18000001	0.979444	1.02405	4	0	0
4	18500001	0.991629	1.02405	4	0	0
4	19000001	0.960758	1.02405	4	0	0
4	19500001	1.00215	1.02405	4	0	0
4	20000001	1.04311	1.02405	4	0	0
4	20500001	1.24917	1.02405	4	0	0
4	21000001	1.04663	1.02405	4	0	0
4	21500001	1.00184	1.02405	4	0	0
4	22000001	1.02393	1.02405	4	0	0
4	22500001	0.941799	1.02405	4	0	0
4	23000001	1.02354	1.02405	4	0	0
4	23500001	0.960529	1.02405	4	0	0
4	24000001	0.983981	1.02405	4	0	0
4	24500001	1.05271	1.02405	4	0	0
4	25000001	1.02714	1.02405	4	0	0
4	25500001	0.994935	1.02405	4	0	0
4	26000001	1.04832	1.02405	4	0	0
4	26500001	1.05246	1.02405	4	0	0
4	27000001	0.993912	1.02405	4	0	0
4	27500001	1.07252	1.02405	4	0	0
4	28000001	1.01522	1.02405	4	0	0
4	28500001	1.03641	1.02405	4	0	0
4	29000001	1.09154	1.02405	4	0	0
4	29500001	1.01495	1.02405	4	0	0
4	30000001	1.02836	1.02405	4	0	0
4	30500001	1.03902	1.02405	4	0	0
4	31000001	1.0424	1.02405	4	0	0
4	31500001	1.05135	1.02405	4	0	0
4	32000001	1.04274	1.02405	4	0	0
4	32500001	1.0124	1.02405	4	0	0
4	33000001	1.02175	1.02405	4	0	0
4	33500001	1.05355	1.02405	4	0	0
4	34000001	1.05377	1.02405	4	0	0
4	34500001	1.03944	1.02405	4	0	0
4	35000001	1.04225	1.02405	4	0	0
4	35500001	1.04716	1.02405	4	0	0
4	36000001	1.00109	1.02405	4	0	0
4	36500001	0.971536	1.02405	4	0	0
4	37000001	1.00123	1.02405	4	0	0
4	37500001	1.01618	1.02405	4	0	0
4	38000001	1.0853	1.02405	4	0	0
4	38500001	1.05654	1.02405	4	0	0
4	39000001	1.07352	1.02405	4	0	0
4	39500001	1.02405	1.02405	4	0	0
4	40000001	1.01882	1.02405	4	0	0
4	40500001	1.05274	1.02405	4	0	0
4	41000001	1.08969	1.02405	4	0	0
4	41500001	1.05076	1.02405	4	0	0
4	42000001	0.985172	1.02405	4	0	0
4	42500001	1.02468	1.02405	4	0	0
4	43000001	1.04734	1.02405	4	0	0
4	43500001	1.06747	1.02405	4	0	0
4	44000001	1.00768	1.02405	4	0	0
4	44500001	1.00399	1.02405	4	0	0
4	45000001	0.956076	1.02405	4	0	0
4	45500001	1.02593	1.02405	4	0	0
4	46000001	0.994893	1.02405	4	0	0
4	46500001	0.992811	1.02405	4	0	0
4	47000001	1.0461	1.02405	4	0	0
4	47500001	1.0747	1.02405	4	0	0
4	48000001	1.0764	1.02405	4	0	0
4	48500001	1.1037	1.02405	4	0	0
4	49000001	-1	-1	-1	0	0
4	49500001	2.96352	2.96352	12	0	0
4	50000001	2.00198	2.00198	8	0	0
4	50500001	1.62974	1.46607	6	0	0
4	51000001	1.3024	1.46607	6	0	0
4	51500001	1.08781	1.05012	4	0	0
4	52000001	1.0061	1.05012	4	0	0
4	52500001	1.0131	1.05012	4	0	0
4	53000001	1.01708	1.05012	4	0	0
4	53500001	0.995127	1.05012	4	0	0
4	54000001	1.04312	1.05012	4	0	0
4	54500001	1.05026	1.05012	4	0	0
4	55000001	1.05821	1.05012	4	0	0
4	55500001	1.07486	1.05012	4	0	0
4	56000001	0.979299	1.05012	4	0	0
4	56500001	0.979067	1.05012	4	0	0
4	57000001	1.00175	1.05012	4	0	0
4	57500001	0.989065	1.05012	4	0	0
4	58000001	1.00551	1.05012	4	0	0
4	58500001	0.996393	1.05012	4	0	0
4	59000001	1.06065	1.05012	4	0	0
4	59500001	0.983826	1.05012	4	0	0
4	60000001	1.03203	1.05012	4	0	0
4	60500001	1.05007	1.05012	4	0	0
4	61000001	1.05791	1.05012	4	0	0
4	61500001	0.994884	1.05012	4	0	0
4	62000001	0.99815	1.05012	4	0	0
4	62500001	0.990389	1.05012	4	0	0
4	63000001	0.985988	1.05012	4	0	0
4	63500001	1.00643	1.05012	4	0	0
4	64000001	1.05017	1.05012	4	0	0
4	64500001	1.04429	1.05012	4	0	0
4	65000001	1.08425	1.05012	4	0	0
4	65500001	1.07261	1.05012	4	0	0
4	66000001	1.12327	1.05012	4	0	0
4	66500001	1.05613	1.05012	4	0	0
4	67000001	1.03032	1.05012	4	0	0
4	67500001	1.09124	1.05012	4	0	0
4	68000001	1.1034	1.05012	4	0	0
4	68500001	1.08873	1.05012	4	0	0
4	69000001	0.845174	1.05012	4	0	0
4	69500001	1.06824	1.05012	4	0	0
4	70000001	1.02109	1.05012	4	0	0
4	70500001	0.957449	1.05012	4	0	0
4	71000001	1.01102	1.05012	4	0	0
4	71500001	0.988599	1.05012	4	0	0
4	72000001	1.04866	1.05012	4	0	0
4	72500001	1.00771	1.05012	4	0	0
4	73000001	1.13585	1.05012	4	0	0
4	73500001	1.11545	1.05012	4	0	0
4	74000001	1.10936	1.05012	4	0	0
4	74500001	1.14181	1.05012	4	0	0
4	75000001	1.00842	1.05012	4	0	0
4	75500001	1.05077	1.05012	4	0	0
4	76000001	1.10259	1.05012	4	0	0
4	76500001	1.06252	1.05012	4	0	0
4	77000001	1.07266	1.05012	4	0	0
4	77500001	1.08794	1.05012	4	0	0
4	78000001	1.04641	1.05012	4	0	0
4	78500001	1.07814	1.05012	4	0	0
4	79000001	1.09279	1.05012	4	0	0
4	79500001	1.07914	1.05012	4	0	0
4	80000001	1.0861	1.05012	4	0	0
4	80500001	1.04684	1.05012	4	0	0
4	81000001	1.02099	1.05012	4	0	0
4	81500001	0.998714	1.05012	4	0	0
4	82000001	1.07346	1.05012	4	0	0
4	82500001	1.06486	1.05012	4	0	0
4	83000001	1.09048	1.05012	4	0	0
4	83500001	1.12222	1.05012	4	0	0
4	84000001	1.08263	1.05012	4	0	0
4	84500001	1.0698	1.05012	4	0	0
4	85000001	1.07007	1.05012	4	0	0
4	85500001	1.02531	1.05012	4	0	0
4	86000001	0.943208	1.05012	4	0	0
4	86500001	0.637041	0.794982	3	0	0
4	87000001	0.79114	0.794982	3	0	0
4	87500001	0.778401	0.794982	3	0	0
4	88000001	0.799459	0.794982	3	0	0
4	88500001	0.853071	0.794982	3	0	0
4	89000001	0.794982	0.794982	3	0	0
4	89500001	0.831936	0.794982	3	0	0
4	90000001	0.852476	0.794982	3	0	0
4	90500001	0.761399	0.794982	3	0	0
4	91000001	0.588858	0.541915	2	0	0
4	91500001	0.535753	0.541915	2	0	0
4	92000001	0.557804	0.541915	2	0	0
4	92500001	0.557597	0.541915	2	0	0
4	93000001	0.554581	0.541915	2	0	0
4	93500001	0.569378	0.541915	2	0	0
4	94000001	0.574966	0.541915	2	0	0
4	94500001	0.594933	0.541915	2	0	0
4	95000001	0.575789	0.541915	2	0	0
4	95500001	0.568546	0.541915	2	0	0
4	96000001	0.588552	0.541915	2	0	0
4	96500001	0.579104	0.541915	2	0	0
4	97000001	0.592084	0.541915	2	0	0
4	97500001	0.556452	0.541915	2	0	0
4	98000001	0.536752	0.541915	2	0	0
4	98500001	0.55659	0.541915	2	0	0
4	99000001	0.595014	0.541915	2	0	0
4	99500001	0.530894	0.541915	2	0	0
4	100000001	0.542513	0.541915	2	0	0
4	100500001	0.549721	0.541915	2	0	0
4	101000001	0.587132	0.541915	2	0	0
4	101500001	0.600191	0.541915	2	0	0
4	102000001	0.561801	0.541915	2	0	0
4	102500001	0.559024	0.541915	2	0	0
4	103000001	0.546237	0.541915	2	0	0
4	103500001	0.586666	0.541915	2	0	0
4	104000001	0.539854	0.541915	2	0	0
4	104500001	0.545862	0.541915	2	0	0
4	105000001	0.591755	0.541915	2	0	0
4	105500001	0.534295	0.541915	2	0	0
4	106000001	0.563205	0.541915	2	0	0
4	106500001	0.576162	0.541915	2	0	0
4	107000001	0.534961	0.541915	2	0	0
4	107500001	0.534963	0.541915	2	0	0
4	108000001	0.543328	0.541915	2	0	0
4	108500001	0.538557	0.541915	2	0	0
4	109000001	0.495713	0.541915	2	0	0
4	109500001	0.561109	0.541915	2	0	0
4	110000001	0.531308	0.541915	2	0	0
4	110500001	0.546602	0.541915	2	0	0
4	111000001	0.533741	0.541915	2	0	0
4	111500001	0.53394	0.541915	2	0	0
4	112000001	0.55503	0.541915	2	0	0
4	112500001	0.516667	0.541915	2	0	0
4	113000001	0.547884	0.541915	2	0	0
4	113500001	0.577933	0.541915	2	0	0
4	114000001	0.596305	0.541915	2	0	0
4	114500001	0.54194	0.541915	2	0	0
4	115000001	0.527137	0.541915	2	0	0
4	115500001	0.544819	0.541915	2	0	0
4	116000001	0.567685	0.541915	2	0	0
4	116500001	0.528226	0.541915	2	0	0
4	117000001	0.524039	0.541915	2	0	0
4	117500001	0.552271	0.541915	2	0	0
4	118000001	0.564136	0.541915	2	0	0
4	118500001	0.557085	0.541915	2	0	0
4	119000001	0.555914	0.541915	2	0	0
4	119500001	0.519183	0.541915	2	0	0
4	120000001	0.502353	0.541915	2	0	0
4	120500001	0.514553	0.541915	2	0	0
4	121000001	0.566824	0.541915	2	0	0
4	121500001	0.528423	0.541915	2	0	0
4	122000001	0.543478	0.541915	2	0	0
4	122500001	0.529901	0.541915	2	0	0
4	123000001	0.532759	0.541915	2	0	0
4	123500001	0.544875	0.541915	2	0	0
4	124000001	0.572033	0.541915	2	0	0
4	124500001	0.593581	0.541915	2	0	0
4	125000001	0.567054	0.541915	2	0	0
4	125500001	0.544517	0.541915	2	0	0
4	126000001	0.502873	0.541915	2	0	0
4	126500001	0.50681	0.541915	2	0	0
4	127000001	0.523357	0.541915	2	0	0
4	127500001	0.561655	0.541915	2	0	0
4	128000001	0.537399	0.541915	2	0	0
4	128500001	0.546864	0.541915	2	0	0
4	129000001	0.505068	0.541915	2	0	0
4	129500001	0.531799	0.541915	2	0	0
4	130000001	0.503916	0.541915	2	0	0
4	130500001	0.532369	0.541915	2	0	0
4	131000001	0.537949	0.541915	2	0	0
4	131500001	0.575696	0.541915	2	0	0
4	132000001	0.531054	0.541915	2	0	0
4	132500001	0.560582	0.541915	2	0	0
4	133000001	0.533657	0.541915	2	0	0
4	133500001	0.535936	0.541915	2	0	0
4	134000001	0.518998	0.541915	2	0	0
4	134500001	0.534129	0.541915	2	0	0
4	135000001	0.55354	0.541915	2	0	0
4	135500001	0.52806	0.541915	2	0	0
4	136000001	0.534276	0.541915	2	0	0
4	136500001	0.565527	0.541915	2	0	0
4	137000001	0.56118	0.541915	2	0	0
4	137500001	0.565719	0.541915	2	0	0
4	138000001	0.548186	0.541915	2	0	0
4	138500001	0.531908	0.541915	2	0	0
4	139000001	0.534543	0.541915	2	0	0
4	139500001	0.531754	0.541915	2	0	0
4	140000001	0.524088	0.541915	2	0	0
4	140500001	0.516249	0.541915	2	0	0
4	141000001	0.492307	0.541915	2	0	0
4	141500001	0.541305	0.541915	2	0	0
4	142000001	0.546134	0.541915	2	0	0
4	142500001	0.55795	0.541915	2	0	0
4	143000001	0.554471	0.541915	2	0	0
4	143500001	0.566812	0.541915	2	0	0
4	144000001	0.659487	0.541915	2	0	0
4	144500001	0.541343	0.541915	2	0	0
4	145000001	0.52227	0.541915	2	0	0
4	145500001	0.50627	0.541915	2	0	0
4	146000001	0.541278	0.541915	2	0	0
4	146500001	0.514124	0.541915	2	0	0
4	147000001	0.561281	0.541915	2	0	0
4	147500001	0.546899	0.541915	2	0	0
4	148000001	0.552318	0.541915	2	0	0
4	148500001	0.525385	0.541915	2	0	0
4	149000001	0.531883	0.541915	2	0	0
4	149500001	0.541889	0.541915	2	0	0
4	150000001	0.525	0.541915	2	0	0
4	150500001	0.574038	0.541915	2	0	0
4	151000001	0.528453	0.541915	2	0	0
4	151500001	0.528922	0.541915	2	0	0
4	152000001	0.541108	0.541915	2	0	0
4	152500001	0.518356	0.541915	2	0	0
4	153000001	0.533139	0.541915	2	0	0
4	153500001	0.529013	0.541915	2	0	0
4	154000001	0.505268	0.541915	2	0	0
4	154500001	0.512708	0.541915	2	0	0
4	155000001	0.564515	0.541915	2	0	0
4	155500001	0.546778	0.541915	2	0	0
4	156000001	0.573955	0.541915	2	0	0
4	156500001	0.613909	0.541915	2	0	0
4	157000001	0.594532	0.541915	2	0	0
4	157500001	0.539275	0.541915	2	0	0
4	158000001	0.548955	0.541915	2	0	0
4	158500001	0.550899	0.541915	2	0	0
4	159000001	0.530176	0.541915	2	0	0
4	159500001	0.554583	0.541915	2	0	0
4	160000001	0.521987	0.541915	2	0	0
4	160500001	0.536542	0.541915	2	0	0
4	161000001	0.538978	0.541915	2	0	0
4	161500001	0.554569	0.541915	2	0	0
4	162000001	0.517873	0.541915	2	0	0
4	162500001	0.484075	0.541915	2	0	0
4	163000001	0.529742	0.541915	2	0	0
4	163500001	0.522918	0.541915	2	0	0
4	164000001	0.557002	0.541915	2	0	0
4	164500001	0.540066	0.541915	2	0	0
4	165000001	0.513573	0.541915	2	0	0
4	165500001	0.546857	0.541915	2	0	0
4	166000001	0.560164	0.541915	2	0	0
4	166500001	0.56249	0.541915	2	0	0
4	167000001	0.545124	0.541915	2	0	0
4	167500001	0.56741	0.541915	2	0	0
4	168000001	0.573471	0.541915	2	0	0
4	168500001	0.576496	0.541915	2	0	0
4	169000001	0.599763	0.541915	2	0	0
4	169500001	0.550436	0.541915	2	0	0
4	170000001	0.524341	0.541915	2	0	0
4	170500001	0.504778	0.541915	2	0	0
4	171000001	0.504184	0.541915	2	0	0
4	171500001	0.515746	0.541915	2	0	0
4	172000001	0.518751	0.541915	2	0	0
4	172500001	0.54439	0.541915	2	0	0
4	173000001	0.56281	0.541915	2	0	0
4	173500001	0.516706	0.541915	2	0	0
4	174000001	0.548473	0.541915	2	0	0
4	174500001	0.542103	0.541915	2	0	0
4	175000001	0.520178	0.541915	2	0	0
4	175500001	0.542599	0.541915	2	0	0
4	176000001	0.5786	0.541915	2	0	0
4	176500001	0.573752	0.541915	2	0	0
4	177000001	0.535224	0.541915	2	0	0
4	177500001	0.544233	0.541915	2	0	0
4	178000001	0.570856	0.541915	2	0	0
4	178500001	0.531865	0.541915	2	0	0
4	179000001	0.513977	0.541915	2	0	0
4	179500001	0.516737	0.541915	2	0	0
4	180000001	0.506355	0.541915	2	0	0
4	180500001	0.514784	0.541915	2	0	0
4	181000001	0.518031	0.541915	2	0	0
4	181500001	0.495192	0.541915	2	0	0
4	182000001	0.537847	0.541915	2	0	0
4	182500001	0.511454	0.541915	2	0	0
4	183000001	0.531732	0.541915	2	0	0
4	183500001	0.51904	0.541915	2	0	0
4	184000001	0.566279	0.541915	2	0	0
4	184500001	0.55141	0.541915	2	0	0
4	185000001	0.519845	0.541915	2	0	0
4	185500001	0.528507	0.541915	2	0	0
4	186000001	0.529701	0.541915	2	0	0
4	186500001	0.531252	0.541915	2	0	0
4	187000001	0.556439	0.541915	2	0	0
4	187500001	0.550786	0.541915	2	0	0
4	188000001	0.517226	0.541915	2	0	0
4	188500001	0.550601	0.541915	2	0	0
4	189000001	0.512743	0.541915	2	0	0
4	189500001	0.492547	0.541915	2	0	0
4	190000001	-1	-1	-1	0	0
5	1	2.16833	1.97885	8	0	0
5	500001	2.74024	1.97885	8	0	0
5	1000001	2.0265	1.97885	8	0	0
5	1500001	1.96397	1.97885	8	0	0
5	2000001	1.93537	1.97885	8	0	0
5	2500001	1.97171	1.97885	8	0	0
5	3000001	1.79984	1.97885	8	0	0
5	3500001	1.82728	1.97885	8	0	0
5	4000001	1.88306	1.97885	8	0	0
5	4500001	1.92899	1.97885	8	0	0
5	5000001	2.10821	1.97885	8	0	0
5	5500001	1.94749	1.97885	8	0	0
5	6000001	1.94485	1.97885	8	0	0
5	6500001	1.99964	1.97885	8	0	0
5	7000001	1.8791	1.97885	8	0	0
5	7500001	1.92033	1.97885	8	0	0
5	8000001	1.89458	1.97885	8	0	0
5	8500001	2.12839	1.97885	8	0	0
5	9000001	2.16048	1.97885	8	0	0
5	9500001	2.1789	1.97885	8	0	0
5	10000001	2.19721	1.97885	8	0	0
5	10500001	2.06909	1.97885	8	0	0
5	11000001	1.98568	1.97885	8	0	0
5	11500001	1.97539	1.97885	8	0	0
5	12000001	2.08665	1.97885	8	0	0
5	12500001	1.98232	1.97885	8	0	0
5	13000001	2.59747	2.60474	10	0	0
5	13500001	2.71642	2.60474	10	0	0
5	14000001	2.66334	2.60474	10	0	0
5	14500001	2.69225	2.60474	10	0	0
5	15000001	2.67862	2.60474	10	0	0
5	15500001	2.45757	2.60474	10	0	0
5	16000001	2.54089	2.60474	10	0	0
5	16500001	2.5768	2.60474	10	0	0
5	17000001	2.59029	2.60474	10	0	0
5	17500001	3.41489	2.60474	10	0	0
5	18000001	2.48885	2.60474	10	0	0
5	18500001	2.68443	2.60474	10	0	0
5	19000001	2.72784	2.60474	10	0	0
5	19500001	2.76452	2.60474	10	0	0
5	20000001	2.82964	2.60474	10	0	0
5	20500001	2.73757	2.60474	10	0	0
5	21000001	3.38503	2.60474	10	0	0
5	21500001	2.69573	2.60474	10	0	0
5	22000001	2.47322	2.60474	10	0	0
5	22500001	2.40793	2.60474	10	0	0
5	23000001	2.5406	2.60474	10	0	0
5	23500001	2.58154	2.60474	10	0	0
5	24000001	2.60011	2.60474	10	0	0
5	24500001	2.60937	2.60474	10	0	0
5	25000001	2.51332	2.60474	10	0	0
5	25500001	2.54096	2.60474	10	0	0
5	26000001	2.10037	2.1179	8	0	0
5	26500001	2.18426	2.1179	8	0	0
5	27000001	2.20488	2.1179	8	0	0
5	27500001	2.25256	2.1179	8	0	0
5	28000001	2.21551	2.1179	8	0	0
5	28500001	2.2102	2.1179	8	0	0
5	29000001	2.08043	2.1179	8	0	0
5	29500001	2.02386	2.1179	8	0	0
5	30000001	2.08028	2.1179	8	0	0
5	30500001	2.0835	2.1179	8	0	0
5	31000001	2.12492	2.1179	8	0	0
5	31500001	2.05637	2.1179	8	0	0
5	32000001	2.15627	2.1179	8	0	0
5	32500001	1.98993	2.1179	8	0	0
5	33000001	2.05359	2.1179	8	0	0
5	33500001	2.04221	2.1179	8	0	0
5	34000001	2.62663	2.1179	8	0	0
5	34500001	2.18075	2.1179	8	0	0
5	35000001	2.04156	2.1179	8	0	0
5	35500001	2.06247	2.1179	8	0	0
5	36000001	2.23059	2.1179	8	0	0
5	36500001	2.19515	2.1179	8	0	0
5	37000001	2.10566	2.1179	8	0	0
5	37500001	2.14282	2.1179	8	0	0
5	38000001	2.01464	2.1179	8	0	0
5	38500001	2.15571	2.1179	8	0	0
5	39000001	2.28511	2.1179	8	0	0
5	39500001	2.24564	2.1179	8	0	0
5	40000001	2.22347	2.1179	8	0	0
5	40500001	2.17429	2.1179	8	0	0
5	41000001	2.21546	2.1179	8	0	0
5	41500001	2.09779	2.1179	8	0	0
5	42000001	2.11083	2.1179	8	0	0
5	42500001	2.13784	2.1179	8	0	0
5	43000001	2.11088	2.1179	8	0	0
5	43500001	2.12884	2.1179	8	0	0
5	44000001	2.01964	2.1179	8	0	0
5	44500001	1.98998	2.1179	8	0	0
5	45000001	1.95038	2.1179	8	0	0
5	45500001	2.02246	2.1179	8	0	0
5	46000001	1.51994	1.71323	7	0	0
5	46500001	1.5048	1.71323	7	0	0
5	47000001	1.66839	1.71323	7	0	0
5	47500001	1.75807	1.71323	7	0	0
5	48000001	2.12116	1.71323	7	0	0
5	48500001	1.92928	1.71323	7	0	0
5	49000001	3.29392	6.37213	25	0	0
5	49500001	9.45034	6.37213	25	0	0
5	50000001	1.66895	0.9806	4	0	0
5	50500001	1.01847	0.9806	4	0	0
5	51000001	1.05541	0.9806	4	0	0
5	51500001	1.03445	0.9806	4	0	0
5	52000001	0.979493	0.9806	4	0	0
5	52500001	1.07228	0.9806	4	0	0
5	53000001	1.07766	0.9806	4	0	0
5	53500001	1.03182	0.9806	4	0	0
5	54000001	1.03457	0.9806	4	0	0
5	54500001	1.01951	0.9806	4	0	0
5	55000001	1.03576	0.9806	4	0	0
5	55500001	1.07794	0.9806	4	0	0
5	56000001	0.988456	0.9806	4	0	0
5	56500001	1.03308	0.9806	4	0	0
5	57000001	1.02265	0.9806	4	0	0
5	57500001	1.0536	0.9806	4	0	0
5	58000001	1.05479	0.9806	4	0	0
5	58500001	1.07344	0.9806	4	0	0
5	59000001	1.02516	0.9806	4	0	0
5	59500001	0.827099	0.9806	4	0	0
5	60000001	0.35632	0.9806	4	0	0
5	60500001	0.611506	0.9806	4	0	0
5	61000001	1.04709	0.9806	4	0	0
5	61500001	0.987088	0.9806	4	0	0
5	62000001	0.976524	0.9806	4	0	0
5	62500001	0.966274	0.9806	4	0	0
5	63000001	0.906692	0.9806	4	0	0
5	63500001	0.952554	0.9806	4	0	0
5	64000001	1.02784	0.9806	4	0	0
5	64500001	1.06091	0.9806	4	0	0
5	65000001	1.10452	0.9806	4	0	0
5	65500001	1.03563	0.9806	4	0	0
5	66000001	1.08126	0.9806	4	0	0
5	66500001	1.02317	0.9806	4	0	0
5	67000001	0.97981	0.9806	4	0	0
5	67500001	0.998886	0.9806	4	0	0
5	68000001	0.960914	0.9806	4	0	0
5	68500001	0.969735	0.9806	4	0	0
5	69000001	0.988674	0.9806	4	0	0
5	69500001	1.30249	0.9806	4	0	0
5	70000001	1.22923	0.9806	4	0	0
5	70500001	1.28765	0.9806	4	0	0
5	71000001	1.20594	0.9806	4	0	0
5	71500001	0.994422	0.9806	4	0	0
5	72000001	1.01666	0.9806	4	0	0
5	72500001	1.07786	0.9806	4	0	0
5	73000001	1.00932	0.9806	4	0	0
5	73500001	1.04695	0.9806	4	0	0
5	74000001	1.11704	0.9806	4	0	0
5	74500001	1.04767	0.9806	4	0	0
5	75000001	1.06408	0.9806	4	0	0
5	75500001	1.03639	0.9806	4	0	0
5	76000001	0.936182	0.9806	4	0	0
5	76500001	1.00035	0.9806	4	0	0
5	77000001	0.940494	0.9806	4	0	0
5	77500001	0.995379	0.9806	4	0	0
5	78000001	0.989732	0.9806	4	0	0
5	78500001	1.02969	0.9806	4	0	0
5	79000001	1.02116	0.9806	4	0	0
5	79500001	0.962478	0.9806	4	0	0
5	80000001	0.955188	0.9806	4	0	0
5	80500001	1.00115	0.9806	4	0	0
5	81000001	0.967401	0.9806	4	0	0
5	81500001	0.979594	0.9806	4	0	0
5	82000001	0.95515	0.9806	4	0	0
5	82500001	0.966186	0.9806	4	0	0
5	83000001	0.995307	0.9806	4	0	0
5	83500001	1.01207	0.9806	4	0	0
5	84000001	0.972437	0.9806	4	0	0
5	84500001	0.934966	0.9806	4	0	0
5	85000001	0.995811	0.9806	4	0	0
5	85500001	1.01851	0.9806	4	0	0
5	86000001	0.949692	0.9806	4	0	0
5	86500001	0.981945	0.9806	4	0	0
5	87000001	1.03159	0.9806	4	0	0
5	87500001	1.02738	0.9806	4	0	0
5	88000001	0.977145	0.9806	4	0	0
5	88500001	0.978619	0.9806	4	0	0
5	89000001	1.07553	0.9806	4	0	0
5	89500001	1.04494	0.9806	4	0	0
5	90000001	0.975929	0.9806	4	0	0
5	90500001	1.08715	0.9806	4	0	0
5	91000001	1.03085	0.9806	4	0	0
5	91500001	1.07619	0.9806	4	0	0
5	92000001	1.02242	0.9806	4	0	0
5	92500001	1.03046	0.9806	4	0	0
5	93000001	0.995778	0.9806	4	0	0
5	93500001	1.02595	0.9806	4	0	0
5	94000001	1.03332	0.9806	4	0	0
5	94500001	0.966072	0.9806	4	0	0
5	95000001	1.01783	0.9806	4	0	0
5	95500001	1.06844	0.9806	4	0	0
5	96000001	1.10672	0.9806	4	0	0
5	96500001	1.01708	0.9806	4	0	0
5	97000001	1.0095	0.9806	4	0	0
5	97500001	0.948784	0.9806	4	0	0
5	98000001	0.918842	0.9806	4	0	0
5	98500001	0.955579	0.9806	4	0	0
5	99000001	0.921006	0.9806	4	0	0
5	99500001	0.950375	0.9806	4	0	0
5	100000001	0.911296	0.9806	4	0	0
5	100500001	0.976736	0.9806	4	0	0
5	101000001	0.949162	0.9806	4	0	0
5	101500001	0.909124	0.9806	4	0	0
5	102000001	0.962904	0.9806	4	0	0
5	102500001	0.981531	0.9806	4	0	0
5	103000001	1.02167	0.9806	4	0	0
5	103500001	1.04665	0.9806	4	0	0
5	104000001	1.05278	0.9806	4	0	0
5	104500001	0.997941	0.9806	4	0	0
5	105000001	1.03382	0.9806	4	0	0
5	105500001	1.0285	0.9806	4	0	0
5	106000001	0.98971	0.9806	4	0	0
5	106500001	1.02298	0.9806	4	0	0
5	107000001	1.45831	0.9806	4	0	0
5	107500001	1.05372	0.9806	4	0	0
5	108000001	0.990906	0.9806	4	0	0
5	108500001	1.00089	0.9806	4	0	0
5	109000001	1.02604	0.9806	4	0	0
5	109500001	0.967672	0.9806	4	0	0
5	110000001	0.956102	0.9806	4	0	0
5	110500001	0.993863	0.9806	4	0	0
5	111000001	1.04441	0.9806	4	0	0
5	111500001	0.958367	0.9806	4	0	0
5	112000001	0.956539	0.9806	4	0	0
5	112500001	1.10178	0.9806	4	0	0
5	113000001	1.057	0.9806	4	0	0
5	113500001	0.98484	0.9806	4	0	0
5	114000001	0.924096	0.9806	4	0	0
5	114500001	0.94927	0.9806	4	0	0
5	115000001	1.02626	0.9806	4	0	0
5	115500001	1.05211	0.9806	4	0	0
5	116000001	0.982649	0.9806	4	0	0
5	116500001	0.941211	0.9806	4	0	0
5	117000001	0.873222	0.9806	4	0	0
5	117500001	0.89649	0.9806	4	0	0
5	118000001	0.930628	0.9806	4	0	0
5	118500001	0.916838	0.9806	4	0	0
5	119000001	0.971018	0.9806	4	0	0
5	119500001	0.951536	0.9806	4	0	0
5	120000001	1.01493	0.9806	4	0	0
5	120500001	0.955092	0.9806	4	0	0
5	121000001	1.00935	0.9806	4	0	0
5	121500001	0.944619	0.9806	4	0	0
5	122000001	0.978962	0.9806	4	0	0
5	122500001	0.987138	0.9806	4	0	0
5	123000001	0.946246	0.9806	4	0	0
5	123500001	0.992145	0.9806	4	0	0
5	124000001	0.956767	0.9806	4	0	0
5	124500001	0.974117	0.9806	4	0	0
5	125000001	0.994298	0.9806	4	0	0
5	125500001	1.02538	0.9806	4	0	0
5	126000001	1.06658	0.9806	4	0	0
5	126500001	1.00907	0.9806	4	0	0
5	127000001	0.967523	0.9806	4	0	0
5	127500001	1.0539	0.9806	4	0	0
5	128000001	1.00834	0.9806	4	0	0
5	128500001	0.966473	0.9806	4	0	0
5	129000001	0.944889	0.9806	4	0	0
5	129500001	0.942083	0.9806	4	0	0
5	130000001	0.966685	0.9806	4	0	0
5	130500001	0.957996	0.9806	4	0	0
5	131000001	1.03519	0.9806	4	0	0
5	131500001	0.979085	0.9806	4	0	0
5	132000001	1.03193	0.9806	4	0	0
5	132500001	0.976316	0.9806	4	0	0
5	133000001	0.986551	0.9806	4	0	0
5	133500001	0.989299	0.9806	4	0	0
5	134000001	0.999194	0.9806	4	0	0
5	134500001	0.975172	0.9806	4	0	0
5	135000001	0.999781	0.9806	4	0	0
5	135500001	0.933005	0.9806	4	0	0
5	136000001	0.966403	0.9806	4	0	0
5	136500001	0.980931	0.9806	4	0	0
5	137000001	0.94427	0.9806	4	0	0
5	137500001	0.987673	0.9806	4	0	0
5	138000001	0.991595	0.9806	4	0	0
5	138500001	1.00433	0.9806	4	0	0
5	139000001	1.01852	0.9806	4	0	0
5	139500001	0.957436	0.9806	4	0	0
5	140000001	1.03136	0.9806	4	0	0
5	140500001	1.01152	0.9806	4	0	0
5	141000001	0.965727	0.9806	4	0	0
5	141500001	1.02389	0.9806	4	0	0
5	142000001	0.995598	0.9806	4	0	0
5	142500001	1.03613	0.9806	4	0	0
5	143000001	1.04679	0.9806	4	0	0
5	143500001	1.05494	0.9806	4	0	0
5	144000001	0.958457	0.9806	4	0	0
5	144500001	0.994172	0.9806	4	0	0
5	145000001	0.927167	0.9806	4	0	0
5	145500001	0.996204	0.9806	4	0	0
5	146000001	0.979478	0.9806	4	0	0
5	146500001	0.969249	0.9806	4	0	0
5	147000001	0.951114	0.9806	4	0	0
5	147500001	0.970817	0.9806	4	0	0
5	148000001	1.06297	0.9806	4	0	0
5	148500001	1.04211	0.9806	4	0	0
5	149000001	1.02962	0.9806	4	0	0
5	149500001	0.971229	0.9806	4	0	0
5	150000001	0.958425	0.9806	4	0	0
5	150500001	0.948066	0.9806	4	0	0
5	151000001	0.977366	0.9806	4	0	0
5	151500001	0.988316	0.9806	4	0	0
5	152000001	0.959625	0.9806	4	0	0
5	152500001	0.89883	0.9806	4	0	0
5	153000001	0.877299	0.9806	4	0	0
5	153500001	0.914716	0.9806	4	0	0
5	154000001	0.937984	0.9806	4	0	0
5	154500001	0.859854	0.9806	4	0	0
5	155000001	0.92929	0.9806	4	0	0
5	155500001	0.852981	0.9806	4	0	0
5	156000001	0.878154	0.9806	4	0	0
5	156500001	0.902138	0.9806	4	0	0
5	157000001	0.916032	0.9806	4	0	0
5	157500001	0.912336	0.9806	4	0	0
5	158000001	0.913249	0.9806	4	0	0
5	158500001	0.903719	0.9806	4	0	0
5	159000001	0.970929	0.9806	4	0	0
5	159500001	0.96592	0.9806	4	0	0
5	160000001	0.9806	0.9806	4	0	0
5	160500001	0.938358	0.9806	4	0	0
5	161000001	0.886741	0.9806	4	0	0
5	161500001	0.926408	0.9806	4	0	0
5	162000001	0.888665	0.9806	4	0	0
5	162500001	0.88912	0.9806	4	0	0
5	163000001	0.887812	0.9806	4	0	0
5	163500001	0.909186	0.9806	4	0	0
5	164000001	0.910936	0.9806	4	0	0
5	164500001	0.969227	0.9806	4	0	0
5	165000001	0.909314	0.9806	4	0	0
5	165500001	0.89936	0.9806	4	0	0
5	166000001	0.883014	0.9806	4	0	0
5	166500001	0.871714	0.9806	4	0	0
5	167000001	0.941796	0.9806	4	0	0
5	167500001	0.982171	0.9806	4	0	0
5	168000001	0.955406	0.9806	4	0	0
5	168500001	0.956809	0.9806	4	0	0
5	169000001	0.940724	0.9806	4	0	0
5	169500001	0.956778	0.9806	4	0	0
5	170000001	0.927297	0.9806	4	0	0
5	170500001	1.00569	0.9806	4	0	0
5	171000001	0.951267	0.9806	4	0	0
5	171500001	0.980769	0.9806	4	0	0
5	172000001	0.953812	0.9806	4	0	0
5	172500001	1.03081	0.9806	4	0	0
5	173000001	0.949314	0.9806	4	0	0
5	173500001	0.937865	0.9806	4	0	0
5	174000001	0.960443	0.9806	4	0	0
5	174500001	0.933288	0.9806	4	0	0
5	175000001	0.905704	0.9806	4	0	0
5	175500001	0.958234	0.9806	4	0	0
5	176000001	0.968654	0.9806	4	0	0
5	176500001	0.990082	0.9806	4	0	0
5	177000001	0.927357	0.9806	4	0	0
5	177500001	0.983732	0.9806	4	0	0
5	178000001	0.942486	0.9806	4	0	0
5	178500001	0.923698	0.9806	4	0	0
5	179000001	0.928043	0.9806	4	0	0
5	179500001	0.941369	0.9806	4	0	0
5	180000001	0.87474	0.9806	4	0	0
5	180500001	0.959516	0.9806	4	0	0
5	181000001	0.933667	0.9806	4	0	0
5	181500001	-1	-1	-1	0	0
6	1	1.89542	2.03729	8	0	0
6	500001	2.0766	2.03729	8	0	0
6	1000001	2.08744	2.03729	8	0	0
6	1500001	2.02045	2.03729	8	0	0
6	2000001	2.06149	2.03729	8	0	0
6	2500001	2.02486	2.03729	8	0	0
6	3000001	2.03729	2.03729	8	0	0
6	3500001	2.103	2.03729	8	0	0
6	4000001	2.03891	2.03729	8	0	0
6	4500001	1.93152	2.03729	8	0	0
6	5000001	1.91849	2.03729	8	0	0
6	5500001	1.91675	2.03729	8	0	0
6	6000001	1.95241	2.03729	8	0	0
6	6500001	2.02553	2.03729	8	0	0
6	7000001	2.08902	2.03729	8	0	0
6	7500001	2.03822	2.03729	8	0	0
6	8000001	2.01169	2.03729	8	0	0
6	8500001	1.90569	2.03729	8	0	0
6	9000001	2.08511	2.03729	8	0	0
6	9500001	2.01482	2.03729	8	0	0
6	10000001	2.07422	2.03729	8	0	0
6	10500001	2.08203	2.03729	8	0	0
6	11000001	2.1337	2.03729	8	0	0
6	11500001	2.74151	3.00751	12	0	0
6	12000001	3.15258	3.00751	12	0	0
6	12500001	3.00751	3.00751	12	0	0
6	13000001	2.14483	2.00306	8	0	0
6	13500001	2.04886	2.00306	8	0	0
6	14000001	1.99012	2.00306	8	0	0
6	14500001	1.98413	2.00306	8	0	0
6	15000001	1.91681	2.00306	8	0	0
6	15500001	1.92455	2.00306	8	0	0
6	16000001	1.95259	2.00306	8	0	0
6	16500001	1.98867	2.00306	8	0	0
6	17000001	1.94071	2.00306	8	0	0
6	17500001	2.01599	2.00306	8	0	0
6	18000001	2.14352	2.00306	8	0	0
6	18500001	2.07779	2.00306	8	0	0
6	19000001	2.05414	2.00306	8	0	0
6	19500001	2.04978	2.00306	8	0	0
6	20000001	2.05741	2.00306	8	0	0
6	20500001	1.85175	2.00306	8	0	0
6	21000001	1.54215	1.47416	6	0	0
6	21500001	1.44896	1.47416	6	0	0
6	22000001	1.50515	1.47416	6	0	0
6	22500001	1.28032	1.47416	6	0	0
6	23000001	1.34333	1.47416	6	0	0
6	23500001	1.23959	1.47416	6	0	0
6	24000001	1.41108	1.47416	6	0	0
6	24500001	1.44139	1.47416	6	0	0
6	25000001	1.48086	1.47416	6	0	0
6	25500001	1.46723	1.47416	6	0	0
6	26000001	1.39894	1.47416	6	0	0
6	26500001	1.35868	1.47416	6	0	0
6	27000001	1.39662	1.47416	6	0	0
6	27500001	1.4091	1.47416	6	0	0
6	28000001	1.42448	1.47416	6	0	0
6	28500001	1.40916	1.47416	6	0	0
6	29000001	1.46951	1.47416	6	0	0
6	29500001	1.36117	1.47416	6	0	0
6	30000001	1.4869	1.47416	6	0	0
6	30500001	1.58332	1.47416	6	0	0
6	31000001	1.51842	1.47416	6	0	0
6	31500001	1.53519	1.47416	6	0	0
6	32000001	1.46068	1.47416	6	0	0
6	32500001	1.37229	1.47416	6	0	0
6	33000001	1.47613	1.47416	6	0	0
6	33500001	1.56282	1.47416	6	0	0
6	34000001	1.52502	1.47416	6	0	0
6	34500001	1.56746	1.47416	6	0	0
6	35000001	1.55727	1.47416	6	0	0
6	35500001	1.50382	1.47416	6	0	0
6	36000001	1.51558	1.47416	6	0	0
6	36500001	1.52124	1.47416	6	0	0
6	37000001	1.5794	1.47416	6	0	0
6	37500001	1.62134	1.47416	6	0	0
6	38000001	1.5114	1.47416	6	0	0
6	38500001	1.59664	1.47416	6	0	0
6	39000001	1.5057	1.47416	6	0	0
6	39500001	1.38314	1.47416	6	0	0
6	40000001	1.42441	1.47416	6	0	0
6	40500001	1.46467	1.47416	6	0	0
6	41000001	1.47218	1.47416	6	0	0
6	41500001	1.51801	1.47416	6	0	0
6	42000001	1.08896	1.04339	4	0	0
6	42500001	1.04949	1.04339	4	0	0
6	43000001	1.03728	1.04339	4	0	0
6	43500001	1.02068	1.04339	4	0	0
6	44000001	1.01254	1.04339	4	0	0
6	44500001	1.08764	1.04339	4	0	0
6	45000001	1.38656	1.58749	6	0	0
6	45500001	1.5845	1.58749	6	0	0
6	46000001	1.54886	1.58749	6	0	0
6	46500001	1.58853	1.58749	6	0	0
6	47000001	1.64487	1.58749	6	0	0
6	47500001	1.62523	1.58749	6	0	0
6	48000001	1.58749	1.58749	6	0	0
6	48500001	1.62854	1.58749	6	0	0
6	49000001	1.60111	1.58749	6	0	0
6	49500001	1.5246	1.58749	6	0	0
6	50000001	1.47469	1.58749	6	0	0
6	50500001	1.46137	1.58749	6	0	0
6	51000001	1.42253	1.58749	6	0	0
6	51500001	1.45241	1.58749	6	0	0
6	52000001	1.48543	1.58749	6	0	0
6	52500001	1.55711	1.58749	6	0	0
6	53000001	1.57248	1.58749	6	0	0
6	53500001	1.58412	1.58749	6	0	0
6	54000001	1.64514	1.58749	6	0	0
6	54500001	1.65714	1.58749	6	0	0
6	55000001	1.6514	1.58749	6	0	0
6	55500001	1.63916	1.58749	6	0	0
6	56000001	1.69167	1.58749	6	0	0
6	56500001	1.61767	1.58749	6	0	0
6	57000001	1.63726	1.58749	6	0	0
6	57500001	1.57047	1.58749	6	0	0
6	58000001	1.62955	1.58749	6	0	0
6	58500001	4.16505	4.11797	16	0	0
6	59000001	4.07089	4.11797	16	0	0
6	59500001	-1	-1	-1	0	0
6	60000001	-1	-1	-1	0	0
6	60500001	1.64124	1.50828	6	0	0
6	61000001	1.50828	1.50828	6	0	0
6	61500001	1.3047	1.50828	6	0	0
6	62000001	1.92318	1.50828	6	0	0
6	62500001	1.44522	1.50828	6	0	0
6	63000001	1.29955	1.24636	5	0	0
6	63500001	1.28315	1.24636	5	0	0
6	64000001	1.28911	1.24636	5	0	0
6	64500001	1.2847	1.24636	5	0	0
6	65000001	1.29554	1.24636	5	0	0
6	65500001	1.23644	1.24636	5	0	0
6	66000001	1.26457	1.24636	5	0	0
6	66500001	1.28179	1.24636	5	0	0
6	67000001	1.24488	1.24636	5	0	0
6	67500001	1.18246	1.24636	5	0	0
6	68000001	1.25899	1.24636	5	0	0
6	68500001	1.14931	1.24636	5	0	0
6	69000001	1.1664	1.24636	5	0	0
6	69500001	1.17292	1.24636	5	0	0
6	70000001	1.22906	1.24636	5	0	0
6	70500001	1.23241	1.24636	5	0	0
6	71000001	1.29349	1.24636	5	0	0
6	71500001	1.29659	1.24636	5	0	0
6	72000001	1.30201	1.24636	5	0	0
6	72500001	1.31236	1.24636	5	0	0
6	73000001	1.26445	1.24636	5	0	0
6	73500001	1.28889	1.24636	5	0	0
6	74000001	1.29991	1.24636	5	0	0
6	74500001	1.35186	1.24636	5	0	0
6	75000001	1.36353	1.24636	5	0	0
6	75500001	1.30171	1.24636	5	0	0
6	76000001	1.2234	1.24636	5	0	0
6	76500001	1.18577	1.24636	5	0	0
6	77000001	1.21222	1.24636	5	0	0
6	77500001	1.22458	1.24636	5	0	0
6	78000001	1.15348	1.24636	5	0	0
6	78500001	1.31503	1.24636	5	0	0
6	79000001	1.33978	1.24636	5	0	0
6	79500001	1.28692	1.24636	5	0	0
6	80000001	1.27068	1.24636	5	0	0
6	80500001	1.30228	1.24636	5	0	0
6	81000001	1.24636	1.24636	5	0	0
6	81500001	1.27016	1.24636	5	0	0
6	82000001	1.29016	1.24636	5	0	0
6	82500001	1.10259	1.24636	5	0	0
6	83000001	1.34259	1.24636	5	0	0
6	83500001	1.30306	1.24636	5	0	0
6	84000001	1.26681	1.24636	5	0	0
6	84500001	1.32597	1.24636	5	0	0
6	85000001	1.28479	1.24636	5	0	0
6	85500001	1.2446	1.24636	5	0	0
6	86000001	1.17592	1.24636	5	0	0
6	86500001	1.15858	1.24636	5	0	0
6	87000001	1.24112	1.24636	5	0	0
6	87500001	1.29512	1.24636	5	0	0
6	88000001	1.19595	1.24636	5	0	0
6	88500001	1.16993	1.24636	5	0	0
6	89000001	1.13758	1.24636	5	0	0
6	89500001	1.18354	1.24636	5	0	0
6	90000001	1.20684	1.24636	5	0	0
6	90500001	1.21597	1.24636	5	0	0
6	91000001	1.19619	1.24636	5	0	0
6	91500001	1.18258	1.24636	5	0	0
6	92000001	1.19565	1.24636	5	0	0
6	92500001	1.18265	1.24636	5	0	0
6	93000001	1.22269	1.24636	5	0	0
6	93500001	1.19372	1.24636	5	0	0
6	94000001	1.14708	1.24636	5	0	0
6	94500001	1.19725	1.24636	5	0	0
6	95000001	1.19921	1.24636	5	0	0
6	95500001	1.30579	1.24636	5	0	0
6	96000001	1.32339	1.24636	5	0	0
6	96500001	1.25535	1.24636	5	0	0
6	97000001	1.20011	1.24636	5	0	0
6	97500001	1.18709	1.24636	5	0	0
6	98000001	1.13586	1.24636	5	0	0
6	98500001	1.17226	1.24636	5	0	0
6	99000001	1.19436	1.24636	5	0	0
6	99500001	1.25524	1.24636	5	0	0
6	100000001	1.38044	1.24636	5	0	0
6	100500001	1.35209	1.24636	5	0	0
6	101000001	1.30351	1.24636	5	0	0
6	101500001	1.27214	1.24636	5	0	0
6	102000001	1.27102	1.24636	5	0	0
6	102500001	1.26464	1.24636	5	0	0
6	103000001	1.20859	1.24636	5	0	0
6	103500001	1.20016	1.24636	5	0	0
6	104000001	1.24187	1.24636	5	0	0
6	104500001	1.26355	1.24636	5	0	0
6	105000001	1.28494	1.24636	5	0	0
6	105500001	1.23535	1.24636	5	0	0
6	106000001	1.29523	1.24636	5	0	0
6	106500001	1.21301	1.24636	5	0	0
6	107000001	1.25009	1.24636	5	0	0
6	107500001	1.18548	1.24636	5	0	0
6	108000001	1.24749	1.24636	5	0	0
6	108500001	1.23718	1.24636	5	0	0
6	109000001	1.24217	1.24636	5	0	0
6	109500001	1.19387	1.24636	5	0	0
6	110000001	1.29672	1.24636	5	0	0
6	110500001	1.2491	1.24636	5	0	0
6	111000001	1.27538	1.24636	5	0	0
6	111500001	1.25654	1.24636	5	0	0
6	112000001	1.32764	1.24636	5	0	0
6	112500001	1.31914	1.24636	5	0	0
6	113000001	1.31858	1.24636	5	0	0
6	113500001	1.32273	1.24636	5	0	0
6	114000001	1.2106	1.24636	5	0	0
6	114500001	1.18041	1.24636	5	0	0
6	115000001	1.19087	1.24636	5	0	0
6	115500001	1.23791	1.24636	5	0	0
6	116000001	1.26378	1.24636	5	0	0
6	116500001	1.23033	1.24636	5	0	0
6	117000001	1.23699	1.24636	5	0	0
6	117500001	1.20468	1.24636	5	0	0
6	118000001	1.16506	1.24636	5	0	0
6	118500001	1.25178	1.24636	5	0	0
6	119000001	1.23082	1.24636	5	0	0
6	119500001	1.25714	1.24636	5	0	0
6	120000001	1.28046	1.24636	5	0	0
6	120500001	1.25568	1.24636	5	0	0
6	121000001	1.23095	1.24636	5	0	0
6	121500001	1.23979	1.24636	5	0	0
6	122000001	1.2748	1.24636	5	0	0
6	122500001	1.24472	1.24636	5	0	0
6	123000001	1.20717	1.24636	5	0	0
6	123500001	1.1655	1.24636	5	0	0
6	124000001	1.17809	1.24636	5	0	0
6	124500001	1.24546	1.24636	5	0	0
6	125000001	1.59061	1.24636	5	0	0
6	125500001	1.50615	1.24636	5	0	0
6	126000001	1.22065	1.24636	5	0	0
6	126500001	1.25732	1.24636	5	0	0
6	127000001	1.234	1.24636	5	0	0
6	127500001	1.30369	1.24636	5	0	0
6	128000001	1.35176	1.24636	5	0	0
6	128500001	1.35509	1.24636	5	0	0
6	129000001	1.83641	1.24636	5	0	0
6	129500001	1.41798	1.24636	5	0	0
6	130000001	1.26936	1.24636	5	0	0
6	130500001	1.24251	1.24636	5	0	0
6	131000001	1.18203	1.24636	5	0	0
6	131500001	1.14601	1.24636	5	0	0
6	132000001	1.24282	1.24636	5	0	0
6	132500001	1.24255	1.24636	5	0	0
6	133000001	1.30047	1.24636	5	0	0
6	133500001	1.28441	1.24636	5	0	0
6	134000001	1.28548	1.24636	5	0	0
6	134500001	1.23652	1.24636	5	0	0
6	135000001	1.24607	1.24636	5	0	0
6	135500001	1.22768	1.24636	5	0	0
6	136000001	1.23283	1.24636	5	0	0
6	136500001	1.23734	1.24636	5	0	0
6	137000001	1.28036	1.24636	5	0	0
6	137500001	1.30618	1.24636	5	0	0
6	138000001	1.30168	1.24636	5	0	0
6	138500001	1.23807	1.24636	5	0	0
6	139000001	1.20771	1.24636	5	0	0
6	139500001	1.35762	1.24636	5	0	0
6	140000001	1.33871	1.24636	5	0	0
6	140500001	1.36581	1.24636	5	0	0
6	141000001	1.26751	1.24636	5	0	0
6	141500001	1.28993	1.24636	5	0	0
6	142000001	1.28599	1.24636	5	0	0
6	142500001	1.26098	1.24636	5	0	0
6	143000001	1.35312	1.24636	5	0	0
6	143500001	1.2269	1.24636	5	0	0
6	144000001	1.20112	1.24636	5	0	0
6	144500001	1.30725	1.24636	5	0	0
6	145000001	1.28816	1.24636	5	0	0
6	145500001	1.20046	1.24636	5	0	0
6	146000001	1.24221	1.24636	5	0	0
6	146500001	1.19914	1.24636	5	0	0
6	147000001	1.29761	1.24636	5	0	0
6	147500001	1.22537	1.24636	5	0	0
6	148000001	1.17908	1.24636	5	0	0
6	148500001	1.22063	1.24636	5	0	0
6	149000001	1.27592	1.24636	5	0	0
6	149500001	1.19947	1.24636	5	0	0
6	150000001	1.22787	1.24636	5	0	0
6	150500001	1.21318	1.24636	5	0	0
6	151000001	1.22695	1.24636	5	0	0
6	151500001	1.25259	1.24636	5	0	0
6	152000001	1.27639	1.24636	5	0	0
6	152500001	1.28209	1.24636	5	0	0
6	153000001	1.28264	1.24636	5	0	0
6	153500001	1.26973	1.24636	5	0	0
6	154000001	1.21559	1.24636	5	0	0
6	154500001	1.18876	1.24636	5	0	0
6	155000001	1.27014	1.24636	5	0	0
6	155500001	1.22572	1.24636	5	0	0
6	156000001	1.17735	1.24636	5	0	0
6	156500001	1.18241	1.24636	5	0	0
6	157000001	1.24428	1.24636	5	0	0
6	157500001	1.25228	1.24636	5	0	0
6	158000001	1.26113	1.24636	5	0	0
6	158500001	1.33594	1.24636	5	0	0
6	159000001	1.25953	1.24636	5	0	0
6	159500001	1.16671	1.24636	5	0	0
6	160000001	1.23674	1.24636	5	0	0
6	160500001	1.38969	1.24636	5	0	0
6	161000001	1.2069	1.24636	5	0	0
6	161500001	1.13381	1.14913	5	0	0
6	162000001	1.12426	1.14913	5	0	0
6	162500001	1.18374	1.14913	5	0	0
6	163000001	1.25297	1.14913	5	0	0
6	163500001	1.15242	1.14913	5	0	0
6	164000001	1.13677	1.14913	5	0	0
6	164500001	1.07308	1.14913	5	0	0
6	165000001	1.14585	1.14913	5	0	0
6	165500001	1.1435	1.14913	5	0	0
6	166000001	1.15336	1.14913	5	0	0
6	166500001	1.1841	1.14913	5	0	0
6	167000001	1.17153	1.14913	5	0	0
6	167500001	1.12981	1.14913	5	0	0
6	168000001	1.13371	1.14913	5	0	0
6	168500001	1.12433	1.14913	5	0	0
6	169000001	1.165	1.14913	5	0	0
6	169500001	1.15468	1.14913	5	0	0
6	170000001	1.16873	1.14913	5	0	0
6	170500001	-1	-1	-1	0	0
7	1	2.66846	2.67322	11	0	0
7	500001	2.67322	2.67322	11	0	0
7	1000001	2.57909	2.67322	11	0	0
7	1500001	2.71004	2.67322	11	0	0
7	2000001	2.69297	2.67322	11	0	0
7	2500001	2.73891	2.67322	11	0	0
7	3000001	2.66597	2.67322	11	0	0
7	3500001	2.53983	2.67322	11	0	0
7	4000001	2.49662	2.67322	11	0	0
7	4500001	2.47193	2.67322	11	0	0
7	5000001	2.64985	2.67322	11	0	0
7	5500001	2.74164	2.67322	11	0	0
7	6000001	2.68405	2.67322	11	0	0
7	6500001	2.65303	2.67322	11	0	0
7	7000001	2.7354	2.67322	11	0	0
7	7500001	2.73798	2.67322	11	0	0
7	8000001	2.72813	2.67322	11	0	0
7	8500001	2.59961	2.67322	11	0	0
7	9000001	2.60972	2.67322	11	0	0
7	9500001	2.50943	2.67322	11	0	0
7	10000001	2.53042	2.67322	11	0	0
7	10500001	2.48123	2.67322	11	0	0
7	11000001	2.74583	2.67322	11	0	0
7	11500001	2.82192	2.67322	11	0	0
7	12000001	2.8221	2.67322	11	0	0
7	12500001	2.79791	2.67322	11	0	0
7	13000001	2.76293	2.67322	11	0	0
7	13500001	1.68822	1.71298	7	0	0
7	14000001	1.57791	1.71298	7	0	0
7	14500001	1.65526	1.71298	7	0	0
7	15000001	1.64869	1.71298	7	0	0
7	15500001	1.67613	1.71298	7	0	0
7	16000001	1.82623	1.71298	7	0	0
7	16500001	1.85245	1.71298	7	0	0
7	17000001	1.91066	1.71298	7	0	0
7	17500001	1.88886	1.71298	7	0	0
7	18000001	1.7631	1.71298	7	0	0
7	18500001	1.78743	1.71298	7	0	0
7	19000001	1.75627	1.71298	7	0	0
7	19500001	1.79361	1.71298	7	0	0
7	20000001	1.75203	1.71298	7	0	0
7	20500001	1.71298	1.71298	7	0	0
7	21000001	1.70262	1.71298	7	0	0
7	21500001	1.67189	1.71298	7	0	0
7	22000001	1.7491	1.71298	7	0	0
7	22500001	1.745	1.71298	7	0	0
7	23000001	1.77684	1.71298	7	0	0
7	23500001	1.68725	1.71298	7	0	0
7	24000001	1.66073	1.71298	7	0	0
7	24500001	1.77988	1.71298	7	0	0
7	25000001	1.70721	1.71298	7	0	0
7	25500001	1.66296	1.71298	7	0	0
7	26000001	1.69566	1.71298	7	0	0
7	26500001	1.81534	1.71298	7	0	0
7	27000001	1.65644	1.71298	7	0	0
7	27500001	1.62049	1.71298	7	0	0
7	28000001	1.18687	1.18932	5	0	0
7	28500001	1.13321	1.18932	5	0	0
7	29000001	1.20739	1.18932	5	0	0
7	29500001	1.27434	1.18932	5	0	0
7	30000001	1.1906	1.18932	5	0	0
7	30500001	1.14829	1.18932	5	0	0
7	31000001	1.13633	1.18932	5	0	0
7	31500001	1.11797	1.18932	5	0	0
7	32000001	1.1101	1.18932	5	0	0
7	32500001	1.19225	1.18932	5	0	0
7	33000001	1.21029	1.18932	5	0	0
7	33500001	1.16951	1.18932	5	0	0
7	34000001	1.15729	1.18932	5	0	0
7	34500001	1.17733	1.18932	5	0	0
7	35000001	1.18227	1.18932	5	0	0
7	35500001	1.2341	1.18932	5	0	0
7	36000001	1.20025	1.18932	5	0	0
7	36500001	1.18332	1.18932	5	0	0
7	37000001	1.09553	1.18932	5	0	0
7	37500001	1.10776	1.18932	5	0	0
7	38000001	1.18647	1.18932	5	0	0
7	38500001	1.10102	1.18932	5	0	0
7	39000001	1.21792	1.18932	5	0	0
7	39500001	1.253	1.18932	5	0	0
7	40000001	1.19419	1.18932	5	0	0
7	40500001	1.22144	1.18932	5	0	0
7	41000001	1.28139	1.18932	5	0	0
7	41500001	1.15852	1.18932	5	0	0
7	42000001	1.16517	1.18932	5	0	0
7	42500001	1.15304	1.18932	5	0	0
7	43000001	1.21899	1.18932	5	0	0
7	43500001	1.23508	1.18932	5	0	0
7	44000001	1.20039	1.18932	5	0	0
7	44500001	1.18954	1.18932	5	0	0
7	45000001	1.18151	1.18932	5	0	0
7	45500001	1.20326	1.18932	5	0	0
7	46000001	1.32358	1.18932	5	0	0
7	46500001	1.30352	1.18932	5	0	0
7	47000001	1.24267	1.18932	5	0	0
7	47500001	1.1891	1.18932	5	0	0
7	48000001	0.992918	0.937158	4	0	0
7	48500001	0.914479	0.937158	4	0	0
7	49000001	0.930968	0.937158	4	0	0
7	49500001	0.913154	0.937158	4	0	0
7	50000001	0.935206	0.937158	4	0	0
7	50500001	0.961315	0.937158	4	0	0
7	51000001	0.909117	0.937158	4	0	0
7	51500001	0.949019	0.937158	4	0	0
7	52000001	0.900209	0.937158	4	0	0
7	52500001	0.892607	0.937158	4	0	0
7	53000001	0.940151	0.937158	4	0	0
7	53500001	0.966606	0.937158	4	0	0
7	54000001	1.04298	0.937158	4	0	0
7	54500001	1.09579	0.937158	4	0	0
7	55000001	1.03829	0.937158	4	0	0
7	55500001	0.92447	0.937158	4	0	0
7	56000001	0.963832	0.937158	4	0	0
7	56500001	0.911055	0.937158	4	0	0
7	57000001	0.793678	0.937158	4	0	0
7	57500001	0.979156	0.937158	4	0	0
7	58000001	1.32256	0.937158	4	0	0
7	58500001	0.9952	0.937158	4	0	0
7	59000001	0.88704	0.937158	4	0	0
7	59500001	0.925548	0.937158	4	0	0
7	60000001	0.808177	0.937158	4	0	0
7	60500001	1.34388	0.937158	4	0	0
7	61000001	0.915675	0.937158	4	0	0
7	61500001	-1	0.937158	4	0	0
7	62000001	1.03652	0.937158	4	0	0
7	62500001	0.940031	0.937158	4	0	0
7	63000001	0.856097	0.937158	4	0	0
7	63500001	0.926886	0.937158	4	0	0
7	64000001	0.946351	0.937158	4	0	0
7	64500001	0.930604	0.937158	4	0	0
7	65000001	0.941728	0.937158	4	0	0
7	65500001	1.0472	0.937158	4	0	0
7	66000001	0.936326	0.937158	4	0	0
7	66500001	1.00441	0.937158	4	0	0
7	67000001	0.97099	0.937158	4	0	0
7	67500001	0.885667	0.937158	4	0	0
7	68000001	0.877465	0.937158	4	0	0
7	68500001	0.844313	0.937158	4	0	0
7	69000001	0.811136	0.937158	4	0	0
7	69500001	0.866778	0.937158	4	0	0
7	70000001	0.877007	0.937158	4	0	0
7	70500001	0.88021	0.937158	4	0	0
7	71000001	0.845533	0.937158	4	0	0
7	71500001	0.858858	0.937158	4	0	0
7	72000001	0.905002	0.937158	4	0	0
7	72500001	0.97573	0.937158	4	0	0
7	73000001	1.01755	0.937158	4	0	0
7	73500001	0.981968	0.937158	4	0	0
7	74000001	0.951018	0.937158	4	0	0
7	74500001	0.994946	0.937158	4	0	0
7	75000001	0.93799	0.937158	4	0	0
7	75500001	0.956322	0.937158	4	0	0
7	76000001	0.972285	0.937158	4	0	0
7	76500001	1.01451	1.01314	4	0	0
7	77000001	1.06233	1.01314	4	0	0
7	77500001	0.984229	1.01314	4	0	0
7	78000001	1.00367	1.01314	4	0	0
7	78500001	1.01177	1.01314	4	0	0
7	79000001	1.00797	1.01314	4	0	0
7	79500001	1.05334	1.01314	4	0	0
7	80000001	1.02923	1.01314	4	0	0
7	80500001	1.07049	1.01314	4	0	0
7	81000001	1.09239	1.01314	4	0	0
7	81500001	1.0037	1.01314	4	0	0
7	82000001	0.991234	1.01314	4	0	0
7	82500001	1.00226	1.01314	4	0	0
7	83000001	1.01917	1.01314	4	0	0
7	83500001	1.04667	1.01314	4	0	0
7	84000001	1.10775	1.01314	4	0	0
7	84500001	1.13358	1.01314	4	0	0
7	85000001	1.10437	1.01314	4	0	0
7	85500001	1.01938	1.01314	4	0	0
7	86000001	0.972277	1.01314	4	0	0
7	86500001	0.966126	1.01314	4	0	0
7	87000001	0.965587	1.01314	4	0	0
7	87500001	0.982959	1.01314	4	0	0
7	88000001	1.00644	1.01314	4	0	0
7	88500001	0.943796	1.01314	4	0	0
7	89000001	0.962484	1.01314	4	0	0
7	89500001	1.00703	1.01314	4	0	0
7	90000001	1.01829	1.01314	4	0	0
7	90500001	1.0195	1.01314	4	0	0
7	91000001	1.04255	1.01314	4	0	0
7	91500001	1.02764	1.01314	4	0	0
7	92000001	1.04571	1.01314	4	0	0
7	92500001	1.06166	1.01314	4	0	0
7	93000001	1.06148	1.01314	4	0	0
7	93500001	1.03947	1.01314	4	0	0
7	94000001	1.03689	1.01314	4	0	0
7	94500001	1.02788	1.01314	4	0	0
7	95000001	0.962978	1.01314	4	0	0
7	95500001	0.948743	1.01314	4	0	0
7	96000001	0.980413	1.01314	4	0	0
7	96500001	0.965984	1.01314	4	0	0
7	97000001	0.933985	1.01314	4	0	0
7	97500001	0.985503	1.01314	4	0	0
7	98000001	0.941578	1.01314	4	0	0
7	98500001	0.947698	1.01314	4	0	0
7	99000001	1.05849	1.01314	4	0	0
7	99500001	1.04317	1.01314	4	0	0
7	100000001	0.966735	1.01314	4	0	0
7	100500001	1.0294	1.01314	4	0	0
7	101000001	0.970386	1.01314	4	0	0
7	101500001	0.976866	1.01314	4	0	0
7	102000001	1.08735	1.01314	4	0	0
7	102500001	1.65728	1.65728	7	0	0
7	103000001	1.02542	0.968676	4	0	0
7	103500001	1.01702	0.968676	4	0	0
7	104000001	1.01044	0.968676	4	0	0
7	104500001	1.01156	0.968676	4	0	0
7	105000001	1.02426	0.968676	4	0	0
7	105500001	0.979003	0.968676	4	0	0
7	106000001	1.04606	0.968676	4	0	0
7	106500001	0.952393	0.968676	4	0	0
7	107000001	0.962658	0.968676	4	0	0
7	107500001	1.00239	0.968676	4	0	0
7	108000001	1.02488	0.968676	4	0	0
7	108500001	0.922265	0.968676	4	0	0
7	109000001	0.986385	0.968676	4	0	0
7	109500001	0.991434	0.968676	4	0	0
7	110000001	1.03721	0.968676	4	0	0
7	110500001	0.964024	0.968676	4	0	0
7	111000001	0.688451	0.968676	4	0	0
7	111500001	0.625395	0.968676	4	0	0
7	112000001	1.00198	0.968676	4	0	0
7	112500001	0.985786	0.968676	4	0	0
7	113000001	0.962251	0.968676	4	0	0
7	113500001	0.935689	0.968676	4	0	0
7	114000001	0.965975	0.968676	4	0	0
7	114500001	0.987136	0.968676	4	0	0
7	115000001	0.965938	0.968676	4	0	0
7	115500001	1.01108	0.968676	4	0	0
7	116000001	1.10021	0.968676	4	0	0
7	116500001	1.02749	0.968676	4	0	0
7	117000001	1.00951	0.968676	4	0	0
7	117500001	0.928631	0.968676	4	0	0
7	118000001	0.906329	0.968676	4	0	0
7	118500001	0.955759	0.968676	4	0	0
7	119000001	0.958522	0.968676	4	0	0
7	119500001	0.961286	0.968676	4	0	0
7	120000001	0.967051	0.968676	4	0	0
7	120500001	0.993396	0.968676	4	0	0
7	121000001	1.09314	0.968676	4	0	0
7	121500001	1.01756	0.968676	4	0	0
7	122000001	0.951589	0.968676	4	0	0
7	122500001	0.867723	0.968676	4	0	0
7	123000001	0.950591	0.968676	4	0	0
7	123500001	0.995054	0.968676	4	0	0
7	124000001	0.94182	0.968676	4	0	0
7	124500001	0.926858	0.968676	4	0	0
7	125000001	1.01191	0.968676	4	0	0
7	125500001	0.923125	0.968676	4	0	0
7	126000001	0.931368	0.968676	4	0	0
7	126500001	1.01479	0.968676	4	0	0
7	127000001	0.956233	0.968676	4	0	0
7	127500001	0.953777	0.968676	4	0	0
7	128000001	1.002	0.968676	4	0	0
7	128500001	1.01179	0.968676	4	0	0
7	129000001	1.0001	0.968676	4	0	0
7	129500001	0.996347	0.968676	4	0	0
7	130000001	1.00448	0.968676	4	0	0
7	130500001	1.00591	0.968676	4	0	0
7	131000001	1.01354	0.968676	4	0	0
7	131500001	0.918503	0.968676	4	0	0
7	132000001	1.01838	0.968676	4	0	0
7	132500001	0.970302	0.968676	4	0	0
7	133000001	0.953904	0.968676	4	0	0
7	133500001	0.954052	0.968676	4	0	0
7	134000001	0.956048	0.968676	4	0	0
7	134500001	0.995468	0.968676	4	0	0
7	135000001	0.999912	0.968676	4	0	0
7	135500001	0.976387	0.968676	4	0	0
7	136000001	0.947533	0.968676	4	0	0
7	136500001	0.898684	0.968676	4	0	0
7	137000001	0.904432	0.968676	4	0	0
7	137500001	0.887688	0.968676	4	0	0
7	138000001	0.923001	0.968676	4	0	0
7	138500001	0.914046	0.968676	4	0	0
7	139000001	0.970534	0.968676	4	0	0
7	139500001	0.93156	0.968676	4	0	0
7	140000001	0.898403	0.968676	4	0	0
7	140500001	0.983094	0.968676	4	0	0
7	141000001	0.899637	0.968676	4	0	0
7	141500001	0.913077	0.968676	4	0	0
7	142000001	0.439106	0.459187	2	0	0
7	142500001	0.463945	0.459187	2	0	0
7	143000001	0.477233	0.459187	2	0	0
7	143500001	0.45006	0.459187	2	0	0
7	144000001	0.602092	0.459187	2	0	0
7	144500001	0.459187	0.459187	2	0	0
7	145000001	0.443884	0.459187	2	0	0
7	145500001	0.458645	0.459187	2	0	0
7	146000001	0.448722	0.459187	2	0	0
7	146500001	0.454398	0.459187	2	0	0
7	147000001	0.480652	0.459187	2	0	0
7	147500001	0.456106	0.459187	2	0	0
7	148000001	0.43776	0.459187	2	0	0
7	148500001	0.450571	0.459187	2	0	0
7	149000001	0.473394	0.459187	2	0	0
7	149500001	0.476862	0.459187	2	0	0
7	150000001	0.46578	0.459187	2	0	0
7	150500001	0.464188	0.459187	2	0	0
7	151000001	0.472752	0.459187	2	0	0
7	151500001	0.436541	0.459187	2	0	0
7	152000001	0.541976	0.459187	2	0	0
7	152500001	0.449184	0.459187	2	0	0
7	153000001	0.44747	0.459187	2	0	0
7	153500001	0.461428	0.459187	2	0	0
7	154000001	0.593697	0.459187	2	0	0
7	154500001	0.883456	0.892731	4	0	0
7	155000001	0.902006	0.892731	4	0	0
7	155500001	0.948634	0.892731	4	0	0
7	156000001	0.681444	0.892731	4	0	0
7	156500001	0.516048	0.483962	2	0	0
7	157000001	0.497337	0.483962	2	0	0
7	157500001	0.463268	0.483962	2	0	0
7	158000001	0.480883	0.483962	2	0	0
7	158500001	0.487042	0.483962	2	0	0
7	159000001	0.327038	0.483962	2	0	0
8	1	0.821895	0.922314	4	0	0
8	500001	0.903104	0.922314	4	0	0
8	1000001	0.819369	0.922314	4	0	0
8	1500001	0.926053	0.922314	4	0	0
8	2000001	0.906729	0.922314	4	0	0
8	2500001	0.973721	0.922314	4	0	0
8	3000001	0.94204	0.922314	4	0	0
8	3500001	0.840268	0.922314	4	0	0
8	4000001	0.928085	0.922314	4	0	0
8	4500001	0.883092	0.922314	4	0	0
8	5000001	0.910043	0.922314	4	0	0
8	5500001	0.918575	0.922314	4	0	0
8	6000001	0.939217	0.922314	4	0	0
8	6500001	1.0297	0.922314	4	0	0
8	7000001	0.723498	0.922314	4	0	0
8	7500001	0.65394	0.922314	4	0	0
8	8000001	0.625234	0.922314	4	0	0
8	8500001	1.04057	0.922314	4	0	0
8	9000001	1.00074	0.922314	4	0	0
8	9500001	1.00652	0.922314	4	0	0
8	10000001	0.984395	0.922314	4	0	0
8	10500001	1.034	0.922314	4	0	0
8	11000001	0.972446	0.922314	4	0	0
8	11500001	1.00818	0.922314	4	0	0
8	12000001	0.705813	0.922314	4	0	0
8	12500001	0.739397	0.922314	4	0	0
8	13000001	0.483619	0.514447	2	0	0
8	13500001	0.502276	0.514447	2	0	0
8	14000001	0.853817	0.514447	2	0	0
8	14500001	0.499708	0.514447	2	0	0
8	15000001	0.500672	0.514447	2	0	0
8	15500001	0.50872	0.514447	2	0	0
8	16000001	0.509471	0.514447	2	0	0
8	16500001	0.529902	0.514447	2	0	0
8	17000001	0.526117	0.514447	2	0	0
8	17500001	0.54352	0.514447	2	0	0
8	18000001	0.539732	0.514447	2	0	0
8	18500001	0.534204	0.514447	2	0	0
8	19000001	0.511219	0.514447	2	0	0
8	19500001	0.541699	0.514447	2	0	0
8	20000001	0.46144	0.514447	2	0	0
8	20500001	0.470231	0.514447	2	0	0
8	21000001	0.449022	0.514447	2	0	0
8	21500001	0.493354	0.514447	2	0	0
8	22000001	0.539101	0.514447	2	0	0
8	22500001	0.487012	0.514447	2	0	0
8	23000001	0.531738	0.514447	2	0	0
8	23500001	0.493199	0.514447	2	0	0
8	24000001	0.490516	0.514447	2	0	0
8	24500001	0.577262	0.514447	2	0	0
8	25000001	0.488108	0.514447	2	0	0
8	25500001	0.514447	0.514447	2	0	0
8	26000001	0.551414	0.514447	2	0	0
8	26500001	0.49977	0.514447	2	0	0
8	27000001	0.529368	0.514447	2	0	0
8	27500001	0.519373	0.514447	2	0	0
8	28000001	0.524859	0.514447	2	0	0
8	28500001	0.522925	0.514447	2	0	0
8	29000001	0.546939	0.514447	2	0	0
8	29500001	0.530074	0.514447	2	0	0
8	30000001	0.516454	0.514447	2	0	0
8	30500001	0.508075	0.514447	2	0	0
8	31000001	0.504547	0.514447	2	0	0
8	31500001	0.987125	0.992968	4	0	0
8	32000001	1.01795	0.992968	4	0	0
8	32500001	1.03792	0.992968	4	0	0
8	33000001	0.99711	0.992968	4	0	0
8	33500001	0.995385	0.992968	4	0	0
8	34000001	0.953558	0.992968	4	0	0
8	34500001	0.927853	0.992968	4	0	0
8	35000001	0.951869	0.992968	4	0	0
8	35500001	0.957381	0.992968	4	0	0
8	36000001	0.998969	0.992968	4	0	0
8	36500001	1.04949	0.992968	4	0	0
8	37000001	1.02358	0.992968	4	0	0
8	37500001	1.00318	0.992968	4	0	0
8	38000001	0.97867	0.992968	4	0	0
8	38500001	1.03606	0.992968	4	0	0
8	39000001	1.04607	0.992968	4	0	0
8	39500001	1.07929	0.992968	4	0	0
8	40000001	1.03174	0.992968	4	0	0
8	40500001	1.02872	0.992968	4	0	0
8	41000001	0.993763	0.992968	4	0	0
8	41500001	1.06876	0.992968	4	0	0
8	42000001	1.02659	0.992968	4	0	0
8	42500001	0.971016	0.992968	4	0	0
8	43000001	1.04154	0.992968	4	0	0
8	43500001	0.946357	0.992968	4	0	0
8	44000001	1.15322	0.992968	4	0	0
8	44500001	1.15178	0.992968	4	0	0
8	45000001	0.958419	0.992968	4	0	0
8	45500001	0.932228	0.992968	4	0	0
8	46000001	0.933657	0.992968	4	0	0
8	46500001	0.954672	0.992968	4	0	0
8	47000001	0.984624	0.992968	4	0	0
8	47500001	1.01914	0.992968	4	0	0
8	48000001	1.07646	0.992968	4	0	0
8	48500001	1.04238	0.992968	4	0	0
8	49000001	1.07593	0.992968	4	0	0
8	49500001	0.985706	0.992968	4	0	0
8	50000001	0.985915	0.992968	4	0	0
8	50500001	0.986589	0.992968	4	0	0
8	51000001	0.963867	0.992968	4	0	0
8	51500001	1.01571	0.992968	4	0	0
8	52000001	0.990253	0.992968	4	0	0
8	52500001	1.04232	0.992968	4	0	0
8	53000001	1.00868	0.992968	4	0	0
8	53500001	1.00178	0.992968	4	0	0
8	54000001	1.00043	0.992968	4	0	0
8	54500001	0.949512	0.992968	4	0	0
8	55000001	0.965488	0.992968	4	0	0
8	55500001	0.992173	0.992968	4	0	0
8	56000001	0.966513	0.992968	4	0	0
8	56500001	0.88359	0.992968	4	0	0
8	57000001	0.953339	0.992968	4	0	0
8	57500001	0.941183	0.992968	4	0	0
8	58000001	0.991135	0.992968	4	0	0
8	58500001	0.98967	0.992968	4	0	0
8	59000001	1.06086	0.992968	4	0	0
8	59500001	1.07579	0.992968	4	0	0
8	60000001	0.97879	0.992968	4	0	0
8	60500001	0.954149	0.992968	4	0	0
8	61000001	1.00832	0.992968	4	0	0
8	61500001	1.03159	0.992968	4	0	0
8	62000001	0.972514	0.992968	4	0	0
8	62500001	0.954791	0.992968	4	0	0
8	63000001	0.893285	0.992968	4	0	0
8	63500001	0.949727	0.992968	4	0	0
8	64000001	0.92631	0.992968	4	0	0
8	64500001	1.01213	0.992968	4	0	0
8	65000001	0.955174	0.992968	4	0	0
8	65500001	0.994092	0.992968	4	0	0
8	66000001	1.06885	0.992968	4	0	0
8	66500001	1.05626	0.992968	4	0	0
8	67000001	1.01281	0.992968	4	0	0
8	67500001	0.919022	0.992968	4	0	0
8	68000001	0.913245	0.992968	4	0	0
8	68500001	0.943368	0.992968	4	0	0
8	69000001	0.938344	0.992968	4	0	0
8	69500001	0.936908	0.992968	4	0	0
8	70000001	0.91691	0.992968	4	0	0
8	70500001	0.945614	0.992968	4	0	0
8	71000001	0.886913	0.992968	4	0	0
8	71500001	0.911786	0.992968	4	0	0
8	72000001	0.8937	0.992968	4	0	0
8	72500001	0.921094	0.992968	4	0	0
8	73000001	0.99745	0.992968	4	0	0
8	73500001	1.00038	0.992968	4	0	0
8	74000001	0.958674	0.992968	4	0	0
8	74500001	0.935875	0.992968	4	0	0
8	75000001	0.997622	0.992968	4	0	0
8	75500001	1.01654	0.992968	4	0	0
8	76000001	1.01136	0.992968	4	0	0
8	76500001	0.984492	0.992968	4	0	0
8	77000001	1.02643	0.992968	4	0	0
8	77500001	1.01402	0.992968	4	0	0
8	78000001	1.00171	0.992968	4	0	0
8	78500001	1.00543	0.992968	4	0	0
8	79000001	1.03519	0.992968	4	0	0
8	79500001	1.024	0.992968	4	0	0
8	80000001	1.00859	0.992968	4	0	0
8	80500001	1.0254	0.992968	4	0	0
8	81000001	0.997798	0.992968	4	0	0
8	81500001	0.995648	0.992968	4	0	0
8	82000001	0.947226	0.992968	4	0	0
8	82500001	0.933503	0.992968	4	0	0
8	83000001	0.999496	0.992968	4	0	0
8	83500001	1.01119	0.992968	4	0	0
8	84000001	0.923687	0.992968	4	0	0
8	84500001	0.958625	0.992968	4	0	0
8	85000001	0.973583	0.992968	4	0	0
8	85500001	2.48424	2.48424	10	0	0
8	86000001	0.943738	0.968474	4	0	0
8	86500001	0.924033	0.968474	4	0	0
8	87000001	0.927475	0.968474	4	0	0
8	87500001	0.926505	0.968474	4	0	0
8	88000001	0.972538	0.968474	4	0	0
8	88500001	1.02971	0.968474	4	0	0
8	89000001	1.02573	0.968474	4	0	0
8	89500001	1.12009	0.968474	4	0	0
8	90000001	1.06986	0.968474	4	0	0
8	90500001	1.04703	0.968474	4	0	0
8	91000001	0.941046	0.968474	4	0	0
8	91500001	0.922257	0.968474	4	0	0
8	92000001	0.89368	0.968474	4	0	0
8	92500001	0.934748	0.968474	4	0	0
8	93000001	0.890387	0.968474	4	0	0
8	93500001	1.00081	0.968474	4	0	0
8	94000001	0.964411	0.968474	4	0	0
8	94500001	1.0387	0.968474	4	0	0
8	95000001	1.02733	0.968474	4	0	0
8	95500001	0.982515	0.968474	4	0	0
8	96000001	1.15705	1.24984	5	0	0
8	96500001	1.3815	1.24984	5	0	0
8	97000001	1.41528	1.24984	5	0	0
8	97500001	1.13718	1.24984	5	0	0
8	98000001	1.01057	1.24984	5	0	0
8	98500001	1.05336	1.24984	5	0	0
8	99000001	1.11709	1.24984	5	0	0
8	99500001	1.27491	1.24984	5	0	0
8	100000001	1.45499	1.24984	5	0	0
8	100500001	1.28941	1.24984	5	0	0
8	101000001	1.42528	1.24984	5	0	0
8	101500001	1.5341	1.24984	5	0	0
8	102000001	1.40796	1.24984	5	0	0
8	102500001	1.25409	1.24984	5	0	0
8	103000001	1.23558	1.24984	5	0	0
8	103500001	1.2456	1.24984	5	0	0
8	104000001	1.13602	1.24984	5	0	0
8	104500001	1.15414	1.24984	5	0	0
8	105000001	1.78517	1.88332	8	0	0
8	105500001	1.97211	1.88332	8	0	0
8	106000001	2.06547	1.88332	8	0	0
8	106500001	2.06705	1.88332	8	0	0
8	107000001	1.94405	1.88332	8	0	0
8	107500001	1.86075	1.88332	8	0	0
8	108000001	1.84882	1.88332	8	0	0
8	108500001	1.84555	1.88332	8	0	0
8	109000001	1.8896	1.88332	8	0	0
8	109500001	1.84464	1.88332	8	0	0
8	110000001	1.83843	1.88332	8	0	0
8	110500001	1.85962	1.88332	8	0	0
8	111000001	1.82797	1.88332	8	0	0
8	111500001	1.93625	1.88332	8	0	0
8	112000001	1.867	1.88332	8	0	0
8	112500001	1.88332	1.88332	8	0	0
8	113000001	1.86737	1.88332	8	0	0
8	113500001	1.95165	1.88332	8	0	0
8	114000001	1.9434	1.88332	8	0	0
8	114500001	2.01802	1.88332	8	0	0
8	115000001	1.99229	1.88332	8	0	0
8	115500001	2.58537	2.57435	10	0	0
8	116000001	2.50273	2.57435	10	0	0
8	116500001	2.35301	2.57435	10	0	0
8	117000001	2.55509	2.57435	10	0	0
8	117500001	2.58407	2.57435	10	0	0
8	118000001	2.57779	2.57435	10	0	0
8	118500001	2.57091	2.57435	10	0	0
8	119000001	2.83523	2.57435	10	0	0
8	119500001	3.4876	3.4876	14	0	0
8	120000001	3.49443	3.4876	14	0	0
8	120500001	3.17696	3.4876	14	0	0
8	121000001	2.5435	2.70092	11	0	0
8	121500001	2.50993	2.70092	11	0	0
8	122000001	2.63828	2.70092	11	0	0
8	122500001	2.56396	2.70092	11	0	0
8	123000001	2.60761	2.70092	11	0	0
8	123500001	2.69306	2.70092	11	0	0
8	124000001	2.67774	2.70092	11	0	0
8	124500001	2.77259	2.70092	11	0	0
8	125000001	2.80864	2.70092	11	0	0
8	125500001	2.81629	2.70092	11	0	0
8	126000001	2.76386	2.70092	11	0	0
8	126500001	2.85436	2.70092	11	0	0
8	127000001	2.92523	2.70092	11	0	0
8	127500001	2.79906	2.70092	11	0	0
8	128000001	2.82496	2.70092	11	0	0
8	128500001	2.75044	2.70092	11	0	0
8	129000001	2.70878	2.70092	11	0	0
8	129500001	2.88431	2.70092	11	0	0
8	130000001	2.87382	2.70092	11	0	0
8	130500001	2.85487	2.70092	11	0	0
8	131000001	2.68284	2.70092	11	0	0
8	131500001	2.57713	2.70092	11	0	0
8	132000001	2.50253	2.70092	11	0	0
8	132500001	2.68696	2.70092	11	0	0
8	133000001	2.72514	2.70092	11	0	0
8	133500001	2.66767	2.70092	11	0	0
8	134000001	2.6327	2.70092	11	0	0
8	134500001	2.60813	2.70092	11	0	0
8	135000001	2.45501	2.45684	10	0	0
8	135500001	2.45471	2.45684	10	0	0
8	136000001	2.49759	2.45684	10	0	0
8	136500001	2.50834	2.45684	10	0	0
8	137000001	2.45684	2.45684	10	0	0
8	137500001	2.40638	2.45684	10	0	0
8	138000001	2.37988	2.45684	10	0	0
8	138500001	2.37879	2.45684	10	0	0
8	139000001	2.50817	2.45684	10	0	0
8	139500001	2.59645	2.45684	10	0	0
8	140000001	2.55017	2.45684	10	0	0
8	140500001	2.96255	2.45684	10	0	0
8	141000001	2.29971	2.45684	10	0	0
8	141500001	1.87748	1.91208	8	0	0
8	142000001	1.88136	1.91208	8	0	0
8	142500001	1.91208	1.91208	8	0	0
8	143000001	1.88556	1.91208	8	0	0
8	143500001	2.03618	1.91208	8	0	0
8	144000001	2.09885	1.91208	8	0	0
8	144500001	1.9488	1.91208	8	0	0
8	145000001	-1	-1	-1	0	0
9	1	0.590528	0.501068	2	0	0
9	500001	0.502879	0.501068	2	0	0
9	1000001	0.491038	0.501068	2	0	0
9	1500001	0.456458	0.501068	2	0	0
9	2000001	0.489055	0.501068	2	0	0
9	2500001	0.490731	0.501068	2	0	0
9	3000001	0.460699	0.501068	2	0	0
9	3500001	0.52764	0.501068	2	0	0
9	4000001	0.501068	0.501068	2	0	0
9	4500001	0.532901	0.501068	2	0	0
9	5000001	0.539785	0.501068	2	0	0
9	5500001	0.554427	0.501068	2	0	0
9	6000001	0.526926	0.501068	2	0	0
9	6500001	0.483861	0.501068	2	0	0
9	7000001	0.470293	0.501068	2	0	0
9	7500001	0.468628	0.501068	2	0	0
9	8000001	0.47135	0.501068	2	0	0
9	8500001	0.438578	0.501068	2	0	0
9	9000001	0.464966	0.501068	2	0	0
9	9500001	0.504163	0.501068	2	0	0
9	10000001	0.444767	0.501068	2	0	0
9	10500001	0.469938	0.501068	2	0	0
9	11000001	0.468804	0.501068	2	0	0
9	11500001	0.46988	0.501068	2	0	0
9	12000001	0.509696	0.501068	2	0	0
9	12500001	0.540659	0.501068	2	0	0
9	13000001	0.552925	0.501068	2	0	0
9	13500001	0.519847	0.501068	2	0	0
9	14000001	0.52388	0.501068	2	0	0
9	14500001	0.509109	0.501068	2	0	0
9	15000001	0.464687	0.501068	2	0	0
9	15500001	0.456654	0.501068	2	0	0
9	16000001	0.484076	0.501068	2	0	0
9	16500001	0.467954	0.501068	2	0	0
9	17000001	0.429451	0.501068	2	0	0
9	17500001	0.151214	0.501068	2	0	0
9	18000001	0.514243	0.501068	2	0	0
9	18500001	0.51831	0.501068	2	0	0
9	19000001	0.514142	0.501068	2	0	0
9	19500001	0.509865	0.501068	2	0	0
9	20000001	0.529885	0.501068	2	0	0
9	20500001	0.506979	0.501068	2	0	0
9	21000001	0.567921	0.501068	2	0	0
9	21500001	0.429338	0.501068	2	0	0
9	22000001	0.506618	0.501068	2	0	0
9	22500001	0.49811	0.501068	2	0	0
9	23000001	0.506396	0.501068	2	0	0
9	23500001	0.47757	0.501068	2	0	0
9	24000001	0.481573	0.501068	2	0	0
9	24500001	0.501249	0.501068	2	0	0
9	25000001	0.480913	0.501068	2	0	0
9	25500001	0.517571	0.501068	2	0	0
9	26000001	0.475134	0.501068	2	0	0
9	26500001	0.504768	0.501068	2	0	0
9	27000001	0.5191	0.501068	2	0	0
9	27500001	0.481028	0.501068	2	0	0
9	28000001	0.497004	0.501068	2	0	0
9	28500001	0.506489	0.501068	2	0	0
9	29000001	0.526046	0.501068	2	0	0
9	29500001	1.03618	1.03881	4	0	0
9	30000001	1.00033	1.03881	4	0	0
9	30500001	0.967755	1.03881	4	0	0
9	31000001	1.05808	1.03881	4	0	0
9	31500001	1.03298	1.03881	4	0	0
9	32000001	1.03149	1.03881	4	0	0
9	32500001	1.02882	1.03881	4	0	0
9	33000001	1.08974	1.03881	4	0	0
9	33500001	1.04144	1.03881	4	0	0
9	34000001	1.02456	1.03881	4	0	0
9	34500001	1.07105	1.03881	4	0	0
9	35000001	1.06065	1.03881	4	0	0
9	35500001	1.02855	1.03881	4	0	0
9	36000001	1.04331	1.03881	4	0	0
9	36500001	1.06463	1.03881	4	0	0
9	37000001	1.03136	1.03881	4	0	0
9	37500001	1.04268	1.03881	4	0	0
9	38000001	0.997305	1.03881	4	0	0
9	38500001	1.11749	1.03881	4	0	0
9	39000001	1.09786	1.03881	4	0	0
9	39500001	1.25036	1.03881	4	0	0
9	40000001	0.939257	1.03881	4	0	0
9	40500001	1.32396	1.38458	6	0	0
9	41000001	1.47472	1.38458	6	0	0
9	41500001	1.38458	1.38458	6	0	0
9	42000001	1.00812	1.00812	4	0	0
9	42500001	0.822645	1.00812	4	0	0
9	43000001	1.22014	1.00812	4	0	0
9	43500001	2.34196	2.34196	9	0	0
9	44000001	1.77425	1.77425	7	0	0
9	44500001	1.23176	1.23176	5	0	0
9	45000001	0.866691	0.974047	4	0	0
9	45500001	-1	0.974047	4	0	0
9	46000001	-1	0.974047	4	0	0
9	46500001	-1	0.974047	4	0	0
9	47000001	-1	0.974047	4	0	0
9	47500001	-1	0.974047	4	0	0
9	48000001	-1	0.974047	4	0	0
9	48500001	-1	0.974047	4	0	0
9	49000001	-1	0.974047	4	0	0
9	49500001	-1	0.974047	4	0	0
9	50000001	-1	0.974047	4	0	0
9	50500001	-1	0.974047	4	0	0
9	51000001	-1	0.974047	4	0	0
9	51500001	-1	0.974047	4	0	0
9	52000001	-1	0.974047	4	0	0
9	52500001	-1	0.974047	4	0	0
9	53000001	-1	0.974047	4	0	0
9	53500001	-1	0.974047	4	0	0
9	54000001	-1	0.974047	4	0	0
9	54500001	-1	0.974047	4	0	0
9	55000001	-1	0.974047	4	0	0
9	55500001	-1	0.974047	4	0	0
9	56000001	-1	0.974047	4	0	0
9	56500001	-1	0.974047	4	0	0
9	57000001	-1	0.974047	4	0	0
9	57500001	-1	0.974047	4	0	0
9	58000001	-1	0.974047	4	0	0
9	58500001	-1	0.974047	4	0	0
9	59000001	-1	0.974047	4	0	0
9	59500001	-1	0.974047	4	0	0
9	60000001	-1	0.974047	4	0	0
9	60500001	-1	0.974047	4	0	0
9	61000001	-1	0.974047	4	0	0
9	61500001	0.908239	0.974047	4	0	0
9	62000001	-1	0.974047	4	0	0
9	62500001	-1	0.974047	4	0	0
9	63000001	0.822519	0.974047	4	0	0
9	63500001	-1	0.974047	4	0	0
9	64000001	-1	0.974047	4	0	0
9	64500001	0.811283	0.974047	4	0	0
9	65000001	-1	0.974047	4	0	0
9	65500001	1.05493	0.974047	4	0	0
9	66000001	-1	0.974047	4	0	0
9	66500001	-1	0.974047	4	0	0
9	67000001	1.09064	0.974047	4	0	0
9	67500001	-1	0.974047	4	0	0
9	68000001	-1	0.974047	4	0	0
9	68500001	0.973347	0.974047	4	0	0
9	69000001	0.958481	0.974047	4	0	0
9	69500001	1.02368	0.974047	4	0	0
9	70000001	1.02698	0.974047	4	0	0
9	70500001	0.95574	0.974047	4	0	0
9	71000001	1.01177	0.974047	4	0	0
9	71500001	1.01084	0.974047	4	0	0
9	72000001	1.06914	0.974047	4	0	0
9	72500001	1.11291	0.974047	4	0	0
9	73000001	1.06944	0.974047	4	0	0
9	73500001	1.06293	0.974047	4	0	0
9	74000001	1.02361	0.974047	4	0	0
9	74500001	0.9866	0.974047	4	0	0
9	75000001	0.979704	0.974047	4	0	0
9	75500001	0.973898	0.974047	4	0	0
9	76000001	1.00119	0.974047	4	0	0
9	76500001	0.971445	0.974047	4	0	0
9	77000001	0.997597	0.974047	4	0	0
9	77500001	1.01632	0.974047	4	0	0
9	78000001	1.00503	0.974047	4	0	0
9	78500001	1.01562	0.974047	4	0	0
9	79000001	0.971319	0.974047	4	0	0
9	79500001	0.923543	0.974047	4	0	0
9	80000001	0.981927	0.974047	4	0	0
9	80500001	0.958356	0.974047	4	0	0
9	81000001	0.978807	0.974047	4	0	0
9	81500001	0.880091	0.974047	4	0	0
9	82000001	0.938672	0.974047	4	0	0
9	82500001	0.946404	0.974047	4	0	0
9	83000001	0.975954	0.974047	4	0	0
9	83500001	0.935513	0.974047	4	0	0
9	84000001	0.905217	0.974047	4	0	0
9	84500001	0.938087	0.974047	4	0	0
9	85000001	0.96739	0.974047	4	0	0
9	85500001	0.995155	0.974047	4	0	0
9	86000001	0.920348	0.974047	4	0	0
9	86500001	0.937817	0.974047	4	0	0
9	87000001	0.938982	0.974047	4	0	0
9	87500001	0.987426	0.974047	4	0	0
9	88000001	0.91118	0.974047	4	0	0
9	88500001	0.966141	0.974047	4	0	0
9	89000001	0.940882	0.974047	4	0	0
9	89500001	0.880089	0.974047	4	0	0
9	90000001	0.936748	0.974047	4	0	0
9	90500001	0.971383	0.974047	4	0	0
9	91000001	1.00504	0.974047	4	0	0
9	91500001	0.979384	0.974047	4	0	0
9	92000001	1.05604	0.974047	4	0	0
9	92500001	0.974654	0.974047	4	0	0
9	93000001	0.969077	0.974047	4	0	0
9	93500001	0.905463	0.974047	4	0	0
9	94000001	0.974007	0.974047	4	0	0
9	94500001	1.03694	0.974047	4	0	0
9	95000001	0.977586	0.974047	4	0	0
9	95500001	1.00986	0.974047	4	0	0
9	96000001	0.958659	0.974047	4	0	0
9	96500001	1.02334	0.974047	4	0	0
9	97000001	1.0181	0.974047	4	0	0
9	97500001	0.961473	0.974047	4	0	0
9	98000001	1.0241	0.974047	4	0	0
9	98500001	1.00955	0.974047	4	0	0
9	99000001	0.937081	0.974047	4	0	0
9	99500001	0.900841	0.974047	4	0	0
9	100000001	0.917133	0.974047	4	0	0
9	100500001	0.958744	0.974047	4	0	0
9	101000001	0.956748	0.974047	4	0	0
9	101500001	0.940264	0.974047	4	0	0
9	102000001	0.941049	0.974047	4	0	0
9	102500001	0.910182	0.974047	4	0	0
9	103000001	0.8924	0.974047	4	0	0
9	103500001	0.915442	0.974047	4	0	0
9	104000001	0.922393	0.974047	4	0	0
9	104500001	0.959439	0.974047	4	0	0
9	105000001	0.998299	0.974047	4	0	0
9	105500001	0.960119	0.974047	4	0	0
9	106000001	0.959704	0.974047	4	0	0
9	106500001	0.982857	0.974047	4	0	0
9	107000001	1.01537	0.974047	4	0	0
9	107500001	0.974047	0.974047	4	0	0
9	108000001	0.991987	0.974047	4	0	0
9	108500001	1.01106	0.974047	4	0	0
9	109000001	1.0104	0.974047	4	0	0
9	109500001	0.999704	0.974047	4	0	0
9	110000001	1.0437	0.974047	4	0	0
9	110500001	1.03036	0.974047	4	0	0
9	111000001	0.987998	0.974047	4	0	0
9	111500001	1.01398	0.974047	4	0	0
9	112000001	1.02011	0.974047	4	0	0
9	112500001	1.01537	0.974047	4	0	0
9	113000001	0.997973	0.974047	4	0	0
9	113500001	1.01527	0.974047	4	0	0
9	114000001	0.985119	0.974047	4	0	0
9	114500001	0.968823	0.974047	4	0	0
9	115000001	0.987198	0.974047	4	0	0
9	115500001	1.08539	0.974047	4	0	0
9	116000001	0.986762	0.974047	4	0	0
9	116500001	0.947671	0.974047	4	0	0
9	117000001	0.884753	0.974047	4	0	0
9	117500001	0.887126	0.974047	4	0	0
9	118000001	0.885511	0.974047	4	0	0
9	118500001	0.887807	0.974047	4	0	0
9	119000001	0.837283	0.974047	4	0	0
9	119500001	0.858792	0.974047	4	0	0
9	120000001	1.00127	0.974047	4	0	0
9	120500001	0.98138	0.974047	4	0	0
9	121000001	0.544267	0.515009	2	0	0
9	121500001	0.48575	0.515009	2	0	0
9	122000001	0.847397	0.977021	4	0	0
9	122500001	0.946336	0.977021	4	0	0
9	123000001	1.00665	0.977021	4	0	0
9	123500001	1.00782	0.977021	4	0	0
9	124000001	0.956603	0.977021	4	0	0
9	124500001	1.00339	0.977021	4	0	0
9	125000001	0.974067	0.977021	4	0	0
9	125500001	0.993325	0.977021	4	0	0
9	126000001	0.958212	0.977021	4	0	0
9	126500001	0.980704	0.977021	4	0	0
9	127000001	1.01734	0.977021	4	0	0
9	127500001	1.01888	0.977021	4	0	0
9	128000001	0.955624	0.977021	4	0	0
9	128500001	0.948395	0.977021	4	0	0
9	129000001	0.985697	0.977021	4	0	0
9	129500001	0.949502	0.977021	4	0	0
9	130000001	1.00611	0.977021	4	0	0
9	130500001	0.991302	0.977021	4	0	0
9	131000001	0.93853	0.977021	4	0	0
9	131500001	0.940483	0.977021	4	0	0
9	132000001	0.95557	0.977021	4	0	0
9	132500001	0.937358	0.977021	4	0	0
9	133000001	0.947568	0.977021	4	0	0
9	133500001	0.958761	0.977021	4	0	0
9	134000001	0.981717	0.977021	4	0	0
9	134500001	0.979975	0.977021	4	0	0
9	135000001	0.912851	0.977021	4	0	0
9	135500001	0.955758	0.977021	4	0	0
9	136000001	1.01017	0.977021	4	0	0
9	136500001	0.98723	0.977021	4	0	0
9	137000001	1.01173	0.977021	4	0	0
9	137500001	0.998493	0.977021	4	0	0
9	138000001	-1	-1	-1	0	0
GL000008.2	1	0.580023	0.580023	2	0	0
GL000009.2	1	0.262396	0.262396	1	0	0
GL000194.1	1	0.558855	0.558855	2	0	0
GL000195.1	1	0.390305	0.390305	2	0	0
GL000205.2	1	0.611584	0.611584	2	0	0
GL000208.1	1	0.936047	0.936047	4	0	0
GL000213.1	1	0.17148	0.17148	1	0	0
GL000214.1	1	1.19774	1.19774	5	0	0
GL000216.2	1	1.01373	1.01373	4	0	0
GL000218.1	1	0.289173	0.289173	1	0	0
GL000219.1	1	0.485918	0.485918	2	0	0
GL000220.1	1	1.60826	1.60826	6	0	0
GL000221.1	1	0.494979	0.494979	2	0	0
GL000224.1	1	1.39118	1.39118	6	0	0
GL000225.1	1	1.23571	1.23571	5	0	0
GL000226.1	1	0.847592	0.847592	3	0	0
KI270302.1	1	0.00136394	0.00136394	0	0	0
KI270303.1	1	0.00204362	0.00204362	0	0	0
KI270304.1	1	0.00136215	0.00136215	0	0	0
KI270305.1	1	0.00238668	0.00238668	0	0	0
KI270310.1	1	0.00749235	0.00749235	0	0	0
KI270311.1	1	-1	-1	-1	0	0
KI270312.1	1	0.00135879	0.00135879	0	0	0
KI270315.1	1	0.00748528	0.00748528	0	0	0
KI270316.1	1	0.000340262	0.000340262	0	0	0
KI270317.1	1	-1	-1	-1	0	0
KI270320.1	1	0.00784299	0.00784299	0	0	0
KI270322.1	1	-1	-1	-1	0	0
KI270329.1	1	0.00577695	0.00577695	0	0	0
KI270330.1	1	0.0537136	0.0537136	0	0	0
KI270333.1	1	0.166676	0.166676	1	0	0
KI270334.1	1	0.00170363	0.00170363	0	0	0
KI270335.1	1	0.00238576	0.00238576	0	0	0
KI270336.1	1	0.0330845	0.0330845	0	0	0
KI270337.1	1	0.268166	0.268166	1	0	0
KI270338.1	1	0.00170416	0.00170416	0	0	0
KI270340.1	1	0.00136313	0.00136313	0	0	0
KI270362.1	1	0.0118729	0.0118729	0	0	0
KI270363.1	1	0.00510424	0.00510424	0	0	0
KI270364.1	1	0.00915996	0.00915996	0	0	0
KI270366.1	1	0.0434244	0.0434244	0	0	0
KI270371.1	1	0.00305775	0.00305775	0	0	0
KI270372.1	1	0.00135503	0.00135503	0	0	0
KI270373.1	1	0.000680816	0.000680816	0	0	0
KI270374.1	1	0.00203717	0.00203717	0	0	0
KI270375.1	1	0.00339098	0.00339098	0	0	0
KI270376.1	1	0.000339356	0.000339356	0	0	0
KI270378.1	1	0.000340361	0.000340361	0	0	0
KI270379.1	1	0	0	0	0	0
KI270381.1	1	0.00306066	0.00306066	0	0	0
KI270382.1	1	0.00475646	0.00475646	0	0	0
KI270383.1	1	0.000680039	0.000680039	0	0	0
KI270384.1	1	0.000679439	0.000679439	0	0	0
KI270385.1	1	0.000339588	0.000339588	0	0	0
KI270386.1	1	0	0	0	0	0
KI270387.1	1	0.00848244	0.00848244	0	0	0
KI270388.1	1	0	0	0	0	0
KI270389.1	1	0.00577582	0.00577582	0	0	0
KI270390.1	1	0.00271739	0.00271739	0	0	0
KI270391.1	1	0	0	0	0	0
KI270392.1	1	0.000678816	0.000678816	0	0	0
KI270393.1	1	0.000340049	0.000340049	0	0	0
KI270394.1	1	0.0020373	0.0020373	0	0	0
KI270395.1	1	0.0163023	0.0163023	0	0	0
KI270396.1	1	0.000339854	0.000339854	0	0	0
KI270411.1	1	0.0078207	0.0078207	0	0	0
KI270412.1	1	0.00374291	0.00374291	0	0	0
KI270414.1	1	0.00408077	0.00408077	0	0	0
KI270417.1	1	0.00797418	0.00797418	0	0	0
KI270418.1	1	0.0109025	0.0109025	0	0	0
KI270419.1	1	0.00510648	0.00510648	0	0	0
KI270420.1	1	0.0115881	0.0115881	0	0	0
KI270422.1	1	0.0143113	0.0143113	0	0	0
KI270423.1	1	0.00715289	0.00715289	0	0	0
KI270424.1	1	0.00271636	0.00271636	0	0	0
KI270425.1	1	0.00238297	0.00238297	0	0	0
KI270429.1	1	0.0118841	0.0118841	0	0	0
KI270435.1	1	0.405267	0.405267	2	0	0
KI270438.1	1	-1	-1	-1	0	0
KI270442.1	1	1.8651	1.8651	7	0	0
KI270448.1	1	0.0282078	0.0282078	0	0	0
KI270465.1	1	0.00373881	0.00373881	0	0	0
KI270466.1	1	0.00659683	0.00659683	0	0	0
KI270467.1	1	0.0212475	0.0212475	0	0	0
KI270468.1	1	0.0101839	0.0101839	0	0	0
KI270507.1	1	0.0247894	0.0247894	0	0	0
KI270508.1	1	0.0208001	0.0208001	0	0	0
KI270509.1	1	0.0216957	0.0216957	0	0	0
KI270510.1	1	0.0193266	0.0193266	0	0	0
KI270511.1	1	0.0268112	0.0268112	0	0	0
KI270512.1	1	0.0738718	0.0738718	0	0	0
KI270515.1	1	0.0535316	0.0535316	0	0	0
KI270516.1	1	0.00915802	0.00915802	0	0	0
KI270517.1	1	0.0294925	0.0294925	0	0	0
KI270518.1	1	0.0159418	0.0159418	0	0	0
KI270519.1	1	0.690172	0.690172	3	0	0
KI270521.1	1	0.0228241	0.0228241	0	0	0
KI270522.1	1	0.022758	0.022758	0	0	0
KI270528.1	1	0.00508062	0.00508062	0	0	0
KI270529.1	1	0.00442576	0.00442576	0	0	0
KI270530.1	1	0.00476559	0.00476559	0	0	0
KI270538.1	1	-1	-1	-1	0	0
KI270539.1	1	0.0041759	0.0041759	0	0	0
KI270544.1	1	0.0149823	0.0149823	0	0	0
KI270548.1	1	0	0	0	0	0
KI270579.1	1	0.00780476	0.00780476	0	0	0
KI270580.1	1	0.0112233	0.0112233	0	0	0
KI270581.1	1	0.0143114	0.0143114	0	0	0
KI270582.1	1	0.00102189	0.00102189	0	0	0
KI270583.1	1	0.00982929	0.00982929	0	0	0
KI270584.1	1	0.0281575	0.0281575	0	0	0
KI270587.1	1	0.0288608	0.0288608	0	0	0
KI270588.1	1	0.0108533	0.0108533	0	0	0
KI270589.1	1	-1	-1	-1	0	0
KI270590.1	1	0.0366693	0.0366693	0	0	0
KI270591.1	1	0.018367	0.018367	0	0	0
KI270593.1	1	0.00611259	0.00611259	0	0	0
KI270706.1	1	0.265	0.265	1	0	0
KI270707.1	1	0.036501	0.036501	0	0	0
KI270708.1	1	0.127167	0.127167	1	0	0
KI270709.1	1	0.91397	0.91397	4	0	0
KI270710.1	1	0.043045	0.043045	0	0	0
KI270711.1	1	0.31419	0.31419	1	0	0
KI270712.1	1	0.394437	0.394437	2	0	0
KI270713.1	1	0.157736	0.157736	1	0	0
KI270714.1	1	0.0731162	0.0731162	0	0	0
KI270715.1	1	0.188225	0.188225	1	0	0
KI270716.1	1	0.192947	0.192947	1	0	0
KI270717.1	1	0.0640825	0.0640825	0	0	0
KI270718.1	1	0.094971	0.094971	0	0	0
KI270719.1	1	0.418323	0.418323	2	0	0
KI270720.1	1	0.197257	0.197257	1	0	0
KI270721.1	1	0.0564481	0.0564481	0	0	0
KI270722.1	1	0.0748045	0.0748045	0	0	0
KI270723.1	1	0.0720517	0.0720517	0	0	0
KI270724.1	1	0.0843241	0.0843241	0	0	0
KI270725.1	1	0.407213	0.407213	2	0	0
KI270726.1	1	0.215911	0.215911	1	0	0
KI270727.1	1	2.289	2.289	9	0	0
KI270728.1	1	-1	0.501818	2	0	0
KI270728.1	500001	0.408167	0.501818	2	0	0
KI270728.1	1000001	0.738128	0.501818	2	0	0
KI270728.1	1500001	0.501818	0.501818	2	0	0
KI270729.1	1	2.30886	2.30886	9	0	0
KI270730.1	1	0.320041	0.320041	1	0	0
KI270731.1	1	0.196074	0.196074	1	0	0
KI270732.1	1	0.0783328	0.0783328	0	0	0
KI270733.1	1	1.8789	1.8789	8	0	0
KI270734.1	1	0.245879	0.245879	1	0	0
KI270735.1	1	0.341306	0.341306	1	0	0
KI270736.1	1	0.348237	0.348237	1	0	0
KI270737.1	1	0.137037	0.137037	1	0	0
KI270738.1	1	0.224192	0.224192	1	0	0
KI270739.1	1	0.0493081	0.0493081	0	0	0
KI270740.1	1	0	0	0	0	0
KI270741.1	1	0.158902	0.158902	1	0	0
KI270742.1	1	0.621327	0.621327	2	0	0
KI270743.1	1	0.161324	0.161324	1	0	0
KI270744.1	1	1.33183	1.33183	5	0	0
KI270745.1	1	0.0920147	0.0920147	0	0	0
KI270746.1	1	0.171525	0.171525	1	0	0
KI270747.1	1	0.271239	0.271239	1	0	0
KI270748.1	1	0.112337	0.112337	0	0	0
KI270749.1	1	0.432906	0.432906	2	0	0
KI270750.1	1	0.381385	0.381385	2	0	0
KI270751.1	1	0.430586	0.430586	2	0	0
KI270752.1	1	0	0	0	0	0
KI270753.1	1	0.104383	0.104383	0	0	0
KI270754.1	1	0.040214	0.040214	0	0	0
KI270755.1	1	0.0255782	0.0255782	0	0	0
KI270756.1	1	0.127575	0.127575	1	0	0
KI270757.1	1	0.415578	0.415578	2	0	0
MT	1	14.2376	14.2376	57	0	0
X	1	-1	-1	-1	0	0
X	500001	0.490339	0.5066	2	0	0
X	1000001	0.457401	0.5066	2	0	0
X	1500001	0.453979	0.5066	2	0	0
X	2000001	-1	0.5066	2	0	0
X	2500001	0.470447	0.5066	2	0	0
X	3000001	0.479926	0.5066	2	0	0
X	3500001	0.48125	0.5066	2	0	0
X	4000001	0.473236	0.5066	2	0	0
X	4500001	0.488083	0.5066	2	0	0
X	5000001	0.489196	0.5066	2	0	0
X	5500001	0.478346	0.5066	2	0	0
X	6000001	0.524902	0.5066	2	0	0
X	6500001	0.50847	0.5066	2	0	0
X	7000001	0.483951	0.5066	2	0	0
X	7500001	0.512673	0.5066	2	0	0
X	8000001	0.499104	0.5066	2	0	0
X	8500001	0.521934	0.5066	2	0	0
X	9000001	0.540617	0.5066	2	0	0
X	9500001	0.523063	0.5066	2	0	0
X	10000001	0.501809	0.5066	2	0	0
X	10500001	0.543163	0.5066	2	0	0
X	11000001	0.475109	0.5066	2	0	0
X	11500001	0.521478	0.5066	2	0	0
X	12000001	0.540473	0.5066	2	0	0
X	12500001	0.510195	0.5066	2	0	0
X	13000001	0.548513	0.5066	2	0	0
X	13500001	0.508567	0.5066	2	0	0
X	14000001	0.531118	0.5066	2	0	0
X	14500001	0.494269	0.5066	2	0	0
X	15000001	0.54338	0.5066	2	0	0
X	15500001	0.515058	0.5066	2	0	0
X	16000001	0.528033	0.5066	2	0	0
X	16500001	0.555364	0.5066	2	0	0
X	17000001	0.541553	0.5066	2	0	0
X	17500001	0.492906	0.5066	2	0	0
X	18000001	0.501601	0.5066	2	0	0
X	18500001	0.468008	0.5066	2	0	0
X	19000001	0.477767	0.5066	2	0	0
X	19500001	0.502667	0.5066	2	0	0
X	20000001	0.525982	0.5066	2	0	0
X	20500001	0.494976	0.5066	2	0	0
X	21000001	0.52188	0.5066	2	0	0
X	21500001	0.477214	0.5066	2	0	0
X	22000001	0.509219	0.5066	2	0	0
X	22500001	0.542934	0.5066	2	0	0
X	23000001	0.50549	0.5066	2	0	0
X	23500001	0.517126	0.5066	2	0	0
X	24000001	0.518833	0.5066	2	0	0
X	24500001	0.504314	0.5066	2	0	0
X	25000001	0.533822	0.5066	2	0	0
X	25500001	0.524337	0.5066	2	0	0
X	26000001	0.53317	0.5066	2	0	0
X	26500001	0.526932	0.5066	2	0	0
X	27000001	0.568753	0.5066	2	0	0
X	27500001	0.553512	0.5066	2	0	0
X	28000001	0.526981	0.5066	2	0	0
X	28500001	0.54244	0.5066	2	0	0
X	29000001	0.515243	0.5066	2	0	0
X	29500001	0.492235	0.5066	2	0	0
X	30000001	0.484713	0.5066	2	0	0
X	30500001	0.500441	0.5066	2	0	0
X	31000001	0.479516	0.5066	2	0	0
X	31500001	0.506408	0.5066	2	0	0
X	32000001	0.517278	0.5066	2	0	0
X	32500001	0.489742	0.5066	2	0	0
X	33000001	0.490737	0.5066	2	0	0
X	33500001	0.483045	0.5066	2	0	0
X	34000001	0.486609	0.5066	2	0	0
X	34500001	0.511036	0.5066	2	0	0
X	35000001	0.517733	0.5066	2	0	0
X	35500001	0.516112	0.5066	2	0	0
X	36000001	0.492372	0.5066	2	0	0
X	36500001	0.477985	0.5066	2	0	0
X	37000001	-1	0.5066	2	0	0
X	37500001	0.533609	0.5066	2	0	0
X	38000001	0.544938	0.5066	2	0	0
X	38500001	0.501385	0.5066	2	0	0
X	39000001	0.492772	0.5066	2	0	0
X	39500001	0.480311	0.5066	2	0	0
X	40000001	0.491828	0.5066	2	0	0
X	40500001	0.488623	0.5066	2	0	0
X	41000001	0.51418	0.5066	2	0	0
X	41500001	0.530181	0.5066	2	0	0
X	42000001	0.493564	0.5066	2	0	0
X	42500001	0.512945	0.5066	2	0	0
X	43000001	0.533545	0.5066	2	0	0
X	43500001	0.539901	0.5066	2	0	0
X	44000001	0.528926	0.5066	2	0	0
X	44500001	0.511396	0.5066	2	0	0
X	45000001	0.510023	0.5066	2	0	0
X	45500001	0.584583	0.5066	2	0	0
X	46000001	0.556909	0.5066	2	0	0
X	46500001	0.505396	0.5066	2	0	0
X	47000001	0.475711	0.5066	2	0	0
X	47500001	0.495664	0.5066	2	0	0
X	48000001	0.505779	0.5066	2	0	0
X	48500001	0.500675	0.5066	2	0	0
X	49000001	-1	0.5066	2	0	0
X	49500001	0.569944	0.5066	2	0	0
X	50000001	0.492341	0.5066	2	0	0
X	50500001	0.511353	0.5066	2	0	0
X	51000001	0.487477	0.5066	2	0	0
X	51500001	0.494899	0.5066	2	0	0
X	52000001	0.500654	0.5066	2	0	0
X	52500001	0.505484	0.5066	2	0	0
X	53000001	0.467679	0.5066	2	0	0
X	53500001	0.5066	0.5066	2	0	0
X	54000001	0.508368	0.5066	2	0	0
X	54500001	0.508385	0.5066	2	0	0
X	55000001	0.508421	0.5066	2	0	0
X	55500001	0.489094	0.5066	2	0	0
X	56000001	0.504248	0.5066	2	0	0
X	56500001	0.499262	0.5066	2	0	0
X	57000001	0.516418	0.5066	2	0	0
X	57500001	0.512982	0.5066	2	0	0
X	58000001	0.502207	0.5066	2	0	0
X	58500001	0.413636	0.339198	1	0	0
X	59000001	0.39889	0.339198	1	0	0
X	59500001	0.322189	0.339198	1	0	0
X	60000001	0.339845	0.339198	1	0	0
X	60500001	0.338552	0.339198	1	0	0
X	61000001	0.320206	0.339198	1	0	0
X	61500001	0.304398	0.339198	1	0	0
X	62000001	0.39559	0.339198	1	0	0
X	62500001	0.49815	0.484912	2	0	0
X	63000001	0.509977	0.484912	2	0	0
X	63500001	0.469806	0.484912	2	0	0
X	64000001	0.485742	0.484912	2	0	0
X	64500001	0.475119	0.484912	2	0	0
X	65000001	0.505017	0.484912	2	0	0
X	65500001	0.509294	0.484912	2	0	0
X	66000001	0.487414	0.484912	2	0	0
X	66500001	0.497738	0.484912	2	0	0
X	67000001	0.487275	0.484912	2	0	0
X	67500001	0.453439	0.484912	2	0	0
X	68000001	0.499749	0.484912	2	0	0
X	68500001	0.507385	0.484912	2	0	0
X	69000001	0.495747	0.484912	2	0	0
X	69500001	0.49711	0.484912	2	0	0
X	70000001	0.486553	0.484912	2	0	0
X	70500001	0.506214	0.484912	2	0	0
X	71000001	0.515701	0.484912	2	0	0
X	71500001	0.500741	0.484912	2	0	0
X	72000001	0.504354	0.484912	2	0	0
X	72500001	0.494659	0.484912	2	0	0
X	73000001	0.526077	0.484912	2	0	0
X	73500001	0.542049	0.484912	2	0	0
X	74000001	0.524496	0.484912	2	0	0
X	74500001	0.510804	0.484912	2	0	0
X	75000001	0.533659	0.484912	2	0	0
X	75500001	0.4944	0.484912	2	0	0
X	76000001	0.495959	0.484912	2	0	0
X	76500001	0.478296	0.484912	2	0	0
X	77000001	0.488407	0.484912	2	0	0
X	77500001	0.480576	0.484912	2	0	0
X	78000001	0.489765	0.484912	2	0	0
X	78500001	0.473423	0.484912	2	0	0
X	79000001	0.497986	0.484912	2	0	0
X	79500001	0.470887	0.484912	2	0	0
X	80000001	0.455581	0.484912	2	0	0
X	80500001	0.496591	0.484912	2	0	0
X	81000001	0.484082	0.484912	2	0	0
X	81500001	0.489835	0.484912	2	0	0
X	82000001	0.475945	0.484912	2	0	0
X	82500001	0.468462	0.484912	2	0	0
X	83000001	0.500956	0.484912	2	0	0
X	83500001	0.491205	0.484912	2	0	0
X	84000001	0.486825	0.484912	2	0	0
X	84500001	0.466028	0.484912	2	0	0
X	85000001	0.465572	0.484912	2	0	0
X	85500001	0.504249	0.484912	2	0	0
X	86000001	0.479119	0.484912	2	0	0
X	86500001	0.520111	0.484912	2	0	0
X	87000001	0.476866	0.484912	2	0	0
X	87500001	0.490585	0.484912	2	0	0
X	88000001	0.468004	0.484912	2	0	0
X	88500001	0.47852	0.484912	2	0	0
X	89000001	0.444164	0.484912	2	0	0
X	89500001	0.48242	0.484912	2	0	0
X	90000001	0.444099	0.484912	2	0	0
X	90500001	0.464643	0.484912	2	0	0
X	91000001	0.491397	0.484912	2	0	0
X	91500001	0.448539	0.484912	2	0	0
X	92000001	0.435571	0.484912	2	0	0
X	92500001	0.434054	0.484912	2	0	0
X	93000001	0.457628	0.484912	2	0	0
X	93500001	0.433733	0.484912	2	0	0
X	94000001	0.459416	0.484912	2	0	0
X	94500001	0.475737	0.484912	2	0	0
X	95000001	0.449943	0.484912	2	0	0
X	95500001	0.454459	0.484912	2	0	0
X	96000001	0.467782	0.484912	2	0	0
X	96500001	0.453485	0.484912	2	0	0
X	97000001	0.429063	0.484912	2	0	0
X	97500001	0.4794	0.484912	2	0	0
X	98000001	0.477171	0.484912	2	0	0
X	98500001	0.480025	0.484912	2	0	0
X	99000001	0.498097	0.484912	2	0	0
X	99500001	0.481448	0.484912	2	0	0
X	100000001	0.479639	0.484912	2	0	0
X	100500001	0.516106	0.502269	2	0	0
X	101000001	0.533482	0.502269	2	0	0
X	101500001	0.50171	0.502269	2	0	0
X	102000001	0.470421	0.502269	2	0	0
X	102500001	0.503261	0.502269	2	0	0
X	103000001	0.538865	0.502269	2	0	0
X	103500001	0.507164	0.502269	2	0	0
X	104000001	0.511856	0.502269	2	0	0
X	104500001	0.530481	0.502269	2	0	0
X	105000001	0.502269	0.502269	2	0	0
X	105500001	0.519929	0.502269	2	0	0
X	106000001	0.510588	0.502269	2	0	0
X	106500001	0.534887	0.502269	2	0	0
X	107000001	0.495041	0.502269	2	0	0
X	107500001	0.497	0.502269	2	0	0
X	108000001	0.527716	0.502269	2	0	0
X	108500001	0.512762	0.502269	2	0	0
X	109000001	0.525098	0.502269	2	0	0
X	109500001	0.533015	0.502269	2	0	0
X	110000001	0.531858	0.502269	2	0	0
X	110500001	0.499723	0.502269	2	0	0
X	111000001	0.474697	0.502269	2	0	0
X	111500001	0.486172	0.502269	2	0	0
X	112000001	0.467603	0.502269	2	0	0
X	112500001	0.462201	0.502269	2	0	0
X	113000001	0.479705	0.502269	2	0	0
X	113500001	0.517637	0.502269	2	0	0
X	114000001	0.494662	0.502269	2	0	0
X	114500001	0.506857	0.502269	2	0	0
X	115000001	0.540973	0.502269	2	0	0
X	115500001	-1	0.502269	2	0	0
X	116000001	0.547311	0.502269	2	0	0
X	116500001	0.470359	0.502269	2	0	0
X	117000001	0.474135	0.502269	2	0	0
X	117500001	0.497124	0.502269	2	0	0
X	118000001	0.539683	0.502269	2	0	0
X	118500001	0.492935	0.502269	2	0	0
X	119000001	0.502521	0.502269	2	0	0
X	119500001	0.496813	0.502269	2	0	0
X	120000001	0.493804	0.502269	2	0	0
X	120500001	0.464112	0.502269	2	0	0
X	121000001	0.484184	0.502269	2	0	0
X	121500001	0.479888	0.502269	2	0	0
X	122000001	0.470813	0.502269	2	0	0
X	122500001	0.477977	0.502269	2	0	0
X	123000001	0.502552	0.502269	2	0	0
X	123500001	0.499365	0.502269	2	0	0
X	124000001	0.51265	0.502269	2	0	0
X	124500001	0.452681	0.502269	2	0	0
X	125000001	0.478108	0.502269	2	0	0
X	125500001	0.50374	0.502269	2	0	0
X	126000001	0.486428	0.502269	2	0	0
X	126500001	0.465286	0.502269	2	0	0
X	127000001	0.472572	0.502269	2	0	0
X	127500001	0.52383	0.502269	2	0	0
X	128000001	0.50708	0.502269	2	0	0
X	128500001	0.501086	0.502269	2	0	0
X	129000001	0.489939	0.502269	2	0	0
X	129500001	0.503574	0.502269	2	0	0
X	130000001	0.531944	0.502269	2	0	0
X	130500001	0.508086	0.502269	2	0	0
X	131000001	0.533049	0.502269	2	0	0
X	131500001	0.48606	0.502269	2	0	0
X	132000001	0.518421	0.502269	2	0	0
X	132500001	0.800626	0.800626	3	0	0
X	133000001	1.43716	1.43716	6	0	0
X	133500001	0.85872	0.85872	3	0	0
X	134000001	0.486529	0.487591	2	0	0
X	134500001	0.529027	0.487591	2	0	0
X	135000001	0.523481	0.487591	2	0	0
X	135500001	0.494958	0.487591	2	0	0
X	136000001	0.542809	0.487591	2	0	0
X	136500001	0.508177	0.487591	2	0	0
X	137000001	0.484434	0.487591	2	0	0
X	137500001	0.454906	0.487591	2	0	0
X	138000001	0.460467	0.487591	2	0	0
X	138500001	0.487521	0.487591	2	0	0
X	139000001	0.518524	0.487591	2	0	0
X	139500001	0.484242	0.487591	2	0	0
X	140000001	0.48766	0.487591	2	0	0
X	140500001	0.479835	0.487591	2	0	0
X	141000001	0.533526	0.487591	2	0	0
X	141500001	0.482688	0.487591	2	0	0
X	142000001	0.49685	0.487591	2	0	0
X	142500001	0.492472	0.487591	2	0	0
X	143000001	0.475645	0.487591	2	0	0
X	143500001	0.451227	0.487591	2	0	0
X	144000001	0.496611	0.487591	2	0	0
X	144500001	0.546302	0.487591	2	0	0
X	145000001	0.462135	0.487591	2	0	0
X	145500001	0.466363	0.487591	2	0	0
X	146000001	0.466963	0.487591	2	0	0
X	146500001	0.471553	0.487591	2	0	0
X	147000001	0.452466	0.487591	2	0	0
X	147500001	0.472072	0.487591	2	0	0
X	148000001	0.453151	0.487591	2	0	0
X	148500001	0.46018	0.487591	2	0	0
X	149000001	0.501625	0.487591	2	0	0
X	149500001	0.517572	0.487591	2	0	0
X	150000001	0.496067	0.487591	2	0	0
X	150500001	0.46053	0.487591	2	0	0
X	151000001	0.489347	0.487591	2	0	0
X	151500001	0.476602	0.487591	2	0	0
X	152000001	0.518769	0.487591	2	0	0
X	152500001	0.513182	0.487591	2	0	0
X	153000001	0.489228	0.487591	2	0	0
X	153500001	0.474019	0.487591	2	0	0
X	154000001	0.463736	0.487591	2	0	0
X	154500001	0.505849	0.487591	2	0	0
X	155000001	0.496126	0.487591	2	0	0
X	155500001	0.532098	0.487591	2	0	0
X	156000001	-1	-1	-1	0	0
Y	1	-1	-1	-1	0	0
Y	500001	-1	-1	-1	0	0
Y	1000001	-1	-1	-1	0	0
Y	1500001	-1	-1	-1	0	0
Y	2000001	-1	-1	-1	0	0
Y	2500001	-1	-1	-1	0	0
Y	3000001	0.034273	0.0279902	0	0	0
Y	3500001	0.0295021	0.0279902	0	0	0
Y	4000001	0.0220292	0.0279902	0	0	0
Y	4500001	0.0264784	0.0279902	0	0	0
Y	5000001	0.0244221	0.0279902	0	0	0
Y	5500001	0.0325543	0.0279902	0	0	0
Y	6000001	0.0074954	0.00511215	0	0	0
Y	6500001	0.0119082	0.00511215	0	0	0
Y	7000001	0.0027289	0.00511215	0	0	0
Y	7500001	0.000340814	0.00511215	0	0	0
Y	8000001	0	0.00511215	0	0	0
Y	8500001	0	0.00511215	0	0	0
Y	9000001	-1	0.00511215	0	0	0
Y	9500001	0.00886538	0.00511215	0	0	0
Y	10000001	0.0403009	0.00511215	0	0	0
Y	10500001	-1	-1	-1	0	0
Y	11000001	0.6067	0.844742	3	0	0
Y	11500001	1.08279	0.844742	3	0	0
Y	12000001	0.000341073	0.000681325	0	0	0
Y	12500001	0.000340552	0.000681325	0	0	0
Y	13000001	0.0017008	0.000681325	0	0	0
Y	13500001	0.0034072	0.000681325	0	0	0
Y	14000001	0.000680903	0.000681325	0	0	0
Y	14500001	0.000340361	0.000681325	0	0	0
Y	15000001	0.000681325	0.000681325	0	0	0
Y	15500001	0.00034033	0.000681325	0	0	0
Y	16000001	0	0.000681325	0	0	0
Y	16500001	0.000679783	0.000681325	0	0	0
Y	17000001	0.00646653	0.000681325	0	0	0
Y	17500001	0.00102203	0.000681325	0	0	0
Y	18000001	0.000681324	0.000681325	0	0	0
Y	18500001	0	0.000681325	0	0	0
Y	19000001	0.000340615	0.000681325	0	0	0
Y	19500001	0.00102054	0.000681325	0	0	0
Y	20000001	0.00189325	0.000681325	0	0	0
Y	20500001	0.00034061	0.000681325	0	0	0
Y	21000001	0.000340498	0.000681325	0	0	0
Y	21500001	0.000354141	0.000681325	0	0	0
Y	22000001	0.00238584	0.000681325	0	0	0
Y	22500001	0.00102201	0.000681325	0	0	0
Y	23000001	0.00272272	0.000681325	0	0	0
Y	23500001	0.000680185	0.000681325	0	0	0
Y	24000001	0.00340926	0.000681325	0	0	0
Y	24500001	0.00238448	0.000681325	0	0	0
Y	25000001	0.00375145	0.000681325	0	0	0
Y	25500001	0.0010203	0.000681325	0	0	0
Y	26000001	0.00953098	0.000681325	0	0	0
Y	26500001	-1	-1	-1	0	0
Y	27000001	-1	-1	-1	0	0
Y	27500001	-1	-1	-1	0	0
Y	28000001	-1	-1	-1	0	0
Y	28500001	-1	-1	-1	0	0
Y	29000001	-1	-1	-1	0	0
Y	29500001	-1	-1	-1	0	0
Y	30000001	-1	-1	-1	0	0
Y	30500001	-1	-1	-1	0	0
Y	31000001	-1	-1	-1	0	0
Y	31500001	-1	-1	-1	0	0
Y	32000001	-1	-1	-1	0	0
Y	32500001	-1	-1	-1	0	0
Y	33000001	-1	-1	-1	0	0
Y	33500001	-1	-1	-1	0	0
Y	34000001	-1	-1	-1	0	0
Y	34500001	-1	-1	-1	0	0
Y	35000001	-1	-1	-1	0	0
Y	35500001	-1	-1	-1	0	0
Y	36000001	-1	-1	-1	0	0
Y	36500001	-1	-1	-1	0	0
Y	37000001	-1	-1	-1	0	0
Y	37500001	-1	-1	-1	0	0
Y	38000001	-1	-1	-1	0	0
Y	38500001	-1	-1	-1	0	0
Y	39000001	-1	-1	-1	0	0
Y	39500001	-1	-1	-1	0	0
Y	40000001	-1	-1	-1	0	0
Y	40500001	-1	-1	-1	0	0
Y	41000001	-1	-1	-1	0	0
Y	41500001	-1	-1	-1	0	0
Y	42000001	-1	-1	-1	0	0
Y	42500001	-1	-1	-1	0	0
Y	43000001	-1	-1	-1	0	0
Y	43500001	-1	-1	-1	0	0
Y	44000001	-1	-1	-1	0	0
Y	44500001	-1	-1	-1	0	0
Y	45000001	-1	-1	-1	0	0
Y	45500001	-1	-1	-1	0	0
Y	46000001	-1	-1	-1	0	0
Y	46500001	-1	-1	-1	0	0
Y	47000001	-1	-1	-1	0	0
Y	47500001	-1	-1	-1	0	0
Y	48000001	-1	-1	-1	0	0
Y	48500001	-1	-1	-1	0	0
Y	49000001	-1	-1	-1	0	0
Y	49500001	-1	-1	-1	0	0
Y	50000001	-1	-1	-1	0	0
Y	50500001	-1	-1	-1	0	0
Y	51000001	-1	-1	-1	0	0
Y	51500001	-1	-1	-1	0	0
Y	52000001	-1	-1	-1	0	0
Y	52500001	-1	-1	-1	0	0
Y	53000001	-1	-1	-1	0	0
Y	53500001	-1	-1	-1	0	0
Y	54000001	-1	-1	-1	0	0
Y	54500001	-1	-1	-1	0	0
Y	55000001	-1	-1	-1	0	0
Y	55500001	-1	-1	-1	0	0
Y	56000001	-1	-1	-1	0	0
Y	56500001	-1	-1	-1	0	0
Y	57000001	-1	-1	-1	0	0
