Chromosome	Start	Ratio	MedianRatio	CopyNumber	Subclone_CN	Subclone_Population
1	1	-1	-1	-1	0	0
1	500001	1.54371	1.11315	4	0	0
1	1000001	1.1437	1.11315	4	0	0
1	1500001	1.13049	1.11315	4	0	0
1	2000001	1.11013	1.11315	4	0	0
1	2500001	1.67367	1.11315	4	0	0
1	3000001	1.07527	1.11315	4	0	0
1	3500001	1.09674	1.11315	4	0	0
1	4000001	1.0947	1.11315	4	0	0
1	4500001	1.02628	1.11315	4	0	0
1	5000001	1.06358	1.11315	4	0	0
1	5500001	1.11764	1.11315	4	0	0
1	6000001	1.13034	1.11315	4	0	0
1	6500001	1.13305	1.11315	4	0	0
1	7000001	1.10606	1.11315	4	0	0
1	7500001	1.10875	1.11315	4	0	0
1	8000001	1.20024	1.11315	4	0	0
1	8500001	1.14701	1.11315	4	0	0
1	9000001	1.18328	1.11315	4	0	0
1	9500001	1.13964	1.11315	4	0	0
1	10000001	1.11044	1.11315	4	0	0
1	10500001	1.11427	1.11315	4	0	0
1	11000001	1.13306	1.11315	4	0	0
1	11500001	1.15231	1.11315	4	0	0
1	12000001	1.13757	1.11315	4	0	0
1	12500001	1.14157	1.11315	4	0	0
1	13000001	1.06032	1.11315	4	0	0
1	13500001	1.07844	1.11315	4	0	0
1	14000001	1.11202	1.11315	4	0	0
1	14500001	1.09362	1.11315	4	0	0
1	15000001	1.10118	1.11315	4	0	0
1	15500001	0.915639	1.11315	4	0	0
1	16000001	0.909005	1.11315	4	0	0
1	16500001	1.98291	1.98291	8	0	0
1	17000001	0.992153	0.88677	4	0	0
1	17500001	1.05042	0.88677	4	0	0
1	18000001	0.817908	0.88677	4	0	0
1	18500001	0.882205	0.88677	4	0	0
1	19000001	0.908857	0.88677	4	0	0
1	19500001	0.915797	0.88677	4	0	0
1	20000001	0.861222	0.88677	4	0	0
1	20500001	0.870482	0.88677	4	0	0
1	21000001	0.880998	0.88677	4	0	0
1	21500001	0.90688	0.88677	4	0	0
1	22000001	0.898959	0.88677	4	0	0
1	22500001	0.966775	0.88677	4	0	0
1	23000001	1.28065	0.88677	4	0	0
1	23500001	1.26513	0.88677	4	0	0
1	24000001	1.13417	0.88677	4	0	0
1	24500001	0.890923	0.88677	4	0	0
1	25000001	0.889324	0.88677	4	0	0
1	25500001	0.857008	0.88677	4	0	0
1	26000001	0.87527	0.88677	4	0	0
1	26500001	0.857542	0.88677	4	0	0
1	27000001	0.845037	0.88677	4	0	0
1	27500001	0.884237	0.88677	4	0	0
1	28000001	0.879866	0.88677	4	0	0
1	28500001	0.881437	0.88677	4	0	0
1	29000001	0.871903	0.88677	4	0	0
1	29500001	0.853304	0.88677	4	0	0
1	30000001	0.827772	0.88677	4	0	0
1	30500001	0.918106	0.88677	4	0	0
1	31000001	0.875511	0.88677	4	0	0
1	31500001	0.93343	0.88677	4	0	0
1	32000001	0.903737	0.88677	4	0	0
1	32500001	0.863821	0.88677	4	0	0
1	33000001	0.878923	0.88677	4	0	0
1	33500001	0.857535	0.88677	4	0	0
1	34000001	0.806122	0.88677	4	0	0
1	34500001	0.860235	0.88677	4	0	0
1	35000001	0.861656	0.88677	4	0	0
1	35500001	0.880614	0.88677	4	0	0
1	36000001	0.841889	0.88677	4	0	0
1	36500001	0.899976	0.88677	4	0	0
1	37000001	0.853355	0.88677	4	0	0
1	37500001	0.836929	0.88677	4	0	0
1	38000001	0.888618	0.88677	4	0	0
1	38500001	0.85633	0.88677	4	0	0
1	39000001	0.872285	0.88677	4	0	0
1	39500001	0.897014	0.88677	4	0	0
1	40000001	0.885038	0.88677	4	0	0
1	40500001	0.906657	0.88677	4	0	0
1	41000001	0.882192	0.88677	4	0	0
1	41500001	0.888538	0.88677	4	0	0
1	42000001	0.89228	0.88677	4	0	0
1	42500001	0.843878	0.88677	4	0	0
1	43000001	0.934629	0.88677	4	0	0
1	43500001	0.876977	0.88677	4	0	0
1	44000001	0.866626	0.88677	4	0	0
1	44500001	0.872068	0.88677	4	0	0
1	45000001	0.892512	0.88677	4	0	0
1	45500001	0.88677	0.88677	4	0	0
1	46000001	0.867963	0.88677	4	0	0
1	46500001	0.904279	0.88677	4	0	0
1	47000001	0.896481	0.88677	4	0	0
1	47500001	0.882527	0.88677	4	0	0
1	48000001	0.815461	0.88677	4	0	0
1	48500001	0.830538	0.88677	4	0	0
1	49000001	0.869342	0.88677	4	0	0
1	49500001	0.834811	0.88677	4	0	0
1	50000001	0.871415	0.88677	4	0	0
1	50500001	0.869714	0.88677	4	0	0
1	51000001	0.881281	0.88677	4	0	0
1	51500001	0.912688	0.88677	4	0	0
1	52000001	0.892602	0.88677	4	0	0
1	52500001	0.893429	0.88677	4	0	0
1	53000001	0.884084	0.88677	4	0	0
1	53500001	0.874073	0.88677	4	0	0
1	54000001	0.873578	0.88677	4	0	0
1	54500001	0.848854	0.88677	4	0	0
1	55000001	0.930288	0.88677	4	0	0
1	55500001	0.860101	0.88677	4	0	0
1	56000001	0.838216	0.88677	4	0	0
1	56500001	0.805753	0.88677	4	0	0
1	57000001	0.795305	0.88677	4	0	0
1	57500001	0.83774	0.88677	4	0	0
1	58000001	0.85339	0.88677	4	0	0
1	58500001	0.897355	0.88677	4	0	0
1	59000001	0.924724	0.88677	4	0	0
1	59500001	0.895507	0.88677	4	0	0
1	60000001	0.864033	0.88677	4	0	0
1	60500001	0.87824	0.88677	4	0	0
1	61000001	0.8871	0.88677	4	0	0
1	61500001	0.915291	0.88677	4	0	0
1	62000001	0.920398	0.88677	4	0	0
1	62500001	0.905023	0.88677	4	0	0
1	63000001	0.830388	0.88677	4	0	0
1	63500001	0.916962	0.88677	4	0	0
1	64000001	0.920086	0.88677	4	0	0
1	64500001	0.90859	0.88677	4	0	0
1	65000001	0.882753	0.88677	4	0	0
1	65500001	0.877245	0.88677	4	0	0
1	66000001	1.04715	0.88677	4	0	0
1	66500001	0.914587	0.88677	4	0	0
1	67000001	0.880316	0.88677	4	0	0
1	67500001	0.876814	0.88677	4	0	0
1	68000001	0.865965	0.88677	4	0	0
1	68500001	0.87983	0.88677	4	0	0
1	69000001	0.81017	0.88677	4	0	0
1	69500001	0.826328	0.88677	4	0	0
1	70000001	0.842131	0.88677	4	0	0
1	70500001	0.864967	0.88677	4	0	0
1	71000001	0.814567	0.88677	4	0	0
1	71500001	0.878171	0.88677	4	0	0
1	72000001	0.793021	0.88677	4	0	0
1	72500001	0.835554	0.88677	4	0	0
1	73000001	0.854303	0.88677	4	0	0
1	73500001	0.877274	0.88677	4	0	0
1	74000001	0.855089	0.88677	4	0	0
1	74500001	0.829582	0.88677	4	0	0
1	75000001	0.840963	0.88677	4	0	0
1	75500001	0.841143	0.88677	4	0	0
1	76000001	0.841564	0.88677	4	0	0
1	76500001	0.871772	0.88677	4	0	0
1	77000001	0.873315	0.88677	4	0	0
1	77500001	0.875473	0.88677	4	0	0
1	78000001	0.917978	0.88677	4	0	0
1	78500001	0.933557	0.88677	4	0	0
1	79000001	0.936643	0.88677	4	0	0
1	79500001	0.91966	0.88677	4	0	0
1	80000001	0.876106	0.88677	4	0	0
1	80500001	0.841082	0.88677	4	0	0
1	81000001	0.88513	0.88677	4	0	0
1	81500001	0.875587	0.88677	4	0	0
1	82000001	0.830494	0.88677	4	0	0
1	82500001	0.884693	0.88677	4	0	0
1	83000001	0.892663	0.88677	4	0	0
1	83500001	0.894571	0.88677	4	0	0
1	84000001	0.944576	0.88677	4	0	0
1	84500001	0.88967	0.88677	4	0	0
1	85000001	0.959045	0.88677	4	0	0
1	85500001	0.916853	0.88677	4	0	0
1	86000001	0.883157	0.88677	4	0	0
1	86500001	0.883998	0.88677	4	0	0
1	87000001	0.899543	0.88677	4	0	0
1	87500001	0.926553	0.88677	4	0	0
1	88000001	0.913796	0.88677	4	0	0
1	88500001	0.915994	0.88677	4	0	0
1	89000001	0.912858	0.88677	4	0	0
1	89500001	0.959983	0.88677	4	0	0
1	90000001	0.951212	0.88677	4	0	0
1	90500001	0.853524	0.88677	4	0	0
1	91000001	0.921464	0.88677	4	0	0
1	91500001	0.940149	0.88677	4	0	0
1	92000001	0.862266	0.88677	4	0	0
1	92500001	0.913052	0.88677	4	0	0
1	93000001	0.940397	0.88677	4	0	0
1	93500001	0.921709	0.88677	4	0	0
1	94000001	0.940852	0.88677	4	0	0
1	94500001	0.95077	0.88677	4	0	0
1	95000001	0.952566	0.88677	4	0	0
1	95500001	0.890737	0.88677	4	0	0
1	96000001	0.887781	0.88677	4	0	0
1	96500001	0.871502	0.88677	4	0	0
1	97000001	0.918094	0.88677	4	0	0
1	97500001	0.940748	0.88677	4	0	0
1	98000001	0.960054	0.88677	4	0	0
1	98500001	0.934716	0.88677	4	0	0
1	99000001	0.92873	0.88677	4	0	0
1	99500001	0.897543	0.88677	4	0	0
1	100000001	0.898656	0.88677	4	0	0
1	100500001	0.899808	0.88677	4	0	0
1	101000001	0.865241	0.88677	4	0	0
1	101500001	0.909282	0.88677	4	0	0
1	102000001	0.848812	0.88677	4	0	0
1	102500001	0.951068	0.88677	4	0	0
1	103000001	0.905959	0.88677	4	0	0
1	103500001	0.852696	0.88677	4	0	0
1	104000001	0.858839	0.88677	4	0	0
1	104500001	0.888623	0.88677	4	0	0
1	105000001	0.851141	0.88677	4	0	0
1	105500001	0.8206	0.88677	4	0	0
1	106000001	0.814429	0.88677	4	0	0
1	106500001	0.847558	0.88677	4	0	0
1	107000001	0.860759	0.88677	4	0	0
1	107500001	0.896746	0.88677	4	0	0
1	108000001	0.91409	0.88677	4	0	0
1	108500001	0.913693	0.88677	4	0	0
1	109000001	0.903467	0.88677	4	0	0
1	109500001	0.862603	0.88677	4	0	0
1	110000001	0.885632	0.88677	4	0	0
1	110500001	0.918924	0.88677	4	0	0
1	111000001	0.945211	0.88677	4	0	0
1	111500001	0.912724	0.88677	4	0	0
1	112000001	0.903887	0.88677	4	0	0
1	112500001	0.906807	0.88677	4	0	0
1	113000001	0.963906	0.88677	4	0	0
1	113500001	0.942933	0.88677	4	0	0
1	114000001	0.906658	0.88677	4	0	0
1	114500001	0.938369	0.88677	4	0	0
1	115000001	0.935115	0.88677	4	0	0
1	115500001	0.93735	0.88677	4	0	0
1	116000001	0.93667	0.88677	4	0	0
1	116500001	0.920321	0.88677	4	0	0
1	117000001	0.933568	0.88677	4	0	0
1	117500001	0.946042	0.88677	4	0	0
1	118000001	0.929435	0.88677	4	0	0
1	118500001	0.886875	0.88677	4	0	0
1	119000001	0.915036	0.88677	4	0	0
1	119500001	0.990533	0.88677	4	0	0
1	120000001	0.789355	0.88677	4	0	0
1	120500001	0.528487	0.88677	4	0	0
1	121000001	0.945021	0.88677	4	0	0
1	121500001	0.962788	0.88677	4	0	0
1	122000001	0.51081	0.88677	4	0	0
1	122500001	1.72583	1.72767	7	0	0
1	123000001	1.72951	1.72767	7	0	0
1	123500001	2.15148	2.3843	10	0	0
1	124000001	2.61711	2.3843	10	0	0
1	124500001	3.45465	3.45465	14	0	0
1	125000001	-1	-1	-1	0	0
1	125500001	-1	-1	-1	0	0
1	126000001	-1	-1	-1	0	0
1	126500001	-1	-1	-1	0	0
1	127000001	-1	-1	-1	0	0
1	127500001	-1	-1	-1	0	0
1	128000001	-1	-1	-1	0	0
1	128500001	-1	-1	-1	0	0
1	129000001	-1	-1	-1	0	0
1	129500001	-1	-1	-1	0	0
1	130000001	-1	-1	-1	0	0
1	130500001	-1	-1	-1	0	0
1	131000001	-1	-1	-1	0	0
1	131500001	-1	-1	-1	0	0
1	132000001	-1	-1	-1	0	0
1	132500001	-1	-1	-1	0	0
1	133000001	-1	-1	-1	0	0
1	133500001	-1	-1	-1	0	0
1	134000001	-1	-1	-1	0	0
1	134500001	-1	-1	-1	0	0
1	135000001	-1	-1	-1	0	0
1	135500001	-1	-1	-1	0	0
1	136000001	-1	-1	-1	0	0
1	136500001	-1	-1	-1	0	0
1	137000001	-1	-1	-1	0	0
1	137500001	-1	-1	-1	0	0
1	138000001	-1	-1	-1	0	0
1	138500001	-1	-1	-1	0	0
1	139000001	-1	-1	-1	0	0
1	139500001	-1	-1	-1	0	0
1	140000001	-1	-1	-1	0	0
1	140500001	-1	-1	-1	0	0
1	141000001	-1	-1	-1	0	0
1	141500001	-1	-1	-1	0	0
1	142000001	-1	-1	-1	0	0
1	142500001	-1	-1	-1	0	0
1	143000001	-1	-1	-1	0	0
1	143500001	0.96485	0.997961	4	0	0
1	144000001	1.01679	0.997961	4	0	0
1	144500001	0.987434	0.997961	4	0	0
1	145000001	1.11959	0.997961	4	0	0
1	145500001	1.03069	0.997961	4	0	0
1	146000001	0.977532	0.997961	4	0	0
1	146500001	1.01177	0.997961	4	0	0
1	147000001	0.950625	0.997961	4	0	0
1	147500001	0.981587	0.997961	4	0	0
1	148000001	1.04726	0.997961	4	0	0
1	148500001	1.17215	0.997961	4	0	0
1	149000001	0.975758	0.997961	4	0	0
1	149500001	0.952541	0.997961	4	0	0
1	150000001	0.992333	0.997961	4	0	0
1	150500001	1.01019	0.997961	4	0	0
1	151000001	0.997961	0.997961	4	0	0
1	151500001	1.0557	0.997961	4	0	0
1	152000001	1.04067	0.997961	4	0	0
1	152500001	1.0123	0.997961	4	0	0
1	153000001	1.04881	0.997961	4	0	0
1	153500001	0.976325	0.997961	4	0	0
1	154000001	0.991102	0.997961	4	0	0
1	154500001	0.975197	0.997961	4	0	0
1	155000001	0.997825	0.997961	4	0	0
1	155500001	1.00301	0.997961	4	0	0
1	156000001	1.01982	0.997961	4	0	0
1	156500001	0.963886	0.997961	4	0	0
1	157000001	1.01958	0.997961	4	0	0
1	157500001	0.929609	0.997961	4	0	0
1	158000001	0.967397	0.997961	4	0	0
1	158500001	0.941497	0.997961	4	0	0
1	159000001	1.01112	0.997961	4	0	0
1	159500001	1.03656	0.997961	4	0	0
1	160000001	1.01315	0.997961	4	0	0
1	160500001	1.04053	0.997961	4	0	0
1	161000001	1.18842	0.997961	4	0	0
1	161500001	0.983215	0.997961	4	0	0
1	162000001	0.96018	0.997961	4	0	0
1	162500001	1.02588	0.997961	4	0	0
1	163000001	1.04151	0.997961	4	0	0
1	163500001	0.973753	0.997961	4	0	0
1	164000001	1.02237	0.997961	4	0	0
1	164500001	0.989754	0.997961	4	0	0
1	165000001	1.0022	0.997961	4	0	0
1	165500001	0.939778	0.997961	4	0	0
1	166000001	0.93395	0.997961	4	0	0
1	166500001	0.984278	0.997961	4	0	0
1	167000001	0.953606	0.997961	4	0	0
1	167500001	1.01622	0.997961	4	0	0
1	168000001	1.05848	0.997961	4	0	0
1	168500001	1.01487	0.997961	4	0	0
1	169000001	0.969638	0.997961	4	0	0
1	169500001	1.02436	0.997961	4	0	0
1	170000001	0.982193	0.997961	4	0	0
1	170500001	0.926151	0.997961	4	0	0
1	171000001	0.964799	0.997961	4	0	0
1	171500001	0.995013	0.997961	4	0	0
1	172000001	1.04736	0.997961	4	0	0
1	172500001	1.0563	0.997961	4	0	0
1	173000001	1.50275	1.52263	6	0	0
1	173500001	1.4762	1.52263	6	0	0
1	174000001	1.56902	1.52263	6	0	0
1	174500001	1.45981	1.52263	6	0	0
1	175000001	1.53649	1.52263	6	0	0
1	175500001	1.45656	1.52263	6	0	0
1	176000001	1.42726	1.52263	6	0	0
1	176500001	1.43302	1.52263	6	0	0
1	177000001	1.46113	1.52263	6	0	0
1	177500001	1.54483	1.52263	6	0	0
1	178000001	1.56961	1.52263	6	0	0
1	178500001	1.62157	1.52263	6	0	0
1	179000001	1.49216	1.52263	6	0	0
1	179500001	1.53224	1.52263	6	0	0
1	180000001	1.53074	1.52263	6	0	0
1	180500001	1.54337	1.52263	6	0	0
1	181000001	1.53981	1.52263	6	0	0
1	181500001	1.51643	1.52263	6	0	0
1	182000001	1.5344	1.52263	6	0	0
1	182500001	1.50516	1.52263	6	0	0
1	183000001	1.61776	1.52263	6	0	0
1	183500001	1.55416	1.52263	6	0	0
1	184000001	1.48901	1.52263	6	0	0
1	184500001	1.48708	1.52263	6	0	0
1	185000001	1.52978	1.52263	6	0	0
1	185500001	1.57945	1.52263	6	0	0
1	186000001	1.58563	1.52263	6	0	0
1	186500001	1.57785	1.52263	6	0	0
1	187000001	1.57755	1.52263	6	0	0
1	187500001	1.51184	1.52263	6	0	0
1	188000001	1.55315	1.52263	6	0	0
1	188500001	1.59303	1.52263	6	0	0
1	189000001	1.59878	1.52263	6	0	0
1	189500001	1.56737	1.52263	6	0	0
1	190000001	1.62448	1.52263	6	0	0
1	190500001	1.5276	1.52263	6	0	0
1	191000001	1.48887	1.52263	6	0	0
1	191500001	1.56767	1.52263	6	0	0
1	192000001	1.55789	1.52263	6	0	0
1	192500001	1.53999	1.52263	6	0	0
1	193000001	1.45851	1.52263	6	0	0
1	193500001	1.50323	1.52263	6	0	0
1	194000001	1.51981	1.52263	6	0	0
1	194500001	1.43256	1.52263	6	0	0
1	195000001	1.47535	1.52263	6	0	0
1	195500001	1.39411	1.52263	6	0	0
1	196000001	1.54293	1.52263	6	0	0
1	196500001	1.55968	1.52263	6	0	0
1	197000001	1.56737	1.52263	6	0	0
1	197500001	1.60141	1.52263	6	0	0
1	198000001	1.63552	1.52263	6	0	0
1	198500001	1.63229	1.52263	6	0	0
1	199000001	1.61089	1.52263	6	0	0
1	199500001	1.53123	1.52263	6	0	0
1	200000001	1.55463	1.52263	6	0	0
1	200500001	1.50912	1.52263	6	0	0
1	201000001	1.57483	1.52263	6	0	0
1	201500001	1.57489	1.52263	6	0	0
1	202000001	1.52358	1.52263	6	0	0
1	202500001	1.55721	1.52263	6	0	0
1	203000001	1.51953	1.52263	6	0	0
1	203500001	1.48932	1.52263	6	0	0
1	204000001	1.55186	1.52263	6	0	0
1	204500001	1.54156	1.52263	6	0	0
1	205000001	1.51684	1.52263	6	0	0
1	205500001	1.55074	1.52263	6	0	0
1	206000001	1.46892	1.52263	6	0	0
1	206500001	1.55673	1.52263	6	0	0
1	207000001	1.65203	1.52263	6	0	0
1	207500001	1.46584	1.52263	6	0	0
1	208000001	1.51458	1.52263	6	0	0
1	208500001	1.52663	1.52263	6	0	0
1	209000001	1.54934	1.52263	6	0	0
1	209500001	1.57101	1.52263	6	0	0
1	210000001	1.52775	1.52263	6	0	0
1	210500001	1.42059	1.52263	6	0	0
1	211000001	1.49928	1.52263	6	0	0
1	211500001	1.50299	1.52263	6	0	0
1	212000001	1.45421	1.52263	6	0	0
1	212500001	1.46025	1.52263	6	0	0
1	213000001	1.48351	1.52263	6	0	0
1	213500001	1.45282	1.52263	6	0	0
1	214000001	1.53258	1.52263	6	0	0
1	214500001	1.55187	1.52263	6	0	0
1	215000001	1.52072	1.52263	6	0	0
1	215500001	1.45058	1.52263	6	0	0
1	216000001	1.38257	1.52263	6	0	0
1	216500001	1.3932	1.52263	6	0	0
1	217000001	1.40198	1.52263	6	0	0
1	217500001	1.44662	1.52263	6	0	0
1	218000001	1.51316	1.52263	6	0	0
1	218500001	1.48423	1.52263	6	0	0
1	219000001	1.47808	1.52263	6	0	0
1	219500001	1.47067	1.52263	6	0	0
1	220000001	1.48843	1.52263	6	0	0
1	220500001	1.51643	1.52263	6	0	0
1	221000001	1.54176	1.52263	6	0	0
1	221500001	1.57823	1.52263	6	0	0
1	222000001	1.52168	1.52263	6	0	0
1	222500001	1.50686	1.52263	6	0	0
1	223000001	1.46206	1.52263	6	0	0
1	223500001	1.53408	1.52263	6	0	0
1	224000001	1.48521	1.52263	6	0	0
1	224500001	1.4672	1.52263	6	0	0
1	225000001	1.57429	1.52263	6	0	0
1	225500001	1.44756	1.52263	6	0	0
1	226000001	1.46594	1.52263	6	0	0
1	226500001	1.48672	1.52263	6	0	0
1	227000001	1.56068	1.52263	6	0	0
1	227500001	1.4432	1.52263	6	0	0
1	228000001	1.44565	1.52263	6	0	0
1	228500001	1.82561	1.52263	6	0	0
1	229000001	1.41042	1.44306	6	0	0
1	229500001	1.49255	1.44306	6	0	0
1	230000001	1.39918	1.44306	6	0	0
1	230500001	1.37701	1.44306	6	0	0
1	231000001	1.44915	1.44306	6	0	0
1	231500001	1.32759	1.44306	6	0	0
1	232000001	1.02092	1.44306	6	0	0
1	232500001	1.43119	1.44306	6	0	0
1	233000001	1.51973	1.44306	6	0	0
1	233500001	1.48708	1.44306	6	0	0
1	234000001	1.53069	1.44306	6	0	0
1	234500001	1.51868	1.44306	6	0	0
1	235000001	1.47519	1.44306	6	0	0
1	235500001	1.5236	1.44306	6	0	0
1	236000001	1.45839	1.44306	6	0	0
1	236500001	1.45585	1.44306	6	0	0
1	237000001	1.38287	1.44306	6	0	0
1	237500001	1.36376	1.44306	6	0	0
1	238000001	1.40476	1.44306	6	0	0
1	238500001	1.4145	1.44306	6	0	0
1	239000001	1.41696	1.44306	6	0	0
1	239500001	1.44488	1.44306	6	0	0
1	240000001	1.48521	1.44306	6	0	0
1	240500001	1.50787	1.44306	6	0	0
1	241000001	1.44125	1.44306	6	0	0
1	241500001	1.50589	1.44306	6	0	0
1	242000001	1.42232	1.44306	6	0	0
1	242500001	1.38572	1.44306	6	0	0
1	243000001	1.47722	1.44306	6	0	0
1	243500001	1.48	1.44306	6	0	0
1	244000001	1.45261	1.44306	6	0	0
1	244500001	1.43827	1.44306	6	0	0
1	245000001	1.52018	1.44306	6	0	0
1	245500001	1.34945	1.44306	6	0	0
1	246000001	1.44727	1.44306	6	0	0
1	246500001	1.44499	1.44306	6	0	0
1	247000001	1.39504	1.44306	6	0	0
1	247500001	1.36672	1.44306	6	0	0
1	248000001	1.39194	1.44306	6	0	0
1	248500001	1.20975	1.44306	6	0	0
10	1	1.72248	1.5458	6	0	0
10	500001	1.75687	1.5458	6	0	0
10	1000001	1.73599	1.5458	6	0	0
10	1500001	1.42043	1.5458	6	0	0
10	2000001	1.48973	1.5458	6	0	0
10	2500001	1.50307	1.5458	6	0	0
10	3000001	1.52412	1.5458	6	0	0
10	3500001	1.62391	1.5458	6	0	0
10	4000001	1.58735	1.5458	6	0	0
10	4500001	1.62114	1.5458	6	0	0
10	5000001	1.62894	1.5458	6	0	0
10	5500001	1.50987	1.5458	6	0	0
10	6000001	1.52855	1.5458	6	0	0
10	6500001	1.5458	1.5458	6	0	0
10	7000001	1.40656	1.5458	6	0	0
10	7500001	1.9744	1.9744	8	0	0
10	8000001	2.43968	2.56348	10	0	0
10	8500001	2.68729	2.56348	10	0	0
10	9000001	1.7815	1.47057	6	0	0
10	9500001	1.4684	1.47057	6	0	0
10	10000001	1.46021	1.47057	6	0	0
10	10500001	1.47274	1.47057	6	0	0
10	11000001	1.53733	1.47057	6	0	0
10	11500001	1.57198	1.47057	6	0	0
10	12000001	1.46283	1.47057	6	0	0
10	12500001	1.47294	1.47057	6	0	0
10	13000001	1.56194	1.47057	6	0	0
10	13500001	1.53788	1.47057	6	0	0
10	14000001	1.55235	1.47057	6	0	0
10	14500001	1.53246	1.47057	6	0	0
10	15000001	1.49077	1.47057	6	0	0
10	15500001	1.43923	1.47057	6	0	0
10	16000001	1.39923	1.47057	6	0	0
10	16500001	1.46069	1.47057	6	0	0
10	17000001	1.46788	1.47057	6	0	0
10	17500001	1.49091	1.47057	6	0	0
10	18000001	1.37984	1.47057	6	0	0
10	18500001	1.3821	1.47057	6	0	0
10	19000001	1.39292	1.47057	6	0	0
10	19500001	1.37902	1.47057	6	0	0
10	20000001	0.656106	0.513518	2	0	0
10	20500001	0.522194	0.513518	2	0	0
10	21000001	0.491737	0.513518	2	0	0
10	21500001	0.502881	0.513518	2	0	0
10	22000001	0.532438	0.513518	2	0	0
10	22500001	0.532872	0.513518	2	0	0
10	23000001	0.521297	0.513518	2	0	0
10	23500001	0.513518	0.513518	2	0	0
10	24000001	0.502745	0.513518	2	0	0
10	24500001	0.540733	0.513518	2	0	0
10	25000001	0.537993	0.513518	2	0	0
10	25500001	0.486352	0.513518	2	0	0
10	26000001	0.482414	0.513518	2	0	0
10	26500001	0.518393	0.513518	2	0	0
10	27000001	0.519309	0.513518	2	0	0
10	27500001	0.478345	0.513518	2	0	0
10	28000001	0.504185	0.513518	2	0	0
10	28500001	0.510102	0.513518	2	0	0
10	29000001	0.508488	0.513518	2	0	0
10	29500001	0.847963	1.02531	4	0	0
10	30000001	1.00466	1.02531	4	0	0
10	30500001	1.01063	1.02531	4	0	0
10	31000001	1.00434	1.02531	4	0	0
10	31500001	1.23206	1.02531	4	0	0
10	32000001	1.11693	1.02531	4	0	0
10	32500001	1.11064	1.02531	4	0	0
10	33000001	1.05749	1.02531	4	0	0
10	33500001	1.02053	1.02531	4	0	0
10	34000001	1.0452	1.02531	4	0	0
10	34500001	1.02087	1.02531	4	0	0
10	35000001	1.02975	1.02531	4	0	0
10	35500001	1.04227	1.02531	4	0	0
10	36000001	1.0622	1.02531	4	0	0
10	36500001	0.99263	1.02531	4	0	0
10	37000001	0.950739	1.02531	4	0	0
10	37500001	0.934185	1.02531	4	0	0
10	38000001	0.952972	1.02531	4	0	0
10	38500001	1.05769	1.02531	4	0	0
10	39000001	1.05162	1.02531	4	0	0
10	39500001	0.415809	0.415809	2	0	0
10	40000001	1.47551	1.6435	7	0	0
10	40500001	1.81149	1.6435	7	0	0
10	41000001	0.980049	0.980049	4	0	0
10	41500001	-1	-1	-1	0	0
10	42000001	2.85685	2.85685	11	0	0
10	42500001	1.23146	1.23357	5	0	0
10	43000001	1.16967	1.23357	5	0	0
10	43500001	1.16773	1.23357	5	0	0
10	44000001	1.12325	1.23357	5	0	0
10	44500001	1.19329	1.23357	5	0	0
10	45000001	1.23653	1.23357	5	0	0
10	45500001	1.23358	1.23357	5	0	0
10	46000001	1.18521	1.23357	5	0	0
10	46500001	1.38469	1.23357	5	0	0
10	47000001	1.33751	1.23357	5	0	0
10	47500001	-1	1.23357	5	0	0
10	48000001	1.27461	1.23357	5	0	0
10	48500001	1.23357	1.23357	5	0	0
10	49000001	1.19177	1.23357	5	0	0
10	49500001	1.2367	1.23357	5	0	0
10	50000001	1.17647	1.23357	5	0	0
10	50500001	1.26415	1.23357	5	0	0
10	51000001	1.18429	1.23357	5	0	0
10	51500001	1.26697	1.23357	5	0	0
10	52000001	1.36111	1.23357	5	0	0
10	52500001	1.29745	1.23357	5	0	0
10	53000001	1.4867	1.69804	7	0	0
10	53500001	1.7075	1.69804	7	0	0
10	54000001	1.72456	1.69804	7	0	0
10	54500001	1.68859	1.69804	7	0	0
10	55000001	1.19925	1.23613	5	0	0
10	55500001	1.16605	1.23613	5	0	0
10	56000001	1.17852	1.23613	5	0	0
10	56500001	1.14636	1.23613	5	0	0
10	57000001	1.20669	1.23613	5	0	0
10	57500001	1.16323	1.23613	5	0	0
10	58000001	1.2227	1.23613	5	0	0
10	58500001	1.21329	1.23613	5	0	0
10	59000001	1.25448	1.23613	5	0	0
10	59500001	1.26444	1.23613	5	0	0
10	60000001	1.31887	1.23613	5	0	0
10	60500001	1.29924	1.23613	5	0	0
10	61000001	1.30328	1.23613	5	0	0
10	61500001	1.34503	1.23613	5	0	0
10	62000001	1.32736	1.23613	5	0	0
10	62500001	1.28068	1.23613	5	0	0
10	63000001	1.23975	1.23613	5	0	0
10	63500001	1.27833	1.23613	5	0	0
10	64000001	1.21625	1.23613	5	0	0
10	64500001	1.25116	1.23613	5	0	0
10	65000001	1.23772	1.23613	5	0	0
10	65500001	1.2583	1.23613	5	0	0
10	66000001	1.24216	1.23613	5	0	0
10	66500001	1.20695	1.23613	5	0	0
10	67000001	1.23651	1.23613	5	0	0
10	67500001	1.25922	1.23613	5	0	0
10	68000001	1.26526	1.23613	5	0	0
10	68500001	1.20017	1.23613	5	0	0
10	69000001	1.25246	1.23613	5	0	0
10	69500001	1.27718	1.23613	5	0	0
10	70000001	1.26409	1.23613	5	0	0
10	70500001	1.26134	1.23613	5	0	0
10	71000001	1.2684	1.23613	5	0	0
10	71500001	1.25275	1.23613	5	0	0
10	72000001	1.28492	1.23613	5	0	0
10	72500001	1.25995	1.23613	5	0	0
10	73000001	1.24638	1.23613	5	0	0
10	73500001	1.28989	1.23613	5	0	0
10	74000001	1.30402	1.23613	5	0	0
10	74500001	1.25974	1.23613	5	0	0
10	75000001	1.25705	1.23613	5	0	0
10	75500001	1.07099	1.23613	5	0	0
10	76000001	1.16133	1.23613	5	0	0
10	76500001	1.21739	1.23613	5	0	0
10	77000001	1.21887	1.23613	5	0	0
10	77500001	1.18507	1.23613	5	0	0
10	78000001	1.29564	1.23613	5	0	0
10	78500001	1.26117	1.23613	5	0	0
10	79000001	1.21914	1.23613	5	0	0
10	79500001	1.2726	1.23613	5	0	0
10	80000001	1.22303	1.23613	5	0	0
10	80500001	1.21212	1.23613	5	0	0
10	81000001	1.14596	1.23613	5	0	0
10	81500001	1.15847	1.23613	5	0	0
10	82000001	1.09853	1.23613	5	0	0
10	82500001	1.15305	1.23613	5	0	0
10	83000001	1.15884	1.23613	5	0	0
10	83500001	1.16962	1.23613	5	0	0
10	84000001	1.19561	1.23613	5	0	0
10	84500001	1.19212	1.23613	5	0	0
10	85000001	1.1331	1.23613	5	0	0
10	85500001	1.17525	1.23613	5	0	0
10	86000001	1.20936	1.23613	5	0	0
10	86500001	1.28418	1.23613	5	0	0
10	87000001	1.25471	1.23613	5	0	0
10	87500001	1.31806	1.23613	5	0	0
10	88000001	1.35479	1.23613	5	0	0
10	88500001	1.36295	1.23613	5	0	0
10	89000001	1.38054	1.23613	5	0	0
10	89500001	1.31928	1.23613	5	0	0
10	90000001	1.3186	1.23613	5	0	0
10	90500001	1.29151	1.23613	5	0	0
10	91000001	1.22839	1.23613	5	0	0
10	91500001	1.26984	1.23613	5	0	0
10	92000001	1.27507	1.23613	5	0	0
10	92500001	1.25779	1.23613	5	0	0
10	93000001	1.27553	1.23613	5	0	0
10	93500001	1.30206	1.23613	5	0	0
10	94000001	1.32232	1.23613	5	0	0
10	94500001	1.25447	1.23613	5	0	0
10	95000001	1.28069	1.23613	5	0	0
10	95500001	1.24759	1.23613	5	0	0
10	96000001	1.22475	1.23613	5	0	0
10	96500001	1.20217	1.23613	5	0	0
10	97000001	1.23411	1.23613	5	0	0
10	97500001	1.29712	1.23613	5	0	0
10	98000001	1.27754	1.23613	5	0	0
10	98500001	1.21499	1.23613	5	0	0
10	99000001	1.2665	1.23613	5	0	0
10	99500001	1.2732	1.23613	5	0	0
10	100000001	1.23965	1.23613	5	0	0
10	100500001	1.19366	1.23613	5	0	0
10	101000001	1.25177	1.23613	5	0	0
10	101500001	1.2486	1.23613	5	0	0
10	102000001	1.23542	1.23613	5	0	0
10	102500001	1.2667	1.23613	5	0	0
10	103000001	1.23373	1.23613	5	0	0
10	103500001	1.27494	1.23613	5	0	0
10	104000001	1.30029	1.23613	5	0	0
10	104500001	1.21576	1.23613	5	0	0
10	105000001	1.15431	1.23613	5	0	0
10	105500001	1.17193	1.23613	5	0	0
10	106000001	1.22047	1.23613	5	0	0
10	106500001	1.16804	1.23613	5	0	0
10	107000001	1.12582	1.23613	5	0	0
10	107500001	1.16104	1.23613	5	0	0
10	108000001	1.1263	1.23613	5	0	0
10	108500001	1.12284	1.23613	5	0	0
10	109000001	1.16718	1.23613	5	0	0
10	109500001	1.23826	1.23613	5	0	0
10	110000001	1.29248	1.23613	5	0	0
10	110500001	1.31122	1.23613	5	0	0
10	111000001	1.21873	1.23613	5	0	0
10	111500001	1.14282	1.23613	5	0	0
10	112000001	1.23231	1.23613	5	0	0
10	112500001	1.26278	1.23613	5	0	0
10	113000001	1.25521	1.23613	5	0	0
10	113500001	1.27122	1.23613	5	0	0
10	114000001	1.27893	1.23613	5	0	0
10	114500001	1.23988	1.23613	5	0	0
10	115000001	1.2019	1.23613	5	0	0
10	115500001	1.18076	1.23613	5	0	0
10	116000001	1.13202	1.23613	5	0	0
10	116500001	1.26473	1.23613	5	0	0
10	117000001	1.2099	1.23613	5	0	0
10	117500001	1.14682	1.23613	5	0	0
10	118000001	1.18252	1.23613	5	0	0
10	118500001	1.28765	1.23613	5	0	0
10	119000001	1.27705	1.23613	5	0	0
10	119500001	1.10066	1.23613	5	0	0
10	120000001	1.2465	1.23613	5	0	0
10	120500001	1.24673	1.23613	5	0	0
10	121000001	1.21517	1.23613	5	0	0
10	121500001	1.20586	1.23613	5	0	0
10	122000001	1.23931	1.23613	5	0	0
10	122500001	1.2452	1.23613	5	0	0
10	123000001	1.17798	1.23613	5	0	0
10	123500001	1.20595	1.23613	5	0	0
10	124000001	1.23534	1.23613	5	0	0
10	124500001	1.2585	1.23613	5	0	0
10	125000001	1.18258	1.23613	5	0	0
10	125500001	1.2808	1.23613	5	0	0
10	126000001	1.23613	1.23613	5	0	0
10	126500001	1.21028	1.23613	5	0	0
10	127000001	1.16286	1.23613	5	0	0
10	127500001	1.18022	1.23613	5	0	0
10	128000001	1.17531	1.23613	5	0	0
10	128500001	1.17868	1.23613	5	0	0
10	129000001	1.11318	1.23613	5	0	0
10	129500001	1.09393	1.23613	5	0	0
10	130000001	1.10717	1.23613	5	0	0
10	130500001	1.0668	1.23613	5	0	0
10	131000001	1.11153	1.23613	5	0	0
10	131500001	1.16477	1.23613	5	0	0
10	132000001	1.1927	1.23613	5	0	0
10	132500001	1.23094	1.23613	5	0	0
10	133000001	1.15968	1.23613	5	0	0
10	133500001	-1	-1	-1	0	0
11	1	0.522431	0.522431	2	0	0
11	500001	1.55767	1.69983	7	0	0
11	1000001	1.84199	1.69983	7	0	0
11	1500001	0.800837	0.485933	2	0	0
11	2000001	0.469106	0.485933	2	0	0
11	2500001	0.46335	0.485933	2	0	0
11	3000001	0.467039	0.485933	2	0	0
11	3500001	0.505682	0.485933	2	0	0
11	4000001	0.485933	0.485933	2	0	0
11	4500001	0.478276	0.485933	2	0	0
11	5000001	0.520132	0.485933	2	0	0
11	5500001	0.488162	0.485933	2	0	0
11	6000001	1.48019	1.22074	5	0	0
11	6500001	2.02611	1.22074	5	0	0
11	7000001	0.84601	1.22074	5	0	0
11	7500001	0.525278	1.22074	5	0	0
11	8000001	1.22074	1.22074	5	0	0
11	8500001	1.96818	1.95136	8	0	0
11	9000001	1.53175	1.95136	8	0	0
11	9500001	1.95136	1.95136	8	0	0
11	10000001	0.549239	0.549239	2	0	0
11	10500001	0.51644	0.549239	2	0	0
11	11000001	0.856253	0.549239	2	0	0
11	11500001	2.05866	1.97454	8	0	0
11	12000001	2.09995	1.97454	8	0	0
11	12500001	2.03515	1.97454	8	0	0
11	13000001	2.04161	1.97454	8	0	0
11	13500001	2.04962	1.97454	8	0	0
11	14000001	2.0525	1.97454	8	0	0
11	14500001	1.97454	1.97454	8	0	0
11	15000001	1.86282	1.97454	8	0	0
11	15500001	1.99259	1.97454	8	0	0
11	16000001	2.1294	1.97454	8	0	0
11	16500001	1.96164	1.97454	8	0	0
11	17000001	1.92489	1.97454	8	0	0
11	17500001	1.95748	1.97454	8	0	0
11	18000001	2.00658	1.97454	8	0	0
11	18500001	1.94498	1.97454	8	0	0
11	19000001	1.96502	1.97454	8	0	0
11	19500001	1.93393	1.97454	8	0	0
11	20000001	1.95151	1.97454	8	0	0
11	20500001	1.82333	1.97454	8	0	0
11	21000001	1.82344	1.97454	8	0	0
11	21500001	1.88444	1.97454	8	0	0
11	22000001	1.90039	1.97454	8	0	0
11	22500001	1.95535	1.97454	8	0	0
11	23000001	2.00302	1.97454	8	0	0
11	23500001	1.96028	1.97454	8	0	0
11	24000001	1.94143	1.97454	8	0	0
11	24500001	2.00596	1.97454	8	0	0
11	25000001	1.92318	1.97454	8	0	0
11	25500001	2.03947	1.97454	8	0	0
11	26000001	2.05111	1.97454	8	0	0
11	26500001	1.94828	1.97454	8	0	0
11	27000001	2.04697	1.97454	8	0	0
11	27500001	2.05178	1.97454	8	0	0
11	28000001	2.09025	1.97454	8	0	0
11	28500001	2.05948	1.97454	8	0	0
11	29000001	2.22886	1.97454	8	0	0
11	29500001	2.09582	1.97454	8	0	0
11	30000001	1.80052	1.97454	8	0	0
11	30500001	1.89395	1.97454	8	0	0
11	31000001	1.97496	1.97454	8	0	0
11	31500001	1.91114	1.97454	8	0	0
11	32000001	1.1477	1.1477	5	0	0
11	32500001	0.507282	0.507282	2	0	0
11	33000001	3.38136	3.95658	16	0	0
11	33500001	4.7693	3.95658	16	0	0
11	34000001	3.95658	3.95658	16	0	0
11	34500001	5.85246	6.2682	25	0	0
11	35000001	6.27656	6.2682	25	0	0
11	35500001	6.2682	6.2682	25	0	0
11	36000001	3.32825	3.06009	12	0	0
11	36500001	2.98837	3.06009	12	0	0
11	37000001	3.32725	3.06009	12	0	0
11	37500001	3.05865	3.06009	12	0	0
11	38000001	3.06154	3.06009	12	0	0
11	38500001	3.03226	3.06009	12	0	0
11	39000001	1.75744	1.75744	7	0	0
11	39500001	1.06402	0.959594	4	0	0
11	40000001	0.957092	0.959594	4	0	0
11	40500001	0.92025	0.959594	4	0	0
11	41000001	0.958259	0.959594	4	0	0
11	41500001	0.897194	0.959594	4	0	0
11	42000001	0.922319	0.959594	4	0	0
11	42500001	0.922728	0.959594	4	0	0
11	43000001	0.970826	0.959594	4	0	0
11	43500001	0.987449	0.959594	4	0	0
11	44000001	0.960929	0.959594	4	0	0
11	44500001	0.95064	0.959594	4	0	0
11	45000001	0.992279	0.959594	4	0	0
11	45500001	0.996165	0.959594	4	0	0
11	46000001	1.00009	0.959594	4	0	0
11	46500001	1.32846	1.37102	5	0	0
11	47000001	1.52088	1.37102	5	0	0
11	47500001	1.49733	1.37102	5	0	0
11	48000001	1.05806	1.37102	5	0	0
11	48500001	1.02599	1.37102	5	0	0
11	49000001	1.37076	1.37102	5	0	0
11	49500001	1.37128	1.37102	5	0	0
11	50000001	1.38002	1.37102	5	0	0
11	50500001	-1	-1	-1	0	0
11	51000001	-1	-1	-1	0	0
11	51500001	2.35019	2.18415	9	0	0
11	52000001	2.01811	2.18415	9	0	0
11	52500001	1.46868	1.41837	6	0	0
11	53000001	1.37961	1.41837	6	0	0
11	53500001	1.33295	1.41837	6	0	0
11	54000001	-1	1.41837	6	0	0
11	54500001	1.38604	1.41837	6	0	0
11	55000001	1.48208	1.41837	6	0	0
11	55500001	1.44921	1.41837	6	0	0
11	56000001	1.41837	1.41837	6	0	0
11	56500001	1.96688	1.95987	8	0	0
11	57000001	1.95287	1.95987	8	0	0
11	57500001	1.93618	1.95987	8	0	0
11	58000001	2.04923	1.95987	8	0	0
11	58500001	1.10203	1.01758	4	0	0
11	59000001	0.97502	1.01758	4	0	0
11	59500001	1.00505	1.01758	4	0	0
11	60000001	0.972294	1.01758	4	0	0
11	60500001	0.940228	1.01758	4	0	0
11	61000001	1.02705	1.01758	4	0	0
11	61500001	1.01758	1.01758	4	0	0
11	62000001	1.03702	1.01758	4	0	0
11	62500001	0.992905	1.01758	4	0	0
11	63000001	1.06507	1.01758	4	0	0
11	63500001	1.02477	1.01758	4	0	0
11	64000001	1.01102	1.01758	4	0	0
11	64500001	1.03422	1.01758	4	0	0
11	65000001	1.52148	1.52047	6	0	0
11	65500001	1.63822	1.52047	6	0	0
11	66000001	1.58308	1.52047	6	0	0
11	66500001	1.51695	1.52047	6	0	0
11	67000001	1.53146	1.52047	6	0	0
11	67500001	1.49353	1.52047	6	0	0
11	68000001	1.49649	1.52047	6	0	0
11	68500001	1.50719	1.52047	6	0	0
11	69000001	1.51448	1.52047	6	0	0
11	69500001	1.51162	1.52047	6	0	0
11	70000001	1.54706	1.52047	6	0	0
11	70500001	1.48358	1.52047	6	0	0
11	71000001	1.49651	1.52047	6	0	0
11	71500001	1.55987	1.52047	6	0	0
11	72000001	1.51855	1.52047	6	0	0
11	72500001	1.52973	1.52047	6	0	0
11	73000001	1.58776	1.52047	6	0	0
11	73500001	1.54513	1.52047	6	0	0
11	74000001	1.57198	1.52047	6	0	0
11	74500001	1.55089	1.52047	6	0	0
11	75000001	1.4951	1.52047	6	0	0
11	75500001	1.50879	1.52047	6	0	0
11	76000001	1.51945	1.52047	6	0	0
11	76500001	1.54359	1.52047	6	0	0
11	77000001	2.1352	2.32768	9	0	0
11	77500001	2.53425	2.32768	9	0	0
11	78000001	2.48385	2.32768	9	0	0
11	78500001	2.37293	2.32768	9	0	0
11	79000001	2.28768	2.32768	9	0	0
11	79500001	2.32768	2.32768	9	0	0
11	80000001	2.17312	2.32768	9	0	0
11	80500001	1.41438	1.60769	6	0	0
11	81000001	1.80101	1.60769	6	0	0
11	81500001	2.79557	2.99886	12	0	0
11	82000001	2.99886	2.99886	12	0	0
11	82500001	3.09347	2.99886	12	0	0
11	83000001	3.00099	2.99886	12	0	0
11	83500001	2.9171	2.99886	12	0	0
11	84000001	1.81567	1.51386	6	0	0
11	84500001	1.46691	1.51386	6	0	0
11	85000001	1.489	1.51386	6	0	0
11	85500001	1.6336	1.51386	6	0	0
11	86000001	1.56549	1.51386	6	0	0
11	86500001	1.61538	1.51386	6	0	0
11	87000001	1.54476	1.51386	6	0	0
11	87500001	1.47823	1.51386	6	0	0
11	88000001	1.55722	1.51386	6	0	0
11	88500001	1.57065	1.51386	6	0	0
11	89000001	1.51847	1.51386	6	0	0
11	89500001	1.408	1.51386	6	0	0
11	90000001	1.35588	1.51386	6	0	0
11	90500001	1.49433	1.51386	6	0	0
11	91000001	1.48953	1.51386	6	0	0
11	91500001	1.47773	1.51386	6	0	0
11	92000001	1.45909	1.51386	6	0	0
11	92500001	1.46254	1.51386	6	0	0
11	93000001	1.50445	1.51386	6	0	0
11	93500001	1.50909	1.51386	6	0	0
11	94000001	1.61477	1.51386	6	0	0
11	94500001	1.62018	1.51386	6	0	0
11	95000001	1.55131	1.51386	6	0	0
11	95500001	1.50282	1.51386	6	0	0
11	96000001	1.58832	1.51386	6	0	0
11	96500001	1.57114	1.51386	6	0	0
11	97000001	1.43525	1.51386	6	0	0
11	97500001	1.42021	1.51386	6	0	0
11	98000001	1.40573	1.51386	6	0	0
11	98500001	1.44728	1.51386	6	0	0
11	99000001	1.47073	1.51386	6	0	0
11	99500001	1.43294	1.51386	6	0	0
11	100000001	1.5188	1.51386	6	0	0
11	100500001	1.51268	1.51386	6	0	0
11	101000001	1.50277	1.51386	6	0	0
11	101500001	1.5834	1.51386	6	0	0
11	102000001	1.54138	1.51386	6	0	0
11	102500001	1.64519	1.51386	6	0	0
11	103000001	1.62761	1.51386	6	0	0
11	103500001	1.50396	1.51386	6	0	0
11	104000001	1.53627	1.51386	6	0	0
11	104500001	1.54707	1.51386	6	0	0
11	105000001	1.57352	1.51386	6	0	0
11	105500001	1.54891	1.51386	6	0	0
11	106000001	1.50365	1.51386	6	0	0
11	106500001	1.46674	1.51386	6	0	0
11	107000001	1.45537	1.51386	6	0	0
11	107500001	1.48763	1.51386	6	0	0
11	108000001	1.49937	1.51386	6	0	0
11	108500001	1.56344	1.51386	6	0	0
11	109000001	1.56184	1.51386	6	0	0
11	109500001	1.57201	1.51386	6	0	0
11	110000001	1.58421	1.51386	6	0	0
11	110500001	1.51504	1.51386	6	0	0
11	111000001	2.10037	2.0769	8	0	0
11	111500001	2.00047	2.0769	8	0	0
11	112000001	2.0769	2.0769	8	0	0
11	112500001	1.32207	0.957185	4	0	0
11	113000001	0.957185	0.957185	4	0	0
11	113500001	0.935841	0.957185	4	0	0
11	114000001	0.933546	0.957185	4	0	0
11	114500001	0.933446	0.957185	4	0	0
11	115000001	0.954416	0.957185	4	0	0
11	115500001	0.906019	0.957185	4	0	0
11	116000001	0.977193	0.957185	4	0	0
11	116500001	0.989598	0.957185	4	0	0
11	117000001	0.995323	0.957185	4	0	0
11	117500001	1.18131	0.957185	4	0	0
11	118000001	2.08979	1.56091	6	0	0
11	118500001	2.02417	1.56091	6	0	0
11	119000001	1.56335	1.56091	6	0	0
11	119500001	1.5004	1.56091	6	0	0
11	120000001	1.5232	1.56091	6	0	0
11	120500001	1.45091	1.56091	6	0	0
11	121000001	1.51109	1.56091	6	0	0
11	121500001	1.56354	1.56091	6	0	0
11	122000001	1.58963	1.56091	6	0	0
11	122500001	1.55848	1.56091	6	0	0
11	123000001	1.47087	1.44013	6	0	0
11	123500001	1.46118	1.44013	6	0	0
11	124000001	1.45088	1.44013	6	0	0
11	124500001	1.4803	1.44013	6	0	0
11	125000001	1.46382	1.44013	6	0	0
11	125500001	1.4521	1.44013	6	0	0
11	126000001	0.779727	1.44013	6	0	0
11	126500001	1.28992	1.44013	6	0	0
11	127000001	1.40584	1.44013	6	0	0
11	127500001	1.5346	1.44013	6	0	0
11	128000001	1.57867	1.44013	6	0	0
11	128500001	1.518	1.44013	6	0	0
11	129000001	1.62595	1.44013	6	0	0
11	129500001	1.58835	1.44013	6	0	0
11	130000001	1.54109	1.44013	6	0	0
11	130500001	1.44013	1.44013	6	0	0
11	131000001	1.4141	1.44013	6	0	0
11	131500001	1.42915	1.44013	6	0	0
11	132000001	1.38691	1.44013	6	0	0
11	132500001	1.34109	1.44013	6	0	0
11	133000001	1.39058	1.44013	6	0	0
11	133500001	1.3703	1.44013	6	0	0
11	134000001	1.35087	1.44013	6	0	0
11	134500001	1.35896	1.44013	6	0	0
11	135000001	0.234485	1.44013	6	0	0
12	1	1.86738	1.82249	7	0	0
12	500001	1.7776	1.82249	7	0	0
12	1000001	1.03945	1.00609	4	0	0
12	1500001	0.992315	1.00609	4	0	0
12	2000001	0.998815	1.00609	4	0	0
12	2500001	0.993942	1.00609	4	0	0
12	3000001	1.03363	1.00609	4	0	0
12	3500001	0.986753	1.00609	4	0	0
12	4000001	1.00114	1.00609	4	0	0
12	4500001	0.981393	1.00609	4	0	0
12	5000001	1.00609	1.00609	4	0	0
12	5500001	1.04786	1.00609	4	0	0
12	6000001	1.02181	1.00609	4	0	0
12	6500001	1.01675	1.00609	4	0	0
12	7000001	1.04261	1.00609	4	0	0
12	7500001	0.984889	1.00609	4	0	0
12	8000001	1.19766	1.00609	4	0	0
12	8500001	1.44321	1.53868	6	0	0
12	9000001	1.53686	1.53868	6	0	0
12	9500001	1.60196	1.53868	6	0	0
12	10000001	1.60785	1.53868	6	0	0
12	10500001	1.64588	1.53868	6	0	0
12	11000001	1.5925	1.53868	6	0	0
12	11500001	1.77775	1.53868	6	0	0
12	12000001	1.69741	1.53868	6	0	0
12	12500001	1.5384	1.53868	6	0	0
12	13000001	1.66298	1.53868	6	0	0
12	13500001	1.5483	1.53868	6	0	0
12	14000001	1.45218	1.53868	6	0	0
12	14500001	1.5105	1.53868	6	0	0
12	15000001	1.57881	1.53868	6	0	0
12	15500001	1.53897	1.53868	6	0	0
12	16000001	1.54572	1.53868	6	0	0
12	16500001	1.48839	1.53868	6	0	0
12	17000001	1.45689	1.53868	6	0	0
12	17500001	1.51229	1.53868	6	0	0
12	18000001	1.60416	1.53868	6	0	0
12	18500001	1.63476	1.53868	6	0	0
12	19000001	1.54262	1.53868	6	0	0
12	19500001	1.50234	1.53868	6	0	0
12	20000001	1.41405	1.53868	6	0	0
12	20500001	1.44972	1.53868	6	0	0
12	21000001	1.48938	1.53868	6	0	0
12	21500001	1.48118	1.53868	6	0	0
12	22000001	1.37885	1.53868	6	0	0
12	22500001	1.46475	1.53868	6	0	0
12	23000001	1.55549	1.53868	6	0	0
12	23500001	1.87061	2.01963	8	0	0
12	24000001	1.93649	2.01963	8	0	0
12	24500001	1.96674	2.01963	8	0	0
12	25000001	1.91713	2.01963	8	0	0
12	25500001	2.03779	2.01963	8	0	0
12	26000001	2.14212	2.01963	8	0	0
12	26500001	2.09183	2.01963	8	0	0
12	27000001	2.13074	2.01963	8	0	0
12	27500001	2.14279	2.01963	8	0	0
12	28000001	2.20813	2.01963	8	0	0
12	28500001	2.14224	2.01963	8	0	0
12	29000001	2.05856	2.01963	8	0	0
12	29500001	1.95197	2.01963	8	0	0
12	30000001	1.96963	2.01963	8	0	0
12	30500001	1.98452	2.01963	8	0	0
12	31000001	2.00146	2.01963	8	0	0
12	31500001	1.56412	1.83481	7	0	0
12	32000001	1.79971	1.83481	7	0	0
12	32500001	1.86724	1.83481	7	0	0
12	33000001	1.46493	1.83481	7	0	0
12	33500001	1.91498	1.83481	7	0	0
12	34000001	1.86811	1.83481	7	0	0
12	34500001	1.83481	1.83481	7	0	0
12	35000001	2.58542	2.58542	10	0	0
12	35500001	1.98129	1.98129	8	0	0
12	36000001	1.61526	1.61526	6	0	0
12	36500001	1.71443	1.61526	6	0	0
12	37000001	1.3547	1.61526	6	0	0
12	37500001	0.987927	1.00788	4	0	0
12	38000001	0.992841	1.00788	4	0	0
12	38500001	0.97818	1.00788	4	0	0
12	39000001	0.96505	1.00788	4	0	0
12	39500001	1.0081	1.00788	4	0	0
12	40000001	0.958641	1.00788	4	0	0
12	40500001	0.919674	1.00788	4	0	0
12	41000001	0.958965	1.00788	4	0	0
12	41500001	0.951161	1.00788	4	0	0
12	42000001	0.964483	1.00788	4	0	0
12	42500001	0.948113	1.00788	4	0	0
12	43000001	0.9886	1.00788	4	0	0
12	43500001	1.03276	1.00788	4	0	0
12	44000001	1.00016	1.00788	4	0	0
12	44500001	0.99309	1.00788	4	0	0
12	45000001	1.00788	1.00788	4	0	0
12	45500001	1.05619	1.00788	4	0	0
12	46000001	1.06816	1.00788	4	0	0
12	46500001	1.10273	1.00788	4	0	0
12	47000001	1.0403	1.00788	4	0	0
12	47500001	1.01936	1.00788	4	0	0
12	48000001	1.01299	1.00788	4	0	0
12	48500001	0.963617	1.00788	4	0	0
12	49000001	1.00365	1.00788	4	0	0
12	49500001	1.01666	1.00788	4	0	0
12	50000001	1.00428	1.00788	4	0	0
12	50500001	1.02844	1.00788	4	0	0
12	51000001	0.974028	1.00788	4	0	0
12	51500001	1.04385	1.00788	4	0	0
12	52000001	1.00764	1.00788	4	0	0
12	52500001	1.04039	1.00788	4	0	0
12	53000001	1.01261	1.00788	4	0	0
12	53500001	0.994855	1.00788	4	0	0
12	54000001	1.01177	1.00788	4	0	0
12	54500001	1.03725	1.00788	4	0	0
12	55000001	1.04863	1.00788	4	0	0
12	55500001	1.01161	1.00788	4	0	0
12	56000001	1.2253	1.00788	4	0	0
12	56500001	0.948602	1.00788	4	0	0
12	57000001	1.00263	1.00788	4	0	0
12	57500001	0.999438	1.00788	4	0	0
12	58000001	0.986645	1.00788	4	0	0
12	58500001	1.01232	1.00788	4	0	0
12	59000001	1.01879	1.00788	4	0	0
12	59500001	0.924912	1.00788	4	0	0
12	60000001	1.03635	1.00788	4	0	0
12	60500001	0.94921	1.00788	4	0	0
12	61000001	0.937257	1.00788	4	0	0
12	61500001	0.953084	1.00788	4	0	0
12	62000001	0.98273	1.00788	4	0	0
12	62500001	1.02173	1.00788	4	0	0
12	63000001	1.03759	1.00788	4	0	0
12	63500001	1.02303	1.00788	4	0	0
12	64000001	1.03097	1.00788	4	0	0
12	64500001	1.02797	1.00788	4	0	0
12	65000001	1.03836	1.00788	4	0	0
12	65500001	1.09687	1.00788	4	0	0
12	66000001	0.984593	1.00788	4	0	0
12	66500001	0.970078	1.00788	4	0	0
12	67000001	0.941805	1.00788	4	0	0
12	67500001	1.05215	1.00788	4	0	0
12	68000001	1.00562	1.00788	4	0	0
12	68500001	0.98188	1.00788	4	0	0
12	69000001	0.985794	1.00788	4	0	0
12	69500001	0.997762	1.00788	4	0	0
12	70000001	1.01896	1.00788	4	0	0
12	70500001	1.05253	1.00788	4	0	0
12	71000001	1.02334	1.00788	4	0	0
12	71500001	1.05564	1.00788	4	0	0
12	72000001	1.01751	1.00788	4	0	0
12	72500001	0.993216	1.00788	4	0	0
12	73000001	1.02422	1.00788	4	0	0
12	73500001	1.01339	1.00788	4	0	0
12	74000001	1.06032	1.00788	4	0	0
12	74500001	1.04581	1.00788	4	0	0
12	75000001	1.08648	1.00788	4	0	0
12	75500001	1.09538	1.00788	4	0	0
12	76000001	1.02145	1.00788	4	0	0
12	76500001	1.03574	1.00788	4	0	0
12	77000001	0.943228	1.00788	4	0	0
12	77500001	0.99642	1.00788	4	0	0
12	78000001	1.00479	1.00788	4	0	0
12	78500001	1.01674	1.00788	4	0	0
12	79000001	1.03979	1.00788	4	0	0
12	79500001	1.05163	1.00788	4	0	0
12	80000001	1.03337	1.00788	4	0	0
12	80500001	0.950285	1.00788	4	0	0
12	81000001	0.961158	1.00788	4	0	0
12	81500001	0.886512	1.00788	4	0	0
12	82000001	0.898481	1.00788	4	0	0
12	82500001	0.945467	1.00788	4	0	0
12	83000001	0.95326	1.00788	4	0	0
12	83500001	0.963981	1.00788	4	0	0
12	84000001	0.991079	1.00788	4	0	0
12	84500001	1.0518	1.00788	4	0	0
12	85000001	0.998125	1.00788	4	0	0
12	85500001	1.03569	1.00788	4	0	0
12	86000001	1.03509	1.00788	4	0	0
12	86500001	1.05779	1.00788	4	0	0
12	87000001	1.05606	1.00788	4	0	0
12	87500001	1.04951	1.00788	4	0	0
12	88000001	1.15107	1.00788	4	0	0
12	88500001	1.07313	1.00788	4	0	0
12	89000001	1.04512	1.00788	4	0	0
12	89500001	1.03082	1.00788	4	0	0
12	90000001	1.03808	1.00788	4	0	0
12	90500001	1.05135	1.00788	4	0	0
12	91000001	1.07438	1.00788	4	0	0
12	91500001	0.970364	1.00788	4	0	0
12	92000001	0.981264	1.00788	4	0	0
12	92500001	1.07742	1.00788	4	0	0
12	93000001	1.02614	1.00788	4	0	0
12	93500001	1.09292	1.00788	4	0	0
12	94000001	0.981629	1.00788	4	0	0
12	94500001	0.993376	1.00788	4	0	0
12	95000001	1.00429	1.00788	4	0	0
12	95500001	0.98619	1.00788	4	0	0
12	96000001	1.01924	1.00788	4	0	0
12	96500001	1.03235	1.00788	4	0	0
12	97000001	0.950733	1.00788	4	0	0
12	97500001	0.910977	1.00788	4	0	0
12	98000001	0.924087	1.00788	4	0	0
12	98500001	1.02939	1.00788	4	0	0
12	99000001	0.951541	1.00788	4	0	0
12	99500001	0.975996	1.00788	4	0	0
12	100000001	0.917926	1.00788	4	0	0
12	100500001	0.896483	1.00788	4	0	0
12	101000001	0.958425	1.00788	4	0	0
12	101500001	0.972419	1.00788	4	0	0
12	102000001	0.960157	1.00788	4	0	0
12	102500001	0.908962	1.00788	4	0	0
12	103000001	1.32747	1.44451	6	0	0
12	103500001	1.51539	1.44451	6	0	0
12	104000001	1.53648	1.44451	6	0	0
12	104500001	1.52535	1.44451	6	0	0
12	105000001	1.49224	1.44451	6	0	0
12	105500001	1.50024	1.44451	6	0	0
12	106000001	1.47768	1.44451	6	0	0
12	106500001	1.50451	1.44451	6	0	0
12	107000001	1.44762	1.44451	6	0	0
12	107500001	1.43772	1.44451	6	0	0
12	108000001	1.41738	1.44451	6	0	0
12	108500001	1.46776	1.44451	6	0	0
12	109000001	1.50035	1.44451	6	0	0
12	109500001	1.46555	1.44451	6	0	0
12	110000001	1.46908	1.44451	6	0	0
12	110500001	1.47165	1.44451	6	0	0
12	111000001	1.44626	1.44451	6	0	0
12	111500001	1.47734	1.44451	6	0	0
12	112000001	1.43524	1.44451	6	0	0
12	112500001	1.50367	1.44451	6	0	0
12	113000001	1.429	1.44451	6	0	0
12	113500001	1.43762	1.44451	6	0	0
12	114000001	1.41207	1.44451	6	0	0
12	114500001	1.33245	1.44451	6	0	0
12	115000001	1.34118	1.44451	6	0	0
12	115500001	1.45852	1.44451	6	0	0
12	116000001	1.44517	1.44451	6	0	0
12	116500001	1.5633	1.44451	6	0	0
12	117000001	1.41716	1.44451	6	0	0
12	117500001	1.37424	1.44451	6	0	0
12	118000001	1.33294	1.44451	6	0	0
12	118500001	1.34815	1.44451	6	0	0
12	119000001	1.40326	1.44451	6	0	0
12	119500001	1.39806	1.44451	6	0	0
12	120000001	1.45368	1.44451	6	0	0
12	120500001	1.44451	1.44451	6	0	0
12	121000001	1.51588	1.44451	6	0	0
12	121500001	1.44723	1.44451	6	0	0
12	122000001	1.47399	1.44451	6	0	0
12	122500001	1.47421	1.44451	6	0	0
12	123000001	1.48083	1.44451	6	0	0
12	123500001	1.42175	1.44451	6	0	0
12	124000001	1.47586	1.44451	6	0	0
12	124500001	1.5352	1.44451	6	0	0
12	125000001	1.46911	1.44451	6	0	0
12	125500001	1.36829	1.44451	6	0	0
12	126000001	1.36623	1.44451	6	0	0
12	126500001	1.36444	1.44451	6	0	0
12	127000001	1.35864	1.44451	6	0	0
12	127500001	1.34284	1.44451	6	0	0
12	128000001	1.28023	1.44451	6	0	0
12	128500001	1.26581	1.44451	6	0	0
12	129000001	1.28369	1.44451	6	0	0
12	129500001	1.33224	1.44451	6	0	0
12	130000001	1.3114	1.44451	6	0	0
12	130500001	1.36	1.44451	6	0	0
12	131000001	1.42413	1.44451	6	0	0
12	131500001	1.45095	1.44451	6	0	0
12	132000001	1.40166	1.44451	6	0	0
12	132500001	1.85353	1.44451	6	0	0
12	133000001	0.996814	1.44451	6	0	0
13	1	-1	-1	-1	0	0
13	500001	-1	-1	-1	0	0
13	1000001	-1	-1	-1	0	0
13	1500001	-1	-1	-1	0	0
13	2000001	-1	-1	-1	0	0
13	2500001	-1	-1	-1	0	0
13	3000001	-1	-1	-1	0	0
13	3500001	-1	-1	-1	0	0
13	4000001	-1	-1	-1	0	0
13	4500001	-1	-1	-1	0	0
13	5000001	-1	-1	-1	0	0
13	5500001	-1	-1	-1	0	0
13	6000001	-1	-1	-1	0	0
13	6500001	-1	-1	-1	0	0
13	7000001	-1	-1	-1	0	0
13	7500001	-1	-1	-1	0	0
13	8000001	-1	-1	-1	0	0
13	8500001	-1	-1	-1	0	0
13	9000001	-1	-1	-1	0	0
13	9500001	-1	-1	-1	0	0
13	10000001	-1	-1	-1	0	0
13	10500001	-1	-1	-1	0	0
13	11000001	-1	-1	-1	0	0
13	11500001	-1	-1	-1	0	0
13	12000001	-1	-1	-1	0	0
13	12500001	-1	-1	-1	0	0
13	13000001	-1	-1	-1	0	0
13	13500001	-1	-1	-1	0	0
13	14000001	-1	-1	-1	0	0
13	14500001	-1	-1	-1	0	0
13	15000001	-1	-1	-1	0	0
13	15500001	-1	-1	-1	0	0
13	16000001	0.471404	0.845944	3	0	0
13	16500001	0.71139	0.845944	3	0	0
13	17000001	0.980497	0.845944	3	0	0
13	17500001	1.04278	0.845944	3	0	0
13	18000001	-1	-1	-1	0	0
13	18500001	0.593138	0.501487	2	0	0
13	19000001	0.499497	0.501487	2	0	0
13	19500001	0.505141	0.501487	2	0	0
13	20000001	0.501487	0.501487	2	0	0
13	20500001	0.517928	0.501487	2	0	0
13	21000001	0.500051	0.501487	2	0	0
13	21500001	0.485601	0.501487	2	0	0
13	22000001	0.494854	0.501487	2	0	0
13	22500001	0.464315	0.501487	2	0	0
13	23000001	0.512705	0.501487	2	0	0
13	23500001	0.516186	0.501487	2	0	0
13	24000001	0.50978	0.501487	2	0	0
13	24500001	0.501052	0.501487	2	0	0
13	25000001	0.480687	0.501487	2	0	0
13	25500001	0.598798	0.501487	2	0	0
13	26000001	1.94587	1.94645	8	0	0
13	26500001	1.94027	1.94645	8	0	0
13	27000001	1.9501	1.94645	8	0	0
13	27500001	1.91098	1.94645	8	0	0
13	28000001	1.86154	1.94645	8	0	0
13	28500001	1.87661	1.94645	8	0	0
13	29000001	1.87166	1.94645	8	0	0
13	29500001	1.97882	1.94645	8	0	0
13	30000001	1.90498	1.94645	8	0	0
13	30500001	1.99818	1.94645	8	0	0
13	31000001	1.9214	1.94645	8	0	0
13	31500001	1.97587	1.94645	8	0	0
13	32000001	2.0459	1.94645	8	0	0
13	32500001	2.1313	1.94645	8	0	0
13	33000001	2.10204	1.94645	8	0	0
13	33500001	2.1229	1.94645	8	0	0
13	34000001	2.06733	1.94645	8	0	0
13	34500001	2.05518	1.94645	8	0	0
13	35000001	2.05053	1.94645	8	0	0
13	35500001	2.00479	1.94645	8	0	0
13	36000001	1.94448	1.94645	8	0	0
13	36500001	1.94474	1.94645	8	0	0
13	37000001	1.91863	1.94645	8	0	0
13	37500001	1.94703	1.94645	8	0	0
13	38000001	1.93455	1.94645	8	0	0
13	38500001	1.91471	1.94645	8	0	0
13	39000001	1.93927	1.94645	8	0	0
13	39500001	2.08535	1.94645	8	0	0
13	40000001	2.00828	1.94645	8	0	0
13	40500001	1.63541	1.94645	8	0	0
13	41000001	1.00991	1.0045	4	0	0
13	41500001	1.07989	1.0045	4	0	0
13	42000001	1.09025	1.0045	4	0	0
13	42500001	1.02042	1.0045	4	0	0
13	43000001	1.02382	1.0045	4	0	0
13	43500001	0.9758	1.0045	4	0	0
13	44000001	1.06491	1.0045	4	0	0
13	44500001	1.02848	1.0045	4	0	0
13	45000001	1.00546	1.0045	4	0	0
13	45500001	1.01393	1.0045	4	0	0
13	46000001	0.976509	1.0045	4	0	0
13	46500001	1.00698	1.0045	4	0	0
13	47000001	0.964872	1.0045	4	0	0
13	47500001	0.990629	1.0045	4	0	0
13	48000001	1.06505	1.0045	4	0	0
13	48500001	0.984764	1.0045	4	0	0
13	49000001	1.00427	1.0045	4	0	0
13	49500001	0.943198	1.0045	4	0	0
13	50000001	0.983154	1.0045	4	0	0
13	50500001	0.998686	1.0045	4	0	0
13	51000001	1.04371	1.0045	4	0	0
13	51500001	1.02784	1.0045	4	0	0
13	52000001	1.00473	1.0045	4	0	0
13	52500001	0.992979	1.0045	4	0	0
13	53000001	0.927893	1.0045	4	0	0
13	53500001	0.918631	1.0045	4	0	0
13	54000001	0.868734	1.0045	4	0	0
13	54500001	0.904042	1.0045	4	0	0
13	55000001	0.92242	1.0045	4	0	0
13	55500001	0.936449	1.0045	4	0	0
13	56000001	0.910313	1.0045	4	0	0
13	56500001	0.96434	1.0045	4	0	0
13	57000001	1.10138	1.0045	4	0	0
13	57500001	0.940553	1.0045	4	0	0
13	58000001	0.960157	1.0045	4	0	0
13	58500001	0.88043	1.0045	4	0	0
13	59000001	0.932341	1.0045	4	0	0
13	59500001	0.932274	1.0045	4	0	0
13	60000001	0.976377	1.0045	4	0	0
13	60500001	0.980665	1.0045	4	0	0
13	61000001	0.950035	1.0045	4	0	0
13	61500001	1.01093	1.0045	4	0	0
13	62000001	1.03682	1.0045	4	0	0
13	62500001	1.05747	1.0045	4	0	0
13	63000001	1.10871	1.0045	4	0	0
13	63500001	1.03596	1.0045	4	0	0
13	64000001	1.07422	1.0045	4	0	0
13	64500001	1.05317	1.0045	4	0	0
13	65000001	1.07691	1.0045	4	0	0
13	65500001	1.01273	1.0045	4	0	0
13	66000001	0.989596	1.0045	4	0	0
13	66500001	1.05241	1.0045	4	0	0
13	67000001	1.0174	1.0045	4	0	0
13	67500001	1.05758	1.0045	4	0	0
13	68000001	1.01639	1.0045	4	0	0
13	68500001	1.01171	1.0045	4	0	0
13	69000001	1.01108	1.0045	4	0	0
13	69500001	0.918659	1.0045	4	0	0
13	70000001	0.975715	1.0045	4	0	0
13	70500001	0.978388	1.0045	4	0	0
13	71000001	0.985879	1.0045	4	0	0
13	71500001	0.991415	1.0045	4	0	0
13	72000001	1.01162	1.0045	4	0	0
13	72500001	1.0152	1.0045	4	0	0
13	73000001	1.05697	1.0045	4	0	0
13	73500001	1.08468	1.0045	4	0	0
13	74000001	1.01824	1.0045	4	0	0
13	74500001	1.00633	1.0045	4	0	0
13	75000001	0.969183	1.0045	4	0	0
13	75500001	0.990177	1.0045	4	0	0
13	76000001	0.945617	1.0045	4	0	0
13	76500001	0.972675	1.0045	4	0	0
13	77000001	1.05834	1.0045	4	0	0
13	77500001	0.99572	1.0045	4	0	0
13	78000001	0.97888	1.0045	4	0	0
13	78500001	0.994859	1.0045	4	0	0
13	79000001	1.06389	1.0045	4	0	0
13	79500001	1.01496	1.0045	4	0	0
13	80000001	0.486023	0.494448	2	0	0
13	80500001	0.493959	0.494448	2	0	0
13	81000001	0.488646	0.494448	2	0	0
13	81500001	0.503154	0.494448	2	0	0
13	82000001	0.489629	0.494448	2	0	0
13	82500001	0.519444	0.494448	2	0	0
13	83000001	0.503917	0.494448	2	0	0
13	83500001	0.494448	0.494448	2	0	0
13	84000001	0.46219	0.494448	2	0	0
13	84500001	0.511755	0.494448	2	0	0
13	85000001	0.539794	0.494448	2	0	0
13	85500001	0.523382	0.494448	2	0	0
13	86000001	0.481288	0.494448	2	0	0
13	86500001	0.441462	0.494448	2	0	0
13	87000001	0.436998	0.494448	2	0	0
13	87500001	0.484739	0.494448	2	0	0
13	88000001	0.470332	0.494448	2	0	0
13	88500001	0.507612	0.494448	2	0	0
13	89000001	0.523556	0.494448	2	0	0
13	89500001	0.499706	0.494448	2	0	0
13	90000001	0.481334	0.494448	2	0	0
13	90500001	0.528577	0.494448	2	0	0
13	91000001	0.500771	0.494448	2	0	0
13	91500001	0.477121	0.494448	2	0	0
13	92000001	0.478054	0.494448	2	0	0
13	92500001	0.423118	0.494448	2	0	0
13	93000001	0.442723	0.494448	2	0	0
13	93500001	0.446903	0.494448	2	0	0
13	94000001	0.495879	0.494448	2	0	0
13	94500001	0.490788	0.494448	2	0	0
13	95000001	0.472543	0.494448	2	0	0
13	95500001	0.520407	0.494448	2	0	0
13	96000001	0.489832	0.494448	2	0	0
13	96500001	0.522324	0.494448	2	0	0
13	97000001	0.54596	0.494448	2	0	0
13	97500001	0.505085	0.494448	2	0	0
13	98000001	0.522403	0.494448	2	0	0
13	98500001	0.496133	0.494448	2	0	0
13	99000001	0.508717	0.494448	2	0	0
13	99500001	0.450043	0.494448	2	0	0
13	100000001	0.502267	0.494448	2	0	0
13	100500001	1.55218	1.97453	8	0	0
13	101000001	2.07472	1.97453	8	0	0
13	101500001	2.10576	1.97453	8	0	0
13	102000001	2.00055	1.97453	8	0	0
13	102500001	1.98941	1.97453	8	0	0
13	103000001	1.97959	1.97453	8	0	0
13	103500001	1.89846	1.97453	8	0	0
13	104000001	1.96186	1.97453	8	0	0
13	104500001	1.93364	1.97453	8	0	0
13	105000001	2.02021	1.97453	8	0	0
13	105500001	2.07275	1.97453	8	0	0
13	106000001	2.0975	1.97453	8	0	0
13	106500001	2.00392	1.97453	8	0	0
13	107000001	1.9346	1.97453	8	0	0
13	107500001	1.81945	1.97453	8	0	0
13	108000001	1.90702	1.97453	8	0	0
13	108500001	1.95877	1.97453	8	0	0
13	109000001	2.04743	1.97453	8	0	0
13	109500001	2.11047	1.97453	8	0	0
13	110000001	2.0119	1.97453	8	0	0
13	110500001	2.03152	1.97453	8	0	0
13	111000001	1.97453	1.97453	8	0	0
13	111500001	-1	1.97453	8	0	0
13	112000001	1.83793	1.97453	8	0	0
13	112500001	1.92838	1.97453	8	0	0
13	113000001	1.89343	1.97453	8	0	0
13	113500001	1.95089	1.97453	8	0	0
13	114000001	1.38983	1.97453	8	0	0
14	1	-1	-1	-1	0	0
14	500001	-1	-1	-1	0	0
14	1000001	-1	-1	-1	0	0
14	1500001	-1	-1	-1	0	0
14	2000001	-1	-1	-1	0	0
14	2500001	-1	-1	-1	0	0
14	3000001	-1	-1	-1	0	0
14	3500001	-1	-1	-1	0	0
14	4000001	-1	-1	-1	0	0
14	4500001	-1	-1	-1	0	0
14	5000001	-1	-1	-1	0	0
14	5500001	-1	-1	-1	0	0
14	6000001	-1	-1	-1	0	0
14	6500001	-1	-1	-1	0	0
14	7000001	-1	-1	-1	0	0
14	7500001	-1	-1	-1	0	0
14	8000001	-1	-1	-1	0	0
14	8500001	-1	-1	-1	0	0
14	9000001	-1	-1	-1	0	0
14	9500001	-1	-1	-1	0	0
14	10000001	-1	-1	-1	0	0
14	10500001	-1	-1	-1	0	0
14	11000001	-1	-1	-1	0	0
14	11500001	-1	-1	-1	0	0
14	12000001	-1	-1	-1	0	0
14	12500001	-1	-1	-1	0	0
14	13000001	-1	-1	-1	0	0
14	13500001	-1	-1	-1	0	0
14	14000001	-1	-1	-1	0	0
14	14500001	-1	-1	-1	0	0
14	15000001	-1	-1	-1	0	0
14	15500001	-1	-1	-1	0	0
14	16000001	0.496627	0.554055	2	0	0
14	16500001	0.611483	0.554055	2	0	0
14	17000001	0.794964	0.823868	3	0	0
14	17500001	0.852772	0.823868	3	0	0
14	18000001	1.08577	1.08577	4	0	0
14	18500001	-1	-1	-1	0	0
14	19000001	1.41997	1.41997	6	0	0
14	19500001	-1	-1	-1	0	0
14	20000001	0.959649	1.02289	4	0	0
14	20500001	0.99353	1.02289	4	0	0
14	21000001	1.02865	1.02289	4	0	0
14	21500001	1.00999	1.02289	4	0	0
14	22000001	1.08823	1.02289	4	0	0
14	22500001	1.01474	1.02289	4	0	0
14	23000001	1.02296	1.02289	4	0	0
14	23500001	1.0483	1.02289	4	0	0
14	24000001	1.04525	1.02289	4	0	0
14	24500001	1.03945	1.02289	4	0	0
14	25000001	0.943987	1.02289	4	0	0
14	25500001	0.962334	1.02289	4	0	0
14	26000001	1.02687	1.02289	4	0	0
14	26500001	1.11518	1.02289	4	0	0
14	27000001	1.0882	1.02289	4	0	0
14	27500001	1.12074	1.02289	4	0	0
14	28000001	1.0822	1.02289	4	0	0
14	28500001	1.10589	1.02289	4	0	0
14	29000001	1.06452	1.02289	4	0	0
14	29500001	1.04259	1.02289	4	0	0
14	30000001	1.07714	1.02289	4	0	0
14	30500001	1.11709	1.02289	4	0	0
14	31000001	0.870427	1.02289	4	0	0
14	31500001	1.07797	1.02289	4	0	0
14	32000001	1.08806	1.02289	4	0	0
14	32500001	0.998101	1.02289	4	0	0
14	33000001	1.02778	1.02289	4	0	0
14	33500001	1.03479	1.02289	4	0	0
14	34000001	1.03968	1.02289	4	0	0
14	34500001	1.02805	1.02289	4	0	0
14	35000001	1.03392	1.02289	4	0	0
14	35500001	1.04408	1.02289	4	0	0
14	36000001	0.988793	1.02289	4	0	0
14	36500001	1.01049	1.02289	4	0	0
14	37000001	1.0598	1.02289	4	0	0
14	37500001	1.05635	1.02289	4	0	0
14	38000001	1.0399	1.02289	4	0	0
14	38500001	1.05173	1.02289	4	0	0
14	39000001	1.00176	1.02289	4	0	0
14	39500001	1.05587	1.02289	4	0	0
14	40000001	0.956	1.02289	4	0	0
14	40500001	0.980347	1.02289	4	0	0
14	41000001	0.949208	1.02289	4	0	0
14	41500001	0.924539	1.02289	4	0	0
14	42000001	0.924775	1.02289	4	0	0
14	42500001	0.951667	1.02289	4	0	0
14	43000001	0.932794	1.02289	4	0	0
14	43500001	0.958335	1.02289	4	0	0
14	44000001	0.968432	1.02289	4	0	0
14	44500001	0.967315	1.02289	4	0	0
14	45000001	0.978871	1.02289	4	0	0
14	45500001	1.01381	1.02289	4	0	0
14	46000001	0.945688	1.02289	4	0	0
14	46500001	0.984815	1.02289	4	0	0
14	47000001	0.924203	1.02289	4	0	0
14	47500001	0.971807	1.02289	4	0	0
14	48000001	1.01701	1.02289	4	0	0
14	48500001	1.03727	1.02289	4	0	0
14	49000001	1.05945	1.02289	4	0	0
14	49500001	1.03088	1.02289	4	0	0
14	50000001	1.03898	1.02289	4	0	0
14	50500001	1.06484	1.02289	4	0	0
14	51000001	1.074	1.02289	4	0	0
14	51500001	1.05578	1.02289	4	0	0
14	52000001	1.06934	1.02289	4	0	0
14	52500001	1.01043	1.02289	4	0	0
14	53000001	0.963377	1.02289	4	0	0
14	53500001	1.03057	1.02289	4	0	0
14	54000001	1.06325	1.02289	4	0	0
14	54500001	1.02756	1.02289	4	0	0
14	55000001	1.039	1.02289	4	0	0
14	55500001	1.06886	1.02289	4	0	0
14	56000001	1.00491	1.02289	4	0	0
14	56500001	0.900012	1.02289	4	0	0
14	57000001	0.975648	1.02289	4	0	0
14	57500001	1.001	1.02289	4	0	0
14	58000001	0.964785	1.02289	4	0	0
14	58500001	1.01532	1.02289	4	0	0
14	59000001	1.1239	1.02289	4	0	0
14	59500001	1.01387	1.02289	4	0	0
14	60000001	1.03345	1.02289	4	0	0
14	60500001	1.03736	1.02289	4	0	0
14	61000001	1.06133	1.02289	4	0	0
14	61500001	1.06015	1.02289	4	0	0
14	62000001	1.02282	1.02289	4	0	0
14	62500001	1.00402	1.02289	4	0	0
14	63000001	1.02626	1.02289	4	0	0
14	63500001	0.986703	1.02289	4	0	0
14	64000001	1.01863	1.02289	4	0	0
14	64500001	1.04831	1.02289	4	0	0
14	65000001	1.03253	1.02289	4	0	0
14	65500001	1.02415	1.02289	4	0	0
14	66000001	0.97803	1.02289	4	0	0
14	66500001	1.05032	1.02289	4	0	0
14	67000001	1.20818	1.02289	4	0	0
14	67500001	1.05851	1.02289	4	0	0
14	68000001	1.04723	1.02289	4	0	0
14	68500001	1.06641	1.02289	4	0	0
14	69000001	1.03804	1.02289	4	0	0
14	69500001	1.00137	1.02289	4	0	0
14	70000001	1.04906	1.02289	4	0	0
14	70500001	1.19041	1.02289	4	0	0
14	71000001	1.01246	1.02289	4	0	0
14	71500001	1.01459	1.02289	4	0	0
14	72000001	0.953882	1.02289	4	0	0
14	72500001	0.995167	1.02289	4	0	0
14	73000001	1.03255	1.02289	4	0	0
14	73500001	0.959032	1.02289	4	0	0
14	74000001	1.04716	1.02289	4	0	0
14	74500001	1.06759	1.02289	4	0	0
14	75000001	1.02405	1.02289	4	0	0
14	75500001	1.04624	1.02289	4	0	0
14	76000001	0.996617	1.02289	4	0	0
14	76500001	1.00573	1.02289	4	0	0
14	77000001	1.00381	1.02289	4	0	0
14	77500001	1.01496	1.02289	4	0	0
14	78000001	0.9587	1.02289	4	0	0
14	78500001	0.937195	1.02289	4	0	0
14	79000001	0.953653	1.02289	4	0	0
14	79500001	0.936959	1.02289	4	0	0
14	80000001	1.01814	1.02289	4	0	0
14	80500001	1.0042	1.02289	4	0	0
14	81000001	1.0561	1.02289	4	0	0
14	81500001	1.01042	1.02289	4	0	0
14	82000001	0.951827	1.02289	4	0	0
14	82500001	0.909129	1.02289	4	0	0
14	83000001	0.981297	1.02289	4	0	0
14	83500001	0.926568	1.02289	4	0	0
14	84000001	0.937196	1.02289	4	0	0
14	84500001	1.02109	1.02289	4	0	0
14	85000001	1.54662	1.54662	6	0	0
14	85500001	1.16243	0.98971	4	0	0
14	86000001	0.990552	0.98971	4	0	0
14	86500001	0.950829	0.98971	4	0	0
14	87000001	1.00781	0.98971	4	0	0
14	87500001	0.982836	0.98971	4	0	0
14	88000001	0.993904	0.98971	4	0	0
14	88500001	0.941243	0.98971	4	0	0
14	89000001	0.956604	0.98971	4	0	0
14	89500001	1.00609	0.98971	4	0	0
14	90000001	0.985567	0.98971	4	0	0
14	90500001	0.968501	0.98971	4	0	0
14	91000001	0.957361	0.98971	4	0	0
14	91500001	1.22354	0.98971	4	0	0
14	92000001	1.00578	0.98971	4	0	0
14	92500001	1.01513	0.98971	4	0	0
14	93000001	0.954381	0.98971	4	0	0
14	93500001	0.978136	0.98971	4	0	0
14	94000001	0.981841	0.98971	4	0	0
14	94500001	0.893819	0.98971	4	0	0
14	95000001	0.943975	0.98971	4	0	0
14	95500001	0.998616	0.98971	4	0	0
14	96000001	0.998472	0.98971	4	0	0
14	96500001	0.995521	0.98971	4	0	0
14	97000001	0.93314	0.98971	4	0	0
14	97500001	0.899213	0.98971	4	0	0
14	98000001	0.90827	0.98971	4	0	0
14	98500001	0.936421	0.98971	4	0	0
14	99000001	0.97294	0.98971	4	0	0
14	99500001	1.00778	0.98971	4	0	0
14	100000001	0.998032	0.98971	4	0	0
14	100500001	0.990706	0.98971	4	0	0
14	101000001	0.991601	0.98971	4	0	0
14	101500001	0.98971	0.98971	4	0	0
14	102000001	1.00386	0.98971	4	0	0
14	102500001	1.1116	0.98971	4	0	0
14	103000001	1.48927	1.48927	6	0	0
14	103500001	1.02784	0.99114	4	0	0
14	104000001	0.998565	0.99114	4	0	0
14	104500001	0.953753	0.99114	4	0	0
14	105000001	1.01967	0.99114	4	0	0
14	105500001	0.983716	0.99114	4	0	0
14	106000001	0.909326	0.99114	4	0	0
14	106500001	-1	-1	-1	0	0
14	107000001	-1	-1	-1	0	0
15	1	-1	-1	-1	0	0
15	500001	-1	-1	-1	0	0
15	1000001	-1	-1	-1	0	0
15	1500001	-1	-1	-1	0	0
15	2000001	-1	-1	-1	0	0
15	2500001	-1	-1	-1	0	0
15	3000001	-1	-1	-1	0	0
15	3500001	-1	-1	-1	0	0
15	4000001	-1	-1	-1	0	0
15	4500001	-1	-1	-1	0	0
15	5000001	-1	-1	-1	0	0
15	5500001	-1	-1	-1	0	0
15	6000001	-1	-1	-1	0	0
15	6500001	-1	-1	-1	0	0
15	7000001	-1	-1	-1	0	0
15	7500001	-1	-1	-1	0	0
15	8000001	-1	-1	-1	0	0
15	8500001	-1	-1	-1	0	0
15	9000001	-1	-1	-1	0	0
15	9500001	-1	-1	-1	0	0
15	10000001	-1	-1	-1	0	0
15	10500001	-1	-1	-1	0	0
15	11000001	-1	-1	-1	0	0
15	11500001	-1	-1	-1	0	0
15	12000001	-1	-1	-1	0	0
15	12500001	-1	-1	-1	0	0
15	13000001	-1	-1	-1	0	0
15	13500001	-1	-1	-1	0	0
15	14000001	-1	-1	-1	0	0
15	14500001	-1	-1	-1	0	0
15	15000001	-1	-1	-1	0	0
15	15500001	-1	-1	-1	0	0
15	16000001	-1	-1	-1	0	0
15	16500001	-1	-1	-1	0	0
15	17000001	0.639501	1.16548	5	0	0
15	17500001	1.13462	1.16548	5	0	0
15	18000001	1.17725	1.16548	5	0	0
15	18500001	1.31226	1.16548	5	0	0
15	19000001	1.15372	1.16548	5	0	0
15	19500001	1.36584	1.16548	5	0	0
15	20000001	6.69213	6.69213	27	0	0
15	20500001	3.73357	3.6642	15	0	0
15	21000001	3.59483	3.6642	15	0	0
15	21500001	2.33624	2.33624	9	0	0
15	22000001	3.59634	3.19213	13	0	0
15	22500001	2.74023	3.19213	13	0	0
15	23000001	3.19213	3.19213	13	0	0
15	23500001	2.17139	2.16657	9	0	0
15	24000001	2.04381	2.16657	9	0	0
15	24500001	2.15753	2.16657	9	0	0
15	25000001	2.17534	2.16657	9	0	0
15	25500001	2.09905	2.16657	9	0	0
15	26000001	2.18838	2.16657	9	0	0
15	26500001	2.14236	2.16657	9	0	0
15	27000001	2.16175	2.16657	9	0	0
15	27500001	2.22423	2.16657	9	0	0
15	28000001	2.36766	2.16657	9	0	0
15	28500001	1.81712	1.54381	6	0	0
15	29000001	1.44168	1.54381	6	0	0
15	29500001	1.54381	1.54381	6	0	0
15	30000001	1.02602	1.02602	4	0	0
15	30500001	0.988319	1.02602	4	0	0
15	31000001	0.929505	1.02602	4	0	0
15	31500001	0.952291	1.02602	4	0	0
15	32000001	1.04457	1.02602	4	0	0
15	32500001	1.04533	1.02602	4	0	0
15	33000001	1.13756	1.02602	4	0	0
15	33500001	1.53566	1.52868	6	0	0
15	34000001	1.48385	1.52868	6	0	0
15	34500001	1.493	1.52868	6	0	0
15	35000001	1.52868	1.52868	6	0	0
15	35500001	1.57249	1.52868	6	0	0
15	36000001	1.28364	1.07146	4	0	0
15	36500001	1.08015	1.07146	4	0	0
15	37000001	1.06277	1.07146	4	0	0
15	37500001	1.01152	1.07146	4	0	0
15	38000001	1.42191	1.53718	6	0	0
15	38500001	1.54352	1.53718	6	0	0
15	39000001	1.64312	1.53718	6	0	0
15	39500001	1.62666	1.53718	6	0	0
15	40000001	1.49675	1.53718	6	0	0
15	40500001	1.56693	1.53718	6	0	0
15	41000001	1.53084	1.53718	6	0	0
15	41500001	1.59142	1.53718	6	0	0
15	42000001	1.54802	1.53718	6	0	0
15	42500001	1.55814	1.53718	6	0	0
15	43000001	1.56154	1.53718	6	0	0
15	43500001	1.514	1.53718	6	0	0
15	44000001	1.57955	1.53718	6	0	0
15	44500001	1.52236	1.53718	6	0	0
15	45000001	1.52661	1.53718	6	0	0
15	45500001	1.48295	1.53718	6	0	0
15	46000001	1.44829	1.53718	6	0	0
15	46500001	1.42165	1.53718	6	0	0
15	47000001	2.00704	2.21366	9	0	0
15	47500001	2.42029	2.21366	9	0	0
15	48000001	1.71941	1.71941	7	0	0
15	48500001	0.540708	0.519322	2	0	0
15	49000001	0.537405	0.519322	2	0	0
15	49500001	0.507894	0.519322	2	0	0
15	50000001	0.481088	0.519322	2	0	0
15	50500001	0.487862	0.519322	2	0	0
15	51000001	0.529854	0.519322	2	0	0
15	51500001	0.549019	0.519322	2	0	0
15	52000001	0.533142	0.519322	2	0	0
15	52500001	0.535417	0.519322	2	0	0
15	53000001	0.506167	0.519322	2	0	0
15	53500001	0.490007	0.519322	2	0	0
15	54000001	0.470585	0.519322	2	0	0
15	54500001	0.502157	0.519322	2	0	0
15	55000001	0.506268	0.519322	2	0	0
15	55500001	0.540358	0.519322	2	0	0
15	56000001	0.54678	0.519322	2	0	0
15	56500001	0.530252	0.519322	2	0	0
15	57000001	0.50879	0.519322	2	0	0
15	57500001	1.0041	1.0152	4	0	0
15	58000001	1.10196	1.0152	4	0	0
15	58500001	1.02857	1.0152	4	0	0
15	59000001	1.00387	1.0152	4	0	0
15	59500001	1.06668	1.0152	4	0	0
15	60000001	1.08457	1.0152	4	0	0
15	60500001	1.00814	1.0152	4	0	0
15	61000001	0.966185	1.0152	4	0	0
15	61500001	0.987904	1.0152	4	0	0
15	62000001	1.0168	1.0152	4	0	0
15	62500001	1.05921	1.0152	4	0	0
15	63000001	1.04818	1.0152	4	0	0
15	63500001	1.0492	1.0152	4	0	0
15	64000001	0.995299	1.0152	4	0	0
15	64500001	1.00621	1.0152	4	0	0
15	65000001	1.04119	1.0152	4	0	0
15	65500001	1.02945	1.0152	4	0	0
15	66000001	1.0208	1.0152	4	0	0
15	66500001	1.07412	1.0152	4	0	0
15	67000001	1.09656	1.0152	4	0	0
15	67500001	1.03804	1.0152	4	0	0
15	68000001	1.04176	1.0152	4	0	0
15	68500001	1.00748	1.0152	4	0	0
15	69000001	0.976428	1.0152	4	0	0
15	69500001	1.0083	1.0152	4	0	0
15	70000001	1.02842	1.0152	4	0	0
15	70500001	1.07328	1.0152	4	0	0
15	71000001	1.04004	1.0152	4	0	0
15	71500001	1.04925	1.0152	4	0	0
15	72000001	1.0152	1.0152	4	0	0
15	72500001	0.997194	1.0152	4	0	0
15	73000001	0.961818	1.0152	4	0	0
15	73500001	1.00261	1.0152	4	0	0
15	74000001	1.04543	1.0152	4	0	0
15	74500001	1.00786	1.0152	4	0	0
15	75000001	1.03598	1.0152	4	0	0
15	75500001	0.998828	1.0152	4	0	0
15	76000001	1.01885	1.0152	4	0	0
15	76500001	0.998077	1.0152	4	0	0
15	77000001	1.04096	1.0152	4	0	0
15	77500001	1.04966	1.0152	4	0	0
15	78000001	1.03737	1.0152	4	0	0
15	78500001	0.986757	1.0152	4	0	0
15	79000001	1.0433	1.0152	4	0	0
15	79500001	0.978651	1.0152	4	0	0
15	80000001	1.00271	1.0152	4	0	0
15	80500001	0.972199	1.0152	4	0	0
15	81000001	0.965828	1.0152	4	0	0
15	81500001	0.970027	1.0152	4	0	0
15	82000001	0.979676	1.0152	4	0	0
15	82500001	0.968485	1.0152	4	0	0
15	83000001	1.03386	1.0152	4	0	0
15	83500001	1.01665	1.0152	4	0	0
15	84000001	0.918917	1.0152	4	0	0
15	84500001	1.03754	1.0152	4	0	0
15	85000001	1.03616	1.0152	4	0	0
15	85500001	1.02346	1.0152	4	0	0
15	86000001	0.972171	1.0152	4	0	0
15	86500001	0.939078	1.0152	4	0	0
15	87000001	0.896967	1.0152	4	0	0
15	87500001	0.903352	1.0152	4	0	0
15	88000001	0.951442	1.0152	4	0	0
15	88500001	0.982823	1.0152	4	0	0
15	89000001	1.04204	1.0152	4	0	0
15	89500001	0.989654	1.0152	4	0	0
15	90000001	1.02847	1.0152	4	0	0
15	90500001	1.01852	1.0152	4	0	0
15	91000001	0.967927	1.0152	4	0	0
15	91500001	0.970176	1.0152	4	0	0
15	92000001	0.997252	1.0152	4	0	0
15	92500001	1.04899	1.0152	4	0	0
15	93000001	1.006	1.0152	4	0	0
15	93500001	0.958519	1.0152	4	0	0
15	94000001	1.01945	1.0152	4	0	0
15	94500001	0.985992	1.0152	4	0	0
15	95000001	0.987377	1.0152	4	0	0
15	95500001	1.03232	1.0152	4	0	0
15	96000001	1.01654	1.0152	4	0	0
15	96500001	0.976605	1.0152	4	0	0
15	97000001	0.977197	1.0152	4	0	0
15	97500001	0.945174	1.0152	4	0	0
15	98000001	0.998788	1.0152	4	0	0
15	98500001	0.974426	1.0152	4	0	0
15	99000001	1.04958	1.0152	4	0	0
15	99500001	1.01618	1.0152	4	0	0
15	100000001	1.02698	1.0152	4	0	0
15	100500001	1.04335	1.0152	4	0	0
15	101000001	1.03052	1.0152	4	0	0
15	101500001	1.09986	1.0152	4	0	0
16	1	1.14622	0.998074	4	0	0
16	500001	1.27638	0.998074	4	0	0
16	1000001	1.21812	0.998074	4	0	0
16	1500001	1.26074	0.998074	4	0	0
16	2000001	1.03243	0.998074	4	0	0
16	2500001	0.996305	0.998074	4	0	0
16	3000001	1.01998	0.998074	4	0	0
16	3500001	1.06093	0.998074	4	0	0
16	4000001	0.993934	0.998074	4	0	0
16	4500001	1.01052	0.998074	4	0	0
16	5000001	1.0028	0.998074	4	0	0
16	5500001	0.918703	0.998074	4	0	0
16	6000001	0.923784	0.998074	4	0	0
16	6500001	0.916392	0.998074	4	0	0
16	7000001	0.882487	0.998074	4	0	0
16	7500001	0.947716	0.998074	4	0	0
16	8000001	0.99327	0.998074	4	0	0
16	8500001	0.99723	0.998074	4	0	0
16	9000001	1.00755	0.998074	4	0	0
16	9500001	1.02464	0.998074	4	0	0
16	10000001	0.982898	0.998074	4	0	0
16	10500001	0.998736	0.998074	4	0	0
16	11000001	0.999991	0.998074	4	0	0
16	11500001	0.972027	0.998074	4	0	0
16	12000001	1.05609	0.998074	4	0	0
16	12500001	0.975176	0.998074	4	0	0
16	13000001	0.986198	0.998074	4	0	0
16	13500001	0.988984	0.998074	4	0	0
16	14000001	1.06385	0.998074	4	0	0
16	14500001	1.29629	0.998074	4	0	0
16	15000001	1.14401	0.998074	4	0	0
16	15500001	0.993634	0.998074	4	0	0
16	16000001	0.9589	0.998074	4	0	0
16	16500001	0.946944	0.998074	4	0	0
16	17000001	0.961199	0.998074	4	0	0
16	17500001	0.981711	0.998074	4	0	0
16	18000001	0.907492	0.998074	4	0	0
16	18500001	0.990895	0.998074	4	0	0
16	19000001	1.00653	0.998074	4	0	0
16	19500001	1.00051	0.998074	4	0	0
16	20000001	0.997412	0.998074	4	0	0
16	20500001	1.03902	0.998074	4	0	0
16	21000001	1.0469	0.998074	4	0	0
16	21500001	1.38548	0.998074	4	0	0
16	22000001	1.29826	0.998074	4	0	0
16	22500001	1.35152	0.998074	4	0	0
16	23000001	0.618758	0.998074	4	0	0
16	23500001	0.760087	0.998074	4	0	0
16	24000001	1.01728	0.998074	4	0	0
16	24500001	1.0154	0.998074	4	0	0
16	25000001	1.03544	0.998074	4	0	0
16	25500001	0.994528	0.998074	4	0	0
16	26000001	0.936362	0.998074	4	0	0
16	26500001	0.986255	0.998074	4	0	0
16	27000001	0.994414	0.998074	4	0	0
16	27500001	1.03694	0.998074	4	0	0
16	28000001	1.00574	0.998074	4	0	0
16	28500001	1.05301	0.998074	4	0	0
16	29000001	1.06264	0.998074	4	0	0
16	29500001	1.04959	0.998074	4	0	0
16	30000001	1.09627	0.998074	4	0	0
16	30500001	1.03515	0.998074	4	0	0
16	31000001	0.988118	0.998074	4	0	0
16	31500001	0.99709	0.998074	4	0	0
16	32000001	0.828522	0.998074	4	0	0
16	32500001	0.85164	0.998074	4	0	0
16	33000001	-1	0.998074	4	0	0
16	33500001	0.906335	0.998074	4	0	0
16	34000001	0.928846	0.998074	4	0	0
16	34500001	6.27247	6.27247	25	0	0
16	35000001	0.869493	0.778171	3	0	0
16	35500001	0.943062	0.778171	3	0	0
16	36000001	0.981758	0.778171	3	0	0
16	36500001	0.686849	0.778171	3	0	0
16	37000001	0.652942	0.778171	3	0	0
16	37500001	0.63535	0.778171	3	0	0
16	38000001	-1	-1	-1	0	0
16	38500001	-1	-1	-1	0	0
16	39000001	-1	-1	-1	0	0
16	39500001	-1	-1	-1	0	0
16	40000001	-1	-1	-1	0	0
16	40500001	-1	-1	-1	0	0
16	41000001	-1	-1	-1	0	0
16	41500001	-1	-1	-1	0	0
16	42000001	-1	-1	-1	0	0
16	42500001	-1	-1	-1	0	0
16	43000001	-1	-1	-1	0	0
16	43500001	-1	-1	-1	0	0
16	44000001	-1	-1	-1	0	0
16	44500001	-1	-1	-1	0	0
16	45000001	-1	-1	-1	0	0
16	45500001	-1	-1	-1	0	0
16	46000001	-1	-1	-1	0	0
16	46500001	0.984696	1.00456	4	0	0
16	47000001	1.0135	1.00456	4	0	0
16	47500001	0.990353	1.00456	4	0	0
16	48000001	0.992159	1.00456	4	0	0
16	48500001	1.02517	1.00456	4	0	0
16	49000001	0.994901	1.00456	4	0	0
16	49500001	0.935938	1.00456	4	0	0
16	50000001	0.987264	1.00456	4	0	0
16	50500001	0.984508	1.00456	4	0	0
16	51000001	0.941622	1.00456	4	0	0
16	51500001	0.908347	1.00456	4	0	0
16	52000001	0.960518	1.00456	4	0	0
16	52500001	0.929379	1.00456	4	0	0
16	53000001	0.998955	1.00456	4	0	0
16	53500001	1.01757	1.00456	4	0	0
16	54000001	0.987277	1.00456	4	0	0
16	54500001	0.985586	1.00456	4	0	0
16	55000001	0.980709	1.00456	4	0	0
16	55500001	1.04616	1.00456	4	0	0
16	56000001	1.05722	1.00456	4	0	0
16	56500001	1.03362	1.00456	4	0	0
16	57000001	1.07139	1.00456	4	0	0
16	57500001	1.10642	1.00456	4	0	0
16	58000001	1.00561	1.00456	4	0	0
16	58500001	1.01814	1.00456	4	0	0
16	59000001	1.03156	1.00456	4	0	0
16	59500001	0.944786	1.00456	4	0	0
16	60000001	0.964844	1.00456	4	0	0
16	60500001	1.03143	1.00456	4	0	0
16	61000001	0.997916	1.00456	4	0	0
16	61500001	1.02586	1.00456	4	0	0
16	62000001	0.96614	1.00456	4	0	0
16	62500001	0.910002	1.00456	4	0	0
16	63000001	0.939371	1.00456	4	0	0
16	63500001	0.957734	1.00456	4	0	0
16	64000001	0.913222	1.00456	4	0	0
16	64500001	0.941857	1.00456	4	0	0
16	65000001	0.954266	1.00456	4	0	0
16	65500001	0.992108	1.00456	4	0	0
16	66000001	1.02819	1.00456	4	0	0
16	66500001	1.02989	1.00456	4	0	0
16	67000001	1.0299	1.00456	4	0	0
16	67500001	0.986965	1.00456	4	0	0
16	68000001	1.05993	1.00456	4	0	0
16	68500001	1.02509	1.00456	4	0	0
16	69000001	0.984457	1.00456	4	0	0
16	69500001	1.08264	1.00456	4	0	0
16	70000001	1.176	1.00456	4	0	0
16	70500001	1.00968	1.00456	4	0	0
16	71000001	1.06542	1.00456	4	0	0
16	71500001	0.98733	1.00456	4	0	0
16	72000001	1.03364	1.00456	4	0	0
16	72500001	0.978759	1.00456	4	0	0
16	73000001	0.968376	1.00456	4	0	0
16	73500001	0.971761	1.00456	4	0	0
16	74000001	1.22172	1.00456	4	0	0
16	74500001	1.04622	1.00456	4	0	0
16	75000001	1.07376	1.00456	4	0	0
16	75500001	1.01521	1.00456	4	0	0
16	76000001	1.01383	1.00456	4	0	0
16	76500001	1.02044	1.00456	4	0	0
16	77000001	1.00948	1.00456	4	0	0
16	77500001	0.952409	1.00456	4	0	0
16	78000001	0.907687	1.00456	4	0	0
16	78500001	0.71738	1.00456	4	0	0
16	79000001	0.876716	1.00456	4	0	0
16	79500001	0.94716	1.00456	4	0	0
16	80000001	0.997612	1.00456	4	0	0
16	80500001	0.999486	1.00456	4	0	0
16	81000001	1.03613	1.00456	4	0	0
16	81500001	1.06637	1.00456	4	0	0
16	82000001	1.03529	1.00456	4	0	0
16	82500001	0.978674	1.00456	4	0	0
16	83000001	0.991676	1.00456	4	0	0
16	83500001	1.01312	1.00456	4	0	0
16	84000001	1.03885	1.00456	4	0	0
16	84500001	1.0648	1.00456	4	0	0
16	85000001	1.07757	1.00456	4	0	0
16	85500001	1.01567	1.00456	4	0	0
16	86000001	0.997384	1.00456	4	0	0
16	86500001	1.04106	1.00456	4	0	0
16	87000001	0.992048	1.00456	4	0	0
16	87500001	1.03642	1.00456	4	0	0
16	88000001	1.0511	1.00456	4	0	0
16	88500001	1.00456	1.00456	4	0	0
16	89000001	1.0092	1.00456	4	0	0
16	89500001	1.05707	1.00456	4	0	0
16	90000001	-1	-1	-1	0	0
17	1	-1	-1	-1	0	0
17	500001	0.53341	0.53341	2	0	0
17	1000001	0.503991	0.53341	2	0	0
17	1500001	0.938522	0.53341	2	0	0
17	2000001	1.50542	1.50542	6	0	0
17	2500001	1.45358	1.50542	6	0	0
17	3000001	1.50361	1.50542	6	0	0
17	3500001	1.49669	1.50542	6	0	0
17	4000001	1.55644	1.50542	6	0	0
17	4500001	1.47797	1.50542	6	0	0
17	5000001	1.56257	1.50542	6	0	0
17	5500001	1.45259	1.50542	6	0	0
17	6000001	1.47435	1.50542	6	0	0
17	6500001	1.56642	1.50542	6	0	0
17	7000001	1.49596	1.50542	6	0	0
17	7500001	1.52046	1.50542	6	0	0
17	8000001	1.53438	1.50542	6	0	0
17	8500001	1.51958	1.50542	6	0	0
17	9000001	1.43127	1.50542	6	0	0
17	9500001	1.47219	1.50542	6	0	0
17	10000001	1.41057	1.50542	6	0	0
17	10500001	1.4472	1.50542	6	0	0
17	11000001	1.42978	1.50542	6	0	0
17	11500001	1.38051	1.50542	6	0	0
17	12000001	1.39859	1.50542	6	0	0
17	12500001	1.37136	1.50542	6	0	0
17	13000001	1.44009	1.50542	6	0	0
17	13500001	1.42865	1.50542	6	0	0
17	14000001	1.50783	1.50542	6	0	0
17	14500001	1.56167	1.50542	6	0	0
17	15000001	1.55463	1.50542	6	0	0
17	15500001	1.58484	1.50542	6	0	0
17	16000001	1.46132	1.50542	6	0	0
17	16500001	1.73143	1.50542	6	0	0
17	17000001	1.53321	1.50542	6	0	0
17	17500001	1.54313	1.50542	6	0	0
17	18000001	1.54686	1.50542	6	0	0
17	18500001	1.4114	1.50542	6	0	0
17	19000001	2.06118	1.50542	6	0	0
17	19500001	1.58989	1.50542	6	0	0
17	20000001	1.57567	1.50542	6	0	0
17	20500001	1.45146	1.50542	6	0	0
17	21000001	1.6603	1.50542	6	0	0
17	21500001	1.70557	1.50542	6	0	0
17	22000001	1.81894	1.50542	6	0	0
17	22500001	1.79044	1.50542	6	0	0
17	23000001	1.07593	1.50542	6	0	0
17	23500001	0.499254	0.501868	2	0	0
17	24000001	0.504481	0.501868	2	0	0
17	24500001	0.484401	0.501868	2	0	0
17	25000001	0.752529	0.501868	2	0	0
17	25500001	0.543071	0.501868	2	0	0
17	26000001	0.334714	0.501868	2	0	0
17	26500001	4.08284	4.08284	16	0	0
17	27000001	1.01766	1.01365	4	0	0
17	27500001	1.02312	1.01365	4	0	0
17	28000001	1.0068	1.01365	4	0	0
17	28500001	1.24943	1.01365	4	0	0
17	29000001	1.07273	1.01365	4	0	0
17	29500001	0.984845	1.01365	4	0	0
17	30000001	1.04	1.01365	4	0	0
17	30500001	0.891553	1.01365	4	0	0
17	31000001	0.519986	1.01365	4	0	0
17	31500001	0.696021	1.01365	4	0	0
17	32000001	0.997049	1.01365	4	0	0
17	32500001	0.990098	1.01365	4	0	0
17	33000001	0.99075	1.01365	4	0	0
17	33500001	0.959722	1.01365	4	0	0
17	34000001	1.01365	1.01365	4	0	0
17	34500001	0.992897	1.01365	4	0	0
17	35000001	1.06003	1.01365	4	0	0
17	35500001	1.01948	1.01365	4	0	0
17	36000001	1.55878	1.01365	4	0	0
17	36500001	1.01794	1.01365	4	0	0
17	37000001	0.992303	1.01365	4	0	0
17	37500001	1.12875	1.01365	4	0	0
17	38000001	1.06655	1.01365	4	0	0
17	38500001	0.956937	1.01365	4	0	0
17	39000001	0.989334	1.01365	4	0	0
17	39500001	0.984646	1.01365	4	0	0
17	40000001	0.998218	1.01365	4	0	0
17	40500001	1.06826	1.01365	4	0	0
17	41000001	1.08703	1.01365	4	0	0
17	41500001	1.02795	1.01365	4	0	0
17	42000001	1.01843	1.01365	4	0	0
17	42500001	1.00939	1.01365	4	0	0
17	43000001	1.21505	1.01365	4	0	0
17	43500001	1.06836	1.01365	4	0	0
17	44000001	1.02694	1.01365	4	0	0
17	44500001	0.999724	1.01365	4	0	0
17	45000001	1.07133	1.01365	4	0	0
17	45500001	1.06167	1.01365	4	0	0
17	46000001	1.0798	1.01365	4	0	0
17	46500001	1.0612	1.01365	4	0	0
17	47000001	1.05465	1.01365	4	0	0
17	47500001	1.03678	1.01365	4	0	0
17	48000001	1.0464	1.01365	4	0	0
17	48500001	0.97775	1.01365	4	0	0
17	49000001	1.00615	1.01365	4	0	0
17	49500001	1.03194	1.01365	4	0	0
17	50000001	0.995423	1.01365	4	0	0
17	50500001	1.01368	1.01365	4	0	0
17	51000001	1.04814	1.01365	4	0	0
17	51500001	0.998844	1.01365	4	0	0
17	52000001	0.961693	1.01365	4	0	0
17	52500001	0.983947	1.01365	4	0	0
17	53000001	0.947915	1.01365	4	0	0
17	53500001	0.953517	1.01365	4	0	0
17	54000001	0.893848	1.01365	4	0	0
17	54500001	0.922699	1.01365	4	0	0
17	55000001	0.948692	1.01365	4	0	0
17	55500001	0.975346	1.01365	4	0	0
17	56000001	0.948475	1.01365	4	0	0
17	56500001	1.01925	1.01365	4	0	0
17	57000001	1.03491	1.01365	4	0	0
17	57500001	1.01375	1.01365	4	0	0
17	58000001	1.04055	1.01365	4	0	0
17	58500001	0.993058	1.01365	4	0	0
17	59000001	1.00358	1.01365	4	0	0
17	59500001	1.01979	1.01365	4	0	0
17	60000001	1.01221	1.01365	4	0	0
17	60500001	1.35006	1.51053	6	0	0
17	61000001	1.44322	1.51053	6	0	0
17	61500001	1.50124	1.51053	6	0	0
17	62000001	1.52221	1.51053	6	0	0
17	62500001	1.50788	1.51053	6	0	0
17	63000001	1.53124	1.51053	6	0	0
17	63500001	1.51318	1.51053	6	0	0
17	64000001	1.55074	1.51053	6	0	0
17	64500001	3.83167	4.17548	17	0	0
17	65000001	4.5193	4.17548	17	0	0
17	65500001	3.22343	3.22343	13	0	0
17	66000001	1.53336	1.50894	6	0	0
17	66500001	1.52663	1.50894	6	0	0
17	67000001	1.49274	1.50894	6	0	0
17	67500001	1.52449	1.50894	6	0	0
17	68000001	1.47267	1.50894	6	0	0
17	68500001	1.50241	1.50894	6	0	0
17	69000001	1.50894	1.50894	6	0	0
17	69500001	1.47797	1.50894	6	0	0
17	70000001	1.43416	1.50894	6	0	0
17	70500001	1.70912	1.50894	6	0	0
17	71000001	1.55468	1.50894	6	0	0
17	71500001	1.13919	1.0044	4	0	0
17	72000001	1.00915	1.0044	4	0	0
17	72500001	1.00431	1.0044	4	0	0
17	73000001	0.986984	1.0044	4	0	0
17	73500001	0.977551	1.0044	4	0	0
17	74000001	0.962493	1.0044	4	0	0
17	74500001	0.99539	1.0044	4	0	0
17	75000001	1.01907	1.0044	4	0	0
17	75500001	1.03844	1.0044	4	0	0
17	76000001	1.05312	1.0044	4	0	0
17	76500001	0.982549	1.0044	4	0	0
17	77000001	1.02604	1.0044	4	0	0
17	77500001	1.01352	1.0044	4	0	0
17	78000001	1.26024	1.0044	4	0	0
17	78500001	1.00448	1.0044	4	0	0
17	79000001	0.981974	1.0044	4	0	0
17	79500001	0.971027	1.0044	4	0	0
17	80000001	0.977209	1.0044	4	0	0
17	80500001	1.00712	1.0044	4	0	0
17	81000001	1.02515	1.0044	4	0	0
17	81500001	0.99695	1.0044	4	0	0
17	82000001	1.05015	1.0044	4	0	0
17	82500001	0.96871	1.0044	4	0	0
17	83000001	0.479798	1.0044	4	0	0
18	1	1.83696	1.83696	7	0	0
18	500001	0.989098	1.03019	4	0	0
18	1000001	1.02403	1.03019	4	0	0
18	1500001	1.00995	1.03019	4	0	0
18	2000001	1.07582	1.03019	4	0	0
18	2500001	1.06155	1.03019	4	0	0
18	3000001	1.04334	1.03019	4	0	0
18	3500001	1.03635	1.03019	4	0	0
18	4000001	1.01793	1.03019	4	0	0
18	4500001	0.96714	0.96219	4	0	0
18	5000001	0.936134	0.96219	4	0	0
18	5500001	0.938863	0.96219	4	0	0
18	6000001	0.941671	0.96219	4	0	0
18	6500001	0.923851	0.96219	4	0	0
18	7000001	0.89333	0.96219	4	0	0
18	7500001	0.941759	0.96219	4	0	0
18	8000001	0.982022	0.96219	4	0	0
18	8500001	1.01579	0.96219	4	0	0
18	9000001	1.02368	0.96219	4	0	0
18	9500001	1.067	0.96219	4	0	0
18	10000001	1.02098	0.96219	4	0	0
18	10500001	0.978589	0.96219	4	0	0
18	11000001	0.96169	0.96219	4	0	0
18	11500001	0.956369	0.96219	4	0	0
18	12000001	1.04578	0.96219	4	0	0
18	12500001	1.02885	0.96219	4	0	0
18	13000001	1.02198	0.96219	4	0	0
18	13500001	0.96219	0.96219	4	0	0
18	14000001	0.951275	0.96219	4	0	0
18	14500001	0.93993	0.96219	4	0	0
18	15000001	1.27683	1.27683	5	0	0
18	15500001	1.00854	0.980912	4	0	0
18	16000001	0.953281	0.980912	4	0	0
18	16500001	0.731529	0.682496	3	0	0
18	17000001	0.709303	0.682496	3	0	0
18	17500001	0.682496	0.682496	3	0	0
18	18000001	0.683312	0.682496	3	0	0
18	18500001	0.620681	0.682496	3	0	0
18	19000001	0.593084	0.682496	3	0	0
18	19500001	0.50246	0.682496	3	0	0
18	20000001	0.696695	0.682496	3	0	0
18	20500001	0.644642	0.682496	3	0	0
18	21000001	1.05834	1.00582	4	0	0
18	21500001	1.00582	1.00582	4	0	0
18	22000001	0.918693	1.00582	4	0	0
18	22500001	0.559478	0.522247	2	0	0
18	23000001	0.534858	0.522247	2	0	0
18	23500001	0.548925	0.522247	2	0	0
18	24000001	0.53836	0.522247	2	0	0
18	24500001	0.495595	0.522247	2	0	0
18	25000001	0.479946	0.522247	2	0	0
18	25500001	0.471586	0.522247	2	0	0
18	26000001	0.508623	0.522247	2	0	0
18	26500001	0.494172	0.522247	2	0	0
18	27000001	0.50528	0.522247	2	0	0
18	27500001	0.554559	0.522247	2	0	0
18	28000001	0.548231	0.522247	2	0	0
18	28500001	0.539735	0.522247	2	0	0
18	29000001	0.545242	0.522247	2	0	0
18	29500001	0.524474	0.522247	2	0	0
18	30000001	0.510859	0.522247	2	0	0
18	30500001	0.533337	0.522247	2	0	0
18	31000001	0.561878	0.522247	2	0	0
18	31500001	0.542478	0.522247	2	0	0
18	32000001	0.487651	0.522247	2	0	0
18	32500001	0.523687	0.522247	2	0	0
18	33000001	0.480692	0.522247	2	0	0
18	33500001	0.471534	0.522247	2	0	0
18	34000001	0.468832	0.522247	2	0	0
18	34500001	0.524202	0.522247	2	0	0
18	35000001	0.531481	0.522247	2	0	0
18	35500001	0.516701	0.522247	2	0	0
18	36000001	0.520808	0.522247	2	0	0
18	36500001	0.514771	0.522247	2	0	0
18	37000001	0.525315	0.522247	2	0	0
18	37500001	0.510336	0.522247	2	0	0
18	38000001	0.485042	0.522247	2	0	0
18	38500001	0.915096	1.0152	4	0	0
18	39000001	1.01418	1.0152	4	0	0
18	39500001	1.0152	1.0152	4	0	0
18	40000001	1.05474	1.0152	4	0	0
18	40500001	1.10166	1.0152	4	0	0
18	41000001	1.11253	1.0152	4	0	0
18	41500001	1.06904	1.0152	4	0	0
18	42000001	1.00999	1.0152	4	0	0
18	42500001	0.962098	1.0152	4	0	0
18	43000001	0.972025	1.0152	4	0	0
18	43500001	1.02772	1.0152	4	0	0
18	44000001	0.787601	0.787601	3	0	0
18	44500001	0.53185	0.518713	2	0	0
18	45000001	0.539696	0.518713	2	0	0
18	45500001	0.557401	0.518713	2	0	0
18	46000001	0.523442	0.518713	2	0	0
18	46500001	0.542849	0.518713	2	0	0
18	47000001	0.499307	0.518713	2	0	0
18	47500001	0.501937	0.518713	2	0	0
18	48000001	0.520044	0.518713	2	0	0
18	48500001	0.511596	0.518713	2	0	0
18	49000001	0.550375	0.518713	2	0	0
18	49500001	0.538747	0.518713	2	0	0
18	50000001	0.532989	0.518713	2	0	0
18	50500001	0.490315	0.518713	2	0	0
18	51000001	0.544398	0.518713	2	0	0
18	51500001	0.505256	0.518713	2	0	0
18	52000001	0.472617	0.518713	2	0	0
18	52500001	0.507033	0.518713	2	0	0
18	53000001	0.50398	0.518713	2	0	0
18	53500001	0.517383	0.518713	2	0	0
18	54000001	0.533246	0.518713	2	0	0
18	54500001	0.534015	0.518713	2	0	0
18	55000001	0.516255	0.518713	2	0	0
18	55500001	0.488098	0.518713	2	0	0
18	56000001	0.484033	0.518713	2	0	0
18	56500001	0.510515	0.518713	2	0	0
18	57000001	0.510707	0.518713	2	0	0
18	57500001	0.52769	0.518713	2	0	0
18	58000001	0.531715	0.518713	2	0	0
18	58500001	0.536304	0.518713	2	0	0
18	59000001	0.542266	0.518713	2	0	0
18	59500001	0.507843	0.518713	2	0	0
18	60000001	0.514771	0.518713	2	0	0
18	60500001	0.506297	0.518713	2	0	0
18	61000001	0.502369	0.518713	2	0	0
18	61500001	0.520729	0.518713	2	0	0
18	62000001	0.539295	0.518713	2	0	0
18	62500001	0.945367	0.976286	4	0	0
18	63000001	1.0072	0.976286	4	0	0
18	63500001	1.08935	0.976286	4	0	0
18	64000001	0.892242	0.976286	4	0	0
18	64500001	0.518453	0.507541	2	0	0
18	65000001	0.522489	0.507541	2	0	0
18	65500001	0.532427	0.507541	2	0	0
18	66000001	0.536945	0.507541	2	0	0
18	66500001	0.545555	0.507541	2	0	0
18	67000001	0.542995	0.507541	2	0	0
18	67500001	0.534364	0.507541	2	0	0
18	68000001	0.507319	0.507541	2	0	0
18	68500001	0.507541	0.507541	2	0	0
18	69000001	0.490246	0.507541	2	0	0
18	69500001	0.490861	0.507541	2	0	0
18	70000001	0.499996	0.507541	2	0	0
18	70500001	0.517685	0.507541	2	0	0
18	71000001	0.525875	0.507541	2	0	0
18	71500001	0.519827	0.507541	2	0	0
18	72000001	0.48847	0.507541	2	0	0
18	72500001	0.525448	0.507541	2	0	0
18	73000001	0.562296	0.507541	2	0	0
18	73500001	0.549093	0.507541	2	0	0
18	74000001	0.529073	0.507541	2	0	0
18	74500001	0.517941	0.507541	2	0	0
18	75000001	0.504441	0.507541	2	0	0
18	75500001	0.494749	0.507541	2	0	0
18	76000001	0.498247	0.507541	2	0	0
18	76500001	0.470929	0.507541	2	0	0
18	77000001	0.484727	0.507541	2	0	0
18	77500001	0.473228	0.507541	2	0	0
18	78000001	0.43947	0.507541	2	0	0
18	78500001	0.451459	0.507541	2	0	0
18	79000001	0.48014	0.507541	2	0	0
18	79500001	0.493822	0.507541	2	0	0
18	80000001	-1	-1	-1	0	0
19	1	1.13622	0.987397	4	0	0
19	500001	0.956522	0.987397	4	0	0
19	1000001	0.985634	0.987397	4	0	0
19	1500001	0.964269	0.987397	4	0	0
19	2000001	1.021	0.987397	4	0	0
19	2500001	1.0004	0.987397	4	0	0
19	3000001	0.948635	0.987397	4	0	0
19	3500001	0.991248	0.987397	4	0	0
19	4000001	0.977687	0.987397	4	0	0
19	4500001	0.998443	0.987397	4	0	0
19	5000001	1.01068	0.987397	4	0	0
19	5500001	1.00707	0.987397	4	0	0
19	6000001	1.35458	0.987397	4	0	0
19	6500001	0.992892	0.987397	4	0	0
19	7000001	1.0462	0.987397	4	0	0
19	7500001	0.992137	0.987397	4	0	0
19	8000001	0.950788	0.987397	4	0	0
19	8500001	1.29312	0.987397	4	0	0
19	9000001	1.06268	0.987397	4	0	0
19	9500001	0.983203	0.987397	4	0	0
19	10000001	0.994982	0.987397	4	0	0
19	10500001	0.988628	0.987397	4	0	0
19	11000001	0.998804	0.987397	4	0	0
19	11500001	0.982497	0.987397	4	0	0
19	12000001	0.966465	0.987397	4	0	0
19	12500001	0.970359	0.987397	4	0	0
19	13000001	0.976311	0.987397	4	0	0
19	13500001	0.959295	0.987397	4	0	0
19	14000001	0.986166	0.987397	4	0	0
19	14500001	0.980636	0.987397	4	0	0
19	15000001	0.977058	0.987397	4	0	0
19	15500001	0.978088	0.987397	4	0	0
19	16000001	1.05209	0.987397	4	0	0
19	16500001	0.974683	0.987397	4	0	0
19	17000001	1.00319	0.987397	4	0	0
19	17500001	0.936626	0.987397	4	0	0
19	18000001	1.00663	0.987397	4	0	0
19	18500001	0.997915	0.987397	4	0	0
19	19000001	1.01041	0.987397	4	0	0
19	19500001	0.95228	0.987397	4	0	0
19	20000001	0.956921	0.987397	4	0	0
19	20500001	0.900164	0.987397	4	0	0
19	21000001	1.01713	0.987397	4	0	0
19	21500001	0.896566	0.987397	4	0	0
19	22000001	0.912822	0.987397	4	0	0
19	22500001	1.4382	0.987397	4	0	0
19	23000001	3.74855	3.74855	15	0	0
19	23500001	3.70386	3.74855	15	0	0
19	24000001	4.12191	3.74855	15	0	0
19	24500001	2.57227	2.13294	9	0	0
19	25000001	1.64077	2.13294	9	0	0
19	25500001	2.13294	2.13294	9	0	0
19	26000001	1.80736	2.13294	9	0	0
19	26500001	2.64115	2.13294	9	0	0
19	27000001	6.01564	4.60408	18	0	0
19	27500001	3.19253	4.60408	18	0	0
19	28000001	0.874568	0.874568	3	0	0
19	28500001	2.85498	2.85498	11	0	0
19	29000001	2.30616	2.85498	11	0	0
19	29500001	3.09915	2.85498	11	0	0
19	30000001	1.89224	1.57544	6	0	0
19	30500001	1.57468	1.57544	6	0	0
19	31000001	1.57544	1.57544	6	0	0
19	31500001	1.76148	1.57544	6	0	0
19	32000001	1.50457	1.57544	6	0	0
19	32500001	0.99075	0.992729	4	0	0
19	33000001	1.00096	0.992729	4	0	0
19	33500001	0.976901	0.992729	4	0	0
19	34000001	0.992729	0.992729	4	0	0
19	34500001	0.999323	0.992729	4	0	0
19	35000001	1.60902	1.60902	6	0	0
19	35500001	0.816005	0.508217	2	0	0
19	36000001	0.618878	0.508217	2	0	0
19	36500001	0.45868	0.508217	2	0	0
19	37000001	0.496989	0.508217	2	0	0
19	37500001	0.52348	0.508217	2	0	0
19	38000001	0.501186	0.508217	2	0	0
19	38500001	0.508217	0.508217	2	0	0
19	39000001	0.495741	0.508217	2	0	0
19	39500001	0.55176	0.508217	2	0	0
19	40000001	0.49458	0.508217	2	0	0
19	40500001	0.504328	0.508217	2	0	0
19	41000001	0.504843	0.508217	2	0	0
19	41500001	0.535228	0.508217	2	0	0
19	42000001	0.505952	0.508217	2	0	0
19	42500001	0.535291	0.508217	2	0	0
19	43000001	0.454602	0.508217	2	0	0
19	43500001	0.687595	0.508217	2	0	0
19	44000001	0.804199	0.508217	2	0	0
19	44500001	0.831193	0.508217	2	0	0
19	45000001	1.01707	1.40359	6	0	0
19	45500001	0.997861	1.40359	6	0	0
19	46000001	1.22285	1.40359	6	0	0
19	46500001	1.42648	1.40359	6	0	0
19	47000001	1.39948	1.40359	6	0	0
19	47500001	1.89927	1.40359	6	0	0
19	48000001	1.49109	1.40359	6	0	0
19	48500001	1.43637	1.40359	6	0	0
19	49000001	1.47512	1.40359	6	0	0
19	49500001	1.51239	1.40359	6	0	0
19	50000001	1.33302	1.40359	6	0	0
19	50500001	1.45186	1.40359	6	0	0
19	51000001	1.395	1.40359	6	0	0
19	51500001	1.40359	1.40359	6	0	0
19	52000001	1.58045	1.40359	6	0	0
19	52500001	1.29647	1.40359	6	0	0
19	53000001	0.945226	1.40359	6	0	0
19	53500001	0.973189	1.40359	6	0	0
19	54000001	1.02909	1.40359	6	0	0
19	54500001	1.39605	1.40359	6	0	0
19	55000001	1.44947	1.40359	6	0	0
19	55500001	1.4412	1.40359	6	0	0
19	56000001	1.44125	1.40359	6	0	0
19	56500001	1.36004	1.40359	6	0	0
19	57000001	1.46058	1.40359	6	0	0
19	57500001	1.91973	1.91973	8	0	0
19	58000001	5.25044	1.91973	8	0	0
19	58500001	1.07628	1.91973	8	0	0
2	1	0.959504	0.953207	4	0	0
2	500001	0.867503	0.953207	4	0	0
2	1000001	0.952811	0.953207	4	0	0
2	1500001	0.94191	0.953207	4	0	0
2	2000001	0.937704	0.953207	4	0	0
2	2500001	0.929908	0.953207	4	0	0
2	3000001	0.945492	0.953207	4	0	0
2	3500001	0.955923	0.953207	4	0	0
2	4000001	0.911283	0.953207	4	0	0
2	4500001	0.89647	0.953207	4	0	0
2	5000001	0.83456	0.953207	4	0	0
2	5500001	0.87535	0.953207	4	0	0
2	6000001	0.932138	0.953207	4	0	0
2	6500001	0.892807	0.953207	4	0	0
2	7000001	0.908175	0.953207	4	0	0
2	7500001	0.923666	0.953207	4	0	0
2	8000001	0.928487	0.953207	4	0	0
2	8500001	0.978016	0.953207	4	0	0
2	9000001	1.26647	0.953207	4	0	0
2	9500001	1.00164	0.953207	4	0	0
2	10000001	1.04951	0.953207	4	0	0
2	10500001	0.970146	0.953207	4	0	0
2	11000001	1.00325	0.953207	4	0	0
2	11500001	1.02496	0.953207	4	0	0
2	12000001	1.00221	0.953207	4	0	0
2	12500001	1.01475	0.953207	4	0	0
2	13000001	0.984003	0.953207	4	0	0
2	13500001	1.00212	0.953207	4	0	0
2	14000001	0.977432	0.953207	4	0	0
2	14500001	0.953604	0.953207	4	0	0
2	15000001	0.658812	0.512501	2	0	0
2	15500001	0.470528	0.512501	2	0	0
2	16000001	0.473808	0.512501	2	0	0
2	16500001	0.497723	0.512501	2	0	0
2	17000001	0.529928	0.512501	2	0	0
2	17500001	0.516567	0.512501	2	0	0
2	18000001	0.502288	0.512501	2	0	0
2	18500001	0.531899	0.512501	2	0	0
2	19000001	0.531859	0.512501	2	0	0
2	19500001	0.536248	0.512501	2	0	0
2	20000001	0.528553	0.512501	2	0	0
2	20500001	0.540784	0.512501	2	0	0
2	21000001	0.477237	0.512501	2	0	0
2	21500001	0.482079	0.512501	2	0	0
2	22000001	0.462192	0.512501	2	0	0
2	22500001	0.484057	0.512501	2	0	0
2	23000001	0.510654	0.512501	2	0	0
2	23500001	0.514348	0.512501	2	0	0
2	24000001	0.533158	0.512501	2	0	0
2	24500001	0.494143	0.512501	2	0	0
2	25000001	0.47253	0.512501	2	0	0
2	25500001	0.944284	0.512501	2	0	0
2	26000001	2.07472	2.38383	10	0	0
2	26500001	2.20942	2.38383	10	0	0
2	27000001	2.57887	2.38383	10	0	0
2	27500001	2.66607	2.38383	10	0	0
2	28000001	2.38383	2.38383	10	0	0
2	28500001	2.12795	2.0982	8	0	0
2	29000001	2.10962	2.0982	8	0	0
2	29500001	2.01574	2.0982	8	0	0
2	30000001	2.04333	2.0982	8	0	0
2	30500001	2.108	2.0982	8	0	0
2	31000001	2.10248	2.0982	8	0	0
2	31500001	2.23065	2.0982	8	0	0
2	32000001	2.12722	2.0982	8	0	0
2	32500001	2.32466	2.0982	8	0	0
2	33000001	1.99877	2.0982	8	0	0
2	33500001	1.84046	2.0982	8	0	0
2	34000001	1.91389	2.0982	8	0	0
2	34500001	1.87274	2.0982	8	0	0
2	35000001	1.91269	2.0982	8	0	0
2	35500001	1.95037	2.0982	8	0	0
2	36000001	2.19534	2.0982	8	0	0
2	36500001	2.18712	2.0982	8	0	0
2	37000001	2.1545	2.0982	8	0	0
2	37500001	2.17494	2.0982	8	0	0
2	38000001	2.09392	2.0982	8	0	0
2	38500001	2.09255	2.0982	8	0	0
2	39000001	2.11444	2.0982	8	0	0
2	39500001	2.08143	2.0982	8	0	0
2	40000001	1.8381	2.0982	8	0	0
2	40500001	1.58725	1.55555	6	0	0
2	41000001	1.55555	1.55555	6	0	0
2	41500001	1.52468	1.55555	6	0	0
2	42000001	1.58665	1.55555	6	0	0
2	42500001	1.54495	1.55555	6	0	0
2	43000001	1.28378	1.05201	4	0	0
2	43500001	1.06095	1.05201	4	0	0
2	44000001	1.05156	1.05201	4	0	0
2	44500001	1.06624	1.05201	4	0	0
2	45000001	1.09657	1.05201	4	0	0
2	45500001	1.12464	1.05201	4	0	0
2	46000001	1.10793	1.05201	4	0	0
2	46500001	1.12519	1.05201	4	0	0
2	47000001	1.1193	1.05201	4	0	0
2	47500001	1.06229	1.05201	4	0	0
2	48000001	1.09677	1.05201	4	0	0
2	48500001	1.0181	1.05201	4	0	0
2	49000001	0.942895	1.05201	4	0	0
2	49500001	0.943792	1.05201	4	0	0
2	50000001	0.944831	1.05201	4	0	0
2	50500001	1.01915	1.05201	4	0	0
2	51000001	0.999736	1.05201	4	0	0
2	51500001	1.00787	1.05201	4	0	0
2	52000001	1.03298	1.05201	4	0	0
2	52500001	0.981582	1.05201	4	0	0
2	53000001	1.06599	1.05201	4	0	0
2	53500001	0.992217	1.05201	4	0	0
2	54000001	1.05201	1.05201	4	0	0
2	54500001	1.12151	1.05201	4	0	0
2	55000001	1.11947	1.05201	4	0	0
2	55500001	1.11328	1.05201	4	0	0
2	56000001	1.09381	1.05201	4	0	0
2	56500001	1.03811	1.05201	4	0	0
2	57000001	1.01498	1.05201	4	0	0
2	57500001	1.05891	1.05201	4	0	0
2	58000001	1.0367	1.05201	4	0	0
2	58500001	1.01946	1.05201	4	0	0
2	59000001	1.02015	1.05201	4	0	0
2	59500001	0.978196	1.05201	4	0	0
2	60000001	1.02379	1.05201	4	0	0
2	60500001	1.03535	1.05201	4	0	0
2	61000001	1.1119	1.05201	4	0	0
2	61500001	1.00866	1.05201	4	0	0
2	62000001	1.07906	1.05201	4	0	0
2	62500001	1.05309	1.05201	4	0	0
2	63000001	1.13914	1.05201	4	0	0
2	63500001	1.31739	1.29694	5	0	0
2	64000001	1.29326	1.29694	5	0	0
2	64500001	1.29956	1.29694	5	0	0
2	65000001	1.26848	1.29694	5	0	0
2	65500001	1.26283	1.29694	5	0	0
2	66000001	1.26404	1.29694	5	0	0
2	66500001	1.26838	1.29694	5	0	0
2	67000001	1.30477	1.29694	5	0	0
2	67500001	1.25708	1.29694	5	0	0
2	68000001	1.27515	1.29694	5	0	0
2	68500001	1.3097	1.29694	5	0	0
2	69000001	1.32027	1.29694	5	0	0
2	69500001	1.36247	1.29694	5	0	0
2	70000001	1.31071	1.29694	5	0	0
2	70500001	1.30696	1.29694	5	0	0
2	71000001	1.29694	1.29694	5	0	0
2	71500001	1.28794	1.29694	5	0	0
2	72000001	1.31876	1.29694	5	0	0
2	72500001	1.30245	1.29694	5	0	0
2	73000001	1.22663	1.29694	5	0	0
2	73500001	1.28391	1.29694	5	0	0
2	74000001	1.30687	1.29694	5	0	0
2	74500001	1.05012	1.29694	5	0	0
2	75000001	0.550129	0.538098	2	0	0
2	75500001	0.82614	0.538098	2	0	0
2	76000001	1.28548	0.538098	2	0	0
2	76500001	0.786807	0.538098	2	0	0
2	77000001	0.452201	0.538098	2	0	0
2	77500001	0.461898	0.538098	2	0	0
2	78000001	0.538798	0.538098	2	0	0
2	78500001	0.488372	0.538098	2	0	0
2	79000001	0.487836	0.538098	2	0	0
2	79500001	0.470495	0.538098	2	0	0
2	80000001	0.459994	0.538098	2	0	0
2	80500001	0.460782	0.538098	2	0	0
2	81000001	0.537398	0.538098	2	0	0
2	81500001	0.586017	0.538098	2	0	0
2	82000001	0.512954	0.538098	2	0	0
2	82500001	0.784141	0.538098	2	0	0
2	83000001	0.522484	0.538098	2	0	0
2	83500001	0.766147	0.538098	2	0	0
2	84000001	0.956405	0.538098	2	0	0
2	84500001	0.85824	0.538098	2	0	0
2	85000001	1.67201	1.67201	7	0	0
2	85500001	0.725567	0.589198	2	0	0
2	86000001	0.507012	0.589198	2	0	0
2	86500001	0.504193	0.589198	2	0	0
2	87000001	0.602582	0.589198	2	0	0
2	87500001	0.70504	0.589198	2	0	0
2	88000001	0.575814	0.589198	2	0	0
2	88500001	0.539826	0.589198	2	0	0
2	89000001	-1	0.589198	2	0	0
2	89500001	-1	0.589198	2	0	0
2	90000001	-1	0.589198	2	0	0
2	90500001	-1	0.589198	2	0	0
2	91000001	-1	0.589198	2	0	0
2	91500001	0.743886	0.589198	2	0	0
2	92000001	0.695456	0.589198	2	0	0
2	92500001	0.698926	0.589198	2	0	0
2	93000001	0.336004	0.589198	2	0	0
2	93500001	0.32615	0.589198	2	0	0
2	94000001	-1	-1	-1	0	0
2	94500001	1.11909	1.04536	4	0	0
2	95000001	0.990709	1.04536	4	0	0
2	95500001	1.05454	1.04536	4	0	0
2	96000001	1.05172	1.04536	4	0	0
2	96500001	1.02323	1.04536	4	0	0
2	97000001	1.09217	1.04536	4	0	0
2	97500001	1.05341	1.04536	4	0	0
2	98000001	1.03755	1.04536	4	0	0
2	98500001	1.04536	1.04536	4	0	0
2	99000001	1.04255	1.04536	4	0	0
2	99500001	1.01614	1.04536	4	0	0
2	100000001	1.70521	2.09454	8	0	0
2	100500001	2.09454	2.09454	8	0	0
2	101000001	2.12926	2.09454	8	0	0
2	101500001	1.26255	1.00566	4	0	0
2	102000001	1.05001	1.00566	4	0	0
2	102500001	1.0116	1.00566	4	0	0
2	103000001	0.9899	1.00566	4	0	0
2	103500001	0.942525	1.00566	4	0	0
2	104000001	0.956021	1.00566	4	0	0
2	104500001	0.950166	1.00566	4	0	0
2	105000001	1.00286	1.00566	4	0	0
2	105500001	0.983321	1.00566	4	0	0
2	106000001	0.935454	1.00566	4	0	0
2	106500001	0.940112	1.00566	4	0	0
2	107000001	0.983703	1.00566	4	0	0
2	107500001	0.970947	1.00566	4	0	0
2	108000001	1.01906	1.00566	4	0	0
2	108500001	1.02625	1.00566	4	0	0
2	109000001	1.30736	1.00566	4	0	0
2	109500001	1.02981	1.00566	4	0	0
2	110000001	0.944964	1.00566	4	0	0
2	110500001	1.05895	1.00566	4	0	0
2	111000001	1.04913	1.00566	4	0	0
2	111500001	1.06398	1.00566	4	0	0
2	112000001	1.06246	1.00566	4	0	0
2	112500001	1.0827	1.00566	4	0	0
2	113000001	1.05626	1.00566	4	0	0
2	113500001	1.08204	1.00566	4	0	0
2	114000001	1.00966	1.00566	4	0	0
2	114500001	0.917371	1.00566	4	0	0
2	115000001	0.95185	1.00566	4	0	0
2	115500001	0.923836	1.00566	4	0	0
2	116000001	0.908486	1.00566	4	0	0
2	116500001	0.896918	1.00566	4	0	0
2	117000001	0.955548	1.00566	4	0	0
2	117500001	0.989585	1.00566	4	0	0
2	118000001	1.0456	1.00566	4	0	0
2	118500001	1.04636	1.00566	4	0	0
2	119000001	1.01313	1.00566	4	0	0
2	119500001	1.0455	1.00566	4	0	0
2	120000001	1.01567	1.00566	4	0	0
2	120500001	0.999994	1.00566	4	0	0
2	121000001	0.97967	1.00566	4	0	0
2	121500001	1.00255	1.00566	4	0	0
2	122000001	0.97707	1.00566	4	0	0
2	122500001	0.996879	1.00566	4	0	0
2	123000001	1.02192	1.00566	4	0	0
2	123500001	0.981969	1.00566	4	0	0
2	124000001	0.912136	1.00566	4	0	0
2	124500001	0.886459	1.00566	4	0	0
2	125000001	0.893847	1.00566	4	0	0
2	125500001	0.927097	1.00566	4	0	0
2	126000001	0.924276	1.00566	4	0	0
2	126500001	0.964717	1.00566	4	0	0
2	127000001	0.997634	1.00566	4	0	0
2	127500001	1.00112	1.00566	4	0	0
2	128000001	1.08791	1.00566	4	0	0
2	128500001	0.956321	1.00566	4	0	0
2	129000001	0.957682	1.00566	4	0	0
2	129500001	0.945067	1.00566	4	0	0
2	130000001	0.805985	1.00566	4	0	0
2	130500001	1.03746	1.00566	4	0	0
2	131000001	1.14896	1.00566	4	0	0
2	131500001	1.37583	1.00566	4	0	0
2	132000001	1.47478	1.00566	4	0	0
2	132500001	0.780476	1.00566	4	0	0
2	133000001	0.627704	1.00566	4	0	0
2	133500001	0.953074	1.00566	4	0	0
2	134000001	0.935246	1.00566	4	0	0
2	134500001	0.980665	1.00566	4	0	0
2	135000001	0.981934	1.00566	4	0	0
2	135500001	0.994716	1.00566	4	0	0
2	136000001	0.954813	1.00566	4	0	0
2	136500001	0.99157	1.00566	4	0	0
2	137000001	0.944593	1.00566	4	0	0
2	137500001	1.00566	1.00566	4	0	0
2	138000001	1.08087	1.00566	4	0	0
2	138500001	1.03998	1.00566	4	0	0
2	139000001	1.03155	1.00566	4	0	0
2	139500001	1.0067	1.00566	4	0	0
2	140000001	0.972737	1.00566	4	0	0
2	140500001	0.970177	1.00566	4	0	0
2	141000001	0.85779	1.00566	4	0	0
2	141500001	1.01244	1.00566	4	0	0
2	142000001	1.09812	1.00566	4	0	0
2	142500001	1.07284	1.00566	4	0	0
2	143000001	1.03417	1.00566	4	0	0
2	143500001	1.05847	1.00566	4	0	0
2	144000001	1.04252	1.00566	4	0	0
2	144500001	1.00391	1.00566	4	0	0
2	145000001	1.02586	1.00566	4	0	0
2	145500001	1.07092	1.00566	4	0	0
2	146000001	1.03837	1.00566	4	0	0
2	146500001	1.0446	1.00566	4	0	0
2	147000001	1.01389	1.00566	4	0	0
2	147500001	1.01269	1.00566	4	0	0
2	148000001	1.05569	1.00566	4	0	0
2	148500001	1.11536	1.00566	4	0	0
2	149000001	0.999131	1.00566	4	0	0
2	149500001	1.03632	1.00566	4	0	0
2	150000001	1.05254	1.00566	4	0	0
2	150500001	1.0418	1.00566	4	0	0
2	151000001	1.00097	1.00566	4	0	0
2	151500001	1.03793	1.00566	4	0	0
2	152000001	0.980455	1.00566	4	0	0
2	152500001	1.01907	1.00566	4	0	0
2	153000001	0.94052	1.00566	4	0	0
2	153500001	0.903064	1.00566	4	0	0
2	154000001	0.915875	1.00566	4	0	0
2	154500001	0.939356	1.00566	4	0	0
2	155000001	0.993142	1.00566	4	0	0
2	155500001	1.01408	1.00566	4	0	0
2	156000001	1.06118	1.00566	4	0	0
2	156500001	1.04326	1.00566	4	0	0
2	157000001	1.02439	1.00566	4	0	0
2	157500001	0.982627	1.00566	4	0	0
2	158000001	0.99469	1.00566	4	0	0
2	158500001	0.959308	1.00566	4	0	0
2	159000001	1.0375	1.00566	4	0	0
2	159500001	1.02607	1.00566	4	0	0
2	160000001	1.06959	1.00566	4	0	0
2	160500001	1.0413	1.00566	4	0	0
2	161000001	1.05324	1.00566	4	0	0
2	161500001	0.997779	1.00566	4	0	0
2	162000001	1.04398	1.00566	4	0	0
2	162500001	0.981763	1.00566	4	0	0
2	163000001	1.00871	1.00566	4	0	0
2	163500001	1.05787	1.00566	4	0	0
2	164000001	1.0597	1.00566	4	0	0
2	164500001	1.04313	1.00566	4	0	0
2	165000001	1.08198	1.00566	4	0	0
2	165500001	0.99614	1.00566	4	0	0
2	166000001	0.995159	1.00566	4	0	0
2	166500001	0.965937	1.00566	4	0	0
2	167000001	0.964187	1.00566	4	0	0
2	167500001	0.999886	1.00566	4	0	0
2	168000001	1.04084	1.00566	4	0	0
2	168500001	1.06408	1.00566	4	0	0
2	169000001	1.05666	1.00566	4	0	0
2	169500001	0.998648	1.00566	4	0	0
2	170000001	1.04116	1.00566	4	0	0
2	170500001	0.953832	1.00566	4	0	0
2	171000001	1.05462	1.00566	4	0	0
2	171500001	1.03455	1.00566	4	0	0
2	172000001	1.07672	1.00566	4	0	0
2	172500001	1.05154	1.00566	4	0	0
2	173000001	1.02321	1.00566	4	0	0
2	173500001	1.02952	1.00566	4	0	0
2	174000001	0.997423	1.00566	4	0	0
2	174500001	0.96178	1.00566	4	0	0
2	175000001	0.934416	1.00566	4	0	0
2	175500001	0.954096	1.00566	4	0	0
2	176000001	0.97235	1.00566	4	0	0
2	176500001	1.01821	1.00566	4	0	0
2	177000001	2.44434	2.4983	10	0	0
2	177500001	2.55226	2.4983	10	0	0
2	178000001	3.31605	3.3599	13	0	0
2	178500001	3.3609	3.3599	13	0	0
2	179000001	3.35891	3.3599	13	0	0
2	179500001	3.61432	3.3599	13	0	0
2	180000001	2.59852	2.01271	8	0	0
2	180500001	2.07503	2.01271	8	0	0
2	181000001	2.08696	2.01271	8	0	0
2	181500001	2.14019	2.01271	8	0	0
2	182000001	2.11244	2.01271	8	0	0
2	182500001	2.06448	2.01271	8	0	0
2	183000001	1.90995	2.01271	8	0	0
2	183500001	1.8552	2.01271	8	0	0
2	184000001	2.01271	2.01271	8	0	0
2	184500001	1.94684	2.01271	8	0	0
2	185000001	1.97949	2.01271	8	0	0
2	185500001	1.99658	2.01271	8	0	0
2	186000001	2.04183	2.01271	8	0	0
2	186500001	1.99169	2.01271	8	0	0
2	187000001	1.96068	2.01271	8	0	0
2	187500001	2.01238	2.01271	8	0	0
2	188000001	1.94284	2.01271	8	0	0
2	188500001	2.04763	2.01271	8	0	0
2	189000001	2.10712	2.01271	8	0	0
2	189500001	2.05545	2.01271	8	0	0
2	190000001	1.8173	2.01271	8	0	0
2	190500001	1.63851	1.48229	6	0	0
2	191000001	1.61498	1.48229	6	0	0
2	191500001	1.57793	1.48229	6	0	0
2	192000001	1.53047	1.48229	6	0	0
2	192500001	1.48229	1.48229	6	0	0
2	193000001	1.50124	1.48229	6	0	0
2	193500001	1.52507	1.48229	6	0	0
2	194000001	1.48463	1.48229	6	0	0
2	194500001	1.43865	1.48229	6	0	0
2	195000001	1.48116	1.48229	6	0	0
2	195500001	1.48534	1.48229	6	0	0
2	196000001	1.52498	1.48229	6	0	0
2	196500001	1.44626	1.48229	6	0	0
2	197000001	1.47851	1.48229	6	0	0
2	197500001	1.44463	1.48229	6	0	0
2	198000001	1.41087	1.48229	6	0	0
2	198500001	1.43272	1.48229	6	0	0
2	199000001	1.38982	1.48229	6	0	0
2	199500001	1.40436	1.48229	6	0	0
2	200000001	1.0583	1.00282	4	0	0
2	200500001	1.0559	1.00282	4	0	0
2	201000001	1.02924	1.00282	4	0	0
2	201500001	1.18142	1.00282	4	0	0
2	202000001	0.963014	1.00282	4	0	0
2	202500001	0.981447	1.00282	4	0	0
2	203000001	1.00445	1.00282	4	0	0
2	203500001	1.01166	1.00282	4	0	0
2	204000001	0.958551	1.00282	4	0	0
2	204500001	0.92408	1.00282	4	0	0
2	205000001	0.962353	1.00282	4	0	0
2	205500001	1.00282	1.00282	4	0	0
2	206000001	1.11912	1.00282	4	0	0
2	206500001	1.01551	1.00282	4	0	0
2	207000001	1.01847	1.00282	4	0	0
2	207500001	1.02156	1.00282	4	0	0
2	208000001	0.9663	1.00282	4	0	0
2	208500001	1.00654	1.00282	4	0	0
2	209000001	1.05204	1.00282	4	0	0
2	209500001	1.00392	1.00282	4	0	0
2	210000001	0.998838	1.00282	4	0	0
2	210500001	1.01895	1.00282	4	0	0
2	211000001	1.01004	1.00282	4	0	0
2	211500001	1.00358	1.00282	4	0	0
2	212000001	1.05066	1.00282	4	0	0
2	212500001	1.02125	1.00282	4	0	0
2	213000001	1.0537	1.00282	4	0	0
2	213500001	1.04472	1.00282	4	0	0
2	214000001	0.957465	1.00282	4	0	0
2	214500001	0.959765	1.00282	4	0	0
2	215000001	0.975961	1.00282	4	0	0
2	215500001	1.00529	1.00282	4	0	0
2	216000001	0.987084	1.00282	4	0	0
2	216500001	0.932783	1.00282	4	0	0
2	217000001	0.989314	1.00282	4	0	0
2	217500001	0.975056	1.00282	4	0	0
2	218000001	1.00967	1.00282	4	0	0
2	218500001	1.00307	1.00282	4	0	0
2	219000001	0.968957	1.00282	4	0	0
2	219500001	1.01637	1.00282	4	0	0
2	220000001	1.04327	1.00282	4	0	0
2	220500001	1.00676	1.00282	4	0	0
2	221000001	1.00124	1.00282	4	0	0
2	221500001	0.99368	1.00282	4	0	0
2	222000001	1.02865	1.00282	4	0	0
2	222500001	0.986072	1.00282	4	0	0
2	223000001	1.05975	1.00282	4	0	0
2	223500001	1.01838	1.00282	4	0	0
2	224000001	1.02581	1.00282	4	0	0
2	224500001	1.05422	1.00282	4	0	0
2	225000001	0.991293	1.00282	4	0	0
2	225500001	1.07426	1.00282	4	0	0
2	226000001	1.06291	1.00282	4	0	0
2	226500001	1.02064	1.00282	4	0	0
2	227000001	0.983887	1.00282	4	0	0
2	227500001	0.999488	1.00282	4	0	0
2	228000001	0.969914	1.00282	4	0	0
2	228500001	0.980814	1.00282	4	0	0
2	229000001	0.987605	1.00282	4	0	0
2	229500001	1.0091	1.00282	4	0	0
2	230000001	1.03094	1.00282	4	0	0
2	230500001	1.03627	1.00282	4	0	0
2	231000001	0.985541	1.00282	4	0	0
2	231500001	0.939671	1.00282	4	0	0
2	232000001	0.997338	1.00282	4	0	0
2	232500001	0.965046	1.00282	4	0	0
2	233000001	1.00112	1.00282	4	0	0
2	233500001	1.05645	1.00282	4	0	0
2	234000001	1.17715	1.00282	4	0	0
2	234500001	0.968213	1.00282	4	0	0
2	235000001	0.981151	1.00282	4	0	0
2	235500001	0.968359	1.00282	4	0	0
2	236000001	0.983664	1.00282	4	0	0
2	236500001	1.04315	1.00282	4	0	0
2	237000001	1.01788	1.00282	4	0	0
2	237500001	0.987918	1.00282	4	0	0
2	238000001	0.980225	1.00282	4	0	0
2	238500001	0.940911	1.00282	4	0	0
2	239000001	0.899242	1.00282	4	0	0
2	239500001	0.940648	1.00282	4	0	0
2	240000001	0.977751	1.00282	4	0	0
2	240500001	0.965241	1.00282	4	0	0
2	241000001	0.982749	1.00282	4	0	0
2	241500001	0.498627	0.355555	1	0	0
2	242000001	0.212483	0.355555	1	0	0
20	1	0.911714	0.920794	4	0	0
20	500001	0.888469	0.920794	4	0	0
20	1000001	0.945607	0.920794	4	0	0
20	1500001	0.877769	0.920794	4	0	0
20	2000001	0.934989	0.920794	4	0	0
20	2500001	0.920794	0.920794	4	0	0
20	3000001	0.931629	0.920794	4	0	0
20	3500001	0.919149	0.920794	4	0	0
20	4000001	0.947834	0.920794	4	0	0
20	4500001	0.929657	0.920794	4	0	0
20	5000001	0.89702	0.920794	4	0	0
20	5500001	0.93551	0.920794	4	0	0
20	6000001	0.92004	0.920794	4	0	0
20	6500001	0.957956	0.920794	4	0	0
20	7000001	0.951029	0.920794	4	0	0
20	7500001	0.89474	0.920794	4	0	0
20	8000001	0.93178	0.920794	4	0	0
20	8500001	0.904504	0.920794	4	0	0
20	9000001	0.862525	0.920794	4	0	0
20	9500001	0.908753	0.920794	4	0	0
20	10000001	0.892362	0.920794	4	0	0
20	10500001	0.966929	0.920794	4	0	0
20	11000001	0.972154	0.920794	4	0	0
20	11500001	0.988033	0.920794	4	0	0
20	12000001	0.939678	0.920794	4	0	0
20	12500001	0.924889	0.920794	4	0	0
20	13000001	0.90732	0.920794	4	0	0
20	13500001	0.917883	0.920794	4	0	0
20	14000001	0.910273	0.920794	4	0	0
20	14500001	0.49972	0.734064	3	0	0
20	15000001	0.620189	0.734064	3	0	0
20	15500001	0.847938	0.734064	3	0	0
20	16000001	0.918707	0.734064	3	0	0
20	16500001	1.36314	1.39074	6	0	0
20	17000001	1.4168	1.39074	6	0	0
20	17500001	1.38962	1.39074	6	0	0
20	18000001	1.40506	1.39074	6	0	0
20	18500001	1.36587	1.39074	6	0	0
20	19000001	1.39186	1.39074	6	0	0
20	19500001	1.44565	1.39074	6	0	0
20	20000001	1.39274	1.39074	6	0	0
20	20500001	1.35301	1.39074	6	0	0
20	21000001	1.33452	1.39074	6	0	0
20	21500001	1.30125	1.39074	6	0	0
20	22000001	1.38073	1.39074	6	0	0
20	22500001	1.44144	1.39074	6	0	0
20	23000001	1.39747	1.39074	6	0	0
20	23500001	1.7581	1.90043	8	0	0
20	24000001	1.99182	1.90043	8	0	0
20	24500001	1.90043	1.90043	8	0	0
20	25000001	1.97816	1.90043	8	0	0
20	25500001	1.55645	1.90043	8	0	0
20	26000001	3.24773	3.3763	14	0	0
20	26500001	3.50486	3.3763	14	0	0
20	27000001	2.52432	2.39951	10	0	0
20	27500001	2.39951	2.39951	10	0	0
20	28000001	2.26748	2.39951	10	0	0
20	28500001	4.31469	4.31469	17	0	0
20	29000001	2.06075	2.06075	8	0	0
20	29500001	2.13236	2.06075	8	0	0
20	30000001	-1	2.06075	8	0	0
20	30500001	2.10878	2.06075	8	0	0
20	31000001	-1	2.06075	8	0	0
20	31500001	2.13973	2.06075	8	0	0
20	32000001	2.01123	2.06075	8	0	0
20	32500001	2.0094	2.06075	8	0	0
20	33000001	2.01818	2.06075	8	0	0
20	33500001	2.1704	2.06075	8	0	0
20	34000001	1.99287	2.06075	8	0	0
20	34500001	1.26414	1.25784	5	0	0
20	35000001	1.30122	1.25784	5	0	0
20	35500001	1.23078	1.25784	5	0	0
20	36000001	1.7513	1.25784	5	0	0
20	36500001	1.26663	1.25784	5	0	0
20	37000001	1.24882	1.25784	5	0	0
20	37500001	1.29275	1.25784	5	0	0
20	38000001	1.31829	1.25784	5	0	0
20	38500001	1.29499	1.25784	5	0	0
20	39000001	1.28032	1.25784	5	0	0
20	39500001	1.21029	1.25784	5	0	0
20	40000001	1.23342	1.25784	5	0	0
20	40500001	1.30044	1.25784	5	0	0
20	41000001	1.28765	1.25784	5	0	0
20	41500001	1.25784	1.25784	5	0	0
20	42000001	1.18966	1.25784	5	0	0
20	42500001	1.13432	1.25784	5	0	0
20	43000001	1.24806	1.25784	5	0	0
20	43500001	1.25548	1.25784	5	0	0
20	44000001	1.25083	1.25784	5	0	0
20	44500001	1.2536	1.25784	5	0	0
20	45000001	1.29388	1.25784	5	0	0
20	45500001	1.29357	1.25784	5	0	0
20	46000001	1.21087	1.25784	5	0	0
20	46500001	1.28333	1.25784	5	0	0
20	47000001	1.29387	1.25784	5	0	0
20	47500001	1.25487	1.25784	5	0	0
20	48000001	1.27172	1.25784	5	0	0
20	48500001	1.28057	1.25784	5	0	0
20	49000001	1.28819	1.25784	5	0	0
20	49500001	1.30713	1.25784	5	0	0
20	50000001	1.73735	1.25784	5	0	0
20	50500001	1.67366	1.25784	5	0	0
20	51000001	1.25243	1.25784	5	0	0
20	51500001	1.29421	1.25784	5	0	0
20	52000001	1.28263	1.25784	5	0	0
20	52500001	1.25409	1.25784	5	0	0
20	53000001	1.27959	1.25784	5	0	0
20	53500001	1.31488	1.25784	5	0	0
20	54000001	1.30132	1.25784	5	0	0
20	54500001	1.22018	1.25784	5	0	0
20	55000001	1.16582	1.25784	5	0	0
20	55500001	1.1663	1.25784	5	0	0
20	56000001	1.25316	1.25784	5	0	0
20	56500001	1.22015	1.25784	5	0	0
20	57000001	1.20234	1.25784	5	0	0
20	57500001	1.2267	1.25784	5	0	0
20	58000001	1.28812	1.25784	5	0	0
20	58500001	1.19131	1.25784	5	0	0
20	59000001	1.21412	1.25784	5	0	0
20	59500001	1.19822	1.25784	5	0	0
20	60000001	1.21861	1.25784	5	0	0
20	60500001	1.18193	1.25784	5	0	0
20	61000001	1.19181	1.25784	5	0	0
20	61500001	1.24361	1.25784	5	0	0
20	62000001	1.28427	1.25784	5	0	0
20	62500001	1.27076	1.25784	5	0	0
20	63000001	1.26339	1.25784	5	0	0
20	63500001	1.24958	1.25784	5	0	0
20	64000001	-1	-1	-1	0	0
21	1	-1	-1	-1	0	0
21	500001	-1	-1	-1	0	0
21	1000001	-1	-1	-1	0	0
21	1500001	-1	-1	-1	0	0
21	2000001	-1	-1	-1	0	0
21	2500001	-1	-1	-1	0	0
21	3000001	-1	-1	-1	0	0
21	3500001	-1	-1	-1	0	0
21	4000001	-1	-1	-1	0	0
21	4500001	-1	-1	-1	0	0
21	5000001	-1	-1	-1	0	0
21	5500001	-1	-1	-1	0	0
21	6000001	-1	-1	-1	0	0
21	6500001	-1	-1	-1	0	0
21	7000001	-1	-1	-1	0	0
21	7500001	-1	-1	-1	0	0
21	8000001	-1	-1	-1	0	0
21	8500001	-1	-1	-1	0	0
21	9000001	-1	-1	-1	0	0
21	9500001	1.21245	1.21245	5	0	0
21	10000001	-1	-1	-1	0	0
21	10500001	0.740062	0.688647	3	0	0
21	11000001	0.488936	0.688647	3	0	0
21	11500001	0.688647	0.688647	3	0	0
21	12000001	0.769353	0.769353	3	0	0
21	12500001	1.14962	1.14962	5	0	0
21	13000001	0.630491	0.599305	2	0	0
21	13500001	0.56812	0.599305	2	0	0
21	14000001	0.833057	0.847757	3	0	0
21	14500001	0.912643	0.847757	3	0	0
21	15000001	0.910204	0.847757	3	0	0
21	15500001	0.894232	0.847757	3	0	0
21	16000001	0.90042	0.847757	3	0	0
21	16500001	0.87521	0.847757	3	0	0
21	17000001	0.918435	0.847757	3	0	0
21	17500001	0.820064	0.847757	3	0	0
21	18000001	0.801157	0.847757	3	0	0
21	18500001	0.849833	0.847757	3	0	0
21	19000001	0.803495	0.847757	3	0	0
21	19500001	0.81781	0.847757	3	0	0
21	20000001	0.804103	0.847757	3	0	0
21	20500001	0.824797	0.847757	3	0	0
21	21000001	0.814103	0.847757	3	0	0
21	21500001	0.832135	0.847757	3	0	0
21	22000001	0.83492	0.847757	3	0	0
21	22500001	0.851006	0.847757	3	0	0
21	23000001	0.836147	0.847757	3	0	0
21	23500001	0.843056	0.847757	3	0	0
21	24000001	0.891451	0.847757	3	0	0
21	24500001	0.830144	0.847757	3	0	0
21	25000001	0.88708	0.847757	3	0	0
21	25500001	0.810503	0.847757	3	0	0
21	26000001	0.831262	0.847757	3	0	0
21	26500001	0.900941	0.847757	3	0	0
21	27000001	0.88359	0.847757	3	0	0
21	27500001	0.898762	0.847757	3	0	0
21	28000001	0.763248	0.847757	3	0	0
21	28500001	0.939036	0.847757	3	0	0
21	29000001	0.878919	0.847757	3	0	0
21	29500001	0.928903	0.847757	3	0	0
21	30000001	0.872928	0.847757	3	0	0
21	30500001	0.862543	0.847757	3	0	0
21	31000001	0.78133	0.847757	3	0	0
21	31500001	0.80753	0.847757	3	0	0
21	32000001	0.828284	0.847757	3	0	0
21	32500001	0.846201	0.847757	3	0	0
21	33000001	0.886931	0.847757	3	0	0
21	33500001	0.848169	0.847757	3	0	0
21	34000001	0.759553	0.847757	3	0	0
21	34500001	0.86212	0.847757	3	0	0
21	35000001	0.946823	0.847757	3	0	0
21	35500001	0.881634	0.847757	3	0	0
21	36000001	0.852577	0.847757	3	0	0
21	36500001	0.847344	0.847757	3	0	0
21	37000001	0.821197	0.847757	3	0	0
21	37500001	0.839915	0.847757	3	0	0
21	38000001	0.890396	0.847757	3	0	0
21	38500001	0.877645	0.847757	3	0	0
21	39000001	0.897318	0.847757	3	0	0
21	39500001	0.839621	0.847757	3	0	0
21	40000001	0.768781	0.847757	3	0	0
21	40500001	0.814248	0.847757	3	0	0
21	41000001	0.889271	0.847757	3	0	0
21	41500001	0.870536	0.847757	3	0	0
21	42000001	0.834705	0.847757	3	0	0
21	42500001	0.845229	0.847757	3	0	0
21	43000001	0.604484	0.795205	3	0	0
21	43500001	0.791378	0.795205	3	0	0
21	44000001	0.693032	0.795205	3	0	0
21	44500001	0.877034	0.795205	3	0	0
21	45000001	0.836052	0.795205	3	0	0
21	45500001	0.799032	0.795205	3	0	0
21	46000001	0.83161	0.795205	3	0	0
21	46500001	0.351291	0.795205	3	0	0
22	1	-1	-1	-1	0	0
22	500001	-1	-1	-1	0	0
22	1000001	-1	-1	-1	0	0
22	1500001	-1	-1	-1	0	0
22	2000001	-1	-1	-1	0	0
22	2500001	-1	-1	-1	0	0
22	3000001	-1	-1	-1	0	0
22	3500001	-1	-1	-1	0	0
22	4000001	-1	-1	-1	0	0
22	4500001	-1	-1	-1	0	0
22	5000001	-1	-1	-1	0	0
22	5500001	-1	-1	-1	0	0
22	6000001	-1	-1	-1	0	0
22	6500001	-1	-1	-1	0	0
22	7000001	-1	-1	-1	0	0
22	7500001	-1	-1	-1	0	0
22	8000001	-1	-1	-1	0	0
22	8500001	-1	-1	-1	0	0
22	9000001	-1	-1	-1	0	0
22	9500001	-1	-1	-1	0	0
22	10000001	-1	-1	-1	0	0
22	10500001	-1	-1	-1	0	0
22	11000001	-1	-1	-1	0	0
22	11500001	-1	-1	-1	0	0
22	12000001	-1	-1	-1	0	0
22	12500001	-1	-1	-1	0	0
22	13000001	0.479762	0.479762	2	0	0
22	13500001	0.746716	0.746716	3	0	0
22	14000001	0.933361	0.975451	4	0	0
22	14500001	0.962722	0.975451	4	0	0
22	15000001	-1	0.975451	4	0	0
22	15500001	1.34543	0.975451	4	0	0
22	16000001	0.969062	0.975451	4	0	0
22	16500001	0.981841	0.975451	4	0	0
22	17000001	0.984262	0.975451	4	0	0
22	17500001	1.01564	0.975451	4	0	0
22	18000001	-1	0.975451	4	0	0
22	18500001	0.759021	0.975451	4	0	0
22	19000001	1.17804	1.348	5	0	0
22	19500001	1.51795	1.348	5	0	0
22	20000001	1.02861	1.00552	4	0	0
22	20500001	0.982423	1.00552	4	0	0
22	21000001	0.789908	0.970043	4	0	0
22	21500001	0.9678	0.970043	4	0	0
22	22000001	0.984926	0.970043	4	0	0
22	22500001	1.0272	0.970043	4	0	0
22	23000001	0.981415	0.970043	4	0	0
22	23500001	0.907566	0.970043	4	0	0
22	24000001	0.993826	0.970043	4	0	0
22	24500001	1.05846	0.970043	4	0	0
22	25000001	0.947841	0.970043	4	0	0
22	25500001	0.972285	0.970043	4	0	0
22	26000001	0.949012	0.970043	4	0	0
22	26500001	0.961754	0.970043	4	0	0
22	27000001	1.00975	0.970043	4	0	0
22	27500001	0.977713	0.970043	4	0	0
22	28000001	0.800224	0.970043	4	0	0
22	28500001	0.836385	0.970043	4	0	0
22	29000001	1.02489	1.02048	4	0	0
22	29500001	1.05688	1.02048	4	0	0
22	30000001	1.04415	1.02048	4	0	0
22	30500001	0.999658	1.02048	4	0	0
22	31000001	1.041	1.02048	4	0	0
22	31500001	1.01251	1.02048	4	0	0
22	32000001	1.00998	1.02048	4	0	0
22	32500001	1.03761	1.02048	4	0	0
22	33000001	1.15637	1.02048	4	0	0
22	33500001	0.917845	1.02048	4	0	0
22	34000001	0.893907	1.02048	4	0	0
22	34500001	0.981726	1.02048	4	0	0
22	35000001	1.03054	1.02048	4	0	0
22	35500001	1.03394	1.02048	4	0	0
22	36000001	1.05834	1.02048	4	0	0
22	36500001	1.04366	1.02048	4	0	0
22	37000001	1.0402	1.02048	4	0	0
22	37500001	1.00673	1.02048	4	0	0
22	38000001	1.01113	1.02048	4	0	0
22	38500001	1.04363	1.02048	4	0	0
22	39000001	0.977844	1.02048	4	0	0
22	39500001	1.0107	1.02048	4	0	0
22	40000001	1.02791	1.02048	4	0	0
22	40500001	1.00943	1.02048	4	0	0
22	41000001	1.13801	1.02048	4	0	0
22	41500001	0.998303	1.02048	4	0	0
22	42000001	0.997139	1.02048	4	0	0
22	42500001	1.22418	1.02048	4	0	0
22	43000001	1.00325	1.02048	4	0	0
22	43500001	0.996549	1.02048	4	0	0
22	44000001	1.00588	1.02048	4	0	0
22	44500001	1.01606	1.02048	4	0	0
22	45000001	1.04453	1.02048	4	0	0
22	45500001	1.03135	1.02048	4	0	0
22	46000001	1.0492	1.02048	4	0	0
22	46500001	1.0034	1.02048	4	0	0
22	47000001	0.98188	0.951238	4	0	0
22	47500001	0.944606	0.951238	4	0	0
22	48000001	0.944921	0.951238	4	0	0
22	48500001	0.90715	0.951238	4	0	0
22	49000001	0.959292	0.951238	4	0	0
22	49500001	0.995101	0.951238	4	0	0
22	50000001	0.957555	0.951238	4	0	0
22	50500001	0.659877	0.951238	4	0	0
3	1	0.806899	0.792032	3	0	0
3	500001	0.772176	0.792032	3	0	0
3	1000001	0.726038	0.792032	3	0	0
3	1500001	0.713386	0.792032	3	0	0
3	2000001	0.667263	0.792032	3	0	0
3	2500001	0.690596	0.792032	3	0	0
3	3000001	0.713961	0.792032	3	0	0
3	3500001	0.704373	0.792032	3	0	0
3	4000001	0.736613	0.792032	3	0	0
3	4500001	0.797902	0.792032	3	0	0
3	5000001	0.745032	0.792032	3	0	0
3	5500001	0.760738	0.792032	3	0	0
3	6000001	0.791033	0.792032	3	0	0
3	6500001	0.709594	0.792032	3	0	0
3	7000001	0.733034	0.792032	3	0	0
3	7500001	0.783744	0.792032	3	0	0
3	8000001	0.769703	0.792032	3	0	0
3	8500001	0.792032	0.792032	3	0	0
3	9000001	0.843489	0.792032	3	0	0
3	9500001	1.00989	0.792032	3	0	0
3	10000001	0.795061	0.792032	3	0	0
3	10500001	0.774432	0.792032	3	0	0
3	11000001	0.793036	0.792032	3	0	0
3	11500001	0.796062	0.792032	3	0	0
3	12000001	0.861574	0.792032	3	0	0
3	12500001	0.794162	0.792032	3	0	0
3	13000001	0.324804	0.792032	3	0	0
3	13500001	0.609049	0.792032	3	0	0
3	14000001	0.799096	0.792032	3	0	0
3	14500001	0.7735	0.792032	3	0	0
3	15000001	0.784972	0.792032	3	0	0
3	15500001	0.845256	0.792032	3	0	0
3	16000001	0.781082	0.792032	3	0	0
3	16500001	0.754581	0.792032	3	0	0
3	17000001	0.800735	0.792032	3	0	0
3	17500001	0.820669	0.792032	3	0	0
3	18000001	0.860898	0.792032	3	0	0
3	18500001	0.817716	0.792032	3	0	0
3	19000001	0.751801	0.792032	3	0	0
3	19500001	0.717644	0.792032	3	0	0
3	20000001	0.776978	0.792032	3	0	0
3	20500001	0.69271	0.792032	3	0	0
3	21000001	0.738707	0.792032	3	0	0
3	21500001	0.733585	0.792032	3	0	0
3	22000001	0.78638	0.792032	3	0	0
3	22500001	0.788086	0.792032	3	0	0
3	23000001	0.849979	0.792032	3	0	0
3	23500001	0.812268	0.792032	3	0	0
3	24000001	0.806003	0.792032	3	0	0
3	24500001	0.82071	0.792032	3	0	0
3	25000001	0.808483	0.792032	3	0	0
3	25500001	0.785231	0.792032	3	0	0
3	26000001	0.762198	0.792032	3	0	0
3	26500001	0.770329	0.792032	3	0	0
3	27000001	0.787396	0.792032	3	0	0
3	27500001	0.776724	0.792032	3	0	0
3	28000001	0.782633	0.792032	3	0	0
3	28500001	0.774614	0.792032	3	0	0
3	29000001	0.774096	0.792032	3	0	0
3	29500001	0.839033	0.792032	3	0	0
3	30000001	0.833787	0.792032	3	0	0
3	30500001	0.868366	0.792032	3	0	0
3	31000001	0.801357	0.792032	3	0	0
3	31500001	0.817825	0.792032	3	0	0
3	32000001	0.795767	0.792032	3	0	0
3	32500001	0.802787	0.792032	3	0	0
3	33000001	0.794383	0.792032	3	0	0
3	33500001	0.833338	0.792032	3	0	0
3	34000001	0.808663	0.792032	3	0	0
3	34500001	0.736073	0.792032	3	0	0
3	35000001	0.780708	0.792032	3	0	0
3	35500001	0.757451	0.792032	3	0	0
3	36000001	0.788255	0.792032	3	0	0
3	36500001	0.811528	0.792032	3	0	0
3	37000001	0.772957	0.792032	3	0	0
3	37500001	0.802453	0.792032	3	0	0
3	38000001	0.787563	0.792032	3	0	0
3	38500001	0.774701	0.792032	3	0	0
3	39000001	0.830607	0.792032	3	0	0
3	39500001	0.856543	0.792032	3	0	0
3	40000001	0.854931	0.792032	3	0	0
3	40500001	0.836561	0.792032	3	0	0
3	41000001	0.852027	0.792032	3	0	0
3	41500001	0.871863	0.792032	3	0	0
3	42000001	0.85469	0.792032	3	0	0
3	42500001	0.860348	0.792032	3	0	0
3	43000001	0.87708	0.792032	3	0	0
3	43500001	0.898103	0.792032	3	0	0
3	44000001	0.903677	0.792032	3	0	0
3	44500001	0.86997	0.792032	3	0	0
3	45000001	0.893455	0.792032	3	0	0
3	45500001	0.890633	0.792032	3	0	0
3	46000001	0.85844	0.792032	3	0	0
3	46500001	0.748498	0.792032	3	0	0
3	47000001	0.790536	0.792032	3	0	0
3	47500001	0.505683	0.506461	2	0	0
3	48000001	0.494506	0.506461	2	0	0
3	48500001	0.542185	0.506461	2	0	0
3	49000001	0.518219	0.506461	2	0	0
3	49500001	0.511423	0.506461	2	0	0
3	50000001	0.546819	0.506461	2	0	0
3	50500001	0.500066	0.506461	2	0	0
3	51000001	0.536038	0.506461	2	0	0
3	51500001	0.546751	0.506461	2	0	0
3	52000001	0.530641	0.506461	2	0	0
3	52500001	0.523791	0.506461	2	0	0
3	53000001	0.779778	0.506461	2	0	0
3	53500001	0.512772	0.506461	2	0	0
3	54000001	0.507585	0.506461	2	0	0
3	54500001	0.468136	0.506461	2	0	0
3	55000001	0.463546	0.506461	2	0	0
3	55500001	0.47887	0.506461	2	0	0
3	56000001	0.539815	0.506461	2	0	0
3	56500001	0.512779	0.506461	2	0	0
3	57000001	0.522292	0.506461	2	0	0
3	57500001	0.552422	0.506461	2	0	0
3	58000001	0.534016	0.506461	2	0	0
3	58500001	0.519699	0.506461	2	0	0
3	59000001	0.503794	0.506461	2	0	0
3	59500001	0.489219	0.506461	2	0	0
3	60000001	0.44579	0.506461	2	0	0
3	60500001	0.348593	0.506461	2	0	0
3	61000001	0.448606	0.506461	2	0	0
3	61500001	0.437686	0.506461	2	0	0
3	62000001	0.443112	0.506461	2	0	0
3	62500001	0.483506	0.506461	2	0	0
3	63000001	0.475432	0.506461	2	0	0
3	63500001	0.481437	0.506461	2	0	0
3	64000001	0.488609	0.506461	2	0	0
3	64500001	0.449882	0.506461	2	0	0
3	65000001	0.42613	0.506461	2	0	0
3	65500001	0.480698	0.506461	2	0	0
3	66000001	0.473115	0.506461	2	0	0
3	66500001	0.469097	0.506461	2	0	0
3	67000001	0.512217	0.506461	2	0	0
3	67500001	0.47704	0.506461	2	0	0
3	68000001	0.468671	0.506461	2	0	0
3	68500001	0.529239	0.506461	2	0	0
3	69000001	0.526812	0.506461	2	0	0
3	69500001	0.516064	0.506461	2	0	0
3	70000001	0.51764	0.506461	2	0	0
3	70500001	0.504982	0.506461	2	0	0
3	71000001	0.496229	0.506461	2	0	0
3	71500001	0.49756	0.506461	2	0	0
3	72000001	0.529032	0.506461	2	0	0
3	72500001	0.507239	0.506461	2	0	0
3	73000001	0.503779	0.506461	2	0	0
3	73500001	0.463453	0.506461	2	0	0
3	74000001	0.482432	0.506461	2	0	0
3	74500001	0.480277	0.506461	2	0	0
3	75000001	0.469138	0.506461	2	0	0
3	75500001	0.657192	0.506461	2	0	0
3	76000001	0.499537	0.506461	2	0	0
3	76500001	0.444979	0.506461	2	0	0
3	77000001	0.468443	0.506461	2	0	0
3	77500001	0.51069	0.506461	2	0	0
3	78000001	0.480269	0.506461	2	0	0
3	78500001	0.45352	0.506461	2	0	0
3	79000001	0.54935	0.506461	2	0	0
3	79500001	0.551924	0.506461	2	0	0
3	80000001	0.530737	0.506461	2	0	0
3	80500001	0.501968	0.506461	2	0	0
3	81000001	0.522658	0.506461	2	0	0
3	81500001	0.509997	0.506461	2	0	0
3	82000001	0.564814	0.506461	2	0	0
3	82500001	0.519497	0.506461	2	0	0
3	83000001	0.547975	0.506461	2	0	0
3	83500001	0.520085	0.506461	2	0	0
3	84000001	0.501768	0.506461	2	0	0
3	84500001	0.555929	0.506461	2	0	0
3	85000001	0.562154	0.506461	2	0	0
3	85500001	0.557312	0.506461	2	0	0
3	86000001	0.499841	0.506461	2	0	0
3	86500001	0.370012	0.506461	2	0	0
3	87000001	0.523288	0.506461	2	0	0
3	87500001	0.519065	0.506461	2	0	0
3	88000001	0.516086	0.506461	2	0	0
3	88500001	0.933581	0.940001	4	0	0
3	89000001	0.940001	0.940001	4	0	0
3	89500001	1.23134	0.940001	4	0	0
3	90000001	0.895209	0.940001	4	0	0
3	90500001	1.20501	0.940001	4	0	0
3	91000001	0.62923	0.62923	3	0	0
3	91500001	1.54416	1.53367	6	0	0
3	92000001	1.53367	1.53367	6	0	0
3	92500001	1.44417	1.53367	6	0	0
3	93000001	6.985	6.985	28	0	0
3	93500001	1.32625	1.3118	5	0	0
3	94000001	1.19925	1.3118	5	0	0
3	94500001	1.25444	1.3118	5	0	0
3	95000001	1.26276	1.3118	5	0	0
3	95500001	1.24903	1.3118	5	0	0
3	96000001	1.26523	1.3118	5	0	0
3	96500001	1.27679	1.3118	5	0	0
3	97000001	1.32745	1.3118	5	0	0
3	97500001	1.37112	1.3118	5	0	0
3	98000001	1.34056	1.3118	5	0	0
3	98500001	1.348	1.3118	5	0	0
3	99000001	1.31872	1.3118	5	0	0
3	99500001	1.32903	1.3118	5	0	0
3	100000001	1.30488	1.3118	5	0	0
3	100500001	1.36283	1.3118	5	0	0
3	101000001	1.3517	1.3118	5	0	0
3	101500001	1.28941	1.3118	5	0	0
3	102000001	1.17057	1.3118	5	0	0
3	102500001	1.08438	1.0186	4	0	0
3	103000001	1.01293	1.0186	4	0	0
3	103500001	0.978319	1.0186	4	0	0
3	104000001	1.04332	1.0186	4	0	0
3	104500001	1.10306	1.0186	4	0	0
3	105000001	1.06061	1.0186	4	0	0
3	105500001	1.12858	1.0186	4	0	0
3	106000001	1.07539	1.0186	4	0	0
3	106500001	1.09164	1.0186	4	0	0
3	107000001	1.07604	1.0186	4	0	0
3	107500001	1.27968	1.0186	4	0	0
3	108000001	1.06449	1.0186	4	0	0
3	108500001	1.00984	1.0186	4	0	0
3	109000001	0.978021	1.0186	4	0	0
3	109500001	0.993689	1.0186	4	0	0
3	110000001	1.00004	1.0186	4	0	0
3	110500001	1.03875	1.0186	4	0	0
3	111000001	1.10495	1.0186	4	0	0
3	111500001	1.0552	1.0186	4	0	0
3	112000001	1.04356	1.0186	4	0	0
3	112500001	1.11833	1.0186	4	0	0
3	113000001	1.00325	1.0186	4	0	0
3	113500001	1.06079	1.0186	4	0	0
3	114000001	1.0087	1.0186	4	0	0
3	114500001	1.00245	1.0186	4	0	0
3	115000001	0.973408	1.0186	4	0	0
3	115500001	0.960425	1.0186	4	0	0
3	116000001	0.987306	1.0186	4	0	0
3	116500001	1.02246	1.0186	4	0	0
3	117000001	0.955448	1.0186	4	0	0
3	117500001	0.977377	1.0186	4	0	0
3	118000001	1.0067	1.0186	4	0	0
3	118500001	1.0214	1.0186	4	0	0
3	119000001	1.04061	1.0186	4	0	0
3	119500001	1.02583	1.0186	4	0	0
3	120000001	1.03194	1.0186	4	0	0
3	120500001	1.04069	1.0186	4	0	0
3	121000001	1.03008	1.0186	4	0	0
3	121500001	1.05328	1.0186	4	0	0
3	122000001	1.0634	1.0186	4	0	0
3	122500001	1.02455	1.0186	4	0	0
3	123000001	1.03506	1.0186	4	0	0
3	123500001	0.998607	1.0186	4	0	0
3	124000001	1.00932	1.0186	4	0	0
3	124500001	1.0186	1.0186	4	0	0
3	125000001	1.07577	1.0186	4	0	0
3	125500001	1.01912	1.0186	4	0	0
3	126000001	1.0018	1.0186	4	0	0
3	126500001	1.03084	1.0186	4	0	0
3	127000001	0.988126	1.0186	4	0	0
3	127500001	1.00551	1.0186	4	0	0
3	128000001	1.01845	1.0186	4	0	0
3	128500001	1.02852	1.0186	4	0	0
3	129000001	1.00467	1.0186	4	0	0
3	129500001	1.04115	1.0186	4	0	0
3	130000001	0.952799	1.0186	4	0	0
3	130500001	1.0497	1.0186	4	0	0
3	131000001	0.997916	1.0186	4	0	0
3	131500001	0.979708	1.0186	4	0	0
3	132000001	1.03679	1.0186	4	0	0
3	132500001	0.991894	1.0186	4	0	0
3	133000001	1.00166	1.0186	4	0	0
3	133500001	1.04076	1.0186	4	0	0
3	134000001	1.03864	1.0186	4	0	0
3	134500001	1.03363	1.0186	4	0	0
3	135000001	0.969427	1.0186	4	0	0
3	135500001	1.01617	1.0186	4	0	0
3	136000001	1.00012	1.0186	4	0	0
3	136500001	0.971329	1.0186	4	0	0
3	137000001	0.988376	1.0186	4	0	0
3	137500001	1.02378	1.0186	4	0	0
3	138000001	1.00287	1.0186	4	0	0
3	138500001	0.999679	1.0186	4	0	0
3	139000001	0.994737	1.0186	4	0	0
3	139500001	0.958327	1.0186	4	0	0
3	140000001	0.954427	1.0186	4	0	0
3	140500001	0.998995	1.0186	4	0	0
3	141000001	1.02712	1.0186	4	0	0
3	141500001	1.02565	1.0186	4	0	0
3	142000001	1.07129	1.0186	4	0	0
3	142500001	1.00824	1.0186	4	0	0
3	143000001	0.978638	1.0186	4	0	0
3	143500001	0.969652	1.0186	4	0	0
3	144000001	0.986411	1.0186	4	0	0
3	144500001	1.01156	1.0186	4	0	0
3	145000001	0.970729	1.0186	4	0	0
3	145500001	0.944134	1.0186	4	0	0
3	146000001	0.988736	1.0186	4	0	0
3	146500001	1.02309	1.0186	4	0	0
3	147000001	0.933776	1.0186	4	0	0
3	147500001	0.924014	1.0186	4	0	0
3	148000001	0.964872	1.0186	4	0	0
3	148500001	1.01098	1.0186	4	0	0
3	149000001	1.14075	1.0186	4	0	0
3	149500001	1.0733	1.0186	4	0	0
3	150000001	1.09767	1.0186	4	0	0
3	150500001	1.03309	1.0186	4	0	0
3	151000001	1.01228	1.0186	4	0	0
3	151500001	1.06792	1.0186	4	0	0
3	152000001	1.11215	1.0186	4	0	0
3	152500001	1.03557	1.0186	4	0	0
3	153000001	1.03	1.0186	4	0	0
3	153500001	1.03481	1.0186	4	0	0
3	154000001	0.96943	1.0186	4	0	0
3	154500001	0.967986	1.0186	4	0	0
3	155000001	0.963405	1.0186	4	0	0
3	155500001	0.929182	1.0186	4	0	0
3	156000001	0.98112	1.0186	4	0	0
3	156500001	1.05358	1.0186	4	0	0
3	157000001	1.02911	1.0186	4	0	0
3	157500001	0.99466	1.0186	4	0	0
3	158000001	1.0011	1.0186	4	0	0
3	158500001	0.970689	1.0186	4	0	0
3	159000001	1.00072	1.0186	4	0	0
3	159500001	1.07568	1.0186	4	0	0
3	160000001	1.04663	1.0186	4	0	0
3	160500001	1.02688	1.0186	4	0	0
3	161000001	1.03343	1.0186	4	0	0
3	161500001	1.00376	1.0186	4	0	0
3	162000001	0.961834	1.0186	4	0	0
3	162500001	0.903174	1.0186	4	0	0
3	163000001	1.00657	1.0186	4	0	0
3	163500001	1.05188	1.0186	4	0	0
3	164000001	0.975103	1.0186	4	0	0
3	164500001	1.01469	1.0186	4	0	0
3	165000001	1.03528	1.0186	4	0	0
3	165500001	1.07038	1.0186	4	0	0
3	166000001	1.08163	1.0186	4	0	0
3	166500001	1.00787	1.0186	4	0	0
3	167000001	0.979707	1.0186	4	0	0
3	167500001	1.03178	1.0186	4	0	0
3	168000001	1.04994	1.0186	4	0	0
3	168500001	1.10751	1.0186	4	0	0
3	169000001	1.09962	1.0186	4	0	0
3	169500001	1.05383	1.0186	4	0	0
3	170000001	1.04055	1.0186	4	0	0
3	170500001	1.07691	1.0186	4	0	0
3	171000001	1.07343	1.0186	4	0	0
3	171500001	1.09326	1.0186	4	0	0
3	172000001	1.0751	1.0186	4	0	0
3	172500001	1.0936	1.0186	4	0	0
3	173000001	1.02619	1.0186	4	0	0
3	173500001	0.957286	1.0186	4	0	0
3	174000001	1.00596	1.0186	4	0	0
3	174500001	1.00539	1.0186	4	0	0
3	175000001	1.01121	1.0186	4	0	0
3	175500001	0.960387	1.0186	4	0	0
3	176000001	0.973725	1.0186	4	0	0
3	176500001	0.995764	1.0186	4	0	0
3	177000001	1.02808	1.0186	4	0	0
3	177500001	1.06615	1.0186	4	0	0
3	178000001	1.06088	1.0186	4	0	0
3	178500001	0.994859	1.0186	4	0	0
3	179000001	1.33262	1.491	6	0	0
3	179500001	1.46774	1.491	6	0	0
3	180000001	1.46926	1.491	6	0	0
3	180500001	1.47094	1.491	6	0	0
3	181000001	1.51578	1.491	6	0	0
3	181500001	1.40254	1.491	6	0	0
3	182000001	1.57502	1.491	6	0	0
3	182500001	1.56053	1.491	6	0	0
3	183000001	1.49671	1.491	6	0	0
3	183500001	1.50095	1.491	6	0	0
3	184000001	1.4443	1.491	6	0	0
3	184500001	1.49055	1.491	6	0	0
3	185000001	1.55435	1.491	6	0	0
3	185500001	1.49144	1.491	6	0	0
3	186000001	1.53793	1.491	6	0	0
3	186500001	1.48227	1.491	6	0	0
3	187000001	2.16048	2.35602	9	0	0
3	187500001	2.6344	2.35602	9	0	0
3	188000001	2.55156	2.35602	9	0	0
3	188500001	2.10406	2.35602	9	0	0
3	189000001	1.61244	1.54856	6	0	0
3	189500001	1.70998	1.54856	6	0	0
3	190000001	1.63764	1.54856	6	0	0
3	190500001	1.56507	1.54856	6	0	0
3	191000001	1.47804	1.54856	6	0	0
3	191500001	1.48927	1.54856	6	0	0
3	192000001	1.43629	1.54856	6	0	0
3	192500001	1.4448	1.54856	6	0	0
3	193000001	1.47009	1.54856	6	0	0
3	193500001	1.60834	1.54856	6	0	0
3	194000001	1.55035	1.54856	6	0	0
3	194500001	1.54678	1.54856	6	0	0
3	195000001	1.49633	1.54856	6	0	0
3	195500001	1.61501	1.54856	6	0	0
3	196000001	1.52509	1.54856	6	0	0
3	196500001	1.49584	1.54856	6	0	0
3	197000001	1.87223	1.54856	6	0	0
3	197500001	1.64426	1.54856	6	0	0
3	198000001	-1	-1	-1	0	0
4	1	0.703593	0.504289	2	1	0.9314
4	500001	0.498693	0.504289	2	1	0.9314
4	1000001	0.479601	0.504289	2	1	0.9314
4	1500001	0.481236	0.504289	2	1	0.9314
4	2000001	0.516563	0.504289	2	1	0.9314
4	2500001	0.523461	0.504289	2	1	0.9314
4	3000001	0.504289	0.504289	2	1	0.9314
4	3500001	0.483201	0.504289	2	1	0.9314
4	4000001	0.492461	0.504289	2	1	0.9314
4	4500001	0.492191	0.504289	2	1	0.9314
4	5000001	0.469931	0.504289	2	1	0.9314
4	5500001	0.488379	0.504289	2	1	0.9314
4	6000001	0.497048	0.504289	2	1	0.9314
4	6500001	0.493489	0.504289	2	1	0.9314
4	7000001	0.512002	0.504289	2	1	0.9314
4	7500001	0.54867	0.504289	2	1	0.9314
4	8000001	0.526404	0.504289	2	1	0.9314
4	8500001	0.511688	0.504289	2	1	0.9314
4	9000001	0.652158	0.504289	2	1	0.9314
4	9500001	0.471213	0.504289	2	1	0.9314
4	10000001	0.499157	0.504289	2	1	0.9314
4	10500001	0.526948	0.504289	2	1	0.9314
4	11000001	0.515206	0.504289	2	1	0.9314
4	11500001	0.518884	0.504289	2	1	0.9314
4	12000001	0.521629	0.504289	2	1	0.9314
4	12500001	0.482333	0.504289	2	1	0.9314
4	13000001	0.711791	0.504289	2	0	0
4	13500001	0.981195	1.02345	4	0	0
4	14000001	0.969552	1.02345	4	0	0
4	14500001	0.95091	1.02345	4	0	0
4	15000001	1.02805	1.02345	4	0	0
4	15500001	1.04839	1.02345	4	0	0
4	16000001	1.0403	1.02345	4	0	0
4	16500001	0.925394	1.02345	4	0	0
4	17000001	0.938524	1.02345	4	0	0
4	17500001	0.926037	1.02345	4	0	0
4	18000001	0.96195	1.02345	4	0	0
4	18500001	0.981945	1.02345	4	0	0
4	19000001	1.03401	1.02345	4	0	0
4	19500001	1.09834	1.02345	4	0	0
4	20000001	1.09091	1.02345	4	0	0
4	20500001	1.31895	1.02345	4	0	0
4	21000001	1.06634	1.02345	4	0	0
4	21500001	0.95118	1.02345	4	0	0
4	22000001	0.982324	1.02345	4	0	0
4	22500001	0.999303	1.02345	4	0	0
4	23000001	1.02	1.02345	4	0	0
4	23500001	0.939531	1.02345	4	0	0
4	24000001	1.0702	1.02345	4	0	0
4	24500001	1.06625	1.02345	4	0	0
4	25000001	1.0541	1.02345	4	0	0
4	25500001	0.997957	1.02345	4	0	0
4	26000001	1.0034	1.02345	4	0	0
4	26500001	1.00657	1.02345	4	0	0
4	27000001	1.02619	1.02345	4	0	0
4	27500001	1.05292	1.02345	4	0	0
4	28000001	0.990252	1.02345	4	0	0
4	28500001	1.00654	1.02345	4	0	0
4	29000001	1.06066	1.02345	4	0	0
4	29500001	1.00147	1.02345	4	0	0
4	30000001	1.03397	1.02345	4	0	0
4	30500001	1.03864	1.02345	4	0	0
4	31000001	1.06539	1.02345	4	0	0
4	31500001	1.04814	1.02345	4	0	0
4	32000001	1.02345	1.02345	4	0	0
4	32500001	0.998137	1.02345	4	0	0
4	33000001	0.998574	1.02345	4	0	0
4	33500001	0.98871	1.02345	4	0	0
4	34000001	1.02039	1.02345	4	0	0
4	34500001	1.05532	1.02345	4	0	0
4	35000001	1.02093	1.02345	4	0	0
4	35500001	1.04434	1.02345	4	0	0
4	36000001	1.05724	1.02345	4	0	0
4	36500001	0.981485	1.02345	4	0	0
4	37000001	1.01025	1.02345	4	0	0
4	37500001	1.01144	1.02345	4	0	0
4	38000001	1.00242	1.02345	4	0	0
4	38500001	1.04596	1.02345	4	0	0
4	39000001	1.0465	1.02345	4	0	0
4	39500001	0.99544	1.02345	4	0	0
4	40000001	1.09717	1.02345	4	0	0
4	40500001	1.03264	1.02345	4	0	0
4	41000001	1.07566	1.02345	4	0	0
4	41500001	1.06125	1.02345	4	0	0
4	42000001	0.986211	1.02345	4	0	0
4	42500001	0.996469	1.02345	4	0	0
4	43000001	1.06151	1.02345	4	0	0
4	43500001	1.04819	1.02345	4	0	0
4	44000001	1.01141	1.02345	4	0	0
4	44500001	0.979396	1.02345	4	0	0
4	45000001	0.980356	1.02345	4	0	0
4	45500001	0.984657	1.02345	4	0	0
4	46000001	1.02476	1.02345	4	0	0
4	46500001	1.02726	1.02345	4	0	0
4	47000001	1.03511	1.02345	4	0	0
4	47500001	1.08727	1.02345	4	0	0
4	48000001	1.09491	1.02345	4	0	0
4	48500001	1.04129	1.02345	4	0	0
4	49000001	-1	-1	-1	0	0
4	49500001	2.57343	2.57343	10	0	0
4	50000001	2.01412	1.8652	7	0	0
4	50500001	1.71628	1.8652	7	0	0
4	51000001	1.35599	1.35599	5	0	0
4	51500001	1.14659	1.02674	4	0	0
4	52000001	0.967846	1.02674	4	0	0
4	52500001	0.996244	1.02674	4	0	0
4	53000001	1.00185	1.02674	4	0	0
4	53500001	1.04278	1.02674	4	0	0
4	54000001	0.999411	1.02674	4	0	0
4	54500001	0.960276	1.02674	4	0	0
4	55000001	1.05112	1.02674	4	0	0
4	55500001	1.03493	1.02674	4	0	0
4	56000001	1.02618	1.02674	4	0	0
4	56500001	0.970473	1.02674	4	0	0
4	57000001	0.999806	1.02674	4	0	0
4	57500001	0.975692	1.02674	4	0	0
4	58000001	0.961202	1.02674	4	0	0
4	58500001	0.994373	1.02674	4	0	0
4	59000001	0.947335	1.02674	4	0	0
4	59500001	0.91352	1.02674	4	0	0
4	60000001	1.04278	1.02674	4	0	0
4	60500001	1.03769	1.02674	4	0	0
4	61000001	1.02763	1.02674	4	0	0
4	61500001	0.982975	1.02674	4	0	0
4	62000001	0.949126	1.02674	4	0	0
4	62500001	0.943972	1.02674	4	0	0
4	63000001	0.916186	1.02674	4	0	0
4	63500001	0.925015	1.02674	4	0	0
4	64000001	0.952839	1.02674	4	0	0
4	64500001	0.966345	1.02674	4	0	0
4	65000001	1.01907	1.02674	4	0	0
4	65500001	0.992768	1.02674	4	0	0
4	66000001	1.04664	1.02674	4	0	0
4	66500001	1.04765	1.02674	4	0	0
4	67000001	1.03405	1.02674	4	0	0
4	67500001	1.05309	1.02674	4	0	0
4	68000001	1.08107	1.02674	4	0	0
4	68500001	1.05821	1.02674	4	0	0
4	69000001	0.821313	1.02674	4	0	0
4	69500001	1.04898	1.02674	4	0	0
4	70000001	0.999141	1.02674	4	0	0
4	70500001	0.931857	1.02674	4	0	0
4	71000001	1.0374	1.02674	4	0	0
4	71500001	0.987362	1.02674	4	0	0
4	72000001	1.02955	1.02674	4	0	0
4	72500001	1.00479	1.02674	4	0	0
4	73000001	1.03406	1.02674	4	0	0
4	73500001	1.1057	1.02674	4	0	0
4	74000001	1.06684	1.02674	4	0	0
4	74500001	1.05858	1.02674	4	0	0
4	75000001	1.06049	1.02674	4	0	0
4	75500001	1.01827	1.02674	4	0	0
4	76000001	1.11398	1.02674	4	0	0
4	76500001	1.06275	1.02674	4	0	0
4	77000001	1.05464	1.02674	4	0	0
4	77500001	1.03387	1.02674	4	0	0
4	78000001	1.02313	1.02674	4	0	0
4	78500001	1.08218	1.02674	4	0	0
4	79000001	1.03935	1.02674	4	0	0
4	79500001	1.04914	1.02674	4	0	0
4	80000001	1.05584	1.02674	4	0	0
4	80500001	1.02916	1.02674	4	0	0
4	81000001	1.03649	1.02674	4	0	0
4	81500001	1.02674	1.02674	4	0	0
4	82000001	1.02666	1.02674	4	0	0
4	82500001	1.00635	1.02674	4	0	0
4	83000001	1.04224	1.02674	4	0	0
4	83500001	1.06529	1.02674	4	0	0
4	84000001	1.07211	1.02674	4	0	0
4	84500001	1.00046	1.02674	4	0	0
4	85000001	1.00347	1.02674	4	0	0
4	85500001	0.979361	1.02674	4	0	0
4	86000001	0.785182	0.785182	3	0	0
4	86500001	0.527954	0.518307	2	0	0
4	87000001	0.526411	0.518307	2	0	0
4	87500001	0.517006	0.518307	2	0	0
4	88000001	0.502073	0.518307	2	0	0
4	88500001	0.552158	0.518307	2	0	0
4	89000001	0.546332	0.518307	2	0	0
4	89500001	0.57171	0.518307	2	0	0
4	90000001	0.530847	0.518307	2	0	0
4	90500001	0.548218	0.518307	2	0	0
4	91000001	0.515498	0.518307	2	0	0
4	91500001	0.537695	0.518307	2	0	0
4	92000001	0.528986	0.518307	2	0	0
4	92500001	0.528234	0.518307	2	0	0
4	93000001	0.551127	0.518307	2	0	0
4	93500001	0.531672	0.518307	2	0	0
4	94000001	0.531279	0.518307	2	0	0
4	94500001	0.556564	0.518307	2	0	0
4	95000001	0.550842	0.518307	2	0	0
4	95500001	0.518002	0.518307	2	0	0
4	96000001	0.538579	0.518307	2	0	0
4	96500001	0.52357	0.518307	2	0	0
4	97000001	0.528989	0.518307	2	0	0
4	97500001	0.561517	0.518307	2	0	0
4	98000001	0.535784	0.518307	2	0	0
4	98500001	0.539191	0.518307	2	0	0
4	99000001	0.517456	0.518307	2	0	0
4	99500001	0.499152	0.518307	2	0	0
4	100000001	0.522246	0.518307	2	0	0
4	100500001	0.539025	0.518307	2	0	0
4	101000001	0.576845	0.518307	2	0	0
4	101500001	0.538239	0.518307	2	0	0
4	102000001	0.516984	0.518307	2	0	0
4	102500001	0.524917	0.518307	2	0	0
4	103000001	0.52398	0.518307	2	0	0
4	103500001	0.517244	0.518307	2	0	0
4	104000001	0.50241	0.518307	2	0	0
4	104500001	0.54304	0.518307	2	0	0
4	105000001	0.516707	0.518307	2	0	0
4	105500001	0.534036	0.518307	2	0	0
4	106000001	0.53221	0.518307	2	0	0
4	106500001	0.550327	0.518307	2	0	0
4	107000001	0.506888	0.518307	2	0	0
4	107500001	0.509709	0.518307	2	0	0
4	108000001	0.464971	0.518307	2	0	0
4	108500001	0.468994	0.518307	2	0	0
4	109000001	0.518414	0.518307	2	0	0
4	109500001	0.511454	0.518307	2	0	0
4	110000001	0.526576	0.518307	2	0	0
4	110500001	0.500039	0.518307	2	0	0
4	111000001	0.516084	0.518307	2	0	0
4	111500001	0.516032	0.518307	2	0	0
4	112000001	0.513766	0.518307	2	0	0
4	112500001	0.508328	0.518307	2	0	0
4	113000001	0.469791	0.518307	2	0	0
4	113500001	0.54825	0.518307	2	0	0
4	114000001	0.527498	0.518307	2	0	0
4	114500001	0.547295	0.518307	2	0	0
4	115000001	0.502459	0.518307	2	0	0
4	115500001	0.515515	0.518307	2	0	0
4	116000001	0.513403	0.518307	2	0	0
4	116500001	0.544883	0.518307	2	0	0
4	117000001	0.515844	0.518307	2	0	0
4	117500001	0.507082	0.518307	2	0	0
4	118000001	0.510754	0.518307	2	0	0
4	118500001	0.54529	0.518307	2	0	0
4	119000001	0.523875	0.518307	2	0	0
4	119500001	0.517031	0.518307	2	0	0
4	120000001	0.504861	0.518307	2	0	0
4	120500001	0.516483	0.518307	2	0	0
4	121000001	0.513029	0.518307	2	0	0
4	121500001	0.529086	0.518307	2	0	0
4	122000001	0.511319	0.518307	2	0	0
4	122500001	0.492874	0.518307	2	0	0
4	123000001	0.560809	0.518307	2	0	0
4	123500001	0.480123	0.518307	2	0	0
4	124000001	0.540297	0.518307	2	0	0
4	124500001	0.53956	0.518307	2	0	0
4	125000001	0.550179	0.518307	2	0	0
4	125500001	0.520086	0.518307	2	0	0
4	126000001	0.493037	0.518307	2	0	0
4	126500001	0.544367	0.518307	2	0	0
4	127000001	0.48071	0.518307	2	0	0
4	127500001	0.546614	0.518307	2	0	0
4	128000001	0.521377	0.518307	2	0	0
4	128500001	0.509309	0.518307	2	0	0
4	129000001	0.504726	0.518307	2	0	0
4	129500001	0.49497	0.518307	2	0	0
4	130000001	0.486777	0.518307	2	0	0
4	130500001	0.500923	0.518307	2	0	0
4	131000001	0.510646	0.518307	2	0	0
4	131500001	0.512267	0.518307	2	0	0
4	132000001	0.523583	0.518307	2	0	0
4	132500001	0.537961	0.518307	2	0	0
4	133000001	0.491579	0.518307	2	0	0
4	133500001	0.462791	0.518307	2	0	0
4	134000001	0.504704	0.518307	2	0	0
4	134500001	0.507659	0.518307	2	0	0
4	135000001	0.50492	0.518307	2	0	0
4	135500001	0.523447	0.518307	2	0	0
4	136000001	0.515284	0.518307	2	0	0
4	136500001	0.514367	0.518307	2	0	0
4	137000001	0.521794	0.518307	2	0	0
4	137500001	0.543458	0.518307	2	0	0
4	138000001	0.546016	0.518307	2	0	0
4	138500001	0.518143	0.518307	2	0	0
4	139000001	0.490279	0.518307	2	0	0
4	139500001	0.524348	0.518307	2	0	0
4	140000001	0.513911	0.518307	2	0	0
4	140500001	0.498043	0.518307	2	0	0
4	141000001	0.497544	0.518307	2	0	0
4	141500001	0.499395	0.518307	2	0	0
4	142000001	0.557523	0.518307	2	0	0
4	142500001	0.568523	0.518307	2	0	0
4	143000001	0.543984	0.518307	2	0	0
4	143500001	0.557737	0.518307	2	0	0
4	144000001	0.619372	0.518307	2	0	0
4	144500001	0.537052	0.518307	2	0	0
4	145000001	0.534915	0.518307	2	0	0
4	145500001	0.498474	0.518307	2	0	0
4	146000001	0.519017	0.518307	2	0	0
4	146500001	0.515587	0.518307	2	0	0
4	147000001	0.542257	0.518307	2	0	0
4	147500001	0.519985	0.518307	2	0	0
4	148000001	0.529673	0.518307	2	0	0
4	148500001	0.496072	0.518307	2	0	0
4	149000001	0.518307	0.518307	2	0	0
4	149500001	0.542366	0.518307	2	0	0
4	150000001	0.533668	0.518307	2	0	0
4	150500001	0.545541	0.518307	2	0	0
4	151000001	0.522407	0.518307	2	0	0
4	151500001	0.519479	0.518307	2	0	0
4	152000001	0.492563	0.518307	2	0	0
4	152500001	0.531966	0.518307	2	0	0
4	153000001	0.513207	0.518307	2	0	0
4	153500001	0.518093	0.518307	2	0	0
4	154000001	0.483521	0.518307	2	0	0
4	154500001	0.529453	0.518307	2	0	0
4	155000001	0.486313	0.518307	2	0	0
4	155500001	0.538354	0.518307	2	0	0
4	156000001	0.546838	0.518307	2	0	0
4	156500001	0.530466	0.518307	2	0	0
4	157000001	0.555722	0.518307	2	0	0
4	157500001	0.500828	0.518307	2	0	0
4	158000001	0.54134	0.518307	2	0	0
4	158500001	0.518963	0.518307	2	0	0
4	159000001	0.508433	0.518307	2	0	0
4	159500001	0.523885	0.518307	2	0	0
4	160000001	0.481188	0.518307	2	0	0
4	160500001	0.505568	0.518307	2	0	0
4	161000001	0.489969	0.518307	2	0	0
4	161500001	0.535054	0.518307	2	0	0
4	162000001	0.521201	0.518307	2	0	0
4	162500001	0.497083	0.518307	2	0	0
4	163000001	0.48709	0.518307	2	0	0
4	163500001	0.499844	0.518307	2	0	0
4	164000001	0.517085	0.518307	2	0	0
4	164500001	0.498928	0.518307	2	0	0
4	165000001	0.501398	0.518307	2	0	0
4	165500001	0.528624	0.518307	2	0	0
4	166000001	0.536732	0.518307	2	0	0
4	166500001	0.544731	0.518307	2	0	0
4	167000001	0.544233	0.518307	2	0	0
4	167500001	0.559718	0.518307	2	0	0
4	168000001	0.559075	0.518307	2	0	0
4	168500001	0.549248	0.518307	2	0	0
4	169000001	0.546596	0.518307	2	0	0
4	169500001	0.506047	0.518307	2	0	0
4	170000001	0.503055	0.518307	2	0	0
4	170500001	0.48986	0.518307	2	0	0
4	171000001	0.443409	0.518307	2	0	0
4	171500001	0.450936	0.518307	2	0	0
4	172000001	0.460044	0.518307	2	0	0
4	172500001	0.472281	0.518307	2	0	0
4	173000001	0.490588	0.518307	2	0	0
4	173500001	0.491368	0.518307	2	0	0
4	174000001	0.504457	0.518307	2	0	0
4	174500001	0.527229	0.518307	2	0	0
4	175000001	0.495136	0.518307	2	0	0
4	175500001	0.521274	0.518307	2	0	0
4	176000001	0.533806	0.518307	2	0	0
4	176500001	0.552541	0.518307	2	0	0
4	177000001	0.56358	0.518307	2	0	0
4	177500001	0.534858	0.518307	2	0	0
4	178000001	0.532185	0.518307	2	0	0
4	178500001	0.513866	0.518307	2	0	0
4	179000001	0.51504	0.518307	2	0	0
4	179500001	0.490057	0.518307	2	0	0
4	180000001	0.503603	0.518307	2	0	0
4	180500001	0.492209	0.518307	2	0	0
4	181000001	0.502646	0.518307	2	0	0
4	181500001	0.459773	0.518307	2	0	0
4	182000001	0.474384	0.518307	2	0	0
4	182500001	0.511254	0.518307	2	0	0
4	183000001	0.53602	0.518307	2	0	0
4	183500001	0.480251	0.518307	2	0	0
4	184000001	0.51848	0.518307	2	0	0
4	184500001	0.512119	0.518307	2	0	0
4	185000001	0.506464	0.518307	2	0	0
4	185500001	0.532234	0.518307	2	0	0
4	186000001	0.502606	0.518307	2	0	0
4	186500001	0.519947	0.518307	2	0	0
4	187000001	0.531501	0.518307	2	0	0
4	187500001	0.508803	0.518307	2	0	0
4	188000001	0.491839	0.518307	2	0	0
4	188500001	0.525818	0.518307	2	0	0
4	189000001	0.515755	0.518307	2	0	0
4	189500001	0.480286	0.518307	2	0	0
4	190000001	-1	-1	-1	0	0
5	1	1.75733	1.64626	7	0	0
5	500001	2.36653	1.64626	7	0	0
5	1000001	1.67414	1.64626	7	0	0
5	1500001	1.63911	1.64626	7	0	0
5	2000001	1.59563	1.64626	7	0	0
5	2500001	1.60347	1.64626	7	0	0
5	3000001	1.51844	1.64626	7	0	0
5	3500001	1.56039	1.64626	7	0	0
5	4000001	1.61081	1.64626	7	0	0
5	4500001	1.6662	1.64626	7	0	0
5	5000001	1.68209	1.64626	7	0	0
5	5500001	1.62818	1.64626	7	0	0
5	6000001	1.57398	1.64626	7	0	0
5	6500001	1.65341	1.64626	7	0	0
5	7000001	1.59869	1.64626	7	0	0
5	7500001	1.62831	1.64626	7	0	0
5	8000001	1.62646	1.64626	7	0	0
5	8500001	1.66471	1.64626	7	0	0
5	9000001	1.82815	1.64626	7	0	0
5	9500001	1.78593	1.64626	7	0	0
5	10000001	1.74431	1.64626	7	0	0
5	10500001	1.76083	1.64626	7	0	0
5	11000001	1.66437	1.64626	7	0	0
5	11500001	1.63762	1.64626	7	0	0
5	12000001	1.7059	1.64626	7	0	0
5	12500001	1.56072	1.64626	7	0	0
5	13000001	2.21142	2.27867	9	0	0
5	13500001	2.2989	2.27867	9	0	0
5	14000001	2.32519	2.27867	9	0	0
5	14500001	2.27004	2.27867	9	0	0
5	15000001	2.29885	2.27867	9	0	0
5	15500001	2.12831	2.27867	9	0	0
5	16000001	2.25721	2.27867	9	0	0
5	16500001	2.17753	2.27867	9	0	0
5	17000001	2.28805	2.27867	9	0	0
5	17500001	3.02918	2.27867	9	0	0
5	18000001	2.15218	2.27867	9	0	0
5	18500001	2.32376	2.27867	9	0	0
5	19000001	2.351	2.27867	9	0	0
5	19500001	2.43095	2.27867	9	0	0
5	20000001	2.38034	2.27867	9	0	0
5	20500001	2.31999	2.27867	9	0	0
5	21000001	2.9028	2.27867	9	0	0
5	21500001	2.2873	2.27867	9	0	0
5	22000001	2.07303	2.27867	9	0	0
5	22500001	2.05317	2.27867	9	0	0
5	23000001	2.16201	2.27867	9	0	0
5	23500001	2.0847	2.27867	9	0	0
5	24000001	2.15298	2.27867	9	0	0
5	24500001	2.32106	2.27867	9	0	0
5	25000001	2.17834	2.27867	9	0	0
5	25500001	2.21092	2.27867	9	0	0
5	26000001	1.78923	1.78904	7	0	0
5	26500001	1.79708	1.78904	7	0	0
5	27000001	1.86796	1.78904	7	0	0
5	27500001	1.86823	1.78904	7	0	0
5	28000001	1.83016	1.78904	7	0	0
5	28500001	1.7553	1.78904	7	0	0
5	29000001	1.71394	1.78904	7	0	0
5	29500001	1.71163	1.78904	7	0	0
5	30000001	1.78248	1.78904	7	0	0
5	30500001	1.72222	1.78904	7	0	0
5	31000001	1.81697	1.78904	7	0	0
5	31500001	1.74162	1.78904	7	0	0
5	32000001	1.77091	1.78904	7	0	0
5	32500001	1.72406	1.78904	7	0	0
5	33000001	1.71361	1.78904	7	0	0
5	33500001	1.82514	1.78904	7	0	0
5	34000001	2.27888	1.78904	7	0	0
5	34500001	1.7725	1.78904	7	0	0
5	35000001	1.70882	1.78904	7	0	0
5	35500001	1.76014	1.78904	7	0	0
5	36000001	1.8836	1.78904	7	0	0
5	36500001	1.84687	1.78904	7	0	0
5	37000001	1.77603	1.78904	7	0	0
5	37500001	1.82204	1.78904	7	0	0
5	38000001	1.76474	1.78904	7	0	0
5	38500001	1.8467	1.78904	7	0	0
5	39000001	1.91553	1.78904	7	0	0
5	39500001	1.87198	1.78904	7	0	0
5	40000001	1.845	1.78904	7	0	0
5	40500001	1.85373	1.78904	7	0	0
5	41000001	1.95632	1.78904	7	0	0
5	41500001	1.80735	1.78904	7	0	0
5	42000001	1.70326	1.78904	7	0	0
5	42500001	1.79543	1.78904	7	0	0
5	43000001	1.81194	1.78904	7	0	0
5	43500001	1.82746	1.78904	7	0	0
5	44000001	1.75941	1.78904	7	0	0
5	44500001	1.72237	1.78904	7	0	0
5	45000001	1.63296	1.78904	7	0	0
5	45500001	1.72663	1.78904	7	0	0
5	46000001	1.39115	1.78904	7	0	0
5	46500001	1.30724	1.78904	7	0	0
5	47000001	1.45622	1.78904	7	0	0
5	47500001	1.78886	1.78904	7	0	0
5	48000001	2.05298	1.78904	7	0	0
5	48500001	1.94299	1.78904	7	0	0
5	49000001	3.36457	6.45782	26	0	0
5	49500001	9.55108	6.45782	26	0	0
5	50000001	1.55395	1.55395	6	0	0
5	50500001	0.919379	0.793705	3	0	0
5	51000001	0.836295	0.793705	3	0	0
5	51500001	0.858814	0.793705	3	0	0
5	52000001	0.836494	0.793705	3	0	0
5	52500001	0.843642	0.793705	3	0	0
5	53000001	0.866007	0.793705	3	0	0
5	53500001	0.882097	0.793705	3	0	0
5	54000001	0.796846	0.793705	3	0	0
5	54500001	0.79468	0.793705	3	0	0
5	55000001	0.821485	0.793705	3	0	0
5	55500001	0.835352	0.793705	3	0	0
5	56000001	0.818445	0.793705	3	0	0
5	56500001	0.855649	0.793705	3	0	0
5	57000001	0.809664	0.793705	3	0	0
5	57500001	0.898251	0.793705	3	0	0
5	58000001	0.848055	0.793705	3	0	0
5	58500001	0.8232	0.793705	3	0	0
5	59000001	0.81417	0.793705	3	0	0
5	59500001	0.551527	0.793705	3	0	0
5	60000001	0.309646	0.793705	3	0	0
5	60500001	0.552692	0.793705	3	0	0
5	61000001	0.771227	0.793705	3	0	0
5	61500001	0.811977	0.793705	3	0	0
5	62000001	0.816722	0.793705	3	0	0
5	62500001	0.766453	0.793705	3	0	0
5	63000001	0.776037	0.793705	3	0	0
5	63500001	0.751411	0.793705	3	0	0
5	64000001	0.793061	0.793705	3	0	0
5	64500001	0.849742	0.793705	3	0	0
5	65000001	0.898992	0.793705	3	0	0
5	65500001	0.807141	0.793705	3	0	0
5	66000001	0.860001	0.793705	3	0	0
5	66500001	0.846955	0.793705	3	0	0
5	67000001	0.777953	0.793705	3	0	0
5	67500001	0.734856	0.793705	3	0	0
5	68000001	0.816201	0.793705	3	0	0
5	68500001	0.842471	0.793705	3	0	0
5	69000001	0.808331	0.793705	3	0	0
5	69500001	1.06605	0.793705	3	0	0
5	70000001	0.96694	0.793705	3	0	0
5	70500001	1.01124	0.793705	3	0	0
5	71000001	0.992515	0.793705	3	0	0
5	71500001	0.815485	0.793705	3	0	0
5	72000001	0.827629	0.793705	3	0	0
5	72500001	0.850539	0.793705	3	0	0
5	73000001	0.819884	0.793705	3	0	0
5	73500001	0.872275	0.793705	3	0	0
5	74000001	0.861766	0.793705	3	0	0
5	74500001	0.820559	0.793705	3	0	0
5	75000001	0.848516	0.793705	3	0	0
5	75500001	0.843232	0.793705	3	0	0
5	76000001	0.809728	0.793705	3	0	0
5	76500001	0.80755	0.793705	3	0	0
5	77000001	0.778734	0.793705	3	0	0
5	77500001	0.794614	0.793705	3	0	0
5	78000001	0.821428	0.793705	3	0	0
5	78500001	0.794391	0.793705	3	0	0
5	79000001	0.766628	0.793705	3	0	0
5	79500001	0.780837	0.793705	3	0	0
5	80000001	0.782247	0.793705	3	0	0
5	80500001	0.775597	0.793705	3	0	0
5	81000001	0.8011	0.793705	3	0	0
5	81500001	0.797479	0.793705	3	0	0
5	82000001	0.826849	0.793705	3	0	0
5	82500001	0.796645	0.793705	3	0	0
5	83000001	0.800659	0.793705	3	0	0
5	83500001	0.819295	0.793705	3	0	0
5	84000001	0.781691	0.793705	3	0	0
5	84500001	0.820945	0.793705	3	0	0
5	85000001	0.80491	0.793705	3	0	0
5	85500001	0.802876	0.793705	3	0	0
5	86000001	0.821227	0.793705	3	0	0
5	86500001	0.817388	0.793705	3	0	0
5	87000001	0.869925	0.793705	3	0	0
5	87500001	0.837516	0.793705	3	0	0
5	88000001	0.814073	0.793705	3	0	0
5	88500001	0.797935	0.793705	3	0	0
5	89000001	0.799888	0.793705	3	0	0
5	89500001	0.808139	0.793705	3	0	0
5	90000001	0.783324	0.793705	3	0	0
5	90500001	0.805659	0.793705	3	0	0
5	91000001	0.790226	0.793705	3	0	0
5	91500001	0.800639	0.793705	3	0	0
5	92000001	0.830226	0.793705	3	0	0
5	92500001	0.849802	0.793705	3	0	0
5	93000001	0.837057	0.793705	3	0	0
5	93500001	0.801305	0.793705	3	0	0
5	94000001	0.836087	0.793705	3	0	0
5	94500001	0.81587	0.793705	3	0	0
5	95000001	0.860417	0.793705	3	0	0
5	95500001	0.833164	0.793705	3	0	0
5	96000001	0.854528	0.793705	3	0	0
5	96500001	0.899179	0.793705	3	0	0
5	97000001	0.793156	0.793705	3	0	0
5	97500001	0.792845	0.793705	3	0	0
5	98000001	0.780625	0.793705	3	0	0
5	98500001	0.750106	0.793705	3	0	0
5	99000001	0.762898	0.793705	3	0	0
5	99500001	0.778699	0.793705	3	0	0
5	100000001	0.742927	0.793705	3	0	0
5	100500001	0.820398	0.793705	3	0	0
5	101000001	0.762068	0.793705	3	0	0
5	101500001	0.737354	0.793705	3	0	0
5	102000001	0.725455	0.793705	3	0	0
5	102500001	0.783533	0.793705	3	0	0
5	103000001	0.814273	0.793705	3	0	0
5	103500001	0.82997	0.793705	3	0	0
5	104000001	0.822717	0.793705	3	0	0
5	104500001	0.834597	0.793705	3	0	0
5	105000001	0.801846	0.793705	3	0	0
5	105500001	0.794254	0.793705	3	0	0
5	106000001	0.842503	0.793705	3	0	0
5	106500001	0.828808	0.793705	3	0	0
5	107000001	1.13778	0.793705	3	0	0
5	107500001	0.824508	0.793705	3	0	0
5	108000001	0.814868	0.793705	3	0	0
5	108500001	0.763606	0.793705	3	0	0
5	109000001	0.810305	0.793705	3	0	0
5	109500001	0.763452	0.793705	3	0	0
5	110000001	0.786995	0.793705	3	0	0
5	110500001	0.758012	0.793705	3	0	0
5	111000001	0.786971	0.793705	3	0	0
5	111500001	0.733384	0.793705	3	0	0
5	112000001	0.782356	0.793705	3	0	0
5	112500001	0.944086	0.793705	3	0	0
5	113000001	0.865318	0.793705	3	0	0
5	113500001	0.781054	0.793705	3	0	0
5	114000001	0.748768	0.793705	3	0	0
5	114500001	0.736004	0.793705	3	0	0
5	115000001	0.847913	0.793705	3	0	0
5	115500001	0.829737	0.793705	3	0	0
5	116000001	0.776663	0.793705	3	0	0
5	116500001	0.738827	0.793705	3	0	0
5	117000001	0.75459	0.793705	3	0	0
5	117500001	0.754151	0.793705	3	0	0
5	118000001	0.700466	0.793705	3	0	0
5	118500001	0.744866	0.793705	3	0	0
5	119000001	0.756788	0.793705	3	0	0
5	119500001	0.761402	0.793705	3	0	0
5	120000001	0.759727	0.793705	3	0	0
5	120500001	0.805618	0.793705	3	0	0
5	121000001	0.779645	0.793705	3	0	0
5	121500001	0.771375	0.793705	3	0	0
5	122000001	0.821882	0.793705	3	0	0
5	122500001	0.736562	0.793705	3	0	0
5	123000001	0.76437	0.793705	3	0	0
5	123500001	0.809937	0.793705	3	0	0
5	124000001	0.740287	0.793705	3	0	0
5	124500001	0.741835	0.793705	3	0	0
5	125000001	0.805407	0.793705	3	0	0
5	125500001	0.844979	0.793705	3	0	0
5	126000001	0.818999	0.793705	3	0	0
5	126500001	0.747384	0.793705	3	0	0
5	127000001	0.798262	0.793705	3	0	0
5	127500001	0.794988	0.793705	3	0	0
5	128000001	0.77861	0.793705	3	0	0
5	128500001	0.768635	0.793705	3	0	0
5	129000001	0.79202	0.793705	3	0	0
5	129500001	0.753882	0.793705	3	0	0
5	130000001	0.779031	0.793705	3	0	0
5	130500001	0.811939	0.793705	3	0	0
5	131000001	0.835184	0.793705	3	0	0
5	131500001	0.807307	0.793705	3	0	0
5	132000001	0.81888	0.793705	3	0	0
5	132500001	0.799592	0.793705	3	0	0
5	133000001	0.793106	0.793705	3	0	0
5	133500001	0.8027	0.793705	3	0	0
5	134000001	0.772215	0.793705	3	0	0
5	134500001	0.766209	0.793705	3	0	0
5	135000001	0.804267	0.793705	3	0	0
5	135500001	0.754246	0.793705	3	0	0
5	136000001	0.78962	0.793705	3	0	0
5	136500001	0.803752	0.793705	3	0	0
5	137000001	0.795089	0.793705	3	0	0
5	137500001	0.822938	0.793705	3	0	0
5	138000001	0.750634	0.793705	3	0	0
5	138500001	0.807948	0.793705	3	0	0
5	139000001	0.788152	0.793705	3	0	0
5	139500001	0.764491	0.793705	3	0	0
5	140000001	0.810887	0.793705	3	0	0
5	140500001	0.796703	0.793705	3	0	0
5	141000001	0.768118	0.793705	3	0	0
5	141500001	0.795367	0.793705	3	0	0
5	142000001	0.783138	0.793705	3	0	0
5	142500001	0.809517	0.793705	3	0	0
5	143000001	0.840036	0.793705	3	0	0
5	143500001	0.801341	0.793705	3	0	0
5	144000001	0.815493	0.793705	3	0	0
5	144500001	0.771619	0.793705	3	0	0
5	145000001	0.769981	0.793705	3	0	0
5	145500001	0.80216	0.793705	3	0	0
5	146000001	0.796155	0.793705	3	0	0
5	146500001	0.791899	0.793705	3	0	0
5	147000001	0.783783	0.793705	3	0	0
5	147500001	0.831427	0.793705	3	0	0
5	148000001	0.852907	0.793705	3	0	0
5	148500001	0.82121	0.793705	3	0	0
5	149000001	0.833671	0.793705	3	0	0
5	149500001	0.786578	0.793705	3	0	0
5	150000001	0.785145	0.793705	3	0	0
5	150500001	0.789787	0.793705	3	0	0
5	151000001	0.801549	0.793705	3	0	0
5	151500001	0.797385	0.793705	3	0	0
5	152000001	0.792915	0.793705	3	0	0
5	152500001	0.745844	0.793705	3	0	0
5	153000001	0.789184	0.793705	3	0	0
5	153500001	0.789653	0.793705	3	0	0
5	154000001	0.763741	0.793705	3	0	0
5	154500001	0.673882	0.793705	3	0	0
5	155000001	0.765367	0.793705	3	0	0
5	155500001	0.726972	0.793705	3	0	0
5	156000001	0.688734	0.793705	3	0	0
5	156500001	0.72729	0.793705	3	0	0
5	157000001	0.750108	0.793705	3	0	0
5	157500001	0.769642	0.793705	3	0	0
5	158000001	0.744883	0.793705	3	0	0
5	158500001	0.751633	0.793705	3	0	0
5	159000001	0.759223	0.793705	3	0	0
5	159500001	0.795558	0.793705	3	0	0
5	160000001	0.79057	0.793705	3	0	0
5	160500001	0.772466	0.793705	3	0	0
5	161000001	0.754434	0.793705	3	0	0
5	161500001	0.707283	0.793705	3	0	0
5	162000001	0.693197	0.793705	3	0	0
5	162500001	0.747642	0.793705	3	0	0
5	163000001	0.720358	0.793705	3	0	0
5	163500001	0.707814	0.793705	3	0	0
5	164000001	0.716853	0.793705	3	0	0
5	164500001	0.725686	0.793705	3	0	0
5	165000001	0.702823	0.793705	3	0	0
5	165500001	0.714837	0.793705	3	0	0
5	166000001	0.705548	0.793705	3	0	0
5	166500001	0.738288	0.793705	3	0	0
5	167000001	0.753695	0.793705	3	0	0
5	167500001	0.759454	0.793705	3	0	0
5	168000001	0.77225	0.793705	3	0	0
5	168500001	0.761583	0.793705	3	0	0
5	169000001	0.748326	0.793705	3	0	0
5	169500001	0.804938	0.793705	3	0	0
5	170000001	0.777201	0.793705	3	0	0
5	170500001	0.754976	0.793705	3	0	0
5	171000001	0.734573	0.793705	3	0	0
5	171500001	0.825777	0.793705	3	0	0
5	172000001	0.803893	0.793705	3	0	0
5	172500001	0.800392	0.793705	3	0	0
5	173000001	0.749488	0.793705	3	0	0
5	173500001	0.749063	0.793705	3	0	0
5	174000001	0.785233	0.793705	3	0	0
5	174500001	0.738995	0.793705	3	0	0
5	175000001	0.774891	0.793705	3	0	0
5	175500001	0.764694	0.793705	3	0	0
5	176000001	0.765109	0.793705	3	0	0
5	176500001	0.777306	0.793705	3	0	0
5	177000001	0.768563	0.793705	3	0	0
5	177500001	0.768624	0.793705	3	0	0
5	178000001	0.762282	0.793705	3	0	0
5	178500001	0.741479	0.793705	3	0	0
5	179000001	0.733667	0.793705	3	0	0
5	179500001	0.751447	0.793705	3	0	0
5	180000001	0.746662	0.793705	3	0	0
5	180500001	0.755092	0.793705	3	0	0
5	181000001	0.733328	0.793705	3	0	0
5	181500001	-1	-1	-1	0	0
6	1	2.01088	2.01088	8	0	0
6	500001	2.05449	2.01088	8	0	0
6	1000001	1.99669	2.01088	8	0	0
6	1500001	2.02111	2.01088	8	0	0
6	2000001	2.08112	2.01088	8	0	0
6	2500001	2.06528	2.01088	8	0	0
6	3000001	2.01029	2.01088	8	0	0
6	3500001	2.10008	2.01088	8	0	0
6	4000001	2.0707	2.01088	8	0	0
6	4500001	1.93685	2.01088	8	0	0
6	5000001	1.96395	2.01088	8	0	0
6	5500001	1.97322	2.01088	8	0	0
6	6000001	1.95931	2.01088	8	0	0
6	6500001	1.99784	2.01088	8	0	0
6	7000001	1.99347	2.01088	8	0	0
6	7500001	2.07747	2.01088	8	0	0
6	8000001	1.98608	2.01088	8	0	0
6	8500001	1.89202	2.01088	8	0	0
6	9000001	1.97262	2.01088	8	0	0
6	9500001	2.07581	2.01088	8	0	0
6	10000001	2.0256	2.01088	8	0	0
6	10500001	2.04387	2.01088	8	0	0
6	11000001	2.09204	2.01088	8	0	0
6	11500001	2.54413	2.54413	10	0	0
6	12000001	3.08718	3.04175	12	0	0
6	12500001	2.99632	3.04175	12	0	0
6	13000001	2.12509	2.03953	8	0	0
6	13500001	2.07749	2.03953	8	0	0
6	14000001	2.02717	2.03953	8	0	0
6	14500001	1.97136	2.03953	8	0	0
6	15000001	1.88874	2.03953	8	0	0
6	15500001	1.93655	2.03953	8	0	0
6	16000001	1.94123	2.03953	8	0	0
6	16500001	2.06479	2.03953	8	0	0
6	17000001	1.97274	2.03953	8	0	0
6	17500001	2.09368	2.03953	8	0	0
6	18000001	2.06107	2.03953	8	0	0
6	18500001	2.14993	2.03953	8	0	0
6	19000001	2.07512	2.03953	8	0	0
6	19500001	2.05189	2.03953	8	0	0
6	20000001	2.02228	2.03953	8	0	0
6	20500001	1.86921	2.03953	8	0	0
6	21000001	1.47372	1.47242	6	0	0
6	21500001	1.40154	1.47242	6	0	0
6	22000001	1.442	1.47242	6	0	0
6	22500001	1.27764	1.47242	6	0	0
6	23000001	1.43512	1.47242	6	0	0
6	23500001	1.26495	1.47242	6	0	0
6	24000001	1.42996	1.47242	6	0	0
6	24500001	1.45405	1.47242	6	0	0
6	25000001	1.47122	1.47242	6	0	0
6	25500001	1.46346	1.47242	6	0	0
6	26000001	1.40214	1.47242	6	0	0
6	26500001	1.44156	1.47242	6	0	0
6	27000001	1.4124	1.47242	6	0	0
6	27500001	1.3879	1.47242	6	0	0
6	28000001	1.41111	1.47242	6	0	0
6	28500001	1.41739	1.47242	6	0	0
6	29000001	1.47361	1.47242	6	0	0
6	29500001	1.40384	1.47242	6	0	0
6	30000001	1.54419	1.47242	6	0	0
6	30500001	1.56676	1.47242	6	0	0
6	31000001	1.53148	1.47242	6	0	0
6	31500001	1.5203	1.47242	6	0	0
6	32000001	1.50324	1.47242	6	0	0
6	32500001	1.37992	1.47242	6	0	0
6	33000001	1.50139	1.47242	6	0	0
6	33500001	1.58312	1.47242	6	0	0
6	34000001	1.52989	1.47242	6	0	0
6	34500001	1.53496	1.47242	6	0	0
6	35000001	1.53255	1.47242	6	0	0
6	35500001	1.48912	1.47242	6	0	0
6	36000001	1.52311	1.47242	6	0	0
6	36500001	1.4979	1.47242	6	0	0
6	37000001	1.56375	1.47242	6	0	0
6	37500001	1.56535	1.47242	6	0	0
6	38000001	1.56954	1.47242	6	0	0
6	38500001	1.55727	1.47242	6	0	0
6	39000001	1.45022	1.47242	6	0	0
6	39500001	1.44133	1.47242	6	0	0
6	40000001	1.35284	1.47242	6	0	0
6	40500001	1.40865	1.47242	6	0	0
6	41000001	1.48767	1.47242	6	0	0
6	41500001	1.53448	1.47242	6	0	0
6	42000001	1.07571	1.03875	4	0	0
6	42500001	0.997096	1.03875	4	0	0
6	43000001	1.01269	1.03875	4	0	0
6	43500001	1.04668	1.03875	4	0	0
6	44000001	1.05029	1.03875	4	0	0
6	44500001	1.03083	1.03875	4	0	0
6	45000001	1.36831	1.56517	6	0	0
6	45500001	1.60039	1.56517	6	0	0
6	46000001	1.50259	1.56517	6	0	0
6	46500001	1.58526	1.56517	6	0	0
6	47000001	1.69345	1.56517	6	0	0
6	47500001	1.59031	1.56517	6	0	0
6	48000001	1.56517	1.56517	6	0	0
6	48500001	1.61529	1.56517	6	0	0
6	49000001	1.58875	1.56517	6	0	0
6	49500001	1.46216	1.56517	6	0	0
6	50000001	1.43402	1.56517	6	0	0
6	50500001	1.41686	1.56517	6	0	0
6	51000001	1.39916	1.56517	6	0	0
6	51500001	1.47179	1.56517	6	0	0
6	52000001	1.50574	1.56517	6	0	0
6	52500001	1.53688	1.56517	6	0	0
6	53000001	1.54334	1.56517	6	0	0
6	53500001	1.58271	1.56517	6	0	0
6	54000001	1.57512	1.56517	6	0	0
6	54500001	1.6008	1.56517	6	0	0
6	55000001	1.5503	1.56517	6	0	0
6	55500001	1.61146	1.56517	6	0	0
6	56000001	1.69997	1.56517	6	0	0
6	56500001	1.56459	1.56517	6	0	0
6	57000001	1.56614	1.56517	6	0	0
6	57500001	1.49015	1.56517	6	0	0
6	58000001	1.62187	1.56517	6	0	0
6	58500001	4.18127	4.11187	16	0	0
6	59000001	4.04248	4.11187	16	0	0
6	59500001	-1	-1	-1	0	0
6	60000001	-1	-1	-1	0	0
6	60500001	1.44713	1.41193	6	0	0
6	61000001	1.37674	1.41193	6	0	0
6	61500001	1.08648	1.41193	6	0	0
6	62000001	1.55916	1.41193	6	0	0
6	62500001	1.06557	1.00872	4	0	0
6	63000001	0.960559	1.00872	4	0	0
6	63500001	1.02669	1.00872	4	0	0
6	64000001	0.978823	1.00872	4	0	0
6	64500001	0.960385	1.00872	4	0	0
6	65000001	0.959092	1.00872	4	0	0
6	65500001	0.945666	1.00872	4	0	0
6	66000001	1.03015	1.00872	4	0	0
6	66500001	0.982833	1.00872	4	0	0
6	67000001	0.986375	1.00872	4	0	0
6	67500001	1.0124	1.00872	4	0	0
6	68000001	1.00826	1.00872	4	0	0
6	68500001	0.979482	1.00872	4	0	0
6	69000001	0.913417	1.00872	4	0	0
6	69500001	0.972906	1.00872	4	0	0
6	70000001	1.00373	1.00872	4	0	0
6	70500001	0.992686	1.00872	4	0	0
6	71000001	1.08375	1.00872	4	0	0
6	71500001	1.04646	1.00872	4	0	0
6	72000001	1.06698	1.00872	4	0	0
6	72500001	1.04547	1.00872	4	0	0
6	73000001	1.00281	1.00872	4	0	0
6	73500001	1.02419	1.00872	4	0	0
6	74000001	1.04734	1.00872	4	0	0
6	74500001	1.02183	1.00872	4	0	0
6	75000001	1.06695	1.00872	4	0	0
6	75500001	1.05035	1.00872	4	0	0
6	76000001	1.01758	1.00872	4	0	0
6	76500001	0.943344	1.00872	4	0	0
6	77000001	1.03829	1.00872	4	0	0
6	77500001	0.986744	1.00872	4	0	0
6	78000001	1.02074	1.00872	4	0	0
6	78500001	1.00356	1.00872	4	0	0
6	79000001	1.02875	1.00872	4	0	0
6	79500001	0.986913	1.00872	4	0	0
6	80000001	1.01651	1.00872	4	0	0
6	80500001	1.03576	1.00872	4	0	0
6	81000001	1.0184	1.00872	4	0	0
6	81500001	1.01529	1.00872	4	0	0
6	82000001	1.05714	1.00872	4	0	0
6	82500001	0.813805	1.00872	4	0	0
6	83000001	1.02757	1.00872	4	0	0
6	83500001	1.03625	1.00872	4	0	0
6	84000001	1.05938	1.00872	4	0	0
6	84500001	1.0721	1.00872	4	0	0
6	85000001	1.04451	1.00872	4	0	0
6	85500001	1.04866	1.00872	4	0	0
6	86000001	0.984788	1.00872	4	0	0
6	86500001	1.00862	1.00872	4	0	0
6	87000001	1.05532	1.00872	4	0	0
6	87500001	1.06274	1.00872	4	0	0
6	88000001	1.02304	1.00872	4	0	0
6	88500001	1.00672	1.00872	4	0	0
6	89000001	0.921068	1.00872	4	0	0
6	89500001	0.964899	1.00872	4	0	0
6	90000001	0.993261	1.00872	4	0	0
6	90500001	0.978024	1.00872	4	0	0
6	91000001	0.907573	1.00872	4	0	0
6	91500001	0.970151	1.00872	4	0	0
6	92000001	0.966967	1.00872	4	0	0
6	92500001	0.966557	1.00872	4	0	0
6	93000001	0.96253	1.00872	4	0	0
6	93500001	0.948565	1.00872	4	0	0
6	94000001	0.961884	1.00872	4	0	0
6	94500001	1.01787	1.00872	4	0	0
6	95000001	0.980257	1.00872	4	0	0
6	95500001	1.03248	1.00872	4	0	0
6	96000001	1.03787	1.00872	4	0	0
6	96500001	0.96035	1.00872	4	0	0
6	97000001	0.997927	1.00872	4	0	0
6	97500001	0.921398	1.00872	4	0	0
6	98000001	0.930699	1.00872	4	0	0
6	98500001	0.966998	1.00872	4	0	0
6	99000001	1.00882	1.00872	4	0	0
6	99500001	1.00998	1.00872	4	0	0
6	100000001	1.08554	1.00872	4	0	0
6	100500001	1.08083	1.00872	4	0	0
6	101000001	1.01316	1.00872	4	0	0
6	101500001	1.02924	1.00872	4	0	0
6	102000001	1.00027	1.00872	4	0	0
6	102500001	1.027	1.00872	4	0	0
6	103000001	0.968429	1.00872	4	0	0
6	103500001	0.982725	1.00872	4	0	0
6	104000001	0.97246	1.00872	4	0	0
6	104500001	1.012	1.00872	4	0	0
6	105000001	1.05745	1.00872	4	0	0
6	105500001	1.02412	1.00872	4	0	0
6	106000001	1.08515	1.00872	4	0	0
6	106500001	1.00924	1.00872	4	0	0
6	107000001	0.979495	1.00872	4	0	0
6	107500001	1.02441	1.00872	4	0	0
6	108000001	1.02064	1.00872	4	0	0
6	108500001	1.01629	1.00872	4	0	0
6	109000001	0.99414	1.00872	4	0	0
6	109500001	1.01201	1.00872	4	0	0
6	110000001	1.02588	1.00872	4	0	0
6	110500001	0.979669	1.00872	4	0	0
6	111000001	0.9898	1.00872	4	0	0
6	111500001	0.996582	1.00872	4	0	0
6	112000001	1.08199	1.00872	4	0	0
6	112500001	1.10886	1.00872	4	0	0
6	113000001	1.10302	1.00872	4	0	0
6	113500001	1.04101	1.00872	4	0	0
6	114000001	0.999604	1.00872	4	0	0
6	114500001	0.957429	1.00872	4	0	0
6	115000001	0.956828	1.00872	4	0	0
6	115500001	1.01221	1.00872	4	0	0
6	116000001	0.984411	1.00872	4	0	0
6	116500001	1.02942	1.00872	4	0	0
6	117000001	0.943695	1.00872	4	0	0
6	117500001	1.0066	1.00872	4	0	0
6	118000001	0.944131	1.00872	4	0	0
6	118500001	0.956772	1.00872	4	0	0
6	119000001	0.985744	1.00872	4	0	0
6	119500001	1.05965	1.00872	4	0	0
6	120000001	1.05768	1.00872	4	0	0
6	120500001	1.02552	1.00872	4	0	0
6	121000001	0.981418	1.00872	4	0	0
6	121500001	1.01253	1.00872	4	0	0
6	122000001	1.0168	1.00872	4	0	0
6	122500001	0.949125	1.00872	4	0	0
6	123000001	0.93786	1.00872	4	0	0
6	123500001	0.951352	1.00872	4	0	0
6	124000001	1.05015	1.00872	4	0	0
6	124500001	1.0703	1.00872	4	0	0
6	125000001	1.24885	1.00872	4	0	0
6	125500001	1.23277	1.00872	4	0	0
6	126000001	1.01485	1.00872	4	0	0
6	126500001	1.00122	1.00872	4	0	0
6	127000001	1.02717	1.00872	4	0	0
6	127500001	1.05014	1.00872	4	0	0
6	128000001	1.07629	1.00872	4	0	0
6	128500001	1.09745	1.00872	4	0	0
6	129000001	1.57836	1.00872	4	0	0
6	129500001	1.24813	1.00872	4	0	0
6	130000001	1.01786	1.00872	4	0	0
6	130500001	1.04276	1.00872	4	0	0
6	131000001	0.981355	1.00872	4	0	0
6	131500001	0.963928	1.00872	4	0	0
6	132000001	1.03342	1.00872	4	0	0
6	132500001	1.00748	1.00872	4	0	0
6	133000001	1.05911	1.00872	4	0	0
6	133500001	1.0319	1.00872	4	0	0
6	134000001	1.01837	1.00872	4	0	0
6	134500001	1.00903	1.00872	4	0	0
6	135000001	1.00597	1.00872	4	0	0
6	135500001	0.940938	1.00872	4	0	0
6	136000001	0.993891	1.00872	4	0	0
6	136500001	1.04679	1.00872	4	0	0
6	137000001	1.01917	1.00872	4	0	0
6	137500001	1.05127	1.00872	4	0	0
6	138000001	1.02372	1.00872	4	0	0
6	138500001	1.0194	1.00872	4	0	0
6	139000001	1.01151	1.00872	4	0	0
6	139500001	1.05722	1.00872	4	0	0
6	140000001	1.06513	1.00872	4	0	0
6	140500001	1.04216	1.00872	4	0	0
6	141000001	1.0475	1.00872	4	0	0
6	141500001	1.05811	1.00872	4	0	0
6	142000001	1.07219	1.00872	4	0	0
6	142500001	1.00398	1.00872	4	0	0
6	143000001	1.03569	1.00872	4	0	0
6	143500001	1.04263	1.00872	4	0	0
6	144000001	1.05668	1.00872	4	0	0
6	144500001	1.03444	1.00872	4	0	0
6	145000001	1.042	1.00872	4	0	0
6	145500001	0.995769	1.00872	4	0	0
6	146000001	0.995833	1.00872	4	0	0
6	146500001	0.965913	1.00872	4	0	0
6	147000001	0.9746	1.00872	4	0	0
6	147500001	1.01203	1.00872	4	0	0
6	148000001	0.999707	1.00872	4	0	0
6	148500001	0.986421	1.00872	4	0	0
6	149000001	1.05052	1.00872	4	0	0
6	149500001	0.970137	1.00872	4	0	0
6	150000001	0.995667	1.00872	4	0	0
6	150500001	1.03648	1.00872	4	0	0
6	151000001	0.980505	1.00872	4	0	0
6	151500001	0.98654	1.00872	4	0	0
6	152000001	1.01464	1.00872	4	0	0
6	152500001	1.0297	1.00872	4	0	0
6	153000001	1.05029	1.00872	4	0	0
6	153500001	0.991907	1.00872	4	0	0
6	154000001	0.998006	1.00872	4	0	0
6	154500001	0.949769	1.00872	4	0	0
6	155000001	0.993149	1.00872	4	0	0
6	155500001	0.986413	1.00872	4	0	0
6	156000001	0.957018	1.00872	4	0	0
6	156500001	0.957889	1.00872	4	0	0
6	157000001	1.01	1.00872	4	0	0
6	157500001	1.03625	1.00872	4	0	0
6	158000001	1.00377	1.00872	4	0	0
6	158500001	1.02101	1.00872	4	0	0
6	159000001	1.04744	1.00872	4	0	0
6	159500001	0.987697	1.00872	4	0	0
6	160000001	0.965598	1.00872	4	0	0
6	160500001	1.14081	1.00872	4	0	0
6	161000001	0.991831	1.00872	4	0	0
6	161500001	0.92896	1.00872	4	0	0
6	162000001	0.918825	1.00872	4	0	0
6	162500001	0.951535	1.00872	4	0	0
6	163000001	0.946878	1.00872	4	0	0
6	163500001	0.943261	1.00872	4	0	0
6	164000001	0.894911	1.00872	4	0	0
6	164500001	0.882212	1.00872	4	0	0
6	165000001	0.883324	1.00872	4	0	0
6	165500001	0.925234	1.00872	4	0	0
6	166000001	0.893636	1.00872	4	0	0
6	166500001	0.939933	1.00872	4	0	0
6	167000001	0.98253	1.00872	4	0	0
6	167500001	0.898641	1.00872	4	0	0
6	168000001	0.897443	1.00872	4	0	0
6	168500001	0.904558	1.00872	4	0	0
6	169000001	0.932465	1.00872	4	0	0
6	169500001	0.96647	1.00872	4	0	0
6	170000001	0.95378	1.00872	4	0	0
6	170500001	-1	-1	-1	0	0
7	1	2.27888	2.23736	9	0	0
7	500001	2.25734	2.23736	9	0	0
7	1000001	2.19977	2.23736	9	0	0
7	1500001	2.24021	2.23736	9	0	0
7	2000001	2.22916	2.23736	9	0	0
7	2500001	2.2836	2.23736	9	0	0
7	3000001	2.23736	2.23736	9	0	0
7	3500001	2.11858	2.23736	9	0	0
7	4000001	2.03346	2.23736	9	0	0
7	4500001	2.10122	2.23736	9	0	0
7	5000001	2.20161	2.23736	9	0	0
7	5500001	2.29779	2.23736	9	0	0
7	6000001	2.27174	2.23736	9	0	0
7	6500001	2.19941	2.23736	9	0	0
7	7000001	2.29213	2.23736	9	0	0
7	7500001	2.33198	2.23736	9	0	0
7	8000001	2.2559	2.23736	9	0	0
7	8500001	2.17603	2.23736	9	0	0
7	9000001	2.14774	2.23736	9	0	0
7	9500001	2.09292	2.23736	9	0	0
7	10000001	2.10163	2.23736	9	0	0
7	10500001	2.10858	2.23736	9	0	0
7	11000001	2.22839	2.23736	9	0	0
7	11500001	2.28947	2.23736	9	0	0
7	12000001	2.3308	2.23736	9	0	0
7	12500001	2.29736	2.23736	9	0	0
7	13000001	2.25628	2.23736	9	0	0
7	13500001	1.45798	1.45518	6	0	0
7	14000001	1.46016	1.45518	6	0	0
7	14500001	1.45237	1.45518	6	0	0
7	15000001	1.40974	1.45518	6	0	0
7	15500001	1.56281	1.56482	6	0	0
7	16000001	1.57552	1.56482	6	0	0
7	16500001	1.59764	1.56482	6	0	0
7	17000001	1.65024	1.56482	6	0	0
7	17500001	1.64716	1.56482	6	0	0
7	18000001	1.55466	1.56482	6	0	0
7	18500001	1.60102	1.56482	6	0	0
7	19000001	1.54589	1.56482	6	0	0
7	19500001	1.6584	1.56482	6	0	0
7	20000001	1.64059	1.56482	6	0	0
7	20500001	1.58494	1.56482	6	0	0
7	21000001	1.53884	1.56482	6	0	0
7	21500001	1.54155	1.56482	6	0	0
7	22000001	1.55022	1.56482	6	0	0
7	22500001	1.58669	1.56482	6	0	0
7	23000001	1.59194	1.56482	6	0	0
7	23500001	1.52761	1.56482	6	0	0
7	24000001	1.46167	1.56482	6	0	0
7	24500001	1.58218	1.56482	6	0	0
7	25000001	1.56482	1.56482	6	0	0
7	25500001	1.5417	1.56482	6	0	0
7	26000001	1.4768	1.56482	6	0	0
7	26500001	1.57116	1.56482	6	0	0
7	27000001	1.54144	1.56482	6	0	0
7	27500001	1.40514	1.56482	6	0	0
7	28000001	1.0013	0.997138	4	0	0
7	28500001	0.986436	0.997138	4	0	0
7	29000001	0.999082	0.997138	4	0	0
7	29500001	1.02843	0.997138	4	0	0
7	30000001	0.954198	0.997138	4	0	0
7	30500001	0.961275	0.997138	4	0	0
7	31000001	0.946479	0.997138	4	0	0
7	31500001	0.992638	0.997138	4	0	0
7	32000001	0.963216	0.997138	4	0	0
7	32500001	0.993058	0.997138	4	0	0
7	33000001	1.0437	0.997138	4	0	0
7	33500001	1.01473	0.997138	4	0	0
7	34000001	1.00582	0.997138	4	0	0
7	34500001	0.985563	0.997138	4	0	0
7	35000001	0.990255	0.997138	4	0	0
7	35500001	1.04275	0.997138	4	0	0
7	36000001	1.01517	0.997138	4	0	0
7	36500001	1.02571	0.997138	4	0	0
7	37000001	1.00416	0.997138	4	0	0
7	37500001	0.932259	0.997138	4	0	0
7	38000001	0.970567	0.997138	4	0	0
7	38500001	0.995195	0.997138	4	0	0
7	39000001	1.03411	0.997138	4	0	0
7	39500001	1.01755	0.997138	4	0	0
7	40000001	1.00882	0.997138	4	0	0
7	40500001	1.06536	0.997138	4	0	0
7	41000001	1.07905	0.997138	4	0	0
7	41500001	1.04249	0.997138	4	0	0
7	42000001	0.956201	0.997138	4	0	0
7	42500001	0.988416	0.997138	4	0	0
7	43000001	1.01999	0.997138	4	0	0
7	43500001	1.00789	0.997138	4	0	0
7	44000001	1.03075	0.997138	4	0	0
7	44500001	1.0187	0.997138	4	0	0
7	45000001	0.980091	0.997138	4	0	0
7	45500001	1.0376	0.997138	4	0	0
7	46000001	1.13743	0.997138	4	0	0
7	46500001	1.0883	0.997138	4	0	0
7	47000001	1.04618	0.997138	4	0	0
7	47500001	1.02694	0.997138	4	0	0
7	48000001	0.98073	0.997138	4	0	0
7	48500001	0.952419	0.997138	4	0	0
7	49000001	0.939656	0.997138	4	0	0
7	49500001	0.913833	0.997138	4	0	0
7	50000001	0.921922	0.997138	4	0	0
7	50500001	0.932706	0.997138	4	0	0
7	51000001	0.89443	0.997138	4	0	0
7	51500001	0.908519	0.997138	4	0	0
7	52000001	0.96784	0.997138	4	0	0
7	52500001	0.962368	0.997138	4	0	0
7	53000001	0.922356	0.997138	4	0	0
7	53500001	1.02933	0.997138	4	0	0
7	54000001	1.04054	0.997138	4	0	0
7	54500001	1.03659	0.997138	4	0	0
7	55000001	1.06851	0.997138	4	0	0
7	55500001	0.98479	0.997138	4	0	0
7	56000001	1.01357	0.997138	4	0	0
7	56500001	0.875864	0.997138	4	0	0
7	57000001	0.826357	0.997138	4	0	0
7	57500001	0.959264	0.997138	4	0	0
7	58000001	1.44356	1.44356	6	0	0
7	58500001	1.15524	1.01923	4	0	0
7	59000001	1.00311	1.01923	4	0	0
7	59500001	1.03536	1.01923	4	0	0
7	60000001	0.948925	1.01923	4	0	0
7	60500001	1.53204	1.53204	6	0	0
7	61000001	1.01325	0.904569	4	0	0
7	61500001	-1	0.904569	4	0	0
7	62000001	1.06989	0.904569	4	0	0
7	62500001	1.00332	0.904569	4	0	0
7	63000001	0.850234	0.904569	4	0	0
7	63500001	0.871994	0.904569	4	0	0
7	64000001	0.9058	0.904569	4	0	0
7	64500001	0.931283	0.904569	4	0	0
7	65000001	0.948228	0.904569	4	0	0
7	65500001	1.01752	0.904569	4	0	0
7	66000001	0.971154	0.904569	4	0	0
7	66500001	0.995854	0.904569	4	0	0
7	67000001	0.99361	0.904569	4	0	0
7	67500001	0.89788	0.904569	4	0	0
7	68000001	0.874599	0.904569	4	0	0
7	68500001	0.846757	0.904569	4	0	0
7	69000001	0.832331	0.904569	4	0	0
7	69500001	0.903338	0.904569	4	0	0
7	70000001	0.887118	0.904569	4	0	0
7	70500001	0.884382	0.904569	4	0	0
7	71000001	0.871134	0.904569	4	0	0
7	71500001	0.86928	0.904569	4	0	0
7	72000001	0.939176	0.904569	4	0	0
7	72500001	0.970998	1.00268	4	0	0
7	73000001	1.01714	1.00268	4	0	0
7	73500001	1.00164	1.00268	4	0	0
7	74000001	0.968963	1.00268	4	0	0
7	74500001	1.01744	1.00268	4	0	0
7	75000001	0.935475	1.00268	4	0	0
7	75500001	0.997416	1.00268	4	0	0
7	76000001	1.02842	1.00268	4	0	0
7	76500001	0.980441	1.00268	4	0	0
7	77000001	0.996503	1.00268	4	0	0
7	77500001	1.04557	1.00268	4	0	0
7	78000001	0.941156	1.00268	4	0	0
7	78500001	0.987923	1.00268	4	0	0
7	79000001	1.02079	1.00268	4	0	0
7	79500001	1.01196	1.00268	4	0	0
7	80000001	1.06002	1.00268	4	0	0
7	80500001	1.09044	1.00268	4	0	0
7	81000001	1.0565	1.00268	4	0	0
7	81500001	1.01992	1.00268	4	0	0
7	82000001	0.964737	1.00268	4	0	0
7	82500001	0.987619	1.00268	4	0	0
7	83000001	1.02772	1.00268	4	0	0
7	83500001	1.05395	1.00268	4	0	0
7	84000001	1.11009	1.00268	4	0	0
7	84500001	1.104	1.00268	4	0	0
7	85000001	1.07539	1.00268	4	0	0
7	85500001	1.08673	1.00268	4	0	0
7	86000001	0.950244	1.00268	4	0	0
7	86500001	0.971879	1.00268	4	0	0
7	87000001	0.989158	1.00268	4	0	0
7	87500001	0.987184	1.00268	4	0	0
7	88000001	0.972441	1.00268	4	0	0
7	88500001	1.00373	1.00268	4	0	0
7	89000001	0.924596	1.00268	4	0	0
7	89500001	0.994649	1.00268	4	0	0
7	90000001	1.02661	1.00268	4	0	0
7	90500001	0.999871	1.00268	4	0	0
7	91000001	0.983576	1.00268	4	0	0
7	91500001	1.05805	1.00268	4	0	0
7	92000001	1.03589	1.00268	4	0	0
7	92500001	1.00616	1.00268	4	0	0
7	93000001	1.06841	1.00268	4	0	0
7	93500001	1.06585	1.00268	4	0	0
7	94000001	0.999306	1.00268	4	0	0
7	94500001	1.02118	1.00268	4	0	0
7	95000001	0.963385	1.00268	4	0	0
7	95500001	1.05029	1.00268	4	0	0
7	96000001	1.01146	1.00268	4	0	0
7	96500001	0.996413	1.00268	4	0	0
7	97000001	0.968983	1.00268	4	0	0
7	97500001	0.986339	1.00268	4	0	0
7	98000001	0.988266	1.00268	4	0	0
7	98500001	1.01255	1.00268	4	0	0
7	99000001	0.967612	1.00268	4	0	0
7	99500001	1.05503	1.00268	4	0	0
7	100000001	0.999188	1.00268	4	0	0
7	100500001	1.05858	1.00268	4	0	0
7	101000001	0.978024	1.00268	4	0	0
7	101500001	0.962429	1.00268	4	0	0
7	102000001	1.07118	1.00268	4	0	0
7	102500001	1.66686	1.66686	7	0	0
7	103000001	0.982702	1.01792	4	0	0
7	103500001	1.06836	1.01792	4	0	0
7	104000001	1.03531	1.01792	4	0	0
7	104500001	1.01718	1.01792	4	0	0
7	105000001	0.992013	1.01792	4	0	0
7	105500001	0.991909	1.01792	4	0	0
7	106000001	1.0751	1.01792	4	0	0
7	106500001	1.01866	1.01792	4	0	0
7	107000001	0.990086	1.01792	4	0	0
7	107500001	1.05515	1.01792	4	0	0
7	108000001	1.05676	1.01792	4	0	0
7	108500001	1.0092	1.01792	4	0	0
7	109000001	0.964866	1.01792	4	0	0
7	109500001	1.02421	1.01792	4	0	0
7	110000001	1.02816	1.01792	4	0	0
7	110500001	0.975537	1.01792	4	0	0
7	111000001	0.716229	0.692827	3	0	0
7	111500001	0.669424	0.692827	3	0	0
7	112000001	1.00244	0.99052	4	0	0
7	112500001	0.996607	0.99052	4	0	0
7	113000001	0.985974	0.99052	4	0	0
7	113500001	1.00064	0.99052	4	0	0
7	114000001	0.961411	0.99052	4	0	0
7	114500001	0.99059	0.99052	4	0	0
7	115000001	1.05105	0.99052	4	0	0
7	115500001	1.05285	0.99052	4	0	0
7	116000001	1.10161	0.99052	4	0	0
7	116500001	1.1111	0.99052	4	0	0
7	117000001	1.03848	0.99052	4	0	0
7	117500001	0.960508	0.99052	4	0	0
7	118000001	0.948244	0.99052	4	0	0
7	118500001	0.986818	0.99052	4	0	0
7	119000001	1.00344	0.99052	4	0	0
7	119500001	1.0218	0.99052	4	0	0
7	120000001	0.983587	0.99052	4	0	0
7	120500001	1.04034	0.99052	4	0	0
7	121000001	1.0666	0.99052	4	0	0
7	121500001	1.00121	0.99052	4	0	0
7	122000001	0.969331	0.99052	4	0	0
7	122500001	0.925269	0.99052	4	0	0
7	123000001	0.99045	0.99052	4	0	0
7	123500001	1.00864	0.99052	4	0	0
7	124000001	1.00722	0.99052	4	0	0
7	124500001	0.97182	0.99052	4	0	0
7	125000001	1.014	0.99052	4	0	0
7	125500001	0.98278	0.99052	4	0	0
7	126000001	0.916391	0.99052	4	0	0
7	126500001	0.93867	0.99052	4	0	0
7	127000001	0.953012	0.99052	4	0	0
7	127500001	0.989167	0.99052	4	0	0
7	128000001	1.00932	0.99052	4	0	0
7	128500001	0.987778	0.99052	4	0	0
7	129000001	1.04764	0.99052	4	0	0
7	129500001	0.964285	0.99052	4	0	0
7	130000001	1.06608	0.99052	4	0	0
7	130500001	1.08002	0.99052	4	0	0
7	131000001	1.01401	0.99052	4	0	0
7	131500001	0.997442	0.99052	4	0	0
7	132000001	0.994739	0.99052	4	0	0
7	132500001	0.937303	0.99052	4	0	0
7	133000001	0.980164	0.99052	4	0	0
7	133500001	0.96643	0.99052	4	0	0
7	134000001	0.94226	0.99052	4	0	0
7	134500001	1.0307	0.99052	4	0	0
7	135000001	1.04438	0.99052	4	0	0
7	135500001	1.01417	0.99052	4	0	0
7	136000001	1.026	0.99052	4	0	0
7	136500001	0.952295	0.99052	4	0	0
7	137000001	0.966376	0.99052	4	0	0
7	137500001	0.954931	0.99052	4	0	0
7	138000001	0.938776	0.99052	4	0	0
7	138500001	0.949394	0.99052	4	0	0
7	139000001	1.00101	0.99052	4	0	0
7	139500001	1.01184	0.99052	4	0	0
7	140000001	0.91743	0.99052	4	0	0
7	140500001	0.915774	0.99052	4	0	0
7	141000001	0.910908	0.99052	4	0	0
7	141500001	0.885597	0.99052	4	0	0
7	142000001	0.449106	0.486229	2	0	0
7	142500001	0.501931	0.486229	2	0	0
7	143000001	0.499277	0.486229	2	0	0
7	143500001	0.486453	0.486229	2	0	0
7	144000001	0.67155	0.486229	2	0	0
7	144500001	0.446755	0.486229	2	0	0
7	145000001	0.461282	0.486229	2	0	0
7	145500001	0.439279	0.486229	2	0	0
7	146000001	0.467876	0.486229	2	0	0
7	146500001	0.475281	0.486229	2	0	0
7	147000001	0.494645	0.486229	2	0	0
7	147500001	0.50233	0.486229	2	0	0
7	148000001	0.482257	0.486229	2	0	0
7	148500001	0.458393	0.486229	2	0	0
7	149000001	0.487885	0.486229	2	0	0
7	149500001	0.492437	0.486229	2	0	0
7	150000001	0.480025	0.486229	2	0	0
7	150500001	0.486229	0.486229	2	0	0
7	151000001	0.47315	0.486229	2	0	0
7	151500001	0.501762	0.486229	2	0	0
7	152000001	0.510962	0.486229	2	0	0
7	152500001	0.488533	0.486229	2	0	0
7	153000001	0.457618	0.486229	2	0	0
7	153500001	0.451933	0.486229	2	0	0
7	154000001	0.622763	0.486229	2	0	0
7	154500001	0.8968	0.924414	4	0	0
7	155000001	0.952029	0.924414	4	0	0
7	155500001	0.97911	0.924414	4	0	0
7	156000001	0.711153	0.924414	4	0	0
7	156500001	0.510918	0.458974	2	0	0
7	157000001	0.487489	0.458974	2	0	0
7	157500001	0.448858	0.458974	2	0	0
7	158000001	0.437962	0.458974	2	0	0
7	158500001	0.46909	0.458974	2	0	0
7	159000001	0.306966	0.458974	2	0	0
8	1	0.870767	0.918953	4	0	0
8	500001	0.92268	0.918953	4	0	0
8	1000001	0.907815	0.918953	4	0	0
8	1500001	0.969003	0.918953	4	0	0
8	2000001	0.913667	0.918953	4	0	0
8	2500001	0.923408	0.918953	4	0	0
8	3000001	0.902506	0.918953	4	0	0
8	3500001	0.901837	0.918953	4	0	0
8	4000001	0.926892	0.918953	4	0	0
8	4500001	0.915226	0.918953	4	0	0
8	5000001	0.91114	0.918953	4	0	0
8	5500001	0.912616	0.918953	4	0	0
8	6000001	0.938007	0.918953	4	0	0
8	6500001	1.01991	0.918953	4	0	0
8	7000001	0.753988	0.918953	4	0	0
8	7500001	0.688726	0.918953	4	0	0
8	8000001	0.645025	0.918953	4	0	0
8	8500001	1.01802	0.918953	4	0	0
8	9000001	1.0392	0.918953	4	0	0
8	9500001	0.94859	0.918953	4	0	0
8	10000001	1.02044	0.918953	4	0	0
8	10500001	1.0564	0.918953	4	0	0
8	11000001	0.971796	0.918953	4	0	0
8	11500001	1.04072	0.918953	4	0	0
8	12000001	0.704076	0.918953	4	0	0
8	12500001	0.796852	0.918953	4	0	0
8	13000001	0.513754	0.517663	2	0	0
8	13500001	0.533137	0.517663	2	0	0
8	14000001	0.836786	0.517663	2	0	0
8	14500001	0.525393	0.517663	2	0	0
8	15000001	0.508439	0.517663	2	0	0
8	15500001	0.509953	0.517663	2	0	0
8	16000001	0.517599	0.517663	2	0	0
8	16500001	0.517663	0.517663	2	0	0
8	17000001	0.507722	0.517663	2	0	0
8	17500001	0.530313	0.517663	2	0	0
8	18000001	0.544547	0.517663	2	0	0
8	18500001	0.544165	0.517663	2	0	0
8	19000001	0.502433	0.517663	2	0	0
8	19500001	0.522038	0.517663	2	0	0
8	20000001	0.483306	0.517663	2	0	0
8	20500001	0.467954	0.517663	2	0	0
8	21000001	0.51619	0.517663	2	0	0
8	21500001	0.505645	0.517663	2	0	0
8	22000001	0.541981	0.517663	2	0	0
8	22500001	0.536628	0.517663	2	0	0
8	23000001	0.554661	0.517663	2	0	0
8	23500001	0.53741	0.517663	2	0	0
8	24000001	0.510296	0.517663	2	0	0
8	24500001	0.595128	0.517663	2	0	0
8	25000001	0.495952	0.517663	2	0	0
8	25500001	0.509201	0.517663	2	0	0
8	26000001	0.5182	0.517663	2	0	0
8	26500001	0.50292	0.517663	2	0	0
8	27000001	0.519403	0.517663	2	0	0
8	27500001	0.550266	0.517663	2	0	0
8	28000001	0.508706	0.517663	2	0	0
8	28500001	0.519161	0.517663	2	0	0
8	29000001	0.536402	0.517663	2	0	0
8	29500001	0.528244	0.517663	2	0	0
8	30000001	0.476197	0.517663	2	0	0
8	30500001	0.512687	0.517663	2	0	0
8	31000001	0.493994	0.517663	2	0	0
8	31500001	1.00569	1.00858	4	0	0
8	32000001	1.09824	1.00858	4	0	0
8	32500001	1.09005	1.00858	4	0	0
8	33000001	1.07132	1.00858	4	0	0
8	33500001	0.997733	1.00858	4	0	0
8	34000001	0.967111	1.00858	4	0	0
8	34500001	0.977914	1.00858	4	0	0
8	35000001	1.01501	1.00858	4	0	0
8	35500001	0.985389	1.00858	4	0	0
8	36000001	0.96249	1.00858	4	0	0
8	36500001	1.01017	1.00858	4	0	0
8	37000001	1.0394	1.00858	4	0	0
8	37500001	1.00785	1.00858	4	0	0
8	38000001	1.00418	1.00858	4	0	0
8	38500001	1.06629	1.00858	4	0	0
8	39000001	1.11275	1.00858	4	0	0
8	39500001	1.04621	1.00858	4	0	0
8	40000001	1.02224	1.00858	4	0	0
8	40500001	0.970663	1.00858	4	0	0
8	41000001	1.04686	1.00858	4	0	0
8	41500001	1.07271	1.00858	4	0	0
8	42000001	1.0047	1.00858	4	0	0
8	42500001	1.02115	1.00858	4	0	0
8	43000001	1.0157	1.00858	4	0	0
8	43500001	0.945304	1.00858	4	0	0
8	44000001	1.22503	1.00858	4	0	0
8	44500001	1.15526	1.00858	4	0	0
8	45000001	1.02028	1.00858	4	0	0
8	45500001	1.01472	1.00858	4	0	0
8	46000001	0.961518	1.00858	4	0	0
8	46500001	1.00335	1.00858	4	0	0
8	47000001	0.949267	1.00858	4	0	0
8	47500001	1.01096	1.00858	4	0	0
8	48000001	1.03568	1.00858	4	0	0
8	48500001	1.01	1.00858	4	0	0
8	49000001	1.04984	1.00858	4	0	0
8	49500001	1.0259	1.00858	4	0	0
8	50000001	1.02791	1.00858	4	0	0
8	50500001	0.988634	1.00858	4	0	0
8	51000001	0.96845	1.00858	4	0	0
8	51500001	1.00071	1.00858	4	0	0
8	52000001	0.989961	1.00858	4	0	0
8	52500001	1.03596	1.00858	4	0	0
8	53000001	0.981855	1.00858	4	0	0
8	53500001	1.00978	1.00858	4	0	0
8	54000001	1.01289	1.00858	4	0	0
8	54500001	1.04013	1.00858	4	0	0
8	55000001	1.00935	1.00858	4	0	0
8	55500001	0.987562	1.00858	4	0	0
8	56000001	0.988292	1.00858	4	0	0
8	56500001	0.96375	1.00858	4	0	0
8	57000001	0.937297	1.00858	4	0	0
8	57500001	0.956808	1.00858	4	0	0
8	58000001	0.996109	1.00858	4	0	0
8	58500001	1.08652	1.00858	4	0	0
8	59000001	1.03975	1.00858	4	0	0
8	59500001	1.06412	1.00858	4	0	0
8	60000001	1.03374	1.00858	4	0	0
8	60500001	0.978748	1.00858	4	0	0
8	61000001	1.00071	1.00858	4	0	0
8	61500001	1.05034	1.00858	4	0	0
8	62000001	1.013	1.00858	4	0	0
8	62500001	0.950369	1.00858	4	0	0
8	63000001	0.969922	1.00858	4	0	0
8	63500001	0.95371	1.00858	4	0	0
8	64000001	0.936105	1.00858	4	0	0
8	64500001	1.02001	1.00858	4	0	0
8	65000001	0.949405	1.00858	4	0	0
8	65500001	1.00848	1.00858	4	0	0
8	66000001	1.02846	1.00858	4	0	0
8	66500001	1.04339	1.00858	4	0	0
8	67000001	1.00584	1.00858	4	0	0
8	67500001	1.02237	1.00858	4	0	0
8	68000001	0.924518	1.00858	4	0	0
8	68500001	0.927192	1.00858	4	0	0
8	69000001	0.853059	1.00858	4	0	0
8	69500001	0.92425	1.00858	4	0	0
8	70000001	0.907279	1.00858	4	0	0
8	70500001	0.943777	1.00858	4	0	0
8	71000001	0.918207	1.00858	4	0	0
8	71500001	0.943073	1.00858	4	0	0
8	72000001	0.951812	1.00858	4	0	0
8	72500001	1.00547	1.00858	4	0	0
8	73000001	1.05737	1.00858	4	0	0
8	73500001	1.04866	1.00858	4	0	0
8	74000001	0.996575	1.00858	4	0	0
8	74500001	0.982877	1.00858	4	0	0
8	75000001	0.98632	1.00858	4	0	0
8	75500001	1.02397	1.00858	4	0	0
8	76000001	1.01423	1.00858	4	0	0
8	76500001	1.02958	1.00858	4	0	0
8	77000001	0.97372	1.00858	4	0	0
8	77500001	0.993293	1.00858	4	0	0
8	78000001	1.06578	1.00858	4	0	0
8	78500001	1.02488	1.00858	4	0	0
8	79000001	1.0612	1.00858	4	0	0
8	79500001	1.07229	1.00858	4	0	0
8	80000001	0.99086	1.00858	4	0	0
8	80500001	1.07173	1.00858	4	0	0
8	81000001	1.03342	1.00858	4	0	0
8	81500001	1.01029	1.00858	4	0	0
8	82000001	1.00867	1.00858	4	0	0
8	82500001	0.995677	1.00858	4	0	0
8	83000001	1.06391	1.00858	4	0	0
8	83500001	1.02037	1.00858	4	0	0
8	84000001	0.948021	1.00858	4	0	0
8	84500001	0.971564	1.00858	4	0	0
8	85000001	0.901152	1.00858	4	0	0
8	85500001	2.53648	2.53648	10	0	0
8	86000001	0.950478	0.993261	4	0	0
8	86500001	0.950534	0.993261	4	0	0
8	87000001	0.949997	0.993261	4	0	0
8	87500001	0.990346	0.993261	4	0	0
8	88000001	1.02471	0.993261	4	0	0
8	88500001	1.08877	0.993261	4	0	0
8	89000001	1.04005	0.993261	4	0	0
8	89500001	1.07152	0.993261	4	0	0
8	90000001	1.07465	0.993261	4	0	0
8	90500001	0.996176	0.993261	4	0	0
8	91000001	0.974108	0.993261	4	0	0
8	91500001	0.924446	0.993261	4	0	0
8	92000001	0.947832	0.993261	4	0	0
8	92500001	0.987274	0.993261	4	0	0
8	93000001	0.96812	0.993261	4	0	0
8	93500001	1.01785	0.993261	4	0	0
8	94000001	1.04677	0.993261	4	0	0
8	94500001	0.990057	0.993261	4	0	0
8	95000001	1.01116	0.993261	4	0	0
8	95500001	1.01511	0.993261	4	0	0
8	96000001	1.23542	1.30402	5	0	0
8	96500001	1.44527	1.30402	5	0	0
8	97000001	1.42494	1.30402	5	0	0
8	97500001	1.1532	1.30402	5	0	0
8	98000001	1.00211	1.30402	5	0	0
8	98500001	1.08151	1.30402	5	0	0
8	99000001	1.16316	1.30402	5	0	0
8	99500001	1.30078	1.30402	5	0	0
8	100000001	1.51307	1.30402	5	0	0
8	100500001	1.32694	1.30402	5	0	0
8	101000001	1.30933	1.30402	5	0	0
8	101500001	1.3368	1.30402	5	0	0
8	102000001	1.24473	1.30402	5	0	0
8	102500001	1.27003	1.30402	5	0	0
8	103000001	1.30726	1.30402	5	0	0
8	103500001	1.26695	1.30402	5	0	0
8	104000001	1.37251	1.30402	5	0	0
8	104500001	1.52328	1.30402	5	0	0
8	105000001	1.95891	1.95843	8	0	0
8	105500001	1.95796	1.95843	8	0	0
8	106000001	1.58195	1.42046	6	0	0
8	106500001	1.50726	1.42046	6	0	0
8	107000001	1.4932	1.42046	6	0	0
8	107500001	1.45607	1.42046	6	0	0
8	108000001	1.37011	1.42046	6	0	0
8	108500001	1.40967	1.42046	6	0	0
8	109000001	1.51989	1.42046	6	0	0
8	109500001	1.43529	1.42046	6	0	0
8	110000001	1.40096	1.42046	6	0	0
8	110500001	1.39399	1.42046	6	0	0
8	111000001	1.38561	1.42046	6	0	0
8	111500001	1.39538	1.42046	6	0	0
8	112000001	1.39499	1.42046	6	0	0
8	112500001	1.34727	1.42046	6	0	0
8	113000001	1.42221	1.42046	6	0	0
8	113500001	1.40465	1.42046	6	0	0
8	114000001	1.49462	1.42046	6	0	0
8	114500001	1.49909	1.42046	6	0	0
8	115000001	1.42046	1.42046	6	0	0
8	115500001	2.05464	2.05356	8	0	0
8	116000001	1.95219	2.05356	8	0	0
8	116500001	1.91412	2.05356	8	0	0
8	117000001	2.00224	2.05356	8	0	0
8	117500001	2.05356	2.05356	8	0	0
8	118000001	2.05419	2.05356	8	0	0
8	118500001	2.14103	2.05356	8	0	0
8	119000001	2.33588	2.33588	9	0	0
8	119500001	2.89009	2.83583	11	0	0
8	120000001	2.83583	2.83583	11	0	0
8	120500001	2.60289	2.83583	11	0	0
8	121000001	2.05175	2.06106	8	0	0
8	121500001	2.13146	2.06106	8	0	0
8	122000001	2.09582	2.06106	8	0	0
8	122500001	2.05265	2.06106	8	0	0
8	123000001	2.0555	2.06106	8	0	0
8	123500001	2.04613	2.06106	8	0	0
8	124000001	2.00511	2.06106	8	0	0
8	124500001	2.06669	2.06106	8	0	0
8	125000001	2.07803	2.06106	8	0	0
8	125500001	2.06106	2.06106	8	0	0
8	126000001	2.04227	2.06106	8	0	0
8	126500001	2.08237	2.06106	8	0	0
8	127000001	2.15766	2.06106	8	0	0
8	127500001	2.12106	2.06106	8	0	0
8	128000001	2.12999	2.06106	8	0	0
8	128500001	2.05255	2.06106	8	0	0
8	129000001	2.00543	2.06106	8	0	0
8	129500001	2.12281	2.06106	8	0	0
8	130000001	2.09624	2.06106	8	0	0
8	130500001	2.0352	2.06106	8	0	0
8	131000001	2.00413	2.06106	8	0	0
8	131500001	1.88168	1.85261	7	0	0
8	132000001	1.82586	1.85261	7	0	0
8	132500001	1.96885	1.85261	7	0	0
8	133000001	1.99084	1.85261	7	0	0
8	133500001	1.97814	1.85261	7	0	0
8	134000001	1.88604	1.85261	7	0	0
8	134500001	1.92593	1.85261	7	0	0
8	135000001	1.842	1.85261	7	0	0
8	135500001	1.75172	1.85261	7	0	0
8	136000001	1.86239	1.85261	7	0	0
8	136500001	1.84282	1.85261	7	0	0
8	137000001	1.81581	1.85261	7	0	0
8	137500001	1.77545	1.85261	7	0	0
8	138000001	1.747	1.85261	7	0	0
8	138500001	1.77506	1.85261	7	0	0
8	139000001	1.80766	1.85261	7	0	0
8	139500001	1.88672	1.85261	7	0	0
8	140000001	1.9832	1.85261	7	0	0
8	140500001	2.06256	1.85261	7	0	0
8	141000001	1.7575	1.85261	7	0	0
8	141500001	1.43441	1.44544	6	0	0
8	142000001	1.41871	1.44544	6	0	0
8	142500001	1.46584	1.44544	6	0	0
8	143000001	1.46787	1.44544	6	0	0
8	143500001	1.50783	1.44544	6	0	0
8	144000001	1.44544	1.44544	6	0	0
8	144500001	1.43801	1.44544	6	0	0
8	145000001	-1	-1	-1	0	0
9	1	0.586904	0.494849	2	0	0
9	500001	0.519678	0.494849	2	0	0
9	1000001	0.505589	0.494849	2	0	0
9	1500001	0.445817	0.494849	2	0	0
9	2000001	0.491417	0.494849	2	0	0
9	2500001	0.486633	0.494849	2	0	0
9	3000001	0.480748	0.494849	2	0	0
9	3500001	0.494901	0.494849	2	0	0
9	4000001	0.515936	0.494849	2	0	0
9	4500001	0.516281	0.494849	2	0	0
9	5000001	0.527612	0.494849	2	0	0
9	5500001	0.567815	0.494849	2	0	0
9	6000001	0.535329	0.494849	2	0	0
9	6500001	0.491462	0.494849	2	0	0
9	7000001	0.506623	0.494849	2	0	0
9	7500001	0.471457	0.494849	2	0	0
9	8000001	0.433833	0.494849	2	0	0
9	8500001	0.453062	0.494849	2	0	0
9	9000001	0.465228	0.494849	2	0	0
9	9500001	0.47396	0.494849	2	0	0
9	10000001	0.491087	0.494849	2	0	0
9	10500001	0.480756	0.494849	2	0	0
9	11000001	0.471409	0.494849	2	0	0
9	11500001	0.46525	0.494849	2	0	0
9	12000001	0.487753	0.494849	2	0	0
9	12500001	0.541573	0.494849	2	0	0
9	13000001	0.54234	0.494849	2	0	0
9	13500001	0.508105	0.494849	2	0	0
9	14000001	0.503411	0.494849	2	0	0
9	14500001	0.512244	0.494849	2	0	0
9	15000001	0.495394	0.494849	2	0	0
9	15500001	0.497803	0.494849	2	0	0
9	16000001	0.489856	0.494849	2	0	0
9	16500001	0.494849	0.494849	2	0	0
9	17000001	0.427771	0.494849	2	0	0
9	17500001	0.150881	0.150881	1	0	0
9	18000001	0.509138	0.502542	2	0	0
9	18500001	0.524491	0.502542	2	0	0
9	19000001	0.543728	0.502542	2	0	0
9	19500001	0.51408	0.502542	2	0	0
9	20000001	0.517926	0.502542	2	0	0
9	20500001	0.548674	0.502542	2	0	0
9	21000001	0.547283	0.502542	2	0	0
9	21500001	0.402861	0.502542	2	0	0
9	22000001	0.472541	0.502542	2	0	0
9	22500001	0.51763	0.502542	2	0	0
9	23000001	0.507269	0.502542	2	0	0
9	23500001	0.477082	0.502542	2	0	0
9	24000001	0.510415	0.502542	2	0	0
9	24500001	0.502542	0.502542	2	0	0
9	25000001	0.478157	0.502542	2	0	0
9	25500001	0.493293	0.502542	2	0	0
9	26000001	0.478542	0.502542	2	0	0
9	26500001	0.482129	0.502542	2	0	0
9	27000001	0.533307	0.502542	2	0	0
9	27500001	0.489322	0.502542	2	0	0
9	28000001	0.48357	0.502542	2	0	0
9	28500001	0.492256	0.502542	2	0	0
9	29000001	0.489027	0.502542	2	0	0
9	29500001	1.01907	1.00684	4	0	0
9	30000001	0.940924	1.00684	4	0	0
9	30500001	0.956212	1.00684	4	0	0
9	31000001	0.976971	1.00684	4	0	0
9	31500001	1.04751	1.00684	4	0	0
9	32000001	1.05095	1.00684	4	0	0
9	32500001	0.99321	1.00684	4	0	0
9	33000001	1.0625	1.00684	4	0	0
9	33500001	1.09015	1.00684	4	0	0
9	34000001	0.999018	1.00684	4	0	0
9	34500001	1.00418	1.00684	4	0	0
9	35000001	1.00949	1.00684	4	0	0
9	35500001	1.02054	1.00684	4	0	0
9	36000001	1.002	1.00684	4	0	0
9	36500001	0.998086	1.00684	4	0	0
9	37000001	0.991816	1.00684	4	0	0
9	37500001	1.01915	1.00684	4	0	0
9	38000001	1.03177	1.00684	4	0	0
9	38500001	1.09101	1.09451	4	0	0
9	39000001	1.09802	1.09451	4	0	0
9	39500001	1.25299	1.09451	4	0	0
9	40000001	0.937943	1.09451	4	0	0
9	40500001	1.29049	1.30688	5	0	0
9	41000001	1.43859	1.30688	5	0	0
9	41500001	1.30688	1.30688	5	0	0
9	42000001	1.04957	0.966748	4	0	0
9	42500001	0.883927	0.966748	4	0	0
9	43000001	1.28726	1.28726	5	0	0
9	43500001	2.44787	2.44787	10	0	0
9	44000001	1.82571	1.82571	7	0	0
9	44500001	1.30471	1.30471	5	0	0
9	45000001	0.920606	-1	-1	0	0
9	45500001	-1	-1	-1	0	0
9	46000001	-1	-1	-1	0	0
9	46500001	-1	-1	-1	0	0
9	47000001	-1	-1	-1	0	0
9	47500001	-1	-1	-1	0	0
9	48000001	-1	-1	-1	0	0
9	48500001	-1	-1	-1	0	0
9	49000001	-1	-1	-1	0	0
9	49500001	-1	-1	-1	0	0
9	50000001	-1	-1	-1	0	0
9	50500001	-1	-1	-1	0	0
9	51000001	-1	-1	-1	0	0
9	51500001	-1	-1	-1	0	0
9	52000001	-1	-1	-1	0	0
9	52500001	-1	-1	-1	0	0
9	53000001	-1	-1	-1	0	0
9	53500001	-1	-1	-1	0	0
9	54000001	-1	-1	-1	0	0
9	54500001	-1	-1	-1	0	0
9	55000001	-1	-1	-1	0	0
9	55500001	-1	-1	-1	0	0
9	56000001	-1	-1	-1	0	0
9	56500001	-1	-1	-1	0	0
9	57000001	-1	-1	-1	0	0
9	57500001	-1	-1	-1	0	0
9	58000001	-1	-1	-1	0	0
9	58500001	-1	-1	-1	0	0
9	59000001	-1	-1	-1	0	0
9	59500001	-1	-1	-1	0	0
9	60000001	-1	-1	-1	0	0
9	60500001	-1	-1	-1	0	0
9	61000001	-1	-1	-1	0	0
9	61500001	0.86153	-1	-1	0	0
9	62000001	-1	-1	-1	0	0
9	62500001	-1	-1	-1	0	0
9	63000001	0.758197	-1	-1	0	0
9	63500001	-1	-1	-1	0	0
9	64000001	-1	-1	-1	0	0
9	64500001	0.794669	-1	-1	0	0
9	65000001	-1	-1	-1	0	0
9	65500001	0.974897	0.999065	4	0	0
9	66000001	-1	0.999065	4	0	0
9	66500001	-1	0.999065	4	0	0
9	67000001	1.06629	0.999065	4	0	0
9	67500001	-1	0.999065	4	0	0
9	68000001	-1	0.999065	4	0	0
9	68500001	0.999065	0.999065	4	0	0
9	69000001	0.985651	0.999065	4	0	0
9	69500001	1.04346	0.999065	4	0	0
9	70000001	1.00254	0.999065	4	0	0
9	70500001	0.91975	0.999065	4	0	0
9	71000001	1.00467	0.999065	4	0	0
9	71500001	1.03741	0.999065	4	0	0
9	72000001	1.05555	0.999065	4	0	0
9	72500001	1.06554	0.999065	4	0	0
9	73000001	1.12743	0.999065	4	0	0
9	73500001	1.0549	0.999065	4	0	0
9	74000001	1.02238	0.999065	4	0	0
9	74500001	0.99222	0.999065	4	0	0
9	75000001	0.96859	0.999065	4	0	0
9	75500001	0.978034	0.999065	4	0	0
9	76000001	0.99197	0.999065	4	0	0
9	76500001	0.997511	0.999065	4	0	0
9	77000001	0.989983	0.999065	4	0	0
9	77500001	1.01993	0.999065	4	0	0
9	78000001	1.05947	0.999065	4	0	0
9	78500001	1.0403	0.999065	4	0	0
9	79000001	1.02834	0.999065	4	0	0
9	79500001	0.991879	0.999065	4	0	0
9	80000001	0.958825	0.999065	4	0	0
9	80500001	1.00219	0.999065	4	0	0
9	81000001	1.02176	0.999065	4	0	0
9	81500001	0.990337	0.999065	4	0	0
9	82000001	1.01883	0.999065	4	0	0
9	82500001	1.02105	0.999065	4	0	0
9	83000001	0.988491	0.999065	4	0	0
9	83500001	0.976736	0.999065	4	0	0
9	84000001	0.961014	0.999065	4	0	0
9	84500001	0.952547	0.999065	4	0	0
9	85000001	0.95949	0.999065	4	0	0
9	85500001	1.03984	0.999065	4	0	0
9	86000001	0.943719	0.999065	4	0	0
9	86500001	0.978875	0.999065	4	0	0
9	87000001	0.955983	0.999065	4	0	0
9	87500001	0.968452	0.999065	4	0	0
9	88000001	0.973092	0.999065	4	0	0
9	88500001	0.997766	0.999065	4	0	0
9	89000001	0.960509	0.999065	4	0	0
9	89500001	0.895688	0.999065	4	0	0
9	90000001	0.942945	0.999065	4	0	0
9	90500001	0.9814	0.999065	4	0	0
9	91000001	0.983259	0.999065	4	0	0
9	91500001	0.946029	0.999065	4	0	0
9	92000001	1.04959	0.999065	4	0	0
9	92500001	0.990015	0.999065	4	0	0
9	93000001	0.986999	0.999065	4	0	0
9	93500001	0.971863	0.999065	4	0	0
9	94000001	1.00838	0.999065	4	0	0
9	94500001	1.03121	0.999065	4	0	0
9	95000001	1.06126	0.999065	4	0	0
9	95500001	1.00419	0.999065	4	0	0
9	96000001	1.01133	0.999065	4	0	0
9	96500001	1.06951	0.999065	4	0	0
9	97000001	1.0486	0.999065	4	0	0
9	97500001	1.02579	0.999065	4	0	0
9	98000001	1.00701	0.999065	4	0	0
9	98500001	0.99051	0.999065	4	0	0
9	99000001	0.993638	0.999065	4	0	0
9	99500001	1.01548	0.999065	4	0	0
9	100000001	0.9769	0.999065	4	0	0
9	100500001	0.986176	0.999065	4	0	0
9	101000001	0.974822	0.999065	4	0	0
9	101500001	1.02396	0.999065	4	0	0
9	102000001	0.931151	0.999065	4	0	0
9	102500001	0.959885	0.999065	4	0	0
9	103000001	0.948376	0.999065	4	0	0
9	103500001	0.959488	0.999065	4	0	0
9	104000001	0.952476	0.999065	4	0	0
9	104500001	0.96258	0.999065	4	0	0
9	105000001	0.948429	0.999065	4	0	0
9	105500001	1.00842	0.999065	4	0	0
9	106000001	0.987506	0.999065	4	0	0
9	106500001	1.02285	0.999065	4	0	0
9	107000001	1.03578	0.999065	4	0	0
9	107500001	0.998751	0.999065	4	0	0
9	108000001	1.02914	0.999065	4	0	0
9	108500001	1.05273	0.999065	4	0	0
9	109000001	1.05523	0.999065	4	0	0
9	109500001	1.06411	0.999065	4	0	0
9	110000001	1.02502	0.999065	4	0	0
9	110500001	1.08046	0.999065	4	0	0
9	111000001	1.0433	0.999065	4	0	0
9	111500001	1.059	0.999065	4	0	0
9	112000001	1.03668	0.999065	4	0	0
9	112500001	1.00923	0.999065	4	0	0
9	113000001	1.0047	0.999065	4	0	0
9	113500001	1.02337	0.999065	4	0	0
9	114000001	1.06935	0.999065	4	0	0
9	114500001	1.024	0.999065	4	0	0
9	115000001	1.05651	0.999065	4	0	0
9	115500001	1.07237	0.999065	4	0	0
9	116000001	0.990258	0.999065	4	0	0
9	116500001	0.977848	0.999065	4	0	0
9	117000001	1.00234	0.999065	4	0	0
9	117500001	0.943669	0.999065	4	0	0
9	118000001	0.967754	0.999065	4	0	0
9	118500001	0.929381	0.999065	4	0	0
9	119000001	0.896587	0.999065	4	0	0
9	119500001	0.939731	0.999065	4	0	0
9	120000001	1.00365	0.999065	4	0	0
9	120500001	1.03942	0.999065	4	0	0
9	121000001	0.555857	0.528083	2	0	0
9	121500001	0.500308	0.528083	2	0	0
9	122000001	0.904736	0.985629	4	0	0
9	122500001	0.990194	0.985629	4	0	0
9	123000001	0.99485	0.985629	4	0	0
9	123500001	0.999085	0.985629	4	0	0
9	124000001	0.994637	0.985629	4	0	0
9	124500001	0.983524	0.985629	4	0	0
9	125000001	0.982322	0.985629	4	0	0
9	125500001	0.96111	0.985629	4	0	0
9	126000001	0.981661	0.985629	4	0	0
9	126500001	0.976469	0.985629	4	0	0
9	127000001	1.01825	0.985629	4	0	0
9	127500001	0.996554	0.985629	4	0	0
9	128000001	0.990957	0.985629	4	0	0
9	128500001	0.985212	0.985629	4	0	0
9	129000001	0.978087	0.985629	4	0	0
9	129500001	0.9992	0.985629	4	0	0
9	130000001	0.9864	0.985629	4	0	0
9	130500001	0.963273	0.985629	4	0	0
9	131000001	0.988793	0.985629	4	0	0
9	131500001	1.00068	0.985629	4	0	0
9	132000001	1.0184	0.985629	4	0	0
9	132500001	0.997887	0.985629	4	0	0
9	133000001	0.989042	0.985629	4	0	0
9	133500001	0.998821	0.985629	4	0	0
9	134000001	0.954657	0.985629	4	0	0
9	134500001	0.986045	0.985629	4	0	0
9	135000001	0.943824	0.985629	4	0	0
9	135500001	0.939316	0.985629	4	0	0
9	136000001	0.961674	0.985629	4	0	0
9	136500001	0.984304	0.985629	4	0	0
9	137000001	0.984011	0.985629	4	0	0
9	137500001	0.941489	0.985629	4	0	0
9	138000001	-1	-1	-1	0	0
GL000008.2	1	0.567643	0.567643	2	0	0
GL000009.2	1	0.262658	0.262658	1	0	0
GL000194.1	1	0.475959	0.475959	2	0	0
GL000195.1	1	0.444592	0.444592	2	0	0
GL000205.2	1	0.687677	0.687677	3	0	0
GL000208.1	1	0.818991	0.818991	3	0	0
GL000213.1	1	0.137353	0.137353	1	0	0
GL000214.1	1	1.40439	1.40439	6	0	0
GL000216.2	1	1.13757	1.13757	5	0	0
GL000218.1	1	0.248652	0.248652	1	0	0
GL000219.1	1	0.478874	0.478874	2	0	0
GL000220.1	1	1.76166	1.76166	7	0	0
GL000221.1	1	0.542544	0.542544	2	0	0
GL000224.1	1	1.59563	1.59563	6	0	0
GL000225.1	1	1.31308	1.31308	5	0	0
GL000226.1	1	0.884107	0.884107	4	0	0
KI270302.1	1	0.00062827	0.00062827	0	0	0
KI270303.1	1	0.00255953	0.00255953	0	0	0
KI270304.1	1	0.00160387	0.00160387	0	0	0
KI270305.1	1	0.00251747	0.00251747	0	0	0
KI270310.1	1	0.0115369	0.0115369	0	0	0
KI270311.1	1	-1	-1	-1	0	0
KI270312.1	1	0.00296255	0.00296255	0	0	0
KI270315.1	1	0.00713001	0.00713001	0	0	0
KI270316.1	1	0.000323865	0.000323865	0	0	0
KI270317.1	1	-1	-1	-1	0	0
KI270320.1	1	0.00596365	0.00596365	0	0	0
KI270322.1	1	-1	-1	-1	0	0
KI270329.1	1	0.00459341	0.00459341	0	0	0
KI270330.1	1	0.0664807	0.0664807	0	0	0
KI270333.1	1	0.17762	0.17762	1	0	0
KI270334.1	1	0.0015915	0.0015915	0	0	0
KI270335.1	1	0.00126749	0.00126749	0	0	0
KI270336.1	1	0.03545	0.03545	0	0	0
KI270337.1	1	0.282465	0.282465	1	0	0
KI270338.1	1	0.000950182	0.000950182	0	0	0
KI270340.1	1	0.00285736	0.00285736	0	0	0
KI270362.1	1	0.0143213	0.0143213	0	0	0
KI270363.1	1	0.00388374	0.00388374	0	0	0
KI270364.1	1	0.0126464	0.0126464	0	0	0
KI270366.1	1	0.0376103	0.0376103	0	0	0
KI270371.1	1	0.0013149	0.0013149	0	0	0
KI270372.1	1	0.000673182	0.000673182	0	0	0
KI270373.1	1	0.0016114	0.0016114	0	0	0
KI270374.1	1	0.00165308	0.00165308	0	0	0
KI270375.1	1	0.00233825	0.00233825	0	0	0
KI270376.1	1	0	0	0	0	0
KI270378.1	1	0.00129119	0.00129119	0	0	0
KI270379.1	1	0.000652844	0.000652844	0	0	0
KI270381.1	1	0.00618944	0.00618944	0	0	0
KI270382.1	1	0.00756123	0.00756123	0	0	0
KI270383.1	1	0.000652549	0.000652549	0	0	0
KI270384.1	1	0.00164495	0.00164495	0	0	0
KI270385.1	1	0	0	0	0	0
KI270386.1	1	0	0	0	0	0
KI270387.1	1	0.00897706	0.00897706	0	0	0
KI270388.1	1	0.000329685	0.000329685	0	0	0
KI270389.1	1	0.00460167	0.00460167	0	0	0
KI270390.1	1	0.00724639	0.00724639	0	0	0
KI270391.1	1	0.000657245	0.000657245	0	0	0
KI270392.1	1	0	0	0	0	0
KI270393.1	1	0.000651983	0.000651983	0	0	0
KI270394.1	1	0.00264351	0.00264351	0	0	0
KI270395.1	1	0.0181364	0.0181364	0	0	0
KI270396.1	1	0.0013112	0.0013112	0	0	0
KI270411.1	1	0.00587104	0.00587104	0	0	0
KI270412.1	1	0.00388607	0.00388607	0	0	0
KI270414.1	1	0.00456184	0.00456184	0	0	0
KI270417.1	1	0.00631279	0.00631279	0	0	0
KI270418.1	1	0.00987716	0.00987716	0	0	0
KI270419.1	1	0.00193206	0.00193206	0	0	0
KI270420.1	1	0.0164731	0.0164731	0	0	0
KI270422.1	1	0.00826882	0.00826882	0	0	0
KI270423.1	1	0.00639619	0.00639619	0	0	0
KI270424.1	1	0.00165237	0.00165237	0	0	0
KI270425.1	1	0.0025768	0.0025768	0	0	0
KI270429.1	1	0.00991407	0.00991407	0	0	0
KI270435.1	1	0.390958	0.390958	2	0	0
KI270438.1	1	-1	-1	-1	0	0
KI270442.1	1	1.5839	1.5839	6	0	0
KI270448.1	1	0.0340924	0.0340924	0	0	0
KI270465.1	1	0.00458443	0.00458443	0	0	0
KI270466.1	1	0.00944184	0.00944184	0	0	0
KI270467.1	1	0.0304984	0.0304984	0	0	0
KI270468.1	1	0.0109276	0.0109276	0	0	0
KI270507.1	1	0.0392905	0.0392905	0	0	0
KI270508.1	1	0.0157075	0.0157075	0	0	0
KI270509.1	1	0.0143975	0.0143975	0	0	0
KI270510.1	1	0.0197244	0.0197244	0	0	0
KI270511.1	1	0.0318538	0.0318538	0	0	0
KI270512.1	1	0.0640997	0.0640997	0	0	0
KI270515.1	1	0.0507687	0.0507687	0	0	0
KI270516.1	1	0.0163347	0.0163347	0	0	0
KI270517.1	1	0.0301345	0.0301345	0	0	0
KI270518.1	1	0.0126676	0.0126676	0	0	0
KI270519.1	1	0.602619	0.602619	2	0	0
KI270521.1	1	0.0255383	0.0255383	0	0	0
KI270522.1	1	0.0184469	0.0184469	0	0	0
KI270528.1	1	0.00269555	0.00269555	0	0	0
KI270529.1	1	0.00965639	0.00965639	0	0	0
KI270530.1	1	0.00612516	0.00612516	0	0	0
KI270538.1	1	-1	-1	-1	0	0
KI270539.1	1	0.000620096	0.000620096	0	0	0
KI270544.1	1	0.0154139	0.0154139	0	0	0
KI270548.1	1	0	0	0	0	0
KI270579.1	1	0.00763986	0.00763986	0	0	0
KI270580.1	1	0.00781215	0.00781215	0	0	0
KI270581.1	1	0.0168535	0.0168535	0	0	0
KI270582.1	1	0.00191751	0.00191751	0	0	0
KI270583.1	1	0.00636934	0.00636934	0	0	0
KI270584.1	1	0.0289609	0.0289609	0	0	0
KI270587.1	1	0.0290862	0.0290862	0	0	0
KI270588.1	1	0.0116735	0.0116735	0	0	0
KI270589.1	1	-1	-1	-1	0	0
KI270590.1	1	0.032398	0.032398	0	0	0
KI270591.1	1	0.026992	0.026992	0	0	0
KI270593.1	1	0.00693237	0.00693237	0	0	0
KI270706.1	1	0.263283	0.263283	1	0	0
KI270707.1	1	0.0355161	0.0355161	0	0	0
KI270708.1	1	0.123684	0.123684	0	0	0
KI270709.1	1	0.93072	0.93072	4	0	0
KI270710.1	1	0.0593403	0.0593403	0	0	0
KI270711.1	1	0.289912	0.289912	1	0	0
KI270712.1	1	0.383099	0.383099	2	0	0
KI270713.1	1	0.146154	0.146154	1	0	0
KI270714.1	1	0.0724903	0.0724903	0	0	0
KI270715.1	1	0.144241	0.144241	1	0	0
KI270716.1	1	0.141704	0.141704	1	0	0
KI270717.1	1	0.0746254	0.0746254	0	0	0
KI270718.1	1	0.0925275	0.0925275	0	0	0
KI270719.1	1	0.381795	0.381795	2	0	0
KI270720.1	1	0.15657	0.15657	1	0	0
KI270721.1	1	0.045087	0.045087	0	0	0
KI270722.1	1	0.0878902	0.0878902	0	0	0
KI270723.1	1	0.056422	0.056422	0	0	0
KI270724.1	1	0.0879941	0.0879941	0	0	0
KI270725.1	1	0.388493	0.388493	2	0	0
KI270726.1	1	0.177174	0.177174	1	0	0
KI270727.1	1	2.21871	2.21871	9	0	0
KI270728.1	1	-1	0.476046	2	0	0
KI270728.1	500001	0.455808	0.476046	2	0	0
KI270728.1	1000001	0.683516	0.476046	2	0	0
KI270728.1	1500001	0.476046	0.476046	2	0	0
KI270729.1	1	2.52939	2.52939	10	0	0
KI270730.1	1	0.33606	0.33606	1	0	0
KI270731.1	1	0.185446	0.185446	1	0	0
KI270732.1	1	0.0742782	0.0742782	0	0	0
KI270733.1	1	2.27175	2.27175	9	0	0
KI270734.1	1	0.229257	0.229257	1	0	0
KI270735.1	1	0.340125	0.340125	1	0	0
KI270736.1	1	0.371572	0.371572	1	0	0
KI270737.1	1	0.155134	0.155134	1	0	0
KI270738.1	1	0.244283	0.244283	1	0	0
KI270739.1	1	0.0618552	0.0618552	0	0	0
KI270740.1	1	0	0	0	0	0
KI270741.1	1	0.186803	0.186803	1	0	0
KI270742.1	1	0.700161	0.700161	3	0	0
KI270743.1	1	0.16354	0.16354	1	0	0
KI270744.1	1	1.51815	1.51815	6	0	0
KI270745.1	1	0.0832287	0.0832287	0	0	0
KI270746.1	1	0.139844	0.139844	1	0	0
KI270747.1	1	0.283203	0.283203	1	0	0
KI270748.1	1	0.0903719	0.0903719	0	0	0
KI270749.1	1	0.398037	0.398037	2	0	0
KI270750.1	1	0.36464	0.36464	1	0	0
KI270751.1	1	0.491651	0.491651	2	0	0
KI270752.1	1	0	0	0	0	0
KI270753.1	1	0.11066	0.11066	0	0	0
KI270754.1	1	0.0374762	0.0374762	0	0	0
KI270755.1	1	0.0194115	0.0194115	0	0	0
KI270756.1	1	0.145	0.145	1	0	0
KI270757.1	1	0.416724	0.416724	2	0	0
MT	1	14.2598	14.2598	57	0	0
X	1	-1	-1	-1	0	0
X	500001	0.4368	0.440484	2	0	0
X	1000001	0.440484	0.440484	2	0	0
X	1500001	0.44376	0.440484	2	0	0
X	2000001	-1	-1	-1	0	0
X	2500001	0.529676	0.515909	2	0	0
X	3000001	0.51823	0.515909	2	0	0
X	3500001	0.51735	0.515909	2	0	0
X	4000001	0.518348	0.515909	2	0	0
X	4500001	0.527743	0.515909	2	0	0
X	5000001	0.517118	0.515909	2	0	0
X	5500001	0.504804	0.515909	2	0	0
X	6000001	0.506364	0.515909	2	0	0
X	6500001	0.469374	0.515909	2	0	0
X	7000001	0.480534	0.515909	2	0	0
X	7500001	0.480262	0.515909	2	0	0
X	8000001	0.466086	0.515909	2	0	0
X	8500001	0.520329	0.515909	2	0	0
X	9000001	0.547878	0.515909	2	0	0
X	9500001	0.501924	0.515909	2	0	0
X	10000001	0.531389	0.515909	2	0	0
X	10500001	0.528552	0.515909	2	0	0
X	11000001	0.504057	0.515909	2	0	0
X	11500001	0.561297	0.515909	2	0	0
X	12000001	0.511887	0.515909	2	0	0
X	12500001	0.579011	0.515909	2	0	0
X	13000001	0.541521	0.515909	2	0	0
X	13500001	0.522981	0.515909	2	0	0
X	14000001	0.533254	0.515909	2	0	0
X	14500001	0.489779	0.515909	2	0	0
X	15000001	0.535804	0.515909	2	0	0
X	15500001	0.574775	0.515909	2	0	0
X	16000001	0.491446	0.515909	2	0	0
X	16500001	0.519922	0.515909	2	0	0
X	17000001	0.529328	0.515909	2	0	0
X	17500001	0.473885	0.515909	2	0	0
X	18000001	0.474137	0.515909	2	0	0
X	18500001	0.474295	0.515909	2	0	0
X	19000001	0.513795	0.515909	2	0	0
X	19500001	0.502018	0.515909	2	0	0
X	20000001	0.526629	0.515909	2	0	0
X	20500001	0.48525	0.515909	2	0	0
X	21000001	0.495389	0.515909	2	0	0
X	21500001	0.522577	0.515909	2	0	0
X	22000001	0.512398	0.515909	2	0	0
X	22500001	0.512317	0.515909	2	0	0
X	23000001	0.527528	0.515909	2	0	0
X	23500001	0.552933	0.515909	2	0	0
X	24000001	0.53497	0.515909	2	0	0
X	24500001	0.501673	0.515909	2	0	0
X	25000001	0.489404	0.515909	2	0	0
X	25500001	0.512227	0.515909	2	0	0
X	26000001	0.539561	0.515909	2	0	0
X	26500001	0.510945	0.515909	2	0	0
X	27000001	0.518003	0.515909	2	0	0
X	27500001	0.532444	0.515909	2	0	0
X	28000001	0.544719	0.515909	2	0	0
X	28500001	0.538037	0.515909	2	0	0
X	29000001	0.4954	0.515909	2	0	0
X	29500001	0.509522	0.515909	2	0	0
X	30000001	0.505516	0.515909	2	0	0
X	30500001	0.526192	0.515909	2	0	0
X	31000001	0.494408	0.515909	2	0	0
X	31500001	0.502445	0.515909	2	0	0
X	32000001	0.469004	0.515909	2	0	0
X	32500001	0.465088	0.515909	2	0	0
X	33000001	0.475717	0.515909	2	0	0
X	33500001	0.462814	0.515909	2	0	0
X	34000001	0.464019	0.515909	2	0	0
X	34500001	0.526587	0.515909	2	0	0
X	35000001	0.503491	0.515909	2	0	0
X	35500001	0.512965	0.515909	2	0	0
X	36000001	0.552369	0.515909	2	0	0
X	36500001	0.492714	0.515909	2	0	0
X	37000001	-1	0.515909	2	0	0
X	37500001	0.555426	0.515909	2	0	0
X	38000001	0.537235	0.515909	2	0	0
X	38500001	0.521908	0.515909	2	0	0
X	39000001	0.490853	0.515909	2	0	0
X	39500001	0.474602	0.515909	2	0	0
X	40000001	0.485058	0.515909	2	0	0
X	40500001	0.531188	0.515909	2	0	0
X	41000001	0.527388	0.515909	2	0	0
X	41500001	0.524581	0.515909	2	0	0
X	42000001	0.52571	0.515909	2	0	0
X	42500001	0.52627	0.515909	2	0	0
X	43000001	0.499344	0.515909	2	0	0
X	43500001	0.518525	0.515909	2	0	0
X	44000001	0.523017	0.515909	2	0	0
X	44500001	0.492443	0.515909	2	0	0
X	45000001	0.535752	0.515909	2	0	0
X	45500001	0.562455	0.515909	2	0	0
X	46000001	0.575928	0.515909	2	0	0
X	46500001	0.506849	0.515909	2	0	0
X	47000001	0.498386	0.515909	2	0	0
X	47500001	0.495037	0.515909	2	0	0
X	48000001	0.49443	0.515909	2	0	0
X	48500001	0.515909	0.515909	2	0	0
X	49000001	-1	0.515909	2	0	0
X	49500001	0.543597	0.515909	2	0	0
X	50000001	0.482543	0.49056	2	0	0
X	50500001	0.513443	0.49056	2	0	0
X	51000001	0.492605	0.49056	2	0	0
X	51500001	0.499406	0.49056	2	0	0
X	52000001	0.481835	0.49056	2	0	0
X	52500001	0.519205	0.49056	2	0	0
X	53000001	0.46649	0.49056	2	0	0
X	53500001	0.511501	0.49056	2	0	0
X	54000001	0.480971	0.49056	2	0	0
X	54500001	0.486889	0.49056	2	0	0
X	55000001	0.482962	0.49056	2	0	0
X	55500001	0.494322	0.49056	2	0	0
X	56000001	0.509863	0.49056	2	0	0
X	56500001	0.482006	0.49056	2	0	0
X	57000001	0.49056	0.49056	2	0	0
X	57500001	0.471958	0.49056	2	0	0
X	58000001	0.503537	0.49056	2	0	0
X	58500001	0.412954	0.34918	1	0	0
X	59000001	0.3754	0.34918	1	0	0
X	59500001	0.345225	0.34918	1	0	0
X	60000001	0.333229	0.34918	1	0	0
X	60500001	0.348114	0.34918	1	0	0
X	61000001	0.342791	0.34918	1	0	0
X	61500001	0.350245	0.34918	1	0	0
X	62000001	0.391015	0.34918	1	0	0
X	62500001	0.514395	0.494753	2	0	0
X	63000001	0.492238	0.494753	2	0	0
X	63500001	0.502031	0.494753	2	0	0
X	64000001	0.461634	0.494753	2	0	0
X	64500001	0.476973	0.494753	2	0	0
X	65000001	0.506087	0.494753	2	0	0
X	65500001	0.506516	0.494753	2	0	0
X	66000001	0.48594	0.494753	2	0	0
X	66500001	0.483891	0.494753	2	0	0
X	67000001	0.46385	0.494753	2	0	0
X	67500001	0.479032	0.494753	2	0	0
X	68000001	0.487948	0.494753	2	0	0
X	68500001	0.501738	0.494753	2	0	0
X	69000001	0.494804	0.494753	2	0	0
X	69500001	0.498604	0.494753	2	0	0
X	70000001	0.507982	0.494753	2	0	0
X	70500001	0.465173	0.494753	2	0	0
X	71000001	0.516419	0.494753	2	0	0
X	71500001	0.49322	0.494753	2	0	0
X	72000001	0.514635	0.494753	2	0	0
X	72500001	0.501748	0.494753	2	0	0
X	73000001	0.507471	0.494753	2	0	0
X	73500001	0.501297	0.494753	2	0	0
X	74000001	0.507776	0.494753	2	0	0
X	74500001	0.501268	0.494753	2	0	0
X	75000001	0.47641	0.494753	2	0	0
X	75500001	0.502436	0.494753	2	0	0
X	76000001	0.516897	0.494753	2	0	0
X	76500001	0.48621	0.494753	2	0	0
X	77000001	0.50146	0.494753	2	0	0
X	77500001	0.515125	0.494753	2	0	0
X	78000001	0.494703	0.494753	2	0	0
X	78500001	0.516882	0.494753	2	0	0
X	79000001	0.489992	0.494753	2	0	0
X	79500001	0.474945	0.494753	2	0	0
X	80000001	0.479104	0.494753	2	0	0
X	80500001	0.50273	0.494753	2	0	0
X	81000001	0.480435	0.494753	2	0	0
X	81500001	0.481082	0.494753	2	0	0
X	82000001	0.495566	0.494753	2	0	0
X	82500001	0.477936	0.494753	2	0	0
X	83000001	0.496198	0.494753	2	0	0
X	83500001	0.473718	0.494753	2	0	0
X	84000001	0.486112	0.494753	2	0	0
X	84500001	0.486872	0.494753	2	0	0
X	85000001	0.475558	0.494753	2	0	0
X	85500001	0.508972	0.494753	2	0	0
X	86000001	0.458925	0.494753	2	0	0
X	86500001	0.468108	0.494753	2	0	0
X	87000001	0.473242	0.494753	2	0	0
X	87500001	0.496717	0.494753	2	0	0
X	88000001	0.504659	0.494753	2	0	0
X	88500001	0.456043	0.455152	2	0	0
X	89000001	0.467669	0.455152	2	0	0
X	89500001	0.42535	0.455152	2	0	0
X	90000001	0.407871	0.455152	2	0	0
X	90500001	0.456693	0.455152	2	0	0
X	91000001	0.436758	0.455152	2	0	0
X	91500001	0.445962	0.455152	2	0	0
X	92000001	0.422264	0.455152	2	0	0
X	92500001	0.421192	0.455152	2	0	0
X	93000001	0.466488	0.455152	2	0	0
X	93500001	0.448587	0.455152	2	0	0
X	94000001	0.467245	0.455152	2	0	0
X	94500001	0.455152	0.455152	2	0	0
X	95000001	0.467632	0.455152	2	0	0
X	95500001	0.47227	0.455152	2	0	0
X	96000001	0.508409	0.498273	2	0	0
X	96500001	0.507467	0.498273	2	0	0
X	97000001	0.485144	0.498273	2	0	0
X	97500001	0.507995	0.498273	2	0	0
X	98000001	0.497528	0.498273	2	0	0
X	98500001	0.504454	0.498273	2	0	0
X	99000001	0.486313	0.498273	2	0	0
X	99500001	0.473579	0.498273	2	0	0
X	100000001	0.480928	0.498273	2	0	0
X	100500001	0.532917	0.498273	2	0	0
X	101000001	0.478373	0.498273	2	0	0
X	101500001	0.487255	0.498273	2	0	0
X	102000001	0.493401	0.498273	2	0	0
X	102500001	0.480504	0.498273	2	0	0
X	103000001	0.519279	0.498273	2	0	0
X	103500001	0.530214	0.498273	2	0	0
X	104000001	0.514929	0.498273	2	0	0
X	104500001	0.514805	0.498273	2	0	0
X	105000001	0.488824	0.498273	2	0	0
X	105500001	0.506556	0.498273	2	0	0
X	106000001	0.537538	0.498273	2	0	0
X	106500001	0.521358	0.498273	2	0	0
X	107000001	0.520627	0.498273	2	0	0
X	107500001	0.498122	0.498273	2	0	0
X	108000001	0.57149	0.498273	2	0	0
X	108500001	0.510521	0.498273	2	0	0
X	109000001	0.512694	0.498273	2	0	0
X	109500001	0.49338	0.498273	2	0	0
X	110000001	0.531323	0.498273	2	0	0
X	110500001	0.500559	0.498273	2	0	0
X	111000001	0.452747	0.498273	2	0	0
X	111500001	0.488377	0.498273	2	0	0
X	112000001	0.465714	0.498273	2	0	0
X	112500001	0.44441	0.498273	2	0	0
X	113000001	0.475633	0.498273	2	0	0
X	113500001	0.47947	0.498273	2	0	0
X	114000001	0.494245	0.498273	2	0	0
X	114500001	0.479534	0.498273	2	0	0
X	115000001	0.497116	0.498273	2	0	0
X	115500001	-1	0.498273	2	0	0
X	116000001	0.522604	0.498273	2	0	0
X	116500001	0.503993	0.498273	2	0	0
X	117000001	0.516552	0.498273	2	0	0
X	117500001	0.528073	0.498273	2	0	0
X	118000001	0.506484	0.498273	2	0	0
X	118500001	0.469504	0.498273	2	0	0
X	119000001	0.494142	0.498273	2	0	0
X	119500001	0.498424	0.498273	2	0	0
X	120000001	0.492064	0.498273	2	0	0
X	120500001	0.442368	0.498273	2	0	0
X	121000001	0.500147	0.498273	2	0	0
X	121500001	0.439637	0.498273	2	0	0
X	122000001	0.50234	0.498273	2	0	0
X	122500001	0.488688	0.498273	2	0	0
X	123000001	0.508977	0.498273	2	0	0
X	123500001	0.51314	0.498273	2	0	0
X	124000001	0.533176	0.498273	2	0	0
X	124500001	0.51983	0.498273	2	0	0
X	125000001	0.486535	0.498273	2	0	0
X	125500001	0.484659	0.498273	2	0	0
X	126000001	0.480764	0.498273	2	0	0
X	126500001	0.486675	0.498273	2	0	0
X	127000001	0.491587	0.498273	2	0	0
X	127500001	0.453803	0.498273	2	0	0
X	128000001	0.476691	0.498273	2	0	0
X	128500001	0.456457	0.498273	2	0	0
X	129000001	0.494864	0.498273	2	0	0
X	129500001	0.518434	0.498273	2	0	0
X	130000001	0.528476	0.498273	2	0	0
X	130500001	0.509732	0.498273	2	0	0
X	131000001	0.550563	0.498273	2	0	0
X	131500001	0.510846	0.498273	2	0	0
X	132000001	0.522663	0.498273	2	0	0
X	132500001	0.820117	0.820117	3	0	0
X	133000001	1.47197	1.47197	6	0	0
X	133500001	0.864848	0.864848	3	0	0
X	134000001	0.478501	0.496926	2	0	0
X	134500001	0.517136	0.496926	2	0	0
X	135000001	0.516352	0.496926	2	0	0
X	135500001	0.530506	0.496926	2	0	0
X	136000001	0.527867	0.496926	2	0	0
X	136500001	0.531825	0.496926	2	0	0
X	137000001	0.491276	0.496926	2	0	0
X	137500001	0.464785	0.496926	2	0	0
X	138000001	0.481147	0.496926	2	0	0
X	138500001	0.522765	0.496926	2	0	0
X	139000001	0.506101	0.496926	2	0	0
X	139500001	0.49192	0.496926	2	0	0
X	140000001	0.491502	0.496926	2	0	0
X	140500001	0.480817	0.496926	2	0	0
X	141000001	0.567933	0.496926	2	0	0
X	141500001	0.455397	0.496926	2	0	0
X	142000001	0.497996	0.496926	2	0	0
X	142500001	0.437859	0.496926	2	0	0
X	143000001	0.46996	0.496926	2	0	0
X	143500001	0.461787	0.496926	2	0	0
X	144000001	0.469433	0.496926	2	0	0
X	144500001	0.474752	0.496926	2	0	0
X	145000001	0.503194	0.496926	2	0	0
X	145500001	0.437671	0.496926	2	0	0
X	146000001	0.465298	0.496926	2	0	0
X	146500001	0.465441	0.496926	2	0	0
X	147000001	0.454632	0.496926	2	0	0
X	147500001	0.479939	0.496926	2	0	0
X	148000001	0.472087	0.496926	2	0	0
X	148500001	0.50085	0.496926	2	0	0
X	149000001	0.500137	0.496926	2	0	0
X	149500001	0.508793	0.496926	2	0	0
X	150000001	0.498344	0.496926	2	0	0
X	150500001	0.506238	0.496926	2	0	0
X	151000001	0.480793	0.496926	2	0	0
X	151500001	0.504567	0.496926	2	0	0
X	152000001	0.543617	0.496926	2	0	0
X	152500001	0.513035	0.496926	2	0	0
X	153000001	0.510005	0.496926	2	0	0
X	153500001	0.495855	0.496926	2	0	0
X	154000001	0.465	0.496926	2	0	0
X	154500001	0.520216	0.496926	2	0	0
X	155000001	0.518097	0.496926	2	0	0
X	155500001	0.510323	0.496926	2	0	0
X	156000001	-1	-1	-1	0	0
Y	1	-1	-1	-1	0	0
Y	500001	-1	-1	-1	0	0
Y	1000001	-1	-1	-1	0	0
Y	1500001	-1	-1	-1	0	0
Y	2000001	-1	-1	-1	0	0
Y	2500001	-1	-1	-1	0	0
Y	3000001	0.0353763	0.0290439	0	0	0
Y	3500001	0.0227115	0.0290439	0	0	0
Y	4000001	0.0211335	0.0290439	0	0	0
Y	4500001	0.0354299	0.0290439	0	0	0
Y	5000001	0.0206635	0.0290439	0	0	0
Y	5500001	0.0397425	0.0290439	0	0	0
Y	6000001	0.00573597	0.00427132	0	0	0
Y	6500001	0.0132905	0.00427132	0	0	0
Y	7000001	0.00280667	0.00427132	0	0	0
Y	7500001	0.00126804	0.00427132	0	0	0
Y	8000001	0.000320729	0.00427132	0	0	0
Y	8500001	0	0.00427132	0	0	0
Y	9000001	-1	0.00427132	0	0	0
Y	9500001	0.0097434	0.00427132	0	0	0
Y	10000001	0.0398661	0.00427132	0	0	0
Y	10500001	-1	-1	-1	0	0
Y	11000001	0.606042	0.872568	3	0	0
Y	11500001	1.13909	0.872568	3	0	0
Y	12000001	0.000312546	0.00128713	0	0	0
Y	12500001	0	0.00128713	0	0	0
Y	13000001	0.00129965	0.00128713	0	0	0
Y	13500001	0.00636768	0.00128713	0	0	0
Y	14000001	0.00128713	0.00128713	0	0	0
Y	14500001	0.000645604	0.00128713	0	0	0
Y	15000001	0	0.00128713	0	0	0
Y	15500001	0.00129255	0.00128713	0	0	0
Y	16000001	0	0.00128713	0	0	0
Y	16500001	0.00130986	0.00128713	0	0	0
Y	17000001	0.00549089	0.00128713	0	0	0
Y	17500001	0.00127598	0.00128713	0	0	0
Y	18000001	0.00159589	0.00128713	0	0	0
Y	18500001	0.000323282	0.00128713	0	0	0
Y	19000001	0.000319797	0.00128713	0	0	0
Y	19500001	0.000649417	0.00128713	0	0	0
Y	20000001	0.00105815	0.00128713	0	0	0
Y	20500001	0.000959583	0.00128713	0	0	0
Y	21000001	0.000321242	0.00128713	0	0	0
Y	21500001	0	0.00128713	0	0	0
Y	22000001	0.0012668	0.00128713	0	0	0
Y	22500001	0.00191433	0.00128713	0	0	0
Y	23000001	0.0022612	0.00128713	0	0	0
Y	23500001	0.00162785	0.00128713	0	0	0
Y	24000001	0.00252141	0.00128713	0	0	0
Y	24500001	0.00255573	0.00128713	0	0	0
Y	25000001	0.00469696	0.00128713	0	0	0
Y	25500001	0.00227848	0.00128713	0	0	0
Y	26000001	0.00741654	0.00128713	0	0	0
Y	26500001	-1	-1	-1	0	0
Y	27000001	-1	-1	-1	0	0
Y	27500001	-1	-1	-1	0	0
Y	28000001	-1	-1	-1	0	0
Y	28500001	-1	-1	-1	0	0
Y	29000001	-1	-1	-1	0	0
Y	29500001	-1	-1	-1	0	0
Y	30000001	-1	-1	-1	0	0
Y	30500001	-1	-1	-1	0	0
Y	31000001	-1	-1	-1	0	0
Y	31500001	-1	-1	-1	0	0
Y	32000001	-1	-1	-1	0	0
Y	32500001	-1	-1	-1	0	0
Y	33000001	-1	-1	-1	0	0
Y	33500001	-1	-1	-1	0	0
Y	34000001	-1	-1	-1	0	0
Y	34500001	-1	-1	-1	0	0
Y	35000001	-1	-1	-1	0	0
Y	35500001	-1	-1	-1	0	0
Y	36000001	-1	-1	-1	0	0
Y	36500001	-1	-1	-1	0	0
Y	37000001	-1	-1	-1	0	0
Y	37500001	-1	-1	-1	0	0
Y	38000001	-1	-1	-1	0	0
Y	38500001	-1	-1	-1	0	0
Y	39000001	-1	-1	-1	0	0
Y	39500001	-1	-1	-1	0	0
Y	40000001	-1	-1	-1	0	0
Y	40500001	-1	-1	-1	0	0
Y	41000001	-1	-1	-1	0	0
Y	41500001	-1	-1	-1	0	0
Y	42000001	-1	-1	-1	0	0
Y	42500001	-1	-1	-1	0	0
Y	43000001	-1	-1	-1	0	0
Y	43500001	-1	-1	-1	0	0
Y	44000001	-1	-1	-1	0	0
Y	44500001	-1	-1	-1	0	0
Y	45000001	-1	-1	-1	0	0
Y	45500001	-1	-1	-1	0	0
Y	46000001	-1	-1	-1	0	0
Y	46500001	-1	-1	-1	0	0
Y	47000001	-1	-1	-1	0	0
Y	47500001	-1	-1	-1	0	0
Y	48000001	-1	-1	-1	0	0
Y	48500001	-1	-1	-1	0	0
Y	49000001	-1	-1	-1	0	0
Y	49500001	-1	-1	-1	0	0
Y	50000001	-1	-1	-1	0	0
Y	50500001	-1	-1	-1	0	0
Y	51000001	-1	-1	-1	0	0
Y	51500001	-1	-1	-1	0	0
Y	52000001	-1	-1	-1	0	0
Y	52500001	-1	-1	-1	0	0
Y	53000001	-1	-1	-1	0	0
Y	53500001	-1	-1	-1	0	0
Y	54000001	-1	-1	-1	0	0
Y	54500001	-1	-1	-1	0	0
Y	55000001	-1	-1	-1	0	0
Y	55500001	-1	-1	-1	0	0
Y	56000001	-1	-1	-1	0	0
Y	56500001	-1	-1	-1	0	0
Y	57000001	-1	-1	-1	0	0
