Chromosome	Start	Ratio	MedianRatio	CopyNumber	Subclone_CN	Subclone_Population
1	1	-1	-1	-1	0	0
1	500001	0.834791	0.834791	3	0	0
1	1000001	0.878065	0.834791	3	0	0
1	1500001	0.711891	0.834791	3	0	0
1	2000001	0.784772	0.834791	3	0	0
1	2500001	1.0412	0.834791	3	0	0
1	3000001	0.740735	0.670149	2	0	0
1	3500001	0.677869	0.670149	2	0	0
1	4000001	0.683428	0.670149	2	0	0
1	4500001	0.655118	0.670149	2	0	0
1	5000001	0.622228	0.670149	2	0	0
1	5500001	0.661975	0.670149	2	0	0
1	6000001	0.723922	0.670149	2	0	0
1	6500001	0.670149	0.670149	2	0	0
1	7000001	0.674928	0.670149	2	0	0
1	7500001	0.668837	0.670149	2	0	0
1	8000001	0.681828	0.670149	2	0	0
1	8500001	0.645316	0.670149	2	0	0
1	9000001	0.668689	0.670149	2	0	0
1	9500001	0.62398	0.670149	2	0	0
1	10000001	0.643395	0.670149	2	0	0
1	10500001	0.67495	0.670149	2	0	0
1	11000001	0.686236	0.670149	2	0	0
1	11500001	0.67579	0.670149	2	0	0
1	12000001	0.678227	0.670149	2	0	0
1	12500001	0.715404	0.670149	2	0	0
1	13000001	0.65435	0.670149	2	0	0
1	13500001	0.645118	0.670149	2	0	0
1	14000001	0.64354	0.670149	2	0	0
1	14500001	0.642253	0.670149	2	0	0
1	15000001	0.702761	0.670149	2	0	0
1	15500001	0.68247	0.670149	2	0	0
1	16000001	0.665622	0.670149	2	0	0
1	16500001	1.10987	1.10987	3	0	0
1	17000001	0.689647	0.675011	2	0	0
1	17500001	0.660537	0.675011	2	0	0
1	18000001	0.693328	0.675011	2	0	0
1	18500001	0.70561	0.675011	2	0	0
1	19000001	0.661801	0.675011	2	0	0
1	19500001	0.670065	0.675011	2	0	0
1	20000001	0.688451	0.675011	2	0	0
1	20500001	0.671364	0.675011	2	0	0
1	21000001	0.682087	0.675011	2	0	0
1	21500001	0.642654	0.675011	2	0	0
1	22000001	0.688673	0.675011	2	0	0
1	22500001	0.677651	0.675011	2	0	0
1	23000001	0.647874	0.675011	2	0	0
1	23500001	0.675016	0.675011	2	0	0
1	24000001	0.666845	0.675011	2	0	0
1	24500001	0.67521	0.675011	2	0	0
1	25000001	0.612578	0.675011	2	0	0
1	25500001	0.680601	0.675011	2	0	0
1	26000001	0.671087	0.675011	2	0	0
1	26500001	0.652749	0.675011	2	0	0
1	27000001	0.669259	0.675011	2	0	0
1	27500001	0.696289	0.675011	2	0	0
1	28000001	0.658641	0.675011	2	0	0
1	28500001	0.636067	0.675011	2	0	0
1	29000001	0.674769	0.675011	2	0	0
1	29500001	0.690966	0.675011	2	0	0
1	30000001	0.692587	0.675011	2	0	0
1	30500001	0.717321	0.675011	2	0	0
1	31000001	0.672379	0.675011	2	0	0
1	31500001	0.679695	0.675011	2	0	0
1	32000001	0.671318	0.675011	2	0	0
1	32500001	0.658209	0.675011	2	0	0
1	33000001	0.706186	0.675011	2	0	0
1	33500001	0.689273	0.675011	2	0	0
1	34000001	0.684409	0.675011	2	0	0
1	34500001	0.645407	0.675011	2	0	0
1	35000001	0.645427	0.675011	2	0	0
1	35500001	0.65494	0.675011	2	0	0
1	36000001	0.679128	0.675011	2	0	0
1	36500001	0.682567	0.675011	2	0	0
1	37000001	0.685878	0.675011	2	0	0
1	37500001	0.650587	0.675011	2	0	0
1	38000001	0.681629	0.675011	2	0	0
1	38500001	0.686683	0.675011	2	0	0
1	39000001	0.650454	0.675011	2	0	0
1	39500001	0.671311	0.675011	2	0	0
1	40000001	0.66367	0.675011	2	0	0
1	40500001	0.634472	0.675011	2	0	0
1	41000001	0.67742	0.675011	2	0	0
1	41500001	0.694093	0.675011	2	0	0
1	42000001	0.662187	0.675011	2	0	0
1	42500001	0.67947	0.675011	2	0	0
1	43000001	0.657261	0.675011	2	0	0
1	43500001	0.711064	0.675011	2	0	0
1	44000001	0.676869	0.675011	2	0	0
1	44500001	0.681117	0.675011	2	0	0
1	45000001	0.669882	0.675011	2	0	0
1	45500001	0.655884	0.675011	2	0	0
1	46000001	0.707731	0.675011	2	0	0
1	46500001	0.710607	0.675011	2	0	0
1	47000001	0.672377	0.675011	2	0	0
1	47500001	0.688311	0.675011	2	0	0
1	48000001	0.64254	0.675011	2	0	0
1	48500001	0.638634	0.675011	2	0	0
1	49000001	0.675032	0.675011	2	0	0
1	49500001	0.663027	0.675011	2	0	0
1	50000001	0.685055	0.675011	2	0	0
1	50500001	0.673287	0.675011	2	0	0
1	51000001	0.654803	0.675011	2	0	0
1	51500001	0.707976	0.675011	2	0	0
1	52000001	0.621532	0.675011	2	0	0
1	52500001	0.673152	0.675011	2	0	0
1	53000001	0.692653	0.675011	2	0	0
1	53500001	0.628	0.675011	2	0	0
1	54000001	0.657126	0.675011	2	0	0
1	54500001	0.682783	0.675011	2	0	0
1	55000001	0.706346	0.675011	2	0	0
1	55500001	0.659111	0.675011	2	0	0
1	56000001	0.6775	0.675011	2	0	0
1	56500001	0.645501	0.675011	2	0	0
1	57000001	0.632978	0.675011	2	0	0
1	57500001	0.655334	0.675011	2	0	0
1	58000001	0.697673	0.675011	2	0	0
1	58500001	0.678352	0.675011	2	0	0
1	59000001	0.7194	0.675011	2	0	0
1	59500001	0.685663	0.675011	2	0	0
1	60000001	0.648686	0.675011	2	0	0
1	60500001	0.679435	0.675011	2	0	0
1	61000001	0.635612	0.675011	2	0	0
1	61500001	0.646633	0.675011	2	0	0
1	62000001	0.659633	0.675011	2	0	0
1	62500001	0.657543	0.675011	2	0	0
1	63000001	0.649856	0.675011	2	0	0
1	63500001	0.70424	0.675011	2	0	0
1	64000001	0.675005	0.675011	2	0	0
1	64500001	0.689108	0.675011	2	0	0
1	65000001	0.675302	0.675011	2	0	0
1	65500001	0.718191	0.675011	2	0	0
1	66000001	0.679624	0.675011	2	0	0
1	66500001	0.672478	0.675011	2	0	0
1	67000001	0.648013	0.675011	2	0	0
1	67500001	0.69716	0.675011	2	0	0
1	68000001	0.674403	0.675011	2	0	0
1	68500001	0.675497	0.675011	2	0	0
1	69000001	0.659442	0.675011	2	0	0
1	69500001	0.67864	0.675011	2	0	0
1	70000001	0.662219	0.675011	2	0	0
1	70500001	0.683355	0.675011	2	0	0
1	71000001	0.718282	0.675011	2	0	0
1	71500001	0.807603	0.675011	2	0	0
1	72000001	1.23596	1.23596	4	0	0
1	72500001	1.57082	1.65456	5	0	0
1	73000001	1.66437	1.65456	5	0	0
1	73500001	1.65456	1.65456	5	0	0
1	74000001	1.87106	2.01358	6	0	0
1	74500001	2.02644	2.01358	6	0	0
1	75000001	2.01358	2.01358	6	0	0
1	75500001	1.98731	2.01358	6	0	0
1	76000001	1.9907	2.01358	6	0	0
1	76500001	2.10054	2.01358	6	0	0
1	77000001	2.01978	2.01358	6	0	0
1	77500001	1.96749	2.01358	6	0	0
1	78000001	2.11201	2.01358	6	0	0
1	78500001	2.08564	2.01358	6	0	0
1	79000001	2.00318	2.01358	6	0	0
1	79500001	2.05023	2.01358	6	0	0
1	80000001	1.97774	2.01358	6	0	0
1	80500001	1.49097	1.33481	4	0	0
1	81000001	1.33481	1.33481	4	0	0
1	81500001	1.28556	1.33481	4	0	0
1	82000001	1.01972	1.33481	4	0	0
1	82500001	1.29339	1.33481	4	0	0
1	83000001	1.33514	1.33481	4	0	0
1	83500001	1.35912	1.33481	4	0	0
1	84000001	1.36883	1.33481	4	0	0
1	84500001	1.32973	1.33481	4	0	0
1	85000001	1.05008	1.05139	3	0	0
1	85500001	1.05271	1.05139	3	0	0
1	86000001	1.04589	1.05139	3	0	0
1	86500001	1.19001	1.05139	3	0	0
1	87000001	1.39879	1.34218	4	0	0
1	87500001	1.34218	1.34218	4	0	0
1	88000001	1.32473	1.34218	4	0	0
1	88500001	1.26941	1.34218	4	0	0
1	89000001	1.37259	1.34218	4	0	0
1	89500001	1.34611	1.34218	4	0	0
1	90000001	1.36167	1.34218	4	0	0
1	90500001	1.34039	1.34218	4	0	0
1	91000001	1.36377	1.34218	4	0	0
1	91500001	1.30132	1.34218	4	0	0
1	92000001	1.32601	1.34218	4	0	0
1	92500001	1.17342	1.04517	3	0	0
1	93000001	1.03351	1.04517	3	0	0
1	93500001	1.04205	1.04517	3	0	0
1	94000001	1.10206	1.04517	3	0	0
1	94500001	1.06797	1.04517	3	0	0
1	95000001	1.04828	1.04517	3	0	0
1	95500001	0.993522	1.04517	3	0	0
1	96000001	0.985737	1.04517	3	0	0
1	96500001	1.30182	1.35648	4	0	0
1	97000001	1.35648	1.35648	4	0	0
1	97500001	1.36631	1.35648	4	0	0
1	98000001	1.43806	1.35648	4	0	0
1	98500001	1.36534	1.35648	4	0	0
1	99000001	1.33283	1.35648	4	0	0
1	99500001	1.35212	1.35648	4	0	0
1	100000001	1.31322	1.35648	4	0	0
1	100500001	1.38189	1.35648	4	0	0
1	101000001	1.30207	1.35648	4	0	0
1	101500001	1.36902	1.35648	4	0	0
1	102000001	1.11824	1.01366	3	0	0
1	102500001	0.959323	1.01366	3	0	0
1	103000001	0.97943	1.01366	3	0	0
1	103500001	1.11526	1.01366	3	0	0
1	104000001	1.02664	1.01366	3	0	0
1	104500001	0.99675	1.01366	3	0	0
1	105000001	0.978587	1.01366	3	0	0
1	105500001	0.993927	1.01366	3	0	0
1	106000001	0.99276	1.01366	3	0	0
1	106500001	0.976234	1.01366	3	0	0
1	107000001	0.964235	1.01366	3	0	0
1	107500001	0.99314	1.01366	3	0	0
1	108000001	1.02604	1.01366	3	0	0
1	108500001	1.0087	1.01366	3	0	0
1	109000001	1.00023	1.01366	3	0	0
1	109500001	1.04828	1.01366	3	0	0
1	110000001	1.02164	1.01366	3	0	0
1	110500001	1.05749	1.01366	3	0	0
1	111000001	1.05284	1.01366	3	0	0
1	111500001	1.13938	1.01366	3	0	0
1	112000001	1.00666	1.01366	3	0	0
1	112500001	0.967715	1.01366	3	0	0
1	113000001	1.11702	1.01366	3	0	0
1	113500001	1.06767	1.01366	3	0	0
1	114000001	1.01366	1.01366	3	0	0
1	114500001	1.00315	1.01366	3	0	0
1	115000001	1.08233	1.01366	3	0	0
1	115500001	1.03225	1.01366	3	0	0
1	116000001	1.08668	1.01366	3	0	0
1	116500001	1.04765	1.01366	3	0	0
1	117000001	0.984643	1.01366	3	0	0
1	117500001	1.01748	1.01366	3	0	0
1	118000001	0.99382	1.01366	3	0	0
1	118500001	1.03675	1.01366	3	0	0
1	119000001	0.975585	1.01366	3	0	0
1	119500001	1.06045	1.01366	3	0	0
1	120000001	0.916441	1.01366	3	0	0
1	120500001	0.668625	1.01366	3	0	0
1	121000001	1.01467	1.01366	3	0	0
1	121500001	1.0444	1.01366	3	0	0
1	122000001	0.987432	1.01366	3	0	0
1	122500001	1.21426	1.28902	4	0	0
1	123000001	1.36378	1.28902	4	0	0
1	123500001	1.60114	1.60114	5	0	0
1	124000001	2.14079	2.14079	6	0	0
1	124500001	2.94384	2.94384	9	0	0
1	125000001	-1	-1	-1	0	0
1	125500001	-1	-1	-1	0	0
1	126000001	-1	-1	-1	0	0
1	126500001	-1	-1	-1	0	0
1	127000001	-1	-1	-1	0	0
1	127500001	-1	-1	-1	0	0
1	128000001	-1	-1	-1	0	0
1	128500001	-1	-1	-1	0	0
1	129000001	-1	-1	-1	0	0
1	129500001	-1	-1	-1	0	0
1	130000001	-1	-1	-1	0	0
1	130500001	-1	-1	-1	0	0
1	131000001	-1	-1	-1	0	0
1	131500001	-1	-1	-1	0	0
1	132000001	-1	-1	-1	0	0
1	132500001	-1	-1	-1	0	0
1	133000001	-1	-1	-1	0	0
1	133500001	-1	-1	-1	0	0
1	134000001	-1	-1	-1	0	0
1	134500001	-1	-1	-1	0	0
1	135000001	-1	-1	-1	0	0
1	135500001	-1	-1	-1	0	0
1	136000001	-1	-1	-1	0	0
1	136500001	-1	-1	-1	0	0
1	137000001	-1	-1	-1	0	0
1	137500001	-1	-1	-1	0	0
1	138000001	-1	-1	-1	0	0
1	138500001	-1	-1	-1	0	0
1	139000001	-1	-1	-1	0	0
1	139500001	-1	-1	-1	0	0
1	140000001	-1	-1	-1	0	0
1	140500001	-1	-1	-1	0	0
1	141000001	-1	-1	-1	0	0
1	141500001	-1	-1	-1	0	0
1	142000001	-1	-1	-1	0	0
1	142500001	-1	-1	-1	0	0
1	143000001	-1	-1	-1	0	0
1	143500001	1.0367	1.02722	3	0	0
1	144000001	1.0285	1.02722	3	0	0
1	144500001	1.01269	1.02722	3	0	0
1	145000001	1.09135	1.02722	3	0	0
1	145500001	1.01444	1.02722	3	0	0
1	146000001	0.980533	1.02722	3	0	0
1	146500001	0.986028	1.02722	3	0	0
1	147000001	1.03697	1.02722	3	0	0
1	147500001	1.05387	1.02722	3	0	0
1	148000001	1.03591	1.02722	3	0	0
1	148500001	1.02609	1.02722	3	0	0
1	149000001	1.14838	1.02722	3	0	0
1	149500001	1.06545	1.02722	3	0	0
1	150000001	0.96253	1.02722	3	0	0
1	150500001	0.978988	1.02722	3	0	0
1	151000001	0.963647	1.02722	3	0	0
1	151500001	1.04571	1.02722	3	0	0
1	152000001	1.05361	1.02722	3	0	0
1	152500001	0.986381	1.02722	3	0	0
1	153000001	1.04574	1.02722	3	0	0
1	153500001	1.01777	1.02722	3	0	0
1	154000001	0.950214	1.02722	3	0	0
1	154500001	1.00805	1.02722	3	0	0
1	155000001	0.974665	1.02722	3	0	0
1	155500001	1.00023	1.02722	3	0	0
1	156000001	1.0668	1.02722	3	0	0
1	156500001	1.03504	1.02722	3	0	0
1	157000001	1.04788	1.02722	3	0	0
1	157500001	0.994949	1.02722	3	0	0
1	158000001	1.01856	1.02722	3	0	0
1	158500001	0.955471	1.02722	3	0	0
1	159000001	1.02256	1.02722	3	0	0
1	159500001	1.02329	1.02722	3	0	0
1	160000001	1.02518	1.02722	3	0	0
1	160500001	1.04678	1.02722	3	0	0
1	161000001	1.11937	1.02722	3	0	0
1	161500001	1.13529	1.02722	3	0	0
1	162000001	1.06788	1.02722	3	0	0
1	162500001	1.04573	1.02722	3	0	0
1	163000001	1.02119	1.02722	3	0	0
1	163500001	1.04515	1.02722	3	0	0
1	164000001	1.014	1.02722	3	0	0
1	164500001	1.02834	1.02722	3	0	0
1	165000001	1.03051	1.02722	3	0	0
1	165500001	1.015	1.02722	3	0	0
1	166000001	0.995588	1.02722	3	0	0
1	166500001	1.01411	1.02722	3	0	0
1	167000001	1.04409	1.02722	3	0	0
1	167500001	1.02987	1.02722	3	0	0
1	168000001	1.00041	1.02722	3	0	0
1	168500001	1.03619	1.02722	3	0	0
1	169000001	1.04007	1.02722	3	0	0
1	169500001	1.31304	1.3068	4	0	0
1	170000001	1.29848	1.3068	4	0	0
1	170500001	1.30057	1.3068	4	0	0
1	171000001	1.36349	1.3068	4	0	0
1	171500001	1.14073	1.00125	3	0	0
1	172000001	1.03861	1.00125	3	0	0
1	172500001	1.07836	1.00125	3	0	0
1	173000001	1.06173	1.00125	3	0	0
1	173500001	0.991804	1.00125	3	0	0
1	174000001	0.974652	1.00125	3	0	0
1	174500001	0.941108	1.00125	3	0	0
1	175000001	0.978996	1.00125	3	0	0
1	175500001	0.987307	1.00125	3	0	0
1	176000001	0.982589	1.00125	3	0	0
1	176500001	0.989812	1.00125	3	0	0
1	177000001	1.04683	1.00125	3	0	0
1	177500001	0.991677	1.00125	3	0	0
1	178000001	1.05552	1.00125	3	0	0
1	178500001	1.0207	1.00125	3	0	0
1	179000001	1.00954	1.00125	3	0	0
1	179500001	1.00125	1.00125	3	0	0
1	180000001	1.01643	1.00125	3	0	0
1	180500001	1.01569	1.00125	3	0	0
1	181000001	1.05902	1.00125	3	0	0
1	181500001	1.03879	1.00125	3	0	0
1	182000001	0.982402	1.00125	3	0	0
1	182500001	1.02532	1.00125	3	0	0
1	183000001	1.00357	1.00125	3	0	0
1	183500001	1.03045	1.00125	3	0	0
1	184000001	1.04234	1.00125	3	0	0
1	184500001	0.996543	1.00125	3	0	0
1	185000001	0.995026	1.00125	3	0	0
1	185500001	0.997922	1.00125	3	0	0
1	186000001	0.986656	1.00125	3	0	0
1	186500001	0.99072	1.00125	3	0	0
1	187000001	1.02356	1.00125	3	0	0
1	187500001	1.00271	1.00125	3	0	0
1	188000001	1.0189	1.00125	3	0	0
1	188500001	0.991098	1.00125	3	0	0
1	189000001	1.0003	1.00125	3	0	0
1	189500001	1.02547	1.00125	3	0	0
1	190000001	1.03752	1.00125	3	0	0
1	190500001	1.01817	1.00125	3	0	0
1	191000001	0.978044	1.00125	3	0	0
1	191500001	0.992374	1.00125	3	0	0
1	192000001	1.06839	1.00125	3	0	0
1	192500001	0.960841	1.00125	3	0	0
1	193000001	0.996648	1.00125	3	0	0
1	193500001	0.975369	1.00125	3	0	0
1	194000001	1.01059	1.00125	3	0	0
1	194500001	1.02367	1.00125	3	0	0
1	195000001	1.00343	1.00125	3	0	0
1	195500001	0.992208	1.00125	3	0	0
1	196000001	1.00092	1.00125	3	0	0
1	196500001	1.03907	1.00125	3	0	0
1	197000001	0.988972	1.00125	3	0	0
1	197500001	1.02444	1.00125	3	0	0
1	198000001	1.00311	1.00125	3	0	0
1	198500001	1.05067	1.00125	3	0	0
1	199000001	0.99372	1.00125	3	0	0
1	199500001	0.985477	1.00125	3	0	0
1	200000001	0.969159	1.00125	3	0	0
1	200500001	0.981804	1.00125	3	0	0
1	201000001	1.0477	1.00125	3	0	0
1	201500001	1.03133	1.00125	3	0	0
1	202000001	1.03553	1.00125	3	0	0
1	202500001	1.02576	1.00125	3	0	0
1	203000001	1.0524	1.00125	3	0	0
1	203500001	0.964432	1.00125	3	0	0
1	204000001	1.07374	1.00125	3	0	0
1	204500001	1.05118	1.00125	3	0	0
1	205000001	1.00888	1.00125	3	0	0
1	205500001	0.996197	1.00125	3	0	0
1	206000001	1.07652	1.00125	3	0	0
1	206500001	1.03829	1.00125	3	0	0
1	207000001	1.0649	1.00125	3	0	0
1	207500001	0.953946	1.00125	3	0	0
1	208000001	1.02135	1.00125	3	0	0
1	208500001	1.01357	1.00125	3	0	0
1	209000001	1.02349	1.00125	3	0	0
1	209500001	1.05183	1.00125	3	0	0
1	210000001	0.982171	1.00125	3	0	0
1	210500001	1.01645	1.00125	3	0	0
1	211000001	1.00111	1.00125	3	0	0
1	211500001	1.02241	1.00125	3	0	0
1	212000001	0.991029	1.00125	3	0	0
1	212500001	0.982316	1.00125	3	0	0
1	213000001	1.05694	1.00125	3	0	0
1	213500001	1.02547	1.00125	3	0	0
1	214000001	1.02852	1.00125	3	0	0
1	214500001	1.01678	1.00125	3	0	0
1	215000001	0.981048	1.00125	3	0	0
1	215500001	0.987061	1.00125	3	0	0
1	216000001	0.967762	1.00125	3	0	0
1	216500001	0.976567	1.00125	3	0	0
1	217000001	0.973407	1.00125	3	0	0
1	217500001	0.94942	1.00125	3	0	0
1	218000001	1.0515	1.00125	3	0	0
1	218500001	1.05781	1.00125	3	0	0
1	219000001	1.02094	1.00125	3	0	0
1	219500001	1.00749	1.00125	3	0	0
1	220000001	0.994823	1.00125	3	0	0
1	220500001	0.963229	1.00125	3	0	0
1	221000001	1.03638	1.00125	3	0	0
1	221500001	1.03522	1.00125	3	0	0
1	222000001	1.05678	1.00125	3	0	0
1	222500001	0.97943	1.00125	3	0	0
1	223000001	1.03794	1.00125	3	0	0
1	223500001	1.0045	1.00125	3	0	0
1	224000001	0.999797	1.00125	3	0	0
1	224500001	1.00801	1.00125	3	0	0
1	225000001	1.01567	1.00125	3	0	0
1	225500001	0.971205	1.00125	3	0	0
1	226000001	0.965191	1.00125	3	0	0
1	226500001	1.02261	1.00125	3	0	0
1	227000001	1.01035	1.00125	3	0	0
1	227500001	0.974016	1.00125	3	0	0
1	228000001	1.00882	1.00125	3	0	0
1	228500001	1.2113	1.00125	3	0	0
1	229000001	0.979329	1.00125	3	0	0
1	229500001	0.986877	1.00125	3	0	0
1	230000001	1.03852	1.00125	3	0	0
1	230500001	0.974725	1.00125	3	0	0
1	231000001	0.978131	1.00125	3	0	0
1	231500001	1.01338	1.00125	3	0	0
1	232000001	0.951386	1.00125	3	0	0
1	232500001	0.980873	1.00125	3	0	0
1	233000001	1.01981	1.00125	3	0	0
1	233500001	1.03713	1.00125	3	0	0
1	234000001	1.01757	1.00125	3	0	0
1	234500001	1.0404	1.00125	3	0	0
1	235000001	0.959352	1.00125	3	0	0
1	235500001	1.01172	1.00125	3	0	0
1	236000001	0.938797	1.00125	3	0	0
1	236500001	0.998771	1.00125	3	0	0
1	237000001	0.962607	1.00125	3	0	0
1	237500001	0.941909	1.00125	3	0	0
1	238000001	0.969717	1.00125	3	0	0
1	238500001	1.00025	1.00125	3	0	0
1	239000001	0.964325	1.00125	3	0	0
1	239500001	0.953866	1.00125	3	0	0
1	240000001	0.959589	1.00125	3	0	0
1	240500001	0.958953	1.00125	3	0	0
1	241000001	0.978067	1.00125	3	0	0
1	241500001	0.966678	1.00125	3	0	0
1	242000001	0.94629	1.00125	3	0	0
1	242500001	0.978022	1.00125	3	0	0
1	243000001	0.974948	1.00125	3	0	0
1	243500001	1.02938	1.00125	3	0	0
1	244000001	0.979333	1.00125	3	0	0
1	244500001	0.96302	1.00125	3	0	0
1	245000001	1.00605	1.00125	3	0	0
1	245500001	0.987664	1.00125	3	0	0
1	246000001	0.976434	1.00125	3	0	0
1	246500001	1.00955	1.00125	3	0	0
1	247000001	0.994397	1.00125	3	0	0
1	247500001	0.933216	1.00125	3	0	0
1	248000001	1.08669	1.00125	3	0	0
1	248500001	0.848011	1.00125	3	0	0
10	1	1.03008	0.992457	3	0	0
10	500001	0.992769	0.992457	3	0	0
10	1000001	1.03037	0.992457	3	0	0
10	1500001	0.981255	0.992457	3	0	0
10	2000001	0.930116	0.992457	3	0	0
10	2500001	0.954195	0.992457	3	0	0
10	3000001	1.00346	0.992457	3	0	0
10	3500001	1.04622	0.992457	3	0	0
10	4000001	0.991986	0.992457	3	0	0
10	4500001	1.04407	0.992457	3	0	0
10	5000001	1.0394	0.992457	3	0	0
10	5500001	0.974554	0.992457	3	0	0
10	6000001	0.992457	0.992457	3	0	0
10	6500001	0.992918	0.992457	3	0	0
10	7000001	0.966703	0.992457	3	0	0
10	7500001	0.952386	0.992457	3	0	0
10	8000001	0.947226	0.992457	3	0	0
10	8500001	0.962244	0.992457	3	0	0
10	9000001	0.979188	0.992457	3	0	0
10	9500001	1.01104	0.992457	3	0	0
10	10000001	1.00242	0.992457	3	0	0
10	10500001	0.975931	0.992457	3	0	0
10	11000001	1.0118	0.992457	3	0	0
10	11500001	1.00271	0.992457	3	0	0
10	12000001	0.976582	0.992457	3	0	0
10	12500001	0.972068	0.992457	3	0	0
10	13000001	1.0224	0.992457	3	0	0
10	13500001	1.01135	0.992457	3	0	0
10	14000001	1.01577	0.992457	3	0	0
10	14500001	1.00403	0.992457	3	0	0
10	15000001	0.951842	0.992457	3	0	0
10	15500001	1.02356	0.992457	3	0	0
10	16000001	0.974071	0.992457	3	0	0
10	16500001	1.00993	0.992457	3	0	0
10	17000001	1.02737	0.992457	3	0	0
10	17500001	0.993182	0.992457	3	0	0
10	18000001	0.958815	0.992457	3	0	0
10	18500001	1.00605	0.992457	3	0	0
10	19000001	0.973809	0.992457	3	0	0
10	19500001	0.914939	0.992457	3	0	0
10	20000001	0.968723	0.992457	3	0	0
10	20500001	0.996344	0.992457	3	0	0
10	21000001	0.948419	0.992457	3	0	0
10	21500001	0.959512	0.992457	3	0	0
10	22000001	0.987563	0.992457	3	0	0
10	22500001	1.0049	0.992457	3	0	0
10	23000001	0.943947	0.992457	3	0	0
10	23500001	1.00107	0.992457	3	0	0
10	24000001	0.992272	0.992457	3	0	0
10	24500001	1.00587	0.992457	3	0	0
10	25000001	0.981464	0.992457	3	0	0
10	25500001	0.970392	0.992457	3	0	0
10	26000001	1.00242	0.992457	3	0	0
10	26500001	1.00575	0.992457	3	0	0
10	27000001	0.977578	0.992457	3	0	0
10	27500001	0.959153	0.992457	3	0	0
10	28000001	0.965414	0.992457	3	0	0
10	28500001	0.978463	0.992457	3	0	0
10	29000001	1.02319	0.992457	3	0	0
10	29500001	1.02429	0.992457	3	0	0
10	30000001	0.942918	0.992457	3	0	0
10	30500001	0.970931	0.992457	3	0	0
10	31000001	0.998318	0.992457	3	0	0
10	31500001	1.03167	0.992457	3	0	0
10	32000001	0.994315	0.992457	3	0	0
10	32500001	1.05013	0.992457	3	0	0
10	33000001	1.03897	0.992457	3	0	0
10	33500001	1.03423	0.992457	3	0	0
10	34000001	0.996637	0.992457	3	0	0
10	34500001	0.973529	0.992457	3	0	0
10	35000001	0.980859	0.992457	3	0	0
10	35500001	0.99564	0.992457	3	0	0
10	36000001	0.951914	0.992457	3	0	0
10	36500001	0.920437	0.992457	3	0	0
10	37000001	0.981256	0.992457	3	0	0
10	37500001	0.967975	0.992457	3	0	0
10	38000001	0.998613	0.992457	3	0	0
10	38500001	1.22033	1.22033	4	0	0
10	39000001	1.07568	1.07568	3	0	0
10	39500001	0.388905	0.388905	1	0	0
10	40000001	1.13838	1.13838	3	0	0
10	40500001	1.41035	1.41035	4	0	0
10	41000001	0.744665	0.744665	2	0	0
10	41500001	-1	-1	-1	0	0
10	42000001	2.94107	2.94107	9	0	0
10	42500001	1.01342	1.00054	3	0	0
10	43000001	0.968254	1.00054	3	0	0
10	43500001	1.01209	1.00054	3	0	0
10	44000001	0.998549	1.00054	3	0	0
10	44500001	1.02395	1.00054	3	0	0
10	45000001	1.0345	1.00054	3	0	0
10	45500001	0.981911	1.00054	3	0	0
10	46000001	0.994896	1.00054	3	0	0
10	46500001	1.17802	1.00054	3	0	0
10	47000001	1.07241	1.00054	3	0	0
10	47500001	-1	1.00054	3	0	0
10	48000001	0.970187	1.00054	3	0	0
10	48500001	1.05947	1.00054	3	0	0
10	49000001	1.01919	1.00054	3	0	0
10	49500001	0.979213	1.00054	3	0	0
10	50000001	0.969469	1.00054	3	0	0
10	50500001	1.03459	1.00054	3	0	0
10	51000001	0.985185	1.00054	3	0	0
10	51500001	0.965749	1.00054	3	0	0
10	52000001	1.00872	1.00054	3	0	0
10	52500001	1.02385	1.00054	3	0	0
10	53000001	0.988182	1.00054	3	0	0
10	53500001	0.98702	1.00054	3	0	0
10	54000001	0.99248	1.00054	3	0	0
10	54500001	0.988837	1.00054	3	0	0
10	55000001	0.981768	1.00054	3	0	0
10	55500001	1.02727	1.00054	3	0	0
10	56000001	0.998684	1.00054	3	0	0
10	56500001	0.992128	1.00054	3	0	0
10	57000001	0.984195	1.00054	3	0	0
10	57500001	1.00034	1.00054	3	0	0
10	58000001	0.997145	1.00054	3	0	0
10	58500001	1.05085	1.00054	3	0	0
10	59000001	0.945586	1.00054	3	0	0
10	59500001	0.994388	1.00054	3	0	0
10	60000001	0.980942	1.00054	3	0	0
10	60500001	0.992954	1.00054	3	0	0
10	61000001	1.0191	1.00054	3	0	0
10	61500001	0.993854	1.00054	3	0	0
10	62000001	1.01656	1.00054	3	0	0
10	62500001	1.01095	1.00054	3	0	0
10	63000001	0.980674	1.00054	3	0	0
10	63500001	1.00966	1.00054	3	0	0
10	64000001	1.00389	1.00054	3	0	0
10	64500001	1.07238	1.00054	3	0	0
10	65000001	0.98959	1.00054	3	0	0
10	65500001	0.991247	1.00054	3	0	0
10	66000001	0.999713	1.00054	3	0	0
10	66500001	1.01629	1.00054	3	0	0
10	67000001	1.00665	1.00054	3	0	0
10	67500001	1.01458	1.00054	3	0	0
10	68000001	0.997242	1.00054	3	0	0
10	68500001	0.92653	1.00054	3	0	0
10	69000001	0.991411	1.00054	3	0	0
10	69500001	1.02725	1.00054	3	0	0
10	70000001	1.0115	1.00054	3	0	0
10	70500001	1.0196	1.00054	3	0	0
10	71000001	1.02545	1.00054	3	0	0
10	71500001	1.00585	1.00054	3	0	0
10	72000001	0.985781	1.00054	3	0	0
10	72500001	0.994658	1.00054	3	0	0
10	73000001	1.00471	1.00054	3	0	0
10	73500001	1.01329	1.00054	3	0	0
10	74000001	0.995485	1.00054	3	0	0
10	74500001	1.0043	1.00054	3	0	0
10	75000001	1.03329	1.00054	3	0	0
10	75500001	1.00354	1.00054	3	0	0
10	76000001	0.938605	1.00054	3	0	0
10	76500001	1.00963	1.00054	3	0	0
10	77000001	1.02774	1.00054	3	0	0
10	77500001	1.01926	1.00054	3	0	0
10	78000001	1.01761	1.00054	3	0	0
10	78500001	1.05789	1.00054	3	0	0
10	79000001	1.08182	1.00054	3	0	0
10	79500001	0.89047	1.00054	3	0	0
10	80000001	0.952881	1.00054	3	0	0
10	80500001	1.02729	1.00054	3	0	0
10	81000001	0.975385	1.00054	3	0	0
10	81500001	1.00654	1.00054	3	0	0
10	82000001	0.988947	1.00054	3	0	0
10	82500001	0.966667	1.00054	3	0	0
10	83000001	0.956386	1.00054	3	0	0
10	83500001	0.994874	1.00054	3	0	0
10	84000001	0.987765	1.00054	3	0	0
10	84500001	1.01955	1.00054	3	0	0
10	85000001	0.953424	1.00054	3	0	0
10	85500001	0.980155	1.00054	3	0	0
10	86000001	1.02786	1.00054	3	0	0
10	86500001	0.973021	1.00054	3	0	0
10	87000001	0.976131	1.00054	3	0	0
10	87500001	1.05854	1.00054	3	0	0
10	88000001	1.05051	1.00054	3	0	0
10	88500001	1.0381	1.00054	3	0	0
10	89000001	1.02723	1.00054	3	0	0
10	89500001	1.01658	1.00054	3	0	0
10	90000001	0.992826	1.00054	3	0	0
10	90500001	1.05106	1.00054	3	0	0
10	91000001	1.05458	1.00054	3	0	0
10	91500001	1.01609	1.00054	3	0	0
10	92000001	0.953284	1.00054	3	0	0
10	92500001	0.980896	1.00054	3	0	0
10	93000001	1.03698	1.00054	3	0	0
10	93500001	0.9933	1.00054	3	0	0
10	94000001	1.01154	1.00054	3	0	0
10	94500001	1.02981	1.00054	3	0	0
10	95000001	1.11709	1.00054	3	0	0
10	95500001	0.995309	1.00054	3	0	0
10	96000001	0.970227	1.00054	3	0	0
10	96500001	0.963868	1.00054	3	0	0
10	97000001	1.01361	1.00054	3	0	0
10	97500001	1.03573	1.00054	3	0	0
10	98000001	1.05094	1.00054	3	0	0
10	98500001	1.00324	1.00054	3	0	0
10	99000001	1.00327	1.00054	3	0	0
10	99500001	0.995608	1.00054	3	0	0
10	100000001	0.946132	1.00054	3	0	0
10	100500001	0.949958	1.00054	3	0	0
10	101000001	0.988639	1.00054	3	0	0
10	101500001	0.93889	1.00054	3	0	0
10	102000001	0.984507	1.00054	3	0	0
10	102500001	1.03584	1.00054	3	0	0
10	103000001	1.00865	1.00054	3	0	0
10	103500001	1.00815	1.00054	3	0	0
10	104000001	1.07399	1.00054	3	0	0
10	104500001	1.00126	1.00054	3	0	0
10	105000001	1.00217	1.00054	3	0	0
10	105500001	1.00626	1.00054	3	0	0
10	106000001	0.946808	1.00054	3	0	0
10	106500001	0.958603	1.00054	3	0	0
10	107000001	0.941199	1.00054	3	0	0
10	107500001	0.956944	1.00054	3	0	0
10	108000001	1.02952	1.00054	3	0	0
10	108500001	0.974594	1.00054	3	0	0
10	109000001	0.981612	1.00054	3	0	0
10	109500001	1.01233	1.00054	3	0	0
10	110000001	0.996214	1.00054	3	0	0
10	110500001	1.0454	1.00054	3	0	0
10	111000001	0.989563	1.00054	3	0	0
10	111500001	1.00054	1.00054	3	0	0
10	112000001	1.02899	1.00054	3	0	0
10	112500001	0.963116	1.00054	3	0	0
10	113000001	1.02083	1.00054	3	0	0
10	113500001	1.0132	1.00054	3	0	0
10	114000001	1.02928	1.00054	3	0	0
10	114500001	0.978345	1.00054	3	0	0
10	115000001	1.05664	1.00054	3	0	0
10	115500001	1.00291	1.00054	3	0	0
10	116000001	1.00043	1.00054	3	0	0
10	116500001	1.00182	1.00054	3	0	0
10	117000001	0.998767	1.00054	3	0	0
10	117500001	0.953354	1.00054	3	0	0
10	118000001	0.991461	1.00054	3	0	0
10	118500001	1.05655	1.00054	3	0	0
10	119000001	0.992602	1.00054	3	0	0
10	119500001	1.004	1.00054	3	0	0
10	120000001	1.04347	1.00054	3	0	0
10	120500001	1.04159	1.00054	3	0	0
10	121000001	0.969529	1.00054	3	0	0
10	121500001	0.990236	1.00054	3	0	0
10	122000001	0.978679	1.00054	3	0	0
10	122500001	1.02685	1.00054	3	0	0
10	123000001	1.0046	1.00054	3	0	0
10	123500001	1.02048	1.00054	3	0	0
10	124000001	0.990977	1.00054	3	0	0
10	124500001	0.976351	1.00054	3	0	0
10	125000001	1.02224	1.00054	3	0	0
10	125500001	1.03256	1.00054	3	0	0
10	126000001	1.04675	1.00054	3	0	0
10	126500001	1.01461	1.00054	3	0	0
10	127000001	0.989168	1.00054	3	0	0
10	127500001	0.975949	1.00054	3	0	0
10	128000001	1.03012	1.00054	3	0	0
10	128500001	0.962228	1.00054	3	0	0
10	129000001	0.990648	1.00054	3	0	0
10	129500001	0.978258	1.00054	3	0	0
10	130000001	0.978585	1.00054	3	0	0
10	130500001	0.976631	1.00054	3	0	0
10	131000001	1.01075	1.00054	3	0	0
10	131500001	0.979088	1.00054	3	0	0
10	132000001	0.976223	1.00054	3	0	0
10	132500001	0.981559	1.00054	3	0	0
10	133000001	1.13663	1.00054	3	0	0
10	133500001	-1	-1	-1	0	0
11	1	0.959936	1.00911	3	0	0
11	500001	1.09604	1.00911	3	0	0
11	1000001	1.14916	1.00911	3	0	0
11	1500001	0.985899	1.00911	3	0	0
11	2000001	1.02136	1.00911	3	0	0
11	2500001	0.984825	1.00911	3	0	0
11	3000001	0.886898	1.00911	3	0	0
11	3500001	1.01658	1.00911	3	0	0
11	4000001	1.01503	1.00911	3	0	0
11	4500001	0.978438	1.00911	3	0	0
11	5000001	0.995025	1.00911	3	0	0
11	5500001	0.947186	1.00911	3	0	0
11	6000001	1.00447	1.00911	3	0	0
11	6500001	1.04559	1.00911	3	0	0
11	7000001	1.00556	1.00911	3	0	0
11	7500001	1.03404	1.00911	3	0	0
11	8000001	1.03303	1.00911	3	0	0
11	8500001	1.00466	1.00911	3	0	0
11	9000001	0.970335	1.00911	3	0	0
11	9500001	1.03157	1.00911	3	0	0
11	10000001	0.972163	1.00911	3	0	0
11	10500001	1.02704	1.00911	3	0	0
11	11000001	1.06764	1.00911	3	0	0
11	11500001	1.07848	1.00911	3	0	0
11	12000001	1.03129	1.00911	3	0	0
11	12500001	1.01907	1.00911	3	0	0
11	13000001	1.07549	1.00911	3	0	0
11	13500001	1.04099	1.00911	3	0	0
11	14000001	1.06184	1.00911	3	0	0
11	14500001	1.06515	1.00911	3	0	0
11	15000001	1.01295	1.00911	3	0	0
11	15500001	1.01013	1.00911	3	0	0
11	16000001	1.00567	1.00911	3	0	0
11	16500001	1.01061	1.00911	3	0	0
11	17000001	1.00566	1.00911	3	0	0
11	17500001	1.00593	1.00911	3	0	0
11	18000001	0.989137	1.00911	3	0	0
11	18500001	1.06273	1.00911	3	0	0
11	19000001	1.02713	1.00911	3	0	0
11	19500001	1.03023	1.00911	3	0	0
11	20000001	0.985318	1.00911	3	0	0
11	20500001	0.989389	1.00911	3	0	0
11	21000001	1.01302	1.00911	3	0	0
11	21500001	0.955438	1.00911	3	0	0
11	22000001	0.952414	1.00911	3	0	0
11	22500001	1.01086	1.00911	3	0	0
11	23000001	0.988825	1.00911	3	0	0
11	23500001	0.958608	1.00911	3	0	0
11	24000001	1.00911	1.00911	3	0	0
11	24500001	0.958567	1.00911	3	0	0
11	25000001	0.983432	1.00911	3	0	0
11	25500001	0.961964	1.00911	3	0	0
11	26000001	0.95762	1.00911	3	0	0
11	26500001	1.04235	1.00911	3	0	0
11	27000001	1.0186	1.00911	3	0	0
11	27500001	1.04861	1.00911	3	0	0
11	28000001	1.03537	1.00911	3	0	0
11	28500001	1.04821	1.00911	3	0	0
11	29000001	1.02933	1.00911	3	0	0
11	29500001	1.02702	1.00911	3	0	0
11	30000001	0.957224	1.00911	3	0	0
11	30500001	0.992085	1.00911	3	0	0
11	31000001	1.00866	1.00911	3	0	0
11	31500001	0.99661	1.00911	3	0	0
11	32000001	1.02879	1.00911	3	0	0
11	32500001	0.975346	1.00911	3	0	0
11	33000001	0.947119	1.00911	3	0	0
11	33500001	1.03255	1.00911	3	0	0
11	34000001	1.05704	1.00911	3	0	0
11	34500001	1.0299	1.00911	3	0	0
11	35000001	1.07521	1.00911	3	0	0
11	35500001	1.03113	1.00911	3	0	0
11	36000001	1.02703	1.00911	3	0	0
11	36500001	1.03718	1.00911	3	0	0
11	37000001	1.00915	1.00911	3	0	0
11	37500001	0.968797	1.00911	3	0	0
11	38000001	0.978141	1.00911	3	0	0
11	38500001	0.981704	1.00911	3	0	0
11	39000001	0.982311	1.00911	3	0	0
11	39500001	0.987851	1.00911	3	0	0
11	40000001	0.999686	1.00911	3	0	0
11	40500001	0.993096	1.00911	3	0	0
11	41000001	0.955612	1.00911	3	0	0
11	41500001	0.977055	1.00911	3	0	0
11	42000001	0.955557	1.00911	3	0	0
11	42500001	0.999354	1.00911	3	0	0
11	43000001	1.00307	1.00911	3	0	0
11	43500001	1.01038	1.00911	3	0	0
11	44000001	1.0164	1.00911	3	0	0
11	44500001	1.04455	1.00911	3	0	0
11	45000001	1.03228	1.00911	3	0	0
11	45500001	1.01205	1.00911	3	0	0
11	46000001	1.08219	1.00911	3	0	0
11	46500001	0.959726	1.00911	3	0	0
11	47000001	0.987	1.00911	3	0	0
11	47500001	0.983649	1.00911	3	0	0
11	48000001	1.06426	1.00911	3	0	0
11	48500001	1.06223	1.00911	3	0	0
11	49000001	0.972916	1.00911	3	0	0
11	49500001	0.952213	1.00911	3	0	0
11	50000001	1.00223	1.00911	3	0	0
11	50500001	-1	-1	-1	0	0
11	51000001	-1	-1	-1	0	0
11	51500001	1.33812	1.23762	4	0	0
11	52000001	1.13713	1.23762	4	0	0
11	52500001	0.907484	0.889881	3	0	0
11	53000001	0.889881	0.889881	3	0	0
11	53500001	0.869066	0.889881	3	0	0
11	54000001	-1	-1	3	0	0
11	54500001	1.06715	1.019	3	0	0
11	55000001	1.05055	1.019	3	0	0
11	55500001	0.943673	1.019	3	0	0
11	56000001	1.04409	1.019	3	0	0
11	56500001	1.01858	1.019	3	0	0
11	57000001	1.00769	1.019	3	0	0
11	57500001	1.04033	1.019	3	0	0
11	58000001	0.976691	1.019	3	0	0
11	58500001	0.99718	1.019	3	0	0
11	59000001	1.05755	1.019	3	0	0
11	59500001	1.03836	1.019	3	0	0
11	60000001	1.00152	1.019	3	0	0
11	60500001	1.0203	1.019	3	0	0
11	61000001	0.934864	1.019	3	0	0
11	61500001	1.01323	1.019	3	0	0
11	62000001	1.02829	1.019	3	0	0
11	62500001	1.019	1.019	3	0	0
11	63000001	1.2206	1.33242	4	0	0
11	63500001	1.31349	1.33242	4	0	0
11	64000001	1.42523	1.33242	4	0	0
11	64500001	1.34766	1.33242	4	0	0
11	65000001	1.32281	1.33242	4	0	0
11	65500001	1.36465	1.33242	4	0	0
11	66000001	1.33681	1.33242	4	0	0
11	66500001	1.36219	1.33242	4	0	0
11	67000001	1.35667	1.33242	4	0	0
11	67500001	1.34017	1.33242	4	0	0
11	68000001	1.26122	1.33242	4	0	0
11	68500001	1.32803	1.33242	4	0	0
11	69000001	1.3941	1.33242	4	0	0
11	69500001	1.3372	1.33242	4	0	0
11	70000001	1.31639	1.33242	4	0	0
11	70500001	1.31011	1.33242	4	0	0
11	71000001	1.30925	1.33242	4	0	0
11	71500001	1.21935	1.33242	4	0	0
11	72000001	0.9978	1.00039	3	0	0
11	72500001	1.04783	1.00039	3	0	0
11	73000001	1.03441	1.00039	3	0	0
11	73500001	0.982693	1.00039	3	0	0
11	74000001	1.06641	1.00039	3	0	0
11	74500001	1.03366	1.00039	3	0	0
11	75000001	1.02739	1.00039	3	0	0
11	75500001	1.01982	1.00039	3	0	0
11	76000001	0.988174	1.00039	3	0	0
11	76500001	1.00559	1.00039	3	0	0
11	77000001	1.01943	1.00039	3	0	0
11	77500001	0.973583	1.00039	3	0	0
11	78000001	1.00708	1.00039	3	0	0
11	78500001	1.00486	1.00039	3	0	0
11	79000001	0.955265	1.00039	3	0	0
11	79500001	1.00873	1.00039	3	0	0
11	80000001	0.983958	1.00039	3	0	0
11	80500001	0.976255	1.00039	3	0	0
11	81000001	0.975996	1.00039	3	0	0
11	81500001	0.97716	1.00039	3	0	0
11	82000001	0.994335	1.00039	3	0	0
11	82500001	1.04413	1.00039	3	0	0
11	83000001	0.994664	1.00039	3	0	0
11	83500001	0.998215	1.00039	3	0	0
11	84000001	0.977961	1.00039	3	0	0
11	84500001	0.986559	1.00039	3	0	0
11	85000001	1.0177	1.00039	3	0	0
11	85500001	1.02868	1.00039	3	0	0
11	86000001	0.992004	1.00039	3	0	0
11	86500001	1.00256	1.00039	3	0	0
11	87000001	0.95957	1.00039	3	0	0
11	87500001	1.00557	1.00039	3	0	0
11	88000001	0.98816	1.00039	3	0	0
11	88500001	1.16465	1.00039	3	0	0
11	89000001	1.33636	1.34133	4	0	0
11	89500001	1.33819	1.34133	4	0	0
11	90000001	1.21875	1.34133	4	0	0
11	90500001	1.32158	1.34133	4	0	0
11	91000001	1.33836	1.34133	4	0	0
11	91500001	1.3421	1.34133	4	0	0
11	92000001	1.30228	1.34133	4	0	0
11	92500001	1.2665	1.34133	4	0	0
11	93000001	1.35972	1.34133	4	0	0
11	93500001	1.39638	1.34133	4	0	0
11	94000001	1.39734	1.34133	4	0	0
11	94500001	1.38816	1.34133	4	0	0
11	95000001	1.38761	1.34133	4	0	0
11	95500001	1.35892	1.34133	4	0	0
11	96000001	1.36556	1.34133	4	0	0
11	96500001	1.37298	1.34133	4	0	0
11	97000001	1.35185	1.34133	4	0	0
11	97500001	1.32217	1.34133	4	0	0
11	98000001	1.26784	1.34133	4	0	0
11	98500001	1.31514	1.34133	4	0	0
11	99000001	1.32546	1.34133	4	0	0
11	99500001	1.31385	1.34133	4	0	0
11	100000001	1.3611	1.34133	4	0	0
11	100500001	1.29479	1.34133	4	0	0
11	101000001	1.3203	1.34133	4	0	0
11	101500001	1.35069	1.34133	4	0	0
11	102000001	1.3454	1.34133	4	0	0
11	102500001	1.36144	1.34133	4	0	0
11	103000001	1.3689	1.34133	4	0	0
11	103500001	1.3092	1.34133	4	0	0
11	104000001	1.29004	1.34133	4	0	0
11	104500001	1.3003	1.34133	4	0	0
11	105000001	1.32283	1.34133	4	0	0
11	105500001	1.32702	1.34133	4	0	0
11	106000001	1.32846	1.34133	4	0	0
11	106500001	1.34601	1.34133	4	0	0
11	107000001	1.34208	1.34133	4	0	0
11	107500001	1.27694	1.34133	4	0	0
11	108000001	1.32255	1.34133	4	0	0
11	108500001	1.3574	1.34133	4	0	0
11	109000001	1.32842	1.34133	4	0	0
11	109500001	1.38327	1.34133	4	0	0
11	110000001	1.31991	1.34133	4	0	0
11	110500001	1.36613	1.34133	4	0	0
11	111000001	1.3323	1.34133	4	0	0
11	111500001	1.34338	1.34133	4	0	0
11	112000001	1.33571	1.34133	4	0	0
11	112500001	1.31865	1.34133	4	0	0
11	113000001	1.39138	1.34133	4	0	0
11	113500001	1.30089	1.34133	4	0	0
11	114000001	1.36619	1.34133	4	0	0
11	114500001	1.32475	1.34133	4	0	0
11	115000001	1.34128	1.34133	4	0	0
11	115500001	1.33914	1.34133	4	0	0
11	116000001	1.36949	1.34133	4	0	0
11	116500001	1.39508	1.34133	4	0	0
11	117000001	1.34769	1.34133	4	0	0
11	117500001	1.35245	1.34133	4	0	0
11	118000001	1.4089	1.34133	4	0	0
11	118500001	1.3096	1.34133	4	0	0
11	119000001	1.34061	1.34133	4	0	0
11	119500001	1.40545	1.34133	4	0	0
11	120000001	1.39095	1.34133	4	0	0
11	120500001	1.37392	1.34133	4	0	0
11	121000001	1.31102	1.34133	4	0	0
11	121500001	1.34869	1.34133	4	0	0
11	122000001	1.31688	1.34133	4	0	0
11	122500001	1.38226	1.34133	4	0	0
11	123000001	1.34731	1.34133	4	0	0
11	123500001	1.32052	1.34133	4	0	0
11	124000001	1.34133	1.34133	4	0	0
11	124500001	1.34219	1.34133	4	0	0
11	125000001	1.37104	1.34133	4	0	0
11	125500001	1.32098	1.34133	4	0	0
11	126000001	1.33771	1.34133	4	0	0
11	126500001	1.40164	1.34133	4	0	0
11	127000001	1.33832	1.34133	4	0	0
11	127500001	1.33896	1.34133	4	0	0
11	128000001	1.34769	1.34133	4	0	0
11	128500001	1.34994	1.34133	4	0	0
11	129000001	1.37597	1.34133	4	0	0
11	129500001	1.35366	1.34133	4	0	0
11	130000001	1.33991	1.34133	4	0	0
11	130500001	1.39457	1.34133	4	0	0
11	131000001	1.35845	1.34133	4	0	0
11	131500001	1.33551	1.34133	4	0	0
11	132000001	1.33798	1.34133	4	0	0
11	132500001	1.2865	1.29399	4	0	0
11	133000001	1.30147	1.29399	4	0	0
11	133500001	1.30362	1.29399	4	0	0
11	134000001	1.2809	1.29399	4	0	0
11	134500001	1.35747	1.29399	4	0	0
11	135000001	0.211952	1.29399	4	0	0
12	1	0.798485	0.664761	2	0	0
12	500001	0.652842	0.664761	2	0	0
12	1000001	0.648798	0.664761	2	0	0
12	1500001	0.690793	0.664761	2	0	0
12	2000001	0.708722	0.664761	2	0	0
12	2500001	0.701818	0.664761	2	0	0
12	3000001	0.704129	0.664761	2	0	0
12	3500001	0.655934	0.664761	2	0	0
12	4000001	0.633239	0.664761	2	0	0
12	4500001	0.657626	0.664761	2	0	0
12	5000001	0.71293	0.664761	2	0	0
12	5500001	0.690428	0.664761	2	0	0
12	6000001	0.648258	0.664761	2	0	0
12	6500001	0.671841	0.664761	2	0	0
12	7000001	0.668075	0.664761	2	0	0
12	7500001	0.602397	0.664761	2	0	0
12	8000001	0.625684	0.664761	2	0	0
12	8500001	0.641758	0.664761	2	0	0
12	9000001	0.59873	0.664761	2	0	0
12	9500001	0.668668	0.664761	2	0	0
12	10000001	0.690904	0.664761	2	0	0
12	10500001	0.714319	0.664761	2	0	0
12	11000001	0.731174	0.664761	2	0	0
12	11500001	0.684716	0.664761	2	0	0
12	12000001	0.638529	0.664761	2	0	0
12	12500001	0.682278	0.664761	2	0	0
12	13000001	0.730709	0.664761	2	0	0
12	13500001	0.690695	0.664761	2	0	0
12	14000001	0.6945	0.664761	2	0	0
12	14500001	0.660543	0.664761	2	0	0
12	15000001	0.6848	0.664761	2	0	0
12	15500001	0.678621	0.664761	2	0	0
12	16000001	0.679342	0.664761	2	0	0
12	16500001	0.67378	0.664761	2	0	0
12	17000001	0.651732	0.664761	2	0	0
12	17500001	0.671484	0.664761	2	0	0
12	18000001	0.664761	0.664761	2	0	0
12	18500001	0.68213	0.664761	2	0	0
12	19000001	0.635415	0.664761	2	0	0
12	19500001	0.664026	0.664761	2	0	0
12	20000001	0.637923	0.664761	2	0	0
12	20500001	0.631407	0.664761	2	0	0
12	21000001	0.658012	0.664761	2	0	0
12	21500001	0.682025	0.664761	2	0	0
12	22000001	0.668494	0.664761	2	0	0
12	22500001	0.655335	0.664761	2	0	0
12	23000001	0.663512	0.664761	2	0	0
12	23500001	0.676343	0.664761	2	0	0
12	24000001	0.648686	0.664761	2	0	0
12	24500001	0.642161	0.664761	2	0	0
12	25000001	0.656364	0.664761	2	0	0
12	25500001	0.658157	0.664761	2	0	0
12	26000001	0.656128	0.664761	2	0	0
12	26500001	0.659403	0.664761	2	0	0
12	27000001	0.662106	0.664761	2	0	0
12	27500001	0.711242	0.664761	2	0	0
12	28000001	0.713352	0.664761	2	0	0
12	28500001	0.700478	0.664761	2	0	0
12	29000001	0.648534	0.664761	2	0	0
12	29500001	0.667849	0.664761	2	0	0
12	30000001	0.662011	0.664761	2	0	0
12	30500001	0.676147	0.664761	2	0	0
12	31000001	0.665638	0.664761	2	0	0
12	31500001	0.640501	0.664761	2	0	0
12	32000001	0.634891	0.664761	2	0	0
12	32500001	0.661726	0.664761	2	0	0
12	33000001	0.662749	0.664761	2	0	0
12	33500001	0.679999	0.664761	2	0	0
12	34000001	0.676547	0.664761	2	0	0
12	34500001	0.628015	0.664761	2	0	0
12	35000001	0.597318	0.664761	2	0	0
12	35500001	0.528558	0.395654	1	0	0
12	36000001	0.390322	0.395654	1	0	0
12	36500001	0.395654	0.395654	1	0	0
12	37000001	0.590915	0.671377	2	0	0
12	37500001	0.723951	0.671377	2	0	0
12	38000001	0.673548	0.671377	2	0	0
12	38500001	0.706782	0.671377	2	0	0
12	39000001	0.64052	0.671377	2	0	0
12	39500001	0.683465	0.671377	2	0	0
12	40000001	0.642063	0.671377	2	0	0
12	40500001	0.659026	0.671377	2	0	0
12	41000001	0.671377	0.671377	2	0	0
12	41500001	0.677674	0.671377	2	0	0
12	42000001	0.648517	0.671377	2	0	0
12	42500001	0.684321	0.671377	2	0	0
12	43000001	0.68257	0.671377	2	0	0
12	43500001	0.64542	0.671377	2	0	0
12	44000001	0.702426	0.671377	2	0	0
12	44500001	0.680189	0.671377	2	0	0
12	45000001	0.680166	0.671377	2	0	0
12	45500001	0.670431	0.671377	2	0	0
12	46000001	0.672196	0.671377	2	0	0
12	46500001	0.70871	0.671377	2	0	0
12	47000001	0.701849	0.671377	2	0	0
12	47500001	0.692828	0.671377	2	0	0
12	48000001	0.694589	0.671377	2	0	0
12	48500001	0.659177	0.671377	2	0	0
12	49000001	0.641212	0.671377	2	0	0
12	49500001	0.724251	0.671377	2	0	0
12	50000001	0.664728	0.671377	2	0	0
12	50500001	0.657747	0.671377	2	0	0
12	51000001	0.659798	0.671377	2	0	0
12	51500001	0.672499	0.671377	2	0	0
12	52000001	0.664156	0.671377	2	0	0
12	52500001	0.688967	0.671377	2	0	0
12	53000001	0.667443	0.671377	2	0	0
12	53500001	0.695004	0.671377	2	0	0
12	54000001	0.685251	0.671377	2	0	0
12	54500001	0.671	0.671377	2	0	0
12	55000001	0.706817	0.671377	2	0	0
12	55500001	0.699132	0.671377	2	0	0
12	56000001	0.706134	0.671377	2	0	0
12	56500001	0.679408	0.671377	2	0	0
12	57000001	0.682963	0.671377	2	0	0
12	57500001	0.675391	0.671377	2	0	0
12	58000001	0.701024	0.671377	2	0	0
12	58500001	0.660997	0.671377	2	0	0
12	59000001	0.653511	0.671377	2	0	0
12	59500001	0.660332	0.671377	2	0	0
12	60000001	0.658214	0.671377	2	0	0
12	60500001	0.620805	0.671377	2	0	0
12	61000001	0.660659	0.671377	2	0	0
12	61500001	0.658945	0.671377	2	0	0
12	62000001	0.672762	0.671377	2	0	0
12	62500001	0.655273	0.671377	2	0	0
12	63000001	0.674713	0.671377	2	0	0
12	63500001	0.657377	0.671377	2	0	0
12	64000001	0.669467	0.671377	2	0	0
12	64500001	0.63956	0.671377	2	0	0
12	65000001	0.675236	0.671377	2	0	0
12	65500001	0.714838	0.671377	2	0	0
12	66000001	0.666817	0.671377	2	0	0
12	66500001	0.648995	0.671377	2	0	0
12	67000001	0.607495	0.671377	2	0	0
12	67500001	0.663994	0.671377	2	0	0
12	68000001	0.671335	0.671377	2	0	0
12	68500001	0.630989	0.671377	2	0	0
12	69000001	0.695198	0.671377	2	0	0
12	69500001	0.679029	0.671377	2	0	0
12	70000001	0.688276	0.671377	2	0	0
12	70500001	0.660995	0.671377	2	0	0
12	71000001	0.688833	0.671377	2	0	0
12	71500001	0.664671	0.671377	2	0	0
12	72000001	0.704039	0.671377	2	0	0
12	72500001	0.669296	0.671377	2	0	0
12	73000001	0.671214	0.671377	2	0	0
12	73500001	0.669458	0.671377	2	0	0
12	74000001	0.634264	0.671377	2	0	0
12	74500001	0.687337	0.671377	2	0	0
12	75000001	0.73528	0.671377	2	0	0
12	75500001	1.0724	1.01291	3	0	0
12	76000001	1.01721	1.01291	3	0	0
12	76500001	1.00275	1.01291	3	0	0
12	77000001	1.06472	1.01291	3	0	0
12	77500001	1.03313	1.01291	3	0	0
12	78000001	1.01879	1.01291	3	0	0
12	78500001	0.991449	1.01291	3	0	0
12	79000001	1.03116	1.01291	3	0	0
12	79500001	0.989721	1.01291	3	0	0
12	80000001	1.01291	1.01291	3	0	0
12	80500001	1.0344	1.01291	3	0	0
12	81000001	1.03352	1.01291	3	0	0
12	81500001	0.99	1.01291	3	0	0
12	82000001	0.997567	1.01291	3	0	0
12	82500001	1.00404	1.01291	3	0	0
12	83000001	0.979801	1.01291	3	0	0
12	83500001	1.00319	1.01291	3	0	0
12	84000001	0.999563	1.01291	3	0	0
12	84500001	1.0024	1.01291	3	0	0
12	85000001	1.04078	1.01291	3	0	0
12	85500001	1.04015	1.01291	3	0	0
12	86000001	1.01516	1.01291	3	0	0
12	86500001	1.03926	1.01291	3	0	0
12	87000001	1.01438	1.01291	3	0	0
12	87500001	1.02179	1.01291	3	0	0
12	88000001	1.00737	1.01291	3	0	0
12	88500001	0.996697	1.01291	3	0	0
12	89000001	1.01356	1.01291	3	0	0
12	89500001	1.04177	1.01291	3	0	0
12	90000001	1.00606	1.01291	3	0	0
12	90500001	1.00776	1.01291	3	0	0
12	91000001	1.02778	1.01291	3	0	0
12	91500001	1.0428	1.01291	3	0	0
12	92000001	1.05031	1.01291	3	0	0
12	92500001	0.997558	1.01291	3	0	0
12	93000001	1.00997	1.01291	3	0	0
12	93500001	1.03777	1.01291	3	0	0
12	94000001	1.04072	1.01291	3	0	0
12	94500001	0.972266	1.01291	3	0	0
12	95000001	0.952093	1.01291	3	0	0
12	95500001	1.01271	1.01291	3	0	0
12	96000001	0.997984	1.01291	3	0	0
12	96500001	1.03785	1.01291	3	0	0
12	97000001	0.976878	1.01291	3	0	0
12	97500001	0.957025	1.01291	3	0	0
12	98000001	1.04203	1.01291	3	0	0
12	98500001	0.953954	1.01291	3	0	0
12	99000001	1.03878	1.01291	3	0	0
12	99500001	1.03275	1.01291	3	0	0
12	100000001	0.938735	1.01291	3	0	0
12	100500001	0.977154	1.01291	3	0	0
12	101000001	0.96782	1.01291	3	0	0
12	101500001	0.935606	1.01291	3	0	0
12	102000001	0.953846	1.01291	3	0	0
12	102500001	1.01321	1.01291	3	0	0
12	103000001	1.04453	1.01291	3	0	0
12	103500001	1.02824	1.01291	3	0	0
12	104000001	1.01192	1.01291	3	0	0
12	104500001	1.03163	1.01291	3	0	0
12	105000001	1.02961	1.01291	3	0	0
12	105500001	1.04547	1.01291	3	0	0
12	106000001	1.04066	1.01291	3	0	0
12	106500001	1.00071	1.01291	3	0	0
12	107000001	0.989208	1.01291	3	0	0
12	107500001	0.98502	1.01291	3	0	0
12	108000001	1.02035	1.01291	3	0	0
12	108500001	1.04065	1.01291	3	0	0
12	109000001	0.944669	1.01291	3	0	0
12	109500001	0.98485	1.01291	3	0	0
12	110000001	1.02149	1.01291	3	0	0
12	110500001	0.968972	1.01291	3	0	0
12	111000001	1.0338	1.01291	3	0	0
12	111500001	0.983303	1.01291	3	0	0
12	112000001	0.958594	1.01291	3	0	0
12	112500001	1.02058	1.01291	3	0	0
12	113000001	1.03241	1.01291	3	0	0
12	113500001	1.00692	1.01291	3	0	0
12	114000001	1.02438	1.01291	3	0	0
12	114500001	0.968298	1.01291	3	0	0
12	115000001	1.00764	1.01291	3	0	0
12	115500001	1.01988	1.01291	3	0	0
12	116000001	0.959549	0.972581	3	0	0
12	116500001	0.966292	0.972581	3	0	0
12	117000001	0.983682	0.972581	3	0	0
12	117500001	0.950715	0.972581	3	0	0
12	118000001	0.925474	0.972581	3	0	0
12	118500001	0.999808	0.972581	3	0	0
12	119000001	1.01832	0.972581	3	0	0
12	119500001	0.998868	0.972581	3	0	0
12	120000001	0.979429	0.972581	3	0	0
12	120500001	0.953245	0.972581	3	0	0
12	121000001	0.951416	0.972581	3	0	0
12	121500001	0.987204	0.972581	3	0	0
12	122000001	1.01168	0.972581	3	0	0
12	122500001	0.970684	0.972581	3	0	0
12	123000001	0.932765	0.972581	3	0	0
12	123500001	0.972581	0.972581	3	0	0
12	124000001	0.989101	0.972581	3	0	0
12	124500001	0.660332	0.655124	2	0	0
12	125000001	0.697264	0.655124	2	0	0
12	125500001	0.638181	0.655124	2	0	0
12	126000001	0.653052	0.655124	2	0	0
12	126500001	0.637383	0.655124	2	0	0
12	127000001	0.625028	0.655124	2	0	0
12	127500001	0.657197	0.655124	2	0	0
12	128000001	0.62621	0.655124	2	0	0
12	128500001	0.657424	0.655124	2	0	0
12	129000001	0.618996	0.655124	2	0	0
12	129500001	0.644278	0.655124	2	0	0
12	130000001	0.651548	0.655124	2	0	0
12	130500001	0.665851	0.655124	2	0	0
12	131000001	0.677562	0.655124	2	0	0
12	131500001	0.702277	0.655124	2	0	0
12	132000001	0.687802	0.655124	2	0	0
12	132500001	0.623431	0.487607	1	0	0
12	133000001	0.351782	0.487607	1	0	0
13	1	-1	-1	-1	0	0
13	500001	-1	-1	-1	0	0
13	1000001	-1	-1	-1	0	0
13	1500001	-1	-1	-1	0	0
13	2000001	-1	-1	-1	0	0
13	2500001	-1	-1	-1	0	0
13	3000001	-1	-1	-1	0	0
13	3500001	-1	-1	-1	0	0
13	4000001	-1	-1	-1	0	0
13	4500001	-1	-1	-1	0	0
13	5000001	-1	-1	-1	0	0
13	5500001	-1	-1	-1	0	0
13	6000001	-1	-1	-1	0	0
13	6500001	-1	-1	-1	0	0
13	7000001	-1	-1	-1	0	0
13	7500001	-1	-1	-1	0	0
13	8000001	-1	-1	-1	0	0
13	8500001	-1	-1	-1	0	0
13	9000001	-1	-1	-1	0	0
13	9500001	-1	-1	-1	0	0
13	10000001	-1	-1	-1	0	0
13	10500001	-1	-1	-1	0	0
13	11000001	-1	-1	-1	0	0
13	11500001	-1	-1	-1	0	0
13	12000001	-1	-1	-1	0	0
13	12500001	-1	-1	-1	0	0
13	13000001	-1	-1	-1	0	0
13	13500001	-1	-1	-1	0	0
13	14000001	-1	-1	-1	0	0
13	14500001	-1	-1	-1	0	0
13	15000001	-1	-1	-1	0	0
13	15500001	-1	-1	-1	0	0
13	16000001	0.419371	0.419371	1	0	0
13	16500001	0.70787	0.70787	2	0	0
13	17000001	0.944143	0.944143	3	0	0
13	17500001	1.08818	1.08818	3	0	0
13	18000001	-1	-1	-1	0	0
13	18500001	0.723424	0.713097	2	0	0
13	19000001	0.70277	0.713097	2	0	0
13	19500001	0.609126	0.664249	2	0	0
13	20000001	0.6444	0.664249	2	0	0
13	20500001	0.64072	0.664249	2	0	0
13	21000001	0.674093	0.664249	2	0	0
13	21500001	0.674883	0.664249	2	0	0
13	22000001	0.664254	0.664249	2	0	0
13	22500001	0.620441	0.664249	2	0	0
13	23000001	0.610513	0.664249	2	0	0
13	23500001	0.668306	0.664249	2	0	0
13	24000001	0.653802	0.664249	2	0	0
13	24500001	0.667224	0.664249	2	0	0
13	25000001	0.67592	0.664249	2	0	0
13	25500001	0.63786	0.664249	2	0	0
13	26000001	0.624214	0.664249	2	0	0
13	26500001	0.715853	0.664249	2	0	0
13	27000001	0.666607	0.664249	2	0	0
13	27500001	0.66233	0.664249	2	0	0
13	28000001	0.66158	0.664249	2	0	0
13	28500001	0.684373	0.664249	2	0	0
13	29000001	0.652609	0.664249	2	0	0
13	29500001	0.659805	0.664249	2	0	0
13	30000001	0.65858	0.664249	2	0	0
13	30500001	0.647752	0.664249	2	0	0
13	31000001	0.671879	0.664249	2	0	0
13	31500001	0.695907	0.664249	2	0	0
13	32000001	0.692745	0.664249	2	0	0
13	32500001	0.651626	0.664249	2	0	0
13	33000001	0.675062	0.664249	2	0	0
13	33500001	0.660358	0.664249	2	0	0
13	34000001	0.657343	0.664249	2	0	0
13	34500001	0.670068	0.664249	2	0	0
13	35000001	0.684802	0.664249	2	0	0
13	35500001	0.676464	0.664249	2	0	0
13	36000001	0.669028	0.664249	2	0	0
13	36500001	0.640207	0.664249	2	0	0
13	37000001	0.650314	0.664249	2	0	0
13	37500001	0.66556	0.664249	2	0	0
13	38000001	0.677129	0.664249	2	0	0
13	38500001	0.642422	0.664249	2	0	0
13	39000001	0.65911	0.664249	2	0	0
13	39500001	0.695369	0.664249	2	0	0
13	40000001	0.665016	0.664249	2	0	0
13	40500001	0.61058	0.664249	2	0	0
13	41000001	0.638707	0.664249	2	0	0
13	41500001	0.680665	0.664249	2	0	0
13	42000001	0.642339	0.664249	2	0	0
13	42500001	0.673582	0.664249	2	0	0
13	43000001	0.646637	0.664249	2	0	0
13	43500001	0.677235	0.664249	2	0	0
13	44000001	0.679238	0.664249	2	0	0
13	44500001	0.673167	0.664249	2	0	0
13	45000001	0.670946	0.664249	2	0	0
13	45500001	0.662515	0.664249	2	0	0
13	46000001	0.660091	0.664249	2	0	0
13	46500001	0.654575	0.664249	2	0	0
13	47000001	0.677114	0.664249	2	0	0
13	47500001	0.661852	0.664249	2	0	0
13	48000001	0.657185	0.664249	2	0	0
13	48500001	0.659923	0.664249	2	0	0
13	49000001	0.661968	0.664249	2	0	0
13	49500001	0.662987	0.664249	2	0	0
13	50000001	0.688712	0.664249	2	0	0
13	50500001	0.699058	0.664249	2	0	0
13	51000001	0.696934	0.664249	2	0	0
13	51500001	0.680209	0.664249	2	0	0
13	52000001	0.674661	0.664249	2	0	0
13	52500001	0.67923	0.664249	2	0	0
13	53000001	0.684142	0.664249	2	0	0
13	53500001	0.684143	0.664249	2	0	0
13	54000001	0.679471	0.664249	2	0	0
13	54500001	0.650312	0.664249	2	0	0
13	55000001	0.694158	0.664249	2	0	0
13	55500001	0.652639	0.664249	2	0	0
13	56000001	0.688287	0.664249	2	0	0
13	56500001	0.670399	0.664249	2	0	0
13	57000001	0.730907	0.664249	2	0	0
13	57500001	0.642543	0.664249	2	0	0
13	58000001	0.653344	0.664249	2	0	0
13	58500001	0.648832	0.664249	2	0	0
13	59000001	0.660867	0.664249	2	0	0
13	59500001	0.665563	0.664249	2	0	0
13	60000001	0.665976	0.664249	2	0	0
13	60500001	0.690213	0.664249	2	0	0
13	61000001	0.648734	0.664249	2	0	0
13	61500001	0.690489	0.664249	2	0	0
13	62000001	0.68082	0.664249	2	0	0
13	62500001	0.662396	0.664249	2	0	0
13	63000001	0.716753	0.664249	2	0	0
13	63500001	0.659618	0.664249	2	0	0
13	64000001	0.666018	0.664249	2	0	0
13	64500001	0.687983	0.664249	2	0	0
13	65000001	0.661169	0.664249	2	0	0
13	65500001	0.681319	0.664249	2	0	0
13	66000001	0.66871	0.664249	2	0	0
13	66500001	0.642997	0.664249	2	0	0
13	67000001	0.633541	0.664249	2	0	0
13	67500001	0.646224	0.664249	2	0	0
13	68000001	0.664169	0.664249	2	0	0
13	68500001	0.645799	0.664249	2	0	0
13	69000001	0.656145	0.664249	2	0	0
13	69500001	0.647666	0.664249	2	0	0
13	70000001	0.665526	0.664249	2	0	0
13	70500001	0.653389	0.664249	2	0	0
13	71000001	0.692195	0.664249	2	0	0
13	71500001	0.674668	0.664249	2	0	0
13	72000001	0.641314	0.664249	2	0	0
13	72500001	0.703912	0.664249	2	0	0
13	73000001	0.634608	0.664249	2	0	0
13	73500001	0.674064	0.664249	2	0	0
13	74000001	0.678753	0.664249	2	0	0
13	74500001	0.683955	0.664249	2	0	0
13	75000001	0.677934	0.664249	2	0	0
13	75500001	0.700616	0.664249	2	0	0
13	76000001	0.664249	0.664249	2	0	0
13	76500001	0.662024	0.664249	2	0	0
13	77000001	0.683186	0.664249	2	0	0
13	77500001	0.677374	0.664249	2	0	0
13	78000001	0.655195	0.664249	2	0	0
13	78500001	0.657193	0.664249	2	0	0
13	79000001	0.699355	0.664249	2	0	0
13	79500001	0.700471	0.664249	2	0	0
13	80000001	0.653085	0.664249	2	0	0
13	80500001	0.678755	0.664249	2	0	0
13	81000001	0.676955	0.664249	2	0	0
13	81500001	0.640346	0.664249	2	0	0
13	82000001	0.684425	0.664249	2	0	0
13	82500001	0.644626	0.664249	2	0	0
13	83000001	0.66017	0.664249	2	0	0
13	83500001	0.63709	0.664249	2	0	0
13	84000001	0.66066	0.664249	2	0	0
13	84500001	0.646608	0.664249	2	0	0
13	85000001	0.65074	0.664249	2	0	0
13	85500001	0.666451	0.664249	2	0	0
13	86000001	0.628824	0.664249	2	0	0
13	86500001	0.676186	0.664249	2	0	0
13	87000001	0.67788	0.664249	2	0	0
13	87500001	0.651558	0.664249	2	0	0
13	88000001	0.646736	0.664249	2	0	0
13	88500001	0.690972	0.664249	2	0	0
13	89000001	0.660278	0.664249	2	0	0
13	89500001	0.631521	0.664249	2	0	0
13	90000001	0.630215	0.664249	2	0	0
13	90500001	0.668807	0.664249	2	0	0
13	91000001	0.672291	0.664249	2	0	0
13	91500001	0.640128	0.664249	2	0	0
13	92000001	0.687009	0.664249	2	0	0
13	92500001	0.682545	0.664249	2	0	0
13	93000001	0.653919	0.664249	2	0	0
13	93500001	0.653031	0.664249	2	0	0
13	94000001	0.666011	0.664249	2	0	0
13	94500001	0.688347	0.664249	2	0	0
13	95000001	0.653918	0.664249	2	0	0
13	95500001	0.639427	0.664249	2	0	0
13	96000001	0.648951	0.664249	2	0	0
13	96500001	0.688069	0.664249	2	0	0
13	97000001	0.712008	0.664249	2	0	0
13	97500001	0.690463	0.664249	2	0	0
13	98000001	0.666177	0.664249	2	0	0
13	98500001	0.681821	0.664249	2	0	0
13	99000001	0.662321	0.664249	2	0	0
13	99500001	0.665502	0.664249	2	0	0
13	100000001	0.633828	0.664249	2	0	0
13	100500001	0.663922	0.664249	2	0	0
13	101000001	0.648843	0.664249	2	0	0
13	101500001	0.681599	0.664249	2	0	0
13	102000001	0.697652	0.664249	2	0	0
13	102500001	0.680184	0.664249	2	0	0
13	103000001	0.649657	0.664249	2	0	0
13	103500001	0.639048	0.664249	2	0	0
13	104000001	0.643196	0.664249	2	0	0
13	104500001	0.63511	0.664249	2	0	0
13	105000001	0.687707	0.664249	2	0	0
13	105500001	0.630346	0.664249	2	0	0
13	106000001	0.65827	0.664249	2	0	0
13	106500001	0.628964	0.664249	2	0	0
13	107000001	0.641477	0.664249	2	0	0
13	107500001	0.651738	0.664249	2	0	0
13	108000001	0.641783	0.664249	2	0	0
13	108500001	0.671211	0.664249	2	0	0
13	109000001	0.684983	0.664249	2	0	0
13	109500001	0.730678	0.664249	2	0	0
13	110000001	0.654527	0.664249	2	0	0
13	110500001	0.683454	0.664249	2	0	0
13	111000001	0.656416	0.664249	2	0	0
13	111500001	-1	0.664249	2	0	0
13	112000001	0.689134	0.664249	2	0	0
13	112500001	0.653793	0.63708	2	0	0
13	113000001	0.620367	0.63708	2	0	0
13	113500001	0.668564	0.63708	2	0	0
13	114000001	0.491294	0.63708	2	0	0
14	1	-1	-1	-1	0	0
14	500001	-1	-1	-1	0	0
14	1000001	-1	-1	-1	0	0
14	1500001	-1	-1	-1	0	0
14	2000001	-1	-1	-1	0	0
14	2500001	-1	-1	-1	0	0
14	3000001	-1	-1	-1	0	0
14	3500001	-1	-1	-1	0	0
14	4000001	-1	-1	-1	0	0
14	4500001	-1	-1	-1	0	0
14	5000001	-1	-1	-1	0	0
14	5500001	-1	-1	-1	0	0
14	6000001	-1	-1	-1	0	0
14	6500001	-1	-1	-1	0	0
14	7000001	-1	-1	-1	0	0
14	7500001	-1	-1	-1	0	0
14	8000001	-1	-1	-1	0	0
14	8500001	-1	-1	-1	0	0
14	9000001	-1	-1	-1	0	0
14	9500001	-1	-1	-1	0	0
14	10000001	-1	-1	-1	0	0
14	10500001	-1	-1	-1	0	0
14	11000001	-1	-1	-1	0	0
14	11500001	-1	-1	-1	0	0
14	12000001	-1	-1	-1	0	0
14	12500001	-1	-1	-1	0	0
14	13000001	-1	-1	-1	0	0
14	13500001	-1	-1	-1	0	0
14	14000001	-1	-1	-1	0	0
14	14500001	-1	-1	-1	0	0
14	15000001	-1	-1	-1	0	0
14	15500001	-1	-1	-1	0	0
14	16000001	0.46857	0.527406	2	0	0
14	16500001	0.586241	0.527406	2	0	0
14	17000001	0.795232	0.860621	3	0	0
14	17500001	0.92601	0.860621	3	0	0
14	18000001	1.19173	1.19173	4	0	0
14	18500001	-1	-1	-1	0	0
14	19000001	1.83591	1.83591	6	0	0
14	19500001	-1	-1	-1	0	0
14	20000001	0.971503	0.990103	3	0	0
14	20500001	1.02253	0.990103	3	0	0
14	21000001	0.969462	0.990103	3	0	0
14	21500001	1.00708	0.990103	3	0	0
14	22000001	1.03607	0.990103	3	0	0
14	22500001	1.01254	0.990103	3	0	0
14	23000001	0.977157	0.990103	3	0	0
14	23500001	0.995764	0.990103	3	0	0
14	24000001	0.977628	0.990103	3	0	0
14	24500001	1.01568	0.990103	3	0	0
14	25000001	1.00319	0.990103	3	0	0
14	25500001	0.980882	0.990103	3	0	0
14	26000001	0.993916	0.990103	3	0	0
14	26500001	0.973094	0.990103	3	0	0
14	27000001	0.990073	0.990103	3	0	0
14	27500001	1.01251	0.990103	3	0	0
14	28000001	1.00058	0.990103	3	0	0
14	28500001	0.968547	0.990103	3	0	0
14	29000001	1.01243	0.990103	3	0	0
14	29500001	0.936225	0.990103	3	0	0
14	30000001	0.98996	0.990103	3	0	0
14	30500001	1.00968	0.990103	3	0	0
14	31000001	0.9424	0.990103	3	0	0
14	31500001	1.01418	0.990103	3	0	0
14	32000001	0.999465	0.990103	3	0	0
14	32500001	0.949711	0.990103	3	0	0
14	33000001	1.00338	0.990103	3	0	0
14	33500001	0.974741	0.990103	3	0	0
14	34000001	0.975609	0.990103	3	0	0
14	34500001	0.9282	0.990103	3	0	0
14	35000001	0.994839	0.990103	3	0	0
14	35500001	0.999131	0.990103	3	0	0
14	36000001	0.997333	0.990103	3	0	0
14	36500001	1.00184	0.990103	3	0	0
14	37000001	0.961932	0.990103	3	0	0
14	37500001	0.948752	0.990103	3	0	0
14	38000001	0.979216	0.990103	3	0	0
14	38500001	1.01164	0.990103	3	0	0
14	39000001	1.0172	0.990103	3	0	0
14	39500001	0.984011	0.990103	3	0	0
14	40000001	0.971467	0.990103	3	0	0
14	40500001	1.03919	0.990103	3	0	0
14	41000001	0.987032	0.990103	3	0	0
14	41500001	0.970653	0.990103	3	0	0
14	42000001	0.962098	0.990103	3	0	0
14	42500001	0.96139	0.990103	3	0	0
14	43000001	0.988683	0.990103	3	0	0
14	43500001	0.96512	0.990103	3	0	0
14	44000001	1.00652	0.990103	3	0	0
14	44500001	1.03106	0.990103	3	0	0
14	45000001	0.990133	0.990103	3	0	0
14	45500001	0.993165	0.990103	3	0	0
14	46000001	0.975313	0.990103	3	0	0
14	46500001	1.07042	0.990103	3	0	0
14	47000001	1.33439	1.34519	4	0	0
14	47500001	1.30457	1.34519	4	0	0
14	48000001	1.28817	1.34519	4	0	0
14	48500001	1.3255	1.34519	4	0	0
14	49000001	1.36675	1.34519	4	0	0
14	49500001	1.30268	1.34519	4	0	0
14	50000001	1.33095	1.34519	4	0	0
14	50500001	1.35333	1.34519	4	0	0
14	51000001	1.35302	1.34519	4	0	0
14	51500001	1.34519	1.34519	4	0	0
14	52000001	1.37024	1.34519	4	0	0
14	52500001	1.31324	1.34519	4	0	0
14	53000001	1.38469	1.34519	4	0	0
14	53500001	1.41017	1.34519	4	0	0
14	54000001	1.39316	1.34519	4	0	0
14	54500001	1.34545	1.34519	4	0	0
14	55000001	1.29479	1.34519	4	0	0
14	55500001	1.32435	1.34519	4	0	0
14	56000001	1.3562	1.34519	4	0	0
14	56500001	1.26972	1.23019	4	0	0
14	57000001	1.19065	1.23019	4	0	0
14	57500001	1.01999	1.08405	3	0	0
14	58000001	1.14811	1.08405	3	0	0
14	58500001	1.31752	1.3555	4	0	0
14	59000001	1.39348	1.3555	4	0	0
14	59500001	1.04725	0.99772	3	0	0
14	60000001	1.03917	0.99772	3	0	0
14	60500001	0.994275	0.99772	3	0	0
14	61000001	1.03015	0.99772	3	0	0
14	61500001	1.07891	0.99772	3	0	0
14	62000001	1.00159	0.99772	3	0	0
14	62500001	1.01642	0.99772	3	0	0
14	63000001	0.998186	0.99772	3	0	0
14	63500001	0.95082	0.99772	3	0	0
14	64000001	0.963831	0.99772	3	0	0
14	64500001	1.01702	0.99772	3	0	0
14	65000001	1.01016	0.99772	3	0	0
14	65500001	1.00559	0.99772	3	0	0
14	66000001	1.0531	0.99772	3	0	0
14	66500001	1.01604	0.99772	3	0	0
14	67000001	0.988271	0.99772	3	0	0
14	67500001	0.985433	0.99772	3	0	0
14	68000001	1.04787	0.99772	3	0	0
14	68500001	1.06326	0.99772	3	0	0
14	69000001	1.02248	0.99772	3	0	0
14	69500001	0.990113	0.99772	3	0	0
14	70000001	1.03075	0.99772	3	0	0
14	70500001	1.01163	0.99772	3	0	0
14	71000001	1.01997	0.99772	3	0	0
14	71500001	0.979575	0.99772	3	0	0
14	72000001	1.01036	0.99772	3	0	0
14	72500001	1.06604	0.99772	3	0	0
14	73000001	0.98686	0.99772	3	0	0
14	73500001	0.964099	0.99772	3	0	0
14	74000001	0.984076	0.99772	3	0	0
14	74500001	1.00134	0.99772	3	0	0
14	75000001	1.01791	0.99772	3	0	0
14	75500001	1.0193	0.99772	3	0	0
14	76000001	0.996809	0.99772	3	0	0
14	76500001	0.997596	0.99772	3	0	0
14	77000001	1.00188	0.99772	3	0	0
14	77500001	0.940699	0.99772	3	0	0
14	78000001	0.960553	0.99772	3	0	0
14	78500001	0.999605	0.99772	3	0	0
14	79000001	0.946642	0.99772	3	0	0
14	79500001	0.972572	0.99772	3	0	0
14	80000001	0.999851	0.99772	3	0	0
14	80500001	1.01819	0.99772	3	0	0
14	81000001	0.962895	0.99772	3	0	0
14	81500001	0.93841	0.99772	3	0	0
14	82000001	0.968542	0.99772	3	0	0
14	82500001	0.96695	0.99772	3	0	0
14	83000001	0.965256	0.99772	3	0	0
14	83500001	1.02232	0.99772	3	0	0
14	84000001	0.979169	0.99772	3	0	0
14	84500001	0.98663	0.99772	3	0	0
14	85000001	1.02158	0.99772	3	0	0
14	85500001	1.04465	0.99772	3	0	0
14	86000001	0.986284	0.99772	3	0	0
14	86500001	0.986652	0.99772	3	0	0
14	87000001	1.01567	0.99772	3	0	0
14	87500001	0.986549	0.99772	3	0	0
14	88000001	1.00533	0.99772	3	0	0
14	88500001	1.00367	0.99772	3	0	0
14	89000001	0.954842	0.99772	3	0	0
14	89500001	1.01115	0.99772	3	0	0
14	90000001	0.959312	0.99772	3	0	0
14	90500001	1.00452	0.99772	3	0	0
14	91000001	1.01453	0.99772	3	0	0
14	91500001	1.04137	0.99772	3	0	0
14	92000001	0.993358	0.99772	3	0	0
14	92500001	1.02337	0.99772	3	0	0
14	93000001	0.975025	0.99772	3	0	0
14	93500001	0.982733	0.99772	3	0	0
14	94000001	1.02575	0.99772	3	0	0
14	94500001	0.966986	0.99772	3	0	0
14	95000001	0.977388	0.99772	3	0	0
14	95500001	0.989515	0.99772	3	0	0
14	96000001	0.993871	0.99772	3	0	0
14	96500001	0.977497	0.99772	3	0	0
14	97000001	0.984118	0.99772	3	0	0
14	97500001	0.939804	0.99772	3	0	0
14	98000001	0.965608	0.99772	3	0	0
14	98500001	0.93226	0.99772	3	0	0
14	99000001	1.00364	0.99772	3	0	0
14	99500001	0.997843	0.99772	3	0	0
14	100000001	0.98674	0.99772	3	0	0
14	100500001	0.970138	0.99772	3	0	0
14	101000001	1.00561	0.99772	3	0	0
14	101500001	1.01249	0.99772	3	0	0
14	102000001	0.959489	0.99772	3	0	0
14	102500001	0.992294	0.99772	3	0	0
14	103000001	0.970945	0.99772	3	0	0
14	103500001	0.974841	0.99772	3	0	0
14	104000001	0.977415	0.99772	3	0	0
14	104500001	1.04754	0.99772	3	0	0
14	105000001	1.03501	0.99772	3	0	0
14	105500001	1.06463	0.99772	3	0	0
14	106000001	1.08599	0.99772	3	0	0
14	106500001	-1	-1	-1	0	0
14	107000001	-1	-1	-1	0	0
15	1	-1	-1	-1	0	0
15	500001	-1	-1	-1	0	0
15	1000001	-1	-1	-1	0	0
15	1500001	-1	-1	-1	0	0
15	2000001	-1	-1	-1	0	0
15	2500001	-1	-1	-1	0	0
15	3000001	-1	-1	-1	0	0
15	3500001	-1	-1	-1	0	0
15	4000001	-1	-1	-1	0	0
15	4500001	-1	-1	-1	0	0
15	5000001	-1	-1	-1	0	0
15	5500001	-1	-1	-1	0	0
15	6000001	-1	-1	-1	0	0
15	6500001	-1	-1	-1	0	0
15	7000001	-1	-1	-1	0	0
15	7500001	-1	-1	-1	0	0
15	8000001	-1	-1	-1	0	0
15	8500001	-1	-1	-1	0	0
15	9000001	-1	-1	-1	0	0
15	9500001	-1	-1	-1	0	0
15	10000001	-1	-1	-1	0	0
15	10500001	-1	-1	-1	0	0
15	11000001	-1	-1	-1	0	0
15	11500001	-1	-1	-1	0	0
15	12000001	-1	-1	-1	0	0
15	12500001	-1	-1	-1	0	0
15	13000001	-1	-1	-1	0	0
15	13500001	-1	-1	-1	0	0
15	14000001	-1	-1	-1	0	0
15	14500001	-1	-1	-1	0	0
15	15000001	-1	-1	-1	0	0
15	15500001	-1	-1	-1	0	0
15	16000001	-1	-1	-1	0	0
15	16500001	-1	-1	-1	0	0
15	17000001	0.558072	0.57409	2	0	0
15	17500001	0.590109	0.57409	2	0	0
15	18000001	0.784759	0.784759	2	0	0
15	18500001	1.12608	1.08284	3	0	0
15	19000001	1.03961	1.08284	3	0	0
15	19500001	0.903616	0.903616	3	0	0
15	20000001	1.42877	1.42877	4	0	0
15	20500001	0.952738	0.8991	3	0	0
15	21000001	0.845462	0.8991	3	0	0
15	21500001	0.329138	0.329138	1	0	0
15	22000001	0.538282	0.660206	2	0	0
15	22500001	0.661732	0.660206	2	0	0
15	23000001	0.724948	0.660206	2	0	0
15	23500001	0.647132	0.660206	2	0	0
15	24000001	0.792375	0.660206	2	0	0
15	24500001	0.666957	0.660206	2	0	0
15	25000001	0.647322	0.660206	2	0	0
15	25500001	0.632287	0.660206	2	0	0
15	26000001	0.653862	0.660206	2	0	0
15	26500001	0.640078	0.660206	2	0	0
15	27000001	0.66096	0.660206	2	0	0
15	27500001	0.646756	0.660206	2	0	0
15	28000001	0.637003	0.660206	2	0	0
15	28500001	0.668306	0.660206	2	0	0
15	29000001	0.654622	0.660206	2	0	0
15	29500001	0.683257	0.660206	2	0	0
15	30000001	0.64409	0.660206	2	0	0
15	30500001	0.682636	0.660206	2	0	0
15	31000001	0.659172	0.660206	2	0	0
15	31500001	0.662931	0.660206	2	0	0
15	32000001	0.654661	0.660206	2	0	0
15	32500001	0.660206	0.660206	2	0	0
15	33000001	0.690982	0.660206	2	0	0
15	33500001	0.681534	0.660206	2	0	0
15	34000001	0.632417	0.660206	2	0	0
15	34500001	0.666179	0.660206	2	0	0
15	35000001	0.672657	0.660206	2	0	0
15	35500001	0.681664	0.660206	2	0	0
15	36000001	0.64946	0.660206	2	0	0
15	36500001	0.67302	0.660206	2	0	0
15	37000001	0.651577	0.660206	2	0	0
15	37500001	0.682424	0.679153	2	0	0
15	38000001	0.690688	0.679153	2	0	0
15	38500001	0.680046	0.679153	2	0	0
15	39000001	0.682787	0.679153	2	0	0
15	39500001	0.738721	0.679153	2	0	0
15	40000001	0.689362	0.679153	2	0	0
15	40500001	0.683946	0.679153	2	0	0
15	41000001	0.643523	0.679153	2	0	0
15	41500001	0.628018	0.679153	2	0	0
15	42000001	0.649263	0.679153	2	0	0
15	42500001	0.665502	0.679153	2	0	0
15	43000001	0.692854	0.679153	2	0	0
15	43500001	0.682681	0.679153	2	0	0
15	44000001	0.679655	0.679153	2	0	0
15	44500001	0.709943	0.679153	2	0	0
15	45000001	0.695242	0.679153	2	0	0
15	45500001	0.675808	0.679153	2	0	0
15	46000001	0.674629	0.679153	2	0	0
15	46500001	0.692263	0.679153	2	0	0
15	47000001	0.675612	0.679153	2	0	0
15	47500001	0.680033	0.679153	2	0	0
15	48000001	0.668983	0.679153	2	0	0
15	48500001	0.692887	0.679153	2	0	0
15	49000001	0.672019	0.679153	2	0	0
15	49500001	0.683325	0.679153	2	0	0
15	50000001	0.633591	0.679153	2	0	0
15	50500001	0.65075	0.679153	2	0	0
15	51000001	0.701075	0.679153	2	0	0
15	51500001	0.659014	0.679153	2	0	0
15	52000001	0.674089	0.679153	2	0	0
15	52500001	0.652299	0.679153	2	0	0
15	53000001	0.684555	0.679153	2	0	0
15	53500001	0.670086	0.679153	2	0	0
15	54000001	0.661433	0.679153	2	0	0
15	54500001	0.667204	0.679153	2	0	0
15	55000001	0.671333	0.679153	2	0	0
15	55500001	0.690916	0.679153	2	0	0
15	56000001	0.704402	0.679153	2	0	0
15	56500001	0.675387	0.679153	2	0	0
15	57000001	0.649492	0.679153	2	0	0
15	57500001	0.713152	0.679153	2	0	0
15	58000001	0.726237	0.679153	2	0	0
15	58500001	0.6702	0.679153	2	0	0
15	59000001	0.679539	0.679153	2	0	0
15	59500001	0.673993	0.679153	2	0	0
15	60000001	0.65768	0.679153	2	0	0
15	60500001	0.697506	0.679153	2	0	0
15	61000001	0.692501	0.679153	2	0	0
15	61500001	0.657923	0.679153	2	0	0
15	62000001	0.694233	0.679153	2	0	0
15	62500001	0.659394	0.679153	2	0	0
15	63000001	0.694601	0.679153	2	0	0
15	63500001	0.708981	0.679153	2	0	0
15	64000001	0.667592	0.679153	2	0	0
15	64500001	0.636246	0.679153	2	0	0
15	65000001	0.679915	0.679153	2	0	0
15	65500001	0.621633	0.679153	2	0	0
15	66000001	0.670302	0.679153	2	0	0
15	66500001	0.669471	0.679153	2	0	0
15	67000001	0.690283	0.679153	2	0	0
15	67500001	0.678024	0.679153	2	0	0
15	68000001	0.652199	0.679153	2	0	0
15	68500001	0.683881	0.679153	2	0	0
15	69000001	0.723611	0.679153	2	0	0
15	69500001	0.703275	0.679153	2	0	0
15	70000001	0.743099	0.679153	2	0	0
15	70500001	0.681327	0.679153	2	0	0
15	71000001	0.688624	0.679153	2	0	0
15	71500001	0.669387	0.679153	2	0	0
15	72000001	0.688907	0.679153	2	0	0
15	72500001	0.697928	0.679153	2	0	0
15	73000001	0.677192	0.679153	2	0	0
15	73500001	0.668953	0.679153	2	0	0
15	74000001	0.679153	0.679153	2	0	0
15	74500001	0.650865	0.679153	2	0	0
15	75000001	0.6974	0.679153	2	0	0
15	75500001	0.682263	0.679153	2	0	0
15	76000001	0.695553	0.679153	2	0	0
15	76500001	0.653692	0.679153	2	0	0
15	77000001	0.654328	0.679153	2	0	0
15	77500001	0.708612	0.679153	2	0	0
15	78000001	0.663347	0.679153	2	0	0
15	78500001	0.644383	0.679153	2	0	0
15	79000001	0.682514	0.679153	2	0	0
15	79500001	0.663123	0.679153	2	0	0
15	80000001	0.707225	0.679153	2	0	0
15	80500001	0.723251	0.679153	2	0	0
15	81000001	0.681723	0.679153	2	0	0
15	81500001	0.685835	0.679153	2	0	0
15	82000001	0.727367	0.679153	2	0	0
15	82500001	0.691381	0.679153	2	0	0
15	83000001	0.662245	0.679153	2	0	0
15	83500001	0.693085	0.679153	2	0	0
15	84000001	0.631013	0.679153	2	0	0
15	84500001	0.706353	0.679153	2	0	0
15	85000001	0.688201	0.679153	2	0	0
15	85500001	0.701606	0.679153	2	0	0
15	86000001	0.683205	0.679153	2	0	0
15	86500001	0.686909	0.679153	2	0	0
15	87000001	0.665596	0.679153	2	0	0
15	87500001	0.685282	0.679153	2	0	0
15	88000001	0.657838	0.679153	2	0	0
15	88500001	0.612739	0.679153	2	0	0
15	89000001	0.684116	0.679153	2	0	0
15	89500001	0.662179	0.679153	2	0	0
15	90000001	0.666021	0.679153	2	0	0
15	90500001	0.645765	0.679153	2	0	0
15	91000001	0.669669	0.679153	2	0	0
15	91500001	0.68778	0.679153	2	0	0
15	92000001	0.685886	0.679153	2	0	0
15	92500001	0.709614	0.679153	2	0	0
15	93000001	0.712476	0.679153	2	0	0
15	93500001	0.644702	0.679153	2	0	0
15	94000001	0.669004	0.679153	2	0	0
15	94500001	0.631184	0.679153	2	0	0
15	95000001	0.642403	0.679153	2	0	0
15	95500001	0.664766	0.679153	2	0	0
15	96000001	0.677673	0.679153	2	0	0
15	96500001	0.664877	0.679153	2	0	0
15	97000001	0.65029	0.679153	2	0	0
15	97500001	0.678199	0.679153	2	0	0
15	98000001	0.654543	0.679153	2	0	0
15	98500001	0.67778	0.679153	2	0	0
15	99000001	0.65923	0.679153	2	0	0
15	99500001	0.655384	0.679153	2	0	0
15	100000001	0.699938	0.679153	2	0	0
15	100500001	0.691365	0.679153	2	0	0
15	101000001	0.66902	0.679153	2	0	0
15	101500001	0.791974	0.679153	2	0	0
16	1	0.695168	0.903465	3	0	0
16	500001	0.907198	0.903465	3	0	0
16	1000001	0.903465	0.903465	3	0	0
16	1500001	0.670526	0.662776	2	0	0
16	2000001	0.640205	0.662776	2	0	0
16	2500001	0.692909	0.662776	2	0	0
16	3000001	0.643086	0.662776	2	0	0
16	3500001	0.638966	0.662776	2	0	0
16	4000001	0.654054	0.662776	2	0	0
16	4500001	0.667817	0.662776	2	0	0
16	5000001	0.708282	0.662776	2	0	0
16	5500001	0.668453	0.662776	2	0	0
16	6000001	0.625862	0.662776	2	0	0
16	6500001	0.613034	0.662776	2	0	0
16	7000001	0.63645	0.662776	2	0	0
16	7500001	0.620199	0.662776	2	0	0
16	8000001	0.669925	0.662776	2	0	0
16	8500001	0.64342	0.662776	2	0	0
16	9000001	0.659738	0.662776	2	0	0
16	9500001	0.667137	0.662776	2	0	0
16	10000001	0.655109	0.662776	2	0	0
16	10500001	0.681888	0.662776	2	0	0
16	11000001	0.680542	0.662776	2	0	0
16	11500001	0.665521	0.662776	2	0	0
16	12000001	0.665482	0.662776	2	0	0
16	12500001	0.611687	0.662776	2	0	0
16	13000001	0.666561	0.662776	2	0	0
16	13500001	0.692008	0.662776	2	0	0
16	14000001	0.660159	0.662776	2	0	0
16	14500001	0.691151	0.662776	2	0	0
16	15000001	0.687564	0.662776	2	0	0
16	15500001	0.669195	0.662776	2	0	0
16	16000001	0.773743	0.662776	2	0	0
16	16500001	0.67433	0.662776	2	0	0
16	17000001	0.66967	0.662776	2	0	0
16	17500001	0.6129	0.662776	2	0	0
16	18000001	0.647926	0.662776	2	0	0
16	18500001	0.643584	0.662776	2	0	0
16	19000001	0.651966	0.662776	2	0	0
16	19500001	0.621197	0.662776	2	0	0
16	20000001	0.656889	0.662776	2	0	0
16	20500001	0.644916	0.662776	2	0	0
16	21000001	0.696928	0.662776	2	0	0
16	21500001	0.795992	0.662776	2	0	0
16	22000001	0.693781	0.662776	2	0	0
16	22500001	0.904077	0.662776	2	0	0
16	23000001	0.633763	0.662776	2	0	0
16	23500001	0.641628	0.662776	2	0	0
16	24000001	0.662776	0.662776	2	0	0
16	24500001	0.688879	0.662776	2	0	0
16	25000001	0.654095	0.662776	2	0	0
16	25500001	0.640861	0.662776	2	0	0
16	26000001	0.686435	0.662776	2	0	0
16	26500001	0.673117	0.662776	2	0	0
16	27000001	0.683812	0.662776	2	0	0
16	27500001	0.653422	0.662776	2	0	0
16	28000001	0.652623	0.662776	2	0	0
16	28500001	0.626383	0.662776	2	0	0
16	29000001	0.639755	0.662776	2	0	0
16	29500001	0.631121	0.662776	2	0	0
16	30000001	0.696655	0.662776	2	0	0
16	30500001	0.666751	0.662776	2	0	0
16	31000001	0.66575	0.662776	2	0	0
16	31500001	0.667785	0.662776	2	0	0
16	32000001	0.588405	0.662776	2	0	0
16	32500001	0.615943	0.662776	2	0	0
16	33000001	-1	0.662776	2	0	0
16	33500001	0.539601	0.662776	2	0	0
16	34000001	0.714056	0.662776	2	0	0
16	34500001	2.82884	2.82884	8	0	0
16	35000001	0.63056	0.66293	2	0	0
16	35500001	0.679587	0.66293	2	0	0
16	36000001	0.691014	0.66293	2	0	0
16	36500001	0.440796	0.66293	2	0	0
16	37000001	0.423637	0.66293	2	0	0
16	37500001	0.44647	0.66293	2	0	0
16	38000001	-1	0.66293	2	0	0
16	38500001	-1	0.66293	2	0	0
16	39000001	-1	0.66293	2	0	0
16	39500001	-1	0.66293	2	0	0
16	40000001	-1	0.66293	2	0	0
16	40500001	-1	0.66293	2	0	0
16	41000001	-1	0.66293	2	0	0
16	41500001	-1	0.66293	2	0	0
16	42000001	-1	0.66293	2	0	0
16	42500001	-1	0.66293	2	0	0
16	43000001	-1	0.66293	2	0	0
16	43500001	-1	0.66293	2	0	0
16	44000001	-1	0.66293	2	0	0
16	44500001	-1	0.66293	2	0	0
16	45000001	-1	0.66293	2	0	0
16	45500001	-1	0.66293	2	0	0
16	46000001	-1	0.66293	2	0	0
16	46500001	0.646639	0.66293	2	0	0
16	47000001	0.638383	0.66293	2	0	0
16	47500001	0.677332	0.66293	2	0	0
16	48000001	0.692249	0.66293	2	0	0
16	48500001	0.6981	0.66293	2	0	0
16	49000001	0.694357	0.66293	2	0	0
16	49500001	0.639853	0.66293	2	0	0
16	50000001	0.634876	0.66293	2	0	0
16	50500001	0.677976	0.66293	2	0	0
16	51000001	0.682932	0.66293	2	0	0
16	51500001	0.668214	0.66293	2	0	0
16	52000001	0.656276	0.66293	2	0	0
16	52500001	0.647462	0.66293	2	0	0
16	53000001	0.651874	0.66293	2	0	0
16	53500001	0.66293	0.66293	2	0	0
16	54000001	0.700092	0.66293	2	0	0
16	54500001	0.636431	0.66293	2	0	0
16	55000001	0.67043	0.66293	2	0	0
16	55500001	0.684624	0.66293	2	0	0
16	56000001	0.688438	0.66293	2	0	0
16	56500001	0.661524	0.66293	2	0	0
16	57000001	0.684328	0.66293	2	0	0
16	57500001	0.64048	0.66293	2	0	0
16	58000001	0.640811	0.66293	2	0	0
16	58500001	0.637215	0.66293	2	0	0
16	59000001	0.683551	0.66293	2	0	0
16	59500001	0.655587	0.66293	2	0	0
16	60000001	0.637913	0.66293	2	0	0
16	60500001	0.640623	0.66293	2	0	0
16	61000001	0.664549	0.66293	2	0	0
16	61500001	0.684685	0.66293	2	0	0
16	62000001	0.642601	0.66293	2	0	0
16	62500001	0.644877	0.66293	2	0	0
16	63000001	0.655493	0.66293	2	0	0
16	63500001	0.617509	0.66293	2	0	0
16	64000001	0.662919	0.66293	2	0	0
16	64500001	0.655835	0.66293	2	0	0
16	65000001	0.656546	0.66293	2	0	0
16	65500001	0.662969	0.66293	2	0	0
16	66000001	0.676541	0.66293	2	0	0
16	66500001	0.654867	0.66293	2	0	0
16	67000001	0.71347	0.66293	2	0	0
16	67500001	0.674931	0.66293	2	0	0
16	68000001	0.68081	0.66293	2	0	0
16	68500001	0.657646	0.66293	2	0	0
16	69000001	0.645802	0.66293	2	0	0
16	69500001	0.647686	0.66293	2	0	0
16	70000001	0.665637	0.66293	2	0	0
16	70500001	0.689654	0.66293	2	0	0
16	71000001	0.670078	0.66293	2	0	0
16	71500001	0.660115	0.66293	2	0	0
16	72000001	0.686947	0.66293	2	0	0
16	72500001	0.673091	0.66293	2	0	0
16	73000001	0.637946	0.66293	2	0	0
16	73500001	0.684615	0.66293	2	0	0
16	74000001	0.673	0.66293	2	0	0
16	74500001	0.681206	0.66293	2	0	0
16	75000001	0.695758	0.66293	2	0	0
16	75500001	0.671963	0.66293	2	0	0
16	76000001	0.655003	0.66293	2	0	0
16	76500001	0.658653	0.66293	2	0	0
16	77000001	0.637412	0.66293	2	0	0
16	77500001	0.644621	0.66293	2	0	0
16	78000001	0.503312	0.66293	2	0	0
16	78500001	0.651223	0.66293	2	0	0
16	79000001	0.66927	0.66293	2	0	0
16	79500001	0.648017	0.66293	2	0	0
16	80000001	0.704558	0.66293	2	0	0
16	80500001	0.654631	0.66293	2	0	0
16	81000001	0.661634	0.66293	2	0	0
16	81500001	0.678378	0.66293	2	0	0
16	82000001	0.672443	0.66293	2	0	0
16	82500001	0.667803	0.66293	2	0	0
16	83000001	0.636245	0.66293	2	0	0
16	83500001	0.700966	0.66293	2	0	0
16	84000001	0.656062	0.66293	2	0	0
16	84500001	0.697366	0.66293	2	0	0
16	85000001	0.685528	0.66293	2	0	0
16	85500001	0.662521	0.66293	2	0	0
16	86000001	0.700596	0.66293	2	0	0
16	86500001	0.680946	0.66293	2	0	0
16	87000001	0.659534	0.66293	2	0	0
16	87500001	0.696366	0.66293	2	0	0
16	88000001	0.685194	0.66293	2	0	0
16	88500001	0.811804	0.66293	2	0	0
16	89000001	0.647319	0.66293	2	0	0
16	89500001	0.688112	0.66293	2	0	0
16	90000001	-1	-1	-1	0	0
17	1	-1	-1	-1	0	0
17	500001	0.963706	0.982643	3	0	0
17	1000001	0.983162	0.982643	3	0	0
17	1500001	0.962496	0.982643	3	0	0
17	2000001	0.974887	0.982643	3	0	0
17	2500001	0.885443	0.982643	3	0	0
17	3000001	1.02828	0.982643	3	0	0
17	3500001	0.974831	0.982643	3	0	0
17	4000001	0.979479	0.982643	3	0	0
17	4500001	1.03984	0.982643	3	0	0
17	5000001	0.978835	0.982643	3	0	0
17	5500001	1.03617	0.982643	3	0	0
17	6000001	1.02718	0.982643	3	0	0
17	6500001	1.01715	0.982643	3	0	0
17	7000001	0.980133	0.982643	3	0	0
17	7500001	1.01678	0.982643	3	0	0
17	8000001	0.998881	0.982643	3	0	0
17	8500001	0.981841	0.982643	3	0	0
17	9000001	0.969068	0.982643	3	0	0
17	9500001	0.94693	0.982643	3	0	0
17	10000001	1.00891	0.982643	3	0	0
17	10500001	0.976287	0.982643	3	0	0
17	11000001	0.977064	0.982643	3	0	0
17	11500001	0.987134	0.982643	3	0	0
17	12000001	0.981574	0.982643	3	0	0
17	12500001	0.947083	0.982643	3	0	0
17	13000001	1.01482	0.982643	3	0	0
17	13500001	0.961219	0.982643	3	0	0
17	14000001	0.937902	0.982643	3	0	0
17	14500001	1.01992	0.982643	3	0	0
17	15000001	1.02926	0.982643	3	0	0
17	15500001	0.97506	0.982643	3	0	0
17	16000001	0.945574	0.982643	3	0	0
17	16500001	0.992949	0.982643	3	0	0
17	17000001	0.982643	0.982643	3	0	0
17	17500001	1.05105	0.982643	3	0	0
17	18000001	1.05375	0.982643	3	0	0
17	18500001	1.01999	0.982643	3	0	0
17	19000001	1.05609	0.982643	3	0	0
17	19500001	0.998079	0.982643	3	0	0
17	20000001	1.00884	0.982643	3	0	0
17	20500001	0.954372	0.982643	3	0	0
17	21000001	1.13339	1.13339	3	0	0
17	21500001	1.40675	1.13339	3	0	0
17	22000001	1.12587	1.13339	3	0	0
17	22500001	1.15893	1.13339	3	0	0
17	23000001	0.963797	1.13339	3	0	0
17	23500001	0.400372	0.442248	1	0	0
17	24000001	0.50545	0.442248	1	0	0
17	24500001	0.382155	0.442248	1	0	0
17	25000001	0.689044	0.442248	1	0	0
17	25500001	0.484124	0.442248	1	0	0
17	26000001	0.235406	0.442248	1	0	0
17	26500001	3.52182	3.52182	11	0	0
17	27000001	1.01542	0.995604	3	0	0
17	27500001	1.00653	0.995604	3	0	0
17	28000001	0.97835	0.995604	3	0	0
17	28500001	1.05767	0.995604	3	0	0
17	29000001	0.969935	0.995604	3	0	0
17	29500001	1.02343	0.995604	3	0	0
17	30000001	1.0279	0.995604	3	0	0
17	30500001	0.985663	0.995604	3	0	0
17	31000001	1.00936	0.995604	3	0	0
17	31500001	0.974447	0.995604	3	0	0
17	32000001	0.939877	0.995604	3	0	0
17	32500001	1.01319	0.995604	3	0	0
17	33000001	1.01067	0.995604	3	0	0
17	33500001	0.992893	0.995604	3	0	0
17	34000001	1.02315	0.995604	3	0	0
17	34500001	1.01561	0.995604	3	0	0
17	35000001	0.999851	0.995604	3	0	0
17	35500001	1.00721	0.995604	3	0	0
17	36000001	0.950639	0.995604	3	0	0
17	36500001	1.00331	0.995604	3	0	0
17	37000001	0.976344	0.995604	3	0	0
17	37500001	0.934668	0.995604	3	0	0
17	38000001	0.76736	0.995604	3	0	0
17	38500001	0.944808	0.995604	3	0	0
17	39000001	0.968679	0.995604	3	0	0
17	39500001	0.933755	0.995604	3	0	0
17	40000001	1.00739	0.995604	3	0	0
17	40500001	0.998062	0.995604	3	0	0
17	41000001	0.978085	0.995604	3	0	0
17	41500001	0.952722	0.995604	3	0	0
17	42000001	0.981864	0.995604	3	0	0
17	42500001	1.00506	0.995604	3	0	0
17	43000001	0.975797	0.995604	3	0	0
17	43500001	1.02946	0.995604	3	0	0
17	44000001	0.977833	0.995604	3	0	0
17	44500001	0.955335	0.995604	3	0	0
17	45000001	1.0097	0.995604	3	0	0
17	45500001	1.09879	0.995604	3	0	0
17	46000001	0.760397	0.995604	3	0	0
17	46500001	0.833999	0.995604	3	0	0
17	47000001	1.00564	0.995604	3	0	0
17	47500001	1.02897	0.995604	3	0	0
17	48000001	1.00898	0.995604	3	0	0
17	48500001	1.01104	0.995604	3	0	0
17	49000001	1.0096	0.995604	3	0	0
17	49500001	1.02518	0.995604	3	0	0
17	50000001	1.01157	0.995604	3	0	0
17	50500001	0.995604	0.995604	3	0	0
17	51000001	1.05786	0.995604	3	0	0
17	51500001	1.01403	0.995604	3	0	0
17	52000001	0.98704	0.995604	3	0	0
17	52500001	1.00288	0.995604	3	0	0
17	53000001	0.982617	0.995604	3	0	0
17	53500001	0.992788	0.995604	3	0	0
17	54000001	1.02395	0.995604	3	0	0
17	54500001	1.00706	0.995604	3	0	0
17	55000001	0.994577	0.995604	3	0	0
17	55500001	1.00109	0.995604	3	0	0
17	56000001	1.0074	0.995604	3	0	0
17	56500001	1.00882	0.995604	3	0	0
17	57000001	1.01331	0.995604	3	0	0
17	57500001	1.0262	0.995604	3	0	0
17	58000001	1.03906	0.995604	3	0	0
17	58500001	0.96996	0.995604	3	0	0
17	59000001	0.974465	0.995604	3	0	0
17	59500001	0.951653	0.995604	3	0	0
17	60000001	0.978571	0.995604	3	0	0
17	60500001	0.97701	0.995604	3	0	0
17	61000001	0.971104	0.995604	3	0	0
17	61500001	0.980658	0.995604	3	0	0
17	62000001	0.959846	0.995604	3	0	0
17	62500001	0.978031	0.995604	3	0	0
17	63000001	0.992796	0.995604	3	0	0
17	63500001	1.01489	0.995604	3	0	0
17	64000001	0.989882	0.995604	3	0	0
17	64500001	1.0232	0.995604	3	0	0
17	65000001	0.981806	0.995604	3	0	0
17	65500001	0.974111	0.995604	3	0	0
17	66000001	1.01928	0.995604	3	0	0
17	66500001	1.02834	0.995604	3	0	0
17	67000001	0.998662	0.995604	3	0	0
17	67500001	0.985767	0.995604	3	0	0
17	68000001	0.96891	0.995604	3	0	0
17	68500001	0.994974	0.995604	3	0	0
17	69000001	0.943898	0.995604	3	0	0
17	69500001	0.946473	0.995604	3	0	0
17	70000001	0.931069	0.995604	3	0	0
17	70500001	1.00224	0.995604	3	0	0
17	71000001	0.952014	0.995604	3	0	0
17	71500001	0.977898	0.995604	3	0	0
17	72000001	1.04463	0.995604	3	0	0
17	72500001	0.975469	0.995604	3	0	0
17	73000001	0.980852	0.995604	3	0	0
17	73500001	1.02206	0.995604	3	0	0
17	74000001	1.00799	0.995604	3	0	0
17	74500001	1.00473	0.995604	3	0	0
17	75000001	0.948155	0.995604	3	0	0
17	75500001	1.02757	0.995604	3	0	0
17	76000001	0.989744	0.995604	3	0	0
17	76500001	0.981255	0.995604	3	0	0
17	77000001	1.02123	0.995604	3	0	0
17	77500001	0.985506	0.995604	3	0	0
17	78000001	0.996109	0.995604	3	0	0
17	78500001	1.00015	0.995604	3	0	0
17	79000001	1.06417	0.995604	3	0	0
17	79500001	1.00879	0.995604	3	0	0
17	80000001	0.976358	0.995604	3	0	0
17	80500001	0.991399	0.995604	3	0	0
17	81000001	1.19815	0.995604	3	0	0
17	81500001	1.06182	0.995604	3	0	0
17	82000001	1.03853	0.995604	3	0	0
17	82500001	0.96356	0.995604	3	0	0
17	83000001	0.506993	0.995604	3	0	0
18	1	2.44714	2.44714	7	0	0
18	500001	0.985402	0.986732	3	0	0
18	1000001	0.948438	0.986732	3	0	0
18	1500001	1.00422	0.986732	3	0	0
18	2000001	1.03255	0.986732	3	0	0
18	2500001	0.978623	0.986732	3	0	0
18	3000001	0.985167	0.986732	3	0	0
18	3500001	1.03169	0.986732	3	0	0
18	4000001	0.992222	0.986732	3	0	0
18	4500001	0.99043	0.986732	3	0	0
18	5000001	0.98562	0.986732	3	0	0
18	5500001	0.975935	0.986732	3	0	0
18	6000001	0.986732	0.986732	3	0	0
18	6500001	0.990428	0.986732	3	0	0
18	7000001	1.01147	0.986732	3	0	0
18	7500001	0.978059	0.986732	3	0	0
18	8000001	1.02179	0.986732	3	0	0
18	8500001	0.972404	0.986732	3	0	0
18	9000001	1.01191	0.986732	3	0	0
18	9500001	1.0245	0.986732	3	0	0
18	10000001	1.03073	0.986732	3	0	0
18	10500001	0.968938	0.986732	3	0	0
18	11000001	0.968745	0.986732	3	0	0
18	11500001	0.96137	0.986732	3	0	0
18	12000001	1.01798	0.986732	3	0	0
18	12500001	0.95376	0.986732	3	0	0
18	13000001	0.97939	0.986732	3	0	0
18	13500001	0.967052	0.986732	3	0	0
18	14000001	1.02329	0.986732	3	0	0
18	14500001	0.932158	0.986732	3	0	0
18	15000001	1.15101	0.986732	3	0	0
18	15500001	1.17847	0.986732	3	0	0
18	16000001	1.54955	1.54955	5	0	0
18	16500001	1.34924	1.28004	4	0	0
18	17000001	1.33882	1.28004	4	0	0
18	17500001	1.22126	1.28004	4	0	0
18	18000001	1.2113	1.28004	4	0	0
18	18500001	1.04619	0.996527	3	0	0
18	19000001	1.0641	0.996527	3	0	0
18	19500001	0.964559	0.996527	3	0	0
18	20000001	1.03059	0.996527	3	0	0
18	20500001	0.835885	0.996527	3	0	0
18	21000001	0.97673	0.996527	3	0	0
18	21500001	0.963539	0.996527	3	0	0
18	22000001	0.995787	0.996527	3	0	0
18	22500001	1.01851	0.996527	3	0	0
18	23000001	1.01724	0.996527	3	0	0
18	23500001	1.02001	0.996527	3	0	0
18	24000001	0.990021	0.996527	3	0	0
18	24500001	1.02533	0.996527	3	0	0
18	25000001	0.990016	0.996527	3	0	0
18	25500001	0.950134	0.996527	3	0	0
18	26000001	0.925055	0.996527	3	0	0
18	26500001	0.970643	0.996527	3	0	0
18	27000001	1.00605	0.996527	3	0	0
18	27500001	1.00032	0.996527	3	0	0
18	28000001	1.04363	0.996527	3	0	0
18	28500001	1.01802	0.996527	3	0	0
18	29000001	1.01088	0.996527	3	0	0
18	29500001	1.00933	0.996527	3	0	0
18	30000001	0.989969	0.996527	3	0	0
18	30500001	1.00444	0.996527	3	0	0
18	31000001	0.97162	0.996527	3	0	0
18	31500001	0.961569	0.996527	3	0	0
18	32000001	0.996527	0.996527	3	0	0
18	32500001	0.974726	0.996527	3	0	0
18	33000001	0.983763	0.996527	3	0	0
18	33500001	0.979199	0.996527	3	0	0
18	34000001	1.0018	0.996527	3	0	0
18	34500001	0.995262	0.996527	3	0	0
18	35000001	1.01767	0.996527	3	0	0
18	35500001	0.997332	0.996527	3	0	0
18	36000001	0.982866	0.996527	3	0	0
18	36500001	1.0302	0.996527	3	0	0
18	37000001	1.30657	1.31706	4	0	0
18	37500001	1.32255	1.31706	4	0	0
18	38000001	1.29058	1.31706	4	0	0
18	38500001	1.27785	1.31706	4	0	0
18	39000001	1.29662	1.31706	4	0	0
18	39500001	1.2614	1.31706	4	0	0
18	40000001	1.35502	1.31706	4	0	0
18	40500001	1.32376	1.31706	4	0	0
18	41000001	1.31218	1.31706	4	0	0
18	41500001	1.34821	1.31706	4	0	0
18	42000001	1.31706	1.31706	4	0	0
18	42500001	1.29304	1.31706	4	0	0
18	43000001	1.33748	1.31706	4	0	0
18	43500001	1.3612	1.31706	4	0	0
18	44000001	1.32576	1.31706	4	0	0
18	44500001	1.31509	1.31706	4	0	0
18	45000001	1.34811	1.31706	4	0	0
18	45500001	1.36526	1.31706	4	0	0
18	46000001	1.13959	1.31706	4	0	0
18	46500001	0.698777	0.659135	2	0	0
18	47000001	0.739042	0.659135	2	0	0
18	47500001	0.71347	0.659135	2	0	0
18	48000001	0.70221	0.659135	2	0	0
18	48500001	0.715437	0.659135	2	0	0
18	49000001	0.659135	0.659135	2	0	0
18	49500001	0.695441	0.659135	2	0	0
18	50000001	0.677636	0.659135	2	0	0
18	50500001	0.640006	0.659135	2	0	0
18	51000001	0.641054	0.659135	2	0	0
18	51500001	0.635117	0.659135	2	0	0
18	52000001	0.647933	0.659135	2	0	0
18	52500001	0.654287	0.659135	2	0	0
18	53000001	0.645338	0.659135	2	0	0
18	53500001	0.670463	0.659135	2	0	0
18	54000001	0.650254	0.659135	2	0	0
18	54500001	0.66135	0.659135	2	0	0
18	55000001	0.696608	0.659135	2	0	0
18	55500001	0.635216	0.659135	2	0	0
18	56000001	0.644586	0.659135	2	0	0
18	56500001	0.643056	0.659135	2	0	0
18	57000001	0.689237	0.659135	2	0	0
18	57500001	0.661688	0.659135	2	0	0
18	58000001	0.674542	0.659135	2	0	0
18	58500001	0.671281	0.659135	2	0	0
18	59000001	0.686519	0.659135	2	0	0
18	59500001	0.673079	0.659135	2	0	0
18	60000001	0.694678	0.659135	2	0	0
18	60500001	0.684102	0.659135	2	0	0
18	61000001	0.676834	0.659135	2	0	0
18	61500001	0.684458	0.659135	2	0	0
18	62000001	0.658233	0.659135	2	0	0
18	62500001	0.654485	0.659135	2	0	0
18	63000001	0.657842	0.659135	2	0	0
18	63500001	0.643207	0.659135	2	0	0
18	64000001	0.658624	0.659135	2	0	0
18	64500001	0.640124	0.659135	2	0	0
18	65000001	0.646983	0.659135	2	0	0
18	65500001	0.630922	0.659135	2	0	0
18	66000001	0.644644	0.659135	2	0	0
18	66500001	0.688519	0.659135	2	0	0
18	67000001	0.660425	0.659135	2	0	0
18	67500001	0.676594	0.659135	2	0	0
18	68000001	0.65218	0.659135	2	0	0
18	68500001	0.659915	0.659135	2	0	0
18	69000001	0.672801	0.659135	2	0	0
18	69500001	0.650697	0.659135	2	0	0
18	70000001	0.684619	0.659135	2	0	0
18	70500001	0.701416	0.659135	2	0	0
18	71000001	0.656987	0.659135	2	0	0
18	71500001	0.679921	0.659135	2	0	0
18	72000001	0.655452	0.659135	2	0	0
18	72500001	0.646047	0.659135	2	0	0
18	73000001	0.682709	0.659135	2	0	0
18	73500001	0.659368	0.659135	2	0	0
18	74000001	0.690226	0.659135	2	0	0
18	74500001	0.635943	0.659135	2	0	0
18	75000001	0.656489	0.659135	2	0	0
18	75500001	0.652593	0.659135	2	0	0
18	76000001	0.629992	0.659135	2	0	0
18	76500001	0.624892	0.659135	2	0	0
18	77000001	0.630068	0.659135	2	0	0
18	77500001	0.630855	0.659135	2	0	0
18	78000001	0.660981	0.659135	2	0	0
18	78500001	0.608805	0.659135	2	0	0
18	79000001	0.635383	0.659135	2	0	0
18	79500001	0.667131	0.659135	2	0	0
18	80000001	-1	-1	-1	0	0
19	1	0.933856	0.975865	3	0	0
19	500001	1.16392	0.975865	3	0	0
19	1000001	1.19992	0.975865	3	0	0
19	1500001	1.00634	0.975865	3	0	0
19	2000001	1.01012	0.975865	3	0	0
19	2500001	0.974797	0.975865	3	0	0
19	3000001	0.993422	0.975865	3	0	0
19	3500001	1.03159	0.975865	3	0	0
19	4000001	0.989251	0.975865	3	0	0
19	4500001	0.966343	0.975865	3	0	0
19	5000001	0.972039	0.975865	3	0	0
19	5500001	1.00773	0.975865	3	0	0
19	6000001	0.915538	0.975865	3	0	0
19	6500001	0.961296	0.975865	3	0	0
19	7000001	0.936799	0.975865	3	0	0
19	7500001	0.947519	0.975865	3	0	0
19	8000001	0.891739	0.975865	3	0	0
19	8500001	1.33854	0.975865	3	0	0
19	9000001	0.908825	0.975865	3	0	0
19	9500001	1.00037	0.975865	3	0	0
19	10000001	1.00803	0.975865	3	0	0
19	10500001	0.928191	0.975865	3	0	0
19	11000001	0.98991	0.975865	3	0	0
19	11500001	0.971891	0.975865	3	0	0
19	12000001	0.947996	0.975865	3	0	0
19	12500001	0.959384	0.975865	3	0	0
19	13000001	1.01137	0.975865	3	0	0
19	13500001	0.960056	0.975865	3	0	0
19	14000001	0.925297	0.975865	3	0	0
19	14500001	1.01725	0.975865	3	0	0
19	15000001	0.976932	0.975865	3	0	0
19	15500001	1.01015	0.975865	3	0	0
19	16000001	0.992483	0.975865	3	0	0
19	16500001	0.965883	0.975865	3	0	0
19	17000001	0.951524	0.975865	3	0	0
19	17500001	0.992977	0.975865	3	0	0
19	18000001	0.973466	0.975865	3	0	0
19	18500001	1.0212	0.975865	3	0	0
19	19000001	0.967699	0.975865	3	0	0
19	19500001	0.977394	0.975865	3	0	0
19	20000001	1.00685	0.975865	3	0	0
19	20500001	0.925524	0.975865	3	0	0
19	21000001	0.938005	0.975865	3	0	0
19	21500001	0.981406	0.975865	3	0	0
19	22000001	0.950054	0.975865	3	0	0
19	22500001	0.938595	0.975865	3	0	0
19	23000001	1.00737	0.975865	3	0	0
19	23500001	0.955214	0.975865	3	0	0
19	24000001	1.2551	0.975865	3	0	0
19	24500001	1.00141	0.975865	3	0	0
19	25000001	1.233	1.43686	4	0	0
19	25500001	1.43686	1.43686	4	0	0
19	26000001	1.56823	1.43686	4	0	0
19	26500001	2.06159	2.06159	6	0	0
19	27000001	2.78906	2.78906	8	0	0
19	27500001	1.04627	0.982211	3	0	0
19	28000001	0.975701	0.982211	3	0	0
19	28500001	0.976077	0.982211	3	0	0
19	29000001	1.016	0.982211	3	0	0
19	29500001	1.03163	0.982211	3	0	0
19	30000001	1.03035	0.982211	3	0	0
19	30500001	1.00409	0.982211	3	0	0
19	31000001	0.958688	0.982211	3	0	0
19	31500001	0.97278	0.982211	3	0	0
19	32000001	0.954332	0.982211	3	0	0
19	32500001	0.960517	0.982211	3	0	0
19	33000001	0.983554	0.982211	3	0	0
19	33500001	0.945797	0.982211	3	0	0
19	34000001	1.0261	0.982211	3	0	0
19	34500001	1.04205	0.982211	3	0	0
19	35000001	1.02105	0.982211	3	0	0
19	35500001	0.965537	0.982211	3	0	0
19	36000001	1.18792	0.982211	3	0	0
19	36500001	0.939621	0.982211	3	0	0
19	37000001	1.06629	0.982211	3	0	0
19	37500001	0.98907	0.982211	3	0	0
19	38000001	0.982211	0.982211	3	0	0
19	38500001	0.985585	0.982211	3	0	0
19	39000001	0.959366	0.982211	3	0	0
19	39500001	1.05698	0.982211	3	0	0
19	40000001	0.953653	0.982211	3	0	0
19	40500001	1.04626	0.982211	3	0	0
19	41000001	0.980356	0.982211	3	0	0
19	41500001	1.0668	0.982211	3	0	0
19	42000001	1.04319	0.982211	3	0	0
19	42500001	0.984179	0.982211	3	0	0
19	43000001	1.0865	0.982211	3	0	0
19	43500001	0.997262	0.982211	3	0	0
19	44000001	1.03362	0.982211	3	0	0
19	44500001	0.993491	0.982211	3	0	0
19	45000001	0.986733	0.982211	3	0	0
19	45500001	0.919985	0.982211	3	0	0
19	46000001	0.975757	0.982211	3	0	0
19	46500001	0.968119	0.982211	3	0	0
19	47000001	0.967005	0.982211	3	0	0
19	47500001	1.22244	0.982211	3	0	0
19	48000001	0.968563	0.982211	3	0	0
19	48500001	0.964555	0.982211	3	0	0
19	49000001	0.978041	0.982211	3	0	0
19	49500001	0.989711	0.982211	3	0	0
19	50000001	1.15283	0.982211	3	0	0
19	50500001	0.966872	0.982211	3	0	0
19	51000001	1.00291	0.982211	3	0	0
19	51500001	1.01053	0.982211	3	0	0
19	52000001	0.973705	0.982211	3	0	0
19	52500001	0.956321	0.982211	3	0	0
19	53000001	0.940363	0.982211	3	0	0
19	53500001	0.907125	0.982211	3	0	0
19	54000001	0.941808	0.982211	3	0	0
19	54500001	0.95176	0.982211	3	0	0
19	55000001	0.974522	0.982211	3	0	0
19	55500001	1.0015	0.982211	3	0	0
19	56000001	0.915488	0.982211	3	0	0
19	56500001	0.956725	0.982211	3	0	0
19	57000001	0.959376	0.982211	3	0	0
19	57500001	0.994203	0.982211	3	0	0
19	58000001	1.09154	0.982211	3	0	0
19	58500001	0.263034	0.982211	3	0	0
2	1	0.663511	0.666295	2	0	0
2	500001	0.651553	0.666295	2	0	0
2	1000001	0.662095	0.666295	2	0	0
2	1500001	0.650078	0.666295	2	0	0
2	2000001	0.653034	0.666295	2	0	0
2	2500001	0.669873	0.666295	2	0	0
2	3000001	0.644581	0.666295	2	0	0
2	3500001	0.680951	0.666295	2	0	0
2	4000001	0.632641	0.666295	2	0	0
2	4500001	0.665808	0.666295	2	0	0
2	5000001	0.6197	0.666295	2	0	0
2	5500001	0.664398	0.666295	2	0	0
2	6000001	0.622743	0.666295	2	0	0
2	6500001	0.674314	0.666295	2	0	0
2	7000001	0.656196	0.666295	2	0	0
2	7500001	0.705499	0.666295	2	0	0
2	8000001	0.662942	0.666295	2	0	0
2	8500001	0.64065	0.666295	2	0	0
2	9000001	0.686826	0.666295	2	0	0
2	9500001	0.686837	0.666295	2	0	0
2	10000001	0.682367	0.666295	2	0	0
2	10500001	0.676828	0.666295	2	0	0
2	11000001	0.648231	0.666295	2	0	0
2	11500001	0.670966	0.666295	2	0	0
2	12000001	0.660177	0.666295	2	0	0
2	12500001	0.695283	0.666295	2	0	0
2	13000001	0.678414	0.666295	2	0	0
2	13500001	0.662811	0.666295	2	0	0
2	14000001	0.665614	0.666295	2	0	0
2	14500001	0.630077	0.666295	2	0	0
2	15000001	0.634571	0.666295	2	0	0
2	15500001	0.624128	0.666295	2	0	0
2	16000001	0.633517	0.666295	2	0	0
2	16500001	0.710688	0.666295	2	0	0
2	17000001	0.654325	0.666295	2	0	0
2	17500001	0.682997	0.666295	2	0	0
2	18000001	0.653127	0.666295	2	0	0
2	18500001	0.643283	0.666295	2	0	0
2	19000001	0.686068	0.666295	2	0	0
2	19500001	0.693994	0.666295	2	0	0
2	20000001	0.685799	0.666295	2	0	0
2	20500001	0.68651	0.666295	2	0	0
2	21000001	0.637636	0.666295	2	0	0
2	21500001	0.640586	0.666295	2	0	0
2	22000001	0.678404	0.666295	2	0	0
2	22500001	0.66508	0.666295	2	0	0
2	23000001	0.708233	0.666295	2	0	0
2	23500001	0.658098	0.666295	2	0	0
2	24000001	0.679817	0.666295	2	0	0
2	24500001	0.676304	0.666295	2	0	0
2	25000001	0.631621	0.666295	2	0	0
2	25500001	0.664279	0.666295	2	0	0
2	26000001	0.652431	0.666295	2	0	0
2	26500001	0.692408	0.666295	2	0	0
2	27000001	0.698561	0.666295	2	0	0
2	27500001	0.711169	0.666295	2	0	0
2	28000001	0.705018	0.666295	2	0	0
2	28500001	0.708797	0.666295	2	0	0
2	29000001	0.708185	0.666295	2	0	0
2	29500001	0.715942	0.666295	2	0	0
2	30000001	0.674416	0.666295	2	0	0
2	30500001	0.680802	0.666295	2	0	0
2	31000001	0.682982	0.666295	2	0	0
2	31500001	0.668811	0.666295	2	0	0
2	32000001	0.619191	0.666295	2	0	0
2	32500001	0.641725	0.666295	2	0	0
2	33000001	0.669665	0.666295	2	0	0
2	33500001	0.671964	0.666295	2	0	0
2	34000001	0.62408	0.666295	2	0	0
2	34500001	0.627309	0.666295	2	0	0
2	35000001	0.685018	0.666295	2	0	0
2	35500001	0.677224	0.666295	2	0	0
2	36000001	0.673168	0.666295	2	0	0
2	36500001	0.649992	0.666295	2	0	0
2	37000001	0.675342	0.666295	2	0	0
2	37500001	0.715604	0.666295	2	0	0
2	38000001	0.690594	0.666295	2	0	0
2	38500001	0.682083	0.666295	2	0	0
2	39000001	0.65901	0.666295	2	0	0
2	39500001	0.665839	0.666295	2	0	0
2	40000001	0.680588	0.666295	2	0	0
2	40500001	0.66364	0.666295	2	0	0
2	41000001	0.666295	0.666295	2	0	0
2	41500001	0.655388	0.666295	2	0	0
2	42000001	0.645652	0.666295	2	0	0
2	42500001	0.653428	0.666295	2	0	0
2	43000001	0.689006	0.666295	2	0	0
2	43500001	0.692241	0.666295	2	0	0
2	44000001	0.644583	0.666295	2	0	0
2	44500001	0.656703	0.666295	2	0	0
2	45000001	0.672232	0.666295	2	0	0
2	45500001	0.687526	0.666295	2	0	0
2	46000001	0.692119	0.666295	2	0	0
2	46500001	0.71834	0.666295	2	0	0
2	47000001	0.689835	0.666295	2	0	0
2	47500001	0.682035	0.666295	2	0	0
2	48000001	0.667215	0.666295	2	0	0
2	48500001	0.654392	0.666295	2	0	0
2	49000001	0.630705	0.666295	2	0	0
2	49500001	0.659456	0.666295	2	0	0
2	50000001	0.656514	0.666295	2	0	0
2	50500001	0.665513	0.666295	2	0	0
2	51000001	0.67361	0.666295	2	0	0
2	51500001	0.636612	0.666295	2	0	0
2	52000001	0.652428	0.666295	2	0	0
2	52500001	0.642083	0.666295	2	0	0
2	53000001	0.688598	0.666295	2	0	0
2	53500001	0.657624	0.666295	2	0	0
2	54000001	0.630466	0.666295	2	0	0
2	54500001	0.684656	0.666295	2	0	0
2	55000001	0.660366	0.666295	2	0	0
2	55500001	0.68316	0.666295	2	0	0
2	56000001	0.680636	0.666295	2	0	0
2	56500001	0.674591	0.666295	2	0	0
2	57000001	0.651529	0.666295	2	0	0
2	57500001	0.673501	0.666295	2	0	0
2	58000001	0.644686	0.666295	2	0	0
2	58500001	0.668984	0.666295	2	0	0
2	59000001	0.644853	0.666295	2	0	0
2	59500001	0.665964	0.666295	2	0	0
2	60000001	0.669475	0.666295	2	0	0
2	60500001	0.68625	0.666295	2	0	0
2	61000001	0.649003	0.666295	2	0	0
2	61500001	0.631274	0.666295	2	0	0
2	62000001	0.681279	0.666295	2	0	0
2	62500001	0.692706	0.666295	2	0	0
2	63000001	0.662584	0.666295	2	0	0
2	63500001	0.680781	0.666295	2	0	0
2	64000001	0.68852	0.666295	2	0	0
2	64500001	0.683718	0.666295	2	0	0
2	65000001	0.666869	0.666295	2	0	0
2	65500001	0.67911	0.666295	2	0	0
2	66000001	0.661139	0.666295	2	0	0
2	66500001	0.687765	0.666295	2	0	0
2	67000001	0.630185	0.666295	2	0	0
2	67500001	0.680383	0.666295	2	0	0
2	68000001	0.64875	0.666295	2	0	0
2	68500001	0.705059	0.666295	2	0	0
2	69000001	0.674052	0.666295	2	0	0
2	69500001	0.674659	0.666295	2	0	0
2	70000001	0.663421	0.666295	2	0	0
2	70500001	0.6855	0.666295	2	0	0
2	71000001	0.665187	0.666295	2	0	0
2	71500001	0.745859	0.666295	2	0	0
2	72000001	0.688739	0.666295	2	0	0
2	72500001	0.693176	0.666295	2	0	0
2	73000001	0.679702	0.666295	2	0	0
2	73500001	0.665726	0.666295	2	0	0
2	74000001	0.666065	0.666295	2	0	0
2	74500001	0.726226	0.666295	2	0	0
2	75000001	0.675668	0.666295	2	0	0
2	75500001	0.663984	0.666295	2	0	0
2	76000001	0.662445	0.666295	2	0	0
2	76500001	0.629716	0.666295	2	0	0
2	77000001	0.645043	0.666295	2	0	0
2	77500001	0.662269	0.666295	2	0	0
2	78000001	0.67336	0.666295	2	0	0
2	78500001	0.634037	0.666295	2	0	0
2	79000001	0.67984	0.666295	2	0	0
2	79500001	0.679586	0.666295	2	0	0
2	80000001	0.652798	0.666295	2	0	0
2	80500001	0.639228	0.666295	2	0	0
2	81000001	0.646321	0.666295	2	0	0
2	81500001	0.664394	0.666295	2	0	0
2	82000001	0.638975	0.666295	2	0	0
2	82500001	0.645205	0.666295	2	0	0
2	83000001	0.645864	0.666295	2	0	0
2	83500001	0.646128	0.666295	2	0	0
2	84000001	0.694881	0.666295	2	0	0
2	84500001	0.67305	0.666295	2	0	0
2	85000001	0.663845	0.666295	2	0	0
2	85500001	1.22992	1.28279	4	0	0
2	86000001	1.3154	1.28279	4	0	0
2	86500001	1.28279	1.28279	4	0	0
2	87000001	1.47981	1.28279	4	0	0
2	87500001	1.24513	1.28279	4	0	0
2	88000001	1.08584	1.02811	3	0	0
2	88500001	0.970373	1.02811	3	0	0
2	89000001	-1	-1	-1	0	0
2	89500001	-1	-1	-1	0	0
2	90000001	-1	-1	-1	0	0
2	90500001	-1	-1	-1	0	0
2	91000001	-1	-1	-1	0	0
2	91500001	1.38846	1.44251	4	0	0
2	92000001	1.44251	1.44251	4	0	0
2	92500001	1.45694	1.44251	4	0	0
2	93000001	0.73399	0.716251	2	0	0
2	93500001	0.698512	0.716251	2	0	0
2	94000001	-1	-1	-1	0	0
2	94500001	1.08834	1.05087	3	0	0
2	95000001	1.02424	1.05087	3	0	0
2	95500001	1.10633	1.05087	3	0	0
2	96000001	1.00621	1.05087	3	0	0
2	96500001	1.0137	1.05087	3	0	0
2	97000001	1.07749	1.05087	3	0	0
2	97500001	0.954224	1.00327	3	0	0
2	98000001	1.03194	1.00327	3	0	0
2	98500001	1.01565	1.00327	3	0	0
2	99000001	0.965371	1.00327	3	0	0
2	99500001	1.00293	1.00327	3	0	0
2	100000001	0.994373	1.00327	3	0	0
2	100500001	1.02048	1.00327	3	0	0
2	101000001	1.02441	1.00327	3	0	0
2	101500001	1.03456	1.00327	3	0	0
2	102000001	1.07821	1.00327	3	0	0
2	102500001	0.962711	1.00327	3	0	0
2	103000001	0.994624	1.00327	3	0	0
2	103500001	0.977822	1.00327	3	0	0
2	104000001	0.974298	1.00327	3	0	0
2	104500001	0.969775	1.00327	3	0	0
2	105000001	0.966516	1.00327	3	0	0
2	105500001	1.00581	1.00327	3	0	0
2	106000001	0.95233	1.00327	3	0	0
2	106500001	0.968112	1.00327	3	0	0
2	107000001	1.01792	1.00327	3	0	0
2	107500001	0.977226	1.00327	3	0	0
2	108000001	1.04323	1.00327	3	0	0
2	108500001	0.972211	1.00327	3	0	0
2	109000001	1.0605	1.00327	3	0	0
2	109500001	0.932895	1.00327	3	0	0
2	110000001	1.0228	1.00327	3	0	0
2	110500001	1.02518	1.00327	3	0	0
2	111000001	1.11176	1.00327	3	0	0
2	111500001	1.03123	1.00327	3	0	0
2	112000001	1.05851	1.00327	3	0	0
2	112500001	1.04563	1.00327	3	0	0
2	113000001	1.06224	1.00327	3	0	0
2	113500001	1.03215	1.00327	3	0	0
2	114000001	1.02036	1.00327	3	0	0
2	114500001	0.977264	1.00327	3	0	0
2	115000001	1.01062	1.00327	3	0	0
2	115500001	1.01269	1.00327	3	0	0
2	116000001	0.969205	1.00327	3	0	0
2	116500001	0.959102	1.00327	3	0	0
2	117000001	0.962212	1.00327	3	0	0
2	117500001	1.04494	1.00327	3	0	0
2	118000001	0.999186	1.00327	3	0	0
2	118500001	1.04494	1.00327	3	0	0
2	119000001	0.993128	1.00327	3	0	0
2	119500001	0.98537	1.00327	3	0	0
2	120000001	0.943895	1.00327	3	0	0
2	120500001	1.01379	1.00327	3	0	0
2	121000001	1.0041	1.00327	3	0	0
2	121500001	1.00482	1.00327	3	0	0
2	122000001	1.01753	1.00327	3	0	0
2	122500001	0.952666	1.00327	3	0	0
2	123000001	1.00058	1.00327	3	0	0
2	123500001	0.971807	1.00327	3	0	0
2	124000001	0.958341	1.00327	3	0	0
2	124500001	0.973426	1.00327	3	0	0
2	125000001	0.957178	1.00327	3	0	0
2	125500001	0.969429	1.00327	3	0	0
2	126000001	0.922158	1.00327	3	0	0
2	126500001	1.03911	1.00327	3	0	0
2	127000001	1.03963	1.00327	3	0	0
2	127500001	1.02147	1.00327	3	0	0
2	128000001	1.0031	1.00327	3	0	0
2	128500001	1.02463	1.00327	3	0	0
2	129000001	0.988173	1.00327	3	0	0
2	129500001	1.04029	1.00327	3	0	0
2	130000001	0.941156	1.00327	3	0	0
2	130500001	1.00547	1.00327	3	0	0
2	131000001	1.01389	1.00327	3	0	0
2	131500001	1.01423	1.00327	3	0	0
2	132000001	1.02739	1.00327	3	0	0
2	132500001	0.987403	1.00327	3	0	0
2	133000001	1.01379	1.00327	3	0	0
2	133500001	0.979088	1.00327	3	0	0
2	134000001	0.991162	1.00327	3	0	0
2	134500001	0.981181	1.00327	3	0	0
2	135000001	0.956842	1.00327	3	0	0
2	135500001	0.994956	1.00327	3	0	0
2	136000001	1.02531	1.00327	3	0	0
2	136500001	1.00368	1.00327	3	0	0
2	137000001	0.988036	1.00327	3	0	0
2	137500001	1.00961	1.00327	3	0	0
2	138000001	1.0239	1.00327	3	0	0
2	138500001	1.03311	1.00327	3	0	0
2	139000001	1.0658	1.00327	3	0	0
2	139500001	1.00309	1.00327	3	0	0
2	140000001	1.00673	1.00327	3	0	0
2	140500001	1.03804	1.00327	3	0	0
2	141000001	0.969953	1.00327	3	0	0
2	141500001	0.958599	1.00327	3	0	0
2	142000001	1.02319	1.00327	3	0	0
2	142500001	0.954182	1.00327	3	0	0
2	143000001	1.00015	1.00327	3	0	0
2	143500001	1.01877	1.00327	3	0	0
2	144000001	0.999747	1.00327	3	0	0
2	144500001	1.02781	1.00327	3	0	0
2	145000001	1.02056	1.00327	3	0	0
2	145500001	0.990855	1.00327	3	0	0
2	146000001	1.05696	1.00327	3	0	0
2	146500001	1.01406	1.00327	3	0	0
2	147000001	0.994968	1.00327	3	0	0
2	147500001	0.986373	1.00327	3	0	0
2	148000001	0.991092	1.00327	3	0	0
2	148500001	0.998119	1.00327	3	0	0
2	149000001	1.01115	1.00327	3	0	0
2	149500001	1.0374	1.00327	3	0	0
2	150000001	1.03593	1.00327	3	0	0
2	150500001	1.0206	1.00327	3	0	0
2	151000001	1.00186	1.00327	3	0	0
2	151500001	0.998879	1.00327	3	0	0
2	152000001	1.01398	1.00327	3	0	0
2	152500001	1.01333	1.00327	3	0	0
2	153000001	1.00327	1.00327	3	0	0
2	153500001	0.964375	1.00327	3	0	0
2	154000001	0.992257	1.00327	3	0	0
2	154500001	0.985808	1.00327	3	0	0
2	155000001	1.03089	1.00327	3	0	0
2	155500001	1.00568	1.00327	3	0	0
2	156000001	0.995821	1.00327	3	0	0
2	156500001	0.987682	1.00327	3	0	0
2	157000001	1.0053	1.00327	3	0	0
2	157500001	0.987834	1.00327	3	0	0
2	158000001	0.991639	1.00327	3	0	0
2	158500001	0.987113	1.00327	3	0	0
2	159000001	0.944235	1.00327	3	0	0
2	159500001	1.01313	1.00327	3	0	0
2	160000001	1.07424	1.00327	3	0	0
2	160500001	1.01663	1.00327	3	0	0
2	161000001	1.02861	1.00327	3	0	0
2	161500001	1.01813	1.00327	3	0	0
2	162000001	1.0016	1.00327	3	0	0
2	162500001	1.00724	1.00327	3	0	0
2	163000001	1.0049	1.00327	3	0	0
2	163500001	0.999311	1.00327	3	0	0
2	164000001	0.998267	1.00327	3	0	0
2	164500001	0.991444	1.00327	3	0	0
2	165000001	1.02044	1.00327	3	0	0
2	165500001	0.934312	1.00327	3	0	0
2	166000001	0.982399	1.00327	3	0	0
2	166500001	0.98776	1.00327	3	0	0
2	167000001	1.0024	1.00327	3	0	0
2	167500001	1.02138	1.00327	3	0	0
2	168000001	0.981255	1.00327	3	0	0
2	168500001	1.0092	1.00327	3	0	0
2	169000001	1.00665	1.00327	3	0	0
2	169500001	0.981587	1.00327	3	0	0
2	170000001	1.02168	1.00327	3	0	0
2	170500001	0.965444	1.00327	3	0	0
2	171000001	0.99642	1.00327	3	0	0
2	171500001	0.98301	1.00327	3	0	0
2	172000001	1.02582	1.00327	3	0	0
2	172500001	1.02527	1.00327	3	0	0
2	173000001	0.984882	1.00327	3	0	0
2	173500001	1.03267	1.00327	3	0	0
2	174000001	1.01302	1.00327	3	0	0
2	174500001	1.00965	1.00327	3	0	0
2	175000001	0.98494	1.00327	3	0	0
2	175500001	0.971573	1.00327	3	0	0
2	176000001	0.964835	1.00327	3	0	0
2	176500001	0.997465	1.00327	3	0	0
2	177000001	1.01301	1.00327	3	0	0
2	177500001	1.05336	1.00327	3	0	0
2	178000001	1.01423	1.00327	3	0	0
2	178500001	0.996137	1.00327	3	0	0
2	179000001	0.945281	1.00327	3	0	0
2	179500001	0.989072	1.00327	3	0	0
2	180000001	0.99991	1.00327	3	0	0
2	180500001	1.00525	1.00327	3	0	0
2	181000001	0.988044	1.00327	3	0	0
2	181500001	1.04891	1.00327	3	0	0
2	182000001	1.04948	1.00327	3	0	0
2	182500001	0.998244	1.00327	3	0	0
2	183000001	0.972886	1.00327	3	0	0
2	183500001	0.999644	1.00327	3	0	0
2	184000001	1.00327	1.00327	3	0	0
2	184500001	0.99165	1.00327	3	0	0
2	185000001	0.985507	1.00327	3	0	0
2	185500001	1.01189	1.00327	3	0	0
2	186000001	1.01504	1.00327	3	0	0
2	186500001	1.01825	1.00327	3	0	0
2	187000001	0.993848	1.00327	3	0	0
2	187500001	1.01109	1.00327	3	0	0
2	188000001	1.02697	1.00327	3	0	0
2	188500001	1.03921	1.00327	3	0	0
2	189000001	1.0115	1.00327	3	0	0
2	189500001	1.00835	1.00327	3	0	0
2	190000001	1.01983	1.00327	3	0	0
2	190500001	1.02362	1.00327	3	0	0
2	191000001	1.03537	1.00327	3	0	0
2	191500001	1.06939	1.00327	3	0	0
2	192000001	1.00114	1.00327	3	0	0
2	192500001	1.00952	1.00327	3	0	0
2	193000001	1.01397	1.00327	3	0	0
2	193500001	1.01788	1.00327	3	0	0
2	194000001	0.985947	1.00327	3	0	0
2	194500001	1.03621	1.00327	3	0	0
2	195000001	1.01042	1.00327	3	0	0
2	195500001	0.966295	1.00327	3	0	0
2	196000001	1.05858	1.00327	3	0	0
2	196500001	0.983276	1.00327	3	0	0
2	197000001	0.993242	1.00327	3	0	0
2	197500001	0.980402	1.00327	3	0	0
2	198000001	0.996113	1.00327	3	0	0
2	198500001	1.00119	1.00327	3	0	0
2	199000001	0.952817	1.00327	3	0	0
2	199500001	0.999274	1.00327	3	0	0
2	200000001	1.02365	1.00327	3	0	0
2	200500001	1.02518	1.00327	3	0	0
2	201000001	1.0041	1.00327	3	0	0
2	201500001	1.04617	1.00327	3	0	0
2	202000001	0.959899	1.00327	3	0	0
2	202500001	0.976679	1.00327	3	0	0
2	203000001	0.955722	1.00327	3	0	0
2	203500001	1.01811	1.00327	3	0	0
2	204000001	1.03805	1.00327	3	0	0
2	204500001	0.996235	1.00327	3	0	0
2	205000001	0.898703	1.00327	3	0	0
2	205500001	0.705078	0.669819	2	0	0
2	206000001	0.646367	0.669819	2	0	0
2	206500001	0.666646	0.669819	2	0	0
2	207000001	0.678183	0.669819	2	0	0
2	207500001	0.648605	0.669819	2	0	0
2	208000001	0.659566	0.669819	2	0	0
2	208500001	0.661126	0.669819	2	0	0
2	209000001	0.704046	0.669819	2	0	0
2	209500001	0.657859	0.669819	2	0	0
2	210000001	0.632518	0.669819	2	0	0
2	210500001	0.679157	0.669819	2	0	0
2	211000001	0.629092	0.669819	2	0	0
2	211500001	0.662815	0.669819	2	0	0
2	212000001	0.646261	0.669819	2	0	0
2	212500001	0.675991	0.669819	2	0	0
2	213000001	0.70212	0.669819	2	0	0
2	213500001	0.664328	0.669819	2	0	0
2	214000001	0.686154	0.669819	2	0	0
2	214500001	0.642414	0.669819	2	0	0
2	215000001	0.671351	0.669819	2	0	0
2	215500001	0.68284	0.669819	2	0	0
2	216000001	0.676495	0.669819	2	0	0
2	216500001	0.653422	0.669819	2	0	0
2	217000001	0.684522	0.669819	2	0	0
2	217500001	0.679829	0.669819	2	0	0
2	218000001	0.679261	0.669819	2	0	0
2	218500001	0.683055	0.669819	2	0	0
2	219000001	0.665395	0.669819	2	0	0
2	219500001	0.720092	0.669819	2	0	0
2	220000001	0.654594	0.669819	2	0	0
2	220500001	0.677552	0.669819	2	0	0
2	221000001	0.66984	0.669819	2	0	0
2	221500001	0.680117	0.669819	2	0	0
2	222000001	0.676322	0.669819	2	0	0
2	222500001	0.669488	0.669819	2	0	0
2	223000001	0.697018	0.669819	2	0	0
2	223500001	0.687974	0.669819	2	0	0
2	224000001	0.669255	0.669819	2	0	0
2	224500001	0.702163	0.669819	2	0	0
2	225000001	0.670541	0.669819	2	0	0
2	225500001	0.681705	0.669819	2	0	0
2	226000001	0.695694	0.669819	2	0	0
2	226500001	0.697416	0.669819	2	0	0
2	227000001	0.703355	0.669819	2	0	0
2	227500001	0.638268	0.669819	2	0	0
2	228000001	0.673279	0.669819	2	0	0
2	228500001	0.64076	0.669819	2	0	0
2	229000001	0.659275	0.669819	2	0	0
2	229500001	0.660395	0.669819	2	0	0
2	230000001	0.691893	0.669819	2	0	0
2	230500001	0.669798	0.669819	2	0	0
2	231000001	0.678366	0.669819	2	0	0
2	231500001	0.649313	0.669819	2	0	0
2	232000001	0.672756	0.669819	2	0	0
2	232500001	0.682844	0.669819	2	0	0
2	233000001	0.65134	0.669819	2	0	0
2	233500001	0.668168	0.669819	2	0	0
2	234000001	0.690128	0.669819	2	0	0
2	234500001	0.664454	0.669819	2	0	0
2	235000001	0.649208	0.669819	2	0	0
2	235500001	0.682562	0.669819	2	0	0
2	236000001	0.636309	0.669819	2	0	0
2	236500001	0.654983	0.669819	2	0	0
2	237000001	0.707009	0.669819	2	0	0
2	237500001	0.65213	0.669819	2	0	0
2	238000001	0.66774	0.669819	2	0	0
2	238500001	0.668144	0.669819	2	0	0
2	239000001	0.635862	0.669819	2	0	0
2	239500001	0.687851	0.669819	2	0	0
2	240000001	0.642003	0.669819	2	0	0
2	240500001	0.704278	0.669819	2	0	0
2	241000001	0.668399	0.669819	2	0	0
2	241500001	0.663123	0.669819	2	0	0
2	242000001	0.297708	0.669819	2	0	0
20	1	0.982242	1.00282	3	0	0
20	500001	0.992332	1.00282	3	0	0
20	1000001	1.00193	1.00282	3	0	0
20	1500001	0.992558	1.00282	3	0	0
20	2000001	0.982119	1.00282	3	0	0
20	2500001	1.0289	1.00282	3	0	0
20	3000001	0.993984	1.00282	3	0	0
20	3500001	0.975826	1.00282	3	0	0
20	4000001	1.03164	1.00282	3	0	0
20	4500001	1.01448	1.00282	3	0	0
20	5000001	1.02214	1.00282	3	0	0
20	5500001	0.983977	1.00282	3	0	0
20	6000001	1.02097	1.00282	3	0	0
20	6500001	0.992261	1.00282	3	0	0
20	7000001	0.980304	1.00282	3	0	0
20	7500001	1.02132	1.00282	3	0	0
20	8000001	0.989238	1.00282	3	0	0
20	8500001	0.96766	1.00282	3	0	0
20	9000001	1.02309	1.00282	3	0	0
20	9500001	1.02856	1.00282	3	0	0
20	10000001	1.03871	1.00282	3	0	0
20	10500001	0.989952	1.00282	3	0	0
20	11000001	0.998777	1.00282	3	0	0
20	11500001	1.00041	1.00282	3	0	0
20	12000001	1.00056	1.00282	3	0	0
20	12500001	1.03354	1.00282	3	0	0
20	13000001	1.003	1.00282	3	0	0
20	13500001	0.947789	1.00282	3	0	0
20	14000001	0.984003	1.00282	3	0	0
20	14500001	0.98799	1.00282	3	0	0
20	15000001	1.00282	1.00282	3	0	0
20	15500001	0.95745	1.00282	3	0	0
20	16000001	0.923922	1.00282	3	0	0
20	16500001	1.02681	1.00282	3	0	0
20	17000001	1.02983	1.00282	3	0	0
20	17500001	1.05922	1.00282	3	0	0
20	18000001	0.983675	1.00282	3	0	0
20	18500001	0.968436	1.00282	3	0	0
20	19000001	1.03832	1.00282	3	0	0
20	19500001	1.04424	1.00282	3	0	0
20	20000001	1.00373	1.00282	3	0	0
20	20500001	0.976177	1.00282	3	0	0
20	21000001	0.929667	1.00282	3	0	0
20	21500001	1.02424	1.00282	3	0	0
20	22000001	1.02626	1.00282	3	0	0
20	22500001	1.03651	1.00282	3	0	0
20	23000001	1.03843	1.00282	3	0	0
20	23500001	1.04699	1.00282	3	0	0
20	24000001	1.01568	1.00282	3	0	0
20	24500001	1.03104	1.00282	3	0	0
20	25000001	1.03452	1.00282	3	0	0
20	25500001	0.951777	1.00282	3	0	0
20	26000001	1.08963	1.00282	3	0	0
20	26500001	1.49103	1.47965	4	0	0
20	27000001	1.47965	1.47965	4	0	0
20	27500001	1.42208	1.47965	4	0	0
20	28000001	1.19249	1.19249	4	0	0
20	28500001	2.47717	2.47717	7	0	0
20	29000001	1.9157	1.9157	6	0	0
20	29500001	1.86383	1.9157	6	0	0
20	30000001	-1	1.9157	6	0	0
20	30500001	1.958	1.9157	6	0	0
20	31000001	-1	-1	-1	0	0
20	31500001	1.70031	1.67901	5	0	0
20	32000001	1.67583	1.67901	5	0	0
20	32500001	1.6374	1.67901	5	0	0
20	33000001	1.74699	1.67901	5	0	0
20	33500001	1.65524	1.67901	5	0	0
20	34000001	1.59893	1.67901	5	0	0
20	34500001	1.68203	1.67901	5	0	0
20	35000001	1.67508	1.67901	5	0	0
20	35500001	1.61467	1.67901	5	0	0
20	36000001	1.73248	1.67901	5	0	0
20	36500001	1.61421	1.67901	5	0	0
20	37000001	1.62545	1.67901	5	0	0
20	37500001	1.71613	1.67901	5	0	0
20	38000001	1.72662	1.67901	5	0	0
20	38500001	1.7187	1.67901	5	0	0
20	39000001	1.64277	1.67901	5	0	0
20	39500001	1.62486	1.67901	5	0	0
20	40000001	1.67466	1.67901	5	0	0
20	40500001	1.74432	1.67901	5	0	0
20	41000001	1.71415	1.67901	5	0	0
20	41500001	1.74521	1.67901	5	0	0
20	42000001	1.69036	1.67901	5	0	0
20	42500001	1.6604	1.67901	5	0	0
20	43000001	1.6477	1.67901	5	0	0
20	43500001	1.61368	1.67901	5	0	0
20	44000001	1.67901	1.67901	5	0	0
20	44500001	1.70073	1.67901	5	0	0
20	45000001	1.73124	1.67901	5	0	0
20	45500001	1.77193	1.67901	5	0	0
20	46000001	1.79291	1.67901	5	0	0
20	46500001	1.70381	1.67901	5	0	0
20	47000001	1.60739	1.67901	5	0	0
20	47500001	1.70517	1.67901	5	0	0
20	48000001	1.6971	1.67901	5	0	0
20	48500001	1.63586	1.67901	5	0	0
20	49000001	1.67832	1.67901	5	0	0
20	49500001	1.63614	1.67901	5	0	0
20	50000001	1.69834	1.67901	5	0	0
20	50500001	1.66736	1.67901	5	0	0
20	51000001	1.73344	1.67901	5	0	0
20	51500001	1.56148	1.67901	5	0	0
20	52000001	1.63004	1.67901	5	0	0
20	52500001	1.64825	1.67901	5	0	0
20	53000001	1.72259	1.67901	5	0	0
20	53500001	1.61635	1.67901	5	0	0
20	54000001	1.62459	1.67901	5	0	0
20	54500001	1.65303	1.67901	5	0	0
20	55000001	1.6396	1.67901	5	0	0
20	55500001	1.61231	1.67901	5	0	0
20	56000001	1.72352	1.67901	5	0	0
20	56500001	1.59566	1.67901	5	0	0
20	57000001	1.69081	1.67901	5	0	0
20	57500001	1.65115	1.67901	5	0	0
20	58000001	1.68813	1.67901	5	0	0
20	58500001	1.66244	1.67901	5	0	0
20	59000001	1.69025	1.67901	5	0	0
20	59500001	1.6565	1.67901	5	0	0
20	60000001	1.72691	1.67901	5	0	0
20	60500001	1.69723	1.67901	5	0	0
20	61000001	1.70402	1.67901	5	0	0
20	61500001	1.70992	1.67901	5	0	0
20	62000001	1.67554	1.67901	5	0	0
20	62500001	1.76663	1.67901	5	0	0
20	63000001	1.88924	1.67901	5	0	0
20	63500001	1.69227	1.67901	5	0	0
20	64000001	-1	-1	-1	0	0
21	1	-1	-1	-1	0	0
21	500001	-1	-1	-1	0	0
21	1000001	-1	-1	-1	0	0
21	1500001	-1	-1	-1	0	0
21	2000001	-1	-1	-1	0	0
21	2500001	-1	-1	-1	0	0
21	3000001	-1	-1	-1	0	0
21	3500001	-1	-1	-1	0	0
21	4000001	-1	-1	-1	0	0
21	4500001	-1	-1	-1	0	0
21	5000001	-1	-1	-1	0	0
21	5500001	-1	-1	-1	0	0
21	6000001	-1	-1	-1	0	0
21	6500001	-1	-1	-1	0	0
21	7000001	-1	-1	-1	0	0
21	7500001	-1	-1	-1	0	0
21	8000001	-1	-1	-1	0	0
21	8500001	-1	-1	-1	0	0
21	9000001	-1	-1	-1	0	0
21	9500001	1.62163	1.70337	5	0	0
21	10000001	-1	1.70337	5	0	0
21	10500001	1.78511	1.70337	5	0	0
21	11000001	0.460745	0.656409	2	0	0
21	11500001	0.673598	0.656409	2	0	0
21	12000001	0.85851	0.656409	2	0	0
21	12500001	1.19577	0.656409	2	0	0
21	13000001	0.574409	0.656409	2	0	0
21	13500001	0.585768	0.656409	2	0	0
21	14000001	0.655502	0.656409	2	0	0
21	14500001	0.669937	0.656409	2	0	0
21	15000001	0.684962	0.656409	2	0	0
21	15500001	0.667169	0.656409	2	0	0
21	16000001	0.6502	0.656409	2	0	0
21	16500001	0.653699	0.656409	2	0	0
21	17000001	0.647321	0.656409	2	0	0
21	17500001	0.649798	0.656409	2	0	0
21	18000001	0.657316	0.656409	2	0	0
21	18500001	0.677429	0.656409	2	0	0
21	19000001	0.654564	0.656409	2	0	0
21	19500001	0.783722	0.656409	2	0	0
21	20000001	1.02534	0.987699	3	0	0
21	20500001	0.999125	0.987699	3	0	0
21	21000001	1.02341	0.987699	3	0	0
21	21500001	0.986294	0.987699	3	0	0
21	22000001	1.02855	0.987699	3	0	0
21	22500001	0.990089	0.987699	3	0	0
21	23000001	0.987843	0.987699	3	0	0
21	23500001	0.979884	0.987699	3	0	0
21	24000001	0.942144	0.987699	3	0	0
21	24500001	0.979051	0.987699	3	0	0
21	25000001	0.995056	0.987699	3	0	0
21	25500001	0.944513	0.987699	3	0	0
21	26000001	0.99959	0.987699	3	0	0
21	26500001	1.02406	0.987699	3	0	0
21	27000001	1.01526	0.987699	3	0	0
21	27500001	0.974378	0.987699	3	0	0
21	28000001	0.988741	0.987699	3	0	0
21	28500001	0.974916	0.987699	3	0	0
21	29000001	0.999309	0.987699	3	0	0
21	29500001	0.977527	0.987699	3	0	0
21	30000001	0.971839	0.987699	3	0	0
21	30500001	0.944588	0.987699	3	0	0
21	31000001	0.921952	0.987699	3	0	0
21	31500001	0.96587	0.987699	3	0	0
21	32000001	1.00643	0.987699	3	0	0
21	32500001	1.01536	0.987699	3	0	0
21	33000001	0.979629	0.987699	3	0	0
21	33500001	0.941078	0.987699	3	0	0
21	34000001	0.892179	0.987699	3	0	0
21	34500001	1.0473	0.987699	3	0	0
21	35000001	1.00379	0.987699	3	0	0
21	35500001	0.983272	0.987699	3	0	0
21	36000001	0.957964	0.987699	3	0	0
21	36500001	0.975553	0.987699	3	0	0
21	37000001	0.978361	0.987699	3	0	0
21	37500001	0.992576	0.987699	3	0	0
21	38000001	0.990049	0.987699	3	0	0
21	38500001	1.03084	0.987699	3	0	0
21	39000001	0.987554	0.987699	3	0	0
21	39500001	1.04511	0.987699	3	0	0
21	40000001	0.974179	0.987699	3	0	0
21	40500001	1.00304	0.987699	3	0	0
21	41000001	0.974339	0.987699	3	0	0
21	41500001	0.99618	0.987699	3	0	0
21	42000001	1.01417	0.987699	3	0	0
21	42500001	0.971703	0.987699	3	0	0
21	43000001	0.710683	0.962508	3	0	0
21	43500001	0.953439	0.962508	3	0	0
21	44000001	0.795416	0.962508	3	0	0
21	44500001	0.985318	0.962508	3	0	0
21	45000001	1.00475	0.962508	3	0	0
21	45500001	0.971578	0.962508	3	0	0
21	46000001	1.02208	0.962508	3	0	0
21	46500001	0.456072	0.962508	3	0	0
22	1	-1	-1	-1	0	0
22	500001	-1	-1	-1	0	0
22	1000001	-1	-1	-1	0	0
22	1500001	-1	-1	-1	0	0
22	2000001	-1	-1	-1	0	0
22	2500001	-1	-1	-1	0	0
22	3000001	-1	-1	-1	0	0
22	3500001	-1	-1	-1	0	0
22	4000001	-1	-1	-1	0	0
22	4500001	-1	-1	-1	0	0
22	5000001	-1	-1	-1	0	0
22	5500001	-1	-1	-1	0	0
22	6000001	-1	-1	-1	0	0
22	6500001	-1	-1	-1	0	0
22	7000001	-1	-1	-1	0	0
22	7500001	-1	-1	-1	0	0
22	8000001	-1	-1	-1	0	0
22	8500001	-1	-1	-1	0	0
22	9000001	-1	-1	-1	0	0
22	9500001	-1	-1	-1	0	0
22	10000001	-1	-1	-1	0	0
22	10500001	-1	-1	-1	0	0
22	11000001	-1	-1	-1	0	0
22	11500001	-1	-1	-1	0	0
22	12000001	-1	-1	-1	0	0
22	12500001	-1	-1	-1	0	0
22	13000001	0.427465	0.427465	1	0	0
22	13500001	0.706401	0.706401	2	0	0
22	14000001	0.973964	1.02385	3	0	0
22	14500001	1.07374	1.02385	3	0	0
22	15000001	-1	-1	-1	0	0
22	15500001	1.3709	1.3709	4	0	0
22	16000001	0.698295	0.675918	2	0	0
22	16500001	0.647892	0.675918	2	0	0
22	17000001	0.639682	0.675918	2	0	0
22	17500001	0.687671	0.675918	2	0	0
22	18000001	-1	0.675918	2	0	0
22	18500001	0.644925	0.675918	2	0	0
22	19000001	0.679507	0.675918	2	0	0
22	19500001	0.658961	0.675918	2	0	0
22	20000001	0.715739	0.675918	2	0	0
22	20500001	0.687089	0.675918	2	0	0
22	21000001	0.591343	0.675918	2	0	0
22	21500001	0.646405	0.675918	2	0	0
22	22000001	0.706661	0.675918	2	0	0
22	22500001	0.703946	0.675918	2	0	0
22	23000001	0.705442	0.675918	2	0	0
22	23500001	0.657223	0.675918	2	0	0
22	24000001	0.710142	0.675918	2	0	0
22	24500001	0.639703	0.675918	2	0	0
22	25000001	0.687756	0.675918	2	0	0
22	25500001	0.711806	0.675918	2	0	0
22	26000001	0.686351	0.675918	2	0	0
22	26500001	0.677285	0.675918	2	0	0
22	27000001	0.709657	0.675918	2	0	0
22	27500001	0.654527	0.675918	2	0	0
22	28000001	0.678248	0.675918	2	0	0
22	28500001	0.639774	0.675918	2	0	0
22	29000001	0.661609	0.675918	2	0	0
22	29500001	0.698129	0.675918	2	0	0
22	30000001	0.679065	0.675918	2	0	0
22	30500001	0.642684	0.675918	2	0	0
22	31000001	0.678429	0.675918	2	0	0
22	31500001	0.62931	0.675918	2	0	0
22	32000001	0.663217	0.675918	2	0	0
22	32500001	0.68148	0.675918	2	0	0
22	33000001	0.659744	0.675918	2	0	0
22	33500001	0.626375	0.675918	2	0	0
22	34000001	0.643121	0.675918	2	0	0
22	34500001	0.664996	0.675918	2	0	0
22	35000001	0.687734	0.675918	2	0	0
22	35500001	0.67868	0.675918	2	0	0
22	36000001	0.688407	0.675918	2	0	0
22	36500001	0.690265	0.675918	2	0	0
22	37000001	0.721035	0.675918	2	0	0
22	37500001	0.651943	0.675918	2	0	0
22	38000001	0.704097	0.675918	2	0	0
22	38500001	0.655806	0.675918	2	0	0
22	39000001	0.649321	0.675918	2	0	0
22	39500001	0.649037	0.675918	2	0	0
22	40000001	0.642386	0.675918	2	0	0
22	40500001	0.635914	0.675918	2	0	0
22	41000001	0.656849	0.675918	2	0	0
22	41500001	0.652376	0.675918	2	0	0
22	42000001	0.675918	0.675918	2	0	0
22	42500001	0.716347	0.675918	2	0	0
22	43000001	0.684899	0.675918	2	0	0
22	43500001	0.66475	0.675918	2	0	0
22	44000001	0.637284	0.645592	2	0	0
22	44500001	0.634959	0.645592	2	0	0
22	45000001	0.675362	0.645592	2	0	0
22	45500001	0.681203	0.645592	2	0	0
22	46000001	0.637417	0.645592	2	0	0
22	46500001	0.66553	0.645592	2	0	0
22	47000001	0.640692	0.645592	2	0	0
22	47500001	0.659675	0.645592	2	0	0
22	48000001	0.678266	0.645592	2	0	0
22	48500001	0.637489	0.645592	2	0	0
22	49000001	0.636609	0.645592	2	0	0
22	49500001	0.650493	0.645592	2	0	0
22	50000001	0.683517	0.645592	2	0	0
22	50500001	0.470687	0.645592	2	0	0
3	1	0.944822	1.00277	3	0	0
3	500001	1.00082	1.00277	3	0	0
3	1000001	0.974498	1.00277	3	0	0
3	1500001	1.02156	1.00277	3	0	0
3	2000001	0.957957	1.00277	3	0	0
3	2500001	0.982522	1.00277	3	0	0
3	3000001	0.974766	1.00277	3	0	0
3	3500001	0.981509	1.00277	3	0	0
3	4000001	1.03615	1.00277	3	0	0
3	4500001	1.11796	1.00277	3	0	0
3	5000001	1.02209	1.00277	3	0	0
3	5500001	0.984038	1.00277	3	0	0
3	6000001	0.960709	1.00277	3	0	0
3	6500001	0.984886	1.00277	3	0	0
3	7000001	0.972501	1.00277	3	0	0
3	7500001	0.976118	1.00277	3	0	0
3	8000001	1.06014	1.00277	3	0	0
3	8500001	1.0052	1.00277	3	0	0
3	9000001	1.01817	1.00277	3	0	0
3	9500001	0.965355	1.00277	3	0	0
3	10000001	1.00994	1.00277	3	0	0
3	10500001	1.04427	1.00277	3	0	0
3	11000001	0.993631	1.00277	3	0	0
3	11500001	0.996629	1.00277	3	0	0
3	12000001	1.04204	1.00277	3	0	0
3	12500001	1.01057	1.00277	3	0	0
3	13000001	1.01267	1.00277	3	0	0
3	13500001	1.01474	1.00277	3	0	0
3	14000001	1.03065	1.00277	3	0	0
3	14500001	1.0466	1.00277	3	0	0
3	15000001	1.05903	1.00277	3	0	0
3	15500001	0.991406	1.00277	3	0	0
3	16000001	1.02857	1.00277	3	0	0
3	16500001	1.0126	1.00277	3	0	0
3	17000001	1.01672	1.00277	3	0	0
3	17500001	1.01417	1.00277	3	0	0
3	18000001	0.991703	1.00277	3	0	0
3	18500001	1.00317	1.00277	3	0	0
3	19000001	1.01116	1.00277	3	0	0
3	19500001	0.998702	1.00277	3	0	0
3	20000001	0.986863	1.00277	3	0	0
3	20500001	1.07394	1.00277	3	0	0
3	21000001	1.0081	1.00277	3	0	0
3	21500001	0.996664	1.00277	3	0	0
3	22000001	1.00823	1.00277	3	0	0
3	22500001	1.00098	1.00277	3	0	0
3	23000001	0.959714	1.00277	3	0	0
3	23500001	0.975603	1.00277	3	0	0
3	24000001	1.00264	1.00277	3	0	0
3	24500001	1.02888	1.00277	3	0	0
3	25000001	1.0098	1.00277	3	0	0
3	25500001	1.03922	1.00277	3	0	0
3	26000001	0.96519	1.00277	3	0	0
3	26500001	1.00667	1.00277	3	0	0
3	27000001	0.964949	1.00277	3	0	0
3	27500001	0.98814	1.00277	3	0	0
3	28000001	0.985885	1.00277	3	0	0
3	28500001	1.01902	1.00277	3	0	0
3	29000001	1.00234	1.00277	3	0	0
3	29500001	1.00886	1.00277	3	0	0
3	30000001	1.04433	1.00277	3	0	0
3	30500001	0.972713	1.00277	3	0	0
3	31000001	1.02626	1.00277	3	0	0
3	31500001	1.02285	1.00277	3	0	0
3	32000001	1.02871	1.00277	3	0	0
3	32500001	0.956266	1.00277	3	0	0
3	33000001	0.988886	1.00277	3	0	0
3	33500001	1.01457	1.00277	3	0	0
3	34000001	0.996692	1.00277	3	0	0
3	34500001	1.01655	1.00277	3	0	0
3	35000001	0.966991	1.00277	3	0	0
3	35500001	1.026	1.00277	3	0	0
3	36000001	1.03214	1.00277	3	0	0
3	36500001	1.06375	1.00277	3	0	0
3	37000001	1.03134	1.00277	3	0	0
3	37500001	1.04799	1.00277	3	0	0
3	38000001	1.02367	1.00277	3	0	0
3	38500001	1.09453	1.00277	3	0	0
3	39000001	1.00573	1.00277	3	0	0
3	39500001	1.04376	1.00277	3	0	0
3	40000001	0.94579	1.00277	3	0	0
3	40500001	1.01773	1.00277	3	0	0
3	41000001	1.03818	1.00277	3	0	0
3	41500001	0.972922	1.00277	3	0	0
3	42000001	1.01129	1.00277	3	0	0
3	42500001	1.06195	1.00277	3	0	0
3	43000001	1.04231	1.00277	3	0	0
3	43500001	1.00277	1.00277	3	0	0
3	44000001	1.00054	1.00277	3	0	0
3	44500001	1.00778	1.00277	3	0	0
3	45000001	1.0364	1.00277	3	0	0
3	45500001	1.0315	1.00277	3	0	0
3	46000001	1.05535	1.00277	3	0	0
3	46500001	1.04331	1.00277	3	0	0
3	47000001	0.93751	1.00277	3	0	0
3	47500001	0.989691	1.00277	3	0	0
3	48000001	1.03431	1.00277	3	0	0
3	48500001	0.966052	1.00277	3	0	0
3	49000001	0.985659	1.00277	3	0	0
3	49500001	0.998729	1.00277	3	0	0
3	50000001	1.05664	1.00277	3	0	0
3	50500001	1.05276	1.00277	3	0	0
3	51000001	1.02237	1.00277	3	0	0
3	51500001	1.01447	1.00277	3	0	0
3	52000001	1.03269	1.00277	3	0	0
3	52500001	0.987135	1.00277	3	0	0
3	53000001	1.04609	1.00277	3	0	0
3	53500001	1.01092	1.00277	3	0	0
3	54000001	0.957558	1.00277	3	0	0
3	54500001	0.987907	1.00277	3	0	0
3	55000001	0.984044	1.00277	3	0	0
3	55500001	0.959563	1.00277	3	0	0
3	56000001	0.961533	1.00277	3	0	0
3	56500001	0.998766	1.00277	3	0	0
3	57000001	1.00084	1.00277	3	0	0
3	57500001	0.972549	1.00277	3	0	0
3	58000001	1.02948	1.00277	3	0	0
3	58500001	1.0555	1.00277	3	0	0
3	59000001	1.02296	1.00277	3	0	0
3	59500001	1.03615	1.00277	3	0	0
3	60000001	0.939823	1.00277	3	0	0
3	60500001	0.979124	1.00277	3	0	0
3	61000001	1.01595	1.00277	3	0	0
3	61500001	0.982446	1.00277	3	0	0
3	62000001	0.976056	1.00277	3	0	0
3	62500001	0.942379	1.00277	3	0	0
3	63000001	1.00361	1.00277	3	0	0
3	63500001	0.997115	1.00277	3	0	0
3	64000001	1.07093	1.00277	3	0	0
3	64500001	1.01151	1.00277	3	0	0
3	65000001	0.945332	1.00277	3	0	0
3	65500001	0.967148	1.00277	3	0	0
3	66000001	0.982288	1.00277	3	0	0
3	66500001	1.00521	1.00277	3	0	0
3	67000001	0.979463	1.00277	3	0	0
3	67500001	0.969374	1.00277	3	0	0
3	68000001	0.987056	1.00277	3	0	0
3	68500001	1.01274	1.00277	3	0	0
3	69000001	0.959402	1.00277	3	0	0
3	69500001	0.976383	1.00277	3	0	0
3	70000001	1.011	1.00277	3	0	0
3	70500001	0.996802	1.00277	3	0	0
3	71000001	0.959456	1.00277	3	0	0
3	71500001	0.972621	1.00277	3	0	0
3	72000001	1.01826	1.00277	3	0	0
3	72500001	0.966524	1.00277	3	0	0
3	73000001	0.965103	1.00277	3	0	0
3	73500001	1.00187	1.00277	3	0	0
3	74000001	0.962836	1.00277	3	0	0
3	74500001	0.963044	1.00277	3	0	0
3	75000001	0.979518	1.00277	3	0	0
3	75500001	1.15429	1.00277	3	0	0
3	76000001	1.04889	1.00277	3	0	0
3	76500001	0.99163	1.00277	3	0	0
3	77000001	0.984507	1.00277	3	0	0
3	77500001	1.00611	1.00277	3	0	0
3	78000001	0.97655	1.00277	3	0	0
3	78500001	0.999767	1.00277	3	0	0
3	79000001	0.961811	1.00277	3	0	0
3	79500001	0.975341	1.00277	3	0	0
3	80000001	1.04114	1.00277	3	0	0
3	80500001	0.975893	1.00277	3	0	0
3	81000001	1.00405	1.00277	3	0	0
3	81500001	0.999591	1.00277	3	0	0
3	82000001	1.01928	1.00277	3	0	0
3	82500001	1.01065	1.00277	3	0	0
3	83000001	1.02678	1.00277	3	0	0
3	83500001	0.970059	1.00277	3	0	0
3	84000001	1.02042	1.00277	3	0	0
3	84500001	0.999426	1.00277	3	0	0
3	85000001	1.00218	1.00277	3	0	0
3	85500001	0.982953	1.00277	3	0	0
3	86000001	1.01178	1.00277	3	0	0
3	86500001	1.00961	1.00277	3	0	0
3	87000001	0.981275	1.00277	3	0	0
3	87500001	1.0209	1.00277	3	0	0
3	88000001	0.9873	1.00277	3	0	0
3	88500001	1.0115	1.00277	3	0	0
3	89000001	0.998992	1.00277	3	0	0
3	89500001	0.980641	1.00277	3	0	0
3	90000001	1.07978	1.00277	3	0	0
3	90500001	1.84111	1.84111	6	0	0
3	91000001	1.06797	1.06797	3	0	0
3	91500001	1.26316	1.26316	4	0	0
3	92000001	1.27158	1.26316	4	0	0
3	92500001	1.15514	1.26316	4	0	0
3	93000001	8.062	8.062	24	0	0
3	93500001	1.06708	1.01484	3	0	0
3	94000001	1.03598	1.01484	3	0	0
3	94500001	0.998739	1.01484	3	0	0
3	95000001	1.01059	1.01484	3	0	0
3	95500001	1.02076	1.01484	3	0	0
3	96000001	0.967874	1.01484	3	0	0
3	96500001	1.00847	1.01484	3	0	0
3	97000001	1.00525	1.01484	3	0	0
3	97500001	1.01278	1.01484	3	0	0
3	98000001	1.00093	1.01484	3	0	0
3	98500001	1.02719	1.01484	3	0	0
3	99000001	1.07052	1.01484	3	0	0
3	99500001	1.08688	1.01484	3	0	0
3	100000001	1.01332	1.01484	3	0	0
3	100500001	1.02012	1.01484	3	0	0
3	101000001	1.04511	1.01484	3	0	0
3	101500001	1.00222	1.01484	3	0	0
3	102000001	0.993365	1.01484	3	0	0
3	102500001	1.04818	1.01484	3	0	0
3	103000001	1.00666	1.01484	3	0	0
3	103500001	1.02386	1.01484	3	0	0
3	104000001	1.03224	1.01484	3	0	0
3	104500001	1.04871	1.01484	3	0	0
3	105000001	1.02061	1.01484	3	0	0
3	105500001	1.00552	1.01484	3	0	0
3	106000001	1.00644	1.01484	3	0	0
3	106500001	1.01637	1.01484	3	0	0
3	107000001	1.0311	1.01484	3	0	0
3	107500001	1.00523	1.01484	3	0	0
3	108000001	0.995127	1.01484	3	0	0
3	108500001	0.804648	0.674483	2	0	0
3	109000001	0.657039	0.674483	2	0	0
3	109500001	0.63496	0.674483	2	0	0
3	110000001	0.678009	0.674483	2	0	0
3	110500001	0.6843	0.674483	2	0	0
3	111000001	0.659811	0.674483	2	0	0
3	111500001	0.730703	0.674483	2	0	0
3	112000001	0.645692	0.674483	2	0	0
3	112500001	0.681167	0.674483	2	0	0
3	113000001	0.721916	0.674483	2	0	0
3	113500001	0.649451	0.674483	2	0	0
3	114000001	0.677764	0.674483	2	0	0
3	114500001	0.665399	0.674483	2	0	0
3	115000001	0.656494	0.674483	2	0	0
3	115500001	0.681149	0.674483	2	0	0
3	116000001	0.636803	0.674483	2	0	0
3	116500001	0.66829	0.674483	2	0	0
3	117000001	0.631436	0.674483	2	0	0
3	117500001	0.657457	0.674483	2	0	0
3	118000001	0.676106	0.674483	2	0	0
3	118500001	0.660294	0.674483	2	0	0
3	119000001	0.653984	0.674483	2	0	0
3	119500001	0.691604	0.674483	2	0	0
3	120000001	0.697093	0.674483	2	0	0
3	120500001	0.697777	0.674483	2	0	0
3	121000001	0.696015	0.674483	2	0	0
3	121500001	0.690407	0.674483	2	0	0
3	122000001	0.674197	0.674483	2	0	0
3	122500001	0.677375	0.674483	2	0	0
3	123000001	0.663131	0.674483	2	0	0
3	123500001	0.681468	0.674483	2	0	0
3	124000001	0.679567	0.674483	2	0	0
3	124500001	0.677828	0.674483	2	0	0
3	125000001	0.707537	0.674483	2	0	0
3	125500001	0.687938	0.674483	2	0	0
3	126000001	0.667206	0.674483	2	0	0
3	126500001	0.692208	0.674483	2	0	0
3	127000001	0.683013	0.674483	2	0	0
3	127500001	0.655351	0.674483	2	0	0
3	128000001	0.662617	0.674483	2	0	0
3	128500001	0.675552	0.674483	2	0	0
3	129000001	0.67088	0.674483	2	0	0
3	129500001	0.655242	0.674483	2	0	0
3	130000001	0.726408	0.674483	2	0	0
3	130500001	0.666106	0.674483	2	0	0
3	131000001	0.675523	0.674483	2	0	0
3	131500001	0.672543	0.674483	2	0	0
3	132000001	0.653352	0.674483	2	0	0
3	132500001	0.678902	0.674483	2	0	0
3	133000001	0.706357	0.674483	2	0	0
3	133500001	0.680205	0.674483	2	0	0
3	134000001	0.687592	0.674483	2	0	0
3	134500001	0.693684	0.674483	2	0	0
3	135000001	0.675229	0.674483	2	0	0
3	135500001	0.697266	0.674483	2	0	0
3	136000001	0.665504	0.674483	2	0	0
3	136500001	0.647382	0.674483	2	0	0
3	137000001	0.678849	0.674483	2	0	0
3	137500001	0.69551	0.674483	2	0	0
3	138000001	0.684757	0.674483	2	0	0
3	138500001	0.657116	0.674483	2	0	0
3	139000001	0.708754	0.674483	2	0	0
3	139500001	0.712365	0.674483	2	0	0
3	140000001	0.68394	0.674483	2	0	0
3	140500001	0.683164	0.674483	2	0	0
3	141000001	0.715878	0.674483	2	0	0
3	141500001	0.66197	0.674483	2	0	0
3	142000001	0.652239	0.674483	2	0	0
3	142500001	0.666744	0.674483	2	0	0
3	143000001	0.658631	0.674483	2	0	0
3	143500001	0.699507	0.674483	2	0	0
3	144000001	0.652525	0.674483	2	0	0
3	144500001	0.676793	0.674483	2	0	0
3	145000001	0.64497	0.674483	2	0	0
3	145500001	0.666686	0.674483	2	0	0
3	146000001	0.683933	0.674483	2	0	0
3	146500001	0.669612	0.674483	2	0	0
3	147000001	0.647028	0.674483	2	0	0
3	147500001	0.668606	0.674483	2	0	0
3	148000001	0.67925	0.674483	2	0	0
3	148500001	0.658193	0.674483	2	0	0
3	149000001	0.672461	0.674483	2	0	0
3	149500001	0.681942	0.674483	2	0	0
3	150000001	0.68459	0.674483	2	0	0
3	150500001	0.688596	0.674483	2	0	0
3	151000001	0.665649	0.674483	2	0	0
3	151500001	0.659647	0.674483	2	0	0
3	152000001	0.666237	0.674483	2	0	0
3	152500001	0.68752	0.674483	2	0	0
3	153000001	0.652094	0.674483	2	0	0
3	153500001	0.694918	0.674483	2	0	0
3	154000001	0.652132	0.674483	2	0	0
3	154500001	0.647971	0.674483	2	0	0
3	155000001	0.656231	0.674483	2	0	0
3	155500001	0.672773	0.674483	2	0	0
3	156000001	0.668092	0.674483	2	0	0
3	156500001	0.680839	0.674483	2	0	0
3	157000001	0.687639	0.674483	2	0	0
3	157500001	0.684124	0.674483	2	0	0
3	158000001	0.673174	0.674483	2	0	0
3	158500001	0.672198	0.674483	2	0	0
3	159000001	0.654388	0.674483	2	0	0
3	159500001	0.705504	0.674483	2	0	0
3	160000001	0.665417	0.674483	2	0	0
3	160500001	0.665204	0.674483	2	0	0
3	161000001	0.673372	0.674483	2	0	0
3	161500001	0.653883	0.674483	2	0	0
3	162000001	0.67477	0.674483	2	0	0
3	162500001	0.98401	1.00051	3	0	0
3	163000001	0.97182	1.00051	3	0	0
3	163500001	1.01361	1.00051	3	0	0
3	164000001	0.992854	1.00051	3	0	0
3	164500001	0.992827	1.00051	3	0	0
3	165000001	1.00242	1.00051	3	0	0
3	165500001	0.975559	1.00051	3	0	0
3	166000001	1.00051	1.00051	3	0	0
3	166500001	0.997968	1.00051	3	0	0
3	167000001	0.986615	1.00051	3	0	0
3	167500001	0.996087	1.00051	3	0	0
3	168000001	0.995569	1.00051	3	0	0
3	168500001	1.00579	1.00051	3	0	0
3	169000001	1.04732	1.00051	3	0	0
3	169500001	1.01848	1.00051	3	0	0
3	170000001	0.961647	1.00051	3	0	0
3	170500001	1.0466	1.00051	3	0	0
3	171000001	1.0466	1.00051	3	0	0
3	171500001	1.00914	1.00051	3	0	0
3	172000001	1.03162	1.00051	3	0	0
3	172500001	1.06696	1.00051	3	0	0
3	173000001	1.01249	1.00051	3	0	0
3	173500001	1.01614	1.00051	3	0	0
3	174000001	1.01189	1.00051	3	0	0
3	174500001	1.01235	1.00051	3	0	0
3	175000001	0.985782	1.00051	3	0	0
3	175500001	0.932721	1.00051	3	0	0
3	176000001	0.96481	1.00051	3	0	0
3	176500001	1.03366	1.00051	3	0	0
3	177000001	0.970793	1.00051	3	0	0
3	177500001	1.03946	1.00051	3	0	0
3	178000001	1.01244	1.00051	3	0	0
3	178500001	0.976934	1.00051	3	0	0
3	179000001	0.986732	1.00051	3	0	0
3	179500001	0.961135	1.00051	3	0	0
3	180000001	1.0069	1.00051	3	0	0
3	180500001	0.985624	1.00051	3	0	0
3	181000001	0.977805	1.00051	3	0	0
3	181500001	0.902566	1.00051	3	0	0
3	182000001	1.02584	1.00051	3	0	0
3	182500001	1.02654	1.00051	3	0	0
3	183000001	0.98636	1.00051	3	0	0
3	183500001	0.99712	1.00051	3	0	0
3	184000001	0.986567	1.00051	3	0	0
3	184500001	1.017	1.00051	3	0	0
3	185000001	0.984148	1.00051	3	0	0
3	185500001	0.992075	1.00051	3	0	0
3	186000001	1.05913	1.00051	3	0	0
3	186500001	0.950844	1.00051	3	0	0
3	187000001	0.978205	1.00051	3	0	0
3	187500001	1.0284	1.00051	3	0	0
3	188000001	0.98653	1.00051	3	0	0
3	188500001	0.99117	1.00051	3	0	0
3	189000001	1.03608	1.00051	3	0	0
3	189500001	1.0322	1.00051	3	0	0
3	190000001	1.01909	1.00051	3	0	0
3	190500001	0.995426	1.00051	3	0	0
3	191000001	1.01895	1.00051	3	0	0
3	191500001	0.939657	1.00051	3	0	0
3	192000001	0.96385	1.00051	3	0	0
3	192500001	0.978649	1.00051	3	0	0
3	193000001	1.0055	1.00051	3	0	0
3	193500001	1.02871	1.00051	3	0	0
3	194000001	1.02016	1.00051	3	0	0
3	194500001	1.02867	1.00051	3	0	0
3	195000001	1.03429	1.00051	3	0	0
3	195500001	1.11533	1.00051	3	0	0
3	196000001	0.971114	1.00051	3	0	0
3	196500001	0.952528	1.00051	3	0	0
3	197000001	1.04073	1.00051	3	0	0
3	197500001	1.02603	1.00051	3	0	0
3	198000001	-1	-1	-1	0	0
4	1	1.05112	0.999979	3	0	0
4	500001	1.00522	0.999979	3	0	0
4	1000001	1.04736	0.999979	3	0	0
4	1500001	1.06206	0.999979	3	0	0
4	2000001	1.01497	0.999979	3	0	0
4	2500001	0.97889	0.999979	3	0	0
4	3000001	0.98145	0.999979	3	0	0
4	3500001	1.03208	0.999979	3	0	0
4	4000001	1.01454	0.999979	3	0	0
4	4500001	0.993717	0.999979	3	0	0
4	5000001	0.976306	0.999979	3	0	0
4	5500001	1.02408	0.999979	3	0	0
4	6000001	1.01809	0.999979	3	0	0
4	6500001	0.992867	0.999979	3	0	0
4	7000001	0.970464	0.999979	3	0	0
4	7500001	1.05229	0.999979	3	0	0
4	8000001	1.06417	0.999979	3	0	0
4	8500001	0.981323	0.999979	3	0	0
4	9000001	1.00873	0.999979	3	0	0
4	9500001	0.974144	0.999979	3	0	0
4	10000001	0.976746	0.999979	3	0	0
4	10500001	0.984805	0.999979	3	0	0
4	11000001	1.03281	0.999979	3	0	0
4	11500001	0.998188	0.999979	3	0	0
4	12000001	0.976902	0.999979	3	0	0
4	12500001	1.015	0.999979	3	0	0
4	13000001	1.02411	0.999979	3	0	0
4	13500001	1.01235	0.999979	3	0	0
4	14000001	1.01979	0.999979	3	0	0
4	14500001	0.988662	0.999979	3	0	0
4	15000001	0.978588	0.999979	3	0	0
4	15500001	0.976051	0.999979	3	0	0
4	16000001	0.979546	0.999979	3	0	0
4	16500001	0.963392	0.999979	3	0	0
4	17000001	0.995582	0.999979	3	0	0
4	17500001	0.961776	0.999979	3	0	0
4	18000001	0.994829	0.999979	3	0	0
4	18500001	0.977062	0.999979	3	0	0
4	19000001	0.985213	0.999979	3	0	0
4	19500001	1.02759	0.999979	3	0	0
4	20000001	1.01391	0.999979	3	0	0
4	20500001	1.00334	0.999979	3	0	0
4	21000001	0.958362	0.999979	3	0	0
4	21500001	0.96484	0.999979	3	0	0
4	22000001	0.989683	0.999979	3	0	0
4	22500001	1.01545	0.999979	3	0	0
4	23000001	1.02321	0.999979	3	0	0
4	23500001	0.959026	0.999979	3	0	0
4	24000001	1.00024	0.999979	3	0	0
4	24500001	1.01974	0.999979	3	0	0
4	25000001	1.02096	0.999979	3	0	0
4	25500001	0.975913	0.999979	3	0	0
4	26000001	1.0236	0.999979	3	0	0
4	26500001	1.00909	0.999979	3	0	0
4	27000001	0.961774	0.999979	3	0	0
4	27500001	0.973389	0.999979	3	0	0
4	28000001	0.978341	0.999979	3	0	0
4	28500001	0.987373	0.999979	3	0	0
4	29000001	1.00626	0.999979	3	0	0
4	29500001	1.00438	0.999979	3	0	0
4	30000001	1.0104	0.999979	3	0	0
4	30500001	0.980246	0.999979	3	0	0
4	31000001	0.980061	0.999979	3	0	0
4	31500001	0.950066	0.999979	3	0	0
4	32000001	0.987203	0.999979	3	0	0
4	32500001	1.00981	0.999979	3	0	0
4	33000001	1.01041	0.999979	3	0	0
4	33500001	1.05817	0.999979	3	0	0
4	34000001	1.0196	0.999979	3	0	0
4	34500001	0.945086	0.999979	3	0	0
4	35000001	1.01533	0.999979	3	0	0
4	35500001	0.992967	0.999979	3	0	0
4	36000001	0.992486	0.999979	3	0	0
4	36500001	1.02441	0.999979	3	0	0
4	37000001	1.03269	0.999979	3	0	0
4	37500001	0.938616	0.999979	3	0	0
4	38000001	1.01793	0.999979	3	0	0
4	38500001	0.976261	0.999979	3	0	0
4	39000001	0.959776	0.999979	3	0	0
4	39500001	0.911938	0.999979	3	0	0
4	40000001	0.990601	0.999979	3	0	0
4	40500001	0.994303	0.999979	3	0	0
4	41000001	1.01783	0.999979	3	0	0
4	41500001	1.02716	0.999979	3	0	0
4	42000001	0.950421	0.999979	3	0	0
4	42500001	1.04494	0.999979	3	0	0
4	43000001	1.00848	0.999979	3	0	0
4	43500001	1.00695	0.999979	3	0	0
4	44000001	0.987455	0.999979	3	0	0
4	44500001	1.03148	0.999979	3	0	0
4	45000001	0.999715	0.999979	3	0	0
4	45500001	0.968982	0.999979	3	0	0
4	46000001	1.00072	0.999979	3	0	0
4	46500001	0.986142	0.999979	3	0	0
4	47000001	1.02411	0.999979	3	0	0
4	47500001	1.01342	0.999979	3	0	0
4	48000001	1.00594	0.999979	3	0	0
4	48500001	1.01908	0.999979	3	0	0
4	49000001	-1	-1	-1	0	0
4	49500001	3.04922	3.04922	9	0	0
4	50000001	1.67494	1.67494	5	0	0
4	50500001	1.37912	1.37912	4	0	0
4	51000001	1.12167	0.99329	3	0	0
4	51500001	0.977271	0.99329	3	0	0
4	52000001	0.981341	0.99329	3	0	0
4	52500001	0.976161	0.99329	3	0	0
4	53000001	0.988049	0.99329	3	0	0
4	53500001	0.985847	0.99329	3	0	0
4	54000001	0.974111	0.99329	3	0	0
4	54500001	1.01794	0.99329	3	0	0
4	55000001	1.03009	0.99329	3	0	0
4	55500001	0.992207	0.99329	3	0	0
4	56000001	1.02111	0.99329	3	0	0
4	56500001	0.952514	0.99329	3	0	0
4	57000001	1.03719	0.99329	3	0	0
4	57500001	1.0178	0.99329	3	0	0
4	58000001	0.995266	0.99329	3	0	0
4	58500001	1.01225	0.99329	3	0	0
4	59000001	1.01373	0.99329	3	0	0
4	59500001	0.977532	0.99329	3	0	0
4	60000001	0.994636	0.99329	3	0	0
4	60500001	0.973172	0.99329	3	0	0
4	61000001	1.01869	0.99329	3	0	0
4	61500001	0.957483	0.99329	3	0	0
4	62000001	0.980878	0.99329	3	0	0
4	62500001	0.997267	0.99329	3	0	0
4	63000001	1.00835	0.99329	3	0	0
4	63500001	0.981418	0.99329	3	0	0
4	64000001	1.01532	0.99329	3	0	0
4	64500001	1.03337	0.99329	3	0	0
4	65000001	1.01095	0.99329	3	0	0
4	65500001	1.02774	0.99329	3	0	0
4	66000001	0.978625	0.99329	3	0	0
4	66500001	0.985364	0.99329	3	0	0
4	67000001	1.00089	0.99329	3	0	0
4	67500001	1.02359	0.99329	3	0	0
4	68000001	0.94546	0.99329	3	0	0
4	68500001	0.815689	0.99329	3	0	0
4	69000001	1.00811	0.99329	3	0	0
4	69500001	1.00529	0.99329	3	0	0
4	70000001	0.978627	0.99329	3	0	0
4	70500001	0.981119	0.99329	3	0	0
4	71000001	0.956135	0.99329	3	0	0
4	71500001	1.01716	0.99329	3	0	0
4	72000001	1.01267	0.99329	3	0	0
4	72500001	1.06134	0.99329	3	0	0
4	73000001	1.02485	0.99329	3	0	0
4	73500001	1.02447	0.99329	3	0	0
4	74000001	1.06227	0.99329	3	0	0
4	74500001	1.03899	0.99329	3	0	0
4	75000001	1.04471	0.99329	3	0	0
4	75500001	0.966575	0.99329	3	0	0
4	76000001	1.01983	0.99329	3	0	0
4	76500001	0.988042	0.99329	3	0	0
4	77000001	1.05281	0.99329	3	0	0
4	77500001	1.03917	0.99329	3	0	0
4	78000001	1.04298	0.99329	3	0	0
4	78500001	1.02591	0.99329	3	0	0
4	79000001	1.03818	0.99329	3	0	0
4	79500001	1.0113	0.99329	3	0	0
4	80000001	0.998469	0.99329	3	0	0
4	80500001	1.03844	0.99329	3	0	0
4	81000001	0.997416	0.99329	3	0	0
4	81500001	0.977365	0.99329	3	0	0
4	82000001	1.01107	0.99329	3	0	0
4	82500001	0.975179	0.99329	3	0	0
4	83000001	0.977918	0.99329	3	0	0
4	83500001	0.992251	0.99329	3	0	0
4	84000001	0.995866	0.99329	3	0	0
4	84500001	1.00665	0.99329	3	0	0
4	85000001	1.01031	0.99329	3	0	0
4	85500001	0.951997	0.99329	3	0	0
4	86000001	1.00928	0.99329	3	0	0
4	86500001	0.98962	0.99329	3	0	0
4	87000001	0.963198	0.99329	3	0	0
4	87500001	1.00466	0.99329	3	0	0
4	88000001	0.975704	0.99329	3	0	0
4	88500001	0.991876	0.99329	3	0	0
4	89000001	0.962837	0.99329	3	0	0
4	89500001	0.977454	0.99329	3	0	0
4	90000001	1.00302	0.99329	3	0	0
4	90500001	0.972827	0.99329	3	0	0
4	91000001	0.928816	0.99329	3	0	0
4	91500001	1.00006	0.99329	3	0	0
4	92000001	0.993772	0.99329	3	0	0
4	92500001	1.00733	0.99329	3	0	0
4	93000001	0.988506	0.99329	3	0	0
4	93500001	0.981823	0.99329	3	0	0
4	94000001	1.03113	0.99329	3	0	0
4	94500001	0.975448	0.99329	3	0	0
4	95000001	0.970639	0.99329	3	0	0
4	95500001	0.968018	0.99329	3	0	0
4	96000001	0.963407	0.99329	3	0	0
4	96500001	0.976831	0.99329	3	0	0
4	97000001	1.02527	0.99329	3	0	0
4	97500001	1.015	0.99329	3	0	0
4	98000001	0.981267	0.99329	3	0	0
4	98500001	1.01004	0.99329	3	0	0
4	99000001	1.02943	0.99329	3	0	0
4	99500001	0.968718	0.99329	3	0	0
4	100000001	0.989734	0.99329	3	0	0
4	100500001	0.993204	0.99329	3	0	0
4	101000001	1.05442	0.99329	3	0	0
4	101500001	1.04106	0.99329	3	0	0
4	102000001	0.964987	0.99329	3	0	0
4	102500001	1.02636	0.99329	3	0	0
4	103000001	1.00299	0.99329	3	0	0
4	103500001	0.974702	0.99329	3	0	0
4	104000001	0.99549	0.99329	3	0	0
4	104500001	0.955381	0.99329	3	0	0
4	105000001	0.971074	0.99329	3	0	0
4	105500001	0.987616	0.99329	3	0	0
4	106000001	1.03913	0.99329	3	0	0
4	106500001	1.01576	0.99329	3	0	0
4	107000001	1.02817	0.99329	3	0	0
4	107500001	1.00372	0.99329	3	0	0
4	108000001	0.982258	0.99329	3	0	0
4	108500001	0.984017	0.99329	3	0	0
4	109000001	0.984902	0.99329	3	0	0
4	109500001	0.956921	0.99329	3	0	0
4	110000001	0.965343	0.99329	3	0	0
4	110500001	0.949956	0.99329	3	0	0
4	111000001	1.03904	0.99329	3	0	0
4	111500001	0.980352	0.99329	3	0	0
4	112000001	1.04115	0.99329	3	0	0
4	112500001	0.950261	0.99329	3	0	0
4	113000001	1.04863	0.99329	3	0	0
4	113500001	1.00598	0.99329	3	0	0
4	114000001	1.05116	0.99329	3	0	0
4	114500001	1.00437	0.99329	3	0	0
4	115000001	0.951339	0.99329	3	0	0
4	115500001	1.0081	0.99329	3	0	0
4	116000001	1.02246	0.99329	3	0	0
4	116500001	1.04355	0.99329	3	0	0
4	117000001	1.0416	0.99329	3	0	0
4	117500001	1.00051	0.99329	3	0	0
4	118000001	0.994662	0.99329	3	0	0
4	118500001	0.995625	0.99329	3	0	0
4	119000001	1.01653	0.99329	3	0	0
4	119500001	1.00536	0.99329	3	0	0
4	120000001	0.968108	0.99329	3	0	0
4	120500001	0.996028	0.99329	3	0	0
4	121000001	1.00781	0.99329	3	0	0
4	121500001	1.0811	0.99329	3	0	0
4	122000001	1.01363	0.99329	3	0	0
4	122500001	0.98863	0.99329	3	0	0
4	123000001	0.98061	0.99329	3	0	0
4	123500001	1.01601	0.99329	3	0	0
4	124000001	1.04081	0.99329	3	0	0
4	124500001	0.985834	0.99329	3	0	0
4	125000001	0.992752	0.99329	3	0	0
4	125500001	1.02174	0.99329	3	0	0
4	126000001	1.00567	0.99329	3	0	0
4	126500001	1.00472	0.99329	3	0	0
4	127000001	1.00851	0.99329	3	0	0
4	127500001	1.03599	0.99329	3	0	0
4	128000001	1.02978	0.99329	3	0	0
4	128500001	0.986633	0.99329	3	0	0
4	129000001	1.06232	0.99329	3	0	0
4	129500001	0.952706	0.99329	3	0	0
4	130000001	0.952487	0.99329	3	0	0
4	130500001	1.01369	0.99329	3	0	0
4	131000001	0.981353	0.99329	3	0	0
4	131500001	0.941803	0.99329	3	0	0
4	132000001	0.982137	0.99329	3	0	0
4	132500001	0.963926	0.99329	3	0	0
4	133000001	1.02871	0.99329	3	0	0
4	133500001	1.0218	0.99329	3	0	0
4	134000001	0.998109	0.99329	3	0	0
4	134500001	0.998261	0.99329	3	0	0
4	135000001	0.959309	0.99329	3	0	0
4	135500001	0.990753	0.99329	3	0	0
4	136000001	0.998965	0.99329	3	0	0
4	136500001	0.980542	0.99329	3	0	0
4	137000001	0.965631	0.99329	3	0	0
4	137500001	0.999308	0.99329	3	0	0
4	138000001	1.01323	0.99329	3	0	0
4	138500001	0.999648	0.99329	3	0	0
4	139000001	0.968753	0.99329	3	0	0
4	139500001	1.00309	0.99329	3	0	0
4	140000001	0.959947	0.99329	3	0	0
4	140500001	1.0321	0.99329	3	0	0
4	141000001	1.00754	0.99329	3	0	0
4	141500001	1.02534	0.99329	3	0	0
4	142000001	1.00599	0.99329	3	0	0
4	142500001	1.03798	0.99329	3	0	0
4	143000001	0.961665	0.99329	3	0	0
4	143500001	0.990749	0.99329	3	0	0
4	144000001	0.996904	0.99329	3	0	0
4	144500001	1.0011	0.99329	3	0	0
4	145000001	0.98343	0.99329	3	0	0
4	145500001	1.02247	0.99329	3	0	0
4	146000001	1.01036	0.99329	3	0	0
4	146500001	1.02656	0.99329	3	0	0
4	147000001	1.01496	0.99329	3	0	0
4	147500001	0.95431	0.99329	3	0	0
4	148000001	0.990192	0.99329	3	0	0
4	148500001	0.994684	0.99329	3	0	0
4	149000001	0.993669	0.99329	3	0	0
4	149500001	0.97883	0.99329	3	0	0
4	150000001	1.00594	0.99329	3	0	0
4	150500001	0.987567	0.99329	3	0	0
4	151000001	0.950257	0.99329	3	0	0
4	151500001	0.991457	0.99329	3	0	0
4	152000001	1.01169	0.99329	3	0	0
4	152500001	0.981516	0.99329	3	0	0
4	153000001	0.988092	0.99329	3	0	0
4	153500001	0.965589	0.99329	3	0	0
4	154000001	0.955754	0.99329	3	0	0
4	154500001	0.980411	0.99329	3	0	0
4	155000001	1.00014	0.99329	3	0	0
4	155500001	0.997039	0.99329	3	0	0
4	156000001	1.02328	0.99329	3	0	0
4	156500001	1.01332	0.99329	3	0	0
4	157000001	1.00132	0.99329	3	0	0
4	157500001	1.03195	0.99329	3	0	0
4	158000001	0.985791	0.99329	3	0	0
4	158500001	1.00645	0.99329	3	0	0
4	159000001	1.00722	0.99329	3	0	0
4	159500001	1.03883	0.99329	3	0	0
4	160000001	0.958278	0.99329	3	0	0
4	160500001	0.984027	0.99329	3	0	0
4	161000001	1.00535	0.99329	3	0	0
4	161500001	0.96499	0.99329	3	0	0
4	162000001	1.02682	0.99329	3	0	0
4	162500001	0.971076	0.99329	3	0	0
4	163000001	0.949547	0.99329	3	0	0
4	163500001	0.970409	0.99329	3	0	0
4	164000001	0.974313	0.99329	3	0	0
4	164500001	0.978345	0.99329	3	0	0
4	165000001	0.903633	0.99329	3	0	0
4	165500001	0.94813	0.99329	3	0	0
4	166000001	1.01324	0.99329	3	0	0
4	166500001	1.01554	0.99329	3	0	0
4	167000001	0.979716	0.99329	3	0	0
4	167500001	0.988644	0.99329	3	0	0
4	168000001	1.01838	0.99329	3	0	0
4	168500001	0.946544	0.99329	3	0	0
4	169000001	0.959681	0.99329	3	0	0
4	169500001	0.947599	0.99329	3	0	0
4	170000001	0.946371	0.99329	3	0	0
4	170500001	0.96336	0.99329	3	0	0
4	171000001	0.956811	0.99329	3	0	0
4	171500001	0.939534	0.99329	3	0	0
4	172000001	0.918913	0.99329	3	0	0
4	172500001	0.991512	0.99329	3	0	0
4	173000001	0.971276	0.99329	3	0	0
4	173500001	0.982276	0.99329	3	0	0
4	174000001	0.993616	0.99329	3	0	0
4	174500001	0.987785	0.99329	3	0	0
4	175000001	1.01737	0.99329	3	0	0
4	175500001	1.00682	0.99329	3	0	0
4	176000001	0.961645	0.99329	3	0	0
4	176500001	0.985265	0.99329	3	0	0
4	177000001	0.96968	0.99329	3	0	0
4	177500001	0.955969	0.99329	3	0	0
4	178000001	0.998927	0.99329	3	0	0
4	178500001	0.981087	0.99329	3	0	0
4	179000001	0.988912	0.99329	3	0	0
4	179500001	0.953498	0.99329	3	0	0
4	180000001	0.981081	0.99329	3	0	0
4	180500001	0.938702	0.99329	3	0	0
4	181000001	0.990354	0.99329	3	0	0
4	181500001	0.998367	0.99329	3	0	0
4	182000001	0.944973	0.99329	3	0	0
4	182500001	0.928528	0.99329	3	0	0
4	183000001	0.957226	0.99329	3	0	0
4	183500001	1.01246	0.99329	3	0	0
4	184000001	0.99367	0.99329	3	0	0
4	184500001	0.98698	0.99329	3	0	0
4	185000001	0.989626	0.99329	3	0	0
4	185500001	1.04313	0.99329	3	0	0
4	186000001	0.993376	0.99329	3	0	0
4	186500001	0.91437	0.99329	3	0	0
4	187000001	0.958947	0.99329	3	0	0
4	187500001	0.940878	0.99329	3	0	0
4	188000001	0.916515	0.99329	3	0	0
4	188500001	0.959054	0.99329	3	0	0
4	189000001	0.991354	0.99329	3	0	0
4	189500001	0.972429	0.99329	3	0	0
4	190000001	-1	-1	-1	0	0
5	1	1.45923	1.31989	4	0	0
5	500001	1.39204	1.31989	4	0	0
5	1000001	1.43613	1.31989	4	0	0
5	1500001	1.29305	1.31989	4	0	0
5	2000001	1.33926	1.31989	4	0	0
5	2500001	1.23467	1.31989	4	0	0
5	3000001	1.28354	1.31989	4	0	0
5	3500001	1.30392	1.31989	4	0	0
5	4000001	1.25332	1.31989	4	0	0
5	4500001	1.31691	1.31989	4	0	0
5	5000001	1.33477	1.31989	4	0	0
5	5500001	1.3421	1.31989	4	0	0
5	6000001	1.29627	1.31989	4	0	0
5	6500001	1.31989	1.31989	4	0	0
5	7000001	1.27737	1.31989	4	0	0
5	7500001	1.34519	1.31989	4	0	0
5	8000001	1.26026	1.31989	4	0	0
5	8500001	1.28792	1.31989	4	0	0
5	9000001	1.33933	1.31989	4	0	0
5	9500001	1.36449	1.31989	4	0	0
5	10000001	1.38651	1.31989	4	0	0
5	10500001	1.34955	1.31989	4	0	0
5	11000001	1.31243	1.31989	4	0	0
5	11500001	1.26888	1.31989	4	0	0
5	12000001	1.31913	1.31989	4	0	0
5	12500001	1.30088	1.31989	4	0	0
5	13000001	1.36948	1.31989	4	0	0
5	13500001	1.42471	1.31989	4	0	0
5	14000001	1.36607	1.31989	4	0	0
5	14500001	1.36856	1.31989	4	0	0
5	15000001	1.35883	1.31989	4	0	0
5	15500001	1.31824	1.31989	4	0	0
5	16000001	1.37178	1.31989	4	0	0
5	16500001	1.2715	1.31989	4	0	0
5	17000001	1.30184	1.31989	4	0	0
5	17500001	1.73365	1.73365	5	0	0
5	18000001	1.3542	1.30083	4	0	0
5	18500001	1.28807	1.30083	4	0	0
5	19000001	1.26712	1.30083	4	0	0
5	19500001	1.27115	1.30083	4	0	0
5	20000001	1.2818	1.30083	4	0	0
5	20500001	1.3085	1.30083	4	0	0
5	21000001	1.3522	1.30083	4	0	0
5	21500001	1.30043	1.30083	4	0	0
5	22000001	1.27705	1.30083	4	0	0
5	22500001	1.30083	1.30083	4	0	0
5	23000001	1.26503	1.30083	4	0	0
5	23500001	1.2999	1.30083	4	0	0
5	24000001	1.27613	1.30083	4	0	0
5	24500001	1.34455	1.30083	4	0	0
5	25000001	1.29125	1.30083	4	0	0
5	25500001	1.30101	1.30083	4	0	0
5	26000001	1.2834	1.30083	4	0	0
5	26500001	1.29721	1.30083	4	0	0
5	27000001	1.32481	1.30083	4	0	0
5	27500001	1.31543	1.30083	4	0	0
5	28000001	1.34088	1.30083	4	0	0
5	28500001	1.2854	1.30083	4	0	0
5	29000001	1.35241	1.30083	4	0	0
5	29500001	1.31848	1.30083	4	0	0
5	30000001	1.31333	1.30083	4	0	0
5	30500001	1.34191	1.30083	4	0	0
5	31000001	1.33425	1.30083	4	0	0
5	31500001	1.32492	1.30083	4	0	0
5	32000001	1.29757	1.30083	4	0	0
5	32500001	1.34461	1.35339	4	0	0
5	33000001	1.3286	1.35339	4	0	0
5	33500001	1.38214	1.35339	4	0	0
5	34000001	1.49604	1.35339	4	0	0
5	34500001	1.3771	1.35339	4	0	0
5	35000001	1.3576	1.35339	4	0	0
5	35500001	1.39148	1.35339	4	0	0
5	36000001	1.37796	1.35339	4	0	0
5	36500001	1.4133	1.35339	4	0	0
5	37000001	1.2775	1.35339	4	0	0
5	37500001	1.37261	1.35339	4	0	0
5	38000001	1.37793	1.35339	4	0	0
5	38500001	1.32285	1.35339	4	0	0
5	39000001	1.34286	1.35339	4	0	0
5	39500001	1.36089	1.35339	4	0	0
5	40000001	1.33803	1.35339	4	0	0
5	40500001	1.30494	1.35339	4	0	0
5	41000001	1.33317	1.35339	4	0	0
5	41500001	1.34413	1.35339	4	0	0
5	42000001	1.40069	1.35339	4	0	0
5	42500001	1.34918	1.35339	4	0	0
5	43000001	1.31931	1.35339	4	0	0
5	43500001	1.36948	1.35339	4	0	0
5	44000001	1.3104	1.35339	4	0	0
5	44500001	1.05039	1.0579	3	0	0
5	45000001	1.01769	1.0579	3	0	0
5	45500001	1.06541	1.0579	3	0	0
5	46000001	1.07533	1.0579	3	0	0
5	46500001	0.533659	0.533659	2	0	0
5	47000001	1.20574	1.36272	4	0	0
5	47500001	1.36272	1.36272	4	0	0
5	48000001	1.37172	1.36272	4	0	0
5	48500001	1.72235	1.72235	5	0	0
5	49000001	2.51507	2.51507	8	0	0
5	49500001	6.2249	6.2249	19	0	0
5	50000001	1.31053	1.31053	4	0	0
5	50500001	0.971331	1.00429	3	0	0
5	51000001	0.997457	1.00429	3	0	0
5	51500001	1.01303	1.00429	3	0	0
5	52000001	1.02888	1.00429	3	0	0
5	52500001	1.05348	1.00429	3	0	0
5	53000001	1.01317	1.00429	3	0	0
5	53500001	1.04186	1.00429	3	0	0
5	54000001	1.02234	1.00429	3	0	0
5	54500001	1.04413	1.00429	3	0	0
5	55000001	0.986991	1.00429	3	0	0
5	55500001	0.992595	1.00429	3	0	0
5	56000001	1.00754	1.00429	3	0	0
5	56500001	1.0017	1.00429	3	0	0
5	57000001	1.02832	1.00429	3	0	0
5	57500001	1.0741	1.00429	3	0	0
5	58000001	1.00525	1.00429	3	0	0
5	58500001	1.05005	1.00429	3	0	0
5	59000001	0.992803	1.00429	3	0	0
5	59500001	1.02951	1.00429	3	0	0
5	60000001	1.00935	1.00429	3	0	0
5	60500001	1.01236	1.00429	3	0	0
5	61000001	1.02691	1.00429	3	0	0
5	61500001	1.01932	1.00429	3	0	0
5	62000001	0.968724	1.00429	3	0	0
5	62500001	0.999111	1.00429	3	0	0
5	63000001	0.991999	1.00429	3	0	0
5	63500001	1.00595	1.00429	3	0	0
5	64000001	1.02604	1.00429	3	0	0
5	64500001	0.985013	1.00429	3	0	0
5	65000001	0.999967	1.00429	3	0	0
5	65500001	0.983785	1.00429	3	0	0
5	66000001	1.05245	1.00429	3	0	0
5	66500001	1.03204	1.00429	3	0	0
5	67000001	0.976018	1.00429	3	0	0
5	67500001	0.995142	1.00429	3	0	0
5	68000001	1.0095	1.00429	3	0	0
5	68500001	1.03522	1.00429	3	0	0
5	69000001	0.964973	1.00429	3	0	0
5	69500001	0.873824	1.00429	3	0	0
5	70000001	0.906356	1.00429	3	0	0
5	70500001	0.967862	1.00429	3	0	0
5	71000001	0.931539	1.00429	3	0	0
5	71500001	1.00287	1.00429	3	0	0
5	72000001	1.07399	1.00429	3	0	0
5	72500001	1.03548	1.00429	3	0	0
5	73000001	0.953181	1.00429	3	0	0
5	73500001	1.00765	1.00429	3	0	0
5	74000001	1.02409	1.00429	3	0	0
5	74500001	1.00376	1.00429	3	0	0
5	75000001	1.02216	1.00429	3	0	0
5	75500001	1.00252	1.00429	3	0	0
5	76000001	1.02784	1.00429	3	0	0
5	76500001	1.00683	1.00429	3	0	0
5	77000001	1.00798	1.00429	3	0	0
5	77500001	0.998347	1.00429	3	0	0
5	78000001	0.993466	1.00429	3	0	0
5	78500001	1.02017	1.00429	3	0	0
5	79000001	0.920056	1.00429	3	0	0
5	79500001	0.935831	1.00429	3	0	0
5	80000001	0.99282	1.00429	3	0	0
5	80500001	0.957771	1.00429	3	0	0
5	81000001	0.964378	1.00429	3	0	0
5	81500001	0.992439	1.00429	3	0	0
5	82000001	1.0155	1.00429	3	0	0
5	82500001	1.02095	1.00429	3	0	0
5	83000001	0.98633	1.00429	3	0	0
5	83500001	1.03724	1.00429	3	0	0
5	84000001	1.00693	1.00429	3	0	0
5	84500001	0.971902	1.00429	3	0	0
5	85000001	1.03672	1.00429	3	0	0
5	85500001	1.00209	1.00429	3	0	0
5	86000001	1.00236	1.00429	3	0	0
5	86500001	1.02961	1.00429	3	0	0
5	87000001	1.03628	1.00429	3	0	0
5	87500001	1.07001	1.00429	3	0	0
5	88000001	0.989121	1.00429	3	0	0
5	88500001	0.976907	1.00429	3	0	0
5	89000001	0.97754	1.00429	3	0	0
5	89500001	0.997652	1.00429	3	0	0
5	90000001	1.02483	1.00429	3	0	0
5	90500001	1.00214	1.00429	3	0	0
5	91000001	1.04195	1.00429	3	0	0
5	91500001	1.06293	1.00429	3	0	0
5	92000001	1.0426	1.00429	3	0	0
5	92500001	1.02897	1.00429	3	0	0
5	93000001	1.03294	1.00429	3	0	0
5	93500001	0.957953	1.00429	3	0	0
5	94000001	1.00302	1.00429	3	0	0
5	94500001	0.990778	1.00429	3	0	0
5	95000001	0.992651	1.00429	3	0	0
5	95500001	1.00523	1.00429	3	0	0
5	96000001	1.02775	1.00429	3	0	0
5	96500001	1.03047	1.00429	3	0	0
5	97000001	1.04506	1.00429	3	0	0
5	97500001	1.00975	1.00429	3	0	0
5	98000001	1.0355	1.00429	3	0	0
5	98500001	0.99854	1.00429	3	0	0
5	99000001	0.970482	1.00429	3	0	0
5	99500001	0.99672	1.00429	3	0	0
5	100000001	0.968835	1.00429	3	0	0
5	100500001	0.965855	1.00429	3	0	0
5	101000001	1.02814	1.00429	3	0	0
5	101500001	0.985901	1.00429	3	0	0
5	102000001	1.02665	1.00429	3	0	0
5	102500001	1.00551	1.00429	3	0	0
5	103000001	1.01219	1.00429	3	0	0
5	103500001	0.989116	1.00429	3	0	0
5	104000001	0.984762	1.00429	3	0	0
5	104500001	0.978637	1.00429	3	0	0
5	105000001	1.00154	1.00429	3	0	0
5	105500001	0.995181	1.00429	3	0	0
5	106000001	1.0135	1.00429	3	0	0
5	106500001	1.0117	1.00429	3	0	0
5	107000001	0.990132	1.00429	3	0	0
5	107500001	1.0334	1.00429	3	0	0
5	108000001	0.990727	1.00429	3	0	0
5	108500001	0.986011	1.00429	3	0	0
5	109000001	1.01131	1.00429	3	0	0
5	109500001	1.00656	1.00429	3	0	0
5	110000001	0.977533	1.00429	3	0	0
5	110500001	1.00774	1.00429	3	0	0
5	111000001	1.0135	1.00429	3	0	0
5	111500001	1.05597	1.00429	3	0	0
5	112000001	1.00483	1.00429	3	0	0
5	112500001	1.01843	1.00429	3	0	0
5	113000001	1.05058	1.00429	3	0	0
5	113500001	1.00247	1.00429	3	0	0
5	114000001	0.965982	1.00429	3	0	0
5	114500001	1.02399	1.00429	3	0	0
5	115000001	1.01213	1.00429	3	0	0
5	115500001	1.02183	1.00429	3	0	0
5	116000001	1.01255	1.00429	3	0	0
5	116500001	0.981	1.00429	3	0	0
5	117000001	0.963236	1.00429	3	0	0
5	117500001	0.974172	1.00429	3	0	0
5	118000001	0.969975	1.00429	3	0	0
5	118500001	1.02167	1.00429	3	0	0
5	119000001	0.996713	1.00429	3	0	0
5	119500001	0.991605	1.00429	3	0	0
5	120000001	0.98208	1.00429	3	0	0
5	120500001	0.985865	1.00429	3	0	0
5	121000001	1.06544	1.00429	3	0	0
5	121500001	0.969595	1.00429	3	0	0
5	122000001	1.0537	1.00429	3	0	0
5	122500001	0.984333	1.00429	3	0	0
5	123000001	0.983281	1.00429	3	0	0
5	123500001	1.05332	1.00429	3	0	0
5	124000001	1.02397	1.00429	3	0	0
5	124500001	0.97964	1.00429	3	0	0
5	125000001	0.974514	1.00429	3	0	0
5	125500001	1.04322	1.00429	3	0	0
5	126000001	1.10988	1.00429	3	0	0
5	126500001	0.993904	1.00429	3	0	0
5	127000001	1.00806	1.00429	3	0	0
5	127500001	1.01854	1.00429	3	0	0
5	128000001	1.01423	1.00429	3	0	0
5	128500001	0.968806	1.00429	3	0	0
5	129000001	1.0108	1.00429	3	0	0
5	129500001	0.994057	1.00429	3	0	0
5	130000001	1.01724	1.00429	3	0	0
5	130500001	1.02114	1.00429	3	0	0
5	131000001	1.04636	1.00429	3	0	0
5	131500001	0.973955	1.00429	3	0	0
5	132000001	1.0552	1.00429	3	0	0
5	132500001	1.0013	1.00429	3	0	0
5	133000001	1.0467	1.00429	3	0	0
5	133500001	1.01083	1.00429	3	0	0
5	134000001	1.04333	1.00429	3	0	0
5	134500001	0.994022	1.00429	3	0	0
5	135000001	1.07359	1.00429	3	0	0
5	135500001	0.997225	1.00429	3	0	0
5	136000001	1.01583	1.00429	3	0	0
5	136500001	0.989611	1.00429	3	0	0
5	137000001	0.976528	1.00429	3	0	0
5	137500001	0.976779	1.00429	3	0	0
5	138000001	0.979278	1.00429	3	0	0
5	138500001	0.984432	1.00429	3	0	0
5	139000001	1.0162	1.00429	3	0	0
5	139500001	1.00551	1.00429	3	0	0
5	140000001	1.011	1.00429	3	0	0
5	140500001	0.957238	1.00429	3	0	0
5	141000001	0.998697	1.00429	3	0	0
5	141500001	1.04629	1.00429	3	0	0
5	142000001	1.04677	1.00429	3	0	0
5	142500001	0.979183	1.00429	3	0	0
5	143000001	1.04325	1.00429	3	0	0
5	143500001	1.04629	1.00429	3	0	0
5	144000001	1.00723	1.00429	3	0	0
5	144500001	0.993053	1.00429	3	0	0
5	145000001	1.0003	1.00429	3	0	0
5	145500001	1.01223	1.00429	3	0	0
5	146000001	1.00258	1.00429	3	0	0
5	146500001	1.00061	1.00429	3	0	0
5	147000001	0.957819	1.00429	3	0	0
5	147500001	0.961351	1.00429	3	0	0
5	148000001	1.04597	1.00429	3	0	0
5	148500001	1.07155	1.00429	3	0	0
5	149000001	1.00822	1.00429	3	0	0
5	149500001	1.00349	1.00429	3	0	0
5	150000001	1.04476	1.00429	3	0	0
5	150500001	1.02918	1.00429	3	0	0
5	151000001	1.04565	1.00429	3	0	0
5	151500001	1.04471	1.00429	3	0	0
5	152000001	1.01421	1.00429	3	0	0
5	152500001	1.01419	1.00429	3	0	0
5	153000001	0.974477	1.00429	3	0	0
5	153500001	1.01753	1.00429	3	0	0
5	154000001	0.991898	1.00429	3	0	0
5	154500001	0.964576	1.00429	3	0	0
5	155000001	1.03137	1.00429	3	0	0
5	155500001	1.00271	1.00429	3	0	0
5	156000001	0.960399	1.00429	3	0	0
5	156500001	1.00052	1.00429	3	0	0
5	157000001	0.993646	1.00429	3	0	0
5	157500001	0.991783	1.00429	3	0	0
5	158000001	0.978274	1.00429	3	0	0
5	158500001	0.980606	1.00429	3	0	0
5	159000001	1.04284	1.00429	3	0	0
5	159500001	0.998536	1.00429	3	0	0
5	160000001	0.984506	1.00429	3	0	0
5	160500001	1.04222	1.00429	3	0	0
5	161000001	1.00618	1.00429	3	0	0
5	161500001	1.02958	1.00429	3	0	0
5	162000001	0.939257	1.00429	3	0	0
5	162500001	0.964518	1.00429	3	0	0
5	163000001	0.982969	1.00429	3	0	0
5	163500001	0.9805	1.00429	3	0	0
5	164000001	1.00633	1.00429	3	0	0
5	164500001	0.979593	1.00429	3	0	0
5	165000001	0.936646	1.00429	3	0	0
5	165500001	0.972353	1.00429	3	0	0
5	166000001	0.982032	1.00429	3	0	0
5	166500001	0.965305	1.00429	3	0	0
5	167000001	0.923949	1.00429	3	0	0
5	167500001	0.978056	1.00429	3	0	0
5	168000001	1.05306	1.00429	3	0	0
5	168500001	1.07296	1.00429	3	0	0
5	169000001	1.02038	1.00429	3	0	0
5	169500001	0.996875	1.00429	3	0	0
5	170000001	1.04403	1.00429	3	0	0
5	170500001	1.04075	1.00429	3	0	0
5	171000001	0.962934	1.00429	3	0	0
5	171500001	1.02928	1.00429	3	0	0
5	172000001	1.01104	1.00429	3	0	0
5	172500001	0.988295	1.00429	3	0	0
5	173000001	1.00878	1.00429	3	0	0
5	173500001	1.03748	1.00429	3	0	0
5	174000001	1.01094	1.00429	3	0	0
5	174500001	0.986947	1.00429	3	0	0
5	175000001	0.98566	1.00429	3	0	0
5	175500001	1.03171	1.00429	3	0	0
5	176000001	1.04203	1.00429	3	0	0
5	176500001	0.951977	1.00429	3	0	0
5	177000001	0.966894	1.00429	3	0	0
5	177500001	0.958476	1.00429	3	0	0
5	178000001	0.940685	1.00429	3	0	0
5	178500001	0.955533	1.00429	3	0	0
5	179000001	1.02398	1.00429	3	0	0
5	179500001	1.16148	1.00429	3	0	0
5	180000001	0.973925	1.00429	3	0	0
5	180500001	1.02367	1.00429	3	0	0
5	181000001	0.916322	1.00429	3	0	0
5	181500001	-1	-1	-1	0	0
6	1	1.18132	1.31902	4	0	0
6	500001	1.29827	1.31902	4	0	0
6	1000001	1.35271	1.31902	4	0	0
6	1500001	1.29706	1.31902	4	0	0
6	2000001	1.34291	1.31902	4	0	0
6	2500001	1.36112	1.31902	4	0	0
6	3000001	1.35651	1.31902	4	0	0
6	3500001	1.3507	1.31902	4	0	0
6	4000001	1.39482	1.31902	4	0	0
6	4500001	1.31497	1.31902	4	0	0
6	5000001	1.27938	1.31902	4	0	0
6	5500001	1.3104	1.31902	4	0	0
6	6000001	1.29058	1.31902	4	0	0
6	6500001	1.32577	1.31902	4	0	0
6	7000001	1.33874	1.31902	4	0	0
6	7500001	1.34626	1.31902	4	0	0
6	8000001	1.33201	1.31902	4	0	0
6	8500001	1.33035	1.31902	4	0	0
6	9000001	1.32973	1.31902	4	0	0
6	9500001	1.33237	1.31902	4	0	0
6	10000001	1.27477	1.31902	4	0	0
6	10500001	1.33388	1.31902	4	0	0
6	11000001	1.50615	1.31902	4	0	0
6	11500001	1.35769	1.31902	4	0	0
6	12000001	1.3431	1.31902	4	0	0
6	12500001	1.40234	1.31902	4	0	0
6	13000001	1.37165	1.31902	4	0	0
6	13500001	1.31239	1.31902	4	0	0
6	14000001	1.39775	1.31902	4	0	0
6	14500001	1.31459	1.31902	4	0	0
6	15000001	1.20707	1.31902	4	0	0
6	15500001	1.38738	1.31902	4	0	0
6	16000001	1.3171	1.31902	4	0	0
6	16500001	1.33666	1.31902	4	0	0
6	17000001	1.29181	1.31902	4	0	0
6	17500001	1.31106	1.31902	4	0	0
6	18000001	1.30957	1.31902	4	0	0
6	18500001	1.30055	1.31902	4	0	0
6	19000001	1.3378	1.31902	4	0	0
6	19500001	1.27166	1.31902	4	0	0
6	20000001	1.32094	1.31902	4	0	0
6	20500001	1.23208	1.31902	4	0	0
6	21000001	1.27489	1.31902	4	0	0
6	21500001	1.22366	1.31902	4	0	0
6	22000001	1.30377	1.31902	4	0	0
6	22500001	1.30754	1.31902	4	0	0
6	23000001	1.33359	1.31902	4	0	0
6	23500001	1.30182	1.31902	4	0	0
6	24000001	1.29556	1.31902	4	0	0
6	24500001	1.28634	1.31902	4	0	0
6	25000001	1.35301	1.31902	4	0	0
6	25500001	1.3622	1.31902	4	0	0
6	26000001	1.29992	1.31902	4	0	0
6	26500001	1.2895	1.31902	4	0	0
6	27000001	1.26949	1.31902	4	0	0
6	27500001	1.22429	1.31902	4	0	0
6	28000001	1.3144	1.31902	4	0	0
6	28500001	1.33058	1.31902	4	0	0
6	29000001	1.3163	1.31902	4	0	0
6	29500001	1.31667	1.31902	4	0	0
6	30000001	1.33569	1.31902	4	0	0
6	30500001	1.31677	1.31902	4	0	0
6	31000001	1.35166	1.31902	4	0	0
6	31500001	1.33801	1.31902	4	0	0
6	32000001	1.3861	1.31902	4	0	0
6	32500001	1.28652	1.31902	4	0	0
6	33000001	1.32746	1.31902	4	0	0
6	33500001	1.41202	1.31902	4	0	0
6	34000001	1.31329	1.31902	4	0	0
6	34500001	1.40878	1.31902	4	0	0
6	35000001	2.09216	1.98714	6	0	0
6	35500001	1.94697	1.98714	6	0	0
6	36000001	2.07667	1.98714	6	0	0
6	36500001	1.98714	1.98714	6	0	0
6	37000001	1.96788	1.98714	6	0	0
6	37500001	2.04423	1.98714	6	0	0
6	38000001	1.95388	1.98714	6	0	0
6	38500001	1.31468	1.30865	4	0	0
6	39000001	1.30262	1.30865	4	0	0
6	39500001	1.66814	1.66814	5	0	0
6	40000001	2.08321	2.06058	6	0	0
6	40500001	2.08569	2.06058	6	0	0
6	41000001	2.11041	2.06058	6	0	0
6	41500001	2.03795	2.06058	6	0	0
6	42000001	1.97352	2.06058	6	0	0
6	42500001	1.92395	2.06058	6	0	0
6	43000001	1.61284	1.61284	5	0	0
6	43500001	1.3244	1.3577	4	0	0
6	44000001	1.35021	1.3577	4	0	0
6	44500001	1.36913	1.3577	4	0	0
6	45000001	1.36304	1.3577	4	0	0
6	45500001	1.37829	1.3577	4	0	0
6	46000001	1.41872	1.3577	4	0	0
6	46500001	1.37759	1.3577	4	0	0
6	47000001	1.3784	1.3577	4	0	0
6	47500001	1.3326	1.3577	4	0	0
6	48000001	1.29833	1.3577	4	0	0
6	48500001	1.34048	1.3577	4	0	0
6	49000001	1.32463	1.3577	4	0	0
6	49500001	1.37068	1.3577	4	0	0
6	50000001	1.36279	1.3577	4	0	0
6	50500001	1.30278	1.3577	4	0	0
6	51000001	1.27304	1.3577	4	0	0
6	51500001	1.35262	1.3577	4	0	0
6	52000001	1.39326	1.3577	4	0	0
6	52500001	1.32982	1.3577	4	0	0
6	53000001	1.32587	1.3577	4	0	0
6	53500001	1.40908	1.3577	4	0	0
6	54000001	1.3072	1.3577	4	0	0
6	54500001	1.37218	1.3577	4	0	0
6	55000001	1.34605	1.3577	4	0	0
6	55500001	1.37961	1.3577	4	0	0
6	56000001	1.34709	1.3577	4	0	0
6	56500001	1.36307	1.3577	4	0	0
6	57000001	1.37964	1.3577	4	0	0
6	57500001	1.36547	1.3577	4	0	0
6	58000001	1.34786	1.3577	4	0	0
6	58500001	2.48177	2.41611	7	0	0
6	59000001	2.35046	2.41611	7	0	0
6	59500001	-1	-1	-1	0	0
6	60000001	-1	-1	-1	0	0
6	60500001	1.275	1.35273	4	0	0
6	61000001	1.2333	1.35273	4	0	0
6	61500001	1.36278	1.35273	4	0	0
6	62000001	1.38324	1.35273	4	0	0
6	62500001	1.31308	1.35273	4	0	0
6	63000001	1.36556	1.35273	4	0	0
6	63500001	1.3796	1.35273	4	0	0
6	64000001	1.3525	1.35273	4	0	0
6	64500001	1.34171	1.35273	4	0	0
6	65000001	1.36317	1.35273	4	0	0
6	65500001	1.32598	1.35273	4	0	0
6	66000001	1.37517	1.35273	4	0	0
6	66500001	1.37002	1.35273	4	0	0
6	67000001	1.33063	1.35273	4	0	0
6	67500001	1.31105	1.35273	4	0	0
6	68000001	1.33516	1.35273	4	0	0
6	68500001	1.35577	1.35273	4	0	0
6	69000001	1.35273	1.35273	4	0	0
6	69500001	1.35147	1.35273	4	0	0
6	70000001	1.36986	1.35273	4	0	0
6	70500001	1.33861	1.35273	4	0	0
6	71000001	1.38161	1.35273	4	0	0
6	71500001	1.40708	1.35273	4	0	0
6	72000001	1.36718	1.35273	4	0	0
6	72500001	1.3296	1.35273	4	0	0
6	73000001	1.32269	1.35273	4	0	0
6	73500001	1.35822	1.35273	4	0	0
6	74000001	1.19184	1.19184	4	0	0
6	74500001	1.00783	1.00562	3	0	0
6	75000001	1.03598	1.00562	3	0	0
6	75500001	0.995815	1.00562	3	0	0
6	76000001	0.99616	1.00562	3	0	0
6	76500001	1.00562	1.00562	3	0	0
6	77000001	0.980584	0.673284	2	0	0
6	77500001	0.668231	0.673284	2	0	0
6	78000001	0.565392	0.673284	2	0	0
6	78500001	0.666977	0.673284	2	0	0
6	79000001	0.685822	0.673284	2	0	0
6	79500001	0.683341	0.673284	2	0	0
6	80000001	0.672166	0.673284	2	0	0
6	80500001	0.720625	0.673284	2	0	0
6	81000001	0.657933	0.673284	2	0	0
6	81500001	0.681589	0.673284	2	0	0
6	82000001	0.662799	0.673284	2	0	0
6	82500001	0.674237	0.673284	2	0	0
6	83000001	0.702757	0.673284	2	0	0
6	83500001	0.651372	0.673284	2	0	0
6	84000001	0.663556	0.673284	2	0	0
6	84500001	0.653347	0.673284	2	0	0
6	85000001	0.708258	0.673284	2	0	0
6	85500001	0.686565	0.673284	2	0	0
6	86000001	0.685938	0.673284	2	0	0
6	86500001	0.714768	0.673284	2	0	0
6	87000001	0.670116	0.673284	2	0	0
6	87500001	0.652006	0.673284	2	0	0
6	88000001	0.667463	0.673284	2	0	0
6	88500001	0.664723	0.673284	2	0	0
6	89000001	0.669824	0.673284	2	0	0
6	89500001	0.652046	0.673284	2	0	0
6	90000001	0.681931	0.673284	2	0	0
6	90500001	0.706489	0.673284	2	0	0
6	91000001	0.664859	0.673284	2	0	0
6	91500001	0.700887	0.673284	2	0	0
6	92000001	0.664661	0.673284	2	0	0
6	92500001	0.686895	0.673284	2	0	0
6	93000001	0.661276	0.673284	2	0	0
6	93500001	0.709292	0.673284	2	0	0
6	94000001	0.623413	0.673284	2	0	0
6	94500001	0.645399	0.673284	2	0	0
6	95000001	0.6652	0.673284	2	0	0
6	95500001	0.630873	0.673284	2	0	0
6	96000001	0.6221	0.673284	2	0	0
6	96500001	0.664661	0.673284	2	0	0
6	97000001	0.685864	0.673284	2	0	0
6	97500001	0.684871	0.673284	2	0	0
6	98000001	0.682052	0.673284	2	0	0
6	98500001	0.648434	0.673284	2	0	0
6	99000001	0.705484	0.673284	2	0	0
6	99500001	0.656975	0.673284	2	0	0
6	100000001	0.689149	0.673284	2	0	0
6	100500001	0.686229	0.673284	2	0	0
6	101000001	0.703218	0.673284	2	0	0
6	101500001	0.708392	0.673284	2	0	0
6	102000001	0.692588	0.673284	2	0	0
6	102500001	0.678895	0.673284	2	0	0
6	103000001	0.662274	0.673284	2	0	0
6	103500001	0.640675	0.673284	2	0	0
6	104000001	0.710057	0.673284	2	0	0
6	104500001	0.686549	0.673284	2	0	0
6	105000001	0.654634	0.673284	2	0	0
6	105500001	0.644198	0.673284	2	0	0
6	106000001	0.697106	0.673284	2	0	0
6	106500001	0.677821	0.673284	2	0	0
6	107000001	0.609933	0.673284	2	0	0
6	107500001	0.696705	0.673284	2	0	0
6	108000001	0.668995	0.673284	2	0	0
6	108500001	0.704002	0.673284	2	0	0
6	109000001	0.649928	0.673284	2	0	0
6	109500001	0.673284	0.673284	2	0	0
6	110000001	0.694907	0.673284	2	0	0
6	110500001	0.619041	0.673284	2	0	0
6	111000001	0.680498	0.673284	2	0	0
6	111500001	0.726953	0.673284	2	0	0
6	112000001	0.712201	0.673284	2	0	0
6	112500001	0.691412	0.673284	2	0	0
6	113000001	0.694605	0.673284	2	0	0
6	113500001	0.627953	0.673284	2	0	0
6	114000001	0.663175	0.673284	2	0	0
6	114500001	0.640036	0.673284	2	0	0
6	115000001	0.681956	0.673284	2	0	0
6	115500001	0.649843	0.673284	2	0	0
6	116000001	0.673293	0.673284	2	0	0
6	116500001	0.689843	0.673284	2	0	0
6	117000001	0.658471	0.673284	2	0	0
6	117500001	0.71155	0.673284	2	0	0
6	118000001	0.696323	0.673284	2	0	0
6	118500001	0.646736	0.673284	2	0	0
6	119000001	0.643204	0.673284	2	0	0
6	119500001	0.636309	0.673284	2	0	0
6	120000001	0.679674	0.673284	2	0	0
6	120500001	0.643189	0.673284	2	0	0
6	121000001	0.677663	0.673284	2	0	0
6	121500001	0.639965	0.673284	2	0	0
6	122000001	0.660869	0.673284	2	0	0
6	122500001	0.664029	0.673284	2	0	0
6	123000001	0.671588	0.673284	2	0	0
6	123500001	0.671765	0.673284	2	0	0
6	124000001	0.67668	0.673284	2	0	0
6	124500001	0.679981	0.673284	2	0	0
6	125000001	0.694721	0.673284	2	0	0
6	125500001	0.707534	0.673284	2	0	0
6	126000001	0.700338	0.673284	2	0	0
6	126500001	0.671181	0.673284	2	0	0
6	127000001	0.695149	0.673284	2	0	0
6	127500001	0.680187	0.673284	2	0	0
6	128000001	0.655636	0.673284	2	0	0
6	128500001	0.717238	0.673284	2	0	0
6	129000001	0.684966	0.673284	2	0	0
6	129500001	0.678564	0.673284	2	0	0
6	130000001	0.64944	0.673284	2	0	0
6	130500001	0.709027	0.673284	2	0	0
6	131000001	0.645422	0.673284	2	0	0
6	131500001	0.704292	0.673284	2	0	0
6	132000001	0.680226	0.673284	2	0	0
6	132500001	0.666685	0.673284	2	0	0
6	133000001	0.689926	0.673284	2	0	0
6	133500001	0.692551	0.673284	2	0	0
6	134000001	0.665279	0.673284	2	0	0
6	134500001	0.684631	0.673284	2	0	0
6	135000001	0.678756	0.673284	2	0	0
6	135500001	0.698445	0.673284	2	0	0
6	136000001	0.716074	0.673284	2	0	0
6	136500001	0.659567	0.673284	2	0	0
6	137000001	0.675095	0.673284	2	0	0
6	137500001	0.638185	0.673284	2	0	0
6	138000001	0.695852	0.673284	2	0	0
6	138500001	0.668401	0.673284	2	0	0
6	139000001	0.652097	0.673284	2	0	0
6	139500001	0.694981	0.673284	2	0	0
6	140000001	0.691729	0.673284	2	0	0
6	140500001	0.662365	0.673284	2	0	0
6	141000001	0.684797	0.673284	2	0	0
6	141500001	0.664262	0.673284	2	0	0
6	142000001	0.677543	0.673284	2	0	0
6	142500001	0.667248	0.673284	2	0	0
6	143000001	0.680621	0.673284	2	0	0
6	143500001	0.658145	0.673284	2	0	0
6	144000001	0.692291	0.673284	2	0	0
6	144500001	0.666408	0.673284	2	0	0
6	145000001	0.652749	0.673284	2	0	0
6	145500001	0.673021	0.673284	2	0	0
6	146000001	0.675679	0.673284	2	0	0
6	146500001	0.660089	0.673284	2	0	0
6	147000001	0.676463	0.673284	2	0	0
6	147500001	0.643235	0.673284	2	0	0
6	148000001	0.653498	0.673284	2	0	0
6	148500001	0.6811	0.673284	2	0	0
6	149000001	0.662665	0.673284	2	0	0
6	149500001	0.647164	0.673284	2	0	0
6	150000001	0.693773	0.673284	2	0	0
6	150500001	0.684886	0.673284	2	0	0
6	151000001	0.622055	0.673284	2	0	0
6	151500001	0.64924	0.673284	2	0	0
6	152000001	0.621706	0.673284	2	0	0
6	152500001	0.677363	0.673284	2	0	0
6	153000001	0.634231	0.673284	2	0	0
6	153500001	0.642825	0.673284	2	0	0
6	154000001	0.678586	0.673284	2	0	0
6	154500001	0.652015	0.673284	2	0	0
6	155000001	0.677339	0.673284	2	0	0
6	155500001	0.685028	0.673284	2	0	0
6	156000001	0.681382	0.673284	2	0	0
6	156500001	0.641619	0.673284	2	0	0
6	157000001	0.6769	0.673284	2	0	0
6	157500001	0.655106	0.673284	2	0	0
6	158000001	0.631884	0.673284	2	0	0
6	158500001	0.686673	0.673284	2	0	0
6	159000001	0.668254	0.673284	2	0	0
6	159500001	0.677828	0.673284	2	0	0
6	160000001	0.667066	0.673284	2	0	0
6	160500001	0.744092	0.673284	2	0	0
6	161000001	0.686657	0.673284	2	0	0
6	161500001	0.671536	0.673284	2	0	0
6	162000001	0.656708	0.673284	2	0	0
6	162500001	0.656279	0.673284	2	0	0
6	163000001	0.655233	0.673284	2	0	0
6	163500001	0.64781	0.673284	2	0	0
6	164000001	0.646232	0.673284	2	0	0
6	164500001	0.626327	0.977791	3	0	0
6	165000001	0.647367	0.977791	3	0	0
6	165500001	0.705351	0.977791	3	0	0
6	166000001	0.989894	0.977791	3	0	0
6	166500001	0.941672	0.977791	3	0	0
6	167000001	0.996606	0.977791	3	0	0
6	167500001	0.979535	0.977791	3	0	0
6	168000001	0.999307	0.977791	3	0	0
6	168500001	0.951933	0.977791	3	0	0
6	169000001	1.00352	0.977791	3	0	0
6	169500001	0.976047	0.977791	3	0	0
6	170000001	1.04897	0.977791	3	0	0
6	170500001	-1	-1	-1	0	0
7	1	1.04729	1.00262	3	0	0
7	500001	0.993943	1.00262	3	0	0
7	1000001	1.03555	1.00262	3	0	0
7	1500001	1.03547	1.00262	3	0	0
7	2000001	0.98066	1.00262	3	0	0
7	2500001	0.979872	1.00262	3	0	0
7	3000001	0.964251	1.00262	3	0	0
7	3500001	0.978887	1.00262	3	0	0
7	4000001	0.98756	1.00262	3	0	0
7	4500001	0.931362	1.00262	3	0	0
7	5000001	0.959018	1.00262	3	0	0
7	5500001	0.928458	1.00262	3	0	0
7	6000001	0.945874	1.00262	3	0	0
7	6500001	1.00362	1.00262	3	0	0
7	7000001	1.00836	1.00262	3	0	0
7	7500001	1.03152	1.00262	3	0	0
7	8000001	1.03667	1.00262	3	0	0
7	8500001	1.00788	1.00262	3	0	0
7	9000001	1.02076	1.00262	3	0	0
7	9500001	0.985362	1.00262	3	0	0
7	10000001	0.97488	1.00262	3	0	0
7	10500001	1.00277	1.00262	3	0	0
7	11000001	0.987025	1.00262	3	0	0
7	11500001	1.0152	1.00262	3	0	0
7	12000001	0.984921	1.00262	3	0	0
7	12500001	1.01095	1.00262	3	0	0
7	13000001	1.0299	1.00262	3	0	0
7	13500001	0.998876	1.00262	3	0	0
7	14000001	1.03322	1.00262	3	0	0
7	14500001	0.967709	1.00262	3	0	0
7	15000001	0.981929	1.00262	3	0	0
7	15500001	1.02377	1.00262	3	0	0
7	16000001	1.04295	1.00262	3	0	0
7	16500001	1.01909	1.00262	3	0	0
7	17000001	1.06623	1.00262	3	0	0
7	17500001	0.999354	1.00262	3	0	0
7	18000001	1.02715	1.00262	3	0	0
7	18500001	1.00262	1.00262	3	0	0
7	19000001	1.02373	1.00262	3	0	0
7	19500001	1.02585	1.00262	3	0	0
7	20000001	0.97867	1.00262	3	0	0
7	20500001	0.978265	1.00262	3	0	0
7	21000001	0.987694	1.00262	3	0	0
7	21500001	1.39066	1.39066	4	0	0
7	22000001	1.02425	1.00271	3	0	0
7	22500001	1.00115	1.00271	3	0	0
7	23000001	1.03858	1.00271	3	0	0
7	23500001	0.95712	1.00271	3	0	0
7	24000001	1.01797	1.00271	3	0	0
7	24500001	1.02111	1.00271	3	0	0
7	25000001	1.05194	1.00271	3	0	0
7	25500001	1.04786	1.00271	3	0	0
7	26000001	0.986174	1.00271	3	0	0
7	26500001	1.00334	1.00271	3	0	0
7	27000001	0.952803	1.00271	3	0	0
7	27500001	0.997448	1.00271	3	0	0
7	28000001	1.00892	1.00271	3	0	0
7	28500001	1.01747	1.00271	3	0	0
7	29000001	1.00693	1.00271	3	0	0
7	29500001	1.00425	1.00271	3	0	0
7	30000001	1.01928	1.00271	3	0	0
7	30500001	1.01556	1.00271	3	0	0
7	31000001	1.02569	1.00271	3	0	0
7	31500001	1.01232	1.00271	3	0	0
7	32000001	0.998123	1.00271	3	0	0
7	32500001	1.00154	1.00271	3	0	0
7	33000001	0.99652	1.00271	3	0	0
7	33500001	1.02038	1.00271	3	0	0
7	34000001	1.00831	1.00271	3	0	0
7	34500001	1.02177	1.00271	3	0	0
7	35000001	0.983851	1.00271	3	0	0
7	35500001	0.978206	1.00271	3	0	0
7	36000001	1.00707	1.00271	3	0	0
7	36500001	0.97686	1.00271	3	0	0
7	37000001	0.957129	1.00271	3	0	0
7	37500001	0.963519	1.00271	3	0	0
7	38000001	1.00921	1.00271	3	0	0
7	38500001	1.00925	1.00271	3	0	0
7	39000001	0.983974	1.00271	3	0	0
7	39500001	0.99832	1.00271	3	0	0
7	40000001	0.876333	1.00271	3	0	0
7	40500001	1.02626	1.00271	3	0	0
7	41000001	1.01219	1.00271	3	0	0
7	41500001	0.985111	1.00271	3	0	0
7	42000001	1.00658	1.00271	3	0	0
7	42500001	1.00079	1.00271	3	0	0
7	43000001	1.01634	1.00271	3	0	0
7	43500001	1.00208	1.00271	3	0	0
7	44000001	1.01889	1.00271	3	0	0
7	44500001	0.989766	1.00271	3	0	0
7	45000001	1.02596	1.00271	3	0	0
7	45500001	1.01745	1.00271	3	0	0
7	46000001	1.0284	1.00271	3	0	0
7	46500001	0.971678	1.00271	3	0	0
7	47000001	1.01645	1.00271	3	0	0
7	47500001	1.03174	1.00271	3	0	0
7	48000001	1.02747	1.00271	3	0	0
7	48500001	0.984218	1.00271	3	0	0
7	49000001	1.01464	1.00271	3	0	0
7	49500001	1.00104	1.00271	3	0	0
7	50000001	1.01342	1.00271	3	0	0
7	50500001	0.975239	1.00271	3	0	0
7	51000001	0.98712	1.00271	3	0	0
7	51500001	1.0037	1.00271	3	0	0
7	52000001	0.971309	1.00271	3	0	0
7	52500001	0.983416	1.00271	3	0	0
7	53000001	0.958177	1.00271	3	0	0
7	53500001	1.0014	1.00271	3	0	0
7	54000001	0.964306	1.00271	3	0	0
7	54500001	1.00116	1.00271	3	0	0
7	55000001	0.962057	1.00271	3	0	0
7	55500001	0.942685	1.00271	3	0	0
7	56000001	0.931731	1.00271	3	0	0
7	56500001	0.96729	1.00271	3	0	0
7	57000001	0.917584	1.00271	3	0	0
7	57500001	1.06608	1.00271	3	0	0
7	58000001	1.88419	1.88419	6	0	0
7	58500001	1.49794	1.37534	4	0	0
7	59000001	1.33211	1.37534	4	0	0
7	59500001	1.37534	1.37534	4	0	0
7	60000001	1.196	1.196	4	0	0
7	60500001	1.88277	1.88277	6	0	0
7	61000001	1.31145	1.30565	4	0	0
7	61500001	-1	1.30565	4	0	0
7	62000001	1.29984	1.30565	4	0	0
7	62500001	1.12293	0.994902	3	0	0
7	63000001	0.921899	0.994902	3	0	0
7	63500001	1.00889	0.994902	3	0	0
7	64000001	0.98936	0.994902	3	0	0
7	64500001	0.960057	0.994902	3	0	0
7	65000001	0.982495	0.994902	3	0	0
7	65500001	1.1428	0.994902	3	0	0
7	66000001	0.951286	0.994902	3	0	0
7	66500001	0.957714	0.994902	3	0	0
7	67000001	0.942707	0.994902	3	0	0
7	67500001	0.982589	0.994902	3	0	0
7	68000001	0.968039	0.994902	3	0	0
7	68500001	0.944384	0.994902	3	0	0
7	69000001	0.948226	0.994902	3	0	0
7	69500001	0.944949	0.994902	3	0	0
7	70000001	0.961198	0.994902	3	0	0
7	70500001	0.959766	0.994902	3	0	0
7	71000001	0.939329	0.994902	3	0	0
7	71500001	0.975362	0.994902	3	0	0
7	72000001	0.952871	0.994902	3	0	0
7	72500001	0.997043	0.994902	3	0	0
7	73000001	0.988088	0.994902	3	0	0
7	73500001	0.973464	0.994902	3	0	0
7	74000001	0.995236	0.994902	3	0	0
7	74500001	0.896151	0.994902	3	0	0
7	75000001	0.912515	0.994902	3	0	0
7	75500001	0.983961	0.994902	3	0	0
7	76000001	0.928889	0.994902	3	0	0
7	76500001	1.02652	0.994902	3	0	0
7	77000001	1.00058	0.994902	3	0	0
7	77500001	0.956964	0.994902	3	0	0
7	78000001	0.979531	0.994902	3	0	0
7	78500001	0.982351	0.994902	3	0	0
7	79000001	0.995355	0.994902	3	0	0
7	79500001	1.01002	0.994902	3	0	0
7	80000001	0.990949	0.994902	3	0	0
7	80500001	1.03947	0.994902	3	0	0
7	81000001	0.971247	0.994902	3	0	0
7	81500001	1.04239	0.994902	3	0	0
7	82000001	1.01257	0.994902	3	0	0
7	82500001	0.995386	0.994902	3	0	0
7	83000001	1.00269	0.994902	3	0	0
7	83500001	1.01801	0.994902	3	0	0
7	84000001	1.01984	0.994902	3	0	0
7	84500001	1.01552	0.994902	3	0	0
7	85000001	1.00842	0.994902	3	0	0
7	85500001	1.015	0.994902	3	0	0
7	86000001	1.01504	0.994902	3	0	0
7	86500001	1.00337	0.994902	3	0	0
7	87000001	0.996343	0.994902	3	0	0
7	87500001	0.968238	0.994902	3	0	0
7	88000001	0.988221	0.994902	3	0	0
7	88500001	0.989766	0.994902	3	0	0
7	89000001	0.999873	0.994902	3	0	0
7	89500001	1.01226	0.994902	3	0	0
7	90000001	1.04139	0.994902	3	0	0
7	90500001	1.00658	0.994902	3	0	0
7	91000001	1.00645	0.994902	3	0	0
7	91500001	1.03822	0.994902	3	0	0
7	92000001	0.967446	0.994902	3	0	0
7	92500001	1.02279	0.994902	3	0	0
7	93000001	1.04421	0.994902	3	0	0
7	93500001	1.01636	0.994902	3	0	0
7	94000001	1.04468	0.994902	3	0	0
7	94500001	1.0161	0.994902	3	0	0
7	95000001	0.973736	0.994902	3	0	0
7	95500001	1.06172	0.994902	3	0	0
7	96000001	0.991619	0.994902	3	0	0
7	96500001	0.976214	0.994902	3	0	0
7	97000001	1.01342	0.994902	3	0	0
7	97500001	1.00122	0.994902	3	0	0
7	98000001	0.955159	0.994902	3	0	0
7	98500001	0.941687	0.994902	3	0	0
7	99000001	0.989136	0.994902	3	0	0
7	99500001	1.03978	0.994902	3	0	0
7	100000001	0.992411	0.994902	3	0	0
7	100500001	1.13432	0.994902	3	0	0
7	101000001	0.981786	0.994902	3	0	0
7	101500001	0.930784	0.994902	3	0	0
7	102000001	1.00612	0.994902	3	0	0
7	102500001	1.1933	0.994902	3	0	0
7	103000001	0.996401	0.994902	3	0	0
7	103500001	0.986054	0.994902	3	0	0
7	104000001	0.998021	0.994902	3	0	0
7	104500001	1.00765	0.994902	3	0	0
7	105000001	0.991082	0.994902	3	0	0
7	105500001	0.978644	0.994902	3	0	0
7	106000001	1.04042	0.994902	3	0	0
7	106500001	1.01041	0.994902	3	0	0
7	107000001	1.00022	0.994902	3	0	0
7	107500001	1.00803	0.994902	3	0	0
7	108000001	0.986123	0.994902	3	0	0
7	108500001	1.00674	0.994902	3	0	0
7	109000001	0.979843	0.994902	3	0	0
7	109500001	0.988668	0.994902	3	0	0
7	110000001	0.920839	0.994902	3	0	0
7	110500001	0.991701	0.994902	3	0	0
7	111000001	0.970232	0.994902	3	0	0
7	111500001	1.00559	0.994902	3	0	0
7	112000001	1.00721	0.994902	3	0	0
7	112500001	0.978857	0.994902	3	0	0
7	113000001	1.00336	0.994902	3	0	0
7	113500001	0.976296	0.994902	3	0	0
7	114000001	0.922383	0.994902	3	0	0
7	114500001	0.986687	0.994902	3	0	0
7	115000001	1.00981	0.994902	3	0	0
7	115500001	1.02034	0.994902	3	0	0
7	116000001	1.03775	0.994902	3	0	0
7	116500001	1.05823	0.994902	3	0	0
7	117000001	0.989937	0.994902	3	0	0
7	117500001	0.983973	0.994902	3	0	0
7	118000001	1.00654	0.994902	3	0	0
7	118500001	1.01914	0.994902	3	0	0
7	119000001	1.03416	0.994902	3	0	0
7	119500001	0.994568	0.994902	3	0	0
7	120000001	1.00167	0.994902	3	0	0
7	120500001	0.998929	0.994902	3	0	0
7	121000001	0.961478	0.994902	3	0	0
7	121500001	1.01	0.994902	3	0	0
7	122000001	1.03011	0.994902	3	0	0
7	122500001	0.95773	0.994902	3	0	0
7	123000001	0.99375	0.994902	3	0	0
7	123500001	1.01439	0.994902	3	0	0
7	124000001	0.993068	0.994902	3	0	0
7	124500001	0.990721	0.994902	3	0	0
7	125000001	0.991115	0.994902	3	0	0
7	125500001	0.973611	0.994902	3	0	0
7	126000001	0.977143	0.994902	3	0	0
7	126500001	0.977234	0.994902	3	0	0
7	127000001	0.983958	0.994902	3	0	0
7	127500001	1.02312	0.994902	3	0	0
7	128000001	1.03942	0.994902	3	0	0
7	128500001	1.00067	0.994902	3	0	0
7	129000001	0.982183	0.994902	3	0	0
7	129500001	0.962697	0.994902	3	0	0
7	130000001	1.01766	0.994902	3	0	0
7	130500001	1.01873	0.994902	3	0	0
7	131000001	1.01744	0.994902	3	0	0
7	131500001	1.39973	1.3241	4	0	0
7	132000001	1.32325	1.3241	4	0	0
7	132500001	1.34993	1.3241	4	0	0
7	133000001	1.32362	1.3241	4	0	0
7	133500001	1.26122	1.3241	4	0	0
7	134000001	1.344	1.3241	4	0	0
7	134500001	1.34625	1.3241	4	0	0
7	135000001	1.3688	1.3241	4	0	0
7	135500001	1.32368	1.3241	4	0	0
7	136000001	1.35292	1.3241	4	0	0
7	136500001	1.31425	1.3241	4	0	0
7	137000001	1.31023	1.3241	4	0	0
7	137500001	1.3156	1.3241	4	0	0
7	138000001	1.32873	1.3241	4	0	0
7	138500001	1.29133	1.3241	4	0	0
7	139000001	1.28478	1.3241	4	0	0
7	139500001	1.29777	1.3241	4	0	0
7	140000001	1.31405	1.3241	4	0	0
7	140500001	1.32919	1.3241	4	0	0
7	141000001	1.32784	1.3241	4	0	0
7	141500001	1.34355	1.3241	4	0	0
7	142000001	1.42737	1.3241	4	0	0
7	142500001	1.43475	1.3241	4	0	0
7	143000001	1.3241	1.3241	4	0	0
7	143500001	1.24593	1.3241	4	0	0
7	144000001	1.71585	1.71585	5	0	0
7	144500001	1.30969	1.29497	4	0	0
7	145000001	1.27755	1.29497	4	0	0
7	145500001	1.28919	1.29497	4	0	0
7	146000001	1.25872	1.29497	4	0	0
7	146500001	1.27062	1.29497	4	0	0
7	147000001	1.25489	1.29497	4	0	0
7	147500001	1.28576	1.29497	4	0	0
7	148000001	1.28818	1.29497	4	0	0
7	148500001	1.3237	1.29497	4	0	0
7	149000001	1.34855	1.29497	4	0	0
7	149500001	1.31708	1.29497	4	0	0
7	150000001	1.3379	1.29497	4	0	0
7	150500001	1.42172	1.29497	4	0	0
7	151000001	1.341	1.29497	4	0	0
7	151500001	1.32397	1.29497	4	0	0
7	152000001	1.34635	1.29497	4	0	0
7	152500001	1.23508	1.29497	4	0	0
7	153000001	1.27361	1.29497	4	0	0
7	153500001	1.27411	1.29497	4	0	0
7	154000001	1.29545	1.29497	4	0	0
7	154500001	1.25221	1.29497	4	0	0
7	155000001	1.34466	1.29497	4	0	0
7	155500001	1.28898	1.29497	4	0	0
7	156000001	1.3047	1.29497	4	0	0
7	156500001	1.32763	1.29497	4	0	0
7	157000001	1.26738	1.29497	4	0	0
7	157500001	1.29449	1.29497	4	0	0
7	158000001	1.37878	1.29497	4	0	0
7	158500001	1.34684	1.29497	4	0	0
7	159000001	0.908806	1.29497	4	0	0
8	1	0.597917	0.665434	2	0	0
8	500001	0.666973	0.665434	2	0	0
8	1000001	0.615018	0.665434	2	0	0
8	1500001	0.640678	0.665434	2	0	0
8	2000001	0.692791	0.665434	2	0	0
8	2500001	0.662876	0.665434	2	0	0
8	3000001	0.632669	0.665434	2	0	0
8	3500001	0.632779	0.665434	2	0	0
8	4000001	0.63502	0.665434	2	0	0
8	4500001	0.644356	0.665434	2	0	0
8	5000001	0.65646	0.665434	2	0	0
8	5500001	0.65741	0.665434	2	0	0
8	6000001	0.639057	0.665434	2	0	0
8	6500001	0.68815	0.665434	2	0	0
8	7000001	0.658212	0.665434	2	0	0
8	7500001	0.721087	0.665434	2	0	0
8	8000001	0.794828	0.665434	2	0	0
8	8500001	0.667502	0.665434	2	0	0
8	9000001	0.664858	0.665434	2	0	0
8	9500001	0.636233	0.665434	2	0	0
8	10000001	0.628638	0.665434	2	0	0
8	10500001	0.709416	0.665434	2	0	0
8	11000001	0.671726	0.665434	2	0	0
8	11500001	0.6847	0.665434	2	0	0
8	12000001	0.627846	0.665434	2	0	0
8	12500001	0.867119	0.665434	2	0	0
8	13000001	0.687265	0.665434	2	0	0
8	13500001	0.636823	0.665434	2	0	0
8	14000001	0.672946	0.665434	2	0	0
8	14500001	0.649662	0.665434	2	0	0
8	15000001	0.655715	0.665434	2	0	0
8	15500001	0.636283	0.665434	2	0	0
8	16000001	0.667036	0.665434	2	0	0
8	16500001	0.684718	0.665434	2	0	0
8	17000001	0.654039	0.665434	2	0	0
8	17500001	0.671469	0.665434	2	0	0
8	18000001	0.671924	0.665434	2	0	0
8	18500001	0.647729	0.665434	2	0	0
8	19000001	0.692395	0.665434	2	0	0
8	19500001	0.699074	0.665434	2	0	0
8	20000001	0.681197	0.665434	2	0	0
8	20500001	0.692648	0.665434	2	0	0
8	21000001	0.635194	0.665434	2	0	0
8	21500001	0.693829	0.665434	2	0	0
8	22000001	0.674926	0.665434	2	0	0
8	22500001	0.68228	0.665434	2	0	0
8	23000001	0.651122	0.665434	2	0	0
8	23500001	0.684496	0.665434	2	0	0
8	24000001	0.693947	0.665434	2	0	0
8	24500001	0.680156	0.665434	2	0	0
8	25000001	0.655873	0.665434	2	0	0
8	25500001	0.672659	0.665434	2	0	0
8	26000001	0.673431	0.665434	2	0	0
8	26500001	0.675436	0.665434	2	0	0
8	27000001	0.690363	0.665434	2	0	0
8	27500001	0.689944	0.665434	2	0	0
8	28000001	0.675892	0.665434	2	0	0
8	28500001	0.674774	0.665434	2	0	0
8	29000001	0.703659	0.665434	2	0	0
8	29500001	0.694357	0.665434	2	0	0
8	30000001	0.6484	0.665434	2	0	0
8	30500001	0.655095	0.665434	2	0	0
8	31000001	0.672546	0.665434	2	0	0
8	31500001	0.678511	0.665434	2	0	0
8	32000001	0.705858	0.665434	2	0	0
8	32500001	0.663565	0.665434	2	0	0
8	33000001	0.694796	0.665434	2	0	0
8	33500001	0.66601	0.665434	2	0	0
8	34000001	0.654137	0.665434	2	0	0
8	34500001	0.652223	0.665434	2	0	0
8	35000001	0.644603	0.665434	2	0	0
8	35500001	0.618873	0.665434	2	0	0
8	36000001	0.688081	0.665434	2	0	0
8	36500001	0.638446	0.665434	2	0	0
8	37000001	0.688076	0.665434	2	0	0
8	37500001	0.659225	0.665434	2	0	0
8	38000001	0.644393	0.665434	2	0	0
8	38500001	0.679119	0.665434	2	0	0
8	39000001	0.607187	0.665434	2	0	0
8	39500001	0.599847	0.665434	2	0	0
8	40000001	0.646732	0.665434	2	0	0
8	40500001	0.626819	0.665434	2	0	0
8	41000001	0.675785	0.665434	2	0	0
8	41500001	0.672513	0.665434	2	0	0
8	42000001	0.647146	0.665434	2	0	0
8	42500001	0.670968	0.665434	2	0	0
8	43000001	0.661089	0.665434	2	0	0
8	43500001	0.68486	0.665434	2	0	0
8	44000001	0.903034	0.665434	2	0	0
8	44500001	0.799638	0.665434	2	0	0
8	45000001	0.755043	0.665434	2	0	0
8	45500001	0.764235	0.665434	2	0	0
8	46000001	0.689435	0.665434	2	0	0
8	46500001	0.71756	0.665434	2	0	0
8	47000001	0.688536	0.665434	2	0	0
8	47500001	0.645462	0.665434	2	0	0
8	48000001	0.669861	0.665434	2	0	0
8	48500001	0.706587	0.665434	2	0	0
8	49000001	0.670404	0.665434	2	0	0
8	49500001	0.631403	0.665434	2	0	0
8	50000001	0.657037	0.665434	2	0	0
8	50500001	0.662651	0.665434	2	0	0
8	51000001	0.653538	0.665434	2	0	0
8	51500001	0.629482	0.665434	2	0	0
8	52000001	0.627777	0.665434	2	0	0
8	52500001	0.661103	0.665434	2	0	0
8	53000001	0.672022	0.665434	2	0	0
8	53500001	0.660863	0.665434	2	0	0
8	54000001	0.658226	0.665434	2	0	0
8	54500001	0.666303	0.665434	2	0	0
8	55000001	0.661473	0.665434	2	0	0
8	55500001	0.641731	0.665434	2	0	0
8	56000001	0.636148	0.665434	2	0	0
8	56500001	0.672801	0.665434	2	0	0
8	57000001	0.69732	0.665434	2	0	0
8	57500001	0.677716	0.665434	2	0	0
8	58000001	0.670792	0.665434	2	0	0
8	58500001	0.679703	0.665434	2	0	0
8	59000001	0.688311	0.665434	2	0	0
8	59500001	0.639051	0.665434	2	0	0
8	60000001	0.666898	0.665434	2	0	0
8	60500001	0.638776	0.665434	2	0	0
8	61000001	0.694325	0.665434	2	0	0
8	61500001	0.678867	0.665434	2	0	0
8	62000001	0.698462	0.665434	2	0	0
8	62500001	0.672812	0.665434	2	0	0
8	63000001	0.671787	0.665434	2	0	0
8	63500001	0.65137	0.665434	2	0	0
8	64000001	0.648107	0.665434	2	0	0
8	64500001	0.657583	0.665434	2	0	0
8	65000001	0.680744	0.665434	2	0	0
8	65500001	0.690713	0.665434	2	0	0
8	66000001	0.718026	0.665434	2	0	0
8	66500001	0.651059	0.665434	2	0	0
8	67000001	0.629471	0.665434	2	0	0
8	67500001	0.643928	0.665434	2	0	0
8	68000001	0.664809	0.665434	2	0	0
8	68500001	0.621487	0.665434	2	0	0
8	69000001	0.66336	0.665434	2	0	0
8	69500001	0.637717	0.665434	2	0	0
8	70000001	0.64097	0.665434	2	0	0
8	70500001	0.684932	0.665434	2	0	0
8	71000001	0.659432	0.665434	2	0	0
8	71500001	0.690886	0.665434	2	0	0
8	72000001	0.662226	0.665434	2	0	0
8	72500001	0.653073	0.665434	2	0	0
8	73000001	0.647055	0.665434	2	0	0
8	73500001	0.660098	0.665434	2	0	0
8	74000001	0.649272	0.665434	2	0	0
8	74500001	0.667461	0.665434	2	0	0
8	75000001	0.661227	0.665434	2	0	0
8	75500001	0.694158	0.665434	2	0	0
8	76000001	0.694269	0.665434	2	0	0
8	76500001	0.631123	0.665434	2	0	0
8	77000001	0.628653	0.665434	2	0	0
8	77500001	0.695302	0.665434	2	0	0
8	78000001	0.649966	0.665434	2	0	0
8	78500001	0.647041	0.665434	2	0	0
8	79000001	0.659929	0.665434	2	0	0
8	79500001	0.637281	0.665434	2	0	0
8	80000001	0.977709	0.977709	3	0	0
8	80500001	1.34947	1.34772	4	0	0
8	81000001	1.37435	1.34772	4	0	0
8	81500001	1.34143	1.34772	4	0	0
8	82000001	1.34669	1.34772	4	0	0
8	82500001	1.37079	1.34772	4	0	0
8	83000001	1.37451	1.34772	4	0	0
8	83500001	1.32873	1.34772	4	0	0
8	84000001	1.2915	1.34772	4	0	0
8	84500001	1.34521	1.34772	4	0	0
8	85000001	1.34875	1.34772	4	0	0
8	85500001	3.29957	3.29957	10	0	0
8	86000001	1.28745	1.33939	4	0	0
8	86500001	1.35171	1.33939	4	0	0
8	87000001	1.32226	1.33939	4	0	0
8	87500001	1.33302	1.33939	4	0	0
8	88000001	1.31789	1.33939	4	0	0
8	88500001	1.35082	1.33939	4	0	0
8	89000001	1.34456	1.33939	4	0	0
8	89500001	1.35609	1.33939	4	0	0
8	90000001	1.34969	1.33939	4	0	0
8	90500001	1.33429	1.33939	4	0	0
8	91000001	1.35675	1.33939	4	0	0
8	91500001	1.32516	1.33939	4	0	0
8	92000001	1.29682	1.33939	4	0	0
8	92500001	1.37121	1.33939	4	0	0
8	93000001	1.33742	1.33939	4	0	0
8	93500001	1.35094	1.33939	4	0	0
8	94000001	1.34804	1.33939	4	0	0
8	94500001	1.2917	1.33939	4	0	0
8	95000001	1.30512	1.33939	4	0	0
8	95500001	1.35642	1.33939	4	0	0
8	96000001	1.37203	1.33939	4	0	0
8	96500001	1.31441	1.33939	4	0	0
8	97000001	1.37914	1.33939	4	0	0
8	97500001	1.33006	1.33939	4	0	0
8	98000001	1.34136	1.33939	4	0	0
8	98500001	1.32312	1.33939	4	0	0
8	99000001	1.29373	1.33939	4	0	0
8	99500001	1.34843	1.33939	4	0	0
8	100000001	1.35467	1.33939	4	0	0
8	100500001	1.34762	1.33939	4	0	0
8	101000001	1.34953	1.33939	4	0	0
8	101500001	1.3228	1.33939	4	0	0
8	102000001	1.31581	1.33939	4	0	0
8	102500001	1.36417	1.33939	4	0	0
8	103000001	1.38298	1.33939	4	0	0
8	103500001	1.35162	1.33939	4	0	0
8	104000001	1.26765	1.33939	4	0	0
8	104500001	1.32917	1.33939	4	0	0
8	105000001	1.24727	1.33939	4	0	0
8	105500001	1.32379	1.33939	4	0	0
8	106000001	1.68451	1.6704	5	0	0
8	106500001	1.63729	1.6704	5	0	0
8	107000001	1.66975	1.6704	5	0	0
8	107500001	1.65266	1.6704	5	0	0
8	108000001	1.62634	1.6704	5	0	0
8	108500001	1.60702	1.6704	5	0	0
8	109000001	1.67105	1.6704	5	0	0
8	109500001	1.6354	1.6704	5	0	0
8	110000001	1.6778	1.6704	5	0	0
8	110500001	1.67454	1.6704	5	0	0
8	111000001	1.72589	1.6704	5	0	0
8	111500001	1.70888	1.6704	5	0	0
8	112000001	1.45505	1.45505	4	0	0
8	112500001	0.997261	0.997261	3	0	0
8	113000001	0.999206	0.997261	3	0	0
8	113500001	0.99493	0.997261	3	0	0
8	114000001	0.994993	0.997261	3	0	0
8	114500001	1.01836	0.997261	3	0	0
8	115000001	1.24731	1.34117	4	0	0
8	115500001	1.35705	1.34117	4	0	0
8	116000001	1.29854	1.34117	4	0	0
8	116500001	1.34369	1.34117	4	0	0
8	117000001	1.39151	1.34117	4	0	0
8	117500001	1.34117	1.34117	4	0	0
8	118000001	1.33553	1.34117	4	0	0
8	118500001	1.34801	1.34117	4	0	0
8	119000001	1.357	1.34117	4	0	0
8	119500001	1.27532	1.34117	4	0	0
8	120000001	1.34119	1.34117	4	0	0
8	120500001	1.3314	1.34117	4	0	0
8	121000001	1.33543	1.34117	4	0	0
8	121500001	1.33532	1.34117	4	0	0
8	122000001	1.37657	1.34117	4	0	0
8	122500001	1.36262	1.34117	4	0	0
8	123000001	1.30182	1.34117	4	0	0
8	123500001	1.42504	1.34117	4	0	0
8	124000001	1.17386	1.34117	4	0	0
8	124500001	0.318334	0.38722	1	0	0
8	125000001	0.456106	0.38722	1	0	0
8	125500001	1.36061	1.33246	4	0	0
8	126000001	1.32434	1.33246	4	0	0
8	126500001	1.33072	1.33246	4	0	0
8	127000001	1.34907	1.33246	4	0	0
8	127500001	1.395	1.33246	4	0	0
8	128000001	1.37925	1.33246	4	0	0
8	128500001	1.36781	1.33246	4	0	0
8	129000001	1.32286	1.33246	4	0	0
8	129500001	1.3928	1.33246	4	0	0
8	130000001	1.33246	1.33246	4	0	0
8	130500001	1.4195	1.33246	4	0	0
8	131000001	1.32063	1.33246	4	0	0
8	131500001	1.34309	1.33246	4	0	0
8	132000001	1.35162	1.33246	4	0	0
8	132500001	1.38942	1.33246	4	0	0
8	133000001	1.36454	1.33246	4	0	0
8	133500001	1.31862	1.33246	4	0	0
8	134000001	1.32413	1.33246	4	0	0
8	134500001	1.36438	1.33246	4	0	0
8	135000001	1.28391	1.33246	4	0	0
8	135500001	1.30446	1.33246	4	0	0
8	136000001	1.30879	1.33246	4	0	0
8	136500001	1.27604	1.33246	4	0	0
8	137000001	1.28361	1.33246	4	0	0
8	137500001	1.30877	1.33246	4	0	0
8	138000001	1.28504	1.33246	4	0	0
8	138500001	1.28409	1.33246	4	0	0
8	139000001	1.33459	1.33246	4	0	0
8	139500001	1.33604	1.33246	4	0	0
8	140000001	1.32786	1.33246	4	0	0
8	140500001	1.31007	1.33246	4	0	0
8	141000001	1.37323	1.33246	4	0	0
8	141500001	1.35759	1.33246	4	0	0
8	142000001	1.3695	1.33246	4	0	0
8	142500001	1.33061	1.33246	4	0	0
8	143000001	1.29942	1.33246	4	0	0
8	143500001	1.44285	1.33246	4	0	0
8	144000001	1.41266	1.33246	4	0	0
8	144500001	1.30329	1.33246	4	0	0
8	145000001	-1	-1	-1	0	0
9	1	0.967557	0.978319	3	0	0
9	500001	0.978678	0.978319	3	0	0
9	1000001	0.952453	0.978319	3	0	0
9	1500001	0.978319	0.978319	3	0	0
9	2000001	1.00211	0.978319	3	0	0
9	2500001	0.968086	0.978319	3	0	0
9	3000001	0.996882	0.978319	3	0	0
9	3500001	0.50681	0.332854	1	0	0
9	4000001	0.330618	0.332854	1	0	0
9	4500001	0.315595	0.332854	1	0	0
9	5000001	0.337627	0.332854	1	0	0
9	5500001	0.34503	0.332854	1	0	0
9	6000001	0.332899	0.332854	1	0	0
9	6500001	0.305484	0.332854	1	0	0
9	7000001	0.336954	0.332854	1	0	0
9	7500001	0.317125	0.332854	1	0	0
9	8000001	0.323458	0.332854	1	0	0
9	8500001	0.327108	0.332854	1	0	0
9	9000001	0.33702	0.332854	1	0	0
9	9500001	0.332809	0.332854	1	0	0
9	10000001	0.319454	0.332854	1	0	0
9	10500001	0.326294	0.332854	1	0	0
9	11000001	0.324749	0.332854	1	0	0
9	11500001	0.352998	0.332854	1	0	0
9	12000001	0.334898	0.332854	1	0	0
9	12500001	0.329271	0.332854	1	0	0
9	13000001	0.342684	0.332854	1	0	0
9	13500001	0.334447	0.332854	1	0	0
9	14000001	0.334574	0.332854	1	0	0
9	14500001	0.330595	0.332854	1	0	0
9	15000001	0.328326	0.332854	1	0	0
9	15500001	0.339026	0.332854	1	0	0
9	16000001	0.333947	0.332854	1	0	0
9	16500001	0.00059306	0.00264511	0	0	0
9	17000001	0.00264511	0.00264511	0	0	0
9	17500001	0.00502545	0.00264511	0	0	0
9	18000001	0.606534	0.665203	2	0	0
9	18500001	0.665326	0.665203	2	0	0
9	19000001	0.672576	0.665203	2	0	0
9	19500001	0.701623	0.665203	2	0	0
9	20000001	0.66508	0.665203	2	0	0
9	20500001	0.44587	0.665203	2	0	0
9	21000001	0.000294045	0.00161968	0	0	0
9	21500001	0.00206578	0.00161968	0	0	0
9	22000001	0.00235185	0.00161968	0	0	0
9	22500001	0.00176829	0.00161968	0	0	0
9	23000001	0.000589488	0.00161968	0	0	0
9	23500001	0.00117911	0.00161968	0	0	0
9	24000001	0.00147107	0.00161968	0	0	0
9	24500001	0.0763671	0.00161968	0	0	0
9	25000001	0.349493	0.346775	1	0	0
9	25500001	0.344057	0.346775	1	0	0
9	26000001	0.950257	1.01662	3	0	0
9	26500001	1.01656	1.01662	3	0	0
9	27000001	1.01187	1.01662	3	0	0
9	27500001	1.03253	1.01662	3	0	0
9	28000001	1.03046	1.01662	3	0	0
9	28500001	1.01968	1.01662	3	0	0
9	29000001	1.01668	1.01662	3	0	0
9	29500001	0.978454	1.01662	3	0	0
9	30000001	0.990597	1.01662	3	0	0
9	30500001	1.00941	1.01662	3	0	0
9	31000001	1.0196	1.01662	3	0	0
9	31500001	1.02487	1.01662	3	0	0
9	32000001	0.986932	1.01662	3	0	0
9	32500001	1.06694	1.01662	3	0	0
9	33000001	1.05202	1.01662	3	0	0
9	33500001	1.04976	1.01662	3	0	0
9	34000001	1.01957	1.01662	3	0	0
9	34500001	1.06461	1.01662	3	0	0
9	35000001	1.05432	1.01662	3	0	0
9	35500001	1.01629	1.01662	3	0	0
9	36000001	1.00106	1.01662	3	0	0
9	36500001	1.04098	1.01662	3	0	0
9	37000001	1.00902	1.01662	3	0	0
9	37500001	1.01241	1.01662	3	0	0
9	38000001	1.01602	1.01662	3	0	0
9	38500001	1.06911	1.01662	3	0	0
9	39000001	0.892479	1.01662	3	0	0
9	39500001	0.905877	1.01662	3	0	0
9	40000001	0.880907	1.01662	3	0	0
9	40500001	1.12879	1.01662	3	0	0
9	41000001	1.07915	1.01662	3	0	0
9	41500001	0.8919	1.01662	3	0	0
9	42000001	0.454056	0.590004	2	0	0
9	42500001	0.725953	0.590004	2	0	0
9	43000001	1.37292	1.37292	4	0	0
9	43500001	3.18218	3.18218	10	0	0
9	44000001	2.48806	2.48806	7	0	0
9	44500001	1.63956	1.63956	5	0	0
9	45000001	1.04981	-1	-1	0	0
9	45500001	-1	-1	-1	0	0
9	46000001	-1	-1	-1	0	0
9	46500001	-1	-1	-1	0	0
9	47000001	-1	-1	-1	0	0
9	47500001	-1	-1	-1	0	0
9	48000001	-1	-1	-1	0	0
9	48500001	-1	-1	-1	0	0
9	49000001	-1	-1	-1	0	0
9	49500001	-1	-1	-1	0	0
9	50000001	-1	-1	-1	0	0
9	50500001	-1	-1	-1	0	0
9	51000001	-1	-1	-1	0	0
9	51500001	-1	-1	-1	0	0
9	52000001	-1	-1	-1	0	0
9	52500001	-1	-1	-1	0	0
9	53000001	-1	-1	-1	0	0
9	53500001	-1	-1	-1	0	0
9	54000001	-1	-1	-1	0	0
9	54500001	-1	-1	-1	0	0
9	55000001	-1	-1	-1	0	0
9	55500001	-1	-1	-1	0	0
9	56000001	-1	-1	-1	0	0
9	56500001	-1	-1	-1	0	0
9	57000001	-1	-1	-1	0	0
9	57500001	-1	-1	-1	0	0
9	58000001	-1	-1	-1	0	0
9	58500001	-1	-1	-1	0	0
9	59000001	-1	-1	-1	0	0
9	59500001	-1	-1	-1	0	0
9	60000001	-1	-1	-1	0	0
9	60500001	-1	-1	-1	0	0
9	61000001	-1	-1	-1	0	0
9	61500001	1.12719	-1	-1	0	0
9	62000001	-1	-1	-1	0	0
9	62500001	-1	-1	-1	0	0
9	63000001	0.713805	0.692661	2	0	0
9	63500001	-1	0.692661	2	0	0
9	64000001	-1	0.692661	2	0	0
9	64500001	0.671518	0.692661	2	0	0
9	65000001	-1	-1	-1	0	0
9	65500001	0.987245	0.999551	3	0	0
9	66000001	-1	0.999551	3	0	0
9	66500001	-1	0.999551	3	0	0
9	67000001	0.872223	0.999551	3	0	0
9	67500001	-1	0.999551	3	0	0
9	68000001	-1	0.999551	3	0	0
9	68500001	0.992211	0.999551	3	0	0
9	69000001	0.956927	0.999551	3	0	0
9	69500001	1.04343	0.999551	3	0	0
9	70000001	1.03475	0.999551	3	0	0
9	70500001	0.962908	0.999551	3	0	0
9	71000001	1.01058	0.999551	3	0	0
9	71500001	0.937855	0.999551	3	0	0
9	72000001	1.01503	0.999551	3	0	0
9	72500001	0.980663	0.999551	3	0	0
9	73000001	1.03988	0.999551	3	0	0
9	73500001	1.00153	0.999551	3	0	0
9	74000001	0.96553	0.999551	3	0	0
9	74500001	1.00055	0.999551	3	0	0
9	75000001	0.940448	0.999551	3	0	0
9	75500001	1.00774	0.999551	3	0	0
9	76000001	1.0262	0.999551	3	0	0
9	76500001	0.988892	0.999551	3	0	0
9	77000001	0.975142	0.999551	3	0	0
9	77500001	0.934742	0.999551	3	0	0
9	78000001	0.976759	0.999551	3	0	0
9	78500001	1.00505	0.999551	3	0	0
9	79000001	0.957864	0.999551	3	0	0
9	79500001	0.96722	0.999551	3	0	0
9	80000001	0.981498	0.999551	3	0	0
9	80500001	0.990094	0.999551	3	0	0
9	81000001	0.991596	0.999551	3	0	0
9	81500001	0.970388	0.999551	3	0	0
9	82000001	0.982849	0.999551	3	0	0
9	82500001	0.991571	0.999551	3	0	0
9	83000001	1.00516	0.999551	3	0	0
9	83500001	1.03162	0.999551	3	0	0
9	84000001	0.998281	0.999551	3	0	0
9	84500001	0.964496	0.999551	3	0	0
9	85000001	1.03818	0.999551	3	0	0
9	85500001	0.951474	0.999551	3	0	0
9	86000001	1.00316	0.999551	3	0	0
9	86500001	0.990191	0.999551	3	0	0
9	87000001	0.941194	0.999551	3	0	0
9	87500001	0.966818	0.999551	3	0	0
9	88000001	0.917238	0.999551	3	0	0
9	88500001	1.047	0.999551	3	0	0
9	89000001	0.996768	0.999551	3	0	0
9	89500001	1.03305	0.999551	3	0	0
9	90000001	0.951471	0.999551	3	0	0
9	90500001	0.992354	0.999551	3	0	0
9	91000001	0.946761	0.999551	3	0	0
9	91500001	0.985423	0.999551	3	0	0
9	92000001	1.01565	0.999551	3	0	0
9	92500001	0.957481	0.999551	3	0	0
9	93000001	1.01531	0.999551	3	0	0
9	93500001	1.00085	0.999551	3	0	0
9	94000001	0.991025	0.999551	3	0	0
9	94500001	1.0043	0.999551	3	0	0
9	95000001	0.996072	0.999551	3	0	0
9	95500001	1.01732	0.999551	3	0	0
9	96000001	0.959276	0.999551	3	0	0
9	96500001	0.93676	0.999551	3	0	0
9	97000001	0.986234	0.999551	3	0	0
9	97500001	1.0462	0.999551	3	0	0
9	98000001	1.01921	0.999551	3	0	0
9	98500001	1.02423	0.999551	3	0	0
9	99000001	1.00704	0.999551	3	0	0
9	99500001	1.00911	0.999551	3	0	0
9	100000001	1.02325	0.999551	3	0	0
9	100500001	0.98521	0.999551	3	0	0
9	101000001	0.994309	0.999551	3	0	0
9	101500001	1.02513	0.999551	3	0	0
9	102000001	0.984367	0.999551	3	0	0
9	102500001	1.00947	0.999551	3	0	0
9	103000001	0.992474	0.999551	3	0	0
9	103500001	0.982156	0.999551	3	0	0
9	104000001	1.01102	0.999551	3	0	0
9	104500001	1.02313	0.999551	3	0	0
9	105000001	1.10263	0.999551	3	0	0
9	105500001	1.00425	0.999551	3	0	0
9	106000001	1.03635	0.999551	3	0	0
9	106500001	1.00729	0.999551	3	0	0
9	107000001	0.990771	0.999551	3	0	0
9	107500001	0.946955	0.999551	3	0	0
9	108000001	1.00775	0.999551	3	0	0
9	108500001	1.02101	0.999551	3	0	0
9	109000001	1.03644	0.999551	3	0	0
9	109500001	1.06771	0.999551	3	0	0
9	110000001	1.02734	0.999551	3	0	0
9	110500001	0.97665	0.999551	3	0	0
9	111000001	1.01286	0.999551	3	0	0
9	111500001	0.997118	0.999551	3	0	0
9	112000001	1.03212	0.999551	3	0	0
9	112500001	0.995222	0.999551	3	0	0
9	113000001	0.997186	0.999551	3	0	0
9	113500001	1.01856	0.999551	3	0	0
9	114000001	1.05995	0.999551	3	0	0
9	114500001	1.0425	0.999551	3	0	0
9	115000001	0.999754	0.999551	3	0	0
9	115500001	1.05923	0.999551	3	0	0
9	116000001	0.979891	0.999551	3	0	0
9	116500001	1.01777	0.999551	3	0	0
9	117000001	0.981344	0.999551	3	0	0
9	117500001	0.967026	0.999551	3	0	0
9	118000001	0.981296	0.999551	3	0	0
9	118500001	0.994434	0.999551	3	0	0
9	119000001	0.971853	0.999551	3	0	0
9	119500001	1.01098	0.999551	3	0	0
9	120000001	1.05817	0.999551	3	0	0
9	120500001	1.07145	0.999551	3	0	0
9	121000001	1.00437	0.999551	3	0	0
9	121500001	1.0589	0.999551	3	0	0
9	122000001	1.01858	0.999551	3	0	0
9	122500001	0.993633	0.999551	3	0	0
9	123000001	0.943283	0.999551	3	0	0
9	123500001	0.98969	0.999551	3	0	0
9	124000001	1.01084	0.999551	3	0	0
9	124500001	1.00957	0.999551	3	0	0
9	125000001	0.956223	0.999551	3	0	0
9	125500001	0.999348	0.999551	3	0	0
9	126000001	1.02426	0.999551	3	0	0
9	126500001	0.996027	0.999551	3	0	0
9	127000001	1.02329	0.999551	3	0	0
9	127500001	1.02471	0.999551	3	0	0
9	128000001	1.01267	0.999551	3	0	0
9	128500001	0.924994	0.999551	3	0	0
9	129000001	1.01917	0.999551	3	0	0
9	129500001	0.968251	0.999551	3	0	0
9	130000001	0.981694	0.999551	3	0	0
9	130500001	0.933121	0.999551	3	0	0
9	131000001	0.966194	0.999551	3	0	0
9	131500001	1.0292	0.999551	3	0	0
9	132000001	1.01198	0.999551	3	0	0
9	132500001	0.99103	0.999551	3	0	0
9	133000001	1.01277	0.999551	3	0	0
9	133500001	1.01285	0.999551	3	0	0
9	134000001	1.08263	0.999551	3	0	0
9	134500001	1.01666	0.999551	3	0	0
9	135000001	0.998457	0.999551	3	0	0
9	135500001	1.03664	0.999551	3	0	0
9	136000001	1.07052	0.999551	3	0	0
9	136500001	1.23603	1.23603	4	0	0
9	137000001	1.24428	1.23603	4	0	0
9	137500001	0.981224	1.23603	4	0	0
9	138000001	-1	-1	-1	0	0
GL000008.2	1	0.648696	0.648696	2	0	0
GL000009.2	1	0.616705	0.616705	2	0	0
GL000194.1	1	0.526005	0.526005	2	0	0
GL000195.1	1	0.355923	0.355923	1	0	0
GL000205.2	1	0.665618	0.665618	2	0	0
GL000208.1	1	0.303453	0.303453	1	0	0
GL000213.1	1	0.0726571	0.0726571	0	0	0
GL000214.1	1	0.599704	0.599704	2	0	0
GL000216.2	1	1.75735	1.75735	5	0	0
GL000218.1	1	0.565307	0.565307	2	0	0
GL000219.1	1	0.3092	0.3092	1	0	0
GL000220.1	1	2.72914	2.72914	8	0	0
GL000221.1	1	0.49721	0.49721	1	0	0
GL000224.1	1	1.2728	1.2728	4	0	0
GL000225.1	1	3.12595	3.12595	9	0	0
GL000226.1	1	0.880617	0.880617	3	0	0
KI270302.1	1	0.0042038	0.0042038	0	0	0
KI270303.1	1	0.00650782	0.00650782	0	0	0
KI270304.1	1	0.00147709	0.00147709	0	0	0
KI270305.1	1	0.0071926	0.0071926	0	0	0
KI270310.1	1	0.0100489	0.0100489	0	0	0
KI270311.1	1	-1	-1	-1	0	0
KI270312.1	1	0.000293918	0.000293918	0	0	0
KI270315.1	1	0.00235468	0.00235468	0	0	0
KI270316.1	1	0	0	0	0	0
KI270317.1	1	-1	-1	-1	0	0
KI270320.1	1	0.0640192	0.0640192	0	0	0
KI270322.1	1	-1	-1	-1	0	0
KI270329.1	1	0.00529011	0.00529011	0	0	0
KI270330.1	1	0.0481586	0.0481586	0	0	0
KI270333.1	1	0.601815	0.601815	2	0	0
KI270334.1	1	0.00178045	0.00178045	0	0	0
KI270335.1	1	0.000893233	0.000893233	0	0	0
KI270336.1	1	0.133104	0.133104	0	0	0
KI270337.1	1	0.503082	0.503082	2	0	0
KI270338.1	1	0.000893571	0.000893571	0	0	0
KI270340.1	1	0.00237833	0.00237833	0	0	0
KI270362.1	1	0.00618332	0.00618332	0	0	0
KI270363.1	1	0.00706654	0.00706654	0	0	0
KI270364.1	1	0.00529901	0.00529901	0	0	0
KI270366.1	1	0.0144255	0.0144255	0	0	0
KI270371.1	1	0.00382072	0.00382072	0	0	0
KI270372.1	1	0.00177283	0.00177283	0	0	0
KI270373.1	1	0.000294837	0.000294837	0	0	0
KI270374.1	1	0.000294036	0.000294036	0	0	0
KI270375.1	1	0.00353615	0.00353615	0	0	0
KI270376.1	1	0.00029424	0.00029424	0	0	0
KI270378.1	1	0	0	0	0	0
KI270379.1	1	0.000587947	0.000587947	0	0	0
KI270381.1	1	0.00264641	0.00264641	0	0	0
KI270382.1	1	0.0108744	0.0108744	0	0	0
KI270383.1	1	0.00117595	0.00117595	0	0	0
KI270384.1	1	0.00499648	0.00499648	0	0	0
KI270385.1	1	0	0	0	0	0
KI270386.1	1	0.000587804	0.000587804	0	0	0
KI270387.1	1	0.00264893	0.00264893	0	0	0
KI270388.1	1	0	0	0	0	0
KI270389.1	1	0	0	0	0	0
KI270390.1	1	0.00323322	0.00323322	0	0	0
KI270391.1	1	0.000881698	0.000881698	0	0	0
KI270392.1	1	0.000294169	0.000294169	0	0	0
KI270393.1	1	0	0	0	0	0
KI270394.1	1	0.000882048	0.000882048	0	0	0
KI270395.1	1	0.00911257	0.00911257	0	0	0
KI270396.1	1	0.00646577	0.00646577	0	0	0
KI270411.1	1	0.00205799	0.00205799	0	0	0
KI270412.1	1	0.00441588	0.00441588	0	0	0
KI270414.1	1	0.00646876	0.00646876	0	0	0
KI270417.1	1	0.00382566	0.00382566	0	0	0
KI270418.1	1	0.00919286	0.00919286	0	0	0
KI270419.1	1	0.00678338	0.00678338	0	0	0
KI270420.1	1	0.007743	0.007743	0	0	0
KI270422.1	1	0.00356299	0.00356299	0	0	0
KI270423.1	1	0.00266289	0.00266289	0	0	0
KI270424.1	1	0.00058804	0.00058804	0	0	0
KI270425.1	1	0.000884694	0.000884694	0	0	0
KI270429.1	1	0.00352823	0.00352823	0	0	0
KI270435.1	1	0.218868	0.218868	1	0	0
KI270438.1	1	-1	-1	-1	0	0
KI270442.1	1	1.13545	1.13545	3	0	0
KI270448.1	1	0.0299776	0.0299776	0	0	0
KI270465.1	1	0.0323299	0.0323299	0	0	0
KI270466.1	1	381.462	381.462	1144	0	0
KI270467.1	1	2.17779	2.17779	7	0	0
KI270468.1	1	0.0108818	0.0108818	0	0	0
KI270507.1	1	0.0323388	0.0323388	0	0	0
KI270508.1	1	0.0126107	0.0126107	0	0	0
KI270509.1	1	0.011501	0.011501	0	0	0
KI270510.1	1	0.0114954	0.0114954	0	0	0
KI270511.1	1	0.0205943	0.0205943	0	0	0
KI270512.1	1	0.0281625	0.0281625	0	0	0
KI270515.1	1	0.0416429	0.0416429	0	0	0
KI270516.1	1	0.00854089	0.00854089	0	0	0
KI270517.1	1	0.0215275	0.0215275	0	0	0
KI270518.1	1	0.0141366	0.0141366	0	0	0
KI270519.1	1	0.293275	0.293275	1	0	0
KI270521.1	1	0.0106627	0.0106627	0	0	0
KI270522.1	1	0.0102876	0.0102876	0	0	0
KI270528.1	1	0.00354721	0.00354721	0	0	0
KI270529.1	1	0.00353971	0.00353971	0	0	0
KI270530.1	1	0.00235844	0.00235844	0	0	0
KI270538.1	1	-1	-1	-1	0	0
KI270539.1	1	-0	-0	0	0	0
KI270544.1	1	0.0165351	0.0165351	0	0	0
KI270548.1	1	0.00147891	0.00147891	0	0	0
KI270579.1	1	0.0411972	0.0411972	0	0	0
KI270580.1	1	0.00764606	0.00764606	0	0	0
KI270581.1	1	0.0112838	0.0112838	0	0	0
KI270582.1	1	0.0112478	0.0112478	0	0	0
KI270583.1	1	0.00354021	0.00354021	0	0	0
KI270584.1	1	0.0229638	0.0229638	0	0	0
KI270587.1	1	0.144366	0.144366	0	0	0
KI270588.1	1	0.0326954	0.0326954	0	0	0
KI270589.1	1	-1	-1	-1	0	0
KI270590.1	1	0.0552782	0.0552782	0	0	0
KI270591.1	1	0.0386773	0.0386773	0	0	0
KI270593.1	1	0.00793756	0.00793756	0	0	0
KI270706.1	1	0.399848	0.399848	1	0	0
KI270707.1	1	0.0701454	0.0701454	0	0	0
KI270708.1	1	0.127484	0.127484	0	0	0
KI270709.1	1	2.96544	2.96544	9	0	0
KI270710.1	1	0.0767068	0.0767068	0	0	0
KI270711.1	1	0.131888	0.131888	0	0	0
KI270712.1	1	0.336198	0.336198	1	0	0
KI270713.1	1	0.127464	0.127464	0	0	0
KI270714.1	1	0.0600115	0.0600115	0	0	0
KI270715.1	1	0.39579	0.39579	1	0	0
KI270716.1	1	0.285341	0.285341	1	0	0
KI270717.1	1	0.0692004	0.0692004	0	0	0
KI270718.1	1	0.0884395	0.0884395	0	0	0
KI270719.1	1	0.440614	0.440614	1	0	0
KI270720.1	1	0.052346	0.052346	0	0	0
KI270721.1	1	0.160893	0.160893	0	0	0
KI270722.1	1	0.411344	0.411344	1	0	0
KI270723.1	1	0.108723	0.108723	0	0	0
KI270724.1	1	0.0900206	0.0900206	0	0	0
KI270725.1	1	0.331312	0.331312	1	0	0
KI270726.1	1	0.00847515	0.00847515	0	0	0
KI270727.1	1	0.342763	0.342763	1	0	0
KI270728.1	1	-1	0.153741	0	0	0
KI270728.1	500001	0.153741	0.153741	0	0	0
KI270728.1	1000001	0.26975	0.153741	0	0	0
KI270728.1	1500001	0.14752	0.153741	0	0	0
KI270729.1	1	1.97654	1.97654	6	0	0
KI270730.1	1	0.289639	0.289639	1	0	0
KI270731.1	1	0.138646	0.138646	0	0	0
KI270732.1	1	0.160027	0.160027	0	0	0
KI270733.1	1	2.1338	2.1338	6	0	0
KI270734.1	1	0.196706	0.196706	1	0	0
KI270735.1	1	0.356339	0.356339	1	0	0
KI270736.1	1	0.345719	0.345719	1	0	0
KI270737.1	1	0.146564	0.146564	0	0	0
KI270738.1	1	0.202314	0.202314	1	0	0
KI270739.1	1	0.04744	0.04744	0	0	0
KI270740.1	1	0	0	0	0	0
KI270741.1	1	0.116678	0.116678	0	0	0
KI270742.1	1	0.626323	0.626323	2	0	0
KI270743.1	1	0.550255	0.550255	2	0	0
KI270744.1	1	0.854338	0.854338	3	0	0
KI270745.1	1	0.0809954	0.0809954	0	0	0
KI270746.1	1	0.207628	0.207628	1	0	0
KI270747.1	1	0.265989	0.265989	1	0	0
KI270748.1	1	0.0670169	0.0670169	0	0	0
KI270749.1	1	0.391174	0.391174	1	0	0
KI270750.1	1	0.400539	0.400539	1	0	0
KI270751.1	1	0.616238	0.616238	2	0	0
KI270752.1	1	0	0	0	0	0
KI270753.1	1	0.125907	0.125907	0	0	0
KI270754.1	1	0.20548	0.20548	1	0	0
KI270755.1	1	0.0310542	0.0310542	0	0	0
KI270756.1	1	0.139809	0.139809	0	0	0
KI270757.1	1	0.328591	0.328591	1	0	0
MT	1	13.0088	13.0088	39	0	0
X	1	-1	-1	-1	0	0
X	500001	0.929876	0.98491	3	0	0
X	1000001	0.896475	0.98491	3	0	0
X	1500001	0.92217	0.98491	3	0	0
X	2000001	-1	0.98491	3	0	0
X	2500001	0.962416	0.98491	3	0	0
X	3000001	0.984714	0.98491	3	0	0
X	3500001	0.852525	0.98491	3	0	0
X	4000001	0.973018	0.98491	3	0	0
X	4500001	0.932793	0.98491	3	0	0
X	5000001	0.915029	0.98491	3	0	0
X	5500001	0.9089	0.98491	3	0	0
X	6000001	0.964787	0.98491	3	0	0
X	6500001	1.0066	0.98491	3	0	0
X	7000001	0.928349	0.98491	3	0	0
X	7500001	0.973639	0.98491	3	0	0
X	8000001	0.973847	0.98491	3	0	0
X	8500001	0.979659	0.98491	3	0	0
X	9000001	1.03895	0.98491	3	0	0
X	9500001	0.981436	0.98491	3	0	0
X	10000001	1.05738	0.98491	3	0	0
X	10500001	1.04734	0.98491	3	0	0
X	11000001	1.03601	0.98491	3	0	0
X	11500001	0.981985	0.98491	3	0	0
X	12000001	0.990998	0.98491	3	0	0
X	12500001	1.02816	0.98491	3	0	0
X	13000001	1.00274	0.98491	3	0	0
X	13500001	1.04451	0.98491	3	0	0
X	14000001	1.00826	0.98491	3	0	0
X	14500001	1.00056	0.98491	3	0	0
X	15000001	0.977274	0.98491	3	0	0
X	15500001	1.00287	0.98491	3	0	0
X	16000001	1.03198	0.98491	3	0	0
X	16500001	0.967751	0.98491	3	0	0
X	17000001	1.01851	0.98491	3	0	0
X	17500001	1.01924	0.98491	3	0	0
X	18000001	1.00116	0.98491	3	0	0
X	18500001	0.966368	0.98491	3	0	0
X	19000001	0.94286	0.98491	3	0	0
X	19500001	0.954236	0.98491	3	0	0
X	20000001	0.993508	0.98491	3	0	0
X	20500001	1.00853	0.98491	3	0	0
X	21000001	0.987615	0.98491	3	0	0
X	21500001	1.00825	0.98491	3	0	0
X	22000001	0.95945	0.98491	3	0	0
X	22500001	0.982645	0.98491	3	0	0
X	23000001	0.988333	0.98491	3	0	0
X	23500001	0.958487	0.98491	3	0	0
X	24000001	0.983586	0.98491	3	0	0
X	24500001	0.993291	0.98491	3	0	0
X	25000001	0.981727	0.98491	3	0	0
X	25500001	0.971743	0.98491	3	0	0
X	26000001	0.949493	0.98491	3	0	0
X	26500001	1.00453	0.98491	3	0	0
X	27000001	0.922754	0.98491	3	0	0
X	27500001	0.957825	0.98491	3	0	0
X	28000001	0.927832	0.98491	3	0	0
X	28500001	0.985469	0.98491	3	0	0
X	29000001	0.998937	0.98491	3	0	0
X	29500001	1.02785	0.98491	3	0	0
X	30000001	0.991885	0.98491	3	0	0
X	30500001	0.989885	0.98491	3	0	0
X	31000001	0.981173	0.98491	3	0	0
X	31500001	0.993966	0.98491	3	0	0
X	32000001	1.0018	0.98491	3	0	0
X	32500001	1.00363	0.98491	3	0	0
X	33000001	0.987691	0.98491	3	0	0
X	33500001	0.979225	0.98491	3	0	0
X	34000001	0.960515	0.98491	3	0	0
X	34500001	0.992812	0.98491	3	0	0
X	35000001	0.979848	0.98491	3	0	0
X	35500001	0.98491	0.98491	3	0	0
X	36000001	1.01208	0.98491	3	0	0
X	36500001	0.974422	0.98491	3	0	0
X	37000001	-1	0.98491	3	0	0
X	37500001	1.01846	0.98491	3	0	0
X	38000001	1.0039	0.98491	3	0	0
X	38500001	0.974336	0.98491	3	0	0
X	39000001	1.02396	0.98491	3	0	0
X	39500001	1.03663	0.98491	3	0	0
X	40000001	0.957243	0.98491	3	0	0
X	40500001	0.989202	0.98491	3	0	0
X	41000001	0.941435	0.98491	3	0	0
X	41500001	1.04789	0.98491	3	0	0
X	42000001	0.98461	0.98491	3	0	0
X	42500001	1.03978	0.98491	3	0	0
X	43000001	0.973805	0.98491	3	0	0
X	43500001	1.0313	0.98491	3	0	0
X	44000001	0.979725	0.98491	3	0	0
X	44500001	0.910033	0.98491	3	0	0
X	45000001	1.02691	0.98491	3	0	0
X	45500001	1.01879	0.98491	3	0	0
X	46000001	1.03192	0.98491	3	0	0
X	46500001	1.00884	0.98491	3	0	0
X	47000001	0.977062	0.98491	3	0	0
X	47500001	1.01349	0.98491	3	0	0
X	48000001	0.96505	0.98491	3	0	0
X	48500001	1.00163	0.98491	3	0	0
X	49000001	-1	0.98491	3	0	0
X	49500001	1.06423	0.98491	3	0	0
X	50000001	0.977608	0.98491	3	0	0
X	50500001	0.965536	0.98491	3	0	0
X	51000001	0.981523	0.98491	3	0	0
X	51500001	0.837754	0.837754	3	0	0
X	52000001	0.660441	0.655282	2	0	0
X	52500001	0.666721	0.655282	2	0	0
X	53000001	0.640843	0.655282	2	0	0
X	53500001	0.650911	0.655282	2	0	0
X	54000001	0.624617	0.655282	2	0	0
X	54500001	0.65766	0.655282	2	0	0
X	55000001	0.671923	0.655282	2	0	0
X	55500001	0.654505	0.655282	2	0	0
X	56000001	0.686909	0.655282	2	0	0
X	56500001	0.640623	0.655282	2	0	0
X	57000001	0.655282	0.655282	2	0	0
X	57500001	0.694855	0.655282	2	0	0
X	58000001	0.695063	0.655282	2	0	0
X	58500001	0.614149	0.655282	2	0	0
X	59000001	0.601927	0.655282	2	0	0
X	59500001	0.51408	0.527505	2	0	0
X	60000001	0.564425	0.527505	2	0	0
X	60500001	0.518944	0.527505	2	0	0
X	61000001	0.584889	0.527505	2	0	0
X	61500001	0.492005	0.527505	2	0	0
X	62000001	0.536065	0.527505	2	0	0
X	62500001	0.719161	0.721271	2	0	0
X	63000001	0.723381	0.721271	2	0	0
X	63500001	0.667206	0.667029	2	0	0
X	64000001	0.667917	0.667029	2	0	0
X	64500001	0.631154	0.667029	2	0	0
X	65000001	0.69975	0.667029	2	0	0
X	65500001	0.674042	0.667029	2	0	0
X	66000001	0.632745	0.667029	2	0	0
X	66500001	0.66935	0.667029	2	0	0
X	67000001	0.653916	0.667029	2	0	0
X	67500001	0.688107	0.667029	2	0	0
X	68000001	0.690464	0.667029	2	0	0
X	68500001	0.670807	0.667029	2	0	0
X	69000001	0.675333	0.667029	2	0	0
X	69500001	0.661306	0.667029	2	0	0
X	70000001	0.68203	0.667029	2	0	0
X	70500001	0.63883	0.667029	2	0	0
X	71000001	0.652746	0.667029	2	0	0
X	71500001	0.669128	0.667029	2	0	0
X	72000001	0.69744	0.667029	2	0	0
X	72500001	0.677979	0.667029	2	0	0
X	73000001	0.674633	0.667029	2	0	0
X	73500001	0.685787	0.667029	2	0	0
X	74000001	0.723889	0.667029	2	0	0
X	74500001	0.65926	0.667029	2	0	0
X	75000001	0.659202	0.667029	2	0	0
X	75500001	0.690565	0.667029	2	0	0
X	76000001	0.692508	0.667029	2	0	0
X	76500001	0.6821	0.667029	2	0	0
X	77000001	0.68766	0.667029	2	0	0
X	77500001	0.627232	0.667029	2	0	0
X	78000001	0.679287	0.667029	2	0	0
X	78500001	0.697864	0.667029	2	0	0
X	79000001	0.643067	0.667029	2	0	0
X	79500001	0.626721	0.667029	2	0	0
X	80000001	0.674343	0.667029	2	0	0
X	80500001	0.673789	0.667029	2	0	0
X	81000001	0.644072	0.667029	2	0	0
X	81500001	0.644839	0.667029	2	0	0
X	82000001	0.647309	0.667029	2	0	0
X	82500001	0.642662	0.667029	2	0	0
X	83000001	0.655208	0.667029	2	0	0
X	83500001	0.659537	0.667029	2	0	0
X	84000001	0.643959	0.667029	2	0	0
X	84500001	0.62137	0.667029	2	0	0
X	85000001	0.638831	0.667029	2	0	0
X	85500001	0.669788	0.667029	2	0	0
X	86000001	0.653987	0.667029	2	0	0
X	86500001	0.653497	0.667029	2	0	0
X	87000001	0.666519	0.667029	2	0	0
X	87500001	0.689117	0.667029	2	0	0
X	88000001	0.684677	0.667029	2	0	0
X	88500001	0.659753	0.667029	2	0	0
X	89000001	0.645156	0.667029	2	0	0
X	89500001	0.62765	0.667029	2	0	0
X	90000001	0.638099	0.667029	2	0	0
X	90500001	0.642161	0.667029	2	0	0
X	91000001	0.643874	0.667029	2	0	0
X	91500001	0.624885	0.667029	2	0	0
X	92000001	0.634804	0.667029	2	0	0
X	92500001	0.620055	0.667029	2	0	0
X	93000001	0.664321	0.667029	2	0	0
X	93500001	0.643712	0.667029	2	0	0
X	94000001	0.648675	0.667029	2	0	0
X	94500001	0.667726	0.667029	2	0	0
X	95000001	0.625948	0.667029	2	0	0
X	95500001	0.646161	0.667029	2	0	0
X	96000001	0.658954	0.667029	2	0	0
X	96500001	0.667435	0.667029	2	0	0
X	97000001	0.619961	0.667029	2	0	0
X	97500001	0.666967	0.667029	2	0	0
X	98000001	0.67537	0.667029	2	0	0
X	98500001	0.648638	0.667029	2	0	0
X	99000001	0.6602	0.667029	2	0	0
X	99500001	0.670218	0.667029	2	0	0
X	100000001	0.696684	0.667029	2	0	0
X	100500001	0.700283	0.667029	2	0	0
X	101000001	0.656685	0.667029	2	0	0
X	101500001	0.680227	0.667029	2	0	0
X	102000001	0.665943	0.667029	2	0	0
X	102500001	0.668386	0.667029	2	0	0
X	103000001	0.686732	0.667029	2	0	0
X	103500001	0.667091	0.667029	2	0	0
X	104000001	0.675826	0.667029	2	0	0
X	104500001	0.682877	0.667029	2	0	0
X	105000001	0.619314	0.667029	2	0	0
X	105500001	0.695543	0.667029	2	0	0
X	106000001	0.686538	0.667029	2	0	0
X	106500001	0.685339	0.667029	2	0	0
X	107000001	0.692277	0.667029	2	0	0
X	107500001	0.68501	0.667029	2	0	0
X	108000001	0.660309	0.667029	2	0	0
X	108500001	0.692357	0.667029	2	0	0
X	109000001	0.709045	0.667029	2	0	0
X	109500001	0.698401	0.667029	2	0	0
X	110000001	0.677741	0.667029	2	0	0
X	110500001	0.685408	0.667029	2	0	0
X	111000001	0.691478	0.667029	2	0	0
X	111500001	0.644648	0.667029	2	0	0
X	112000001	0.679799	0.667029	2	0	0
X	112500001	0.692995	0.667029	2	0	0
X	113000001	0.670677	0.667029	2	0	0
X	113500001	0.654307	0.667029	2	0	0
X	114000001	0.618288	0.667029	2	0	0
X	114500001	0.658605	0.667029	2	0	0
X	115000001	0.652706	0.667029	2	0	0
X	115500001	-1	0.667029	2	0	0
X	116000001	0.688348	0.667029	2	0	0
X	116500001	0.635122	0.667029	2	0	0
X	117000001	0.659082	0.667029	2	0	0
X	117500001	0.651793	0.667029	2	0	0
X	118000001	0.628177	0.667029	2	0	0
X	118500001	0.661854	0.667029	2	0	0
X	119000001	0.660242	0.667029	2	0	0
X	119500001	0.666175	0.667029	2	0	0
X	120000001	0.665723	0.667029	2	0	0
X	120500001	0.655697	0.667029	2	0	0
X	121000001	0.654092	0.667029	2	0	0
X	121500001	0.66784	0.667029	2	0	0
X	122000001	0.672669	0.667029	2	0	0
X	122500001	0.69139	0.667029	2	0	0
X	123000001	0.688874	0.667029	2	0	0
X	123500001	0.659165	0.667029	2	0	0
X	124000001	0.68249	0.667029	2	0	0
X	124500001	0.657041	0.667029	2	0	0
X	125000001	0.637396	0.667029	2	0	0
X	125500001	0.666772	0.667029	2	0	0
X	126000001	0.669624	0.667029	2	0	0
X	126500001	0.666132	0.667029	2	0	0
X	127000001	0.693254	0.667029	2	0	0
X	127500001	0.686721	0.667029	2	0	0
X	128000001	0.667837	0.667029	2	0	0
X	128500001	0.675823	0.667029	2	0	0
X	129000001	0.672679	0.667029	2	0	0
X	129500001	0.690043	0.667029	2	0	0
X	130000001	0.669421	0.667029	2	0	0
X	130500001	0.637926	0.667029	2	0	0
X	131000001	0.680105	0.667029	2	0	0
X	131500001	0.644307	0.667029	2	0	0
X	132000001	0.670639	0.667029	2	0	0
X	132500001	0.670022	0.667029	2	0	0
X	133000001	0.666416	0.667029	2	0	0
X	133500001	0.675565	0.667029	2	0	0
X	134000001	0.668171	0.667029	2	0	0
X	134500001	0.674735	0.667029	2	0	0
X	135000001	0.690228	0.667029	2	0	0
X	135500001	0.720654	0.667029	2	0	0
X	136000001	0.689684	0.667029	2	0	0
X	136500001	0.674171	0.667029	2	0	0
X	137000001	0.707168	0.667029	2	0	0
X	137500001	0.666312	0.667029	2	0	0
X	138000001	0.674869	0.667029	2	0	0
X	138500001	0.693887	0.667029	2	0	0
X	139000001	0.650971	0.667029	2	0	0
X	139500001	0.635438	0.667029	2	0	0
X	140000001	0.662366	0.667029	2	0	0
X	140500001	0.64768	0.667029	2	0	0
X	141000001	0.677	0.667029	2	0	0
X	141500001	0.6348	0.667029	2	0	0
X	142000001	0.648214	0.667029	2	0	0
X	142500001	0.656686	0.667029	2	0	0
X	143000001	0.632773	0.667029	2	0	0
X	143500001	0.619465	0.667029	2	0	0
X	144000001	0.671435	0.667029	2	0	0
X	144500001	0.666723	0.667029	2	0	0
X	145000001	0.678456	0.667029	2	0	0
X	145500001	0.649999	0.667029	2	0	0
X	146000001	0.658966	0.667029	2	0	0
X	146500001	0.647842	0.667029	2	0	0
X	147000001	0.644805	0.667029	2	0	0
X	147500001	0.640727	0.667029	2	0	0
X	148000001	0.655883	0.667029	2	0	0
X	148500001	0.660685	0.667029	2	0	0
X	149000001	0.673858	0.667029	2	0	0
X	149500001	0.678074	0.667029	2	0	0
X	150000001	0.755632	0.667029	2	0	0
X	150500001	0.65715	0.667029	2	0	0
X	151000001	0.679103	0.667029	2	0	0
X	151500001	0.671852	0.667029	2	0	0
X	152000001	0.678138	0.667029	2	0	0
X	152500001	0.666035	0.667029	2	0	0
X	153000001	0.665642	0.667029	2	0	0
X	153500001	0.710841	0.667029	2	0	0
X	154000001	0.929857	0.929857	3	0	0
X	154500001	0.668961	0.66299	2	0	0
X	155000001	0.66299	0.66299	2	0	0
X	155500001	0.662755	0.66299	2	0	0
X	156000001	-1	-1	-1	0	0
Y	1	-1	-1	-1	0	0
Y	500001	-1	-1	-1	0	0
Y	1000001	-1	-1	-1	0	0
Y	1500001	-1	-1	-1	0	0
Y	2000001	-1	-1	-1	0	0
Y	2500001	-1	-1	-1	0	0
Y	3000001	0.0456113	0.0353305	0	0	0
Y	3500001	0.0418429	0.0353305	0	0	0
Y	4000001	0.0138691	0.0353305	0	0	0
Y	4500001	0.0302922	0.0353305	0	0	0
Y	5000001	0.0214981	0.0353305	0	0	0
Y	5500001	0.0403688	0.0353305	0	0	0
Y	6000001	0.0112676	0.00376197	0	0	0
Y	6500001	0.0107427	0.00376197	0	0	0
Y	7000001	0.00212233	0.00376197	0	0	0
Y	7500001	0.00029764	0.00376197	0	0	0
Y	8000001	0.00177263	0.00376197	0	0	0
Y	8500001	0	0.00376197	0	0	0
Y	9000001	-1	0.00376197	0	0	0
Y	9500001	0.00540161	0.00376197	0	0	0
Y	10000001	0.0305464	0.00376197	0	0	0
Y	10500001	-1	-1	-1	0	0
Y	11000001	0.93865	0.874669	3	0	0
Y	11500001	0.810688	0.874669	3	0	0
Y	12000001	0.00211543	0.0011834	0	0	0
Y	12500001	0.000295501	0.0011834	0	0	0
Y	13000001	0.00117669	0.0011834	0	0	0
Y	13500001	0.00415364	0.0011834	0	0	0
Y	14000001	0.0023601	0.0011834	0	0	0
Y	14500001	0.000589341	0.0011834	0	0	0
Y	15000001	0.000296221	0.0011834	0	0	0
Y	15500001	0.000883721	0.0011834	0	0	0
Y	16000001	0.000588513	0.0011834	0	0	0
Y	16500001	0.00117563	0.0011834	0	0	0
Y	17000001	0.00471383	0.0011834	0	0	0
Y	17500001	0.00088896	0.0011834	0	0	0
Y	18000001	0.000592432	0.0011834	0	0	0
Y	18500001	0.000294534	0.0011834	0	0	0
Y	19000001	0.000591767	0.0011834	0	0	0
Y	19500001	0.00176525	0.0011834	0	0	0
Y	20000001	0.00165177	0.0011834	0	0	0
Y	20500001	0.0011834	0.0011834	0	0	0
Y	21000001	0	0.0011834	0	0	0
Y	21500001	0.00062052	0.0011834	0	0	0
Y	22000001	0.00297879	0.0011834	0	0	0
Y	22500001	0.000888858	0.0011834	0	0	0
Y	23000001	0.00147302	0.0011834	0	0	0
Y	23500001	0.00205849	0.0011834	0	0	0
Y	24000001	0.00209444	0.0011834	0	0	0
Y	24500001	0.00118423	0.0011834	0	0	0
Y	25000001	0.00241157	0.0011834	0	0	0
Y	25500001	0.00176448	0.0011834	0	0	0
Y	26000001	0.010612	0.0011834	0	0	0
Y	26500001	-1	-1	-1	0	0
Y	27000001	-1	-1	-1	0	0
Y	27500001	-1	-1	-1	0	0
Y	28000001	-1	-1	-1	0	0
Y	28500001	-1	-1	-1	0	0
Y	29000001	-1	-1	-1	0	0
Y	29500001	-1	-1	-1	0	0
Y	30000001	-1	-1	-1	0	0
Y	30500001	-1	-1	-1	0	0
Y	31000001	-1	-1	-1	0	0
Y	31500001	-1	-1	-1	0	0
Y	32000001	-1	-1	-1	0	0
Y	32500001	-1	-1	-1	0	0
Y	33000001	-1	-1	-1	0	0
Y	33500001	-1	-1	-1	0	0
Y	34000001	-1	-1	-1	0	0
Y	34500001	-1	-1	-1	0	0
Y	35000001	-1	-1	-1	0	0
Y	35500001	-1	-1	-1	0	0
Y	36000001	-1	-1	-1	0	0
Y	36500001	-1	-1	-1	0	0
Y	37000001	-1	-1	-1	0	0
Y	37500001	-1	-1	-1	0	0
Y	38000001	-1	-1	-1	0	0
Y	38500001	-1	-1	-1	0	0
Y	39000001	-1	-1	-1	0	0
Y	39500001	-1	-1	-1	0	0
Y	40000001	-1	-1	-1	0	0
Y	40500001	-1	-1	-1	0	0
Y	41000001	-1	-1	-1	0	0
Y	41500001	-1	-1	-1	0	0
Y	42000001	-1	-1	-1	0	0
Y	42500001	-1	-1	-1	0	0
Y	43000001	-1	-1	-1	0	0
Y	43500001	-1	-1	-1	0	0
Y	44000001	-1	-1	-1	0	0
Y	44500001	-1	-1	-1	0	0
Y	45000001	-1	-1	-1	0	0
Y	45500001	-1	-1	-1	0	0
Y	46000001	-1	-1	-1	0	0
Y	46500001	-1	-1	-1	0	0
Y	47000001	-1	-1	-1	0	0
Y	47500001	-1	-1	-1	0	0
Y	48000001	-1	-1	-1	0	0
Y	48500001	-1	-1	-1	0	0
Y	49000001	-1	-1	-1	0	0
Y	49500001	-1	-1	-1	0	0
Y	50000001	-1	-1	-1	0	0
Y	50500001	-1	-1	-1	0	0
Y	51000001	-1	-1	-1	0	0
Y	51500001	-1	-1	-1	0	0
Y	52000001	-1	-1	-1	0	0
Y	52500001	-1	-1	-1	0	0
Y	53000001	-1	-1	-1	0	0
Y	53500001	-1	-1	-1	0	0
Y	54000001	-1	-1	-1	0	0
Y	54500001	-1	-1	-1	0	0
Y	55000001	-1	-1	-1	0	0
Y	55500001	-1	-1	-1	0	0
Y	56000001	-1	-1	-1	0	0
Y	56500001	-1	-1	-1	0	0
Y	57000001	-1	-1	-1	0	0
