Chromosome	Start	Ratio	MedianRatio	CopyNumber	Subclone_CN	Subclone_Population
1	1	-1	-1	-1	0	0
1	500001	0.991093	0.987013	6	0	0
1	1000001	1.12599	0.987013	6	0	0
1	1500001	0.890049	0.987013	6	0	0
1	2000001	0.982934	0.987013	6	0	0
1	2500001	1.31662	0.987013	6	0	0
1	3000001	0.980357	0.987013	6	4	0.743827
1	3500001	0.857356	0.77273	5	4	0.743827
1	4000001	0.715973	0.77273	5	4	0.743827
1	4500001	0.734596	0.77273	5	4	0.743827
1	5000001	0.725579	0.77273	5	4	0.743827
1	5500001	0.772148	0.77273	5	4	0.743827
1	6000001	0.905164	0.77273	5	4	0.743827
1	6500001	0.797303	0.77273	5	4	0.743827
1	7000001	0.739072	0.77273	5	4	0.743827
1	7500001	0.764536	0.77273	5	4	0.743827
1	8000001	0.806703	0.77273	5	4	0.743827
1	8500001	0.749469	0.77273	5	4	0.743827
1	9000001	0.791337	0.77273	5	4	0.743827
1	9500001	0.773312	0.77273	5	4	0.743827
1	10000001	0.769575	0.77273	5	4	0.743827
1	10500001	0.802099	0.77273	5	4	0.743827
1	11000001	0.773929	0.77273	5	4	0.743827
1	11500001	0.784997	0.77273	5	4	0.743827
1	12000001	0.795332	0.77273	5	4	0.743827
1	12500001	0.744298	0.77273	5	4	0.743827
1	13000001	0.697673	0.77273	5	4	0.743827
1	13500001	0.736603	0.77273	5	4	0.743827
1	14000001	0.736711	0.77273	5	4	0.743827
1	14500001	0.785963	0.77273	5	4	0.743827
1	15000001	0.793604	0.77273	5	4	0.743827
1	15500001	0.747439	0.77273	5	4	0.743827
1	16000001	0.848187	0.77273	5	0	0
1	16500001	1.2706	1.2706	8	4	0.425002
1	17000001	0.810917	0.756611	5	4	0.425002
1	17500001	0.774633	0.756611	5	4	0.425002
1	18000001	0.801244	0.756611	5	4	0.425002
1	18500001	0.810518	0.756611	5	4	0.425002
1	19000001	0.790092	0.756611	5	4	0.425002
1	19500001	0.756512	0.756611	5	4	0.425002
1	20000001	0.780725	0.756611	5	4	0.425002
1	20500001	0.745635	0.756611	5	4	0.425002
1	21000001	0.764453	0.756611	5	4	0.425002
1	21500001	0.848758	0.756611	5	4	0.425002
1	22000001	0.743912	0.756611	5	4	0.425002
1	22500001	0.809802	0.756611	5	4	0.425002
1	23000001	0.753527	0.756611	5	4	0.425002
1	23500001	0.708294	0.756611	5	4	0.425002
1	24000001	0.786797	0.756611	5	4	0.425002
1	24500001	0.727798	0.756611	5	4	0.425002
1	25000001	0.728848	0.756611	5	4	0.425002
1	25500001	0.802889	0.756611	5	4	0.425002
1	26000001	0.792388	0.756611	5	4	0.425002
1	26500001	0.776419	0.756611	5	4	0.425002
1	27000001	0.720781	0.756611	5	4	0.425002
1	27500001	0.760966	0.756611	5	4	0.425002
1	28000001	0.71903	0.756611	5	4	0.425002
1	28500001	0.792672	0.756611	5	4	0.425002
1	29000001	0.780005	0.756611	5	4	0.425002
1	29500001	0.750347	0.756611	5	4	0.425002
1	30000001	0.747016	0.756611	5	4	0.425002
1	30500001	0.796473	0.756611	5	4	0.425002
1	31000001	0.765757	0.756611	5	4	0.425002
1	31500001	0.801972	0.756611	5	4	0.425002
1	32000001	0.755486	0.756611	5	4	0.425002
1	32500001	0.761982	0.756611	5	4	0.425002
1	33000001	0.731935	0.756611	5	4	0.425002
1	33500001	0.753195	0.756611	5	4	0.425002
1	34000001	0.695786	0.756611	5	4	0.425002
1	34500001	0.75313	0.756611	5	4	0.425002
1	35000001	0.733211	0.756611	5	4	0.425002
1	35500001	0.775077	0.756611	5	4	0.425002
1	36000001	0.75144	0.756611	5	4	0.425002
1	36500001	0.773993	0.756611	5	4	0.425002
1	37000001	0.757306	0.756611	5	4	0.425002
1	37500001	0.742139	0.756611	5	4	0.425002
1	38000001	0.738877	0.756611	5	4	0.425002
1	38500001	0.753599	0.756611	5	4	0.425002
1	39000001	0.762387	0.756611	5	4	0.425002
1	39500001	0.771156	0.756611	5	4	0.425002
1	40000001	0.740549	0.756611	5	4	0.425002
1	40500001	0.744657	0.756611	5	4	0.425002
1	41000001	0.808206	0.756611	5	4	0.425002
1	41500001	0.788769	0.756611	5	4	0.425002
1	42000001	0.769542	0.756611	5	4	0.425002
1	42500001	0.713983	0.756611	5	4	0.425002
1	43000001	0.786646	0.756611	5	4	0.425002
1	43500001	0.794626	0.756611	5	4	0.425002
1	44000001	0.786505	0.756611	5	4	0.425002
1	44500001	0.760934	0.756611	5	4	0.425002
1	45000001	0.774693	0.756611	5	4	0.425002
1	45500001	0.760357	0.756611	5	4	0.425002
1	46000001	0.78536	0.756611	5	4	0.425002
1	46500001	0.78051	0.756611	5	4	0.425002
1	47000001	0.747228	0.756611	5	4	0.425002
1	47500001	0.79048	0.756611	5	4	0.425002
1	48000001	0.721278	0.756611	5	4	0.425002
1	48500001	0.70585	0.756611	5	4	0.425002
1	49000001	0.688031	0.756611	5	4	0.425002
1	49500001	0.703647	0.756611	5	4	0.425002
1	50000001	0.750174	0.756611	5	4	0.425002
1	50500001	0.773078	0.756611	5	4	0.425002
1	51000001	0.718356	0.756611	5	4	0.425002
1	51500001	0.734901	0.756611	5	4	0.425002
1	52000001	0.738949	0.756611	5	4	0.425002
1	52500001	0.704873	0.756611	5	4	0.425002
1	53000001	0.83018	0.756611	5	4	0.425002
1	53500001	0.773578	0.756611	5	4	0.425002
1	54000001	0.805622	0.756611	5	4	0.425002
1	54500001	0.748525	0.756611	5	4	0.425002
1	55000001	0.765096	0.756611	5	4	0.425002
1	55500001	0.692807	0.756611	5	4	0.425002
1	56000001	0.710937	0.756611	5	4	0.425002
1	56500001	0.737919	0.756611	5	4	0.425002
1	57000001	0.721396	0.756611	5	4	0.425002
1	57500001	0.682653	0.756611	5	4	0.425002
1	58000001	0.697049	0.756611	5	4	0.425002
1	58500001	0.759869	0.756611	5	4	0.425002
1	59000001	0.737605	0.756611	5	4	0.425002
1	59500001	0.735277	0.756611	5	4	0.425002
1	60000001	0.717735	0.756611	5	4	0.425002
1	60500001	0.724763	0.756611	5	4	0.425002
1	61000001	0.734223	0.756611	5	4	0.425002
1	61500001	0.731798	0.756611	5	4	0.425002
1	62000001	0.753985	0.756611	5	4	0.425002
1	62500001	0.765739	0.756611	5	4	0.425002
1	63000001	0.754996	0.756611	5	4	0.425002
1	63500001	0.777403	0.756611	5	4	0.425002
1	64000001	0.788896	0.756611	5	4	0.425002
1	64500001	0.816273	0.756611	5	4	0.425002
1	65000001	0.739544	0.756611	5	4	0.425002
1	65500001	0.801599	0.756611	5	4	0.425002
1	66000001	0.80764	0.756611	5	4	0.425002
1	66500001	0.777511	0.756611	5	4	0.425002
1	67000001	0.755753	0.756611	5	4	0.425002
1	67500001	0.7211	0.756611	5	4	0.425002
1	68000001	0.750436	0.756611	5	4	0.425002
1	68500001	0.722507	0.756611	5	4	0.425002
1	69000001	0.74331	0.756611	5	4	0.425002
1	69500001	0.812132	0.756611	5	4	0.425002
1	70000001	0.756709	0.756611	5	4	0.425002
1	70500001	0.758782	0.756611	5	4	0.425002
1	71000001	0.760967	0.756611	5	4	0.425002
1	71500001	0.852465	0.756611	5	0	0
1	72000001	1.19148	1.19148	7	0	0
1	72500001	1.47236	1.49662	9	0	0
1	73000001	1.53412	1.49662	9	0	0
1	73500001	1.49662	1.49662	9	0	0
1	74000001	1.66361	1.77625	11	0	0
1	74500001	1.75286	1.77625	11	0	0
1	75000001	1.77625	1.77625	11	0	0
1	75500001	1.71825	1.77625	11	0	0
1	76000001	1.75469	1.77625	11	0	0
1	76500001	1.77932	1.77625	11	0	0
1	77000001	1.85991	1.77625	11	0	0
1	77500001	1.81234	1.77625	11	0	0
1	78000001	1.83671	1.77625	11	0	0
1	78500001	1.84856	1.77625	11	0	0
1	79000001	1.78426	1.77625	11	0	0
1	79500001	1.75789	1.77625	11	0	0
1	80000001	1.75879	1.77625	11	0	0
1	80500001	1.3662	1.24564	7	0	0
1	81000001	1.28446	1.24564	7	0	0
1	81500001	1.22461	1.24564	7	0	0
1	82000001	1.00369	1.24564	7	0	0
1	82500001	1.27884	1.24564	7	0	0
1	83000001	1.22834	1.24564	7	0	0
1	83500001	1.25992	1.24564	7	0	0
1	84000001	1.31937	1.24564	7	0	0
1	84500001	1.28601	1.24564	7	0	0
1	85000001	1.05449	1.24564	7	0	0
1	85500001	1.04271	1.24564	7	0	0
1	86000001	1.08451	1.24564	7	0	0
1	86500001	1.20708	1.24564	7	0	0
1	87000001	1.25254	1.24564	7	0	0
1	87500001	1.20966	1.24564	7	0	0
1	88000001	1.3278	1.24564	7	0	0
1	88500001	1.24146	1.24564	7	0	0
1	89000001	1.26704	1.24564	7	0	0
1	89500001	1.30075	1.24564	7	0	0
1	90000001	1.24654	1.24564	7	0	0
1	90500001	1.18451	1.24564	7	0	0
1	91000001	1.21039	1.24564	7	0	0
1	91500001	1.24564	1.24564	7	0	0
1	92000001	1.30819	1.24564	7	0	0
1	92500001	1.16422	1.24564	7	0	0
1	93000001	1.06363	1.06117	6	0	0
1	93500001	1.04979	1.06117	6	0	0
1	94000001	1.11903	1.06117	6	0	0
1	94500001	1.06117	1.06117	6	0	0
1	95000001	1.05146	1.06117	6	0	0
1	95500001	1.07422	1.06117	6	0	0
1	96000001	1.0378	1.06117	6	0	0
1	96500001	1.28189	1.28529	8	0	0
1	97000001	1.28529	1.28529	8	0	0
1	97500001	1.374	1.28529	8	0	0
1	98000001	1.38177	1.28529	8	0	0
1	98500001	1.32514	1.28529	8	0	0
1	99000001	1.27396	1.28529	8	0	0
1	99500001	1.2695	1.28529	8	0	0
1	100000001	1.2881	1.28529	8	0	0
1	100500001	1.26607	1.28529	8	0	0
1	101000001	1.31368	1.28529	8	0	0
1	101500001	1.26159	1.28529	8	0	0
1	102000001	1.06187	1.01238	6	0	0
1	102500001	0.991339	1.01238	6	0	0
1	103000001	1.07822	1.01238	6	0	0
1	103500001	1.11555	1.01238	6	0	0
1	104000001	0.992912	1.01238	6	0	0
1	104500001	1.00014	1.01238	6	0	0
1	105000001	0.955429	1.01238	6	0	0
1	105500001	0.932785	1.01238	6	0	0
1	106000001	0.984725	1.01238	6	0	0
1	106500001	0.951029	1.01238	6	0	0
1	107000001	0.997587	1.01238	6	0	0
1	107500001	1.0126	1.01238	6	0	0
1	108000001	0.965016	1.01238	6	0	0
1	108500001	1.03823	1.01238	6	0	0
1	109000001	1.07411	1.01238	6	0	0
1	109500001	0.967655	1.01238	6	0	0
1	110000001	1.06322	1.01238	6	0	0
1	110500001	0.954712	1.01238	6	0	0
1	111000001	1.06752	1.01238	6	0	0
1	111500001	1.06202	1.01238	6	0	0
1	112000001	0.971042	1.01238	6	0	0
1	112500001	1.03747	1.01238	6	0	0
1	113000001	1.06143	1.01238	6	0	0
1	113500001	1.08862	1.01238	6	0	0
1	114000001	1.02968	1.01238	6	0	0
1	114500001	0.971148	1.01238	6	0	0
1	115000001	1.02277	1.01238	6	0	0
1	115500001	1.0422	1.01238	6	0	0
1	116000001	1.01238	1.01238	6	0	0
1	116500001	1.00393	1.01238	6	0	0
1	117000001	1.00702	1.01238	6	0	0
1	117500001	1.00344	1.01238	6	0	0
1	118000001	0.942782	1.01238	6	0	0
1	118500001	1.03125	1.01238	6	0	0
1	119000001	0.968798	1.01238	6	0	0
1	119500001	1.09682	1.01238	6	0	0
1	120000001	0.899375	1.01238	6	0	0
1	120500001	0.654901	1.01238	6	0	0
1	121000001	1.01741	1.01238	6	0	0
1	121500001	1.02486	1.01238	6	0	0
1	122000001	1.02884	1.01238	6	0	0
1	122500001	1.48924	1.51151	9	0	0
1	123000001	1.51151	1.51151	9	0	0
1	123500001	1.75003	1.51151	9	0	0
1	124000001	2.23726	2.23726	13	0	0
1	124500001	2.99202	2.99202	18	0	0
1	125000001	-1	-1	-1	0	0
1	125500001	-1	-1	-1	0	0
1	126000001	-1	-1	-1	0	0
1	126500001	-1	-1	-1	0	0
1	127000001	-1	-1	-1	0	0
1	127500001	-1	-1	-1	0	0
1	128000001	-1	-1	-1	0	0
1	128500001	-1	-1	-1	0	0
1	129000001	-1	-1	-1	0	0
1	129500001	-1	-1	-1	0	0
1	130000001	-1	-1	-1	0	0
1	130500001	-1	-1	-1	0	0
1	131000001	-1	-1	-1	0	0
1	131500001	-1	-1	-1	0	0
1	132000001	-1	-1	-1	0	0
1	132500001	-1	-1	-1	0	0
1	133000001	-1	-1	-1	0	0
1	133500001	-1	-1	-1	0	0
1	134000001	-1	-1	-1	0	0
1	134500001	-1	-1	-1	0	0
1	135000001	-1	-1	-1	0	0
1	135500001	-1	-1	-1	0	0
1	136000001	-1	-1	-1	0	0
1	136500001	-1	-1	-1	0	0
1	137000001	-1	-1	-1	0	0
1	137500001	-1	-1	-1	0	0
1	138000001	-1	-1	-1	0	0
1	138500001	-1	-1	-1	0	0
1	139000001	-1	-1	-1	0	0
1	139500001	-1	-1	-1	0	0
1	140000001	-1	-1	-1	0	0
1	140500001	-1	-1	-1	0	0
1	141000001	-1	-1	-1	0	0
1	141500001	-1	-1	-1	0	0
1	142000001	-1	-1	-1	0	0
1	142500001	-1	-1	-1	0	0
1	143000001	-1	-1	-1	0	0
1	143500001	0.99497	1.01592	6	0	0
1	144000001	1.02893	1.01592	6	0	0
1	144500001	0.960371	1.01592	6	0	0
1	145000001	1.09351	1.01592	6	0	0
1	145500001	0.997308	1.01592	6	0	0
1	146000001	1.01236	1.01592	6	0	0
1	146500001	0.975254	1.01592	6	0	0
1	147000001	1.05433	1.01592	6	0	0
1	147500001	0.975565	1.01592	6	0	0
1	148000001	1.01479	1.01592	6	0	0
1	148500001	1.11947	1.01592	6	0	0
1	149000001	1.13715	1.01592	6	0	0
1	149500001	1.0798	1.01592	6	0	0
1	150000001	0.986344	1.01592	6	0	0
1	150500001	1.01745	1.01592	6	0	0
1	151000001	1.03436	1.01592	6	0	0
1	151500001	1.05018	1.01592	6	0	0
1	152000001	1.02387	1.01592	6	0	0
1	152500001	0.95723	1.01592	6	0	0
1	153000001	0.998004	1.01592	6	0	0
1	153500001	1.02687	1.01592	6	0	0
1	154000001	0.984906	1.01592	6	0	0
1	154500001	1.04809	1.01592	6	0	0
1	155000001	1.05162	1.01592	6	0	0
1	155500001	1.00388	1.01592	6	0	0
1	156000001	1.1095	1.01592	6	0	0
1	156500001	1.12712	1.01592	6	0	0
1	157000001	1.07758	1.01592	6	0	0
1	157500001	0.995859	1.01592	6	0	0
1	158000001	0.987991	1.01592	6	0	0
1	158500001	0.986338	1.01592	6	0	0
1	159000001	0.97074	1.01592	6	0	0
1	159500001	1.02268	1.01592	6	0	0
1	160000001	1.02811	1.01592	6	0	0
1	160500001	1.02424	1.01592	6	0	0
1	161000001	1.22367	1.01592	6	0	0
1	161500001	1.14407	1.01592	6	0	0
1	162000001	1.0391	1.01592	6	0	0
1	162500001	1.02797	1.01592	6	0	0
1	163000001	1.01705	1.01592	6	0	0
1	163500001	0.94534	1.01592	6	0	0
1	164000001	0.986898	1.01592	6	0	0
1	164500001	0.960242	1.01592	6	0	0
1	165000001	1.00178	1.01592	6	0	0
1	165500001	0.980148	1.01592	6	0	0
1	166000001	0.949731	1.01592	6	0	0
1	166500001	0.964174	1.01592	6	0	0
1	167000001	0.96241	1.01592	6	0	0
1	167500001	1.00878	1.01592	6	0	0
1	168000001	1.00036	1.01592	6	0	0
1	168500001	1.03641	1.01592	6	0	0
1	169000001	1.02509	1.01592	6	0	0
1	169500001	1.46097	1.4503	9	0	0
1	170000001	1.45781	1.4503	9	0	0
1	170500001	1.41304	1.4503	9	0	0
1	171000001	1.44279	1.4503	9	0	0
1	171500001	1.14318	1.00452	6	0	0
1	172000001	1.05462	1.00452	6	0	0
1	172500001	1.06982	1.00452	6	0	0
1	173000001	1.05803	1.00452	6	0	0
1	173500001	1.01931	1.00452	6	0	0
1	174000001	1.01365	1.00452	6	0	0
1	174500001	0.959659	1.00452	6	0	0
1	175000001	0.958908	1.00452	6	0	0
1	175500001	0.933195	1.00452	6	0	0
1	176000001	0.972733	1.00452	6	0	0
1	176500001	0.978895	1.00452	6	0	0
1	177000001	0.958608	1.00452	6	0	0
1	177500001	1.02285	1.00452	6	0	0
1	178000001	1.03852	1.00452	6	0	0
1	178500001	1.03372	1.00452	6	0	0
1	179000001	0.958792	1.00452	6	0	0
1	179500001	1.00297	1.00452	6	0	0
1	180000001	0.976785	1.00452	6	0	0
1	180500001	1.06762	1.00452	6	0	0
1	181000001	1.03736	1.00452	6	0	0
1	181500001	1.00482	1.00452	6	0	0
1	182000001	0.94856	1.00452	6	0	0
1	182500001	1.00157	1.00452	6	0	0
1	183000001	1.01793	1.00452	6	0	0
1	183500001	1.04214	1.00452	6	0	0
1	184000001	0.95874	1.00452	6	0	0
1	184500001	1.00172	1.00452	6	0	0
1	185000001	0.989767	1.00452	6	0	0
1	185500001	0.980381	1.00452	6	0	0
1	186000001	1.00592	1.00452	6	0	0
1	186500001	0.979653	1.00452	6	0	0
1	187000001	0.985237	1.00452	6	0	0
1	187500001	0.937875	1.00452	6	0	0
1	188000001	1.03694	1.00452	6	0	0
1	188500001	0.988894	1.00452	6	0	0
1	189000001	0.974893	1.00452	6	0	0
1	189500001	0.994613	1.00452	6	0	0
1	190000001	1.00641	1.00452	6	0	0
1	190500001	1.01284	1.00452	6	0	0
1	191000001	1.00501	1.00452	6	0	0
1	191500001	0.980739	1.00452	6	0	0
1	192000001	0.996432	1.00452	6	0	0
1	192500001	0.99622	1.00452	6	0	0
1	193000001	1.00919	1.00452	6	0	0
1	193500001	0.996976	1.00452	6	0	0
1	194000001	0.941426	1.00452	6	0	0
1	194500001	1.00236	1.00452	6	0	0
1	195000001	1.00279	1.00452	6	0	0
1	195500001	0.996374	1.00452	6	0	0
1	196000001	1.00659	1.00452	6	0	0
1	196500001	1.02365	1.00452	6	0	0
1	197000001	1.05378	1.00452	6	0	0
1	197500001	0.994795	1.00452	6	0	0
1	198000001	1.04001	1.00452	6	0	0
1	198500001	1.06139	1.00452	6	0	0
1	199000001	1.04957	1.00452	6	0	0
1	199500001	1.00505	1.00452	6	0	0
1	200000001	1.0084	1.00452	6	0	0
1	200500001	1.00857	1.00452	6	0	0
1	201000001	1.12171	1.00452	6	0	0
1	201500001	1.0411	1.00452	6	0	0
1	202000001	1.04776	1.00452	6	0	0
1	202500001	1.01836	1.00452	6	0	0
1	203000001	1.06199	1.00452	6	0	0
1	203500001	0.986703	1.00452	6	0	0
1	204000001	1.10769	1.00452	6	0	0
1	204500001	1.01726	1.00452	6	0	0
1	205000001	1.04387	1.00452	6	0	0
1	205500001	1.00956	1.00452	6	0	0
1	206000001	1.06028	1.00452	6	0	0
1	206500001	1.03349	1.00452	6	0	0
1	207000001	1.10325	1.00452	6	0	0
1	207500001	0.970857	1.00452	6	0	0
1	208000001	1.02278	1.00452	6	0	0
1	208500001	0.946219	1.00452	6	0	0
1	209000001	0.999829	1.00452	6	0	0
1	209500001	1.05538	1.00452	6	0	0
1	210000001	1.03116	1.00452	6	0	0
1	210500001	1.08496	1.00452	6	0	0
1	211000001	1.00485	1.00452	6	0	0
1	211500001	1.0341	1.00452	6	0	0
1	212000001	1.0257	1.00452	6	0	0
1	212500001	1.02885	1.00452	6	0	0
1	213000001	0.977009	1.00452	6	0	0
1	213500001	0.998949	1.00452	6	0	0
1	214000001	1.04305	1.00452	6	0	0
1	214500001	1.04738	1.00452	6	0	0
1	215000001	1.03291	1.00452	6	0	0
1	215500001	0.999529	1.00452	6	0	0
1	216000001	1.00901	1.00452	6	0	0
1	216500001	0.974419	1.00452	6	0	0
1	217000001	0.979653	1.00452	6	0	0
1	217500001	0.974183	1.00452	6	0	0
1	218000001	1.079	1.00452	6	0	0
1	218500001	1.06016	1.00452	6	0	0
1	219000001	1.07379	1.00452	6	0	0
1	219500001	1.05041	1.00452	6	0	0
1	220000001	1.00452	1.00452	6	0	0
1	220500001	0.981382	1.00452	6	0	0
1	221000001	0.99267	1.00452	6	0	0
1	221500001	0.989384	1.00452	6	0	0
1	222000001	0.992145	1.00452	6	0	0
1	222500001	1.03387	1.00452	6	0	0
1	223000001	1.02426	1.00452	6	0	0
1	223500001	1.02591	1.00452	6	0	0
1	224000001	0.998918	1.00452	6	0	0
1	224500001	1.06931	1.00452	6	0	0
1	225000001	1.03093	1.00452	6	0	0
1	225500001	0.998331	1.00452	6	0	0
1	226000001	1.04077	1.00452	6	0	0
1	226500001	1.04219	1.00452	6	0	0
1	227000001	1.01493	1.00452	6	0	0
1	227500001	1.04211	1.00452	6	0	0
1	228000001	1.07495	1.00452	6	0	0
1	228500001	1.34844	1.00452	6	0	0
1	229000001	0.962491	1.00452	6	0	0
1	229500001	0.94527	1.00452	6	0	0
1	230000001	0.964372	1.00452	6	0	0
1	230500001	0.972712	1.00452	6	0	0
1	231000001	0.990063	1.00452	6	0	0
1	231500001	0.984147	1.00452	6	0	0
1	232000001	0.92441	1.00452	6	0	0
1	232500001	0.969941	1.00452	6	0	0
1	233000001	0.970435	1.00452	6	0	0
1	233500001	0.999722	1.00452	6	0	0
1	234000001	1.03302	1.00452	6	0	0
1	234500001	1.11344	1.00452	6	0	0
1	235000001	0.967996	1.00452	6	0	0
1	235500001	1.03934	1.00452	6	0	0
1	236000001	1.02367	1.00452	6	0	0
1	236500001	0.962125	1.00452	6	0	0
1	237000001	0.904605	1.00452	6	0	0
1	237500001	0.954454	1.00452	6	0	0
1	238000001	0.918465	1.00452	6	0	0
1	238500001	0.920129	1.00452	6	0	0
1	239000001	0.92478	1.00452	6	0	0
1	239500001	0.986746	1.00452	6	0	0
1	240000001	0.908292	1.00452	6	0	0
1	240500001	0.961057	1.00452	6	0	0
1	241000001	0.955734	1.00452	6	0	0
1	241500001	0.946861	1.00452	6	0	0
1	242000001	0.93635	1.00452	6	0	0
1	242500001	0.959815	1.00452	6	0	0
1	243000001	1.06837	1.00452	6	0	0
1	243500001	1.04131	1.00452	6	0	0
1	244000001	1.02084	1.00452	6	0	0
1	244500001	1.01175	1.00452	6	0	0
1	245000001	0.997047	1.00452	6	0	0
1	245500001	0.928057	1.00452	6	0	0
1	246000001	0.979351	1.00452	6	0	0
1	246500001	0.992937	1.00452	6	0	0
1	247000001	0.985572	1.00452	6	0	0
1	247500001	0.934157	1.00452	6	0	0
1	248000001	1.0743	1.00452	6	0	0
1	248500001	0.794459	1.00452	6	0	0
10	1	1.21855	1.14493	7	0	0
10	500001	1.22277	1.14493	7	0	0
10	1000001	1.19305	1.14493	7	0	0
10	1500001	1.13726	1.14493	7	0	0
10	2000001	1.08461	1.14493	7	0	0
10	2500001	1.13425	1.14493	7	0	0
10	3000001	1.1618	1.14493	7	0	0
10	3500001	1.19382	1.14493	7	0	0
10	4000001	1.22346	1.14493	7	0	0
10	4500001	1.21546	1.14493	7	0	0
10	5000001	1.1473	1.14493	7	0	0
10	5500001	1.16098	1.14493	7	0	0
10	6000001	1.15773	1.14493	7	0	0
10	6500001	1.1229	1.14493	7	0	0
10	7000001	1.08679	1.14493	7	0	0
10	7500001	1.11008	1.14493	7	0	0
10	8000001	1.09351	1.14493	7	0	0
10	8500001	1.14493	1.14493	7	0	0
10	9000001	1.12877	1.14493	7	0	0
10	9500001	1.09018	1.14493	7	0	0
10	10000001	1.1009	1.14493	7	0	0
10	10500001	1.12775	1.14493	7	0	0
10	11000001	1.18391	1.14493	7	0	0
10	11500001	1.23926	1.14493	7	0	0
10	12000001	1.17902	1.14493	7	0	0
10	12500001	1.18883	1.14493	7	0	0
10	13000001	1.16702	1.14493	7	0	0
10	13500001	1.23533	1.14493	7	0	0
10	14000001	1.20206	1.14493	7	0	0
10	14500001	1.14035	1.14493	7	0	0
10	15000001	1.1824	1.14493	7	0	0
10	15500001	1.18648	1.14493	7	0	0
10	16000001	1.07932	1.14493	7	0	0
10	16500001	1.17343	1.14493	7	0	0
10	17000001	1.17195	1.14493	7	0	0
10	17500001	1.17069	1.14493	7	0	0
10	18000001	1.10847	1.14493	7	0	0
10	18500001	1.09776	1.14493	7	0	0
10	19000001	1.12912	1.14493	7	0	0
10	19500001	1.12413	1.14493	7	0	0
10	20000001	1.04247	1.14493	7	0	0
10	20500001	1.1607	1.14493	7	0	0
10	21000001	1.16314	1.14493	7	0	0
10	21500001	1.12395	1.14493	7	0	0
10	22000001	1.14655	1.14493	7	0	0
10	22500001	1.17176	1.14493	7	0	0
10	23000001	1.09081	1.14493	7	0	0
10	23500001	1.12148	1.14493	7	0	0
10	24000001	1.20265	1.14493	7	0	0
10	24500001	1.2184	1.14493	7	0	0
10	25000001	1.14309	1.14493	7	0	0
10	25500001	1.12829	1.14493	7	0	0
10	26000001	1.12885	1.14493	7	0	0
10	26500001	1.13863	1.14493	7	0	0
10	27000001	1.14128	1.14493	7	0	0
10	27500001	1.17368	1.14493	7	0	0
10	28000001	1.10182	1.14493	7	0	0
10	28500001	1.11689	1.14493	7	0	0
10	29000001	1.12083	1.14493	7	0	0
10	29500001	1.13318	1.14493	7	0	0
10	30000001	1.15433	1.14493	7	0	0
10	30500001	1.12413	1.14493	7	0	0
10	31000001	1.19758	1.14493	7	0	0
10	31500001	1.23615	1.14493	7	0	0
10	32000001	1.19666	1.14493	7	0	0
10	32500001	1.19623	1.14493	7	0	0
10	33000001	1.21757	1.14493	7	0	0
10	33500001	1.16786	1.14493	7	0	0
10	34000001	1.19445	1.14493	7	0	0
10	34500001	1.10351	1.14493	7	0	0
10	35000001	1.14237	1.14493	7	0	0
10	35500001	1.114	1.14493	7	0	0
10	36000001	1.09608	1.14493	7	0	0
10	36500001	1.0163	1.14493	7	0	0
10	37000001	1.13079	1.14493	7	0	0
10	37500001	1.03013	1.14493	7	0	0
10	38000001	1.05913	1.14493	7	0	0
10	38500001	1.31607	1.14493	7	0	0
10	39000001	1.23291	1.14493	7	0	0
10	39500001	0.445045	0.445045	3	0	0
10	40000001	1.28287	1.28287	8	0	0
10	40500001	1.6394	1.6394	10	0	0
10	41000001	0.819662	0.819662	5	0	0
10	41500001	-1	-1	-1	0	0
10	42000001	3.33092	3.33092	20	0	0
10	42500001	1.12897	1.14124	7	0	0
10	43000001	1.20854	1.14124	7	0	0
10	43500001	1.08698	1.14124	7	0	0
10	44000001	1.10431	1.14124	7	0	0
10	44500001	1.11279	1.14124	7	0	0
10	45000001	1.13996	1.14124	7	0	0
10	45500001	1.1539	1.14124	7	0	0
10	46000001	1.12588	1.14124	7	0	0
10	46500001	1.41681	1.14124	7	0	0
10	47000001	1.21457	1.14124	7	0	0
10	47500001	-1	1.14124	7	0	0
10	48000001	1.05076	1.14124	7	0	0
10	48500001	1.125	1.14124	7	0	0
10	49000001	1.20904	1.14124	7	0	0
10	49500001	1.18943	1.14124	7	0	0
10	50000001	1.14708	1.14124	7	0	0
10	50500001	1.07753	1.14124	7	0	0
10	51000001	1.17522	1.14124	7	0	0
10	51500001	1.14514	1.14124	7	0	0
10	52000001	1.20902	1.14124	7	0	0
10	52500001	1.19182	1.14124	7	0	0
10	53000001	1.17232	1.14124	7	0	0
10	53500001	1.13051	1.14124	7	0	0
10	54000001	1.07967	1.14124	7	0	0
10	54500001	1.158	1.14124	7	0	0
10	55000001	1.11989	1.14124	7	0	0
10	55500001	1.14622	1.14124	7	0	0
10	56000001	1.13677	1.14124	7	0	0
10	56500001	1.15092	1.14124	7	0	0
10	57000001	1.11157	1.14124	7	0	0
10	57500001	1.15798	1.14124	7	0	0
10	58000001	1.1615	1.14124	7	0	0
10	58500001	1.19323	1.14124	7	0	0
10	59000001	1.15982	1.14124	7	0	0
10	59500001	1.11944	1.14124	7	0	0
10	60000001	1.16227	1.14124	7	0	0
10	60500001	1.14636	1.14124	7	0	0
10	61000001	1.16186	1.14124	7	0	0
10	61500001	1.17807	1.14124	7	0	0
10	62000001	1.17036	1.14124	7	0	0
10	62500001	1.13795	1.14124	7	0	0
10	63000001	1.12247	1.14124	7	0	0
10	63500001	1.15249	1.14124	7	0	0
10	64000001	1.11678	1.14124	7	0	0
10	64500001	1.14426	1.14124	7	0	0
10	65000001	1.11229	1.14124	7	0	0
10	65500001	1.06189	1.14124	7	0	0
10	66000001	1.13723	1.14124	7	0	0
10	66500001	1.13858	1.14124	7	0	0
10	67000001	1.13207	1.14124	7	0	0
10	67500001	1.13253	1.14124	7	0	0
10	68000001	1.12889	1.14124	7	0	0
10	68500001	1.15516	1.14124	7	0	0
10	69000001	1.13407	1.14124	7	0	0
10	69500001	1.20824	1.14124	7	0	0
10	70000001	1.12532	1.14124	7	0	0
10	70500001	1.18592	1.14124	7	0	0
10	71000001	1.21874	1.14124	7	0	0
10	71500001	1.2557	1.14124	7	0	0
10	72000001	1.1759	1.14124	7	0	0
10	72500001	1.1884	1.14124	7	0	0
10	73000001	1.19022	1.14124	7	0	0
10	73500001	1.24729	1.14124	7	0	0
10	74000001	1.11981	1.14124	7	0	0
10	74500001	1.14114	1.14124	7	0	0
10	75000001	1.17246	1.14124	7	0	0
10	75500001	1.09824	1.14124	7	0	0
10	76000001	1.00716	1.14124	7	0	0
10	76500001	1.08479	1.14124	7	0	0
10	77000001	1.15309	1.14124	7	0	0
10	77500001	1.19895	1.14124	7	0	0
10	78000001	1.17751	1.14124	7	0	0
10	78500001	1.18737	1.14124	7	0	0
10	79000001	1.27317	1.14124	7	0	0
10	79500001	0.869125	1.14124	7	0	0
10	80000001	1.11585	1.14124	7	0	0
10	80500001	1.16577	1.14124	7	0	0
10	81000001	1.12961	1.14124	7	0	0
10	81500001	1.12475	1.14124	7	0	0
10	82000001	1.03266	1.14124	7	0	0
10	82500001	1.10259	1.14124	7	0	0
10	83000001	1.12131	1.14124	7	0	0
10	83500001	1.05877	1.14124	7	0	0
10	84000001	1.12231	1.14124	7	0	0
10	84500001	1.06381	1.14124	7	0	0
10	85000001	1.09953	1.14124	7	0	0
10	85500001	1.11159	1.14124	7	0	0
10	86000001	1.21441	1.14124	7	0	0
10	86500001	1.17694	1.14124	7	0	0
10	87000001	1.13427	1.14124	7	0	0
10	87500001	1.19033	1.14124	7	0	0
10	88000001	1.19603	1.14124	7	0	0
10	88500001	1.22847	1.14124	7	0	0
10	89000001	1.19314	1.14124	7	0	0
10	89500001	1.21439	1.14124	7	0	0
10	90000001	1.15406	1.14124	7	0	0
10	90500001	1.15241	1.14124	7	0	0
10	91000001	1.19465	1.14124	7	0	0
10	91500001	1.13821	1.14124	7	0	0
10	92000001	1.14635	1.14124	7	0	0
10	92500001	1.14788	1.14124	7	0	0
10	93000001	1.16899	1.14124	7	0	0
10	93500001	1.16184	1.14124	7	0	0
10	94000001	1.16418	1.14124	7	0	0
10	94500001	1.16221	1.14124	7	0	0
10	95000001	1.17015	1.14124	7	0	0
10	95500001	1.12988	1.14124	7	0	0
10	96000001	1.14487	1.14124	7	0	0
10	96500001	1.12738	1.14124	7	0	0
10	97000001	1.22862	1.14124	7	0	0
10	97500001	1.24784	1.14124	7	0	0
10	98000001	1.16947	1.14124	7	0	0
10	98500001	1.13658	1.14124	7	0	0
10	99000001	1.14192	1.14124	7	0	0
10	99500001	1.17791	1.14124	7	0	0
10	100000001	1.13799	1.14124	7	0	0
10	100500001	1.12546	1.14124	7	0	0
10	101000001	1.12037	1.14124	7	0	0
10	101500001	1.14353	1.14124	7	0	0
10	102000001	1.15968	1.14124	7	0	0
10	102500001	1.18167	1.14124	7	0	0
10	103000001	1.14684	1.14124	7	0	0
10	103500001	1.22967	1.14124	7	0	0
10	104000001	1.16006	1.14124	7	0	0
10	104500001	1.09612	1.14124	7	0	0
10	105000001	1.06339	1.14124	7	0	0
10	105500001	1.0735	1.14124	7	0	0
10	106000001	1.05769	1.14124	7	0	0
10	106500001	1.04252	1.14124	7	0	0
10	107000001	1.05029	1.14124	7	0	0
10	107500001	1.08413	1.14124	7	0	0
10	108000001	1.09849	1.14124	7	0	0
10	108500001	1.10141	1.14124	7	0	0
10	109000001	1.07592	1.14124	7	0	0
10	109500001	1.17494	1.14124	7	0	0
10	110000001	1.18428	1.14124	7	0	0
10	110500001	1.13016	1.14124	7	0	0
10	111000001	1.11783	1.14124	7	0	0
10	111500001	1.12536	1.14124	7	0	0
10	112000001	1.13142	1.14124	7	0	0
10	112500001	1.12681	1.14124	7	0	0
10	113000001	1.17786	1.14124	7	0	0
10	113500001	1.13998	1.14124	7	0	0
10	114000001	1.17394	1.14124	7	0	0
10	114500001	1.17042	1.14124	7	0	0
10	115000001	1.17378	1.14124	7	0	0
10	115500001	1.14868	1.14124	7	0	0
10	116000001	1.09386	1.14124	7	0	0
10	116500001	1.10684	1.14124	7	0	0
10	117000001	1.10459	1.14124	7	0	0
10	117500001	1.08284	1.14124	7	0	0
10	118000001	1.14134	1.14124	7	0	0
10	118500001	1.10169	1.14124	7	0	0
10	119000001	1.23466	1.14124	7	0	0
10	119500001	1.16682	1.14124	7	0	0
10	120000001	1.11622	1.14124	7	0	0
10	120500001	1.12272	1.14124	7	0	0
10	121000001	1.09845	1.14124	7	0	0
10	121500001	1.11328	1.14124	7	0	0
10	122000001	1.15888	1.14124	7	0	0
10	122500001	1.16009	1.14124	7	0	0
10	123000001	1.14839	1.14124	7	0	0
10	123500001	1.1801	1.14124	7	0	0
10	124000001	1.20536	1.14124	7	0	0
10	124500001	1.18773	1.14124	7	0	0
10	125000001	1.14515	1.14124	7	0	0
10	125500001	1.18655	1.14124	7	0	0
10	126000001	1.11216	1.14124	7	0	0
10	126500001	1.05924	1.14124	7	0	0
10	127000001	1.08209	1.14124	7	0	0
10	127500001	1.09995	1.14124	7	0	0
10	128000001	1.13775	1.14124	7	0	0
10	128500001	1.04755	1.14124	7	0	0
10	129000001	1.06936	1.14124	7	0	0
10	129500001	1.06036	1.14124	7	0	0
10	130000001	1.10623	1.14124	7	0	0
10	130500001	1.0755	1.14124	7	0	0
10	131000001	1.10545	1.14124	7	0	0
10	131500001	1.13103	1.14124	7	0	0
10	132000001	1.32895	1.32895	8	0	0
10	132500001	1.31211	1.32895	8	0	0
10	133000001	1.49832	1.32895	8	0	0
10	133500001	-1	-1	-1	0	0
11	1	1.30952	1.38272	8	0	0
11	500001	1.65903	1.38272	8	0	0
11	1000001	1.66697	1.38272	8	0	0
11	1500001	1.3655	1.38272	8	0	0
11	2000001	1.37661	1.38272	8	0	0
11	2500001	1.38883	1.38272	8	8	0.263372
11	3000001	1.22054	1.2457	7	8	0.263372
11	3500001	1.27341	1.2457	7	8	0.263372
11	4000001	1.2489	1.2457	7	8	0.263372
11	4500001	1.23463	1.2457	7	8	0.263372
11	5000001	1.20331	1.2457	7	8	0.263372
11	5500001	1.23594	1.2457	7	8	0.263372
11	6000001	1.2208	1.2457	7	8	0.263372
11	6500001	1.23758	1.2457	7	8	0.263372
11	7000001	1.20463	1.2457	7	8	0.263372
11	7500001	1.24023	1.2457	7	8	0.263372
11	8000001	1.32179	1.2457	7	8	0.263372
11	8500001	1.26876	1.2457	7	8	0.263372
11	9000001	1.21542	1.2457	7	8	0.263372
11	9500001	1.26551	1.2457	7	8	0.263372
11	10000001	1.31034	1.2457	7	8	0.263372
11	10500001	1.27902	1.2457	7	8	0.263372
11	11000001	1.28079	1.2457	7	8	0.263372
11	11500001	1.30487	1.2457	7	8	0.263372
11	12000001	1.33486	1.2457	7	8	0.263372
11	12500001	1.27161	1.2457	7	8	0.263372
11	13000001	1.28684	1.2457	7	8	0.263372
11	13500001	1.32933	1.2457	7	8	0.263372
11	14000001	1.29026	1.2457	7	8	0.263372
11	14500001	1.24832	1.2457	7	8	0.263372
11	15000001	1.19798	1.2457	7	8	0.263372
11	15500001	1.21403	1.2457	7	8	0.263372
11	16000001	1.2993	1.2457	7	8	0.263372
11	16500001	1.30342	1.2457	7	8	0.263372
11	17000001	1.20137	1.2457	7	8	0.263372
11	17500001	1.28453	1.2457	7	8	0.263372
11	18000001	1.26649	1.2457	7	8	0.263372
11	18500001	1.333	1.2457	7	8	0.263372
11	19000001	1.24962	1.2457	7	8	0.263372
11	19500001	1.32218	1.2457	7	8	0.263372
11	20000001	1.22503	1.2457	7	8	0.263372
11	20500001	1.14395	1.2457	7	8	0.263372
11	21000001	1.27062	1.2457	7	8	0.263372
11	21500001	1.20543	1.2457	7	8	0.263372
11	22000001	1.21486	1.2457	7	8	0.263372
11	22500001	1.2645	1.2457	7	8	0.263372
11	23000001	1.22212	1.2457	7	8	0.263372
11	23500001	1.23582	1.2457	7	8	0.263372
11	24000001	1.23653	1.2457	7	8	0.263372
11	24500001	1.24537	1.2457	7	8	0.263372
11	25000001	1.17558	1.2457	7	8	0.263372
11	25500001	1.17111	1.2457	7	8	0.263372
11	26000001	1.24708	1.2457	7	8	0.263372
11	26500001	1.28583	1.2457	7	8	0.263372
11	27000001	1.20712	1.2457	7	8	0.263372
11	27500001	1.33177	1.2457	7	8	0.263372
11	28000001	1.35746	1.2457	7	8	0.263372
11	28500001	1.28117	1.2457	7	8	0.263372
11	29000001	1.27644	1.2457	7	8	0.263372
11	29500001	1.2664	1.2457	7	8	0.263372
11	30000001	1.24064	1.2457	7	8	0.263372
11	30500001	1.21358	1.2457	7	8	0.263372
11	31000001	1.24391	1.2457	7	8	0.263372
11	31500001	1.22646	1.2457	7	8	0.263372
11	32000001	1.24087	1.2457	7	8	0.263372
11	32500001	1.25581	1.2457	7	8	0.263372
11	33000001	1.29105	1.2457	7	8	0.263372
11	33500001	1.28405	1.2457	7	8	0.263372
11	34000001	1.24761	1.2457	7	8	0.263372
11	34500001	1.30888	1.2457	7	8	0.263372
11	35000001	1.36678	1.2457	7	8	0.263372
11	35500001	1.33149	1.2457	7	8	0.263372
11	36000001	1.27797	1.2457	7	8	0.263372
11	36500001	1.24932	1.2457	7	8	0.263372
11	37000001	1.20589	1.2457	7	8	0.263372
11	37500001	1.24808	1.2457	7	8	0.263372
11	38000001	1.16243	1.2457	7	8	0.263372
11	38500001	1.21401	1.2457	7	8	0.263372
11	39000001	1.16138	1.2457	7	8	0.263372
11	39500001	1.14028	1.2457	7	8	0.263372
11	40000001	1.24488	1.2457	7	8	0.263372
11	40500001	1.23617	1.2457	7	8	0.263372
11	41000001	1.18235	1.2457	7	8	0.263372
11	41500001	1.21119	1.2457	7	8	0.263372
11	42000001	1.19279	1.2457	7	8	0.263372
11	42500001	1.13914	1.2457	7	8	0.263372
11	43000001	1.2457	1.2457	7	8	0.263372
11	43500001	1.23467	1.2457	7	8	0.263372
11	44000001	1.26757	1.2457	7	8	0.263372
11	44500001	1.30857	1.2457	7	8	0.263372
11	45000001	1.24183	1.2457	7	8	0.263372
11	45500001	1.32915	1.2457	7	8	0.263372
11	46000001	1.26769	1.2457	7	8	0.263372
11	46500001	1.262	1.2457	7	8	0.263372
11	47000001	1.29178	1.2457	7	8	0.263372
11	47500001	1.2239	1.2457	7	8	0.263372
11	48000001	1.22952	1.2457	7	8	0.263372
11	48500001	1.24434	1.2457	7	8	0.263372
11	49000001	1.18717	1.2457	7	8	0.263372
11	49500001	1.18266	1.2457	7	8	0.263372
11	50000001	1.12313	1.2457	7	0	0
11	50500001	-1	-1	-1	0	0
11	51000001	-1	-1	-1	0	0
11	51500001	1.742	1.5631	9	0	0
11	52000001	1.3842	1.5631	9	0	0
11	52500001	1.08701	1.01775	6	0	0
11	53000001	1.01151	1.01775	6	0	0
11	53500001	1.01775	1.01775	6	0	0
11	54000001	-1	-1	-1	0	0
11	54500001	1.33454	1.2704	8	0	0
11	55000001	1.32056	1.2704	8	0	0
11	55500001	1.17896	1.2704	8	0	0
11	56000001	1.23001	1.2704	8	0	0
11	56500001	1.27767	1.2704	8	0	0
11	57000001	1.26826	1.2704	8	0	0
11	57500001	1.29864	1.2704	8	0	0
11	58000001	1.25921	1.2704	8	0	0
11	58500001	1.17445	1.2704	8	0	0
11	59000001	1.25702	1.2704	8	0	0
11	59500001	1.19815	1.2704	8	0	0
11	60000001	1.26561	1.2704	8	0	0
11	60500001	1.27254	1.2704	8	0	0
11	61000001	1.31985	1.2704	8	0	0
11	61500001	1.50009	1.2704	8	0	0
11	62000001	1.22451	1.2704	8	0	0
11	62500001	1.29429	1.2704	8	0	0
11	63000001	1.3914	1.2704	8	0	0
11	63500001	1.58958	1.61382	10	0	0
11	64000001	1.75004	1.61382	10	0	0
11	64500001	1.73075	1.61382	10	0	0
11	65000001	1.58886	1.61382	10	0	0
11	65500001	1.69204	1.61382	10	0	0
11	66000001	1.609	1.61382	10	0	0
11	66500001	1.572	1.61382	10	0	0
11	67000001	1.61863	1.61382	10	0	0
11	67500001	1.60863	1.61382	10	0	0
11	68000001	1.59217	1.61382	10	0	0
11	68500001	1.53456	1.61382	10	0	0
11	69000001	1.7101	1.61382	10	0	0
11	69500001	1.65358	1.61382	10	0	0
11	70000001	1.62138	1.61382	10	0	0
11	70500001	1.59872	1.61382	10	0	0
11	71000001	1.63494	1.61382	10	7	0.413097
11	71500001	1.4605	1.25329	8	7	0.413097
11	72000001	1.28922	1.25329	8	7	0.413097
11	72500001	1.30697	1.25329	8	7	0.413097
11	73000001	1.28752	1.25329	8	7	0.413097
11	73500001	1.25368	1.25329	8	7	0.413097
11	74000001	1.29369	1.25329	8	7	0.413097
11	74500001	1.25199	1.25329	8	7	0.413097
11	75000001	1.32669	1.25329	8	7	0.413097
11	75500001	1.25808	1.25329	8	7	0.413097
11	76000001	1.31266	1.25329	8	7	0.413097
11	76500001	1.26843	1.25329	8	7	0.413097
11	77000001	1.29466	1.25329	8	7	0.413097
11	77500001	1.27252	1.25329	8	7	0.413097
11	78000001	1.23523	1.25329	8	7	0.413097
11	78500001	1.24158	1.25329	8	7	0.413097
11	79000001	1.16866	1.25329	8	7	0.413097
11	79500001	1.12834	1.25329	8	7	0.413097
11	80000001	1.17214	1.25329	8	7	0.413097
11	80500001	1.16261	1.25329	8	7	0.413097
11	81000001	1.1915	1.25329	8	7	0.413097
11	81500001	1.20051	1.25329	8	7	0.413097
11	82000001	1.24932	1.25329	8	7	0.413097
11	82500001	1.2529	1.25329	8	7	0.413097
11	83000001	1.25248	1.25329	8	7	0.413097
11	83500001	1.17603	1.25329	8	7	0.413097
11	84000001	1.28613	1.25329	8	7	0.413097
11	84500001	1.19653	1.25329	8	7	0.413097
11	85000001	1.25064	1.25329	8	7	0.413097
11	85500001	1.27762	1.25329	8	7	0.413097
11	86000001	1.26086	1.25329	8	7	0.413097
11	86500001	1.31367	1.25329	8	7	0.413097
11	87000001	1.16739	1.25329	8	7	0.413097
11	87500001	1.29674	1.25329	8	7	0.413097
11	88000001	1.18189	1.25329	8	0	0
11	88500001	1.38699	1.46619	9	0	0
11	89000001	1.46391	1.46619	9	0	0
11	89500001	1.50211	1.46619	9	0	0
11	90000001	1.37328	1.46619	9	0	0
11	90500001	1.42834	1.46619	9	0	0
11	91000001	1.44818	1.46619	9	0	0
11	91500001	1.33013	1.46619	9	0	0
11	92000001	1.36489	1.46619	9	0	0
11	92500001	1.37766	1.46619	9	0	0
11	93000001	1.46018	1.46619	9	0	0
11	93500001	1.47674	1.46619	9	0	0
11	94000001	1.65008	1.46619	9	0	0
11	94500001	1.52215	1.46619	9	0	0
11	95000001	1.46183	1.46619	9	0	0
11	95500001	1.54047	1.46619	9	0	0
11	96000001	1.49508	1.46619	9	0	0
11	96500001	1.52234	1.46619	9	0	0
11	97000001	1.50606	1.46619	9	0	0
11	97500001	1.44672	1.46619	9	0	0
11	98000001	1.41914	1.46619	9	0	0
11	98500001	1.43743	1.46619	9	0	0
11	99000001	1.41878	1.46619	9	0	0
11	99500001	1.44696	1.46619	9	0	0
11	100000001	1.47857	1.46619	9	0	0
11	100500001	1.45491	1.46619	9	0	0
11	101000001	1.46619	1.46619	9	0	0
11	101500001	1.49901	1.46619	9	0	0
11	102000001	1.49203	1.46619	9	0	0
11	102500001	1.5036	1.46619	9	0	0
11	103000001	1.54728	1.46619	9	0	0
11	103500001	1.46657	1.46619	9	0	0
11	104000001	1.44037	1.46619	9	0	0
11	104500001	1.46515	1.46619	9	0	0
11	105000001	1.42448	1.46619	9	0	0
11	105500001	1.50393	1.46619	9	0	0
11	106000001	1.4875	1.46619	9	0	0
11	106500001	1.5067	1.46619	9	0	0
11	107000001	1.4551	1.46619	9	0	0
11	107500001	1.38988	1.46619	9	0	0
11	108000001	1.47768	1.46619	9	0	0
11	108500001	1.50264	1.46619	9	0	0
11	109000001	1.43807	1.46619	9	0	0
11	109500001	1.54897	1.46619	9	0	0
11	110000001	1.49558	1.46619	9	0	0
11	110500001	1.47369	1.46619	9	0	0
11	111000001	1.46827	1.46619	9	0	0
11	111500001	1.55527	1.46619	9	0	0
11	112000001	1.44087	1.46619	9	0	0
11	112500001	1.44015	1.46619	9	0	0
11	113000001	1.42933	1.46619	9	0	0
11	113500001	1.44185	1.46619	9	0	0
11	114000001	1.46871	1.46619	9	0	0
11	114500001	1.34735	1.46619	9	0	0
11	115000001	1.36787	1.46619	9	0	0
11	115500001	1.31362	1.46619	9	0	0
11	116000001	1.47398	1.46619	9	0	0
11	116500001	1.47957	1.46619	9	0	0
11	117000001	1.51302	1.46619	9	0	0
11	117500001	1.56456	1.46619	9	0	0
11	118000001	1.49398	1.46619	9	0	0
11	118500001	1.50824	1.46619	9	0	0
11	119000001	1.57986	1.46619	9	0	0
11	119500001	1.54142	1.46619	9	0	0
11	120000001	1.50226	1.46619	9	0	0
11	120500001	1.51391	1.46619	9	0	0
11	121000001	1.42164	1.46619	9	0	0
11	121500001	1.51386	1.46619	9	0	0
11	122000001	1.4906	1.46619	9	0	0
11	122500001	1.45999	1.46619	9	0	0
11	123000001	1.43809	1.46619	9	0	0
11	123500001	1.38985	1.46619	9	0	0
11	124000001	1.43641	1.46619	9	0	0
11	124500001	1.49097	1.46619	9	0	0
11	125000001	1.46297	1.46619	9	0	0
11	125500001	1.43894	1.46619	9	0	0
11	126000001	1.49808	1.46619	9	0	0
11	126500001	1.41328	1.46619	9	0	0
11	127000001	1.4168	1.46619	9	0	0
11	127500001	1.46085	1.46619	9	0	0
11	128000001	1.50027	1.46619	9	0	0
11	128500001	1.58552	1.46619	9	0	0
11	129000001	1.45878	1.46619	9	0	0
11	129500001	1.4648	1.46619	9	0	0
11	130000001	1.5374	1.46619	9	0	0
11	130500001	1.55182	1.46619	9	0	0
11	131000001	1.50706	1.46619	9	0	0
11	131500001	1.41532	1.46619	9	0	0
11	132000001	1.42354	1.46619	9	0	0
11	132500001	1.41244	1.46619	9	0	0
11	133000001	1.32947	1.39824	8	0	0
11	133500001	1.39824	1.39824	8	0	0
11	134000001	1.40722	1.39824	8	0	0
11	134500001	1.4226	1.39824	8	0	0
11	135000001	0.277355	1.39824	8	0	0
12	1	0.952553	0.952553	6	0	0
12	500001	0.798037	0.81655	5	0	0
12	1000001	0.800281	0.81655	5	0	0
12	1500001	0.813871	0.81655	5	0	0
12	2000001	0.819229	0.81655	5	0	0
12	2500001	0.838981	0.81655	5	0	0
12	3000001	0.895977	0.81655	5	4	0.402851
12	3500001	0.785695	0.78664	5	4	0.402851
12	4000001	0.768212	0.78664	5	4	0.402851
12	4500001	0.764186	0.78664	5	4	0.402851
12	5000001	0.815059	0.78664	5	4	0.402851
12	5500001	0.775059	0.78664	5	4	0.402851
12	6000001	0.87825	0.78664	5	4	0.402851
12	6500001	0.807591	0.78664	5	4	0.402851
12	7000001	0.805857	0.78664	5	4	0.402851
12	7500001	0.754308	0.78664	5	4	0.402851
12	8000001	0.733263	0.78664	5	4	0.402851
12	8500001	0.74467	0.78664	5	4	0.402851
12	9000001	0.778366	0.78664	5	4	0.402851
12	9500001	0.850109	0.78664	5	4	0.402851
12	10000001	0.81459	0.78664	5	4	0.402851
12	10500001	0.849577	0.78664	5	4	0.402851
12	11000001	0.799047	0.78664	5	4	0.402851
12	11500001	0.807547	0.78664	5	4	0.402851
12	12000001	0.797275	0.78664	5	4	0.402851
12	12500001	0.776434	0.78664	5	4	0.402851
12	13000001	0.811816	0.78664	5	4	0.402851
12	13500001	0.801639	0.78664	5	4	0.402851
12	14000001	0.761689	0.78664	5	4	0.402851
12	14500001	0.790195	0.78664	5	4	0.402851
12	15000001	0.790304	0.78664	5	4	0.402851
12	15500001	0.829157	0.78664	5	4	0.402851
12	16000001	0.829233	0.78664	5	4	0.402851
12	16500001	0.799704	0.78664	5	4	0.402851
12	17000001	0.753607	0.78664	5	4	0.402851
12	17500001	0.749123	0.78664	5	4	0.402851
12	18000001	0.800542	0.78664	5	4	0.402851
12	18500001	0.824672	0.78664	5	4	0.402851
12	19000001	0.751268	0.78664	5	4	0.402851
12	19500001	0.77705	0.78664	5	4	0.402851
12	20000001	0.817062	0.78664	5	4	0.402851
12	20500001	0.824284	0.78664	5	4	0.402851
12	21000001	0.79812	0.78664	5	4	0.402851
12	21500001	0.78664	0.78664	5	4	0.402851
12	22000001	0.764606	0.78664	5	4	0.402851
12	22500001	0.759719	0.78664	5	4	0.402851
12	23000001	0.768536	0.78664	5	4	0.402851
12	23500001	0.752327	0.78664	5	4	0.402851
12	24000001	0.728744	0.78664	5	4	0.402851
12	24500001	0.773362	0.78664	5	4	0.402851
12	25000001	0.73148	0.78664	5	4	0.402851
12	25500001	0.767654	0.78664	5	4	0.402851
12	26000001	0.827254	0.78664	5	4	0.402851
12	26500001	0.778813	0.78664	5	4	0.402851
12	27000001	0.811789	0.78664	5	4	0.402851
12	27500001	0.834664	0.78664	5	4	0.402851
12	28000001	0.888919	0.78664	5	4	0.402851
12	28500001	0.835019	0.78664	5	4	0.402851
12	29000001	0.761715	0.78664	5	4	0.402851
12	29500001	0.751	0.78664	5	4	0.402851
12	30000001	0.777157	0.78664	5	4	0.402851
12	30500001	0.764976	0.78664	5	4	0.402851
12	31000001	0.7947	0.78664	5	4	0.402851
12	31500001	0.801231	0.78664	5	4	0.402851
12	32000001	0.770709	0.78664	5	4	0.402851
12	32500001	0.792633	0.78664	5	4	0.402851
12	33000001	0.775012	0.78664	5	4	0.402851
12	33500001	0.774263	0.78664	5	4	0.402851
12	34000001	0.753578	0.78664	5	4	0.402851
12	34500001	0.797486	0.78664	5	4	0.402851
12	35000001	0.849601	0.78664	5	4	0.402851
12	35500001	0.735412	0.78664	5	0	0
12	36000001	0.528443	0.495896	3	0	0
12	36500001	0.463348	0.495896	3	0	0
12	37000001	0.722129	0.777796	5	0	0
12	37500001	0.798238	0.777796	5	0	0
12	38000001	0.741198	0.777796	5	0	0
12	38500001	0.779096	0.777796	5	0	0
12	39000001	0.774536	0.777796	5	0	0
12	39500001	0.757153	0.777796	5	0	0
12	40000001	0.777796	0.777796	5	0	0
12	40500001	0.805323	0.777796	5	0	0
12	41000001	0.817984	0.777796	5	0	0
12	41500001	0.777291	0.777796	5	0	0
12	42000001	0.790914	0.777796	5	0	0
12	42500001	0.752232	0.777796	5	0	0
12	43000001	0.80665	0.777796	5	0	0
12	43500001	0.750001	0.777796	5	0	0
12	44000001	0.794636	0.777796	5	0	0
12	44500001	0.83258	0.822831	5	0	0
12	45000001	0.81094	0.822831	5	0	0
12	45500001	0.804232	0.822831	5	0	0
12	46000001	0.788322	0.822831	5	0	0
12	46500001	0.830421	0.822831	5	0	0
12	47000001	0.847465	0.822831	5	0	0
12	47500001	0.815792	0.822831	5	0	0
12	48000001	0.803161	0.822831	5	0	0
12	48500001	0.802632	0.822831	5	0	0
12	49000001	0.819906	0.822831	5	0	0
12	49500001	0.829767	0.822831	5	0	0
12	50000001	0.8083	0.822831	5	0	0
12	50500001	0.779815	0.822831	5	0	0
12	51000001	0.840101	0.822831	5	0	0
12	51500001	0.808303	0.822831	5	0	0
12	52000001	0.894263	0.822831	5	0	0
12	52500001	0.872112	0.822831	5	0	0
12	53000001	0.806951	0.822831	5	0	0
12	53500001	0.810525	0.822831	5	0	0
12	54000001	0.873953	0.822831	5	0	0
12	54500001	0.776613	0.822831	5	0	0
12	55000001	0.831304	0.822831	5	0	0
12	55500001	0.836702	0.822831	5	0	0
12	56000001	0.817598	0.822831	5	0	0
12	56500001	0.853607	0.822831	5	0	0
12	57000001	0.822831	0.822831	5	0	0
12	57500001	0.838316	0.822831	5	0	0
12	58000001	0.802826	0.822831	5	0	0
12	58500001	0.794431	0.822831	5	0	0
12	59000001	0.846914	0.822831	5	0	0
12	59500001	0.770662	0.822831	5	0	0
12	60000001	0.823702	0.822831	5	0	0
12	60500001	0.811288	0.822831	5	0	0
12	61000001	0.780259	0.822831	5	0	0
12	61500001	0.743899	0.822831	5	0	0
12	62000001	0.829302	0.822831	5	0	0
12	62500001	0.86484	0.822831	5	0	0
12	63000001	0.869438	0.822831	5	0	0
12	63500001	0.817437	0.822831	5	0	0
12	64000001	0.844723	0.822831	5	0	0
12	64500001	0.829861	0.822831	5	0	0
12	65000001	0.909308	0.822831	5	0	0
12	65500001	0.824612	0.822831	5	4	0.189043
12	66000001	0.777582	0.800622	5	4	0.189043
12	66500001	0.808855	0.800622	5	4	0.189043
12	67000001	0.804343	0.800622	5	4	0.189043
12	67500001	0.784885	0.800622	5	4	0.189043
12	68000001	0.812179	0.800622	5	4	0.189043
12	68500001	0.794264	0.800622	5	4	0.189043
12	69000001	0.777008	0.800622	5	4	0.189043
12	69500001	0.802783	0.800622	5	4	0.189043
12	70000001	0.79536	0.800622	5	4	0.189043
12	70500001	0.819908	0.800622	5	4	0.189043
12	71000001	0.815389	0.800622	5	4	0.189043
12	71500001	0.806652	0.800622	5	4	0.189043
12	72000001	0.827027	0.800622	5	4	0.189043
12	72500001	0.763185	0.800622	5	4	0.189043
12	73000001	0.728842	0.800622	5	4	0.189043
12	73500001	0.82923	0.800622	5	4	0.189043
12	74000001	0.796095	0.800622	5	4	0.189043
12	74500001	0.822561	0.800622	5	4	0.189043
12	75000001	0.847696	0.800622	5	4	0.189043
12	75500001	0.836612	0.800622	5	4	0.189043
12	76000001	0.821432	0.800622	5	4	0.189043
12	76500001	0.814072	0.800622	5	4	0.189043
12	77000001	0.804809	0.800622	5	4	0.189043
12	77500001	0.799007	0.800622	5	4	0.189043
12	78000001	0.784729	0.800622	5	4	0.189043
12	78500001	0.848836	0.800622	5	4	0.189043
12	79000001	0.826678	0.800622	5	4	0.189043
12	79500001	0.79411	0.800622	5	4	0.189043
12	80000001	0.80242	0.800622	5	4	0.189043
12	80500001	0.799914	0.800622	5	4	0.189043
12	81000001	0.797027	0.800622	5	4	0.189043
12	81500001	0.878789	0.800622	5	4	0.189043
12	82000001	0.790447	0.800622	5	4	0.189043
12	82500001	0.729853	0.800622	5	4	0.189043
12	83000001	0.743791	0.800622	5	4	0.189043
12	83500001	0.771014	0.800622	5	4	0.189043
12	84000001	0.804913	0.800622	5	4	0.189043
12	84500001	0.833068	0.800622	5	4	0.189043
12	85000001	0.783088	0.800622	5	4	0.189043
12	85500001	0.801195	0.800622	5	4	0.189043
12	86000001	0.801418	0.800622	5	4	0.189043
12	86500001	0.770647	0.800622	5	4	0.189043
12	87000001	0.854363	0.800622	5	4	0.189043
12	87500001	0.809382	0.800622	5	4	0.189043
12	88000001	0.824574	0.800622	5	4	0.189043
12	88500001	0.829779	0.800622	5	4	0.189043
12	89000001	0.832977	0.800622	5	4	0.189043
12	89500001	0.866641	0.800622	5	4	0.189043
12	90000001	0.88756	0.800622	5	4	0.189043
12	90500001	0.830832	0.800622	5	4	0.189043
12	91000001	0.854312	0.800622	5	4	0.189043
12	91500001	0.789222	0.800622	5	4	0.189043
12	92000001	0.775593	0.800622	5	4	0.189043
12	92500001	0.784302	0.800622	5	4	0.189043
12	93000001	0.747736	0.800622	5	4	0.189043
12	93500001	0.806209	0.800622	5	4	0.189043
12	94000001	0.816742	0.800622	5	4	0.189043
12	94500001	0.787298	0.800622	5	4	0.189043
12	95000001	0.801413	0.800622	5	4	0.189043
12	95500001	0.785646	0.800622	5	4	0.189043
12	96000001	0.839246	0.800622	5	4	0.189043
12	96500001	0.837027	0.800622	5	4	0.189043
12	97000001	0.780816	0.800622	5	4	0.189043
12	97500001	0.778238	0.800622	5	4	0.189043
12	98000001	0.747724	0.800622	5	4	0.189043
12	98500001	0.770747	0.800622	5	4	0.189043
12	99000001	0.794404	0.800622	5	4	0.189043
12	99500001	0.789898	0.800622	5	4	0.189043
12	100000001	0.755426	0.800622	5	4	0.189043
12	100500001	0.790399	0.800622	5	4	0.189043
12	101000001	0.713395	0.800622	5	4	0.189043
12	101500001	0.735334	0.800622	5	4	0.189043
12	102000001	0.787138	0.800622	5	4	0.189043
12	102500001	0.798359	0.800622	5	4	0.189043
12	103000001	0.846548	0.800622	5	4	0.189043
12	103500001	0.842282	0.800622	5	4	0.189043
12	104000001	0.800048	0.800622	5	4	0.189043
12	104500001	0.834836	0.800622	5	4	0.189043
12	105000001	0.847716	0.800622	5	4	0.189043
12	105500001	0.804267	0.800622	5	4	0.189043
12	106000001	0.802663	0.800622	5	4	0.189043
12	106500001	0.793399	0.800622	5	4	0.189043
12	107000001	0.7739	0.800622	5	4	0.189043
12	107500001	0.760101	0.800622	5	4	0.189043
12	108000001	0.791017	0.800622	5	4	0.189043
12	108500001	0.831852	0.800622	5	4	0.189043
12	109000001	0.852667	0.800622	5	4	0.189043
12	109500001	0.862128	0.800622	5	4	0.189043
12	110000001	0.815864	0.800622	5	4	0.189043
12	110500001	0.807248	0.800622	5	4	0.189043
12	111000001	0.845004	0.800622	5	4	0.189043
12	111500001	0.769401	0.800622	5	4	0.189043
12	112000001	0.766494	0.800622	5	4	0.189043
12	112500001	0.833892	0.800622	5	4	0.189043
12	113000001	0.808997	0.800622	5	4	0.189043
12	113500001	0.831823	0.800622	5	4	0.189043
12	114000001	0.786061	0.800622	5	4	0.189043
12	114500001	0.744154	0.800622	5	4	0.189043
12	115000001	0.765208	0.800622	5	4	0.189043
12	115500001	0.759923	0.800622	5	4	0.189043
12	116000001	0.742715	0.800622	5	4	0.189043
12	116500001	0.839358	0.800622	5	4	0.189043
12	117000001	0.814763	0.800622	5	4	0.189043
12	117500001	0.776991	0.800622	5	4	0.189043
12	118000001	0.790833	0.800622	5	4	0.189043
12	118500001	0.792955	0.800622	5	4	0.189043
12	119000001	0.773722	0.800622	5	4	0.189043
12	119500001	0.787243	0.800622	5	4	0.189043
12	120000001	0.825762	0.800622	5	4	0.189043
12	120500001	0.776662	0.800622	5	0	0
12	121000001	0.833965	0.849916	5	0	0
12	121500001	0.849916	0.849916	5	0	0
12	122000001	0.837179	0.849916	5	0	0
12	122500001	0.851516	0.849916	5	0	0
12	123000001	0.857199	0.849916	5	0	0
12	123500001	0.832384	0.849916	5	0	0
12	124000001	0.902701	0.849916	5	0	0
12	124500001	0.859638	0.849916	5	0	0
12	125000001	0.835096	0.849916	5	0	0
12	125500001	0.726052	0.72187	4	0	0
12	126000001	0.72187	0.72187	4	0	0
12	126500001	0.712059	0.72187	4	0	0
12	127000001	0.716284	0.72187	4	0	0
12	127500001	0.732986	0.72187	4	0	0
12	128000001	0.719979	0.72187	4	0	0
12	128500001	0.7238	0.72187	4	0	0
12	129000001	0.795845	0.795845	5	0	0
12	129500001	0.767203	0.795845	5	0	0
12	130000001	0.775605	0.795845	5	0	0
12	130500001	0.767346	0.795845	5	0	0
12	131000001	0.837128	0.795845	5	0	0
12	131500001	0.880757	0.795845	5	0	0
12	132000001	0.920772	0.795845	5	0	0
12	132500001	0.920469	0.795845	5	0	0
12	133000001	0.44391	0.795845	5	0	0
13	1	-1	-1	-1	0	0
13	500001	-1	-1	-1	0	0
13	1000001	-1	-1	-1	0	0
13	1500001	-1	-1	-1	0	0
13	2000001	-1	-1	-1	0	0
13	2500001	-1	-1	-1	0	0
13	3000001	-1	-1	-1	0	0
13	3500001	-1	-1	-1	0	0
13	4000001	-1	-1	-1	0	0
13	4500001	-1	-1	-1	0	0
13	5000001	-1	-1	-1	0	0
13	5500001	-1	-1	-1	0	0
13	6000001	-1	-1	-1	0	0
13	6500001	-1	-1	-1	0	0
13	7000001	-1	-1	-1	0	0
13	7500001	-1	-1	-1	0	0
13	8000001	-1	-1	-1	0	0
13	8500001	-1	-1	-1	0	0
13	9000001	-1	-1	-1	0	0
13	9500001	-1	-1	-1	0	0
13	10000001	-1	-1	-1	0	0
13	10500001	-1	-1	-1	0	0
13	11000001	-1	-1	-1	0	0
13	11500001	-1	-1	-1	0	0
13	12000001	-1	-1	-1	0	0
13	12500001	-1	-1	-1	0	0
13	13000001	-1	-1	-1	0	0
13	13500001	-1	-1	-1	0	0
13	14000001	-1	-1	-1	0	0
13	14500001	-1	-1	-1	0	0
13	15000001	-1	-1	-1	0	0
13	15500001	-1	-1	-1	0	0
13	16000001	0.529722	0.529722	3	0	0
13	16500001	0.929669	0.929669	6	0	0
13	17000001	1.1896	1.1896	7	0	0
13	17500001	1.7141	1.7141	10	0	0
13	18000001	-1	-1	-1	8	0.28449
13	18500001	1.19432	1.20903	7	8	0.28449
13	19000001	1.11175	1.20903	7	8	0.28449
13	19500001	1.19152	1.20903	7	8	0.28449
13	20000001	1.22252	1.20903	7	8	0.28449
13	20500001	1.20969	1.20903	7	8	0.28449
13	21000001	1.21221	1.20903	7	8	0.28449
13	21500001	1.154	1.20903	7	8	0.28449
13	22000001	1.15986	1.20903	7	8	0.28449
13	22500001	1.12669	1.20903	7	8	0.28449
13	23000001	1.15207	1.20903	7	8	0.28449
13	23500001	1.18589	1.20903	7	8	0.28449
13	24000001	1.2178	1.20903	7	8	0.28449
13	24500001	1.19103	1.20903	7	8	0.28449
13	25000001	1.19066	1.20903	7	8	0.28449
13	25500001	1.17809	1.20903	7	8	0.28449
13	26000001	1.16701	1.20903	7	8	0.28449
13	26500001	1.23483	1.20903	7	8	0.28449
13	27000001	1.217	1.20903	7	8	0.28449
13	27500001	1.23946	1.20903	7	8	0.28449
13	28000001	1.18096	1.20903	7	8	0.28449
13	28500001	1.18282	1.20903	7	8	0.28449
13	29000001	1.17325	1.20903	7	8	0.28449
13	29500001	1.22859	1.20903	7	8	0.28449
13	30000001	1.26012	1.20903	7	8	0.28449
13	30500001	1.24118	1.20903	7	8	0.28449
13	31000001	1.23409	1.20903	7	8	0.28449
13	31500001	1.21592	1.20903	7	8	0.28449
13	32000001	1.24024	1.20903	7	8	0.28449
13	32500001	1.18096	1.20903	7	8	0.28449
13	33000001	1.27434	1.20903	7	8	0.28449
13	33500001	1.22899	1.20903	7	8	0.28449
13	34000001	1.17979	1.20903	7	8	0.28449
13	34500001	1.17826	1.20903	7	8	0.28449
13	35000001	1.27718	1.20903	7	8	0.28449
13	35500001	1.17378	1.20903	7	8	0.28449
13	36000001	1.21135	1.20903	7	8	0.28449
13	36500001	1.1668	1.20903	7	8	0.28449
13	37000001	1.23048	1.20903	7	8	0.28449
13	37500001	1.3023	1.20903	7	8	0.28449
13	38000001	1.2016	1.20903	7	8	0.28449
13	38500001	1.18846	1.20903	7	8	0.28449
13	39000001	1.23876	1.20903	7	8	0.28449
13	39500001	1.2276	1.20903	7	8	0.28449
13	40000001	1.20964	1.20903	7	8	0.28449
13	40500001	1.16727	1.20903	7	8	0.28449
13	41000001	1.20487	1.20903	7	8	0.28449
13	41500001	1.23706	1.20903	7	8	0.28449
13	42000001	1.20949	1.20903	7	8	0.28449
13	42500001	1.23443	1.20903	7	8	0.28449
13	43000001	1.26975	1.20903	7	8	0.28449
13	43500001	1.27238	1.20903	7	8	0.28449
13	44000001	1.24154	1.20903	7	8	0.28449
13	44500001	1.25041	1.20903	7	8	0.28449
13	45000001	1.20559	1.20903	7	8	0.28449
13	45500001	1.24267	1.20903	7	8	0.28449
13	46000001	1.20715	1.20903	7	8	0.28449
13	46500001	1.20697	1.20903	7	8	0.28449
13	47000001	1.17397	1.20903	7	8	0.28449
13	47500001	1.20617	1.20903	7	8	0.28449
13	48000001	1.22701	1.20903	7	8	0.28449
13	48500001	1.19738	1.20903	7	8	0.28449
13	49000001	1.27864	1.20903	7	8	0.28449
13	49500001	1.23993	1.20903	7	8	0.28449
13	50000001	1.22941	1.20903	7	8	0.28449
13	50500001	1.23196	1.20903	7	8	0.28449
13	51000001	1.19806	1.20903	7	8	0.28449
13	51500001	1.25547	1.20903	7	8	0.28449
13	52000001	1.19971	1.20903	7	8	0.28449
13	52500001	1.18542	1.20903	7	8	0.28449
13	53000001	1.13081	1.20903	7	8	0.28449
13	53500001	1.17877	1.20903	7	8	0.28449
13	54000001	1.17126	1.20903	7	8	0.28449
13	54500001	1.14259	1.20903	7	8	0.28449
13	55000001	1.1688	1.20903	7	8	0.28449
13	55500001	1.17347	1.20903	7	8	0.28449
13	56000001	1.19305	1.20903	7	8	0.28449
13	56500001	1.25912	1.20903	7	8	0.28449
13	57000001	1.37276	1.20903	7	8	0.28449
13	57500001	1.19863	1.20903	7	8	0.28449
13	58000001	1.22826	1.20903	7	8	0.28449
13	58500001	1.17663	1.20903	7	8	0.28449
13	59000001	1.20095	1.20903	7	8	0.28449
13	59500001	1.25742	1.20903	7	8	0.28449
13	60000001	1.2244	1.20903	7	8	0.28449
13	60500001	1.19024	1.20903	7	8	0.28449
13	61000001	1.21576	1.20903	7	8	0.28449
13	61500001	1.23768	1.20903	7	8	0.28449
13	62000001	1.22465	1.20903	7	8	0.28449
13	62500001	1.29283	1.20903	7	8	0.28449
13	63000001	1.26185	1.20903	7	8	0.28449
13	63500001	1.20897	1.20903	7	8	0.28449
13	64000001	1.33702	1.20903	7	8	0.28449
13	64500001	1.29877	1.20903	7	8	0.28449
13	65000001	1.20879	1.20903	7	8	0.28449
13	65500001	1.23926	1.20903	7	8	0.28449
13	66000001	1.18352	1.20903	7	8	0.28449
13	66500001	1.24644	1.20903	7	8	0.28449
13	67000001	1.15945	1.20903	7	8	0.28449
13	67500001	1.18863	1.20903	7	8	0.28449
13	68000001	1.20903	1.20903	7	8	0.28449
13	68500001	1.23653	1.20903	7	8	0.28449
13	69000001	1.19589	1.20903	7	8	0.28449
13	69500001	1.22895	1.20903	7	8	0.28449
13	70000001	1.22187	1.20903	7	8	0.28449
13	70500001	1.27589	1.20903	7	8	0.28449
13	71000001	1.34259	1.20903	7	8	0.28449
13	71500001	1.28298	1.20903	7	8	0.28449
13	72000001	1.19717	1.20903	7	8	0.28449
13	72500001	1.23478	1.20903	7	8	0.28449
13	73000001	1.20891	1.20903	7	8	0.28449
13	73500001	1.21519	1.20903	7	8	0.28449
13	74000001	1.25111	1.20903	7	8	0.28449
13	74500001	1.23254	1.20903	7	8	0.28449
13	75000001	1.30977	1.20903	7	8	0.28449
13	75500001	1.32678	1.20903	7	8	0.28449
13	76000001	1.26413	1.20903	7	8	0.28449
13	76500001	1.22117	1.20903	7	8	0.28449
13	77000001	1.26011	1.20903	7	8	0.28449
13	77500001	1.26571	1.20903	7	8	0.28449
13	78000001	1.21326	1.20903	7	8	0.28449
13	78500001	1.17824	1.20903	7	8	0.28449
13	79000001	1.21592	1.20903	7	8	0.28449
13	79500001	1.24885	1.20903	7	8	0.28449
13	80000001	1.19864	1.20903	7	8	0.28449
13	80500001	1.21746	1.20903	7	8	0.28449
13	81000001	1.21321	1.20903	7	8	0.28449
13	81500001	1.1979	1.20903	7	8	0.28449
13	82000001	1.11881	1.20903	7	8	0.28449
13	82500001	1.20878	1.20903	7	8	0.28449
13	83000001	1.23711	1.20903	7	8	0.28449
13	83500001	1.22626	1.20903	7	8	0.28449
13	84000001	1.16747	1.20903	7	8	0.28449
13	84500001	1.14384	1.20903	7	8	0.28449
13	85000001	1.16822	1.20903	7	8	0.28449
13	85500001	1.2211	1.20903	7	8	0.28449
13	86000001	1.15165	1.20903	7	8	0.28449
13	86500001	1.18514	1.20903	7	8	0.28449
13	87000001	1.20606	1.20903	7	8	0.28449
13	87500001	1.21226	1.20903	7	8	0.28449
13	88000001	1.16941	1.20903	7	8	0.28449
13	88500001	1.19731	1.20903	7	8	0.28449
13	89000001	1.18326	1.20903	7	8	0.28449
13	89500001	1.16388	1.20903	7	8	0.28449
13	90000001	1.20673	1.20903	7	8	0.28449
13	90500001	1.22333	1.20903	7	8	0.28449
13	91000001	1.17752	1.20903	7	8	0.28449
13	91500001	1.18431	1.20903	7	8	0.28449
13	92000001	1.16862	1.20903	7	8	0.28449
13	92500001	1.19667	1.20903	7	8	0.28449
13	93000001	1.20382	1.20903	7	8	0.28449
13	93500001	1.18927	1.20903	7	8	0.28449
13	94000001	1.21595	1.20903	7	8	0.28449
13	94500001	1.17393	1.20903	7	8	0.28449
13	95000001	1.18183	1.20903	7	8	0.28449
13	95500001	1.19857	1.20903	7	8	0.28449
13	96000001	1.1817	1.20903	7	8	0.28449
13	96500001	1.24799	1.20903	7	8	0.28449
13	97000001	1.28145	1.20903	7	8	0.28449
13	97500001	1.21618	1.20903	7	8	0.28449
13	98000001	1.15995	1.20903	7	8	0.28449
13	98500001	1.2936	1.20903	7	8	0.28449
13	99000001	1.20182	1.20903	7	8	0.28449
13	99500001	1.18819	1.20903	7	8	0.28449
13	100000001	1.17779	1.20903	7	8	0.28449
13	100500001	1.15124	1.20903	7	8	0.28449
13	101000001	1.22522	1.20903	7	8	0.28449
13	101500001	1.23091	1.20903	7	8	0.28449
13	102000001	1.21571	1.20903	7	8	0.28449
13	102500001	1.17607	1.20903	7	8	0.28449
13	103000001	1.17397	1.20903	7	8	0.28449
13	103500001	1.26375	1.20903	7	8	0.28449
13	104000001	1.20051	1.20903	7	8	0.28449
13	104500001	1.20731	1.20903	7	8	0.28449
13	105000001	1.20516	1.20903	7	8	0.28449
13	105500001	1.2116	1.20903	7	8	0.28449
13	106000001	1.18907	1.20903	7	8	0.28449
13	106500001	1.19522	1.20903	7	8	0.28449
13	107000001	1.14779	1.20903	7	8	0.28449
13	107500001	1.17748	1.20903	7	8	0.28449
13	108000001	1.21014	1.20903	7	8	0.28449
13	108500001	1.22207	1.20903	7	8	0.28449
13	109000001	1.29655	1.20903	7	8	0.28449
13	109500001	1.23116	1.20903	7	8	0.28449
13	110000001	1.28952	1.20903	7	8	0.28449
13	110500001	1.24136	1.20903	7	8	0.28449
13	111000001	1.20886	1.20903	7	8	0.28449
13	111500001	-1	1.20903	7	8	0.28449
13	112000001	1.18622	1.20903	7	8	0.28449
13	112500001	1.31555	1.20903	7	8	0.28449
13	113000001	1.31146	1.20903	7	8	0.28449
13	113500001	1.44838	1.20903	7	8	0.28449
13	114000001	0.935642	1.20903	7	8	0.28449
14	1	-1	-1	-1	0	0
14	500001	-1	-1	-1	0	0
14	1000001	-1	-1	-1	0	0
14	1500001	-1	-1	-1	0	0
14	2000001	-1	-1	-1	0	0
14	2500001	-1	-1	-1	0	0
14	3000001	-1	-1	-1	0	0
14	3500001	-1	-1	-1	0	0
14	4000001	-1	-1	-1	0	0
14	4500001	-1	-1	-1	0	0
14	5000001	-1	-1	-1	0	0
14	5500001	-1	-1	-1	0	0
14	6000001	-1	-1	-1	0	0
14	6500001	-1	-1	-1	0	0
14	7000001	-1	-1	-1	0	0
14	7500001	-1	-1	-1	0	0
14	8000001	-1	-1	-1	0	0
14	8500001	-1	-1	-1	0	0
14	9000001	-1	-1	-1	0	0
14	9500001	-1	-1	-1	0	0
14	10000001	-1	-1	-1	0	0
14	10500001	-1	-1	-1	0	0
14	11000001	-1	-1	-1	0	0
14	11500001	-1	-1	-1	0	0
14	12000001	-1	-1	-1	0	0
14	12500001	-1	-1	-1	0	0
14	13000001	-1	-1	-1	0	0
14	13500001	-1	-1	-1	0	0
14	14000001	-1	-1	-1	0	0
14	14500001	-1	-1	-1	0	0
14	15000001	-1	-1	-1	0	0
14	15500001	-1	-1	-1	0	0
14	16000001	0.563503	0.563503	3	0	0
14	16500001	0.778334	0.872632	5	0	0
14	17000001	0.96693	0.872632	5	0	0
14	17500001	1.46583	1.50082	9	0	0
14	18000001	1.5358	1.50082	9	0	0
14	18500001	-1	-1	-1	0	0
14	19000001	1.84112	1.84112	11	0	0
14	19500001	-1	-1	-1	0	0
14	20000001	0.912886	0.989655	6	0	0
14	20500001	0.99533	0.989655	6	0	0
14	21000001	0.981598	0.989655	6	0	0
14	21500001	1.01583	0.989655	6	0	0
14	22000001	0.998617	0.989655	6	0	0
14	22500001	1.02669	0.989655	6	0	0
14	23000001	1.05575	0.989655	6	0	0
14	23500001	0.968536	0.989655	6	0	0
14	24000001	1.06457	0.989655	6	0	0
14	24500001	0.965729	0.989655	6	0	0
14	25000001	0.962142	0.989655	6	0	0
14	25500001	0.948733	0.989655	6	0	0
14	26000001	0.941643	0.989655	6	0	0
14	26500001	0.947032	0.989655	6	0	0
14	27000001	0.983335	0.989655	6	0	0
14	27500001	0.982717	0.989655	6	0	0
14	28000001	0.964458	0.989655	6	0	0
14	28500001	1.00089	0.989655	6	0	0
14	29000001	0.970257	0.989655	6	0	0
14	29500001	0.950928	0.989655	6	0	0
14	30000001	1.00438	0.989655	6	0	0
14	30500001	1.02179	0.989655	6	0	0
14	31000001	0.940434	0.989655	6	0	0
14	31500001	0.981696	0.989655	6	0	0
14	32000001	1.03042	0.989655	6	0	0
14	32500001	1.02593	0.989655	6	0	0
14	33000001	1.03025	0.989655	6	0	0
14	33500001	0.96155	0.989655	6	0	0
14	34000001	0.991331	0.989655	6	0	0
14	34500001	0.975147	0.989655	6	0	0
14	35000001	1.04314	0.989655	6	0	0
14	35500001	1.00577	0.989655	6	0	0
14	36000001	0.985665	0.989655	6	0	0
14	36500001	0.939628	0.989655	6	0	0
14	37000001	0.990191	0.989655	6	0	0
14	37500001	0.955552	0.989655	6	0	0
14	38000001	0.975243	0.989655	6	0	0
14	38500001	0.982695	0.989655	6	0	0
14	39000001	1.03248	0.989655	6	0	0
14	39500001	1.02681	0.989655	6	0	0
14	40000001	0.957806	0.989655	6	0	0
14	40500001	0.988528	0.989655	6	0	0
14	41000001	0.998267	0.989655	6	0	0
14	41500001	1.01919	0.989655	6	0	0
14	42000001	1.00412	0.989655	6	0	0
14	42500001	0.973619	0.989655	6	0	0
14	43000001	1.01647	0.989655	6	0	0
14	43500001	0.948759	0.989655	6	0	0
14	44000001	0.977327	0.989655	6	0	0
14	44500001	0.941924	0.989655	6	0	0
14	45000001	0.935009	0.989655	6	0	0
14	45500001	0.967258	0.989655	6	0	0
14	46000001	0.956808	0.989655	6	0	0
14	46500001	0.978644	0.989655	6	0	0
14	47000001	0.973851	0.989655	6	0	0
14	47500001	0.924142	0.989655	6	0	0
14	48000001	1.00924	0.989655	6	0	0
14	48500001	1.00381	0.989655	6	0	0
14	49000001	1.02223	0.989655	6	0	0
14	49500001	0.993618	0.989655	6	0	0
14	50000001	0.983627	0.989655	6	0	0
14	50500001	1.0135	0.989655	6	0	0
14	51000001	1.03725	0.989655	6	0	0
14	51500001	1.04994	0.989655	6	0	0
14	52000001	1.01742	0.989655	6	0	0
14	52500001	1.02586	0.989655	6	0	0
14	53000001	1.05455	0.989655	6	0	0
14	53500001	0.989119	0.989655	6	0	0
14	54000001	1.03603	0.989655	6	0	0
14	54500001	1.02241	0.989655	6	0	0
14	55000001	1.00424	0.989655	6	0	0
14	55500001	1.00505	0.989655	6	0	0
14	56000001	0.933551	0.924623	6	0	0
14	56500001	0.924623	0.924623	6	0	0
14	57000001	0.908086	0.924623	6	0	0
14	57500001	0.747351	0.924623	6	0	0
14	58000001	0.890518	0.924623	6	0	0
14	58500001	1.01611	0.924623	6	0	0
14	59000001	1.02005	0.924623	6	4	0.458239
14	59500001	0.807104	0.754935	5	4	0.458239
14	60000001	0.786702	0.754935	5	4	0.458239
14	60500001	0.748382	0.754935	5	4	0.458239
14	61000001	0.828794	0.754935	5	4	0.458239
14	61500001	0.812178	0.754935	5	4	0.458239
14	62000001	0.764423	0.754935	5	4	0.458239
14	62500001	0.774262	0.754935	5	4	0.458239
14	63000001	0.714639	0.754935	5	4	0.458239
14	63500001	0.773659	0.754935	5	4	0.458239
14	64000001	0.767937	0.754935	5	4	0.458239
14	64500001	0.732804	0.754935	5	4	0.458239
14	65000001	0.737655	0.754935	5	4	0.458239
14	65500001	0.769466	0.754935	5	4	0.458239
14	66000001	0.751115	0.754935	5	4	0.458239
14	66500001	0.766857	0.754935	5	4	0.458239
14	67000001	0.748197	0.754935	5	4	0.458239
14	67500001	0.787566	0.754935	5	4	0.458239
14	68000001	0.802238	0.754935	5	4	0.458239
14	68500001	0.826201	0.754935	5	4	0.458239
14	69000001	0.757557	0.754935	5	4	0.458239
14	69500001	0.757906	0.754935	5	4	0.458239
14	70000001	0.737773	0.754935	5	4	0.458239
14	70500001	0.785828	0.754935	5	4	0.458239
14	71000001	0.729558	0.754935	5	4	0.458239
14	71500001	0.727359	0.754935	5	4	0.458239
14	72000001	0.758348	0.754935	5	4	0.458239
14	72500001	0.770593	0.754935	5	4	0.458239
14	73000001	0.763215	0.754935	5	4	0.458239
14	73500001	0.751608	0.754935	5	4	0.458239
14	74000001	0.787737	0.754935	5	4	0.458239
14	74500001	0.808075	0.754935	5	4	0.458239
14	75000001	0.78164	0.754935	5	4	0.458239
14	75500001	0.767409	0.754935	5	4	0.458239
14	76000001	0.73442	0.754935	5	4	0.458239
14	76500001	0.771833	0.754935	5	4	0.458239
14	77000001	0.781567	0.754935	5	4	0.458239
14	77500001	0.72977	0.754935	5	4	0.458239
14	78000001	0.707006	0.754935	5	4	0.458239
14	78500001	0.727056	0.754935	5	4	0.458239
14	79000001	0.713949	0.754935	5	4	0.458239
14	79500001	0.729232	0.754935	5	4	0.458239
14	80000001	0.742549	0.754935	5	4	0.458239
14	80500001	0.816675	0.754935	5	4	0.458239
14	81000001	0.740929	0.754935	5	4	0.458239
14	81500001	0.69064	0.754935	5	4	0.458239
14	82000001	0.71474	0.754935	5	4	0.458239
14	82500001	0.769426	0.754935	5	4	0.458239
14	83000001	0.749144	0.754935	5	4	0.458239
14	83500001	0.720939	0.754935	5	4	0.458239
14	84000001	0.738339	0.754935	5	4	0.458239
14	84500001	0.727065	0.754935	5	4	0.458239
14	85000001	0.770881	0.754935	5	4	0.458239
14	85500001	0.759243	0.754935	5	4	0.458239
14	86000001	0.701925	0.754935	5	4	0.458239
14	86500001	0.718505	0.754935	5	4	0.458239
14	87000001	0.727491	0.754935	5	4	0.458239
14	87500001	0.699274	0.754935	5	4	0.458239
14	88000001	0.732468	0.754935	5	4	0.458239
14	88500001	0.698663	0.754935	5	4	0.458239
14	89000001	0.741356	0.754935	5	4	0.458239
14	89500001	0.750312	0.754935	5	4	0.458239
14	90000001	0.760311	0.754935	5	4	0.458239
14	90500001	0.789889	0.754935	5	4	0.458239
14	91000001	0.736445	0.754935	5	4	0.458239
14	91500001	0.730339	0.754935	5	4	0.458239
14	92000001	0.713943	0.754935	5	4	0.458239
14	92500001	0.782261	0.754935	5	4	0.458239
14	93000001	0.713591	0.754935	5	4	0.458239
14	93500001	0.775152	0.754935	5	4	0.458239
14	94000001	0.75677	0.754935	5	4	0.458239
14	94500001	0.780271	0.754935	5	4	0.458239
14	95000001	0.766014	0.754935	5	4	0.458239
14	95500001	0.7726	0.754935	5	4	0.458239
14	96000001	0.755824	0.754935	5	4	0.458239
14	96500001	0.710783	0.754935	5	4	0.458239
14	97000001	0.70834	0.754935	5	4	0.458239
14	97500001	0.741128	0.754935	5	4	0.458239
14	98000001	0.690169	0.754935	5	4	0.458239
14	98500001	0.696152	0.754935	5	4	0.458239
14	99000001	0.753787	0.754935	5	4	0.458239
14	99500001	0.82979	0.754935	5	4	0.458239
14	100000001	0.79931	0.754935	5	4	0.458239
14	100500001	0.790227	0.754935	5	4	0.458239
14	101000001	0.737036	0.754935	5	4	0.458239
14	101500001	0.754045	0.754935	5	4	0.458239
14	102000001	0.762038	0.754935	5	4	0.458239
14	102500001	0.796042	0.754935	5	4	0.458239
14	103000001	0.812621	0.754935	5	0	0
14	103500001	0.830169	0.875429	5	0	0
14	104000001	0.896971	0.875429	5	0	0
14	104500001	0.92676	0.875429	5	0	0
14	105000001	1.00834	0.875429	5	0	0
14	105500001	0.853888	0.875429	5	0	0
14	106000001	0.812263	0.875429	5	0	0
14	106500001	-1	-1	-1	0	0
14	107000001	-1	-1	-1	0	0
15	1	-1	-1	-1	0	0
15	500001	-1	-1	-1	0	0
15	1000001	-1	-1	-1	0	0
15	1500001	-1	-1	-1	0	0
15	2000001	-1	-1	-1	0	0
15	2500001	-1	-1	-1	0	0
15	3000001	-1	-1	-1	0	0
15	3500001	-1	-1	-1	0	0
15	4000001	-1	-1	-1	0	0
15	4500001	-1	-1	-1	0	0
15	5000001	-1	-1	-1	0	0
15	5500001	-1	-1	-1	0	0
15	6000001	-1	-1	-1	0	0
15	6500001	-1	-1	-1	0	0
15	7000001	-1	-1	-1	0	0
15	7500001	-1	-1	-1	0	0
15	8000001	-1	-1	-1	0	0
15	8500001	-1	-1	-1	0	0
15	9000001	-1	-1	-1	0	0
15	9500001	-1	-1	-1	0	0
15	10000001	-1	-1	-1	0	0
15	10500001	-1	-1	-1	0	0
15	11000001	-1	-1	-1	0	0
15	11500001	-1	-1	-1	0	0
15	12000001	-1	-1	-1	0	0
15	12500001	-1	-1	-1	0	0
15	13000001	-1	-1	-1	0	0
15	13500001	-1	-1	-1	0	0
15	14000001	-1	-1	-1	0	0
15	14500001	-1	-1	-1	0	0
15	15000001	-1	-1	-1	0	0
15	15500001	-1	-1	-1	0	0
15	16000001	-1	-1	-1	0	0
15	16500001	-1	-1	-1	0	0
15	17000001	0.432768	0.432768	3	0	0
15	17500001	0.666869	0.768497	5	0	0
15	18000001	0.870125	0.768497	5	0	0
15	18500001	1.29635	1.256	8	0	0
15	19000001	1.21564	1.256	8	0	0
15	19500001	1.02098	1.256	8	0	0
15	20000001	1.49373	1.256	8	0	0
15	20500001	1.00685	0.971655	6	0	0
15	21000001	0.936458	0.971655	6	0	0
15	21500001	0.327602	0.327602	2	0	0
15	22000001	0.610399	0.706196	4	0	0
15	22500001	0.746046	0.706196	4	0	0
15	23000001	0.799774	0.706196	4	0	0
15	23500001	0.706196	0.706196	4	0	0
15	24000001	0.857625	0.706196	4	0	0
15	24500001	0.720873	0.706196	4	0	0
15	25000001	0.656875	0.706196	4	0	0
15	25500001	0.674754	0.706196	4	0	0
15	26000001	0.671737	0.706196	4	0	0
15	26500001	0.702818	0.706196	4	0	0
15	27000001	0.701857	0.706196	4	0	0
15	27500001	0.706129	0.706196	4	0	0
15	28000001	0.716412	0.706196	4	0	0
15	28500001	0.745501	0.706196	4	0	0
15	29000001	0.723172	0.706196	4	4	0.407575
15	29500001	0.783819	0.763977	5	4	0.407575
15	30000001	0.710089	0.763977	5	4	0.407575
15	30500001	0.802736	0.763977	5	4	0.407575
15	31000001	0.794729	0.763977	5	4	0.407575
15	31500001	0.750711	0.763977	5	4	0.407575
15	32000001	0.696337	0.763977	5	4	0.407575
15	32500001	0.793795	0.763977	5	4	0.407575
15	33000001	0.791541	0.763977	5	4	0.407575
15	33500001	0.72779	0.763977	5	4	0.407575
15	34000001	0.730686	0.763977	5	4	0.407575
15	34500001	0.728063	0.763977	5	4	0.407575
15	35000001	0.77595	0.763977	5	4	0.407575
15	35500001	0.76763	0.763977	5	4	0.407575
15	36000001	0.7591	0.763977	5	4	0.407575
15	36500001	0.760211	0.763977	5	4	0.407575
15	37000001	0.760576	0.763977	5	4	0.407575
15	37500001	0.765893	0.763977	5	4	0.407575
15	38000001	0.804835	0.763977	5	4	0.407575
15	38500001	0.822498	0.763977	5	4	0.407575
15	39000001	0.805073	0.763977	5	4	0.407575
15	39500001	0.819865	0.763977	5	4	0.407575
15	40000001	0.846728	0.763977	5	4	0.407575
15	40500001	0.807983	0.763977	5	4	0.407575
15	41000001	0.772647	0.763977	5	4	0.407575
15	41500001	0.799601	0.763977	5	4	0.407575
15	42000001	0.794091	0.763977	5	4	0.407575
15	42500001	0.770347	0.763977	5	4	0.407575
15	43000001	0.800898	0.763977	5	4	0.407575
15	43500001	0.766773	0.763977	5	4	0.407575
15	44000001	0.780922	0.763977	5	4	0.407575
15	44500001	0.751203	0.763977	5	4	0.407575
15	45000001	0.778431	0.763977	5	4	0.407575
15	45500001	0.717349	0.763977	5	4	0.407575
15	46000001	0.758386	0.763977	5	4	0.407575
15	46500001	0.748957	0.763977	5	4	0.407575
15	47000001	0.704067	0.763977	5	4	0.407575
15	47500001	0.733535	0.763977	5	4	0.407575
15	48000001	0.755218	0.763977	5	4	0.407575
15	48500001	0.796094	0.763977	5	4	0.407575
15	49000001	0.751522	0.763977	5	4	0.407575
15	49500001	0.795604	0.763977	5	4	0.407575
15	50000001	0.749476	0.763977	5	4	0.407575
15	50500001	0.765423	0.763977	5	4	0.407575
15	51000001	0.780928	0.763977	5	4	0.407575
15	51500001	0.820583	0.763977	5	4	0.407575
15	52000001	0.78647	0.763977	5	4	0.407575
15	52500001	0.746922	0.763977	5	4	0.407575
15	53000001	0.734844	0.763977	5	4	0.407575
15	53500001	0.710874	0.763977	5	4	0.407575
15	54000001	0.750099	0.763977	5	4	0.407575
15	54500001	0.750023	0.763977	5	4	0.407575
15	55000001	0.748129	0.763977	5	4	0.407575
15	55500001	0.771335	0.763977	5	4	0.407575
15	56000001	0.829129	0.763977	5	4	0.407575
15	56500001	0.784955	0.763977	5	4	0.407575
15	57000001	0.705307	0.763977	5	4	0.407575
15	57500001	0.778041	0.763977	5	4	0.407575
15	58000001	0.755914	0.763977	5	4	0.407575
15	58500001	0.769971	0.763977	5	4	0.407575
15	59000001	0.763221	0.763977	5	4	0.407575
15	59500001	0.735123	0.763977	5	4	0.407575
15	60000001	0.771365	0.763977	5	4	0.407575
15	60500001	0.764646	0.763977	5	4	0.407575
15	61000001	0.696569	0.763977	5	4	0.407575
15	61500001	0.73537	0.763977	5	4	0.407575
15	62000001	0.743843	0.763977	5	4	0.407575
15	62500001	0.799768	0.763977	5	4	0.407575
15	63000001	0.76175	0.763977	5	4	0.407575
15	63500001	0.754873	0.763977	5	4	0.407575
15	64000001	0.77654	0.763977	5	4	0.407575
15	64500001	0.786587	0.763977	5	4	0.407575
15	65000001	0.75988	0.763977	5	4	0.407575
15	65500001	0.747257	0.763977	5	4	0.407575
15	66000001	0.782278	0.763977	5	4	0.407575
15	66500001	0.799551	0.763977	5	4	0.407575
15	67000001	0.791058	0.763977	5	4	0.407575
15	67500001	0.732398	0.763977	5	4	0.407575
15	68000001	0.751098	0.763977	5	4	0.407575
15	68500001	0.772127	0.763977	5	4	0.407575
15	69000001	0.780411	0.763977	5	4	0.407575
15	69500001	0.807414	0.763977	5	4	0.407575
15	70000001	0.780428	0.763977	5	4	0.407575
15	70500001	0.815768	0.763977	5	4	0.407575
15	71000001	0.781741	0.763977	5	4	0.407575
15	71500001	0.788634	0.763977	5	4	0.407575
15	72000001	0.726736	0.763977	5	4	0.407575
15	72500001	0.75931	0.763977	5	4	0.407575
15	73000001	0.757015	0.763977	5	4	0.407575
15	73500001	0.773378	0.763977	5	4	0.407575
15	74000001	0.803929	0.763977	5	4	0.407575
15	74500001	0.796158	0.763977	5	4	0.407575
15	75000001	0.805374	0.763977	5	4	0.407575
15	75500001	0.777091	0.763977	5	4	0.407575
15	76000001	0.760078	0.763977	5	4	0.407575
15	76500001	0.782868	0.763977	5	4	0.407575
15	77000001	0.770774	0.763977	5	4	0.407575
15	77500001	0.821457	0.763977	5	4	0.407575
15	78000001	0.790793	0.763977	5	4	0.407575
15	78500001	0.773627	0.763977	5	4	0.407575
15	79000001	0.788046	0.763977	5	4	0.407575
15	79500001	0.743672	0.763977	5	4	0.407575
15	80000001	0.784378	0.763977	5	4	0.407575
15	80500001	0.768838	0.763977	5	4	0.407575
15	81000001	0.742843	0.763977	5	4	0.407575
15	81500001	0.70779	0.763977	5	4	0.407575
15	82000001	0.809065	0.763977	5	4	0.407575
15	82500001	0.752476	0.763977	5	4	0.407575
15	83000001	0.756857	0.763977	5	4	0.407575
15	83500001	0.761493	0.763977	5	4	0.407575
15	84000001	0.706535	0.763977	5	4	0.407575
15	84500001	0.807667	0.763977	5	4	0.407575
15	85000001	0.747173	0.763977	5	4	0.407575
15	85500001	0.744169	0.763977	5	4	0.407575
15	86000001	0.734087	0.763977	5	4	0.407575
15	86500001	0.741438	0.763977	5	4	0.407575
15	87000001	0.718974	0.763977	5	4	0.407575
15	87500001	0.748043	0.763977	5	4	0.407575
15	88000001	0.712923	0.763977	5	4	0.407575
15	88500001	0.775525	0.763977	5	4	0.407575
15	89000001	0.753369	0.763977	5	4	0.407575
15	89500001	0.793276	0.763977	5	4	0.407575
15	90000001	0.870009	0.763977	5	4	0.407575
15	90500001	0.801466	0.763977	5	4	0.407575
15	91000001	0.734022	0.763977	5	4	0.407575
15	91500001	0.766935	0.763977	5	4	0.407575
15	92000001	0.749382	0.763977	5	4	0.407575
15	92500001	0.763977	0.763977	5	4	0.407575
15	93000001	0.737086	0.763977	5	4	0.407575
15	93500001	0.745268	0.763977	5	4	0.407575
15	94000001	0.72383	0.763977	5	4	0.407575
15	94500001	0.713668	0.763977	5	4	0.407575
15	95000001	0.669763	0.763977	5	4	0.407575
15	95500001	0.762529	0.763977	5	4	0.407575
15	96000001	0.761376	0.763977	5	4	0.407575
15	96500001	0.772551	0.763977	5	4	0.407575
15	97000001	0.731847	0.763977	5	4	0.407575
15	97500001	0.725796	0.763977	5	4	0.407575
15	98000001	0.720636	0.763977	5	4	0.407575
15	98500001	0.769325	0.763977	5	4	0.407575
15	99000001	0.738922	0.763977	5	4	0.407575
15	99500001	0.734371	0.763977	5	4	0.407575
15	100000001	0.755431	0.763977	5	4	0.407575
15	100500001	0.752286	0.763977	5	4	0.407575
15	101000001	0.804159	0.763977	5	4	0.407575
15	101500001	0.923556	0.763977	5	4	0.407575
16	1	0.959058	0.975282	6	0	0
16	500001	1.26604	0.975282	6	0	0
16	1000001	1.25224	0.975282	6	0	0
16	1500001	0.946711	0.975282	6	0	0
16	2000001	0.990802	0.975282	6	0	0
16	2500001	0.959762	0.975282	6	0	0
16	3000001	0.900562	0.815127	5	0	0
16	3500001	0.899916	0.815127	5	0	0
16	4000001	0.918817	0.815127	5	0	0
16	4500001	0.89428	0.815127	5	0	0
16	5000001	0.840528	0.815127	5	0	0
16	5500001	0.787068	0.815127	5	0	0
16	6000001	0.757647	0.815127	5	0	0
16	6500001	0.722653	0.815127	5	0	0
16	7000001	0.715461	0.815127	5	0	0
16	7500001	0.773003	0.815127	5	0	0
16	8000001	0.804019	0.815127	5	0	0
16	8500001	0.831095	0.815127	5	0	0
16	9000001	0.808487	0.815127	5	0	0
16	9500001	0.758025	0.815127	5	0	0
16	10000001	0.814591	0.815127	5	0	0
16	10500001	0.848109	0.815127	5	0	0
16	11000001	0.900646	0.815127	5	0	0
16	11500001	0.842542	0.815127	5	0	0
16	12000001	0.819155	0.815127	5	0	0
16	12500001	0.778417	0.815127	5	0	0
16	13000001	0.804871	0.815127	5	0	0
16	13500001	0.794783	0.815127	5	0	0
16	14000001	0.828877	0.815127	5	0	0
16	14500001	0.897454	0.815127	5	0	0
16	15000001	0.827886	0.815127	5	0	0
16	15500001	0.850631	0.815127	5	0	0
16	16000001	1.02599	0.815127	5	0	0
16	16500001	0.815664	0.815127	5	0	0
16	17000001	0.776927	0.815127	5	0	0
16	17500001	0.747549	0.815127	5	0	0
16	18000001	0.8091	0.815127	5	0	0
16	18500001	0.806668	0.815127	5	0	0
16	19000001	0.813367	0.815127	5	0	0
16	19500001	0.81209	0.815127	5	0	0
16	20000001	0.812349	0.815127	5	0	0
16	20500001	0.844406	0.815127	5	0	0
16	21000001	0.887385	0.815127	5	0	0
16	21500001	1.0105	0.815127	5	0	0
16	22000001	0.886924	0.815127	5	0	0
16	22500001	1.02576	0.815127	5	0	0
16	23000001	0.755169	0.815127	5	0	0
16	23500001	0.809783	0.815127	5	0	0
16	24000001	0.847286	0.815127	5	0	0
16	24500001	0.795651	0.815127	5	0	0
16	25000001	0.797439	0.815127	5	0	0
16	25500001	0.7797	0.815127	5	0	0
16	26000001	0.796826	0.815127	5	0	0
16	26500001	0.766373	0.815127	5	0	0
16	27000001	0.836083	0.815127	5	0	0
16	27500001	0.854206	0.815127	5	0	0
16	28000001	0.900163	0.815127	5	0	0
16	28500001	0.818138	0.815127	5	0	0
16	29000001	0.885536	0.815127	5	0	0
16	29500001	0.827691	0.815127	5	0	0
16	30000001	0.851695	0.815127	5	0	0
16	30500001	0.900324	0.815127	5	0	0
16	31000001	0.843636	0.815127	5	0	0
16	31500001	0.794119	0.815127	5	0	0
16	32000001	0.692883	0.815127	5	0	0
16	32500001	0.666498	0.815127	5	0	0
16	33000001	-1	0.815127	5	0	0
16	33500001	0.600308	0.815127	5	0	0
16	34000001	0.806182	0.815127	5	0	0
16	34500001	2.97459	2.97459	18	0	0
16	35000001	0.687396	0.652752	4	0	0
16	35500001	0.747181	0.652752	4	0	0
16	36000001	0.815627	0.652752	4	0	0
16	36500001	0.618109	0.652752	4	0	0
16	37000001	0.565803	0.652752	4	0	0
16	37500001	0.539658	0.652752	4	0	0
16	38000001	-1	-1	-1	0	0
16	38500001	-1	-1	-1	0	0
16	39000001	-1	-1	-1	0	0
16	39500001	-1	-1	-1	0	0
16	40000001	-1	-1	-1	0	0
16	40500001	-1	-1	-1	0	0
16	41000001	-1	-1	-1	0	0
16	41500001	-1	-1	-1	0	0
16	42000001	-1	-1	-1	0	0
16	42500001	-1	-1	-1	0	0
16	43000001	-1	-1	-1	0	0
16	43500001	-1	-1	-1	0	0
16	44000001	-1	-1	-1	0	0
16	44500001	-1	-1	-1	0	0
16	45000001	-1	-1	-1	0	0
16	45500001	-1	-1	-1	0	0
16	46000001	-1	-1	-1	4	0.26277
16	46500001	0.816786	0.787902	5	4	0.26277
16	47000001	0.785629	0.787902	5	4	0.26277
16	47500001	0.785766	0.787902	5	4	0.26277
16	48000001	0.794877	0.787902	5	4	0.26277
16	48500001	0.78805	0.787902	5	4	0.26277
16	49000001	0.829971	0.787902	5	4	0.26277
16	49500001	0.789887	0.787902	5	4	0.26277
16	50000001	0.767275	0.787902	5	4	0.26277
16	50500001	0.797359	0.787902	5	4	0.26277
16	51000001	0.77729	0.787902	5	4	0.26277
16	51500001	0.747189	0.787902	5	4	0.26277
16	52000001	0.719219	0.787902	5	4	0.26277
16	52500001	0.779708	0.787902	5	4	0.26277
16	53000001	0.779555	0.787902	5	4	0.26277
16	53500001	0.78137	0.787902	5	4	0.26277
16	54000001	0.789562	0.787902	5	4	0.26277
16	54500001	0.766865	0.787902	5	4	0.26277
16	55000001	0.751762	0.787902	5	4	0.26277
16	55500001	0.787754	0.787902	5	4	0.26277
16	56000001	0.824849	0.787902	5	4	0.26277
16	56500001	0.848215	0.787902	5	4	0.26277
16	57000001	0.862465	0.787902	5	4	0.26277
16	57500001	0.879479	0.787902	5	4	0.26277
16	58000001	0.828948	0.787902	5	4	0.26277
16	58500001	0.806271	0.787902	5	4	0.26277
16	59000001	0.78485	0.787902	5	4	0.26277
16	59500001	0.801528	0.787902	5	4	0.26277
16	60000001	0.774456	0.787902	5	4	0.26277
16	60500001	0.752895	0.787902	5	4	0.26277
16	61000001	0.788963	0.787902	5	4	0.26277
16	61500001	0.769599	0.787902	5	4	0.26277
16	62000001	0.73292	0.787902	5	4	0.26277
16	62500001	0.769022	0.787902	5	4	0.26277
16	63000001	0.755494	0.787902	5	4	0.26277
16	63500001	0.727531	0.787902	5	4	0.26277
16	64000001	0.71674	0.787902	5	4	0.26277
16	64500001	0.745142	0.787902	5	4	0.26277
16	65000001	0.756609	0.787902	5	4	0.26277
16	65500001	0.754669	0.787902	5	4	0.26277
16	66000001	0.840683	0.787902	5	4	0.26277
16	66500001	0.867218	0.787902	5	4	0.26277
16	67000001	0.861142	0.787902	5	4	0.26277
16	67500001	0.871913	0.787902	5	4	0.26277
16	68000001	0.857727	0.787902	5	4	0.26277
16	68500001	0.796603	0.787902	5	4	0.26277
16	69000001	0.824234	0.787902	5	4	0.26277
16	69500001	0.784844	0.787902	5	4	0.26277
16	70000001	0.893	0.787902	5	4	0.26277
16	70500001	0.84666	0.787902	5	4	0.26277
16	71000001	0.841975	0.787902	5	4	0.26277
16	71500001	0.83821	0.787902	5	4	0.26277
16	72000001	0.806429	0.787902	5	4	0.26277
16	72500001	0.770783	0.787902	5	4	0.26277
16	73000001	0.745241	0.787902	5	4	0.26277
16	73500001	0.799853	0.787902	5	4	0.26277
16	74000001	0.821202	0.787902	5	4	0.26277
16	74500001	0.827209	0.787902	5	4	0.26277
16	75000001	0.847322	0.787902	5	4	0.26277
16	75500001	0.738612	0.787902	5	4	0.26277
16	76000001	0.793388	0.787902	5	4	0.26277
16	76500001	0.758864	0.787902	5	4	0.26277
16	77000001	0.743317	0.787902	5	4	0.26277
16	77500001	0.732471	0.787902	5	4	0.26277
16	78000001	0.595013	0.787902	5	4	0.26277
16	78500001	0.67391	0.787902	5	4	0.26277
16	79000001	0.757381	0.787902	5	4	0.26277
16	79500001	0.724707	0.787902	5	4	0.26277
16	80000001	0.786158	0.787902	5	4	0.26277
16	80500001	0.828324	0.787902	5	4	0.26277
16	81000001	0.823342	0.787902	5	4	0.26277
16	81500001	0.837107	0.787902	5	4	0.26277
16	82000001	0.806138	0.787902	5	4	0.26277
16	82500001	0.770504	0.787902	5	4	0.26277
16	83000001	0.764268	0.787902	5	4	0.26277
16	83500001	0.823107	0.787902	5	4	0.26277
16	84000001	0.813886	0.787902	5	0	0
16	84500001	0.878848	0.90703	5	0	0
16	85000001	0.981261	0.90703	5	0	0
16	85500001	0.90703	0.90703	5	0	0
16	86000001	0.84394	0.90703	5	0	0
16	86500001	0.867252	0.90703	5	0	0
16	87000001	0.804269	0.90703	5	0	0
16	87500001	0.906504	0.90703	5	0	0
16	88000001	1.00841	0.90703	5	0	0
16	88500001	1.07954	0.90703	5	0	0
16	89000001	0.922185	0.90703	5	0	0
16	89500001	0.993485	0.90703	5	0	0
16	90000001	-1	-1	-1	0	0
17	1	-1	-1	-1	0	0
17	500001	1.26698	1.15932	7	0	0
17	1000001	1.39223	1.15932	7	0	0
17	1500001	1.26029	1.15932	7	0	0
17	2000001	1.17142	1.15932	7	0	0
17	2500001	1.18025	1.15932	7	0	0
17	3000001	1.15395	1.15932	7	0	0
17	3500001	1.28339	1.15932	7	0	0
17	4000001	1.2356	1.15932	7	0	0
17	4500001	1.26161	1.15932	7	0	0
17	5000001	1.15142	1.15932	7	0	0
17	5500001	1.13568	1.15932	7	0	0
17	6000001	1.17359	1.15932	7	0	0
17	6500001	1.20603	1.15932	7	0	0
17	7000001	1.28557	1.15932	7	0	0
17	7500001	1.24168	1.15932	7	0	0
17	8000001	1.21805	1.15932	7	0	0
17	8500001	1.15972	1.15932	7	0	0
17	9000001	1.11657	1.15932	7	0	0
17	9500001	1.1273	1.15932	7	0	0
17	10000001	1.13146	1.15932	7	0	0
17	10500001	1.10467	1.15932	7	0	0
17	11000001	1.06375	1.15932	7	0	0
17	11500001	1.03311	1.15932	7	0	0
17	12000001	1.09992	1.15932	7	0	0
17	12500001	1.07313	1.15932	7	0	0
17	13000001	1.12736	1.15932	7	0	0
17	13500001	1.09803	1.15932	7	0	0
17	14000001	1.05752	1.15932	7	0	0
17	14500001	1.17477	1.15932	7	0	0
17	15000001	1.14055	1.15932	7	0	0
17	15500001	1.18388	1.15932	7	0	0
17	16000001	1.15892	1.15932	7	0	0
17	16500001	1.13848	1.15932	7	0	0
17	17000001	1.30632	1.15932	7	0	0
17	17500001	1.33222	1.15932	7	0	0
17	18000001	1.30225	1.15932	7	0	0
17	18500001	1.18671	1.15932	7	0	0
17	19000001	1.29457	1.15932	7	0	0
17	19500001	1.17115	1.15932	7	0	0
17	20000001	1.12682	1.15932	7	0	0
17	20500001	1.14658	1.15932	7	0	0
17	21000001	1.14651	1.15932	7	0	0
17	21500001	1.27066	1.15932	7	0	0
17	22000001	0.983916	1.15932	7	0	0
17	22500001	1.08761	1.15932	7	0	0
17	23000001	0.861331	1.15932	7	0	0
17	23500001	0.334193	0.353542	2	0	0
17	24000001	0.429372	0.353542	2	0	0
17	24500001	0.323742	0.353542	2	0	0
17	25000001	0.511536	0.353542	2	0	0
17	25500001	0.372892	0.353542	2	0	0
17	26000001	0.164417	0.353542	2	0	0
17	26500001	3.22111	3.22111	19	5	0.284491
17	27000001	0.910896	0.93034	6	5	0.284491
17	27500001	0.914767	0.93034	6	5	0.284491
17	28000001	0.93034	0.93034	6	5	0.284491
17	28500001	1.01952	0.93034	6	5	0.284491
17	29000001	0.909669	0.93034	6	5	0.284491
17	29500001	0.925608	0.93034	6	5	0.284491
17	30000001	0.911802	0.93034	6	5	0.284491
17	30500001	0.967703	0.93034	6	5	0.284491
17	31000001	0.92163	0.93034	6	5	0.284491
17	31500001	0.951955	0.93034	6	5	0.284491
17	32000001	0.921245	0.93034	6	5	0.284491
17	32500001	0.949412	0.93034	6	5	0.284491
17	33000001	0.880352	0.93034	6	5	0.284491
17	33500001	0.888794	0.93034	6	5	0.284491
17	34000001	0.875699	0.93034	6	5	0.284491
17	34500001	0.908038	0.93034	6	5	0.284491
17	35000001	0.919779	0.93034	6	5	0.284491
17	35500001	0.908931	0.93034	6	5	0.284491
17	36000001	0.953028	0.93034	6	5	0.284491
17	36500001	0.960514	0.93034	6	5	0.284491
17	37000001	0.904324	0.93034	6	5	0.284491
17	37500001	0.913712	0.93034	6	5	0.284491
17	38000001	0.777548	0.93034	6	5	0.284491
17	38500001	0.968779	0.93034	6	5	0.284491
17	39000001	0.936983	0.93034	6	5	0.284491
17	39500001	0.987437	0.93034	6	5	0.284491
17	40000001	0.983767	0.93034	6	5	0.284491
17	40500001	0.976875	0.93034	6	5	0.284491
17	41000001	0.915432	0.93034	6	5	0.284491
17	41500001	1.0385	0.93034	6	5	0.284491
17	42000001	0.986254	0.93034	6	5	0.284491
17	42500001	0.972694	0.93034	6	5	0.284491
17	43000001	0.884837	0.93034	6	5	0.284491
17	43500001	0.964334	0.93034	6	5	0.284491
17	44000001	0.985602	0.93034	6	5	0.284491
17	44500001	0.974583	0.93034	6	5	0.284491
17	45000001	1.03898	0.93034	6	5	0.284491
17	45500001	1.05159	0.93034	6	5	0.284491
17	46000001	0.696557	0.93034	6	5	0.284491
17	46500001	0.792325	0.93034	6	5	0.284491
17	47000001	0.929658	0.93034	6	5	0.284491
17	47500001	1.00397	0.93034	6	5	0.284491
17	48000001	0.9124	0.93034	6	5	0.284491
17	48500001	0.92914	0.93034	6	5	0.284491
17	49000001	0.911034	0.93034	6	5	0.284491
17	49500001	0.985982	0.93034	6	5	0.284491
17	50000001	1.01525	0.93034	6	5	0.284491
17	50500001	0.981762	0.93034	6	5	0.284491
17	51000001	0.917453	0.93034	6	5	0.284491
17	51500001	0.90923	0.93034	6	5	0.284491
17	52000001	0.868956	0.93034	6	5	0.284491
17	52500001	0.839134	0.93034	6	5	0.284491
17	53000001	0.951777	0.93034	6	5	0.284491
17	53500001	0.907381	0.93034	6	5	0.284491
17	54000001	0.862305	0.93034	6	5	0.284491
17	54500001	0.852361	0.93034	6	5	0.284491
17	55000001	0.886359	0.93034	6	5	0.284491
17	55500001	0.893131	0.93034	6	5	0.284491
17	56000001	0.974744	0.93034	6	5	0.284491
17	56500001	0.935619	0.93034	6	5	0.284491
17	57000001	0.938056	0.93034	6	5	0.284491
17	57500001	0.979363	0.93034	6	5	0.284491
17	58000001	0.89054	0.93034	6	5	0.284491
17	58500001	0.903726	0.93034	6	5	0.284491
17	59000001	0.869805	0.93034	6	5	0.284491
17	59500001	0.947235	0.93034	6	5	0.284491
17	60000001	0.956451	0.93034	6	5	0.284491
17	60500001	0.947559	0.93034	6	5	0.284491
17	61000001	0.93308	0.93034	6	5	0.284491
17	61500001	0.922967	0.93034	6	5	0.284491
17	62000001	0.883105	0.93034	6	5	0.284491
17	62500001	0.961754	0.93034	6	5	0.284491
17	63000001	0.934358	0.93034	6	5	0.284491
17	63500001	0.946696	0.93034	6	5	0.284491
17	64000001	0.944787	0.93034	6	5	0.284491
17	64500001	0.974901	0.93034	6	5	0.284491
17	65000001	0.944054	0.93034	6	5	0.284491
17	65500001	0.91458	0.93034	6	5	0.284491
17	66000001	0.949357	0.93034	6	5	0.284491
17	66500001	0.987529	0.93034	6	5	0.284491
17	67000001	0.877129	0.93034	6	5	0.284491
17	67500001	0.886653	0.93034	6	5	0.284491
17	68000001	0.893734	0.93034	6	5	0.284491
17	68500001	0.868462	0.93034	6	5	0.284491
17	69000001	0.907994	0.93034	6	5	0.284491
17	69500001	0.862206	0.93034	6	5	0.284491
17	70000001	0.879132	0.93034	6	5	0.284491
17	70500001	0.949788	0.93034	6	5	0.284491
17	71000001	0.89427	0.93034	6	5	0.284491
17	71500001	0.938184	0.93034	6	5	0.284491
17	72000001	0.937788	0.93034	6	5	0.284491
17	72500001	0.94146	0.93034	6	5	0.284491
17	73000001	0.978666	0.93034	6	5	0.284491
17	73500001	0.980638	0.93034	6	5	0.284491
17	74000001	0.960286	0.93034	6	0	0
17	74500001	1.0229	1.03818	6	0	0
17	75000001	1.00434	1.03818	6	0	0
17	75500001	1.04607	1.03818	6	0	0
17	76000001	1.03694	1.03818	6	0	0
17	76500001	0.940734	1.03818	6	0	0
17	77000001	1.02331	1.03818	6	0	0
17	77500001	0.955681	1.03818	6	0	0
17	78000001	1.03941	1.03818	6	0	0
17	78500001	0.961464	1.03818	6	0	0
17	79000001	1.08561	1.03818	6	0	0
17	79500001	1.07987	1.03818	6	0	0
17	80000001	1.04187	1.03818	6	0	0
17	80500001	1.00737	1.03818	6	0	0
17	81000001	1.31246	1.03818	6	0	0
17	81500001	1.16808	1.03818	6	0	0
17	82000001	1.15047	1.03818	6	0	0
17	82500001	1.05591	1.03818	6	0	0
17	83000001	0.525284	1.03818	6	0	0
18	1	3.11017	3.11017	19	0	0
18	500001	1.19288	1.19624	7	0	0
18	1000001	1.20909	1.19624	7	0	0
18	1500001	1.19624	1.19624	7	0	0
18	2000001	1.20273	1.19624	7	0	0
18	2500001	1.25028	1.19624	7	0	0
18	3000001	1.17283	1.19624	7	0	0
18	3500001	1.22827	1.19624	7	0	0
18	4000001	1.20832	1.19624	7	0	0
18	4500001	1.14739	1.19624	7	0	0
18	5000001	1.12393	1.19624	7	0	0
18	5500001	1.11643	1.19624	7	0	0
18	6000001	1.05545	1.19624	7	0	0
18	6500001	1.12728	1.19624	7	0	0
18	7000001	1.17701	1.19624	7	0	0
18	7500001	1.22314	1.19624	7	0	0
18	8000001	1.20637	1.19624	7	0	0
18	8500001	1.27508	1.19624	7	0	0
18	9000001	1.23464	1.19624	7	0	0
18	9500001	1.27646	1.19624	7	0	0
18	10000001	1.23565	1.19624	7	0	0
18	10500001	1.19212	1.19624	7	0	0
18	11000001	1.14302	1.19624	7	0	0
18	11500001	1.21783	1.19624	7	0	0
18	12000001	1.2075	1.19624	7	0	0
18	12500001	1.18119	1.19624	7	0	0
18	13000001	1.18183	1.19624	7	0	0
18	13500001	1.18342	1.19624	7	0	0
18	14000001	1.14562	1.19624	7	0	0
18	14500001	1.14229	1.19624	7	0	0
18	15000001	1.36481	1.19624	7	0	0
18	15500001	1.28153	1.19624	7	0	0
18	16000001	1.84425	1.84425	11	0	0
18	16500001	1.62112	1.53447	9	0	0
18	17000001	1.59246	1.53447	9	0	0
18	17500001	1.47648	1.53447	9	0	0
18	18000001	1.39569	1.53447	9	0	0
18	18500001	1.22171	1.17205	7	0	0
18	19000001	1.20436	1.17205	7	0	0
18	19500001	1.01903	1.17205	7	0	0
18	20000001	1.10416	1.17205	7	0	0
18	20500001	0.947349	1.17205	7	0	0
18	21000001	1.22433	1.17205	7	0	0
18	21500001	1.17183	1.17205	7	0	0
18	22000001	1.16191	1.17205	7	0	0
18	22500001	1.25024	1.17205	7	0	0
18	23000001	1.17556	1.17205	7	0	0
18	23500001	1.29291	1.17205	7	0	0
18	24000001	1.2728	1.17205	7	0	0
18	24500001	1.16462	1.17205	7	0	0
18	25000001	1.1525	1.17205	7	0	0
18	25500001	1.20758	1.17205	7	0	0
18	26000001	1.13798	1.17205	7	0	0
18	26500001	1.107	1.17205	7	0	0
18	27000001	1.12227	1.17205	7	0	0
18	27500001	1.17966	1.17205	7	0	0
18	28000001	1.18385	1.17205	7	0	0
18	28500001	1.16064	1.17205	7	0	0
18	29000001	1.25863	1.17205	7	0	0
18	29500001	1.16443	1.17205	7	0	0
18	30000001	1.19144	1.17205	7	0	0
18	30500001	1.22304	1.17205	7	0	0
18	31000001	1.19523	1.17205	7	0	0
18	31500001	1.16964	1.17205	7	0	0
18	32000001	1.11741	1.17205	7	0	0
18	32500001	1.14855	1.17205	7	0	0
18	33000001	1.20081	1.17205	7	0	0
18	33500001	1.18856	1.17205	7	0	0
18	34000001	1.17205	1.17205	7	0	0
18	34500001	1.19358	1.17205	7	0	0
18	35000001	1.2077	1.17205	7	0	0
18	35500001	1.16905	1.17205	7	0	0
18	36000001	1.1413	1.17205	7	0	0
18	36500001	1.16343	1.17205	7	0	0
18	37000001	1.34439	1.37909	8	0	0
18	37500001	1.35912	1.37909	8	0	0
18	38000001	1.30661	1.37909	8	0	0
18	38500001	1.40809	1.37909	8	0	0
18	39000001	1.35612	1.37909	8	0	0
18	39500001	1.37909	1.37909	8	0	0
18	40000001	1.37765	1.37909	8	0	0
18	40500001	1.49325	1.37909	8	0	0
18	41000001	1.38144	1.37909	8	0	0
18	41500001	1.39167	1.37909	8	0	0
18	42000001	1.40193	1.37909	8	0	0
18	42500001	1.3962	1.37909	8	0	0
18	43000001	1.37612	1.37909	8	0	0
18	43500001	1.38948	1.37909	8	0	0
18	44000001	1.44569	1.37909	8	0	0
18	44500001	1.35598	1.37909	8	0	0
18	45000001	1.37148	1.37909	8	0	0
18	45500001	1.4478	1.37909	8	0	0
18	46000001	1.26797	1.37909	8	5	0.441353
18	46500001	0.743589	0.736142	4	5	0.441353
18	47000001	0.843695	0.736142	4	5	0.441353
18	47500001	0.746132	0.736142	4	5	0.441353
18	48000001	0.740469	0.736142	4	5	0.441353
18	48500001	0.763118	0.736142	4	5	0.441353
18	49000001	0.765542	0.736142	4	5	0.441353
18	49500001	0.760648	0.736142	4	5	0.441353
18	50000001	0.711402	0.736142	4	5	0.441353
18	50500001	0.728885	0.736142	4	5	0.441353
18	51000001	0.706143	0.736142	4	5	0.441353
18	51500001	0.674298	0.736142	4	5	0.441353
18	52000001	0.728347	0.736142	4	5	0.441353
18	52500001	0.736142	0.736142	4	5	0.441353
18	53000001	0.692078	0.736142	4	5	0.441353
18	53500001	0.726535	0.736142	4	5	0.441353
18	54000001	0.695011	0.736142	4	5	0.441353
18	54500001	0.76927	0.736142	4	5	0.441353
18	55000001	0.748794	0.736142	4	5	0.441353
18	55500001	0.713634	0.736142	4	5	0.441353
18	56000001	0.729745	0.736142	4	5	0.441353
18	56500001	0.765979	0.736142	4	5	0.441353
18	57000001	0.77384	0.736142	4	5	0.441353
18	57500001	0.732964	0.736142	4	5	0.441353
18	58000001	0.778257	0.736142	4	5	0.441353
18	58500001	0.720756	0.736142	4	5	0.441353
18	59000001	0.738056	0.736142	4	5	0.441353
18	59500001	0.752855	0.736142	4	5	0.441353
18	60000001	0.807018	0.736142	4	5	0.441353
18	60500001	0.734212	0.736142	4	5	0.441353
18	61000001	0.754313	0.736142	4	5	0.441353
18	61500001	0.693544	0.736142	4	5	0.441353
18	62000001	0.802931	0.736142	4	5	0.441353
18	62500001	0.74991	0.736142	4	5	0.441353
18	63000001	0.706555	0.736142	4	5	0.441353
18	63500001	0.737246	0.736142	4	5	0.441353
18	64000001	0.685041	0.736142	4	5	0.441353
18	64500001	0.725635	0.736142	4	5	0.441353
18	65000001	0.743078	0.736142	4	5	0.441353
18	65500001	0.700659	0.736142	4	5	0.441353
18	66000001	0.712763	0.736142	4	5	0.441353
18	66500001	0.745896	0.736142	4	5	0.441353
18	67000001	0.767521	0.736142	4	5	0.441353
18	67500001	0.766226	0.736142	4	5	0.441353
18	68000001	0.715613	0.736142	4	5	0.441353
18	68500001	0.736828	0.736142	4	5	0.441353
18	69000001	0.753697	0.736142	4	5	0.441353
18	69500001	0.67041	0.736142	4	5	0.441353
18	70000001	0.73783	0.736142	4	5	0.441353
18	70500001	0.750505	0.736142	4	5	0.441353
18	71000001	0.747701	0.736142	4	5	0.441353
18	71500001	0.764573	0.736142	4	5	0.441353
18	72000001	0.742646	0.736142	4	5	0.441353
18	72500001	0.727643	0.736142	4	5	0.441353
18	73000001	0.734758	0.736142	4	5	0.441353
18	73500001	0.688941	0.736142	4	5	0.441353
18	74000001	0.69425	0.736142	4	5	0.441353
18	74500001	0.691704	0.736142	4	5	0.441353
18	75000001	0.699287	0.736142	4	5	0.441353
18	75500001	0.698001	0.736142	4	5	0.441353
18	76000001	0.696605	0.736142	4	5	0.441353
18	76500001	0.734381	0.736142	4	5	0.441353
18	77000001	0.743955	0.736142	4	5	0.441353
18	77500001	0.672986	0.736142	4	5	0.441353
18	78000001	0.666966	0.736142	4	5	0.441353
18	78500001	0.689354	0.736142	4	5	0.441353
18	79000001	0.749788	0.736142	4	5	0.441353
18	79500001	0.794995	0.736142	4	0	0
18	80000001	-1	-1	-1	0	0
19	1	1.27552	1.62028	10	0	0
19	500001	1.76171	1.62028	10	0	0
19	1000001	1.85295	1.62028	10	0	0
19	1500001	1.62028	1.62028	10	0	0
19	2000001	1.51629	1.62028	10	0	0
19	2500001	1.32881	1.30351	8	0	0
19	3000001	1.43839	1.30351	8	0	0
19	3500001	1.50224	1.30351	8	0	0
19	4000001	1.38911	1.30351	8	0	0
19	4500001	1.40145	1.30351	8	0	0
19	5000001	1.3806	1.30351	8	0	0
19	5500001	1.38637	1.30351	8	0	0
19	6000001	1.27911	1.30351	8	0	0
19	6500001	1.23281	1.30351	8	0	0
19	7000001	1.23883	1.30351	8	0	0
19	7500001	1.40115	1.30351	8	0	0
19	8000001	1.28327	1.30351	8	0	0
19	8500001	1.60626	1.30351	8	0	0
19	9000001	1.14177	1.30351	8	0	0
19	9500001	1.26284	1.30351	8	0	0
19	10000001	1.39501	1.30351	8	0	0
19	10500001	1.41786	1.30351	8	0	0
19	11000001	1.30564	1.30351	8	0	0
19	11500001	1.30137	1.30351	8	0	0
19	12000001	1.21248	1.30351	8	0	0
19	12500001	1.3157	1.30351	8	0	0
19	13000001	1.29671	1.30351	8	0	0
19	13500001	1.29227	1.30351	8	0	0
19	14000001	1.34251	1.30351	8	0	0
19	14500001	1.22311	1.30351	8	0	0
19	15000001	1.23332	1.30351	8	0	0
19	15500001	1.24488	1.30351	8	0	0
19	16000001	1.35101	1.30351	8	0	0
19	16500001	1.34297	1.30351	8	0	0
19	17000001	1.40571	1.30351	8	0	0
19	17500001	1.35128	1.30351	8	0	0
19	18000001	1.4781	1.30351	8	0	0
19	18500001	1.49582	1.30351	8	0	0
19	19000001	1.44571	1.30351	8	0	0
19	19500001	1.27959	1.30351	8	0	0
19	20000001	1.1866	1.30351	8	0	0
19	20500001	1.13372	1.30351	8	0	0
19	21000001	1.15619	1.30351	8	0	0
19	21500001	1.17429	1.30351	8	0	0
19	22000001	1.08985	1.30351	8	0	0
19	22500001	1.10145	1.30351	8	0	0
19	23000001	1.16455	1.30351	8	0	0
19	23500001	1.14125	1.30351	8	0	0
19	24000001	1.50851	1.30351	8	0	0
19	24500001	1.24276	1.30351	8	0	0
19	25000001	1.39416	1.30351	8	0	0
19	25500001	1.55008	1.59172	10	0	0
19	26000001	1.63336	1.59172	10	0	0
19	26500001	2.17524	2.17524	13	0	0
19	27000001	3.12219	3.12219	19	0	0
19	27500001	1.25479	1.27252	8	0	0
19	28000001	1.14069	1.27252	8	0	0
19	28500001	1.19339	1.27252	8	0	0
19	29000001	1.23069	1.27252	8	0	0
19	29500001	1.1851	1.27252	8	0	0
19	30000001	1.18828	1.27252	8	0	0
19	30500001	1.15602	1.27252	8	0	0
19	31000001	1.15121	1.27252	8	0	0
19	31500001	1.18376	1.27252	8	0	0
19	32000001	1.21212	1.27252	8	0	0
19	32500001	1.26241	1.27252	8	0	0
19	33000001	1.38339	1.27252	8	0	0
19	33500001	1.24559	1.27252	8	0	0
19	34000001	1.2717	1.27252	8	0	0
19	34500001	1.24651	1.27252	8	0	0
19	35000001	1.34041	1.27252	8	0	0
19	35500001	1.36174	1.27252	8	0	0
19	36000001	1.67957	1.27252	8	0	0
19	36500001	1.18579	1.27252	8	0	0
19	37000001	1.37683	1.27252	8	0	0
19	37500001	1.243	1.27252	8	0	0
19	38000001	1.36698	1.27252	8	0	0
19	38500001	1.39325	1.27252	8	0	0
19	39000001	1.29995	1.27252	8	0	0
19	39500001	1.28904	1.27252	8	0	0
19	40000001	1.30756	1.27252	8	0	0
19	40500001	1.3012	1.27252	8	0	0
19	41000001	1.29438	1.27252	8	0	0
19	41500001	1.31013	1.27252	8	0	0
19	42000001	1.35144	1.27252	8	0	0
19	42500001	1.13399	1.27252	8	0	0
19	43000001	1.27458	1.27252	8	0	0
19	43500001	1.28732	1.27252	8	0	0
19	44000001	1.31844	1.27252	8	0	0
19	44500001	1.26942	1.27252	8	0	0
19	45000001	1.41478	1.27252	8	0	0
19	45500001	1.41636	1.27252	8	0	0
19	46000001	1.30119	1.27252	8	0	0
19	46500001	1.26745	1.27252	8	0	0
19	47000001	1.32165	1.27252	8	0	0
19	47500001	1.62148	1.27252	8	0	0
19	48000001	1.30804	1.27252	8	0	0
19	48500001	1.41144	1.27252	8	0	0
19	49000001	1.37461	1.27252	8	0	0
19	49500001	1.46337	1.27252	8	0	0
19	50000001	1.54196	1.27252	8	0	0
19	50500001	1.26025	1.27252	8	0	0
19	51000001	1.23098	1.27252	8	0	0
19	51500001	1.23293	1.27252	8	0	0
19	52000001	1.17106	1.27252	8	0	0
19	52500001	1.18158	1.27252	8	0	0
19	53000001	1.19153	1.27252	8	0	0
19	53500001	1.23093	1.27252	8	0	0
19	54000001	1.28267	1.27252	8	0	0
19	54500001	1.26002	1.27252	8	0	0
19	55000001	1.42819	1.27252	8	0	0
19	55500001	1.35645	1.27252	8	0	0
19	56000001	1.20144	1.27252	8	0	0
19	56500001	1.16581	1.27252	8	0	0
19	57000001	1.19034	1.27252	8	0	0
19	57500001	1.27252	1.27252	8	0	0
19	58000001	1.44434	1.27252	8	0	0
19	58500001	0.337697	1.27252	8	0	0
2	1	0.756436	0.763063	5	4	0.652121
2	500001	0.711862	0.763063	5	4	0.652121
2	1000001	0.699021	0.763063	5	4	0.652121
2	1500001	0.697341	0.763063	5	4	0.652121
2	2000001	0.676346	0.763063	5	4	0.652121
2	2500001	0.675024	0.763063	5	4	0.652121
2	3000001	0.760096	0.763063	5	4	0.652121
2	3500001	0.710097	0.763063	5	4	0.652121
2	4000001	0.725419	0.763063	5	4	0.652121
2	4500001	0.746305	0.763063	5	4	0.652121
2	5000001	0.671817	0.763063	5	4	0.652121
2	5500001	0.718097	0.763063	5	4	0.652121
2	6000001	0.686123	0.763063	5	4	0.652121
2	6500001	0.689954	0.763063	5	4	0.652121
2	7000001	0.722991	0.763063	5	4	0.652121
2	7500001	0.732136	0.763063	5	4	0.652121
2	8000001	0.74152	0.763063	5	4	0.652121
2	8500001	0.808677	0.763063	5	4	0.652121
2	9000001	0.795774	0.763063	5	4	0.652121
2	9500001	0.772534	0.763063	5	4	0.652121
2	10000001	0.866138	0.763063	5	4	0.652121
2	10500001	0.768512	0.763063	5	4	0.652121
2	11000001	0.738004	0.763063	5	4	0.652121
2	11500001	0.805519	0.763063	5	4	0.652121
2	12000001	0.782711	0.763063	5	4	0.652121
2	12500001	0.783817	0.763063	5	4	0.652121
2	13000001	0.770174	0.763063	5	4	0.652121
2	13500001	0.747351	0.763063	5	4	0.652121
2	14000001	0.741743	0.763063	5	4	0.652121
2	14500001	0.744302	0.763063	5	4	0.652121
2	15000001	0.693735	0.763063	5	4	0.652121
2	15500001	0.689324	0.763063	5	4	0.652121
2	16000001	0.680641	0.763063	5	4	0.652121
2	16500001	0.702908	0.763063	5	4	0.652121
2	17000001	0.73446	0.763063	5	4	0.652121
2	17500001	0.764236	0.763063	5	4	0.652121
2	18000001	0.779199	0.763063	5	4	0.652121
2	18500001	0.716914	0.763063	5	4	0.652121
2	19000001	0.749627	0.763063	5	4	0.652121
2	19500001	0.784712	0.763063	5	4	0.652121
2	20000001	0.794581	0.763063	5	4	0.652121
2	20500001	0.819341	0.763063	5	4	0.652121
2	21000001	0.750153	0.763063	5	4	0.652121
2	21500001	0.726725	0.763063	5	4	0.652121
2	22000001	0.744713	0.763063	5	4	0.652121
2	22500001	0.790304	0.763063	5	4	0.652121
2	23000001	0.753213	0.763063	5	4	0.652121
2	23500001	0.735764	0.763063	5	4	0.652121
2	24000001	0.769999	0.763063	5	4	0.652121
2	24500001	0.719253	0.763063	5	4	0.652121
2	25000001	0.788507	0.763063	5	4	0.652121
2	25500001	0.776182	0.763063	5	4	0.652121
2	26000001	0.737854	0.763063	5	4	0.652121
2	26500001	0.77204	0.763063	5	4	0.652121
2	27000001	0.83317	0.763063	5	4	0.652121
2	27500001	0.787191	0.763063	5	4	0.652121
2	28000001	0.828217	0.763063	5	4	0.652121
2	28500001	0.794978	0.763063	5	4	0.652121
2	29000001	0.790691	0.763063	5	4	0.652121
2	29500001	0.80021	0.763063	5	4	0.652121
2	30000001	0.747438	0.763063	5	4	0.652121
2	30500001	0.725001	0.763063	5	4	0.652121
2	31000001	0.785285	0.763063	5	4	0.652121
2	31500001	0.763063	0.763063	5	4	0.652121
2	32000001	0.678829	0.763063	5	4	0.652121
2	32500001	0.770869	0.763063	5	4	0.652121
2	33000001	0.786199	0.763063	5	4	0.652121
2	33500001	0.710686	0.763063	5	4	0.652121
2	34000001	0.711958	0.763063	5	4	0.652121
2	34500001	0.733667	0.763063	5	4	0.652121
2	35000001	0.80717	0.763063	5	4	0.652121
2	35500001	0.742009	0.763063	5	4	0.652121
2	36000001	0.806385	0.763063	5	4	0.652121
2	36500001	0.783365	0.763063	5	4	0.652121
2	37000001	0.795825	0.763063	5	4	0.652121
2	37500001	0.797534	0.763063	5	4	0.652121
2	38000001	0.803379	0.763063	5	4	0.652121
2	38500001	0.796601	0.763063	5	4	0.652121
2	39000001	0.772969	0.763063	5	4	0.652121
2	39500001	0.798143	0.763063	5	4	0.652121
2	40000001	0.763538	0.763063	5	4	0.652121
2	40500001	0.766023	0.763063	5	4	0.652121
2	41000001	0.798273	0.763063	5	4	0.652121
2	41500001	0.737025	0.763063	5	4	0.652121
2	42000001	0.749227	0.763063	5	4	0.652121
2	42500001	0.77018	0.763063	5	4	0.652121
2	43000001	0.817514	0.763063	5	4	0.652121
2	43500001	0.805475	0.763063	5	4	0.652121
2	44000001	0.779759	0.763063	5	4	0.652121
2	44500001	0.731177	0.763063	5	4	0.652121
2	45000001	0.790992	0.763063	5	4	0.652121
2	45500001	0.79435	0.763063	5	4	0.652121
2	46000001	0.810522	0.763063	5	4	0.652121
2	46500001	0.812853	0.763063	5	4	0.652121
2	47000001	0.791635	0.763063	5	4	0.652121
2	47500001	0.757539	0.763063	5	4	0.652121
2	48000001	0.776901	0.763063	5	4	0.652121
2	48500001	0.731117	0.763063	5	4	0.652121
2	49000001	0.758691	0.763063	5	4	0.652121
2	49500001	0.746853	0.763063	5	4	0.652121
2	50000001	0.72868	0.763063	5	4	0.652121
2	50500001	0.777288	0.763063	5	4	0.652121
2	51000001	0.717941	0.763063	5	4	0.652121
2	51500001	0.736692	0.763063	5	4	0.652121
2	52000001	0.751949	0.763063	5	4	0.652121
2	52500001	0.736825	0.763063	5	4	0.652121
2	53000001	0.749393	0.763063	5	4	0.652121
2	53500001	0.755609	0.763063	5	4	0.652121
2	54000001	0.839879	0.763063	5	4	0.652121
2	54500001	0.80356	0.763063	5	4	0.652121
2	55000001	0.793028	0.763063	5	4	0.652121
2	55500001	0.79143	0.763063	5	4	0.652121
2	56000001	0.785974	0.763063	5	4	0.652121
2	56500001	0.80464	0.763063	5	4	0.652121
2	57000001	0.765458	0.763063	5	4	0.652121
2	57500001	0.735528	0.763063	5	4	0.652121
2	58000001	0.748092	0.763063	5	4	0.652121
2	58500001	0.725184	0.763063	5	4	0.652121
2	59000001	0.704326	0.763063	5	4	0.652121
2	59500001	0.70643	0.763063	5	4	0.652121
2	60000001	0.738238	0.763063	5	4	0.652121
2	60500001	0.75495	0.763063	5	4	0.652121
2	61000001	0.76359	0.763063	5	4	0.652121
2	61500001	0.720976	0.763063	5	4	0.652121
2	62000001	0.778003	0.763063	5	4	0.652121
2	62500001	0.785199	0.763063	5	4	0.652121
2	63000001	0.770235	0.763063	5	4	0.652121
2	63500001	0.784361	0.763063	5	4	0.652121
2	64000001	0.776114	0.763063	5	4	0.652121
2	64500001	0.786842	0.763063	5	4	0.652121
2	65000001	0.779918	0.763063	5	4	0.652121
2	65500001	0.773402	0.763063	5	4	0.652121
2	66000001	0.727277	0.763063	5	4	0.652121
2	66500001	0.782871	0.763063	5	4	0.652121
2	67000001	0.739081	0.763063	5	4	0.652121
2	67500001	0.708605	0.763063	5	4	0.652121
2	68000001	0.788396	0.763063	5	4	0.652121
2	68500001	0.771192	0.763063	5	4	0.652121
2	69000001	0.780367	0.763063	5	4	0.652121
2	69500001	0.783812	0.763063	5	4	0.652121
2	70000001	0.767627	0.763063	5	4	0.652121
2	70500001	0.7506	0.763063	5	4	0.652121
2	71000001	0.73829	0.763063	5	4	0.652121
2	71500001	0.807217	0.763063	5	4	0.652121
2	72000001	0.744309	0.763063	5	4	0.652121
2	72500001	0.740883	0.763063	5	4	0.652121
2	73000001	0.770753	0.763063	5	4	0.652121
2	73500001	0.76017	0.763063	5	4	0.652121
2	74000001	0.792946	0.763063	5	4	0.652121
2	74500001	0.773841	0.763063	5	4	0.652121
2	75000001	0.765891	0.763063	5	4	0.652121
2	75500001	0.739853	0.763063	5	4	0.652121
2	76000001	0.712006	0.763063	5	4	0.652121
2	76500001	0.764157	0.763063	5	4	0.652121
2	77000001	0.733815	0.763063	5	4	0.652121
2	77500001	0.733332	0.763063	5	4	0.652121
2	78000001	0.779029	0.763063	5	4	0.652121
2	78500001	0.727836	0.763063	5	4	0.652121
2	79000001	0.694227	0.763063	5	4	0.652121
2	79500001	0.683777	0.763063	5	4	0.652121
2	80000001	0.738112	0.763063	5	4	0.652121
2	80500001	0.732957	0.763063	5	4	0.652121
2	81000001	0.766551	0.763063	5	4	0.652121
2	81500001	0.739924	0.763063	5	4	0.652121
2	82000001	0.758595	0.763063	5	4	0.652121
2	82500001	0.731353	0.763063	5	4	0.652121
2	83000001	0.780512	0.763063	5	4	0.652121
2	83500001	0.747151	0.763063	5	4	0.652121
2	84000001	0.798943	0.763063	5	4	0.652121
2	84500001	0.789443	0.763063	5	4	0.652121
2	85000001	0.781634	0.763063	5	0	0
2	85500001	1.44917	1.44917	9	0	0
2	86000001	1.48366	1.44917	9	0	0
2	86500001	1.38794	1.44917	9	0	0
2	87000001	1.58473	1.44917	9	0	0
2	87500001	1.38886	1.44917	9	0	0
2	88000001	1.10974	1.05391	6	0	0
2	88500001	0.99808	1.05391	6	0	0
2	89000001	-1	-1	-1	0	0
2	89500001	-1	-1	-1	0	0
2	90000001	-1	-1	-1	0	0
2	90500001	-1	-1	-1	0	0
2	91000001	-1	-1	-1	0	0
2	91500001	1.39862	1.39862	8	0	0
2	92000001	1.41588	1.39862	8	0	0
2	92500001	1.38915	1.39862	8	0	0
2	93000001	0.655155	0.624979	4	0	0
2	93500001	0.594803	0.624979	4	0	0
2	94000001	-1	-1	-1	0	0
2	94500001	1.08262	0.991959	6	0	0
2	95000001	1.03985	0.991959	6	0	0
2	95500001	1.08233	0.991959	6	0	0
2	96000001	1.10779	0.991959	6	0	0
2	96500001	1.06233	0.991959	6	0	0
2	97000001	1.07907	0.991959	6	0	0
2	97500001	0.987265	0.991959	6	0	0
2	98000001	0.964329	0.991959	6	0	0
2	98500001	0.982873	0.991959	6	0	0
2	99000001	1.00614	0.991959	6	0	0
2	99500001	0.992732	0.991959	6	0	0
2	100000001	1.02794	0.991959	6	0	0
2	100500001	1.07782	0.991959	6	0	0
2	101000001	1.07002	0.991959	6	0	0
2	101500001	1.0459	0.991959	6	0	0
2	102000001	0.968634	0.991959	6	0	0
2	102500001	0.971079	0.991959	6	0	0
2	103000001	0.961991	0.991959	6	0	0
2	103500001	0.977028	0.991959	6	0	0
2	104000001	0.945187	0.991959	6	0	0
2	104500001	0.997588	0.991959	6	0	0
2	105000001	0.92766	0.991959	6	0	0
2	105500001	1.01856	0.991959	6	0	0
2	106000001	1.0164	0.991959	6	0	0
2	106500001	0.98564	0.991959	6	0	0
2	107000001	0.921612	0.991959	6	0	0
2	107500001	0.921757	0.991959	6	0	0
2	108000001	1.03041	0.991959	6	0	0
2	108500001	0.943194	0.991959	6	0	0
2	109000001	1.05428	0.991959	6	0	0
2	109500001	0.934659	0.991959	6	0	0
2	110000001	1.03724	0.991959	6	0	0
2	110500001	1.0382	0.991959	6	0	0
2	111000001	1.16704	0.991959	6	0	0
2	111500001	1.0716	0.991959	6	0	0
2	112000001	1.06048	0.991959	6	0	0
2	112500001	1.05467	0.991959	6	0	0
2	113000001	1.10259	0.991959	6	0	0
2	113500001	1.1106	0.991959	6	0	0
2	114000001	1.01607	0.991959	6	0	0
2	114500001	0.956661	0.991959	6	0	0
2	115000001	0.957817	0.991959	6	0	0
2	115500001	0.979979	0.991959	6	0	0
2	116000001	0.96523	0.991959	6	0	0
2	116500001	0.937113	0.991959	6	0	0
2	117000001	0.93814	0.991959	6	0	0
2	117500001	0.979408	0.991959	6	0	0
2	118000001	1.02648	0.991959	6	0	0
2	118500001	0.992354	0.991959	6	0	0
2	119000001	0.98658	0.991959	6	0	0
2	119500001	0.957588	0.991959	6	0	0
2	120000001	1.03092	0.991959	6	0	0
2	120500001	1.12963	0.991959	6	0	0
2	121000001	1.02128	0.991959	6	0	0
2	121500001	0.998876	0.991959	6	0	0
2	122000001	0.937765	0.991959	6	0	0
2	122500001	0.944314	0.991959	6	0	0
2	123000001	0.968182	0.991959	6	0	0
2	123500001	0.924875	0.991959	6	0	0
2	124000001	0.856114	0.991959	6	0	0
2	124500001	0.85623	0.991959	6	0	0
2	125000001	0.927827	0.991959	6	0	0
2	125500001	0.879237	0.991959	6	0	0
2	126000001	0.957678	0.991959	6	0	0
2	126500001	0.929866	0.991959	6	0	0
2	127000001	1.00722	0.991959	6	0	0
2	127500001	1.05358	0.991959	6	0	0
2	128000001	0.978665	0.991959	6	0	0
2	128500001	0.982755	0.991959	6	0	0
2	129000001	0.912879	0.991959	6	0	0
2	129500001	0.940665	0.991959	6	0	0
2	130000001	1.01606	0.991959	6	0	0
2	130500001	0.967767	0.991959	6	0	0
2	131000001	0.960524	0.991959	6	0	0
2	131500001	0.941696	0.991959	6	0	0
2	132000001	0.981895	0.991959	6	0	0
2	132500001	0.981883	0.991959	6	0	0
2	133000001	0.943275	0.991959	6	0	0
2	133500001	1.01072	0.991959	6	0	0
2	134000001	0.938555	0.991959	6	0	0
2	134500001	1.03268	0.991959	6	0	0
2	135000001	0.997265	0.991959	6	0	0
2	135500001	0.989547	0.991959	6	0	0
2	136000001	0.946606	0.991959	6	0	0
2	136500001	0.991959	0.991959	6	0	0
2	137000001	0.970554	0.991959	6	0	0
2	137500001	1.0103	0.991959	6	0	0
2	138000001	0.992126	0.991959	6	0	0
2	138500001	0.988799	0.991959	6	0	0
2	139000001	1.02529	0.991959	6	0	0
2	139500001	1.01212	0.991959	6	0	0
2	140000001	1.05376	0.991959	6	0	0
2	140500001	0.971556	0.991959	6	0	0
2	141000001	0.967848	0.991959	6	0	0
2	141500001	1.09448	0.991959	6	0	0
2	142000001	1.05665	0.991959	6	0	0
2	142500001	1.03034	0.991959	6	0	0
2	143000001	1.09111	0.991959	6	0	0
2	143500001	1.00277	0.991959	6	0	0
2	144000001	0.978153	0.991959	6	0	0
2	144500001	0.974305	0.991959	6	0	0
2	145000001	0.985961	0.991959	6	0	0
2	145500001	0.991736	0.991959	6	0	0
2	146000001	1.0621	0.991959	6	0	0
2	146500001	1.03281	0.991959	6	0	0
2	147000001	0.962025	0.991959	6	0	0
2	147500001	0.999295	0.991959	6	0	0
2	148000001	1.02587	0.991959	6	0	0
2	148500001	0.896658	0.991959	6	0	0
2	149000001	0.970652	0.991959	6	0	0
2	149500001	1.01858	0.991959	6	0	0
2	150000001	1.05907	0.991959	6	0	0
2	150500001	0.987053	0.991959	6	0	0
2	151000001	0.943394	0.991959	6	0	0
2	151500001	1.02312	0.991959	6	0	0
2	152000001	1.01905	0.991959	6	0	0
2	152500001	1.02121	0.991959	6	0	0
2	153000001	0.982142	0.991959	6	0	0
2	153500001	1.02115	0.991959	6	0	0
2	154000001	0.955874	0.991959	6	0	0
2	154500001	0.977676	0.991959	6	0	0
2	155000001	1.08825	0.991959	6	0	0
2	155500001	1.00269	0.991959	6	0	0
2	156000001	0.931859	0.991959	6	0	0
2	156500001	0.994464	0.991959	6	0	0
2	157000001	1.01031	0.991959	6	0	0
2	157500001	1.00102	0.991959	6	7	0.169154
2	158000001	1.07857	1.02818	6	7	0.169154
2	158500001	1.05929	1.02818	6	7	0.169154
2	159000001	1.00254	1.02818	6	7	0.169154
2	159500001	1.08226	1.02818	6	7	0.169154
2	160000001	1.06663	1.02818	6	7	0.169154
2	160500001	1.08342	1.02818	6	7	0.169154
2	161000001	1.05267	1.02818	6	7	0.169154
2	161500001	1.05609	1.02818	6	7	0.169154
2	162000001	1.01841	1.02818	6	7	0.169154
2	162500001	1.0045	1.02818	6	7	0.169154
2	163000001	0.988042	1.02818	6	7	0.169154
2	163500001	1.05412	1.02818	6	7	0.169154
2	164000001	0.994985	1.02818	6	7	0.169154
2	164500001	1.03081	1.02818	6	7	0.169154
2	165000001	1.03097	1.02818	6	7	0.169154
2	165500001	1.04165	1.02818	6	7	0.169154
2	166000001	1.0417	1.02818	6	7	0.169154
2	166500001	0.995111	1.02818	6	7	0.169154
2	167000001	1.02804	1.02818	6	7	0.169154
2	167500001	0.968894	1.02818	6	7	0.169154
2	168000001	1.01308	1.02818	6	7	0.169154
2	168500001	1.00831	1.02818	6	7	0.169154
2	169000001	0.98569	1.02818	6	7	0.169154
2	169500001	1.00747	1.02818	6	7	0.169154
2	170000001	0.987656	1.02818	6	7	0.169154
2	170500001	0.966367	1.02818	6	7	0.169154
2	171000001	1.00498	1.02818	6	7	0.169154
2	171500001	0.991503	1.02818	6	7	0.169154
2	172000001	1.02401	1.02818	6	7	0.169154
2	172500001	1.03463	1.02818	6	7	0.169154
2	173000001	1.01298	1.02818	6	7	0.169154
2	173500001	1.02288	1.02818	6	7	0.169154
2	174000001	1.00628	1.02818	6	7	0.169154
2	174500001	1.02818	1.02818	6	7	0.169154
2	175000001	1.00926	1.02818	6	7	0.169154
2	175500001	1.01423	1.02818	6	7	0.169154
2	176000001	0.959074	1.02818	6	7	0.169154
2	176500001	1.04685	1.02818	6	7	0.169154
2	177000001	1.01086	1.02818	6	7	0.169154
2	177500001	1.06227	1.02818	6	7	0.169154
2	178000001	1.0324	1.02818	6	7	0.169154
2	178500001	1.05581	1.02818	6	7	0.169154
2	179000001	0.971134	1.02818	6	7	0.169154
2	179500001	1.0404	1.02818	6	7	0.169154
2	180000001	1.06317	1.02818	6	7	0.169154
2	180500001	1.0217	1.02818	6	7	0.169154
2	181000001	1.04616	1.02818	6	7	0.169154
2	181500001	1.06378	1.02818	6	7	0.169154
2	182000001	1.03531	1.02818	6	7	0.169154
2	182500001	1.034	1.02818	6	7	0.169154
2	183000001	1.03755	1.02818	6	7	0.169154
2	183500001	1.05176	1.02818	6	7	0.169154
2	184000001	1.01137	1.02818	6	7	0.169154
2	184500001	1.04427	1.02818	6	7	0.169154
2	185000001	0.965037	1.02818	6	7	0.169154
2	185500001	1.07532	1.02818	6	7	0.169154
2	186000001	1.04506	1.02818	6	7	0.169154
2	186500001	1.08366	1.02818	6	7	0.169154
2	187000001	1.01358	1.02818	6	7	0.169154
2	187500001	1.01858	1.02818	6	7	0.169154
2	188000001	1.0637	1.02818	6	7	0.169154
2	188500001	1.06032	1.02818	6	7	0.169154
2	189000001	1.06097	1.02818	6	7	0.169154
2	189500001	1.04276	1.02818	6	7	0.169154
2	190000001	1.05342	1.02818	6	7	0.169154
2	190500001	1.06991	1.02818	6	7	0.169154
2	191000001	1.09324	1.02818	6	7	0.169154
2	191500001	1.00604	1.02818	6	7	0.169154
2	192000001	1.08039	1.02818	6	7	0.169154
2	192500001	1.07478	1.02818	6	7	0.169154
2	193000001	1.02514	1.02818	6	7	0.169154
2	193500001	1.01924	1.02818	6	7	0.169154
2	194000001	1.03052	1.02818	6	7	0.169154
2	194500001	1.08194	1.02818	6	7	0.169154
2	195000001	1.00005	1.02818	6	7	0.169154
2	195500001	1.01931	1.02818	6	7	0.169154
2	196000001	1.01609	1.02818	6	7	0.169154
2	196500001	1.03377	1.02818	6	7	0.169154
2	197000001	1.00099	1.02818	6	7	0.169154
2	197500001	0.992067	1.02818	6	7	0.169154
2	198000001	0.96821	1.02818	6	7	0.169154
2	198500001	1.04629	1.02818	6	7	0.169154
2	199000001	0.982956	1.02818	6	7	0.169154
2	199500001	0.995201	1.02818	6	7	0.169154
2	200000001	1.06271	1.02818	6	7	0.169154
2	200500001	1.04425	1.02818	6	7	0.169154
2	201000001	1.06944	1.02818	6	7	0.169154
2	201500001	1.01805	1.02818	6	7	0.169154
2	202000001	1.00414	1.02818	6	7	0.169154
2	202500001	0.996366	1.02818	6	7	0.169154
2	203000001	0.991652	1.02818	6	7	0.169154
2	203500001	1.04789	1.02818	6	7	0.169154
2	204000001	1.03923	1.02818	6	7	0.169154
2	204500001	1.00094	1.02818	6	7	0.169154
2	205000001	0.953442	1.02818	6	4	0.405895
2	205500001	0.779997	0.768947	5	4	0.405895
2	206000001	0.736333	0.768947	5	4	0.405895
2	206500001	0.793142	0.768947	5	4	0.405895
2	207000001	0.769531	0.768947	5	4	0.405895
2	207500001	0.761805	0.768947	5	4	0.405895
2	208000001	0.734095	0.768947	5	4	0.405895
2	208500001	0.771611	0.768947	5	4	0.405895
2	209000001	0.804264	0.768947	5	4	0.405895
2	209500001	0.716359	0.768947	5	4	0.405895
2	210000001	0.75916	0.768947	5	4	0.405895
2	210500001	0.791291	0.768947	5	4	0.405895
2	211000001	0.733736	0.768947	5	4	0.405895
2	211500001	0.751441	0.768947	5	4	0.405895
2	212000001	0.765232	0.768947	5	4	0.405895
2	212500001	0.777231	0.768947	5	4	0.405895
2	213000001	0.786363	0.768947	5	4	0.405895
2	213500001	0.791223	0.768947	5	4	0.405895
2	214000001	0.770048	0.768947	5	4	0.405895
2	214500001	0.742391	0.768947	5	4	0.405895
2	215000001	0.763686	0.768947	5	4	0.405895
2	215500001	0.752104	0.768947	5	4	0.405895
2	216000001	0.777896	0.768947	5	4	0.405895
2	216500001	0.774879	0.768947	5	4	0.405895
2	217000001	0.723478	0.768947	5	4	0.405895
2	217500001	0.766496	0.768947	5	4	0.405895
2	218000001	0.813183	0.768947	5	4	0.405895
2	218500001	0.777233	0.768947	5	4	0.405895
2	219000001	0.834504	0.768947	5	4	0.405895
2	219500001	0.801472	0.768947	5	4	0.405895
2	220000001	0.746121	0.768947	5	4	0.405895
2	220500001	0.724296	0.768947	5	4	0.405895
2	221000001	0.703294	0.768947	5	4	0.405895
2	221500001	0.757981	0.768947	5	4	0.405895
2	222000001	0.748876	0.768947	5	4	0.405895
2	222500001	0.764585	0.768947	5	4	0.405895
2	223000001	0.783589	0.768947	5	4	0.405895
2	223500001	0.724484	0.768947	5	4	0.405895
2	224000001	0.731125	0.768947	5	4	0.405895
2	224500001	0.698739	0.768947	5	4	0.405895
2	225000001	0.741896	0.768947	5	4	0.405895
2	225500001	0.755123	0.768947	5	4	0.405895
2	226000001	0.784792	0.768947	5	4	0.405895
2	226500001	0.753494	0.768947	5	4	0.405895
2	227000001	0.762057	0.768947	5	4	0.405895
2	227500001	0.707686	0.768947	5	4	0.405895
2	228000001	0.725415	0.768947	5	4	0.405895
2	228500001	0.778465	0.768947	5	4	0.405895
2	229000001	0.751485	0.768947	5	4	0.405895
2	229500001	0.758857	0.768947	5	4	0.405895
2	230000001	0.715836	0.768947	5	4	0.405895
2	230500001	0.7762	0.768947	5	4	0.405895
2	231000001	0.768363	0.768947	5	4	0.405895
2	231500001	0.808821	0.768947	5	4	0.405895
2	232000001	0.766549	0.768947	5	4	0.405895
2	232500001	0.751666	0.768947	5	4	0.405895
2	233000001	0.804078	0.768947	5	4	0.405895
2	233500001	0.781312	0.768947	5	4	0.405895
2	234000001	0.800255	0.768947	5	4	0.405895
2	234500001	0.775822	0.768947	5	4	0.405895
2	235000001	0.776397	0.768947	5	4	0.405895
2	235500001	0.786322	0.768947	5	4	0.405895
2	236000001	0.789862	0.768947	5	4	0.405895
2	236500001	0.79289	0.768947	5	4	0.405895
2	237000001	0.791912	0.768947	5	4	0.405895
2	237500001	0.786477	0.768947	5	4	0.405895
2	238000001	0.842719	0.768947	5	4	0.405895
2	238500001	0.72759	0.768947	5	4	0.405895
2	239000001	0.76142	0.768947	5	4	0.405895
2	239500001	0.784469	0.768947	5	4	0.405895
2	240000001	0.773458	0.768947	5	4	0.405895
2	240500001	0.910858	0.768947	5	4	0.405895
2	241000001	0.788857	0.768947	5	4	0.405895
2	241500001	0.865694	0.768947	5	4	0.405895
2	242000001	0.322505	0.768947	5	4	0.405895
20	1	1.54369	1.48518	9	0	0
20	500001	1.54221	1.48518	9	0	0
20	1000001	1.55313	1.48518	9	0	0
20	1500001	1.50408	1.48518	9	0	0
20	2000001	1.49765	1.48518	9	0	0
20	2500001	1.52127	1.48518	9	0	0
20	3000001	1.52232	1.48518	9	0	0
20	3500001	1.59576	1.48518	9	0	0
20	4000001	1.46815	1.48518	9	0	0
20	4500001	1.55231	1.48518	9	0	0
20	5000001	1.4944	1.48518	9	0	0
20	5500001	1.43511	1.48518	9	0	0
20	6000001	1.4795	1.48518	9	0	0
20	6500001	1.48518	1.48518	9	0	0
20	7000001	1.50024	1.48518	9	0	0
20	7500001	1.45188	1.48518	9	0	0
20	8000001	1.35081	1.48518	9	0	0
20	8500001	1.43161	1.48518	9	0	0
20	9000001	1.43889	1.48518	9	0	0
20	9500001	1.50967	1.48518	9	0	0
20	10000001	1.48154	1.48518	9	0	0
20	10500001	1.48293	1.48518	9	0	0
20	11000001	1.49667	1.48518	9	0	0
20	11500001	1.41343	1.48518	9	0	0
20	12000001	1.41994	1.48518	9	0	0
20	12500001	1.42581	1.48518	9	0	0
20	13000001	1.48881	1.48518	9	0	0
20	13500001	1.50134	1.48518	9	0	0
20	14000001	1.47085	1.48518	9	0	0
20	14500001	1.42732	1.48518	9	0	0
20	15000001	1.36976	1.48518	9	0	0
20	15500001	1.36691	1.48518	9	0	0
20	16000001	1.40105	1.48518	9	0	0
20	16500001	1.41699	1.48518	9	0	0
20	17000001	1.49174	1.48518	9	0	0
20	17500001	1.56657	1.48518	9	0	0
20	18000001	1.48984	1.48518	9	0	0
20	18500001	1.43465	1.48518	9	0	0
20	19000001	1.44488	1.48518	9	0	0
20	19500001	1.54123	1.48518	9	0	0
20	20000001	1.49335	1.48518	9	0	0
20	20500001	1.44707	1.48518	9	0	0
20	21000001	1.44458	1.48518	9	0	0
20	21500001	1.36261	1.48518	9	0	0
20	22000001	1.44768	1.48518	9	0	0
20	22500001	1.52617	1.48518	9	0	0
20	23000001	1.52316	1.48518	9	0	0
20	23500001	1.45027	1.48518	9	0	0
20	24000001	1.48366	1.48518	9	0	0
20	24500001	1.55058	1.48518	9	0	0
20	25000001	1.54914	1.48518	9	0	0
20	25500001	1.49163	1.48518	9	0	0
20	26000001	1.5967	1.48518	9	0	0
20	26500001	2.10428	2.10428	13	0	0
20	27000001	2.16825	2.10428	13	0	0
20	27500001	2.00329	2.10428	13	0	0
20	28000001	1.65212	1.65212	10	0	0
20	28500001	3.0645	3.0645	18	0	0
20	29000001	2.20853	2.02739	12	0	0
20	29500001	2.17698	2.02739	12	0	0
20	30000001	-1	2.02739	12	0	0
20	30500001	2.20713	2.02739	12	0	0
20	31000001	-1	2.02739	12	0	0
20	31500001	2.08119	2.02739	12	0	0
20	32000001	2.14909	2.02739	12	0	0
20	32500001	2.03415	2.02739	12	0	0
20	33000001	2.09417	2.02739	12	0	0
20	33500001	2.01147	2.02739	12	0	0
20	34000001	2.10568	2.02739	12	0	0
20	34500001	2.06929	2.02739	12	0	0
20	35000001	2.0939	2.02739	12	0	0
20	35500001	1.9698	2.02739	12	0	0
20	36000001	2.1296	2.02739	12	0	0
20	36500001	2.09153	2.02739	12	0	0
20	37000001	2.00138	2.02739	12	0	0
20	37500001	2.06501	2.02739	12	0	0
20	38000001	2.13964	2.02739	12	0	0
20	38500001	2.07637	2.02739	12	0	0
20	39000001	1.96323	2.02739	12	0	0
20	39500001	1.91392	2.02739	12	0	0
20	40000001	1.86235	2.02739	12	0	0
20	40500001	1.99744	2.02739	12	0	0
20	41000001	2.09042	2.02739	12	0	0
20	41500001	1.94717	2.02739	12	0	0
20	42000001	1.84425	2.02739	12	0	0
20	42500001	1.89573	2.02739	12	0	0
20	43000001	1.9599	2.02739	12	0	0
20	43500001	1.96571	2.02739	12	0	0
20	44000001	2.05687	2.02739	12	0	0
20	44500001	2.07135	2.02739	12	0	0
20	45000001	2.06521	2.02739	12	0	0
20	45500001	2.01684	2.02739	12	0	0
20	46000001	2.10959	2.02739	12	0	0
20	46500001	1.96601	2.02739	12	0	0
20	47000001	2.05047	2.02739	12	0	0
20	47500001	2.0248	2.02739	12	0	0
20	48000001	2.01082	2.02739	12	0	0
20	48500001	1.99802	2.02739	12	0	0
20	49000001	2.04296	2.02739	12	0	0
20	49500001	2.04195	2.02739	12	0	0
20	50000001	2.15917	2.02739	12	0	0
20	50500001	2.15437	2.02739	12	0	0
20	51000001	2.15865	2.02739	12	0	0
20	51500001	1.98748	2.02739	12	0	0
20	52000001	1.87067	2.02739	12	0	0
20	52500001	1.91407	2.02739	12	0	0
20	53000001	2.00007	2.02739	12	0	0
20	53500001	2.02997	2.02739	12	0	0
20	54000001	2.01191	2.02739	12	0	0
20	54500001	1.91465	2.02739	12	0	0
20	55000001	1.85801	2.02739	12	0	0
20	55500001	1.88551	2.02739	12	0	0
20	56000001	1.91468	2.02739	12	0	0
20	56500001	2.0246	2.02739	12	0	0
20	57000001	2.09013	2.02739	12	0	0
20	57500001	2.14784	2.02739	12	0	0
20	58000001	2.04104	2.02739	12	0	0
20	58500001	1.99383	2.02739	12	0	0
20	59000001	2.04146	2.02739	12	0	0
20	59500001	1.89882	2.02739	12	0	0
20	60000001	1.9176	2.02739	12	0	0
20	60500001	1.83963	2.02739	12	0	0
20	61000001	1.9669	2.02739	12	0	0
20	61500001	2.22794	2.02739	12	0	0
20	62000001	2.46111	2.53042	15	0	0
20	62500001	2.54745	2.53042	15	0	0
20	63000001	2.67091	2.53042	15	0	0
20	63500001	2.51339	2.53042	15	0	0
20	64000001	-1	-1	-1	0	0
21	1	-1	-1	-1	0	0
21	500001	-1	-1	-1	0	0
21	1000001	-1	-1	-1	0	0
21	1500001	-1	-1	-1	0	0
21	2000001	-1	-1	-1	0	0
21	2500001	-1	-1	-1	0	0
21	3000001	-1	-1	-1	0	0
21	3500001	-1	-1	-1	0	0
21	4000001	-1	-1	-1	0	0
21	4500001	-1	-1	-1	0	0
21	5000001	-1	-1	-1	0	0
21	5500001	-1	-1	-1	0	0
21	6000001	-1	-1	-1	0	0
21	6500001	-1	-1	-1	0	0
21	7000001	-1	-1	-1	0	0
21	7500001	-1	-1	-1	0	0
21	8000001	-1	-1	-1	0	0
21	8500001	-1	-1	-1	0	0
21	9000001	-1	-1	-1	0	0
21	9500001	2.17143	2.28066	14	0	0
21	10000001	-1	2.28066	14	0	0
21	10500001	2.38989	2.28066	14	0	0
21	11000001	0.586325	0.710629	4	0	0
21	11500001	0.834934	0.710629	4	0	0
21	12000001	1.13558	1.13558	7	0	0
21	12500001	1.95618	1.95618	12	0	0
21	13000001	0.856315	0.924434	6	0	0
21	13500001	0.768719	0.924434	6	0	0
21	14000001	0.905813	0.924434	6	0	0
21	14500001	0.943054	0.924434	6	0	0
21	15000001	0.945309	0.924434	6	0	0
21	15500001	0.949217	0.924434	6	0	0
21	16000001	0.98656	0.958385	6	0	0
21	16500001	0.963862	0.958385	6	0	0
21	17000001	0.933684	0.958385	6	0	0
21	17500001	0.93403	0.958385	6	0	0
21	18000001	0.952908	0.958385	6	0	0
21	18500001	0.99648	0.958385	6	0	0
21	19000001	0.90946	0.958385	6	0	0
21	19500001	1.0387	0.958385	6	0	0
21	20000001	1.12747	1.21587	7	0	0
21	20500001	1.18802	1.21587	7	0	0
21	21000001	1.22641	1.21587	7	0	0
21	21500001	1.24417	1.21587	7	0	0
21	22000001	1.22365	1.21587	7	0	0
21	22500001	1.19921	1.21587	7	0	0
21	23000001	1.21017	1.21587	7	0	0
21	23500001	1.09466	1.21587	7	0	0
21	24000001	1.12879	1.21587	7	0	0
21	24500001	1.19375	1.21587	7	0	0
21	25000001	1.20676	1.21587	7	0	0
21	25500001	1.11575	1.21587	7	0	0
21	26000001	1.12612	1.21587	7	0	0
21	26500001	1.21476	1.21587	7	0	0
21	27000001	1.20229	1.21587	7	0	0
21	27500001	1.17924	1.21587	7	0	0
21	28000001	1.21249	1.21587	7	0	0
21	28500001	1.21671	1.21587	7	0	0
21	29000001	1.26152	1.21587	7	0	0
21	29500001	1.27829	1.21587	7	0	0
21	30000001	1.21696	1.21587	7	0	0
21	30500001	1.21691	1.21587	7	0	0
21	31000001	1.16766	1.21587	7	0	0
21	31500001	1.16646	1.21587	7	0	0
21	32000001	1.22319	1.21587	7	0	0
21	32500001	1.17293	1.21587	7	0	0
21	33000001	1.22385	1.21587	7	0	0
21	33500001	1.25356	1.21587	7	0	0
21	34000001	1.05187	1.21587	7	0	0
21	34500001	1.23405	1.21587	7	0	0
21	35000001	1.21921	1.21587	7	0	0
21	35500001	1.21046	1.21587	7	0	0
21	36000001	1.24667	1.21587	7	0	0
21	36500001	1.22034	1.21587	7	0	0
21	37000001	1.25857	1.21587	7	0	0
21	37500001	1.24805	1.21587	7	0	0
21	38000001	1.25233	1.21587	7	0	0
21	38500001	1.21503	1.21587	7	0	0
21	39000001	1.23942	1.21587	7	0	0
21	39500001	1.18333	1.21587	7	0	0
21	40000001	1.1305	1.21587	7	0	0
21	40500001	1.14118	1.21587	7	0	0
21	41000001	1.20898	1.21587	7	0	0
21	41500001	1.3275	1.21587	7	0	0
21	42000001	1.27713	1.21587	7	0	0
21	42500001	1.30622	1.21587	7	0	0
21	43000001	0.946327	1.21587	7	0	0
21	43500001	1.22207	1.21587	7	0	0
21	44000001	1.13207	1.21587	7	0	0
21	44500001	1.37462	1.21587	7	0	0
21	45000001	1.41207	1.21587	7	0	0
21	45500001	1.2996	1.21587	7	0	0
21	46000001	1.35932	1.21587	7	0	0
21	46500001	0.534483	1.21587	7	0	0
22	1	-1	-1	-1	0	0
22	500001	-1	-1	-1	0	0
22	1000001	-1	-1	-1	0	0
22	1500001	-1	-1	-1	0	0
22	2000001	-1	-1	-1	0	0
22	2500001	-1	-1	-1	0	0
22	3000001	-1	-1	-1	0	0
22	3500001	-1	-1	-1	0	0
22	4000001	-1	-1	-1	0	0
22	4500001	-1	-1	-1	0	0
22	5000001	-1	-1	-1	0	0
22	5500001	-1	-1	-1	0	0
22	6000001	-1	-1	-1	0	0
22	6500001	-1	-1	-1	0	0
22	7000001	-1	-1	-1	0	0
22	7500001	-1	-1	-1	0	0
22	8000001	-1	-1	-1	0	0
22	8500001	-1	-1	-1	0	0
22	9000001	-1	-1	-1	0	0
22	9500001	-1	-1	-1	0	0
22	10000001	-1	-1	-1	0	0
22	10500001	-1	-1	-1	0	0
22	11000001	-1	-1	-1	0	0
22	11500001	-1	-1	-1	0	0
22	12000001	-1	-1	-1	0	0
22	12500001	-1	-1	-1	0	0
22	13000001	0.5564	0.5564	3	0	0
22	13500001	0.920886	0.920886	6	0	0
22	14000001	1.28049	1.28049	8	0	0
22	14500001	1.77367	1.60256	10	0	0
22	15000001	-1	1.60256	10	0	0
22	15500001	1.43145	1.60256	10	6	0.511762
22	16000001	0.889356	0.900558	5	6	0.511762
22	16500001	0.836323	0.900558	5	6	0.511762
22	17000001	0.847011	0.900558	5	6	0.511762
22	17500001	0.906455	0.900558	5	6	0.511762
22	18000001	-1	0.900558	5	6	0.511762
22	18500001	0.916956	0.900558	5	6	0.511762
22	19000001	0.8866	0.900558	5	6	0.511762
22	19500001	1.0248	0.900558	5	6	0.511762
22	20000001	1.06841	0.900558	5	6	0.511762
22	20500001	0.958899	0.900558	5	6	0.511762
22	21000001	0.853425	0.900558	5	6	0.511762
22	21500001	0.925365	0.900558	5	6	0.511762
22	22000001	0.881588	0.900558	5	6	0.511762
22	22500001	0.88866	0.900558	5	6	0.511762
22	23000001	0.932655	0.900558	5	6	0.511762
22	23500001	0.960239	0.900558	5	6	0.511762
22	24000001	0.948612	0.900558	5	6	0.511762
22	24500001	0.933653	0.900558	5	6	0.511762
22	25000001	0.901773	0.900558	5	6	0.511762
22	25500001	0.901668	0.900558	5	6	0.511762
22	26000001	0.891947	0.900558	5	6	0.511762
22	26500001	0.897318	0.900558	5	6	0.511762
22	27000001	0.913494	0.900558	5	6	0.511762
22	27500001	0.899448	0.900558	5	6	0.511762
22	28000001	0.87978	0.900558	5	6	0.511762
22	28500001	0.86434	0.900558	5	6	0.511762
22	29000001	0.92163	0.900558	5	6	0.511762
22	29500001	0.889041	0.900558	5	6	0.511762
22	30000001	0.95689	0.900558	5	6	0.511762
22	30500001	0.876939	0.900558	5	6	0.511762
22	31000001	0.903634	0.900558	5	6	0.511762
22	31500001	0.860833	0.900558	5	6	0.511762
22	32000001	0.838086	0.900558	5	6	0.511762
22	32500001	0.866731	0.900558	5	6	0.511762
22	33000001	0.827572	0.900558	5	6	0.511762
22	33500001	0.817404	0.900558	5	6	0.511762
22	34000001	0.821426	0.900558	5	6	0.511762
22	34500001	0.878451	0.900558	5	6	0.511762
22	35000001	0.848228	0.900558	5	6	0.511762
22	35500001	0.862422	0.900558	5	6	0.511762
22	36000001	0.884061	0.900558	5	6	0.511762
22	36500001	0.902055	0.900558	5	6	0.511762
22	37000001	1.07157	0.900558	5	6	0.511762
22	37500001	1.02431	0.900558	5	6	0.511762
22	38000001	0.981226	0.900558	5	6	0.511762
22	38500001	0.944664	0.900558	5	6	0.511762
22	39000001	0.991721	0.900558	5	6	0.511762
22	39500001	0.863635	0.900558	5	6	0.511762
22	40000001	0.865493	0.900558	5	6	0.511762
22	40500001	0.824282	0.900558	5	6	0.511762
22	41000001	0.915048	0.900558	5	6	0.511762
22	41500001	0.943729	0.900558	5	6	0.511762
22	42000001	0.933869	0.900558	5	6	0.511762
22	42500001	1.05067	0.900558	5	6	0.511762
22	43000001	0.958755	0.900558	5	0	0
22	43500001	0.857006	0.883064	5	0	0
22	44000001	0.907594	0.883064	5	0	0
22	44500001	0.883064	0.883064	5	0	0
22	45000001	0.862714	0.883064	5	0	0
22	45500001	0.904938	0.883064	5	0	0
22	46000001	0.983121	0.883064	5	0	0
22	46500001	0.943536	0.883064	5	0	0
22	47000001	0.890566	0.883064	5	0	0
22	47500001	0.798694	0.883064	5	0	0
22	48000001	0.824423	0.883064	5	0	0
22	48500001	0.877311	0.883064	5	0	0
22	49000001	0.81754	0.883064	5	0	0
22	49500001	0.923514	0.883064	5	0	0
22	50000001	1.06945	0.883064	5	0	0
22	50500001	0.618468	0.883064	5	0	0
3	1	1.21211	1.1635	7	0	0
3	500001	1.20126	1.1635	7	0	0
3	1000001	1.17377	1.1635	7	0	0
3	1500001	1.12056	1.1635	7	0	0
3	2000001	1.14704	1.1635	7	0	0
3	2500001	1.15132	1.1635	7	0	0
3	3000001	1.1813	1.1635	7	0	0
3	3500001	1.11484	1.1635	7	0	0
3	4000001	1.27055	1.1635	7	0	0
3	4500001	1.31067	1.1635	7	0	0
3	5000001	1.2369	1.1635	7	0	0
3	5500001	1.18757	1.1635	7	0	0
3	6000001	1.13703	1.1635	7	0	0
3	6500001	1.12958	1.1635	7	0	0
3	7000001	1.13815	1.1635	7	0	0
3	7500001	1.15323	1.1635	7	8	0.370327
3	8000001	1.20642	1.22052	7	8	0.370327
3	8500001	1.25976	1.22052	7	8	0.370327
3	9000001	1.2321	1.22052	7	8	0.370327
3	9500001	1.25781	1.22052	7	8	0.370327
3	10000001	1.27577	1.22052	7	8	0.370327
3	10500001	1.26945	1.22052	7	8	0.370327
3	11000001	1.23565	1.22052	7	8	0.370327
3	11500001	1.22482	1.22052	7	8	0.370327
3	12000001	1.29458	1.22052	7	8	0.370327
3	12500001	1.22204	1.22052	7	8	0.370327
3	13000001	1.34601	1.22052	7	8	0.370327
3	13500001	1.31781	1.22052	7	8	0.370327
3	14000001	1.27905	1.22052	7	8	0.370327
3	14500001	1.30442	1.22052	7	8	0.370327
3	15000001	1.23993	1.22052	7	8	0.370327
3	15500001	1.33539	1.22052	7	8	0.370327
3	16000001	1.23941	1.22052	7	8	0.370327
3	16500001	1.264	1.22052	7	8	0.370327
3	17000001	1.22909	1.22052	7	8	0.370327
3	17500001	1.20899	1.22052	7	8	0.370327
3	18000001	1.21031	1.22052	7	8	0.370327
3	18500001	1.19491	1.22052	7	8	0.370327
3	19000001	1.2119	1.22052	7	8	0.370327
3	19500001	1.20151	1.22052	7	8	0.370327
3	20000001	1.16495	1.22052	7	8	0.370327
3	20500001	1.16105	1.22052	7	8	0.370327
3	21000001	1.23302	1.22052	7	8	0.370327
3	21500001	1.22052	1.22052	7	8	0.370327
3	22000001	1.21666	1.22052	7	8	0.370327
3	22500001	1.27597	1.22052	7	8	0.370327
3	23000001	1.19252	1.22052	7	8	0.370327
3	23500001	1.22717	1.22052	7	8	0.370327
3	24000001	1.25647	1.22052	7	8	0.370327
3	24500001	1.23734	1.22052	7	8	0.370327
3	25000001	1.19307	1.22052	7	8	0.370327
3	25500001	1.19907	1.22052	7	8	0.370327
3	26000001	1.1919	1.22052	7	8	0.370327
3	26500001	1.17723	1.22052	7	8	0.370327
3	27000001	1.23591	1.22052	7	8	0.370327
3	27500001	1.17671	1.22052	7	8	0.370327
3	28000001	1.19251	1.22052	7	8	0.370327
3	28500001	1.248	1.22052	7	8	0.370327
3	29000001	1.29676	1.22052	7	8	0.370327
3	29500001	1.29452	1.22052	7	8	0.370327
3	30000001	1.29206	1.22052	7	8	0.370327
3	30500001	1.29747	1.22052	7	8	0.370327
3	31000001	1.25164	1.22052	7	8	0.370327
3	31500001	1.18363	1.22052	7	8	0.370327
3	32000001	1.23543	1.22052	7	8	0.370327
3	32500001	1.17933	1.22052	7	8	0.370327
3	33000001	1.21061	1.22052	7	8	0.370327
3	33500001	1.2578	1.22052	7	8	0.370327
3	34000001	1.18019	1.22052	7	8	0.370327
3	34500001	1.18144	1.22052	7	8	0.370327
3	35000001	1.20249	1.22052	7	8	0.370327
3	35500001	1.24422	1.22052	7	8	0.370327
3	36000001	1.20967	1.22052	7	8	0.370327
3	36500001	1.18951	1.22052	7	8	0.370327
3	37000001	1.29162	1.22052	7	8	0.370327
3	37500001	1.28042	1.22052	7	8	0.370327
3	38000001	1.28169	1.22052	7	8	0.370327
3	38500001	1.18443	1.22052	7	8	0.370327
3	39000001	1.2322	1.22052	7	8	0.370327
3	39500001	1.20078	1.22052	7	8	0.370327
3	40000001	1.2142	1.22052	7	8	0.370327
3	40500001	1.2719	1.22052	7	8	0.370327
3	41000001	1.16975	1.22052	7	8	0.370327
3	41500001	1.20401	1.22052	7	8	0.370327
3	42000001	1.25444	1.22052	7	8	0.370327
3	42500001	1.21139	1.22052	7	8	0.370327
3	43000001	1.26581	1.22052	7	8	0.370327
3	43500001	1.26903	1.22052	7	8	0.370327
3	44000001	1.24037	1.22052	7	8	0.370327
3	44500001	1.26686	1.22052	7	8	0.370327
3	45000001	1.25395	1.22052	7	8	0.370327
3	45500001	1.25618	1.22052	7	8	0.370327
3	46000001	1.30552	1.22052	7	8	0.370327
3	46500001	1.28005	1.22052	7	8	0.370327
3	47000001	1.22235	1.22052	7	8	0.370327
3	47500001	1.24735	1.22052	7	8	0.370327
3	48000001	1.26414	1.22052	7	8	0.370327
3	48500001	1.30383	1.22052	7	8	0.370327
3	49000001	1.33425	1.22052	7	8	0.370327
3	49500001	1.36671	1.22052	7	8	0.370327
3	50000001	1.45777	1.22052	7	8	0.370327
3	50500001	1.27382	1.22052	7	8	0.370327
3	51000001	1.20335	1.22052	7	8	0.370327
3	51500001	1.28269	1.22052	7	8	0.370327
3	52000001	1.42896	1.22052	7	8	0.370327
3	52500001	1.26836	1.22052	7	8	0.370327
3	53000001	1.28907	1.22052	7	8	0.370327
3	53500001	1.21582	1.22052	7	8	0.370327
3	54000001	1.18657	1.22052	7	8	0.370327
3	54500001	1.09486	1.22052	7	8	0.370327
3	55000001	1.12172	1.22052	7	8	0.370327
3	55500001	1.13473	1.22052	7	8	0.370327
3	56000001	1.22134	1.22052	7	8	0.370327
3	56500001	1.25141	1.22052	7	8	0.370327
3	57000001	1.19223	1.22052	7	8	0.370327
3	57500001	1.24696	1.22052	7	8	0.370327
3	58000001	1.31598	1.22052	7	8	0.370327
3	58500001	1.26772	1.22052	7	8	0.370327
3	59000001	1.19665	1.22052	7	8	0.370327
3	59500001	1.19115	1.22052	7	8	0.370327
3	60000001	1.12957	1.22052	7	8	0.370327
3	60500001	1.17387	1.22052	7	8	0.370327
3	61000001	1.1982	1.22052	7	8	0.370327
3	61500001	1.26966	1.22052	7	8	0.370327
3	62000001	1.23577	1.22052	7	8	0.370327
3	62500001	1.18893	1.22052	7	8	0.370327
3	63000001	1.18736	1.22052	7	8	0.370327
3	63500001	1.23169	1.22052	7	8	0.370327
3	64000001	1.23622	1.22052	7	8	0.370327
3	64500001	1.23124	1.22052	7	8	0.370327
3	65000001	1.21703	1.22052	7	8	0.370327
3	65500001	1.20762	1.22052	7	8	0.370327
3	66000001	1.21977	1.22052	7	8	0.370327
3	66500001	1.18525	1.22052	7	8	0.370327
3	67000001	1.18397	1.22052	7	8	0.370327
3	67500001	1.21378	1.22052	7	8	0.370327
3	68000001	1.17825	1.22052	7	8	0.370327
3	68500001	1.20014	1.22052	7	8	0.370327
3	69000001	1.21281	1.22052	7	8	0.370327
3	69500001	1.23633	1.22052	7	8	0.370327
3	70000001	1.19433	1.22052	7	8	0.370327
3	70500001	1.26393	1.22052	7	8	0.370327
3	71000001	1.16834	1.22052	7	8	0.370327
3	71500001	1.18929	1.22052	7	8	0.370327
3	72000001	1.18172	1.22052	7	8	0.370327
3	72500001	1.18405	1.22052	7	8	0.370327
3	73000001	1.16398	1.22052	7	8	0.370327
3	73500001	1.21164	1.22052	7	8	0.370327
3	74000001	1.18138	1.22052	7	8	0.370327
3	74500001	1.19092	1.22052	7	8	0.370327
3	75000001	1.13904	1.22052	7	8	0.370327
3	75500001	1.46836	1.22052	7	8	0.370327
3	76000001	1.22141	1.22052	7	8	0.370327
3	76500001	1.25886	1.22052	7	8	0.370327
3	77000001	1.22866	1.22052	7	8	0.370327
3	77500001	1.24105	1.22052	7	8	0.370327
3	78000001	1.15534	1.22052	7	8	0.370327
3	78500001	1.15989	1.22052	7	8	0.370327
3	79000001	1.17508	1.22052	7	8	0.370327
3	79500001	1.18055	1.22052	7	8	0.370327
3	80000001	1.17933	1.22052	7	8	0.370327
3	80500001	1.18022	1.22052	7	8	0.370327
3	81000001	1.20845	1.22052	7	8	0.370327
3	81500001	1.21523	1.22052	7	8	0.370327
3	82000001	1.20388	1.22052	7	8	0.370327
3	82500001	1.20509	1.22052	7	8	0.370327
3	83000001	1.19735	1.22052	7	8	0.370327
3	83500001	1.17291	1.22052	7	8	0.370327
3	84000001	1.28891	1.22052	7	8	0.370327
3	84500001	1.15785	1.22052	7	8	0.370327
3	85000001	1.24494	1.22052	7	8	0.370327
3	85500001	1.19391	1.22052	7	8	0.370327
3	86000001	1.19415	1.22052	7	8	0.370327
3	86500001	1.25596	1.22052	7	8	0.370327
3	87000001	1.30272	1.22052	7	8	0.370327
3	87500001	1.19152	1.22052	7	8	0.370327
3	88000001	1.18996	1.22052	7	8	0.370327
3	88500001	1.19039	1.22052	7	8	0.370327
3	89000001	1.15896	1.22052	7	8	0.370327
3	89500001	1.22134	1.22052	7	8	0.370327
3	90000001	1.29804	1.22052	7	0	0
3	90500001	2.23089	2.23089	13	0	0
3	91000001	1.3565	1.50188	9	0	0
3	91500001	1.63367	1.50188	9	0	0
3	92000001	1.56865	1.50188	9	0	0
3	92500001	1.43512	1.50188	9	0	0
3	93000001	4.47413	4.47413	27	9	0.281383
3	93500001	1.2955	1.27292	8	9	0.281383
3	94000001	1.26003	1.27292	8	9	0.281383
3	94500001	1.2713	1.27292	8	9	0.281383
3	95000001	1.23209	1.27292	8	9	0.281383
3	95500001	1.28313	1.27292	8	9	0.281383
3	96000001	1.20859	1.27292	8	9	0.281383
3	96500001	1.25353	1.27292	8	9	0.281383
3	97000001	1.21887	1.27292	8	9	0.281383
3	97500001	1.27453	1.27292	8	9	0.281383
3	98000001	1.26467	1.27292	8	9	0.281383
3	98500001	1.32476	1.27292	8	9	0.281383
3	99000001	1.34582	1.27292	8	9	0.281383
3	99500001	1.3246	1.27292	8	9	0.281383
3	100000001	1.29216	1.27292	8	9	0.281383
3	100500001	1.27689	1.27292	8	9	0.281383
3	101000001	1.25345	1.27292	8	9	0.281383
3	101500001	1.24547	1.27292	8	9	0.281383
3	102000001	1.3002	1.27292	8	9	0.281383
3	102500001	1.28327	1.27292	8	9	0.281383
3	103000001	1.20895	1.27292	8	9	0.281383
3	103500001	1.24417	1.27292	8	9	0.281383
3	104000001	1.24003	1.27292	8	9	0.281383
3	104500001	1.3087	1.27292	8	9	0.281383
3	105000001	1.31076	1.27292	8	9	0.281383
3	105500001	1.31312	1.27292	8	9	0.281383
3	106000001	1.26316	1.27292	8	9	0.281383
3	106500001	1.29058	1.27292	8	9	0.281383
3	107000001	1.26067	1.27292	8	9	0.281383
3	107500001	1.28378	1.27292	8	9	0.281383
3	108000001	1.23626	1.27292	8	0	0
3	108500001	1.08478	0.998773	6	0	0
3	109000001	0.91828	0.998773	6	0	0
3	109500001	0.984537	0.998773	6	0	0
3	110000001	1.0125	0.998773	6	0	0
3	110500001	1.01389	0.998773	6	0	0
3	111000001	0.971934	0.998773	6	0	0
3	111500001	1.081	0.998773	6	0	0
3	112000001	1.04535	0.998773	6	0	0
3	112500001	1.04209	0.998773	6	0	0
3	113000001	0.953394	0.998773	6	0	0
3	113500001	0.963248	0.998773	6	0	0
3	114000001	1.00362	0.998773	6	0	0
3	114500001	1.01182	0.998773	6	0	0
3	115000001	0.988849	0.998773	6	0	0
3	115500001	0.934727	0.998773	6	0	0
3	116000001	0.959751	0.998773	6	0	0
3	116500001	0.941244	0.998773	6	0	0
3	117000001	0.948027	0.998773	6	0	0
3	117500001	0.944071	0.998773	6	0	0
3	118000001	0.993704	0.998773	6	0	0
3	118500001	1.007	0.998773	6	0	0
3	119000001	0.965855	0.998773	6	0	0
3	119500001	0.990744	0.998773	6	0	0
3	120000001	1.05056	0.998773	6	0	0
3	120500001	0.985369	0.998773	6	0	0
3	121000001	1.00311	0.998773	6	0	0
3	121500001	0.976152	0.998773	6	0	0
3	122000001	0.983254	0.998773	6	0	0
3	122500001	1.0026	0.998773	6	0	0
3	123000001	0.978277	0.998773	6	0	0
3	123500001	0.988596	0.998773	6	0	0
3	124000001	1.04844	0.998773	6	0	0
3	124500001	1.01874	0.998773	6	0	0
3	125000001	1.00184	0.998773	6	0	0
3	125500001	1.00316	0.998773	6	0	0
3	126000001	1.02766	0.998773	6	0	0
3	126500001	0.977941	0.998773	6	0	0
3	127000001	1.03874	0.998773	6	0	0
3	127500001	0.994994	0.998773	6	0	0
3	128000001	1.05469	0.998773	6	0	0
3	128500001	1.02342	0.998773	6	0	0
3	129000001	1.07958	0.998773	6	0	0
3	129500001	1.02084	0.998773	6	0	0
3	130000001	0.994733	0.998773	6	0	0
3	130500001	1.02405	0.998773	6	0	0
3	131000001	0.974869	0.998773	6	0	0
3	131500001	1.00279	0.998773	6	0	0
3	132000001	0.962724	0.998773	6	0	0
3	132500001	1.00937	0.998773	6	0	0
3	133000001	1.0247	0.998773	6	0	0
3	133500001	0.94266	0.998773	6	0	0
3	134000001	1.00043	0.998773	6	0	0
3	134500001	1.03146	0.998773	6	0	0
3	135000001	0.963921	0.998773	6	0	0
3	135500001	0.967738	0.998773	6	0	0
3	136000001	0.990733	0.998773	6	0	0
3	136500001	0.920921	0.998773	6	0	0
3	137000001	0.982956	0.998773	6	0	0
3	137500001	0.982619	0.998773	6	0	0
3	138000001	0.973065	0.998773	6	0	0
3	138500001	0.926443	0.998773	6	0	0
3	139000001	0.973671	0.998773	6	0	0
3	139500001	0.947233	0.998773	6	0	0
3	140000001	0.895869	0.998773	6	0	0
3	140500001	1.00747	0.998773	6	0	0
3	141000001	1.06353	0.998773	6	0	0
3	141500001	0.936974	0.998773	6	0	0
3	142000001	1.03141	0.998773	6	0	0
3	142500001	0.968112	0.998773	6	0	0
3	143000001	1.00037	0.998773	6	0	0
3	143500001	0.999943	0.998773	6	0	0
3	144000001	0.964358	0.998773	6	0	0
3	144500001	0.974711	0.998773	6	0	0
3	145000001	0.985904	0.998773	6	0	0
3	145500001	1.02062	0.998773	6	0	0
3	146000001	1.02002	0.998773	6	0	0
3	146500001	1.03179	0.998773	6	0	0
3	147000001	0.970569	0.998773	6	0	0
3	147500001	0.989253	0.998773	6	0	0
3	148000001	0.947159	0.998773	6	0	0
3	148500001	1.00185	0.998773	6	0	0
3	149000001	0.998827	0.998773	6	0	0
3	149500001	1.00682	0.998773	6	0	0
3	150000001	1.01719	0.998773	6	0	0
3	150500001	0.997394	0.998773	6	0	0
3	151000001	0.998326	0.998773	6	0	0
3	151500001	0.998264	0.998773	6	0	0
3	152000001	1.03162	0.998773	6	0	0
3	152500001	0.999354	0.998773	6	0	0
3	153000001	0.98011	0.998773	6	0	0
3	153500001	0.984669	0.998773	6	0	0
3	154000001	1.06928	0.998773	6	0	0
3	154500001	0.984178	0.998773	6	0	0
3	155000001	0.88796	0.998773	6	0	0
3	155500001	0.970115	0.998773	6	0	0
3	156000001	1.02986	0.998773	6	0	0
3	156500001	1.012	0.998773	6	0	0
3	157000001	1.06552	0.998773	6	0	0
3	157500001	1.01486	0.998773	6	0	0
3	158000001	1.06571	0.998773	6	0	0
3	158500001	1.00078	0.998773	6	0	0
3	159000001	1.00642	0.998773	6	0	0
3	159500001	1.04684	0.998773	6	0	0
3	160000001	1.01461	0.998773	6	0	0
3	160500001	1.03514	0.998773	6	0	0
3	161000001	0.970282	0.998773	6	0	0
3	161500001	0.998719	0.998773	6	0	0
3	162000001	1.04029	0.998773	6	8	0.374299
3	162500001	1.23051	1.23051	7	8	0.374299
3	163000001	1.26678	1.23051	7	8	0.374299
3	163500001	1.26482	1.23051	7	8	0.374299
3	164000001	1.1854	1.23051	7	8	0.374299
3	164500001	1.25477	1.23051	7	8	0.374299
3	165000001	1.24672	1.23051	7	8	0.374299
3	165500001	1.2231	1.23051	7	8	0.374299
3	166000001	1.30054	1.23051	7	8	0.374299
3	166500001	1.22066	1.23051	7	8	0.374299
3	167000001	1.23769	1.23051	7	8	0.374299
3	167500001	1.22479	1.23051	7	8	0.374299
3	168000001	1.18661	1.23051	7	8	0.374299
3	168500001	1.28127	1.23051	7	8	0.374299
3	169000001	1.25367	1.23051	7	8	0.374299
3	169500001	1.20727	1.23051	7	8	0.374299
3	170000001	1.21465	1.23051	7	8	0.374299
3	170500001	1.20446	1.23051	7	8	0.374299
3	171000001	1.27893	1.23051	7	8	0.374299
3	171500001	1.32608	1.23051	7	8	0.374299
3	172000001	1.34636	1.23051	7	8	0.374299
3	172500001	1.23513	1.23051	7	8	0.374299
3	173000001	1.28867	1.23051	7	8	0.374299
3	173500001	1.21235	1.23051	7	8	0.374299
3	174000001	1.20205	1.23051	7	8	0.374299
3	174500001	1.17375	1.23051	7	8	0.374299
3	175000001	1.19523	1.23051	7	8	0.374299
3	175500001	1.17338	1.23051	7	8	0.374299
3	176000001	1.24625	1.23051	7	8	0.374299
3	176500001	1.21252	1.23051	7	8	0.374299
3	177000001	1.20225	1.23051	7	8	0.374299
3	177500001	1.21653	1.23051	7	8	0.374299
3	178000001	1.24646	1.23051	7	8	0.374299
3	178500001	1.23881	1.23051	7	8	0.374299
3	179000001	1.17716	1.23051	7	8	0.374299
3	179500001	1.16174	1.23051	7	8	0.374299
3	180000001	1.19919	1.23051	7	8	0.374299
3	180500001	1.20862	1.23051	7	8	0.374299
3	181000001	1.17484	1.23051	7	8	0.374299
3	181500001	1.11159	1.23051	7	8	0.374299
3	182000001	1.22511	1.23051	7	8	0.374299
3	182500001	1.23952	1.23051	7	8	0.374299
3	183000001	1.20775	1.23051	7	8	0.374299
3	183500001	1.26966	1.23051	7	8	0.374299
3	184000001	1.24646	1.23051	7	8	0.374299
3	184500001	1.24668	1.23051	7	8	0.374299
3	185000001	1.29662	1.23051	7	8	0.374299
3	185500001	1.22399	1.23051	7	8	0.374299
3	186000001	1.20992	1.23051	7	8	0.374299
3	186500001	1.1205	1.23051	7	8	0.374299
3	187000001	1.22218	1.23051	7	8	0.374299
3	187500001	1.24324	1.23051	7	8	0.374299
3	188000001	1.24909	1.23051	7	8	0.374299
3	188500001	1.25039	1.23051	7	8	0.374299
3	189000001	1.26965	1.23051	7	8	0.374299
3	189500001	1.19884	1.23051	7	8	0.374299
3	190000001	1.28658	1.23051	7	8	0.374299
3	190500001	1.22601	1.23051	7	8	0.374299
3	191000001	1.25005	1.23051	7	8	0.374299
3	191500001	1.22122	1.23051	7	8	0.374299
3	192000001	1.21607	1.23051	7	8	0.374299
3	192500001	1.17496	1.23051	7	8	0.374299
3	193000001	1.20214	1.23051	7	8	0.374299
3	193500001	1.23559	1.23051	7	8	0.374299
3	194000001	1.27052	1.23051	7	8	0.374299
3	194500001	1.27902	1.23051	7	8	0.374299
3	195000001	1.2499	1.23051	7	8	0.374299
3	195500001	1.37392	1.23051	7	8	0.374299
3	196000001	1.1832	1.23051	7	8	0.374299
3	196500001	1.25868	1.23051	7	8	0.374299
3	197000001	1.2432	1.23051	7	8	0.374299
3	197500001	1.27742	1.23051	7	0	0
3	198000001	-1	-1	-1	0	0
4	1	0.838269	0.847653	5	0	0
4	500001	0.869624	0.847653	5	0	0
4	1000001	0.839029	0.847653	5	0	0
4	1500001	0.856277	0.847653	5	0	0
4	2000001	0.769743	0.781836	5	0	0
4	2500001	0.756792	0.781836	5	0	0
4	3000001	0.800395	0.781836	5	0	0
4	3500001	0.825905	0.781836	5	0	0
4	4000001	0.720786	0.781836	5	0	0
4	4500001	0.759305	0.781836	5	0	0
4	5000001	0.69083	0.781836	5	0	0
4	5500001	0.714943	0.781836	5	0	0
4	6000001	0.803997	0.781836	5	0	0
4	6500001	0.799277	0.781836	5	0	0
4	7000001	0.771251	0.781836	5	0	0
4	7500001	0.843926	0.781836	5	0	0
4	8000001	0.874722	0.781836	5	0	0
4	8500001	0.792422	0.781836	5	5	0.369934
4	9000001	0.734309	0.725352	4	5	0.369934
4	9500001	0.704126	0.725352	4	5	0.369934
4	10000001	0.704773	0.725352	4	5	0.369934
4	10500001	0.724357	0.725352	4	5	0.369934
4	11000001	0.704543	0.725352	4	5	0.369934
4	11500001	0.692181	0.725352	4	5	0.369934
4	12000001	0.685316	0.725352	4	5	0.369934
4	12500001	0.737999	0.725352	4	5	0.369934
4	13000001	0.754427	0.725352	4	5	0.369934
4	13500001	0.705262	0.725352	4	5	0.369934
4	14000001	0.697561	0.725352	4	5	0.369934
4	14500001	0.750048	0.725352	4	5	0.369934
4	15000001	0.711221	0.725352	4	5	0.369934
4	15500001	0.733893	0.725352	4	5	0.369934
4	16000001	0.738768	0.725352	4	5	0.369934
4	16500001	0.687294	0.725352	4	5	0.369934
4	17000001	0.684415	0.725352	4	5	0.369934
4	17500001	0.72811	0.725352	4	5	0.369934
4	18000001	0.705567	0.725352	4	5	0.369934
4	18500001	0.731148	0.725352	4	5	0.369934
4	19000001	0.71305	0.725352	4	5	0.369934
4	19500001	0.685969	0.725352	4	5	0.369934
4	20000001	0.774066	0.725352	4	5	0.369934
4	20500001	0.722381	0.725352	4	5	0.369934
4	21000001	0.749076	0.725352	4	5	0.369934
4	21500001	0.757151	0.725352	4	5	0.369934
4	22000001	0.706151	0.725352	4	5	0.369934
4	22500001	0.715713	0.725352	4	5	0.369934
4	23000001	0.751879	0.725352	4	5	0.369934
4	23500001	0.686712	0.725352	4	5	0.369934
4	24000001	0.705861	0.725352	4	5	0.369934
4	24500001	0.708184	0.725352	4	5	0.369934
4	25000001	0.708754	0.725352	4	5	0.369934
4	25500001	0.730283	0.725352	4	5	0.369934
4	26000001	0.731797	0.725352	4	5	0.369934
4	26500001	0.71466	0.725352	4	5	0.369934
4	27000001	0.696442	0.725352	4	5	0.369934
4	27500001	0.715346	0.725352	4	5	0.369934
4	28000001	0.688178	0.725352	4	5	0.369934
4	28500001	0.711491	0.725352	4	5	0.369934
4	29000001	0.690247	0.725352	4	5	0.369934
4	29500001	0.685974	0.725352	4	5	0.369934
4	30000001	0.766769	0.725352	4	5	0.369934
4	30500001	0.714116	0.725352	4	5	0.369934
4	31000001	0.714288	0.725352	4	5	0.369934
4	31500001	0.739388	0.725352	4	5	0.369934
4	32000001	0.722785	0.725352	4	5	0.369934
4	32500001	0.724635	0.725352	4	5	0.369934
4	33000001	0.716347	0.725352	4	5	0.369934
4	33500001	0.742101	0.725352	4	5	0.369934
4	34000001	0.769459	0.725352	4	5	0.369934
4	34500001	0.734212	0.725352	4	5	0.369934
4	35000001	0.732962	0.725352	4	5	0.369934
4	35500001	0.758751	0.725352	4	5	0.369934
4	36000001	0.77548	0.725352	4	5	0.369934
4	36500001	0.747785	0.725352	4	5	0.369934
4	37000001	0.79187	0.725352	4	5	0.369934
4	37500001	0.745718	0.725352	4	5	0.369934
4	38000001	0.743253	0.725352	4	5	0.369934
4	38500001	0.770921	0.725352	4	5	0.369934
4	39000001	0.767637	0.725352	4	5	0.369934
4	39500001	0.750791	0.725352	4	5	0.369934
4	40000001	0.683033	0.725352	4	5	0.369934
4	40500001	0.724688	0.725352	4	5	0.369934
4	41000001	0.759318	0.725352	4	5	0.369934
4	41500001	0.799134	0.725352	4	5	0.369934
4	42000001	0.699343	0.725352	4	5	0.369934
4	42500001	0.761182	0.725352	4	5	0.369934
4	43000001	0.73416	0.725352	4	5	0.369934
4	43500001	0.714418	0.725352	4	5	0.369934
4	44000001	0.757828	0.725352	4	5	0.369934
4	44500001	0.716367	0.725352	4	5	0.369934
4	45000001	0.726929	0.725352	4	5	0.369934
4	45500001	0.682609	0.725352	4	5	0.369934
4	46000001	0.67761	0.725352	4	5	0.369934
4	46500001	0.726015	0.725352	4	5	0.369934
4	47000001	0.762216	0.725352	4	5	0.369934
4	47500001	0.792165	0.725352	4	5	0.369934
4	48000001	0.762403	0.725352	4	5	0.369934
4	48500001	0.769746	0.725352	4	0	0
4	49000001	-1	-1	-1	0	0
4	49500001	2.12957	2.12957	13	0	0
4	50000001	1.22696	1.22696	7	0	0
4	50500001	0.979187	0.979187	6	5	0.258601
4	51000001	0.741153	0.738634	4	5	0.258601
4	51500001	0.724465	0.738634	4	5	0.258601
4	52000001	0.708037	0.738634	4	5	0.258601
4	52500001	0.72975	0.738634	4	5	0.258601
4	53000001	0.719189	0.738634	4	5	0.258601
4	53500001	0.742808	0.738634	4	5	0.258601
4	54000001	0.747086	0.738634	4	5	0.258601
4	54500001	0.701049	0.738634	4	5	0.258601
4	55000001	0.708977	0.738634	4	5	0.258601
4	55500001	0.734661	0.738634	4	5	0.258601
4	56000001	0.713216	0.738634	4	5	0.258601
4	56500001	0.72361	0.738634	4	5	0.258601
4	57000001	0.756298	0.738634	4	5	0.258601
4	57500001	0.719591	0.738634	4	5	0.258601
4	58000001	0.758571	0.738634	4	5	0.258601
4	58500001	0.752833	0.738634	4	5	0.258601
4	59000001	0.745229	0.738634	4	5	0.258601
4	59500001	0.72264	0.738634	4	5	0.258601
4	60000001	0.717074	0.738634	4	5	0.258601
4	60500001	0.727121	0.738634	4	5	0.258601
4	61000001	0.730449	0.738634	4	5	0.258601
4	61500001	0.716351	0.738634	4	5	0.258601
4	62000001	0.670839	0.738634	4	5	0.258601
4	62500001	0.699965	0.738634	4	5	0.258601
4	63000001	0.700203	0.738634	4	5	0.258601
4	63500001	0.770431	0.738634	4	5	0.258601
4	64000001	0.731104	0.738634	4	5	0.258601
4	64500001	0.765828	0.738634	4	5	0.258601
4	65000001	0.742566	0.738634	4	5	0.258601
4	65500001	0.756568	0.738634	4	5	0.258601
4	66000001	0.752413	0.738634	4	5	0.258601
4	66500001	0.762716	0.738634	4	5	0.258601
4	67000001	0.757296	0.738634	4	5	0.258601
4	67500001	0.721699	0.738634	4	5	0.258601
4	68000001	0.716149	0.738634	4	5	0.258601
4	68500001	0.628805	0.738634	4	5	0.258601
4	69000001	0.745536	0.738634	4	5	0.258601
4	69500001	0.709572	0.738634	4	5	0.258601
4	70000001	0.764695	0.738634	4	5	0.258601
4	70500001	0.705559	0.738634	4	5	0.258601
4	71000001	0.726573	0.738634	4	5	0.258601
4	71500001	0.694413	0.738634	4	5	0.258601
4	72000001	0.729639	0.738634	4	5	0.258601
4	72500001	0.720918	0.738634	4	5	0.258601
4	73000001	0.76856	0.738634	4	5	0.258601
4	73500001	0.780628	0.738634	4	5	0.258601
4	74000001	0.782658	0.738634	4	5	0.258601
4	74500001	0.793871	0.738634	4	5	0.258601
4	75000001	0.753484	0.738634	4	5	0.258601
4	75500001	0.758243	0.738634	4	5	0.258601
4	76000001	0.746172	0.738634	4	5	0.258601
4	76500001	0.776973	0.738634	4	5	0.258601
4	77000001	0.770944	0.738634	4	5	0.258601
4	77500001	0.792386	0.738634	4	5	0.258601
4	78000001	0.801611	0.738634	4	5	0.258601
4	78500001	0.765326	0.738634	4	5	0.258601
4	79000001	0.74851	0.738634	4	5	0.258601
4	79500001	0.80722	0.738634	4	5	0.258601
4	80000001	0.774571	0.738634	4	5	0.258601
4	80500001	0.754847	0.738634	4	5	0.258601
4	81000001	0.742782	0.738634	4	5	0.258601
4	81500001	0.722929	0.738634	4	5	0.258601
4	82000001	0.70738	0.738634	4	5	0.258601
4	82500001	0.76711	0.738634	4	5	0.258601
4	83000001	0.746573	0.738634	4	5	0.258601
4	83500001	0.748006	0.738634	4	5	0.258601
4	84000001	0.741998	0.738634	4	5	0.258601
4	84500001	0.757532	0.738634	4	5	0.258601
4	85000001	0.759881	0.738634	4	5	0.258601
4	85500001	0.73712	0.738634	4	5	0.258601
4	86000001	0.734152	0.738634	4	5	0.258601
4	86500001	0.697287	0.738634	4	5	0.258601
4	87000001	0.724142	0.738634	4	5	0.258601
4	87500001	0.773736	0.738634	4	5	0.258601
4	88000001	0.688634	0.738634	4	5	0.258601
4	88500001	0.72622	0.738634	4	5	0.258601
4	89000001	0.743362	0.738634	4	5	0.258601
4	89500001	0.726901	0.738634	4	5	0.258601
4	90000001	0.715506	0.738634	4	5	0.258601
4	90500001	0.724369	0.738634	4	5	0.258601
4	91000001	0.705388	0.738634	4	5	0.258601
4	91500001	0.726634	0.738634	4	5	0.258601
4	92000001	0.732104	0.738634	4	5	0.258601
4	92500001	0.721378	0.738634	4	5	0.258601
4	93000001	0.706568	0.738634	4	5	0.258601
4	93500001	0.701519	0.738634	4	5	0.258601
4	94000001	0.746584	0.738634	4	5	0.258601
4	94500001	0.743812	0.738634	4	5	0.258601
4	95000001	0.738196	0.738634	4	5	0.258601
4	95500001	0.685777	0.738634	4	5	0.258601
4	96000001	0.705598	0.738634	4	5	0.258601
4	96500001	0.701138	0.738634	4	5	0.258601
4	97000001	0.710458	0.738634	4	5	0.258601
4	97500001	0.736263	0.738634	4	5	0.258601
4	98000001	0.744551	0.738634	4	5	0.258601
4	98500001	0.772638	0.738634	4	5	0.258601
4	99000001	0.732255	0.738634	4	5	0.258601
4	99500001	0.722234	0.738634	4	5	0.258601
4	100000001	0.731647	0.738634	4	5	0.258601
4	100500001	0.785945	0.738634	4	5	0.258601
4	101000001	0.76679	0.738634	4	5	0.258601
4	101500001	0.834164	0.738634	4	5	0.258601
4	102000001	0.762426	0.738634	4	5	0.258601
4	102500001	0.728441	0.738634	4	5	0.258601
4	103000001	0.729426	0.738634	4	5	0.258601
4	103500001	0.742498	0.738634	4	5	0.258601
4	104000001	0.748206	0.738634	4	5	0.258601
4	104500001	0.640453	0.738634	4	5	0.258601
4	105000001	0.770318	0.738634	4	5	0.258601
4	105500001	0.743195	0.738634	4	5	0.258601
4	106000001	0.752683	0.738634	4	5	0.258601
4	106500001	0.735939	0.738634	4	5	0.258601
4	107000001	0.744304	0.738634	4	5	0.258601
4	107500001	0.755837	0.738634	4	5	0.258601
4	108000001	0.700858	0.738634	4	5	0.258601
4	108500001	0.684502	0.738634	4	5	0.258601
4	109000001	0.735499	0.738634	4	5	0.258601
4	109500001	0.733403	0.738634	4	5	0.258601
4	110000001	0.714214	0.738634	4	5	0.258601
4	110500001	0.71401	0.738634	4	5	0.258601
4	111000001	0.748401	0.738634	4	5	0.258601
4	111500001	0.754413	0.738634	4	5	0.258601
4	112000001	0.745645	0.738634	4	5	0.258601
4	112500001	0.696913	0.738634	4	5	0.258601
4	113000001	0.749464	0.738634	4	5	0.258601
4	113500001	0.7226	0.738634	4	5	0.258601
4	114000001	0.775675	0.738634	4	5	0.258601
4	114500001	0.751484	0.738634	4	5	0.258601
4	115000001	0.772681	0.738634	4	5	0.258601
4	115500001	0.752878	0.738634	4	5	0.258601
4	116000001	0.760446	0.738634	4	5	0.258601
4	116500001	0.753862	0.738634	4	5	0.258601
4	117000001	0.768977	0.738634	4	5	0.258601
4	117500001	0.725681	0.738634	4	5	0.258601
4	118000001	0.747388	0.738634	4	5	0.258601
4	118500001	0.764011	0.738634	4	5	0.258601
4	119000001	0.72167	0.738634	4	5	0.258601
4	119500001	0.748931	0.738634	4	5	0.258601
4	120000001	0.731565	0.738634	4	5	0.258601
4	120500001	0.709509	0.738634	4	5	0.258601
4	121000001	0.72581	0.738634	4	5	0.258601
4	121500001	0.793472	0.738634	4	5	0.258601
4	122000001	0.754744	0.738634	4	5	0.258601
4	122500001	0.735	0.738634	4	5	0.258601
4	123000001	0.736403	0.738634	4	5	0.258601
4	123500001	0.743834	0.738634	4	5	0.258601
4	124000001	0.755257	0.738634	4	5	0.258601
4	124500001	0.783924	0.738634	4	5	0.258601
4	125000001	0.758893	0.738634	4	5	0.258601
4	125500001	0.76764	0.738634	4	5	0.258601
4	126000001	0.746563	0.738634	4	5	0.258601
4	126500001	0.802423	0.738634	4	5	0.258601
4	127000001	0.738772	0.738634	4	5	0.258601
4	127500001	0.749286	0.738634	4	5	0.258601
4	128000001	0.742072	0.738634	4	5	0.258601
4	128500001	0.723844	0.738634	4	5	0.258601
4	129000001	0.746672	0.738634	4	5	0.258601
4	129500001	0.74285	0.738634	4	5	0.258601
4	130000001	0.697441	0.738634	4	5	0.258601
4	130500001	0.708839	0.738634	4	5	0.258601
4	131000001	0.680925	0.738634	4	5	0.258601
4	131500001	0.657397	0.738634	4	5	0.258601
4	132000001	0.6804	0.738634	4	5	0.258601
4	132500001	0.775705	0.738634	4	5	0.258601
4	133000001	0.724462	0.738634	4	5	0.258601
4	133500001	0.719417	0.738634	4	5	0.258601
4	134000001	0.740486	0.738634	4	5	0.258601
4	134500001	0.737334	0.738634	4	5	0.258601
4	135000001	0.787041	0.738634	4	5	0.258601
4	135500001	0.806659	0.738634	4	5	0.258601
4	136000001	0.740802	0.738634	4	5	0.258601
4	136500001	0.779033	0.738634	4	5	0.258601
4	137000001	0.749331	0.738634	4	5	0.258601
4	137500001	0.780895	0.738634	4	5	0.258601
4	138000001	0.775391	0.738634	4	5	0.258601
4	138500001	0.774423	0.738634	4	5	0.258601
4	139000001	0.753937	0.738634	4	5	0.258601
4	139500001	0.758371	0.738634	4	5	0.258601
4	140000001	0.704235	0.738634	4	5	0.258601
4	140500001	0.748508	0.738634	4	5	0.258601
4	141000001	0.737484	0.738634	4	5	0.258601
4	141500001	0.713326	0.738634	4	5	0.258601
4	142000001	0.772789	0.738634	4	5	0.258601
4	142500001	0.786588	0.738634	4	5	0.258601
4	143000001	0.785378	0.738634	4	5	0.258601
4	143500001	0.736991	0.738634	4	5	0.258601
4	144000001	0.749736	0.738634	4	5	0.258601
4	144500001	0.725845	0.738634	4	5	0.258601
4	145000001	0.725709	0.738634	4	5	0.258601
4	145500001	0.743508	0.738634	4	5	0.258601
4	146000001	0.758547	0.738634	4	5	0.258601
4	146500001	0.742473	0.738634	4	5	0.258601
4	147000001	0.739895	0.738634	4	5	0.258601
4	147500001	0.71065	0.738634	4	5	0.258601
4	148000001	0.698596	0.738634	4	5	0.258601
4	148500001	0.738973	0.738634	4	5	0.258601
4	149000001	0.711914	0.738634	4	5	0.258601
4	149500001	0.748863	0.738634	4	5	0.258601
4	150000001	0.741044	0.738634	4	5	0.258601
4	150500001	0.793613	0.738634	4	5	0.258601
4	151000001	0.741577	0.738634	4	5	0.258601
4	151500001	0.738495	0.738634	4	5	0.258601
4	152000001	0.749554	0.738634	4	5	0.258601
4	152500001	0.73263	0.738634	4	5	0.258601
4	153000001	0.692033	0.738634	4	5	0.258601
4	153500001	0.741903	0.738634	4	5	0.258601
4	154000001	0.693251	0.738634	4	5	0.258601
4	154500001	0.743039	0.738634	4	5	0.258601
4	155000001	0.715371	0.738634	4	5	0.258601
4	155500001	0.736366	0.738634	4	5	0.258601
4	156000001	0.786372	0.738634	4	5	0.258601
4	156500001	0.803072	0.738634	4	5	0.258601
4	157000001	0.8735	0.738634	4	5	0.258601
4	157500001	0.776325	0.738634	4	5	0.258601
4	158000001	0.75014	0.738634	4	5	0.258601
4	158500001	0.76247	0.738634	4	5	0.258601
4	159000001	0.740882	0.738634	4	5	0.258601
4	159500001	0.756178	0.738634	4	5	0.258601
4	160000001	0.739656	0.738634	4	5	0.258601
4	160500001	0.710401	0.738634	4	5	0.258601
4	161000001	0.732356	0.738634	4	5	0.258601
4	161500001	0.77888	0.738634	4	5	0.258601
4	162000001	0.731233	0.738634	4	5	0.258601
4	162500001	0.727869	0.738634	4	5	0.258601
4	163000001	0.675456	0.738634	4	5	0.258601
4	163500001	0.731779	0.738634	4	5	0.258601
4	164000001	0.737753	0.738634	4	5	0.258601
4	164500001	0.649877	0.738634	4	5	0.258601
4	165000001	0.706164	0.738634	4	5	0.258601
4	165500001	0.722611	0.738634	4	5	0.258601
4	166000001	0.75808	0.738634	4	5	0.258601
4	166500001	0.780681	0.738634	4	5	0.258601
4	167000001	0.723415	0.738634	4	5	0.258601
4	167500001	0.712939	0.738634	4	5	0.258601
4	168000001	0.769083	0.738634	4	5	0.258601
4	168500001	0.776476	0.738634	4	5	0.258601
4	169000001	0.725883	0.738634	4	5	0.258601
4	169500001	0.716515	0.738634	4	5	0.258601
4	170000001	0.708506	0.738634	4	5	0.258601
4	170500001	0.744421	0.738634	4	5	0.258601
4	171000001	0.744061	0.738634	4	5	0.258601
4	171500001	0.691977	0.738634	4	5	0.258601
4	172000001	0.718729	0.738634	4	5	0.258601
4	172500001	0.724135	0.738634	4	5	0.258601
4	173000001	0.724043	0.738634	4	5	0.258601
4	173500001	0.685722	0.738634	4	5	0.258601
4	174000001	0.711562	0.738634	4	5	0.258601
4	174500001	0.74905	0.738634	4	5	0.258601
4	175000001	0.710101	0.738634	4	5	0.258601
4	175500001	0.758878	0.738634	4	5	0.258601
4	176000001	0.693694	0.738634	4	5	0.258601
4	176500001	0.740864	0.738634	4	5	0.258601
4	177000001	0.728012	0.738634	4	5	0.258601
4	177500001	0.752063	0.738634	4	5	0.258601
4	178000001	0.739613	0.738634	4	5	0.258601
4	178500001	0.69881	0.738634	4	5	0.258601
4	179000001	0.695256	0.738634	4	5	0.258601
4	179500001	0.704575	0.738634	4	5	0.258601
4	180000001	0.728212	0.738634	4	5	0.258601
4	180500001	0.684055	0.738634	4	5	0.258601
4	181000001	0.654585	0.738634	4	5	0.258601
4	181500001	0.721609	0.738634	4	5	0.258601
4	182000001	0.722494	0.738634	4	5	0.258601
4	182500001	0.748473	0.738634	4	5	0.258601
4	183000001	0.702619	0.738634	4	5	0.258601
4	183500001	0.718132	0.738634	4	5	0.258601
4	184000001	0.730055	0.738634	4	5	0.258601
4	184500001	0.732665	0.738634	4	5	0.258601
4	185000001	0.700795	0.738634	4	5	0.258601
4	185500001	0.732602	0.738634	4	0	0
4	186000001	0.663312	0.660867	4	0	0
4	186500001	0.654714	0.660867	4	0	0
4	187000001	0.698768	0.660867	4	0	0
4	187500001	0.658423	0.660867	4	0	0
4	188000001	0.603317	0.660867	4	0	0
4	188500001	0.675003	0.660867	4	0	0
4	189000001	0.640087	0.660867	4	0	0
4	189500001	0.69104	0.660867	4	0	0
4	190000001	-1	-1	-1	0	0
5	1	1.65878	1.66669	10	0	0
5	500001	1.66669	1.66669	10	0	0
5	1000001	1.80622	1.66669	10	0	0
5	1500001	1.54112	1.47439	9	0	0
5	2000001	1.39813	1.47439	9	0	0
5	2500001	1.32074	1.47439	9	0	0
5	3000001	1.33388	1.47439	9	0	0
5	3500001	1.38534	1.47439	9	0	0
5	4000001	1.33499	1.47439	9	0	0
5	4500001	1.51014	1.47439	9	0	0
5	5000001	1.4628	1.47439	9	0	0
5	5500001	1.46551	1.47439	9	0	0
5	6000001	1.39766	1.47439	9	0	0
5	6500001	1.47314	1.47439	9	0	0
5	7000001	1.43152	1.47439	9	0	0
5	7500001	1.40152	1.47439	9	0	0
5	8000001	1.3105	1.47439	9	0	0
5	8500001	1.15386	1.47439	9	0	0
5	9000001	1.19156	1.47439	9	0	0
5	9500001	1.3565	1.47439	9	0	0
5	10000001	1.51883	1.47439	9	0	0
5	10500001	1.55578	1.47439	9	0	0
5	11000001	1.47593	1.47439	9	0	0
5	11500001	1.45487	1.47439	9	0	0
5	12000001	1.43999	1.47439	9	0	0
5	12500001	1.47632	1.47439	9	0	0
5	13000001	1.51721	1.47439	9	0	0
5	13500001	1.57704	1.47439	9	0	0
5	14000001	1.58131	1.47439	9	0	0
5	14500001	1.59253	1.47439	9	0	0
5	15000001	1.47772	1.47439	9	0	0
5	15500001	1.48352	1.47439	9	0	0
5	16000001	1.43756	1.47439	9	0	0
5	16500001	1.44372	1.47439	9	0	0
5	17000001	1.48037	1.47439	9	0	0
5	17500001	1.98544	1.47439	9	0	0
5	18000001	1.45822	1.47439	9	0	0
5	18500001	1.4789	1.47439	9	0	0
5	19000001	1.44051	1.47439	9	0	0
5	19500001	1.52419	1.47439	9	0	0
5	20000001	1.47417	1.47439	9	0	0
5	20500001	1.40018	1.47439	9	0	0
5	21000001	1.50048	1.47439	9	0	0
5	21500001	1.41108	1.47439	9	0	0
5	22000001	1.36653	1.47439	9	0	0
5	22500001	1.46396	1.47439	9	0	0
5	23000001	1.38365	1.47439	9	0	0
5	23500001	1.38217	1.47439	9	0	0
5	24000001	1.43317	1.47439	9	0	0
5	24500001	1.45328	1.47439	9	0	0
5	25000001	1.37356	1.47439	9	0	0
5	25500001	1.3671	1.47439	9	0	0
5	26000001	1.38385	1.47439	9	0	0
5	26500001	1.54475	1.47439	9	0	0
5	27000001	1.47974	1.47439	9	0	0
5	27500001	1.53503	1.47439	9	0	0
5	28000001	1.49417	1.47439	9	0	0
5	28500001	1.44338	1.47439	9	0	0
5	29000001	1.42071	1.47439	9	0	0
5	29500001	1.44525	1.47439	9	0	0
5	30000001	1.49737	1.47439	9	0	0
5	30500001	1.47461	1.47439	9	0	0
5	31000001	1.52774	1.47439	9	0	0
5	31500001	1.51548	1.47439	9	0	0
5	32000001	1.49346	1.47439	9	0	0
5	32500001	1.48007	1.47439	9	0	0
5	33000001	1.53259	1.47439	9	0	0
5	33500001	1.55921	1.47439	9	0	0
5	34000001	1.80759	1.47439	9	0	0
5	34500001	1.51397	1.47439	9	0	0
5	35000001	1.47723	1.47439	9	0	0
5	35500001	1.46324	1.47439	9	0	0
5	36000001	1.50705	1.47439	9	0	0
5	36500001	1.50983	1.47439	9	0	0
5	37000001	1.45951	1.47439	9	0	0
5	37500001	1.48686	1.47439	9	0	0
5	38000001	1.43922	1.47439	9	0	0
5	38500001	1.48781	1.47439	9	0	0
5	39000001	1.503	1.47439	9	0	0
5	39500001	1.55248	1.47439	9	0	0
5	40000001	1.58917	1.47439	9	0	0
5	40500001	1.46753	1.47439	9	0	0
5	41000001	1.49068	1.47439	9	0	0
5	41500001	1.48743	1.47439	9	0	0
5	42000001	1.53211	1.47439	9	0	0
5	42500001	1.46835	1.47439	9	0	0
5	43000001	1.5589	1.47439	9	0	0
5	43500001	1.54247	1.47439	9	0	0
5	44000001	1.53219	1.47439	9	0	0
5	44500001	1.31	1.47439	9	0	0
5	45000001	1.23962	1.47439	9	0	0
5	45500001	1.27475	1.47439	9	0	0
5	46000001	1.25407	1.47439	9	0	0
5	46500001	0.686816	0.686816	4	0	0
5	47000001	1.48219	1.50677	9	0	0
5	47500001	1.48252	1.50677	9	0	0
5	48000001	1.53103	1.50677	9	0	0
5	48500001	1.92998	1.50677	9	0	0
5	49000001	2.65901	2.65901	16	0	0
5	49500001	6.31335	6.31335	38	7	0.624716
5	50000001	1.62357	1.25861	8	7	0.624716
5	50500001	1.22225	1.25861	8	7	0.624716
5	51000001	1.25948	1.25861	8	7	0.624716
5	51500001	1.29144	1.25861	8	7	0.624716
5	52000001	1.29655	1.25861	8	7	0.624716
5	52500001	1.35032	1.25861	8	7	0.624716
5	53000001	1.37002	1.25861	8	7	0.624716
5	53500001	1.29387	1.25861	8	7	0.624716
5	54000001	1.2616	1.25861	8	7	0.624716
5	54500001	1.28735	1.25861	8	7	0.624716
5	55000001	1.29346	1.25861	8	7	0.624716
5	55500001	1.27949	1.25861	8	7	0.624716
5	56000001	1.27109	1.25861	8	7	0.624716
5	56500001	1.28292	1.25861	8	7	0.624716
5	57000001	1.25575	1.25861	8	7	0.624716
5	57500001	1.32177	1.25861	8	7	0.624716
5	58000001	1.28624	1.25861	8	7	0.624716
5	58500001	1.31909	1.25861	8	7	0.624716
5	59000001	1.26161	1.25861	8	7	0.624716
5	59500001	1.28724	1.25861	8	7	0.624716
5	60000001	1.28027	1.25861	8	7	0.624716
5	60500001	1.25868	1.25861	8	7	0.624716
5	61000001	1.2887	1.25861	8	7	0.624716
5	61500001	1.25057	1.25861	8	7	0.624716
5	62000001	1.22137	1.25861	8	7	0.624716
5	62500001	1.19952	1.25861	8	7	0.624716
5	63000001	1.27982	1.25861	8	7	0.624716
5	63500001	1.22697	1.25861	8	7	0.624716
5	64000001	1.27666	1.25861	8	7	0.624716
5	64500001	1.31874	1.25861	8	7	0.624716
5	65000001	1.30765	1.25861	8	7	0.624716
5	65500001	1.25398	1.25861	8	7	0.624716
5	66000001	1.29587	1.25861	8	7	0.624716
5	66500001	1.26769	1.25861	8	7	0.624716
5	67000001	1.22123	1.25861	8	7	0.624716
5	67500001	1.19696	1.25861	8	7	0.624716
5	68000001	1.20491	1.25861	8	7	0.624716
5	68500001	1.29417	1.25861	8	7	0.624716
5	69000001	1.28417	1.25861	8	7	0.624716
5	69500001	1.14568	1.25861	8	7	0.624716
5	70000001	1.17268	1.25861	8	7	0.624716
5	70500001	1.21771	1.25861	8	7	0.624716
5	71000001	1.27921	1.25861	8	7	0.624716
5	71500001	1.2457	1.25861	8	7	0.624716
5	72000001	1.27205	1.25861	8	7	0.624716
5	72500001	1.27822	1.25861	8	7	0.624716
5	73000001	1.30669	1.25861	8	7	0.624716
5	73500001	1.33673	1.25861	8	7	0.624716
5	74000001	1.31038	1.25861	8	7	0.624716
5	74500001	1.2886	1.25861	8	7	0.624716
5	75000001	1.29428	1.25861	8	7	0.624716
5	75500001	1.23728	1.25861	8	7	0.624716
5	76000001	1.21832	1.25861	8	7	0.624716
5	76500001	1.25861	1.25861	8	7	0.624716
5	77000001	1.28016	1.25861	8	7	0.624716
5	77500001	1.21462	1.25861	8	7	0.624716
5	78000001	1.33963	1.25861	8	7	0.624716
5	78500001	1.24303	1.25861	8	7	0.624716
5	79000001	1.19887	1.25861	8	7	0.624716
5	79500001	1.18822	1.25861	8	7	0.624716
5	80000001	1.2039	1.25861	8	7	0.624716
5	80500001	1.23416	1.25861	8	7	0.624716
5	81000001	1.24092	1.25861	8	7	0.624716
5	81500001	1.25751	1.25861	8	7	0.624716
5	82000001	1.20904	1.25861	8	7	0.624716
5	82500001	1.25428	1.25861	8	7	0.624716
5	83000001	1.27945	1.25861	8	7	0.624716
5	83500001	1.31364	1.25861	8	7	0.624716
5	84000001	1.28304	1.25861	8	7	0.624716
5	84500001	1.26043	1.25861	8	7	0.624716
5	85000001	1.30983	1.25861	8	7	0.624716
5	85500001	1.35364	1.25861	8	7	0.624716
5	86000001	1.27367	1.25861	8	7	0.624716
5	86500001	1.29286	1.25861	8	7	0.624716
5	87000001	1.33191	1.25861	8	7	0.624716
5	87500001	1.27419	1.25861	8	7	0.624716
5	88000001	1.15176	1.25861	8	7	0.624716
5	88500001	1.24973	1.25861	8	7	0.624716
5	89000001	1.24357	1.25861	8	7	0.624716
5	89500001	1.28838	1.25861	8	7	0.624716
5	90000001	1.27339	1.25861	8	7	0.624716
5	90500001	1.27828	1.25861	8	7	0.624716
5	91000001	1.34323	1.25861	8	7	0.624716
5	91500001	1.35504	1.25861	8	7	0.624716
5	92000001	1.23442	1.25861	8	7	0.624716
5	92500001	1.32889	1.25861	8	7	0.624716
5	93000001	1.24293	1.25861	8	7	0.624716
5	93500001	1.21969	1.25861	8	7	0.624716
5	94000001	1.29185	1.25861	8	7	0.624716
5	94500001	1.27394	1.25861	8	7	0.624716
5	95000001	1.31359	1.25861	8	7	0.624716
5	95500001	1.31974	1.25861	8	7	0.624716
5	96000001	1.32701	1.25861	8	7	0.624716
5	96500001	1.35621	1.25861	8	7	0.624716
5	97000001	1.27938	1.25861	8	7	0.624716
5	97500001	1.26121	1.25861	8	7	0.624716
5	98000001	1.29108	1.25861	8	7	0.624716
5	98500001	1.23137	1.25861	8	7	0.624716
5	99000001	1.26863	1.25861	8	7	0.624716
5	99500001	1.19578	1.25861	8	7	0.624716
5	100000001	1.20687	1.25861	8	7	0.624716
5	100500001	1.233	1.25861	8	7	0.624716
5	101000001	1.2817	1.25861	8	7	0.624716
5	101500001	1.18105	1.25861	8	7	0.624716
5	102000001	1.25276	1.25861	8	7	0.624716
5	102500001	1.275	1.25861	8	7	0.624716
5	103000001	1.3201	1.25861	8	7	0.624716
5	103500001	1.2429	1.25861	8	7	0.624716
5	104000001	1.27838	1.25861	8	7	0.624716
5	104500001	1.27352	1.25861	8	7	0.624716
5	105000001	1.30216	1.25861	8	7	0.624716
5	105500001	1.265	1.25861	8	7	0.624716
5	106000001	1.27188	1.25861	8	7	0.624716
5	106500001	1.34363	1.25861	8	7	0.624716
5	107000001	1.26671	1.25861	8	7	0.624716
5	107500001	1.25646	1.25861	8	7	0.624716
5	108000001	1.30229	1.25861	8	7	0.624716
5	108500001	1.24661	1.25861	8	7	0.624716
5	109000001	1.20432	1.25861	8	7	0.624716
5	109500001	1.27075	1.25861	8	7	0.624716
5	110000001	1.24657	1.25861	8	7	0.624716
5	110500001	1.27811	1.25861	8	7	0.624716
5	111000001	1.25486	1.25861	8	7	0.624716
5	111500001	1.18264	1.25861	8	7	0.624716
5	112000001	1.30747	1.25861	8	7	0.624716
5	112500001	1.20931	1.25861	8	7	0.624716
5	113000001	1.23896	1.25861	8	7	0.624716
5	113500001	1.20835	1.25861	8	7	0.624716
5	114000001	1.2534	1.25861	8	7	0.624716
5	114500001	1.19995	1.25861	8	7	0.624716
5	115000001	1.31172	1.25861	8	7	0.624716
5	115500001	1.28813	1.25861	8	7	0.624716
5	116000001	1.23224	1.25861	8	7	0.624716
5	116500001	1.13973	1.25861	8	7	0.624716
5	117000001	1.21022	1.25861	8	7	0.624716
5	117500001	1.17076	1.25861	8	7	0.624716
5	118000001	1.17911	1.25861	8	7	0.624716
5	118500001	1.13588	1.25861	8	7	0.624716
5	119000001	1.18373	1.25861	8	7	0.624716
5	119500001	1.22354	1.25861	8	7	0.624716
5	120000001	1.24294	1.25861	8	7	0.624716
5	120500001	1.19596	1.25861	8	7	0.624716
5	121000001	1.3206	1.25861	8	7	0.624716
5	121500001	1.27844	1.25861	8	7	0.624716
5	122000001	1.25326	1.25861	8	7	0.624716
5	122500001	1.22024	1.25861	8	7	0.624716
5	123000001	1.27884	1.25861	8	7	0.624716
5	123500001	1.28214	1.25861	8	7	0.624716
5	124000001	1.23278	1.25861	8	7	0.624716
5	124500001	1.15572	1.25861	8	7	0.624716
5	125000001	1.22406	1.25861	8	7	0.624716
5	125500001	1.247	1.25861	8	7	0.624716
5	126000001	1.3233	1.25861	8	7	0.624716
5	126500001	1.20752	1.25861	8	7	0.624716
5	127000001	1.30618	1.25861	8	7	0.624716
5	127500001	1.26291	1.25861	8	7	0.624716
5	128000001	1.24542	1.25861	8	7	0.624716
5	128500001	1.22807	1.25861	8	7	0.624716
5	129000001	1.23315	1.25861	8	7	0.624716
5	129500001	1.23065	1.25861	8	7	0.624716
5	130000001	1.30091	1.25861	8	7	0.624716
5	130500001	1.24244	1.25861	8	7	0.624716
5	131000001	1.22002	1.25861	8	7	0.624716
5	131500001	1.31035	1.25861	8	7	0.624716
5	132000001	1.31692	1.25861	8	7	0.624716
5	132500001	1.28208	1.25861	8	7	0.624716
5	133000001	1.28063	1.25861	8	7	0.624716
5	133500001	1.22857	1.25861	8	7	0.624716
5	134000001	1.31661	1.25861	8	7	0.624716
5	134500001	1.21222	1.25861	8	7	0.624716
5	135000001	1.37437	1.25861	8	7	0.624716
5	135500001	1.27346	1.25861	8	7	0.624716
5	136000001	1.2453	1.25861	8	7	0.624716
5	136500001	1.22739	1.25861	8	7	0.624716
5	137000001	1.20003	1.25861	8	7	0.624716
5	137500001	1.21815	1.25861	8	7	0.624716
5	138000001	1.27348	1.25861	8	7	0.624716
5	138500001	1.30698	1.25861	8	7	0.624716
5	139000001	1.2979	1.25861	8	7	0.624716
5	139500001	1.3552	1.25861	8	7	0.624716
5	140000001	1.26811	1.25861	8	7	0.624716
5	140500001	1.25219	1.25861	8	7	0.624716
5	141000001	1.31432	1.25861	8	7	0.624716
5	141500001	1.28126	1.25861	8	7	0.624716
5	142000001	1.29368	1.25861	8	7	0.624716
5	142500001	1.32348	1.25861	8	7	0.624716
5	143000001	1.3233	1.25861	8	7	0.624716
5	143500001	1.31867	1.25861	8	7	0.624716
5	144000001	1.2965	1.25861	8	7	0.624716
5	144500001	1.23834	1.25861	8	7	0.624716
5	145000001	1.14817	1.25861	8	7	0.624716
5	145500001	1.24949	1.25861	8	7	0.624716
5	146000001	1.265	1.25861	8	7	0.624716
5	146500001	1.20955	1.25861	8	7	0.624716
5	147000001	1.098	1.25861	8	7	0.624716
5	147500001	1.19744	1.25861	8	7	0.624716
5	148000001	1.23601	1.25861	8	7	0.624716
5	148500001	1.30281	1.25861	8	7	0.624716
5	149000001	1.28122	1.25861	8	7	0.624716
5	149500001	1.25606	1.25861	8	7	0.624716
5	150000001	1.32888	1.25861	8	7	0.624716
5	150500001	1.29905	1.25861	8	7	0.624716
5	151000001	1.26459	1.25861	8	7	0.624716
5	151500001	1.31663	1.25861	8	7	0.624716
5	152000001	1.22447	1.25861	8	7	0.624716
5	152500001	1.16335	1.25861	8	7	0.624716
5	153000001	1.20129	1.25861	8	7	0.624716
5	153500001	1.2047	1.25861	8	7	0.624716
5	154000001	1.24561	1.25861	8	7	0.624716
5	154500001	1.21762	1.25861	8	7	0.624716
5	155000001	1.22307	1.25861	8	7	0.624716
5	155500001	1.17679	1.25861	8	7	0.624716
5	156000001	1.14472	1.25861	8	7	0.624716
5	156500001	1.17704	1.25861	8	7	0.624716
5	157000001	1.204	1.25861	8	7	0.624716
5	157500001	1.21934	1.25861	8	7	0.624716
5	158000001	1.21393	1.25861	8	7	0.624716
5	158500001	1.20262	1.25861	8	7	0.624716
5	159000001	1.28008	1.25861	8	7	0.624716
5	159500001	1.24075	1.25861	8	7	0.624716
5	160000001	1.25238	1.25861	8	7	0.624716
5	160500001	1.2506	1.25861	8	7	0.624716
5	161000001	1.21849	1.25861	8	7	0.624716
5	161500001	1.25336	1.25861	8	7	0.624716
5	162000001	1.16061	1.25861	8	7	0.624716
5	162500001	1.16751	1.25861	8	7	0.624716
5	163000001	1.14623	1.25861	8	7	0.624716
5	163500001	1.20807	1.25861	8	7	0.624716
5	164000001	1.20976	1.25861	8	7	0.624716
5	164500001	1.23912	1.25861	8	7	0.624716
5	165000001	1.26809	1.25861	8	7	0.624716
5	165500001	1.19212	1.25861	8	7	0.624716
5	166000001	1.18076	1.25861	8	7	0.624716
5	166500001	1.13743	1.25861	8	7	0.624716
5	167000001	1.18949	1.25861	8	7	0.624716
5	167500001	1.23218	1.25861	8	7	0.624716
5	168000001	1.29699	1.25861	8	7	0.624716
5	168500001	1.24467	1.25861	8	7	0.624716
5	169000001	1.21403	1.25861	8	7	0.624716
5	169500001	1.21681	1.25861	8	7	0.624716
5	170000001	1.29336	1.25861	8	7	0.624716
5	170500001	1.23326	1.25861	8	7	0.624716
5	171000001	1.19765	1.25861	8	7	0.624716
5	171500001	1.23473	1.25861	8	7	0.624716
5	172000001	1.28479	1.25861	8	7	0.624716
5	172500001	1.34234	1.25861	8	7	0.624716
5	173000001	1.26934	1.25861	8	7	0.624716
5	173500001	1.25193	1.25861	8	7	0.624716
5	174000001	1.27478	1.25861	8	7	0.624716
5	174500001	1.18776	1.25861	8	7	0.624716
5	175000001	1.16767	1.25861	8	7	0.624716
5	175500001	1.30631	1.25861	8	7	0.624716
5	176000001	1.28131	1.25861	8	7	0.624716
5	176500001	1.35583	1.25861	8	7	0.624716
5	177000001	1.29475	1.25861	8	7	0.624716
5	177500001	1.1652	1.25861	8	7	0.624716
5	178000001	1.30694	1.25861	8	7	0.624716
5	178500001	1.17152	1.25861	8	7	0.624716
5	179000001	1.32447	1.25861	8	7	0.624716
5	179500001	1.60497	1.25861	8	7	0.624716
5	180000001	1.26734	1.25861	8	7	0.624716
5	180500001	1.20625	1.25861	8	7	0.624716
5	181000001	1.12666	1.25861	8	0	0
5	181500001	-1	-1	-1	0	0
6	1	1.07689	1.10003	7	5	0.590014
6	500001	1.09479	1.10003	7	5	0.590014
6	1000001	1.10596	1.10003	7	5	0.590014
6	1500001	1.11531	1.10003	7	5	0.590014
6	2000001	1.13611	1.10003	7	5	0.590014
6	2500001	1.14232	1.10003	7	5	0.590014
6	3000001	1.21411	1.10003	7	5	0.590014
6	3500001	1.14129	1.10003	7	5	0.590014
6	4000001	1.16134	1.10003	7	5	0.590014
6	4500001	1.14988	1.10003	7	5	0.590014
6	5000001	1.08425	1.10003	7	5	0.590014
6	5500001	1.07297	1.10003	7	5	0.590014
6	6000001	1.09156	1.10003	7	5	0.590014
6	6500001	1.12547	1.10003	7	5	0.590014
6	7000001	1.10999	1.10003	7	5	0.590014
6	7500001	1.12035	1.10003	7	5	0.590014
6	8000001	1.0293	1.10003	7	5	0.590014
6	8500001	1.04712	1.10003	7	5	0.590014
6	9000001	1.13591	1.10003	7	5	0.590014
6	9500001	1.13914	1.10003	7	5	0.590014
6	10000001	1.10128	1.10003	7	5	0.590014
6	10500001	1.17563	1.10003	7	5	0.590014
6	11000001	1.18459	1.10003	7	5	0.590014
6	11500001	1.07728	1.10003	7	5	0.590014
6	12000001	1.16164	1.10003	7	5	0.590014
6	12500001	1.12364	1.10003	7	5	0.590014
6	13000001	1.15447	1.10003	7	5	0.590014
6	13500001	1.10812	1.10003	7	5	0.590014
6	14000001	1.11242	1.10003	7	5	0.590014
6	14500001	1.07441	1.10003	7	5	0.590014
6	15000001	1.07101	1.10003	7	5	0.590014
6	15500001	1.1165	1.10003	7	5	0.590014
6	16000001	1.08893	1.10003	7	5	0.590014
6	16500001	1.08467	1.10003	7	5	0.590014
6	17000001	1.0554	1.10003	7	5	0.590014
6	17500001	1.09878	1.10003	7	5	0.590014
6	18000001	1.14303	1.10003	7	5	0.590014
6	18500001	1.06651	1.10003	7	5	0.590014
6	19000001	1.00961	1.10003	7	5	0.590014
6	19500001	1.07621	1.10003	7	5	0.590014
6	20000001	1.00891	1.10003	7	5	0.590014
6	20500001	1.06127	1.10003	7	5	0.590014
6	21000001	1.0274	1.10003	7	5	0.590014
6	21500001	0.967943	1.10003	7	5	0.590014
6	22000001	1.0414	1.10003	7	5	0.590014
6	22500001	1.08629	1.10003	7	5	0.590014
6	23000001	1.0437	1.10003	7	5	0.590014
6	23500001	0.990201	1.10003	7	5	0.590014
6	24000001	0.988354	1.10003	7	5	0.590014
6	24500001	1.10817	1.10003	7	5	0.590014
6	25000001	1.09816	1.10003	7	5	0.590014
6	25500001	1.06249	1.10003	7	5	0.590014
6	26000001	1.0816	1.10003	7	5	0.590014
6	26500001	1.07111	1.10003	7	5	0.590014
6	27000001	1.03093	1.10003	7	5	0.590014
6	27500001	1.0342	1.10003	7	5	0.590014
6	28000001	1.08489	1.10003	7	5	0.590014
6	28500001	1.06404	1.10003	7	5	0.590014
6	29000001	1.16137	1.10003	7	5	0.590014
6	29500001	1.1483	1.10003	7	5	0.590014
6	30000001	1.14919	1.10003	7	5	0.590014
6	30500001	1.24157	1.10003	7	5	0.590014
6	31000001	1.15981	1.10003	7	5	0.590014
6	31500001	1.20066	1.10003	7	5	0.590014
6	32000001	1.10928	1.10003	7	5	0.590014
6	32500001	1.03248	1.10003	7	5	0.590014
6	33000001	1.14429	1.10003	7	5	0.590014
6	33500001	1.23551	1.10003	7	5	0.590014
6	34000001	1.14478	1.10003	7	5	0.590014
6	34500001	1.16828	1.10003	7	0	0
6	35000001	1.63535	1.63535	10	0	0
6	35500001	1.62112	1.63535	10	0	0
6	36000001	1.65289	1.63535	10	0	0
6	36500001	1.72709	1.63535	10	0	0
6	37000001	1.61688	1.63535	10	0	0
6	37500001	1.6644	1.63535	10	0	0
6	38000001	1.60119	1.63535	10	0	0
6	38500001	1.09969	1.11003	7	0	0
6	39000001	1.11003	1.11003	7	0	0
6	39500001	1.28629	1.11003	7	0	0
6	40000001	1.5968	1.60655	10	0	0
6	40500001	1.61232	1.60655	10	0	0
6	41000001	1.60077	1.60655	10	0	0
6	41500001	1.7015	1.60655	10	0	0
6	42000001	1.72127	1.60655	10	0	0
6	42500001	1.59773	1.60655	10	0	0
6	43000001	1.39793	1.39793	8	0	0
6	43500001	1.16274	1.13242	7	0	0
6	44000001	1.21189	1.13242	7	0	0
6	44500001	1.14482	1.13242	7	0	0
6	45000001	1.12175	1.13242	7	0	0
6	45500001	1.12704	1.13242	7	0	0
6	46000001	1.09206	1.13242	7	0	0
6	46500001	1.16218	1.13242	7	0	0
6	47000001	1.1406	1.13242	7	0	0
6	47500001	1.14005	1.13242	7	0	0
6	48000001	1.17559	1.13242	7	0	0
6	48500001	1.10824	1.13242	7	0	0
6	49000001	1.14905	1.13242	7	0	0
6	49500001	1.04066	1.13242	7	0	0
6	50000001	1.06615	1.13242	7	0	0
6	50500001	1.07213	1.13242	7	0	0
6	51000001	1.02876	1.13242	7	0	0
6	51500001	1.10804	1.13242	7	0	0
6	52000001	1.11755	1.13242	7	0	0
6	52500001	1.17175	1.13242	7	0	0
6	53000001	1.13267	1.13242	7	0	0
6	53500001	1.13786	1.13242	7	0	0
6	54000001	1.13216	1.13242	7	0	0
6	54500001	1.04681	1.13242	7	0	0
6	55000001	1.13014	1.13242	7	0	0
6	55500001	1.22109	1.13242	7	0	0
6	56000001	1.17367	1.13242	7	0	0
6	56500001	1.13456	1.13242	7	0	0
6	57000001	1.17158	1.13242	7	0	0
6	57500001	1.11916	1.13242	7	0	0
6	58000001	1.13031	1.13242	7	0	0
6	58500001	2.02011	1.99312	12	0	0
6	59000001	1.96614	1.99312	12	0	0
6	59500001	-1	-1	-1	0	0
6	60000001	-1	-1	-1	0	0
6	60500001	1.06388	1.1205	7	0	0
6	61000001	1.02332	1.1205	7	0	0
6	61500001	1.10469	1.1205	7	0	0
6	62000001	1.08584	1.1205	7	0	0
6	62500001	1.04992	1.1205	7	0	0
6	63000001	1.02779	1.1205	7	0	0
6	63500001	1.12023	1.1205	7	0	0
6	64000001	1.11834	1.1205	7	0	0
6	64500001	1.0725	1.1205	7	0	0
6	65000001	1.21167	1.1205	7	0	0
6	65500001	1.12195	1.1205	7	0	0
6	66000001	1.13786	1.1205	7	0	0
6	66500001	1.12077	1.1205	7	0	0
6	67000001	1.15747	1.1205	7	0	0
6	67500001	1.11754	1.1205	7	0	0
6	68000001	1.136	1.1205	7	0	0
6	68500001	1.14143	1.1205	7	0	0
6	69000001	1.0922	1.1205	7	0	0
6	69500001	1.08519	1.1205	7	0	0
6	70000001	1.14414	1.1205	7	0	0
6	70500001	1.09277	1.1205	7	0	0
6	71000001	1.16217	1.1205	7	0	0
6	71500001	1.17111	1.1205	7	0	0
6	72000001	1.17023	1.1205	7	0	0
6	72500001	1.17612	1.1205	7	0	0
6	73000001	1.06568	1.1205	7	0	0
6	73500001	1.08982	1.1205	7	0	0
6	74000001	1.13636	1.1205	7	0	0
6	74500001	1.12099	1.1205	7	0	0
6	75000001	1.10507	1.1205	7	0	0
6	75500001	1.10741	1.1205	7	0	0
6	76000001	1.14626	1.1205	7	0	0
6	76500001	1.1296	1.1205	7	0	0
6	77000001	1.14495	1.1205	7	3	0.305122
6	77500001	0.60605	0.613951	4	3	0.305122
6	78000001	0.520415	0.613951	4	3	0.305122
6	78500001	0.59924	0.613951	4	3	0.305122
6	79000001	0.591961	0.613951	4	3	0.305122
6	79500001	0.586499	0.613951	4	3	0.305122
6	80000001	0.622248	0.613951	4	3	0.305122
6	80500001	0.668604	0.613951	4	3	0.305122
6	81000001	0.578475	0.613951	4	3	0.305122
6	81500001	0.629819	0.613951	4	3	0.305122
6	82000001	0.617057	0.613951	4	3	0.305122
6	82500001	0.608403	0.613951	4	3	0.305122
6	83000001	0.633447	0.613951	4	3	0.305122
6	83500001	0.620481	0.613951	4	3	0.305122
6	84000001	0.610112	0.613951	4	3	0.305122
6	84500001	0.631455	0.613951	4	3	0.305122
6	85000001	0.623056	0.613951	4	3	0.305122
6	85500001	0.602638	0.613951	4	3	0.305122
6	86000001	0.611722	0.613951	4	3	0.305122
6	86500001	0.584383	0.613951	4	3	0.305122
6	87000001	0.633	0.613951	4	3	0.305122
6	87500001	0.608183	0.613951	4	3	0.305122
6	88000001	0.590778	0.613951	4	3	0.305122
6	88500001	0.608926	0.613951	4	3	0.305122
6	89000001	0.604232	0.613951	4	3	0.305122
6	89500001	0.621318	0.613951	4	3	0.305122
6	90000001	0.624762	0.613951	4	3	0.305122
6	90500001	0.613951	0.613951	4	3	0.305122
6	91000001	0.618282	0.613951	4	3	0.305122
6	91500001	0.592368	0.613951	4	3	0.305122
6	92000001	0.616255	0.613951	4	3	0.305122
6	92500001	0.600125	0.613951	4	3	0.305122
6	93000001	0.594025	0.613951	4	3	0.305122
6	93500001	0.599187	0.613951	4	3	0.305122
6	94000001	0.581006	0.613951	4	3	0.305122
6	94500001	0.612599	0.613951	4	3	0.305122
6	95000001	0.568255	0.613951	4	3	0.305122
6	95500001	0.60466	0.613951	4	3	0.305122
6	96000001	0.561821	0.613951	4	3	0.305122
6	96500001	0.577157	0.613951	4	3	0.305122
6	97000001	0.588544	0.613951	4	3	0.305122
6	97500001	0.597448	0.613951	4	3	0.305122
6	98000001	0.585833	0.613951	4	3	0.305122
6	98500001	0.609181	0.613951	4	3	0.305122
6	99000001	0.597949	0.613951	4	3	0.305122
6	99500001	0.633206	0.613951	4	3	0.305122
6	100000001	0.650016	0.613951	4	3	0.305122
6	100500001	0.668869	0.613951	4	3	0.305122
6	101000001	0.599238	0.613951	4	3	0.305122
6	101500001	0.645926	0.613951	4	3	0.305122
6	102000001	0.618103	0.613951	4	3	0.305122
6	102500001	0.63085	0.613951	4	3	0.305122
6	103000001	0.587675	0.613951	4	3	0.305122
6	103500001	0.632419	0.613951	4	3	0.305122
6	104000001	0.610411	0.613951	4	3	0.305122
6	104500001	0.592504	0.613951	4	3	0.305122
6	105000001	0.607719	0.613951	4	3	0.305122
6	105500001	0.633501	0.613951	4	3	0.305122
6	106000001	0.661191	0.613951	4	3	0.305122
6	106500001	0.61495	0.613951	4	3	0.305122
6	107000001	0.581928	0.613951	4	3	0.305122
6	107500001	0.626022	0.613951	4	3	0.305122
6	108000001	0.627664	0.613951	4	3	0.305122
6	108500001	0.641414	0.613951	4	3	0.305122
6	109000001	0.626346	0.613951	4	3	0.305122
6	109500001	0.609672	0.613951	4	3	0.305122
6	110000001	0.589278	0.613951	4	3	0.305122
6	110500001	0.613738	0.613951	4	3	0.305122
6	111000001	0.591485	0.613951	4	3	0.305122
6	111500001	0.614207	0.613951	4	3	0.305122
6	112000001	0.626748	0.613951	4	3	0.305122
6	112500001	0.659767	0.613951	4	3	0.305122
6	113000001	0.669697	0.613951	4	3	0.305122
6	113500001	0.638093	0.613951	4	3	0.305122
6	114000001	0.641481	0.613951	4	3	0.305122
6	114500001	0.584443	0.613951	4	3	0.305122
6	115000001	0.611486	0.613951	4	3	0.305122
6	115500001	0.614297	0.613951	4	3	0.305122
6	116000001	0.622209	0.613951	4	3	0.305122
6	116500001	0.649927	0.613951	4	3	0.305122
6	117000001	0.573965	0.613951	4	3	0.305122
6	117500001	0.649716	0.613951	4	3	0.305122
6	118000001	0.618722	0.613951	4	3	0.305122
6	118500001	0.598924	0.613951	4	3	0.305122
6	119000001	0.612765	0.613951	4	3	0.305122
6	119500001	0.581353	0.613951	4	3	0.305122
6	120000001	0.633729	0.613951	4	3	0.305122
6	120500001	0.571759	0.613951	4	3	0.305122
6	121000001	0.59018	0.613951	4	3	0.305122
6	121500001	0.557445	0.613951	4	3	0.305122
6	122000001	0.574291	0.613951	4	3	0.305122
6	122500001	0.583435	0.613951	4	3	0.305122
6	123000001	0.616144	0.613951	4	3	0.305122
6	123500001	0.566848	0.613951	4	3	0.305122
6	124000001	0.630019	0.613951	4	3	0.305122
6	124500001	0.621548	0.613951	4	3	0.305122
6	125000001	0.602359	0.613951	4	3	0.305122
6	125500001	0.62417	0.613951	4	3	0.305122
6	126000001	0.626398	0.613951	4	3	0.305122
6	126500001	0.613554	0.613951	4	3	0.305122
6	127000001	0.656994	0.613951	4	3	0.305122
6	127500001	0.650281	0.613951	4	3	0.305122
6	128000001	0.637788	0.613951	4	3	0.305122
6	128500001	0.640803	0.613951	4	3	0.305122
6	129000001	0.700557	0.613951	4	3	0.305122
6	129500001	0.623059	0.613951	4	3	0.305122
6	130000001	0.592069	0.613951	4	3	0.305122
6	130500001	0.647656	0.613951	4	3	0.305122
6	131000001	0.649243	0.613951	4	3	0.305122
6	131500001	0.658422	0.613951	4	3	0.305122
6	132000001	0.622524	0.613951	4	3	0.305122
6	132500001	0.594702	0.613951	4	3	0.305122
6	133000001	0.589237	0.613951	4	3	0.305122
6	133500001	0.639751	0.613951	4	3	0.305122
6	134000001	0.595744	0.613951	4	3	0.305122
6	134500001	0.600929	0.613951	4	3	0.305122
6	135000001	0.670798	0.613951	4	3	0.305122
6	135500001	0.661095	0.613951	4	3	0.305122
6	136000001	0.658133	0.613951	4	3	0.305122
6	136500001	0.610817	0.613951	4	3	0.305122
6	137000001	0.573349	0.613951	4	3	0.305122
6	137500001	0.623303	0.613951	4	3	0.305122
6	138000001	0.650484	0.613951	4	3	0.305122
6	138500001	0.636202	0.613951	4	3	0.305122
6	139000001	0.622765	0.613951	4	3	0.305122
6	139500001	0.605647	0.613951	4	3	0.305122
6	140000001	0.587468	0.613951	4	3	0.305122
6	140500001	0.648382	0.613951	4	3	0.305122
6	141000001	0.637177	0.613951	4	3	0.305122
6	141500001	0.645301	0.613951	4	3	0.305122
6	142000001	0.631148	0.613951	4	3	0.305122
6	142500001	0.658908	0.613951	4	3	0.305122
6	143000001	0.625582	0.613951	4	3	0.305122
6	143500001	0.59173	0.613951	4	3	0.305122
6	144000001	0.6082	0.613951	4	3	0.305122
6	144500001	0.614801	0.613951	4	3	0.305122
6	145000001	0.61222	0.613951	4	3	0.305122
6	145500001	0.620919	0.613951	4	3	0.305122
6	146000001	0.584573	0.613951	4	3	0.305122
6	146500001	0.649043	0.613951	4	3	0.305122
6	147000001	0.626191	0.613951	4	3	0.305122
6	147500001	0.582977	0.613951	4	3	0.305122
6	148000001	0.576797	0.613951	4	3	0.305122
6	148500001	0.594443	0.613951	4	3	0.305122
6	149000001	0.635714	0.613951	4	3	0.305122
6	149500001	0.599324	0.613951	4	3	0.305122
6	150000001	0.630665	0.613951	4	3	0.305122
6	150500001	0.578081	0.613951	4	3	0.305122
6	151000001	0.617444	0.613951	4	3	0.305122
6	151500001	0.575658	0.613951	4	3	0.305122
6	152000001	0.588472	0.613951	4	3	0.305122
6	152500001	0.633518	0.613951	4	3	0.305122
6	153000001	0.599738	0.613951	4	3	0.305122
6	153500001	0.639935	0.613951	4	3	0.305122
6	154000001	0.591681	0.613951	4	3	0.305122
6	154500001	0.643713	0.613951	4	3	0.305122
6	155000001	0.608381	0.613951	4	3	0.305122
6	155500001	0.621119	0.613951	4	3	0.305122
6	156000001	0.578572	0.613951	4	3	0.305122
6	156500001	0.617	0.613951	4	3	0.305122
6	157000001	0.625502	0.613951	4	3	0.305122
6	157500001	0.640966	0.613951	4	3	0.305122
6	158000001	0.62482	0.613951	4	3	0.305122
6	158500001	0.626571	0.613951	4	3	0.305122
6	159000001	0.632274	0.613951	4	3	0.305122
6	159500001	0.624136	0.613951	4	3	0.305122
6	160000001	0.607441	0.613951	4	3	0.305122
6	160500001	0.64563	0.613951	4	3	0.305122
6	161000001	0.600767	0.613951	4	3	0.305122
6	161500001	0.575002	0.613951	4	3	0.305122
6	162000001	0.580004	0.613951	4	3	0.305122
6	162500001	0.585595	0.613951	4	3	0.305122
6	163000001	0.548517	0.613951	4	3	0.305122
6	163500001	0.54823	0.613951	4	3	0.305122
6	164000001	0.534514	0.613951	4	3	0.305122
6	164500001	0.558394	0.613951	4	3	0.305122
6	165000001	0.598659	0.613951	4	3	0.305122
6	165500001	0.674798	0.613951	4	0	0
6	166000001	1.08494	1.10187	7	0	0
6	166500001	1.1126	1.10187	7	0	0
6	167000001	1.10187	1.10187	7	0	0
6	167500001	1.08674	1.10187	7	0	0
6	168000001	1.14704	1.10187	7	0	0
6	168500001	1.11642	1.10187	7	0	0
6	169000001	1.02159	1.10187	7	0	0
6	169500001	1.02811	1.10187	7	0	0
6	170000001	1.14197	1.10187	7	0	0
6	170500001	-1	-1	-1	0	0
7	1	1.14509	1.155	7	0	0
7	500001	1.16491	1.155	7	0	0
7	1000001	1.28845	1.155	7	0	0
7	1500001	1.21761	1.155	7	0	0
7	2000001	1.12276	1.155	7	0	0
7	2500001	1.1234	1.155	7	0	0
7	3000001	0.947075	0.991233	6	0	0
7	3500001	0.931694	0.991233	6	0	0
7	4000001	0.977066	0.991233	6	0	0
7	4500001	1.00944	0.991233	6	0	0
7	5000001	1.09822	0.991233	6	0	0
7	5500001	1.00469	0.991233	6	0	0
7	6000001	1.02822	0.991233	6	0	0
7	6500001	1.0744	0.991233	6	0	0
7	7000001	1.00837	0.991233	6	0	0
7	7500001	1.00396	0.991233	6	0	0
7	8000001	0.97321	0.991233	6	0	0
7	8500001	0.925018	0.991233	6	0	0
7	9000001	0.944655	0.991233	6	0	0
7	9500001	0.958318	0.991233	6	0	0
7	10000001	0.925578	0.991233	6	0	0
7	10500001	0.943311	0.991233	6	0	0
7	11000001	1.02611	0.991233	6	0	0
7	11500001	0.9835	0.991233	6	0	0
7	12000001	0.991233	0.991233	6	0	0
7	12500001	0.976346	0.991233	6	0	0
7	13000001	0.980886	0.991233	6	0	0
7	13500001	0.975548	0.991233	6	0	0
7	14000001	0.993248	0.991233	6	0	0
7	14500001	1.02714	0.991233	6	0	0
7	15000001	1.01572	0.991233	6	0	0
7	15500001	1.01994	0.991233	6	0	0
7	16000001	1.04078	0.991233	6	0	0
7	16500001	0.988209	0.991233	6	0	0
7	17000001	1.04151	0.991233	6	0	0
7	17500001	1.04631	0.991233	6	0	0
7	18000001	1.03941	0.991233	6	0	0
7	18500001	1.06404	0.991233	6	0	0
7	19000001	0.990676	0.991233	6	0	0
7	19500001	1.00385	0.991233	6	0	0
7	20000001	0.981392	0.991233	6	0	0
7	20500001	0.929393	0.991233	6	0	0
7	21000001	0.941527	0.991233	6	0	0
7	21500001	1.45767	1.45767	9	0	0
7	22000001	1.06414	0.990039	6	0	0
7	22500001	0.978025	0.990039	6	0	0
7	23000001	1.02177	0.990039	6	0	0
7	23500001	1.02926	0.990039	6	0	0
7	24000001	1.0004	0.990039	6	0	0
7	24500001	0.967842	0.990039	6	0	0
7	25000001	1.04708	0.990039	6	0	0
7	25500001	1.00125	0.990039	6	0	0
7	26000001	0.985843	0.990039	6	0	0
7	26500001	0.969389	0.990039	6	0	0
7	27000001	0.996861	0.990039	6	0	0
7	27500001	1.06727	0.990039	6	0	0
7	28000001	1.00986	0.990039	6	0	0
7	28500001	0.956979	0.990039	6	0	0
7	29000001	0.981612	0.990039	6	0	0
7	29500001	1.0213	0.990039	6	0	0
7	30000001	1.01213	0.990039	6	0	0
7	30500001	1.0416	0.990039	6	0	0
7	31000001	1.00441	0.990039	6	0	0
7	31500001	0.98106	0.990039	6	0	0
7	32000001	1.00092	0.990039	6	0	0
7	32500001	0.992592	0.990039	6	0	0
7	33000001	1.07722	0.990039	6	0	0
7	33500001	0.975228	0.990039	6	0	0
7	34000001	0.978918	0.990039	6	0	0
7	34500001	0.981861	0.990039	6	0	0
7	35000001	0.97888	0.990039	6	0	0
7	35500001	0.963708	0.990039	6	0	0
7	36000001	1.03869	0.990039	6	0	0
7	36500001	0.966121	0.990039	6	0	0
7	37000001	0.89369	0.990039	6	0	0
7	37500001	0.887305	0.990039	6	0	0
7	38000001	0.969907	0.990039	6	0	0
7	38500001	0.95501	0.990039	6	0	0
7	39000001	0.970607	0.990039	6	0	0
7	39500001	0.966309	0.990039	6	0	0
7	40000001	0.928887	0.990039	6	0	0
7	40500001	1.02705	0.990039	6	0	0
7	41000001	0.994632	0.990039	6	0	0
7	41500001	1.02906	0.990039	6	0	0
7	42000001	0.987487	0.990039	6	0	0
7	42500001	0.939304	0.990039	6	0	0
7	43000001	0.997961	0.990039	6	0	0
7	43500001	1.02031	0.990039	6	0	0
7	44000001	1.08168	0.990039	6	0	0
7	44500001	1.03297	0.990039	6	0	0
7	45000001	1.05366	0.990039	6	0	0
7	45500001	1.00022	0.990039	6	0	0
7	46000001	0.979465	0.990039	6	0	0
7	46500001	1.00317	0.990039	6	0	0
7	47000001	0.994955	0.990039	6	0	0
7	47500001	0.992916	0.990039	6	0	0
7	48000001	1.02657	0.990039	6	0	0
7	48500001	1.00288	0.990039	6	0	0
7	49000001	0.890417	0.990039	6	0	0
7	49500001	0.976698	0.990039	6	0	0
7	50000001	0.980658	0.990039	6	0	0
7	50500001	0.939259	0.990039	6	0	0
7	51000001	0.972054	0.990039	6	0	0
7	51500001	0.944912	0.990039	6	0	0
7	52000001	0.90231	0.990039	6	0	0
7	52500001	0.935489	0.990039	6	0	0
7	53000001	0.940912	0.990039	6	0	0
7	53500001	0.982498	0.990039	6	0	0
7	54000001	1.02041	0.990039	6	0	0
7	54500001	1.02934	0.990039	6	0	0
7	55000001	0.853003	0.737416	4	0	0
7	55500001	0.731668	0.737416	4	0	0
7	56000001	0.743163	0.737416	4	0	0
7	56500001	0.677861	0.737416	4	0	0
7	57000001	0.615276	0.737416	4	0	0
7	57500001	0.784088	0.737416	4	0	0
7	58000001	1.40197	1.40197	8	0	0
7	58500001	1.09225	1.02546	6	0	0
7	59000001	0.984795	1.02546	6	0	0
7	59500001	1.06613	1.02546	6	0	0
7	60000001	0.884176	1.02546	6	0	0
7	60500001	1.44587	1.44587	9	0	0
7	61000001	0.988333	0.980406	6	0	0
7	61500001	-1	0.980406	6	0	0
7	62000001	0.972479	0.980406	6	0	0
7	62500001	0.813783	0.692236	4	0	0
7	63000001	0.692236	0.692236	4	0	0
7	63500001	0.701093	0.692236	4	0	0
7	64000001	0.662793	0.692236	4	0	0
7	64500001	0.690702	0.692236	4	0	0
7	65000001	0.723118	0.692236	4	0	0
7	65500001	0.858685	0.692236	4	0	0
7	66000001	0.709296	0.692236	4	0	0
7	66500001	0.749391	0.692236	4	0	0
7	67000001	0.761068	0.692236	4	0	0
7	67500001	0.727504	0.692236	4	0	0
7	68000001	0.681011	0.692236	4	0	0
7	68500001	0.654536	0.692236	4	0	0
7	69000001	0.639235	0.692236	4	0	0
7	69500001	0.670254	0.692236	4	0	0
7	70000001	0.654645	0.692236	4	0	0
7	70500001	0.644367	0.692236	4	0	0
7	71000001	0.65345	0.692236	4	0	0
7	71500001	0.686855	0.692236	4	0	0
7	72000001	0.707806	0.692236	4	0	0
7	72500001	0.725693	0.692236	4	4	0.47513
7	73000001	0.786437	0.750738	5	4	0.47513
7	73500001	0.767225	0.750738	5	4	0.47513
7	74000001	0.796446	0.750738	5	4	0.47513
7	74500001	0.735125	0.750738	5	4	0.47513
7	75000001	0.747731	0.750738	5	4	0.47513
7	75500001	0.802273	0.750738	5	4	0.47513
7	76000001	0.815028	0.750738	5	4	0.47513
7	76500001	0.783721	0.750738	5	4	0.47513
7	77000001	0.768946	0.750738	5	4	0.47513
7	77500001	0.729228	0.750738	5	4	0.47513
7	78000001	0.749152	0.750738	5	4	0.47513
7	78500001	0.722905	0.750738	5	4	0.47513
7	79000001	0.734394	0.750738	5	4	0.47513
7	79500001	0.768141	0.750738	5	4	0.47513
7	80000001	0.755139	0.750738	5	4	0.47513
7	80500001	0.75771	0.750738	5	4	0.47513
7	81000001	0.788323	0.750738	5	4	0.47513
7	81500001	0.774099	0.750738	5	4	0.47513
7	82000001	0.79271	0.750738	5	4	0.47513
7	82500001	0.791988	0.750738	5	4	0.47513
7	83000001	0.788026	0.750738	5	4	0.47513
7	83500001	0.804215	0.750738	5	4	0.47513
7	84000001	0.786859	0.750738	5	4	0.47513
7	84500001	0.793106	0.750738	5	4	0.47513
7	85000001	0.740379	0.750738	5	4	0.47513
7	85500001	0.752032	0.750738	5	4	0.47513
7	86000001	0.739011	0.750738	5	4	0.47513
7	86500001	0.737773	0.750738	5	4	0.47513
7	87000001	0.705416	0.750738	5	4	0.47513
7	87500001	0.725531	0.750738	5	4	0.47513
7	88000001	0.711482	0.750738	5	4	0.47513
7	88500001	0.72245	0.750738	5	4	0.47513
7	89000001	0.743377	0.750738	5	4	0.47513
7	89500001	0.748911	0.750738	5	4	0.47513
7	90000001	0.761205	0.750738	5	4	0.47513
7	90500001	0.711501	0.750738	5	4	0.47513
7	91000001	0.717367	0.750738	5	4	0.47513
7	91500001	0.756481	0.750738	5	4	0.47513
7	92000001	0.79023	0.750738	5	4	0.47513
7	92500001	0.761925	0.750738	5	4	0.47513
7	93000001	0.766042	0.750738	5	4	0.47513
7	93500001	0.734968	0.750738	5	4	0.47513
7	94000001	0.769951	0.750738	5	4	0.47513
7	94500001	0.794013	0.750738	5	4	0.47513
7	95000001	0.754553	0.750738	5	4	0.47513
7	95500001	0.737876	0.750738	5	4	0.47513
7	96000001	0.763093	0.750738	5	4	0.47513
7	96500001	0.721686	0.750738	5	4	0.47513
7	97000001	0.700209	0.750738	5	4	0.47513
7	97500001	0.7116	0.750738	5	4	0.47513
7	98000001	0.730786	0.750738	5	4	0.47513
7	98500001	0.75758	0.750738	5	4	0.47513
7	99000001	0.751084	0.750738	5	4	0.47513
7	99500001	0.792311	0.750738	5	4	0.47513
7	100000001	0.789715	0.750738	5	4	0.47513
7	100500001	0.871156	0.750738	5	4	0.47513
7	101000001	0.792434	0.750738	5	4	0.47513
7	101500001	0.756337	0.750738	5	4	0.47513
7	102000001	0.781212	0.750738	5	4	0.47513
7	102500001	0.912581	0.750738	5	4	0.47513
7	103000001	0.744456	0.750738	5	4	0.47513
7	103500001	0.778653	0.750738	5	4	0.47513
7	104000001	0.747841	0.750738	5	4	0.47513
7	104500001	0.763265	0.750738	5	4	0.47513
7	105000001	0.757204	0.750738	5	4	0.47513
7	105500001	0.737627	0.750738	5	4	0.47513
7	106000001	0.748663	0.750738	5	4	0.47513
7	106500001	0.751229	0.750738	5	4	0.47513
7	107000001	0.726183	0.750738	5	4	0.47513
7	107500001	0.767241	0.750738	5	4	0.47513
7	108000001	0.734078	0.750738	5	4	0.47513
7	108500001	0.741221	0.750738	5	4	0.47513
7	109000001	0.777604	0.750738	5	4	0.47513
7	109500001	0.743248	0.750738	5	4	0.47513
7	110000001	0.723932	0.750738	5	4	0.47513
7	110500001	0.731315	0.750738	5	4	0.47513
7	111000001	0.719995	0.750738	5	4	0.47513
7	111500001	0.738561	0.750738	5	4	0.47513
7	112000001	0.745941	0.750738	5	4	0.47513
7	112500001	0.753487	0.750738	5	4	0.47513
7	113000001	0.687233	0.750738	5	4	0.47513
7	113500001	0.741397	0.750738	5	4	0.47513
7	114000001	0.772984	0.750738	5	4	0.47513
7	114500001	0.722282	0.750738	5	4	0.47513
7	115000001	0.735327	0.750738	5	4	0.47513
7	115500001	0.761367	0.750738	5	4	0.47513
7	116000001	0.85493	0.750738	5	4	0.47513
7	116500001	0.784535	0.750738	5	4	0.47513
7	117000001	0.744331	0.750738	5	4	0.47513
7	117500001	0.739826	0.750738	5	4	0.47513
7	118000001	0.725151	0.750738	5	4	0.47513
7	118500001	0.769169	0.750738	5	4	0.47513
7	119000001	0.710601	0.750738	5	4	0.47513
7	119500001	0.771462	0.750738	5	4	0.47513
7	120000001	0.716862	0.750738	5	4	0.47513
7	120500001	0.776004	0.750738	5	4	0.47513
7	121000001	0.762918	0.750738	5	4	0.47513
7	121500001	0.73625	0.750738	5	4	0.47513
7	122000001	0.728563	0.750738	5	4	0.47513
7	122500001	0.695284	0.750738	5	4	0.47513
7	123000001	0.724809	0.750738	5	4	0.47513
7	123500001	0.731561	0.750738	5	4	0.47513
7	124000001	0.722936	0.750738	5	4	0.47513
7	124500001	0.758019	0.750738	5	4	0.47513
7	125000001	0.733439	0.750738	5	4	0.47513
7	125500001	0.704607	0.750738	5	4	0.47513
7	126000001	0.692398	0.750738	5	4	0.47513
7	126500001	0.729082	0.750738	5	4	0.47513
7	127000001	0.726547	0.750738	5	4	0.47513
7	127500001	0.752679	0.750738	5	4	0.47513
7	128000001	0.821032	0.750738	5	4	0.47513
7	128500001	0.795229	0.750738	5	4	0.47513
7	129000001	0.759169	0.750738	5	4	0.47513
7	129500001	0.750738	0.750738	5	4	0.47513
7	130000001	0.737158	0.750738	5	4	0.47513
7	130500001	0.748479	0.750738	5	4	0.47513
7	131000001	0.755887	0.750738	5	0	0
7	131500001	1.03657	0.964282	6	0	0
7	132000001	1.04276	0.964282	6	0	0
7	132500001	0.960806	0.964282	6	0	0
7	133000001	0.975688	0.964282	6	0	0
7	133500001	0.912185	0.964282	6	0	0
7	134000001	0.978272	0.964282	6	0	0
7	134500001	1.01166	0.964282	6	0	0
7	135000001	1.02471	0.964282	6	0	0
7	135500001	0.998821	0.964282	6	0	0
7	136000001	0.956259	0.964282	6	0	0
7	136500001	0.942642	0.964282	6	0	0
7	137000001	0.964282	0.964282	6	0	0
7	137500001	0.988	0.964282	6	0	0
7	138000001	0.9172	0.964282	6	0	0
7	138500001	0.958957	0.964282	6	0	0
7	139000001	0.963064	0.964282	6	0	0
7	139500001	1.02398	0.964282	6	0	0
7	140000001	0.993661	0.964282	6	0	0
7	140500001	0.959047	0.964282	6	0	0
7	141000001	0.946377	0.964282	6	0	0
7	141500001	0.953418	0.964282	6	0	0
7	142000001	0.992571	0.964282	6	0	0
7	142500001	1.02597	0.964282	6	0	0
7	143000001	0.962879	0.964282	6	0	0
7	143500001	0.884434	0.964282	6	0	0
7	144000001	1.19076	1.21681	7	0	0
7	144500001	0.994773	1.21681	7	0	0
7	145000001	1.01058	1.21681	7	0	0
7	145500001	1.22632	1.21681	7	0	0
7	146000001	1.15584	1.21681	7	0	0
7	146500001	1.18239	1.21681	7	0	0
7	147000001	1.15231	1.21681	7	0	0
7	147500001	1.18323	1.21681	7	0	0
7	148000001	1.16651	1.21681	7	0	0
7	148500001	1.23165	1.21681	7	0	0
7	149000001	1.21681	1.21681	7	0	0
7	149500001	1.29205	1.21681	7	0	0
7	150000001	1.23693	1.21681	7	0	0
7	150500001	1.21967	1.21681	7	0	0
7	151000001	1.37744	1.21681	7	0	0
7	151500001	1.26595	1.21681	7	0	0
7	152000001	1.30964	1.21681	7	0	0
7	152500001	1.17564	1.21681	7	0	0
7	153000001	1.15159	1.21681	7	0	0
7	153500001	1.14996	1.21681	7	0	0
7	154000001	1.13842	1.21681	7	0	0
7	154500001	1.16949	1.21681	7	0	0
7	155000001	1.2612	1.21681	7	0	0
7	155500001	1.21505	1.21681	7	0	0
7	156000001	1.22437	1.21681	7	0	0
7	156500001	1.26627	1.21681	7	0	0
7	157000001	1.25205	1.21681	7	0	0
7	157500001	1.36304	1.21681	7	0	0
7	158000001	1.35325	1.21681	7	0	0
7	158500001	1.32089	1.21681	7	0	0
7	159000001	0.863884	1.21681	7	0	0
8	1	0.538459	0.557783	3	4	0.198871
8	500001	0.550087	0.557783	3	4	0.198871
8	1000001	0.546457	0.557783	3	4	0.198871
8	1500001	0.558037	0.557783	3	4	0.198871
8	2000001	0.566503	0.557783	3	4	0.198871
8	2500001	0.485257	0.557783	3	4	0.198871
8	3000001	0.515031	0.557783	3	4	0.198871
8	3500001	0.508959	0.557783	3	4	0.198871
8	4000001	0.527935	0.557783	3	4	0.198871
8	4500001	0.498098	0.557783	3	4	0.198871
8	5000001	0.552637	0.557783	3	4	0.198871
8	5500001	0.536025	0.557783	3	4	0.198871
8	6000001	0.528345	0.557783	3	4	0.198871
8	6500001	0.541725	0.557783	3	4	0.198871
8	7000001	0.543905	0.557783	3	4	0.198871
8	7500001	0.598393	0.557783	3	4	0.198871
8	8000001	0.650907	0.557783	3	4	0.198871
8	8500001	0.571002	0.557783	3	4	0.198871
8	9000001	0.558583	0.557783	3	4	0.198871
8	9500001	0.53521	0.557783	3	4	0.198871
8	10000001	0.567451	0.557783	3	4	0.198871
8	10500001	0.605794	0.557783	3	4	0.198871
8	11000001	0.573082	0.557783	3	4	0.198871
8	11500001	0.595816	0.557783	3	4	0.198871
8	12000001	0.526308	0.557783	3	4	0.198871
8	12500001	0.707711	0.557783	3	4	0.198871
8	13000001	0.566633	0.557783	3	4	0.198871
8	13500001	0.615237	0.557783	3	4	0.198871
8	14000001	0.563299	0.557783	3	4	0.198871
8	14500001	0.530386	0.557783	3	4	0.198871
8	15000001	0.52899	0.557783	3	4	0.198871
8	15500001	0.524924	0.557783	3	4	0.198871
8	16000001	0.550656	0.557783	3	4	0.198871
8	16500001	0.581558	0.557783	3	4	0.198871
8	17000001	0.590454	0.557783	3	4	0.198871
8	17500001	0.580316	0.557783	3	4	0.198871
8	18000001	0.566815	0.557783	3	4	0.198871
8	18500001	0.590312	0.557783	3	4	0.198871
8	19000001	0.52394	0.557783	3	4	0.198871
8	19500001	0.5591	0.557783	3	4	0.198871
8	20000001	0.541875	0.557783	3	4	0.198871
8	20500001	0.566855	0.557783	3	4	0.198871
8	21000001	0.532585	0.557783	3	4	0.198871
8	21500001	0.556021	0.557783	3	4	0.198871
8	22000001	0.56971	0.557783	3	4	0.198871
8	22500001	0.582098	0.557783	3	4	0.198871
8	23000001	0.586643	0.557783	3	4	0.198871
8	23500001	0.550172	0.557783	3	4	0.198871
8	24000001	0.611092	0.557783	3	4	0.198871
8	24500001	0.558155	0.557783	3	4	0.198871
8	25000001	0.533516	0.557783	3	4	0.198871
8	25500001	0.571204	0.557783	3	4	0.198871
8	26000001	0.571184	0.557783	3	4	0.198871
8	26500001	0.593033	0.557783	3	4	0.198871
8	27000001	0.56367	0.557783	3	4	0.198871
8	27500001	0.55873	0.557783	3	4	0.198871
8	28000001	0.586676	0.557783	3	4	0.198871
8	28500001	0.567359	0.557783	3	4	0.198871
8	29000001	0.614282	0.557783	3	4	0.198871
8	29500001	0.648142	0.557783	3	4	0.198871
8	30000001	0.563735	0.557783	3	4	0.198871
8	30500001	0.578769	0.557783	3	4	0.198871
8	31000001	0.580231	0.557783	3	4	0.198871
8	31500001	0.603848	0.557783	3	4	0.198871
8	32000001	0.578581	0.557783	3	4	0.198871
8	32500001	0.568814	0.557783	3	4	0.198871
8	33000001	0.579501	0.557783	3	4	0.198871
8	33500001	0.566896	0.557783	3	4	0.198871
8	34000001	0.572304	0.557783	3	4	0.198871
8	34500001	0.518582	0.557783	3	4	0.198871
8	35000001	0.516761	0.557783	3	4	0.198871
8	35500001	0.56462	0.557783	3	4	0.198871
8	36000001	0.542825	0.557783	3	4	0.198871
8	36500001	0.570671	0.557783	3	4	0.198871
8	37000001	0.58613	0.557783	3	4	0.198871
8	37500001	0.609688	0.557783	3	4	0.198871
8	38000001	0.60035	0.557783	3	4	0.198871
8	38500001	0.571259	0.557783	3	4	0.198871
8	39000001	0.47566	0.557783	3	4	0.198871
8	39500001	0.578351	0.557783	3	4	0.198871
8	40000001	0.558058	0.557783	3	4	0.198871
8	40500001	0.526198	0.557783	3	4	0.198871
8	41000001	0.556302	0.557783	3	4	0.198871
8	41500001	0.566481	0.557783	3	4	0.198871
8	42000001	0.595099	0.557783	3	4	0.198871
8	42500001	0.5592	0.557783	3	4	0.198871
8	43000001	0.557745	0.557783	3	4	0.198871
8	43500001	0.635682	0.557783	3	4	0.198871
8	44000001	0.71802	0.557783	3	4	0.198871
8	44500001	0.706631	0.557783	3	4	0.198871
8	45000001	0.60142	0.557783	3	4	0.198871
8	45500001	0.645561	0.557783	3	4	0.198871
8	46000001	0.601548	0.557783	3	4	0.198871
8	46500001	0.551142	0.557783	3	4	0.198871
8	47000001	0.549051	0.557783	3	4	0.198871
8	47500001	0.545354	0.557783	3	4	0.198871
8	48000001	0.588092	0.557783	3	4	0.198871
8	48500001	0.539516	0.557783	3	4	0.198871
8	49000001	0.571676	0.557783	3	4	0.198871
8	49500001	0.549843	0.557783	3	4	0.198871
8	50000001	0.52435	0.557783	3	4	0.198871
8	50500001	0.55873	0.557783	3	4	0.198871
8	51000001	0.536493	0.557783	3	4	0.198871
8	51500001	0.515026	0.557783	3	4	0.198871
8	52000001	0.536957	0.557783	3	4	0.198871
8	52500001	0.522678	0.557783	3	4	0.198871
8	53000001	0.56096	0.557783	3	4	0.198871
8	53500001	0.529721	0.557783	3	4	0.198871
8	54000001	0.559788	0.557783	3	4	0.198871
8	54500001	0.539656	0.557783	3	4	0.198871
8	55000001	0.531769	0.557783	3	4	0.198871
8	55500001	0.547958	0.557783	3	4	0.198871
8	56000001	0.549784	0.557783	3	4	0.198871
8	56500001	0.515134	0.557783	3	4	0.198871
8	57000001	0.560733	0.557783	3	4	0.198871
8	57500001	0.557821	0.557783	3	4	0.198871
8	58000001	0.527601	0.557783	3	4	0.198871
8	58500001	0.58077	0.557783	3	4	0.198871
8	59000001	0.556403	0.557783	3	4	0.198871
8	59500001	0.575869	0.557783	3	4	0.198871
8	60000001	0.540882	0.557783	3	4	0.198871
8	60500001	0.540062	0.557783	3	4	0.198871
8	61000001	0.564313	0.557783	3	4	0.198871
8	61500001	0.584693	0.557783	3	4	0.198871
8	62000001	0.544976	0.557783	3	4	0.198871
8	62500001	0.545137	0.557783	3	4	0.198871
8	63000001	0.541024	0.557783	3	4	0.198871
8	63500001	0.539491	0.557783	3	4	0.198871
8	64000001	0.568318	0.557783	3	4	0.198871
8	64500001	0.526315	0.557783	3	4	0.198871
8	65000001	0.539728	0.557783	3	4	0.198871
8	65500001	0.557356	0.557783	3	4	0.198871
8	66000001	0.610205	0.557783	3	4	0.198871
8	66500001	0.558819	0.557783	3	4	0.198871
8	67000001	0.525905	0.557783	3	4	0.198871
8	67500001	0.540127	0.557783	3	4	0.198871
8	68000001	0.537149	0.557783	3	4	0.198871
8	68500001	0.528236	0.557783	3	4	0.198871
8	69000001	0.52998	0.557783	3	4	0.198871
8	69500001	0.500848	0.557783	3	4	0.198871
8	70000001	0.523061	0.557783	3	4	0.198871
8	70500001	0.524964	0.557783	3	4	0.198871
8	71000001	0.53693	0.557783	3	4	0.198871
8	71500001	0.54227	0.557783	3	4	0.198871
8	72000001	0.490347	0.557783	3	4	0.198871
8	72500001	0.528464	0.557783	3	4	0.198871
8	73000001	0.543313	0.557783	3	4	0.198871
8	73500001	0.545049	0.557783	3	4	0.198871
8	74000001	0.544133	0.557783	3	4	0.198871
8	74500001	0.580971	0.557783	3	4	0.198871
8	75000001	0.569031	0.557783	3	4	0.198871
8	75500001	0.564234	0.557783	3	4	0.198871
8	76000001	0.552002	0.557783	3	4	0.198871
8	76500001	0.530327	0.557783	3	4	0.198871
8	77000001	0.544872	0.557783	3	4	0.198871
8	77500001	0.607716	0.557783	3	4	0.198871
8	78000001	0.531583	0.557783	3	4	0.198871
8	78500001	0.547014	0.557783	3	4	0.198871
8	79000001	0.547292	0.557783	3	4	0.198871
8	79500001	0.570035	0.557783	3	0	0
8	80000001	0.840951	0.840951	5	0	0
8	80500001	1.24059	1.24776	7	0	0
8	81000001	1.24662	1.24776	7	0	0
8	81500001	1.27966	1.24776	7	0	0
8	82000001	1.29802	1.24776	7	0	0
8	82500001	1.31738	1.24776	7	0	0
8	83000001	1.24889	1.24776	7	0	0
8	83500001	1.24519	1.24776	7	0	0
8	84000001	1.23057	1.24776	7	0	0
8	84500001	1.27196	1.24776	7	0	0
8	85000001	1.13972	1.24776	7	0	0
8	85500001	3.17142	1.22755	7	0	0
8	86000001	1.22755	1.22755	7	0	0
8	86500001	1.19992	1.22755	7	7	0.466527
8	87000001	1.18268	1.25593	8	7	0.466527
8	87500001	1.18036	1.25593	8	7	0.466527
8	88000001	1.27655	1.25593	8	7	0.466527
8	88500001	1.31668	1.25593	8	7	0.466527
8	89000001	1.34758	1.25593	8	7	0.466527
8	89500001	1.31489	1.25593	8	7	0.466527
8	90000001	1.23721	1.25593	8	7	0.466527
8	90500001	1.22419	1.25593	8	7	0.466527
8	91000001	1.26073	1.25593	8	7	0.466527
8	91500001	1.20689	1.25593	8	7	0.466527
8	92000001	1.20754	1.25593	8	7	0.466527
8	92500001	1.27341	1.25593	8	7	0.466527
8	93000001	1.2686	1.25593	8	7	0.466527
8	93500001	1.29219	1.25593	8	7	0.466527
8	94000001	1.28268	1.25593	8	7	0.466527
8	94500001	1.24275	1.25593	8	7	0.466527
8	95000001	1.22032	1.25593	8	7	0.466527
8	95500001	1.21494	1.25593	8	7	0.466527
8	96000001	1.22386	1.25593	8	7	0.466527
8	96500001	1.20874	1.25593	8	7	0.466527
8	97000001	1.21677	1.25593	8	7	0.466527
8	97500001	1.25535	1.25593	8	7	0.466527
8	98000001	1.25423	1.25593	8	7	0.466527
8	98500001	1.21453	1.25593	8	7	0.466527
8	99000001	1.33807	1.25593	8	7	0.466527
8	99500001	1.33061	1.25593	8	7	0.466527
8	100000001	1.27653	1.25593	8	7	0.466527
8	100500001	1.25707	1.25593	8	7	0.466527
8	101000001	1.33621	1.25593	8	7	0.466527
8	101500001	1.23382	1.25593	8	7	0.466527
8	102000001	1.26523	1.25593	8	7	0.466527
8	102500001	1.25593	1.25593	8	7	0.466527
8	103000001	1.27753	1.25593	8	7	0.466527
8	103500001	1.25633	1.25593	8	7	0.466527
8	104000001	1.24075	1.25593	8	7	0.466527
8	104500001	1.26476	1.25593	8	7	0.466527
8	105000001	1.22877	1.25593	8	0	0
8	105500001	1.29172	1.45969	9	0	0
8	106000001	1.55032	1.45969	9	0	0
8	106500001	1.56441	1.45969	9	0	0
8	107000001	1.49768	1.45969	9	0	0
8	107500001	1.41321	1.45969	9	0	0
8	108000001	1.42635	1.45969	9	0	0
8	108500001	1.4539	1.45969	9	0	0
8	109000001	1.46526	1.45969	9	0	0
8	109500001	1.40523	1.45969	9	0	0
8	110000001	1.45413	1.45969	9	0	0
8	110500001	1.54438	1.45969	9	0	0
8	111000001	1.47328	1.45969	9	0	0
8	111500001	1.51053	1.45969	9	0	0
8	112000001	1.32617	1.45969	9	0	0
8	112500001	0.783424	0.805777	5	0	0
8	113000001	0.805777	0.805777	5	0	0
8	113500001	0.838069	0.805777	5	0	0
8	114000001	0.771621	0.805777	5	0	0
8	114500001	0.881681	0.805777	5	7	0.498122
8	115000001	1.15491	1.2798	8	7	0.498122
8	115500001	1.31378	1.2798	8	7	0.498122
8	116000001	1.2803	1.2798	8	7	0.498122
8	116500001	1.25565	1.2798	8	7	0.498122
8	117000001	1.31315	1.2798	8	7	0.498122
8	117500001	1.30226	1.2798	8	7	0.498122
8	118000001	1.31244	1.2798	8	7	0.498122
8	118500001	1.29931	1.2798	8	7	0.498122
8	119000001	1.2798	1.2798	8	7	0.498122
8	119500001	1.2081	1.2798	8	7	0.498122
8	120000001	1.23773	1.2798	8	7	0.498122
8	120500001	1.26932	1.2798	8	7	0.498122
8	121000001	1.25545	1.2798	8	7	0.498122
8	121500001	1.23349	1.2798	8	7	0.498122
8	122000001	1.28912	1.2798	8	7	0.498122
8	122500001	1.28664	1.2798	8	7	0.498122
8	123000001	1.26495	1.2798	8	7	0.498122
8	123500001	1.31787	1.2798	8	7	0.498122
8	124000001	1.09909	1.2798	8	0	0
8	124500001	0.313691	0.373984	2	0	0
8	125000001	0.434278	0.373984	2	0	0
8	125500001	1.27189	1.21674	7	0	0
8	126000001	1.24528	1.21674	7	0	0
8	126500001	1.20072	1.21674	7	0	0
8	127000001	1.26444	1.21674	7	0	0
8	127500001	1.33002	1.21674	7	0	0
8	128000001	1.29193	1.21674	7	0	0
8	128500001	1.24542	1.21674	7	0	0
8	129000001	1.27596	1.21674	7	0	0
8	129500001	1.29229	1.21674	7	0	0
8	130000001	1.29587	1.21674	7	0	0
8	130500001	1.32804	1.21674	7	0	0
8	131000001	1.21269	1.21674	7	0	0
8	131500001	1.25537	1.21674	7	0	0
8	132000001	1.16034	1.21674	7	0	0
8	132500001	1.21674	1.21674	7	0	0
8	133000001	1.26219	1.21674	7	0	0
8	133500001	1.19463	1.21674	7	0	0
8	134000001	1.14642	1.21674	7	0	0
8	134500001	1.16032	1.21674	7	0	0
8	135000001	1.17843	1.21674	7	0	0
8	135500001	1.12549	1.21674	7	0	0
8	136000001	1.15244	1.21674	7	0	0
8	136500001	1.17321	1.21674	7	0	0
8	137000001	1.19938	1.21674	7	0	0
8	137500001	1.16136	1.21674	7	0	0
8	138000001	1.09443	1.21674	7	0	0
8	138500001	1.16007	1.21674	7	0	0
8	139000001	1.14977	1.21674	7	0	0
8	139500001	1.27146	1.21674	7	0	0
8	140000001	1.25886	1.21674	7	0	0
8	140500001	1.28515	1.21674	7	0	0
8	141000001	1.45841	1.45846	9	0	0
8	141500001	1.39821	1.45846	9	0	0
8	142000001	1.52288	1.45846	9	0	0
8	142500001	1.35577	1.45846	9	0	0
8	143000001	1.45851	1.45846	9	0	0
8	143500001	1.61431	1.45846	9	0	0
8	144000001	1.56319	1.45846	9	0	0
8	144500001	1.30743	1.45846	9	0	0
8	145000001	-1	-1	-1	0	0
9	1	0.91167	0.913835	5	0	0
9	500001	0.870675	0.913835	5	0	0
9	1000001	0.924717	0.913835	5	0	0
9	1500001	0.878067	0.913835	5	0	0
9	2000001	0.944322	0.913835	5	0	0
9	2500001	0.913835	0.913835	5	0	0
9	3000001	0.998641	0.913835	5	1	0.683822
9	3500001	0.424183	0.255419	2	1	0.683822
9	4000001	0.256895	0.255419	2	1	0.683822
9	4500001	0.257744	0.255419	2	1	0.683822
9	5000001	0.281646	0.255419	2	1	0.683822
9	5500001	0.268607	0.255419	2	1	0.683822
9	6000001	0.270087	0.255419	2	1	0.683822
9	6500001	0.239758	0.255419	2	1	0.683822
9	7000001	0.245509	0.255419	2	1	0.683822
9	7500001	0.277187	0.255419	2	1	0.683822
9	8000001	0.243449	0.255419	2	1	0.683822
9	8500001	0.234986	0.255419	2	1	0.683822
9	9000001	0.255034	0.255419	2	1	0.683822
9	9500001	0.23617	0.255419	2	1	0.683822
9	10000001	0.267852	0.255419	2	1	0.683822
9	10500001	0.238617	0.255419	2	1	0.683822
9	11000001	0.222057	0.255419	2	1	0.683822
9	11500001	0.258862	0.255419	2	1	0.683822
9	12000001	0.258063	0.255419	2	1	0.683822
9	12500001	0.280557	0.255419	2	1	0.683822
9	13000001	0.255419	0.255419	2	1	0.683822
9	13500001	0.272026	0.255419	2	1	0.683822
9	14000001	0.256049	0.255419	2	1	0.683822
9	14500001	0.230658	0.255419	2	1	0.683822
9	15000001	0.242094	0.255419	2	1	0.683822
9	15500001	0.257955	0.255419	2	1	0.683822
9	16000001	0.252143	0.255419	2	1	0.683822
9	16500001	0.000400158	0.255419	2	1	0.683822
9	17000001	0.0017031	0.255419	2	1	0.683822
9	17500001	0.00282863	0.255419	2	0	0
9	18000001	0.624124	0.718014	4	0	0
9	18500001	0.711862	0.718014	4	0	0
9	19000001	0.724165	0.718014	4	0	0
9	19500001	0.763857	0.718014	4	0	0
9	20000001	0.730034	0.718014	4	0	0
9	20500001	0.475426	0.718014	4	0	0
9	21000001	0.001671	0.0019185	0	0	0
9	21500001	0.00325523	0.0019185	0	0	0
9	22000001	0.00209651	0.0019185	0	0	0
9	22500001	0.000442221	0.0019185	0	0	0
9	23000001	0.000442566	0.0019185	0	0	0
9	23500001	0.000409228	0.0019185	0	0	0
9	24000001	0.0017405	0.0019185	0	0	0
9	24500001	0.0640946	0.0019185	0	0	0
9	25000001	0.274447	0.0019185	0	0	0
9	25500001	0.262575	0.0019185	0	0	0
9	26000001	0.909385	0.952499	6	0	0
9	26500001	0.9406	0.952499	6	0	0
9	27000001	0.961113	0.952499	6	0	0
9	27500001	0.892634	0.952499	6	0	0
9	28000001	0.87945	0.952499	6	0	0
9	28500001	0.915562	0.952499	6	0	0
9	29000001	0.944202	0.952499	6	0	0
9	29500001	0.892021	0.952499	6	0	0
9	30000001	0.920791	0.952499	6	0	0
9	30500001	0.954805	0.952499	6	0	0
9	31000001	0.910359	0.952499	6	0	0
9	31500001	0.930051	0.952499	6	0	0
9	32000001	0.977974	0.952499	6	0	0
9	32500001	1.03659	0.952499	6	0	0
9	33000001	0.99957	0.952499	6	0	0
9	33500001	0.943727	0.952499	6	0	0
9	34000001	0.948134	0.952499	6	0	0
9	34500001	1.00401	0.952499	6	0	0
9	35000001	0.940158	0.952499	6	0	0
9	35500001	0.99607	0.952499	6	0	0
9	36000001	0.980985	0.952499	6	0	0
9	36500001	0.990627	0.952499	6	0	0
9	37000001	0.961793	0.952499	6	0	0
9	37500001	0.98214	0.952499	6	0	0
9	38000001	1.02956	0.952499	6	0	0
9	38500001	1.06817	0.952499	6	0	0
9	39000001	0.913853	0.952499	6	0	0
9	39500001	0.952499	0.952499	6	0	0
9	40000001	0.930023	0.952499	6	0	0
9	40500001	1.2109	0.952499	6	0	0
9	41000001	1.24361	0.952499	6	0	0
9	41500001	0.988232	0.952499	6	0	0
9	42000001	0.466413	0.952499	6	0	0
9	42500001	0.720907	0.952499	6	0	0
9	43000001	1.34926	0.952499	6	0	0
9	43500001	3.1083	3.1083	19	0	0
9	44000001	2.40341	2.40341	14	0	0
9	44500001	1.41978	0.955816	6	0	0
9	45000001	0.882211	0.955816	6	0	0
9	45500001	-1	0.955816	6	0	0
9	46000001	-1	0.955816	6	0	0
9	46500001	-1	0.955816	6	0	0
9	47000001	-1	0.955816	6	0	0
9	47500001	-1	0.955816	6	0	0
9	48000001	-1	0.955816	6	0	0
9	48500001	-1	0.955816	6	0	0
9	49000001	-1	0.955816	6	0	0
9	49500001	-1	0.955816	6	0	0
9	50000001	-1	0.955816	6	0	0
9	50500001	-1	0.955816	6	0	0
9	51000001	-1	0.955816	6	0	0
9	51500001	-1	0.955816	6	0	0
9	52000001	-1	0.955816	6	0	0
9	52500001	-1	0.955816	6	0	0
9	53000001	-1	0.955816	6	0	0
9	53500001	-1	0.955816	6	0	0
9	54000001	-1	0.955816	6	0	0
9	54500001	-1	0.955816	6	0	0
9	55000001	-1	0.955816	6	0	0
9	55500001	-1	0.955816	6	0	0
9	56000001	-1	0.955816	6	0	0
9	56500001	-1	0.955816	6	0	0
9	57000001	-1	0.955816	6	0	0
9	57500001	-1	0.955816	6	0	0
9	58000001	-1	0.955816	6	0	0
9	58500001	-1	0.955816	6	0	0
9	59000001	-1	0.955816	6	0	0
9	59500001	-1	0.955816	6	0	0
9	60000001	-1	0.955816	6	0	0
9	60500001	-1	0.955816	6	0	0
9	61000001	-1	0.955816	6	0	0
9	61500001	1.09827	0.955816	6	0	0
9	62000001	-1	0.955816	6	0	0
9	62500001	-1	0.955816	6	0	0
9	63000001	0.859676	0.955816	6	0	0
9	63500001	-1	0.955816	6	0	0
9	64000001	-1	0.955816	6	0	0
9	64500001	0.709488	0.955816	6	0	0
9	65000001	-1	0.955816	6	0	0
9	65500001	1.05171	0.955816	6	0	0
9	66000001	-1	0.955816	6	0	0
9	66500001	-1	0.955816	6	0	0
9	67000001	0.955816	0.955816	6	0	0
9	67500001	-1	-1	-1	0	0
9	68000001	-1	-1	-1	0	0
9	68500001	1.21429	1.17972	7	0	0
9	69000001	1.14563	1.17972	7	0	0
9	69500001	1.19779	1.17972	7	0	0
9	70000001	1.18855	1.17972	7	0	0
9	70500001	1.11774	1.17972	7	0	0
9	71000001	1.11696	1.17972	7	0	0
9	71500001	1.15608	1.17972	7	0	0
9	72000001	1.13705	1.17972	7	0	0
9	72500001	1.17353	1.17972	7	0	0
9	73000001	1.25406	1.17972	7	0	0
9	73500001	1.22532	1.17972	7	0	0
9	74000001	1.14541	1.17972	7	0	0
9	74500001	1.11167	1.17972	7	0	0
9	75000001	1.11435	1.17972	7	0	0
9	75500001	1.13131	1.17972	7	0	0
9	76000001	1.15987	1.17972	7	0	0
9	76500001	1.13615	1.17972	7	0	0
9	77000001	1.1442	1.17972	7	0	0
9	77500001	1.1207	1.17972	7	0	0
9	78000001	1.1628	1.17972	7	0	0
9	78500001	1.13457	1.17972	7	0	0
9	79000001	1.09754	1.17972	7	0	0
9	79500001	1.13283	1.17972	7	0	0
9	80000001	1.12397	1.17972	7	0	0
9	80500001	1.14469	1.17972	7	0	0
9	81000001	1.15551	1.17972	7	0	0
9	81500001	1.19571	1.17972	7	0	0
9	82000001	1.1515	1.17972	7	0	0
9	82500001	1.15811	1.17972	7	0	0
9	83000001	1.14294	1.17972	7	0	0
9	83500001	1.18348	1.17972	7	0	0
9	84000001	1.21451	1.17972	7	0	0
9	84500001	1.10879	1.17972	7	0	0
9	85000001	1.12735	1.17972	7	0	0
9	85500001	1.15576	1.17972	7	0	0
9	86000001	1.12689	1.17972	7	0	0
9	86500001	1.08837	1.17972	7	0	0
9	87000001	1.05956	1.17972	7	0	0
9	87500001	1.10345	1.17972	7	0	0
9	88000001	1.04182	1.17972	7	0	0
9	88500001	1.11742	1.17972	7	0	0
9	89000001	1.1656	1.17972	7	0	0
9	89500001	1.20724	1.17972	7	0	0
9	90000001	1.12114	1.17972	7	0	0
9	90500001	1.16146	1.17972	7	0	0
9	91000001	1.18153	1.17972	7	0	0
9	91500001	1.18638	1.17972	7	0	0
9	92000001	1.19391	1.17972	7	0	0
9	92500001	1.17379	1.17972	7	0	0
9	93000001	1.1937	1.17972	7	0	0
9	93500001	1.1722	1.17972	7	0	0
9	94000001	1.23037	1.17972	7	0	0
9	94500001	1.16824	1.17972	7	0	0
9	95000001	1.23513	1.17972	7	0	0
9	95500001	1.16319	1.17972	7	0	0
9	96000001	1.20458	1.17972	7	0	0
9	96500001	1.21542	1.17972	7	0	0
9	97000001	1.18073	1.17972	7	0	0
9	97500001	1.20645	1.17972	7	0	0
9	98000001	1.21595	1.17972	7	0	0
9	98500001	1.2438	1.17972	7	0	0
9	99000001	1.16836	1.17972	7	0	0
9	99500001	1.19952	1.17972	7	0	0
9	100000001	1.1576	1.17972	7	0	0
9	100500001	1.16182	1.17972	7	0	0
9	101000001	1.14544	1.17972	7	0	0
9	101500001	1.14391	1.17972	7	0	0
9	102000001	1.11475	1.17972	7	0	0
9	102500001	1.12325	1.17972	7	0	0
9	103000001	1.17281	1.17972	7	0	0
9	103500001	1.1054	1.17972	7	0	0
9	104000001	1.20717	1.17972	7	0	0
9	104500001	1.19149	1.17972	7	0	0
9	105000001	1.18584	1.17972	7	0	0
9	105500001	1.17972	1.17972	7	0	0
9	106000001	1.11781	1.17972	7	0	0
9	106500001	1.18065	1.17972	7	0	0
9	107000001	1.09991	1.17972	7	0	0
9	107500001	1.16218	1.17972	7	0	0
9	108000001	1.19377	1.17972	7	0	0
9	108500001	1.19497	1.17972	7	0	0
9	109000001	1.24762	1.17972	7	0	0
9	109500001	1.2188	1.17972	7	0	0
9	110000001	1.17718	1.17972	7	0	0
9	110500001	1.22443	1.17972	7	0	0
9	111000001	1.21905	1.17972	7	0	0
9	111500001	1.22952	1.17972	7	0	0
9	112000001	1.25046	1.17972	7	0	0
9	112500001	1.12804	1.17972	7	0	0
9	113000001	1.23543	1.17972	7	0	0
9	113500001	1.19362	1.17972	7	0	0
9	114000001	1.28011	1.17972	7	0	0
9	114500001	1.13622	1.17972	7	0	0
9	115000001	1.21635	1.17972	7	0	0
9	115500001	1.19938	1.17972	7	0	0
9	116000001	1.12928	1.17972	7	0	0
9	116500001	1.0735	1.17972	7	0	0
9	117000001	1.09342	1.17972	7	0	0
9	117500001	1.12673	1.17972	7	0	0
9	118000001	1.1378	1.17972	7	0	0
9	118500001	1.19696	1.17972	7	0	0
9	119000001	1.12047	1.17972	7	0	0
9	119500001	1.09818	1.17972	7	0	0
9	120000001	1.24564	1.17972	7	0	0
9	120500001	1.22174	1.17972	7	0	0
9	121000001	1.1997	1.17972	7	0	0
9	121500001	1.25003	1.17972	7	0	0
9	122000001	1.18298	1.17972	7	0	0
9	122500001	1.1691	1.17972	7	0	0
9	123000001	1.21462	1.17972	7	0	0
9	123500001	1.21619	1.17972	7	0	0
9	124000001	1.25612	1.17972	7	0	0
9	124500001	1.18183	1.17972	7	0	0
9	125000001	1.22593	1.17972	7	0	0
9	125500001	1.14985	1.17972	7	0	0
9	126000001	1.2164	1.17972	7	0	0
9	126500001	1.20889	1.17972	7	0	0
9	127000001	1.25495	1.17972	7	0	0
9	127500001	1.35244	1.17972	7	0	0
9	128000001	1.36993	1.17972	7	0	0
9	128500001	1.20934	1.17972	7	0	0
9	129000001	1.37888	1.17972	7	0	0
9	129500001	1.28967	1.17972	7	0	0
9	130000001	1.28335	1.17972	7	0	0
9	130500001	1.23534	1.17972	7	0	0
9	131000001	1.20347	1.17972	7	0	0
9	131500001	1.23735	1.17972	7	0	0
9	132000001	1.24031	1.17972	7	0	0
9	132500001	1.20593	1.17972	7	0	0
9	133000001	1.36748	1.41453	8	0	0
9	133500001	1.47559	1.41453	8	0	0
9	134000001	1.46159	1.41453	8	0	0
9	134500001	1.31658	1.41453	8	0	0
9	135000001	1.30801	1.41453	8	0	0
9	135500001	1.32577	1.41453	8	0	0
9	136000001	1.56258	1.41453	8	0	0
9	136500001	1.60854	1.41453	8	0	0
9	137000001	1.69255	1.41453	8	0	0
9	137500001	1.19889	1.41453	8	0	0
9	138000001	-1	-1	-1	0	0
GL000008.2	1	0.562484	0.562484	3	0	0
GL000009.2	1	0.703801	0.703801	4	0	0
GL000194.1	1	0.634397	0.634397	4	0	0
GL000195.1	1	0.421813	0.421813	3	0	0
GL000205.2	1	0.828347	0.828347	5	0	0
GL000208.1	1	0.389364	0.389364	2	0	0
GL000213.1	1	0.0750982	0.0750982	0	0	0
GL000214.1	1	0.739771	0.739771	4	0	0
GL000216.2	1	1.94102	1.94102	12	0	0
GL000218.1	1	0.659835	0.659835	4	0	0
GL000219.1	1	0.359595	0.359595	2	0	0
GL000220.1	1	3.47311	3.47311	21	0	0
GL000221.1	1	0.598951	0.598951	4	0	0
GL000224.1	1	1.57677	1.57677	9	0	0
GL000225.1	1	3.62509	3.62509	22	0	0
GL000226.1	1	1.13121	1.13121	7	0	0
KI270302.1	1	0.00507904	0.00507904	0	0	0
KI270303.1	1	0.00765978	0.00765978	0	0	0
KI270304.1	1	0.000810226	0.000810226	0	0	0
KI270305.1	1	0.00470119	0.00470119	0	0	0
KI270310.1	1	0.0206239	0.0206239	0	0	0
KI270311.1	1	-1	-1	-1	0	0
KI270312.1	1	0.000427191	0.000427191	0	0	0
KI270315.1	1	0.00248014	0.00248014	0	0	0
KI270316.1	1	0.0016511	0.0016511	0	0	0
KI270317.1	1	-1	-1	-1	0	0
KI270320.1	1	0.0600908	0.0600908	0	0	0
KI270322.1	1	-1	-1	-1	0	0
KI270329.1	1	0.00721062	0.00721062	0	0	0
KI270330.1	1	0.0485604	0.0485604	0	0	0
KI270333.1	1	0	0	0	0	0
KI270334.1	1	0.000798782	0.000798782	0	0	0
KI270335.1	1	0.00118881	0.00118881	0	0	0
KI270336.1	1	0	0	0	0	0
KI270337.1	1	1.00016	1.00016	6	0	0
KI270338.1	1	0.000395961	0.000395961	0	0	0
KI270340.1	1	0.00119277	0.00119277	0	0	0
KI270362.1	1	0.00921344	0.00921344	0	0	0
KI270363.1	1	0.00206105	0.00206105	0	0	0
KI270364.1	1	0.00744526	0.00744526	0	0	0
KI270366.1	1	0.0183987	0.0183987	0	0	0
KI270371.1	1	0.000851825	0.000851825	0	0	0
KI270372.1	1	0.000900036	0.000900036	0	0	0
KI270373.1	1	0.000408775	0.000408775	0	0	0
KI270374.1	1	0.000431387	0.000431387	0	0	0
KI270375.1	1	0.002209	0.002209	0	0	0
KI270376.1	1	0.000871166	0.000871166	0	0	0
KI270378.1	1	0	0	0	0	0
KI270379.1	1	0.000419522	0.000419522	0	0	0
KI270381.1	1	0.000835482	0.000835482	0	0	0
KI270382.1	1	0.00979765	0.00979765	0	0	0
KI270383.1	1	0.0016765	0.0016765	0	0	0
KI270384.1	1	0.00042667	0.00042667	0	0	0
KI270385.1	1	0.000429928	0.000429928	0	0	0
KI270386.1	1	0.000851885	0.000851885	0	0	0
KI270387.1	1	0	0	0	0	0
KI270388.1	1	0.00042867	0.00042867	0	0	0
KI270389.1	1	0	0	0	0	0
KI270390.1	1	0.00342234	0.00342234	0	0	0
KI270391.1	1	0.000425625	0.000425625	0	0	0
KI270392.1	1	0.000434309	0.000434309	0	0	0
KI270393.1	1	0	0	0	0	0
KI270394.1	1	0	0	0	0	0
KI270395.1	1	0.00771956	0.00771956	0	0	0
KI270396.1	1	0.00338651	0.00338651	0	0	0
KI270411.1	1	0.00879559	0.00879559	0	0	0
KI270412.1	1	0.00577789	0.00577789	0	0	0
KI270414.1	1	0.00710548	0.00710548	0	0	0
KI270417.1	1	0.0041447	0.0041447	0	0	0
KI270418.1	1	0.0200053	0.0200053	0	0	0
KI270419.1	1	0.0114271	0.0114271	0	0	0
KI270420.1	1	0.0142594	0.0142594	0	0	0
KI270422.1	1	0.00398795	0.00398795	0	0	0
KI270423.1	1	0.00161135	0.00161135	0	0	0
KI270424.1	1	0.00430972	0.00430972	0	0	0
KI270425.1	1	0.000816666	0.000816666	0	0	0
KI270429.1	1	0.00258573	0.00258573	0	0	0
KI270435.1	1	0.238226	0.238226	1	0	0
KI270438.1	1	-1	-1	-1	0	0
KI270442.1	1	1.27064	1.27064	8	0	0
KI270448.1	1	0.0359843	0.0359843	0	0	0
KI270465.1	1	0.0591311	0.0591311	0	0	0
KI270466.1	1	0	0	0	0	0
KI270467.1	1	0	0	0	0	0
KI270468.1	1	0.0207811	0.0207811	0	0	0
KI270507.1	1	0.0438688	0.0438688	0	0	0
KI270508.1	1	0.0140661	0.0140661	0	0	0
KI270509.1	1	0.0226592	0.0226592	0	0	0
KI270510.1	1	0.00929602	0.00929602	0	0	0
KI270511.1	1	0.0404501	0.0404501	0	0	0
KI270512.1	1	0.0273597	0.0273597	0	0	0
KI270515.1	1	0.0560987	0.0560987	0	0	0
KI270516.1	1	0.0105525	0.0105525	0	0	0
KI270517.1	1	0.0284355	0.0284355	0	0	0
KI270518.1	1	0.0127507	0.0127507	0	0	0
KI270519.1	1	0.325801	0.325801	2	0	0
KI270521.1	1	0.0168629	0.0168629	0	0	0
KI270522.1	1	0.0132641	0.0132641	0	0	0
KI270528.1	1	0.00360949	0.00360949	0	0	0
KI270529.1	1	0.00448569	0.00448569	0	0	0
KI270530.1	1	0.00409017	0.00409017	0	0	0
KI270538.1	1	-1	-1	-1	0	0
KI270539.1	1	-0	-0	0	0	0
KI270544.1	1	0.0308524	0.0308524	0	0	0
KI270548.1	1	0.00120985	0.00120985	0	0	0
KI270579.1	1	0.0592999	0.0592999	0	0	0
KI270580.1	1	0.00583889	0.00583889	0	0	0
KI270581.1	1	0.00917024	0.00917024	0	0	0
KI270582.1	1	0.0225297	0.0225297	0	0	0
KI270583.1	1	0.00712939	0.00712939	0	0	0
KI270584.1	1	0.0319898	0.0319898	0	0	0
KI270587.1	1	0.1621	0.1621	1	0	0
KI270588.1	1	0.0508449	0.0508449	0	0	0
KI270589.1	1	-1	-1	-1	0	0
KI270590.1	1	0.0653443	0.0653443	0	0	0
KI270591.1	1	0.0628558	0.0628558	0	0	0
KI270593.1	1	0.0116076	0.0116076	0	0	0
KI270706.1	1	0.429698	0.429698	3	0	0
KI270707.1	1	0.0652417	0.0652417	0	0	0
KI270708.1	1	0.109545	0.109545	1	0	0
KI270709.1	1	2.28569	2.28569	14	0	0
KI270710.1	1	0.100277	0.100277	1	0	0
KI270711.1	1	0.12423	0.12423	1	0	0
KI270712.1	1	0.331409	0.331409	2	0	0
KI270713.1	1	0.162925	0.162925	1	0	0
KI270714.1	1	0.0658827	0.0658827	0	0	0
KI270715.1	1	0.388072	0.388072	2	0	0
KI270716.1	1	0.280507	0.280507	2	0	0
KI270717.1	1	0.0754198	0.0754198	0	0	0
KI270718.1	1	0.110038	0.110038	1	0	0
KI270719.1	1	0.568826	0.568826	3	0	0
KI270720.1	1	0.0671485	0.0671485	0	0	0
KI270721.1	1	0.195727	0.195727	1	0	0
KI270722.1	1	0.430936	0.430936	3	0	0
KI270723.1	1	0.15046	0.15046	1	0	0
KI270724.1	1	0.109701	0.109701	1	0	0
KI270725.1	1	0.394247	0.394247	2	0	0
KI270726.1	1	0.00716229	0.00716229	0	0	0
KI270727.1	1	0.396659	0.396659	2	0	0
KI270728.1	1	-1	0.173004	1	0	0
KI270728.1	500001	0.164344	0.173004	1	0	0
KI270728.1	1000001	0.238793	0.173004	1	0	0
KI270728.1	1500001	0.173004	0.173004	1	0	0
KI270729.1	1	1.86932	1.86932	11	0	0
KI270730.1	1	0.278936	0.278936	2	0	0
KI270731.1	1	0.20312	0.20312	1	0	0
KI270732.1	1	0.19469	0.19469	1	0	0
KI270733.1	1	2.9932	2.9932	18	0	0
KI270734.1	1	0.24469	0.24469	1	0	0
KI270735.1	1	0.398863	0.398863	2	0	0
KI270736.1	1	0.355698	0.355698	2	0	0
KI270737.1	1	0.18222	0.18222	1	0	0
KI270738.1	1	0.218366	0.218366	1	0	0
KI270739.1	1	0.055169	0.055169	0	0	0
KI270740.1	1	0	0	0	0	0
KI270741.1	1	0.152731	0.152731	1	0	0
KI270742.1	1	0.766934	0.766934	5	0	0
KI270743.1	1	0.688347	0.688347	4	0	0
KI270744.1	1	1.09333	1.09333	7	0	0
KI270745.1	1	0.0978478	0.0978478	1	0	0
KI270746.1	1	0.232204	0.232204	1	0	0
KI270747.1	1	0.262191	0.262191	2	0	0
KI270748.1	1	0.0664618	0.0664618	0	0	0
KI270749.1	1	0.482828	0.482828	3	0	0
KI270750.1	1	0.521296	0.521296	3	0	0
KI270751.1	1	0.714644	0.714644	4	0	0
KI270752.1	1	0	0	0	0	0
KI270753.1	1	0.132512	0.132512	1	0	0
KI270754.1	1	0.314256	0.314256	2	0	0
KI270755.1	1	0.026045	0.026045	0	0	0
KI270756.1	1	0.119542	0.119542	1	0	0
KI270757.1	1	0.388996	0.388996	2	0	0
MT	1	17.3318	17.3318	104	0	0
X	1	-1	-1	-1	0	0
X	500001	0.689894	0.726834	4	0	0
X	1000001	0.697807	0.726834	4	0	0
X	1500001	0.664235	0.726834	4	0	0
X	2000001	-1	0.726834	4	0	0
X	2500001	0.716195	0.726834	4	0	0
X	3000001	0.688079	0.726834	4	0	0
X	3500001	0.621168	0.726834	4	0	0
X	4000001	0.65943	0.726834	4	0	0
X	4500001	0.680246	0.726834	4	0	0
X	5000001	0.692571	0.726834	4	0	0
X	5500001	0.640583	0.726834	4	0	0
X	6000001	0.708845	0.726834	4	0	0
X	6500001	0.723492	0.726834	4	0	0
X	7000001	0.703738	0.726834	4	0	0
X	7500001	0.798677	0.726834	4	0	0
X	8000001	0.749642	0.726834	4	0	0
X	8500001	0.74829	0.726834	4	0	0
X	9000001	0.745215	0.726834	4	0	0
X	9500001	0.794979	0.726834	4	0	0
X	10000001	0.777674	0.726834	4	0	0
X	10500001	0.721697	0.726834	4	0	0
X	11000001	0.741662	0.726834	4	0	0
X	11500001	0.724983	0.726834	4	0	0
X	12000001	0.775776	0.726834	4	0	0
X	12500001	0.79774	0.726834	4	0	0
X	13000001	0.78513	0.726834	4	0	0
X	13500001	0.801545	0.726834	4	0	0
X	14000001	0.748068	0.726834	4	0	0
X	14500001	0.740241	0.726834	4	0	0
X	15000001	0.727641	0.726834	4	0	0
X	15500001	0.728936	0.726834	4	0	0
X	16000001	0.786046	0.726834	4	0	0
X	16500001	0.747874	0.726834	4	0	0
X	17000001	0.766595	0.726834	4	0	0
X	17500001	0.702425	0.726834	4	0	0
X	18000001	0.696922	0.726834	4	0	0
X	18500001	0.705015	0.726834	4	0	0
X	19000001	0.719892	0.726834	4	0	0
X	19500001	0.711508	0.726834	4	0	0
X	20000001	0.715177	0.726834	4	0	0
X	20500001	0.702954	0.726834	4	0	0
X	21000001	0.735263	0.726834	4	0	0
X	21500001	0.708261	0.726834	4	0	0
X	22000001	0.700776	0.726834	4	0	0
X	22500001	0.726889	0.726834	4	0	0
X	23000001	0.748364	0.726834	4	0	0
X	23500001	0.744156	0.726834	4	0	0
X	24000001	0.738687	0.726834	4	0	0
X	24500001	0.714585	0.726834	4	0	0
X	25000001	0.744006	0.726834	4	0	0
X	25500001	0.749841	0.726834	4	0	0
X	26000001	0.687024	0.726834	4	0	0
X	26500001	0.761278	0.726834	4	0	0
X	27000001	0.701882	0.726834	4	0	0
X	27500001	0.677287	0.726834	4	0	0
X	28000001	0.705351	0.726834	4	0	0
X	28500001	0.705704	0.726834	4	0	0
X	29000001	0.763986	0.726834	4	0	0
X	29500001	0.81377	0.726834	4	0	0
X	30000001	0.712829	0.726834	4	0	0
X	30500001	0.706432	0.726834	4	0	0
X	31000001	0.684433	0.726834	4	0	0
X	31500001	0.711968	0.726834	4	0	0
X	32000001	0.760613	0.726834	4	0	0
X	32500001	0.726834	0.726834	4	0	0
X	33000001	0.69975	0.726834	4	0	0
X	33500001	0.732529	0.726834	4	0	0
X	34000001	0.679866	0.726834	4	0	0
X	34500001	0.722894	0.726834	4	0	0
X	35000001	0.711291	0.726834	4	0	0
X	35500001	0.653485	0.726834	4	0	0
X	36000001	0.734613	0.726834	4	0	0
X	36500001	0.728424	0.726834	4	0	0
X	37000001	-1	0.726834	4	0	0
X	37500001	0.751506	0.726834	4	0	0
X	38000001	0.723373	0.726834	4	0	0
X	38500001	0.696695	0.726834	4	0	0
X	39000001	0.719894	0.726834	4	0	0
X	39500001	0.779341	0.726834	4	0	0
X	40000001	0.775944	0.726834	4	0	0
X	40500001	0.735828	0.726834	4	0	0
X	41000001	0.760453	0.726834	4	0	0
X	41500001	0.803594	0.726834	4	0	0
X	42000001	0.726167	0.726834	4	0	0
X	42500001	0.772476	0.726834	4	0	0
X	43000001	0.719146	0.726834	4	0	0
X	43500001	0.758854	0.726834	4	0	0
X	44000001	0.754933	0.726834	4	0	0
X	44500001	0.700397	0.726834	4	0	0
X	45000001	0.799052	0.726834	4	0	0
X	45500001	0.769004	0.726834	4	0	0
X	46000001	0.771523	0.726834	4	0	0
X	46500001	0.763218	0.726834	4	0	0
X	47000001	0.744729	0.726834	4	0	0
X	47500001	0.693516	0.726834	4	0	0
X	48000001	0.706137	0.726834	4	0	0
X	48500001	0.755931	0.726834	4	0	0
X	49000001	-1	0.726834	4	0	0
X	49500001	0.76323	0.726834	4	0	0
X	50000001	0.708491	0.726834	4	0	0
X	50500001	0.650807	0.650807	4	0	0
X	51000001	0.669392	0.650807	4	0	0
X	51500001	0.571009	0.650807	4	0	0
X	52000001	0.491213	0.484236	3	0	0
X	52500001	0.4642	0.484236	3	0	0
X	53000001	0.477644	0.484236	3	0	0
X	53500001	0.509414	0.484236	3	0	0
X	54000001	0.489363	0.484236	3	0	0
X	54500001	0.48125	0.484236	3	0	0
X	55000001	0.48773	0.484236	3	0	0
X	55500001	0.470776	0.484236	3	0	0
X	56000001	0.512171	0.484236	3	0	0
X	56500001	0.479457	0.484236	3	0	0
X	57000001	0.477777	0.484236	3	0	0
X	57500001	0.51004	0.484236	3	0	0
X	58000001	0.475749	0.484236	3	0	0
X	58500001	0.48843	0.484236	3	0	0
X	59000001	0.483252	0.484236	3	0	0
X	59500001	0.438478	0.484236	3	0	0
X	60000001	0.412127	0.484236	3	0	0
X	60500001	0.402254	0.484236	3	0	0
X	61000001	0.43349	0.484236	3	0	0
X	61500001	0.418725	0.484236	3	0	0
X	62000001	0.380226	0.484236	3	0	0
X	62500001	0.533749	0.484236	3	0	0
X	63000001	0.484206	0.484236	3	0	0
X	63500001	0.490376	0.484236	3	0	0
X	64000001	0.483066	0.484236	3	0	0
X	64500001	0.482906	0.484236	3	0	0
X	65000001	0.479023	0.484236	3	0	0
X	65500001	0.478246	0.484236	3	0	0
X	66000001	0.496611	0.484236	3	0	0
X	66500001	0.495093	0.484236	3	0	0
X	67000001	0.497677	0.484236	3	0	0
X	67500001	0.507904	0.484236	3	0	0
X	68000001	0.512741	0.484236	3	0	0
X	68500001	0.484198	0.484236	3	0	0
X	69000001	0.490421	0.484236	3	0	0
X	69500001	0.521481	0.484236	3	0	0
X	70000001	0.471296	0.484236	3	0	0
X	70500001	0.520455	0.484236	3	0	0
X	71000001	0.503547	0.484236	3	0	0
X	71500001	0.505446	0.484236	3	0	0
X	72000001	0.519959	0.484236	3	0	0
X	72500001	0.507793	0.484236	3	0	0
X	73000001	0.488333	0.484236	3	0	0
X	73500001	0.498786	0.484236	3	0	0
X	74000001	0.508771	0.484236	3	0	0
X	74500001	0.479431	0.484236	3	0	0
X	75000001	0.449141	0.484236	3	0	0
X	75500001	0.437104	0.484236	3	0	0
X	76000001	0.469161	0.484236	3	0	0
X	76500001	0.508372	0.484236	3	0	0
X	77000001	0.478056	0.484236	3	0	0
X	77500001	0.506293	0.484236	3	0	0
X	78000001	0.496531	0.484236	3	0	0
X	78500001	0.492615	0.484236	3	0	0
X	79000001	0.480719	0.484236	3	0	0
X	79500001	0.465754	0.484236	3	0	0
X	80000001	0.46743	0.484236	3	0	0
X	80500001	0.484702	0.484236	3	0	0
X	81000001	0.483048	0.484236	3	0	0
X	81500001	0.505482	0.484236	3	0	0
X	82000001	0.472567	0.484236	3	0	0
X	82500001	0.479071	0.484236	3	0	0
X	83000001	0.484267	0.484236	3	0	0
X	83500001	0.501792	0.484236	3	0	0
X	84000001	0.485085	0.484236	3	0	0
X	84500001	0.492919	0.484236	3	0	0
X	85000001	0.507799	0.484236	3	0	0
X	85500001	0.475473	0.484236	3	0	0
X	86000001	0.46443	0.484236	3	0	0
X	86500001	0.471834	0.484236	3	0	0
X	87000001	0.486073	0.484236	3	0	0
X	87500001	0.471781	0.484236	3	0	0
X	88000001	0.478664	0.484236	3	0	0
X	88500001	0.471711	0.484236	3	0	0
X	89000001	0.481649	0.484236	3	0	0
X	89500001	0.455557	0.484236	3	0	0
X	90000001	0.469308	0.484236	3	0	0
X	90500001	0.462882	0.484236	3	0	0
X	91000001	0.461916	0.484236	3	0	0
X	91500001	0.471762	0.484236	3	0	0
X	92000001	0.43007	0.484236	3	0	0
X	92500001	0.435375	0.484236	3	0	0
X	93000001	0.450133	0.484236	3	0	0
X	93500001	0.457082	0.484236	3	0	0
X	94000001	0.481853	0.484236	3	0	0
X	94500001	0.496289	0.484236	3	0	0
X	95000001	0.490859	0.484236	3	0	0
X	95500001	0.459229	0.484236	3	0	0
X	96000001	0.471715	0.484236	3	0	0
X	96500001	0.472415	0.484236	3	0	0
X	97000001	0.469735	0.484236	3	0	0
X	97500001	0.508805	0.484236	3	0	0
X	98000001	0.504992	0.484236	3	0	0
X	98500001	0.48556	0.484236	3	0	0
X	99000001	0.480033	0.484236	3	0	0
X	99500001	0.46786	0.484236	3	0	0
X	100000001	0.504136	0.484236	3	0	0
X	100500001	0.50829	0.484236	3	0	0
X	101000001	0.477039	0.484236	3	0	0
X	101500001	0.466412	0.484236	3	0	0
X	102000001	0.496862	0.484236	3	0	0
X	102500001	0.539323	0.484236	3	0	0
X	103000001	0.515479	0.484236	3	0	0
X	103500001	0.450704	0.484236	3	0	0
X	104000001	0.5111	0.484236	3	0	0
X	104500001	0.483092	0.484236	3	0	0
X	105000001	0.493861	0.484236	3	0	0
X	105500001	0.497685	0.484236	3	0	0
X	106000001	0.498429	0.484236	3	0	0
X	106500001	0.526923	0.484236	3	0	0
X	107000001	0.510546	0.484236	3	0	0
X	107500001	0.485095	0.484236	3	0	0
X	108000001	0.537436	0.484236	3	0	0
X	108500001	0.49186	0.484236	3	0	0
X	109000001	0.519541	0.484236	3	0	0
X	109500001	0.483474	0.484236	3	0	0
X	110000001	0.504335	0.484236	3	0	0
X	110500001	0.489407	0.484236	3	0	0
X	111000001	0.452158	0.484236	3	0	0
X	111500001	0.479927	0.484236	3	0	0
X	112000001	0.477431	0.484236	3	0	0
X	112500001	0.480484	0.484236	3	0	0
X	113000001	0.485529	0.484236	3	0	0
X	113500001	0.492891	0.484236	3	0	0
X	114000001	0.468534	0.484236	3	0	0
X	114500001	0.526448	0.484236	3	0	0
X	115000001	0.467475	0.484236	3	0	0
X	115500001	-1	0.484236	3	0	0
X	116000001	0.497099	0.484236	3	0	0
X	116500001	0.45544	0.484236	3	0	0
X	117000001	0.458128	0.484236	3	0	0
X	117500001	0.497173	0.484236	3	0	0
X	118000001	0.505122	0.484236	3	0	0
X	118500001	0.489896	0.484236	3	0	0
X	119000001	0.511869	0.484236	3	0	0
X	119500001	0.472484	0.484236	3	0	0
X	120000001	0.505746	0.484236	3	0	0
X	120500001	0.442782	0.484236	3	0	0
X	121000001	0.496352	0.484236	3	0	0
X	121500001	0.464954	0.484236	3	0	0
X	122000001	0.446293	0.484236	3	0	0
X	122500001	0.489925	0.484236	3	0	0
X	123000001	0.517706	0.484236	3	0	0
X	123500001	0.490557	0.484236	3	0	0
X	124000001	0.516389	0.484236	3	0	0
X	124500001	0.488603	0.484236	3	0	0
X	125000001	0.495896	0.484236	3	0	0
X	125500001	0.492284	0.484236	3	0	0
X	126000001	0.478618	0.484236	3	0	0
X	126500001	0.489341	0.484236	3	0	0
X	127000001	0.508906	0.484236	3	0	0
X	127500001	0.481208	0.484236	3	0	0
X	128000001	0.501296	0.484236	3	0	0
X	128500001	0.483086	0.484236	3	0	0
X	129000001	0.516868	0.484236	3	0	0
X	129500001	0.513097	0.484236	3	0	0
X	130000001	0.485736	0.484236	3	0	0
X	130500001	0.506638	0.484236	3	0	0
X	131000001	0.523588	0.484236	3	0	0
X	131500001	0.505874	0.484236	3	0	0
X	132000001	0.507762	0.484236	3	0	0
X	132500001	0.460107	0.484236	3	0	0
X	133000001	0.482718	0.484236	3	0	0
X	133500001	0.472322	0.484236	3	0	0
X	134000001	0.510815	0.484236	3	0	0
X	134500001	0.515481	0.484236	3	0	0
X	135000001	0.501233	0.484236	3	0	0
X	135500001	0.493291	0.484236	3	0	0
X	136000001	0.512556	0.484236	3	0	0
X	136500001	0.482338	0.484236	3	0	0
X	137000001	0.483942	0.484236	3	0	0
X	137500001	0.469466	0.484236	3	0	0
X	138000001	0.487754	0.484236	3	0	0
X	138500001	0.466744	0.484236	3	0	0
X	139000001	0.456552	0.484236	3	0	0
X	139500001	0.474006	0.484236	3	0	0
X	140000001	0.497249	0.484236	3	0	0
X	140500001	0.509196	0.484236	3	0	0
X	141000001	0.533403	0.484236	3	0	0
X	141500001	0.482759	0.484236	3	0	0
X	142000001	0.489709	0.484236	3	0	0
X	142500001	0.4489	0.484236	3	0	0
X	143000001	0.477133	0.484236	3	0	0
X	143500001	0.473559	0.484236	3	0	0
X	144000001	0.531878	0.484236	3	0	0
X	144500001	0.49434	0.484236	3	0	0
X	145000001	0.452145	0.484236	3	0	0
X	145500001	0.469999	0.484236	3	0	0
X	146000001	0.444584	0.484236	3	0	0
X	146500001	0.441368	0.484236	3	0	0
X	147000001	0.456919	0.484236	3	0	0
X	147500001	0.470228	0.484236	3	0	0
X	148000001	0.45194	0.484236	3	0	0
X	148500001	0.467233	0.484236	3	0	0
X	149000001	0.468128	0.484236	3	0	0
X	149500001	0.537016	0.484236	3	0	0
X	150000001	0.507416	0.484236	3	0	0
X	150500001	0.48047	0.484236	3	0	0
X	151000001	0.483832	0.484236	3	0	0
X	151500001	0.467553	0.484236	3	0	0
X	152000001	0.463813	0.484236	3	0	0
X	152500001	0.497381	0.484236	3	0	0
X	153000001	0.521426	0.484236	3	0	0
X	153500001	0.624122	0.686059	4	0	0
X	154000001	0.747996	0.686059	4	0	0
X	154500001	0.525052	0.482865	3	0	0
X	155000001	0.482865	0.482865	3	0	0
X	155500001	0.478067	0.482865	3	0	0
X	156000001	-1	-1	-1	0	0
Y	1	-1	-1	-1	0	0
Y	500001	-1	-1	-1	0	0
Y	1000001	-1	-1	-1	0	0
Y	1500001	-1	-1	-1	0	0
Y	2000001	-1	-1	-1	0	0
Y	2500001	-1	-1	-1	0	0
Y	3000001	0.0353192	0.0242751	0	0	0
Y	3500001	0.0251747	0.0242751	0	0	0
Y	4000001	0.00847988	0.0242751	0	0	0
Y	4500001	0.0233756	0.0242751	0	0	0
Y	5000001	0.0109861	0.0242751	0	0	0
Y	5500001	0.031353	0.0242751	0	0	0
Y	6000001	0.00840446	0.00370577	0	0	0
Y	6500001	0.0153006	0.00370577	0	0	0
Y	7000001	0.00154623	0.00370577	0	0	0
Y	7500001	0.000396564	0.00370577	0	0	0
Y	8000001	0	0.00370577	0	0	0
Y	8500001	0	0.00370577	0	0	0
Y	9000001	-1	0.00370577	0	0	0
Y	9500001	0.00586531	0.00370577	0	0	0
Y	10000001	0.0361457	0.00370577	0	0	0
Y	10500001	-1	-1	-1	0	0
Y	11000001	1.20723	0.996765	6	0	0
Y	11500001	0.786296	0.996765	6	0	0
Y	12000001	0	0.000602068	0	0	0
Y	12500001	0.000404674	0.000602068	0	0	0
Y	13000001	0.00373946	0.000602068	0	0	0
Y	13500001	0.00359623	0.000602068	0	0	0
Y	14000001	0.00040755	0.000602068	0	0	0
Y	14500001	0.000410078	0.000602068	0	0	0
Y	15000001	0.000401361	0.000602068	0	0	0
Y	15500001	0.000410919	0.000602068	0	0	0
Y	16000001	0	0.000602068	0	0	0
Y	16500001	0.00126714	0.000602068	0	0	0
Y	17000001	0.00656893	0.000602068	0	0	0
Y	17500001	0.00120289	0.000602068	0	0	0
Y	18000001	0.000602068	0.000602068	0	0	0
Y	18500001	0	0.000602068	0	0	0
Y	19000001	0	0.000602068	0	0	0
Y	19500001	0.000414959	0.000602068	0	0	0
Y	20000001	0.00176669	0.000602068	0	0	0
Y	20500001	0	0.000602068	0	0	0
Y	21000001	0	0.000602068	0	0	0
Y	21500001	0	0.000602068	0	0	0
Y	22000001	0.00118771	0.000602068	0	0	0
Y	22500001	0.00120329	0.000602068	0	0	0
Y	23000001	0.00164258	0.000602068	0	0	0
Y	23500001	0.000417233	0.000602068	0	0	0
Y	24000001	0.00117824	0.000602068	0	0	0
Y	24500001	0.000804082	0.000602068	0	0	0
Y	25000001	0.00116642	0.000602068	0	0	0
Y	25500001	0.0020852	0.000602068	0	0	0
Y	26000001	0.00941204	0.000602068	0	0	0
Y	26500001	-1	-1	-1	0	0
Y	27000001	-1	-1	-1	0	0
Y	27500001	-1	-1	-1	0	0
Y	28000001	-1	-1	-1	0	0
Y	28500001	-1	-1	-1	0	0
Y	29000001	-1	-1	-1	0	0
Y	29500001	-1	-1	-1	0	0
Y	30000001	-1	-1	-1	0	0
Y	30500001	-1	-1	-1	0	0
Y	31000001	-1	-1	-1	0	0
Y	31500001	-1	-1	-1	0	0
Y	32000001	-1	-1	-1	0	0
Y	32500001	-1	-1	-1	0	0
Y	33000001	-1	-1	-1	0	0
Y	33500001	-1	-1	-1	0	0
Y	34000001	-1	-1	-1	0	0
Y	34500001	-1	-1	-1	0	0
Y	35000001	-1	-1	-1	0	0
Y	35500001	-1	-1	-1	0	0
Y	36000001	-1	-1	-1	0	0
Y	36500001	-1	-1	-1	0	0
Y	37000001	-1	-1	-1	0	0
Y	37500001	-1	-1	-1	0	0
Y	38000001	-1	-1	-1	0	0
Y	38500001	-1	-1	-1	0	0
Y	39000001	-1	-1	-1	0	0
Y	39500001	-1	-1	-1	0	0
Y	40000001	-1	-1	-1	0	0
Y	40500001	-1	-1	-1	0	0
Y	41000001	-1	-1	-1	0	0
Y	41500001	-1	-1	-1	0	0
Y	42000001	-1	-1	-1	0	0
Y	42500001	-1	-1	-1	0	0
Y	43000001	-1	-1	-1	0	0
Y	43500001	-1	-1	-1	0	0
Y	44000001	-1	-1	-1	0	0
Y	44500001	-1	-1	-1	0	0
Y	45000001	-1	-1	-1	0	0
Y	45500001	-1	-1	-1	0	0
Y	46000001	-1	-1	-1	0	0
Y	46500001	-1	-1	-1	0	0
Y	47000001	-1	-1	-1	0	0
Y	47500001	-1	-1	-1	0	0
Y	48000001	-1	-1	-1	0	0
Y	48500001	-1	-1	-1	0	0
Y	49000001	-1	-1	-1	0	0
Y	49500001	-1	-1	-1	0	0
Y	50000001	-1	-1	-1	0	0
Y	50500001	-1	-1	-1	0	0
Y	51000001	-1	-1	-1	0	0
Y	51500001	-1	-1	-1	0	0
Y	52000001	-1	-1	-1	0	0
Y	52500001	-1	-1	-1	0	0
Y	53000001	-1	-1	-1	0	0
Y	53500001	-1	-1	-1	0	0
Y	54000001	-1	-1	-1	0	0
Y	54500001	-1	-1	-1	0	0
Y	55000001	-1	-1	-1	0	0
Y	55500001	-1	-1	-1	0	0
Y	56000001	-1	-1	-1	0	0
Y	56500001	-1	-1	-1	0	0
Y	57000001	-1	-1	-1	0	0
