Chromosome	Start	Ratio	MedianRatio	CopyNumber	Subclone_CN	Subclone_Population
1	1	-1	-1	-1	0	0
1	500001	1.85587	1.85587	7	0	0
1	1000001	1.3712	1.26607	5	0	0
1	1500001	1.26607	1.26607	5	0	0
1	2000001	1.24127	1.26607	5	0	0
1	2500001	1.91897	1.91897	8	0	0
1	3000001	1.23467	1.23679	5	0	0
1	3500001	1.20241	1.23679	5	0	0
1	4000001	1.25192	1.23679	5	0	0
1	4500001	1.15886	1.23679	5	0	0
1	5000001	1.18104	1.23679	5	0	0
1	5500001	1.23491	1.23679	5	0	0
1	6000001	1.25529	1.23679	5	0	0
1	6500001	1.27595	1.23679	5	0	0
1	7000001	1.23289	1.23679	5	0	0
1	7500001	1.25468	1.23679	5	0	0
1	8000001	1.23549	1.23679	5	0	0
1	8500001	1.30974	1.23679	5	0	0
1	9000001	1.23679	1.23679	5	0	0
1	9500001	1.32466	1.23679	5	0	0
1	10000001	1.28742	1.23679	5	0	0
1	10500001	1.23208	1.23679	5	0	0
1	11000001	1.22687	1.23679	5	0	0
1	11500001	1.25885	1.23679	5	0	0
1	12000001	1.29949	1.23679	5	0	0
1	12500001	1.23969	1.23679	5	0	0
1	13000001	1.17905	1.23679	5	0	0
1	13500001	1.18264	1.23679	5	0	0
1	14000001	1.18214	1.23679	5	0	0
1	14500001	1.24378	1.23679	5	0	0
1	15000001	1.23702	1.23679	5	0	0
1	15500001	1.00168	1.01862	4	0	0
1	16000001	1.03557	1.01862	4	0	0
1	16500001	2.27934	2.27934	9	0	0
1	17000001	1.11396	1.02497	4	0	0
1	17500001	1.06039	1.02497	4	0	0
1	18000001	0.964105	1.02497	4	0	0
1	18500001	0.99919	1.02497	4	0	0
1	19000001	1.02846	1.02497	4	0	0
1	19500001	0.979038	1.02497	4	0	0
1	20000001	0.968667	1.02497	4	0	0
1	20500001	1.02189	1.02497	4	0	0
1	21000001	0.977217	1.02497	4	0	0
1	21500001	1.02804	1.02497	4	0	0
1	22000001	1.07062	1.02497	4	0	0
1	22500001	1.05417	1.02497	4	0	0
1	23000001	1.50994	1.46834	6	0	0
1	23500001	1.46834	1.46834	6	0	0
1	24000001	1.22917	1.46834	6	0	0
1	24500001	1.0115	1.01264	4	0	0
1	25000001	1.02625	1.01264	4	0	0
1	25500001	0.99779	1.01264	4	0	0
1	26000001	1.03664	1.01264	4	0	0
1	26500001	1.01384	1.01264	4	0	0
1	27000001	1.01371	1.01264	4	0	0
1	27500001	1.03603	1.01264	4	0	0
1	28000001	1.00875	1.01264	4	0	0
1	28500001	0.987735	1.01264	4	0	0
1	29000001	1.03805	1.01264	4	0	0
1	29500001	0.919834	1.01264	4	0	0
1	30000001	0.951231	1.01264	4	0	0
1	30500001	0.980395	1.01264	4	0	0
1	31000001	0.959221	1.01264	4	0	0
1	31500001	1.03034	1.01264	4	0	0
1	32000001	1.02882	1.01264	4	0	0
1	32500001	1.01881	1.01264	4	0	0
1	33000001	1.05026	1.01264	4	0	0
1	33500001	0.96392	1.01264	4	0	0
1	34000001	0.967528	1.01264	4	0	0
1	34500001	0.948714	1.01264	4	0	0
1	35000001	0.9699	1.01264	4	0	0
1	35500001	1.00336	1.01264	4	0	0
1	36000001	1.01786	1.01264	4	0	0
1	36500001	1.00168	1.01264	4	0	0
1	37000001	0.970002	1.01264	4	0	0
1	37500001	1.02658	1.01264	4	0	0
1	38000001	1.01489	1.01264	4	0	0
1	38500001	1.0142	1.01264	4	0	0
1	39000001	1.04385	1.01264	4	0	0
1	39500001	0.997702	1.01264	4	0	0
1	40000001	1.01766	1.01264	4	0	0
1	40500001	1.01001	1.01264	4	0	0
1	41000001	1.02765	1.01264	4	0	0
1	41500001	1.00064	1.01264	4	0	0
1	42000001	1.00759	1.01264	4	0	0
1	42500001	1.04753	1.01264	4	0	0
1	43000001	1.01665	1.01264	4	0	0
1	43500001	1.01668	1.01264	4	0	0
1	44000001	1.01632	1.01264	4	0	0
1	44500001	0.992125	1.01264	4	0	0
1	45000001	1.04125	1.01264	4	0	0
1	45500001	1.02605	1.01264	4	0	0
1	46000001	1.0209	1.01264	4	0	0
1	46500001	1.07853	1.01264	4	0	0
1	47000001	1.03087	1.01264	4	0	0
1	47500001	1.00417	1.01264	4	0	0
1	48000001	0.954317	1.01264	4	0	0
1	48500001	0.901395	1.01264	4	0	0
1	49000001	0.969185	1.01264	4	0	0
1	49500001	0.979813	1.01264	4	0	0
1	50000001	1.00197	1.01264	4	0	0
1	50500001	1.02578	1.01264	4	0	0
1	51000001	1.01489	1.01264	4	0	0
1	51500001	1.03871	1.01264	4	0	0
1	52000001	1.02653	1.01264	4	0	0
1	52500001	0.991332	1.01264	4	0	0
1	53000001	1.01637	1.01264	4	0	0
1	53500001	0.992625	1.01264	4	0	0
1	54000001	0.956602	1.01264	4	0	0
1	54500001	1.06978	1.01264	4	0	0
1	55000001	0.988322	1.01264	4	0	0
1	55500001	0.969199	1.01264	4	0	0
1	56000001	1.02855	1.01264	4	0	0
1	56500001	0.977705	1.01264	4	0	0
1	57000001	0.938837	1.01264	4	0	0
1	57500001	0.938073	1.01264	4	0	0
1	58000001	1.00174	1.01264	4	0	0
1	58500001	1.03576	1.01264	4	0	0
1	59000001	1.01767	1.01264	4	0	0
1	59500001	1.02123	1.01264	4	0	0
1	60000001	1.01264	1.01264	4	0	0
1	60500001	1.00304	1.01264	4	0	0
1	61000001	1.00123	1.01264	4	0	0
1	61500001	1.02303	1.01264	4	0	0
1	62000001	0.986777	1.01264	4	0	0
1	62500001	1.04322	1.01264	4	0	0
1	63000001	0.941378	1.01264	4	0	0
1	63500001	1.0028	1.01264	4	0	0
1	64000001	1.05218	1.01264	4	0	0
1	64500001	1.03051	1.01264	4	0	0
1	65000001	1.02049	1.01264	4	0	0
1	65500001	1.03252	1.01264	4	0	0
1	66000001	1.16406	1.01264	4	0	0
1	66500001	0.998538	1.01264	4	0	0
1	67000001	0.974516	1.01264	4	0	0
1	67500001	0.973435	1.01264	4	0	0
1	68000001	1.01639	1.01264	4	0	0
1	68500001	0.981719	1.01264	4	0	0
1	69000001	1.00149	1.01264	4	0	0
1	69500001	1.01683	1.01264	4	0	0
1	70000001	0.984228	1.01264	4	0	0
1	70500001	0.977228	1.01264	4	0	0
1	71000001	0.999944	1.01264	4	0	0
1	71500001	1.01762	1.01264	4	0	0
1	72000001	0.920041	1.01264	4	0	0
1	72500001	0.967988	1.01264	4	0	0
1	73000001	1.00331	1.01264	4	0	0
1	73500001	1.01764	1.01264	4	0	0
1	74000001	1.01074	1.01264	4	0	0
1	74500001	0.963916	1.01264	4	0	0
1	75000001	0.956679	1.01264	4	0	0
1	75500001	0.986717	1.01264	4	0	0
1	76000001	0.95607	1.01264	4	0	0
1	76500001	1.02443	1.01264	4	0	0
1	77000001	0.982985	1.01264	4	0	0
1	77500001	1.01707	1.01264	4	0	0
1	78000001	1.03782	1.01264	4	0	0
1	78500001	0.989248	1.01264	4	0	0
1	79000001	1.02882	1.01264	4	0	0
1	79500001	0.971308	1.01264	4	0	0
1	80000001	1.02871	1.01264	4	0	0
1	80500001	1.05033	1.01264	4	0	0
1	81000001	1.00618	1.01264	4	0	0
1	81500001	0.995379	1.01264	4	0	0
1	82000001	1.00589	1.01264	4	0	0
1	82500001	0.997417	1.01264	4	0	0
1	83000001	0.988327	1.01264	4	0	0
1	83500001	1.01978	1.01264	4	0	0
1	84000001	1.05391	1.01264	4	0	0
1	84500001	1.04627	1.01264	4	0	0
1	85000001	1.02355	1.01264	4	0	0
1	85500001	1.03135	1.01264	4	0	0
1	86000001	1.06424	1.01264	4	0	0
1	86500001	1.05499	1.01264	4	0	0
1	87000001	1.04231	1.01264	4	0	0
1	87500001	1.06465	1.01264	4	0	0
1	88000001	1.06055	1.01264	4	0	0
1	88500001	0.984717	1.01264	4	0	0
1	89000001	1.0162	1.01264	4	0	0
1	89500001	1.05963	1.01264	4	0	0
1	90000001	1.03503	1.01264	4	0	0
1	90500001	0.997783	1.01264	4	0	0
1	91000001	0.981271	1.01264	4	0	0
1	91500001	0.999136	1.01264	4	0	0
1	92000001	1.00442	1.01264	4	0	0
1	92500001	1.01849	1.01264	4	0	0
1	93000001	1.00973	1.01264	4	0	0
1	93500001	1.0343	1.01264	4	0	0
1	94000001	1.01487	1.01264	4	0	0
1	94500001	1.05842	1.01264	4	0	0
1	95000001	1.02778	1.01264	4	0	0
1	95500001	1.03737	1.01264	4	0	0
1	96000001	0.944757	1.01264	4	0	0
1	96500001	0.983389	1.01264	4	0	0
1	97000001	0.988552	1.01264	4	0	0
1	97500001	1.05263	1.01264	4	0	0
1	98000001	1.04993	1.01264	4	0	0
1	98500001	0.986028	1.01264	4	0	0
1	99000001	0.982749	1.01264	4	0	0
1	99500001	1.03316	1.01264	4	0	0
1	100000001	1.00032	1.01264	4	0	0
1	100500001	1.02615	1.01264	4	0	0
1	101000001	0.974853	1.01264	4	0	0
1	101500001	0.979707	1.01264	4	0	0
1	102000001	1.02857	1.01264	4	0	0
1	102500001	1.03532	1.01264	4	0	0
1	103000001	1.0399	1.01264	4	0	0
1	103500001	0.996479	1.01264	4	0	0
1	104000001	0.992546	1.01264	4	0	0
1	104500001	0.975985	1.01264	4	0	0
1	105000001	0.973228	1.01264	4	0	0
1	105500001	0.930557	1.01264	4	0	0
1	106000001	0.978435	1.01264	4	0	0
1	106500001	0.958467	1.01264	4	0	0
1	107000001	1.01176	1.01264	4	0	0
1	107500001	1.01969	1.01264	4	0	0
1	108000001	1.05528	1.01264	4	0	0
1	108500001	1.09677	1.01264	4	0	0
1	109000001	1.00068	1.01264	4	0	0
1	109500001	1.00136	1.01264	4	0	0
1	110000001	1.00611	1.01264	4	0	0
1	110500001	0.981851	1.01264	4	0	0
1	111000001	1.03723	1.01264	4	0	0
1	111500001	1.00467	1.01264	4	0	0
1	112000001	0.986273	1.01264	4	0	0
1	112500001	1.02874	1.01264	4	0	0
1	113000001	1.03484	1.01264	4	0	0
1	113500001	1.03576	1.01264	4	0	0
1	114000001	0.950326	1.01264	4	0	0
1	114500001	1.00621	1.01264	4	0	0
1	115000001	1.05031	1.01264	4	0	0
1	115500001	0.996461	1.01264	4	0	0
1	116000001	1.0521	1.01264	4	0	0
1	116500001	1.05707	1.01264	4	0	0
1	117000001	1.04886	1.01264	4	0	0
1	117500001	1.0572	1.01264	4	0	0
1	118000001	1.04209	1.01264	4	0	0
1	118500001	1.02137	1.01264	4	0	0
1	119000001	1.02639	1.01264	4	0	0
1	119500001	1.0568	1.01264	4	0	0
1	120000001	0.852983	0.852983	3	0	0
1	120500001	0.558814	0.852983	3	0	0
1	121000001	1.00448	0.852983	3	0	0
1	121500001	0.981924	0.852983	3	0	0
1	122000001	0.547229	0.852983	3	0	0
1	122500001	1.83141	1.83141	7	0	0
1	123000001	1.72287	1.83141	7	0	0
1	123500001	2.09736	1.83141	7	0	0
1	124000001	2.54606	2.54606	10	0	0
1	124500001	3.29216	3.29216	13	0	0
1	125000001	-1	-1	-1	0	0
1	125500001	-1	-1	-1	0	0
1	126000001	-1	-1	-1	0	0
1	126500001	-1	-1	-1	0	0
1	127000001	-1	-1	-1	0	0
1	127500001	-1	-1	-1	0	0
1	128000001	-1	-1	-1	0	0
1	128500001	-1	-1	-1	0	0
1	129000001	-1	-1	-1	0	0
1	129500001	-1	-1	-1	0	0
1	130000001	-1	-1	-1	0	0
1	130500001	-1	-1	-1	0	0
1	131000001	-1	-1	-1	0	0
1	131500001	-1	-1	-1	0	0
1	132000001	-1	-1	-1	0	0
1	132500001	-1	-1	-1	0	0
1	133000001	-1	-1	-1	0	0
1	133500001	-1	-1	-1	0	0
1	134000001	-1	-1	-1	0	0
1	134500001	-1	-1	-1	0	0
1	135000001	-1	-1	-1	0	0
1	135500001	-1	-1	-1	0	0
1	136000001	-1	-1	-1	0	0
1	136500001	-1	-1	-1	0	0
1	137000001	-1	-1	-1	0	0
1	137500001	-1	-1	-1	0	0
1	138000001	-1	-1	-1	0	0
1	138500001	-1	-1	-1	0	0
1	139000001	-1	-1	-1	0	0
1	139500001	-1	-1	-1	0	0
1	140000001	-1	-1	-1	0	0
1	140500001	-1	-1	-1	0	0
1	141000001	-1	-1	-1	0	0
1	141500001	-1	-1	-1	0	0
1	142000001	-1	-1	-1	0	0
1	142500001	-1	-1	-1	0	0
1	143000001	-1	-1	-1	0	0
1	143500001	0.984262	0.989534	4	0	0
1	144000001	1.03536	0.989534	4	0	0
1	144500001	1.02166	0.989534	4	0	0
1	145000001	1.13646	0.989534	4	0	0
1	145500001	1.0155	0.989534	4	0	0
1	146000001	0.986516	0.989534	4	0	0
1	146500001	0.939458	0.989534	4	0	0
1	147000001	0.999171	0.989534	4	0	0
1	147500001	0.989534	0.989534	4	0	0
1	148000001	1.03984	0.989534	4	0	0
1	148500001	1.12817	0.989534	4	0	0
1	149000001	0.980064	0.989534	4	0	0
1	149500001	0.99428	0.989534	4	0	0
1	150000001	1.00146	0.989534	4	0	0
1	150500001	1.01016	0.989534	4	0	0
1	151000001	0.971684	0.989534	4	0	0
1	151500001	1.02148	0.989534	4	0	0
1	152000001	0.995349	0.989534	4	0	0
1	152500001	0.988433	0.989534	4	0	0
1	153000001	0.994136	0.989534	4	0	0
1	153500001	1.01529	0.989534	4	0	0
1	154000001	0.958686	0.989534	4	0	0
1	154500001	0.999559	0.989534	4	0	0
1	155000001	1.01787	0.989534	4	0	0
1	155500001	1.00397	0.989534	4	0	0
1	156000001	0.97919	0.989534	4	0	0
1	156500001	1.03486	0.989534	4	0	0
1	157000001	0.973257	0.989534	4	0	0
1	157500001	0.942618	0.989534	4	0	0
1	158000001	0.964723	0.989534	4	0	0
1	158500001	0.926786	0.989534	4	0	0
1	159000001	0.984979	0.989534	4	0	0
1	159500001	0.97615	0.989534	4	0	0
1	160000001	1.02505	0.989534	4	0	0
1	160500001	1.03044	0.989534	4	0	0
1	161000001	1.29956	0.989534	4	0	0
1	161500001	1.00999	0.989534	4	0	0
1	162000001	1.02116	0.989534	4	0	0
1	162500001	0.975933	0.989534	4	0	0
1	163000001	0.955573	0.989534	4	0	0
1	163500001	0.948277	0.989534	4	0	0
1	164000001	0.99428	0.989534	4	0	0
1	164500001	0.981334	0.989534	4	0	0
1	165000001	0.984707	0.989534	4	0	0
1	165500001	0.950768	0.989534	4	0	0
1	166000001	0.934978	0.989534	4	0	0
1	166500001	0.944272	0.989534	4	0	0
1	167000001	0.985831	0.989534	4	0	0
1	167500001	1.02122	0.989534	4	0	0
1	168000001	1.03453	0.989534	4	0	0
1	168500001	0.975766	0.989534	4	0	0
1	169000001	0.983317	0.989534	4	0	0
1	169500001	0.997466	0.989534	4	0	0
1	170000001	0.954038	0.989534	4	0	0
1	170500001	0.937606	0.989534	4	0	0
1	171000001	0.973805	0.989534	4	0	0
1	171500001	0.936279	0.989534	4	0	0
1	172000001	1.02458	0.989534	4	0	0
1	172500001	1.04807	0.989534	4	0	0
1	173000001	1.42903	1.48569	6	0	0
1	173500001	1.48671	1.48569	6	0	0
1	174000001	1.49707	1.48569	6	0	0
1	174500001	1.46655	1.48569	6	0	0
1	175000001	1.47793	1.48569	6	0	0
1	175500001	1.4624	1.48569	6	0	0
1	176000001	1.49555	1.48569	6	0	0
1	176500001	1.38896	1.48569	6	0	0
1	177000001	1.41591	1.48569	6	0	0
1	177500001	1.53151	1.48569	6	0	0
1	178000001	1.53842	1.48569	6	0	0
1	178500001	1.53281	1.48569	6	0	0
1	179000001	1.47318	1.48569	6	0	0
1	179500001	1.5582	1.48569	6	0	0
1	180000001	1.53484	1.48569	6	0	0
1	180500001	1.53203	1.48569	6	0	0
1	181000001	1.46888	1.48569	6	0	0
1	181500001	1.48301	1.48569	6	0	0
1	182000001	1.50018	1.48569	6	0	0
1	182500001	1.54049	1.48569	6	0	0
1	183000001	1.5313	1.48569	6	0	0
1	183500001	1.48588	1.48569	6	0	0
1	184000001	1.48123	1.48569	6	0	0
1	184500001	1.4756	1.48569	6	0	0
1	185000001	1.55092	1.48569	6	0	0
1	185500001	1.51952	1.48569	6	0	0
1	186000001	1.53936	1.48569	6	0	0
1	186500001	1.54093	1.48569	6	0	0
1	187000001	1.51399	1.48569	6	0	0
1	187500001	1.42886	1.48569	6	0	0
1	188000001	1.46445	1.48569	6	0	0
1	188500001	1.47408	1.48569	6	0	0
1	189000001	1.44971	1.48569	6	0	0
1	189500001	1.5266	1.48569	6	0	0
1	190000001	1.52094	1.48569	6	0	0
1	190500001	1.48106	1.48569	6	0	0
1	191000001	1.48193	1.48569	6	0	0
1	191500001	1.50544	1.48569	6	0	0
1	192000001	1.52073	1.48569	6	0	0
1	192500001	1.47037	1.48569	6	0	0
1	193000001	1.46938	1.48569	6	0	0
1	193500001	1.47615	1.48569	6	0	0
1	194000001	1.47918	1.48569	6	0	0
1	194500001	1.45424	1.48569	6	0	0
1	195000001	1.49351	1.48569	6	0	0
1	195500001	1.46084	1.48569	6	0	0
1	196000001	1.55809	1.48569	6	0	0
1	196500001	1.53387	1.48569	6	0	0
1	197000001	1.57705	1.48569	6	0	0
1	197500001	1.53797	1.48569	6	0	0
1	198000001	1.53411	1.48569	6	0	0
1	198500001	1.54151	1.48569	6	0	0
1	199000001	1.53891	1.48569	6	0	0
1	199500001	1.45828	1.48569	6	0	0
1	200000001	1.49949	1.48569	6	0	0
1	200500001	1.55876	1.48569	6	0	0
1	201000001	1.46356	1.48569	6	0	0
1	201500001	1.54896	1.48569	6	0	0
1	202000001	1.50821	1.48569	6	0	0
1	202500001	1.50402	1.48569	6	0	0
1	203000001	1.43877	1.48569	6	0	0
1	203500001	1.54418	1.48569	6	0	0
1	204000001	1.48569	1.48569	6	0	0
1	204500001	1.46289	1.48569	6	0	0
1	205000001	1.47737	1.48569	6	0	0
1	205500001	1.47379	1.48569	6	0	0
1	206000001	1.49134	1.48569	6	0	0
1	206500001	1.51905	1.48569	6	0	0
1	207000001	1.5156	1.48569	6	0	0
1	207500001	1.42867	1.48569	6	0	0
1	208000001	1.43676	1.48569	6	0	0
1	208500001	1.45984	1.48569	6	0	0
1	209000001	1.53347	1.48569	6	0	0
1	209500001	1.52591	1.48569	6	0	0
1	210000001	1.47489	1.48569	6	0	0
1	210500001	1.45065	1.48569	6	0	0
1	211000001	1.48358	1.48569	6	0	0
1	211500001	1.47017	1.48569	6	0	0
1	212000001	1.47173	1.48569	6	0	0
1	212500001	1.5197	1.48569	6	0	0
1	213000001	1.47264	1.48569	6	0	0
1	213500001	1.46895	1.48569	6	0	0
1	214000001	1.4555	1.48569	6	0	0
1	214500001	1.58436	1.48569	6	0	0
1	215000001	1.56215	1.48569	6	0	0
1	215500001	1.46753	1.48569	6	0	0
1	216000001	1.45588	1.48569	6	0	0
1	216500001	1.49304	1.48569	6	0	0
1	217000001	1.4042	1.48569	6	0	0
1	217500001	1.45449	1.48569	6	0	0
1	218000001	1.47241	1.48569	6	0	0
1	218500001	1.49166	1.48569	6	0	0
1	219000001	1.50686	1.48569	6	0	0
1	219500001	1.49699	1.48569	6	0	0
1	220000001	1.45509	1.48569	6	0	0
1	220500001	1.49634	1.48569	6	0	0
1	221000001	1.44856	1.48569	6	0	0
1	221500001	1.45987	1.48569	6	0	0
1	222000001	1.41836	1.48569	6	0	0
1	222500001	1.49337	1.48569	6	0	0
1	223000001	1.4973	1.48569	6	0	0
1	223500001	1.45452	1.48569	6	0	0
1	224000001	1.48633	1.48569	6	0	0
1	224500001	1.44727	1.48569	6	0	0
1	225000001	1.52582	1.48569	6	0	0
1	225500001	1.47273	1.48569	6	0	0
1	226000001	1.54868	1.48569	6	0	0
1	226500001	1.4817	1.48569	6	0	0
1	227000001	1.51854	1.48569	6	0	0
1	227500001	1.45819	1.48569	6	0	0
1	228000001	1.45883	1.48569	6	0	0
1	228500001	2.05823	2.05823	8	0	0
1	229000001	1.47135	1.46073	6	0	0
1	229500001	1.49878	1.46073	6	0	0
1	230000001	1.4049	1.46073	6	0	0
1	230500001	1.45613	1.46073	6	0	0
1	231000001	1.45331	1.46073	6	0	0
1	231500001	1.36091	1.46073	6	0	0
1	232000001	1.04126	1.46073	6	0	0
1	232500001	1.47994	1.46073	6	0	0
1	233000001	1.52435	1.46073	6	0	0
1	233500001	1.41381	1.46073	6	0	0
1	234000001	1.48049	1.46073	6	0	0
1	234500001	1.5294	1.46073	6	0	0
1	235000001	1.49011	1.46073	6	0	0
1	235500001	1.48732	1.46073	6	0	0
1	236000001	1.51365	1.46073	6	0	0
1	236500001	1.47502	1.46073	6	0	0
1	237000001	1.42356	1.46073	6	0	0
1	237500001	1.46116	1.46073	6	0	0
1	238000001	1.43148	1.46073	6	0	0
1	238500001	1.43627	1.46073	6	0	0
1	239000001	1.49322	1.46073	6	0	0
1	239500001	1.4909	1.46073	6	0	0
1	240000001	1.42133	1.46073	6	0	0
1	240500001	1.52573	1.46073	6	0	0
1	241000001	1.48157	1.46073	6	0	0
1	241500001	1.47415	1.46073	6	0	0
1	242000001	1.4603	1.46073	6	0	0
1	242500001	1.41064	1.46073	6	0	0
1	243000001	1.41913	1.46073	6	0	0
1	243500001	1.44594	1.46073	6	0	0
1	244000001	1.44824	1.46073	6	0	0
1	244500001	1.4545	1.46073	6	0	0
1	245000001	1.47195	1.46073	6	0	0
1	245500001	1.45966	1.46073	6	0	0
1	246000001	1.50124	1.46073	6	0	0
1	246500001	1.45674	1.46073	6	0	0
1	247000001	1.47692	1.46073	6	0	0
1	247500001	1.40003	1.46073	6	0	0
1	248000001	1.47623	1.46073	6	0	0
1	248500001	1.33383	1.46073	6	0	0
10	1	1.88308	1.51751	6	0	0
10	500001	1.51751	1.51751	6	0	0
10	1000001	1.5196	1.51751	6	0	0
10	1500001	1.48712	1.51751	6	0	0
10	2000001	1.41889	1.51751	6	0	0
10	2500001	1.47961	1.51751	6	0	0
10	3000001	1.47706	1.51751	6	0	0
10	3500001	1.43155	1.51751	6	0	0
10	4000001	1.52549	1.51751	6	0	0
10	4500001	1.56682	1.51751	6	0	0
10	5000001	1.60407	1.51751	6	0	0
10	5500001	1.57781	1.51751	6	0	0
10	6000001	1.5471	1.51751	6	0	0
10	6500001	1.46675	1.51751	6	0	0
10	7000001	1.48872	1.51751	6	0	0
10	7500001	1.99891	1.99891	8	0	0
10	8000001	2.47114	2.51007	10	0	0
10	8500001	2.549	2.51007	10	0	0
10	9000001	1.84367	1.50175	6	0	0
10	9500001	1.48717	1.50175	6	0	0
10	10000001	1.39395	1.50175	6	0	0
10	10500001	1.50819	1.50175	6	0	0
10	11000001	1.5371	1.50175	6	0	0
10	11500001	1.56028	1.50175	6	0	0
10	12000001	1.55945	1.50175	6	0	0
10	12500001	1.53752	1.50175	6	0	0
10	13000001	1.5198	1.50175	6	0	0
10	13500001	1.52674	1.50175	6	0	0
10	14000001	1.51658	1.50175	6	0	0
10	14500001	1.53364	1.50175	6	0	0
10	15000001	1.52393	1.50175	6	0	0
10	15500001	1.46434	1.50175	6	0	0
10	16000001	1.41273	1.50175	6	0	0
10	16500001	1.4368	1.50175	6	0	0
10	17000001	1.47441	1.50175	6	0	0
10	17500001	1.49531	1.50175	6	0	0
10	18000001	1.48863	1.50175	6	0	0
10	18500001	1.42678	1.50175	6	0	0
10	19000001	1.45493	1.50175	6	0	0
10	19500001	1.3678	1.50175	6	0	0
10	20000001	0.644402	0.512629	2	0	0
10	20500001	0.513145	0.512629	2	0	0
10	21000001	0.477258	0.512629	2	0	0
10	21500001	0.514865	0.512629	2	0	0
10	22000001	0.514694	0.512629	2	0	0
10	22500001	0.512912	0.512629	2	0	0
10	23000001	0.527345	0.512629	2	0	0
10	23500001	0.484333	0.512629	2	0	0
10	24000001	0.490259	0.512629	2	0	0
10	24500001	0.507788	0.512629	2	0	0
10	25000001	0.533224	0.512629	2	0	0
10	25500001	0.516276	0.512629	2	0	0
10	26000001	0.478188	0.512629	2	0	0
10	26500001	0.519722	0.512629	2	0	0
10	27000001	0.486533	0.512629	2	0	0
10	27500001	0.492639	0.512629	2	0	0
10	28000001	0.498653	0.512629	2	0	0
10	28500001	0.512629	0.512629	2	0	0
10	29000001	0.491952	0.512629	2	0	0
10	29500001	0.86277	0.998161	4	0	0
10	30000001	0.963733	0.998161	4	0	0
10	30500001	0.966249	0.998161	4	0	0
10	31000001	0.984522	0.998161	4	0	0
10	31500001	1.22558	0.998161	4	0	0
10	32000001	1.13242	0.998161	4	0	0
10	32500001	1.07565	0.998161	4	0	0
10	33000001	1.03312	0.998161	4	0	0
10	33500001	0.982115	0.998161	4	0	0
10	34000001	1.02395	0.998161	4	0	0
10	34500001	0.998587	0.998161	4	0	0
10	35000001	1.01176	0.998161	4	0	0
10	35500001	0.984519	0.998161	4	0	0
10	36000001	0.992065	0.998161	4	0	0
10	36500001	0.920249	0.998161	4	0	0
10	37000001	1.00622	0.998161	4	0	0
10	37500001	0.917192	0.998161	4	0	0
10	38000001	0.997734	0.998161	4	0	0
10	38500001	1.11052	0.998161	4	0	0
10	39000001	1.05601	0.998161	4	0	0
10	39500001	0.440185	0.440185	2	0	0
10	40000001	1.70575	1.90545	8	0	0
10	40500001	2.10515	1.90545	8	0	0
10	41000001	1.08105	1.08105	4	0	0
10	41500001	-1	-1	-1	0	0
10	42000001	3.60626	3.60626	14	0	0
10	42500001	1.43966	1.47946	6	0	0
10	43000001	1.5181	1.47946	6	0	0
10	43500001	1.49098	1.47946	6	0	0
10	44000001	1.42303	1.47946	6	0	0
10	44500001	1.46076	1.47946	6	0	0
10	45000001	1.46769	1.47946	6	0	0
10	45500001	1.50344	1.47946	6	0	0
10	46000001	1.42801	1.47946	6	0	0
10	46500001	1.68814	1.47946	6	0	0
10	47000001	1.52722	1.47946	6	0	0
10	47500001	-1	1.47946	6	0	0
10	48000001	1.53789	1.47946	6	0	0
10	48500001	1.43377	1.47946	6	0	0
10	49000001	1.45594	1.47946	6	0	0
10	49500001	1.44326	1.47946	6	0	0
10	50000001	1.42374	1.47946	6	0	0
10	50500001	1.49473	1.47946	6	0	0
10	51000001	1.48832	1.47946	6	0	0
10	51500001	1.4706	1.47946	6	0	0
10	52000001	1.55057	1.47946	6	0	0
10	52500001	1.50821	1.47946	6	0	0
10	53000001	1.73266	1.94283	8	0	0
10	53500001	1.93125	1.94283	8	0	0
10	54000001	1.98439	1.94283	8	0	0
10	54500001	1.9544	1.94283	8	0	0
10	55000001	1.53042	1.48969	6	0	0
10	55500001	1.43207	1.48969	6	0	0
10	56000001	1.46061	1.48969	6	0	0
10	56500001	1.42366	1.48969	6	0	0
10	57000001	1.42781	1.48969	6	0	0
10	57500001	1.45642	1.48969	6	0	0
10	58000001	1.45786	1.48969	6	0	0
10	58500001	1.48262	1.48969	6	0	0
10	59000001	1.44648	1.48969	6	0	0
10	59500001	1.50013	1.48969	6	0	0
10	60000001	1.55327	1.48969	6	0	0
10	60500001	1.55943	1.48969	6	0	0
10	61000001	1.49853	1.48969	6	0	0
10	61500001	1.54418	1.48969	6	0	0
10	62000001	1.52506	1.48969	6	0	0
10	62500001	1.48273	1.48969	6	0	0
10	63000001	1.48789	1.48969	6	0	0
10	63500001	1.50437	1.48969	6	0	0
10	64000001	1.48952	1.48969	6	0	0
10	64500001	1.50503	1.48969	6	0	0
10	65000001	1.4465	1.48969	6	0	0
10	65500001	1.47064	1.48969	6	0	0
10	66000001	1.45728	1.48969	6	0	0
10	66500001	1.48968	1.48969	6	0	0
10	67000001	1.47125	1.48969	6	0	0
10	67500001	1.52151	1.48969	6	0	0
10	68000001	1.51087	1.48969	6	0	0
10	68500001	1.48623	1.48969	6	0	0
10	69000001	1.53025	1.48969	6	0	0
10	69500001	1.4683	1.48969	6	0	0
10	70000001	1.50232	1.48969	6	0	0
10	70500001	1.5095	1.48969	6	0	0
10	71000001	1.55599	1.48969	6	0	0
10	71500001	1.48496	1.48969	6	0	0
10	72000001	1.58987	1.48969	6	0	0
10	72500001	1.51039	1.48969	6	0	0
10	73000001	1.52997	1.48969	6	0	0
10	73500001	1.53368	1.48969	6	0	0
10	74000001	1.54784	1.48969	6	0	0
10	74500001	1.53306	1.48969	6	0	0
10	75000001	1.48903	1.48969	6	0	0
10	75500001	1.23109	1.48969	6	0	0
10	76000001	1.52816	1.48969	6	0	0
10	76500001	1.49419	1.48969	6	0	0
10	77000001	1.48969	1.48969	6	0	0
10	77500001	1.4408	1.48969	6	0	0
10	78000001	1.52456	1.48969	6	0	0
10	78500001	1.46777	1.48969	6	0	0
10	79000001	1.45879	1.48969	6	0	0
10	79500001	1.40472	1.48969	6	0	0
10	80000001	1.49825	1.48969	6	0	0
10	80500001	1.49668	1.48969	6	0	0
10	81000001	1.45768	1.48969	6	0	0
10	81500001	1.27173	1.23636	5	0	0
10	82000001	1.16787	1.23636	5	0	0
10	82500001	1.17161	1.23636	5	0	0
10	83000001	1.21381	1.23636	5	0	0
10	83500001	1.21147	1.23636	5	0	0
10	84000001	1.15596	1.23636	5	0	0
10	84500001	1.2433	1.23636	5	0	0
10	85000001	1.17848	1.23636	5	0	0
10	85500001	1.20433	1.23636	5	0	0
10	86000001	1.22744	1.23636	5	0	0
10	86500001	1.26264	1.23636	5	0	0
10	87000001	1.22735	1.23636	5	0	0
10	87500001	1.27805	1.23636	5	0	0
10	88000001	1.2669	1.23636	5	0	0
10	88500001	1.2974	1.23636	5	0	0
10	89000001	1.2951	1.23636	5	0	0
10	89500001	1.26725	1.23636	5	0	0
10	90000001	1.27452	1.23636	5	0	0
10	90500001	1.2711	1.23636	5	0	0
10	91000001	1.29258	1.23636	5	0	0
10	91500001	1.26048	1.23636	5	0	0
10	92000001	1.26749	1.23636	5	0	0
10	92500001	1.25436	1.23636	5	0	0
10	93000001	1.26022	1.23636	5	0	0
10	93500001	1.28487	1.23636	5	0	0
10	94000001	1.26459	1.23636	5	0	0
10	94500001	1.28274	1.23636	5	0	0
10	95000001	1.30196	1.23636	5	0	0
10	95500001	1.27091	1.23636	5	0	0
10	96000001	1.25775	1.23636	5	0	0
10	96500001	1.22277	1.23636	5	0	0
10	97000001	1.22891	1.23636	5	0	0
10	97500001	1.23583	1.23636	5	0	0
10	98000001	1.26876	1.23636	5	0	0
10	98500001	1.26409	1.23636	5	0	0
10	99000001	1.27236	1.23636	5	0	0
10	99500001	1.26048	1.23636	5	0	0
10	100000001	1.24943	1.23636	5	0	0
10	100500001	1.23105	1.23636	5	0	0
10	101000001	1.24719	1.23636	5	0	0
10	101500001	1.24188	1.23636	5	0	0
10	102000001	1.28589	1.23636	5	0	0
10	102500001	1.21705	1.23636	5	0	0
10	103000001	1.25649	1.23636	5	0	0
10	103500001	1.27361	1.23636	5	0	0
10	104000001	1.32092	1.23636	5	0	0
10	104500001	1.26115	1.23636	5	0	0
10	105000001	1.22879	1.23636	5	0	0
10	105500001	1.18014	1.23636	5	0	0
10	106000001	1.21279	1.23636	5	0	0
10	106500001	1.19967	1.23636	5	0	0
10	107000001	1.19126	1.23636	5	0	0
10	107500001	1.18058	1.23636	5	0	0
10	108000001	1.16652	1.23636	5	0	0
10	108500001	1.1609	1.23636	5	0	0
10	109000001	1.17424	1.23636	5	0	0
10	109500001	1.27981	1.23636	5	0	0
10	110000001	1.26048	1.23636	5	0	0
10	110500001	1.2902	1.23636	5	0	0
10	111000001	1.24445	1.23636	5	0	0
10	111500001	1.22675	1.23636	5	0	0
10	112000001	1.25712	1.23636	5	0	0
10	112500001	1.22557	1.23636	5	0	0
10	113000001	1.2369	1.23636	5	0	0
10	113500001	1.24675	1.23636	5	0	0
10	114000001	1.25001	1.23636	5	0	0
10	114500001	1.27557	1.23636	5	0	0
10	115000001	1.22442	1.23636	5	0	0
10	115500001	1.20128	1.23636	5	0	0
10	116000001	1.21541	1.23636	5	0	0
10	116500001	1.2685	1.23636	5	0	0
10	117000001	1.2163	1.23636	5	0	0
10	117500001	1.19766	1.23636	5	0	0
10	118000001	1.20977	1.23636	5	0	0
10	118500001	1.27393	1.23636	5	0	0
10	119000001	1.2709	1.23636	5	0	0
10	119500001	1.11865	1.23636	5	0	0
10	120000001	1.23869	1.23636	5	0	0
10	120500001	1.282	1.23636	5	0	0
10	121000001	1.26032	1.23636	5	0	0
10	121500001	1.23735	1.23636	5	0	0
10	122000001	1.33078	1.23636	5	0	0
10	122500001	1.22586	1.23636	5	0	0
10	123000001	1.23319	1.23636	5	0	0
10	123500001	1.20745	1.23636	5	0	0
10	124000001	1.223	1.23636	5	0	0
10	124500001	1.22944	1.23636	5	0	0
10	125000001	1.20468	1.23636	5	0	0
10	125500001	1.29553	1.23636	5	0	0
10	126000001	1.23013	1.23636	5	0	0
10	126500001	1.24586	1.23636	5	0	0
10	127000001	1.18986	1.23636	5	0	0
10	127500001	1.22453	1.23636	5	0	0
10	128000001	1.19236	1.23636	5	0	0
10	128500001	1.15319	1.23636	5	0	0
10	129000001	1.19368	1.23636	5	0	0
10	129500001	1.17023	1.23636	5	0	0
10	130000001	1.17625	1.23636	5	0	0
10	130500001	1.14695	1.23636	5	0	0
10	131000001	1.16341	1.23636	5	0	0
10	131500001	1.16419	1.23636	5	0	0
10	132000001	1.22598	1.23636	5	0	0
10	132500001	1.21662	1.23636	5	0	0
10	133000001	1.18789	1.23636	5	0	0
10	133500001	-1	-1	-1	0	0
11	1	0.552087	0.552087	2	0	0
11	500001	1.57184	0.552087	2	0	0
11	1000001	1.89127	0.552087	2	0	0
11	1500001	0.76817	0.552087	2	0	0
11	2000001	0.469096	0.552087	2	0	0
11	2500001	0.510839	0.552087	2	0	0
11	3000001	0.488822	0.552087	2	0	0
11	3500001	0.524601	0.552087	2	0	0
11	4000001	0.494513	0.552087	2	0	0
11	4500001	0.485548	0.552087	2	0	0
11	5000001	0.494571	0.552087	2	0	0
11	5500001	0.490058	0.552087	2	0	0
11	6000001	1.52434	0.552087	2	0	0
11	6500001	2.01382	0.552087	2	0	0
11	7000001	0.815802	0.552087	2	0	0
11	7500001	0.5136	0.552087	2	0	0
11	8000001	1.21223	0.552087	2	0	0
11	8500001	1.93142	0.552087	2	0	0
11	9000001	1.54273	0.552087	2	0	0
11	9500001	1.99794	0.552087	2	0	0
11	10000001	0.518493	0.552087	2	0	0
11	10500001	0.527374	0.552087	2	0	0
11	11000001	0.830893	0.552087	2	0	0
11	11500001	2.11882	1.89465	8	0	0
11	12000001	2.06489	1.89465	8	0	0
11	12500001	2.00337	1.89465	8	0	0
11	13000001	2.08473	1.89465	8	0	0
11	13500001	1.96124	1.89465	8	0	0
11	14000001	2.00319	1.89465	8	0	0
11	14500001	1.98257	1.89465	8	0	0
11	15000001	1.95958	1.89465	8	0	0
11	15500001	1.97654	1.89465	8	0	0
11	16000001	2.06165	1.89465	8	0	0
11	16500001	2.02266	1.89465	8	0	0
11	17000001	1.97275	1.89465	8	0	0
11	17500001	1.97145	1.89465	8	0	0
11	18000001	1.8346	1.89465	8	0	0
11	18500001	1.77756	1.89465	8	0	0
11	19000001	1.78864	1.89465	8	0	0
11	19500001	1.75443	1.89465	8	0	0
11	20000001	1.86383	1.89465	8	0	0
11	20500001	1.69806	1.89465	8	0	0
11	21000001	1.68634	1.89465	8	0	0
11	21500001	1.70944	1.89465	8	0	0
11	22000001	1.73415	1.89465	8	0	0
11	22500001	1.73693	1.89465	8	0	0
11	23000001	1.75061	1.89465	8	0	0
11	23500001	1.68936	1.89465	8	0	0
11	24000001	1.98603	1.89465	8	0	0
11	24500001	2.01275	1.89465	8	0	0
11	25000001	1.89465	1.89465	8	0	0
11	25500001	1.86914	1.89465	8	0	0
11	26000001	1.98562	1.89465	8	0	0
11	26500001	2.04583	1.89465	8	0	0
11	27000001	2.02185	1.89465	8	0	0
11	27500001	2.0305	1.89465	8	0	0
11	28000001	1.78338	1.89465	8	0	0
11	28500001	1.7542	1.89465	8	0	0
11	29000001	1.9613	1.89465	8	0	0
11	29500001	1.82286	1.89465	8	0	0
11	30000001	1.7233	1.89465	8	0	0
11	30500001	1.73189	1.89465	8	0	0
11	31000001	1.77657	1.89465	8	0	0
11	31500001	1.71045	1.89465	8	0	0
11	32000001	1.0239	0.764472	3	0	0
11	32500001	0.505044	0.764472	3	0	0
11	33000001	2.83224	3.01118	12	0	0
11	33500001	4.05553	3.01118	12	0	0
11	34000001	3.53802	3.01118	12	0	0
11	34500001	5.19954	3.01118	12	0	0
11	35000001	5.48433	3.01118	12	0	0
11	35500001	5.49848	3.01118	12	0	0
11	36000001	3.045	3.01118	12	0	0
11	36500001	2.74111	3.01118	12	0	0
11	37000001	2.97735	3.01118	12	0	0
11	37500001	2.80177	3.01118	12	0	0
11	38000001	2.68357	3.01118	12	0	0
11	38500001	2.71352	3.01118	12	0	0
11	39000001	1.67001	1.05806	4	0	0
11	39500001	1.1155	1.05806	4	0	0
11	40000001	0.935642	1.05806	4	0	0
11	40500001	0.965467	1.05806	4	0	0
11	41000001	0.930766	1.05806	4	0	0
11	41500001	0.956018	1.05806	4	0	0
11	42000001	0.991987	1.05806	4	0	0
11	42500001	0.962206	1.05806	4	0	0
11	43000001	0.983531	1.05806	4	0	0
11	43500001	0.989937	1.05806	4	0	0
11	44000001	0.954954	1.05806	4	0	0
11	44500001	0.935679	1.05806	4	0	0
11	45000001	0.973717	1.05806	4	0	0
11	45500001	1.00016	1.05806	4	0	0
11	46000001	1.06301	1.05806	4	0	0
11	46500001	1.1698	1.05806	4	0	0
11	47000001	1.28295	1.05806	4	0	0
11	47500001	1.25503	1.05806	4	0	0
11	48000001	0.816104	1.05806	4	0	0
11	48500001	0.795145	1.05806	4	0	0
11	49000001	1.18003	1.05806	4	0	0
11	49500001	1.24347	1.05806	4	0	0
11	50000001	1.20374	1.05806	4	0	0
11	50500001	-1	1.05806	4	0	0
11	51000001	-1	1.05806	4	0	0
11	51500001	2.39536	1.05806	4	0	0
11	52000001	2.05714	1.05806	4	0	0
11	52500001	1.44918	1.05806	4	0	0
11	53000001	1.40448	1.05806	4	0	0
11	53500001	1.40179	1.05806	4	0	0
11	54000001	-1	1.05806	4	0	0
11	54500001	1.47171	1.05806	4	0	0
11	55000001	1.51471	1.05806	4	0	0
11	55500001	1.44607	1.05806	4	0	0
11	56000001	1.47723	1.05806	4	0	0
11	56500001	1.71348	1.05806	4	0	0
11	57000001	1.74456	1.05806	4	0	0
11	57500001	1.80353	1.05806	4	0	0
11	58000001	1.76052	1.05806	4	0	0
11	58500001	1.09393	1.05806	4	0	0
11	59000001	1.01795	1.05806	4	0	0
11	59500001	1.02898	1.05806	4	0	0
11	60000001	0.955033	1.05806	4	0	0
11	60500001	1.00185	1.05806	4	0	0
11	61000001	1.01487	1.05806	4	0	0
11	61500001	1.01529	1.05806	4	0	0
11	62000001	1.05806	1.05806	4	0	0
11	62500001	1.00139	1.05806	4	0	0
11	63000001	1.09722	1.05806	4	0	0
11	63500001	1.04269	1.05806	4	0	0
11	64000001	0.982111	1.05806	4	0	0
11	64500001	1.01154	1.05806	4	0	0
11	65000001	1.7273	1.7639	7	0	0
11	65500001	1.91217	1.7639	7	0	0
11	66000001	1.75596	1.7639	7	0	0
11	66500001	1.7639	1.7639	7	0	0
11	67000001	1.76267	1.7639	7	0	0
11	67500001	1.75303	1.7639	7	0	0
11	68000001	1.81305	1.7639	7	0	0
11	68500001	1.72603	1.7639	7	0	0
11	69000001	1.72632	1.7639	7	0	0
11	69500001	1.74164	1.7639	7	0	0
11	70000001	1.72403	1.7639	7	0	0
11	70500001	1.72171	1.7639	7	0	0
11	71000001	1.69877	1.7639	7	0	0
11	71500001	1.77956	1.7639	7	0	0
11	72000001	1.80162	1.7639	7	0	0
11	72500001	1.82428	1.7639	7	0	0
11	73000001	1.80326	1.7639	7	0	0
11	73500001	1.74801	1.7639	7	0	0
11	74000001	1.76902	1.7639	7	0	0
11	74500001	1.68934	1.7639	7	0	0
11	75000001	1.75183	1.7639	7	0	0
11	75500001	1.78629	1.7639	7	0	0
11	76000001	1.75426	1.7639	7	0	0
11	76500001	1.77138	1.7639	7	0	0
11	77000001	2.18636	1.7639	7	0	0
11	77500001	2.5071	1.7639	7	0	0
11	78000001	2.53552	1.7639	7	0	0
11	78500001	2.37035	1.7639	7	0	0
11	79000001	2.39932	1.7639	7	0	0
11	79500001	2.33251	1.7639	7	0	0
11	80000001	2.07668	1.7639	7	0	0
11	80500001	1.23811	1.7639	7	0	0
11	81000001	1.60875	1.7639	7	0	0
11	81500001	2.81341	2.92341	12	0	0
11	82000001	2.92341	2.92341	12	0	0
11	82500001	3.04128	2.92341	12	0	0
11	83000001	2.96109	2.92341	12	0	0
11	83500001	2.91317	2.92341	12	0	0
11	84000001	1.95785	1.73434	7	0	0
11	84500001	1.7152	1.73434	7	0	0
11	85000001	1.75205	1.73434	7	0	0
11	85500001	1.77468	1.73434	7	0	0
11	86000001	1.83441	1.73434	7	0	0
11	86500001	1.80283	1.73434	7	0	0
11	87000001	1.73841	1.73434	7	0	0
11	87500001	1.74508	1.73434	7	0	0
11	88000001	1.76252	1.73434	7	0	0
11	88500001	1.75205	1.73434	7	0	0
11	89000001	1.7221	1.73434	7	0	0
11	89500001	1.68694	1.73434	7	0	0
11	90000001	1.5969	1.73434	7	0	0
11	90500001	1.68727	1.73434	7	0	0
11	91000001	1.69452	1.73434	7	0	0
11	91500001	1.67127	1.73434	7	0	0
11	92000001	1.70581	1.73434	7	0	0
11	92500001	1.69391	1.73434	7	0	0
11	93000001	1.7378	1.73434	7	0	0
11	93500001	1.7643	1.73434	7	0	0
11	94000001	1.86556	1.73434	7	0	0
11	94500001	1.82821	1.73434	7	0	0
11	95000001	1.73807	1.73434	7	0	0
11	95500001	1.79344	1.73434	7	0	0
11	96000001	1.80207	1.73434	7	0	0
11	96500001	1.79033	1.73434	7	0	0
11	97000001	1.74661	1.73434	7	0	0
11	97500001	1.70682	1.73434	7	0	0
11	98000001	1.72265	1.73434	7	0	0
11	98500001	1.73654	1.73434	7	0	0
11	99000001	1.73374	1.73434	7	0	0
11	99500001	1.74897	1.73434	7	0	0
11	100000001	1.75657	1.73434	7	0	0
11	100500001	1.77653	1.73434	7	0	0
11	101000001	1.74353	1.73434	7	0	0
11	101500001	1.75815	1.73434	7	0	0
11	102000001	1.81153	1.73434	7	0	0
11	102500001	1.85243	1.73434	7	0	0
11	103000001	1.84507	1.73434	7	0	0
11	103500001	1.74678	1.73434	7	0	0
11	104000001	1.69839	1.73434	7	0	0
11	104500001	1.77468	1.73434	7	0	0
11	105000001	1.69703	1.73434	7	0	0
11	105500001	1.78307	1.73434	7	0	0
11	106000001	1.77318	1.73434	7	0	0
11	106500001	1.69923	1.73434	7	0	0
11	107000001	1.7338	1.73434	7	0	0
11	107500001	1.73434	1.73434	7	0	0
11	108000001	1.81051	1.73434	7	0	0
11	108500001	1.76331	1.73434	7	0	0
11	109000001	1.752	1.73434	7	0	0
11	109500001	1.77498	1.73434	7	0	0
11	110000001	1.76911	1.73434	7	0	0
11	110500001	1.8182	1.73434	7	0	0
11	111000001	2.45621	1.73434	7	0	0
11	111500001	2.37723	1.73434	7	0	0
11	112000001	2.28461	1.73434	7	0	0
11	112500001	1.66186	1.73434	7	0	0
11	113000001	1.21185	1.73434	7	0	0
11	113500001	1.22626	1.73434	7	0	0
11	114000001	1.19639	1.73434	7	0	0
11	114500001	1.19089	1.73434	7	0	0
11	115000001	1.20154	1.73434	7	0	0
11	115500001	1.17481	1.73434	7	0	0
11	116000001	1.1872	1.73434	7	0	0
11	116500001	1.27067	1.73434	7	0	0
11	117000001	1.28718	1.73434	7	0	0
11	117500001	1.3754	1.73434	7	0	0
11	118000001	2.30896	1.73434	7	0	0
11	118500001	2.30327	1.73434	7	0	0
11	119000001	1.72793	1.73434	7	0	0
11	119500001	1.72567	1.73434	7	0	0
11	120000001	1.76097	1.73434	7	0	0
11	120500001	1.74952	1.73434	7	0	0
11	121000001	1.78318	1.73434	7	0	0
11	121500001	1.72816	1.73434	7	0	0
11	122000001	1.74673	1.73434	7	0	0
11	122500001	1.69956	1.73434	7	0	0
11	123000001	1.70441	1.73434	7	0	0
11	123500001	1.69214	1.73434	7	0	0
11	124000001	1.74823	1.73434	7	0	0
11	124500001	1.69761	1.73434	7	0	0
11	125000001	1.72893	1.73434	7	0	0
11	125500001	1.73349	1.73434	7	0	0
11	126000001	0.874887	1.73434	7	0	0
11	126500001	1.48506	1.73434	7	0	0
11	127000001	1.68584	1.73434	7	0	0
11	127500001	1.67423	1.73434	7	0	0
11	128000001	1.70528	1.73434	7	0	0
11	128500001	1.74156	1.73434	7	0	0
11	129000001	1.76096	1.73434	7	0	0
11	129500001	1.80352	1.73434	7	0	0
11	130000001	1.80498	1.73434	7	0	0
11	130500001	1.70677	1.73434	7	0	0
11	131000001	1.67226	1.73434	7	0	0
11	131500001	1.66558	1.73434	7	0	0
11	132000001	1.62642	1.73434	7	0	0
11	132500001	1.60414	1.73434	7	0	0
11	133000001	1.64623	1.73434	7	0	0
11	133500001	1.66625	1.73434	7	0	0
11	134000001	1.7136	1.73434	7	0	0
11	134500001	1.67253	1.73434	7	0	0
11	135000001	0.301623	1.73434	7	0	0
12	1	1.82044	1.73974	7	0	0
12	500001	1.65904	1.73974	7	0	0
12	1000001	1.05561	1.00827	4	0	0
12	1500001	1.01488	1.00827	4	0	0
12	2000001	1.059	1.00827	4	0	0
12	2500001	1.01873	1.00827	4	0	0
12	3000001	0.977734	1.00827	4	0	0
12	3500001	1.00827	1.00827	4	0	0
12	4000001	0.953336	1.00827	4	0	0
12	4500001	0.969614	1.00827	4	0	0
12	5000001	0.98471	1.00827	4	0	0
12	5500001	0.999645	1.00827	4	0	0
12	6000001	1.04598	1.00827	4	0	0
12	6500001	0.955821	1.00827	4	0	0
12	7000001	1.04663	1.00827	4	0	0
12	7500001	0.994764	1.00827	4	0	0
12	8000001	1.21713	1.00827	4	0	0
12	8500001	1.49052	1.53066	6	0	0
12	9000001	1.47702	1.53066	6	0	0
12	9500001	1.55922	1.53066	6	0	0
12	10000001	1.51585	1.53066	6	0	0
12	10500001	1.50311	1.53066	6	0	0
12	11000001	1.61547	1.53066	6	0	0
12	11500001	1.7562	1.53066	6	0	0
12	12000001	1.73874	1.53066	6	0	0
12	12500001	1.56811	1.53066	6	0	0
12	13000001	1.58959	1.53066	6	0	0
12	13500001	1.52824	1.53066	6	0	0
12	14000001	1.44546	1.53066	6	0	0
12	14500001	1.49948	1.53066	6	0	0
12	15000001	1.54994	1.53066	6	0	0
12	15500001	1.56211	1.53066	6	0	0
12	16000001	1.56046	1.53066	6	0	0
12	16500001	1.51944	1.53066	6	0	0
12	17000001	1.49999	1.53066	6	0	0
12	17500001	1.51291	1.53066	6	0	0
12	18000001	1.54742	1.53066	6	0	0
12	18500001	1.54068	1.53066	6	0	0
12	19000001	1.55804	1.53066	6	0	0
12	19500001	1.53307	1.53066	6	0	0
12	20000001	1.45921	1.53066	6	0	0
12	20500001	1.47181	1.53066	6	0	0
12	21000001	1.50391	1.53066	6	0	0
12	21500001	1.54123	1.53066	6	0	0
12	22000001	1.52069	1.53066	6	0	0
12	22500001	1.51837	1.53066	6	0	0
12	23000001	1.68512	1.53066	6	0	0
12	23500001	2.02069	2.00927	8	0	0
12	24000001	1.99235	2.00927	8	0	0
12	24500001	1.94138	2.00927	8	0	0
12	25000001	1.99379	2.00927	8	0	0
12	25500001	2.01035	2.00927	8	0	0
12	26000001	2.04788	2.00927	8	0	0
12	26500001	2.045	2.00927	8	0	0
12	27000001	2.04128	2.00927	8	0	0
12	27500001	2.00187	2.00927	8	0	0
12	28000001	2.15064	2.00927	8	0	0
12	28500001	2.13288	2.00927	8	0	0
12	29000001	2.05356	2.00927	8	0	0
12	29500001	1.9775	2.00927	8	0	0
12	30000001	1.94573	2.00927	8	0	0
12	30500001	1.93927	2.00927	8	0	0
12	31000001	2.0082	2.00927	8	0	0
12	31500001	1.51404	1.87101	7	0	0
12	32000001	1.77857	1.87101	7	0	0
12	32500001	1.87101	1.87101	7	0	0
12	33000001	1.48371	1.87101	7	0	0
12	33500001	1.89879	1.87101	7	0	0
12	34000001	1.95883	1.87101	7	0	0
12	34500001	1.88594	1.87101	7	0	0
12	35000001	2.71637	2.71637	11	0	0
12	35500001	2.01392	2.01392	8	0	0
12	36000001	1.67756	1.67756	7	0	0
12	36500001	1.76888	1.67756	7	0	0
12	37000001	1.44613	1.67756	7	0	0
12	37500001	1.02625	1.00971	4	0	0
12	38000001	0.971644	1.00971	4	0	0
12	38500001	1.00312	1.00971	4	0	0
12	39000001	0.962792	1.00971	4	0	0
12	39500001	1.00122	1.00971	4	0	0
12	40000001	1.04775	1.00971	4	0	0
12	40500001	1.02601	1.00971	4	0	0
12	41000001	0.980415	1.00971	4	0	0
12	41500001	0.979014	1.00971	4	0	0
12	42000001	0.981344	1.00971	4	0	0
12	42500001	1.02502	1.00971	4	0	0
12	43000001	1.00482	1.00971	4	0	0
12	43500001	1.00069	1.00971	4	0	0
12	44000001	0.992597	1.00971	4	0	0
12	44500001	1.01255	1.00971	4	0	0
12	45000001	0.978383	1.00971	4	0	0
12	45500001	1.01202	1.00971	4	0	0
12	46000001	1.0673	1.00971	4	0	0
12	46500001	1.10166	1.00971	4	0	0
12	47000001	1.04538	1.00971	4	0	0
12	47500001	1.01769	1.00971	4	0	0
12	48000001	1.04217	1.00971	4	0	0
12	48500001	1.0018	1.00971	4	0	0
12	49000001	1.0114	1.00971	4	0	0
12	49500001	1.00237	1.00971	4	0	0
12	50000001	1.01377	1.00971	4	0	0
12	50500001	1.00772	1.00971	4	0	0
12	51000001	1.00754	1.00971	4	0	0
12	51500001	1.00971	1.00971	4	0	0
12	52000001	1.0443	1.00971	4	0	0
12	52500001	1.03607	1.00971	4	0	0
12	53000001	1.03964	1.00971	4	0	0
12	53500001	1.03401	1.00971	4	0	0
12	54000001	1.04255	1.00971	4	0	0
12	54500001	1.02061	1.00971	4	0	0
12	55000001	1.01395	1.00971	4	0	0
12	55500001	1.00129	1.00971	4	0	0
12	56000001	1.22708	1.00971	4	0	0
12	56500001	1.01478	1.00971	4	0	0
12	57000001	0.987849	1.00971	4	0	0
12	57500001	1.00833	1.00971	4	0	0
12	58000001	1.04433	1.00971	4	0	0
12	58500001	0.976843	1.00971	4	0	0
12	59000001	1.01347	1.00971	4	0	0
12	59500001	0.982665	1.00971	4	0	0
12	60000001	0.980496	1.00971	4	0	0
12	60500001	0.980788	1.00971	4	0	0
12	61000001	0.966449	1.00971	4	0	0
12	61500001	0.992386	1.00971	4	0	0
12	62000001	1.01419	1.00971	4	0	0
12	62500001	0.99394	1.00971	4	0	0
12	63000001	0.99972	1.00971	4	0	0
12	63500001	0.998597	1.00971	4	0	0
12	64000001	1.01863	1.00971	4	0	0
12	64500001	0.983646	1.00971	4	0	0
12	65000001	1.02893	1.00971	4	0	0
12	65500001	1.01715	1.00971	4	0	0
12	66000001	0.947098	1.00971	4	0	0
12	66500001	1.01866	1.00971	4	0	0
12	67000001	1.06095	1.00971	4	0	0
12	67500001	1.018	1.00971	4	0	0
12	68000001	1.02341	1.00971	4	0	0
12	68500001	0.999344	1.00971	4	0	0
12	69000001	1.00809	1.00971	4	0	0
12	69500001	1.0149	1.00971	4	0	0
12	70000001	1.01924	1.00971	4	0	0
12	70500001	1.0421	1.00971	4	0	0
12	71000001	0.979956	1.00971	4	0	0
12	71500001	0.999649	1.00971	4	0	0
12	72000001	1.04113	1.00971	4	0	0
12	72500001	1.00425	1.00971	4	0	0
12	73000001	0.976387	1.00971	4	0	0
12	73500001	0.993443	1.00971	4	0	0
12	74000001	1.02001	1.00971	4	0	0
12	74500001	1.00546	1.00971	4	0	0
12	75000001	1.05165	1.00971	4	0	0
12	75500001	1.07027	1.00971	4	0	0
12	76000001	1.01266	1.00971	4	0	0
12	76500001	1.02938	1.00971	4	0	0
12	77000001	0.957078	1.00971	4	0	0
12	77500001	0.979882	1.00971	4	0	0
12	78000001	1.06055	1.00971	4	0	0
12	78500001	1.02058	1.00971	4	0	0
12	79000001	1.06251	1.00971	4	0	0
12	79500001	1.01561	1.00971	4	0	0
12	80000001	0.983383	1.00971	4	0	0
12	80500001	0.994017	1.00971	4	0	0
12	81000001	1.02018	1.00971	4	0	0
12	81500001	0.97612	1.00971	4	0	0
12	82000001	0.957838	1.00971	4	0	0
12	82500001	0.942896	1.00971	4	0	0
12	83000001	0.967102	1.00971	4	0	0
12	83500001	0.98669	1.00971	4	0	0
12	84000001	0.988338	1.00971	4	0	0
12	84500001	1.03109	1.00971	4	0	0
12	85000001	1.02838	1.00971	4	0	0
12	85500001	1.04364	1.00971	4	0	0
12	86000001	1.00453	1.00971	4	0	0
12	86500001	0.949002	1.00971	4	0	0
12	87000001	1.02315	1.00971	4	0	0
12	87500001	1.0721	1.00971	4	0	0
12	88000001	1.04784	1.00971	4	0	0
12	88500001	1.05336	1.00971	4	0	0
12	89000001	1.02393	1.00971	4	0	0
12	89500001	0.989767	1.00971	4	0	0
12	90000001	0.981323	1.00971	4	0	0
12	90500001	1.0421	1.00971	4	0	0
12	91000001	1.067	1.00971	4	0	0
12	91500001	1.02646	1.00971	4	0	0
12	92000001	1.01394	1.00971	4	0	0
12	92500001	1.03679	1.00971	4	0	0
12	93000001	0.986091	1.00971	4	0	0
12	93500001	1.07698	1.00971	4	0	0
12	94000001	1.00673	1.00971	4	0	0
12	94500001	1.016	1.00971	4	0	0
12	95000001	1.03624	1.00971	4	0	0
12	95500001	0.997067	1.00971	4	0	0
12	96000001	1.0329	1.00971	4	0	0
12	96500001	1.01686	1.00971	4	0	0
12	97000001	0.943994	1.00971	4	0	0
12	97500001	0.946369	1.00971	4	0	0
12	98000001	0.990321	1.00971	4	0	0
12	98500001	1.08105	1.00971	4	0	0
12	99000001	0.999008	1.00971	4	0	0
12	99500001	0.958013	1.00971	4	0	0
12	100000001	0.938923	1.00971	4	0	0
12	100500001	0.973518	1.00971	4	0	0
12	101000001	0.989295	1.00971	4	0	0
12	101500001	0.970599	1.00971	4	0	0
12	102000001	1.00592	1.00971	4	0	0
12	102500001	0.919319	1.00971	4	0	0
12	103000001	1.28204	1.49409	6	0	0
12	103500001	1.50544	1.49409	6	0	0
12	104000001	1.55178	1.49409	6	0	0
12	104500001	1.51024	1.49409	6	0	0
12	105000001	1.55304	1.49409	6	0	0
12	105500001	1.48855	1.49409	6	0	0
12	106000001	1.54068	1.49409	6	0	0
12	106500001	1.50085	1.49409	6	0	0
12	107000001	1.4954	1.49409	6	0	0
12	107500001	1.50119	1.49409	6	0	0
12	108000001	1.48788	1.49409	6	0	0
12	108500001	1.49293	1.49409	6	0	0
12	109000001	1.52176	1.49409	6	0	0
12	109500001	1.47606	1.49409	6	0	0
12	110000001	1.57428	1.49409	6	0	0
12	110500001	1.47075	1.49409	6	0	0
12	111000001	1.42068	1.49409	6	0	0
12	111500001	1.49324	1.49409	6	0	0
12	112000001	1.52973	1.49409	6	0	0
12	112500001	1.51029	1.49409	6	0	0
12	113000001	1.48852	1.49409	6	0	0
12	113500001	1.44341	1.49409	6	0	0
12	114000001	1.441	1.49409	6	0	0
12	114500001	1.42945	1.49409	6	0	0
12	115000001	1.38232	1.49409	6	0	0
12	115500001	1.42994	1.49409	6	0	0
12	116000001	1.51152	1.49409	6	0	0
12	116500001	1.61788	1.49409	6	0	0
12	117000001	1.456	1.49409	6	0	0
12	117500001	1.50345	1.49409	6	0	0
12	118000001	1.45025	1.49409	6	0	0
12	118500001	1.42078	1.49409	6	0	0
12	119000001	1.43185	1.49409	6	0	0
12	119500001	1.50941	1.49409	6	0	0
12	120000001	1.49494	1.49409	6	0	0
12	120500001	1.48449	1.49409	6	0	0
12	121000001	1.4828	1.49409	6	0	0
12	121500001	1.46012	1.49409	6	0	0
12	122000001	1.53204	1.49409	6	0	0
12	122500001	1.50487	1.49409	6	0	0
12	123000001	1.51362	1.49409	6	0	0
12	123500001	1.50595	1.49409	6	0	0
12	124000001	1.44205	1.49409	6	0	0
12	124500001	1.54375	1.49409	6	0	0
12	125000001	1.51889	1.49409	6	0	0
12	125500001	1.38357	1.49409	6	0	0
12	126000001	1.20075	1.18929	5	0	0
12	126500001	1.16481	1.18929	5	0	0
12	127000001	1.13716	1.18929	5	0	0
12	127500001	1.20092	1.18929	5	0	0
12	128000001	1.15953	1.18929	5	0	0
12	128500001	1.14001	1.18929	5	0	0
12	129000001	1.15582	1.18929	5	0	0
12	129500001	1.11682	1.18929	5	0	0
12	130000001	1.18941	1.18929	5	0	0
12	130500001	1.18929	1.18929	5	0	0
12	131000001	1.2067	1.18929	5	0	0
12	131500001	1.28397	1.18929	5	0	0
12	132000001	1.19251	1.18929	5	0	0
12	132500001	1.67806	1.18929	5	0	0
12	133000001	0.985475	1.18929	5	0	0
13	1	-1	-1	-1	0	0
13	500001	-1	-1	-1	0	0
13	1000001	-1	-1	-1	0	0
13	1500001	-1	-1	-1	0	0
13	2000001	-1	-1	-1	0	0
13	2500001	-1	-1	-1	0	0
13	3000001	-1	-1	-1	0	0
13	3500001	-1	-1	-1	0	0
13	4000001	-1	-1	-1	0	0
13	4500001	-1	-1	-1	0	0
13	5000001	-1	-1	-1	0	0
13	5500001	-1	-1	-1	0	0
13	6000001	-1	-1	-1	0	0
13	6500001	-1	-1	-1	0	0
13	7000001	-1	-1	-1	0	0
13	7500001	-1	-1	-1	0	0
13	8000001	-1	-1	-1	0	0
13	8500001	-1	-1	-1	0	0
13	9000001	-1	-1	-1	0	0
13	9500001	-1	-1	-1	0	0
13	10000001	-1	-1	-1	0	0
13	10500001	-1	-1	-1	0	0
13	11000001	-1	-1	-1	0	0
13	11500001	-1	-1	-1	0	0
13	12000001	-1	-1	-1	0	0
13	12500001	-1	-1	-1	0	0
13	13000001	-1	-1	-1	0	0
13	13500001	-1	-1	-1	0	0
13	14000001	-1	-1	-1	0	0
13	14500001	-1	-1	-1	0	0
13	15000001	-1	-1	-1	0	0
13	15500001	-1	-1	-1	0	0
13	16000001	0.481356	0.627304	3	0	0
13	16500001	0.773252	0.627304	3	0	0
13	17000001	0.999661	1.11032	4	0	0
13	17500001	1.22098	1.11032	4	0	0
13	18000001	-1	-1	-1	0	0
13	18500001	0.609916	0.512221	2	0	0
13	19000001	0.493656	0.512221	2	0	0
13	19500001	0.522856	0.512221	2	0	0
13	20000001	0.496115	0.512221	2	0	0
13	20500001	0.516742	0.512221	2	0	0
13	21000001	0.508958	0.512221	2	0	0
13	21500001	0.519082	0.512221	2	0	0
13	22000001	0.49581	0.512221	2	0	0
13	22500001	0.490576	0.512221	2	0	0
13	23000001	0.512221	0.512221	2	0	0
13	23500001	0.514345	0.512221	2	0	0
13	24000001	0.509732	0.512221	2	0	0
13	24500001	0.499326	0.512221	2	0	0
13	25000001	0.521389	0.512221	2	0	0
13	25500001	0.592477	0.512221	2	0	0
13	26000001	1.71948	1.73743	7	0	0
13	26500001	1.72297	1.73743	7	0	0
13	27000001	1.69696	1.73743	7	0	0
13	27500001	1.68902	1.73743	7	0	0
13	28000001	1.65339	1.73743	7	0	0
13	28500001	1.69176	1.73743	7	0	0
13	29000001	1.76458	1.73743	7	0	0
13	29500001	1.78319	1.73743	7	0	0
13	30000001	1.78684	1.73743	7	0	0
13	30500001	1.72351	1.73743	7	0	0
13	31000001	1.67409	1.73743	7	0	0
13	31500001	1.77765	1.73743	7	0	0
13	32000001	1.78516	1.73743	7	0	0
13	32500001	1.81964	1.73743	7	0	0
13	33000001	1.81724	1.73743	7	0	0
13	33500001	1.74835	1.73743	7	0	0
13	34000001	1.78676	1.73743	7	0	0
13	34500001	1.73743	1.73743	7	0	0
13	35000001	1.74698	1.73743	7	0	0
13	35500001	1.73904	1.73743	7	0	0
13	36000001	1.74277	1.73743	7	0	0
13	36500001	1.74245	1.73743	7	0	0
13	37000001	1.71925	1.73743	7	0	0
13	37500001	1.73456	1.73743	7	0	0
13	38000001	1.6864	1.73743	7	0	0
13	38500001	1.71417	1.73743	7	0	0
13	39000001	1.75798	1.73743	7	0	0
13	39500001	1.68387	1.73743	7	0	0
13	40000001	1.73036	1.73743	7	0	0
13	40500001	1.51046	1.51046	6	0	0
13	41000001	1.013	0.996862	4	0	0
13	41500001	1.01335	0.996862	4	0	0
13	42000001	1.02464	0.996862	4	0	0
13	42500001	0.993181	0.996862	4	0	0
13	43000001	1.0063	0.996862	4	0	0
13	43500001	0.98156	0.996862	4	0	0
13	44000001	1.02278	0.996862	4	0	0
13	44500001	0.980947	0.996862	4	0	0
13	45000001	1.00505	0.996862	4	0	0
13	45500001	1.05359	0.996862	4	0	0
13	46000001	0.996947	0.996862	4	0	0
13	46500001	0.98582	0.996862	4	0	0
13	47000001	0.988242	0.996862	4	0	0
13	47500001	1.03222	0.996862	4	0	0
13	48000001	1.02851	0.996862	4	0	0
13	48500001	1.03412	0.996862	4	0	0
13	49000001	1.01521	0.996862	4	0	0
13	49500001	1.00864	0.996862	4	0	0
13	50000001	1.00325	0.996862	4	0	0
13	50500001	1.0342	0.996862	4	0	0
13	51000001	1.01244	0.996862	4	0	0
13	51500001	1.00646	0.996862	4	0	0
13	52000001	0.991051	0.996862	4	0	0
13	52500001	0.990995	0.996862	4	0	0
13	53000001	0.942748	0.996862	4	0	0
13	53500001	1.02012	0.996862	4	0	0
13	54000001	0.956173	0.996862	4	0	0
13	54500001	0.925662	0.996862	4	0	0
13	55000001	0.988282	0.996862	4	0	0
13	55500001	0.904999	0.996862	4	0	0
13	56000001	0.97933	0.996862	4	0	0
13	56500001	1.00226	0.996862	4	0	0
13	57000001	1.15769	0.996862	4	0	0
13	57500001	0.98442	0.996862	4	0	0
13	58000001	0.969239	0.996862	4	0	0
13	58500001	0.987424	0.996862	4	0	0
13	59000001	0.917018	0.996862	4	0	0
13	59500001	0.990628	0.996862	4	0	0
13	60000001	0.993356	0.996862	4	0	0
13	60500001	0.982479	0.996862	4	0	0
13	61000001	0.928396	0.996862	4	0	0
13	61500001	0.989877	0.996862	4	0	0
13	62000001	0.985576	0.996862	4	0	0
13	62500001	0.974489	0.996862	4	0	0
13	63000001	1.02454	0.996862	4	0	0
13	63500001	0.986208	0.996862	4	0	0
13	64000001	1.03998	0.996862	4	0	0
13	64500001	1.01951	0.996862	4	0	0
13	65000001	0.978437	0.996862	4	0	0
13	65500001	1.05068	0.996862	4	0	0
13	66000001	0.952856	0.996862	4	0	0
13	66500001	1.02023	0.996862	4	0	0
13	67000001	0.995549	0.996862	4	0	0
13	67500001	0.991768	0.996862	4	0	0
13	68000001	1.00555	0.996862	4	0	0
13	68500001	0.978811	0.996862	4	0	0
13	69000001	0.996777	0.996862	4	0	0
13	69500001	0.982343	0.996862	4	0	0
13	70000001	0.989801	0.996862	4	0	0
13	70500001	1.03477	0.996862	4	0	0
13	71000001	1.00388	0.996862	4	0	0
13	71500001	0.991591	0.996862	4	0	0
13	72000001	1.01038	0.996862	4	0	0
13	72500001	1.04095	0.996862	4	0	0
13	73000001	1.03055	0.996862	4	0	0
13	73500001	1.04515	0.996862	4	0	0
13	74000001	1.04631	0.996862	4	0	0
13	74500001	1.02297	0.996862	4	0	0
13	75000001	1.04168	0.996862	4	0	0
13	75500001	0.996541	0.996862	4	0	0
13	76000001	0.983863	0.996862	4	0	0
13	76500001	0.987963	0.996862	4	0	0
13	77000001	1.04859	0.996862	4	0	0
13	77500001	1.00509	0.996862	4	0	0
13	78000001	0.992156	0.996862	4	0	0
13	78500001	1.03309	0.996862	4	0	0
13	79000001	1.02158	0.996862	4	0	0
13	79500001	0.972233	0.996862	4	0	0
13	80000001	0.492878	0.497378	2	0	0
13	80500001	0.527146	0.497378	2	0	0
13	81000001	0.488194	0.497378	2	0	0
13	81500001	0.498221	0.497378	2	0	0
13	82000001	0.478754	0.497378	2	0	0
13	82500001	0.505455	0.497378	2	0	0
13	83000001	0.508884	0.497378	2	0	0
13	83500001	0.480252	0.497378	2	0	0
13	84000001	0.488557	0.497378	2	0	0
13	84500001	0.54643	0.497378	2	0	0
13	85000001	0.513805	0.497378	2	0	0
13	85500001	0.523926	0.497378	2	0	0
13	86000001	0.497378	0.497378	2	0	0
13	86500001	0.484951	0.497378	2	0	0
13	87000001	0.491216	0.497378	2	0	0
13	87500001	0.492412	0.497378	2	0	0
13	88000001	0.510646	0.497378	2	0	0
13	88500001	0.491861	0.497378	2	0	0
13	89000001	0.509081	0.497378	2	0	0
13	89500001	0.493962	0.497378	2	0	0
13	90000001	0.497128	0.497378	2	0	0
13	90500001	0.507034	0.497378	2	0	0
13	91000001	0.484189	0.497378	2	0	0
13	91500001	0.504031	0.497378	2	0	0
13	92000001	0.470344	0.497378	2	0	0
13	92500001	0.481389	0.497378	2	0	0
13	93000001	0.472059	0.497378	2	0	0
13	93500001	0.467731	0.497378	2	0	0
13	94000001	0.491179	0.497378	2	0	0
13	94500001	0.519635	0.497378	2	0	0
13	95000001	0.523142	0.497378	2	0	0
13	95500001	0.548739	0.497378	2	0	0
13	96000001	0.498992	0.497378	2	0	0
13	96500001	0.508367	0.497378	2	0	0
13	97000001	0.529462	0.497378	2	0	0
13	97500001	0.507902	0.497378	2	0	0
13	98000001	0.496409	0.497378	2	0	0
13	98500001	0.519957	0.497378	2	0	0
13	99000001	0.539401	0.497378	2	0	0
13	99500001	0.496614	0.497378	2	0	0
13	100000001	0.485688	0.497378	2	0	0
13	100500001	1.37258	1.37258	5	0	0
13	101000001	1.70206	1.73634	7	0	0
13	101500001	1.76031	1.73634	7	0	0
13	102000001	1.79733	1.73634	7	0	0
13	102500001	1.72503	1.73634	7	0	0
13	103000001	1.73759	1.73634	7	0	0
13	103500001	1.73828	1.73634	7	0	0
13	104000001	1.69108	1.73634	7	0	0
13	104500001	1.6532	1.73634	7	0	0
13	105000001	1.7351	1.73634	7	0	0
13	105500001	1.70304	1.73634	7	0	0
13	106000001	1.74049	1.73634	7	0	0
13	106500001	1.77309	1.73634	7	0	0
13	107000001	1.70715	1.73634	7	0	0
13	107500001	1.66768	1.73634	7	0	0
13	108000001	1.71664	1.73634	7	0	0
13	108500001	1.71885	1.73634	7	0	0
13	109000001	1.7895	1.73634	7	0	0
13	109500001	1.75048	1.73634	7	0	0
13	110000001	1.74616	1.73634	7	0	0
13	110500001	1.80549	1.73634	7	0	0
13	111000001	1.74551	1.73634	7	0	0
13	111500001	-1	1.73634	7	0	0
13	112000001	1.67802	1.73634	7	0	0
13	112500001	1.75677	1.73634	7	0	0
13	113000001	1.71411	1.73634	7	0	0
13	113500001	1.73759	1.73634	7	0	0
13	114000001	1.2613	1.73634	7	0	0
14	1	-1	-1	-1	0	0
14	500001	-1	-1	-1	0	0
14	1000001	-1	-1	-1	0	0
14	1500001	-1	-1	-1	0	0
14	2000001	-1	-1	-1	0	0
14	2500001	-1	-1	-1	0	0
14	3000001	-1	-1	-1	0	0
14	3500001	-1	-1	-1	0	0
14	4000001	-1	-1	-1	0	0
14	4500001	-1	-1	-1	0	0
14	5000001	-1	-1	-1	0	0
14	5500001	-1	-1	-1	0	0
14	6000001	-1	-1	-1	0	0
14	6500001	-1	-1	-1	0	0
14	7000001	-1	-1	-1	0	0
14	7500001	-1	-1	-1	0	0
14	8000001	-1	-1	-1	0	0
14	8500001	-1	-1	-1	0	0
14	9000001	-1	-1	-1	0	0
14	9500001	-1	-1	-1	0	0
14	10000001	-1	-1	-1	0	0
14	10500001	-1	-1	-1	0	0
14	11000001	-1	-1	-1	0	0
14	11500001	-1	-1	-1	0	0
14	12000001	-1	-1	-1	0	0
14	12500001	-1	-1	-1	0	0
14	13000001	-1	-1	-1	0	0
14	13500001	-1	-1	-1	0	0
14	14000001	-1	-1	-1	0	0
14	14500001	-1	-1	-1	0	0
14	15000001	-1	-1	-1	0	0
14	15500001	-1	-1	-1	0	0
14	16000001	0.533235	0.724994	3	0	0
14	16500001	0.634962	0.724994	3	0	0
14	17000001	0.815027	0.724994	3	0	0
14	17500001	0.973043	0.724994	3	0	0
14	18000001	1.23822	1.35924	5	0	0
14	18500001	-1	1.35924	5	0	0
14	19000001	1.48025	1.35924	5	0	0
14	19500001	-1	-1	-1	0	0
14	20000001	0.979382	1.0215	4	0	0
14	20500001	1.03874	1.0215	4	0	0
14	21000001	1.01732	1.0215	4	0	0
14	21500001	1.04406	1.0215	4	0	0
14	22000001	1.04478	1.0215	4	0	0
14	22500001	1.03405	1.0215	4	0	0
14	23000001	0.990191	1.0215	4	0	0
14	23500001	1.02062	1.0215	4	0	0
14	24000001	1.02	1.0215	4	0	0
14	24500001	0.990399	1.0215	4	0	0
14	25000001	0.969565	1.0215	4	0	0
14	25500001	0.965773	1.0215	4	0	0
14	26000001	1.0215	1.0215	4	0	0
14	26500001	1.04977	1.0215	4	0	0
14	27000001	1.03693	1.0215	4	0	0
14	27500001	1.03918	1.0215	4	0	0
14	28000001	1.06197	1.0215	4	0	0
14	28500001	1.05199	1.0215	4	0	0
14	29000001	0.994093	1.0215	4	0	0
14	29500001	0.975016	1.0215	4	0	0
14	30000001	1.01915	1.0215	4	0	0
14	30500001	1.02669	1.0215	4	0	0
14	31000001	0.863354	1.0215	4	0	0
14	31500001	0.998663	1.0215	4	0	0
14	32000001	1.04933	1.0215	4	0	0
14	32500001	1.04136	1.0215	4	0	0
14	33000001	1.24142	1.0215	4	0	0
14	33500001	1.48333	1.49216	6	0	0
14	34000001	1.55418	1.49216	6	0	0
14	34500001	1.49888	1.49216	6	0	0
14	35000001	1.51494	1.49216	6	0	0
14	35500001	1.47405	1.49216	6	0	0
14	36000001	1.56767	1.49216	6	0	0
14	36500001	1.54552	1.49216	6	0	0
14	37000001	1.55275	1.49216	6	0	0
14	37500001	1.54299	1.49216	6	0	0
14	38000001	1.45122	1.49216	6	0	0
14	38500001	1.53671	1.49216	6	0	0
14	39000001	1.54696	1.49216	6	0	0
14	39500001	1.54937	1.49216	6	0	0
14	40000001	1.48394	1.49216	6	0	0
14	40500001	1.50417	1.49216	6	0	0
14	41000001	1.45916	1.49216	6	0	0
14	41500001	1.48543	1.49216	6	0	0
14	42000001	1.47467	1.49216	6	0	0
14	42500001	1.47942	1.49216	6	0	0
14	43000001	1.4757	1.49216	6	0	0
14	43500001	1.47523	1.49216	6	0	0
14	44000001	1.4044	1.49216	6	0	0
14	44500001	1.21523	1.25495	5	0	0
14	45000001	1.25869	1.25495	5	0	0
14	45500001	1.25879	1.25495	5	0	0
14	46000001	1.24863	1.25495	5	0	0
14	46500001	1.22615	1.25495	5	0	0
14	47000001	1.22336	1.25495	5	0	0
14	47500001	1.25036	1.25495	5	0	0
14	48000001	1.21338	1.25495	5	0	0
14	48500001	1.26749	1.25495	5	0	0
14	49000001	1.28594	1.25495	5	0	0
14	49500001	1.26638	1.25495	5	0	0
14	50000001	1.27555	1.25495	5	0	0
14	50500001	1.30501	1.25495	5	0	0
14	51000001	1.3256	1.25495	5	0	0
14	51500001	1.25815	1.25495	5	0	0
14	52000001	1.28048	1.25495	5	0	0
14	52500001	1.36561	1.25495	5	0	0
14	53000001	1.42881	1.25495	5	0	0
14	53500001	1.24676	1.25495	5	0	0
14	54000001	1.25495	1.25495	5	0	0
14	54500001	1.28194	1.25495	5	0	0
14	55000001	1.30677	1.25495	5	0	0
14	55500001	1.28271	1.25495	5	0	0
14	56000001	1.30011	1.25495	5	0	0
14	56500001	1.22379	1.25495	5	0	0
14	57000001	1.19227	1.25495	5	0	0
14	57500001	1.2082	1.25495	5	0	0
14	58000001	1.20225	1.25495	5	0	0
14	58500001	1.25681	1.25495	5	0	0
14	59000001	1.25756	1.25495	5	0	0
14	59500001	1.20135	1.25495	5	0	0
14	60000001	1.30683	1.25495	5	0	0
14	60500001	1.23016	1.25495	5	0	0
14	61000001	1.26731	1.25495	5	0	0
14	61500001	1.24509	1.25495	5	0	0
14	62000001	1.28299	1.25495	5	0	0
14	62500001	1.28932	1.25495	5	0	0
14	63000001	1.28195	1.25495	5	0	0
14	63500001	1.26702	1.25495	5	0	0
14	64000001	1.29206	1.25495	5	0	0
14	64500001	1.28041	1.25495	5	0	0
14	65000001	1.22491	1.25495	5	0	0
14	65500001	1.24629	1.25495	5	0	0
14	66000001	1.2547	1.25495	5	0	0
14	66500001	1.26663	1.25495	5	0	0
14	67000001	1.4157	1.25495	5	0	0
14	67500001	1.31195	1.25495	5	0	0
14	68000001	1.25944	1.25495	5	0	0
14	68500001	1.29652	1.25495	5	0	0
14	69000001	1.26076	1.25495	5	0	0
14	69500001	1.17217	1.25495	5	0	0
14	70000001	1.17969	1.25495	5	0	0
14	70500001	1.48751	1.25495	5	0	0
14	71000001	1.24848	1.25495	5	0	0
14	71500001	1.19694	1.25495	5	0	0
14	72000001	1.21607	1.25495	5	0	0
14	72500001	1.23702	1.25495	5	0	0
14	73000001	1.2177	1.25495	5	0	0
14	73500001	1.24402	1.25495	5	0	0
14	74000001	1.24054	1.25495	5	0	0
14	74500001	1.25719	1.25495	5	0	0
14	75000001	1.24749	1.25495	5	0	0
14	75500001	1.27953	1.25495	5	0	0
14	76000001	1.20605	1.25495	5	0	0
14	76500001	1.25675	1.25495	5	0	0
14	77000001	1.24556	1.25495	5	0	0
14	77500001	1.20465	1.25495	5	0	0
14	78000001	1.21201	1.25495	5	0	0
14	78500001	1.17595	1.25495	5	0	0
14	79000001	1.16714	1.25495	5	0	0
14	79500001	1.21142	1.25495	5	0	0
14	80000001	1.27637	1.25495	5	0	0
14	80500001	1.30753	1.25495	5	0	0
14	81000001	1.28529	1.25495	5	0	0
14	81500001	1.24908	1.25495	5	0	0
14	82000001	1.20916	1.25495	5	0	0
14	82500001	1.22662	1.25495	5	0	0
14	83000001	1.25847	1.25495	5	0	0
14	83500001	1.1877	1.25495	5	0	0
14	84000001	1.20951	1.25495	5	0	0
14	84500001	1.20372	1.25495	5	0	0
14	85000001	1.93184	1.93184	8	0	0
14	85500001	1.37014	1.22877	5	0	0
14	86000001	1.20898	1.22877	5	0	0
14	86500001	1.23234	1.22877	5	0	0
14	87000001	1.1813	1.22877	5	0	0
14	87500001	1.17939	1.22877	5	0	0
14	88000001	1.24454	1.22877	5	0	0
14	88500001	1.21732	1.22877	5	0	0
14	89000001	1.22307	1.22877	5	0	0
14	89500001	1.2575	1.22877	5	0	0
14	90000001	1.19428	1.22877	5	0	0
14	90500001	1.25774	1.22877	5	0	0
14	91000001	1.22587	1.22877	5	0	0
14	91500001	1.54283	1.22877	5	0	0
14	92000001	1.21934	1.22877	5	0	0
14	92500001	1.27322	1.22877	5	0	0
14	93000001	1.25289	1.22877	5	0	0
14	93500001	1.211	1.22877	5	0	0
14	94000001	1.25294	1.22877	5	0	0
14	94500001	1.1609	1.22877	5	0	0
14	95000001	1.1886	1.22877	5	0	0
14	95500001	1.22037	1.22877	5	0	0
14	96000001	1.27847	1.22877	5	0	0
14	96500001	1.27841	1.22877	5	0	0
14	97000001	1.21637	1.22877	5	0	0
14	97500001	1.1884	1.22877	5	0	0
14	98000001	1.20513	1.22877	5	0	0
14	98500001	1.23398	1.22877	5	0	0
14	99000001	1.22877	1.22877	5	0	0
14	99500001	1.26129	1.22877	5	0	0
14	100000001	1.26043	1.22877	5	0	0
14	100500001	1.21978	1.22877	5	0	0
14	101000001	1.20518	1.22877	5	0	0
14	101500001	1.23163	1.22877	5	0	0
14	102000001	1.28597	1.22877	5	0	0
14	102500001	1.41225	1.22877	5	0	0
14	103000001	1.99409	1.99409	8	0	0
14	103500001	1.2404	1.22591	5	0	0
14	104000001	1.21371	1.22591	5	0	0
14	104500001	1.23799	1.22591	5	0	0
14	105000001	1.2371	1.22591	5	0	0
14	105500001	1.21311	1.22591	5	0	0
14	106000001	1.21472	1.22591	5	0	0
14	106500001	-1	-1	-1	0	0
14	107000001	-1	-1	-1	0	0
15	1	-1	-1	-1	0	0
15	500001	-1	-1	-1	0	0
15	1000001	-1	-1	-1	0	0
15	1500001	-1	-1	-1	0	0
15	2000001	-1	-1	-1	0	0
15	2500001	-1	-1	-1	0	0
15	3000001	-1	-1	-1	0	0
15	3500001	-1	-1	-1	0	0
15	4000001	-1	-1	-1	0	0
15	4500001	-1	-1	-1	0	0
15	5000001	-1	-1	-1	0	0
15	5500001	-1	-1	-1	0	0
15	6000001	-1	-1	-1	0	0
15	6500001	-1	-1	-1	0	0
15	7000001	-1	-1	-1	0	0
15	7500001	-1	-1	-1	0	0
15	8000001	-1	-1	-1	0	0
15	8500001	-1	-1	-1	0	0
15	9000001	-1	-1	-1	0	0
15	9500001	-1	-1	-1	0	0
15	10000001	-1	-1	-1	0	0
15	10500001	-1	-1	-1	0	0
15	11000001	-1	-1	-1	0	0
15	11500001	-1	-1	-1	0	0
15	12000001	-1	-1	-1	0	0
15	12500001	-1	-1	-1	0	0
15	13000001	-1	-1	-1	0	0
15	13500001	-1	-1	-1	0	0
15	14000001	-1	-1	-1	0	0
15	14500001	-1	-1	-1	0	0
15	15000001	-1	-1	-1	0	0
15	15500001	-1	-1	-1	0	0
15	16000001	-1	-1	-1	0	0
15	16500001	-1	-1	-1	0	0
15	17000001	0.688469	1.23043	5	0	0
15	17500001	1.23422	1.23043	5	0	0
15	18000001	1.22665	1.23043	5	0	0
15	18500001	1.36893	1.23043	5	0	0
15	19000001	1.21378	1.23043	5	0	0
15	19500001	1.37843	1.23043	5	0	0
15	20000001	6.88373	6.88373	28	0	0
15	20500001	3.7878	3.51186	14	0	0
15	21000001	3.70687	3.51186	14	0	0
15	21500001	2.36723	3.51186	14	0	0
15	22000001	3.76389	3.51186	14	0	0
15	22500001	2.94608	3.51186	14	0	0
15	23000001	3.31685	3.51186	14	0	0
15	23500001	2.32247	2.31856	9	0	0
15	24000001	2.19184	2.31856	9	0	0
15	24500001	2.31465	2.31856	9	0	0
15	25000001	2.25661	2.31856	9	0	0
15	25500001	2.27131	2.31856	9	0	0
15	26000001	2.31322	2.31856	9	0	0
15	26500001	2.38406	2.31856	9	0	0
15	27000001	2.32698	2.31856	9	0	0
15	27500001	2.33981	2.31856	9	0	0
15	28000001	2.41016	2.31856	9	0	0
15	28500001	1.86907	1.47003	6	0	0
15	29000001	1.46982	1.47003	6	0	0
15	29500001	1.47003	1.47003	6	0	0
15	30000001	1.02707	1.00409	4	0	0
15	30500001	0.963192	1.00409	4	0	0
15	31000001	0.970328	1.00409	4	0	0
15	31500001	0.989361	1.00409	4	0	0
15	32000001	1.08745	1.00409	4	0	0
15	32500001	1.00409	1.00409	4	0	0
15	33000001	1.1675	1.00409	4	0	0
15	33500001	1.47236	1.52941	6	0	0
15	34000001	1.52941	1.52941	6	0	0
15	34500001	1.48973	1.52941	6	0	0
15	35000001	1.56029	1.52941	6	0	0
15	35500001	1.59835	1.52941	6	0	0
15	36000001	1.24355	1.06356	4	0	0
15	36500001	1.06859	1.06356	4	0	0
15	37000001	1.05852	1.06356	4	0	0
15	37500001	1.03048	1.06356	4	0	0
15	38000001	1.37685	1.52116	6	0	0
15	38500001	1.51039	1.52116	6	0	0
15	39000001	1.55677	1.52116	6	0	0
15	39500001	1.56169	1.52116	6	0	0
15	40000001	1.52371	1.52116	6	0	0
15	40500001	1.51664	1.52116	6	0	0
15	41000001	1.55845	1.52116	6	0	0
15	41500001	1.52789	1.52116	6	0	0
15	42000001	1.55003	1.52116	6	0	0
15	42500001	1.5186	1.52116	6	0	0
15	43000001	1.5265	1.52116	6	0	0
15	43500001	1.49518	1.52116	6	0	0
15	44000001	1.57369	1.52116	6	0	0
15	44500001	1.46539	1.52116	6	0	0
15	45000001	1.516	1.52116	6	0	0
15	45500001	1.49171	1.52116	6	0	0
15	46000001	1.5399	1.52116	6	0	0
15	46500001	1.44706	1.52116	6	0	0
15	47000001	2.03056	2.20073	9	0	0
15	47500001	2.37089	2.20073	9	0	0
15	48000001	1.67939	1.67939	7	0	0
15	48500001	0.518457	0.513239	2	0	0
15	49000001	0.49935	0.513239	2	0	0
15	49500001	0.525443	0.513239	2	0	0
15	50000001	0.503053	0.513239	2	0	0
15	50500001	0.508295	0.513239	2	0	0
15	51000001	0.526564	0.513239	2	0	0
15	51500001	0.510932	0.513239	2	0	0
15	52000001	0.52154	0.513239	2	0	0
15	52500001	0.552819	0.513239	2	0	0
15	53000001	0.494574	0.513239	2	0	0
15	53500001	0.478978	0.513239	2	0	0
15	54000001	0.454941	0.513239	2	0	0
15	54500001	0.50672	0.513239	2	0	0
15	55000001	0.515546	0.513239	2	0	0
15	55500001	0.517964	0.513239	2	0	0
15	56000001	0.536792	0.513239	2	0	0
15	56500001	0.530032	0.513239	2	0	0
15	57000001	0.481316	0.513239	2	0	0
15	57500001	0.731644	0.747248	3	0	0
15	58000001	0.779052	0.747248	3	0	0
15	58500001	0.769196	0.747248	3	0	0
15	59000001	0.760395	0.747248	3	0	0
15	59500001	0.749546	0.747248	3	0	0
15	60000001	0.75715	0.747248	3	0	0
15	60500001	0.758393	0.747248	3	0	0
15	61000001	0.722341	0.747248	3	0	0
15	61500001	0.731118	0.747248	3	0	0
15	62000001	0.728612	0.747248	3	0	0
15	62500001	0.77543	0.747248	3	0	0
15	63000001	0.730408	0.747248	3	0	0
15	63500001	0.774012	0.747248	3	0	0
15	64000001	0.758532	0.747248	3	0	0
15	64500001	0.926213	0.747248	3	0	0
15	65000001	0.796193	0.747248	3	0	0
15	65500001	0.723551	0.747248	3	0	0
15	66000001	0.767023	0.747248	3	0	0
15	66500001	0.734105	0.747248	3	0	0
15	67000001	0.763019	0.747248	3	0	0
15	67500001	0.784563	0.747248	3	0	0
15	68000001	0.725817	0.747248	3	0	0
15	68500001	0.762219	0.747248	3	0	0
15	69000001	0.749719	0.747248	3	0	0
15	69500001	0.741996	0.747248	3	0	0
15	70000001	0.72583	0.747248	3	0	0
15	70500001	0.786745	0.747248	3	0	0
15	71000001	0.763086	0.747248	3	0	0
15	71500001	0.776176	0.747248	3	0	0
15	72000001	0.757179	0.747248	3	0	0
15	72500001	0.748919	0.747248	3	0	0
15	73000001	0.717354	0.747248	3	0	0
15	73500001	0.735307	0.747248	3	0	0
15	74000001	0.733826	0.747248	3	0	0
15	74500001	0.726298	0.747248	3	0	0
15	75000001	0.755351	0.747248	3	0	0
15	75500001	0.744712	0.747248	3	0	0
15	76000001	0.754086	0.747248	3	0	0
15	76500001	0.737131	0.747248	3	0	0
15	77000001	0.704063	0.747248	3	0	0
15	77500001	0.692683	0.747248	3	0	0
15	78000001	0.734109	0.747248	3	0	0
15	78500001	0.739697	0.747248	3	0	0
15	79000001	0.742179	0.747248	3	0	0
15	79500001	0.738601	0.747248	3	0	0
15	80000001	0.747248	0.747248	3	0	0
15	80500001	0.75997	0.747248	3	0	0
15	81000001	0.755701	0.747248	3	0	0
15	81500001	0.742676	0.747248	3	0	0
15	82000001	0.684844	0.747248	3	0	0
15	82500001	0.766904	0.747248	3	0	0
15	83000001	0.762791	0.747248	3	0	0
15	83500001	0.744361	0.747248	3	0	0
15	84000001	0.682835	0.747248	3	0	0
15	84500001	0.750538	0.747248	3	0	0
15	85000001	0.740044	0.747248	3	0	0
15	85500001	0.758676	0.747248	3	0	0
15	86000001	0.733517	0.747248	3	0	0
15	86500001	0.719138	0.747248	3	0	0
15	87000001	0.694364	0.747248	3	0	0
15	87500001	0.706576	0.747248	3	0	0
15	88000001	0.716462	0.747248	3	0	0
15	88500001	0.74717	0.747248	3	0	0
15	89000001	0.759858	0.747248	3	0	0
15	89500001	0.745036	0.747248	3	0	0
15	90000001	0.750937	0.747248	3	0	0
15	90500001	0.750512	0.747248	3	0	0
15	91000001	0.725896	0.747248	3	0	0
15	91500001	0.71343	0.747248	3	0	0
15	92000001	0.751471	0.747248	3	0	0
15	92500001	0.781516	0.747248	3	0	0
15	93000001	0.775163	0.747248	3	0	0
15	93500001	0.699074	0.747248	3	0	0
15	94000001	0.756949	0.747248	3	0	0
15	94500001	0.736346	0.747248	3	0	0
15	95000001	0.717598	0.747248	3	0	0
15	95500001	0.77401	0.747248	3	0	0
15	96000001	0.737655	0.747248	3	0	0
15	96500001	0.740864	0.747248	3	0	0
15	97000001	0.694834	0.747248	3	0	0
15	97500001	0.724159	0.747248	3	0	0
15	98000001	0.732103	0.747248	3	0	0
15	98500001	0.756181	0.747248	3	0	0
15	99000001	0.768706	0.747248	3	0	0
15	99500001	0.747906	0.747248	3	0	0
15	100000001	0.765209	0.747248	3	0	0
15	100500001	0.772064	0.747248	3	0	0
15	101000001	0.762322	0.747248	3	0	0
15	101500001	0.959668	0.747248	3	0	0
16	1	1.48293	1.54944	6	0	0
16	500001	1.57177	1.54944	6	0	0
16	1000001	1.52712	1.54944	6	0	0
16	1500001	1.59488	1.54944	6	0	0
16	2000001	1.07943	1.00042	4	0	0
16	2500001	1.00328	1.00042	4	0	0
16	3000001	1.02139	1.00042	4	0	0
16	3500001	1.03118	1.00042	4	0	0
16	4000001	1.02746	1.00042	4	0	0
16	4500001	0.997962	1.00042	4	0	0
16	5000001	1.01063	1.00042	4	0	0
16	5500001	0.958501	1.00042	4	0	0
16	6000001	0.954641	1.00042	4	0	0
16	6500001	0.933841	1.00042	4	0	0
16	7000001	0.978571	1.00042	4	0	0
16	7500001	0.987164	1.00042	4	0	0
16	8000001	0.98325	1.00042	4	0	0
16	8500001	1.00042	1.00042	4	0	0
16	9000001	1.00306	1.00042	4	0	0
16	9500001	0.976059	1.00042	4	0	0
16	10000001	1.00567	1.00042	4	0	0
16	10500001	1.00889	1.00042	4	0	0
16	11000001	1.00298	1.00042	4	0	0
16	11500001	0.946336	1.00042	4	0	0
16	12000001	1.02042	1.00042	4	0	0
16	12500001	0.997204	1.00042	4	0	0
16	13000001	0.951604	1.00042	4	0	0
16	13500001	1.00672	1.00042	4	0	0
16	14000001	1.00152	1.00042	4	0	0
16	14500001	1.26849	1.00042	4	0	0
16	15000001	1.16238	1.00042	4	0	0
16	15500001	1.03864	1.00042	4	0	0
16	16000001	0.99667	1.00042	4	0	0
16	16500001	0.94181	1.00042	4	0	0
16	17000001	0.935157	1.00042	4	0	0
16	17500001	0.963914	1.00042	4	0	0
16	18000001	0.928335	1.00042	4	0	0
16	18500001	1.00554	1.00042	4	0	0
16	19000001	0.983629	1.00042	4	0	0
16	19500001	0.963987	1.00042	4	0	0
16	20000001	0.986997	1.00042	4	0	0
16	20500001	1.01325	1.00042	4	0	0
16	21000001	1.06361	1.00042	4	0	0
16	21500001	1.37233	1.27595	5	0	0
16	22000001	1.25926	1.27595	5	0	0
16	22500001	1.27595	1.27595	5	0	0
16	23000001	0.60283	0.676261	3	0	0
16	23500001	0.749692	0.676261	3	0	0
16	24000001	0.979626	0.983662	4	0	0
16	24500001	0.984302	0.983662	4	0	0
16	25000001	1.02782	0.983662	4	0	0
16	25500001	0.983022	0.983662	4	0	0
16	26000001	0.937718	0.983662	4	0	0
16	26500001	0.951257	0.983662	4	0	0
16	27000001	0.995437	0.983662	4	0	0
16	27500001	0.957304	0.983662	4	0	0
16	28000001	0.97348	0.983662	4	0	0
16	28500001	0.984316	0.983662	4	0	0
16	29000001	1.09112	0.983662	4	0	0
16	29500001	1.03558	0.983662	4	0	0
16	30000001	1.10146	0.983662	4	0	0
16	30500001	1.04137	0.983662	4	0	0
16	31000001	1.01485	0.983662	4	0	0
16	31500001	0.992657	0.983662	4	0	0
16	32000001	0.858929	0.983662	4	0	0
16	32500001	0.842706	0.983662	4	0	0
16	33000001	-1	0.983662	4	0	0
16	33500001	0.913783	0.983662	4	0	0
16	34000001	0.953658	0.983662	4	0	0
16	34500001	6.21926	6.21926	25	0	0
16	35000001	0.896531	0.970946	4	0	0
16	35500001	0.982267	0.970946	4	0	0
16	36000001	1.00555	0.970946	4	0	0
16	36500001	0.675008	0.970946	4	0	0
16	37000001	0.653369	0.970946	4	0	0
16	37500001	0.689459	0.970946	4	0	0
16	38000001	-1	0.970946	4	0	0
16	38500001	-1	0.970946	4	0	0
16	39000001	-1	0.970946	4	0	0
16	39500001	-1	0.970946	4	0	0
16	40000001	-1	0.970946	4	0	0
16	40500001	-1	0.970946	4	0	0
16	41000001	-1	0.970946	4	0	0
16	41500001	-1	0.970946	4	0	0
16	42000001	-1	0.970946	4	0	0
16	42500001	-1	0.970946	4	0	0
16	43000001	-1	0.970946	4	0	0
16	43500001	-1	0.970946	4	0	0
16	44000001	-1	0.970946	4	0	0
16	44500001	-1	0.970946	4	0	0
16	45000001	-1	0.970946	4	0	0
16	45500001	-1	0.970946	4	0	0
16	46000001	-1	0.970946	4	0	0
16	46500001	0.987895	0.970946	4	0	0
16	47000001	1.00585	0.970946	4	0	0
16	47500001	1.04052	0.970946	4	0	0
16	48000001	0.996938	0.970946	4	0	0
16	48500001	1.01169	0.970946	4	0	0
16	49000001	0.959666	0.970946	4	0	0
16	49500001	0.974942	0.970946	4	0	0
16	50000001	0.993871	0.970946	4	0	0
16	50500001	0.95832	0.970946	4	0	0
16	51000001	0.964592	0.970946	4	0	0
16	51500001	0.93991	0.970946	4	0	0
16	52000001	0.96695	0.970946	4	0	0
16	52500001	1.02602	0.997576	4	0	0
16	53000001	1.01922	0.997576	4	0	0
16	53500001	0.988496	0.997576	4	0	0
16	54000001	0.997576	0.997576	4	0	0
16	54500001	0.99115	0.997576	4	0	0
16	55000001	0.940015	0.997576	4	0	0
16	55500001	0.973952	0.997576	4	0	0
16	56000001	1.02543	0.997576	4	0	0
16	56500001	1.03818	0.997576	4	0	0
16	57000001	1.02637	0.997576	4	0	0
16	57500001	1.11848	0.997576	4	0	0
16	58000001	1.02916	0.997576	4	0	0
16	58500001	1.00161	0.997576	4	0	0
16	59000001	1.04001	0.997576	4	0	0
16	59500001	0.940411	0.997576	4	0	0
16	60000001	0.957126	0.997576	4	0	0
16	60500001	0.932769	0.997576	4	0	0
16	61000001	1.01357	0.997576	4	0	0
16	61500001	1.00653	0.997576	4	0	0
16	62000001	0.982208	0.997576	4	0	0
16	62500001	0.989567	0.997576	4	0	0
16	63000001	0.998659	0.997576	4	0	0
16	63500001	0.96642	0.997576	4	0	0
16	64000001	0.987536	0.997576	4	0	0
16	64500001	0.913368	0.997576	4	0	0
16	65000001	0.937559	0.997576	4	0	0
16	65500001	0.97475	0.997576	4	0	0
16	66000001	1.02708	0.997576	4	0	0
16	66500001	0.998751	0.997576	4	0	0
16	67000001	1.04854	0.997576	4	0	0
16	67500001	0.986556	0.997576	4	0	0
16	68000001	1.0116	0.997576	4	0	0
16	68500001	1.01031	0.997576	4	0	0
16	69000001	1.01002	0.997576	4	0	0
16	69500001	1.05962	0.997576	4	0	0
16	70000001	1.163	0.997576	4	0	0
16	70500001	1.00712	0.997576	4	0	0
16	71000001	0.975205	0.997576	4	0	0
16	71500001	1.04223	0.997576	4	0	0
16	72000001	0.989501	0.997576	4	0	0
16	72500001	0.947312	0.997576	4	0	0
16	73000001	0.98732	0.997576	4	0	0
16	73500001	0.947728	0.997576	4	0	0
16	74000001	1.22585	0.997576	4	0	0
16	74500001	1.02213	0.997576	4	0	0
16	75000001	1.01552	0.997576	4	0	0
16	75500001	1.02525	0.997576	4	0	0
16	76000001	0.979907	0.997576	4	0	0
16	76500001	1.00922	0.997576	4	0	0
16	77000001	1.0039	0.997576	4	0	0
16	77500001	0.962687	0.997576	4	0	0
16	78000001	0.914345	0.997576	4	0	0
16	78500001	0.781768	0.997576	4	0	0
16	79000001	0.946793	0.997576	4	0	0
16	79500001	0.953323	0.997576	4	0	0
16	80000001	0.944974	0.997576	4	0	0
16	80500001	0.977228	0.997576	4	0	0
16	81000001	0.994663	0.997576	4	0	0
16	81500001	0.993323	0.997576	4	0	0
16	82000001	0.981055	0.997576	4	0	0
16	82500001	0.954502	0.997576	4	0	0
16	83000001	0.99745	0.997576	4	0	0
16	83500001	1.01687	0.997576	4	0	0
16	84000001	1.02	0.997576	4	0	0
16	84500001	1.03168	0.997576	4	0	0
16	85000001	1.013	0.997576	4	0	0
16	85500001	0.981414	0.997576	4	0	0
16	86000001	0.987642	0.997576	4	0	0
16	86500001	0.982707	0.997576	4	0	0
16	87000001	0.998731	0.997576	4	0	0
16	87500001	1.00265	0.997576	4	0	0
16	88000001	1.04384	0.997576	4	0	0
16	88500001	1.00864	0.997576	4	0	0
16	89000001	0.972588	0.997576	4	0	0
16	89500001	1.02323	0.997576	4	0	0
16	90000001	-1	-1	-1	0	0
17	1	-1	-1	-1	0	0
17	500001	0.538387	0.534599	2	0	0
17	1000001	0.53081	0.534599	2	0	0
17	1500001	0.92211	0.92211	4	0	0
17	2000001	1.45678	1.46231	6	0	0
17	2500001	1.49383	1.46231	6	0	0
17	3000001	1.448	1.46231	6	0	0
17	3500001	1.48397	1.46231	6	0	0
17	4000001	1.51376	1.46231	6	0	0
17	4500001	1.46145	1.46231	6	0	0
17	5000001	1.51162	1.46231	6	0	0
17	5500001	1.47741	1.46231	6	0	0
17	6000001	1.40254	1.46231	6	0	0
17	6500001	1.50137	1.46231	6	0	0
17	7000001	1.47245	1.46231	6	0	0
17	7500001	1.46505	1.46231	6	0	0
17	8000001	1.48784	1.46231	6	0	0
17	8500001	1.48257	1.46231	6	0	0
17	9000001	1.43531	1.46231	6	0	0
17	9500001	1.45265	1.46231	6	0	0
17	10000001	1.40122	1.46231	6	0	0
17	10500001	1.39457	1.46231	6	0	0
17	11000001	1.39033	1.46231	6	0	0
17	11500001	1.40745	1.46231	6	0	0
17	12000001	1.44311	1.46231	6	0	0
17	12500001	1.37902	1.46231	6	0	0
17	13000001	1.35277	1.46231	6	0	0
17	13500001	1.36039	1.46231	6	0	0
17	14000001	1.45208	1.46231	6	0	0
17	14500001	1.46317	1.46231	6	0	0
17	15000001	1.4651	1.46231	6	0	0
17	15500001	1.47714	1.46231	6	0	0
17	16000001	1.48872	1.46231	6	0	0
17	16500001	1.63229	1.46231	6	0	0
17	17000001	1.56109	1.46231	6	0	0
17	17500001	1.47968	1.46231	6	0	0
17	18000001	1.44254	1.46231	6	0	0
17	18500001	1.41728	1.46231	6	0	0
17	19000001	2.05046	1.68734	7	0	0
17	19500001	1.50609	1.68734	7	0	0
17	20000001	1.52838	1.68734	7	0	0
17	20500001	1.47706	1.68734	7	0	0
17	21000001	1.6411	1.68734	7	0	0
17	21500001	1.73358	1.68734	7	0	0
17	22000001	1.91763	1.68734	7	0	0
17	22500001	1.83324	1.68734	7	0	0
17	23000001	1.04127	1.04127	4	0	0
17	23500001	0.459615	0.499539	2	0	0
17	24000001	0.542313	0.499539	2	0	0
17	24500001	0.454962	0.499539	2	0	0
17	25000001	0.679107	0.499539	2	0	0
17	25500001	0.539464	0.499539	2	0	0
17	26000001	0.334131	0.499539	2	0	0
17	26500001	4.11677	4.11677	16	0	0
17	27000001	0.984755	1.01315	4	0	0
17	27500001	1.01315	1.01315	4	0	0
17	28000001	0.974205	1.01315	4	0	0
17	28500001	1.19444	1.01315	4	0	0
17	29000001	1.029	1.01315	4	0	0
17	29500001	0.980917	1.01315	4	0	0
17	30000001	1.01623	1.01315	4	0	0
17	30500001	0.872809	0.668905	3	0	0
17	31000001	0.473078	0.668905	3	0	0
17	31500001	0.668905	0.668905	3	0	0
17	32000001	1.04204	0.998158	4	0	0
17	32500001	1.01659	0.998158	4	0	0
17	33000001	0.9616	0.998158	4	0	0
17	33500001	0.918384	0.998158	4	0	0
17	34000001	0.914766	0.998158	4	0	0
17	34500001	0.951112	0.998158	4	0	0
17	35000001	0.993475	0.998158	4	0	0
17	35500001	0.996196	0.998158	4	0	0
17	36000001	1.53276	0.998158	4	0	0
17	36500001	0.980565	0.998158	4	0	0
17	37000001	1.01474	0.998158	4	0	0
17	37500001	1.12364	0.998158	4	0	0
17	38000001	1.08179	0.998158	4	0	0
17	38500001	0.980215	0.998158	4	0	0
17	39000001	1.01632	0.998158	4	0	0
17	39500001	1.00085	0.998158	4	0	0
17	40000001	0.987921	0.998158	4	0	0
17	40500001	1.03453	0.998158	4	0	0
17	41000001	0.998158	0.998158	4	0	0
17	41500001	1.02076	0.998158	4	0	0
17	42000001	1.015	0.998158	4	0	0
17	42500001	1.01672	0.998158	4	0	0
17	43000001	1.31705	0.998158	4	0	0
17	43500001	0.988004	0.998158	4	0	0
17	44000001	0.989462	0.998158	4	0	0
17	44500001	0.996097	0.998158	4	0	0
17	45000001	1.02291	0.998158	4	0	0
17	45500001	1.07418	0.998158	4	0	0
17	46000001	1.05336	0.998158	4	0	0
17	46500001	1.04469	0.998158	4	0	0
17	47000001	1.01795	0.998158	4	0	0
17	47500001	1.03114	0.998158	4	0	0
17	48000001	1.03954	0.998158	4	0	0
17	48500001	0.999111	0.998158	4	0	0
17	49000001	0.993866	0.998158	4	0	0
17	49500001	1.05979	0.998158	4	0	0
17	50000001	1.0042	0.998158	4	0	0
17	50500001	1.01126	0.998158	4	0	0
17	51000001	1.02232	0.998158	4	0	0
17	51500001	0.997268	0.998158	4	0	0
17	52000001	0.966728	0.998158	4	0	0
17	52500001	0.962607	0.998158	4	0	0
17	53000001	0.953502	0.998158	4	0	0
17	53500001	0.945363	0.998158	4	0	0
17	54000001	0.931964	0.998158	4	0	0
17	54500001	0.961897	0.998158	4	0	0
17	55000001	0.975977	0.998158	4	0	0
17	55500001	0.97443	0.998158	4	0	0
17	56000001	0.993084	0.998158	4	0	0
17	56500001	0.998513	0.998158	4	0	0
17	57000001	0.995146	0.998158	4	0	0
17	57500001	1.02754	0.998158	4	0	0
17	58000001	1.0178	0.998158	4	0	0
17	58500001	0.949531	0.998158	4	0	0
17	59000001	0.96386	0.998158	4	0	0
17	59500001	0.994514	0.998158	4	0	0
17	60000001	0.98952	0.998158	4	0	0
17	60500001	1.30884	1.50559	6	0	0
17	61000001	1.51829	1.50559	6	0	0
17	61500001	1.51253	1.50559	6	0	0
17	62000001	1.5054	1.50559	6	0	0
17	62500001	1.47986	1.50559	6	0	0
17	63000001	1.51282	1.50559	6	0	0
17	63500001	1.49479	1.50559	6	0	0
17	64000001	1.50577	1.50559	6	0	0
17	64500001	3.82687	4.15023	17	0	0
17	65000001	4.47359	4.15023	17	0	0
17	65500001	3.21251	3.21251	13	0	0
17	66000001	1.44561	1.48877	6	0	0
17	66500001	1.52311	1.48877	6	0	0
17	67000001	1.47283	1.48877	6	0	0
17	67500001	1.48877	1.48877	6	0	0
17	68000001	1.49325	1.48877	6	0	0
17	68500001	1.51332	1.48877	6	0	0
17	69000001	1.47645	1.48877	6	0	0
17	69500001	1.44761	1.48877	6	0	0
17	70000001	1.42095	1.48877	6	0	0
17	70500001	1.53856	1.48877	6	0	0
17	71000001	1.50137	1.48877	6	0	0
17	71500001	1.30636	1.2445	5	0	0
17	72000001	1.24299	1.2445	5	0	0
17	72500001	1.24289	1.2445	5	0	0
17	73000001	1.27046	1.2445	5	0	0
17	73500001	1.20061	1.2445	5	0	0
17	74000001	1.20084	1.2445	5	0	0
17	74500001	1.22687	1.2445	5	0	0
17	75000001	1.27477	1.2445	5	0	0
17	75500001	1.26857	1.2445	5	0	0
17	76000001	1.24601	1.2445	5	0	0
17	76500001	1.23696	1.2445	5	0	0
17	77000001	1.20531	1.2445	5	0	0
17	77500001	1.23261	1.2445	5	0	0
17	78000001	1.48369	1.2445	5	0	0
17	78500001	1.24716	1.2445	5	0	0
17	79000001	1.18536	1.2445	5	0	0
17	79500001	1.25422	1.2445	5	0	0
17	80000001	1.2069	1.2445	5	0	0
17	80500001	1.26245	1.2445	5	0	0
17	81000001	1.24174	1.2445	5	0	0
17	81500001	1.25963	1.2445	5	0	0
17	82000001	1.33635	1.2445	5	0	0
17	82500001	1.28356	1.2445	5	0	0
17	83000001	0.613183	1.2445	5	0	0
18	1	2.07023	2.07023	8	0	0
18	500001	1.01762	1.00592	4	0	0
18	1000001	1.04259	1.00592	4	0	0
18	1500001	1.02373	1.00592	4	0	0
18	2000001	1.06197	1.00592	4	0	0
18	2500001	1.00772	1.00592	4	0	0
18	3000001	1.01795	1.00592	4	0	0
18	3500001	1.05161	1.00592	4	0	0
18	4000001	1.01464	1.00592	4	0	0
18	4500001	0.97488	1.00592	4	0	0
18	5000001	0.939939	1.00592	4	0	0
18	5500001	0.974541	1.00592	4	0	0
18	6000001	0.940578	1.00592	4	0	0
18	6500001	0.944156	1.00592	4	0	0
18	7000001	0.900796	1.00592	4	0	0
18	7500001	0.935043	1.00592	4	0	0
18	8000001	0.975827	1.00592	4	0	0
18	8500001	1.03211	1.00592	4	0	0
18	9000001	1.04362	1.00592	4	0	0
18	9500001	1.0554	1.00592	4	0	0
18	10000001	1.04897	1.00592	4	0	0
18	10500001	1.00157	1.00592	4	0	0
18	11000001	0.993548	1.00592	4	0	0
18	11500001	1.00592	1.00592	4	0	0
18	12000001	1.03248	1.00592	4	0	0
18	12500001	0.999351	1.00592	4	0	0
18	13000001	1.01317	1.00592	4	0	0
18	13500001	0.954275	1.00592	4	0	0
18	14000001	0.947518	1.00592	4	0	0
18	14500001	0.906274	1.00592	4	0	0
18	15000001	1.30582	1.13118	5	0	0
18	15500001	1.02668	1.13118	5	0	0
18	16000001	1.13118	1.13118	5	0	0
18	16500001	0.832131	0.770803	3	0	0
18	17000001	0.856182	0.770803	3	0	0
18	17500001	0.774914	0.770803	3	0	0
18	18000001	0.770803	0.770803	3	0	0
18	18500001	0.696322	0.770803	3	0	0
18	19000001	0.669883	0.770803	3	0	0
18	19500001	0.611534	0.770803	3	0	0
18	20000001	0.796153	0.770803	3	0	0
18	20500001	0.661547	0.770803	3	0	0
18	21000001	1.02587	1.02587	4	0	0
18	21500001	1.04244	1.02587	4	0	0
18	22000001	0.972128	1.02587	4	0	0
18	22500001	0.53597	0.506296	2	0	0
18	23000001	0.505701	0.506296	2	0	0
18	23500001	0.493138	0.506296	2	0	0
18	24000001	0.502719	0.506296	2	0	0
18	24500001	0.481193	0.506296	2	0	0
18	25000001	0.487803	0.506296	2	0	0
18	25500001	0.514189	0.506296	2	0	0
18	26000001	0.507131	0.506296	2	0	0
18	26500001	0.499085	0.506296	2	0	0
18	27000001	0.49439	0.506296	2	0	0
18	27500001	0.516801	0.506296	2	0	0
18	28000001	0.510675	0.506296	2	0	0
18	28500001	0.509555	0.506296	2	0	0
18	29000001	0.50579	0.506296	2	0	0
18	29500001	0.496668	0.506296	2	0	0
18	30000001	0.510439	0.506296	2	0	0
18	30500001	0.54499	0.506296	2	0	0
18	31000001	0.554264	0.506296	2	0	0
18	31500001	0.51065	0.506296	2	0	0
18	32000001	0.496612	0.506296	2	0	0
18	32500001	0.511614	0.506296	2	0	0
18	33000001	0.496164	0.506296	2	0	0
18	33500001	0.491024	0.506296	2	0	0
18	34000001	0.504592	0.506296	2	0	0
18	34500001	0.497177	0.506296	2	0	0
18	35000001	0.510888	0.506296	2	0	0
18	35500001	0.51958	0.506296	2	0	0
18	36000001	0.526602	0.506296	2	0	0
18	36500001	0.506801	0.506296	2	0	0
18	37000001	0.570248	0.506296	2	0	0
18	37500001	0.479068	0.506296	2	0	0
18	38000001	0.499384	0.506296	2	0	0
18	38500001	0.922948	1.00055	4	0	0
18	39000001	0.994635	1.00055	4	0	0
18	39500001	1.00212	1.00055	4	0	0
18	40000001	0.99898	1.00055	4	0	0
18	40500001	1.0089	1.00055	4	0	0
18	41000001	1.03321	1.00055	4	0	0
18	41500001	1.03817	1.00055	4	0	0
18	42000001	1.01441	1.00055	4	0	0
18	42500001	0.958102	1.00055	4	0	0
18	43000001	0.972444	1.00055	4	0	0
18	43500001	1.04386	1.00055	4	0	0
18	44000001	0.839766	1.00055	4	0	0
18	44500001	0.483155	0.506962	2	0	0
18	45000001	0.492233	0.506962	2	0	0
18	45500001	0.544193	0.506962	2	0	0
18	46000001	0.512775	0.506962	2	0	0
18	46500001	0.558824	0.506962	2	0	0
18	47000001	0.539451	0.506962	2	0	0
18	47500001	0.482608	0.506962	2	0	0
18	48000001	0.500483	0.506962	2	0	0
18	48500001	0.491989	0.506962	2	0	0
18	49000001	0.487586	0.506962	2	0	0
18	49500001	0.47117	0.506962	2	0	0
18	50000001	0.51337	0.506962	2	0	0
18	50500001	0.495209	0.506962	2	0	0
18	51000001	0.517838	0.506962	2	0	0
18	51500001	0.505953	0.506962	2	0	0
18	52000001	0.471373	0.506962	2	0	0
18	52500001	0.492792	0.506962	2	0	0
18	53000001	0.512806	0.506962	2	0	0
18	53500001	0.492978	0.506962	2	0	0
18	54000001	0.538433	0.506962	2	0	0
18	54500001	0.523862	0.506962	2	0	0
18	55000001	0.509054	0.506962	2	0	0
18	55500001	0.507648	0.506962	2	0	0
18	56000001	0.495474	0.506962	2	0	0
18	56500001	0.506292	0.506962	2	0	0
18	57000001	0.509356	0.506962	2	0	0
18	57500001	0.505114	0.506962	2	0	0
18	58000001	0.499428	0.506962	2	0	0
18	58500001	0.560297	0.506962	2	0	0
18	59000001	0.52207	0.506962	2	0	0
18	59500001	0.509741	0.506962	2	0	0
18	60000001	0.517779	0.506962	2	0	0
18	60500001	0.52474	0.506962	2	0	0
18	61000001	0.495092	0.506962	2	0	0
18	61500001	0.507632	0.506962	2	0	0
18	62000001	0.50543	0.506962	2	0	0
18	62500001	0.88292	0.972341	4	0	0
18	63000001	1.04108	0.972341	4	0	0
18	63500001	1.07395	0.972341	4	0	0
18	64000001	0.9036	0.972341	4	0	0
18	64500001	0.483606	0.500363	2	0	0
18	65000001	0.510231	0.500363	2	0	0
18	65500001	0.508535	0.500363	2	0	0
18	66000001	0.499383	0.500363	2	0	0
18	66500001	0.540868	0.500363	2	0	0
18	67000001	0.509663	0.500363	2	0	0
18	67500001	0.520024	0.500363	2	0	0
18	68000001	0.51346	0.500363	2	0	0
18	68500001	0.480064	0.500363	2	0	0
18	69000001	0.481967	0.500363	2	0	0
18	69500001	0.498352	0.500363	2	0	0
18	70000001	0.535139	0.500363	2	0	0
18	70500001	0.484663	0.500363	2	0	0
18	71000001	0.499242	0.500363	2	0	0
18	71500001	0.480636	0.500363	2	0	0
18	72000001	0.537186	0.500363	2	0	0
18	72500001	0.470482	0.500363	2	0	0
18	73000001	0.518984	0.500363	2	0	0
18	73500001	0.481012	0.500363	2	0	0
18	74000001	0.495374	0.500363	2	0	0
18	74500001	0.495202	0.500363	2	0	0
18	75000001	0.503697	0.500363	2	0	0
18	75500001	0.492782	0.500363	2	0	0
18	76000001	0.509979	0.500363	2	0	0
18	76500001	0.518577	0.500363	2	0	0
18	77000001	0.476991	0.500363	2	0	0
18	77500001	0.473001	0.500363	2	0	0
18	78000001	0.502612	0.500363	2	0	0
18	78500001	0.506249	0.500363	2	0	0
18	79000001	0.500363	0.500363	2	0	0
18	79500001	0.507489	0.500363	2	0	0
18	80000001	-1	-1	-1	0	0
19	1	1.27342	1.09053	4	0	0
19	500001	1.03476	1.09053	4	0	0
19	1000001	1.0114	1.09053	4	0	0
19	1500001	0.981553	1.09053	4	0	0
19	2000001	1.03922	1.09053	4	0	0
19	2500001	1.00247	1.09053	4	0	0
19	3000001	0.973665	1.09053	4	0	0
19	3500001	0.954236	1.09053	4	0	0
19	4000001	0.963199	1.09053	4	0	0
19	4500001	1.008	1.09053	4	0	0
19	5000001	1.02625	1.09053	4	0	0
19	5500001	0.990748	1.09053	4	0	0
19	6000001	1.3363	1.09053	4	0	0
19	6500001	1.23054	1.09053	4	0	0
19	7000001	1.27711	1.09053	4	0	0
19	7500001	1.22175	1.09053	4	0	0
19	8000001	1.14008	1.09053	4	0	0
19	8500001	1.52754	1.09053	4	0	0
19	9000001	1.21909	1.09053	4	0	0
19	9500001	1.25626	1.09053	4	0	0
19	10000001	1.24047	1.09053	4	0	0
19	10500001	1.25362	1.09053	4	0	0
19	11000001	1.21883	1.09053	4	0	0
19	11500001	1.23398	1.09053	4	0	0
19	12000001	1.37407	1.09053	4	0	0
19	12500001	1.36267	1.09053	4	0	0
19	13000001	1.25512	1.09053	4	0	0
19	13500001	1.28838	1.09053	4	0	0
19	14000001	1.22146	1.09053	4	0	0
19	14500001	1.19845	1.09053	4	0	0
19	15000001	1.21444	1.09053	4	0	0
19	15500001	1.13481	1.09053	4	0	0
19	16000001	0.960837	1.09053	4	0	0
19	16500001	0.97585	1.09053	4	0	0
19	17000001	0.982418	1.09053	4	0	0
19	17500001	1.00576	1.09053	4	0	0
19	18000001	0.994289	1.09053	4	0	0
19	18500001	1.00637	1.09053	4	0	0
19	19000001	1.00379	1.09053	4	0	0
19	19500001	1.00826	1.09053	4	0	0
19	20000001	0.943676	1.09053	4	0	0
19	20500001	0.955839	1.09053	4	0	0
19	21000001	1.04626	1.09053	4	0	0
19	21500001	1.03517	1.09053	4	0	0
19	22000001	1.16928	1.09053	4	0	0
19	22500001	1.67639	1.09053	4	0	0
19	23000001	3.76287	3.76287	15	0	0
19	23500001	3.74748	3.76287	15	0	0
19	24000001	4.44034	3.76287	15	0	0
19	24500001	2.78823	2.61126	10	0	0
19	25000001	1.73395	2.61126	10	0	0
19	25500001	2.13704	2.61126	10	0	0
19	26000001	1.75296	2.61126	10	0	0
19	26500001	2.61126	2.61126	10	0	0
19	27000001	5.81703	2.61126	10	0	0
19	27500001	3.02414	2.61126	10	0	0
19	28000001	0.852186	1.7067	7	0	0
19	28500001	2.69917	1.7067	7	0	0
19	29000001	2.00564	1.7067	7	0	0
19	29500001	2.90989	1.7067	7	0	0
19	30000001	1.75241	1.7067	7	0	0
19	30500001	1.66098	1.7067	7	0	0
19	31000001	1.5977	1.7067	7	0	0
19	31500001	1.61986	1.7067	7	0	0
19	32000001	1.26176	0.842751	3	0	0
19	32500001	0.94674	0.842751	3	0	0
19	33000001	0.974749	0.842751	3	0	0
19	33500001	0.979765	0.842751	3	0	0
19	34000001	1.02613	0.842751	3	0	0
19	34500001	1.00808	0.842751	3	0	0
19	35000001	1.55206	0.842751	3	0	0
19	35500001	0.829551	0.842751	3	0	0
19	36000001	0.664031	0.842751	3	0	0
19	36500001	0.471283	0.842751	3	0	0
19	37000001	0.671699	0.842751	3	0	0
19	37500001	0.721423	0.842751	3	0	0
19	38000001	0.907581	0.842751	3	0	0
19	38500001	1.00859	0.842751	3	0	0
19	39000001	0.98109	0.842751	3	0	0
19	39500001	0.999245	0.842751	3	0	0
19	40000001	0.746674	0.842751	3	0	0
19	40500001	0.767083	0.842751	3	0	0
19	41000001	0.493633	0.842751	3	0	0
19	41500001	0.482279	0.842751	3	0	0
19	42000001	0.507524	0.842751	3	0	0
19	42500001	0.518788	0.842751	3	0	0
19	43000001	0.472415	0.842751	3	0	0
19	43500001	0.693101	0.842751	3	0	0
19	44000001	0.79732	0.842751	3	0	0
19	44500001	0.855952	0.842751	3	0	0
19	45000001	1.03064	0.842751	3	0	0
19	45500001	0.983874	0.842751	3	0	0
19	46000001	1.20609	1.45039	6	0	0
19	46500001	1.50687	1.45039	6	0	0
19	47000001	1.48679	1.45039	6	0	0
19	47500001	1.91813	1.45039	6	0	0
19	48000001	1.48702	1.45039	6	0	0
19	48500001	1.52045	1.45039	6	0	0
19	49000001	1.4705	1.45039	6	0	0
19	49500001	1.52097	1.45039	6	0	0
19	50000001	1.33023	1.45039	6	0	0
19	50500001	1.43132	1.45039	6	0	0
19	51000001	1.44058	1.45039	6	0	0
19	51500001	1.49263	1.45039	6	0	0
19	52000001	1.64865	1.45039	6	0	0
19	52500001	1.34659	1.45039	6	0	0
19	53000001	0.946193	1.45039	6	0	0
19	53500001	0.945717	1.45039	6	0	0
19	54000001	1.09894	1.45039	6	0	0
19	54500001	1.45594	1.45039	6	0	0
19	55000001	1.42923	1.45039	6	0	0
19	55500001	1.48498	1.45039	6	0	0
19	56000001	1.45039	1.45039	6	0	0
19	56500001	1.34291	1.45039	6	0	0
19	57000001	1.41795	1.45039	6	0	0
19	57500001	1.9785	1.9785	8	0	0
19	58000001	5.47947	1.9785	8	0	0
19	58500001	1.20554	1.9785	8	0	0
2	1	0.766156	0.694295	3	2	0.888145
2	500001	0.767445	0.694295	3	2	0.888145
2	1000001	0.716561	0.694295	3	2	0.888145
2	1500001	0.704904	0.694295	3	2	0.888145
2	2000001	0.692902	0.694295	3	2	0.888145
2	2500001	0.674756	0.694295	3	2	0.888145
2	3000001	0.734164	0.694295	3	2	0.888145
2	3500001	0.749116	0.694295	3	2	0.888145
2	4000001	0.695688	0.694295	3	2	0.888145
2	4500001	0.729909	0.694295	3	2	0.888145
2	5000001	0.701736	0.694295	3	2	0.888145
2	5500001	0.690688	0.694295	3	2	0.888145
2	6000001	0.706259	0.694295	3	2	0.888145
2	6500001	0.690291	0.694295	3	2	0.888145
2	7000001	0.691036	0.694295	3	2	0.888145
2	7500001	0.728949	0.694295	3	2	0.888145
2	8000001	0.753151	0.694295	3	2	0.888145
2	8500001	0.745899	0.694295	3	2	0.888145
2	9000001	0.898624	0.694295	3	2	0.888145
2	9500001	0.781044	0.694295	3	2	0.888145
2	10000001	0.787869	0.694295	3	2	0.888145
2	10500001	0.782066	0.694295	3	2	0.888145
2	11000001	0.742613	0.694295	3	2	0.888145
2	11500001	0.773596	0.694295	3	2	0.888145
2	12000001	0.743369	0.694295	3	2	0.888145
2	12500001	0.710944	0.694295	3	2	0.888145
2	13000001	0.738773	0.694295	3	2	0.888145
2	13500001	0.7865	0.694295	3	2	0.888145
2	14000001	0.753511	0.694295	3	2	0.888145
2	14500001	0.746105	0.694295	3	2	0.888145
2	15000001	0.602768	0.694295	3	2	0.888145
2	15500001	0.4948	0.694295	3	2	0.888145
2	16000001	0.486059	0.694295	3	2	0.888145
2	16500001	0.489874	0.694295	3	2	0.888145
2	17000001	0.494435	0.694295	3	2	0.888145
2	17500001	0.491372	0.694295	3	2	0.888145
2	18000001	0.490239	0.694295	3	2	0.888145
2	18500001	0.517308	0.694295	3	2	0.888145
2	19000001	0.489562	0.694295	3	2	0.888145
2	19500001	0.484535	0.694295	3	2	0.888145
2	20000001	0.505369	0.694295	3	2	0.888145
2	20500001	0.529177	0.694295	3	2	0.888145
2	21000001	0.502084	0.694295	3	2	0.888145
2	21500001	0.48584	0.694295	3	2	0.888145
2	22000001	0.483635	0.694295	3	2	0.888145
2	22500001	0.502144	0.694295	3	2	0.888145
2	23000001	0.487445	0.694295	3	2	0.888145
2	23500001	0.492664	0.694295	3	2	0.888145
2	24000001	0.490478	0.694295	3	2	0.888145
2	24500001	0.499959	0.694295	3	2	0.888145
2	25000001	0.527784	0.694295	3	2	0.888145
2	25500001	1.09007	0.694295	3	0	0
2	26000001	2.48848	2.48566	10	0	0
2	26500001	2.59331	2.48566	10	0	0
2	27000001	2.94143	2.48566	10	0	0
2	27500001	3.06782	2.48566	10	0	0
2	28000001	2.7665	2.48566	10	0	0
2	28500001	2.52079	2.48566	10	0	0
2	29000001	2.4846	2.48566	10	0	0
2	29500001	2.41322	2.48566	10	0	0
2	30000001	2.50272	2.48566	10	0	0
2	30500001	2.50394	2.48566	10	0	0
2	31000001	2.43239	2.48566	10	0	0
2	31500001	2.50113	2.48566	10	0	0
2	32000001	2.40996	2.48566	10	0	0
2	32500001	2.48566	2.48566	10	0	0
2	33000001	2.40359	2.48566	10	0	0
2	33500001	2.33029	2.48566	10	0	0
2	34000001	2.39835	2.48566	10	0	0
2	34500001	2.29496	2.48566	10	0	0
2	35000001	2.46787	2.48566	10	0	0
2	35500001	2.37827	2.48566	10	0	0
2	36000001	2.50592	2.48566	10	0	0
2	36500001	2.24337	2.20934	9	0	0
2	37000001	2.26988	2.20934	9	0	0
2	37500001	2.28928	2.20934	9	0	0
2	38000001	2.34209	2.20934	9	0	0
2	38500001	2.24715	2.20934	9	0	0
2	39000001	2.20934	2.20934	9	0	0
2	39500001	2.2923	2.20934	9	0	0
2	40000001	2.09568	2.20934	9	0	0
2	40500001	2.03868	2.20934	9	0	0
2	41000001	2.02858	2.20934	9	0	0
2	41500001	2.02742	2.20934	9	0	0
2	42000001	1.96716	2.20934	9	0	0
2	42500001	1.97729	2.20934	9	0	0
2	43000001	1.72107	1.4863	6	0	0
2	43500001	1.53371	1.4863	6	0	0
2	44000001	1.51612	1.4863	6	0	0
2	44500001	1.50713	1.4863	6	0	0
2	45000001	1.59316	1.4863	6	0	0
2	45500001	1.51918	1.4863	6	0	0
2	46000001	1.48801	1.4863	6	0	0
2	46500001	1.50974	1.4863	6	0	0
2	47000001	1.50902	1.4863	6	0	0
2	47500001	1.5261	1.4863	6	0	0
2	48000001	1.47836	1.4863	6	0	0
2	48500001	1.39152	1.4863	6	0	0
2	49000001	1.41719	1.4863	6	0	0
2	49500001	1.45293	1.4863	6	0	0
2	50000001	1.4898	1.4863	6	0	0
2	50500001	1.54447	1.4863	6	0	0
2	51000001	1.46503	1.4863	6	0	0
2	51500001	1.47844	1.4863	6	0	0
2	52000001	1.46101	1.4863	6	0	0
2	52500001	1.47399	1.4863	6	0	0
2	53000001	1.45137	1.4863	6	0	0
2	53500001	1.52745	1.4863	6	0	0
2	54000001	1.49157	1.4863	6	0	0
2	54500001	1.50453	1.4863	6	0	0
2	55000001	1.472	1.4863	6	0	0
2	55500001	1.52295	1.4863	6	0	0
2	56000001	1.54083	1.4863	6	0	0
2	56500001	1.49621	1.4863	6	0	0
2	57000001	1.43299	1.4863	6	0	0
2	57500001	1.51714	1.4863	6	0	0
2	58000001	1.42986	1.4863	6	0	0
2	58500001	1.47025	1.4863	6	0	0
2	59000001	1.36974	1.4863	6	0	0
2	59500001	1.38876	1.4863	6	0	0
2	60000001	1.43945	1.4863	6	0	0
2	60500001	1.50828	1.4863	6	0	0
2	61000001	1.46991	1.4863	6	0	0
2	61500001	1.42621	1.4863	6	0	0
2	62000001	1.48491	1.4863	6	0	0
2	62500001	1.49238	1.4863	6	0	0
2	63000001	1.47952	1.4863	6	0	0
2	63500001	1.55931	1.4863	6	0	0
2	64000001	1.50321	1.4863	6	0	0
2	64500001	1.5135	1.4863	6	0	0
2	65000001	1.49445	1.4863	6	0	0
2	65500001	1.48949	1.4863	6	0	0
2	66000001	1.41455	1.4863	6	0	0
2	66500001	1.46275	1.4863	6	0	0
2	67000001	1.50194	1.4863	6	0	0
2	67500001	1.47004	1.4863	6	0	0
2	68000001	1.47172	1.4863	6	0	0
2	68500001	1.48909	1.4863	6	0	0
2	69000001	1.51892	1.4863	6	0	0
2	69500001	1.5122	1.4863	6	0	0
2	70000001	1.50268	1.4863	6	0	0
2	70500001	1.47833	1.4863	6	0	0
2	71000001	1.46364	1.4863	6	0	0
2	71500001	1.44451	1.4863	6	0	0
2	72000001	1.4863	1.4863	6	0	0
2	72500001	1.48172	1.4863	6	0	0
2	73000001	1.47496	1.4863	6	0	0
2	73500001	1.44798	1.4863	6	0	0
2	74000001	1.4738	1.4863	6	0	0
2	74500001	1.08235	0.546667	2	0	0
2	75000001	0.52716	0.546667	2	0	0
2	75500001	0.885226	0.546667	2	0	0
2	76000001	1.42068	0.546667	2	0	0
2	76500001	0.933527	0.546667	2	0	0
2	77000001	0.497456	0.546667	2	0	0
2	77500001	0.508979	0.546667	2	0	0
2	78000001	0.515369	0.546667	2	0	0
2	78500001	0.458415	0.546667	2	0	0
2	79000001	0.470863	0.546667	2	0	0
2	79500001	0.484947	0.546667	2	0	0
2	80000001	0.475732	0.546667	2	0	0
2	80500001	0.487614	0.546667	2	0	0
2	81000001	0.531527	0.546667	2	0	0
2	81500001	0.561807	0.546667	2	0	0
2	82000001	0.488309	0.546667	2	0	0
2	82500001	0.790183	0.546667	2	0	0
2	83000001	0.486706	0.546667	2	0	0
2	83500001	0.856818	0.546667	2	0	0
2	84000001	1.04291	0.546667	2	0	0
2	84500001	0.921995	0.546667	2	0	0
2	85000001	2.01381	0.546667	2	0	0
2	85500001	0.769767	0.546667	2	0	0
2	86000001	0.50361	0.546667	2	0	0
2	86500001	0.527584	0.546667	2	0	0
2	87000001	0.662047	0.546667	2	0	0
2	87500001	0.782335	0.546667	2	0	0
2	88000001	0.582363	0.546667	2	0	0
2	88500001	0.516971	0.546667	2	0	0
2	89000001	-1	0.546667	2	0	0
2	89500001	-1	0.546667	2	0	0
2	90000001	-1	0.546667	2	0	0
2	90500001	-1	0.546667	2	0	0
2	91000001	-1	0.546667	2	0	0
2	91500001	0.831085	0.546667	2	0	0
2	92000001	0.696351	0.546667	2	0	0
2	92500001	0.664769	0.546667	2	0	0
2	93000001	0.346275	0.546667	2	0	0
2	93500001	0.321828	0.546667	2	0	0
2	94000001	-1	-1	-1	0	0
2	94500001	1.32276	1.26362	5	0	0
2	95000001	1.24648	1.26362	5	0	0
2	95500001	1.28596	1.26362	5	0	0
2	96000001	1.29773	1.26362	5	0	0
2	96500001	1.20193	1.26362	5	0	0
2	97000001	1.287	1.26362	5	0	0
2	97500001	1.24371	1.26362	5	0	0
2	98000001	1.26362	1.26362	5	0	0
2	98500001	1.26636	1.26362	5	0	0
2	99000001	1.25024	1.26362	5	0	0
2	99500001	1.24051	1.26362	5	0	0
2	100000001	2.1272	2.50942	10	0	0
2	100500001	2.50942	2.50942	10	0	0
2	101000001	2.51855	2.50942	10	0	0
2	101500001	1.60924	1.23386	5	0	0
2	102000001	1.23747	1.23386	5	0	0
2	102500001	1.25936	1.23386	5	0	0
2	103000001	1.17335	1.23386	5	0	0
2	103500001	1.20679	1.23386	5	0	0
2	104000001	1.15645	1.23386	5	0	0
2	104500001	1.20015	1.23386	5	0	0
2	105000001	1.24542	1.23386	5	0	0
2	105500001	1.21215	1.23386	5	0	0
2	106000001	1.20178	1.23386	5	0	0
2	106500001	1.20805	1.23386	5	0	0
2	107000001	1.2141	1.23386	5	0	0
2	107500001	1.21312	1.23386	5	0	0
2	108000001	1.27362	1.23386	5	0	0
2	108500001	1.26344	1.23386	5	0	0
2	109000001	1.60507	1.23386	5	0	0
2	109500001	1.27831	1.23386	5	0	0
2	110000001	1.11282	1.23386	5	0	0
2	110500001	1.26562	1.23386	5	0	0
2	111000001	1.21608	1.23386	5	0	0
2	111500001	1.24275	1.23386	5	0	0
2	112000001	1.28448	1.23386	5	0	0
2	112500001	1.28644	1.23386	5	0	0
2	113000001	1.24188	1.23386	5	0	0
2	113500001	1.31905	1.23386	5	0	0
2	114000001	1.23421	1.23386	5	0	0
2	114500001	1.19512	1.23386	5	0	0
2	115000001	1.23672	1.23386	5	0	0
2	115500001	1.19007	1.23386	5	0	0
2	116000001	1.17199	1.23386	5	0	0
2	116500001	1.19867	1.23386	5	0	0
2	117000001	1.22242	1.23386	5	0	0
2	117500001	1.25588	1.23386	5	0	0
2	118000001	1.25855	1.23386	5	0	0
2	118500001	1.32157	1.23386	5	0	0
2	119000001	1.21578	1.23386	5	0	0
2	119500001	1.26492	1.23386	5	0	0
2	120000001	1.23961	1.23386	5	0	0
2	120500001	1.1919	1.23386	5	0	0
2	121000001	1.22984	1.23386	5	0	0
2	121500001	1.26545	1.23386	5	0	0
2	122000001	1.21619	1.23386	5	0	0
2	122500001	1.21434	1.23386	5	0	0
2	123000001	1.21777	1.23386	5	0	0
2	123500001	1.21854	1.23386	5	0	0
2	124000001	1.16747	1.23386	5	0	0
2	124500001	1.143	1.23386	5	0	0
2	125000001	1.22384	1.23386	5	0	0
2	125500001	1.15685	1.23386	5	0	0
2	126000001	1.16722	1.23386	5	0	0
2	126500001	1.20334	1.23386	5	0	0
2	127000001	1.26693	1.23386	5	0	0
2	127500001	1.25426	1.23386	5	0	0
2	128000001	1.39526	1.23386	5	0	0
2	128500001	1.20912	1.23386	5	0	0
2	129000001	1.24008	1.23386	5	0	0
2	129500001	1.23351	1.23386	5	0	0
2	130000001	0.960885	1.23386	5	0	0
2	130500001	1.23642	1.23386	5	0	0
2	131000001	1.46225	1.23386	5	0	0
2	131500001	1.58786	1.23386	5	0	0
2	132000001	1.73754	1.23386	5	0	0
2	132500001	0.972555	1.23386	5	0	0
2	133000001	0.879026	1.23386	5	0	0
2	133500001	1.2393	1.23386	5	0	0
2	134000001	1.18594	1.23386	5	0	0
2	134500001	1.21796	1.23386	5	0	0
2	135000001	1.20808	1.23386	5	0	0
2	135500001	1.09073	1.23386	5	0	0
2	136000001	1.19633	1.23386	5	0	0
2	136500001	1.19438	1.23386	5	0	0
2	137000001	1.14683	1.23386	5	0	0
2	137500001	1.23202	1.23386	5	0	0
2	138000001	1.19607	1.23386	5	0	0
2	138500001	1.22083	1.23386	5	0	0
2	139000001	1.24075	1.23386	5	0	0
2	139500001	1.17813	1.23386	5	0	0
2	140000001	1.26698	1.23386	5	0	0
2	140500001	1.24654	1.23386	5	0	0
2	141000001	1.00362	1.23386	5	0	0
2	141500001	1.21679	1.23386	5	0	0
2	142000001	1.26126	1.23386	5	0	0
2	142500001	1.32663	1.23386	5	0	0
2	143000001	1.23891	1.23386	5	0	0
2	143500001	1.25782	1.23386	5	0	0
2	144000001	1.23781	1.23386	5	0	0
2	144500001	1.2261	1.23386	5	0	0
2	145000001	1.26725	1.23386	5	0	0
2	145500001	1.34159	1.23386	5	0	0
2	146000001	1.24604	1.23386	5	0	0
2	146500001	1.23479	1.23386	5	0	0
2	147000001	1.22238	1.23386	5	0	0
2	147500001	1.2704	1.23386	5	0	0
2	148000001	1.29441	1.23386	5	0	0
2	148500001	1.34366	1.23386	5	0	0
2	149000001	1.26338	1.23386	5	0	0
2	149500001	1.33095	1.23386	5	0	0
2	150000001	1.26849	1.23386	5	0	0
2	150500001	1.24998	1.23386	5	0	0
2	151000001	1.22333	1.23386	5	0	0
2	151500001	1.02207	0.977882	4	0	0
2	152000001	1.01801	0.977882	4	0	0
2	152500001	0.980152	0.977882	4	0	0
2	153000001	1.02401	0.977882	4	0	0
2	153500001	0.950868	0.977882	4	0	0
2	154000001	0.976976	0.977882	4	0	0
2	154500001	0.993718	0.977882	4	0	0
2	155000001	1.00982	0.977882	4	0	0
2	155500001	0.999176	0.977882	4	0	0
2	156000001	0.954784	0.977882	4	0	0
2	156500001	1.01837	0.977882	4	0	0
2	157000001	1.02549	0.977882	4	0	0
2	157500001	0.988266	0.977882	4	0	0
2	158000001	0.970563	0.977882	4	0	0
2	158500001	0.989409	0.977882	4	0	0
2	159000001	1.02153	0.977882	4	0	0
2	159500001	1.00874	0.977882	4	0	0
2	160000001	1.05239	0.977882	4	0	0
2	160500001	1.02161	0.977882	4	0	0
2	161000001	1.03669	0.977882	4	0	0
2	161500001	1.03326	0.977882	4	0	0
2	162000001	1.01582	0.977882	4	0	0
2	162500001	0.960937	0.977882	4	0	0
2	163000001	1.00145	0.977882	4	0	0
2	163500001	0.96081	0.977882	4	0	0
2	164000001	0.968536	0.977882	4	0	0
2	164500001	1.08414	0.977882	4	0	0
2	165000001	1.05397	0.977882	4	0	0
2	165500001	1.0373	0.977882	4	0	0
2	166000001	0.99019	0.977882	4	0	0
2	166500001	1.03779	0.977882	4	0	0
2	167000001	0.952724	0.977882	4	0	0
2	167500001	0.977882	0.977882	4	0	0
2	168000001	1.03904	0.977882	4	0	0
2	168500001	0.784008	0.977882	4	0	0
2	169000001	0.769851	0.977882	4	0	0
2	169500001	0.733689	0.977882	4	0	0
2	170000001	0.748154	0.977882	4	0	0
2	170500001	0.73071	0.977882	4	0	0
2	171000001	0.788287	0.977882	4	0	0
2	171500001	0.778143	0.977882	4	0	0
2	172000001	0.782956	0.977882	4	0	0
2	172500001	0.776854	0.977882	4	0	0
2	173000001	0.741709	0.977882	4	0	0
2	173500001	0.75392	0.977882	4	0	0
2	174000001	0.766683	0.977882	4	0	0
2	174500001	0.759124	0.977882	4	0	0
2	175000001	0.755433	0.977882	4	0	0
2	175500001	0.737906	0.977882	4	0	0
2	176000001	0.745075	0.977882	4	0	0
2	176500001	0.800181	0.977882	4	0	0
2	177000001	2.13507	2.21219	9	0	0
2	177500001	2.28932	2.21219	9	0	0
2	178000001	3.25543	3.2183	13	0	0
2	178500001	3.2121	3.2183	13	0	0
2	179000001	3.12861	3.2183	13	0	0
2	179500001	3.22451	3.2183	13	0	0
2	180000001	2.3162	1.6731	7	0	0
2	180500001	1.70563	1.6731	7	0	0
2	181000001	1.73706	1.6731	7	0	0
2	181500001	1.75579	1.6731	7	0	0
2	182000001	1.78905	1.6731	7	0	0
2	182500001	1.74361	1.6731	7	0	0
2	183000001	1.72149	1.6731	7	0	0
2	183500001	1.68308	1.6731	7	0	0
2	184000001	1.71246	1.6731	7	0	0
2	184500001	1.7565	1.6731	7	0	0
2	185000001	1.72629	1.6731	7	0	0
2	185500001	1.71396	1.6731	7	0	0
2	186000001	1.75176	1.6731	7	0	0
2	186500001	1.70725	1.6731	7	0	0
2	187000001	1.74225	1.6731	7	0	0
2	187500001	1.66312	1.6731	7	0	0
2	188000001	1.68529	1.6731	7	0	0
2	188500001	1.81538	1.6731	7	0	0
2	189000001	1.78723	1.6731	7	0	0
2	189500001	1.75882	1.6731	7	0	0
2	190000001	1.7007	1.6731	7	0	0
2	190500001	1.50673	1.6731	7	0	0
2	191000001	1.54745	1.6731	7	0	0
2	191500001	1.53472	1.6731	7	0	0
2	192000001	1.48762	1.6731	7	0	0
2	192500001	1.50638	1.6731	7	0	0
2	193000001	1.52178	1.6731	7	0	0
2	193500001	1.4622	1.6731	7	0	0
2	194000001	1.498	1.6731	7	0	0
2	194500001	1.45846	1.6731	7	0	0
2	195000001	1.4866	1.6731	7	0	0
2	195500001	1.50248	1.6731	7	0	0
2	196000001	1.5184	1.6731	7	0	0
2	196500001	1.49165	1.6731	7	0	0
2	197000001	1.52021	1.6731	7	0	0
2	197500001	1.44085	1.6731	7	0	0
2	198000001	1.39627	1.6731	7	0	0
2	198500001	1.42385	1.6731	7	0	0
2	199000001	1.46118	1.6731	7	0	0
2	199500001	1.41381	1.6731	7	0	0
2	200000001	1.07525	1.00613	4	0	0
2	200500001	1.03467	1.00613	4	0	0
2	201000001	1.02325	1.00613	4	0	0
2	201500001	1.21075	1.00613	4	0	0
2	202000001	1.02813	1.00613	4	0	0
2	202500001	1.00169	1.00613	4	0	0
2	203000001	0.976989	1.00613	4	0	0
2	203500001	0.981301	1.00613	4	0	0
2	204000001	0.97164	1.00613	4	0	0
2	204500001	0.946098	1.00613	4	0	0
2	205000001	0.913368	1.00613	4	0	0
2	205500001	1.00868	1.00613	4	0	0
2	206000001	0.988107	1.00613	4	0	0
2	206500001	1.05202	1.00613	4	0	0
2	207000001	1.01415	1.00613	4	0	0
2	207500001	1.03916	1.00613	4	0	0
2	208000001	1.01275	1.00613	4	0	0
2	208500001	1.02042	1.00613	4	0	0
2	209000001	1.01687	1.00613	4	0	0
2	209500001	1.02033	1.00613	4	0	0
2	210000001	0.982337	1.00613	4	0	0
2	210500001	0.994413	1.00613	4	0	0
2	211000001	1.02156	1.00613	4	0	0
2	211500001	1.02802	1.00613	4	0	0
2	212000001	1.05458	1.00613	4	0	0
2	212500001	1.03454	1.00613	4	0	0
2	213000001	1.01479	1.00613	4	0	0
2	213500001	0.975872	1.00613	4	0	0
2	214000001	0.998592	1.00613	4	0	0
2	214500001	0.990831	1.00613	4	0	0
2	215000001	0.983733	1.00613	4	0	0
2	215500001	1.02925	1.00613	4	0	0
2	216000001	0.996226	1.00613	4	0	0
2	216500001	1.00824	1.00613	4	0	0
2	217000001	0.999269	1.00613	4	0	0
2	217500001	0.962141	1.00613	4	0	0
2	218000001	1.02165	1.00613	4	0	0
2	218500001	1.03767	1.00613	4	0	0
2	219000001	1.03884	1.00613	4	0	0
2	219500001	1.01549	1.00613	4	0	0
2	220000001	0.9869	1.00613	4	0	0
2	220500001	0.973599	1.00613	4	0	0
2	221000001	1.02189	1.00613	4	0	0
2	221500001	1.01114	1.00613	4	0	0
2	222000001	1.03362	1.00613	4	0	0
2	222500001	1.04826	1.00613	4	0	0
2	223000001	1.01266	1.00613	4	0	0
2	223500001	1.01704	1.00613	4	0	0
2	224000001	1.02446	1.00613	4	0	0
2	224500001	0.981168	1.00613	4	0	0
2	225000001	0.980912	1.00613	4	0	0
2	225500001	1.02006	1.00613	4	0	0
2	226000001	0.967645	1.00613	4	0	0
2	226500001	0.946768	1.00613	4	0	0
2	227000001	0.967712	1.00613	4	0	0
2	227500001	0.988965	1.00613	4	0	0
2	228000001	0.967113	1.00613	4	0	0
2	228500001	0.901713	1.00613	4	0	0
2	229000001	0.964233	1.00613	4	0	0
2	229500001	1.01496	1.00613	4	0	0
2	230000001	1.03988	1.00613	4	0	0
2	230500001	1.01335	1.00613	4	0	0
2	231000001	1.03459	1.00613	4	0	0
2	231500001	0.964399	1.00613	4	0	0
2	232000001	1.00256	1.00613	4	0	0
2	232500001	1.00172	1.00613	4	0	0
2	233000001	0.993493	1.00613	4	0	0
2	233500001	0.99437	1.00613	4	0	0
2	234000001	1.12221	1.00613	4	0	0
2	234500001	0.985707	1.00613	4	0	0
2	235000001	1.00613	1.00613	4	0	0
2	235500001	0.98417	1.00613	4	0	0
2	236000001	1.01586	1.00613	4	0	0
2	236500001	1.02335	1.00613	4	0	0
2	237000001	1.04421	1.00613	4	0	0
2	237500001	0.976175	1.00613	4	0	0
2	238000001	1.02681	1.00613	4	0	0
2	238500001	0.971427	1.00613	4	0	0
2	239000001	0.95381	1.00613	4	0	0
2	239500001	0.943515	1.00613	4	0	0
2	240000001	0.976601	1.00613	4	0	0
2	240500001	0.927399	1.00613	4	0	0
2	241000001	1.03095	1.00613	4	0	0
2	241500001	0.498206	1.00613	4	0	0
2	242000001	0.233641	1.00613	4	0	0
20	1	0.811107	0.985139	4	0	0
20	500001	1.02507	0.985139	4	0	0
20	1000001	1.00941	0.985139	4	0	0
20	1500001	0.958297	0.985139	4	0	0
20	2000001	1.05347	0.985139	4	0	0
20	2500001	0.985139	0.985139	4	0	0
20	3000001	0.913596	0.985139	4	0	0
20	3500001	0.760394	0.760118	3	0	0
20	4000001	0.765562	0.760118	3	0	0
20	4500001	0.770214	0.760118	3	0	0
20	5000001	0.771696	0.760118	3	0	0
20	5500001	0.744624	0.760118	3	0	0
20	6000001	0.75634	0.760118	3	0	0
20	6500001	0.786403	0.760118	3	0	0
20	7000001	0.769786	0.760118	3	0	0
20	7500001	0.749852	0.760118	3	0	0
20	8000001	0.731737	0.760118	3	0	0
20	8500001	0.727925	0.760118	3	0	0
20	9000001	0.752666	0.760118	3	0	0
20	9500001	0.768772	0.760118	3	0	0
20	10000001	0.776591	0.760118	3	0	0
20	10500001	0.815329	0.760118	3	0	0
20	11000001	0.770197	0.760118	3	0	0
20	11500001	0.78756	0.760118	3	0	0
20	12000001	0.761423	0.760118	3	0	0
20	12500001	0.746979	0.760118	3	0	0
20	13000001	0.754525	0.760118	3	0	0
20	13500001	0.732731	0.760118	3	0	0
20	14000001	0.788589	0.760118	3	0	0
20	14500001	0.562146	0.760118	3	0	0
20	15000001	0.611027	0.760118	3	0	0
20	15500001	0.735478	0.760118	3	0	0
20	16000001	0.759843	0.760118	3	0	0
20	16500001	1.24945	1.25525	5	0	0
20	17000001	1.27191	1.25525	5	0	0
20	17500001	1.25624	1.25525	5	0	0
20	18000001	1.25427	1.25525	5	0	0
20	18500001	1.2413	1.25525	5	0	0
20	19000001	1.28626	1.25525	5	0	0
20	19500001	1.28586	1.25525	5	0	0
20	20000001	1.25829	1.25525	5	0	0
20	20500001	1.248	1.25525	5	0	0
20	21000001	1.23954	1.25525	5	0	0
20	21500001	1.22884	1.25525	5	0	0
20	22000001	1.24972	1.25525	5	0	0
20	22500001	1.26285	1.25525	5	0	0
20	23000001	1.26767	1.25525	5	0	0
20	23500001	1.57772	1.7794	7	0	0
20	24000001	1.7794	1.7794	7	0	0
20	24500001	1.83305	1.7794	7	0	0
20	25000001	1.99839	1.7794	7	0	0
20	25500001	1.60565	1.7794	7	0	0
20	26000001	3.36722	3.55326	14	0	0
20	26500001	3.73929	3.55326	14	0	0
20	27000001	2.63676	2.63676	11	0	0
20	27500001	2.65911	2.63676	11	0	0
20	28000001	2.37326	2.63676	11	0	0
20	28500001	4.77628	4.77628	19	0	0
20	29000001	2.19717	2.19357	9	0	0
20	29500001	2.3543	2.19357	9	0	0
20	30000001	-1	2.19357	9	0	0
20	30500001	2.25207	2.19357	9	0	0
20	31000001	-1	2.19357	9	0	0
20	31500001	2.24356	2.19357	9	0	0
20	32000001	1.98196	2.19357	9	0	0
20	32500001	2.0105	2.19357	9	0	0
20	33000001	2.02325	2.19357	9	0	0
20	33500001	2.1707	2.19357	9	0	0
20	34000001	2.19357	2.19357	9	0	0
20	34500001	1.51674	1.49284	6	0	0
20	35000001	1.5163	1.49284	6	0	0
20	35500001	1.50656	1.49284	6	0	0
20	36000001	2.13704	1.49284	6	0	0
20	36500001	1.53436	1.49284	6	0	0
20	37000001	1.53164	1.49284	6	0	0
20	37500001	1.47454	1.49284	6	0	0
20	38000001	1.51038	1.49284	6	0	0
20	38500001	1.55277	1.49284	6	0	0
20	39000001	1.47801	1.49284	6	0	0
20	39500001	1.43319	1.49284	6	0	0
20	40000001	1.43646	1.49284	6	0	0
20	40500001	1.48586	1.49284	6	0	0
20	41000001	1.57966	1.49284	6	0	0
20	41500001	1.45716	1.49284	6	0	0
20	42000001	1.40168	1.49284	6	0	0
20	42500001	1.43754	1.49284	6	0	0
20	43000001	1.46515	1.49284	6	0	0
20	43500001	1.4893	1.49284	6	0	0
20	44000001	1.55249	1.49284	6	0	0
20	44500001	1.50975	1.49284	6	0	0
20	45000001	1.5308	1.49284	6	0	0
20	45500001	1.46451	1.49284	6	0	0
20	46000001	1.50134	1.49284	6	0	0
20	46500001	1.53241	1.49284	6	0	0
20	47000001	1.5032	1.49284	6	0	0
20	47500001	1.53568	1.49284	6	0	0
20	48000001	1.47647	1.49284	6	0	0
20	48500001	1.44226	1.49284	6	0	0
20	49000001	1.53567	1.49284	6	0	0
20	49500001	1.50319	1.49284	6	0	0
20	50000001	1.94104	1.49284	6	0	0
20	50500001	1.87841	1.49284	6	0	0
20	51000001	1.51718	1.49284	6	0	0
20	51500001	1.50129	1.49284	6	0	0
20	52000001	1.50516	1.49284	6	0	0
20	52500001	1.45192	1.49284	6	0	0
20	53000001	1.50893	1.49284	6	0	0
20	53500001	1.55747	1.49284	6	0	0
20	54000001	1.56687	1.49284	6	0	0
20	54500001	1.49284	1.49284	6	0	0
20	55000001	1.44813	1.49284	6	0	0
20	55500001	1.42497	1.49284	6	0	0
20	56000001	1.47509	1.49284	6	0	0
20	56500001	1.47783	1.49284	6	0	0
20	57000001	1.49092	1.49284	6	0	0
20	57500001	1.44715	1.49284	6	0	0
20	58000001	1.47818	1.49284	6	0	0
20	58500001	1.44251	1.49284	6	0	0
20	59000001	1.45324	1.49284	6	0	0
20	59500001	1.43865	1.49284	6	0	0
20	60000001	1.46754	1.49284	6	0	0
20	60500001	1.47103	1.49284	6	0	0
20	61000001	1.40686	1.49284	6	0	0
20	61500001	1.50511	1.49284	6	0	0
20	62000001	1.49175	1.49284	6	0	0
20	62500001	1.52273	1.49284	6	0	0
20	63000001	1.50877	1.49284	6	0	0
20	63500001	1.46305	1.49284	6	0	0
20	64000001	-1	-1	-1	0	0
21	1	-1	-1	-1	0	0
21	500001	-1	-1	-1	0	0
21	1000001	-1	-1	-1	0	0
21	1500001	-1	-1	-1	0	0
21	2000001	-1	-1	-1	0	0
21	2500001	-1	-1	-1	0	0
21	3000001	-1	-1	-1	0	0
21	3500001	-1	-1	-1	0	0
21	4000001	-1	-1	-1	0	0
21	4500001	-1	-1	-1	0	0
21	5000001	-1	-1	-1	0	0
21	5500001	-1	-1	-1	0	0
21	6000001	-1	-1	-1	0	0
21	6500001	-1	-1	-1	0	0
21	7000001	-1	-1	-1	0	0
21	7500001	-1	-1	-1	0	0
21	8000001	-1	-1	-1	0	0
21	8500001	-1	-1	-1	0	0
21	9000001	-1	-1	-1	0	0
21	9500001	1.21694	1.21694	5	0	0
21	10000001	-1	-1	-1	0	0
21	10500001	0.791053	0.734224	3	0	0
21	11000001	0.491692	0.734224	3	0	0
21	11500001	0.734224	0.734224	3	0	0
21	12000001	0.840752	0.840752	3	0	0
21	12500001	1.33149	1.33149	5	0	0
21	13000001	0.780842	0.758027	3	0	0
21	13500001	0.735212	0.758027	3	0	0
21	14000001	0.995305	1.00926	4	0	0
21	14500001	1.02417	1.00926	4	0	0
21	15000001	1.02881	1.00926	4	0	0
21	15500001	1.04297	1.00926	4	0	0
21	16000001	1.08755	1.00926	4	0	0
21	16500001	1.06223	1.00926	4	0	0
21	17000001	1.14837	1.00926	4	0	0
21	17500001	1.00059	1.00926	4	0	0
21	18000001	1.02332	1.00926	4	0	0
21	18500001	1.02529	1.00926	4	0	0
21	19000001	0.953194	1.00926	4	0	0
21	19500001	0.998894	1.00926	4	0	0
21	20000001	0.961935	1.00926	4	0	0
21	20500001	1.00227	1.00926	4	0	0
21	21000001	1.00138	1.00926	4	0	0
21	21500001	1.00766	1.00926	4	0	0
21	22000001	0.984607	1.00926	4	0	0
21	22500001	0.986714	1.00926	4	0	0
21	23000001	1.05536	1.00926	4	0	0
21	23500001	0.969799	1.00926	4	0	0
21	24000001	1.03863	1.00926	4	0	0
21	24500001	0.982228	1.00926	4	0	0
21	25000001	1.00308	1.00926	4	0	0
21	25500001	0.99729	1.00926	4	0	0
21	26000001	0.999043	1.00926	4	0	0
21	26500001	1.01479	1.00926	4	0	0
21	27000001	1.03801	1.00926	4	0	0
21	27500001	1.0286	1.00926	4	0	0
21	28000001	0.83835	1.00926	4	0	0
21	28500001	1.09414	1.00926	4	0	0
21	29000001	1.04637	1.00926	4	0	0
21	29500001	1.02421	1.00926	4	0	0
21	30000001	1.05857	1.00926	4	0	0
21	30500001	1.02524	1.00926	4	0	0
21	31000001	1.02302	1.00926	4	0	0
21	31500001	0.965854	1.00926	4	0	0
21	32000001	0.999501	1.00926	4	0	0
21	32500001	1.01719	1.00926	4	0	0
21	33000001	1.0004	1.00926	4	0	0
21	33500001	0.986209	1.00926	4	0	0
21	34000001	0.872214	1.00926	4	0	0
21	34500001	0.99962	1.00926	4	0	0
21	35000001	1.02293	1.00926	4	0	0
21	35500001	1.02143	1.00926	4	0	0
21	36000001	1.0461	1.00926	4	0	0
21	36500001	0.994372	1.00926	4	0	0
21	37000001	0.964386	1.00926	4	0	0
21	37500001	1.00513	1.00926	4	0	0
21	38000001	1.01771	1.00926	4	0	0
21	38500001	1.02833	1.00926	4	0	0
21	39000001	1.01781	1.00926	4	0	0
21	39500001	1.04568	1.00926	4	0	0
21	40000001	0.989084	1.00926	4	0	0
21	40500001	0.998797	1.00926	4	0	0
21	41000001	1.00576	1.00926	4	0	0
21	41500001	1.04262	1.00926	4	0	0
21	42000001	1.01086	1.00926	4	0	0
21	42500001	1.00723	1.00926	4	0	0
21	43000001	0.693626	0.988315	4	0	0
21	43500001	1.0033	0.988315	4	0	0
21	44000001	0.810148	0.988315	4	0	0
21	44500001	0.986284	0.988315	4	0	0
21	45000001	1.00693	0.988315	4	0	0
21	45500001	0.990346	0.988315	4	0	0
21	46000001	1.04339	0.988315	4	0	0
21	46500001	0.465216	0.988315	4	0	0
22	1	-1	-1	-1	0	0
22	500001	-1	-1	-1	0	0
22	1000001	-1	-1	-1	0	0
22	1500001	-1	-1	-1	0	0
22	2000001	-1	-1	-1	0	0
22	2500001	-1	-1	-1	0	0
22	3000001	-1	-1	-1	0	0
22	3500001	-1	-1	-1	0	0
22	4000001	-1	-1	-1	0	0
22	4500001	-1	-1	-1	0	0
22	5000001	-1	-1	-1	0	0
22	5500001	-1	-1	-1	0	0
22	6000001	-1	-1	-1	0	0
22	6500001	-1	-1	-1	0	0
22	7000001	-1	-1	-1	0	0
22	7500001	-1	-1	-1	0	0
22	8000001	-1	-1	-1	0	0
22	8500001	-1	-1	-1	0	0
22	9000001	-1	-1	-1	0	0
22	9500001	-1	-1	-1	0	0
22	10000001	-1	-1	-1	0	0
22	10500001	-1	-1	-1	0	0
22	11000001	-1	-1	-1	0	0
22	11500001	-1	-1	-1	0	0
22	12000001	-1	-1	-1	0	0
22	12500001	-1	-1	-1	0	0
22	13000001	0.458125	0.458125	2	0	0
22	13500001	0.749798	0.749798	3	0	0
22	14000001	0.983732	1.0257	4	0	0
22	14500001	1.15609	1.0257	4	0	0
22	15000001	-1	1.0257	4	0	0
22	15500001	1.40232	1.0257	4	0	0
22	16000001	1.04001	1.0257	4	0	0
22	16500001	1.02577	1.0257	4	0	0
22	17000001	1.02563	1.0257	4	0	0
22	17500001	0.985628	1.0257	4	0	0
22	18000001	-1	1.0257	4	0	0
22	18500001	0.670852	1.0257	4	0	0
22	19000001	1.12334	1.32872	5	0	0
22	19500001	1.5341	1.32872	5	0	0
22	20000001	0.98981	1.00126	4	0	0
22	20500001	0.996156	1.00126	4	0	0
22	21000001	0.769597	1.00126	4	0	0
22	21500001	0.942724	1.00126	4	0	0
22	22000001	1.02197	1.00126	4	0	0
22	22500001	0.985716	1.00126	4	0	0
22	23000001	1.00165	1.00126	4	0	0
22	23500001	0.920173	1.00126	4	0	0
22	24000001	1.00249	1.00126	4	0	0
22	24500001	1.01738	1.00126	4	0	0
22	25000001	1.02168	1.00126	4	0	0
22	25500001	1.00114	1.00126	4	0	0
22	26000001	0.975488	1.00126	4	0	0
22	26500001	0.954945	1.00126	4	0	0
22	27000001	0.967218	1.00126	4	0	0
22	27500001	1.00258	1.00126	4	0	0
22	28000001	0.781173	1.00126	4	0	0
22	28500001	0.82734	1.00126	4	0	0
22	29000001	1.02774	1.00126	4	0	0
22	29500001	0.991812	1.00126	4	0	0
22	30000001	1.00192	1.00126	4	0	0
22	30500001	1.01665	1.00126	4	0	0
22	31000001	1.00139	1.00126	4	0	0
22	31500001	0.98295	1.00126	4	0	0
22	32000001	0.99929	1.00126	4	0	0
22	32500001	1.02199	1.00126	4	0	0
22	33000001	1.14125	1.00126	4	0	0
22	33500001	0.958603	1.00126	4	0	0
22	34000001	0.922239	1.00126	4	0	0
22	34500001	0.973243	1.00126	4	0	0
22	35000001	1.04757	1.00126	4	0	0
22	35500001	1.03736	1.00126	4	0	0
22	36000001	1.01397	1.00126	4	0	0
22	36500001	1.0343	1.00126	4	0	0
22	37000001	0.95726	1.00126	4	0	0
22	37500001	0.995921	1.00126	4	0	0
22	38000001	0.97305	1.00126	4	0	0
22	38500001	0.993523	1.00126	4	0	0
22	39000001	0.993823	1.00126	4	0	0
22	39500001	1.02701	1.00126	4	0	0
22	40000001	1.05054	1.00126	4	0	0
22	40500001	1.02545	1.00126	4	0	0
22	41000001	1.1858	1.00126	4	0	0
22	41500001	1.04096	1.00126	4	0	0
22	42000001	1.01338	1.00126	4	0	0
22	42500001	1.28021	1.00126	4	0	0
22	43000001	0.966651	1.00126	4	0	0
22	43500001	1.01876	1.00126	4	0	0
22	44000001	0.971997	1.00126	4	0	0
22	44500001	0.999949	1.00126	4	0	0
22	45000001	1.01388	1.00126	4	0	0
22	45500001	1.02296	1.00126	4	0	0
22	46000001	1.04639	1.00126	4	0	0
22	46500001	1.03804	1.00126	4	0	0
22	47000001	1.01651	1.00126	4	0	0
22	47500001	0.920664	1.00126	4	0	0
22	48000001	0.953701	1.00126	4	0	0
22	48500001	0.931379	1.00126	4	0	0
22	49000001	0.922443	1.00126	4	0	0
22	49500001	1.0234	1.00126	4	0	0
22	50000001	1.05491	1.00126	4	0	0
22	50500001	0.704071	1.00126	4	0	0
3	1	1.29077	1.21919	5	0	0
3	500001	1.27819	1.21919	5	0	0
3	1000001	1.17958	1.21919	5	0	0
3	1500001	1.14617	1.21919	5	0	0
3	2000001	1.18611	1.21919	5	0	0
3	2500001	1.17254	1.21919	5	0	0
3	3000001	1.2638	1.21919	5	0	0
3	3500001	1.21919	1.21919	5	0	0
3	4000001	1.19591	1.21919	5	0	0
3	4500001	1.29258	1.21919	5	0	0
3	5000001	1.25866	1.21919	5	0	0
3	5500001	1.19304	1.21919	5	0	0
3	6000001	1.18743	1.21919	5	0	0
3	6500001	1.19313	1.21919	5	0	0
3	7000001	1.24336	1.21919	5	0	0
3	7500001	1.20462	1.21919	5	0	0
3	8000001	1.2293	1.21919	5	0	0
3	8500001	1.30561	1.21919	5	0	0
3	9000001	1.3303	1.21919	5	0	0
3	9500001	1.68249	1.68249	7	0	0
3	10000001	0.972506	1.00423	4	0	0
3	10500001	1.03178	1.00423	4	0	0
3	11000001	0.992013	1.00423	4	0	0
3	11500001	1.05786	1.00423	4	0	0
3	12000001	1.09655	1.00423	4	0	0
3	12500001	1.02667	1.00423	4	0	0
3	13000001	0.565173	1.00423	4	0	0
3	13500001	0.807558	1.00423	4	0	0
3	14000001	1.03288	1.00423	4	0	0
3	14500001	0.980339	1.00423	4	0	0
3	15000001	1.05293	1.00423	4	0	0
3	15500001	1.01976	1.00423	4	0	0
3	16000001	0.992744	1.00423	4	0	0
3	16500001	1.00129	1.00423	4	0	0
3	17000001	0.991295	1.00423	4	0	0
3	17500001	1.01295	1.00423	4	0	0
3	18000001	1.01996	1.00423	4	0	0
3	18500001	1.04411	1.00423	4	0	0
3	19000001	1.03186	1.00423	4	0	0
3	19500001	1.0104	1.00423	4	0	0
3	20000001	0.994365	1.00423	4	0	0
3	20500001	0.956026	1.00423	4	0	0
3	21000001	0.960929	1.00423	4	0	0
3	21500001	1.01196	1.00423	4	0	0
3	22000001	0.98705	1.00423	4	0	0
3	22500001	0.971296	1.00423	4	0	0
3	23000001	1.01944	1.00423	4	0	0
3	23500001	1.01299	1.00423	4	0	0
3	24000001	1.02228	1.00423	4	0	0
3	24500001	1.01572	1.00423	4	0	0
3	25000001	1.02018	1.00423	4	0	0
3	25500001	1.04301	1.00423	4	0	0
3	26000001	1.00426	1.00423	4	0	0
3	26500001	0.993278	1.00423	4	0	0
3	27000001	0.985101	1.00423	4	0	0
3	27500001	0.976192	1.00423	4	0	0
3	28000001	1.03146	1.00423	4	0	0
3	28500001	1.00334	1.00423	4	0	0
3	29000001	0.99556	1.00423	4	0	0
3	29500001	1.01906	1.00423	4	0	0
3	30000001	1.04385	1.00423	4	0	0
3	30500001	1.02238	1.00423	4	0	0
3	31000001	1.0094	1.00423	4	0	0
3	31500001	1.04808	1.00423	4	0	0
3	32000001	1.04351	1.00423	4	0	0
3	32500001	0.990839	1.00423	4	0	0
3	33000001	0.992095	1.00423	4	0	0
3	33500001	0.994	1.00423	4	0	0
3	34000001	0.984941	1.00423	4	0	0
3	34500001	0.98892	1.00423	4	0	0
3	35000001	0.971765	1.00423	4	0	0
3	35500001	0.980156	1.00423	4	0	0
3	36000001	0.946977	1.00423	4	0	0
3	36500001	1.05285	1.00423	4	0	0
3	37000001	1.03202	1.00423	4	0	0
3	37500001	1.0275	1.00423	4	0	0
3	38000001	1.01311	1.00423	4	0	0
3	38500001	0.961569	1.00423	4	0	0
3	39000001	1.00364	1.00423	4	0	0
3	39500001	1.00304	1.00423	4	0	0
3	40000001	0.989451	1.00423	4	0	0
3	40500001	0.961673	1.00423	4	0	0
3	41000001	0.970956	1.00423	4	0	0
3	41500001	1.00022	1.00423	4	0	0
3	42000001	1.02145	1.00423	4	0	0
3	42500001	1.00704	1.00423	4	0	0
3	43000001	1.00042	1.00423	4	0	0
3	43500001	0.99947	1.00423	4	0	0
3	44000001	1.01058	1.00423	4	0	0
3	44500001	1.00596	1.00423	4	0	0
3	45000001	1.0068	1.00423	4	0	0
3	45500001	1.00423	1.00423	4	0	0
3	46000001	1.01201	1.00423	4	0	0
3	46500001	0.862163	1.00423	4	0	0
3	47000001	0.889128	1.00423	4	0	0
3	47500001	0.515288	0.497337	2	0	0
3	48000001	0.501887	0.497337	2	0	0
3	48500001	0.52171	0.497337	2	0	0
3	49000001	0.487995	0.497337	2	0	0
3	49500001	0.483574	0.497337	2	0	0
3	50000001	0.518097	0.497337	2	0	0
3	50500001	0.521061	0.497337	2	0	0
3	51000001	0.497474	0.497337	2	0	0
3	51500001	0.49128	0.497337	2	0	0
3	52000001	0.510017	0.497337	2	0	0
3	52500001	0.49677	0.497337	2	0	0
3	53000001	0.778662	0.497337	2	0	0
3	53500001	0.49777	0.497337	2	0	0
3	54000001	0.501555	0.497337	2	0	0
3	54500001	0.494034	0.497337	2	0	0
3	55000001	0.504349	0.497337	2	0	0
3	55500001	0.516651	0.497337	2	0	0
3	56000001	0.551453	0.497337	2	0	0
3	56500001	0.510337	0.497337	2	0	0
3	57000001	0.503144	0.497337	2	0	0
3	57500001	0.513894	0.497337	2	0	0
3	58000001	0.510988	0.497337	2	0	0
3	58500001	0.510779	0.497337	2	0	0
3	59000001	0.485636	0.497337	2	0	0
3	59500001	0.49698	0.497337	2	0	0
3	60000001	0.476126	0.497337	2	0	0
3	60500001	0.283642	0.497337	2	0	0
3	61000001	0.490876	0.497337	2	0	0
3	61500001	0.471718	0.497337	2	0	0
3	62000001	0.488897	0.497337	2	0	0
3	62500001	0.481021	0.497337	2	0	0
3	63000001	0.483503	0.497337	2	0	0
3	63500001	0.488045	0.497337	2	0	0
3	64000001	0.489962	0.497337	2	0	0
3	64500001	0.468975	0.497337	2	0	0
3	65000001	0.471027	0.497337	2	0	0
3	65500001	0.49513	0.497337	2	0	0
3	66000001	0.544228	0.497337	2	0	0
3	66500001	0.476923	0.497337	2	0	0
3	67000001	0.505909	0.497337	2	0	0
3	67500001	0.495808	0.497337	2	0	0
3	68000001	0.493503	0.497337	2	0	0
3	68500001	0.488692	0.497337	2	0	0
3	69000001	0.504505	0.497337	2	0	0
3	69500001	0.482492	0.497337	2	0	0
3	70000001	0.525498	0.497337	2	0	0
3	70500001	0.509499	0.497337	2	0	0
3	71000001	0.473279	0.497337	2	0	0
3	71500001	0.501289	0.497337	2	0	0
3	72000001	0.527252	0.497337	2	0	0
3	72500001	0.499996	0.497337	2	0	0
3	73000001	0.478719	0.497337	2	0	0
3	73500001	0.45053	0.497337	2	0	0
3	74000001	0.483352	0.497337	2	0	0
3	74500001	0.495488	0.497337	2	0	0
3	75000001	0.483978	0.497337	2	0	0
3	75500001	0.73915	0.497337	2	0	0
3	76000001	0.492806	0.497337	2	0	0
3	76500001	0.462869	0.497337	2	0	0
3	77000001	0.528696	0.497337	2	0	0
3	77500001	0.51944	0.497337	2	0	0
3	78000001	0.480615	0.497337	2	0	0
3	78500001	0.487021	0.497337	2	0	0
3	79000001	0.514502	0.497337	2	0	0
3	79500001	0.517973	0.497337	2	0	0
3	80000001	0.465906	0.497337	2	0	0
3	80500001	0.521116	0.497337	2	0	0
3	81000001	0.544653	0.497337	2	0	0
3	81500001	0.528671	0.497337	2	0	0
3	82000001	0.526322	0.497337	2	0	0
3	82500001	0.468742	0.497337	2	0	0
3	83000001	0.4993	0.497337	2	0	0
3	83500001	0.497201	0.497337	2	0	0
3	84000001	0.501207	0.497337	2	0	0
3	84500001	0.490551	0.497337	2	0	0
3	85000001	0.510536	0.497337	2	0	0
3	85500001	0.486188	0.497337	2	0	0
3	86000001	0.53	0.497337	2	0	0
3	86500001	0.353287	0.497337	2	0	0
3	87000001	0.509108	0.497337	2	0	0
3	87500001	0.511921	0.497337	2	0	0
3	88000001	0.479497	0.497337	2	0	0
3	88500001	1.47396	1.4916	6	0	0
3	89000001	1.50135	1.4916	6	0	0
3	89500001	1.92955	1.4916	6	0	0
3	90000001	1.36472	1.4916	6	0	0
3	90500001	1.4916	1.4916	6	0	0
3	91000001	0.8825	0.8825	4	0	0
3	91500001	1.93578	1.91846	8	0	0
3	92000001	1.91846	1.91846	8	0	0
3	92500001	1.78594	1.91846	8	0	0
3	93000001	6.78843	6.78843	27	0	0
3	93500001	1.5781	1.5028	6	0	0
3	94000001	1.43474	1.5028	6	0	0
3	94500001	1.52771	1.5028	6	0	0
3	95000001	1.51698	1.5028	6	0	0
3	95500001	1.47969	1.5028	6	0	0
3	96000001	1.46222	1.5028	6	0	0
3	96500001	1.51671	1.5028	6	0	0
3	97000001	1.533	1.5028	6	0	0
3	97500001	1.53885	1.5028	6	0	0
3	98000001	1.52547	1.5028	6	0	0
3	98500001	1.50596	1.5028	6	0	0
3	99000001	1.49756	1.5028	6	0	0
3	99500001	1.53482	1.5028	6	0	0
3	100000001	1.53123	1.5028	6	0	0
3	100500001	1.52239	1.5028	6	0	0
3	101000001	1.59304	1.5028	6	0	0
3	101500001	1.57332	1.5028	6	0	0
3	102000001	1.59544	1.5028	6	0	0
3	102500001	1.57264	1.5028	6	0	0
3	103000001	1.47959	1.5028	6	0	0
3	103500001	1.5358	1.5028	6	0	0
3	104000001	1.4568	1.5028	6	0	0
3	104500001	1.51707	1.5028	6	0	0
3	105000001	1.5048	1.5028	6	0	0
3	105500001	1.53885	1.5028	6	0	0
3	106000001	1.5099	1.5028	6	0	0
3	106500001	1.53951	1.5028	6	0	0
3	107000001	1.549	1.5028	6	0	0
3	107500001	1.73239	1.5028	6	0	0
3	108000001	1.55607	1.5028	6	0	0
3	108500001	1.48231	1.5028	6	0	0
3	109000001	1.4664	1.5028	6	0	0
3	109500001	1.51149	1.5028	6	0	0
3	110000001	1.4874	1.5028	6	0	0
3	110500001	1.42756	1.5028	6	0	0
3	111000001	1.50892	1.5028	6	0	0
3	111500001	1.52901	1.5028	6	0	0
3	112000001	1.54293	1.5028	6	0	0
3	112500001	1.64776	1.5028	6	0	0
3	113000001	1.5211	1.5028	6	0	0
3	113500001	1.48323	1.5028	6	0	0
3	114000001	1.4793	1.5028	6	0	0
3	114500001	1.46462	1.5028	6	0	0
3	115000001	1.41646	1.5028	6	0	0
3	115500001	1.43757	1.5028	6	0	0
3	116000001	1.43131	1.5028	6	0	0
3	116500001	1.42479	1.5028	6	0	0
3	117000001	1.38683	1.5028	6	0	0
3	117500001	1.47553	1.5028	6	0	0
3	118000001	1.4692	1.5028	6	0	0
3	118500001	1.53622	1.5028	6	0	0
3	119000001	1.54033	1.5028	6	0	0
3	119500001	1.50059	1.5028	6	0	0
3	120000001	1.50398	1.5028	6	0	0
3	120500001	1.50625	1.5028	6	0	0
3	121000001	1.53433	1.5028	6	0	0
3	121500001	1.51707	1.5028	6	0	0
3	122000001	1.56381	1.5028	6	0	0
3	122500001	1.44481	1.5028	6	0	0
3	123000001	1.40853	1.5028	6	0	0
3	123500001	1.48873	1.5028	6	0	0
3	124000001	1.44761	1.5028	6	0	0
3	124500001	1.50774	1.5028	6	0	0
3	125000001	1.53716	1.5028	6	0	0
3	125500001	1.5294	1.5028	6	0	0
3	126000001	1.4915	1.5028	6	0	0
3	126500001	1.57996	1.5028	6	0	0
3	127000001	1.49556	1.5028	6	0	0
3	127500001	1.47038	1.5028	6	0	0
3	128000001	1.49968	1.5028	6	0	0
3	128500001	1.48078	1.5028	6	0	0
3	129000001	1.55456	1.5028	6	0	0
3	129500001	1.49067	1.5028	6	0	0
3	130000001	1.48111	1.5028	6	0	0
3	130500001	1.50371	1.5028	6	0	0
3	131000001	1.44461	1.5028	6	0	0
3	131500001	1.48261	1.5028	6	0	0
3	132000001	1.4639	1.5028	6	0	0
3	132500001	1.55696	1.5028	6	0	0
3	133000001	1.51489	1.5028	6	0	0
3	133500001	1.50874	1.5028	6	0	0
3	134000001	1.52069	1.5028	6	0	0
3	134500001	1.55327	1.5028	6	0	0
3	135000001	1.46063	1.5028	6	0	0
3	135500001	1.47661	1.5028	6	0	0
3	136000001	1.3461	1.5028	6	0	0
3	136500001	1.28535	1.5028	6	0	0
3	137000001	1.49791	1.5028	6	0	0
3	137500001	1.46355	1.5028	6	0	0
3	138000001	1.4503	1.5028	6	0	0
3	138500001	1.41638	1.5028	6	0	0
3	139000001	1.4119	1.5028	6	0	0
3	139500001	1.45347	1.5028	6	0	0
3	140000001	1.42309	1.5028	6	0	0
3	140500001	1.45417	1.5028	6	0	0
3	141000001	1.48346	1.5028	6	0	0
3	141500001	1.51602	1.5028	6	0	0
3	142000001	1.53497	1.5028	6	0	0
3	142500001	1.52935	1.5028	6	0	0
3	143000001	1.48484	1.5028	6	0	0
3	143500001	1.42289	1.5028	6	0	0
3	144000001	1.50721	1.5028	6	0	0
3	144500001	1.43192	1.5028	6	0	0
3	145000001	1.47585	1.5028	6	0	0
3	145500001	1.44659	1.5028	6	0	0
3	146000001	1.45266	1.5028	6	0	0
3	146500001	1.45853	1.5028	6	0	0
3	147000001	1.45906	1.5028	6	0	0
3	147500001	1.41717	1.5028	6	0	0
3	148000001	1.48719	1.5028	6	0	0
3	148500001	1.4684	1.5028	6	0	0
3	149000001	1.61894	1.5028	6	0	0
3	149500001	1.52138	1.5028	6	0	0
3	150000001	1.56447	1.5028	6	0	0
3	150500001	1.51589	1.5028	6	0	0
3	151000001	1.51231	1.5028	6	0	0
3	151500001	1.5616	1.5028	6	0	0
3	152000001	1.57447	1.5028	6	0	0
3	152500001	1.54805	1.5028	6	0	0
3	153000001	1.51151	1.5028	6	0	0
3	153500001	1.5074	1.5028	6	0	0
3	154000001	1.48761	1.5028	6	0	0
3	154500001	1.47241	1.5028	6	0	0
3	155000001	1.43556	1.5028	6	0	0
3	155500001	1.46398	1.5028	6	0	0
3	156000001	1.43079	1.5028	6	0	0
3	156500001	1.50062	1.5028	6	0	0
3	157000001	1.50485	1.5028	6	0	0
3	157500001	1.53417	1.5028	6	0	0
3	158000001	1.50537	1.5028	6	0	0
3	158500001	1.47902	1.5028	6	0	0
3	159000001	1.46135	1.5028	6	0	0
3	159500001	1.50727	1.5028	6	0	0
3	160000001	1.46008	1.5028	6	0	0
3	160500001	1.58466	1.5028	6	0	0
3	161000001	1.52656	1.5028	6	0	0
3	161500001	1.49616	1.5028	6	0	0
3	162000001	1.48348	1.5028	6	0	0
3	162500001	1.35719	1.5028	6	0	0
3	163000001	1.48401	1.5028	6	0	0
3	163500001	1.49225	1.5028	6	0	0
3	164000001	1.46358	1.5028	6	0	0
3	164500001	1.53163	1.5028	6	0	0
3	165000001	1.5296	1.5028	6	0	0
3	165500001	1.54188	1.5028	6	0	0
3	166000001	1.53876	1.5028	6	0	0
3	166500001	1.4665	1.5028	6	0	0
3	167000001	1.49691	1.5028	6	0	0
3	167500001	1.50738	1.5028	6	0	0
3	168000001	1.56571	1.5028	6	0	0
3	168500001	1.57193	1.5028	6	0	0
3	169000001	1.54765	1.5028	6	0	0
3	169500001	1.50147	1.5028	6	0	0
3	170000001	1.53077	1.5028	6	0	0
3	170500001	1.59119	1.5028	6	0	0
3	171000001	1.5028	1.5028	6	0	0
3	171500001	1.55926	1.5028	6	0	0
3	172000001	1.43412	1.5028	6	0	0
3	172500001	1.53222	1.5028	6	0	0
3	173000001	1.54526	1.5028	6	0	0
3	173500001	1.51563	1.5028	6	0	0
3	174000001	1.49256	1.5028	6	0	0
3	174500001	1.48079	1.5028	6	0	0
3	175000001	1.45067	1.5028	6	0	0
3	175500001	1.46686	1.5028	6	0	0
3	176000001	1.51047	1.5028	6	0	0
3	176500001	1.53334	1.5028	6	0	0
3	177000001	1.4335	1.5028	6	0	0
3	177500001	1.54377	1.5028	6	0	0
3	178000001	1.49462	1.5028	6	0	0
3	178500001	1.4503	1.5028	6	0	0
3	179000001	1.86194	1.95038	8	0	0
3	179500001	1.93936	1.95038	8	0	0
3	180000001	1.88214	1.95038	8	0	0
3	180500001	1.9378	1.95038	8	0	0
3	181000001	1.91033	1.95038	8	0	0
3	181500001	1.89034	1.95038	8	0	0
3	182000001	1.95964	1.95038	8	0	0
3	182500001	2.01622	1.95038	8	0	0
3	183000001	1.97186	1.95038	8	0	0
3	183500001	1.94513	1.95038	8	0	0
3	184000001	2.02705	1.95038	8	0	0
3	184500001	2.00441	1.95038	8	0	0
3	185000001	2.05162	1.95038	8	0	0
3	185500001	2.0158	1.95038	8	0	0
3	186000001	1.95564	1.95038	8	0	0
3	186500001	1.91765	1.95038	8	0	0
3	187000001	2.61378	2.78238	11	0	0
3	187500001	3.06156	2.78238	11	0	0
3	188000001	2.95098	2.78238	11	0	0
3	188500001	2.44866	2.78238	11	0	0
3	189000001	2.0267	2.04116	8	0	0
3	189500001	2.05203	2.04116	8	0	0
3	190000001	2.06213	2.04116	8	0	0
3	190500001	2.0673	2.04116	8	0	0
3	191000001	2.0335	2.04116	8	0	0
3	191500001	2.06845	2.04116	8	0	0
3	192000001	1.9842	2.04116	8	0	0
3	192500001	1.87485	2.04116	8	0	0
3	193000001	1.97303	2.04116	8	0	0
3	193500001	2.04234	2.04116	8	0	0
3	194000001	2.03997	2.04116	8	0	0
3	194500001	2.0564	2.04116	8	0	0
3	195000001	1.9643	2.04116	8	0	0
3	195500001	2.24593	2.04116	8	0	0
3	196000001	1.96544	2.04116	8	0	0
3	196500001	1.97754	2.04116	8	0	0
3	197000001	2.3625	2.04116	8	0	0
3	197500001	2.19083	2.04116	8	0	0
3	198000001	-1	-1	-1	0	0
4	1	0.433888	0.433888	2	0	0
4	500001	0.690396	0.754804	3	0	0
4	1000001	0.761346	0.754804	3	0	0
4	1500001	0.748262	0.754804	3	0	0
4	2000001	0.762663	0.754804	3	0	0
4	2500001	0.493339	0.491062	2	0	0
4	3000001	0.512352	0.491062	2	0	0
4	3500001	0.508833	0.491062	2	0	0
4	4000001	0.486054	0.491062	2	0	0
4	4500001	0.474169	0.491062	2	0	0
4	5000001	0.491062	0.491062	2	0	0
4	5500001	0.468	0.491062	2	0	0
4	6000001	0.505258	0.491062	2	0	0
4	6500001	0.468502	0.491062	2	0	0
4	7000001	0.4826	0.491062	2	0	0
4	7500001	0.467503	0.491062	2	0	0
4	8000001	0.526569	0.491062	2	0	0
4	8500001	0.463521	0.491062	2	0	0
4	9000001	0.699096	0.491062	2	0	0
4	9500001	0.468373	0.491062	2	0	0
4	10000001	0.494332	0.491062	2	0	0
4	10500001	0.495228	0.491062	2	0	0
4	11000001	0.502507	0.491062	2	0	0
4	11500001	0.51645	0.491062	2	0	0
4	12000001	0.489017	0.491062	2	0	0
4	12500001	0.482513	0.491062	2	0	0
4	13000001	0.724926	0.724926	3	0	0
4	13500001	1.01784	0.993622	4	0	0
4	14000001	0.989593	0.993622	4	0	0
4	14500001	0.965047	0.993622	4	0	0
4	15000001	1.03635	0.993622	4	0	0
4	15500001	1.08011	0.993622	4	0	0
4	16000001	1.02914	0.993622	4	0	0
4	16500001	1.00378	0.993622	4	0	0
4	17000001	0.979375	0.993622	4	0	0
4	17500001	0.917157	0.993622	4	0	0
4	18000001	1.00314	0.993622	4	0	0
4	18500001	0.96512	0.993622	4	0	0
4	19000001	0.95956	0.993622	4	0	0
4	19500001	0.96044	0.993622	4	0	0
4	20000001	0.957183	0.993622	4	0	0
4	20500001	1.18714	0.993622	4	0	0
4	21000001	1.05264	0.993622	4	0	0
4	21500001	0.979876	0.993622	4	0	0
4	22000001	0.988025	0.993622	4	0	0
4	22500001	0.975647	0.993622	4	0	0
4	23000001	0.983439	0.993622	4	0	0
4	23500001	0.962584	0.993622	4	0	0
4	24000001	0.958797	0.993622	4	0	0
4	24500001	1.03724	0.993622	4	0	0
4	25000001	1.00394	0.993622	4	0	0
4	25500001	0.987325	0.993622	4	0	0
4	26000001	0.97522	0.993622	4	0	0
4	26500001	1.02487	0.993622	4	0	0
4	27000001	0.978409	0.993622	4	0	0
4	27500001	0.982829	0.993622	4	0	0
4	28000001	0.968619	0.993622	4	0	0
4	28500001	0.992834	0.993622	4	0	0
4	29000001	0.980058	0.993622	4	0	0
4	29500001	1.00678	0.993622	4	0	0
4	30000001	1.01028	0.993622	4	0	0
4	30500001	1.01653	0.993622	4	0	0
4	31000001	1.02988	0.993622	4	0	0
4	31500001	1.00647	0.993622	4	0	0
4	32000001	0.998775	0.993622	4	0	0
4	32500001	0.98106	0.993622	4	0	0
4	33000001	0.953868	0.993622	4	0	0
4	33500001	0.980168	0.993622	4	0	0
4	34000001	0.988893	0.993622	4	0	0
4	34500001	1.02722	0.993622	4	0	0
4	35000001	0.968425	0.993622	4	0	0
4	35500001	1.02137	0.993622	4	0	0
4	36000001	1.05029	0.993622	4	0	0
4	36500001	0.973365	0.993622	4	0	0
4	37000001	1.01363	0.993622	4	0	0
4	37500001	0.989631	0.993622	4	0	0
4	38000001	1.06352	0.993622	4	0	0
4	38500001	1.0502	0.993622	4	0	0
4	39000001	1.03322	0.993622	4	0	0
4	39500001	0.997234	0.993622	4	0	0
4	40000001	1.01051	0.993622	4	0	0
4	40500001	0.993622	0.993622	4	0	0
4	41000001	1.00919	0.993622	4	0	0
4	41500001	1.01529	0.993622	4	0	0
4	42000001	0.979645	0.993622	4	0	0
4	42500001	0.984717	0.993622	4	0	0
4	43000001	1.00793	0.993622	4	0	0
4	43500001	0.982916	0.993622	4	0	0
4	44000001	0.982168	0.993622	4	0	0
4	44500001	1.0035	0.993622	4	0	0
4	45000001	0.964471	0.993622	4	0	0
4	45500001	0.967232	0.993622	4	0	0
4	46000001	0.972977	0.993622	4	0	0
4	46500001	1.01028	0.993622	4	0	0
4	47000001	1.06257	0.993622	4	0	0
4	47500001	1.0438	0.993622	4	0	0
4	48000001	1.02709	0.993622	4	0	0
4	48500001	0.995772	0.993622	4	0	0
4	49000001	-1	-1	-1	0	0
4	49500001	2.49463	2.49463	10	0	0
4	50000001	2.08715	2.08715	8	0	0
4	50500001	1.73514	1.73514	7	0	0
4	51000001	1.36436	1.36436	5	0	0
4	51500001	1.13873	1.00156	4	0	0
4	52000001	0.978271	1.00156	4	0	0
4	52500001	1.01657	1.00156	4	0	0
4	53000001	1.02203	1.00156	4	0	0
4	53500001	0.993751	1.00156	4	0	0
4	54000001	1.01841	1.00156	4	0	0
4	54500001	0.996629	1.00156	4	0	0
4	55000001	1.00939	1.00156	4	0	0
4	55500001	0.982908	1.00156	4	0	0
4	56000001	0.970857	1.00156	4	0	0
4	56500001	0.983616	1.00156	4	0	0
4	57000001	1.02995	1.00156	4	0	0
4	57500001	0.973928	1.00156	4	0	0
4	58000001	0.946016	1.00156	4	0	0
4	58500001	0.974934	1.00156	4	0	0
4	59000001	0.997992	1.00156	4	0	0
4	59500001	0.980964	1.00156	4	0	0
4	60000001	0.97413	1.00156	4	0	0
4	60500001	0.998242	1.00156	4	0	0
4	61000001	0.958961	1.00156	4	0	0
4	61500001	0.974023	1.00156	4	0	0
4	62000001	0.94933	1.00156	4	0	0
4	62500001	0.958821	1.00156	4	0	0
4	63000001	0.972868	1.00156	4	0	0
4	63500001	1.02757	1.00156	4	0	0
4	64000001	0.96688	1.00156	4	0	0
4	64500001	0.980887	1.00156	4	0	0
4	65000001	0.962528	1.00156	4	0	0
4	65500001	0.960773	1.00156	4	0	0
4	66000001	1.00433	1.00156	4	0	0
4	66500001	0.961766	1.00156	4	0	0
4	67000001	0.983184	1.00156	4	0	0
4	67500001	1.02364	1.00156	4	0	0
4	68000001	1.04563	1.00156	4	0	0
4	68500001	1.03566	1.00156	4	0	0
4	69000001	0.821368	1.00156	4	0	0
4	69500001	0.981511	1.00156	4	0	0
4	70000001	1.0378	1.00156	4	0	0
4	70500001	0.982453	1.00156	4	0	0
4	71000001	1.02057	1.00156	4	0	0
4	71500001	1.00156	1.00156	4	0	0
4	72000001	1.01823	1.00156	4	0	0
4	72500001	0.988979	1.00156	4	0	0
4	73000001	1.00285	1.00156	4	0	0
4	73500001	1.00693	1.00156	4	0	0
4	74000001	1.0322	1.00156	4	0	0
4	74500001	1.05514	1.00156	4	0	0
4	75000001	1.01189	1.00156	4	0	0
4	75500001	1.02081	1.00156	4	0	0
4	76000001	1.00296	1.00156	4	0	0
4	76500001	1.0716	1.00156	4	0	0
4	77000001	1.03332	1.00156	4	0	0
4	77500001	1.00869	1.00156	4	0	0
4	78000001	0.994538	1.00156	4	0	0
4	78500001	1.00258	1.00156	4	0	0
4	79000001	0.993733	1.00156	4	0	0
4	79500001	1.00671	1.00156	4	0	0
4	80000001	0.992013	1.00156	4	0	0
4	80500001	1.04477	1.00156	4	0	0
4	81000001	0.986582	1.00156	4	0	0
4	81500001	0.980742	1.00156	4	0	0
4	82000001	1.04322	1.00156	4	0	0
4	82500001	1.02938	1.00156	4	0	0
4	83000001	1.03046	1.00156	4	0	0
4	83500001	0.996489	1.00156	4	0	0
4	84000001	1.00914	1.00156	4	0	0
4	84500001	0.985806	1.00156	4	0	0
4	85000001	1.05834	1.00156	4	0	0
4	85500001	0.993856	1.00156	4	0	0
4	86000001	1.00673	1.00156	4	0	0
4	86500001	0.86987	1.00156	4	0	0
4	87000001	1.02372	1.00156	4	0	0
4	87500001	1.0055	1.00156	4	0	0
4	88000001	0.989185	1.00156	4	0	0
4	88500001	1.02408	1.00156	4	0	0
4	89000001	1.01259	1.00156	4	0	0
4	89500001	1.01417	1.00156	4	0	0
4	90000001	1.02016	1.00156	4	0	0
4	90500001	0.964427	1.00156	4	0	0
4	91000001	0.772383	0.75032	3	0	0
4	91500001	0.744032	0.75032	3	0	0
4	92000001	0.756721	0.75032	3	0	0
4	92500001	0.758476	0.75032	3	0	0
4	93000001	0.740244	0.75032	3	0	0
4	93500001	0.764333	0.75032	3	0	0
4	94000001	0.773325	0.75032	3	0	0
4	94500001	0.745746	0.75032	3	0	0
4	95000001	0.778905	0.75032	3	0	0
4	95500001	0.761005	0.75032	3	0	0
4	96000001	0.769388	0.75032	3	0	0
4	96500001	0.722604	0.75032	3	0	0
4	97000001	0.747549	0.75032	3	0	0
4	97500001	0.772876	0.75032	3	0	0
4	98000001	0.769912	0.75032	3	0	0
4	98500001	0.755841	0.75032	3	0	0
4	99000001	0.809088	0.75032	3	0	0
4	99500001	0.783529	0.75032	3	0	0
4	100000001	0.745352	0.75032	3	0	0
4	100500001	0.771549	0.75032	3	0	0
4	101000001	0.731664	0.75032	3	0	0
4	101500001	0.743991	0.75032	3	0	0
4	102000001	0.749218	0.75032	3	0	0
4	102500001	0.778883	0.75032	3	0	0
4	103000001	0.765207	0.75032	3	0	0
4	103500001	0.718589	0.75032	3	0	0
4	104000001	0.80193	0.75032	3	0	0
4	104500001	0.75032	0.75032	3	0	0
4	105000001	0.800669	0.75032	3	0	0
4	105500001	0.741367	0.75032	3	0	0
4	106000001	0.736417	0.75032	3	0	0
4	106500001	0.764644	0.75032	3	0	0
4	107000001	0.748071	0.75032	3	0	0
4	107500001	0.767913	0.75032	3	0	0
4	108000001	0.735282	0.75032	3	0	0
4	108500001	0.730189	0.75032	3	0	0
4	109000001	0.72926	0.75032	3	0	0
4	109500001	0.724874	0.75032	3	0	0
4	110000001	0.739675	0.75032	3	0	0
4	110500001	0.766142	0.75032	3	0	0
4	111000001	0.728854	0.75032	3	0	0
4	111500001	0.737575	0.75032	3	0	0
4	112000001	0.801248	0.75032	3	0	0
4	112500001	0.706735	0.75032	3	0	0
4	113000001	0.781021	0.75032	3	0	0
4	113500001	0.748227	0.75032	3	0	0
4	114000001	0.759357	0.75032	3	0	0
4	114500001	0.810157	0.75032	3	0	0
4	115000001	0.701616	0.75032	3	0	0
4	115500001	0.741049	0.75032	3	0	0
4	116000001	0.774606	0.75032	3	0	0
4	116500001	0.745032	0.75032	3	0	0
4	117000001	0.720813	0.75032	3	0	0
4	117500001	0.501016	0.50045	2	0	0
4	118000001	0.507061	0.50045	2	0	0
4	118500001	0.539849	0.50045	2	0	0
4	119000001	0.499034	0.50045	2	0	0
4	119500001	0.510707	0.50045	2	0	0
4	120000001	0.49887	0.50045	2	0	0
4	120500001	0.492399	0.50045	2	0	0
4	121000001	0.49067	0.50045	2	0	0
4	121500001	0.479512	0.50045	2	0	0
4	122000001	0.476854	0.50045	2	0	0
4	122500001	0.503886	0.50045	2	0	0
4	123000001	0.51365	0.50045	2	0	0
4	123500001	0.484687	0.50045	2	0	0
4	124000001	0.531016	0.50045	2	0	0
4	124500001	0.48057	0.50045	2	0	0
4	125000001	0.504303	0.50045	2	0	0
4	125500001	0.468665	0.50045	2	0	0
4	126000001	0.477588	0.50045	2	0	0
4	126500001	0.459593	0.50045	2	0	0
4	127000001	0.500105	0.50045	2	0	0
4	127500001	0.523484	0.50045	2	0	0
4	128000001	0.497546	0.50045	2	0	0
4	128500001	0.476658	0.50045	2	0	0
4	129000001	0.505147	0.50045	2	0	0
4	129500001	0.467028	0.50045	2	0	0
4	130000001	0.475799	0.50045	2	0	0
4	130500001	0.470574	0.50045	2	0	0
4	131000001	0.505613	0.50045	2	0	0
4	131500001	0.502174	0.50045	2	0	0
4	132000001	0.513168	0.50045	2	0	0
4	132500001	0.518179	0.50045	2	0	0
4	133000001	0.4639	0.50045	2	0	0
4	133500001	0.499488	0.50045	2	0	0
4	134000001	0.514975	0.50045	2	0	0
4	134500001	0.49738	0.50045	2	0	0
4	135000001	0.483574	0.50045	2	0	0
4	135500001	0.490799	0.50045	2	0	0
4	136000001	0.52345	0.50045	2	0	0
4	136500001	0.508894	0.50045	2	0	0
4	137000001	0.517216	0.50045	2	0	0
4	137500001	0.509576	0.50045	2	0	0
4	138000001	0.523094	0.50045	2	0	0
4	138500001	0.521448	0.50045	2	0	0
4	139000001	0.514289	0.50045	2	0	0
4	139500001	0.510002	0.50045	2	0	0
4	140000001	0.497197	0.50045	2	0	0
4	140500001	0.488441	0.50045	2	0	0
4	141000001	0.469329	0.50045	2	0	0
4	141500001	0.517757	0.50045	2	0	0
4	142000001	0.50045	0.50045	2	0	0
4	142500001	0.573304	0.50045	2	0	0
4	143000001	0.756156	0.803462	3	0	0
4	143500001	0.803462	0.803462	3	0	0
4	144000001	0.94127	0.803462	3	0	0
4	144500001	0.767393	0.747142	3	0	0
4	145000001	0.721521	0.747142	3	0	0
4	145500001	0.75258	0.747142	3	0	0
4	146000001	0.735442	0.747142	3	0	0
4	146500001	0.7691	0.747142	3	0	0
4	147000001	0.765507	0.747142	3	0	0
4	147500001	0.76857	0.747142	3	0	0
4	148000001	0.734366	0.747142	3	0	0
4	148500001	0.754794	0.747142	3	0	0
4	149000001	0.722397	0.747142	3	0	0
4	149500001	0.752057	0.747142	3	0	0
4	150000001	0.693996	0.747142	3	0	0
4	150500001	0.780845	0.747142	3	0	0
4	151000001	0.753887	0.747142	3	0	0
4	151500001	0.749661	0.747142	3	0	0
4	152000001	0.728363	0.747142	3	0	0
4	152500001	0.782798	0.747142	3	0	0
4	153000001	0.718398	0.747142	3	0	0
4	153500001	0.801072	0.747142	3	0	0
4	154000001	0.735523	0.747142	3	0	0
4	154500001	0.748283	0.747142	3	0	0
4	155000001	0.724533	0.747142	3	0	0
4	155500001	0.765792	0.747142	3	0	0
4	156000001	0.704474	0.747142	3	0	0
4	156500001	0.765028	0.747142	3	0	0
4	157000001	0.723176	0.747142	3	0	0
4	157500001	0.725749	0.747142	3	0	0
4	158000001	0.755795	0.747142	3	0	0
4	158500001	0.768731	0.747142	3	0	0
4	159000001	0.740483	0.747142	3	0	0
4	159500001	0.762653	0.747142	3	0	0
4	160000001	0.706389	0.747142	3	0	0
4	160500001	0.74875	0.747142	3	0	0
4	161000001	0.72742	0.747142	3	0	0
4	161500001	0.743053	0.747142	3	0	0
4	162000001	0.733583	0.747142	3	0	0
4	162500001	0.728563	0.747142	3	0	0
4	163000001	0.716215	0.747142	3	0	0
4	163500001	0.701054	0.747142	3	0	0
4	164000001	0.786515	0.747142	3	0	0
4	164500001	0.730631	0.747142	3	0	0
4	165000001	0.768131	0.747142	3	0	0
4	165500001	0.775332	0.747142	3	0	0
4	166000001	0.777053	0.747142	3	0	0
4	166500001	0.784531	0.747142	3	0	0
4	167000001	0.781045	0.747142	3	0	0
4	167500001	0.768494	0.747142	3	0	0
4	168000001	0.755415	0.747142	3	0	0
4	168500001	0.786068	0.747142	3	0	0
4	169000001	0.779139	0.747142	3	0	0
4	169500001	0.810368	0.747142	3	0	0
4	170000001	0.761696	0.747142	3	0	0
4	170500001	0.722577	0.747142	3	0	0
4	171000001	0.770538	0.747142	3	0	0
4	171500001	0.707939	0.747142	3	0	0
4	172000001	0.717164	0.747142	3	0	0
4	172500001	0.710265	0.747142	3	0	0
4	173000001	0.751607	0.747142	3	0	0
4	173500001	0.748845	0.747142	3	0	0
4	174000001	0.775725	0.747142	3	0	0
4	174500001	0.78584	0.747142	3	0	0
4	175000001	0.733305	0.747142	3	0	0
4	175500001	0.75937	0.747142	3	0	0
4	176000001	0.745582	0.747142	3	0	0
4	176500001	0.713032	0.747142	3	0	0
4	177000001	0.762284	0.747142	3	0	0
4	177500001	0.728659	0.747142	3	0	0
4	178000001	0.775252	0.747142	3	0	0
4	178500001	0.699493	0.747142	3	0	0
4	179000001	0.733239	0.747142	3	0	0
4	179500001	0.724958	0.747142	3	0	0
4	180000001	0.760017	0.747142	3	0	0
4	180500001	0.738127	0.747142	3	0	0
4	181000001	0.726319	0.747142	3	0	0
4	181500001	0.718561	0.747142	3	0	0
4	182000001	0.710499	0.747142	3	0	0
4	182500001	0.733674	0.747142	3	0	0
4	183000001	0.757324	0.747142	3	0	0
4	183500001	0.737601	0.747142	3	0	0
4	184000001	0.733181	0.747142	3	0	0
4	184500001	0.772153	0.747142	3	0	0
4	185000001	0.756221	0.747142	3	0	0
4	185500001	0.788896	0.747142	3	0	0
4	186000001	0.744058	0.747142	3	0	0
4	186500001	0.736703	0.747142	3	0	0
4	187000001	0.745947	0.747142	3	0	0
4	187500001	0.747142	0.747142	3	0	0
4	188000001	0.697295	0.747142	3	0	0
4	188500001	0.730885	0.747142	3	0	0
4	189000001	0.734937	0.747142	3	0	0
4	189500001	0.785975	0.747142	3	0	0
4	190000001	-1	-1	-1	0	0
5	1	2.17647	2.17647	9	0	0
5	500001	2.57767	2.57767	10	5	0.861143
5	1000001	1.89183	1.88639	8	5	0.861143
5	1500001	1.85199	1.88639	8	5	0.861143
5	2000001	1.83987	1.88639	8	5	0.861143
5	2500001	1.87616	1.88639	8	5	0.861143
5	3000001	1.84481	1.88639	8	5	0.861143
5	3500001	1.81433	1.88639	8	5	0.861143
5	4000001	1.86083	1.88639	8	5	0.861143
5	4500001	1.89394	1.88639	8	5	0.861143
5	5000001	1.88094	1.88639	8	5	0.861143
5	5500001	1.85274	1.88639	8	5	0.861143
5	6000001	1.82319	1.88639	8	5	0.861143
5	6500001	1.90026	1.88639	8	5	0.861143
5	7000001	1.8545	1.88639	8	5	0.861143
5	7500001	1.8674	1.88639	8	5	0.861143
5	8000001	1.89551	1.88639	8	5	0.861143
5	8500001	1.93717	1.88639	8	5	0.861143
5	9000001	2.00086	1.88639	8	5	0.861143
5	9500001	1.99282	1.88639	8	5	0.861143
5	10000001	1.96322	1.88639	8	5	0.861143
5	10500001	1.96652	1.88639	8	5	0.861143
5	11000001	1.91448	1.88639	8	5	0.861143
5	11500001	1.90679	1.88639	8	5	0.861143
5	12000001	1.98827	1.88639	8	5	0.861143
5	12500001	1.76074	1.88639	8	0	0
5	13000001	2.35522	2.46773	10	0	0
5	13500001	2.4746	2.46773	10	0	0
5	14000001	2.46773	2.46773	10	0	0
5	14500001	2.53888	2.46773	10	0	0
5	15000001	2.53392	2.46773	10	0	0
5	15500001	2.41482	2.46773	10	0	0
5	16000001	2.42168	2.46773	10	0	0
5	16500001	2.46563	2.46773	10	0	0
5	17000001	2.50877	2.46773	10	0	0
5	17500001	3.40929	3.40929	14	0	0
5	18000001	2.36674	2.45818	10	0	0
5	18500001	2.4528	2.45818	10	0	0
5	19000001	2.44548	2.45818	10	0	0
5	19500001	2.47378	2.45818	10	0	0
5	20000001	2.58627	2.45818	10	0	0
5	20500001	2.46356	2.45818	10	0	0
5	21000001	3.13272	3.13272	13	0	0
5	21500001	2.40568	2.39302	10	0	0
5	22000001	2.37045	2.39302	10	0	0
5	22500001	2.37927	2.39302	10	0	0
5	23000001	2.33721	2.39302	10	0	0
5	23500001	2.32983	2.39302	10	0	0
5	24000001	2.43371	2.39302	10	0	0
5	24500001	2.42332	2.39302	10	0	0
5	25000001	2.39302	2.39302	10	0	0
5	25500001	2.40942	2.39302	10	0	0
5	26000001	1.9676	1.95661	8	0	0
5	26500001	1.99261	1.95661	8	0	0
5	27000001	1.99427	1.95661	8	0	0
5	27500001	1.96847	1.95661	8	0	0
5	28000001	1.95781	1.95661	8	0	0
5	28500001	1.97189	1.95661	8	0	0
5	29000001	1.89529	1.95661	8	0	0
5	29500001	1.95542	1.95661	8	0	0
5	30000001	1.91701	1.95661	8	0	0
5	30500001	1.88881	1.95661	8	0	0
5	31000001	1.96334	1.95661	8	0	0
5	31500001	1.89965	1.95661	8	0	0
5	32000001	2.01593	1.95661	8	0	0
5	32500001	1.91229	1.95661	8	0	0
5	33000001	1.93291	1.95661	8	0	0
5	33500001	1.92681	1.95661	8	0	0
5	34000001	2.58417	2.58417	10	0	0
5	34500001	1.99898	1.97391	8	0	0
5	35000001	1.97733	1.97391	8	0	0
5	35500001	1.8834	1.97391	8	0	0
5	36000001	2.01687	1.97391	8	0	0
5	36500001	2.05184	1.97391	8	0	0
5	37000001	1.94884	1.97391	8	0	0
5	37500001	1.9649	1.97391	8	0	0
5	38000001	1.94471	1.97391	8	0	0
5	38500001	1.93445	1.97391	8	0	0
5	39000001	2.03373	1.97391	8	0	0
5	39500001	1.99305	1.97391	8	0	0
5	40000001	1.96995	1.97391	8	0	0
5	40500001	1.9808	1.97391	8	0	0
5	41000001	2.00021	1.97391	8	0	0
5	41500001	1.92307	1.97391	8	0	0
5	42000001	1.97391	1.97391	8	0	0
5	42500001	2.01927	1.97391	8	0	0
5	43000001	1.99942	1.97391	8	0	0
5	43500001	2.06632	1.97391	8	0	0
5	44000001	1.92614	1.97391	8	0	0
5	44500001	1.93023	1.97391	8	0	0
5	45000001	1.94886	1.97391	8	0	0
5	45500001	1.93658	1.97391	8	0	0
5	46000001	1.59799	1.57414	6	0	0
5	46500001	1.45049	1.57414	6	0	0
5	47000001	1.57414	1.57414	6	0	0
5	47500001	1.75562	1.90422	8	0	0
5	48000001	2.0289	1.90422	8	0	0
5	48500001	1.90422	1.90422	8	0	0
5	49000001	3.22658	3.22658	13	0	0
5	49500001	10.8595	10.8595	43	0	0
5	50000001	1.6591	1.6591	7	0	0
5	50500001	0.957735	1.02035	4	0	0
5	51000001	1.02614	1.02035	4	0	0
5	51500001	0.982356	1.02035	4	0	0
5	52000001	1.02221	1.02035	4	0	0
5	52500001	1.10361	1.02035	4	0	0
5	53000001	1.05178	1.02035	4	0	0
5	53500001	1.03954	1.02035	4	0	0
5	54000001	0.989677	1.02035	4	0	0
5	54500001	1.01929	1.02035	4	0	0
5	55000001	1.03691	1.02035	4	0	0
5	55500001	1.00129	1.02035	4	0	0
5	56000001	1.00275	1.02035	4	0	0
5	56500001	0.976182	1.02035	4	0	0
5	57000001	0.997837	1.02035	4	0	0
5	57500001	1.04812	1.02035	4	0	0
5	58000001	1.04226	1.02035	4	0	0
5	58500001	1.00119	1.02035	4	0	0
5	59000001	1.02141	1.02035	4	0	0
5	59500001	0.73898	0.596309	2	0	0
5	60000001	0.382224	0.596309	2	0	0
5	60500001	0.596309	0.596309	2	0	0
5	61000001	0.972092	0.996794	4	0	0
5	61500001	1.01976	0.996794	4	0	0
5	62000001	0.990373	0.996794	4	0	0
5	62500001	1.00351	0.996794	4	0	0
5	63000001	0.968198	0.996794	4	0	0
5	63500001	0.976658	0.996794	4	0	0
5	64000001	0.973493	0.996794	4	0	0
5	64500001	0.976261	0.996794	4	0	0
5	65000001	1.05721	0.996794	4	0	0
5	65500001	1.05467	0.996794	4	0	0
5	66000001	1.04086	0.996794	4	0	0
5	66500001	1.05171	0.996794	4	0	0
5	67000001	1.01764	0.996794	4	0	0
5	67500001	0.990455	0.996794	4	0	0
5	68000001	0.996794	0.996794	4	0	0
5	68500001	1.00257	0.996794	4	0	0
5	69000001	0.953398	0.996794	4	0	0
5	69500001	1.29819	1.2617	5	0	0
5	70000001	1.21722	1.2617	5	0	0
5	70500001	1.26774	1.2617	5	0	0
5	71000001	1.25566	1.2617	5	0	0
5	71500001	0.986808	1.00195	4	0	0
5	72000001	1.0152	1.00195	4	0	0
5	72500001	1.07672	1.00195	4	0	0
5	73000001	0.999555	1.00195	4	0	0
5	73500001	1.01392	1.00195	4	0	0
5	74000001	1.0563	1.00195	4	0	0
5	74500001	1.03894	1.00195	4	0	0
5	75000001	1.05893	1.00195	4	0	0
5	75500001	1.05961	1.00195	4	0	0
5	76000001	1.00901	1.00195	4	0	0
5	76500001	1.00543	1.00195	4	0	0
5	77000001	0.97754	1.00195	4	0	0
5	77500001	0.977694	1.00195	4	0	0
5	78000001	1.00497	1.00195	4	0	0
5	78500001	1.00709	1.00195	4	0	0
5	79000001	0.989074	1.00195	4	0	0
5	79500001	1.00269	1.00195	4	0	0
5	80000001	0.992708	1.00195	4	0	0
5	80500001	0.971265	1.00195	4	0	0
5	81000001	1.00184	1.00195	4	0	0
5	81500001	1.01208	1.00195	4	0	0
5	82000001	0.999092	1.00195	4	0	0
5	82500001	0.972172	1.00195	4	0	0
5	83000001	1.00629	1.00195	4	0	0
5	83500001	0.975475	1.00195	4	0	0
5	84000001	1.00468	1.00195	4	0	0
5	84500001	0.999713	1.00195	4	0	0
5	85000001	0.983244	1.00195	4	0	0
5	85500001	0.990261	1.00195	4	0	0
5	86000001	0.975624	1.00195	4	0	0
5	86500001	0.989988	1.00195	4	0	0
5	87000001	1.0179	1.00195	4	0	0
5	87500001	1.03638	1.00195	4	0	0
5	88000001	0.987137	1.00195	4	0	0
5	88500001	0.988674	1.00195	4	0	0
5	89000001	0.977869	1.00195	4	0	0
5	89500001	1.03414	1.00195	4	0	0
5	90000001	1.00563	1.00195	4	0	0
5	90500001	1.00959	1.00195	4	0	0
5	91000001	1.00382	1.00195	4	0	0
5	91500001	1.01521	1.00195	4	0	0
5	92000001	1.0247	1.00195	4	0	0
5	92500001	1.07112	1.00195	4	0	0
5	93000001	0.982337	1.00195	4	0	0
5	93500001	1.00376	1.00195	4	0	0
5	94000001	1.01238	1.00195	4	0	0
5	94500001	1.01485	1.00195	4	0	0
5	95000001	1.05845	1.00195	4	0	0
5	95500001	1.03162	1.00195	4	0	0
5	96000001	1.01178	1.00195	4	0	0
5	96500001	1.05163	1.00195	4	0	0
5	97000001	1.07233	1.00195	4	0	0
5	97500001	1.01997	1.00195	4	0	0
5	98000001	0.942715	1.00195	4	0	0
5	98500001	0.968935	1.00195	4	0	0
5	99000001	1.027	1.00195	4	0	0
5	99500001	0.997452	1.00195	4	0	0
5	100000001	0.991131	1.00195	4	0	0
5	100500001	0.976581	1.00195	4	0	0
5	101000001	1.02373	1.00195	4	0	0
5	101500001	0.937987	1.00195	4	0	0
5	102000001	0.981846	1.00195	4	0	0
5	102500001	1.00195	1.00195	4	0	0
5	103000001	0.982673	1.00195	4	0	0
5	103500001	0.974633	1.00195	4	0	0
5	104000001	0.997794	1.00195	4	0	0
5	104500001	0.991313	1.00195	4	0	0
5	105000001	1.00897	1.00195	4	0	0
5	105500001	1.02879	1.00195	4	0	0
5	106000001	0.980597	1.00195	4	0	0
5	106500001	1.011	1.00195	4	0	0
5	107000001	1.38061	1.00195	4	0	0
5	107500001	0.989777	1.00195	4	0	0
5	108000001	1.06004	1.00195	4	0	0
5	108500001	1.02802	1.00195	4	0	0
5	109000001	0.998147	1.00195	4	0	0
5	109500001	1.00267	1.00195	4	0	0
5	110000001	0.969671	1.00195	4	0	0
5	110500001	1.01042	1.00195	4	0	0
5	111000001	0.939223	1.00195	4	0	0
5	111500001	1.03414	1.00195	4	0	0
5	112000001	0.974536	1.00195	4	0	0
5	112500001	1.10896	1.00195	4	0	0
5	113000001	1.1011	1.00195	4	0	0
5	113500001	0.984133	1.00195	4	0	0
5	114000001	1.01228	1.00195	4	0	0
5	114500001	0.982291	1.00195	4	0	0
5	115000001	1.02179	1.00195	4	0	0
5	115500001	0.977814	1.00195	4	0	0
5	116000001	0.992601	1.00195	4	0	0
5	116500001	0.920685	1.00195	4	0	0
5	117000001	0.974281	1.00195	4	0	0
5	117500001	0.943367	1.00195	4	0	0
5	118000001	0.990265	1.00195	4	0	0
5	118500001	1.00499	1.00195	4	0	0
5	119000001	1.00955	1.00195	4	0	0
5	119500001	0.976138	1.00195	4	0	0
5	120000001	1.00238	1.00195	4	0	0
5	120500001	1.00247	1.00195	4	0	0
5	121000001	0.995731	1.00195	4	0	0
5	121500001	0.985449	1.00195	4	0	0
5	122000001	0.989823	1.00195	4	0	0
5	122500001	1.04099	1.00195	4	0	0
5	123000001	0.985851	1.00195	4	0	0
5	123500001	1.02714	1.00195	4	0	0
5	124000001	0.988165	1.00195	4	0	0
5	124500001	0.946611	1.00195	4	0	0
5	125000001	0.98009	1.00195	4	0	0
5	125500001	1.00072	1.00195	4	0	0
5	126000001	1.02034	1.00195	4	0	0
5	126500001	0.990155	1.00195	4	0	0
5	127000001	1.00388	1.00195	4	0	0
5	127500001	1.0154	1.00195	4	0	0
5	128000001	0.992574	1.00195	4	0	0
5	128500001	0.972372	1.00195	4	0	0
5	129000001	0.936032	1.00195	4	0	0
5	129500001	0.981589	1.00195	4	0	0
5	130000001	0.964153	1.00195	4	0	0
5	130500001	1.02478	1.00195	4	0	0
5	131000001	1.00433	1.00195	4	0	0
5	131500001	0.999127	1.00195	4	0	0
5	132000001	1.0059	1.00195	4	0	0
5	132500001	1.01783	1.00195	4	0	0
5	133000001	0.991956	1.00195	4	0	0
5	133500001	0.97397	1.00195	4	0	0
5	134000001	1.01839	1.00195	4	0	0
5	134500001	1.02172	1.00195	4	0	0
5	135000001	0.994935	1.00195	4	0	0
5	135500001	0.999973	1.00195	4	0	0
5	136000001	1.00773	1.00195	4	0	0
5	136500001	0.994851	1.00195	4	0	0
5	137000001	0.950906	1.00195	4	0	0
5	137500001	1.0024	1.00195	4	0	0
5	138000001	1.03664	1.00195	4	0	0
5	138500001	1.01484	1.00195	4	0	0
5	139000001	1.01013	1.00195	4	0	0
5	139500001	0.992525	1.00195	4	0	0
5	140000001	1.0448	1.00195	4	0	0
5	140500001	0.998773	1.00195	4	0	0
5	141000001	1.19391	1.22792	5	0	0
5	141500001	1.27057	1.22792	5	0	0
5	142000001	1.20295	1.22792	5	0	0
5	142500001	1.25082	1.22792	5	0	0
5	143000001	1.24395	1.22792	5	0	0
5	143500001	1.31114	1.22792	5	0	0
5	144000001	1.28946	1.22792	5	0	0
5	144500001	1.19348	1.22792	5	0	0
5	145000001	1.21863	1.22792	5	0	0
5	145500001	1.27266	1.22792	5	0	0
5	146000001	1.29952	1.22792	5	0	0
5	146500001	1.28348	1.22792	5	0	0
5	147000001	1.2244	1.22792	5	0	0
5	147500001	1.21976	1.22792	5	0	0
5	148000001	1.30205	1.22792	5	0	0
5	148500001	1.24774	1.22792	5	0	0
5	149000001	1.28631	1.22792	5	0	0
5	149500001	1.27453	1.22792	5	0	0
5	150000001	1.25845	1.22792	5	0	0
5	150500001	1.2536	1.22792	5	0	0
5	151000001	1.25265	1.22792	5	0	0
5	151500001	1.28791	1.22792	5	0	0
5	152000001	1.19772	1.22792	5	0	0
5	152500001	1.19706	1.22792	5	0	0
5	153000001	1.18116	1.22792	5	0	0
5	153500001	1.21804	1.22792	5	0	0
5	154000001	1.25456	1.22792	5	0	0
5	154500001	1.12723	1.22792	5	0	0
5	155000001	1.24177	1.22792	5	0	0
5	155500001	1.20478	1.22792	5	0	0
5	156000001	1.21125	1.22792	5	0	0
5	156500001	1.14436	1.22792	5	0	0
5	157000001	1.17513	1.22792	5	0	0
5	157500001	1.21533	1.22792	5	0	0
5	158000001	1.18897	1.22792	5	0	0
5	158500001	1.21244	1.22792	5	0	0
5	159000001	1.22792	1.22792	5	0	0
5	159500001	1.25161	1.22792	5	0	0
5	160000001	1.26186	1.22792	5	0	0
5	160500001	1.2175	1.22792	5	0	0
5	161000001	1.22956	1.22792	5	0	0
5	161500001	1.19628	1.22792	5	0	0
5	162000001	1.21038	1.22792	5	0	0
5	162500001	1.17938	1.22792	5	0	0
5	163000001	1.22681	1.22792	5	0	0
5	163500001	1.22855	1.22792	5	0	0
5	164000001	1.22872	1.22792	5	0	0
5	164500001	1.19455	1.22792	5	0	0
5	165000001	1.19089	1.22792	5	0	0
5	165500001	1.1974	1.22792	5	0	0
5	166000001	1.25926	1.22792	5	0	0
5	166500001	1.20109	1.22792	5	0	0
5	167000001	1.28435	1.22792	5	0	0
5	167500001	1.30061	1.22792	5	0	0
5	168000001	1.28236	1.22792	5	0	0
5	168500001	1.20687	1.22792	5	0	0
5	169000001	1.22244	1.22792	5	0	0
5	169500001	1.26277	1.22792	5	0	0
5	170000001	1.23344	1.22792	5	0	0
5	170500001	1.20641	1.22792	5	0	0
5	171000001	1.2823	1.22792	5	0	0
5	171500001	1.21738	1.22792	5	0	0
5	172000001	1.26618	1.22792	5	0	0
5	172500001	1.23469	1.22792	5	0	0
5	173000001	1.25589	1.22792	5	0	0
5	173500001	1.25623	1.22792	5	0	0
5	174000001	1.21594	1.22792	5	0	0
5	174500001	1.24662	1.22792	5	0	0
5	175000001	1.24196	1.22792	5	0	0
5	175500001	1.22787	1.22792	5	0	0
5	176000001	1.19339	1.22792	5	0	0
5	176500001	1.21509	1.22792	5	0	0
5	177000001	1.24853	1.22792	5	0	0
5	177500001	1.25734	1.22792	5	0	0
5	178000001	1.21798	1.22792	5	0	0
5	178500001	1.19336	1.22792	5	0	0
5	179000001	1.1895	1.22792	5	0	0
5	179500001	1.29584	1.22792	5	0	0
5	180000001	1.21455	1.22792	5	0	0
5	180500001	1.26205	1.22792	5	0	0
5	181000001	1.20697	1.22792	5	0	0
5	181500001	-1	-1	-1	0	0
6	1	2.10947	2.0161	8	0	0
6	500001	2.12048	2.0161	8	0	0
6	1000001	2.09745	2.0161	8	0	0
6	1500001	2.01711	2.0161	8	0	0
6	2000001	2.00262	2.0161	8	0	0
6	2500001	2.01271	2.0161	8	0	0
6	3000001	2.04264	2.0161	8	0	0
6	3500001	2.14195	2.0161	8	0	0
6	4000001	2.07581	2.0161	8	0	0
6	4500001	1.91328	2.0161	8	0	0
6	5000001	1.95246	2.0161	8	0	0
6	5500001	2.00506	2.0161	8	0	0
6	6000001	1.9219	2.0161	8	0	0
6	6500001	1.9988	2.0161	8	0	0
6	7000001	1.99868	2.0161	8	0	0
6	7500001	2.02195	2.0161	8	0	0
6	8000001	1.98674	2.0161	8	0	0
6	8500001	1.92153	2.0161	8	0	0
6	9000001	2.0161	2.0161	8	0	0
6	9500001	1.93598	2.0161	8	0	0
6	10000001	2.02559	2.0161	8	0	0
6	10500001	2.04616	2.0161	8	0	0
6	11000001	2.03189	2.0161	8	0	0
6	11500001	2.60817	2.60817	10	0	0
6	12000001	2.99229	3.0078	12	0	0
6	12500001	3.02331	3.0078	12	0	0
6	13000001	2.16855	2.03335	8	0	0
6	13500001	2.04957	2.03335	8	0	0
6	14000001	2.03962	2.03335	8	0	0
6	14500001	1.93933	2.03335	8	0	0
6	15000001	1.96815	2.03335	8	0	0
6	15500001	1.92283	2.03335	8	0	0
6	16000001	1.98301	2.03335	8	0	0
6	16500001	2.08556	2.03335	8	0	0
6	17000001	1.99192	2.03335	8	0	0
6	17500001	2.07672	2.03335	8	0	0
6	18000001	2.09763	2.03335	8	0	0
6	18500001	2.17334	2.03335	8	0	0
6	19000001	2.03884	2.03335	8	0	0
6	19500001	1.95166	2.03335	8	0	0
6	20000001	2.02786	2.03335	8	0	0
6	20500001	1.81637	2.03335	8	0	0
6	21000001	1.50353	1.47286	6	0	0
6	21500001	1.47033	1.47286	6	0	0
6	22000001	1.46592	1.47286	6	0	0
6	22500001	1.31977	1.47286	6	0	0
6	23000001	1.41477	1.47286	6	0	0
6	23500001	1.31147	1.47286	6	0	0
6	24000001	1.37724	1.47286	6	0	0
6	24500001	1.50188	1.47286	6	0	0
6	25000001	1.45557	1.47286	6	0	0
6	25500001	1.4997	1.47286	6	0	0
6	26000001	1.4688	1.47286	6	0	0
6	26500001	1.41682	1.47286	6	0	0
6	27000001	1.4179	1.47286	6	0	0
6	27500001	1.42942	1.47286	6	0	0
6	28000001	1.45545	1.47286	6	0	0
6	28500001	1.40323	1.47286	6	0	0
6	29000001	1.5206	1.47286	6	0	0
6	29500001	1.37978	1.47286	6	0	0
6	30000001	1.54202	1.47286	6	0	0
6	30500001	1.56694	1.47286	6	0	0
6	31000001	1.49487	1.47286	6	0	0
6	31500001	1.50789	1.47286	6	0	0
6	32000001	1.45001	1.47286	6	0	0
6	32500001	1.33161	1.47286	6	0	0
6	33000001	1.47539	1.47286	6	0	0
6	33500001	1.48929	1.47286	6	0	0
6	34000001	1.46475	1.47286	6	0	0
6	34500001	1.53059	1.47286	6	0	0
6	35000001	1.48669	1.47286	6	0	0
6	35500001	1.53921	1.47286	6	0	0
6	36000001	1.55548	1.47286	6	0	0
6	36500001	1.55022	1.47286	6	0	0
6	37000001	1.5437	1.47286	6	0	0
6	37500001	1.53644	1.47286	6	0	0
6	38000001	1.51228	1.47286	6	0	0
6	38500001	1.52631	1.47286	6	0	0
6	39000001	1.46734	1.47286	6	0	0
6	39500001	1.45551	1.47286	6	0	0
6	40000001	1.48946	1.47286	6	0	0
6	40500001	1.43213	1.47286	6	0	0
6	41000001	1.43365	1.47286	6	0	0
6	41500001	1.62746	1.47286	6	0	0
6	42000001	1.03125	0.995661	4	0	0
6	42500001	1.00018	0.995661	4	0	0
6	43000001	0.979676	0.995661	4	0	0
6	43500001	0.995412	0.995661	4	0	0
6	44000001	0.971335	0.995661	4	0	0
6	44500001	0.99591	0.995661	4	0	0
6	45000001	1.30747	1.51609	6	0	0
6	45500001	1.5328	1.51609	6	0	0
6	46000001	1.4739	1.51609	6	0	0
6	46500001	1.50471	1.51609	6	0	0
6	47000001	1.57488	1.51609	6	0	0
6	47500001	1.56646	1.51609	6	0	0
6	48000001	1.51609	1.51609	6	0	0
6	48500001	1.48646	1.51609	6	0	0
6	49000001	1.55302	1.51609	6	0	0
6	49500001	1.46718	1.51609	6	0	0
6	50000001	1.50003	1.51609	6	0	0
6	50500001	1.42375	1.51609	6	0	0
6	51000001	1.427	1.51609	6	0	0
6	51500001	1.47989	1.51609	6	0	0
6	52000001	1.50864	1.51609	6	0	0
6	52500001	1.49859	1.51609	6	0	0
6	53000001	1.51608	1.51609	6	0	0
6	53500001	1.57448	1.51609	6	0	0
6	54000001	1.55684	1.51609	6	0	0
6	54500001	1.52249	1.51609	6	0	0
6	55000001	1.52505	1.51609	6	0	0
6	55500001	1.54303	1.51609	6	0	0
6	56000001	1.55336	1.51609	6	0	0
6	56500001	1.59572	1.51609	6	0	0
6	57000001	1.62356	1.51609	6	0	0
6	57500001	1.46661	1.51609	6	0	0
6	58000001	1.69043	1.51609	6	0	0
6	58500001	4.23938	4.1701	17	0	0
6	59000001	4.10082	4.1701	17	0	0
6	59500001	-1	-1	-1	0	0
6	60000001	-1	-1	-1	0	0
6	60500001	1.4331	1.4179	6	0	0
6	61000001	1.4027	1.4179	6	0	0
6	61500001	1.11182	1.4179	6	0	0
6	62000001	1.56786	1.4179	6	0	0
6	62500001	1.07655	1.00241	4	0	0
6	63000001	0.94475	1.00241	4	0	0
6	63500001	0.995846	1.00241	4	0	0
6	64000001	0.963919	1.00241	4	0	0
6	64500001	1.00751	1.00241	4	0	0
6	65000001	1.01237	1.00241	4	0	0
6	65500001	0.980754	1.00241	4	0	0
6	66000001	1.00992	1.00241	4	0	0
6	66500001	1.04511	1.00241	4	0	0
6	67000001	0.996327	1.00241	4	0	0
6	67500001	0.948997	1.00241	4	0	0
6	68000001	0.969268	1.00241	4	0	0
6	68500001	0.92963	1.00241	4	0	0
6	69000001	0.964744	1.00241	4	0	0
6	69500001	1.01556	1.00241	4	0	0
6	70000001	0.988171	1.00241	4	0	0
6	70500001	0.964378	1.00241	4	0	0
6	71000001	1.01631	1.00241	4	0	0
6	71500001	1.00049	1.00241	4	0	0
6	72000001	1.00598	1.00241	4	0	0
6	72500001	1.026	1.00241	4	0	0
6	73000001	1.02867	1.00241	4	0	0
6	73500001	0.992499	1.00241	4	0	0
6	74000001	1.0217	1.00241	4	0	0
6	74500001	1.04945	1.00241	4	0	0
6	75000001	1.03358	1.00241	4	0	0
6	75500001	1.03373	1.00241	4	0	0
6	76000001	0.983387	1.00241	4	0	0
6	76500001	0.958596	1.00241	4	0	0
6	77000001	0.977424	1.00241	4	0	0
6	77500001	0.984971	1.00241	4	0	0
6	78000001	0.961763	1.00241	4	0	0
6	78500001	1.02299	1.00241	4	0	0
6	79000001	1.04072	1.00241	4	0	0
6	79500001	1.01808	1.00241	4	0	0
6	80000001	0.989234	1.00241	4	0	0
6	80500001	0.987076	1.00241	4	0	0
6	81000001	0.978121	1.00241	4	0	0
6	81500001	0.960558	1.00241	4	0	0
6	82000001	1.00784	1.00241	4	0	0
6	82500001	0.783987	1.00241	4	0	0
6	83000001	1.03989	1.00241	4	0	0
6	83500001	1.01634	1.00241	4	0	0
6	84000001	0.995867	1.00241	4	0	0
6	84500001	0.953712	1.00241	4	0	0
6	85000001	1.01468	1.00241	4	0	0
6	85500001	1.02393	1.00241	4	0	0
6	86000001	0.959529	1.00241	4	0	0
6	86500001	0.969876	1.00241	4	0	0
6	87000001	1.02381	1.00241	4	0	0
6	87500001	0.993534	1.00241	4	0	0
6	88000001	0.9941	1.00241	4	0	0
6	88500001	0.998786	1.00241	4	0	0
6	89000001	1.02744	1.00241	4	0	0
6	89500001	0.978771	1.00241	4	0	0
6	90000001	0.970132	1.00241	4	0	0
6	90500001	1.03167	1.00241	4	0	0
6	91000001	0.95475	1.00241	4	0	0
6	91500001	1.01445	1.00241	4	0	0
6	92000001	0.969531	1.00241	4	0	0
6	92500001	0.985624	1.00241	4	0	0
6	93000001	0.979449	1.00241	4	0	0
6	93500001	0.934112	1.00241	4	0	0
6	94000001	0.944539	1.00241	4	0	0
6	94500001	0.957486	1.00241	4	0	0
6	95000001	1.0044	1.00241	4	0	0
6	95500001	1.01576	1.00241	4	0	0
6	96000001	1.01754	1.00241	4	0	0
6	96500001	1.02819	1.00241	4	0	0
6	97000001	1.0238	1.00241	4	0	0
6	97500001	1.01868	1.00241	4	0	0
6	98000001	0.997426	1.00241	4	0	0
6	98500001	1.00497	1.00241	4	0	0
6	99000001	1.00312	1.00241	4	0	0
6	99500001	0.998189	1.00241	4	0	0
6	100000001	1.03652	1.00241	4	0	0
6	100500001	1.04596	1.00241	4	0	0
6	101000001	1.01375	1.00241	4	0	0
6	101500001	1.03388	1.00241	4	0	0
6	102000001	0.989691	1.00241	4	0	0
6	102500001	1.02131	1.00241	4	0	0
6	103000001	0.955824	1.00241	4	0	0
6	103500001	1.01031	1.00241	4	0	0
6	104000001	0.977179	1.00241	4	0	0
6	104500001	1.02241	1.00241	4	0	0
6	105000001	1.01292	1.00241	4	0	0
6	105500001	1.04171	1.00241	4	0	0
6	106000001	1.02554	1.00241	4	0	0
6	106500001	1.0017	1.00241	4	0	0
6	107000001	1.01479	1.00241	4	0	0
6	107500001	0.976848	1.00241	4	0	0
6	108000001	0.964883	1.00241	4	0	0
6	108500001	1.00402	1.00241	4	0	0
6	109000001	1.02467	1.00241	4	0	0
6	109500001	1.01353	1.00241	4	0	0
6	110000001	0.965971	1.00241	4	0	0
6	110500001	0.993431	1.00241	4	0	0
6	111000001	1.02607	1.00241	4	0	0
6	111500001	0.978273	1.00241	4	0	0
6	112000001	1.01148	1.00241	4	0	0
6	112500001	1.0463	1.00241	4	0	0
6	113000001	1.03193	1.00241	4	0	0
6	113500001	1.04441	1.00241	4	0	0
6	114000001	1.0057	1.00241	4	0	0
6	114500001	1.04748	1.00241	4	0	0
6	115000001	1.00145	1.00241	4	0	0
6	115500001	0.993754	1.00241	4	0	0
6	116000001	0.984637	1.00241	4	0	0
6	116500001	0.996589	1.00241	4	0	0
6	117000001	0.978989	1.00241	4	0	0
6	117500001	1.00993	1.00241	4	0	0
6	118000001	0.959006	1.00241	4	0	0
6	118500001	0.990261	1.00241	4	0	0
6	119000001	0.96492	1.00241	4	0	0
6	119500001	0.966183	1.00241	4	0	0
6	120000001	0.982126	1.00241	4	0	0
6	120500001	0.994141	1.00241	4	0	0
6	121000001	1.02276	1.00241	4	0	0
6	121500001	0.996144	1.00241	4	0	0
6	122000001	1.03458	1.00241	4	0	0
6	122500001	1.04632	1.00241	4	0	0
6	123000001	1.00678	1.00241	4	0	0
6	123500001	0.972982	1.00241	4	0	0
6	124000001	0.99793	1.00241	4	0	0
6	124500001	1.00325	1.00241	4	0	0
6	125000001	1.22247	1.00241	4	0	0
6	125500001	1.40199	1.00241	4	0	0
6	126000001	1.04492	1.00241	4	0	0
6	126500001	0.998679	1.00241	4	0	0
6	127000001	0.999123	1.00241	4	0	0
6	127500001	1.01232	1.00241	4	0	0
6	128000001	1.00516	1.00241	4	0	0
6	128500001	1.02885	1.00241	4	0	0
6	129000001	1.54886	1.00241	4	0	0
6	129500001	1.17303	1.00241	4	0	0
6	130000001	0.962704	1.00241	4	0	0
6	130500001	1.02128	1.00241	4	0	0
6	131000001	0.936439	1.00241	4	0	0
6	131500001	1.0004	1.00241	4	0	0
6	132000001	1.00035	1.00241	4	0	0
6	132500001	0.98609	1.00241	4	0	0
6	133000001	0.991386	1.00241	4	0	0
6	133500001	1.0127	1.00241	4	0	0
6	134000001	0.971385	1.00241	4	0	0
6	134500001	1.0251	1.00241	4	0	0
6	135000001	1.01421	1.00241	4	0	0
6	135500001	0.993191	1.00241	4	0	0
6	136000001	1.02583	1.00241	4	0	0
6	136500001	1.01185	1.00241	4	0	0
6	137000001	1.01011	1.00241	4	0	0
6	137500001	1.04703	1.00241	4	0	0
6	138000001	1.02022	1.00241	4	0	0
6	138500001	1.02187	1.00241	4	0	0
6	139000001	1.08016	1.00241	4	0	0
6	139500001	1.03499	1.00241	4	0	0
6	140000001	1.01607	1.00241	4	0	0
6	140500001	1.02233	1.00241	4	0	0
6	141000001	1.00158	1.00241	4	0	0
6	141500001	1.03974	1.00241	4	0	0
6	142000001	1.04032	1.00241	4	0	0
6	142500001	0.998663	1.00241	4	0	0
6	143000001	1.01742	1.00241	4	0	0
6	143500001	1.01121	1.00241	4	0	0
6	144000001	1.00003	1.00241	4	0	0
6	144500001	1.02789	1.00241	4	0	0
6	145000001	1.03338	1.00241	4	0	0
6	145500001	1.01222	1.00241	4	0	0
6	146000001	1.00413	1.00241	4	0	0
6	146500001	1.01195	1.00241	4	0	0
6	147000001	0.992678	1.00241	4	0	0
6	147500001	1.0052	1.00241	4	0	0
6	148000001	0.977439	1.00241	4	0	0
6	148500001	1.03706	1.00241	4	0	0
6	149000001	1.0083	1.00241	4	0	0
6	149500001	1.03567	1.00241	4	0	0
6	150000001	1.02713	1.00241	4	0	0
6	150500001	0.993605	1.00241	4	0	0
6	151000001	1.02725	1.00241	4	0	0
6	151500001	1.02031	1.00241	4	0	0
6	152000001	0.981532	1.00241	4	0	0
6	152500001	1.0068	1.00241	4	0	0
6	153000001	1.00014	1.00241	4	0	0
6	153500001	1.01451	1.00241	4	0	0
6	154000001	1.01236	1.00241	4	0	0
6	154500001	0.993083	1.00241	4	0	0
6	155000001	0.986535	1.00241	4	0	0
6	155500001	0.980915	1.00241	4	0	0
6	156000001	1.00502	1.00241	4	0	0
6	156500001	0.977839	1.00241	4	0	0
6	157000001	1.09091	1.00241	4	0	0
6	157500001	0.982985	1.00241	4	0	0
6	158000001	1.0155	1.00241	4	0	0
6	158500001	1.04315	1.00241	4	0	0
6	159000001	1.04936	1.00241	4	0	0
6	159500001	0.96705	1.00241	4	0	0
6	160000001	0.942646	1.00241	4	0	0
6	160500001	1.17613	1.00241	4	0	0
6	161000001	0.979429	1.00241	4	0	0
6	161500001	0.952934	1.00241	4	0	0
6	162000001	0.94812	1.00241	4	0	0
6	162500001	0.947005	1.00241	4	0	0
6	163000001	0.981048	1.00241	4	0	0
6	163500001	0.982549	1.00241	4	0	0
6	164000001	0.964453	1.00241	4	0	0
6	164500001	0.963572	1.00241	4	0	0
6	165000001	0.938768	1.00241	4	0	0
6	165500001	0.945695	1.00241	4	0	0
6	166000001	0.981638	1.00241	4	0	0
6	166500001	0.959145	1.00241	4	0	0
6	167000001	0.96038	1.00241	4	0	0
6	167500001	0.966099	1.00241	4	0	0
6	168000001	0.952255	1.00241	4	0	0
6	168500001	0.990488	1.00241	4	0	0
6	169000001	0.981087	1.00241	4	0	0
6	169500001	0.968525	1.00241	4	0	0
6	170000001	1.00052	1.00241	4	0	0
6	170500001	-1	-1	-1	0	0
7	1	2.5236	2.46459	10	0	0
7	500001	2.44783	2.46459	10	0	0
7	1000001	2.44735	2.46459	10	0	0
7	1500001	2.39662	2.46459	10	0	0
7	2000001	2.42471	2.46459	10	0	0
7	2500001	2.45018	2.46459	10	0	0
7	3000001	2.48007	2.46459	10	0	0
7	3500001	2.43698	2.46459	10	0	0
7	4000001	2.35133	2.46459	10	0	0
7	4500001	2.38991	2.46459	10	0	0
7	5000001	2.46459	2.46459	10	0	0
7	5500001	2.4895	2.46459	10	0	0
7	6000001	2.58016	2.46459	10	0	0
7	6500001	2.44063	2.46459	10	0	0
7	7000001	2.52997	2.46459	10	0	0
7	7500001	2.49119	2.46459	10	0	0
7	8000001	2.54695	2.46459	10	0	0
7	8500001	2.51913	2.46459	10	0	0
7	9000001	2.40368	2.46459	10	0	0
7	9500001	2.34485	2.46459	10	0	0
7	10000001	2.38836	2.46459	10	0	0
7	10500001	2.45074	2.46459	10	0	0
7	11000001	2.48335	2.46459	10	0	0
7	11500001	2.52129	2.46459	10	0	0
7	12000001	2.56244	2.46459	10	0	0
7	12500001	2.56489	2.46459	10	0	0
7	13000001	2.49723	2.46459	10	0	0
7	13500001	1.67159	1.7642	7	0	0
7	14000001	1.68528	1.7642	7	0	0
7	14500001	1.70253	1.7642	7	0	0
7	15000001	1.67063	1.7642	7	0	0
7	15500001	1.76378	1.7642	7	0	0
7	16000001	1.80739	1.7642	7	0	0
7	16500001	1.78511	1.7642	7	0	0
7	17000001	1.89199	1.7642	7	0	0
7	17500001	1.81281	1.7642	7	0	0
7	18000001	1.79817	1.7642	7	0	0
7	18500001	1.7614	1.7642	7	0	0
7	19000001	1.70766	1.7642	7	0	0
7	19500001	1.79074	1.7642	7	0	0
7	20000001	1.8256	1.7642	7	0	0
7	20500001	1.79234	1.7642	7	0	0
7	21000001	1.74534	1.7642	7	0	0
7	21500001	1.76594	1.7642	7	0	0
7	22000001	1.79997	1.7642	7	0	0
7	22500001	1.74883	1.7642	7	0	0
7	23000001	1.82944	1.7642	7	0	0
7	23500001	1.7697	1.7642	7	0	0
7	24000001	1.65761	1.7642	7	0	0
7	24500001	1.753	1.7642	7	0	0
7	25000001	1.81417	1.7642	7	0	0
7	25500001	1.76415	1.7642	7	0	0
7	26000001	1.70862	1.7642	7	0	0
7	26500001	1.7642	1.7642	7	0	0
7	27000001	1.83787	1.7642	7	0	0
7	27500001	1.71855	1.7642	7	0	0
7	28000001	1.22186	1.23077	5	0	0
7	28500001	1.22288	1.23077	5	0	0
7	29000001	1.25633	1.23077	5	0	0
7	29500001	1.23047	1.23077	5	0	0
7	30000001	1.27383	1.23077	5	0	0
7	30500001	1.19735	1.23077	5	0	0
7	31000001	1.18601	1.23077	5	0	0
7	31500001	1.1946	1.23077	5	0	0
7	32000001	1.22325	1.23077	5	0	0
7	32500001	1.24132	1.23077	5	0	0
7	33000001	1.27381	1.23077	5	0	0
7	33500001	1.21086	1.23077	5	0	0
7	34000001	1.17918	1.23077	5	0	0
7	34500001	1.19427	1.23077	5	0	0
7	35000001	1.25648	1.23077	5	0	0
7	35500001	1.25327	1.23077	5	0	0
7	36000001	1.25076	1.23077	5	0	0
7	36500001	1.22758	1.23077	5	0	0
7	37000001	1.20477	1.23077	5	0	0
7	37500001	1.19977	1.23077	5	0	0
7	38000001	1.25873	1.23077	5	0	0
7	38500001	1.16123	1.23077	5	0	0
7	39000001	1.25608	1.23077	5	0	0
7	39500001	1.27408	1.23077	5	0	0
7	40000001	1.22731	1.23077	5	0	0
7	40500001	1.25446	1.23077	5	0	0
7	41000001	1.27877	1.23077	5	0	0
7	41500001	1.19127	1.23077	5	0	0
7	42000001	1.1964	1.23077	5	0	0
7	42500001	1.2194	1.23077	5	0	0
7	43000001	1.21465	1.23077	5	0	0
7	43500001	1.2678	1.23077	5	0	0
7	44000001	1.26258	1.23077	5	0	0
7	44500001	1.23107	1.23077	5	0	0
7	45000001	1.27167	1.23077	5	0	0
7	45500001	1.27031	1.23077	5	0	0
7	46000001	1.28859	1.23077	5	0	0
7	46500001	1.27773	1.23077	5	0	0
7	47000001	1.23822	1.23077	5	0	0
7	47500001	1.17029	1.23077	5	0	0
7	48000001	0.987358	0.982593	4	0	0
7	48500001	1.01299	0.982593	4	0	0
7	49000001	0.995334	0.982593	4	0	0
7	49500001	0.952834	0.982593	4	0	0
7	50000001	0.916966	0.982593	4	0	0
7	50500001	0.956102	0.982593	4	0	0
7	51000001	0.929237	0.982593	4	0	0
7	51500001	0.929327	0.982593	4	0	0
7	52000001	0.957602	0.982593	4	0	0
7	52500001	0.943138	0.982593	4	0	0
7	53000001	0.970681	0.982593	4	0	0
7	53500001	1.00584	0.982593	4	0	0
7	54000001	0.98982	0.982593	4	0	0
7	54500001	1.04502	0.982593	4	0	0
7	55000001	1.01989	0.982593	4	0	0
7	55500001	0.977829	0.982593	4	0	0
7	56000001	1.03754	0.982593	4	0	0
7	56500001	1.00652	0.982593	4	0	0
7	57000001	0.924772	0.982593	4	0	0
7	57500001	1.01479	0.982593	4	0	0
7	58000001	1.55214	1.55214	6	0	0
7	58500001	1.19558	1.09141	4	0	0
7	59000001	1.07872	1.09141	4	0	0
7	59500001	1.1041	1.09141	4	0	0
7	60000001	0.987488	1.09141	4	0	0
7	60500001	1.53071	1.53071	6	0	0
7	61000001	1.05765	1.00286	4	0	0
7	61500001	-1	1.00286	4	0	0
7	62000001	1.16386	1.00286	4	0	0
7	62500001	1.06252	1.00286	4	0	0
7	63000001	0.939109	1.00286	4	0	0
7	63500001	0.961979	1.00286	4	0	0
7	64000001	0.932327	1.00286	4	0	0
7	64500001	0.960707	1.00286	4	0	0
7	65000001	0.985164	1.00286	4	0	0
7	65500001	1.03677	1.00286	4	0	0
7	66000001	0.993747	1.00286	4	0	0
7	66500001	1.03964	1.00286	4	0	0
7	67000001	1.00407	1.00286	4	0	0
7	67500001	0.915385	1.00286	4	0	0
7	68000001	0.913356	1.00286	4	0	0
7	68500001	0.908218	1.00286	4	0	0
7	69000001	0.928455	1.00286	4	0	0
7	69500001	0.960834	1.00286	4	0	0
7	70000001	0.987667	1.00286	4	0	0
7	70500001	0.944218	1.00286	4	0	0
7	71000001	0.933792	1.00286	4	0	0
7	71500001	0.941581	1.00286	4	0	0
7	72000001	0.923515	1.00286	4	0	0
7	72500001	0.974233	1.00286	4	0	0
7	73000001	1.0122	1.00286	4	0	0
7	73500001	1.00566	1.00286	4	0	0
7	74000001	0.972913	1.00286	4	0	0
7	74500001	1.01368	1.00286	4	0	0
7	75000001	0.956179	1.00286	4	0	0
7	75500001	0.966991	1.00286	4	0	0
7	76000001	0.984558	1.00286	4	0	0
7	76500001	1.03651	1.00286	4	0	0
7	77000001	0.992518	1.00286	4	0	0
7	77500001	0.99166	1.00286	4	0	0
7	78000001	0.983196	1.00286	4	0	0
7	78500001	1.01166	1.00286	4	0	0
7	79000001	0.974807	1.00286	4	0	0
7	79500001	0.983683	1.00286	4	0	0
7	80000001	1.07085	1.00286	4	0	0
7	80500001	1.07506	1.00286	4	0	0
7	81000001	1.01963	1.00286	4	0	0
7	81500001	1.01474	1.00286	4	0	0
7	82000001	0.986937	1.00286	4	0	0
7	82500001	0.992422	1.00286	4	0	0
7	83000001	1.00505	1.00286	4	0	0
7	83500001	1.06533	1.00286	4	0	0
7	84000001	1.06409	1.00286	4	0	0
7	84500001	1.02393	1.00286	4	0	0
7	85000001	1.03548	1.00286	4	0	0
7	85500001	1.05693	1.00286	4	0	0
7	86000001	1.03099	1.00286	4	0	0
7	86500001	0.999873	1.00286	4	0	0
7	87000001	1.04391	1.00286	4	0	0
7	87500001	0.987985	1.00286	4	0	0
7	88000001	1.01575	1.00286	4	0	0
7	88500001	1.0064	1.00286	4	0	0
7	89000001	0.981383	1.00286	4	0	0
7	89500001	1.00733	1.00286	4	0	0
7	90000001	1.04491	1.00286	4	0	0
7	90500001	0.998713	1.00286	4	0	0
7	91000001	1.03203	1.00286	4	0	0
7	91500001	1.05914	1.00286	4	0	0
7	92000001	1.01769	1.00286	4	0	0
7	92500001	1.07048	1.00286	4	0	0
7	93000001	1.01337	1.00286	4	0	0
7	93500001	0.982726	1.00286	4	0	0
7	94000001	1.01377	1.00286	4	0	0
7	94500001	1.03307	1.00286	4	0	0
7	95000001	1.01414	1.00286	4	0	0
7	95500001	1.0163	1.00286	4	0	0
7	96000001	1.01	1.00286	4	0	0
7	96500001	1.04972	1.00286	4	0	0
7	97000001	0.990629	1.00286	4	0	0
7	97500001	1.00165	1.00286	4	0	0
7	98000001	0.997898	1.00286	4	0	0
7	98500001	0.9956	1.00286	4	0	0
7	99000001	0.992458	1.00286	4	0	0
7	99500001	1.05411	1.00286	4	0	0
7	100000001	0.981134	1.00286	4	0	0
7	100500001	1.0903	1.00286	4	0	0
7	101000001	0.994006	1.00286	4	0	0
7	101500001	0.999755	1.00286	4	0	0
7	102000001	1.09897	1.00286	4	0	0
7	102500001	1.75141	1.75141	7	0	0
7	103000001	1.01196	1.0103	4	0	0
7	103500001	1.02195	1.0103	4	0	0
7	104000001	1.01495	1.0103	4	0	0
7	104500001	0.994699	1.0103	4	0	0
7	105000001	0.981177	1.0103	4	0	0
7	105500001	0.978978	1.0103	4	0	0
7	106000001	1.03094	1.0103	4	0	0
7	106500001	1.00495	1.0103	4	0	0
7	107000001	0.996317	1.0103	4	0	0
7	107500001	1.00381	1.0103	4	0	0
7	108000001	1.03155	1.0103	4	0	0
7	108500001	1.01452	1.0103	4	0	0
7	109000001	1.03556	1.0103	4	0	0
7	109500001	1.01246	1.0103	4	0	0
7	110000001	1.00865	1.0103	4	0	0
7	110500001	0.968436	1.0103	4	0	0
7	111000001	0.671121	0.655895	3	0	0
7	111500001	0.64067	0.655895	3	0	0
7	112000001	0.960561	0.995087	4	0	0
7	112500001	1.04352	0.995087	4	0	0
7	113000001	1.05731	0.995087	4	0	0
7	113500001	0.966325	0.995087	4	0	0
7	114000001	0.982718	0.995087	4	0	0
7	114500001	1.04836	0.995087	4	0	0
7	115000001	1.02836	0.995087	4	0	0
7	115500001	1.0534	0.995087	4	0	0
7	116000001	1.07159	0.995087	4	0	0
7	116500001	1.04718	0.995087	4	0	0
7	117000001	1.01044	0.995087	4	0	0
7	117500001	0.994657	0.995087	4	0	0
7	118000001	0.981922	0.995087	4	0	0
7	118500001	1.0079	0.995087	4	0	0
7	119000001	0.982284	0.995087	4	0	0
7	119500001	0.983481	0.995087	4	0	0
7	120000001	0.985855	0.995087	4	0	0
7	120500001	1.02973	0.995087	4	0	0
7	121000001	1.06438	0.995087	4	0	0
7	121500001	1.04538	0.995087	4	0	0
7	122000001	0.995517	0.995087	4	0	0
7	122500001	0.977579	0.995087	4	0	0
7	123000001	1.0022	0.995087	4	0	0
7	123500001	1.04504	0.995087	4	0	0
7	124000001	1.00279	0.995087	4	0	0
7	124500001	0.975994	0.995087	4	0	0
7	125000001	0.984285	0.995087	4	0	0
7	125500001	0.966627	0.995087	4	0	0
7	126000001	1.02471	0.995087	4	0	0
7	126500001	0.953838	0.995087	4	0	0
7	127000001	0.990568	0.995087	4	0	0
7	127500001	0.994271	0.995087	4	0	0
7	128000001	1.00064	0.995087	4	0	0
7	128500001	1.02682	0.995087	4	0	0
7	129000001	1.02166	0.995087	4	0	0
7	129500001	1.00275	0.995087	4	0	0
7	130000001	1.02086	0.995087	4	0	0
7	130500001	1.04819	0.995087	4	0	0
7	131000001	1.00588	0.995087	4	0	0
7	131500001	0.971319	0.995087	4	0	0
7	132000001	0.953935	0.995087	4	0	0
7	132500001	0.992184	0.995087	4	0	0
7	133000001	0.971123	0.995087	4	0	0
7	133500001	0.99764	0.995087	4	0	0
7	134000001	1.02305	0.995087	4	0	0
7	134500001	1.03484	0.995087	4	0	0
7	135000001	0.957074	0.995087	4	0	0
7	135500001	0.999379	0.995087	4	0	0
7	136000001	0.992851	0.995087	4	0	0
7	136500001	0.998445	0.995087	4	0	0
7	137000001	0.958825	0.995087	4	0	0
7	137500001	0.963376	0.995087	4	0	0
7	138000001	0.898824	0.995087	4	0	0
7	138500001	0.964535	0.995087	4	0	0
7	139000001	0.991584	0.995087	4	0	0
7	139500001	0.999975	0.995087	4	0	0
7	140000001	0.964672	0.995087	4	0	0
7	140500001	0.991456	0.995087	4	0	0
7	141000001	0.943955	0.995087	4	0	0
7	141500001	0.910991	0.995087	4	0	0
7	142000001	0.500161	0.487991	2	0	0
7	142500001	0.466531	0.487991	2	0	0
7	143000001	0.515899	0.487991	2	0	0
7	143500001	0.451953	0.487991	2	0	0
7	144000001	0.690089	0.487991	2	0	0
7	144500001	0.468821	0.487991	2	0	0
7	145000001	0.490643	0.487991	2	0	0
7	145500001	0.454245	0.487991	2	0	0
7	146000001	0.47306	0.487991	2	0	0
7	146500001	0.487766	0.487991	2	0	0
7	147000001	0.506397	0.487991	2	0	0
7	147500001	0.471648	0.487991	2	0	0
7	148000001	0.495953	0.487991	2	0	0
7	148500001	0.495315	0.487991	2	0	0
7	149000001	0.503444	0.487991	2	0	0
7	149500001	0.45683	0.487991	2	0	0
7	150000001	0.463733	0.487991	2	0	0
7	150500001	0.49426	0.487991	2	0	0
7	151000001	0.487368	0.487991	2	0	0
7	151500001	0.487991	0.487991	2	0	0
7	152000001	0.530987	0.487991	2	0	0
7	152500001	0.482927	0.487991	2	0	0
7	153000001	0.490543	0.487991	2	0	0
7	153500001	0.484543	0.487991	2	0	0
7	154000001	0.652602	0.487991	2	0	0
7	154500001	0.931635	0.936952	4	0	0
7	155000001	0.936952	0.936952	4	0	0
7	155500001	0.993182	0.936952	4	0	0
7	156000001	0.700961	0.700961	3	0	0
7	156500001	0.499227	0.50272	2	0	0
7	157000001	0.509485	0.50272	2	0	0
7	157500001	0.506213	0.50272	2	0	0
7	158000001	0.494935	0.50272	2	0	0
7	158500001	0.520091	0.50272	2	0	0
7	159000001	0.346853	0.50272	2	0	0
8	1	0.933458	0.973932	4	0	0
8	500001	0.979751	0.973932	4	0	0
8	1000001	0.912557	0.973932	4	0	0
8	1500001	1.045	0.973932	4	0	0
8	2000001	0.990736	0.973932	4	0	0
8	2500001	0.950266	0.973932	4	0	0
8	3000001	0.976394	0.973932	4	0	0
8	3500001	0.931255	0.973932	4	0	0
8	4000001	0.962874	0.973932	4	0	0
8	4500001	0.946468	0.973932	4	0	0
8	5000001	0.960212	0.973932	4	0	0
8	5500001	0.951601	0.973932	4	0	0
8	6000001	0.974131	0.973932	4	0	0
8	6500001	1.00279	0.973932	4	0	0
8	7000001	0.789435	0.973932	4	0	0
8	7500001	0.652592	0.973932	4	0	0
8	8000001	0.632128	0.973932	4	0	0
8	8500001	1.02233	0.973932	4	0	0
8	9000001	0.974392	0.973932	4	0	0
8	9500001	0.973734	0.973932	4	0	0
8	10000001	1.02646	0.973932	4	0	0
8	10500001	1.03412	0.973932	4	0	0
8	11000001	0.984779	0.973932	4	0	0
8	11500001	1.03023	0.973932	4	0	0
8	12000001	0.717742	0.502081	2	0	0
8	12500001	0.713309	0.502081	2	0	0
8	13000001	0.498046	0.502081	2	0	0
8	13500001	0.524413	0.502081	2	0	0
8	14000001	0.825516	0.502081	2	0	0
8	14500001	0.498295	0.502081	2	0	0
8	15000001	0.471682	0.502081	2	0	0
8	15500001	0.475261	0.502081	2	0	0
8	16000001	0.474699	0.502081	2	0	0
8	16500001	0.509978	0.502081	2	0	0
8	17000001	0.520181	0.502081	2	0	0
8	17500001	0.517441	0.502081	2	0	0
8	18000001	0.516917	0.502081	2	0	0
8	18500001	0.478592	0.502081	2	0	0
8	19000001	0.486985	0.502081	2	0	0
8	19500001	0.48126	0.502081	2	0	0
8	20000001	0.478245	0.502081	2	0	0
8	20500001	0.463251	0.502081	2	0	0
8	21000001	0.495309	0.502081	2	0	0
8	21500001	0.490771	0.502081	2	0	0
8	22000001	0.487783	0.502081	2	0	0
8	22500001	0.51341	0.502081	2	0	0
8	23000001	0.513953	0.502081	2	0	0
8	23500001	0.52027	0.502081	2	0	0
8	24000001	0.499112	0.502081	2	0	0
8	24500001	0.579654	0.502081	2	0	0
8	25000001	0.489762	0.502081	2	0	0
8	25500001	0.495273	0.502081	2	0	0
8	26000001	0.49862	0.502081	2	0	0
8	26500001	0.490068	0.502081	2	0	0
8	27000001	0.50962	0.502081	2	0	0
8	27500001	0.517458	0.502081	2	0	0
8	28000001	0.507178	0.502081	2	0	0
8	28500001	0.545888	0.502081	2	0	0
8	29000001	0.514243	0.502081	2	0	0
8	29500001	0.494943	0.502081	2	0	0
8	30000001	0.503985	0.502081	2	0	0
8	30500001	0.513765	0.502081	2	0	0
8	31000001	0.502081	0.502081	2	0	0
8	31500001	0.962658	1.00041	4	0	0
8	32000001	0.994456	1.00041	4	0	0
8	32500001	1.0454	1.00041	4	0	0
8	33000001	0.997199	1.00041	4	0	0
8	33500001	0.982482	1.00041	4	0	0
8	34000001	0.996327	1.00041	4	0	0
8	34500001	0.989054	1.00041	4	0	0
8	35000001	0.975351	1.00041	4	0	0
8	35500001	0.96497	1.00041	4	0	0
8	36000001	1.02275	1.00041	4	0	0
8	36500001	1.04266	1.00041	4	0	0
8	37000001	1.00384	1.00041	4	0	0
8	37500001	1.01508	1.00041	4	0	0
8	38000001	1.01227	1.00041	4	0	0
8	38500001	0.978832	1.00041	4	0	0
8	39000001	1.04829	1.00041	4	0	0
8	39500001	1.02743	1.00041	4	0	0
8	40000001	0.999441	1.00041	4	0	0
8	40500001	1.00124	1.00041	4	0	0
8	41000001	0.990998	1.00041	4	0	0
8	41500001	1.01059	1.00041	4	0	0
8	42000001	1.00202	1.00041	4	0	0
8	42500001	0.998312	1.00041	4	0	0
8	43000001	0.995149	1.00041	4	0	0
8	43500001	1.0059	1.00041	4	0	0
8	44000001	1.24223	1.00041	4	0	0
8	44500001	1.16854	1.00041	4	0	0
8	45000001	1.02625	1.00041	4	0	0
8	45500001	1.02936	1.00041	4	0	0
8	46000001	1.01846	1.00041	4	0	0
8	46500001	1.01047	1.00041	4	0	0
8	47000001	0.972342	1.00041	4	0	0
8	47500001	0.987998	1.00041	4	0	0
8	48000001	1.02566	1.00041	4	0	0
8	48500001	0.990405	1.00041	4	0	0
8	49000001	1.05114	1.00041	4	0	0
8	49500001	1.02438	1.00041	4	0	0
8	50000001	0.977094	1.00041	4	0	0
8	50500001	0.999373	1.00041	4	0	0
8	51000001	0.97164	1.00041	4	0	0
8	51500001	1.03309	1.00041	4	0	0
8	52000001	1.01114	1.00041	4	0	0
8	52500001	1.00004	1.00041	4	0	0
8	53000001	0.969602	1.00041	4	0	0
8	53500001	1.02207	1.00041	4	0	0
8	54000001	1.00412	1.00041	4	0	0
8	54500001	0.963432	1.00041	4	0	0
8	55000001	0.949643	1.00041	4	0	0
8	55500001	0.983147	1.00041	4	0	0
8	56000001	0.99264	1.00041	4	0	0
8	56500001	0.916934	1.00041	4	0	0
8	57000001	1.01733	1.00041	4	0	0
8	57500001	0.940499	1.00041	4	0	0
8	58000001	0.96778	1.00041	4	0	0
8	58500001	1.01612	1.00041	4	0	0
8	59000001	1.03292	1.00041	4	0	0
8	59500001	0.99356	1.00041	4	0	0
8	60000001	0.963359	1.00041	4	0	0
8	60500001	0.988034	1.00041	4	0	0
8	61000001	0.995895	1.00041	4	0	0
8	61500001	0.997772	1.00041	4	0	0
8	62000001	0.993579	1.00041	4	0	0
8	62500001	0.963891	1.00041	4	0	0
8	63000001	0.959581	1.00041	4	0	0
8	63500001	0.979207	1.00041	4	0	0
8	64000001	0.978334	1.00041	4	0	0
8	64500001	1.0119	1.00041	4	0	0
8	65000001	0.971192	1.00041	4	0	0
8	65500001	0.992202	1.00041	4	0	0
8	66000001	1.02624	1.00041	4	0	0
8	66500001	1.0059	1.00041	4	0	0
8	67000001	0.97351	1.00041	4	0	0
8	67500001	1.0037	1.00041	4	0	0
8	68000001	1.00505	1.00041	4	0	0
8	68500001	0.948149	1.00041	4	0	0
8	69000001	0.93213	1.00041	4	0	0
8	69500001	0.93492	1.00041	4	0	0
8	70000001	0.943089	1.00041	4	0	0
8	70500001	1.00695	1.00041	4	0	0
8	71000001	0.960963	1.00041	4	0	0
8	71500001	0.970694	1.00041	4	0	0
8	72000001	0.958437	1.00041	4	0	0
8	72500001	1.03332	1.00041	4	0	0
8	73000001	1.02408	1.00041	4	0	0
8	73500001	0.965334	1.00041	4	0	0
8	74000001	0.943242	1.00041	4	0	0
8	74500001	1.007	1.00041	4	0	0
8	75000001	1.03086	1.00041	4	0	0
8	75500001	1.01119	1.00041	4	0	0
8	76000001	0.970147	1.00041	4	0	0
8	76500001	1.00774	1.00041	4	0	0
8	77000001	1.02442	1.00041	4	0	0
8	77500001	1.00772	1.00041	4	0	0
8	78000001	1.00666	1.00041	4	0	0
8	78500001	1.00128	1.00041	4	0	0
8	79000001	1.01997	1.00041	4	0	0
8	79500001	1.03063	1.00041	4	0	0
8	80000001	1.00077	1.00041	4	0	0
8	80500001	1.03223	1.00041	4	0	0
8	81000001	1.05607	1.00041	4	0	0
8	81500001	1.00078	1.00041	4	0	0
8	82000001	1.0038	1.00041	4	0	0
8	82500001	1.02854	1.00041	4	0	0
8	83000001	1.00393	1.00041	4	0	0
8	83500001	0.981227	1.00041	4	0	0
8	84000001	1.01649	1.00041	4	0	0
8	84500001	0.979869	1.00041	4	0	0
8	85000001	0.989403	1.00041	4	0	0
8	85500001	2.94147	2.94147	12	0	0
8	86000001	0.96874	0.993932	4	0	0
8	86500001	0.978384	0.993932	4	0	0
8	87000001	0.982242	0.993932	4	0	0
8	87500001	0.989206	0.993932	4	0	0
8	88000001	0.954847	0.993932	4	0	0
8	88500001	1.04152	0.993932	4	0	0
8	89000001	1.01199	0.993932	4	0	0
8	89500001	1.04942	0.993932	4	0	0
8	90000001	0.999448	0.993932	4	0	0
8	90500001	1.03251	0.993932	4	0	0
8	91000001	1.01064	0.993932	4	0	0
8	91500001	0.942134	0.993932	4	0	0
8	92000001	0.925955	0.993932	4	0	0
8	92500001	0.974232	0.993932	4	0	0
8	93000001	0.956968	0.993932	4	0	0
8	93500001	1.05976	0.993932	4	0	0
8	94000001	1.00753	0.993932	4	0	0
8	94500001	0.99595	0.993932	4	0	0
8	95000001	1.08293	0.993932	4	0	0
8	95500001	0.991914	0.993932	4	0	0
8	96000001	1.24186	1.25462	5	0	0
8	96500001	1.47905	1.25462	5	0	0
8	97000001	1.46248	1.25462	5	0	0
8	97500001	1.17696	1.25462	5	0	0
8	98000001	1.02774	1.25462	5	0	0
8	98500001	1.02117	1.25462	5	0	0
8	99000001	1.14553	1.25462	5	0	0
8	99500001	1.29302	1.25462	5	0	0
8	100000001	1.44235	1.25462	5	0	0
8	100500001	1.25464	1.25462	5	0	0
8	101000001	1.31795	1.25462	5	0	0
8	101500001	1.32634	1.25462	5	0	0
8	102000001	1.26101	1.25462	5	0	0
8	102500001	1.30244	1.25462	5	0	0
8	103000001	1.25461	1.25462	5	0	0
8	103500001	1.25128	1.25462	5	0	0
8	104000001	1.20291	1.25462	5	0	0
8	104500001	1.19747	1.25462	5	0	0
8	105000001	1.69864	1.95988	8	0	0
8	105500001	1.99786	1.95988	8	0	0
8	106000001	2.02504	1.95988	8	0	0
8	106500001	2.03506	1.95988	8	0	0
8	107000001	1.99141	1.95988	8	0	0
8	107500001	1.87459	1.95988	8	0	0
8	108000001	1.93962	1.95988	8	0	0
8	108500001	1.88142	1.95988	8	0	0
8	109000001	1.91635	1.95988	8	0	0
8	109500001	1.97147	1.95988	8	0	0
8	110000001	1.93231	1.95988	8	0	0
8	110500001	1.87476	1.95988	8	0	0
8	111000001	1.85099	1.95988	8	0	0
8	111500001	1.95988	1.95988	8	0	0
8	112000001	1.8526	1.95988	8	0	0
8	112500001	1.95836	1.95988	8	0	0
8	113000001	2.01219	1.95988	8	0	0
8	113500001	1.99966	1.95988	8	0	0
8	114000001	1.98996	1.95988	8	0	0
8	114500001	2.00045	1.95988	8	0	0
8	115000001	2.00149	1.95988	8	0	0
8	115500001	2.60712	2.51259	10	0	0
8	116000001	2.448	2.51259	10	0	0
8	116500001	2.44862	2.51259	10	0	0
8	117000001	2.54278	2.51259	10	0	0
8	117500001	2.47045	2.51259	10	0	0
8	118000001	2.51259	2.51259	10	0	0
8	118500001	2.59096	2.51259	10	0	0
8	119000001	2.91982	2.91982	12	0	0
8	119500001	3.7004	3.65503	15	0	0
8	120000001	3.60967	3.65503	15	0	0
8	120500001	3.1566	3.1566	13	0	0
8	121000001	2.47064	2.68716	11	0	0
8	121500001	2.44066	2.68716	11	0	0
8	122000001	2.56263	2.68716	11	0	0
8	122500001	2.59339	2.68716	11	0	0
8	123000001	2.52852	2.68716	11	0	0
8	123500001	2.66896	2.68716	11	0	0
8	124000001	2.74067	2.68716	11	0	0
8	124500001	2.80015	2.68716	11	0	0
8	125000001	2.764	2.68716	11	0	0
8	125500001	2.74065	2.68716	11	0	0
8	126000001	2.71781	2.68716	11	0	0
8	126500001	2.73408	2.68716	11	0	0
8	127000001	2.76989	2.68716	11	0	0
8	127500001	2.7167	2.68716	11	0	0
8	128000001	2.65601	2.68716	11	0	0
8	128500001	2.68959	2.68716	11	0	0
8	129000001	2.72397	2.68716	11	0	0
8	129500001	2.82268	2.68716	11	0	0
8	130000001	2.76285	2.68716	11	0	0
8	130500001	2.85	2.68716	11	0	0
8	131000001	2.74414	2.68716	11	0	0
8	131500001	2.68473	2.68716	11	0	0
8	132000001	2.64047	2.68716	11	0	0
8	132500001	2.74802	2.68716	11	0	0
8	133000001	2.72936	2.68716	11	0	0
8	133500001	2.73502	2.68716	11	0	0
8	134000001	2.63272	2.68716	11	0	0
8	134500001	2.61425	2.68716	11	0	0
8	135000001	2.66756	2.68716	11	0	0
8	135500001	2.52695	2.68716	11	0	0
8	136000001	2.60176	2.68716	11	0	0
8	136500001	2.64878	2.68716	11	0	0
8	137000001	2.60449	2.68716	11	0	0
8	137500001	2.55577	2.68716	11	0	0
8	138000001	2.57145	2.68716	11	0	0
8	138500001	2.60259	2.68716	11	0	0
8	139000001	2.61581	2.68716	11	0	0
8	139500001	2.69457	2.68716	11	0	0
8	140000001	2.77752	2.68716	11	0	0
8	140500001	2.77471	2.68716	11	0	0
8	141000001	2.31342	2.00122	8	0	0
8	141500001	1.92996	2.00122	8	0	0
8	142000001	1.89653	2.00122	8	0	0
8	142500001	1.94608	2.00122	8	0	0
8	143000001	1.97929	2.00122	8	0	0
8	143500001	2.05221	2.00122	8	0	0
8	144000001	2.02316	2.00122	8	0	0
8	144500001	2.07779	2.00122	8	0	0
8	145000001	-1	-1	-1	0	0
9	1	0.630299	0.497504	2	0	0
9	500001	0.530065	0.497504	2	0	0
9	1000001	0.51827	0.497504	2	0	0
9	1500001	0.42388	0.497504	2	0	0
9	2000001	0.527314	0.497504	2	0	0
9	2500001	0.455655	0.497504	2	0	0
9	3000001	0.522308	0.497504	2	0	0
9	3500001	0.505104	0.497504	2	0	0
9	4000001	0.49502	0.497504	2	0	0
9	4500001	0.506146	0.497504	2	0	0
9	5000001	0.5144	0.497504	2	0	0
9	5500001	0.525274	0.497504	2	0	0
9	6000001	0.498361	0.497504	2	0	0
9	6500001	0.495358	0.497504	2	0	0
9	7000001	0.483844	0.497504	2	0	0
9	7500001	0.480687	0.497504	2	0	0
9	8000001	0.482205	0.497504	2	0	0
9	8500001	0.475077	0.497504	2	0	0
9	9000001	0.486816	0.497504	2	0	0
9	9500001	0.495417	0.497504	2	0	0
9	10000001	0.5014	0.497504	2	0	0
9	10500001	0.482369	0.497504	2	0	0
9	11000001	0.474363	0.497504	2	0	0
9	11500001	0.52221	0.497504	2	0	0
9	12000001	0.51759	0.497504	2	0	0
9	12500001	0.536279	0.497504	2	0	0
9	13000001	0.495719	0.497504	2	0	0
9	13500001	0.49827	0.497504	2	0	0
9	14000001	0.479083	0.497504	2	0	0
9	14500001	0.497504	0.497504	2	0	0
9	15000001	0.52573	0.497504	2	0	0
9	15500001	0.503639	0.497504	2	0	0
9	16000001	0.488915	0.497504	2	0	0
9	16500001	0.484341	0.497504	2	0	0
9	17000001	0.441848	0.497504	2	0	0
9	17500001	0.145975	0.145975	1	0	0
9	18000001	0.494936	0.495604	2	0	0
9	18500001	0.51726	0.495604	2	0	0
9	19000001	0.508134	0.495604	2	0	0
9	19500001	0.535866	0.495604	2	0	0
9	20000001	0.49768	0.495604	2	0	0
9	20500001	0.54223	0.495604	2	0	0
9	21000001	0.513477	0.495604	2	0	0
9	21500001	0.413976	0.495604	2	0	0
9	22000001	0.43988	0.495604	2	0	0
9	22500001	0.527678	0.495604	2	0	0
9	23000001	0.495604	0.495604	2	0	0
9	23500001	0.480158	0.495604	2	0	0
9	24000001	0.494017	0.495604	2	0	0
9	24500001	0.492492	0.495604	2	0	0
9	25000001	0.455904	0.495604	2	0	0
9	25500001	0.467715	0.495604	2	0	0
9	26000001	0.480399	0.495604	2	0	0
9	26500001	0.521542	0.495604	2	0	0
9	27000001	0.512997	0.495604	2	0	0
9	27500001	0.500345	0.495604	2	0	0
9	28000001	0.521881	0.495604	2	0	0
9	28500001	0.489956	0.495604	2	0	0
9	29000001	0.485617	0.495604	2	0	0
9	29500001	1.00352	1.01203	4	0	0
9	30000001	0.996972	1.01203	4	0	0
9	30500001	0.963766	1.01203	4	0	0
9	31000001	0.99214	1.01203	4	0	0
9	31500001	1.00017	1.01203	4	0	0
9	32000001	1.03855	1.01203	4	0	0
9	32500001	1.0051	1.01203	4	0	0
9	33000001	1.09027	1.01203	4	0	0
9	33500001	1.0281	1.01203	4	0	0
9	34000001	1.0156	1.01203	4	0	0
9	34500001	0.970857	1.01203	4	0	0
9	35000001	1.0024	1.01203	4	0	0
9	35500001	1.04749	1.01203	4	0	0
9	36000001	1.05508	1.01203	4	0	0
9	36500001	1.00846	1.01203	4	0	0
9	37000001	0.996336	1.01203	4	0	0
9	37500001	1.0497	1.01203	4	0	0
9	38000001	1.04577	1.01203	4	0	0
9	38500001	1.11287	1.01203	4	0	0
9	39000001	1.06693	1.01203	4	0	0
9	39500001	1.19322	1.01203	4	0	0
9	40000001	0.923793	1.01203	4	0	0
9	40500001	1.3429	1.3429	5	0	0
9	41000001	1.44089	1.3429	5	0	0
9	41500001	1.27642	1.3429	5	0	0
9	42000001	0.981238	0.923415	4	0	0
9	42500001	0.865592	0.923415	4	0	0
9	43000001	1.24011	1.24011	5	0	0
9	43500001	2.49402	2.49402	10	0	0
9	44000001	1.88807	1.88807	8	0	0
9	44500001	1.35707	1.35707	5	0	0
9	45000001	0.874308	-1	-1	0	0
9	45500001	-1	-1	-1	0	0
9	46000001	-1	-1	-1	0	0
9	46500001	-1	-1	-1	0	0
9	47000001	-1	-1	-1	0	0
9	47500001	-1	-1	-1	0	0
9	48000001	-1	-1	-1	0	0
9	48500001	-1	-1	-1	0	0
9	49000001	-1	-1	-1	0	0
9	49500001	-1	-1	-1	0	0
9	50000001	-1	-1	-1	0	0
9	50500001	-1	-1	-1	0	0
9	51000001	-1	-1	-1	0	0
9	51500001	-1	-1	-1	0	0
9	52000001	-1	-1	-1	0	0
9	52500001	-1	-1	-1	0	0
9	53000001	-1	-1	-1	0	0
9	53500001	-1	-1	-1	0	0
9	54000001	-1	-1	-1	0	0
9	54500001	-1	-1	-1	0	0
9	55000001	-1	-1	-1	0	0
9	55500001	-1	-1	-1	0	0
9	56000001	-1	-1	-1	0	0
9	56500001	-1	-1	-1	0	0
9	57000001	-1	-1	-1	0	0
9	57500001	-1	-1	-1	0	0
9	58000001	-1	-1	-1	0	0
9	58500001	-1	-1	-1	0	0
9	59000001	-1	-1	-1	0	0
9	59500001	-1	-1	-1	0	0
9	60000001	-1	-1	-1	0	0
9	60500001	-1	-1	-1	0	0
9	61000001	-1	-1	-1	0	0
9	61500001	0.910746	-1	-1	0	0
9	62000001	-1	-1	-1	0	0
9	62500001	-1	-1	-1	0	0
9	63000001	0.755131	-1	-1	0	0
9	63500001	-1	-1	-1	0	0
9	64000001	-1	-1	-1	0	0
9	64500001	0.794306	-1	-1	0	0
9	65000001	-1	-1	-1	0	0
9	65500001	1.04906	1.00698	4	0	0
9	66000001	-1	1.00698	4	0	0
9	66500001	-1	1.00698	4	0	0
9	67000001	1.02765	1.00698	4	0	0
9	67500001	-1	1.00698	4	0	0
9	68000001	-1	1.00698	4	0	0
9	68500001	0.991386	1.00698	4	0	0
9	69000001	0.972006	1.00698	4	0	0
9	69500001	1.00121	1.00698	4	0	0
9	70000001	1.02554	1.00698	4	0	0
9	70500001	0.936267	1.00698	4	0	0
9	71000001	1.00634	1.00698	4	0	0
9	71500001	1.00045	1.00698	4	0	0
9	72000001	0.998191	1.00698	4	0	0
9	72500001	1.04864	1.00698	4	0	0
9	73000001	1.07881	1.00698	4	0	0
9	73500001	1.03854	1.00698	4	0	0
9	74000001	1.03932	1.00698	4	0	0
9	74500001	1.01	1.00698	4	0	0
9	75000001	0.986829	1.00698	4	0	0
9	75500001	0.960813	1.00698	4	0	0
9	76000001	1.02787	1.00698	4	0	0
9	76500001	1.03163	1.00698	4	0	0
9	77000001	0.956661	1.00698	4	0	0
9	77500001	1.00698	1.00698	4	0	0
9	78000001	1.03581	1.00698	4	0	0
9	78500001	1.00304	1.00698	4	0	0
9	79000001	0.975292	0.981841	4	0	0
9	79500001	0.984728	0.981841	4	0	0
9	80000001	0.942902	0.981841	4	0	0
9	80500001	0.964432	0.981841	4	0	0
9	81000001	0.935148	0.981841	4	0	0
9	81500001	0.948677	0.981841	4	0	0
9	82000001	0.98716	0.981841	4	0	0
9	82500001	0.983985	0.981841	4	0	0
9	83000001	0.996109	0.981841	4	0	0
9	83500001	1.02821	0.981841	4	0	0
9	84000001	0.927523	0.981841	4	0	0
9	84500001	0.927088	0.981841	4	0	0
9	85000001	0.958837	0.981841	4	0	0
9	85500001	0.957534	0.981841	4	0	0
9	86000001	0.978075	0.981841	4	0	0
9	86500001	0.963495	0.981841	4	0	0
9	87000001	1.01004	0.981841	4	0	0
9	87500001	0.962563	0.981841	4	0	0
9	88000001	0.975927	0.981841	4	0	0
9	88500001	0.985095	0.981841	4	0	0
9	89000001	0.946691	0.981841	4	0	0
9	89500001	0.967783	0.981841	4	0	0
9	90000001	0.98043	0.981841	4	0	0
9	90500001	0.940501	0.981841	4	0	0
9	91000001	0.994893	0.981841	4	0	0
9	91500001	0.980824	0.981841	4	0	0
9	92000001	1.0167	0.981841	4	0	0
9	92500001	1.03727	0.981841	4	0	0
9	93000001	1.01328	0.981841	4	0	0
9	93500001	1.0016	0.981841	4	0	0
9	94000001	0.969406	0.981841	4	0	0
9	94500001	1.01864	0.981841	4	0	0
9	95000001	0.969267	0.981841	4	0	0
9	95500001	0.991681	0.981841	4	0	0
9	96000001	0.994909	0.981841	4	0	0
9	96500001	0.981871	0.981841	4	0	0
9	97000001	0.995752	0.981841	4	0	0
9	97500001	1.05388	0.981841	4	0	0
9	98000001	0.990045	0.981841	4	0	0
9	98500001	0.977067	0.981841	4	0	0
9	99000001	0.960455	0.981841	4	0	0
9	99500001	0.983095	0.981841	4	0	0
9	100000001	0.960936	0.981841	4	0	0
9	100500001	0.940725	0.981841	4	0	0
9	101000001	1.00696	0.981841	4	0	0
9	101500001	1.02711	0.981841	4	0	0
9	102000001	0.963741	0.981841	4	0	0
9	102500001	0.965349	0.981841	4	0	0
9	103000001	0.971681	0.981841	4	0	0
9	103500001	0.94434	0.981841	4	0	0
9	104000001	0.950268	0.981841	4	0	0
9	104500001	0.957605	0.981841	4	0	0
9	105000001	0.956497	0.981841	4	0	0
9	105500001	0.998125	0.981841	4	0	0
9	106000001	0.974517	0.981841	4	0	0
9	106500001	0.995614	0.981841	4	0	0
9	107000001	1.00841	0.981841	4	0	0
9	107500001	0.974925	0.981841	4	0	0
9	108000001	0.985482	0.981841	4	0	0
9	108500001	0.991301	0.981841	4	0	0
9	109000001	1.02539	0.981841	4	0	0
9	109500001	0.969188	0.981841	4	0	0
9	110000001	0.99401	0.981841	4	0	0
9	110500001	0.98181	0.981841	4	0	0
9	111000001	1.0061	0.981841	4	0	0
9	111500001	0.99359	0.981841	4	0	0
9	112000001	1.12908	0.981841	4	0	0
9	112500001	1.03467	0.981841	4	0	0
9	113000001	1.00694	0.981841	4	0	0
9	113500001	1.02114	0.981841	4	0	0
9	114000001	0.994016	0.981841	4	0	0
9	114500001	1.00041	0.981841	4	0	0
9	115000001	0.998533	0.981841	4	0	0
9	115500001	1.00678	0.981841	4	0	0
9	116000001	0.984859	0.981841	4	0	0
9	116500001	0.957393	0.981841	4	0	0
9	117000001	0.917863	0.981841	4	0	0
9	117500001	0.939565	0.981841	4	0	0
9	118000001	0.926995	0.981841	4	0	0
9	118500001	0.929126	0.981841	4	0	0
9	119000001	0.92377	0.981841	4	0	0
9	119500001	0.969754	0.981841	4	0	0
9	120000001	1.00579	0.981841	4	0	0
9	120500001	1.00324	0.981841	4	0	0
9	121000001	0.5237	0.506689	2	0	0
9	121500001	0.489678	0.506689	2	0	0
9	122000001	0.902558	0.977985	4	0	0
9	122500001	0.974384	0.977985	4	0	0
9	123000001	0.923169	0.977985	4	0	0
9	123500001	0.901866	0.977985	4	0	0
9	124000001	0.953815	0.977985	4	0	0
9	124500001	1.02201	0.977985	4	0	0
9	125000001	0.974875	0.977985	4	0	0
9	125500001	0.998416	0.977985	4	0	0
9	126000001	0.992646	0.977985	4	0	0
9	126500001	0.985964	0.977985	4	0	0
9	127000001	1.04084	0.977985	4	0	0
9	127500001	0.970257	0.977985	4	0	0
9	128000001	0.980913	0.977985	4	0	0
9	128500001	1.02058	0.977985	4	0	0
9	129000001	0.993049	0.977985	4	0	0
9	129500001	0.982643	0.977985	4	0	0
9	130000001	0.975057	0.977985	4	0	0
9	130500001	1.04655	0.977985	4	0	0
9	131000001	1.00298	0.977985	4	0	0
9	131500001	0.990336	0.977985	4	0	0
9	132000001	0.967961	0.977985	4	0	0
9	132500001	0.986282	0.977985	4	0	0
9	133000001	0.967425	0.977985	4	0	0
9	133500001	0.972504	0.977985	4	0	0
9	134000001	0.967968	0.977985	4	0	0
9	134500001	0.962917	0.977985	4	0	0
9	135000001	0.928287	0.977985	4	0	0
9	135500001	0.962133	0.977985	4	0	0
9	136000001	0.974248	0.977985	4	0	0
9	136500001	0.99337	0.977985	4	0	0
9	137000001	1.01197	0.977985	4	0	0
9	137500001	1.01286	0.977985	4	0	0
9	138000001	-1	-1	-1	0	0
GL000008.2	1	0.648894	0.648894	3	0	0
GL000009.2	1	0.299034	0.299034	1	0	0
GL000194.1	1	0.471503	0.471503	2	0	0
GL000195.1	1	0.501048	0.501048	2	0	0
GL000205.2	1	0.757196	0.757196	3	0	0
GL000208.1	1	0.869579	0.869579	3	0	0
GL000213.1	1	0.159112	0.159112	1	0	0
GL000214.1	1	1.87156	1.87156	7	0	0
GL000216.2	1	1.21738	1.21738	5	0	0
GL000218.1	1	0.264896	0.264896	1	0	0
GL000219.1	1	0.515843	0.515843	2	0	0
GL000220.1	1	2.1603	2.1603	9	0	0
GL000221.1	1	0.635344	0.635344	3	0	0
GL000224.1	1	1.95456	1.95456	8	0	0
GL000225.1	1	1.41085	1.41085	6	0	0
GL000226.1	1	0.838586	0.838586	3	0	0
KI270302.1	1	0.000702482	0.000702482	0	0	0
KI270303.1	1	0.00145293	0.00145293	0	0	0
KI270304.1	1	0.000729761	0.000729761	0	0	0
KI270305.1	1	0.0042294	0.0042294	0	0	0
KI270310.1	1	0.0167569	0.0167569	0	0	0
KI270311.1	1	-1	-1	-1	0	0
KI270312.1	1	0.00190885	0.00190885	0	0	0
KI270315.1	1	0.00482889	0.00482889	0	0	0
KI270316.1	1	0.00111301	0.00111301	0	0	0
KI270317.1	1	-1	-1	-1	0	0
KI270320.1	1	0.0080652	0.0080652	0	0	0
KI270322.1	1	-1	-1	-1	0	0
KI270329.1	1	0.0121458	0.0121458	0	0	0
KI270330.1	1	0.0665866	0.0665866	0	0	0
KI270333.1	1	1.57507	1.57507	6	0	0
KI270334.1	1	0	0	0	0	0
KI270335.1	1	0.00142825	0.00142825	0	0	0
KI270336.1	1	0.187528	0.187528	1	0	0
KI270337.1	1	0.611257	0.611257	2	0	0
KI270338.1	1	0.000713531	0.000713531	0	0	0
KI270340.1	1	0.00179156	0.00179156	0	0	0
KI270362.1	1	0.0117006	0.0117006	0	0	0
KI270363.1	1	0.00333508	0.00333508	0	0	0
KI270364.1	1	0.0128525	0.0128525	0	0	0
KI270366.1	1	0.0389547	0.0389547	0	0	0
KI270371.1	1	0.00266588	0.00266588	0	0	0
KI270372.1	1	0	0	0	0	0
KI270373.1	1	0.00220715	0.00220715	0	0	0
KI270374.1	1	0.00269357	0.00269357	0	0	0
KI270375.1	1	0.00313741	0.00313741	0	0	0
KI270376.1	1	0.00038779	0.00038779	0	0	0
KI270378.1	1	0.00110666	0.00110666	0	0	0
KI270379.1	1	0.00225678	0.00225678	0	0	0
KI270381.1	1	0.00187397	0.00187397	0	0	0
KI270382.1	1	0.00380893	0.00380893	0	0	0
KI270383.1	1	0.00150333	0.00150333	0	0	0
KI270384.1	1	0.00114417	0.00114417	0	0	0
KI270385.1	1	0.000383748	0.000383748	0	0	0
KI270386.1	1	0	0	0	0	0
KI270387.1	1	0.0104972	0.0104972	0	0	0
KI270388.1	1	0	0	0	0	0
KI270389.1	1	0.00647311	0.00647311	0	0	0
KI270390.1	1	0.00840853	0.00840853	0	0	0
KI270391.1	1	0	0	0	0	0
KI270392.1	1	0	0	0	0	0
KI270393.1	1	0.000750522	0.000750522	0	0	0
KI270394.1	1	0.00153769	0.00153769	0	0	0
KI270395.1	1	0.0233618	0.0233618	0	0	0
KI270396.1	1	0.00189469	0.00189469	0	0	0
KI270411.1	1	0.0108929	0.0108929	0	0	0
KI270412.1	1	0.00964471	0.00964471	0	0	0
KI270414.1	1	0.00149987	0.00149987	0	0	0
KI270417.1	1	0.00698917	0.00698917	0	0	0
KI270418.1	1	0.00757252	0.00757252	0	0	0
KI270419.1	1	0.00367324	0.00367324	0	0	0
KI270420.1	1	0.0128482	0.0128482	0	0	0
KI270422.1	1	0.00575069	0.00575069	0	0	0
KI270423.1	1	0.0072594	0.0072594	0	0	0
KI270424.1	1	0.00307599	0.00307599	0	0	0
KI270425.1	1	0.00330754	0.00330754	0	0	0
KI270429.1	1	0.00730522	0.00730522	0	0	0
KI270435.1	1	0.414303	0.414303	2	0	0
KI270438.1	1	-1	-1	-1	0	0
KI270442.1	1	1.71614	1.71614	7	0	0
KI270448.1	1	0.0333486	0.0333486	0	0	0
KI270465.1	1	0.00491712	0.00491712	0	0	0
KI270466.1	1	0	0	0	0	0
KI270467.1	1	0.168599	0.168599	1	0	0
KI270468.1	1	0.0100336	0.0100336	0	0	0
KI270507.1	1	0.0487504	0.0487504	0	0	0
KI270508.1	1	0.0196714	0.0196714	0	0	0
KI270509.1	1	0.0256051	0.0256051	0	0	0
KI270510.1	1	0.0180681	0.0180681	0	0	0
KI270511.1	1	0.032149	0.032149	0	0	0
KI270512.1	1	0.0746067	0.0746067	0	0	0
KI270515.1	1	0.0663079	0.0663079	0	0	0
KI270516.1	1	0.0136742	0.0136742	0	0	0
KI270517.1	1	0.034272	0.034272	0	0	0
KI270518.1	1	0.0175809	0.0175809	0	0	0
KI270519.1	1	0.660453	0.660453	3	0	0
KI270521.1	1	0.0188144	0.0188144	0	0	0
KI270522.1	1	0.0145261	0.0145261	0	0	0
KI270528.1	1	0.00239228	0.00239228	0	0	0
KI270529.1	1	0.00256947	0.00256947	0	0	0
KI270530.1	1	0.00515272	0.00515272	0	0	0
KI270538.1	1	-1	-1	-1	0	0
KI270539.1	1	0	0	0	0	0
KI270544.1	1	0.0116983	0.0116983	0	0	0
KI270548.1	1	0	0	0	0	0
KI270579.1	1	0.00698591	0.00698591	0	0	0
KI270580.1	1	0.0149713	0.0149713	0	0	0
KI270581.1	1	0.0194042	0.0194042	0	0	0
KI270582.1	1	0.00217514	0.00217514	0	0	0
KI270583.1	1	0.00611979	0.00611979	0	0	0
KI270584.1	1	0.0239637	0.0239637	0	0	0
KI270587.1	1	0.0315374	0.0315374	0	0	0
KI270588.1	1	0.012123	0.012123	0	0	0
KI270589.1	1	-1	-1	-1	0	0
KI270590.1	1	0.0269321	0.0269321	0	0	0
KI270591.1	1	0.0194312	0.0194312	0	0	0
KI270593.1	1	0.00498857	0.00498857	0	0	0
KI270706.1	1	0.286335	0.286335	1	0	0
KI270707.1	1	0.0431269	0.0431269	0	0	0
KI270708.1	1	0.14065	0.14065	1	0	0
KI270709.1	1	0.987161	0.987161	4	0	0
KI270710.1	1	0.0552842	0.0552842	0	0	0
KI270711.1	1	0.321192	0.321192	1	0	0
KI270712.1	1	0.444918	0.444918	2	0	0
KI270713.1	1	0.155739	0.155739	1	0	0
KI270714.1	1	0.0661344	0.0661344	0	0	0
KI270715.1	1	0.156314	0.156314	1	0	0
KI270716.1	1	0.1585	0.1585	1	0	0
KI270717.1	1	0.0700717	0.0700717	0	0	0
KI270718.1	1	0.0968071	0.0968071	0	0	0
KI270719.1	1	0.409742	0.409742	2	0	0
KI270720.1	1	0.151774	0.151774	1	0	0
KI270721.1	1	0.048356	0.048356	0	0	0
KI270722.1	1	0.0832171	0.0832171	0	0	0
KI270723.1	1	0.070657	0.070657	0	0	0
KI270724.1	1	0.0856864	0.0856864	0	0	0
KI270725.1	1	0.40217	0.40217	2	0	0
KI270726.1	1	0.22154	0.22154	1	0	0
KI270727.1	1	2.24692	2.24692	9	0	0
KI270728.1	1	-1	0.510588	2	0	0
KI270728.1	500001	0.451985	0.510588	2	0	0
KI270728.1	1000001	0.696736	0.510588	2	0	0
KI270728.1	1500001	0.510588	0.510588	2	0	0
KI270729.1	1	2.78279	2.78279	11	0	0
KI270730.1	1	0.416075	0.416075	2	0	0
KI270731.1	1	0.193207	0.193207	1	0	0
KI270732.1	1	0.0817225	0.0817225	0	0	0
KI270733.1	1	2.73869	2.73869	11	0	0
KI270734.1	1	0.222779	0.222779	1	0	0
KI270735.1	1	0.357751	0.357751	1	0	0
KI270736.1	1	0.490032	0.490032	2	0	0
KI270737.1	1	0.168352	0.168352	1	0	0
KI270738.1	1	0.257545	0.257545	1	0	0
KI270739.1	1	0.0660151	0.0660151	0	0	0
KI270740.1	1	0	0	0	0	0
KI270741.1	1	0.189891	0.189891	1	0	0
KI270742.1	1	0.772017	0.772017	3	0	0
KI270743.1	1	0.181088	0.181088	1	0	0
KI270744.1	1	1.90603	1.90603	8	0	0
KI270745.1	1	0.0989427	0.0989427	0	0	0
KI270746.1	1	0.147496	0.147496	1	0	0
KI270747.1	1	0.291155	0.291155	1	0	0
KI270748.1	1	0.126829	0.126829	1	0	0
KI270749.1	1	0.405374	0.405374	2	0	0
KI270750.1	1	0.372981	0.372981	1	0	0
KI270751.1	1	0.554642	0.554642	2	0	0
KI270752.1	1	0	0	0	0	0
KI270753.1	1	0.111587	0.111587	0	0	0
KI270754.1	1	0.0369413	0.0369413	0	0	0
KI270755.1	1	0.0230241	0.0230241	0	0	0
KI270756.1	1	0.138169	0.138169	1	0	0
KI270757.1	1	0.431854	0.431854	2	0	0
MT	1	19.4834	19.4834	78	0	0
X	1	-1	-1	-1	0	0
X	500001	0.443283	0.47616	2	0	0
X	1000001	0.467408	0.47616	2	0	0
X	1500001	0.454504	0.47616	2	0	0
X	2000001	-1	0.47616	2	0	0
X	2500001	0.48655	0.47616	2	0	0
X	3000001	0.47616	0.47616	2	0	0
X	3500001	0.527355	0.47616	2	0	0
X	4000001	0.490315	0.47616	2	0	0
X	4500001	0.480942	0.47616	2	0	0
X	5000001	0.472069	0.47616	2	0	0
X	5500001	0.473067	0.47616	2	0	0
X	6000001	0.478041	0.47616	2	0	0
X	6500001	0.51833	0.503861	2	0	0
X	7000001	0.516964	0.503861	2	0	0
X	7500001	0.505841	0.503861	2	0	0
X	8000001	0.467004	0.503861	2	0	0
X	8500001	0.490984	0.503861	2	0	0
X	9000001	0.510225	0.503861	2	0	0
X	9500001	0.515855	0.503861	2	0	0
X	10000001	0.563655	0.503861	2	0	0
X	10500001	0.496102	0.503861	2	0	0
X	11000001	0.478063	0.503861	2	0	0
X	11500001	0.503126	0.503861	2	0	0
X	12000001	0.537529	0.503861	2	0	0
X	12500001	0.513356	0.503861	2	0	0
X	13000001	0.545707	0.503861	2	0	0
X	13500001	0.566057	0.503861	2	0	0
X	14000001	0.504371	0.503861	2	0	0
X	14500001	0.482831	0.503861	2	0	0
X	15000001	0.496219	0.503861	2	0	0
X	15500001	0.516406	0.503861	2	0	0
X	16000001	0.50371	0.503861	2	0	0
X	16500001	0.520861	0.503861	2	0	0
X	17000001	0.514636	0.503861	2	0	0
X	17500001	0.490947	0.503861	2	0	0
X	18000001	0.459725	0.503861	2	0	0
X	18500001	0.46747	0.503861	2	0	0
X	19000001	0.458152	0.503861	2	0	0
X	19500001	0.511531	0.503861	2	0	0
X	20000001	0.507051	0.503861	2	0	0
X	20500001	0.530669	0.503861	2	0	0
X	21000001	0.50063	0.503861	2	0	0
X	21500001	0.509061	0.503861	2	0	0
X	22000001	0.508327	0.503861	2	0	0
X	22500001	0.496424	0.503861	2	0	0
X	23000001	0.51039	0.503861	2	0	0
X	23500001	0.510464	0.503861	2	0	0
X	24000001	0.505901	0.503861	2	0	0
X	24500001	0.506634	0.503861	2	0	0
X	25000001	0.505758	0.503861	2	0	0
X	25500001	0.502886	0.503861	2	0	0
X	26000001	0.496682	0.503861	2	0	0
X	26500001	0.49667	0.503861	2	0	0
X	27000001	0.508483	0.503861	2	0	0
X	27500001	0.471639	0.503861	2	0	0
X	28000001	0.499521	0.503861	2	0	0
X	28500001	0.467548	0.503861	2	0	0
X	29000001	0.457776	0.503861	2	0	0
X	29500001	0.482978	0.503861	2	0	0
X	30000001	0.472518	0.503861	2	0	0
X	30500001	0.52038	0.503861	2	0	0
X	31000001	0.584874	0.503861	2	0	0
X	31500001	0.492337	0.503861	2	0	0
X	32000001	0.474154	0.503861	2	0	0
X	32500001	0.49093	0.503861	2	0	0
X	33000001	0.488319	0.503861	2	0	0
X	33500001	0.510824	0.503861	2	0	0
X	34000001	0.468559	0.503861	2	0	0
X	34500001	0.47255	0.503861	2	0	0
X	35000001	0.50038	0.503861	2	0	0
X	35500001	0.477207	0.503861	2	0	0
X	36000001	0.504012	0.503861	2	0	0
X	36500001	0.490581	0.503861	2	0	0
X	37000001	-1	0.503861	2	0	0
X	37500001	0.494123	0.503861	2	0	0
X	38000001	0.510415	0.503861	2	0	0
X	38500001	0.51348	0.503861	2	0	0
X	39000001	0.488893	0.503861	2	0	0
X	39500001	0.487244	0.503861	2	0	0
X	40000001	0.512111	0.503861	2	0	0
X	40500001	0.48328	0.503861	2	0	0
X	41000001	0.56748	0.503861	2	0	0
X	41500001	0.530209	0.503861	2	0	0
X	42000001	0.525927	0.503861	2	0	0
X	42500001	0.479319	0.503861	2	0	0
X	43000001	0.524852	0.503861	2	0	0
X	43500001	0.519958	0.503861	2	0	0
X	44000001	0.481433	0.503861	2	0	0
X	44500001	0.483234	0.503861	2	0	0
X	45000001	0.453695	0.503861	2	0	0
X	45500001	0.528306	0.503861	2	0	0
X	46000001	0.532942	0.503861	2	0	0
X	46500001	0.533101	0.503861	2	0	0
X	47000001	0.523385	0.503861	2	0	0
X	47500001	0.507152	0.503861	2	0	0
X	48000001	0.520696	0.503861	2	0	0
X	48500001	0.498029	0.503861	2	0	0
X	49000001	-1	0.503861	2	0	0
X	49500001	0.559885	0.503861	2	0	0
X	50000001	0.515604	0.503861	2	0	0
X	50500001	0.48099	0.503861	2	0	0
X	51000001	0.488175	0.503861	2	0	0
X	51500001	0.49541	0.503861	2	0	0
X	52000001	0.511748	0.503861	2	0	0
X	52500001	0.515682	0.503861	2	0	0
X	53000001	0.483267	0.503861	2	0	0
X	53500001	0.486535	0.503861	2	0	0
X	54000001	0.484743	0.503861	2	0	0
X	54500001	0.471527	0.503861	2	0	0
X	55000001	0.481903	0.503861	2	0	0
X	55500001	0.470308	0.503861	2	0	0
X	56000001	0.486775	0.503861	2	0	0
X	56500001	0.512618	0.503861	2	0	0
X	57000001	0.527661	0.503861	2	0	0
X	57500001	0.512691	0.503861	2	0	0
X	58000001	0.515991	0.503861	2	0	0
X	58500001	0.430549	0.366881	1	0	0
X	59000001	0.414293	0.366881	1	0	0
X	59500001	0.343757	0.366881	1	0	0
X	60000001	0.349539	0.366881	1	0	0
X	60500001	0.36944	0.366881	1	0	0
X	61000001	0.364322	0.366881	1	0	0
X	61500001	0.339836	0.366881	1	0	0
X	62000001	0.418312	0.366881	1	0	0
X	62500001	0.530907	0.499791	2	0	0
X	63000001	0.487609	0.499791	2	0	0
X	63500001	0.46216	0.499791	2	0	0
X	64000001	0.508286	0.499791	2	0	0
X	64500001	0.500182	0.499791	2	0	0
X	65000001	0.491963	0.499791	2	0	0
X	65500001	0.50605	0.499791	2	0	0
X	66000001	0.493779	0.499791	2	0	0
X	66500001	0.499297	0.499791	2	0	0
X	67000001	0.501482	0.499791	2	0	0
X	67500001	0.495151	0.499791	2	0	0
X	68000001	0.49561	0.499791	2	0	0
X	68500001	0.4937	0.499791	2	0	0
X	69000001	0.514267	0.499791	2	0	0
X	69500001	0.503845	0.499791	2	0	0
X	70000001	0.498442	0.499791	2	0	0
X	70500001	0.501946	0.499791	2	0	0
X	71000001	0.50367	0.499791	2	0	0
X	71500001	0.507661	0.499791	2	0	0
X	72000001	0.501734	0.499791	2	0	0
X	72500001	0.499502	0.499791	2	0	0
X	73000001	0.526963	0.499791	2	0	0
X	73500001	0.523362	0.499791	2	0	0
X	74000001	0.487767	0.499791	2	0	0
X	74500001	0.514264	0.499791	2	0	0
X	75000001	0.502569	0.499791	2	0	0
X	75500001	0.525246	0.499791	2	0	0
X	76000001	0.520521	0.499791	2	0	0
X	76500001	0.46636	0.499791	2	0	0
X	77000001	0.487127	0.499791	2	0	0
X	77500001	0.478359	0.499791	2	0	0
X	78000001	0.519158	0.499791	2	0	0
X	78500001	0.494035	0.499791	2	0	0
X	79000001	0.512232	0.499791	2	0	0
X	79500001	0.499791	0.499791	2	0	0
X	80000001	0.478866	0.499791	2	0	0
X	80500001	0.49308	0.499791	2	0	0
X	81000001	0.495412	0.499791	2	0	0
X	81500001	0.495115	0.499791	2	0	0
X	82000001	0.498362	0.499791	2	0	0
X	82500001	0.49124	0.499791	2	0	0
X	83000001	0.479611	0.499791	2	0	0
X	83500001	0.49952	0.499791	2	0	0
X	84000001	0.521106	0.499791	2	0	0
X	84500001	0.522181	0.499791	2	0	0
X	85000001	0.471282	0.499791	2	0	0
X	85500001	0.506494	0.499791	2	0	0
X	86000001	0.4975	0.499791	2	0	0
X	86500001	0.510374	0.499791	2	0	0
X	87000001	0.500984	0.499791	2	0	0
X	87500001	0.505246	0.499791	2	0	0
X	88000001	0.520029	0.499791	2	0	0
X	88500001	0.497662	0.499791	2	0	0
X	89000001	0.475394	0.46924	2	0	0
X	89500001	0.469769	0.46924	2	0	0
X	90000001	0.432105	0.46924	2	0	0
X	90500001	0.490183	0.46924	2	0	0
X	91000001	0.479889	0.46924	2	0	0
X	91500001	0.426485	0.46924	2	0	0
X	92000001	0.425426	0.46924	2	0	0
X	92500001	0.435034	0.46924	2	0	0
X	93000001	0.47111	0.46924	2	0	0
X	93500001	0.463605	0.46924	2	0	0
X	94000001	0.461572	0.46924	2	0	0
X	94500001	0.470755	0.46924	2	0	0
X	95000001	0.480345	0.46924	2	0	0
X	95500001	0.500577	0.46924	2	0	0
X	96000001	0.474842	0.46924	2	0	0
X	96500001	0.476441	0.46924	2	0	0
X	97000001	0.455521	0.46924	2	0	0
X	97500001	0.453516	0.46924	2	0	0
X	98000001	0.468166	0.46924	2	0	0
X	98500001	0.499379	0.46924	2	0	0
X	99000001	0.463679	0.46924	2	0	0
X	99500001	0.468712	0.46924	2	0	0
X	100000001	0.512821	0.495373	2	0	0
X	100500001	0.498909	0.495373	2	0	0
X	101000001	0.486408	0.495373	2	0	0
X	101500001	0.481255	0.495373	2	0	0
X	102000001	0.483866	0.495373	2	0	0
X	102500001	0.509099	0.495373	2	0	0
X	103000001	0.481371	0.495373	2	0	0
X	103500001	0.498423	0.495373	2	0	0
X	104000001	0.498754	0.495373	2	0	0
X	104500001	0.530838	0.495373	2	0	0
X	105000001	0.49344	0.495373	2	0	0
X	105500001	0.481685	0.495373	2	0	0
X	106000001	0.522861	0.495373	2	0	0
X	106500001	0.490627	0.495373	2	0	0
X	107000001	0.49619	0.495373	2	0	0
X	107500001	0.535135	0.495373	2	0	0
X	108000001	0.537803	0.495373	2	0	0
X	108500001	0.502258	0.495373	2	0	0
X	109000001	0.492391	0.495373	2	0	0
X	109500001	0.487547	0.495373	2	0	0
X	110000001	0.498694	0.495373	2	0	0
X	110500001	0.476697	0.495373	2	0	0
X	111000001	0.462543	0.495373	2	0	0
X	111500001	0.463216	0.495373	2	0	0
X	112000001	0.480042	0.495373	2	0	0
X	112500001	0.48054	0.495373	2	0	0
X	113000001	0.460022	0.495373	2	0	0
X	113500001	0.513726	0.495373	2	0	0
X	114000001	0.478719	0.495373	2	0	0
X	114500001	0.520263	0.495373	2	0	0
X	115000001	0.495798	0.495373	2	0	0
X	115500001	-1	0.495373	2	0	0
X	116000001	0.506892	0.495373	2	0	0
X	116500001	0.495346	0.495373	2	0	0
X	117000001	0.491774	0.495373	2	0	0
X	117500001	0.495827	0.495373	2	0	0
X	118000001	0.48426	0.495373	2	0	0
X	118500001	0.479465	0.495373	2	0	0
X	119000001	0.51619	0.495373	2	0	0
X	119500001	0.499745	0.495373	2	0	0
X	120000001	0.4954	0.495373	2	0	0
X	120500001	0.473099	0.495373	2	0	0
X	121000001	0.475418	0.495373	2	0	0
X	121500001	0.481048	0.495373	2	0	0
X	122000001	0.470672	0.495373	2	0	0
X	122500001	0.455923	0.495373	2	0	0
X	123000001	0.503849	0.495373	2	0	0
X	123500001	0.496783	0.495373	2	0	0
X	124000001	0.513825	0.495373	2	0	0
X	124500001	0.514031	0.495373	2	0	0
X	125000001	0.497454	0.495373	2	0	0
X	125500001	0.467687	0.495373	2	0	0
X	126000001	0.494481	0.495373	2	0	0
X	126500001	0.489559	0.495373	2	0	0
X	127000001	0.492209	0.495373	2	0	0
X	127500001	0.493621	0.495373	2	0	0
X	128000001	0.503059	0.495373	2	0	0
X	128500001	0.477655	0.495373	2	0	0
X	129000001	0.520674	0.495373	2	0	0
X	129500001	0.490901	0.495373	2	0	0
X	130000001	0.51189	0.495373	2	0	0
X	130500001	0.506506	0.495373	2	0	0
X	131000001	0.499899	0.495373	2	0	0
X	131500001	0.497547	0.495373	2	0	0
X	132000001	0.498858	0.495373	2	0	0
X	132500001	0.777925	0.500091	2	0	0
X	133000001	1.50734	0.500091	2	0	0
X	133500001	0.905731	0.500091	2	0	0
X	134000001	0.501111	0.500091	2	0	0
X	134500001	0.504387	0.500091	2	0	0
X	135000001	0.507838	0.500091	2	0	0
X	135500001	0.507688	0.500091	2	0	0
X	136000001	0.5065	0.500091	2	0	0
X	136500001	0.502129	0.500091	2	0	0
X	137000001	0.511671	0.500091	2	0	0
X	137500001	0.490273	0.500091	2	0	0
X	138000001	0.501111	0.500091	2	0	0
X	138500001	0.503214	0.500091	2	0	0
X	139000001	0.480995	0.500091	2	0	0
X	139500001	0.482759	0.500091	2	0	0
X	140000001	0.489343	0.500091	2	0	0
X	140500001	0.504071	0.500091	2	0	0
X	141000001	0.509002	0.500091	2	0	0
X	141500001	0.473633	0.500091	2	0	0
X	142000001	0.500091	0.500091	2	0	0
X	142500001	0.493555	0.500091	2	0	0
X	143000001	0.505661	0.500091	2	0	0
X	143500001	0.480855	0.500091	2	0	0
X	144000001	0.466408	0.500091	2	0	0
X	144500001	0.481741	0.500091	2	0	0
X	145000001	0.483163	0.500091	2	0	0
X	145500001	0.504777	0.500091	2	0	0
X	146000001	0.481288	0.500091	2	0	0
X	146500001	0.471011	0.500091	2	0	0
X	147000001	0.473585	0.500091	2	0	0
X	147500001	0.503542	0.500091	2	0	0
X	148000001	0.463694	0.500091	2	0	0
X	148500001	0.459506	0.500091	2	0	0
X	149000001	0.514361	0.500091	2	0	0
X	149500001	0.499432	0.500091	2	0	0
X	150000001	0.51549	0.500091	2	0	0
X	150500001	0.495988	0.500091	2	0	0
X	151000001	0.529036	0.500091	2	0	0
X	151500001	0.474717	0.500091	2	0	0
X	152000001	0.48998	0.500091	2	0	0
X	152500001	0.473257	0.500091	2	0	0
X	153000001	0.479237	0.500091	2	0	0
X	153500001	0.484375	0.500091	2	0	0
X	154000001	0.495125	0.500091	2	0	0
X	154500001	0.509354	0.500091	2	0	0
X	155000001	0.518315	0.500091	2	0	0
X	155500001	0.527148	0.500091	2	0	0
X	156000001	-1	-1	-1	0	0
Y	1	-1	-1	-1	0	0
Y	500001	-1	-1	-1	0	0
Y	1000001	-1	-1	-1	0	0
Y	1500001	-1	-1	-1	0	0
Y	2000001	-1	-1	-1	0	0
Y	2500001	-1	-1	-1	0	0
Y	3000001	0.0326015	0.0280164	0	0	0
Y	3500001	0.0164673	0.0280164	0	0	0
Y	4000001	0.0177898	0.0280164	0	0	0
Y	4500001	0.0335703	0.0280164	0	0	0
Y	5000001	0.0234312	0.0280164	0	0	0
Y	5500001	0.0344987	0.0280164	0	0	0
Y	6000001	0.00649242	0.0091916	0	0	0
Y	6500001	0.0118908	0.0091916	0	0	0
Y	7000001	0.00587888	0.000729585	0	0	0
Y	7500001	0.000357344	0.000729585	0	0	0
Y	8000001	0.000729585	0.000729585	0	0	0
Y	8500001	0.000346931	0.000729585	0	0	0
Y	9000001	-1	0.000729585	0	0	0
Y	9500001	0.00738391	0.000729585	0	0	0
Y	10000001	0.0343823	0.0343823	0	0	0
Y	10500001	-1	-1	-1	0	0
Y	11000001	0.738705	0.738705	3	0	0
Y	11500001	1.47468	1.47468	6	0	0
Y	12000001	0.000695102	0.00187206	0	0	0
Y	12500001	0.00109355	0.00187206	0	0	0
Y	13000001	0.00223856	0.00187206	0	0	0
Y	13500001	0.00360127	0.00187206	0	0	0
Y	14000001	0.000366874	0.00187206	0	0	0
Y	14500001	0.00110668	0.00187206	0	0	0
Y	15000001	0.000723396	0.00187206	0	0	0
Y	15500001	0.000369555	0.00187206	0	0	0
Y	16000001	0.00074438	0.00187206	0	0	0
Y	16500001	0.00264775	0.00187206	0	0	0
Y	17000001	0.00701617	0.00187206	0	0	0
Y	17500001	0.0014454	0.00187206	0	0	0
Y	18000001	0.00361714	0.00187206	0	0	0
Y	18500001	0.000369843	0.00187206	0	0	0
Y	19000001	0.000725891	0.00187206	0	0	0
Y	19500001	0.000745369	0.00187206	0	0	0
Y	20000001	0.00398035	0.00187206	0	0	0
Y	20500001	0.00254151	0.00187206	0	0	0
Y	21000001	0.000731612	0.00187206	0	0	0
Y	21500001	0.000368578	0.00187206	0	0	0
Y	22000001	0.00249696	0.00187206	0	0	0
Y	22500001	0	0.00187206	0	0	0
Y	23000001	0.00221604	0.00187206	0	0	0
Y	23500001	0.00187206	0.00187206	0	0	0
Y	24000001	0.00318162	0.00187206	0	0	0
Y	24500001	0.0028983	0.00187206	0	0	0
Y	25000001	0.00209368	0.00187206	0	0	0
Y	25500001	0.00299413	0.00187206	0	0	0
Y	26000001	0.00736424	0.00187206	0	0	0
Y	26500001	-1	-1	-1	0	0
Y	27000001	-1	-1	-1	0	0
Y	27500001	-1	-1	-1	0	0
Y	28000001	-1	-1	-1	0	0
Y	28500001	-1	-1	-1	0	0
Y	29000001	-1	-1	-1	0	0
Y	29500001	-1	-1	-1	0	0
Y	30000001	-1	-1	-1	0	0
Y	30500001	-1	-1	-1	0	0
Y	31000001	-1	-1	-1	0	0
Y	31500001	-1	-1	-1	0	0
Y	32000001	-1	-1	-1	0	0
Y	32500001	-1	-1	-1	0	0
Y	33000001	-1	-1	-1	0	0
Y	33500001	-1	-1	-1	0	0
Y	34000001	-1	-1	-1	0	0
Y	34500001	-1	-1	-1	0	0
Y	35000001	-1	-1	-1	0	0
Y	35500001	-1	-1	-1	0	0
Y	36000001	-1	-1	-1	0	0
Y	36500001	-1	-1	-1	0	0
Y	37000001	-1	-1	-1	0	0
Y	37500001	-1	-1	-1	0	0
Y	38000001	-1	-1	-1	0	0
Y	38500001	-1	-1	-1	0	0
Y	39000001	-1	-1	-1	0	0
Y	39500001	-1	-1	-1	0	0
Y	40000001	-1	-1	-1	0	0
Y	40500001	-1	-1	-1	0	0
Y	41000001	-1	-1	-1	0	0
Y	41500001	-1	-1	-1	0	0
Y	42000001	-1	-1	-1	0	0
Y	42500001	-1	-1	-1	0	0
Y	43000001	-1	-1	-1	0	0
Y	43500001	-1	-1	-1	0	0
Y	44000001	-1	-1	-1	0	0
Y	44500001	-1	-1	-1	0	0
Y	45000001	-1	-1	-1	0	0
Y	45500001	-1	-1	-1	0	0
Y	46000001	-1	-1	-1	0	0
Y	46500001	-1	-1	-1	0	0
Y	47000001	-1	-1	-1	0	0
Y	47500001	-1	-1	-1	0	0
Y	48000001	-1	-1	-1	0	0
Y	48500001	-1	-1	-1	0	0
Y	49000001	-1	-1	-1	0	0
Y	49500001	-1	-1	-1	0	0
Y	50000001	-1	-1	-1	0	0
Y	50500001	-1	-1	-1	0	0
Y	51000001	-1	-1	-1	0	0
Y	51500001	-1	-1	-1	0	0
Y	52000001	-1	-1	-1	0	0
Y	52500001	-1	-1	-1	0	0
Y	53000001	-1	-1	-1	0	0
Y	53500001	-1	-1	-1	0	0
Y	54000001	-1	-1	-1	0	0
Y	54500001	-1	-1	-1	0	0
Y	55000001	-1	-1	-1	0	0
Y	55500001	-1	-1	-1	0	0
Y	56000001	-1	-1	-1	0	0
Y	56500001	-1	-1	-1	0	0
Y	57000001	-1	-1	-1	0	0
