Chromosome	Start	Ratio	MedianRatio	CopyNumber	Subclone_CN	Subclone_Population
1	1	-1	-1	-1	0	0
1	500001	1.62597	1.49824	3	0	0
1	1000001	1.48835	1.49824	3	0	0
1	1500001	1.50285	1.49824	3	0	0
1	2000001	1.49364	1.49824	3	0	0
1	2500001	2.12271	2.12271	4	0	0
1	3000001	1.3798	1.43552	3	0	0
1	3500001	1.43838	1.43552	3	0	0
1	4000001	1.35883	1.43552	3	0	0
1	4500001	1.28973	1.43552	3	0	0
1	5000001	1.34269	1.43552	3	0	0
1	5500001	1.43507	1.43552	3	0	0
1	6000001	1.55145	1.43552	3	0	0
1	6500001	1.4639	1.43552	3	0	0
1	7000001	1.43326	1.43552	3	0	0
1	7500001	1.42523	1.43552	3	0	0
1	8000001	1.54647	1.43552	3	0	0
1	8500001	1.53654	1.43552	3	0	0
1	9000001	1.45761	1.43552	3	0	0
1	9500001	1.50625	1.43552	3	0	0
1	10000001	1.48835	1.43552	3	0	0
1	10500001	1.43552	1.43552	3	0	0
1	11000001	1.46036	1.43552	3	0	0
1	11500001	1.51323	1.43552	3	0	0
1	12000001	1.51915	1.43552	3	0	0
1	12500001	1.41397	1.43552	3	0	0
1	13000001	1.35487	1.43552	3	0	0
1	13500001	1.3689	1.43552	3	0	0
1	14000001	1.30347	1.43552	3	0	0
1	14500001	1.3486	1.43552	3	0	0
1	15000001	1.46984	1.43552	3	0	0
1	15500001	1.04237	1.04728	2	0	0
1	16000001	1.0522	1.04728	2	0	0
1	16500001	2.30415	2.30415	5	0	0
1	17000001	1.03622	1.03087	2	0	0
1	17500001	1.02806	1.03087	2	0	0
1	18000001	0.948684	1.03087	2	0	0
1	18500001	1.01635	1.03087	2	0	0
1	19000001	1.00946	1.03087	2	0	0
1	19500001	1.03732	1.03087	2	0	0
1	20000001	1.03367	1.03087	2	0	0
1	20500001	1.01527	1.03087	2	0	0
1	21000001	1.02692	1.03087	2	0	0
1	21500001	1.04446	1.03087	2	0	0
1	22000001	1.04431	1.03087	2	0	0
1	22500001	1.12925	1.03087	2	0	0
1	23000001	1.62323	1.57203	3	0	0
1	23500001	1.57203	1.57203	3	0	0
1	24000001	1.34792	1.57203	3	0	0
1	24500001	1.02493	1.01467	2	0	0
1	25000001	0.988223	1.01467	2	0	0
1	25500001	1.00154	1.01467	2	0	0
1	26000001	1.03774	1.01467	2	0	0
1	26500001	1.01822	1.01467	2	0	0
1	27000001	1.0274	1.01467	2	0	0
1	27500001	1.02616	1.01467	2	0	0
1	28000001	1.04305	1.01467	2	0	0
1	28500001	1.02168	1.01467	2	0	0
1	29000001	1.02323	1.01467	2	0	0
1	29500001	0.939025	1.01467	2	0	0
1	30000001	0.958805	1.01467	2	0	0
1	30500001	1.02135	1.01467	2	0	0
1	31000001	1.03531	1.01467	2	0	0
1	31500001	1.06166	1.01467	2	0	0
1	32000001	1.01946	1.01467	2	0	0
1	32500001	1.01839	1.01467	2	0	0
1	33000001	1.05322	1.01467	2	0	0
1	33500001	0.952564	1.01467	2	0	0
1	34000001	0.996554	1.01467	2	0	0
1	34500001	0.951853	1.01467	2	0	0
1	35000001	1.01542	1.01467	2	0	0
1	35500001	0.982358	1.01467	2	0	0
1	36000001	1.02518	1.01467	2	0	0
1	36500001	0.976059	1.01467	2	0	0
1	37000001	0.931351	1.01467	2	0	0
1	37500001	1.02671	1.01467	2	0	0
1	38000001	1.00226	1.01467	2	0	0
1	38500001	0.979529	1.01467	2	0	0
1	39000001	1.01307	1.01467	2	0	0
1	39500001	1.03317	1.01467	2	0	0
1	40000001	1.04361	1.01467	2	0	0
1	40500001	1.0073	1.01467	2	0	0
1	41000001	1.06091	1.01467	2	0	0
1	41500001	0.983133	1.01467	2	0	0
1	42000001	1.06854	1.01467	2	0	0
1	42500001	1.05394	1.01467	2	0	0
1	43000001	1.0856	1.01467	2	0	0
1	43500001	1.05211	1.01467	2	0	0
1	44000001	1.05133	1.01467	2	0	0
1	44500001	1.04589	1.01467	2	0	0
1	45000001	1.04192	1.01467	2	0	0
1	45500001	0.990947	1.01467	2	0	0
1	46000001	1.03612	1.01467	2	0	0
1	46500001	1.00495	1.01467	2	0	0
1	47000001	0.984298	1.01467	2	0	0
1	47500001	0.9582	1.01467	2	0	0
1	48000001	0.933515	1.01467	2	0	0
1	48500001	0.88322	1.01467	2	0	0
1	49000001	0.906629	1.01467	2	0	0
1	49500001	0.972057	1.01467	2	0	0
1	50000001	0.957716	1.01467	2	0	0
1	50500001	1.03386	1.01467	2	0	0
1	51000001	1.10239	1.01467	2	0	0
1	51500001	1.10752	1.01467	2	0	0
1	52000001	1.07557	1.01467	2	0	0
1	52500001	1.0391	1.01467	2	0	0
1	53000001	1.06957	1.01467	2	0	0
1	53500001	0.982009	1.01467	2	0	0
1	54000001	1.03606	1.01467	2	0	0
1	54500001	1.00457	1.01467	2	0	0
1	55000001	1.05349	1.01467	2	0	0
1	55500001	0.980653	1.01467	2	0	0
1	56000001	0.912966	1.01467	2	0	0
1	56500001	0.880815	1.01467	2	0	0
1	57000001	0.854153	1.01467	2	0	0
1	57500001	0.89713	1.01467	2	0	0
1	58000001	0.940316	1.01467	2	0	0
1	58500001	1.09409	1.01467	2	0	0
1	59000001	1.05419	1.01467	2	0	0
1	59500001	0.999932	1.01467	2	0	0
1	60000001	0.934616	1.01467	2	0	0
1	60500001	0.978963	1.01467	2	0	0
1	61000001	1.04141	1.01467	2	0	0
1	61500001	1.08037	1.01467	2	0	0
1	62000001	0.947738	1.01467	2	0	0
1	62500001	1.01574	1.01467	2	0	0
1	63000001	0.939601	1.01467	2	0	0
1	63500001	1.07057	1.01467	2	0	0
1	64000001	1.05305	1.01467	2	0	0
1	64500001	1.03469	1.01467	2	0	0
1	65000001	1.01633	1.01467	2	0	0
1	65500001	0.991687	1.01467	2	0	0
1	66000001	1.20968	1.01467	2	0	0
1	66500001	1.00502	1.01467	2	0	0
1	67000001	1.00128	1.01467	2	0	0
1	67500001	1.00291	1.01467	2	0	0
1	68000001	0.999965	1.01467	2	0	0
1	68500001	0.966237	1.01467	2	0	0
1	69000001	0.942412	1.01467	2	0	0
1	69500001	0.961509	1.01467	2	0	0
1	70000001	0.934929	1.01467	2	0	0
1	70500001	0.954253	1.01467	2	0	0
1	71000001	0.933957	1.01467	2	0	0
1	71500001	0.940277	1.01467	2	0	0
1	72000001	0.878519	1.01467	2	0	0
1	72500001	0.957548	1.01467	2	0	0
1	73000001	0.942684	1.01467	2	0	0
1	73500001	1.00197	1.01467	2	0	0
1	74000001	0.975679	1.01467	2	0	0
1	74500001	0.897524	1.01467	2	0	0
1	75000001	0.946736	1.01467	2	0	0
1	75500001	0.925148	1.01467	2	0	0
1	76000001	0.881413	1.01467	2	0	0
1	76500001	0.979141	1.01467	2	0	0
1	77000001	1.03981	1.01467	2	0	0
1	77500001	1.06946	1.01467	2	0	0
1	78000001	1.13292	1.01467	2	0	0
1	78500001	1.10438	1.01467	2	0	0
1	79000001	1.02177	1.01467	2	0	0
1	79500001	0.973235	1.01467	2	0	0
1	80000001	0.976769	1.01467	2	0	0
1	80500001	0.99005	1.01467	2	0	0
1	81000001	0.957392	1.01467	2	0	0
1	81500001	0.998884	1.01467	2	0	0
1	82000001	0.963466	1.01467	2	0	0
1	82500001	1.01382	1.01467	2	0	0
1	83000001	1.00426	1.01467	2	0	0
1	83500001	1.00709	1.01467	2	0	0
1	84000001	1.10621	1.01467	2	0	0
1	84500001	1.06401	1.01467	2	0	0
1	85000001	1.06203	1.01467	2	0	0
1	85500001	1.07596	1.01467	2	0	0
1	86000001	0.962273	1.01467	2	0	0
1	86500001	1.02653	1.01467	2	0	0
1	87000001	1.05986	1.01467	2	0	0
1	87500001	1.0355	1.01467	2	0	0
1	88000001	1.08999	1.01467	2	0	0
1	88500001	1.00091	1.01467	2	0	0
1	89000001	1.02614	1.01467	2	0	0
1	89500001	1.09297	1.01467	2	0	0
1	90000001	1.07123	1.01467	2	0	0
1	90500001	0.949903	1.01467	2	0	0
1	91000001	0.966529	1.01467	2	0	0
1	91500001	1.07268	1.01467	2	0	0
1	92000001	1.03197	1.01467	2	0	0
1	92500001	1.07798	1.01467	2	0	0
1	93000001	1.06392	1.01467	2	0	0
1	93500001	1.13576	1.01467	2	0	0
1	94000001	1.12172	1.01467	2	0	0
1	94500001	1.14958	1.01467	2	0	0
1	95000001	1.04796	1.01467	2	0	0
1	95500001	1.01794	1.01467	2	0	0
1	96000001	0.951846	1.01467	2	0	0
1	96500001	0.941067	1.01467	2	0	0
1	97000001	1.01421	1.01467	2	0	0
1	97500001	1.05402	1.01467	2	0	0
1	98000001	1.13236	1.01467	2	0	0
1	98500001	1.03243	1.01467	2	0	0
1	99000001	1.06628	1.01467	2	0	0
1	99500001	1.05382	1.01467	2	0	0
1	100000001	1.01467	1.01467	2	0	0
1	100500001	1.034	1.01467	2	0	0
1	101000001	1.03503	1.01467	2	0	0
1	101500001	0.972821	1.01467	2	0	0
1	102000001	0.977719	1.01467	2	0	0
1	102500001	1.00374	1.01467	2	0	0
1	103000001	0.978846	1.01467	2	0	0
1	103500001	0.984943	1.01467	2	0	0
1	104000001	0.922059	1.01467	2	0	0
1	104500001	0.976086	1.01467	2	0	0
1	105000001	0.970841	1.01467	2	0	0
1	105500001	0.910617	1.01467	2	0	0
1	106000001	0.916622	1.01467	2	0	0
1	106500001	0.954762	1.01467	2	0	0
1	107000001	0.950693	1.01467	2	0	0
1	107500001	1.00975	1.01467	2	0	0
1	108000001	0.977082	1.01467	2	0	0
1	108500001	1.03289	1.01467	2	0	0
1	109000001	1.01385	1.01467	2	0	0
1	109500001	1.02256	1.01467	2	0	0
1	110000001	1.03854	1.01467	2	0	0
1	110500001	0.988393	1.01467	2	0	0
1	111000001	0.978315	1.01467	2	0	0
1	111500001	0.930382	1.01467	2	0	0
1	112000001	0.989417	1.01467	2	0	0
1	112500001	1.02937	1.01467	2	0	0
1	113000001	1.10537	1.01467	2	0	0
1	113500001	1.0592	1.01467	2	0	0
1	114000001	1.02331	1.01467	2	0	0
1	114500001	1.10514	1.01467	2	0	0
1	115000001	1.13831	1.01467	2	0	0
1	115500001	1.13402	1.01467	2	0	0
1	116000001	1.08039	1.01467	2	0	0
1	116500001	1.07198	1.01467	2	0	0
1	117000001	1.10407	1.01467	2	0	0
1	117500001	1.03971	1.01467	2	0	0
1	118000001	1.04911	1.01467	2	0	0
1	118500001	1.05592	1.01467	2	0	0
1	119000001	0.99538	1.01467	2	0	0
1	119500001	1.07165	1.01467	2	0	0
1	120000001	0.805325	0.805325	2	0	0
1	120500001	0.58137	0.805325	2	0	0
1	121000001	1.0057	0.805325	2	0	0
1	121500001	0.958979	0.805325	2	0	0
1	122000001	0.486771	0.805325	2	0	0
1	122500001	1.83387	1.78398	4	0	0
1	123000001	1.73408	1.78398	4	0	0
1	123500001	2.18246	2.37462	5	0	0
1	124000001	2.56678	2.37462	5	0	0
1	124500001	3.50769	3.50769	7	0	0
1	125000001	-1	-1	-1	0	0
1	125500001	-1	-1	-1	0	0
1	126000001	-1	-1	-1	0	0
1	126500001	-1	-1	-1	0	0
1	127000001	-1	-1	-1	0	0
1	127500001	-1	-1	-1	0	0
1	128000001	-1	-1	-1	0	0
1	128500001	-1	-1	-1	0	0
1	129000001	-1	-1	-1	0	0
1	129500001	-1	-1	-1	0	0
1	130000001	-1	-1	-1	0	0
1	130500001	-1	-1	-1	0	0
1	131000001	-1	-1	-1	0	0
1	131500001	-1	-1	-1	0	0
1	132000001	-1	-1	-1	0	0
1	132500001	-1	-1	-1	0	0
1	133000001	-1	-1	-1	0	0
1	133500001	-1	-1	-1	0	0
1	134000001	-1	-1	-1	0	0
1	134500001	-1	-1	-1	0	0
1	135000001	-1	-1	-1	0	0
1	135500001	-1	-1	-1	0	0
1	136000001	-1	-1	-1	0	0
1	136500001	-1	-1	-1	0	0
1	137000001	-1	-1	-1	0	0
1	137500001	-1	-1	-1	0	0
1	138000001	-1	-1	-1	0	0
1	138500001	-1	-1	-1	0	0
1	139000001	-1	-1	-1	0	0
1	139500001	-1	-1	-1	0	0
1	140000001	-1	-1	-1	0	0
1	140500001	-1	-1	-1	0	0
1	141000001	-1	-1	-1	0	0
1	141500001	-1	-1	-1	0	0
1	142000001	-1	-1	-1	0	0
1	142500001	-1	-1	-1	0	0
1	143000001	-1	-1	-1	0	0
1	143500001	0.95637	1.01074	2	0	0
1	144000001	0.969372	1.01074	2	0	0
1	144500001	1.01381	1.01074	2	0	0
1	145000001	1.14821	1.01074	2	0	0
1	145500001	1.03525	1.01074	2	0	0
1	146000001	1.00868	1.01074	2	0	0
1	146500001	1.00939	1.01074	2	0	0
1	147000001	1.00551	1.01074	2	0	0
1	147500001	1.03411	1.01074	2	0	0
1	148000001	1.08555	1.01074	2	0	0
1	148500001	1.2187	1.01074	2	0	0
1	149000001	1.05757	1.01074	2	0	0
1	149500001	0.916638	1.01074	2	0	0
1	150000001	1.01074	1.01074	2	0	0
1	150500001	1.05516	1.01074	2	0	0
1	151000001	0.996551	1.01074	2	0	0
1	151500001	1.03655	1.01074	2	0	0
1	152000001	0.998495	1.01074	2	0	0
1	152500001	1.03023	1.01074	2	0	0
1	153000001	1.05334	1.01074	2	0	0
1	153500001	1.06259	1.01074	2	0	0
1	154000001	1.0076	1.01074	2	0	0
1	154500001	0.992318	1.01074	2	0	0
1	155000001	1.05625	1.01074	2	0	0
1	155500001	1.05801	1.01074	2	0	0
1	156000001	1.02681	1.01074	2	0	0
1	156500001	1.0017	1.01074	2	0	0
1	157000001	1.02953	1.01074	2	0	0
1	157500001	0.919671	1.01074	2	0	0
1	158000001	0.912647	1.01074	2	0	0
1	158500001	0.92001	1.01074	2	0	0
1	159000001	0.968933	1.01074	2	0	0
1	159500001	1.01256	1.01074	2	0	0
1	160000001	0.974808	1.01074	2	0	0
1	160500001	1.0028	1.01074	2	0	0
1	161000001	1.16788	1.01074	2	0	0
1	161500001	1.05696	1.01074	2	0	0
1	162000001	1.03267	1.01074	2	0	0
1	162500001	1.00833	1.01074	2	0	0
1	163000001	0.97771	1.01074	2	0	0
1	163500001	0.970259	1.01074	2	0	0
1	164000001	1.01156	1.01074	2	0	0
1	164500001	0.916277	1.01074	2	0	0
1	165000001	0.944062	1.01074	2	0	0
1	165500001	0.985715	1.01074	2	0	0
1	166000001	0.897232	1.01074	2	0	0
1	166500001	0.984124	1.01074	2	0	0
1	167000001	1.05013	1.01074	2	0	0
1	167500001	1.10741	1.01074	2	0	0
1	168000001	1.05211	1.01074	2	0	0
1	168500001	1.01102	1.01074	2	0	0
1	169000001	1.0336	1.01074	2	0	0
1	169500001	1.06985	1.01074	2	0	0
1	170000001	0.971236	1.01074	2	0	0
1	170500001	0.926013	1.01074	2	0	0
1	171000001	0.964332	1.01074	2	0	0
1	171500001	0.928199	1.01074	2	0	0
1	172000001	1.08066	1.01074	2	0	0
1	172500001	1.12105	1.01074	2	0	0
1	173000001	1.57091	1.55007	3	0	0
1	173500001	1.56648	1.55007	3	0	0
1	174000001	1.53458	1.55007	3	0	0
1	174500001	1.41324	1.55007	3	0	0
1	175000001	1.52564	1.55007	3	0	0
1	175500001	1.38812	1.55007	3	0	0
1	176000001	1.39352	1.55007	3	0	0
1	176500001	1.33551	1.55007	3	0	0
1	177000001	1.35954	1.55007	3	0	0
1	177500001	1.60575	1.55007	3	0	0
1	178000001	1.67959	1.55007	3	0	0
1	178500001	1.64003	1.55007	3	0	0
1	179000001	1.47855	1.55007	3	0	0
1	179500001	1.58344	1.55007	3	0	0
1	180000001	1.54116	1.55007	3	0	0
1	180500001	1.5754	1.55007	3	0	0
1	181000001	1.55368	1.55007	3	0	0
1	181500001	1.49675	1.55007	3	0	0
1	182000001	1.54516	1.55007	3	0	0
1	182500001	1.62961	1.55007	3	0	0
1	183000001	1.68009	1.55007	3	0	0
1	183500001	1.645	1.55007	3	0	0
1	184000001	1.52176	1.55007	3	0	0
1	184500001	1.56133	1.55007	3	0	0
1	185000001	1.61563	1.55007	3	0	0
1	185500001	1.58063	1.55007	3	0	0
1	186000001	1.66585	1.55007	3	0	0
1	186500001	1.66416	1.55007	3	0	0
1	187000001	1.6165	1.55007	3	0	0
1	187500001	1.56621	1.55007	3	0	0
1	188000001	1.59711	1.55007	3	0	0
1	188500001	1.58681	1.55007	3	0	0
1	189000001	1.6065	1.55007	3	0	0
1	189500001	1.67009	1.55007	3	0	0
1	190000001	1.73972	1.55007	3	0	0
1	190500001	1.54513	1.55007	3	0	0
1	191000001	1.51764	1.55007	3	0	0
1	191500001	1.53433	1.55007	3	0	0
1	192000001	1.5125	1.55007	3	0	0
1	192500001	1.64454	1.55007	3	0	0
1	193000001	1.5124	1.55007	3	0	0
1	193500001	1.52984	1.55007	3	0	0
1	194000001	1.54852	1.55007	3	0	0
1	194500001	1.5001	1.55007	3	0	0
1	195000001	1.42875	1.55007	3	0	0
1	195500001	1.44075	1.55007	3	0	0
1	196000001	1.55985	1.55007	3	0	0
1	196500001	1.54701	1.55007	3	0	0
1	197000001	1.59363	1.55007	3	0	0
1	197500001	1.70172	1.55007	3	0	0
1	198000001	1.82059	1.55007	3	0	0
1	198500001	1.78048	1.55007	3	0	0
1	199000001	1.61732	1.55007	3	0	0
1	199500001	1.62768	1.55007	3	0	0
1	200000001	1.61334	1.55007	3	0	0
1	200500001	1.54964	1.55007	3	0	0
1	201000001	1.61374	1.55007	3	0	0
1	201500001	1.65303	1.55007	3	0	0
1	202000001	1.58687	1.55007	3	0	0
1	202500001	1.56062	1.55007	3	0	0
1	203000001	1.5817	1.55007	3	0	0
1	203500001	1.57253	1.55007	3	0	0
1	204000001	1.64329	1.55007	3	0	0
1	204500001	1.58316	1.55007	3	0	0
1	205000001	1.46466	1.55007	3	0	0
1	205500001	1.48191	1.55007	3	0	0
1	206000001	1.55049	1.55007	3	0	0
1	206500001	1.59368	1.55007	3	0	0
1	207000001	1.68732	1.55007	3	0	0
1	207500001	1.46211	1.55007	3	0	0
1	208000001	1.48282	1.55007	3	0	0
1	208500001	1.50287	1.55007	3	0	0
1	209000001	1.63733	1.55007	3	0	0
1	209500001	1.65362	1.55007	3	0	0
1	210000001	1.47003	1.55007	3	0	0
1	210500001	1.3877	1.55007	3	0	0
1	211000001	1.43716	1.55007	3	0	0
1	211500001	1.55772	1.55007	3	0	0
1	212000001	1.56769	1.55007	3	0	0
1	212500001	1.48163	1.55007	3	0	0
1	213000001	1.42958	1.55007	3	0	0
1	213500001	1.38937	1.55007	3	0	0
1	214000001	1.53349	1.55007	3	0	0
1	214500001	1.62728	1.55007	3	0	0
1	215000001	1.51367	1.55007	3	0	0
1	215500001	1.48462	1.55007	3	0	0
1	216000001	1.3581	1.55007	3	0	0
1	216500001	1.40842	1.55007	3	0	0
1	217000001	1.35231	1.55007	3	0	0
1	217500001	1.45782	1.55007	3	0	0
1	218000001	1.58262	1.55007	3	0	0
1	218500001	1.63915	1.55007	3	0	0
1	219000001	1.49459	1.55007	3	0	0
1	219500001	1.39508	1.55007	3	0	0
1	220000001	1.55184	1.55007	3	0	0
1	220500001	1.50411	1.55007	3	0	0
1	221000001	1.55141	1.55007	3	0	0
1	221500001	1.71805	1.55007	3	0	0
1	222000001	1.49652	1.55007	3	0	0
1	222500001	1.53555	1.55007	3	0	0
1	223000001	1.53246	1.55007	3	0	0
1	223500001	1.55657	1.55007	3	0	0
1	224000001	1.5566	1.55007	3	0	0
1	224500001	1.4878	1.55007	3	0	0
1	225000001	1.60865	1.55007	3	0	0
1	225500001	1.55582	1.55007	3	0	0
1	226000001	1.48834	1.55007	3	0	0
1	226500001	1.45393	1.55007	3	0	0
1	227000001	1.60776	1.55007	3	0	0
1	227500001	1.53749	1.55007	3	0	0
1	228000001	1.48249	1.55007	3	0	0
1	228500001	1.91765	1.55007	3	0	0
1	229000001	1.47887	1.55007	3	0	0
1	229500001	1.51742	1.55007	3	0	0
1	230000001	1.42061	1.55007	3	0	0
1	230500001	1.42112	1.55007	3	0	0
1	231000001	1.43051	1.55007	3	0	0
1	231500001	1.36454	1.55007	3	0	0
1	232000001	0.986807	0.986807	2	0	0
1	232500001	1.4622	1.4622	3	0	0
1	233000001	1.42914	1.4622	3	0	0
1	233500001	1.4734	1.4622	3	0	0
1	234000001	1.5379	1.4622	3	0	0
1	234500001	1.65113	1.4622	3	0	0
1	235000001	1.54632	1.4622	3	0	0
1	235500001	1.58333	1.4622	3	0	0
1	236000001	1.55825	1.4622	3	0	0
1	236500001	1.46077	1.4622	3	0	0
1	237000001	1.34453	1.4622	3	0	0
1	237500001	1.41675	1.4622	3	0	0
1	238000001	1.43871	1.4622	3	0	0
1	238500001	1.5647	1.4622	3	0	0
1	239000001	1.52216	1.4622	3	0	0
1	239500001	1.41892	1.4622	3	0	0
1	240000001	1.47031	1.4622	3	0	0
1	240500001	1.54313	1.4622	3	0	0
1	241000001	1.54118	1.4622	3	0	0
1	241500001	1.54926	1.4622	3	0	0
1	242000001	1.37068	1.4622	3	0	0
1	242500001	1.33131	1.4622	3	0	0
1	243000001	1.35138	1.4622	3	0	0
1	243500001	1.46736	1.4622	3	0	0
1	244000001	1.49111	1.4622	3	0	0
1	244500001	1.45594	1.4622	3	0	0
1	245000001	1.4022	1.4622	3	0	0
1	245500001	1.3628	1.4622	3	0	0
1	246000001	1.48976	1.4622	3	0	0
1	246500001	1.50993	1.4622	3	0	0
1	247000001	1.45607	1.4622	3	0	0
1	247500001	1.31349	1.4622	3	0	0
1	248000001	1.4105	1.4622	3	0	0
1	248500001	1.22262	1.4622	3	0	0
10	1	1.45519	1.51183	3	0	0
10	500001	1.50524	1.51183	3	0	0
10	1000001	1.44501	1.51183	3	0	0
10	1500001	1.37778	1.51183	3	0	0
10	2000001	1.43659	1.51183	3	0	0
10	2500001	1.44324	1.51183	3	0	0
10	3000001	1.51078	1.51183	3	0	0
10	3500001	1.62916	1.51183	3	0	0
10	4000001	1.62673	1.51183	3	0	0
10	4500001	1.74413	1.51183	3	0	0
10	5000001	1.68637	1.51183	3	0	0
10	5500001	1.59525	1.51183	3	0	0
10	6000001	1.53222	1.51183	3	0	0
10	6500001	1.51288	1.51183	3	0	0
10	7000001	1.42448	1.51183	3	0	0
10	7500001	1.99449	1.51183	3	0	0
10	8000001	2.48226	2.60732	5	0	0
10	8500001	2.73238	2.60732	5	0	0
10	9000001	1.81463	1.45171	3	0	0
10	9500001	1.50349	1.45171	3	0	0
10	10000001	1.41177	1.45171	3	0	0
10	10500001	1.45292	1.45171	3	0	0
10	11000001	1.4505	1.45171	3	0	0
10	11500001	1.5389	1.45171	3	0	0
10	12000001	1.49212	1.45171	3	0	0
10	12500001	1.52095	1.45171	3	0	0
10	13000001	1.53551	1.45171	3	0	0
10	13500001	1.51597	1.45171	3	0	0
10	14000001	1.47222	1.45171	3	0	0
10	14500001	1.56986	1.45171	3	0	0
10	15000001	1.45377	1.45171	3	0	0
10	15500001	1.41084	1.45171	3	0	0
10	16000001	1.3859	1.45171	3	0	0
10	16500001	1.42507	1.45171	3	0	0
10	17000001	1.4369	1.45171	3	0	0
10	17500001	1.36109	1.45171	3	0	0
10	18000001	1.3204	1.45171	3	0	0
10	18500001	1.35193	1.45171	3	0	0
10	19000001	1.39565	1.45171	3	0	0
10	19500001	1.32306	1.45171	3	0	0
10	20000001	0.586772	0.495107	1	0	0
10	20500001	0.520744	0.495107	1	0	0
10	21000001	0.555072	0.495107	1	0	0
10	21500001	0.502872	0.495107	1	0	0
10	22000001	0.469867	0.495107	1	0	0
10	22500001	0.489459	0.495107	1	0	0
10	23000001	0.51054	0.495107	1	0	0
10	23500001	0.506849	0.495107	1	0	0
10	24000001	0.495107	0.495107	1	0	0
10	24500001	0.562248	0.495107	1	0	0
10	25000001	0.531019	0.495107	1	0	0
10	25500001	0.480799	0.495107	1	0	0
10	26000001	0.442133	0.495107	1	0	0
10	26500001	0.482176	0.495107	1	0	0
10	27000001	0.477503	0.495107	1	0	0
10	27500001	0.480361	0.495107	1	0	0
10	28000001	0.465842	0.495107	1	0	0
10	28500001	0.483278	0.495107	1	0	0
10	29000001	0.520083	0.495107	1	0	0
10	29500001	0.855148	1.00755	2	0	0
10	30000001	1.07726	1.00755	2	0	0
10	30500001	0.942213	1.00755	2	0	0
10	31000001	0.957671	1.00755	2	0	0
10	31500001	1.17848	1.00755	2	0	0
10	32000001	1.1405	1.00755	2	0	0
10	32500001	1.09591	1.00755	2	0	0
10	33000001	1.06692	1.00755	2	0	0
10	33500001	1.0206	1.00755	2	0	0
10	34000001	0.992491	1.00755	2	0	0
10	34500001	1.05884	1.00755	2	0	0
10	35000001	1.06445	1.00755	2	0	0
10	35500001	0.989976	1.00755	2	0	0
10	36000001	1.00755	1.00755	2	0	0
10	36500001	0.984307	1.00755	2	0	0
10	37000001	0.954538	1.00755	2	0	0
10	37500001	0.891141	1.00755	2	0	0
10	38000001	0.912104	1.00755	2	0	0
10	38500001	1.07233	1.00755	2	0	0
10	39000001	1.01708	1.00755	2	0	0
10	39500001	0.424043	1.00755	2	0	0
10	40000001	1.63319	1.84512	4	0	0
10	40500001	2.05705	1.84512	4	0	0
10	41000001	1.03214	1.03214	2	0	0
10	41500001	-1	-1	-1	0	0
10	42000001	3.37629	3.37629	7	0	0
10	42500001	1.37046	1.48435	3	0	0
10	43000001	1.44373	1.48435	3	0	0
10	43500001	1.37353	1.48435	3	0	0
10	44000001	1.32683	1.48435	3	0	0
10	44500001	1.44718	1.48435	3	0	0
10	45000001	1.41126	1.48435	3	0	0
10	45500001	1.46671	1.48435	3	0	0
10	46000001	1.45401	1.48435	3	0	0
10	46500001	1.66703	1.48435	3	0	0
10	47000001	1.58326	1.48435	3	0	0
10	47500001	-1	1.48435	3	0	0
10	48000001	1.60995	1.48435	3	0	0
10	48500001	1.47639	1.48435	3	0	0
10	49000001	1.46194	1.48435	3	0	0
10	49500001	1.45363	1.48435	3	0	0
10	50000001	1.39654	1.48435	3	0	0
10	50500001	1.46541	1.48435	3	0	0
10	51000001	1.43666	1.48435	3	0	0
10	51500001	1.50647	1.48435	3	0	0
10	52000001	1.74554	1.48435	3	0	0
10	52500001	1.58298	1.48435	3	0	0
10	53000001	1.68061	1.48435	3	0	0
10	53500001	1.95805	1.48435	3	0	0
10	54000001	1.92024	1.48435	3	0	0
10	54500001	1.8935	1.48435	3	0	0
10	55000001	1.43196	1.48435	3	0	0
10	55500001	1.40034	1.48435	3	0	0
10	56000001	1.45877	1.48435	3	0	0
10	56500001	1.38474	1.48435	3	0	0
10	57000001	1.35602	1.48435	3	0	0
10	57500001	1.38251	1.48435	3	0	0
10	58000001	1.42285	1.48435	3	0	0
10	58500001	1.46338	1.48435	3	0	0
10	59000001	1.48443	1.48435	3	0	0
10	59500001	1.57883	1.48435	3	0	0
10	60000001	1.62301	1.48435	3	0	0
10	60500001	1.65099	1.48435	3	0	0
10	61000001	1.54466	1.48435	3	0	0
10	61500001	1.67421	1.48435	3	0	0
10	62000001	1.71927	1.48435	3	0	0
10	62500001	1.52407	1.48435	3	0	0
10	63000001	1.44364	1.48435	3	0	0
10	63500001	1.54713	1.48435	3	0	0
10	64000001	1.41665	1.48435	3	0	0
10	64500001	1.49185	1.48435	3	0	0
10	65000001	1.57119	1.48435	3	0	0
10	65500001	1.46557	1.48435	3	0	0
10	66000001	1.43143	1.48435	3	0	0
10	66500001	1.51148	1.48435	3	0	0
10	67000001	1.49876	1.48435	3	0	0
10	67500001	1.5349	1.48435	3	0	0
10	68000001	1.59475	1.48435	3	0	0
10	68500001	1.47279	1.48435	3	0	0
10	69000001	1.55089	1.48435	3	0	0
10	69500001	1.54311	1.48435	3	0	0
10	70000001	1.54591	1.48435	3	0	0
10	70500001	1.54592	1.48435	3	0	0
10	71000001	1.50993	1.48435	3	0	0
10	71500001	1.53272	1.48435	3	0	0
10	72000001	1.61536	1.48435	3	0	0
10	72500001	1.64631	1.48435	3	0	0
10	73000001	1.58233	1.48435	3	0	0
10	73500001	1.56365	1.48435	3	0	0
10	74000001	1.59344	1.48435	3	0	0
10	74500001	1.55234	1.48435	3	0	0
10	75000001	1.46468	1.48435	3	0	0
10	75500001	1.21046	1.48435	3	0	0
10	76000001	1.41143	1.48435	3	0	0
10	76500001	1.45586	1.48435	3	0	0
10	77000001	1.48187	1.48435	3	0	0
10	77500001	1.44332	1.48435	3	0	0
10	78000001	1.48238	1.48435	3	0	0
10	78500001	1.53254	1.48435	3	0	0
10	79000001	1.49107	1.48435	3	0	0
10	79500001	1.46481	1.48435	3	0	0
10	80000001	1.43332	1.48435	3	0	0
10	80500001	1.42265	1.48435	3	0	0
10	81000001	1.35742	1.48435	3	0	0
10	81500001	1.33031	1.48435	3	0	0
10	82000001	1.32105	1.48435	3	0	0
10	82500001	1.33601	1.48435	3	0	0
10	83000001	1.26564	1.48435	3	0	0
10	83500001	1.34887	1.48435	3	0	0
10	84000001	1.3144	1.48435	3	0	0
10	84500001	1.38165	1.48435	3	0	0
10	85000001	1.3618	1.48435	3	0	0
10	85500001	1.40144	1.48435	3	0	0
10	86000001	1.39538	1.48435	3	0	0
10	86500001	1.58951	1.48435	3	0	0
10	87000001	1.59331	1.48435	3	0	0
10	87500001	1.60278	1.48435	3	0	0
10	88000001	1.52382	1.48435	3	0	0
10	88500001	1.68701	1.48435	3	0	0
10	89000001	1.7428	1.48435	3	0	0
10	89500001	1.66416	1.48435	3	0	0
10	90000001	1.66441	1.48435	3	0	0
10	90500001	1.64887	1.48435	3	0	0
10	91000001	1.61208	1.48435	3	0	0
10	91500001	1.61339	1.48435	3	0	0
10	92000001	1.55293	1.48435	3	0	0
10	92500001	1.62461	1.48435	3	0	0
10	93000001	1.56036	1.48435	3	0	0
10	93500001	1.57738	1.48435	3	0	0
10	94000001	1.57718	1.48435	3	0	0
10	94500001	1.59651	1.48435	3	0	0
10	95000001	1.63844	1.48435	3	0	0
10	95500001	1.5075	1.48435	3	0	0
10	96000001	1.48435	1.48435	3	0	0
10	96500001	1.48502	1.48435	3	0	0
10	97000001	1.51228	1.48435	3	0	0
10	97500001	1.56567	1.48435	3	0	0
10	98000001	1.46381	1.48435	3	0	0
10	98500001	1.44336	1.48435	3	0	0
10	99000001	1.50256	1.48435	3	0	0
10	99500001	1.56593	1.48435	3	0	0
10	100000001	1.50498	1.48435	3	0	0
10	100500001	1.4241	1.48435	3	0	0
10	101000001	1.50709	1.48435	3	0	0
10	101500001	1.53817	1.48435	3	0	0
10	102000001	1.51027	1.48435	3	0	0
10	102500001	1.51896	1.48435	3	0	0
10	103000001	1.59228	1.48435	3	0	0
10	103500001	1.58524	1.48435	3	0	0
10	104000001	1.64795	1.48435	3	0	0
10	104500001	1.42903	1.48435	3	0	0
10	105000001	1.34208	1.48435	3	0	0
10	105500001	1.39487	1.48435	3	0	0
10	106000001	1.51421	1.48435	3	0	0
10	106500001	1.49519	1.48435	3	0	0
10	107000001	1.34788	1.48435	3	0	0
10	107500001	1.35097	1.48435	3	0	0
10	108000001	1.29795	1.48435	3	0	0
10	108500001	1.319	1.48435	3	0	0
10	109000001	1.33227	1.48435	3	0	0
10	109500001	1.49499	1.48435	3	0	0
10	110000001	1.56163	1.48435	3	0	0
10	110500001	1.58775	1.48435	3	0	0
10	111000001	1.41232	1.48435	3	0	0
10	111500001	1.34644	1.48435	3	0	0
10	112000001	1.41996	1.48435	3	0	0
10	112500001	1.48056	1.48435	3	0	0
10	113000001	1.52001	1.48435	3	0	0
10	113500001	1.54436	1.48435	3	0	0
10	114000001	1.55611	1.48435	3	0	0
10	114500001	1.50635	1.48435	3	0	0
10	115000001	1.46031	1.48435	3	0	0
10	115500001	1.39326	1.48435	3	0	0
10	116000001	1.39621	1.48435	3	0	0
10	116500001	1.46909	1.48435	3	0	0
10	117000001	1.46399	1.48435	3	0	0
10	117500001	1.37251	1.48435	3	0	0
10	118000001	1.46751	1.48435	3	0	0
10	118500001	1.53759	1.48435	3	0	0
10	119000001	1.52645	1.48435	3	0	0
10	119500001	1.38986	1.48435	3	0	0
10	120000001	1.46902	1.48435	3	0	0
10	120500001	1.5197	1.48435	3	0	0
10	121000001	1.49622	1.48435	3	0	0
10	121500001	1.5376	1.48435	3	0	0
10	122000001	1.55753	1.48435	3	0	0
10	122500001	1.45786	1.48435	3	0	0
10	123000001	1.37902	1.48435	3	0	0
10	123500001	1.39617	1.48435	3	0	0
10	124000001	1.52197	1.48435	3	0	0
10	124500001	1.51378	1.48435	3	0	0
10	125000001	1.4379	1.48435	3	0	0
10	125500001	1.56649	1.48435	3	0	0
10	126000001	1.5361	1.48435	3	0	0
10	126500001	1.43269	1.48435	3	0	0
10	127000001	1.3308	1.48435	3	0	0
10	127500001	1.37607	1.48435	3	0	0
10	128000001	1.40949	1.48435	3	0	0
10	128500001	1.24442	1.48435	3	0	0
10	129000001	1.26794	1.48435	3	0	0
10	129500001	1.2388	1.48435	3	0	0
10	130000001	1.26536	1.48435	3	0	0
10	130500001	1.2456	1.48435	3	0	0
10	131000001	1.28943	1.48435	3	0	0
10	131500001	1.37087	1.48435	3	0	0
10	132000001	1.48397	1.48435	3	0	0
10	132500001	1.42015	1.48435	3	0	0
10	133000001	1.40924	1.48435	3	0	0
10	133500001	-1	-1	-1	0	0
11	1	0.576081	1.58435	3	0	0
11	500001	1.58435	1.58435	3	0	0
11	1000001	1.90081	1.58435	3	0	0
11	1500001	0.781654	0.491741	1	0	0
11	2000001	0.475542	0.491741	1	0	0
11	2500001	0.494271	0.491741	1	0	0
11	3000001	0.427009	0.491741	1	0	0
11	3500001	0.491741	0.491741	1	0	0
11	4000001	0.496601	0.491741	1	0	0
11	4500001	0.481446	0.491741	1	0	0
11	5000001	0.500896	0.491741	1	0	0
11	5500001	0.479144	0.491741	1	0	0
11	6000001	1.50423	1.1908	2	0	0
11	6500001	2.00925	1.1908	2	0	0
11	7000001	0.776041	1.1908	2	0	0
11	7500001	0.483271	1.1908	2	0	0
11	8000001	1.1908	1.1908	2	0	0
11	8500001	2.01882	2.01882	4	0	0
11	9000001	1.6214	2.01882	4	0	0
11	9500001	2.05167	2.01882	4	0	0
11	10000001	0.557755	0.57469	1	0	0
11	10500001	0.57469	0.57469	1	0	0
11	11000001	0.856547	0.57469	1	0	0
11	11500001	2.16969	1.99398	4	0	0
11	12000001	2.20393	1.99398	4	0	0
11	12500001	2.14603	1.99398	4	0	0
11	13000001	2.16582	1.99398	4	0	0
11	13500001	2.03589	1.99398	4	0	0
11	14000001	2.0705	1.99398	4	0	0
11	14500001	1.99398	1.99398	4	0	0
11	15000001	1.87681	1.99398	4	0	0
11	15500001	1.94755	1.99398	4	0	0
11	16000001	2.10706	1.99398	4	0	0
11	16500001	1.95685	1.99398	4	0	0
11	17000001	1.98129	1.99398	4	0	0
11	17500001	1.92923	1.99398	4	0	0
11	18000001	2.01424	1.99398	4	0	0
11	18500001	1.98726	1.99398	4	0	0
11	19000001	2.00713	1.99398	4	0	0
11	19500001	1.90517	1.99398	4	0	0
11	20000001	1.87406	1.99398	4	0	0
11	20500001	1.81004	1.99398	4	0	0
11	21000001	1.85037	1.99398	4	0	0
11	21500001	1.88646	1.99398	4	0	0
11	22000001	1.82641	1.99398	4	0	0
11	22500001	1.88949	1.99398	4	0	0
11	23000001	2.02551	1.99398	4	0	0
11	23500001	2.00307	1.99398	4	0	0
11	24000001	2.06982	1.99398	4	0	0
11	24500001	2.1065	1.99398	4	0	0
11	25000001	2.04247	1.99398	4	0	0
11	25500001	1.95263	1.99398	4	0	0
11	26000001	2.01145	1.99398	4	0	0
11	26500001	2.01062	1.99398	4	0	0
11	27000001	1.97488	1.99398	4	0	0
11	27500001	2.14697	1.99398	4	0	0
11	28000001	2.14252	1.99398	4	0	0
11	28500001	2.01283	1.99398	4	0	0
11	29000001	2.23029	1.99398	4	0	0
11	29500001	1.95247	1.99398	4	0	0
11	30000001	1.80827	1.99398	4	0	0
11	30500001	1.86111	1.99398	4	0	0
11	31000001	1.91195	1.99398	4	0	0
11	31500001	1.92727	1.99398	4	0	0
11	32000001	1.12443	1.12443	2	0	0
11	32500001	0.515879	0.515879	1	0	0
11	33000001	3.38433	4.15529	8	0	0
11	33500001	4.97784	4.15529	8	0	0
11	34000001	4.15529	4.15529	8	0	0
11	34500001	6.27747	6.61512	13	0	0
11	35000001	6.61512	6.61512	13	0	0
11	35500001	6.74045	6.61512	13	0	0
11	36000001	3.34151	3.24146	6	0	0
11	36500001	2.95028	3.24146	6	0	0
11	37000001	3.3812	3.24146	6	0	0
11	37500001	3.21442	3.24146	6	0	0
11	38000001	3.18423	3.24146	6	0	0
11	38500001	3.26849	3.24146	6	0	0
11	39000001	1.85611	1.85611	4	0	0
11	39500001	1.09075	0.930807	2	0	0
11	40000001	0.916844	0.930807	2	0	0
11	40500001	0.905802	0.930807	2	0	0
11	41000001	0.868513	0.930807	2	0	0
11	41500001	0.897332	0.930807	2	0	0
11	42000001	0.916187	0.930807	2	0	0
11	42500001	0.889711	0.930807	2	0	0
11	43000001	0.97792	0.930807	2	0	0
11	43500001	0.970002	0.930807	2	0	0
11	44000001	0.934775	0.930807	2	0	0
11	44500001	0.926838	0.930807	2	0	0
11	45000001	0.955735	0.930807	2	0	0
11	45500001	1.00987	0.930807	2	0	0
11	46000001	1.01657	0.930807	2	0	0
11	46500001	1.35856	1.35732	3	0	0
11	47000001	1.54783	1.35732	3	0	0
11	47500001	1.48758	1.35732	3	0	0
11	48000001	1.08798	1.35732	3	0	0
11	48500001	0.994428	1.35732	3	0	0
11	49000001	1.35607	1.35732	3	0	0
11	49500001	1.36667	1.35732	3	0	0
11	50000001	1.33833	1.35732	3	0	0
11	50500001	-1	-1	-1	0	0
11	51000001	-1	-1	-1	0	0
11	51500001	2.44007	2.24201	4	0	0
11	52000001	2.04396	2.24201	4	0	0
11	52500001	1.43588	1.42808	3	0	0
11	53000001	1.39943	1.42808	3	0	0
11	53500001	1.37277	1.42808	3	0	0
11	54000001	-1	1.42808	3	0	0
11	54500001	1.45118	1.42808	3	0	0
11	55000001	1.43629	1.42808	3	0	0
11	55500001	1.36697	1.42808	3	0	0
11	56000001	1.42808	1.42808	3	0	0
11	56500001	1.87707	1.95696	4	0	0
11	57000001	1.98561	1.95696	4	0	0
11	57500001	1.92832	1.95696	4	0	0
11	58000001	2.0639	1.95696	4	0	0
11	58500001	1.17325	1.01958	2	0	0
11	59000001	0.947217	1.01958	2	0	0
11	59500001	1.04618	1.01958	2	0	0
11	60000001	1.00942	1.01958	2	0	0
11	60500001	0.97966	1.01958	2	0	0
11	61000001	1.01373	1.01958	2	0	0
11	61500001	1.01447	1.01958	2	0	0
11	62000001	1.01958	1.01958	2	0	0
11	62500001	1.02502	1.01958	2	0	0
11	63000001	1.10393	1.01958	2	0	0
11	63500001	1.01105	1.01958	2	0	0
11	64000001	1.03245	1.01958	2	0	0
11	64500001	1.05035	1.01958	2	0	0
11	65000001	1.51812	1.54932	3	0	0
11	65500001	1.68147	1.54932	3	0	0
11	66000001	1.55055	1.54932	3	0	0
11	66500001	1.58598	1.54932	3	0	0
11	67000001	1.5011	1.54932	3	0	0
11	67500001	1.5481	1.54932	3	0	0
11	68000001	1.48191	1.54932	3	0	0
11	68500001	1.51084	1.54932	3	0	0
11	69000001	1.57758	1.54932	3	0	0
11	69500001	1.48299	1.54932	3	0	0
11	70000001	1.56448	1.54932	3	0	0
11	70500001	1.40385	1.54932	3	0	0
11	71000001	1.49828	1.54932	3	0	0
11	71500001	1.50221	1.54932	3	0	0
11	72000001	1.57716	1.54932	3	0	0
11	72500001	1.55232	1.54932	3	0	0
11	73000001	1.57962	1.54932	3	0	0
11	73500001	1.60375	1.54932	3	0	0
11	74000001	1.61614	1.54932	3	0	0
11	74500001	1.54441	1.54932	3	0	0
11	75000001	1.51077	1.54932	3	0	0
11	75500001	1.56029	1.54932	3	0	0
11	76000001	1.52385	1.54932	3	0	0
11	76500001	1.59353	1.54932	3	0	0
11	77000001	2.11637	2.19769	4	0	0
11	77500001	2.52758	2.19769	4	0	0
11	78000001	2.41969	2.19769	4	0	0
11	78500001	2.19077	2.19769	4	0	0
11	79000001	2.17153	2.19769	4	0	0
11	79500001	2.24185	2.19769	4	0	0
11	80000001	2.19769	2.19769	4	0	0
11	80500001	1.48354	1.60457	3	0	0
11	81000001	1.72561	1.60457	3	0	0
11	81500001	2.65747	2.80854	6	0	0
11	82000001	2.80854	2.80854	6	0	0
11	82500001	3.01704	2.80854	6	0	0
11	83000001	2.89625	2.80854	6	0	0
11	83500001	2.78476	2.80854	6	0	0
11	84000001	1.84569	1.53246	3	0	0
11	84500001	1.48355	1.53246	3	0	0
11	85000001	1.56378	1.53246	3	0	0
11	85500001	1.62394	1.53246	3	0	0
11	86000001	1.67362	1.53246	3	0	0
11	86500001	1.67933	1.53246	3	0	0
11	87000001	1.53426	1.53246	3	0	0
11	87500001	1.46174	1.53246	3	0	0
11	88000001	1.63377	1.53246	3	0	0
11	88500001	1.63967	1.53246	3	0	0
11	89000001	1.45044	1.53246	3	0	0
11	89500001	1.38178	1.53246	3	0	0
11	90000001	1.29646	1.53246	3	0	0
11	90500001	1.51355	1.53246	3	0	0
11	91000001	1.46302	1.53246	3	0	0
11	91500001	1.41516	1.53246	3	0	0
11	92000001	1.45678	1.53246	3	0	0
11	92500001	1.44595	1.53246	3	0	0
11	93000001	1.43146	1.53246	3	0	0
11	93500001	1.49558	1.53246	3	0	0
11	94000001	1.58651	1.53246	3	0	0
11	94500001	1.63466	1.53246	3	0	0
11	95000001	1.54775	1.53246	3	0	0
11	95500001	1.60365	1.53246	3	0	0
11	96000001	1.59488	1.53246	3	0	0
11	96500001	1.59376	1.53246	3	0	0
11	97000001	1.44544	1.53246	3	0	0
11	97500001	1.43834	1.53246	3	0	0
11	98000001	1.4659	1.53246	3	0	0
11	98500001	1.40134	1.53246	3	0	0
11	99000001	1.50334	1.53246	3	0	0
11	99500001	1.52325	1.53246	3	0	0
11	100000001	1.50149	1.53246	3	0	0
11	100500001	1.56385	1.53246	3	0	0
11	101000001	1.46225	1.53246	3	0	0
11	101500001	1.55771	1.53246	3	0	0
11	102000001	1.71245	1.53246	3	0	0
11	102500001	1.69761	1.53246	3	0	0
11	103000001	1.74604	1.53246	3	0	0
11	103500001	1.57571	1.53246	3	0	0
11	104000001	1.51495	1.53246	3	0	0
11	104500001	1.65563	1.53246	3	0	0
11	105000001	1.5969	1.53246	3	0	0
11	105500001	1.60289	1.53246	3	0	0
11	106000001	1.47509	1.53246	3	0	0
11	106500001	1.43857	1.53246	3	0	0
11	107000001	1.47441	1.53246	3	0	0
11	107500001	1.46197	1.53246	3	0	0
11	108000001	1.43685	1.53246	3	0	0
11	108500001	1.6778	1.53246	3	0	0
11	109000001	1.53065	1.53246	3	0	0
11	109500001	1.65427	1.53246	3	0	0
11	110000001	1.65643	1.53246	3	0	0
11	110500001	1.55832	1.53246	3	0	0
11	111000001	2.09249	2.09249	4	0	0
11	111500001	1.99732	2.09249	4	0	0
11	112000001	2.14515	2.09249	4	0	0
11	112500001	1.36901	0.955745	2	0	0
11	113000001	0.955745	0.955745	2	0	0
11	113500001	0.956633	0.955745	2	0	0
11	114000001	0.909193	0.955745	2	0	0
11	114500001	0.90937	0.955745	2	0	0
11	115000001	0.875662	0.955745	2	0	0
11	115500001	0.814747	0.955745	2	0	0
11	116000001	0.925737	0.955745	2	0	0
11	116500001	0.99158	0.955745	2	0	0
11	117000001	0.990182	0.955745	2	0	0
11	117500001	1.09503	0.955745	2	0	0
11	118000001	2.11642	2.08602	4	0	0
11	118500001	2.08602	2.08602	4	0	0
11	119000001	1.53111	2.08602	4	0	0
11	119500001	1.4863	1.45151	3	0	0
11	120000001	1.50878	1.45151	3	0	0
11	120500001	1.40034	1.45151	3	0	0
11	121000001	1.45151	1.45151	3	0	0
11	121500001	1.46725	1.45151	3	0	0
11	122000001	1.54714	1.45151	3	0	0
11	122500001	1.54478	1.45151	3	0	0
11	123000001	1.42662	1.45151	3	0	0
11	123500001	1.41209	1.45151	3	0	0
11	124000001	1.47764	1.45151	3	0	0
11	124500001	1.41535	1.45151	3	0	0
11	125000001	1.37996	1.45151	3	0	0
11	125500001	1.41681	1.45151	3	0	0
11	126000001	0.735427	1.45151	3	0	0
11	126500001	1.20602	1.45151	3	0	0
11	127000001	1.33002	1.45151	3	0	0
11	127500001	1.43716	1.45151	3	0	0
11	128000001	1.55739	1.45151	3	0	0
11	128500001	1.53958	1.45151	3	0	0
11	129000001	1.58459	1.45151	3	0	0
11	129500001	1.61512	1.45151	3	0	0
11	130000001	1.52036	1.45151	3	0	0
11	130500001	1.44081	1.45151	3	0	0
11	131000001	1.33621	1.30035	3	0	0
11	131500001	1.30035	1.30035	3	0	0
11	132000001	1.28232	1.30035	3	0	0
11	132500001	1.30165	1.30035	3	0	0
11	133000001	1.30189	1.30035	3	0	0
11	133500001	1.25412	1.30035	3	0	0
11	134000001	1.32021	1.30035	3	0	0
11	134500001	1.25547	1.30035	3	0	0
11	135000001	0.203851	1.30035	3	0	0
12	1	1.6846	1.65801	3	0	0
12	500001	1.63141	1.65801	3	0	0
12	1000001	1.04011	0.960835	2	0	0
12	1500001	0.995264	0.960835	2	0	0
12	2000001	0.946055	0.960835	2	0	0
12	2500001	0.945351	0.960835	2	0	0
12	3000001	0.960835	0.960835	2	0	0
12	3500001	0.948216	0.960835	2	0	0
12	4000001	0.94698	0.960835	2	0	0
12	4500001	0.925916	0.960835	2	0	0
12	5000001	0.936621	0.960835	2	0	0
12	5500001	0.993563	0.960835	2	0	0
12	6000001	1.09494	0.960835	2	0	0
12	6500001	1.02627	0.960835	2	0	0
12	7000001	1.03488	0.960835	2	0	0
12	7500001	0.91281	0.960835	2	0	0
12	8000001	1.0982	0.960835	2	0	0
12	8500001	1.3756	1.50417	3	0	0
12	9000001	1.48482	1.50417	3	0	0
12	9500001	1.52329	1.50417	3	0	0
12	10000001	1.56435	1.50417	3	0	0
12	10500001	1.61235	1.50417	3	0	0
12	11000001	1.55384	1.50417	3	0	0
12	11500001	1.66503	1.50417	3	0	0
12	12000001	1.70255	1.50417	3	0	0
12	12500001	1.62867	1.50417	3	0	0
12	13000001	1.6353	1.50417	3	0	0
12	13500001	1.48876	1.50417	3	0	0
12	14000001	1.4183	1.50417	3	0	0
12	14500001	1.48334	1.50417	3	0	0
12	15000001	1.51599	1.50417	3	0	0
12	15500001	1.54352	1.50417	3	0	0
12	16000001	1.52922	1.50417	3	0	0
12	16500001	1.49359	1.50417	3	0	0
12	17000001	1.49589	1.50417	3	0	0
12	17500001	1.4583	1.50417	3	0	0
12	18000001	1.62011	1.50417	3	0	0
12	18500001	1.66273	1.50417	3	0	0
12	19000001	1.51245	1.50417	3	0	0
12	19500001	1.42241	1.50417	3	0	0
12	20000001	1.43283	1.50417	3	0	0
12	20500001	1.36852	1.50417	3	0	0
12	21000001	1.48579	1.50417	3	0	0
12	21500001	1.42296	1.50417	3	0	0
12	22000001	1.42552	1.50417	3	0	0
12	22500001	1.43905	1.50417	3	0	0
12	23000001	1.67768	1.50417	3	0	0
12	23500001	1.92905	2.03768	4	0	0
12	24000001	1.996	2.03768	4	0	0
12	24500001	2.02459	2.03768	4	0	0
12	25000001	1.88455	2.03768	4	0	0
12	25500001	1.99234	2.03768	4	0	0
12	26000001	2.10003	2.03768	4	0	0
12	26500001	2.11231	2.03768	4	0	0
12	27000001	2.18408	2.03768	4	0	0
12	27500001	2.16421	2.03768	4	0	0
12	28000001	2.44454	2.03768	4	0	0
12	28500001	2.23949	2.03768	4	0	0
12	29000001	2.10542	2.03768	4	0	0
12	29500001	1.85819	2.03768	4	0	0
12	30000001	1.93356	2.03768	4	0	0
12	30500001	2.05078	2.03768	4	0	0
12	31000001	1.95317	2.03768	4	0	0
12	31500001	1.53583	1.83933	4	0	0
12	32000001	1.77046	1.83933	4	0	0
12	32500001	1.89398	1.83933	4	0	0
12	33000001	1.45571	1.83933	4	0	0
12	33500001	1.91447	1.83933	4	0	0
12	34000001	1.83933	1.83933	4	0	0
12	34500001	1.88066	1.83933	4	0	0
12	35000001	2.65287	2.65287	5	0	0
12	35500001	1.99098	1.99098	4	0	0
12	36000001	1.60953	1.60953	3	0	0
12	36500001	1.62262	1.60953	3	0	0
12	37000001	1.39269	1.60953	3	0	0
12	37500001	0.930804	1.02342	2	0	0
12	38000001	0.948041	1.02342	2	0	0
12	38500001	1.00707	1.02342	2	0	0
12	39000001	0.97496	1.02342	2	0	0
12	39500001	0.941958	1.02342	2	0	0
12	40000001	0.961707	1.02342	2	0	0
12	40500001	0.86853	1.02342	2	0	0
12	41000001	1.00405	1.02342	2	0	0
12	41500001	0.932921	1.02342	2	0	0
12	42000001	0.975568	1.02342	2	0	0
12	42500001	1.02372	1.02342	2	0	0
12	43000001	1.03337	1.02342	2	0	0
12	43500001	1.00259	1.02342	2	0	0
12	44000001	0.963844	1.02342	2	0	0
12	44500001	0.976519	1.02342	2	0	0
12	45000001	1.00884	1.02342	2	0	0
12	45500001	1.11423	1.02342	2	0	0
12	46000001	1.09491	1.02342	2	0	0
12	46500001	1.17935	1.02342	2	0	0
12	47000001	1.15817	1.02342	2	0	0
12	47500001	1.07674	1.02342	2	0	0
12	48000001	1.0531	1.02342	2	0	0
12	48500001	1.00955	1.02342	2	0	0
12	49000001	1.05652	1.02342	2	0	0
12	49500001	1.03049	1.02342	2	0	0
12	50000001	1.02334	1.02342	2	0	0
12	50500001	1.05044	1.02342	2	0	0
12	51000001	1.02436	1.02342	2	0	0
12	51500001	1.01211	1.02342	2	0	0
12	52000001	1.0764	1.02342	2	0	0
12	52500001	1.08759	1.02342	2	0	0
12	53000001	1.01816	1.02342	2	0	0
12	53500001	1.11537	1.02342	2	0	0
12	54000001	1.0301	1.02342	2	0	0
12	54500001	1.02447	1.02342	2	0	0
12	55000001	1.07504	1.02342	2	0	0
12	55500001	1.06892	1.02342	2	0	0
12	56000001	1.25814	1.02342	2	0	0
12	56500001	1.06246	1.02342	2	0	0
12	57000001	1.02383	1.02342	2	0	0
12	57500001	0.992983	1.02342	2	0	0
12	58000001	1.08652	1.02342	2	0	0
12	58500001	1.04367	1.02342	2	0	0
12	59000001	1.06175	1.02342	2	0	0
12	59500001	1.05106	1.02342	2	0	0
12	60000001	1.10513	1.02342	2	0	0
12	60500001	0.981778	1.02342	2	0	0
12	61000001	1.04442	1.02342	2	0	0
12	61500001	1.01371	1.02342	2	0	0
12	62000001	0.995457	1.02342	2	0	0
12	62500001	1.02174	1.02342	2	0	0
12	63000001	1.00843	1.02342	2	0	0
12	63500001	1.03683	1.02342	2	0	0
12	64000001	1.07414	1.02342	2	0	0
12	64500001	1.0065	1.02342	2	0	0
12	65000001	1.09328	1.02342	2	0	0
12	65500001	1.1419	1.02342	2	0	0
12	66000001	1.02132	1.02342	2	0	0
12	66500001	0.97607	1.02342	2	0	0
12	67000001	1.09451	1.02342	2	0	0
12	67500001	1.11513	1.02342	2	0	0
12	68000001	1.03993	1.02342	2	0	0
12	68500001	0.982462	1.02342	2	0	0
12	69000001	1.05275	1.02342	2	0	0
12	69500001	1.081	1.02342	2	0	0
12	70000001	1.0147	1.02342	2	0	0
12	70500001	1.11291	1.02342	2	0	0
12	71000001	1.01702	1.02342	2	0	0
12	71500001	1.05329	1.02342	2	0	0
12	72000001	0.965055	1.02342	2	0	0
12	72500001	1.01531	1.02342	2	0	0
12	73000001	1.01992	1.02342	2	0	0
12	73500001	0.983642	1.02342	2	0	0
12	74000001	1.01158	1.02342	2	0	0
12	74500001	1.01634	1.02342	2	0	0
12	75000001	1.15495	1.02342	2	0	0
12	75500001	1.16909	1.02342	2	0	0
12	76000001	1.07925	1.02342	2	0	0
12	76500001	1.0189	1.02342	2	0	0
12	77000001	0.990652	1.02342	2	0	0
12	77500001	0.985732	1.02342	2	0	0
12	78000001	1.03118	1.02342	2	0	0
12	78500001	1.09351	1.02342	2	0	0
12	79000001	1.0297	1.02342	2	0	0
12	79500001	1.09329	1.02342	2	0	0
12	80000001	1.007	1.02342	2	0	0
12	80500001	0.98209	1.02342	2	0	0
12	81000001	0.96695	1.02342	2	0	0
12	81500001	0.950515	1.02342	2	0	0
12	82000001	0.958167	1.02342	2	0	0
12	82500001	0.916418	1.02342	2	0	0
12	83000001	0.89584	1.02342	2	0	0
12	83500001	0.953159	1.02342	2	0	0
12	84000001	1.05126	1.02342	2	0	0
12	84500001	0.998949	1.02342	2	0	0
12	85000001	1.02947	1.02342	2	0	0
12	85500001	1.05483	1.02342	2	0	0
12	86000001	1.02342	1.02342	2	0	0
12	86500001	1.04908	1.02342	2	0	0
12	87000001	1.08512	1.02342	2	0	0
12	87500001	1.10906	1.02342	2	0	0
12	88000001	1.17988	1.02342	2	0	0
12	88500001	1.12745	1.02342	2	0	0
12	89000001	1.12719	1.02342	2	0	0
12	89500001	1.10662	1.02342	2	0	0
12	90000001	1.11323	1.02342	2	0	0
12	90500001	1.13438	1.02342	2	0	0
12	91000001	1.09677	1.02342	2	0	0
12	91500001	1.01075	1.02342	2	0	0
12	92000001	1.01089	1.02342	2	0	0
12	92500001	1.09225	1.02342	2	0	0
12	93000001	1.09564	1.02342	2	0	0
12	93500001	1.11685	1.02342	2	0	0
12	94000001	1.00726	1.02342	2	0	0
12	94500001	1.00176	1.02342	2	0	0
12	95000001	1.02288	1.02342	2	0	0
12	95500001	1.0204	1.02342	2	0	0
12	96000001	1.04716	1.02342	2	0	0
12	96500001	1.0616	1.02342	2	0	0
12	97000001	0.963527	1.02342	2	0	0
12	97500001	0.953722	1.02342	2	0	0
12	98000001	0.977914	1.02342	2	0	0
12	98500001	1.02409	1.02342	2	0	0
12	99000001	0.892003	1.02342	2	0	0
12	99500001	0.98671	1.02342	2	0	0
12	100000001	0.898917	1.02342	2	0	0
12	100500001	0.90321	1.02342	2	0	0
12	101000001	0.913533	1.02342	2	0	0
12	101500001	0.962864	1.02342	2	0	0
12	102000001	1.02128	1.02342	2	0	0
12	102500001	0.953346	1.02342	2	0	0
12	103000001	1.31957	1.49743	3	0	0
12	103500001	1.59359	1.49743	3	0	0
12	104000001	1.6226	1.49743	3	0	0
12	104500001	1.60094	1.49743	3	0	0
12	105000001	1.59553	1.49743	3	0	0
12	105500001	1.50993	1.49743	3	0	0
12	106000001	1.47981	1.49743	3	0	0
12	106500001	1.53608	1.49743	3	0	0
12	107000001	1.50977	1.49743	3	0	0
12	107500001	1.41824	1.49743	3	0	0
12	108000001	1.4557	1.49743	3	0	0
12	108500001	1.51729	1.49743	3	0	0
12	109000001	1.46459	1.49743	3	0	0
12	109500001	1.51917	1.49743	3	0	0
12	110000001	1.56853	1.49743	3	0	0
12	110500001	1.4526	1.49743	3	0	0
12	111000001	1.48475	1.49743	3	0	0
12	111500001	1.49273	1.49743	3	0	0
12	112000001	1.56635	1.49743	3	0	0
12	112500001	1.46711	1.49743	3	0	0
12	113000001	1.47214	1.49743	3	0	0
12	113500001	1.39164	1.49743	3	0	0
12	114000001	1.30216	1.49743	3	0	0
12	114500001	1.28722	1.49743	3	0	0
12	115000001	1.31506	1.49743	3	0	0
12	115500001	1.41084	1.49743	3	0	0
12	116000001	1.52105	1.49743	3	0	0
12	116500001	1.57362	1.49743	3	0	0
12	117000001	1.33042	1.49743	3	0	0
12	117500001	1.41237	1.49743	3	0	0
12	118000001	1.35129	1.49743	3	0	0
12	118500001	1.40492	1.49743	3	0	0
12	119000001	1.39749	1.49743	3	0	0
12	119500001	1.50774	1.49743	3	0	0
12	120000001	1.53355	1.49743	3	0	0
12	120500001	1.54492	1.49743	3	0	0
12	121000001	1.53264	1.49743	3	0	0
12	121500001	1.43948	1.49743	3	0	0
12	122000001	1.55343	1.49743	3	0	0
12	122500001	1.60485	1.49743	3	0	0
12	123000001	1.50919	1.49743	3	0	0
12	123500001	1.50213	1.49743	3	0	0
12	124000001	1.48562	1.49743	3	0	0
12	124500001	1.52066	1.49743	3	0	0
12	125000001	1.53877	1.49743	3	0	0
12	125500001	1.27473	1.49743	3	0	0
12	126000001	0.983069	0.894435	2	0	0
12	126500001	0.965229	0.894435	2	0	0
12	127000001	0.909721	0.894435	2	0	0
12	127500001	0.899129	0.894435	2	0	0
12	128000001	0.829462	0.894435	2	0	0
12	128500001	0.854768	0.894435	2	0	0
12	129000001	0.849413	0.894435	2	0	0
12	129500001	0.818781	0.894435	2	0	0
12	130000001	0.865517	0.894435	2	0	0
12	130500001	0.894435	0.894435	2	0	0
12	131000001	0.893899	0.894435	2	0	0
12	131500001	1.00567	0.894435	2	0	0
12	132000001	0.944677	0.894435	2	0	0
12	132500001	1.3812	0.894435	2	0	0
12	133000001	0.776334	0.894435	2	0	0
13	1	-1	-1	-1	0	0
13	500001	-1	-1	-1	0	0
13	1000001	-1	-1	-1	0	0
13	1500001	-1	-1	-1	0	0
13	2000001	-1	-1	-1	0	0
13	2500001	-1	-1	-1	0	0
13	3000001	-1	-1	-1	0	0
13	3500001	-1	-1	-1	0	0
13	4000001	-1	-1	-1	0	0
13	4500001	-1	-1	-1	0	0
13	5000001	-1	-1	-1	0	0
13	5500001	-1	-1	-1	0	0
13	6000001	-1	-1	-1	0	0
13	6500001	-1	-1	-1	0	0
13	7000001	-1	-1	-1	0	0
13	7500001	-1	-1	-1	0	0
13	8000001	-1	-1	-1	0	0
13	8500001	-1	-1	-1	0	0
13	9000001	-1	-1	-1	0	0
13	9500001	-1	-1	-1	0	0
13	10000001	-1	-1	-1	0	0
13	10500001	-1	-1	-1	0	0
13	11000001	-1	-1	-1	0	0
13	11500001	-1	-1	-1	0	0
13	12000001	-1	-1	-1	0	0
13	12500001	-1	-1	-1	0	0
13	13000001	-1	-1	-1	0	0
13	13500001	-1	-1	-1	0	0
13	14000001	-1	-1	-1	0	0
13	14500001	-1	-1	-1	0	0
13	15000001	-1	-1	-1	0	0
13	15500001	-1	-1	-1	0	0
13	16000001	0.496911	0.878015	2	0	0
13	16500001	0.762876	0.878015	2	0	0
13	17000001	0.993154	0.878015	2	0	0
13	17500001	1.22233	0.878015	2	0	0
13	18000001	-1	-1	-1	0	0
13	18500001	0.570208	0.507766	1	0	0
13	19000001	0.49311	0.507766	1	0	0
13	19500001	0.522049	0.507766	1	0	0
13	20000001	0.495694	0.507766	1	0	0
13	20500001	0.522336	0.507766	1	0	0
13	21000001	0.512147	0.507766	1	0	0
13	21500001	0.454265	0.507766	1	0	0
13	22000001	0.425944	0.507766	1	0	0
13	22500001	0.469743	0.507766	1	0	0
13	23000001	0.477438	0.507766	1	0	0
13	23500001	0.518688	0.507766	1	0	0
13	24000001	0.507766	0.507766	1	0	0
13	24500001	0.51763	0.507766	1	0	0
13	25000001	0.477561	0.507766	1	0	0
13	25500001	0.597953	0.507766	1	0	0
13	26000001	1.91185	1.94341	4	0	0
13	26500001	1.90246	1.94341	4	0	0
13	27000001	1.96084	1.94341	4	0	0
13	27500001	1.8396	1.94341	4	0	0
13	28000001	1.80609	1.94341	4	0	0
13	28500001	1.81331	1.94341	4	0	0
13	29000001	1.8853	1.94341	4	0	0
13	29500001	2.0542	1.94341	4	0	0
13	30000001	2.01186	1.94341	4	0	0
13	30500001	1.92599	1.94341	4	0	0
13	31000001	1.97064	1.94341	4	0	0
13	31500001	1.83949	1.94341	4	0	0
13	32000001	1.97759	1.94341	4	0	0
13	32500001	2.18709	1.94341	4	0	0
13	33000001	2.10051	1.94341	4	0	0
13	33500001	2.20567	1.94341	4	0	0
13	34000001	2.16692	1.94341	4	0	0
13	34500001	2.12001	1.94341	4	0	0
13	35000001	2.11935	1.94341	4	0	0
13	35500001	2.01381	1.94341	4	0	0
13	36000001	1.92038	1.94341	4	0	0
13	36500001	1.87324	1.94341	4	0	0
13	37000001	1.84959	1.94341	4	0	0
13	37500001	1.91927	1.94341	4	0	0
13	38000001	2.00187	1.94341	4	0	0
13	38500001	1.85602	1.94341	4	0	0
13	39000001	1.89467	1.94341	4	0	0
13	39500001	2.01518	1.94341	4	0	0
13	40000001	1.9666	1.94341	4	0	0
13	40500001	1.6185	1.94341	4	0	0
13	41000001	1.06991	0.997281	2	0	0
13	41500001	1.05661	0.997281	2	0	0
13	42000001	1.0776	0.997281	2	0	0
13	42500001	1.03539	0.997281	2	0	0
13	43000001	0.988375	0.997281	2	0	0
13	43500001	0.970233	0.997281	2	0	0
13	44000001	1.0767	0.997281	2	0	0
13	44500001	1.0257	0.997281	2	0	0
13	45000001	1.03772	0.997281	2	0	0
13	45500001	1.02978	0.997281	2	0	0
13	46000001	0.993709	0.997281	2	0	0
13	46500001	0.94497	0.997281	2	0	0
13	47000001	0.941554	0.997281	2	0	0
13	47500001	0.98962	0.997281	2	0	0
13	48000001	1.04906	0.997281	2	0	0
13	48500001	1.0203	0.997281	2	0	0
13	49000001	1.10092	0.997281	2	0	0
13	49500001	0.997072	0.997281	2	0	0
13	50000001	0.987421	0.997281	2	0	0
13	50500001	1.00564	0.997281	2	0	0
13	51000001	1.08274	0.997281	2	0	0
13	51500001	1.01717	0.997281	2	0	0
13	52000001	1.0313	0.997281	2	0	0
13	52500001	0.945792	0.997281	2	0	0
13	53000001	0.912489	0.997281	2	0	0
13	53500001	0.961141	0.997281	2	0	0
13	54000001	0.884856	0.997281	2	0	0
13	54500001	0.890126	0.997281	2	0	0
13	55000001	0.910922	0.997281	2	0	0
13	55500001	0.907569	0.997281	2	0	0
13	56000001	0.954254	0.997281	2	0	0
13	56500001	0.951204	0.997281	2	0	0
13	57000001	1.07206	0.997281	2	0	0
13	57500001	0.902808	0.997281	2	0	0
13	58000001	0.905488	0.997281	2	0	0
13	58500001	0.85736	0.997281	2	0	0
13	59000001	0.901137	0.997281	2	0	0
13	59500001	0.928166	0.997281	2	0	0
13	60000001	0.935646	0.997281	2	0	0
13	60500001	0.903608	0.997281	2	0	0
13	61000001	0.941914	0.997281	2	0	0
13	61500001	1.01526	0.997281	2	0	0
13	62000001	1.05509	0.997281	2	0	0
13	62500001	1.13962	0.997281	2	0	0
13	63000001	1.11138	0.997281	2	0	0
13	63500001	1.06018	0.997281	2	0	0
13	64000001	1.05871	0.997281	2	0	0
13	64500001	1.07604	0.997281	2	0	0
13	65000001	1.08848	0.997281	2	0	0
13	65500001	1.07596	0.997281	2	0	0
13	66000001	1.01386	0.997281	2	0	0
13	66500001	1.01959	0.997281	2	0	0
13	67000001	1.02413	0.997281	2	0	0
13	67500001	0.977253	0.997281	2	0	0
13	68000001	0.958971	0.997281	2	0	0
13	68500001	0.970659	0.997281	2	0	0
13	69000001	0.945021	0.997281	2	0	0
13	69500001	0.970461	0.997281	2	0	0
13	70000001	0.948637	0.997281	2	0	0
13	70500001	0.894254	0.997281	2	0	0
13	71000001	0.950274	0.997281	2	0	0
13	71500001	0.957868	0.997281	2	0	0
13	72000001	0.930894	0.997281	2	0	0
13	72500001	1.04059	0.997281	2	0	0
13	73000001	1.14053	0.997281	2	0	0
13	73500001	1.11868	0.997281	2	0	0
13	74000001	1.09816	0.997281	2	0	0
13	74500001	1.00948	0.997281	2	0	0
13	75000001	1.00465	0.997281	2	0	0
13	75500001	0.999496	0.997281	2	0	0
13	76000001	0.982348	0.997281	2	0	0
13	76500001	0.931578	0.997281	2	0	0
13	77000001	1.04713	0.997281	2	0	0
13	77500001	0.997491	0.997281	2	0	0
13	78000001	0.97095	0.997281	2	0	0
13	78500001	0.951636	0.997281	2	0	0
13	79000001	1.09652	0.997281	2	0	0
13	79500001	1.02418	0.997281	2	0	0
13	80000001	0.500168	0.500168	1	0	0
13	80500001	0.483301	0.500168	1	0	0
13	81000001	0.466331	0.500168	1	0	0
13	81500001	0.486403	0.500168	1	0	0
13	82000001	0.500455	0.500168	1	0	0
13	82500001	0.486484	0.500168	1	0	0
13	83000001	0.527426	0.500168	1	0	0
13	83500001	0.52304	0.500168	1	0	0
13	84000001	0.489816	0.500168	1	0	0
13	84500001	0.538484	0.500168	1	0	0
13	85000001	0.560672	0.500168	1	0	0
13	85500001	0.583558	0.500168	1	0	0
13	86000001	0.482585	0.500168	1	0	0
13	86500001	0.491777	0.500168	1	0	0
13	87000001	0.489463	0.500168	1	0	0
13	87500001	0.488238	0.500168	1	0	0
13	88000001	0.508559	0.500168	1	0	0
13	88500001	0.556529	0.500168	1	0	0
13	89000001	0.557698	0.500168	1	0	0
13	89500001	0.524054	0.500168	1	0	0
13	90000001	0.506811	0.500168	1	0	0
13	90500001	0.533501	0.500168	1	0	0
13	91000001	0.499117	0.500168	1	0	0
13	91500001	0.464013	0.500168	1	0	0
13	92000001	0.472631	0.500168	1	0	0
13	92500001	0.458883	0.500168	1	0	0
13	93000001	0.429505	0.500168	1	0	0
13	93500001	0.455241	0.500168	1	0	0
13	94000001	0.440139	0.500168	1	0	0
13	94500001	0.466429	0.500168	1	0	0
13	95000001	0.485716	0.500168	1	0	0
13	95500001	0.547586	0.500168	1	0	0
13	96000001	0.500633	0.500168	1	0	0
13	96500001	0.519767	0.500168	1	0	0
13	97000001	0.526506	0.500168	1	0	0
13	97500001	0.490957	0.500168	1	0	0
13	98000001	0.503025	0.500168	1	0	0
13	98500001	0.539764	0.500168	1	0	0
13	99000001	0.524968	0.500168	1	0	0
13	99500001	0.514606	0.500168	1	0	0
13	100000001	0.474247	0.500168	1	0	0
13	100500001	1.42301	1.97289	4	0	0
13	101000001	2.02585	1.97289	4	0	0
13	101500001	2.08159	1.97289	4	0	0
13	102000001	1.85542	1.97289	4	0	0
13	102500001	2.01622	1.97289	4	0	0
13	103000001	1.94475	1.97289	4	0	0
13	103500001	1.95672	1.97289	4	0	0
13	104000001	2.07348	1.97289	4	0	0
13	104500001	2.11473	1.97289	4	0	0
13	105000001	2.05273	1.97289	4	0	0
13	105500001	2.11398	1.97289	4	0	0
13	106000001	2.08571	1.97289	4	0	0
13	106500001	2.09113	1.97289	4	0	0
13	107000001	1.9163	1.97289	4	0	0
13	107500001	1.78582	1.97289	4	0	0
13	108000001	1.85118	1.97289	4	0	0
13	108500001	1.97289	1.97289	4	0	0
13	109000001	2.10629	1.97289	4	0	0
13	109500001	2.11572	1.97289	4	0	0
13	110000001	2.03028	1.97289	4	0	0
13	110500001	2.07894	1.97289	4	0	0
13	111000001	1.90598	1.97289	4	0	0
13	111500001	-1	1.97289	4	0	0
13	112000001	1.75881	1.97289	4	0	0
13	112500001	1.91442	1.97289	4	0	0
13	113000001	1.95847	1.97289	4	0	0
13	113500001	1.92917	1.97289	4	0	0
13	114000001	1.34368	1.97289	4	0	0
14	1	-1	-1	-1	0	0
14	500001	-1	-1	-1	0	0
14	1000001	-1	-1	-1	0	0
14	1500001	-1	-1	-1	0	0
14	2000001	-1	-1	-1	0	0
14	2500001	-1	-1	-1	0	0
14	3000001	-1	-1	-1	0	0
14	3500001	-1	-1	-1	0	0
14	4000001	-1	-1	-1	0	0
14	4500001	-1	-1	-1	0	0
14	5000001	-1	-1	-1	0	0
14	5500001	-1	-1	-1	0	0
14	6000001	-1	-1	-1	0	0
14	6500001	-1	-1	-1	0	0
14	7000001	-1	-1	-1	0	0
14	7500001	-1	-1	-1	0	0
14	8000001	-1	-1	-1	0	0
14	8500001	-1	-1	-1	0	0
14	9000001	-1	-1	-1	0	0
14	9500001	-1	-1	-1	0	0
14	10000001	-1	-1	-1	0	0
14	10500001	-1	-1	-1	0	0
14	11000001	-1	-1	-1	0	0
14	11500001	-1	-1	-1	0	0
14	12000001	-1	-1	-1	0	0
14	12500001	-1	-1	-1	0	0
14	13000001	-1	-1	-1	0	0
14	13500001	-1	-1	-1	0	0
14	14000001	-1	-1	-1	0	0
14	14500001	-1	-1	-1	0	0
14	15000001	-1	-1	-1	0	0
14	15500001	-1	-1	-1	0	0
14	16000001	0.480981	0.572954	1	0	0
14	16500001	0.572954	0.572954	1	0	0
14	17000001	0.80671	0.572954	1	0	0
14	17500001	0.919746	1.03564	2	0	0
14	18000001	1.14587	1.03564	2	0	0
14	18500001	-1	1.03564	2	0	0
14	19000001	1.39181	1.03564	2	0	0
14	19500001	-1	1.03564	2	0	0
14	20000001	0.959101	1.03564	2	0	0
14	20500001	1.02909	1.03564	2	0	0
14	21000001	1.03239	1.03564	2	0	0
14	21500001	0.980944	1.03564	2	0	0
14	22000001	1.05925	1.03564	2	0	0
14	22500001	1.05973	1.03564	2	0	0
14	23000001	1.01649	1.03564	2	0	0
14	23500001	1.03564	1.03564	2	0	0
14	24000001	1.00192	1.03564	2	0	0
14	24500001	1.01964	1.03564	2	0	0
14	25000001	0.937357	1.03564	2	0	0
14	25500001	0.958866	1.03564	2	0	0
14	26000001	0.951361	1.03564	2	0	0
14	26500001	1.13852	1.03564	2	0	0
14	27000001	1.07607	1.03564	2	0	0
14	27500001	1.04289	1.03564	2	0	0
14	28000001	1.11054	1.03564	2	0	0
14	28500001	1.09061	1.03564	2	0	0
14	29000001	1.10973	1.03564	2	0	0
14	29500001	0.974128	1.03564	2	0	0
14	30000001	1.00412	1.03564	2	0	0
14	30500001	1.09356	1.03564	2	0	0
14	31000001	0.922589	1.03564	2	0	0
14	31500001	1.07044	1.03564	2	0	0
14	32000001	1.06179	1.03564	2	0	0
14	32500001	1.045	1.03564	2	0	0
14	33000001	1.59484	1.59484	3	0	0
14	33500001	2.07447	2.00157	4	0	0
14	34000001	2.05937	2.00157	4	0	0
14	34500001	2.04551	2.00157	4	0	0
14	35000001	2.14971	2.00157	4	0	0
14	35500001	2.15287	2.00157	4	0	0
14	36000001	2.05332	2.00157	4	0	0
14	36500001	2.04228	2.00157	4	0	0
14	37000001	2.12626	2.00157	4	0	0
14	37500001	2.04518	2.00157	4	0	0
14	38000001	1.8885	2.00157	4	0	0
14	38500001	2.00157	2.00157	4	0	0
14	39000001	2.10486	2.00157	4	0	0
14	39500001	1.97513	2.00157	4	0	0
14	40000001	1.89452	2.00157	4	0	0
14	40500001	1.91425	2.00157	4	0	0
14	41000001	1.80131	2.00157	4	0	0
14	41500001	1.94623	2.00157	4	0	0
14	42000001	1.87499	2.00157	4	0	0
14	42500001	1.85593	2.00157	4	0	0
14	43000001	1.87876	2.00157	4	0	0
14	43500001	1.83566	2.00157	4	0	0
14	44000001	1.69864	1.51416	3	0	0
14	44500001	1.43076	1.51416	3	0	0
14	45000001	1.43706	1.51416	3	0	0
14	45500001	1.43954	1.51416	3	0	0
14	46000001	1.48054	1.51416	3	0	0
14	46500001	1.47076	1.51416	3	0	0
14	47000001	1.44542	1.51416	3	0	0
14	47500001	1.42826	1.51416	3	0	0
14	48000001	1.56313	1.51416	3	0	0
14	48500001	1.49809	1.51416	3	0	0
14	49000001	1.52446	1.51416	3	0	0
14	49500001	1.56517	1.51416	3	0	0
14	50000001	1.58468	1.51416	3	0	0
14	50500001	1.57073	1.51416	3	0	0
14	51000001	1.69617	1.51416	3	0	0
14	51500001	1.63083	1.51416	3	0	0
14	52000001	1.60455	1.51416	3	0	0
14	52500001	1.73546	1.51416	3	0	0
14	53000001	1.76056	1.51416	3	0	0
14	53500001	1.48735	1.51416	3	0	0
14	54000001	1.60198	1.51416	3	0	0
14	54500001	1.59374	1.51416	3	0	0
14	55000001	1.61293	1.51416	3	0	0
14	55500001	1.5597	1.51416	3	0	0
14	56000001	1.47251	1.51416	3	0	0
14	56500001	1.3465	1.51416	3	0	0
14	57000001	1.41056	1.51416	3	0	0
14	57500001	1.39926	1.51416	3	0	0
14	58000001	1.41108	1.51416	3	0	0
14	58500001	1.43844	1.51416	3	0	0
14	59000001	1.5023	1.51416	3	0	0
14	59500001	1.52911	1.51416	3	0	0
14	60000001	1.56241	1.51416	3	0	0
14	60500001	1.55996	1.51416	3	0	0
14	61000001	1.57035	1.51416	3	0	0
14	61500001	1.64933	1.51416	3	0	0
14	62000001	1.50986	1.51416	3	0	0
14	62500001	1.43327	1.51416	3	0	0
14	63000001	1.51845	1.51416	3	0	0
14	63500001	1.54807	1.51416	3	0	0
14	64000001	1.53223	1.51416	3	0	0
14	64500001	1.61424	1.51416	3	0	0
14	65000001	1.53793	1.51416	3	0	0
14	65500001	1.4782	1.51416	3	0	0
14	66000001	1.48698	1.51416	3	0	0
14	66500001	1.54371	1.51416	3	0	0
14	67000001	1.83622	1.51416	3	0	0
14	67500001	1.61689	1.51416	3	0	0
14	68000001	1.58868	1.51416	3	0	0
14	68500001	1.60379	1.51416	3	0	0
14	69000001	1.56936	1.51416	3	0	0
14	69500001	1.42996	1.51416	3	0	0
14	70000001	1.48886	1.51416	3	0	0
14	70500001	1.82896	1.51416	3	0	0
14	71000001	1.50329	1.51416	3	0	0
14	71500001	1.44004	1.51416	3	0	0
14	72000001	1.41989	1.51416	3	0	0
14	72500001	1.4342	1.51416	3	0	0
14	73000001	1.51973	1.51416	3	0	0
14	73500001	1.45567	1.51416	3	0	0
14	74000001	1.52712	1.51416	3	0	0
14	74500001	1.55565	1.51416	3	0	0
14	75000001	1.58624	1.51416	3	0	0
14	75500001	1.55861	1.51416	3	0	0
14	76000001	1.43704	1.51416	3	0	0
14	76500001	1.55156	1.51416	3	0	0
14	77000001	1.55762	1.51416	3	0	0
14	77500001	1.44313	1.51416	3	0	0
14	78000001	1.35428	1.51416	3	0	0
14	78500001	1.3845	1.51416	3	0	0
14	79000001	1.35444	1.51416	3	0	0
14	79500001	1.46685	1.51416	3	0	0
14	80000001	1.56053	1.51416	3	0	0
14	80500001	1.53242	1.51416	3	0	0
14	81000001	1.49085	1.51416	3	0	0
14	81500001	1.48228	1.51416	3	0	0
14	82000001	1.3959	1.51416	3	0	0
14	82500001	1.37804	1.51416	3	0	0
14	83000001	1.40331	1.51416	3	0	0
14	83500001	1.39442	1.51416	3	0	0
14	84000001	1.39912	1.51416	3	0	0
14	84500001	1.50488	1.51416	3	0	0
14	85000001	2.53683	2.53683	5	0	0
14	85500001	1.70957	1.44606	3	0	0
14	86000001	1.46288	1.44606	3	0	0
14	86500001	1.42743	1.44606	3	0	0
14	87000001	1.46349	1.44606	3	0	0
14	87500001	1.36902	1.44606	3	0	0
14	88000001	1.32694	1.44606	3	0	0
14	88500001	1.41544	1.44606	3	0	0
14	89000001	1.37374	1.44606	3	0	0
14	89500001	1.41502	1.44606	3	0	0
14	90000001	1.47308	1.44606	3	0	0
14	90500001	1.48449	1.44606	3	0	0
14	91000001	1.46601	1.44606	3	0	0
14	91500001	1.86182	1.44606	3	0	0
14	92000001	1.4449	1.44606	3	0	0
14	92500001	1.47415	1.44606	3	0	0
14	93000001	1.50986	1.44606	3	0	0
14	93500001	1.42697	1.44606	3	0	0
14	94000001	1.44606	1.44606	3	0	0
14	94500001	1.3258	1.44606	3	0	0
14	95000001	1.37459	1.44606	3	0	0
14	95500001	1.40482	1.44606	3	0	0
14	96000001	1.38319	1.44606	3	0	0
14	96500001	1.45101	1.44606	3	0	0
14	97000001	1.36005	1.44606	3	0	0
14	97500001	1.35422	1.44606	3	0	0
14	98000001	1.40874	1.44606	3	0	0
14	98500001	1.41986	1.44606	3	0	0
14	99000001	1.45462	1.44606	3	0	0
14	99500001	1.529	1.44606	3	0	0
14	100000001	1.49201	1.44606	3	0	0
14	100500001	1.44197	1.44606	3	0	0
14	101000001	1.46007	1.44606	3	0	0
14	101500001	1.46037	1.44606	3	0	0
14	102000001	1.53363	1.44606	3	0	0
14	102500001	1.72897	1.44606	3	0	0
14	103000001	2.5374	2.5374	5	0	0
14	103500001	1.52627	1.46693	3	0	0
14	104000001	1.43753	1.46693	3	0	0
14	104500001	1.49739	1.46693	3	0	0
14	105000001	1.48889	1.46693	3	0	0
14	105500001	1.44497	1.46693	3	0	0
14	106000001	1.43663	1.46693	3	0	0
14	106500001	-1	-1	-1	0	0
14	107000001	-1	-1	-1	0	0
15	1	-1	-1	-1	0	0
15	500001	-1	-1	-1	0	0
15	1000001	-1	-1	-1	0	0
15	1500001	-1	-1	-1	0	0
15	2000001	-1	-1	-1	0	0
15	2500001	-1	-1	-1	0	0
15	3000001	-1	-1	-1	0	0
15	3500001	-1	-1	-1	0	0
15	4000001	-1	-1	-1	0	0
15	4500001	-1	-1	-1	0	0
15	5000001	-1	-1	-1	0	0
15	5500001	-1	-1	-1	0	0
15	6000001	-1	-1	-1	0	0
15	6500001	-1	-1	-1	0	0
15	7000001	-1	-1	-1	0	0
15	7500001	-1	-1	-1	0	0
15	8000001	-1	-1	-1	0	0
15	8500001	-1	-1	-1	0	0
15	9000001	-1	-1	-1	0	0
15	9500001	-1	-1	-1	0	0
15	10000001	-1	-1	-1	0	0
15	10500001	-1	-1	-1	0	0
15	11000001	-1	-1	-1	0	0
15	11500001	-1	-1	-1	0	0
15	12000001	-1	-1	-1	0	0
15	12500001	-1	-1	-1	0	0
15	13000001	-1	-1	-1	0	0
15	13500001	-1	-1	-1	0	0
15	14000001	-1	-1	-1	0	0
15	14500001	-1	-1	-1	0	0
15	15000001	-1	-1	-1	0	0
15	15500001	-1	-1	-1	0	0
15	16000001	-1	-1	-1	0	0
15	16500001	-1	-1	-1	0	0
15	17000001	0.699496	0.699496	1	0	0
15	17500001	1.1776	1.20708	2	0	0
15	18000001	1.18436	1.20708	2	0	0
15	18500001	1.36187	1.20708	2	0	0
15	19000001	1.20708	1.20708	2	0	0
15	19500001	1.36597	1.20708	2	0	0
15	20000001	6.49422	6.49422	13	0	0
15	20500001	3.66297	3.51082	7	0	0
15	21000001	3.35867	3.51082	7	0	0
15	21500001	2.39831	2.39831	5	0	0
15	22000001	3.58445	3.01443	6	0	0
15	22500001	2.73408	3.01443	6	0	0
15	23000001	3.01443	3.01443	6	0	0
15	23500001	2.14178	2.15001	4	0	0
15	24000001	2.07699	2.15001	4	0	0
15	24500001	2.15824	2.15001	4	0	0
15	25000001	2.18044	2.15001	4	0	0
15	25500001	2.10611	2.15001	4	0	0
15	26000001	2.12021	2.15001	4	0	0
15	26500001	2.09547	2.15001	4	0	0
15	27000001	2.18157	2.15001	4	0	0
15	27500001	2.20051	2.15001	4	0	0
15	28000001	2.34446	2.15001	4	0	0
15	28500001	1.73537	1.73537	3	0	0
15	29000001	1.3586	1.41321	3	0	0
15	29500001	1.46783	1.41321	3	0	0
15	30000001	0.954581	0.97068	2	0	0
15	30500001	0.97068	0.97068	2	0	0
15	31000001	0.922268	0.97068	2	0	0
15	31500001	0.908372	0.97068	2	0	0
15	32000001	0.998832	0.97068	2	0	0
15	32500001	1.0799	0.97068	2	0	0
15	33000001	1.10572	0.97068	2	0	0
15	33500001	1.48788	1.53083	3	0	0
15	34000001	1.57307	1.53083	3	0	0
15	34500001	1.48858	1.53083	3	0	0
15	35000001	1.5876	1.53083	3	0	0
15	35500001	1.65663	1.53083	3	0	0
15	36000001	1.41914	1.53083	3	0	0
15	36500001	1.12412	1.06771	2	0	0
15	37000001	1.06771	1.06771	2	0	0
15	37500001	1.01035	1.06771	2	0	0
15	38000001	1.36468	1.53881	3	0	0
15	38500001	1.54152	1.53881	3	0	0
15	39000001	1.73372	1.53881	3	0	0
15	39500001	1.66777	1.53881	3	0	0
15	40000001	1.57432	1.53881	3	0	0
15	40500001	1.5562	1.53881	3	0	0
15	41000001	1.51311	1.53881	3	0	0
15	41500001	1.584	1.53881	3	0	0
15	42000001	1.53611	1.53881	3	0	0
15	42500001	1.53377	1.53881	3	0	0
15	43000001	1.54212	1.53881	3	0	0
15	43500001	1.54821	1.53881	3	0	0
15	44000001	1.63391	1.53881	3	0	0
15	44500001	1.46598	1.53881	3	0	0
15	45000001	1.47301	1.53881	3	0	0
15	45500001	1.44793	1.53881	3	0	0
15	46000001	1.36306	1.53881	3	0	0
15	46500001	1.39745	1.53881	3	0	0
15	47000001	2.01558	2.17755	4	0	0
15	47500001	2.33952	2.17755	4	0	0
15	48000001	1.62103	1.62103	3	0	0
15	48500001	0.529625	0.50539	1	0	0
15	49000001	0.49665	0.50539	1	0	0
15	49500001	0.52962	0.50539	1	0	0
15	50000001	0.482777	0.50539	1	0	0
15	50500001	0.496268	0.50539	1	0	0
15	51000001	0.534306	0.50539	1	0	0
15	51500001	0.556476	0.50539	1	0	0
15	52000001	0.537164	0.50539	1	0	0
15	52500001	0.537434	0.50539	1	0	0
15	53000001	0.485334	0.50539	1	0	0
15	53500001	0.491527	0.50539	1	0	0
15	54000001	0.505662	0.50539	1	0	0
15	54500001	0.486343	0.50539	1	0	0
15	55000001	0.434935	0.50539	1	0	0
15	55500001	0.502997	0.50539	1	0	0
15	56000001	0.518986	0.50539	1	0	0
15	56500001	0.505118	0.50539	1	0	0
15	57000001	0.512096	0.50539	1	0	0
15	57500001	0.969197	1.00971	2	0	0
15	58000001	1.09123	1.00971	2	0	0
15	58500001	1.09652	1.00971	2	0	0
15	59000001	1.09085	1.00971	2	0	0
15	59500001	1.06516	1.00971	2	0	0
15	60000001	1.10237	1.00971	2	0	0
15	60500001	1.00253	1.00971	2	0	0
15	61000001	0.92299	1.00971	2	0	0
15	61500001	0.919546	1.00971	2	0	0
15	62000001	1.00644	1.00971	2	0	0
15	62500001	1.04694	1.00971	2	0	0
15	63000001	1.096	1.00971	2	0	0
15	63500001	1.04839	1.00971	2	0	0
15	64000001	1.05156	1.00971	2	0	0
15	64500001	0.956225	1.00971	2	0	0
15	65000001	0.993521	1.00971	2	0	0
15	65500001	1.03361	1.00971	2	0	0
15	66000001	1.03463	1.00971	2	0	0
15	66500001	1.11597	1.00971	2	0	0
15	67000001	1.07253	1.00971	2	0	0
15	67500001	1.11763	1.00971	2	0	0
15	68000001	1.04965	1.00971	2	0	0
15	68500001	0.957628	1.00971	2	0	0
15	69000001	0.986405	1.00971	2	0	0
15	69500001	1.01536	1.00971	2	0	0
15	70000001	1.05369	1.00971	2	0	0
15	70500001	1.10814	1.00971	2	0	0
15	71000001	1.08785	1.00971	2	0	0
15	71500001	1.03676	1.00971	2	0	0
15	72000001	1.05088	1.00971	2	0	0
15	72500001	0.997724	1.00971	2	0	0
15	73000001	0.959526	1.00971	2	0	0
15	73500001	0.998642	1.00971	2	0	0
15	74000001	1.10064	1.00971	2	0	0
15	74500001	1.01477	1.00971	2	0	0
15	75000001	1.03539	1.00971	2	0	0
15	75500001	0.997437	1.00971	2	0	0
15	76000001	1.03177	1.00971	2	0	0
15	76500001	1.03669	1.00971	2	0	0
15	77000001	1.00939	1.00971	2	0	0
15	77500001	0.937355	1.00971	2	0	0
15	78000001	1.03992	1.00971	2	0	0
15	78500001	1.00187	1.00971	2	0	0
15	79000001	1.00667	1.00971	2	0	0
15	79500001	0.96439	1.00971	2	0	0
15	80000001	0.967062	1.00971	2	0	0
15	80500001	0.990191	1.00971	2	0	0
15	81000001	0.943039	1.00971	2	0	0
15	81500001	0.969447	1.00971	2	0	0
15	82000001	1.00971	1.00971	2	0	0
15	82500001	1.01785	1.00971	2	0	0
15	83000001	1.05446	1.00971	2	0	0
15	83500001	1.08334	1.00971	2	0	0
15	84000001	1.00037	1.00971	2	0	0
15	84500001	1.01751	1.00971	2	0	0
15	85000001	1.10821	1.00971	2	0	0
15	85500001	0.990272	1.00971	2	0	0
15	86000001	0.946047	1.00971	2	0	0
15	86500001	0.926884	1.00971	2	0	0
15	87000001	0.899744	1.00971	2	0	0
15	87500001	0.876641	1.00971	2	0	0
15	88000001	0.889826	1.00971	2	0	0
15	88500001	0.956322	1.00971	2	0	0
15	89000001	1.00764	1.00971	2	0	0
15	89500001	1.06225	1.00971	2	0	0
15	90000001	1.02969	1.00971	2	0	0
15	90500001	1.03472	1.00971	2	0	0
15	91000001	0.970432	1.00971	2	0	0
15	91500001	0.949668	1.00971	2	0	0
15	92000001	0.943991	1.00971	2	0	0
15	92500001	1.02878	1.00971	2	0	0
15	93000001	0.971211	1.00971	2	0	0
15	93500001	0.920228	1.00971	2	0	0
15	94000001	0.954991	1.00971	2	0	0
15	94500001	0.997275	1.00971	2	0	0
15	95000001	0.991296	1.00971	2	0	0
15	95500001	1.06313	1.00971	2	0	0
15	96000001	0.982611	1.00971	2	0	0
15	96500001	0.95389	1.00971	2	0	0
15	97000001	0.903378	1.00971	2	0	0
15	97500001	0.913811	1.00971	2	0	0
15	98000001	0.990884	1.00971	2	0	0
15	98500001	1.06371	1.00971	2	0	0
15	99000001	1.03361	1.00971	2	0	0
15	99500001	1.01512	1.00971	2	0	0
15	100000001	1.05655	1.00971	2	0	0
15	100500001	1.09782	1.00971	2	0	0
15	101000001	1.04699	1.00971	2	0	0
15	101500001	1.10856	1.00971	2	0	0
16	1	1.40331	1.4367	3	0	0
16	500001	1.43555	1.4367	3	0	0
16	1000001	1.43784	1.4367	3	0	0
16	1500001	1.55357	1.4367	3	0	0
16	2000001	1.01821	0.964395	2	0	0
16	2500001	1.00407	0.964395	2	0	0
16	3000001	0.986608	0.964395	2	0	0
16	3500001	1.027	0.964395	2	0	0
16	4000001	1.01763	0.964395	2	0	0
16	4500001	1.00712	0.964395	2	0	0
16	5000001	0.951193	0.964395	2	0	0
16	5500001	0.881866	0.964395	2	0	0
16	6000001	0.870971	0.964395	2	0	0
16	6500001	0.849174	0.964395	2	0	0
16	7000001	0.851481	0.964395	2	0	0
16	7500001	0.890871	0.964395	2	0	0
16	8000001	0.962685	0.964395	2	0	0
16	8500001	1.04781	0.964395	2	0	0
16	9000001	1.02223	0.964395	2	0	0
16	9500001	0.969501	0.964395	2	0	0
16	10000001	0.98374	0.964395	2	0	0
16	10500001	0.963655	0.964395	2	0	0
16	11000001	1.02896	0.964395	2	0	0
16	11500001	0.958079	0.964395	2	0	0
16	12000001	1.0148	0.964395	2	0	0
16	12500001	0.893834	0.964395	2	0	0
16	13000001	0.906265	0.964395	2	0	0
16	13500001	0.987687	0.964395	2	0	0
16	14000001	1.09149	0.964395	2	0	0
16	14500001	1.28961	0.964395	2	0	0
16	15000001	1.11444	0.964395	2	0	0
16	15500001	1.06002	0.964395	2	0	0
16	16000001	0.946597	0.964395	2	0	0
16	16500001	0.932295	0.964395	2	0	0
16	17000001	0.929015	0.964395	2	0	0
16	17500001	0.992836	0.964395	2	0	0
16	18000001	0.891697	0.964395	2	0	0
16	18500001	0.962849	0.964395	2	0	0
16	19000001	1.06893	0.964395	2	0	0
16	19500001	0.924	0.964395	2	0	0
16	20000001	0.923305	0.964395	2	0	0
16	20500001	0.933691	0.964395	2	0	0
16	21000001	1.11972	0.964395	2	0	0
16	21500001	1.40091	0.964395	2	0	0
16	22000001	1.32003	0.964395	2	0	0
16	22500001	1.33017	0.964395	2	0	0
16	23000001	0.586995	0.964395	2	0	0
16	23500001	0.719423	0.964395	2	0	0
16	24000001	0.927547	0.964395	2	0	0
16	24500001	1.03081	0.964395	2	0	0
16	25000001	0.965134	0.964395	2	0	0
16	25500001	0.889342	0.964395	2	0	0
16	26000001	0.903415	0.964395	2	0	0
16	26500001	0.881286	0.964395	2	0	0
16	27000001	0.926114	0.964395	2	0	0
16	27500001	0.928491	0.964395	2	0	0
16	28000001	0.996699	0.964395	2	0	0
16	28500001	0.987406	0.964395	2	0	0
16	29000001	1.09435	0.964395	2	0	0
16	29500001	1.01271	0.964395	2	0	0
16	30000001	1.12109	0.964395	2	0	0
16	30500001	1.02354	0.964395	2	0	0
16	31000001	0.968967	0.964395	2	0	0
16	31500001	0.915279	0.964395	2	0	0
16	32000001	0.837677	0.964395	2	0	0
16	32500001	0.819012	0.964395	2	0	0
16	33000001	-1	0.964395	2	0	0
16	33500001	0.827472	0.964395	2	0	0
16	34000001	0.914189	0.964395	2	0	0
16	34500001	5.98288	5.98288	12	0	0
16	35000001	0.804822	0.742742	1	0	0
16	35500001	0.89559	0.742742	1	0	0
16	36000001	0.928918	0.742742	1	0	0
16	36500001	0.680662	0.742742	1	0	0
16	37000001	0.617692	0.742742	1	0	0
16	37500001	0.653122	0.742742	1	0	0
16	38000001	-1	-1	-1	0	0
16	38500001	-1	-1	-1	0	0
16	39000001	-1	-1	-1	0	0
16	39500001	-1	-1	-1	0	0
16	40000001	-1	-1	-1	0	0
16	40500001	-1	-1	-1	0	0
16	41000001	-1	-1	-1	0	0
16	41500001	-1	-1	-1	0	0
16	42000001	-1	-1	-1	0	0
16	42500001	-1	-1	-1	0	0
16	43000001	-1	-1	-1	0	0
16	43500001	-1	-1	-1	0	0
16	44000001	-1	-1	-1	0	0
16	44500001	-1	-1	-1	0	0
16	45000001	-1	-1	-1	0	0
16	45500001	-1	-1	-1	0	0
16	46000001	-1	-1	-1	0	0
16	46500001	0.990055	0.974574	2	0	0
16	47000001	0.968269	0.974574	2	0	0
16	47500001	0.911775	0.974574	2	0	0
16	48000001	0.945166	0.974574	2	0	0
16	48500001	0.992516	0.974574	2	0	0
16	49000001	0.899056	0.974574	2	0	0
16	49500001	0.897541	0.974574	2	0	0
16	50000001	0.954353	0.974574	2	0	0
16	50500001	0.916878	0.974574	2	0	0
16	51000001	0.869196	0.974574	2	0	0
16	51500001	0.882687	0.974574	2	0	0
16	52000001	0.90156	0.974574	2	0	0
16	52500001	0.892087	0.974574	2	0	0
16	53000001	0.947179	0.974574	2	0	0
16	53500001	0.95778	0.974574	2	0	0
16	54000001	0.91744	0.974574	2	0	0
16	54500001	0.935637	0.974574	2	0	0
16	55000001	0.966917	0.974574	2	0	0
16	55500001	1.04437	0.974574	2	0	0
16	56000001	1.00648	0.974574	2	0	0
16	56500001	1.10218	0.974574	2	0	0
16	57000001	1.02695	0.974574	2	0	0
16	57500001	1.13555	0.974574	2	0	0
16	58000001	1.0095	0.974574	2	0	0
16	58500001	1.00199	0.974574	2	0	0
16	59000001	0.969166	0.974574	2	0	0
16	59500001	0.927603	0.974574	2	0	0
16	60000001	0.969864	0.974574	2	0	0
16	60500001	0.954758	0.974574	2	0	0
16	61000001	0.909914	0.974574	2	0	0
16	61500001	0.982853	0.974574	2	0	0
16	62000001	0.974574	0.974574	2	0	0
16	62500001	0.887659	0.974574	2	0	0
16	63000001	0.927588	0.974574	2	0	0
16	63500001	0.981138	0.974574	2	0	0
16	64000001	0.877999	0.974574	2	0	0
16	64500001	0.88881	0.974574	2	0	0
16	65000001	0.909545	0.974574	2	0	0
16	65500001	0.905406	0.974574	2	0	0
16	66000001	0.964826	0.974574	2	0	0
16	66500001	1.02202	0.974574	2	0	0
16	67000001	1.02693	0.974574	2	0	0
16	67500001	1.0161	0.974574	2	0	0
16	68000001	1.05032	0.974574	2	0	0
16	68500001	1.00153	0.974574	2	0	0
16	69000001	1.00317	0.974574	2	0	0
16	69500001	1.09629	0.974574	2	0	0
16	70000001	1.15997	0.974574	2	0	0
16	70500001	1.00794	0.974574	2	0	0
16	71000001	0.963386	0.974574	2	0	0
16	71500001	1.01573	0.974574	2	0	0
16	72000001	0.944294	0.974574	2	0	0
16	72500001	0.965272	0.974574	2	0	0
16	73000001	0.901183	0.974574	2	0	0
16	73500001	0.933334	0.974574	2	0	0
16	74000001	1.17948	0.974574	2	0	0
16	74500001	1.03354	0.974574	2	0	0
16	75000001	1.02669	0.974574	2	0	0
16	75500001	1.00457	0.974574	2	0	0
16	76000001	0.963775	0.974574	2	0	0
16	76500001	0.984679	0.974574	2	0	0
16	77000001	0.943575	0.974574	2	0	0
16	77500001	0.909558	0.974574	2	0	0
16	78000001	0.86762	0.974574	2	0	0
16	78500001	0.653435	0.974574	2	0	0
16	79000001	0.834841	0.974574	2	0	0
16	79500001	0.871576	0.974574	2	0	0
16	80000001	0.882021	0.974574	2	0	0
16	80500001	0.981403	0.974574	2	0	0
16	81000001	1.0206	0.974574	2	0	0
16	81500001	0.997108	0.974574	2	0	0
16	82000001	0.995629	0.974574	2	0	0
16	82500001	0.970293	0.974574	2	0	0
16	83000001	0.921595	0.974574	2	0	0
16	83500001	1.03974	0.974574	2	0	0
16	84000001	1.00463	0.974574	2	0	0
16	84500001	1.05298	0.974574	2	0	0
16	85000001	1.0103	0.974574	2	0	0
16	85500001	0.996247	0.974574	2	0	0
16	86000001	1.00521	0.974574	2	0	0
16	86500001	1.00606	0.974574	2	0	0
16	87000001	0.990945	0.974574	2	0	0
16	87500001	1.03941	0.974574	2	0	0
16	88000001	1.02406	0.974574	2	0	0
16	88500001	0.984976	0.974574	2	0	0
16	89000001	0.991469	0.974574	2	0	0
16	89500001	0.978998	0.974574	2	0	0
16	90000001	-1	-1	-1	0	0
17	1	-1	-1	-1	0	0
17	500001	0.482666	0.51674	1	0	0
17	1000001	0.51674	0.51674	1	0	0
17	1500001	0.957973	0.51674	1	0	0
17	2000001	1.54332	1.47154	3	0	0
17	2500001	1.50331	1.47154	3	0	0
17	3000001	1.48608	1.47154	3	0	0
17	3500001	1.48238	1.47154	3	0	0
17	4000001	1.55326	1.47154	3	0	0
17	4500001	1.49462	1.47154	3	0	0
17	5000001	1.54104	1.47154	3	0	0
17	5500001	1.53067	1.47154	3	0	0
17	6000001	1.42664	1.47154	3	0	0
17	6500001	1.53798	1.47154	3	0	0
17	7000001	1.50622	1.47154	3	0	0
17	7500001	1.51024	1.47154	3	0	0
17	8000001	1.45725	1.47154	3	0	0
17	8500001	1.46606	1.47154	3	0	0
17	9000001	1.35582	1.47154	3	0	0
17	9500001	1.4387	1.47154	3	0	0
17	10000001	1.32031	1.47154	3	0	0
17	10500001	1.35067	1.47154	3	0	0
17	11000001	1.27837	1.47154	3	0	0
17	11500001	1.29348	1.47154	3	0	0
17	12000001	1.37631	1.47154	3	0	0
17	12500001	1.27154	1.47154	3	0	0
17	13000001	1.3536	1.47154	3	0	0
17	13500001	1.3548	1.47154	3	0	0
17	14000001	1.44776	1.47154	3	0	0
17	14500001	1.60513	1.47154	3	0	0
17	15000001	1.47154	1.47154	3	0	0
17	15500001	1.51522	1.47154	3	0	0
17	16000001	1.50365	1.47154	3	0	0
17	16500001	1.7258	1.5747	3	0	0
17	17000001	1.57483	1.5747	3	0	0
17	17500001	1.5602	1.5747	3	0	0
17	18000001	1.45804	1.5747	3	0	0
17	18500001	1.45344	1.5747	3	0	0
17	19000001	2.14456	1.5747	3	0	0
17	19500001	1.46756	1.5747	3	0	0
17	20000001	1.51343	1.5747	3	0	0
17	20500001	1.53175	1.5747	3	0	0
17	21000001	1.62327	1.5747	3	0	0
17	21500001	1.5747	1.5747	3	0	0
17	22000001	1.81108	1.5747	3	0	0
17	22500001	1.64972	1.5747	3	0	0
17	23000001	1.00824	0.517953	1	0	0
17	23500001	0.462195	0.517953	1	0	0
17	24000001	0.524089	0.517953	1	0	0
17	24500001	0.497112	0.517953	1	0	0
17	25000001	0.664706	0.517953	1	0	0
17	25500001	0.517953	0.517953	1	0	0
17	26000001	0.337385	0.517953	1	0	0
17	26500001	3.93447	3.93447	8	0	0
17	27000001	1.00524	1.01243	2	0	0
17	27500001	0.930461	1.01243	2	0	0
17	28000001	1.00134	1.01243	2	0	0
17	28500001	1.24552	1.01243	2	0	0
17	29000001	1.01535	1.01243	2	0	0
17	29500001	0.979522	1.01243	2	0	0
17	30000001	1.06913	1.01243	2	0	0
17	30500001	0.861483	1.01243	2	0	0
17	31000001	0.536928	1.01243	2	0	0
17	31500001	0.698075	1.01243	2	0	0
17	32000001	1.00589	1.01243	2	0	0
17	32500001	1.06011	1.01243	2	0	0
17	33000001	0.90615	1.01243	2	0	0
17	33500001	0.918921	1.01243	2	0	0
17	34000001	0.921921	1.01243	2	0	0
17	34500001	0.900873	1.01243	2	0	0
17	35000001	1.00426	1.01243	2	0	0
17	35500001	1.02825	1.01243	2	0	0
17	36000001	1.52918	1.01243	2	0	0
17	36500001	0.980506	1.01243	2	0	0
17	37000001	1.05805	1.01243	2	0	0
17	37500001	1.10882	1.01243	2	0	0
17	38000001	1.11733	1.01243	2	0	0
17	38500001	1.01386	1.01243	2	0	0
17	39000001	1.02659	1.01243	2	0	0
17	39500001	1.02376	1.01243	2	0	0
17	40000001	1.03189	1.01243	2	0	0
17	40500001	1.13597	1.01243	2	0	0
17	41000001	1.08264	1.01243	2	0	0
17	41500001	1.05311	1.01243	2	0	0
17	42000001	1.0174	1.01243	2	0	0
17	42500001	1.00226	1.01243	2	0	0
17	43000001	1.29934	1.01243	2	0	0
17	43500001	1.05405	1.01243	2	0	0
17	44000001	1.02009	1.01243	2	0	0
17	44500001	1.00259	1.01243	2	0	0
17	45000001	1.06381	1.01243	2	0	0
17	45500001	1.07231	1.01243	2	0	0
17	46000001	1.08179	1.01243	2	0	0
17	46500001	1.08764	1.01243	2	0	0
17	47000001	1.03868	1.01243	2	0	0
17	47500001	1.04576	1.01243	2	0	0
17	48000001	1.10487	1.01243	2	0	0
17	48500001	0.926778	1.01243	2	0	0
17	49000001	0.995691	1.01243	2	0	0
17	49500001	0.992856	1.01243	2	0	0
17	50000001	1.0267	1.01243	2	0	0
17	50500001	1.06748	1.01243	2	0	0
17	51000001	1.05182	1.01243	2	0	0
17	51500001	0.9471	1.01243	2	0	0
17	52000001	0.933059	1.01243	2	0	0
17	52500001	0.906752	1.01243	2	0	0
17	53000001	0.951934	1.01243	2	0	0
17	53500001	0.950896	1.01243	2	0	0
17	54000001	0.880017	1.01243	2	0	0
17	54500001	0.887292	1.01243	2	0	0
17	55000001	0.972658	1.01243	2	0	0
17	55500001	0.939264	1.01243	2	0	0
17	56000001	0.937951	1.01243	2	0	0
17	56500001	1.01281	1.01243	2	0	0
17	57000001	0.979556	1.01243	2	0	0
17	57500001	1.03877	1.01243	2	0	0
17	58000001	1.04408	1.01243	2	0	0
17	58500001	1.01243	1.01243	2	0	0
17	59000001	0.965089	1.01243	2	0	0
17	59500001	0.994864	1.01243	2	0	0
17	60000001	1.01013	1.01243	2	0	0
17	60500001	1.35271	1.51796	3	0	0
17	61000001	1.44425	1.51796	3	0	0
17	61500001	1.59294	1.51796	3	0	0
17	62000001	1.48092	1.51796	3	0	0
17	62500001	1.52792	1.51796	3	0	0
17	63000001	1.53225	1.51796	3	0	0
17	63500001	1.55052	1.51796	3	0	0
17	64000001	1.508	1.51796	3	0	0
17	64500001	4.02357	4.02357	8	0	0
17	65000001	4.56667	4.02357	8	0	0
17	65500001	3.31352	4.02357	8	0	0
17	66000001	1.59438	1.46736	3	0	0
17	66500001	1.45817	1.46736	3	0	0
17	67000001	1.52809	1.46736	3	0	0
17	67500001	1.56946	1.46736	3	0	0
17	68000001	1.46407	1.46736	3	0	0
17	68500001	1.40783	1.46736	3	0	0
17	69000001	1.46736	1.46736	3	0	0
17	69500001	1.42253	1.46736	3	0	0
17	70000001	1.42729	1.46736	3	0	0
17	70500001	1.64568	1.46736	3	0	0
17	71000001	1.62772	1.46736	3	0	0
17	71500001	1.19674	1.0086	2	0	0
17	72000001	0.97229	1.0086	2	0	0
17	72500001	1.03433	1.0086	2	0	0
17	73000001	0.974352	1.0086	2	0	0
17	73500001	0.914027	1.0086	2	0	0
17	74000001	0.952586	1.0086	2	0	0
17	74500001	0.972073	1.0086	2	0	0
17	75000001	1.04283	1.0086	2	0	0
17	75500001	1.03939	1.0086	2	0	0
17	76000001	1.03149	1.0086	2	0	0
17	76500001	1.05231	1.0086	2	0	0
17	77000001	1.00965	1.0086	2	0	0
17	77500001	1.00755	1.0086	2	0	0
17	78000001	1.2616	1.0086	2	0	0
17	78500001	1.04674	1.0086	2	0	0
17	79000001	0.954119	1.0086	2	0	0
17	79500001	0.957014	1.0086	2	0	0
17	80000001	0.997089	1.0086	2	0	0
17	80500001	1.0467	1.0086	2	0	0
17	81000001	1.00315	1.0086	2	0	0
17	81500001	1.05288	1.0086	2	0	0
17	82000001	1.10189	1.0086	2	0	0
17	82500001	0.940986	1.0086	2	0	0
17	83000001	0.523769	1.0086	2	0	0
18	1	1.82545	1.82545	4	0	0
18	500001	0.980061	0.960737	2	0	0
18	1000001	1.04286	0.960737	2	0	0
18	1500001	0.988321	0.960737	2	0	0
18	2000001	1.08262	0.960737	2	0	0
18	2500001	1.04864	0.960737	2	0	0
18	3000001	1.03259	0.960737	2	0	0
18	3500001	1.04272	0.960737	2	0	0
18	4000001	0.960737	0.960737	2	0	0
18	4500001	0.885218	0.960737	2	0	0
18	5000001	0.932034	0.960737	2	0	0
18	5500001	0.869081	0.960737	2	0	0
18	6000001	0.906951	0.960737	2	0	0
18	6500001	0.87337	0.960737	2	0	0
18	7000001	0.842789	0.960737	2	0	0
18	7500001	0.931114	0.960737	2	0	0
18	8000001	0.969842	0.960737	2	0	0
18	8500001	1.01492	0.960737	2	0	0
18	9000001	1.06623	0.960737	2	0	0
18	9500001	1.10505	0.960737	2	0	0
18	10000001	1.029	0.960737	2	0	0
18	10500001	0.915344	0.960737	2	0	0
18	11000001	0.905296	0.960737	2	0	0
18	11500001	0.908586	0.960737	2	0	0
18	12000001	0.991177	0.960737	2	0	0
18	12500001	1.05346	0.960737	2	0	0
18	13000001	0.937737	0.960737	2	0	0
18	13500001	0.929702	0.960737	2	0	0
18	14000001	0.860672	0.960737	2	0	0
18	14500001	0.886328	0.960737	2	0	0
18	15000001	1.21544	1.09809	2	0	0
18	15500001	1.01598	1.09809	2	0	0
18	16000001	1.09809	1.09809	2	0	0
18	16500001	0.839621	0.73697	1	0	0
18	17000001	0.79451	0.73697	1	0	0
18	17500001	0.73697	0.73697	1	0	0
18	18000001	0.801551	0.73697	1	0	0
18	18500001	0.693677	0.73697	1	0	0
18	19000001	0.659945	0.73697	1	0	0
18	19500001	0.537327	0.73697	1	0	0
18	20000001	0.803702	0.73697	1	0	0
18	20500001	0.643158	0.73697	1	0	0
18	21000001	1.06908	1.00791	2	0	0
18	21500001	1.00791	1.00791	2	0	0
18	22000001	0.952341	1.00791	2	0	0
18	22500001	0.602691	0.503619	1	0	0
18	23000001	0.527253	0.503619	1	0	0
18	23500001	0.55204	0.503619	1	0	0
18	24000001	0.516852	0.503619	1	0	0
18	24500001	0.468872	0.503619	1	0	0
18	25000001	0.474744	0.503619	1	0	0
18	25500001	0.450419	0.503619	1	0	0
18	26000001	0.491941	0.503619	1	0	0
18	26500001	0.462133	0.503619	1	0	0
18	27000001	0.499224	0.503619	1	0	0
18	27500001	0.508724	0.503619	1	0	0
18	28000001	0.529395	0.503619	1	0	0
18	28500001	0.551578	0.503619	1	0	0
18	29000001	0.576262	0.503619	1	0	0
18	29500001	0.514828	0.503619	1	0	0
18	30000001	0.549048	0.503619	1	0	0
18	30500001	0.534509	0.503619	1	0	0
18	31000001	0.583097	0.503619	1	0	0
18	31500001	0.494799	0.503619	1	0	0
18	32000001	0.488187	0.503619	1	0	0
18	32500001	0.446202	0.503619	1	0	0
18	33000001	0.505615	0.503619	1	0	0
18	33500001	0.486507	0.503619	1	0	0
18	34000001	0.488126	0.503619	1	0	0
18	34500001	0.475403	0.503619	1	0	0
18	35000001	0.505581	0.503619	1	0	0
18	35500001	0.512884	0.503619	1	0	0
18	36000001	0.501658	0.503619	1	0	0
18	36500001	0.469843	0.503619	1	0	0
18	37000001	0.529269	0.503619	1	0	0
18	37500001	0.456091	0.503619	1	0	0
18	38000001	0.46197	0.503619	1	0	0
18	38500001	0.866017	0.946642	2	0	0
18	39000001	0.923453	0.946642	2	0	0
18	39500001	0.953714	0.946642	2	0	0
18	40000001	1.0076	0.946642	2	0	0
18	40500001	1.07974	0.946642	2	0	0
18	41000001	1.10796	0.946642	2	0	0
18	41500001	1.05567	0.946642	2	0	0
18	42000001	0.933108	0.946642	2	0	0
18	42500001	0.939571	0.946642	2	0	0
18	43000001	0.901895	0.946642	2	0	0
18	43500001	0.980247	0.946642	2	0	0
18	44000001	0.773211	0.946642	2	0	0
18	44500001	0.528998	0.511546	1	0	0
18	45000001	0.527434	0.511546	1	0	0
18	45500001	0.538775	0.511546	1	0	0
18	46000001	0.541372	0.511546	1	0	0
18	46500001	0.513121	0.511546	1	0	0
18	47000001	0.504396	0.511546	1	0	0
18	47500001	0.513419	0.511546	1	0	0
18	48000001	0.491314	0.511546	1	0	0
18	48500001	0.511247	0.511546	1	0	0
18	49000001	0.592188	0.511546	1	0	0
18	49500001	0.499466	0.511546	1	0	0
18	50000001	0.496551	0.511546	1	0	0
18	50500001	0.514099	0.511546	1	0	0
18	51000001	0.499992	0.511546	1	0	0
18	51500001	0.461338	0.511546	1	0	0
18	52000001	0.493715	0.511546	1	0	0
18	52500001	0.451312	0.511546	1	0	0
18	53000001	0.45786	0.511546	1	0	0
18	53500001	0.520159	0.511546	1	0	0
18	54000001	0.52715	0.511546	1	0	0
18	54500001	0.513095	0.511546	1	0	0
18	55000001	0.500143	0.511546	1	0	0
18	55500001	0.493968	0.511546	1	0	0
18	56000001	0.511047	0.511546	1	0	0
18	56500001	0.527039	0.511546	1	0	0
18	57000001	0.49489	0.511546	1	0	0
18	57500001	0.538223	0.511546	1	0	0
18	58000001	0.498561	0.511546	1	0	0
18	58500001	0.514127	0.511546	1	0	0
18	59000001	0.49171	0.511546	1	0	0
18	59500001	0.524907	0.511546	1	0	0
18	60000001	0.517998	0.511546	1	0	0
18	60500001	0.454956	0.511546	1	0	0
18	61000001	0.464469	0.511546	1	0	0
18	61500001	0.511845	0.511546	1	0	0
18	62000001	0.542699	0.511546	1	0	0
18	62500001	0.92298	0.99909	2	0	0
18	63000001	1.0752	0.99909	2	0	0
18	63500001	1.14507	0.99909	2	0	0
18	64000001	0.889688	0.99909	2	0	0
18	64500001	0.533101	0.511012	1	0	0
18	65000001	0.519943	0.511012	1	0	0
18	65500001	0.54612	0.511012	1	0	0
18	66000001	0.520338	0.511012	1	0	0
18	66500001	0.523913	0.511012	1	0	0
18	67000001	0.516121	0.511012	1	0	0
18	67500001	0.539541	0.511012	1	0	0
18	68000001	0.563305	0.511012	1	0	0
18	68500001	0.4792	0.511012	1	0	0
18	69000001	0.484728	0.511012	1	0	0
18	69500001	0.504615	0.511012	1	0	0
18	70000001	0.553253	0.511012	1	0	0
18	70500001	0.552401	0.511012	1	0	0
18	71000001	0.534455	0.511012	1	0	0
18	71500001	0.51119	0.511012	1	0	0
18	72000001	0.497586	0.511012	1	0	0
18	72500001	0.572619	0.511012	1	0	0
18	73000001	0.60728	0.511012	1	0	0
18	73500001	0.598295	0.511012	1	0	0
18	74000001	0.480288	0.511012	1	0	0
18	74500001	0.483972	0.511012	1	0	0
18	75000001	0.491822	0.511012	1	0	0
18	75500001	0.494463	0.511012	1	0	0
18	76000001	0.485042	0.511012	1	0	0
18	76500001	0.488158	0.511012	1	0	0
18	77000001	0.479858	0.511012	1	0	0
18	77500001	0.478284	0.511012	1	0	0
18	78000001	0.440421	0.511012	1	0	0
18	78500001	0.421806	0.511012	1	0	0
18	79000001	0.483616	0.511012	1	0	0
18	79500001	0.511012	0.511012	1	0	0
18	80000001	-1	-1	-1	0	0
19	1	1.19316	0.986614	2	0	0
19	500001	1.01491	0.986614	2	0	0
19	1000001	1.00367	0.986614	2	0	0
19	1500001	0.98749	0.986614	2	0	0
19	2000001	1.00786	0.986614	2	0	0
19	2500001	1.01978	0.986614	2	0	0
19	3000001	0.995126	0.986614	2	0	0
19	3500001	0.951811	0.986614	2	0	0
19	4000001	1.00521	0.986614	2	0	0
19	4500001	0.977461	0.986614	2	0	0
19	5000001	0.948809	0.986614	2	0	0
19	5500001	1.00107	0.986614	2	0	0
19	6000001	1.22268	0.986614	2	0	0
19	6500001	0.964627	0.986614	2	0	0
19	7000001	1.00483	0.986614	2	0	0
19	7500001	0.92898	0.986614	2	0	0
19	8000001	0.898589	0.986614	2	0	0
19	8500001	1.23457	0.986614	2	0	0
19	9000001	1.00842	0.986614	2	0	0
19	9500001	0.987206	0.986614	2	0	0
19	10000001	0.98301	0.986614	2	0	0
19	10500001	1.02568	0.986614	2	0	0
19	11000001	0.99723	0.986614	2	0	0
19	11500001	0.969519	0.986614	2	0	0
19	12000001	0.969341	0.986614	2	0	0
19	12500001	0.957091	0.986614	2	0	0
19	13000001	0.996493	0.986614	2	0	0
19	13500001	0.9686	0.986614	2	0	0
19	14000001	0.9648	0.986614	2	0	0
19	14500001	1.02857	0.986614	2	0	0
19	15000001	0.980534	0.986614	2	0	0
19	15500001	1.02962	0.986614	2	0	0
19	16000001	1.0006	0.986614	2	0	0
19	16500001	0.94818	0.986614	2	0	0
19	17000001	0.944115	0.986614	2	0	0
19	17500001	0.970227	0.986614	2	0	0
19	18000001	0.986021	0.986614	2	0	0
19	18500001	0.989179	0.986614	2	0	0
19	19000001	1.02078	0.986614	2	0	0
19	19500001	0.959291	0.986614	2	0	0
19	20000001	0.886087	0.986614	2	0	0
19	20500001	0.857358	0.986614	2	0	0
19	21000001	0.919752	0.986614	2	0	0
19	21500001	0.84239	0.986614	2	0	0
19	22000001	0.819816	0.986614	2	0	0
19	22500001	1.44711	0.986614	2	0	0
19	23000001	4.05585	4.09897	8	0	0
19	23500001	4.14209	4.09897	8	0	0
19	24000001	4.57708	4.09897	8	0	0
19	24500001	2.93634	4.09897	8	0	0
19	25000001	1.73081	1.9747	4	0	0
19	25500001	2.17285	1.9747	4	0	0
19	26000001	1.77655	1.9747	4	0	0
19	26500001	2.64423	1.9747	4	0	0
19	27000001	6.30088	4.74581	9	0	0
19	27500001	3.19074	4.74581	9	0	0
19	28000001	0.863702	0.863702	2	0	0
19	28500001	2.9159	2.66481	5	0	0
19	29000001	2.41372	2.66481	5	0	0
19	29500001	4.43351	2.66481	5	0	0
19	30000001	2.20842	2.66481	5	0	0
19	30500001	1.71314	1.12508	2	0	0
19	31000001	1.66937	1.12508	2	0	0
19	31500001	1.69021	1.12508	2	0	0
19	32000001	1.26326	1.12508	2	0	0
19	32500001	0.951111	1.12508	2	0	0
19	33000001	0.981499	1.12508	2	0	0
19	33500001	0.932491	1.12508	2	0	0
19	34000001	0.978738	1.12508	2	0	0
19	34500001	0.986902	1.12508	2	0	0
19	35000001	1.49207	1.12508	2	0	0
19	35500001	0.763973	0.511439	1	0	0
19	36000001	0.586859	0.511439	1	0	0
19	36500001	0.435377	0.511439	1	0	0
19	37000001	0.464099	0.511439	1	0	0
19	37500001	0.478295	0.511439	1	0	0
19	38000001	0.511439	0.511439	1	0	0
19	38500001	0.487429	0.511439	1	0	0
19	39000001	0.503853	0.511439	1	0	0
19	39500001	0.506798	0.511439	1	0	0
19	40000001	0.483135	0.511439	1	0	0
19	40500001	0.530376	0.511439	1	0	0
19	41000001	0.51303	0.511439	1	0	0
19	41500001	0.488335	0.511439	1	0	0
19	42000001	0.50628	0.511439	1	0	0
19	42500001	0.558003	0.511439	1	0	0
19	43000001	0.517041	0.511439	1	0	0
19	43500001	0.677101	0.511439	1	0	0
19	44000001	0.788184	0.511439	1	0	0
19	44500001	0.827068	0.511439	1	0	0
19	45000001	1.09993	1.42106	3	0	0
19	45500001	1.0041	1.42106	3	0	0
19	46000001	1.25109	1.42106	3	0	0
19	46500001	1.5231	1.42106	3	0	0
19	47000001	1.52363	1.42106	3	0	0
19	47500001	1.89975	1.42106	3	0	0
19	48000001	1.4835	1.42106	3	0	0
19	48500001	1.49923	1.42106	3	0	0
19	49000001	1.4932	1.42106	3	0	0
19	49500001	1.51412	1.42106	3	0	0
19	50000001	1.29902	1.42106	3	0	0
19	50500001	1.40177	1.42106	3	0	0
19	51000001	1.43727	1.42106	3	0	0
19	51500001	1.45355	1.42106	3	0	0
19	52000001	1.58354	1.42106	3	0	0
19	52500001	1.2735	1.42106	3	0	0
19	53000001	0.9774	1.42106	3	0	0
19	53500001	0.925848	1.42106	3	0	0
19	54000001	1.08365	1.42106	3	0	0
19	54500001	1.40485	1.42106	3	0	0
19	55000001	1.43621	1.43338	3	0	0
19	55500001	1.48227	1.43338	3	0	0
19	56000001	1.36487	1.43338	3	0	0
19	56500001	1.37157	1.43338	3	0	0
19	57000001	1.43055	1.43338	3	0	0
19	57500001	2.02195	1.43338	3	0	0
19	58000001	5.74176	1.43338	3	0	0
19	58500001	1.31757	1.43338	3	0	0
2	1	0.986262	0.877521	2	0	0
2	500001	0.957122	0.877521	2	0	0
2	1000001	0.876139	0.877521	2	0	0
2	1500001	0.886917	0.877521	2	0	0
2	2000001	0.894944	0.877521	2	0	0
2	2500001	0.826296	0.877521	2	0	0
2	3000001	0.927807	0.877521	2	0	0
2	3500001	0.962892	0.877521	2	0	0
2	4000001	0.905456	0.877521	2	0	0
2	4500001	0.86253	0.877521	2	0	0
2	5000001	0.864166	0.877521	2	0	0
2	5500001	0.810669	0.877521	2	0	0
2	6000001	0.890079	0.877521	2	0	0
2	6500001	0.948004	0.877521	2	0	0
2	7000001	0.878903	0.877521	2	0	0
2	7500001	0.90972	0.877521	2	0	0
2	8000001	0.937253	0.877521	2	0	0
2	8500001	1.02018	0.877521	2	0	0
2	9000001	1.30813	0.877521	2	0	0
2	9500001	1.06363	0.877521	2	0	0
2	10000001	1.01343	0.877521	2	0	0
2	10500001	1.02653	0.877521	2	0	0
2	11000001	1.04022	0.877521	2	0	0
2	11500001	1.01598	0.877521	2	0	0
2	12000001	0.976938	0.877521	2	0	0
2	12500001	0.915396	0.877521	2	0	0
2	13000001	1.03005	0.877521	2	0	0
2	13500001	0.9697	0.877521	2	0	0
2	14000001	0.983955	0.877521	2	0	0
2	14500001	0.991313	0.877521	2	0	0
2	15000001	0.686399	0.877521	2	0	0
2	15500001	0.45619	0.877521	2	0	0
2	16000001	0.415733	0.877521	2	0	0
2	16500001	0.444228	0.877521	2	0	0
2	17000001	0.497638	0.877521	2	0	0
2	17500001	0.477688	0.877521	2	0	0
2	18000001	0.47911	0.877521	2	0	0
2	18500001	0.48964	0.877521	2	0	0
2	19000001	0.472799	0.877521	2	0	0
2	19500001	0.517511	0.877521	2	0	0
2	20000001	0.531865	0.877521	2	0	0
2	20500001	0.541202	0.877521	2	0	0
2	21000001	0.467986	0.877521	2	0	0
2	21500001	0.451447	0.877521	2	0	0
2	22000001	0.447844	0.877521	2	0	0
2	22500001	0.484443	0.877521	2	0	0
2	23000001	0.488821	0.877521	2	0	0
2	23500001	0.474861	0.877521	2	0	0
2	24000001	0.536985	0.877521	2	0	0
2	24500001	0.558011	0.877521	2	0	0
2	25000001	0.479382	0.877521	2	0	0
2	25500001	1.09028	0.877521	2	0	0
2	26000001	2.59705	2.59028	5	0	0
2	26500001	2.66765	2.59028	5	0	0
2	27000001	3.03796	2.59028	5	0	0
2	27500001	3.16801	2.59028	5	0	0
2	28000001	2.8631	2.59028	5	0	0
2	28500001	2.6392	2.59028	5	0	0
2	29000001	2.56131	2.59028	5	0	0
2	29500001	2.41308	2.59028	5	0	0
2	30000001	2.48758	2.59028	5	0	0
2	30500001	2.50421	2.59028	5	0	0
2	31000001	2.53855	2.59028	5	0	0
2	31500001	2.68669	2.59028	5	0	0
2	32000001	2.46841	2.59028	5	0	0
2	32500001	2.88987	2.59028	5	0	0
2	33000001	2.25028	2.59028	5	0	0
2	33500001	2.23533	2.59028	5	0	0
2	34000001	2.24418	2.59028	5	0	0
2	34500001	2.21861	2.59028	5	0	0
2	35000001	2.33679	2.59028	5	0	0
2	35500001	2.41468	2.59028	5	0	0
2	36000001	2.68203	2.59028	5	0	0
2	36500001	2.73911	2.59028	5	0	0
2	37000001	2.68464	2.59028	5	0	0
2	37500001	2.77356	2.59028	5	0	0
2	38000001	2.70211	2.59028	5	0	0
2	38500001	2.5835	2.59028	5	0	0
2	39000001	2.59708	2.59028	5	0	0
2	39500001	2.60182	2.59028	5	0	0
2	40000001	2.22648	2.59028	5	0	0
2	40500001	2.10642	2.59028	5	0	0
2	41000001	1.95494	1.52997	3	0	0
2	41500001	1.87716	1.52997	3	0	0
2	42000001	1.97791	1.52997	3	0	0
2	42500001	2.05212	1.52997	3	0	0
2	43000001	1.82798	1.52997	3	0	0
2	43500001	1.64412	1.52997	3	0	0
2	44000001	1.59049	1.52997	3	0	0
2	44500001	1.59602	1.52997	3	0	0
2	45000001	1.70451	1.52997	3	0	0
2	45500001	1.50707	1.52997	3	0	0
2	46000001	1.62272	1.52997	3	0	0
2	46500001	1.60854	1.52997	3	0	0
2	47000001	1.57583	1.52997	3	0	0
2	47500001	1.48664	1.52997	3	0	0
2	48000001	1.51051	1.52997	3	0	0
2	48500001	1.33561	1.52997	3	0	0
2	49000001	1.37284	1.52997	3	0	0
2	49500001	1.3615	1.52997	3	0	0
2	50000001	1.37928	1.52997	3	0	0
2	50500001	1.45198	1.52997	3	0	0
2	51000001	1.43393	1.52997	3	0	0
2	51500001	1.54098	1.52997	3	0	0
2	52000001	1.4653	1.52997	3	0	0
2	52500001	1.47564	1.52997	3	0	0
2	53000001	1.56955	1.52997	3	0	0
2	53500001	1.48032	1.52997	3	0	0
2	54000001	1.5111	1.52997	3	0	0
2	54500001	1.54295	1.52997	3	0	0
2	55000001	1.58701	1.52997	3	0	0
2	55500001	1.6212	1.52997	3	0	0
2	56000001	1.57378	1.52997	3	0	0
2	56500001	1.63683	1.52997	3	0	0
2	57000001	1.52449	1.52997	3	0	0
2	57500001	1.48293	1.52997	3	0	0
2	58000001	1.4786	1.52997	3	0	0
2	58500001	1.37962	1.52997	3	0	0
2	59000001	1.38348	1.52997	3	0	0
2	59500001	1.32389	1.52997	3	0	0
2	60000001	1.45522	1.52997	3	0	0
2	60500001	1.52888	1.52997	3	0	0
2	61000001	1.50064	1.52997	3	0	0
2	61500001	1.49204	1.52997	3	0	0
2	62000001	1.47719	1.52997	3	0	0
2	62500001	1.62989	1.52997	3	0	0
2	63000001	1.54982	1.52997	3	0	0
2	63500001	1.55344	1.52997	3	0	0
2	64000001	1.57347	1.52997	3	0	0
2	64500001	1.64885	1.52997	3	0	0
2	65000001	1.49609	1.52997	3	0	0
2	65500001	1.46331	1.52997	3	0	0
2	66000001	1.44115	1.52997	3	0	0
2	66500001	1.5377	1.52997	3	0	0
2	67000001	1.61165	1.52997	3	0	0
2	67500001	1.53465	1.52997	3	0	0
2	68000001	1.41566	1.52997	3	0	0
2	68500001	1.52582	1.52997	3	0	0
2	69000001	1.55315	1.52997	3	0	0
2	69500001	1.64433	1.52997	3	0	0
2	70000001	1.59384	1.52997	3	0	0
2	70500001	1.5857	1.52997	3	0	0
2	71000001	1.47711	1.52997	3	0	0
2	71500001	1.50501	1.52997	3	0	0
2	72000001	1.5089	1.52997	3	0	0
2	72500001	1.60299	1.52997	3	0	0
2	73000001	1.54025	1.52997	3	0	0
2	73500001	1.47347	1.52997	3	0	0
2	74000001	1.53106	1.52997	3	0	0
2	74500001	1.22793	1.52997	3	0	0
2	75000001	0.545691	0.552169	1	0	0
2	75500001	0.859125	0.552169	1	0	0
2	76000001	1.46288	0.552169	1	0	0
2	76500001	0.894468	0.552169	1	0	0
2	77000001	0.451261	0.552169	1	0	0
2	77500001	0.474488	0.552169	1	0	0
2	78000001	0.515978	0.552169	1	0	0
2	78500001	0.449515	0.552169	1	0	0
2	79000001	0.473861	0.552169	1	0	0
2	79500001	0.450954	0.552169	1	0	0
2	80000001	0.451798	0.552169	1	0	0
2	80500001	0.479433	0.552169	1	0	0
2	81000001	0.526992	0.552169	1	0	0
2	81500001	0.615459	0.552169	1	0	0
2	82000001	0.552169	0.552169	1	0	0
2	82500001	0.78063	0.552169	1	0	0
2	83000001	0.489158	0.552169	1	0	0
2	83500001	0.872079	0.552169	1	0	0
2	84000001	1.11468	0.552169	1	0	0
2	84500001	0.954709	0.552169	1	0	0
2	85000001	2.12464	0.552169	1	0	0
2	85500001	0.815164	0.552169	1	0	0
2	86000001	0.53034	0.552169	1	0	0
2	86500001	0.519228	0.552169	1	0	0
2	87000001	0.604201	0.552169	1	0	0
2	87500001	0.744341	0.552169	1	0	0
2	88000001	0.566446	0.552169	1	0	0
2	88500001	0.52736	0.552169	1	0	0
2	89000001	-1	0.552169	1	0	0
2	89500001	-1	0.552169	1	0	0
2	90000001	-1	0.552169	1	0	0
2	90500001	-1	0.552169	1	0	0
2	91000001	-1	0.552169	1	0	0
2	91500001	0.724355	0.552169	1	0	0
2	92000001	0.688642	0.552169	1	0	0
2	92500001	0.672844	0.552169	1	0	0
2	93000001	0.336528	0.552169	1	0	0
2	93500001	0.320144	0.552169	1	0	0
2	94000001	-1	-1	-1	0	0
2	94500001	1.02098	1.00074	2	0	0
2	95000001	0.923901	1.00074	2	0	0
2	95500001	1.06611	1.00074	2	0	0
2	96000001	1.04261	1.00074	2	0	0
2	96500001	1.01789	1.00074	2	0	0
2	97000001	1.04435	1.00074	2	0	0
2	97500001	1.001	1.00074	2	0	0
2	98000001	0.960102	1.00074	2	0	0
2	98500001	0.924927	1.00074	2	0	0
2	99000001	0.935812	1.00074	2	0	0
2	99500001	0.932279	1.00074	2	0	0
2	100000001	1.59993	1.00074	2	0	0
2	100500001	2.02926	1.00074	2	0	0
2	101000001	2.09274	1.00074	2	0	0
2	101500001	1.31749	1.00074	2	0	0
2	102000001	1.04141	1.00074	2	0	0
2	102500001	0.938857	1.00074	2	0	0
2	103000001	0.92346	1.00074	2	0	0
2	103500001	0.922198	1.00074	2	0	0
2	104000001	0.870353	1.00074	2	0	0
2	104500001	0.880547	1.00074	2	0	0
2	105000001	0.933288	1.00074	2	0	0
2	105500001	0.951354	1.00074	2	0	0
2	106000001	0.932811	1.00074	2	0	0
2	106500001	0.907898	1.00074	2	0	0
2	107000001	0.965358	1.00074	2	0	0
2	107500001	0.936152	1.00074	2	0	0
2	108000001	0.992964	1.00074	2	0	0
2	108500001	1.01345	1.00074	2	0	0
2	109000001	1.22411	1.00074	2	0	0
2	109500001	1.00246	1.00074	2	0	0
2	110000001	0.958833	1.00074	2	0	0
2	110500001	1.07392	1.00074	2	0	0
2	111000001	1.06879	1.00074	2	0	0
2	111500001	1.07009	1.00074	2	0	0
2	112000001	1.09231	1.00074	2	0	0
2	112500001	1.07828	1.00074	2	0	0
2	113000001	1.09627	1.00074	2	0	0
2	113500001	1.0566	1.00074	2	0	0
2	114000001	1.00074	1.00074	2	0	0
2	114500001	0.935701	1.00074	2	0	0
2	115000001	0.913731	1.00074	2	0	0
2	115500001	0.916782	1.00074	2	0	0
2	116000001	0.912858	1.00074	2	0	0
2	116500001	0.915857	1.00074	2	0	0
2	117000001	0.920491	1.00074	2	0	0
2	117500001	1.02711	1.00074	2	0	0
2	118000001	1.02222	1.00074	2	0	0
2	118500001	1.0292	1.00074	2	0	0
2	119000001	0.9554	1.00074	2	0	0
2	119500001	1.00705	1.00074	2	0	0
2	120000001	0.999911	1.00074	2	0	0
2	120500001	0.995011	1.00074	2	0	0
2	121000001	0.978652	1.00074	2	0	0
2	121500001	1.0054	1.00074	2	0	0
2	122000001	0.968257	1.00074	2	0	0
2	122500001	0.932255	1.00074	2	0	0
2	123000001	0.951327	1.00074	2	0	0
2	123500001	0.96536	1.00074	2	0	0
2	124000001	0.899195	1.00074	2	0	0
2	124500001	0.865232	1.00074	2	0	0
2	125000001	0.929957	1.00074	2	0	0
2	125500001	0.929751	1.00074	2	0	0
2	126000001	0.930684	1.00074	2	0	0
2	126500001	0.986954	1.00074	2	0	0
2	127000001	1.03576	1.00074	2	0	0
2	127500001	1.03745	1.00074	2	0	0
2	128000001	1.11908	1.00074	2	0	0
2	128500001	0.952358	1.00074	2	0	0
2	129000001	0.949792	1.00074	2	0	0
2	129500001	0.977031	1.00074	2	0	0
2	130000001	0.841139	1.00074	2	0	0
2	130500001	1.03608	1.00074	2	0	0
2	131000001	1.2121	1.00074	2	0	0
2	131500001	1.31042	1.00074	2	0	0
2	132000001	1.4992	1.00074	2	0	0
2	132500001	0.700106	1.00074	2	0	0
2	133000001	0.60237	1.00074	2	0	0
2	133500001	0.906707	1.00074	2	0	0
2	134000001	0.914604	1.00074	2	0	0
2	134500001	0.919237	1.00074	2	0	0
2	135000001	0.927002	1.00074	2	0	0
2	135500001	0.719628	1.00074	2	0	0
2	136000001	0.906745	1.00074	2	0	0
2	136500001	0.956857	1.00074	2	0	0
2	137000001	1.04749	1.00074	2	0	0
2	137500001	1.05181	1.00074	2	0	0
2	138000001	0.99974	1.00074	2	0	0
2	138500001	1.02036	1.00074	2	0	0
2	139000001	1.0201	1.00074	2	0	0
2	139500001	0.946452	1.00074	2	0	0
2	140000001	0.981552	1.00074	2	0	0
2	140500001	0.964152	1.00074	2	0	0
2	141000001	0.858939	1.00074	2	0	0
2	141500001	0.930503	1.00074	2	0	0
2	142000001	1.07922	1.00074	2	0	0
2	142500001	1.11601	1.00074	2	0	0
2	143000001	1.03491	1.00074	2	0	0
2	143500001	0.991309	1.00074	2	0	0
2	144000001	0.992061	1.00074	2	0	0
2	144500001	1.01122	1.00074	2	0	0
2	145000001	1.0902	1.00074	2	0	0
2	145500001	1.33937	1.00074	2	0	0
2	146000001	1.06613	1.00074	2	0	0
2	146500001	1.15728	1.00074	2	0	0
2	147000001	1.03193	1.00074	2	0	0
2	147500001	1.01461	1.00074	2	0	0
2	148000001	1.07033	1.00074	2	0	0
2	148500001	1.14454	1.00074	2	0	0
2	149000001	1.0611	1.00074	2	0	0
2	149500001	1.11955	1.00074	2	0	0
2	150000001	1.11828	1.00074	2	0	0
2	150500001	1.03087	1.00074	2	0	0
2	151000001	1.03804	1.00074	2	0	0
2	151500001	1.01399	1.00074	2	0	0
2	152000001	0.993366	1.00074	2	0	0
2	152500001	0.960588	1.00074	2	0	0
2	153000001	0.925886	1.00074	2	0	0
2	153500001	0.923396	1.00074	2	0	0
2	154000001	0.925673	1.00074	2	0	0
2	154500001	0.956355	1.00074	2	0	0
2	155000001	0.97784	1.00074	2	0	0
2	155500001	1.04663	1.00074	2	0	0
2	156000001	1.02979	1.00074	2	0	0
2	156500001	1.04898	1.00074	2	0	0
2	157000001	1.02563	1.00074	2	0	0
2	157500001	0.954191	1.00074	2	0	0
2	158000001	0.985924	1.00074	2	0	0
2	158500001	0.99077	1.00074	2	0	0
2	159000001	1.07366	1.00074	2	0	0
2	159500001	1.14234	1.00074	2	0	0
2	160000001	1.10277	1.00074	2	0	0
2	160500001	1.18037	1.00074	2	0	0
2	161000001	1.12014	1.00074	2	0	0
2	161500001	1.01663	1.00074	2	0	0
2	162000001	0.976995	1.00074	2	0	0
2	162500001	0.983123	1.00074	2	0	0
2	163000001	1.01146	1.00074	2	0	0
2	163500001	1.04913	1.00074	2	0	0
2	164000001	1.00066	1.00074	2	0	0
2	164500001	1.0944	1.00074	2	0	0
2	165000001	1.07168	1.00074	2	0	0
2	165500001	0.989207	1.00074	2	0	0
2	166000001	0.957162	1.00074	2	0	0
2	166500001	0.941655	1.00074	2	0	0
2	167000001	0.921509	1.00074	2	0	0
2	167500001	0.970072	1.00074	2	0	0
2	168000001	1.0392	1.00074	2	0	0
2	168500001	1.07741	1.00074	2	0	0
2	169000001	1.11069	1.00074	2	0	0
2	169500001	1.03244	1.00074	2	0	0
2	170000001	1.02864	1.00074	2	0	0
2	170500001	0.976682	1.00074	2	0	0
2	171000001	1.10467	1.00074	2	0	0
2	171500001	1.08034	1.00074	2	0	0
2	172000001	1.07439	1.00074	2	0	0
2	172500001	1.10767	1.00074	2	0	0
2	173000001	1.07199	1.00074	2	0	0
2	173500001	1.00795	1.00074	2	0	0
2	174000001	1.0532	1.00074	2	0	0
2	174500001	0.959199	1.00074	2	0	0
2	175000001	0.964819	1.00074	2	0	0
2	175500001	0.950365	1.00074	2	0	0
2	176000001	0.970117	1.00074	2	0	0
2	176500001	1.02816	1.00074	2	0	0
2	177000001	2.53524	3.23911	6	0	0
2	177500001	2.55225	3.23911	6	0	0
2	178000001	3.23911	3.23911	6	0	0
2	178500001	3.29265	3.23911	6	0	0
2	179000001	3.2702	3.23911	6	0	0
2	179500001	3.43008	3.23911	6	0	0
2	180000001	2.74448	3.23911	6	0	0
2	180500001	2.17744	1.91003	4	0	0
2	181000001	2.06518	1.91003	4	0	0
2	181500001	2.27412	1.91003	4	0	0
2	182000001	2.09747	1.91003	4	0	0
2	182500001	2.04747	1.91003	4	0	0
2	183000001	1.90842	1.91003	4	0	0
2	183500001	1.88867	1.91003	4	0	0
2	184000001	2.05178	1.91003	4	0	0
2	184500001	2.04491	1.91003	4	0	0
2	185000001	2.05826	1.91003	4	0	0
2	185500001	2.11852	1.91003	4	0	0
2	186000001	2.10515	1.91003	4	0	0
2	186500001	2.00605	1.91003	4	0	0
2	187000001	1.99186	1.91003	4	0	0
2	187500001	1.91003	1.91003	4	0	0
2	188000001	1.98059	1.91003	4	0	0
2	188500001	2.08658	1.91003	4	0	0
2	189000001	2.19188	1.91003	4	0	0
2	189500001	2.07135	1.91003	4	0	0
2	190000001	1.88121	1.91003	4	0	0
2	190500001	1.74697	1.91003	4	0	0
2	191000001	1.75055	1.91003	4	0	0
2	191500001	1.73114	1.91003	4	0	0
2	192000001	1.49958	1.91003	4	0	0
2	192500001	1.47507	1.91003	4	0	0
2	193000001	1.54544	1.91003	4	0	0
2	193500001	1.4947	1.91003	4	0	0
2	194000001	1.4558	1.91003	4	0	0
2	194500001	1.46201	1.91003	4	0	0
2	195000001	1.49056	1.91003	4	0	0
2	195500001	1.52201	1.91003	4	0	0
2	196000001	1.63941	1.91003	4	0	0
2	196500001	1.48189	1.91003	4	0	0
2	197000001	1.37549	1.02569	2	0	0
2	197500001	1.38724	1.02569	2	0	0
2	198000001	1.37817	1.02569	2	0	0
2	198500001	1.42707	1.02569	2	0	0
2	199000001	1.41251	1.02569	2	0	0
2	199500001	1.44248	1.02569	2	0	0
2	200000001	1.08417	1.02569	2	0	0
2	200500001	1.09084	1.02569	2	0	0
2	201000001	1.07916	1.02569	2	0	0
2	201500001	1.22992	1.02569	2	0	0
2	202000001	1.00197	1.02569	2	0	0
2	202500001	1.00302	1.02569	2	0	0
2	203000001	1.01588	1.02569	2	0	0
2	203500001	0.96807	1.02569	2	0	0
2	204000001	0.898634	1.02569	2	0	0
2	204500001	0.936394	1.02569	2	0	0
2	205000001	0.914904	1.02569	2	0	0
2	205500001	0.955948	1.02569	2	0	0
2	206000001	1.03493	1.02569	2	0	0
2	206500001	1.03	1.02569	2	0	0
2	207000001	1.09941	1.02569	2	0	0
2	207500001	1.06056	1.02569	2	0	0
2	208000001	1.01523	1.02569	2	0	0
2	208500001	1.00931	1.02569	2	0	0
2	209000001	1.02954	1.02569	2	0	0
2	209500001	1.03157	1.02569	2	0	0
2	210000001	0.95773	1.02569	2	0	0
2	210500001	1.02864	1.02569	2	0	0
2	211000001	1.10726	1.02569	2	0	0
2	211500001	1.07568	1.02569	2	0	0
2	212000001	1.0893	1.02569	2	0	0
2	212500001	1.10914	1.02569	2	0	0
2	213000001	1.04456	1.02569	2	0	0
2	213500001	0.981179	1.02569	2	0	0
2	214000001	0.954535	1.02569	2	0	0
2	214500001	0.97222	1.02569	2	0	0
2	215000001	0.990563	1.02569	2	0	0
2	215500001	1.00436	1.02569	2	0	0
2	216000001	1.04015	1.02569	2	0	0
2	216500001	0.989017	1.02569	2	0	0
2	217000001	1.02686	1.02569	2	0	0
2	217500001	0.994655	1.02569	2	0	0
2	218000001	1.04635	1.02569	2	0	0
2	218500001	1.06299	1.02569	2	0	0
2	219000001	1.16931	1.02569	2	0	0
2	219500001	1.03135	1.02569	2	0	0
2	220000001	1.05569	1.02569	2	0	0
2	220500001	1.09709	1.02569	2	0	0
2	221000001	1.01145	1.02569	2	0	0
2	221500001	1.0014	1.02569	2	0	0
2	222000001	1.02654	1.02569	2	0	0
2	222500001	1.04684	1.02569	2	0	0
2	223000001	1.0405	1.02569	2	0	0
2	223500001	1.02414	1.02569	2	0	0
2	224000001	1.02302	1.02569	2	0	0
2	224500001	1.01603	1.02569	2	0	0
2	225000001	1.09161	1.02569	2	0	0
2	225500001	1.06348	1.02569	2	0	0
2	226000001	1.15393	1.02569	2	0	0
2	226500001	1.1026	1.02569	2	0	0
2	227000001	0.991499	1.02569	2	0	0
2	227500001	1.03115	1.02569	2	0	0
2	228000001	0.931847	1.02569	2	0	0
2	228500001	1.01385	1.02569	2	0	0
2	229000001	0.990924	1.02569	2	0	0
2	229500001	1.01754	1.02569	2	0	0
2	230000001	1.0937	1.02569	2	0	0
2	230500001	1.01635	1.02569	2	0	0
2	231000001	1.02234	1.02569	2	0	0
2	231500001	0.99859	1.02569	2	0	0
2	232000001	1.05423	1.02569	2	0	0
2	232500001	1.02087	1.02569	2	0	0
2	233000001	1.058	1.02569	2	0	0
2	233500001	1.08842	1.02569	2	0	0
2	234000001	1.22573	1.02569	2	0	0
2	234500001	1.02569	1.02569	2	0	0
2	235000001	0.97545	1.02569	2	0	0
2	235500001	0.932016	1.02569	2	0	0
2	236000001	0.988852	1.02569	2	0	0
2	236500001	1.04901	1.02569	2	0	0
2	237000001	1.03831	1.02569	2	0	0
2	237500001	0.999445	1.02569	2	0	0
2	238000001	1.00109	1.02569	2	0	0
2	238500001	0.973689	1.02569	2	0	0
2	239000001	0.884433	1.02569	2	0	0
2	239500001	0.948613	1.02569	2	0	0
2	240000001	0.998214	1.02569	2	0	0
2	240500001	0.949209	1.02569	2	0	0
2	241000001	0.992339	1.02569	2	0	0
2	241500001	0.484296	1.02569	2	0	0
2	242000001	0.248643	1.02569	2	0	0
20	1	0.957414	0.987454	2	0	0
20	500001	0.962519	0.987454	2	0	0
20	1000001	1.00632	0.987454	2	0	0
20	1500001	0.924127	0.987454	2	0	0
20	2000001	1.00621	0.987454	2	0	0
20	2500001	0.990141	0.987454	2	0	0
20	3000001	0.973018	0.987454	2	0	0
20	3500001	1.02796	0.987454	2	0	0
20	4000001	1.06211	0.987454	2	0	0
20	4500001	1.02318	0.987454	2	0	0
20	5000001	1.03792	0.987454	2	0	0
20	5500001	1.01455	0.987454	2	0	0
20	6000001	1.01642	0.987454	2	0	0
20	6500001	0.987454	0.987454	2	0	0
20	7000001	1.05372	0.987454	2	0	0
20	7500001	0.961532	0.987454	2	0	0
20	8000001	0.957298	0.987454	2	0	0
20	8500001	0.957695	0.987454	2	0	0
20	9000001	0.873185	0.987454	2	0	0
20	9500001	0.918921	0.987454	2	0	0
20	10000001	0.927379	0.987454	2	0	0
20	10500001	1.08918	0.987454	2	0	0
20	11000001	1.13689	0.987454	2	0	0
20	11500001	1.04049	0.987454	2	0	0
20	12000001	1.01134	0.987454	2	0	0
20	12500001	0.929241	0.987454	2	0	0
20	13000001	0.916426	0.987454	2	0	0
20	13500001	0.933511	0.987454	2	0	0
20	14000001	1.05879	0.987454	2	0	0
20	14500001	0.6518	0.987454	2	0	0
20	15000001	0.703897	0.987454	2	0	0
20	15500001	0.992486	0.987454	2	0	0
20	16000001	0.918929	0.987454	2	0	0
20	16500001	1.33545	1.41036	3	0	0
20	17000001	1.47454	1.41036	3	0	0
20	17500001	1.44065	1.41036	3	0	0
20	18000001	1.4055	1.41036	3	0	0
20	18500001	1.36981	1.41036	3	0	0
20	19000001	1.36407	1.41036	3	0	0
20	19500001	1.47851	1.41036	3	0	0
20	20000001	1.44559	1.41036	3	0	0
20	20500001	1.3768	1.41036	3	0	0
20	21000001	1.34323	1.41036	3	0	0
20	21500001	1.31265	1.41036	3	0	0
20	22000001	1.41973	1.41036	3	0	0
20	22500001	1.42275	1.41036	3	0	0
20	23000001	1.41523	1.41036	3	0	0
20	23500001	1.77053	1.84962	4	0	0
20	24000001	1.98142	1.84962	4	0	0
20	24500001	1.84962	1.84962	4	0	0
20	25000001	1.94727	1.84962	4	0	0
20	25500001	1.59448	1.84962	4	0	0
20	26000001	3.17401	3.32296	7	0	0
20	26500001	3.47192	3.32296	7	0	0
20	27000001	2.53977	2.39408	5	0	0
20	27500001	2.39408	2.39408	5	0	0
20	28000001	2.34286	2.39408	5	0	0
20	28500001	4.44234	4.44234	9	0	0
20	29000001	2.14628	2.14628	4	0	0
20	29500001	2.15429	2.14628	4	0	0
20	30000001	-1	2.14628	4	0	0
20	30500001	2.1113	2.14628	4	0	0
20	31000001	-1	2.14628	4	0	0
20	31500001	2.16437	2.14628	4	0	0
20	32000001	2.04784	2.14628	4	0	0
20	32500001	1.91698	2.14628	4	0	0
20	33000001	1.97772	2.14628	4	0	0
20	33500001	2.18719	2.14628	4	0	0
20	34000001	2.22161	2.14628	4	0	0
20	34500001	1.50295	1.52111	3	0	0
20	35000001	1.53928	1.52111	3	0	0
20	35500001	1.49234	1.52111	3	0	0
20	36000001	2.16562	1.52111	3	0	0
20	36500001	1.43987	1.46607	3	0	0
20	37000001	1.53027	1.46607	3	0	0
20	37500001	1.51495	1.46607	3	0	0
20	38000001	1.54535	1.46607	3	0	0
20	38500001	1.42679	1.46607	3	0	0
20	39000001	1.35977	1.46607	3	0	0
20	39500001	1.33446	1.46607	3	0	0
20	40000001	1.33068	1.46607	3	0	0
20	40500001	1.48039	1.46607	3	0	0
20	41000001	1.49304	1.46607	3	0	0
20	41500001	1.43016	1.46607	3	0	0
20	42000001	1.34441	1.46607	3	0	0
20	42500001	1.29153	1.46607	3	0	0
20	43000001	1.42631	1.46607	3	0	0
20	43500001	1.49021	1.46607	3	0	0
20	44000001	1.50675	1.46607	3	0	0
20	44500001	1.52864	1.46607	3	0	0
20	45000001	1.50349	1.46607	3	0	0
20	45500001	1.46273	1.46607	3	0	0
20	46000001	1.45136	1.46607	3	0	0
20	46500001	1.49292	1.46607	3	0	0
20	47000001	1.51974	1.46607	3	0	0
20	47500001	1.51693	1.46607	3	0	0
20	48000001	1.41669	1.46607	3	0	0
20	48500001	1.44539	1.46607	3	0	0
20	49000001	1.51571	1.46607	3	0	0
20	49500001	1.49853	1.46607	3	0	0
20	50000001	1.97123	1.46607	3	0	0
20	50500001	1.92496	1.46607	3	0	0
20	51000001	1.4882	1.46607	3	0	0
20	51500001	1.56441	1.46607	3	0	0
20	52000001	1.46788	1.46607	3	0	0
20	52500001	1.41344	1.46607	3	0	0
20	53000001	1.51138	1.46607	3	0	0
20	53500001	1.55636	1.46607	3	0	0
20	54000001	1.61941	1.46607	3	0	0
20	54500001	1.46607	1.46607	3	0	0
20	55000001	1.36152	1.46607	3	0	0
20	55500001	1.32409	1.46607	3	0	0
20	56000001	1.39863	1.46607	3	0	0
20	56500001	1.43441	1.46607	3	0	0
20	57000001	1.46153	1.46607	3	0	0
20	57500001	1.52113	1.46607	3	0	0
20	58000001	1.51489	1.46607	3	0	0
20	58500001	1.45061	1.46607	3	0	0
20	59000001	1.3614	1.46607	3	0	0
20	59500001	1.36464	1.46607	3	0	0
20	60000001	1.36988	1.46607	3	0	0
20	60500001	1.24038	1.46607	3	0	0
20	61000001	1.26231	1.46607	3	0	0
20	61500001	1.35767	1.46607	3	0	0
20	62000001	1.47577	1.46607	3	0	0
20	62500001	1.4779	1.46607	3	0	0
20	63000001	1.46623	1.46607	3	0	0
20	63500001	1.44212	1.46607	3	0	0
20	64000001	-1	-1	-1	0	0
21	1	-1	-1	-1	0	0
21	500001	-1	-1	-1	0	0
21	1000001	-1	-1	-1	0	0
21	1500001	-1	-1	-1	0	0
21	2000001	-1	-1	-1	0	0
21	2500001	-1	-1	-1	0	0
21	3000001	-1	-1	-1	0	0
21	3500001	-1	-1	-1	0	0
21	4000001	-1	-1	-1	0	0
21	4500001	-1	-1	-1	0	0
21	5000001	-1	-1	-1	0	0
21	5500001	-1	-1	-1	0	0
21	6000001	-1	-1	-1	0	0
21	6500001	-1	-1	-1	0	0
21	7000001	-1	-1	-1	0	0
21	7500001	-1	-1	-1	0	0
21	8000001	-1	-1	-1	0	0
21	8500001	-1	-1	-1	0	0
21	9000001	-1	-1	-1	0	0
21	9500001	1.14761	1.14761	2	0	0
21	10000001	-1	-1	-1	0	0
21	10500001	0.712404	0.72086	1	0	0
21	11000001	0.486277	0.72086	1	0	0
21	11500001	0.729315	0.72086	1	0	0
21	12000001	0.783462	0.72086	1	0	0
21	12500001	1.34381	1.34381	3	0	0
21	13000001	0.732831	0.689878	1	0	0
21	13500001	0.646925	0.689878	1	0	0
21	14000001	0.963106	1.08107	2	0	0
21	14500001	1.1042	1.08107	2	0	0
21	15000001	1.08107	1.08107	2	0	0
21	15500001	1.13537	1.08107	2	0	0
21	16000001	1.04871	1.08107	2	0	0
21	16500001	1.05478	1.08107	2	0	0
21	17000001	1.15648	1.08107	2	0	0
21	17500001	1.00852	1.02369	2	0	0
21	18000001	0.942251	1.02369	2	0	0
21	18500001	0.964011	1.02369	2	0	0
21	19000001	0.94775	1.02369	2	0	0
21	19500001	0.959413	1.02369	2	0	0
21	20000001	0.952248	1.02369	2	0	0
21	20500001	0.952858	1.02369	2	0	0
21	21000001	0.946921	1.02369	2	0	0
21	21500001	1.02369	1.02369	2	0	0
21	22000001	1.05826	1.02369	2	0	0
21	22500001	1.05905	1.02369	2	0	0
21	23000001	1.01368	1.02369	2	0	0
21	23500001	1.02997	1.02369	2	0	0
21	24000001	1.09048	1.02369	2	0	0
21	24500001	1.02679	1.02369	2	0	0
21	25000001	1.1216	1.02369	2	0	0
21	25500001	1.01406	1.02369	2	0	0
21	26000001	1.03014	1.02369	2	0	0
21	26500001	1.1008	1.02369	2	0	0
21	27000001	1.11066	1.02369	2	0	0
21	27500001	1.1038	1.02369	2	0	0
21	28000001	0.96071	1.02369	2	0	0
21	28500001	1.16137	1.02369	2	0	0
21	29000001	1.0788	1.02369	2	0	0
21	29500001	1.07224	1.02369	2	0	0
21	30000001	1.05375	1.02369	2	0	0
21	30500001	1.02188	1.02369	2	0	0
21	31000001	0.936797	1.02369	2	0	0
21	31500001	0.95498	1.02369	2	0	0
21	32000001	0.998088	1.02369	2	0	0
21	32500001	1.02281	1.02369	2	0	0
21	33000001	1.01499	1.02369	2	0	0
21	33500001	1.0787	1.02369	2	0	0
21	34000001	0.915826	1.02369	2	0	0
21	34500001	1.06287	1.02369	2	0	0
21	35000001	1.1556	1.02369	2	0	0
21	35500001	1.06616	1.02369	2	0	0
21	36000001	1.03352	1.02369	2	0	0
21	36500001	1.02221	1.02369	2	0	0
21	37000001	1.02106	1.02369	2	0	0
21	37500001	1.02984	1.02369	2	0	0
21	38000001	1.04059	1.02369	2	0	0
21	38500001	1.12299	1.02369	2	0	0
21	39000001	1.06876	1.02369	2	0	0
21	39500001	1.00619	1.02369	2	0	0
21	40000001	0.902265	1.02369	2	0	0
21	40500001	0.918871	1.02369	2	0	0
21	41000001	1.02221	1.02369	2	0	0
21	41500001	1.07713	1.02369	2	0	0
21	42000001	1.02519	1.02369	2	0	0
21	42500001	1.01901	1.02369	2	0	0
21	43000001	0.714655	0.975629	2	0	0
21	43500001	0.996161	0.975629	2	0	0
21	44000001	0.831394	0.975629	2	0	0
21	44500001	0.983654	0.975629	2	0	0
21	45000001	1.02863	0.975629	2	0	0
21	45500001	1.01198	0.975629	2	0	0
21	46000001	0.967604	0.975629	2	0	0
21	46500001	0.45238	0.975629	2	0	0
22	1	-1	-1	-1	0	0
22	500001	-1	-1	-1	0	0
22	1000001	-1	-1	-1	0	0
22	1500001	-1	-1	-1	0	0
22	2000001	-1	-1	-1	0	0
22	2500001	-1	-1	-1	0	0
22	3000001	-1	-1	-1	0	0
22	3500001	-1	-1	-1	0	0
22	4000001	-1	-1	-1	0	0
22	4500001	-1	-1	-1	0	0
22	5000001	-1	-1	-1	0	0
22	5500001	-1	-1	-1	0	0
22	6000001	-1	-1	-1	0	0
22	6500001	-1	-1	-1	0	0
22	7000001	-1	-1	-1	0	0
22	7500001	-1	-1	-1	0	0
22	8000001	-1	-1	-1	0	0
22	8500001	-1	-1	-1	0	0
22	9000001	-1	-1	-1	0	0
22	9500001	-1	-1	-1	0	0
22	10000001	-1	-1	-1	0	0
22	10500001	-1	-1	-1	0	0
22	11000001	-1	-1	-1	0	0
22	11500001	-1	-1	-1	0	0
22	12000001	-1	-1	-1	0	0
22	12500001	-1	-1	-1	0	0
22	13000001	0.459431	0.609233	1	0	0
22	13500001	0.759036	0.609233	1	0	0
22	14000001	0.971813	1.00724	2	0	0
22	14500001	1.09845	1.00724	2	0	0
22	15000001	-1	1.00724	2	0	0
22	15500001	1.34909	1.00724	2	0	0
22	16000001	0.955446	1.00724	2	0	0
22	16500001	0.954575	1.00724	2	0	0
22	17000001	0.946221	1.00724	2	0	0
22	17500001	0.964301	1.00724	2	0	0
22	18000001	-1	1.00724	2	0	0
22	18500001	0.719425	1.00724	2	0	0
22	19000001	1.16795	1.00724	2	0	0
22	19500001	1.54643	1.00724	2	0	0
22	20000001	1.03264	1.00724	2	0	0
22	20500001	1.00705	1.00724	2	0	0
22	21000001	0.815008	1.00724	2	0	0
22	21500001	0.978201	1.00724	2	0	0
22	22000001	0.990521	1.00724	2	0	0
22	22500001	0.979146	1.00724	2	0	0
22	23000001	0.957837	1.00724	2	0	0
22	23500001	0.929937	1.00724	2	0	0
22	24000001	1.00705	1.00724	2	0	0
22	24500001	0.996957	1.00724	2	0	0
22	25000001	0.976867	1.00724	2	0	0
22	25500001	0.894686	1.00724	2	0	0
22	26000001	0.995205	1.00724	2	0	0
22	26500001	0.977241	1.00724	2	0	0
22	27000001	0.958226	1.00724	2	0	0
22	27500001	0.963816	1.00724	2	0	0
22	28000001	0.800704	1.00724	2	0	0
22	28500001	0.800815	1.00724	2	0	0
22	29000001	1.00908	1.00724	2	0	0
22	29500001	1.051	1.00724	2	0	0
22	30000001	1.07266	1.00724	2	0	0
22	30500001	1.04758	1.00724	2	0	0
22	31000001	0.977735	1.00724	2	0	0
22	31500001	1.00743	1.00724	2	0	0
22	32000001	0.993616	1.00724	2	0	0
22	32500001	1.02271	1.00724	2	0	0
22	33000001	1.14285	1.00724	2	0	0
22	33500001	0.881184	1.00724	2	0	0
22	34000001	0.891046	1.00724	2	0	0
22	34500001	0.9664	1.00724	2	0	0
22	35000001	1.02634	1.00724	2	0	0
22	35500001	1.10577	1.00724	2	0	0
22	36000001	1.07501	1.00724	2	0	0
22	36500001	1.03116	1.00724	2	0	0
22	37000001	1.08123	1.00724	2	0	0
22	37500001	1.05851	1.00724	2	0	0
22	38000001	1.03308	1.00724	2	0	0
22	38500001	1.05149	1.00724	2	0	0
22	39000001	1.01757	1.00724	2	0	0
22	39500001	0.984417	1.00724	2	0	0
22	40000001	1.00159	1.00724	2	0	0
22	40500001	1.09936	1.00724	2	0	0
22	41000001	1.2227	1.00724	2	0	0
22	41500001	1.05449	1.00724	2	0	0
22	42000001	1.02715	1.00724	2	0	0
22	42500001	1.3035	1.00724	2	0	0
22	43000001	1.03059	1.00724	2	0	0
22	43500001	0.955985	1.00724	2	0	0
22	44000001	0.962906	1.00724	2	0	0
22	44500001	1.0083	1.00724	2	0	0
22	45000001	1.02376	1.00724	2	0	0
22	45500001	1.05836	1.00724	2	0	0
22	46000001	1.01153	1.00724	2	0	0
22	46500001	1.03421	1.00724	2	0	0
22	47000001	0.92065	0.914002	2	0	0
22	47500001	0.917837	0.914002	2	0	0
22	48000001	0.846716	0.914002	2	0	0
22	48500001	0.829626	0.914002	2	0	0
22	49000001	0.910168	0.914002	2	0	0
22	49500001	0.973544	0.914002	2	0	0
22	50000001	1.00653	0.914002	2	0	0
22	50500001	0.641959	0.914002	2	0	0
3	1	0.926917	0.985501	2	0	0
3	500001	0.945265	0.985501	2	0	0
3	1000001	0.90266	0.985501	2	0	0
3	1500001	0.932101	0.985501	2	0	0
3	2000001	0.922472	0.985501	2	0	0
3	2500001	0.898925	0.985501	2	0	0
3	3000001	0.884782	0.985501	2	0	0
3	3500001	0.912392	0.985501	2	0	0
3	4000001	0.934046	0.985501	2	0	0
3	4500001	0.967393	0.985501	2	0	0
3	5000001	0.974275	0.985501	2	0	0
3	5500001	0.922959	0.985501	2	0	0
3	6000001	0.893974	0.985501	2	0	0
3	6500001	0.931017	0.985501	2	0	0
3	7000001	0.931352	0.985501	2	0	0
3	7500001	0.932654	0.985501	2	0	0
3	8000001	0.943979	0.985501	2	0	0
3	8500001	0.999193	0.985501	2	0	0
3	9000001	1.08786	0.985501	2	0	0
3	9500001	1.34673	0.985501	2	0	0
3	10000001	1.04879	0.985501	2	0	0
3	10500001	1.02857	0.985501	2	0	0
3	11000001	1.04776	0.985501	2	0	0
3	11500001	1.04226	0.985501	2	0	0
3	12000001	1.09891	0.985501	2	0	0
3	12500001	1.03434	0.985501	2	0	0
3	13000001	0.590155	0.985501	2	0	0
3	13500001	0.861087	0.985501	2	0	0
3	14000001	0.987454	0.985501	2	0	0
3	14500001	0.971788	0.985501	2	0	0
3	15000001	0.995663	0.985501	2	0	0
3	15500001	1.13622	0.985501	2	0	0
3	16000001	1.00137	0.985501	2	0	0
3	16500001	0.961218	0.985501	2	0	0
3	17000001	0.942575	0.985501	2	0	0
3	17500001	0.997397	0.985501	2	0	0
3	18000001	1.08094	0.985501	2	0	0
3	18500001	0.991066	0.985501	2	0	0
3	19000001	0.973069	0.985501	2	0	0
3	19500001	0.930018	0.985501	2	0	0
3	20000001	0.953262	0.985501	2	0	0
3	20500001	0.92843	0.985501	2	0	0
3	21000001	0.906488	0.985501	2	0	0
3	21500001	0.92699	0.985501	2	0	0
3	22000001	0.959477	0.985501	2	0	0
3	22500001	0.986687	0.985501	2	0	0
3	23000001	1.10312	0.985501	2	0	0
3	23500001	1.08133	0.985501	2	0	0
3	24000001	1.08909	0.985501	2	0	0
3	24500001	1.13922	0.985501	2	0	0
3	25000001	1.05228	0.985501	2	0	0
3	25500001	0.946335	0.985501	2	0	0
3	26000001	0.951733	0.985501	2	0	0
3	26500001	0.933537	0.985501	2	0	0
3	27000001	1.07694	0.985501	2	0	0
3	27500001	1.03441	0.985501	2	0	0
3	28000001	1.06386	0.985501	2	0	0
3	28500001	0.965764	0.985501	2	0	0
3	29000001	1.04107	0.985501	2	0	0
3	29500001	1.06637	0.985501	2	0	0
3	30000001	1.16424	0.985501	2	0	0
3	30500001	1.1868	0.985501	2	0	0
3	31000001	1.09166	0.985501	2	0	0
3	31500001	1.00433	0.985501	2	0	0
3	32000001	1.08004	0.985501	2	0	0
3	32500001	1.03832	0.985501	2	0	0
3	33000001	1.03436	0.985501	2	0	0
3	33500001	1.05959	0.985501	2	0	0
3	34000001	0.983265	0.985501	2	0	0
3	34500001	0.937217	0.985501	2	0	0
3	35000001	0.900479	0.985501	2	0	0
3	35500001	0.997161	0.985501	2	0	0
3	36000001	1.02911	0.985501	2	0	0
3	36500001	1.04343	0.985501	2	0	0
3	37000001	1.08679	0.985501	2	0	0
3	37500001	1.04512	0.985501	2	0	0
3	38000001	1.03524	0.985501	2	0	0
3	38500001	0.982696	0.985501	2	0	0
3	39000001	0.939874	0.985501	2	0	0
3	39500001	0.968459	0.985501	2	0	0
3	40000001	0.952217	0.985501	2	0	0
3	40500001	0.965413	0.985501	2	0	0
3	41000001	0.954095	0.985501	2	0	0
3	41500001	0.985395	0.985501	2	0	0
3	42000001	0.983328	0.985501	2	0	0
3	42500001	0.985501	0.985501	2	0	0
3	43000001	0.978976	0.985501	2	0	0
3	43500001	1.03052	0.985501	2	0	0
3	44000001	1.03942	0.985501	2	0	0
3	44500001	1.02067	0.985501	2	0	0
3	45000001	1.04055	0.985501	2	0	0
3	45500001	1.05692	0.985501	2	0	0
3	46000001	1.06279	0.985501	2	0	0
3	46500001	0.898035	0.985501	2	0	0
3	47000001	0.943188	0.985501	2	0	0
3	47500001	0.511369	0.491165	1	0	0
3	48000001	0.509733	0.491165	1	0	0
3	48500001	0.484891	0.491165	1	0	0
3	49000001	0.499093	0.491165	1	0	0
3	49500001	0.523499	0.491165	1	0	0
3	50000001	0.513013	0.491165	1	0	0
3	50500001	0.493959	0.491165	1	0	0
3	51000001	0.496537	0.491165	1	0	0
3	51500001	0.506078	0.491165	1	0	0
3	52000001	0.525762	0.491165	1	0	0
3	52500001	0.509036	0.491165	1	0	0
3	53000001	0.769839	0.491165	1	0	0
3	53500001	0.471872	0.491165	1	0	0
3	54000001	0.457812	0.491165	1	0	0
3	54500001	0.438577	0.491165	1	0	0
3	55000001	0.470424	0.491165	1	0	0
3	55500001	0.506138	0.491165	1	0	0
3	56000001	0.531417	0.491165	1	0	0
3	56500001	0.505339	0.491165	1	0	0
3	57000001	0.502809	0.491165	1	0	0
3	57500001	0.534921	0.491165	1	0	0
3	58000001	0.558496	0.491165	1	0	0
3	58500001	0.50052	0.491165	1	0	0
3	59000001	0.481197	0.491165	1	0	0
3	59500001	0.496563	0.491165	1	0	0
3	60000001	0.417239	0.491165	1	0	0
3	60500001	0.341906	0.491165	1	0	0
3	61000001	0.428276	0.491165	1	0	0
3	61500001	0.418349	0.491165	1	0	0
3	62000001	0.428848	0.491165	1	0	0
3	62500001	0.445435	0.491165	1	0	0
3	63000001	0.416152	0.491165	1	0	0
3	63500001	0.442625	0.491165	1	0	0
3	64000001	0.443774	0.491165	1	0	0
3	64500001	0.439017	0.491165	1	0	0
3	65000001	0.431013	0.491165	1	0	0
3	65500001	0.435392	0.491165	1	0	0
3	66000001	0.441595	0.491165	1	0	0
3	66500001	0.435608	0.491165	1	0	0
3	67000001	0.437032	0.491165	1	0	0
3	67500001	0.462365	0.491165	1	0	0
3	68000001	0.489002	0.491165	1	0	0
3	68500001	0.474202	0.491165	1	0	0
3	69000001	0.493328	0.491165	1	0	0
3	69500001	0.553183	0.491165	1	0	0
3	70000001	0.496075	0.491165	1	0	0
3	70500001	0.478361	0.491165	1	0	0
3	71000001	0.484907	0.491165	1	0	0
3	71500001	0.473021	0.491165	1	0	0
3	72000001	0.468767	0.491165	1	0	0
3	72500001	0.472729	0.491165	1	0	0
3	73000001	0.451326	0.491165	1	0	0
3	73500001	0.441102	0.491165	1	0	0
3	74000001	0.470376	0.491165	1	0	0
3	74500001	0.456797	0.491165	1	0	0
3	75000001	0.435043	0.491165	1	0	0
3	75500001	0.601337	0.491165	1	0	0
3	76000001	0.479543	0.491165	1	0	0
3	76500001	0.463112	0.491165	1	0	0
3	77000001	0.455246	0.491165	1	0	0
3	77500001	0.49799	0.491165	1	0	0
3	78000001	0.458791	0.491165	1	0	0
3	78500001	0.453728	0.491165	1	0	0
3	79000001	0.510383	0.491165	1	0	0
3	79500001	0.570583	0.491165	1	0	0
3	80000001	0.573844	0.491165	1	0	0
3	80500001	0.500136	0.491165	1	0	0
3	81000001	0.542119	0.491165	1	0	0
3	81500001	0.526654	0.491165	1	0	0
3	82000001	0.508568	0.491165	1	0	0
3	82500001	0.539826	0.491165	1	0	0
3	83000001	0.541234	0.491165	1	0	0
3	83500001	0.531365	0.491165	1	0	0
3	84000001	0.548727	0.491165	1	0	0
3	84500001	0.53191	0.491165	1	0	0
3	85000001	0.56425	0.491165	1	0	0
3	85500001	0.570012	0.491165	1	0	0
3	86000001	0.51542	0.491165	1	0	0
3	86500001	0.33749	0.491165	1	0	0
3	87000001	0.553311	0.491165	1	0	0
3	87500001	0.516738	0.491165	1	0	0
3	88000001	0.470279	0.491165	1	0	0
3	88500001	1.32153	1.3693	3	0	0
3	89000001	1.3837	1.3693	3	0	0
3	89500001	1.80335	1.3693	3	0	0
3	90000001	1.30479	1.3693	3	0	0
3	90500001	1.3693	1.3693	3	0	0
3	91000001	0.797745	0.797745	2	0	0
3	91500001	1.78632	1.78632	4	0	0
3	92000001	1.80253	1.78632	4	0	0
3	92500001	1.61477	1.78632	4	0	0
3	93000001	8.01433	8.01433	16	0	0
3	93500001	1.43517	1.48117	3	0	0
3	94000001	1.36724	1.48117	3	0	0
3	94500001	1.40704	1.48117	3	0	0
3	95000001	1.46446	1.48117	3	0	0
3	95500001	1.46051	1.48117	3	0	0
3	96000001	1.43811	1.48117	3	0	0
3	96500001	1.47724	1.48117	3	0	0
3	97000001	1.43509	1.48117	3	0	0
3	97500001	1.42475	1.48117	3	0	0
3	98000001	1.58823	1.48117	3	0	0
3	98500001	1.60119	1.48117	3	0	0
3	99000001	1.57462	1.48117	3	0	0
3	99500001	1.48593	1.48117	3	0	0
3	100000001	1.56996	1.48117	3	0	0
3	100500001	1.5736	1.48117	3	0	0
3	101000001	1.56824	1.48117	3	0	0
3	101500001	1.64904	1.48117	3	0	0
3	102000001	1.75397	1.48117	3	0	0
3	102500001	1.58823	1.48117	3	0	0
3	103000001	1.42815	1.48117	3	0	0
3	103500001	1.47894	1.48117	3	0	0
3	104000001	1.57131	1.48117	3	0	0
3	104500001	1.59051	1.48117	3	0	0
3	105000001	1.67724	1.48117	3	0	0
3	105500001	1.68264	1.48117	3	0	0
3	106000001	1.70073	1.48117	3	0	0
3	106500001	1.57418	1.48117	3	0	0
3	107000001	1.57521	1.48117	3	0	0
3	107500001	1.77767	1.48117	3	0	0
3	108000001	1.50702	1.48117	3	0	0
3	108500001	1.46265	1.48117	3	0	0
3	109000001	1.34938	1.48117	3	0	0
3	109500001	1.35936	1.48117	3	0	0
3	110000001	1.60258	1.48117	3	0	0
3	110500001	1.51663	1.48117	3	0	0
3	111000001	1.55524	1.48117	3	0	0
3	111500001	1.6308	1.48117	3	0	0
3	112000001	1.60122	1.48117	3	0	0
3	112500001	1.52376	1.48117	3	0	0
3	113000001	1.49322	1.48117	3	0	0
3	113500001	1.46901	1.48117	3	0	0
3	114000001	1.39135	1.48117	3	0	0
3	114500001	1.3674	1.48117	3	0	0
3	115000001	1.3776	1.48117	3	0	0
3	115500001	1.39923	1.48117	3	0	0
3	116000001	1.34643	1.48117	3	0	0
3	116500001	1.43401	1.48117	3	0	0
3	117000001	1.42772	1.48117	3	0	0
3	117500001	1.4147	1.48117	3	0	0
3	118000001	1.49727	1.48117	3	0	0
3	118500001	1.43832	1.48117	3	0	0
3	119000001	1.49984	1.48117	3	0	0
3	119500001	1.50551	1.48117	3	0	0
3	120000001	1.61747	1.48117	3	0	0
3	120500001	1.47456	1.48117	3	0	0
3	121000001	1.48281	1.48117	3	0	0
3	121500001	1.54788	1.48117	3	0	0
3	122000001	1.51475	1.48117	3	0	0
3	122500001	1.46114	1.48117	3	0	0
3	123000001	1.45683	1.48117	3	0	0
3	123500001	1.52263	1.48117	3	0	0
3	124000001	1.45105	1.48117	3	0	0
3	124500001	1.53862	1.48117	3	0	0
3	125000001	1.56426	1.48117	3	0	0
3	125500001	1.47155	1.48117	3	0	0
3	126000001	1.43282	1.48117	3	0	0
3	126500001	1.43572	1.48117	3	0	0
3	127000001	1.45222	1.48117	3	0	0
3	127500001	1.47411	1.48117	3	0	0
3	128000001	1.50345	1.48117	3	0	0
3	128500001	1.52154	1.48117	3	0	0
3	129000001	1.55362	1.48117	3	0	0
3	129500001	1.54189	1.48117	3	0	0
3	130000001	1.41045	1.48117	3	0	0
3	130500001	1.42584	1.48117	3	0	0
3	131000001	1.36868	1.48117	3	0	0
3	131500001	1.44351	1.48117	3	0	0
3	132000001	1.48355	1.48117	3	0	0
3	132500001	1.48238	1.48117	3	0	0
3	133000001	1.5029	1.48117	3	0	0
3	133500001	1.47717	1.48117	3	0	0
3	134000001	1.54933	1.48117	3	0	0
3	134500001	1.44081	1.48117	3	0	0
3	135000001	1.35566	1.48117	3	0	0
3	135500001	1.50203	1.48117	3	0	0
3	136000001	1.36102	1.48117	3	0	0
3	136500001	1.29336	1.48117	3	0	0
3	137000001	1.4218	1.48117	3	0	0
3	137500001	1.39874	1.48117	3	0	0
3	138000001	1.45118	1.48117	3	0	0
3	138500001	1.43745	1.48117	3	0	0
3	139000001	1.48485	1.48117	3	0	0
3	139500001	1.30303	1.48117	3	0	0
3	140000001	1.29775	1.48117	3	0	0
3	140500001	1.43184	1.48117	3	0	0
3	141000001	1.50711	1.48117	3	0	0
3	141500001	1.55879	1.48117	3	0	0
3	142000001	1.55789	1.48117	3	0	0
3	142500001	1.49295	1.48117	3	0	0
3	143000001	1.44247	1.48117	3	0	0
3	143500001	1.3152	1.48117	3	0	0
3	144000001	1.43672	1.48117	3	0	0
3	144500001	1.44206	1.48117	3	0	0
3	145000001	1.3993	1.48117	3	0	0
3	145500001	1.36194	1.48117	3	0	0
3	146000001	1.45119	1.48117	3	0	0
3	146500001	1.49339	1.48117	3	0	0
3	147000001	1.30171	1.48117	3	0	0
3	147500001	1.36519	1.48117	3	0	0
3	148000001	1.40777	1.48117	3	0	0
3	148500001	1.42464	1.48117	3	0	0
3	149000001	1.67645	1.48117	3	0	0
3	149500001	1.63233	1.48117	3	0	0
3	150000001	1.69652	1.48117	3	0	0
3	150500001	1.53119	1.48117	3	0	0
3	151000001	1.48423	1.48117	3	0	0
3	151500001	1.66219	1.48117	3	0	0
3	152000001	1.71869	1.48117	3	0	0
3	152500001	1.61628	1.48117	3	0	0
3	153000001	1.53186	1.48117	3	0	0
3	153500001	1.49516	1.48117	3	0	0
3	154000001	1.37768	1.48117	3	0	0
3	154500001	1.35773	1.48117	3	0	0
3	155000001	1.30134	1.48117	3	0	0
3	155500001	1.34824	1.48117	3	0	0
3	156000001	1.42068	1.48117	3	0	0
3	156500001	1.46823	1.48117	3	0	0
3	157000001	1.43312	1.48117	3	0	0
3	157500001	1.43027	1.48117	3	0	0
3	158000001	1.41607	1.48117	3	0	0
3	158500001	1.32804	1.48117	3	0	0
3	159000001	1.38957	1.48117	3	0	0
3	159500001	1.55518	1.48117	3	0	0
3	160000001	1.48594	1.48117	3	0	0
3	160500001	1.558	1.48117	3	0	0
3	161000001	1.55838	1.48117	3	0	0
3	161500001	1.45251	1.48117	3	0	0
3	162000001	1.47203	1.48117	3	0	0
3	162500001	1.29421	1.48117	3	0	0
3	163000001	1.44861	1.48117	3	0	0
3	163500001	1.48891	1.48117	3	0	0
3	164000001	1.4779	1.48117	3	0	0
3	164500001	1.50933	1.48117	3	0	0
3	165000001	1.5583	1.48117	3	0	0
3	165500001	1.459	1.48117	3	0	0
3	166000001	1.57267	1.48117	3	0	0
3	166500001	1.43966	1.48117	3	0	0
3	167000001	1.33688	1.48117	3	0	0
3	167500001	1.37188	1.48117	3	0	0
3	168000001	1.44537	1.48117	3	0	0
3	168500001	1.54384	1.48117	3	0	0
3	169000001	1.55264	1.48117	3	0	0
3	169500001	1.43188	1.48117	3	0	0
3	170000001	1.49503	1.48117	3	0	0
3	170500001	1.62233	1.48117	3	0	0
3	171000001	1.56334	1.48117	3	0	0
3	171500001	1.601	1.48117	3	0	0
3	172000001	1.50555	1.48117	3	0	0
3	172500001	1.53373	1.48117	3	0	0
3	173000001	1.50272	1.48117	3	0	0
3	173500001	1.49559	1.48117	3	0	0
3	174000001	1.42323	1.48117	3	0	0
3	174500001	1.55898	1.48117	3	0	0
3	175000001	1.54123	1.48117	3	0	0
3	175500001	1.51424	1.48117	3	0	0
3	176000001	1.42957	1.48117	3	0	0
3	176500001	1.47996	1.48117	3	0	0
3	177000001	1.48689	1.48117	3	0	0
3	177500001	1.58315	1.48117	3	0	0
3	178000001	1.5173	1.48117	3	0	0
3	178500001	1.38506	1.48117	3	0	0
3	179000001	1.68999	1.48117	3	0	0
3	179500001	1.75871	1.98465	4	0	0
3	180000001	1.98465	1.98465	4	0	0
3	180500001	1.85248	1.98465	4	0	0
3	181000001	1.86295	1.98465	4	0	0
3	181500001	1.84431	1.98465	4	0	0
3	182000001	1.99972	1.98465	4	0	0
3	182500001	2.0499	1.98465	4	0	0
3	183000001	2.0152	1.98465	4	0	0
3	183500001	1.99262	1.98465	4	0	0
3	184000001	1.92735	1.98465	4	0	0
3	184500001	1.95004	1.98465	4	0	0
3	185000001	1.99008	1.98465	4	0	0
3	185500001	2.03193	1.98465	4	0	0
3	186000001	2.00683	1.98465	4	0	0
3	186500001	1.94718	1.98465	4	0	0
3	187000001	2.57991	3.06046	6	0	0
3	187500001	3.18173	3.06046	6	0	0
3	188000001	3.06046	3.06046	6	0	0
3	188500001	2.48495	2.22989	4	0	0
3	189000001	2.19967	2.22989	4	0	0
3	189500001	2.24465	2.22989	4	0	0
3	190000001	2.21512	2.22989	4	0	0
3	190500001	2.03074	1.988	4	0	0
3	191000001	1.93101	1.988	4	0	0
3	191500001	1.9853	1.988	4	0	0
3	192000001	1.73451	1.988	4	0	0
3	192500001	1.81215	1.988	4	0	0
3	193000001	1.95476	1.988	4	0	0
3	193500001	2.12853	1.988	4	0	0
3	194000001	2.02905	1.988	4	0	0
3	194500001	2.02274	1.988	4	0	0
3	195000001	1.95354	1.988	4	0	0
3	195500001	2.14151	1.988	4	0	0
3	196000001	1.988	1.988	4	0	0
3	196500001	1.95201	1.988	4	0	0
3	197000001	2.50144	1.988	4	0	0
3	197500001	2.11793	1.988	4	0	0
3	198000001	-1	-1	-1	0	0
4	1	0.64327	0.494265	1	0	0
4	500001	0.47718	0.494265	1	0	0
4	1000001	0.50864	0.494265	1	0	0
4	1500001	0.536735	0.494265	1	0	0
4	2000001	0.515488	0.494265	1	0	0
4	2500001	0.534081	0.494265	1	0	0
4	3000001	0.484956	0.494265	1	0	0
4	3500001	0.473627	0.494265	1	0	0
4	4000001	0.49	0.494265	1	0	0
4	4500001	0.492858	0.494265	1	0	0
4	5000001	0.477164	0.494265	1	0	0
4	5500001	0.48661	0.494265	1	0	0
4	6000001	0.504252	0.494265	1	0	0
4	6500001	0.515337	0.494265	1	0	0
4	7000001	0.487282	0.494265	1	0	0
4	7500001	0.484008	0.494265	1	0	0
4	8000001	0.53642	0.494265	1	0	0
4	8500001	0.501527	0.494265	1	0	0
4	9000001	0.636776	0.494265	1	0	0
4	9500001	0.441376	0.494265	1	0	0
4	10000001	0.478508	0.494265	1	0	0
4	10500001	0.487765	0.494265	1	0	0
4	11000001	0.553956	0.494265	1	0	0
4	11500001	0.5604	0.494265	1	0	0
4	12000001	0.494265	0.494265	1	0	0
4	12500001	0.477705	0.494265	1	0	0
4	13000001	0.736247	0.494265	1	0	0
4	13500001	0.963629	0.992374	2	0	0
4	14000001	0.925113	0.992374	2	0	0
4	14500001	0.947106	0.992374	2	0	0
4	15000001	0.984675	0.992374	2	0	0
4	15500001	1.05292	0.992374	2	0	0
4	16000001	1.03061	0.992374	2	0	0
4	16500001	0.90672	0.992374	2	0	0
4	17000001	0.896316	0.992374	2	0	0
4	17500001	0.932268	0.992374	2	0	0
4	18000001	0.932503	0.992374	2	0	0
4	18500001	0.963371	0.992374	2	0	0
4	19000001	0.937505	0.992374	2	0	0
4	19500001	0.915796	0.992374	2	0	0
4	20000001	0.949109	0.992374	2	0	0
4	20500001	1.17255	0.992374	2	0	0
4	21000001	0.993411	0.992374	2	0	0
4	21500001	1.0294	0.992374	2	0	0
4	22000001	1.01578	0.992374	2	0	0
4	22500001	0.97608	0.992374	2	0	0
4	23000001	0.966407	0.992374	2	0	0
4	23500001	0.911835	0.992374	2	0	0
4	24000001	0.953973	0.992374	2	0	0
4	24500001	1.05145	0.992374	2	0	0
4	25000001	0.979081	0.992374	2	0	0
4	25500001	0.957548	0.992374	2	0	0
4	26000001	0.993044	0.992374	2	0	0
4	26500001	1.05407	0.992374	2	0	0
4	27000001	0.952656	0.992374	2	0	0
4	27500001	1.04235	0.992374	2	0	0
4	28000001	1.07792	0.992374	2	0	0
4	28500001	1.03823	0.992374	2	0	0
4	29000001	1.05621	0.992374	2	0	0
4	29500001	1.00118	0.992374	2	0	0
4	30000001	0.98398	0.992374	2	0	0
4	30500001	0.981374	0.992374	2	0	0
4	31000001	1.06895	0.992374	2	0	0
4	31500001	1.07694	0.992374	2	0	0
4	32000001	1.01238	0.992374	2	0	0
4	32500001	0.958625	0.992374	2	0	0
4	33000001	0.932793	0.992374	2	0	0
4	33500001	1.01525	0.992374	2	0	0
4	34000001	0.956392	0.992374	2	0	0
4	34500001	0.952861	0.992374	2	0	0
4	35000001	0.967314	0.992374	2	0	0
4	35500001	0.992835	0.992374	2	0	0
4	36000001	1.02248	0.992374	2	0	0
4	36500001	0.962373	0.992374	2	0	0
4	37000001	0.969188	0.992374	2	0	0
4	37500001	1.00173	0.992374	2	0	0
4	38000001	1.04413	0.992374	2	0	0
4	38500001	1.04732	0.992374	2	0	0
4	39000001	1.09665	0.992374	2	0	0
4	39500001	1.02441	0.992374	2	0	0
4	40000001	1.02582	0.992374	2	0	0
4	40500001	1.04526	0.992374	2	0	0
4	41000001	1.04747	0.992374	2	0	0
4	41500001	1.04258	0.992374	2	0	0
4	42000001	0.924399	0.992374	2	0	0
4	42500001	0.979614	0.992374	2	0	0
4	43000001	1.02135	0.992374	2	0	0
4	43500001	1.05495	0.992374	2	0	0
4	44000001	1.0165	0.992374	2	0	0
4	44500001	0.998867	0.992374	2	0	0
4	45000001	0.944075	0.992374	2	0	0
4	45500001	0.921282	0.992374	2	0	0
4	46000001	0.949287	0.992374	2	0	0
4	46500001	0.946167	0.992374	2	0	0
4	47000001	0.992374	0.992374	2	0	0
4	47500001	0.970871	0.992374	2	0	0
4	48000001	1.09764	0.992374	2	0	0
4	48500001	1.09505	0.992374	2	0	0
4	49000001	-1	-1	-1	0	0
4	49500001	2.50715	2.50715	5	0	0
4	50000001	2.05294	1.8725	4	0	0
4	50500001	1.69207	1.8725	4	0	0
4	51000001	1.29536	1.29536	3	0	0
4	51500001	1.09512	1.01731	2	0	0
4	52000001	0.933904	1.01731	2	0	0
4	52500001	1.00056	1.01731	2	0	0
4	53000001	1.00664	1.01731	2	0	0
4	53500001	1.02415	1.01731	2	0	0
4	54000001	0.988124	1.01731	2	0	0
4	54500001	1.04336	1.01731	2	0	0
4	55000001	1.03546	1.01731	2	0	0
4	55500001	1.10661	1.01731	2	0	0
4	56000001	0.993004	1.01731	2	0	0
4	56500001	0.958976	1.01731	2	0	0
4	57000001	0.994551	1.01731	2	0	0
4	57500001	0.934492	1.01731	2	0	0
4	58000001	0.92317	1.01731	2	0	0
4	58500001	1.00316	1.01731	2	0	0
4	59000001	1.02097	1.01731	2	0	0
4	59500001	0.980844	1.01731	2	0	0
4	60000001	0.927632	1.01731	2	0	0
4	60500001	1.0176	1.01731	2	0	0
4	61000001	1.05033	1.01731	2	0	0
4	61500001	0.962893	1.01731	2	0	0
4	62000001	0.897223	1.01731	2	0	0
4	62500001	0.979636	1.01731	2	0	0
4	63000001	0.939282	1.01731	2	0	0
4	63500001	0.970095	1.01731	2	0	0
4	64000001	0.923339	1.01731	2	0	0
4	64500001	0.92462	1.01731	2	0	0
4	65000001	0.969802	1.01731	2	0	0
4	65500001	0.970383	1.01731	2	0	0
4	66000001	1.00756	1.01731	2	0	0
4	66500001	1.02298	1.01731	2	0	0
4	67000001	0.957628	1.01731	2	0	0
4	67500001	1.03504	1.01731	2	0	0
4	68000001	1.03919	1.01731	2	0	0
4	68500001	1.07705	1.01731	2	0	0
4	69000001	0.856315	1.01731	2	0	0
4	69500001	1.06797	1.01731	2	0	0
4	70000001	1.05349	1.01731	2	0	0
4	70500001	0.925847	1.01731	2	0	0
4	71000001	1.01709	1.01731	2	0	0
4	71500001	0.938935	1.01731	2	0	0
4	72000001	0.96108	1.01731	2	0	0
4	72500001	0.974997	1.01731	2	0	0
4	73000001	0.997404	1.01731	2	0	0
4	73500001	1.09601	1.01731	2	0	0
4	74000001	1.12626	1.01731	2	0	0
4	74500001	1.10549	1.01731	2	0	0
4	75000001	1.00917	1.01731	2	0	0
4	75500001	1.0181	1.01731	2	0	0
4	76000001	1.05918	1.01731	2	0	0
4	76500001	1.0676	1.01731	2	0	0
4	77000001	1.07359	1.01731	2	0	0
4	77500001	1.01115	1.01731	2	0	0
4	78000001	0.904498	1.01731	2	0	0
4	78500001	1.04464	1.01731	2	0	0
4	79000001	0.949113	1.01731	2	0	0
4	79500001	1.06077	1.01731	2	0	0
4	80000001	1.04383	1.01731	2	0	0
4	80500001	1.06956	1.01731	2	0	0
4	81000001	1.03836	1.01731	2	0	0
4	81500001	0.942827	1.01731	2	0	0
4	82000001	1.08387	1.01731	2	0	0
4	82500001	1.05757	1.01731	2	0	0
4	83000001	1.01165	1.01731	2	0	0
4	83500001	1.11926	1.01731	2	0	0
4	84000001	1.06124	1.01731	2	0	0
4	84500001	1.00819	1.01731	2	0	0
4	85000001	1.01731	1.01731	2	0	0
4	85500001	1.02427	1.01731	2	0	0
4	86000001	1.05749	1.01731	2	0	0
4	86500001	0.883165	1.01731	2	0	0
4	87000001	1.0277	1.01731	2	0	0
4	87500001	1.02599	1.01731	2	0	0
4	88000001	1.02421	1.01731	2	0	0
4	88500001	1.04349	1.01731	2	0	0
4	89000001	1.04906	1.01731	2	0	0
4	89500001	1.04076	1.01731	2	0	0
4	90000001	1.07644	1.01731	2	0	0
4	90500001	0.873873	1.01731	2	0	0
4	91000001	0.535481	0.512279	1	0	0
4	91500001	0.564734	0.512279	1	0	0
4	92000001	0.491127	0.512279	1	0	0
4	92500001	0.570923	0.512279	1	0	0
4	93000001	0.5382	0.512279	1	0	0
4	93500001	0.537002	0.512279	1	0	0
4	94000001	0.554561	0.512279	1	0	0
4	94500001	0.531772	0.512279	1	0	0
4	95000001	0.495238	0.512279	1	0	0
4	95500001	0.541519	0.512279	1	0	0
4	96000001	0.552903	0.512279	1	0	0
4	96500001	0.534335	0.512279	1	0	0
4	97000001	0.524431	0.512279	1	0	0
4	97500001	0.528769	0.512279	1	0	0
4	98000001	0.52823	0.512279	1	0	0
4	98500001	0.544339	0.512279	1	0	0
4	99000001	0.51272	0.512279	1	0	0
4	99500001	0.498594	0.512279	1	0	0
4	100000001	0.522668	0.512279	1	0	0
4	100500001	0.504669	0.512279	1	0	0
4	101000001	0.605275	0.512279	1	0	0
4	101500001	0.558135	0.512279	1	0	0
4	102000001	0.506304	0.512279	1	0	0
4	102500001	0.518379	0.512279	1	0	0
4	103000001	0.542091	0.512279	1	0	0
4	103500001	0.536521	0.512279	1	0	0
4	104000001	0.477263	0.512279	1	0	0
4	104500001	0.495663	0.512279	1	0	0
4	105000001	0.504405	0.512279	1	0	0
4	105500001	0.521096	0.512279	1	0	0
4	106000001	0.535127	0.512279	1	0	0
4	106500001	0.571376	0.512279	1	0	0
4	107000001	0.530483	0.512279	1	0	0
4	107500001	0.527061	0.512279	1	0	0
4	108000001	0.473785	0.512279	1	0	0
4	108500001	0.508275	0.512279	1	0	0
4	109000001	0.460832	0.512279	1	0	0
4	109500001	0.487876	0.512279	1	0	0
4	110000001	0.457117	0.512279	1	0	0
4	110500001	0.450438	0.512279	1	0	0
4	111000001	0.486025	0.512279	1	0	0
4	111500001	0.490611	0.512279	1	0	0
4	112000001	0.523973	0.512279	1	0	0
4	112500001	0.468114	0.512279	1	0	0
4	113000001	0.526568	0.512279	1	0	0
4	113500001	0.529749	0.512279	1	0	0
4	114000001	0.557319	0.512279	1	0	0
4	114500001	0.469958	0.512279	1	0	0
4	115000001	0.513565	0.512279	1	0	0
4	115500001	0.489916	0.512279	1	0	0
4	116000001	0.515642	0.512279	1	0	0
4	116500001	0.50776	0.512279	1	0	0
4	117000001	0.497635	0.512279	1	0	0
4	117500001	0.451919	0.512279	1	0	0
4	118000001	0.519696	0.512279	1	0	0
4	118500001	0.506259	0.512279	1	0	0
4	119000001	0.526953	0.512279	1	0	0
4	119500001	0.526121	0.512279	1	0	0
4	120000001	0.509829	0.512279	1	0	0
4	120500001	0.465742	0.512279	1	0	0
4	121000001	0.49999	0.512279	1	0	0
4	121500001	0.524691	0.512279	1	0	0
4	122000001	0.487559	0.512279	1	0	0
4	122500001	0.507853	0.512279	1	0	0
4	123000001	0.502165	0.512279	1	0	0
4	123500001	0.513975	0.512279	1	0	0
4	124000001	0.518075	0.512279	1	0	0
4	124500001	0.503405	0.512279	1	0	0
4	125000001	0.594173	0.512279	1	0	0
4	125500001	0.512004	0.512279	1	0	0
4	126000001	0.449208	0.512279	1	0	0
4	126500001	0.51236	0.512279	1	0	0
4	127000001	0.489835	0.512279	1	0	0
4	127500001	0.491197	0.512279	1	0	0
4	128000001	0.493242	0.512279	1	0	0
4	128500001	0.497413	0.512279	1	0	0
4	129000001	0.51643	0.512279	1	0	0
4	129500001	0.471515	0.512279	1	0	0
4	130000001	0.442834	0.512279	1	0	0
4	130500001	0.466287	0.512279	1	0	0
4	131000001	0.507399	0.512279	1	0	0
4	131500001	0.499349	0.512279	1	0	0
4	132000001	0.506417	0.512279	1	0	0
4	132500001	0.539265	0.512279	1	0	0
4	133000001	0.502626	0.512279	1	0	0
4	133500001	0.486284	0.512279	1	0	0
4	134000001	0.49863	0.512279	1	0	0
4	134500001	0.504814	0.512279	1	0	0
4	135000001	0.526163	0.512279	1	0	0
4	135500001	0.505998	0.512279	1	0	0
4	136000001	0.507451	0.512279	1	0	0
4	136500001	0.52081	0.512279	1	0	0
4	137000001	0.514271	0.512279	1	0	0
4	137500001	0.54076	0.512279	1	0	0
4	138000001	0.557185	0.512279	1	0	0
4	138500001	0.519742	0.512279	1	0	0
4	139000001	0.535254	0.512279	1	0	0
4	139500001	0.520749	0.512279	1	0	0
4	140000001	0.500512	0.512279	1	0	0
4	140500001	0.481695	0.512279	1	0	0
4	141000001	0.517736	0.512279	1	0	0
4	141500001	0.544439	0.512279	1	0	0
4	142000001	0.550277	0.512279	1	0	0
4	142500001	0.53392	0.512279	1	0	0
4	143000001	0.577422	0.512279	1	0	0
4	143500001	0.542174	0.512279	1	0	0
4	144000001	0.642179	0.512279	1	0	0
4	144500001	0.552791	0.512279	1	0	0
4	145000001	0.476536	0.512279	1	0	0
4	145500001	0.496777	0.512279	1	0	0
4	146000001	0.487729	0.512279	1	0	0
4	146500001	0.473046	0.512279	1	0	0
4	147000001	0.514616	0.512279	1	0	0
4	147500001	0.54178	0.512279	1	0	0
4	148000001	0.455689	0.512279	1	0	0
4	148500001	0.508687	0.512279	1	0	0
4	149000001	0.511226	0.512279	1	0	0
4	149500001	0.570192	0.512279	1	0	0
4	150000001	0.519663	0.512279	1	0	0
4	150500001	0.502918	0.512279	1	0	0
4	151000001	0.516922	0.512279	1	0	0
4	151500001	0.505874	0.512279	1	0	0
4	152000001	0.540985	0.512279	1	0	0
4	152500001	0.533378	0.512279	1	0	0
4	153000001	0.528098	0.512279	1	0	0
4	153500001	0.511877	0.512279	1	0	0
4	154000001	0.480108	0.512279	1	0	0
4	154500001	0.528597	0.512279	1	0	0
4	155000001	0.493661	0.512279	1	0	0
4	155500001	0.473273	0.512279	1	0	0
4	156000001	0.507705	0.512279	1	0	0
4	156500001	0.561283	0.512279	1	0	0
4	157000001	0.546302	0.512279	1	0	0
4	157500001	0.530891	0.512279	1	0	0
4	158000001	0.555471	0.512279	1	0	0
4	158500001	0.545821	0.512279	1	0	0
4	159000001	0.536078	0.512279	1	0	0
4	159500001	0.492407	0.512279	1	0	0
4	160000001	0.486277	0.512279	1	0	0
4	160500001	0.485263	0.512279	1	0	0
4	161000001	0.533062	0.512279	1	0	0
4	161500001	0.5522	0.512279	1	0	0
4	162000001	0.493409	0.512279	1	0	0
4	162500001	0.45496	0.512279	1	0	0
4	163000001	0.479329	0.512279	1	0	0
4	163500001	0.512091	0.512279	1	0	0
4	164000001	0.572963	0.512279	1	0	0
4	164500001	0.514079	0.512279	1	0	0
4	165000001	0.479975	0.512279	1	0	0
4	165500001	0.504874	0.512279	1	0	0
4	166000001	0.540349	0.512279	1	0	0
4	166500001	0.515159	0.512279	1	0	0
4	167000001	0.528638	0.512279	1	0	0
4	167500001	0.612168	0.512279	1	0	0
4	168000001	0.611043	0.512279	1	0	0
4	168500001	0.583092	0.512279	1	0	0
4	169000001	0.569266	0.512279	1	0	0
4	169500001	0.553781	0.512279	1	0	0
4	170000001	0.504552	0.512279	1	0	0
4	170500001	0.441217	0.512279	1	0	0
4	171000001	0.457021	0.512279	1	0	0
4	171500001	0.458246	0.512279	1	0	0
4	172000001	0.502946	0.512279	1	0	0
4	172500001	0.515924	0.512279	1	0	0
4	173000001	0.514662	0.512279	1	0	0
4	173500001	0.48432	0.512279	1	0	0
4	174000001	0.555024	0.512279	1	0	0
4	174500001	0.473728	0.512279	1	0	0
4	175000001	0.469391	0.512279	1	0	0
4	175500001	0.482436	0.512279	1	0	0
4	176000001	0.528417	0.512279	1	0	0
4	176500001	0.574024	0.512279	1	0	0
4	177000001	0.531112	0.512279	1	0	0
4	177500001	0.534979	0.512279	1	0	0
4	178000001	0.477511	0.512279	1	0	0
4	178500001	0.528856	0.512279	1	0	0
4	179000001	0.467366	0.512279	1	0	0
4	179500001	0.488244	0.512279	1	0	0
4	180000001	0.517048	0.512279	1	0	0
4	180500001	0.506767	0.512279	1	0	0
4	181000001	0.446938	0.512279	1	0	0
4	181500001	0.440323	0.512279	1	0	0
4	182000001	0.428379	0.512279	1	0	0
4	182500001	0.483136	0.512279	1	0	0
4	183000001	0.512197	0.512279	1	0	0
4	183500001	0.480806	0.512279	1	0	0
4	184000001	0.519581	0.512279	1	0	0
4	184500001	0.511396	0.512279	1	0	0
4	185000001	0.487321	0.512279	1	0	0
4	185500001	0.504682	0.512279	1	0	0
4	186000001	0.473852	0.512279	1	0	0
4	186500001	0.519832	0.512279	1	0	0
4	187000001	0.567024	0.512279	1	0	0
4	187500001	0.524282	0.512279	1	0	0
4	188000001	0.507371	0.512279	1	0	0
4	188500001	0.533382	0.512279	1	0	0
4	189000001	0.503743	0.512279	1	0	0
4	189500001	0.452922	0.512279	1	0	0
4	190000001	-1	-1	-1	0	0
5	1	2.04864	1.82255	4	0	0
5	500001	2.62957	1.82255	4	0	0
5	1000001	1.8702	1.82255	4	0	0
5	1500001	1.82564	1.82255	4	0	0
5	2000001	1.73752	1.82255	4	0	0
5	2500001	1.71364	1.82255	4	0	0
5	3000001	1.61868	1.82255	4	0	0
5	3500001	1.66841	1.82255	4	0	0
5	4000001	1.71331	1.82255	4	0	0
5	4500001	1.82748	1.82255	4	0	0
5	5000001	1.91572	1.82255	4	0	0
5	5500001	1.81946	1.82255	4	0	0
5	6000001	1.65222	1.82255	4	0	0
5	6500001	1.73863	1.82255	4	0	0
5	7000001	1.71644	1.82255	4	0	0
5	7500001	1.75209	1.82255	4	0	0
5	8000001	1.741	1.82255	4	0	0
5	8500001	1.85624	1.82255	4	0	0
5	9000001	1.99468	1.82255	4	0	0
5	9500001	2.10542	1.82255	4	0	0
5	10000001	2.10883	1.82255	4	0	0
5	10500001	2.04331	1.82255	4	0	0
5	11000001	1.8182	1.82255	4	0	0
5	11500001	1.84171	1.82255	4	0	0
5	12000001	1.95727	1.82255	4	0	0
5	12500001	1.81461	1.82255	4	0	0
5	13000001	2.43313	2.61353	5	0	0
5	13500001	2.66146	2.61353	5	0	0
5	14000001	2.64513	2.61353	5	0	0
5	14500001	2.61868	2.61353	5	0	0
5	15000001	2.59801	2.61353	5	0	0
5	15500001	2.25401	2.61353	5	0	0
5	16000001	2.47747	2.61353	5	0	0
5	16500001	2.50208	2.61353	5	0	0
5	17000001	2.57684	2.61353	5	0	0
5	17500001	3.23988	2.61353	5	0	0
5	18000001	2.43151	2.61353	5	0	0
5	18500001	2.60694	2.61353	5	0	0
5	19000001	2.6961	2.61353	5	0	0
5	19500001	2.72433	2.61353	5	0	0
5	20000001	2.76366	2.61353	5	0	0
5	20500001	2.68533	2.61353	5	0	0
5	21000001	3.16972	2.61353	5	0	0
5	21500001	2.60838	2.61353	5	0	0
5	22000001	2.28758	2.31501	5	0	0
5	22500001	2.23322	2.31501	5	0	0
5	23000001	2.2231	2.31501	5	0	0
5	23500001	2.31199	2.31501	5	0	0
5	24000001	2.34038	2.31501	5	0	0
5	24500001	2.46113	2.31501	5	0	0
5	25000001	2.31802	2.31501	5	0	0
5	25500001	2.32508	2.31501	5	0	0
5	26000001	1.88142	1.96342	4	0	0
5	26500001	2.11348	1.96342	4	0	0
5	27000001	2.08062	1.96342	4	0	0
5	27500001	2.20073	1.96342	4	0	0
5	28000001	2.17507	1.96342	4	0	0
5	28500001	2.01941	1.96342	4	0	0
5	29000001	1.96515	1.96342	4	0	0
5	29500001	2.00388	1.96342	4	0	0
5	30000001	1.95392	1.96342	4	0	0
5	30500001	2.01037	1.96342	4	0	0
5	31000001	2.09085	1.96342	4	0	0
5	31500001	1.88352	1.96342	4	0	0
5	32000001	1.95237	1.96342	4	0	0
5	32500001	1.84843	1.96342	4	0	0
5	33000001	1.85576	1.96342	4	0	0
5	33500001	1.86031	1.96342	4	0	0
5	34000001	2.48974	1.96342	4	0	0
5	34500001	1.9653	1.96342	4	0	0
5	35000001	1.79492	1.96342	4	0	0
5	35500001	1.90234	1.96342	4	0	0
5	36000001	2.05306	1.96342	4	0	0
5	36500001	2.04676	1.96342	4	0	0
5	37000001	1.95503	1.96342	4	0	0
5	37500001	1.94895	1.96342	4	0	0
5	38000001	1.86128	1.96342	4	0	0
5	38500001	2.053	1.96342	4	0	0
5	39000001	2.18032	1.96342	4	0	0
5	39500001	2.11619	1.96342	4	0	0
5	40000001	2.20636	1.96342	4	0	0
5	40500001	2.08715	1.96342	4	0	0
5	41000001	2.16009	1.96342	4	0	0
5	41500001	1.97007	1.96342	4	0	0
5	42000001	1.87969	1.96342	4	0	0
5	42500001	2.00739	1.96342	4	0	0
5	43000001	2.00014	1.96342	4	0	0
5	43500001	1.94177	1.96342	4	0	0
5	44000001	1.94435	1.96342	4	0	0
5	44500001	1.7463	1.96342	4	0	0
5	45000001	1.7757	1.96342	4	0	0
5	45500001	1.82416	1.96342	4	0	0
5	46000001	1.49431	1.96342	4	0	0
5	46500001	1.44716	1.96342	4	0	0
5	47000001	1.58316	1.96342	4	0	0
5	47500001	1.79955	1.96342	4	0	0
5	48000001	2.09459	1.96342	4	0	0
5	48500001	1.96169	1.96342	4	0	0
5	49000001	3.32417	6.47812	13	0	0
5	49500001	9.63207	6.47812	13	0	0
5	50000001	1.63536	1.00472	2	0	0
5	50500001	1.03733	1.00472	2	0	0
5	51000001	1.02543	1.00472	2	0	0
5	51500001	1.11231	1.00472	2	0	0
5	52000001	1.01244	1.00472	2	0	0
5	52500001	1.06903	1.00472	2	0	0
5	53000001	1.13326	1.00472	2	0	0
5	53500001	1.08806	1.00472	2	0	0
5	54000001	1.01718	1.00472	2	0	0
5	54500001	1.0273	1.00472	2	0	0
5	55000001	1.08219	1.00472	2	0	0
5	55500001	1.06708	1.00472	2	0	0
5	56000001	1.03161	1.00472	2	0	0
5	56500001	1.01601	1.00472	2	0	0
5	57000001	1.06427	1.00472	2	0	0
5	57500001	1.16972	1.00472	2	0	0
5	58000001	1.12337	1.00472	2	0	0
5	58500001	1.01724	1.00472	2	0	0
5	59000001	0.985461	1.00472	2	0	0
5	59500001	0.884414	1.00472	2	0	0
5	60000001	0.435357	1.00472	2	0	0
5	60500001	0.564885	1.00472	2	0	0
5	61000001	1.02652	1.00472	2	0	0
5	61500001	0.974258	1.00472	2	0	0
5	62000001	1.00472	1.00472	2	0	0
5	62500001	0.943493	1.00472	2	0	0
5	63000001	0.939216	1.00472	2	0	0
5	63500001	0.941515	1.00472	2	0	0
5	64000001	0.956505	1.00472	2	0	0
5	64500001	1.04939	1.00472	2	0	0
5	65000001	1.10452	1.00472	2	0	0
5	65500001	1.10316	1.00472	2	0	0
5	66000001	1.05664	1.00472	2	0	0
5	66500001	1.01199	1.00472	2	0	0
5	67000001	0.987925	1.00472	2	0	0
5	67500001	0.96849	1.00472	2	0	0
5	68000001	0.938538	1.00472	2	0	0
5	68500001	0.969263	1.00472	2	0	0
5	69000001	0.970335	1.00472	2	0	0
5	69500001	1.35865	1.00472	2	0	0
5	70000001	1.27206	1.00472	2	0	0
5	70500001	1.34468	1.00472	2	0	0
5	71000001	1.26069	1.00472	2	0	0
5	71500001	1.0044	1.00472	2	0	0
5	72000001	1.03421	1.00472	2	0	0
5	72500001	1.10756	1.00472	2	0	0
5	73000001	1.09341	1.00472	2	0	0
5	73500001	1.12054	1.00472	2	0	0
5	74000001	1.14881	1.00472	2	0	0
5	74500001	1.07332	1.00472	2	0	0
5	75000001	1.07701	1.00472	2	0	0
5	75500001	1.05424	1.00472	2	0	0
5	76000001	0.959552	1.00472	2	0	0
5	76500001	0.973068	1.00472	2	0	0
5	77000001	0.986394	1.00472	2	0	0
5	77500001	0.974151	1.00472	2	0	0
5	78000001	1.0494	1.00472	2	0	0
5	78500001	1.04176	1.00472	2	0	0
5	79000001	1.05106	1.00472	2	0	0
5	79500001	0.963058	1.00472	2	0	0
5	80000001	0.942655	1.00472	2	0	0
5	80500001	0.950784	1.00472	2	0	0
5	81000001	1.00073	1.00472	2	0	0
5	81500001	0.983384	1.00472	2	0	0
5	82000001	1.02518	1.00472	2	0	0
5	82500001	1.03587	1.00472	2	0	0
5	83000001	1.02328	1.00472	2	0	0
5	83500001	1.03027	1.00472	2	0	0
5	84000001	1.00087	1.00472	2	0	0
5	84500001	1.03096	1.00472	2	0	0
5	85000001	0.9959	1.00472	2	0	0
5	85500001	0.951389	1.00472	2	0	0
5	86000001	0.94523	1.00472	2	0	0
5	86500001	1.01699	1.00472	2	0	0
5	87000001	1.07102	1.00472	2	0	0
5	87500001	1.04439	1.00472	2	0	0
5	88000001	0.928026	1.00472	2	0	0
5	88500001	0.982042	1.00472	2	0	0
5	89000001	1.01572	1.00472	2	0	0
5	89500001	1.01692	1.00472	2	0	0
5	90000001	0.962017	1.00472	2	0	0
5	90500001	1.06885	1.00472	2	0	0
5	91000001	1.0241	1.00472	2	0	0
5	91500001	1.11341	1.00472	2	0	0
5	92000001	1.06942	1.00472	2	0	0
5	92500001	1.07954	1.00472	2	0	0
5	93000001	1.17153	1.00472	2	0	0
5	93500001	1.01444	1.00472	2	0	0
5	94000001	0.981472	1.00472	2	0	0
5	94500001	0.969135	1.00472	2	0	0
5	95000001	1.05917	1.00472	2	0	0
5	95500001	1.10902	1.00472	2	0	0
5	96000001	1.18821	1.00472	2	0	0
5	96500001	1.10409	1.00472	2	0	0
5	97000001	1.05252	1.00472	2	0	0
5	97500001	0.980423	1.00472	2	0	0
5	98000001	0.919805	1.00472	2	0	0
5	98500001	0.946155	1.00472	2	0	0
5	99000001	0.936748	1.00472	2	0	0
5	99500001	0.929216	1.00472	2	0	0
5	100000001	0.908653	1.00472	2	0	0
5	100500001	0.929041	1.00472	2	0	0
5	101000001	0.937715	1.00472	2	0	0
5	101500001	0.950262	1.00472	2	0	0
5	102000001	0.954033	1.00472	2	0	0
5	102500001	1.00504	1.00472	2	0	0
5	103000001	1.01202	1.00472	2	0	0
5	103500001	1.02558	1.00472	2	0	0
5	104000001	1.07889	1.00472	2	0	0
5	104500001	1.08321	1.00472	2	0	0
5	105000001	1.11712	1.00472	2	0	0
5	105500001	1.11478	1.00472	2	0	0
5	106000001	1.09554	1.00472	2	0	0
5	106500001	1.15423	1.00472	2	0	0
5	107000001	1.5167	1.00472	2	0	0
5	107500001	1.03471	1.00472	2	0	0
5	108000001	1.04667	1.00472	2	0	0
5	108500001	1.03985	1.00472	2	0	0
5	109000001	1.00213	1.00472	2	0	0
5	109500001	0.973697	1.00472	2	0	0
5	110000001	1.01345	1.00472	2	0	0
5	110500001	1.02582	1.00472	2	0	0
5	111000001	1.00708	1.00472	2	0	0
5	111500001	0.959537	1.00472	2	0	0
5	112000001	0.958103	1.00472	2	0	0
5	112500001	1.13682	1.00472	2	0	0
5	113000001	1.12207	1.00472	2	0	0
5	113500001	1.03369	1.00472	2	0	0
5	114000001	0.978065	1.00472	2	0	0
5	114500001	0.981724	1.00472	2	0	0
5	115000001	1.11969	1.00472	2	0	0
5	115500001	1.13215	1.00472	2	0	0
5	116000001	1.08137	1.00472	2	0	0
5	116500001	0.924262	1.00472	2	0	0
5	117000001	0.905223	1.00472	2	0	0
5	117500001	0.96971	1.00472	2	0	0
5	118000001	0.980394	1.00472	2	0	0
5	118500001	0.948876	1.00472	2	0	0
5	119000001	1.01006	1.00472	2	0	0
5	119500001	1.00191	1.00472	2	0	0
5	120000001	1.13043	1.00472	2	0	0
5	120500001	1.07276	1.00472	2	0	0
5	121000001	1.03681	1.00472	2	0	0
5	121500001	0.995696	1.00472	2	0	0
5	122000001	0.972152	1.00472	2	0	0
5	122500001	0.973963	1.00472	2	0	0
5	123000001	0.918824	1.00472	2	0	0
5	123500001	1.02901	1.00472	2	0	0
5	124000001	0.958968	1.00472	2	0	0
5	124500001	1.03179	1.00472	2	0	0
5	125000001	1.05504	1.00472	2	0	0
5	125500001	1.04362	1.00472	2	0	0
5	126000001	1.0629	1.00472	2	0	0
5	126500001	0.989171	1.00472	2	0	0
5	127000001	1.00275	1.00472	2	0	0
5	127500001	1.10528	1.00472	2	0	0
5	128000001	0.999906	1.00472	2	0	0
5	128500001	0.982279	1.00472	2	0	0
5	129000001	0.925152	1.00472	2	0	0
5	129500001	0.965052	1.00472	2	0	0
5	130000001	0.997909	1.00472	2	0	0
5	130500001	1.007	1.00472	2	0	0
5	131000001	1.05399	1.00472	2	0	0
5	131500001	1.03004	1.00472	2	0	0
5	132000001	1.04745	1.00472	2	0	0
5	132500001	1.0726	1.00472	2	0	0
5	133000001	0.996639	1.00472	2	0	0
5	133500001	0.989689	1.00472	2	0	0
5	134000001	1.03552	1.00472	2	0	0
5	134500001	1.02453	1.00472	2	0	0
5	135000001	1.03243	1.00472	2	0	0
5	135500001	0.956933	1.00472	2	0	0
5	136000001	0.994396	1.00472	2	0	0
5	136500001	1.04384	1.00472	2	0	0
5	137000001	0.986477	1.00472	2	0	0
5	137500001	0.995158	1.00472	2	0	0
5	138000001	0.994218	1.00472	2	0	0
5	138500001	1.01459	1.00472	2	0	0
5	139000001	1.01276	1.00472	2	0	0
5	139500001	0.99893	1.00472	2	0	0
5	140000001	1.03064	1.00472	2	0	0
5	140500001	1.0254	1.00472	2	0	0
5	141000001	0.97644	1.00472	2	0	0
5	141500001	0.998826	1.00472	2	0	0
5	142000001	1.0268	1.00472	2	0	0
5	142500001	1.03638	1.00472	2	0	0
5	143000001	1.11211	1.00472	2	0	0
5	143500001	1.15795	1.00472	2	0	0
5	144000001	1.12831	1.00472	2	0	0
5	144500001	1.00186	1.00472	2	0	0
5	145000001	1.015	1.00472	2	0	0
5	145500001	1.05926	1.00472	2	0	0
5	146000001	1.04602	1.00472	2	0	0
5	146500001	1.02541	1.00472	2	0	0
5	147000001	0.961742	1.00472	2	0	0
5	147500001	1.01423	1.00472	2	0	0
5	148000001	1.10066	1.00472	2	0	0
5	148500001	1.07766	1.00472	2	0	0
5	149000001	1.09515	1.00472	2	0	0
5	149500001	1.09113	1.00472	2	0	0
5	150000001	1.00858	1.00472	2	0	0
5	150500001	1.05023	1.00472	2	0	0
5	151000001	1.01498	1.00472	2	0	0
5	151500001	1.07117	1.00472	2	0	0
5	152000001	0.978935	1.00472	2	0	0
5	152500001	0.955726	1.00472	2	0	0
5	153000001	0.909483	1.00472	2	0	0
5	153500001	0.961069	1.00472	2	0	0
5	154000001	0.988045	1.00472	2	0	0
5	154500001	0.925095	1.00472	2	0	0
5	155000001	0.940057	1.00472	2	0	0
5	155500001	0.91628	1.00472	2	0	0
5	156000001	0.872874	1.00472	2	0	0
5	156500001	0.862257	1.00472	2	0	0
5	157000001	0.938707	1.00472	2	0	0
5	157500001	0.965337	1.00472	2	0	0
5	158000001	0.963912	1.00472	2	0	0
5	158500001	0.940924	1.00472	2	0	0
5	159000001	0.93629	1.00472	2	0	0
5	159500001	1.02593	1.00472	2	0	0
5	160000001	0.991925	1.00472	2	0	0
5	160500001	0.928936	1.00472	2	0	0
5	161000001	0.946011	1.00472	2	0	0
5	161500001	0.930232	1.00472	2	0	0
5	162000001	0.875067	1.00472	2	0	0
5	162500001	0.880732	1.00472	2	0	0
5	163000001	0.874283	1.00472	2	0	0
5	163500001	0.940497	1.00472	2	0	0
5	164000001	0.93716	1.00472	2	0	0
5	164500001	0.937355	1.00472	2	0	0
5	165000001	0.919167	1.00472	2	0	0
5	165500001	0.873807	1.00472	2	0	0
5	166000001	0.824669	1.00472	2	0	0
5	166500001	0.862861	1.00472	2	0	0
5	167000001	0.949622	1.00472	2	0	0
5	167500001	1.02225	1.00472	2	0	0
5	168000001	1.01235	1.00472	2	0	0
5	168500001	0.927406	1.00472	2	0	0
5	169000001	0.950606	1.00472	2	0	0
5	169500001	0.984587	1.00472	2	0	0
5	170000001	0.969349	1.00472	2	0	0
5	170500001	0.928552	1.00472	2	0	0
5	171000001	1.00676	1.00472	2	0	0
5	171500001	1.01956	1.00472	2	0	0
5	172000001	1.01091	1.00472	2	0	0
5	172500001	1.0254	1.00472	2	0	0
5	173000001	0.991546	1.00472	2	0	0
5	173500001	0.986278	1.00472	2	0	0
5	174000001	0.963882	1.00472	2	0	0
5	174500001	0.9483	1.00472	2	0	0
5	175000001	0.958441	1.00472	2	0	0
5	175500001	0.957463	1.00472	2	0	0
5	176000001	0.985756	1.00472	2	0	0
5	176500001	0.998874	1.00472	2	0	0
5	177000001	0.987044	1.00472	2	0	0
5	177500001	0.99182	1.00472	2	0	0
5	178000001	0.911389	1.00472	2	0	0
5	178500001	0.898116	1.00472	2	0	0
5	179000001	0.900952	1.00472	2	0	0
5	179500001	0.965924	1.00472	2	0	0
5	180000001	0.958968	1.00472	2	0	0
5	180500001	0.977813	1.00472	2	0	0
5	181000001	0.908914	1.00472	2	0	0
5	181500001	-1	-1	-1	0	0
6	1	1.92808	2.01967	4	0	0
6	500001	2.0713	2.01967	4	0	0
6	1000001	2.12473	2.01967	4	0	0
6	1500001	2.00909	2.01967	4	0	0
6	2000001	2.13259	2.01967	4	0	0
6	2500001	2.11507	2.01967	4	0	0
6	3000001	2.07827	2.01967	4	0	0
6	3500001	2.10563	2.01967	4	0	0
6	4000001	2.12284	2.01967	4	0	0
6	4500001	1.95524	2.01967	4	0	0
6	5000001	1.92492	2.01967	4	0	0
6	5500001	1.83639	2.01967	4	0	0
6	6000001	1.99483	2.01967	4	0	0
6	6500001	2.00139	2.01967	4	0	0
6	7000001	2.04756	2.01967	4	0	0
6	7500001	2.13194	2.01967	4	0	0
6	8000001	2.00683	2.01967	4	0	0
6	8500001	1.90133	2.01967	4	0	0
6	9000001	1.9764	2.01967	4	0	0
6	9500001	2.01967	2.01967	4	0	0
6	10000001	2.04356	2.01967	4	0	0
6	10500001	2.05362	2.01967	4	0	0
6	11000001	2.01463	2.01967	4	0	0
6	11500001	2.58295	3.00992	6	0	0
6	12000001	3.22239	3.00992	6	0	0
6	12500001	3.00992	3.00992	6	0	0
6	13000001	2.11261	2.01373	4	0	0
6	13500001	2.115	2.01373	4	0	0
6	14000001	1.9925	2.01373	4	0	0
6	14500001	1.9695	2.01373	4	0	0
6	15000001	1.87555	2.01373	4	0	0
6	15500001	1.82058	2.01373	4	0	0
6	16000001	1.81808	2.01373	4	0	0
6	16500001	1.99352	2.01373	4	0	0
6	17000001	1.95078	2.01373	4	0	0
6	17500001	2.13718	2.01373	4	0	0
6	18000001	2.19448	2.01373	4	0	0
6	18500001	2.11226	2.01373	4	0	0
6	19000001	2.06556	2.01373	4	0	0
6	19500001	2.07461	2.01373	4	0	0
6	20000001	2.03394	2.01373	4	0	0
6	20500001	1.82997	2.01373	4	0	0
6	21000001	1.43281	1.48707	3	0	0
6	21500001	1.38689	1.48707	3	0	0
6	22000001	1.40174	1.48707	3	0	0
6	22500001	1.24072	1.48707	3	0	0
6	23000001	1.3738	1.48707	3	0	0
6	23500001	1.17751	1.48707	3	0	0
6	24000001	1.38035	1.48707	3	0	0
6	24500001	1.46069	1.48707	3	0	0
6	25000001	1.55359	1.48707	3	0	0
6	25500001	1.49042	1.48707	3	0	0
6	26000001	1.33546	1.48707	3	0	0
6	26500001	1.39507	1.48707	3	0	0
6	27000001	1.41009	1.48707	3	0	0
6	27500001	1.39146	1.48707	3	0	0
6	28000001	1.45712	1.48707	3	0	0
6	28500001	1.4283	1.48707	3	0	0
6	29000001	1.53513	1.48707	3	0	0
6	29500001	1.39791	1.48707	3	0	0
6	30000001	1.58531	1.48707	3	0	0
6	30500001	1.59485	1.48707	3	0	0
6	31000001	1.54796	1.48707	3	0	0
6	31500001	1.59811	1.48707	3	0	0
6	32000001	1.4884	1.48707	3	0	0
6	32500001	1.40758	1.48707	3	0	0
6	33000001	1.5004	1.48707	3	0	0
6	33500001	1.50925	1.48707	3	0	0
6	34000001	1.53722	1.48707	3	0	0
6	34500001	1.59103	1.48707	3	0	0
6	35000001	1.54102	1.48707	3	0	0
6	35500001	1.55016	1.48707	3	0	0
6	36000001	1.63592	1.48707	3	0	0
6	36500001	1.59762	1.48707	3	0	0
6	37000001	1.55716	1.48707	3	0	0
6	37500001	1.53846	1.48707	3	0	0
6	38000001	1.52924	1.48707	3	0	0
6	38500001	1.53235	1.48707	3	0	0
6	39000001	1.41727	1.48707	3	0	0
6	39500001	1.33019	1.48707	3	0	0
6	40000001	1.30115	1.48707	3	0	0
6	40500001	1.38811	1.48707	3	0	0
6	41000001	1.4525	1.48707	3	0	0
6	41500001	1.62938	1.48707	3	0	0
6	42000001	1.08142	1.48707	3	0	0
6	42500001	1.05022	1.48707	3	0	0
6	43000001	1.04648	1.48707	3	0	0
6	43500001	1.054	1.48707	3	0	0
6	44000001	1.03811	1.48707	3	0	0
6	44500001	0.976777	1.48707	3	0	0
6	45000001	1.37696	1.48707	3	0	0
6	45500001	1.52336	1.48707	3	0	0
6	46000001	1.47268	1.48707	3	0	0
6	46500001	1.5662	1.48707	3	0	0
6	47000001	1.70419	1.48707	3	0	0
6	47500001	1.61227	1.48707	3	0	0
6	48000001	1.56793	1.48707	3	0	0
6	48500001	1.70971	1.48707	3	0	0
6	49000001	1.64328	1.48707	3	0	0
6	49500001	1.50971	1.48707	3	0	0
6	50000001	1.4218	1.48707	3	0	0
6	50500001	1.38976	1.48707	3	0	0
6	51000001	1.36261	1.48707	3	0	0
6	51500001	1.41287	1.48707	3	0	0
6	52000001	1.47885	1.48707	3	0	0
6	52500001	1.48573	1.48707	3	0	0
6	53000001	1.58108	1.48707	3	0	0
6	53500001	1.69858	1.48707	3	0	0
6	54000001	1.56877	1.48707	3	0	0
6	54500001	1.48383	1.48707	3	0	0
6	55000001	1.55619	1.48707	3	0	0
6	55500001	1.72294	1.48707	3	0	0
6	56000001	1.63567	1.48707	3	0	0
6	56500001	1.62149	1.48707	3	0	0
6	57000001	1.59728	1.48707	3	0	0
6	57500001	1.46046	1.48707	3	0	0
6	58000001	1.58844	3.8582	8	0	0
6	58500001	4.00436	3.8582	8	0	0
6	59000001	3.8582	3.8582	8	0	0
6	59500001	-1	-1	-1	0	0
6	60000001	-1	-1	-1	0	0
6	60500001	1.32373	1.31793	3	0	0
6	61000001	1.31214	1.31793	3	0	0
6	61500001	1.12918	1.31793	3	0	0
6	62000001	1.49365	1.31793	3	0	0
6	62500001	1.05476	1.00367	2	0	0
6	63000001	0.94978	1.00367	2	0	0
6	63500001	0.996258	1.00367	2	0	0
6	64000001	0.994199	1.00367	2	0	0
6	64500001	0.973742	1.00367	2	0	0
6	65000001	0.952885	1.00367	2	0	0
6	65500001	1.0141	1.00367	2	0	0
6	66000001	0.999529	1.00367	2	0	0
6	66500001	1.03601	1.00367	2	0	0
6	67000001	0.999762	1.00367	2	0	0
6	67500001	0.969857	1.00367	2	0	0
6	68000001	0.961466	1.00367	2	0	0
6	68500001	0.934098	1.00367	2	0	0
6	69000001	0.935281	1.00367	2	0	0
6	69500001	0.927465	1.00367	2	0	0
6	70000001	0.965729	1.00367	2	0	0
6	70500001	0.939612	1.00367	2	0	0
6	71000001	0.983279	1.00367	2	0	0
6	71500001	0.988445	1.00367	2	0	0
6	72000001	1.01976	1.00367	2	0	0
6	72500001	1.09917	1.00367	2	0	0
6	73000001	1.03093	1.00367	2	0	0
6	73500001	1.0542	1.00367	2	0	0
6	74000001	1.11961	1.00367	2	0	0
6	74500001	1.10172	1.00367	2	0	0
6	75000001	1.05681	1.00367	2	0	0
6	75500001	1.01258	1.00367	2	0	0
6	76000001	0.951491	1.00367	2	0	0
6	76500001	0.898156	1.00367	2	0	0
6	77000001	1.01588	1.00367	2	0	0
6	77500001	0.905819	1.00367	2	0	0
6	78000001	0.92633	1.00367	2	0	0
6	78500001	0.944939	1.00367	2	0	0
6	79000001	1.08531	1.00367	2	0	0
6	79500001	0.968725	1.00367	2	0	0
6	80000001	1.03851	1.00367	2	0	0
6	80500001	1.02939	1.00367	2	0	0
6	81000001	0.961043	1.00367	2	0	0
6	81500001	1.03225	1.00367	2	0	0
6	82000001	1.11206	1.00367	2	0	0
6	82500001	0.83457	1.00367	2	0	0
6	83000001	1.03848	1.00367	2	0	0
6	83500001	1.04018	1.00367	2	0	0
6	84000001	1.10401	1.00367	2	0	0
6	84500001	1.05107	1.00367	2	0	0
6	85000001	1.1021	1.00367	2	0	0
6	85500001	1.03777	1.00367	2	0	0
6	86000001	0.971248	1.00367	2	0	0
6	86500001	0.954198	1.00367	2	0	0
6	87000001	1.06102	1.00367	2	0	0
6	87500001	1.04186	1.00367	2	0	0
6	88000001	0.986356	1.00367	2	0	0
6	88500001	0.963324	1.00367	2	0	0
6	89000001	0.95737	1.00367	2	0	0
6	89500001	0.886828	1.00367	2	0	0
6	90000001	0.936847	1.00367	2	0	0
6	90500001	0.9579	1.00367	2	0	0
6	91000001	0.952152	1.00367	2	0	0
6	91500001	0.954211	1.00367	2	0	0
6	92000001	0.948072	1.00367	2	0	0
6	92500001	0.967131	1.00367	2	0	0
6	93000001	0.953676	1.00367	2	0	0
6	93500001	0.89739	1.00367	2	0	0
6	94000001	0.966145	1.00367	2	0	0
6	94500001	0.927876	1.00367	2	0	0
6	95000001	1.00057	1.00367	2	0	0
6	95500001	1.02458	1.00367	2	0	0
6	96000001	1.06264	1.00367	2	0	0
6	96500001	0.986426	1.00367	2	0	0
6	97000001	0.94347	1.00367	2	0	0
6	97500001	0.981004	1.00367	2	0	0
6	98000001	0.985134	1.00367	2	0	0
6	98500001	0.948905	1.00367	2	0	0
6	99000001	0.977611	1.00367	2	0	0
6	99500001	0.958208	1.00367	2	0	0
6	100000001	1.08147	1.00367	2	0	0
6	100500001	1.20318	1.00367	2	0	0
6	101000001	1.09252	1.00367	2	0	0
6	101500001	1.06108	1.00367	2	0	0
6	102000001	1.04213	1.00367	2	0	0
6	102500001	1.03682	1.00367	2	0	0
6	103000001	0.98807	1.00367	2	0	0
6	103500001	0.978046	1.00367	2	0	0
6	104000001	0.989929	1.00367	2	0	0
6	104500001	1.00247	1.00367	2	0	0
6	105000001	1.02811	1.00367	2	0	0
6	105500001	1.03185	1.00367	2	0	0
6	106000001	1.0234	1.00367	2	0	0
6	106500001	1.05462	1.00367	2	0	0
6	107000001	1.0167	1.00367	2	0	0
6	107500001	1.01781	1.00367	2	0	0
6	108000001	0.991254	1.00367	2	0	0
6	108500001	1.05859	1.00367	2	0	0
6	109000001	1.01776	1.00367	2	0	0
6	109500001	1.02401	1.00367	2	0	0
6	110000001	1.02496	1.00367	2	0	0
6	110500001	1.05259	1.00367	2	0	0
6	111000001	1.05487	1.00367	2	0	0
6	111500001	0.99744	1.00367	2	0	0
6	112000001	1.07918	1.00367	2	0	0
6	112500001	1.07759	1.00367	2	0	0
6	113000001	1.15209	1.00367	2	0	0
6	113500001	1.05507	1.00367	2	0	0
6	114000001	1.03876	1.00367	2	0	0
6	114500001	0.94904	1.00367	2	0	0
6	115000001	0.9921	1.00367	2	0	0
6	115500001	0.989246	1.00367	2	0	0
6	116000001	1.00572	1.00367	2	0	0
6	116500001	1.01407	1.00367	2	0	0
6	117000001	1.01082	1.00367	2	0	0
6	117500001	0.951342	1.00367	2	0	0
6	118000001	0.969955	1.00367	2	0	0
6	118500001	0.926092	1.00367	2	0	0
6	119000001	0.947736	1.00367	2	0	0
6	119500001	1.00765	1.00367	2	0	0
6	120000001	0.917156	1.00367	2	0	0
6	120500001	0.914374	1.00367	2	0	0
6	121000001	1.02311	1.00367	2	0	0
6	121500001	1.05921	1.00367	2	0	0
6	122000001	0.984131	1.00367	2	0	0
6	122500001	0.96458	1.00367	2	0	0
6	123000001	0.962069	1.00367	2	0	0
6	123500001	0.956547	1.00367	2	0	0
6	124000001	0.949112	1.00367	2	0	0
6	124500001	1.03704	1.00367	2	0	0
6	125000001	1.30052	1.00367	2	0	0
6	125500001	1.18225	1.00367	2	0	0
6	126000001	0.996255	1.00367	2	0	0
6	126500001	0.957984	1.00367	2	0	0
6	127000001	0.967134	1.00367	2	0	0
6	127500001	1.08374	1.00367	2	0	0
6	128000001	1.10946	1.00367	2	0	0
6	128500001	1.19011	1.00367	2	0	0
6	129000001	1.65048	1.00367	2	0	0
6	129500001	1.26554	1.00367	2	0	0
6	130000001	1.02352	1.00367	2	0	0
6	130500001	0.971258	1.00367	2	0	0
6	131000001	0.89154	1.00367	2	0	0
6	131500001	0.905409	1.00367	2	0	0
6	132000001	1.00486	1.00367	2	0	0
6	132500001	0.995862	1.00367	2	0	0
6	133000001	1.03236	1.00367	2	0	0
6	133500001	1.07014	1.00367	2	0	0
6	134000001	1.03748	1.00367	2	0	0
6	134500001	1.0693	1.00367	2	0	0
6	135000001	1.04067	1.00367	2	0	0
6	135500001	0.981743	1.00367	2	0	0
6	136000001	0.977735	1.00367	2	0	0
6	136500001	1.00649	1.00367	2	0	0
6	137000001	1.09995	1.00367	2	0	0
6	137500001	1.08338	1.00367	2	0	0
6	138000001	1.08187	1.00367	2	0	0
6	138500001	1.03119	1.00367	2	0	0
6	139000001	1.07157	1.00367	2	0	0
6	139500001	1.07527	1.00367	2	0	0
6	140000001	1.09865	1.00367	2	0	0
6	140500001	1.13282	1.00367	2	0	0
6	141000001	1.07808	1.00367	2	0	0
6	141500001	1.10478	1.00367	2	0	0
6	142000001	1.10538	1.00367	2	0	0
6	142500001	1.0392	1.00367	2	0	0
6	143000001	1.05038	1.00367	2	0	0
6	143500001	1.02195	1.00367	2	0	0
6	144000001	1.00707	1.00367	2	0	0
6	144500001	1.12546	1.00367	2	0	0
6	145000001	1.04718	1.00367	2	0	0
6	145500001	1.01714	1.00367	2	0	0
6	146000001	0.974626	1.00367	2	0	0
6	146500001	1.01965	1.00367	2	0	0
6	147000001	1.02234	1.00367	2	0	0
6	147500001	1.01874	1.00367	2	0	0
6	148000001	0.980145	1.00367	2	0	0
6	148500001	1.01694	1.00367	2	0	0
6	149000001	1.08136	1.00367	2	0	0
6	149500001	0.970863	1.00367	2	0	0
6	150000001	1.03066	1.00367	2	0	0
6	150500001	0.984769	1.00367	2	0	0
6	151000001	1.05124	1.00367	2	0	0
6	151500001	1.05413	1.00367	2	0	0
6	152000001	1.03328	1.00367	2	0	0
6	152500001	1.0002	1.00367	2	0	0
6	153000001	0.986321	1.00367	2	0	0
6	153500001	0.986009	1.00367	2	0	0
6	154000001	0.98159	1.00367	2	0	0
6	154500001	1.07064	1.00367	2	0	0
6	155000001	1.0898	1.00367	2	0	0
6	155500001	0.94887	1.00367	2	0	0
6	156000001	0.968656	1.00367	2	0	0
6	156500001	0.941861	1.00367	2	0	0
6	157000001	1.03337	1.00367	2	0	0
6	157500001	1.05538	1.00367	2	0	0
6	158000001	1.02782	1.00367	2	0	0
6	158500001	1.03039	1.00367	2	0	0
6	159000001	0.988135	1.00367	2	0	0
6	159500001	0.96946	1.00367	2	0	0
6	160000001	1.0233	1.00367	2	0	0
6	160500001	1.16445	1.00367	2	0	0
6	161000001	0.999628	1.00367	2	0	0
6	161500001	0.903627	1.00367	2	0	0
6	162000001	0.882003	1.00367	2	0	0
6	162500001	0.989105	1.00367	2	0	0
6	163000001	1.01777	1.00367	2	0	0
6	163500001	0.920907	1.00367	2	0	0
6	164000001	0.907578	1.00367	2	0	0
6	164500001	0.863721	1.00367	2	0	0
6	165000001	0.876608	1.00367	2	0	0
6	165500001	0.896479	1.00367	2	0	0
6	166000001	0.905848	1.00367	2	0	0
6	166500001	0.95405	1.00367	2	0	0
6	167000001	0.918861	1.00367	2	0	0
6	167500001	0.849516	1.00367	2	0	0
6	168000001	0.875609	1.00367	2	0	0
6	168500001	0.89717	1.00367	2	0	0
6	169000001	0.905826	1.00367	2	0	0
6	169500001	0.984145	1.00367	2	0	0
6	170000001	0.988783	1.00367	2	0	0
6	170500001	-1	-1	-1	0	0
7	1	2.49868	2.41743	5	0	0
7	500001	2.4726	2.41743	5	0	0
7	1000001	2.37401	2.41743	5	0	0
7	1500001	2.41743	2.41743	5	0	0
7	2000001	2.44178	2.41743	5	0	0
7	2500001	2.51865	2.41743	5	0	0
7	3000001	2.35942	2.41743	5	0	0
7	3500001	2.33913	2.41743	5	0	0
7	4000001	2.19783	2.41743	5	0	0
7	4500001	2.26041	2.41743	5	0	0
7	5000001	2.40231	2.41743	5	0	0
7	5500001	2.51857	2.41743	5	0	0
7	6000001	2.53767	2.41743	5	0	0
7	6500001	2.41249	2.41743	5	0	0
7	7000001	2.62739	2.41743	5	0	0
7	7500001	2.55291	2.41743	5	0	0
7	8000001	2.41382	2.41743	5	0	0
7	8500001	2.368	2.41743	5	0	0
7	9000001	2.34264	2.41743	5	0	0
7	9500001	2.33166	2.41743	5	0	0
7	10000001	2.32213	2.41743	5	0	0
7	10500001	2.23837	2.41743	5	0	0
7	11000001	2.43655	2.41743	5	0	0
7	11500001	2.52576	2.41743	5	0	0
7	12000001	2.50576	2.41743	5	0	0
7	12500001	2.63761	2.41743	5	0	0
7	13000001	2.57547	2.41743	5	0	0
7	13500001	1.48314	1.51357	3	0	0
7	14000001	1.44552	1.51357	3	0	0
7	14500001	1.53551	1.51357	3	0	0
7	15000001	1.4977	1.51357	3	0	0
7	15500001	1.53156	1.51357	3	0	0
7	16000001	1.65678	1.51357	3	0	0
7	16500001	1.66166	1.51357	3	0	0
7	17000001	1.76174	1.51357	3	0	0
7	17500001	1.69372	1.51357	3	0	0
7	18000001	1.57569	1.51357	3	0	0
7	18500001	1.50917	1.51357	3	0	0
7	19000001	1.51357	1.51357	3	0	0
7	19500001	1.62943	1.51357	3	0	0
7	20000001	1.74249	1.51357	3	0	0
7	20500001	1.49795	1.51357	3	0	0
7	21000001	1.50149	1.51357	3	0	0
7	21500001	1.4774	1.51357	3	0	0
7	22000001	1.51252	1.51357	3	0	0
7	22500001	1.62596	1.51357	3	0	0
7	23000001	1.58811	1.51357	3	0	0
7	23500001	1.46726	1.51357	3	0	0
7	24000001	1.4039	1.51357	3	0	0
7	24500001	1.51171	1.51357	3	0	0
7	25000001	1.50832	1.51357	3	0	0
7	25500001	1.51635	1.51357	3	0	0
7	26000001	1.44845	1.51357	3	0	0
7	26500001	1.63577	1.51357	3	0	0
7	27000001	1.57943	1.51357	3	0	0
7	27500001	1.41681	1.51357	3	0	0
7	28000001	0.977607	0.975601	2	0	0
7	28500001	0.911266	0.975601	2	0	0
7	29000001	0.9773	0.975601	2	0	0
7	29500001	1.03033	0.975601	2	0	0
7	30000001	1.06911	0.975601	2	0	0
7	30500001	1.00008	0.975601	2	0	0
7	31000001	0.936715	0.975601	2	0	0
7	31500001	0.937152	0.975601	2	0	0
7	32000001	0.89571	0.975601	2	0	0
7	32500001	1.02955	0.975601	2	0	0
7	33000001	1.04001	0.975601	2	0	0
7	33500001	1.02781	0.975601	2	0	0
7	34000001	1.00049	0.975601	2	0	0
7	34500001	0.928371	0.975601	2	0	0
7	35000001	0.976658	0.975601	2	0	0
7	35500001	1.04767	0.975601	2	0	0
7	36000001	1.04974	0.975601	2	0	0
7	36500001	0.99137	0.975601	2	0	0
7	37000001	0.899365	0.975601	2	0	0
7	37500001	0.912923	0.975601	2	0	0
7	38000001	0.948878	0.975601	2	0	0
7	38500001	0.912117	0.975601	2	0	0
7	39000001	0.978239	0.975601	2	0	0
7	39500001	1.11156	0.975601	2	0	0
7	40000001	0.951343	0.975601	2	0	0
7	40500001	1.05299	0.975601	2	0	0
7	41000001	1.10703	0.975601	2	0	0
7	41500001	0.940529	0.975601	2	0	0
7	42000001	0.891378	0.975601	2	0	0
7	42500001	0.91925	0.975601	2	0	0
7	43000001	0.962123	0.975601	2	0	0
7	43500001	1.0447	0.975601	2	0	0
7	44000001	1.03322	0.975601	2	0	0
7	44500001	1.01843	0.975601	2	0	0
7	45000001	0.982973	0.975601	2	0	0
7	45500001	0.979316	0.975601	2	0	0
7	46000001	1.16559	0.975601	2	0	0
7	46500001	1.08235	0.975601	2	0	0
7	47000001	1.06232	0.975601	2	0	0
7	47500001	1.04888	0.975601	2	0	0
7	48000001	1.04496	0.975601	2	0	0
7	48500001	0.926342	0.975601	2	0	0
7	49000001	0.917392	0.975601	2	0	0
7	49500001	0.915829	0.975601	2	0	0
7	50000001	0.888855	0.975601	2	0	0
7	50500001	0.974544	0.975601	2	0	0
7	51000001	0.936507	0.975601	2	0	0
7	51500001	0.891027	0.975601	2	0	0
7	52000001	0.928959	0.975601	2	0	0
7	52500001	0.937056	0.975601	2	0	0
7	53000001	0.922862	0.975601	2	0	0
7	53500001	0.958868	0.975601	2	0	0
7	54000001	1.0629	0.975601	2	0	0
7	54500001	1.16626	0.975601	2	0	0
7	55000001	1.02071	0.975601	2	0	0
7	55500001	0.90663	0.975601	2	0	0
7	56000001	0.940798	0.975601	2	0	0
7	56500001	0.84919	0.975601	2	0	0
7	57000001	0.791129	0.975601	2	0	0
7	57500001	0.898879	0.975601	2	0	0
7	58000001	1.46408	0.975601	2	0	0
7	58500001	1.10535	0.975601	2	0	0
7	59000001	1.01341	0.975601	2	0	0
7	59500001	1.0157	0.975601	2	0	0
7	60000001	0.921841	0.975601	2	0	0
7	60500001	1.45334	0.975601	2	0	0
7	61000001	0.999236	0.975601	2	0	0
7	61500001	-1	0.975601	2	0	0
7	62000001	1.04698	0.975601	2	0	0
7	62500001	0.99993	0.975601	2	0	0
7	63000001	0.845298	0.975601	2	0	0
7	63500001	0.806746	0.975601	2	0	0
7	64000001	0.865312	0.975601	2	0	0
7	64500001	0.86945	0.975601	2	0	0
7	65000001	0.91422	0.975601	2	0	0
7	65500001	1.0199	0.975601	2	0	0
7	66000001	1.00687	0.975601	2	0	0
7	66500001	0.970404	0.975601	2	0	0
7	67000001	1.01334	0.975601	2	0	0
7	67500001	0.892653	0.975601	2	0	0
7	68000001	0.821099	0.975601	2	0	0
7	68500001	0.807631	0.975601	2	0	0
7	69000001	0.781791	0.975601	2	0	0
7	69500001	0.83056	0.975601	2	0	0
7	70000001	0.849144	0.975601	2	0	0
7	70500001	0.826747	0.975601	2	0	0
7	71000001	0.825478	0.975601	2	0	0
7	71500001	0.805477	0.975601	2	0	0
7	72000001	0.886982	0.975601	2	0	0
7	72500001	0.990251	0.975601	2	0	0
7	73000001	1.03341	0.975601	2	0	0
7	73500001	1.0167	0.975601	2	0	0
7	74000001	0.996236	0.975601	2	0	0
7	74500001	1.00617	0.975601	2	0	0
7	75000001	0.916664	0.975601	2	0	0
7	75500001	0.980819	0.975601	2	0	0
7	76000001	0.985509	0.975601	2	0	0
7	76500001	1.05312	1.02256	2	0	0
7	77000001	1.03484	1.02256	2	0	0
7	77500001	0.989582	1.02256	2	0	0
7	78000001	0.972028	1.02256	2	0	0
7	78500001	1.0023	1.02256	2	0	0
7	79000001	1.12661	1.02256	2	0	0
7	79500001	1.11427	1.02256	2	0	0
7	80000001	1.10197	1.02256	2	0	0
7	80500001	1.16691	1.02256	2	0	0
7	81000001	1.14518	1.02256	2	0	0
7	81500001	1.07361	1.02256	2	0	0
7	82000001	0.930984	1.02256	2	0	0
7	82500001	1.00361	1.02256	2	0	0
7	83000001	1.00612	1.02256	2	0	0
7	83500001	1.04284	1.02256	2	0	0
7	84000001	1.18392	1.02256	2	0	0
7	84500001	1.12371	1.02256	2	0	0
7	85000001	1.17143	1.02256	2	0	0
7	85500001	1.08903	1.02256	2	0	0
7	86000001	0.924713	1.02256	2	0	0
7	86500001	0.950294	1.02256	2	0	0
7	87000001	1.0295	1.02256	2	0	0
7	87500001	1.0217	1.02256	2	0	0
7	88000001	1.01996	1.02256	2	0	0
7	88500001	0.952372	1.02256	2	0	0
7	89000001	0.942188	1.02256	2	0	0
7	89500001	0.974193	1.02256	2	0	0
7	90000001	1.06663	1.02256	2	0	0
7	90500001	1.02327	1.02256	2	0	0
7	91000001	0.975235	1.02256	2	0	0
7	91500001	1.06416	1.02256	2	0	0
7	92000001	1.09249	1.02256	2	0	0
7	92500001	1.08328	1.02256	2	0	0
7	93000001	1.15739	1.02256	2	0	0
7	93500001	1.05486	1.02256	2	0	0
7	94000001	1.02185	1.02256	2	0	0
7	94500001	0.972587	1.02256	2	0	0
7	95000001	1.00005	1.02256	2	0	0
7	95500001	0.997049	1.02256	2	0	0
7	96000001	0.967715	1.02256	2	0	0
7	96500001	1.04132	1.02256	2	0	0
7	97000001	0.972036	1.02256	2	0	0
7	97500001	0.999253	1.02256	2	0	0
7	98000001	0.942938	1.02256	2	0	0
7	98500001	0.92883	1.02256	2	0	0
7	99000001	1.06985	1.02256	2	0	0
7	99500001	1.06048	1.02256	2	0	0
7	100000001	0.996293	1.02256	2	0	0
7	100500001	1.02976	1.02256	2	0	0
7	101000001	0.983527	1.02256	2	0	0
7	101500001	1.0162	1.02256	2	0	0
7	102000001	1.12786	1.02256	2	0	0
7	102500001	1.77381	1.77381	4	0	0
7	103000001	1.07816	0.99709	2	0	0
7	103500001	1.10071	0.99709	2	0	0
7	104000001	1.03769	0.99709	2	0	0
7	104500001	1.04045	0.99709	2	0	0
7	105000001	1.00685	0.99709	2	0	0
7	105500001	1.01226	0.99709	2	0	0
7	106000001	1.11591	0.99709	2	0	0
7	106500001	0.990093	0.99709	2	0	0
7	107000001	0.996575	0.99709	2	0	0
7	107500001	1.03041	0.99709	2	0	0
7	108000001	1.07392	0.99709	2	0	0
7	108500001	0.975871	0.99709	2	0	0
7	109000001	0.977744	0.99709	2	0	0
7	109500001	1.05093	0.99709	2	0	0
7	110000001	1.07832	0.99709	2	0	0
7	110500001	1.05349	0.99709	2	0	0
7	111000001	0.702698	0.99709	2	0	0
7	111500001	0.611729	0.99709	2	0	0
7	112000001	0.961402	0.99709	2	0	0
7	112500001	1.03908	0.99709	2	0	0
7	113000001	0.947461	0.99709	2	0	0
7	113500001	0.94413	0.99709	2	0	0
7	114000001	1.03282	0.99709	2	0	0
7	114500001	1.04777	0.99709	2	0	0
7	115000001	1.03662	0.99709	2	0	0
7	115500001	1.12287	0.99709	2	0	0
7	116000001	1.21809	0.99709	2	0	0
7	116500001	1.12944	0.99709	2	0	0
7	117000001	1.05358	0.99709	2	0	0
7	117500001	0.920308	0.99709	2	0	0
7	118000001	0.92329	0.99709	2	0	0
7	118500001	0.973891	0.99709	2	0	0
7	119000001	0.952861	0.99709	2	0	0
7	119500001	0.995238	0.99709	2	0	0
7	120000001	0.964508	0.99709	2	0	0
7	120500001	0.959643	0.99709	2	0	0
7	121000001	1.11166	0.99709	2	0	0
7	121500001	1.09518	0.99709	2	0	0
7	122000001	0.955946	0.99709	2	0	0
7	122500001	0.970354	0.99709	2	0	0
7	123000001	0.960661	0.99709	2	0	0
7	123500001	1.10341	0.99709	2	0	0
7	124000001	0.986569	0.99709	2	0	0
7	124500001	0.958286	0.99709	2	0	0
7	125000001	1.0226	0.99709	2	0	0
7	125500001	0.983327	0.99709	2	0	0
7	126000001	0.958718	0.99709	2	0	0
7	126500001	0.927518	0.99709	2	0	0
7	127000001	0.988903	0.99709	2	0	0
7	127500001	1.06257	0.99709	2	0	0
7	128000001	1.03779	0.99709	2	0	0
7	128500001	1.02678	0.99709	2	0	0
7	129000001	1.04791	0.99709	2	0	0
7	129500001	1.08831	0.99709	2	0	0
7	130000001	1.12427	0.99709	2	0	0
7	130500001	1.06114	0.99709	2	0	0
7	131000001	1.13259	0.99709	2	0	0
7	131500001	0.997605	0.99709	2	0	0
7	132000001	0.990148	0.99709	2	0	0
7	132500001	0.959845	0.99709	2	0	0
7	133000001	0.961656	0.99709	2	0	0
7	133500001	0.951515	0.99709	2	0	0
7	134000001	1.03937	0.99709	2	0	0
7	134500001	1.10298	0.99709	2	0	0
7	135000001	1.02074	0.99709	2	0	0
7	135500001	1.02165	0.99709	2	0	0
7	136000001	0.997885	0.99709	2	0	0
7	136500001	0.87086	0.99709	2	0	0
7	137000001	0.931178	0.99709	2	0	0
7	137500001	0.882622	0.99709	2	0	0
7	138000001	0.872134	0.99709	2	0	0
7	138500001	0.96262	0.99709	2	0	0
7	139000001	0.969671	0.99709	2	0	0
7	139500001	1.00692	0.99709	2	0	0
7	140000001	0.940586	0.99709	2	0	0
7	140500001	0.993649	0.99709	2	0	0
7	141000001	0.928699	0.99709	2	0	0
7	141500001	0.943014	0.99709	2	0	0
7	142000001	0.483961	0.48042	1	0	0
7	142500001	0.520382	0.48042	1	0	0
7	143000001	0.48042	0.48042	1	0	0
7	143500001	0.451716	0.48042	1	0	0
7	144000001	0.676558	0.48042	1	0	0
7	144500001	0.484144	0.48042	1	0	0
7	145000001	0.455472	0.48042	1	0	0
7	145500001	0.470672	0.48042	1	0	0
7	146000001	0.452279	0.48042	1	0	0
7	146500001	0.465015	0.48042	1	0	0
7	147000001	0.527601	0.48042	1	0	0
7	147500001	0.524946	0.48042	1	0	0
7	148000001	0.429635	0.48042	1	0	0
7	148500001	0.476535	0.48042	1	0	0
7	149000001	0.474643	0.48042	1	0	0
7	149500001	0.48131	0.48042	1	0	0
7	150000001	0.491806	0.48042	1	0	0
7	150500001	0.50014	0.48042	1	0	0
7	151000001	0.479196	0.48042	1	0	0
7	151500001	0.453455	0.48042	1	0	0
7	152000001	0.536709	0.48042	1	0	0
7	152500001	0.489115	0.48042	1	0	0
7	153000001	0.435481	0.48042	1	0	0
7	153500001	0.466036	0.48042	1	0	0
7	154000001	0.5919	0.48042	1	0	0
7	154500001	0.879555	0.898712	2	0	0
7	155000001	0.917868	0.898712	2	0	0
7	155500001	1.01062	0.898712	2	0	0
7	156000001	0.701132	0.898712	2	0	0
7	156500001	0.506573	0.469254	1	0	0
7	157000001	0.518162	0.469254	1	0	0
7	157500001	0.446259	0.469254	1	0	0
7	158000001	0.447427	0.469254	1	0	0
7	158500001	0.491081	0.469254	1	0	0
7	159000001	0.322433	0.469254	1	0	0
8	1	0.846734	0.907479	2	0	0
8	500001	0.898207	0.907479	2	0	0
8	1000001	0.835709	0.907479	2	0	0
8	1500001	0.9148	0.907479	2	0	0
8	2000001	0.932139	0.907479	2	0	0
8	2500001	0.893294	0.907479	2	0	0
8	3000001	0.885608	0.907479	2	0	0
8	3500001	0.832223	0.907479	2	0	0
8	4000001	0.90317	0.907479	2	0	0
8	4500001	0.889743	0.907479	2	0	0
8	5000001	0.931163	0.907479	2	0	0
8	5500001	0.879486	0.907479	2	0	0
8	6000001	0.916756	0.907479	2	0	0
8	6500001	1.00471	0.907479	2	0	0
8	7000001	0.729169	0.907479	2	0	0
8	7500001	0.611386	0.907479	2	0	0
8	8000001	0.610539	0.907479	2	0	0
8	8500001	1.05442	0.907479	2	0	0
8	9000001	0.94604	0.907479	2	0	0
8	9500001	0.940496	0.907479	2	0	0
8	10000001	0.966828	0.907479	2	0	0
8	10500001	0.996182	0.907479	2	0	0
8	11000001	0.911787	0.907479	2	0	0
8	11500001	0.969753	0.907479	2	0	0
8	12000001	0.650221	0.521114	1	0	0
8	12500001	0.693267	0.521114	1	0	0
8	13000001	0.504901	0.521114	1	0	0
8	13500001	0.52102	0.521114	1	0	0
8	14000001	0.792104	0.521114	1	0	0
8	14500001	0.484267	0.521114	1	0	0
8	15000001	0.496998	0.521114	1	0	0
8	15500001	0.485462	0.521114	1	0	0
8	16000001	0.488491	0.521114	1	0	0
8	16500001	0.533172	0.521114	1	0	0
8	17000001	0.536143	0.521114	1	0	0
8	17500001	0.574942	0.521114	1	0	0
8	18000001	0.48735	0.521114	1	0	0
8	18500001	0.55449	0.521114	1	0	0
8	19000001	0.538111	0.521114	1	0	0
8	19500001	0.505692	0.521114	1	0	0
8	20000001	0.449284	0.521114	1	0	0
8	20500001	0.445308	0.521114	1	0	0
8	21000001	0.461174	0.521114	1	0	0
8	21500001	0.520108	0.521114	1	0	0
8	22000001	0.530706	0.521114	1	0	0
8	22500001	0.541086	0.521114	1	0	0
8	23000001	0.557235	0.521114	1	0	0
8	23500001	0.47734	0.521114	1	0	0
8	24000001	0.515345	0.521114	1	0	0
8	24500001	0.570765	0.521114	1	0	0
8	25000001	0.474697	0.521114	1	0	0
8	25500001	0.526336	0.521114	1	0	0
8	26000001	0.559859	0.521114	1	0	0
8	26500001	0.503129	0.521114	1	0	0
8	27000001	0.512775	0.521114	1	0	0
8	27500001	0.551768	0.521114	1	0	0
8	28000001	0.521114	0.521114	1	0	0
8	28500001	0.52992	0.521114	1	0	0
8	29000001	0.557317	0.521114	1	0	0
8	29500001	0.571329	0.521114	1	0	0
8	30000001	0.511659	0.521114	1	0	0
8	30500001	0.507955	0.521114	1	0	0
8	31000001	0.526112	0.521114	1	0	0
8	31500001	1.01566	0.995901	2	0	0
8	32000001	1.19437	0.995901	2	0	0
8	32500001	1.12043	0.995901	2	0	0
8	33000001	1.02971	0.995901	2	0	0
8	33500001	0.962829	0.995901	2	0	0
8	34000001	0.953982	0.995901	2	0	0
8	34500001	0.993294	0.995901	2	0	0
8	35000001	0.965399	0.995901	2	0	0
8	35500001	0.959128	0.995901	2	0	0
8	36000001	0.946868	0.995901	2	0	0
8	36500001	1.05607	0.995901	2	0	0
8	37000001	1.02929	0.995901	2	0	0
8	37500001	1.0238	0.995901	2	0	0
8	38000001	1.04872	0.995901	2	0	0
8	38500001	1.04438	0.995901	2	0	0
8	39000001	1.06078	0.995901	2	0	0
8	39500001	1.0486	0.995901	2	0	0
8	40000001	1.05543	0.995901	2	0	0
8	40500001	1.02079	0.995901	2	0	0
8	41000001	0.959586	0.995901	2	0	0
8	41500001	1.04738	0.995901	2	0	0
8	42000001	1.03079	0.995901	2	0	0
8	42500001	0.972749	0.995901	2	0	0
8	43000001	0.974367	0.995901	2	0	0
8	43500001	0.960958	0.995901	2	0	0
8	44000001	1.19852	0.995901	2	0	0
8	44500001	1.12726	0.995901	2	0	0
8	45000001	1.02492	0.995901	2	0	0
8	45500001	0.990174	0.995901	2	0	0
8	46000001	0.858975	0.995901	2	0	0
8	46500001	0.887861	0.995901	2	0	0
8	47000001	0.956771	0.995901	2	0	0
8	47500001	1.00554	0.995901	2	0	0
8	48000001	1.02941	0.995901	2	0	0
8	48500001	1.12878	0.995901	2	0	0
8	49000001	1.03327	0.995901	2	0	0
8	49500001	0.982823	0.995901	2	0	0
8	50000001	0.99417	0.995901	2	0	0
8	50500001	0.964224	0.995901	2	0	0
8	51000001	0.94553	0.995901	2	0	0
8	51500001	0.947897	0.995901	2	0	0
8	52000001	0.933753	0.995901	2	0	0
8	52500001	1.04837	0.995901	2	0	0
8	53000001	0.997631	0.995901	2	0	0
8	53500001	1.03871	0.995901	2	0	0
8	54000001	1.02487	0.995901	2	0	0
8	54500001	1.02177	0.995901	2	0	0
8	55000001	0.931312	0.995901	2	0	0
8	55500001	0.948706	0.995901	2	0	0
8	56000001	0.963183	0.995901	2	0	0
8	56500001	0.90246	0.995901	2	0	0
8	57000001	0.920541	0.995901	2	0	0
8	57500001	0.883566	0.995901	2	0	0
8	58000001	0.982308	0.995901	2	0	0
8	58500001	1.11753	0.995901	2	0	0
8	59000001	1.15946	0.995901	2	0	0
8	59500001	1.15012	0.995901	2	0	0
8	60000001	1.00842	0.995901	2	0	0
8	60500001	1.00566	0.995901	2	0	0
8	61000001	1.00774	0.995901	2	0	0
8	61500001	1.09874	0.995901	2	0	0
8	62000001	0.990418	0.995901	2	0	0
8	62500001	0.921932	0.995901	2	0	0
8	63000001	0.886842	0.995901	2	0	0
8	63500001	0.924702	0.995901	2	0	0
8	64000001	0.897852	0.995901	2	0	0
8	64500001	0.943442	0.995901	2	0	0
8	65000001	0.900039	0.995901	2	0	0
8	65500001	1.00868	0.995901	2	0	0
8	66000001	1.08316	0.995901	2	0	0
8	66500001	1.04452	0.995901	2	0	0
8	67000001	0.991442	0.995901	2	0	0
8	67500001	0.983367	0.995901	2	0	0
8	68000001	0.895366	0.995901	2	0	0
8	68500001	0.905532	0.995901	2	0	0
8	69000001	0.87344	0.995901	2	0	0
8	69500001	0.858424	0.995901	2	0	0
8	70000001	0.93657	0.995901	2	0	0
8	70500001	0.965125	0.995901	2	0	0
8	71000001	0.93794	0.995901	2	0	0
8	71500001	0.902382	0.995901	2	0	0
8	72000001	0.957562	0.995901	2	0	0
8	72500001	0.930469	0.995901	2	0	0
8	73000001	1.02217	0.995901	2	0	0
8	73500001	1.03963	0.995901	2	0	0
8	74000001	0.967229	0.995901	2	0	0
8	74500001	0.938392	0.995901	2	0	0
8	75000001	0.951468	0.995901	2	0	0
8	75500001	0.960865	0.995901	2	0	0
8	76000001	1.06294	0.995901	2	0	0
8	76500001	1.06851	0.995901	2	0	0
8	77000001	1.02829	0.995901	2	0	0
8	77500001	1.03884	0.995901	2	0	0
8	78000001	1.02993	0.995901	2	0	0
8	78500001	0.954864	0.995901	2	0	0
8	79000001	1.04766	0.995901	2	0	0
8	79500001	1.05132	0.995901	2	0	0
8	80000001	1.0623	0.995901	2	0	0
8	80500001	1.07153	0.995901	2	0	0
8	81000001	1.11255	0.995901	2	0	0
8	81500001	1.0453	0.995901	2	0	0
8	82000001	0.967072	0.995901	2	0	0
8	82500001	1.09774	0.995901	2	0	0
8	83000001	1.03456	0.995901	2	0	0
8	83500001	1.05631	0.995901	2	0	0
8	84000001	1.05508	0.995901	2	0	0
8	84500001	0.955275	0.995901	2	0	0
8	85000001	0.904433	0.995901	2	0	0
8	85500001	2.59352	2.59352	5	0	0
8	86000001	0.937153	0.997331	2	0	0
8	86500001	0.895167	0.997331	2	0	0
8	87000001	0.916065	0.997331	2	0	0
8	87500001	0.979195	0.997331	2	0	0
8	88000001	0.938758	0.997331	2	0	0
8	88500001	1.01547	0.997331	2	0	0
8	89000001	1.11379	0.997331	2	0	0
8	89500001	1.12071	0.997331	2	0	0
8	90000001	1.09763	0.997331	2	0	0
8	90500001	1.03173	0.997331	2	0	0
8	91000001	0.939446	0.997331	2	0	0
8	91500001	0.93161	0.997331	2	0	0
8	92000001	0.949501	0.997331	2	0	0
8	92500001	0.925954	0.997331	2	0	0
8	93000001	0.913877	0.997331	2	0	0
8	93500001	1.04566	0.997331	2	0	0
8	94000001	1.02562	0.997331	2	0	0
8	94500001	1.03042	0.997331	2	0	0
8	95000001	1.11465	0.997331	2	0	0
8	95500001	1.04081	0.997331	2	0	0
8	96000001	1.23399	1.23399	2	0	0
8	96500001	1.37044	1.23399	2	0	0
8	97000001	1.47795	1.23399	2	0	0
8	97500001	1.1862	1.23399	2	0	0
8	98000001	1.0489	1.23399	2	0	0
8	98500001	1.12348	1.23399	2	0	0
8	99000001	1.31073	1.23399	2	0	0
8	99500001	1.52622	1.53478	3	0	0
8	100000001	1.73415	1.53478	3	0	0
8	100500001	1.62085	1.53478	3	0	0
8	101000001	1.61914	1.53478	3	0	0
8	101500001	1.54447	1.53478	3	0	0
8	102000001	1.51011	1.53478	3	0	0
8	102500001	1.53478	1.53478	3	0	0
8	103000001	1.54835	1.53478	3	0	0
8	103500001	1.49651	1.53478	3	0	0
8	104000001	1.39268	1.53478	3	0	0
8	104500001	1.35407	1.53478	3	0	0
8	105000001	2.24922	2.34087	5	0	0
8	105500001	2.58243	2.34087	5	0	0
8	106000001	2.67908	2.34087	5	0	0
8	106500001	2.52386	2.34087	5	0	0
8	107000001	2.49417	2.34087	5	0	0
8	107500001	2.27186	2.34087	5	0	0
8	108000001	2.28468	2.34087	5	0	0
8	108500001	2.36781	2.34087	5	0	0
8	109000001	2.41509	2.34087	5	0	0
8	109500001	2.28203	2.34087	5	0	0
8	110000001	2.25466	2.34087	5	0	0
8	110500001	2.34413	2.34087	5	0	0
8	111000001	2.31298	2.34087	5	0	0
8	111500001	2.28045	2.34087	5	0	0
8	112000001	2.26673	2.34087	5	0	0
8	112500001	2.34087	2.34087	5	0	0
8	113000001	2.33148	2.34087	5	0	0
8	113500001	2.38509	2.34087	5	0	0
8	114000001	2.4001	2.34087	5	0	0
8	114500001	2.46207	2.34087	5	0	0
8	115000001	2.31032	2.34087	5	0	0
8	115500001	3.08556	3.00345	6	0	0
8	116000001	2.98148	3.00345	6	0	0
8	116500001	2.8216	3.00345	6	0	0
8	117000001	2.98645	3.00345	6	0	0
8	117500001	3.00345	3.00345	6	0	0
8	118000001	3.13049	3.00345	6	0	0
8	118500001	3.35342	3.00345	6	0	0
8	119000001	3.61276	3.84533	8	0	0
8	119500001	4.02104	3.84533	8	0	0
8	120000001	4.06693	3.84533	8	0	0
8	120500001	3.66962	3.84533	8	0	0
8	121000001	3.06742	3.17458	6	0	0
8	121500001	3.31959	3.17458	6	0	0
8	122000001	3.28404	3.17458	6	0	0
8	122500001	3.07483	3.17458	6	0	0
8	123000001	3.09312	3.17458	6	0	0
8	123500001	3.25603	3.17458	6	0	0
8	124000001	3.444	3.6572	7	0	0
8	124500001	3.57115	3.6572	7	0	0
8	125000001	3.62183	3.6572	7	0	0
8	125500001	3.69587	3.6572	7	0	0
8	126000001	3.5841	3.6572	7	0	0
8	126500001	3.72745	3.6572	7	0	0
8	127000001	3.92639	3.6572	7	0	0
8	127500001	3.69018	3.6572	7	0	0
8	128000001	3.76969	3.6572	7	0	0
8	128500001	3.54425	3.6572	7	0	0
8	129000001	3.43388	3.6572	7	0	0
8	129500001	3.70732	3.6572	7	0	0
8	130000001	3.62422	3.6572	7	0	0
8	130500001	3.8362	3.6572	7	0	0
8	131000001	3.38326	3.09216	6	0	0
8	131500001	3.21297	3.09216	6	0	0
8	132000001	3.09216	3.09216	6	0	0
8	132500001	3.36836	3.09216	6	0	0
8	133000001	3.48913	3.09216	6	0	0
8	133500001	3.46184	3.09216	6	0	0
8	134000001	3.30313	3.09216	6	0	0
8	134500001	3.18001	3.09216	6	0	0
8	135000001	3.12143	3.09216	6	0	0
8	135500001	2.91136	3.09216	6	0	0
8	136000001	3.05368	3.09216	6	0	0
8	136500001	3.08439	3.09216	6	0	0
8	137000001	3.05265	3.09216	6	0	0
8	137500001	2.9781	3.09216	6	0	0
8	138000001	2.90186	3.09216	6	0	0
8	138500001	2.93129	3.09216	6	0	0
8	139000001	3.07348	3.09216	6	0	0
8	139500001	3.08249	3.09216	6	0	0
8	140000001	3.35077	3.09216	6	0	0
8	140500001	3.73717	3.09216	6	0	0
8	141000001	2.90038	3.09216	6	0	0
8	141500001	2.36827	2.43936	5	0	0
8	142000001	2.30806	2.43936	5	0	0
8	142500001	2.46271	2.43936	5	0	0
8	143000001	2.37154	2.43936	5	0	0
8	143500001	2.44276	2.43936	5	0	0
8	144000001	2.49674	2.43936	5	0	0
8	144500001	2.43936	2.43936	5	0	0
8	145000001	-1	-1	-1	0	0
9	1	0.619373	0.484735	1	0	0
9	500001	0.507951	0.484735	1	0	0
9	1000001	0.504326	0.484735	1	0	0
9	1500001	0.443172	0.484735	1	0	0
9	2000001	0.504545	0.484735	1	0	0
9	2500001	0.466086	0.484735	1	0	0
9	3000001	0.506429	0.484735	1	0	0
9	3500001	0.527328	0.484735	1	0	0
9	4000001	0.486163	0.484735	1	0	0
9	4500001	0.509202	0.484735	1	0	0
9	5000001	0.5299	0.484735	1	0	0
9	5500001	0.525176	0.484735	1	0	0
9	6000001	0.568914	0.484735	1	0	0
9	6500001	0.479529	0.484735	1	0	0
9	7000001	0.462455	0.484735	1	0	0
9	7500001	0.459572	0.484735	1	0	0
9	8000001	0.455859	0.484735	1	0	0
9	8500001	0.417362	0.484735	1	0	0
9	9000001	0.488435	0.484735	1	0	0
9	9500001	0.477806	0.484735	1	0	0
9	10000001	0.488698	0.484735	1	0	0
9	10500001	0.468606	0.484735	1	0	0
9	11000001	0.456003	0.484735	1	0	0
9	11500001	0.48071	0.484735	1	0	0
9	12000001	0.464671	0.484735	1	0	0
9	12500001	0.556349	0.484735	1	0	0
9	13000001	0.533157	0.484735	1	0	0
9	13500001	0.478594	0.484735	1	0	0
9	14000001	0.459206	0.484735	1	0	0
9	14500001	0.46497	0.484735	1	0	0
9	15000001	0.477229	0.484735	1	0	0
9	15500001	0.483445	0.484735	1	0	0
9	16000001	0.418596	0.484735	1	0	0
9	16500001	0.42613	0.484735	1	0	0
9	17000001	0.38415	0.484735	1	0	0
9	17500001	0.144273	0.484735	1	0	0
9	18000001	0.49661	0.484735	1	0	0
9	18500001	0.489116	0.484735	1	0	0
9	19000001	0.497421	0.484735	1	0	0
9	19500001	0.498041	0.484735	1	0	0
9	20000001	0.524204	0.484735	1	0	0
9	20500001	0.527924	0.484735	1	0	0
9	21000001	0.590863	0.484735	1	0	0
9	21500001	0.447405	0.484735	1	0	0
9	22000001	0.446819	0.484735	1	0	0
9	22500001	0.540027	0.484735	1	0	0
9	23000001	0.485594	0.484735	1	0	0
9	23500001	0.455811	0.484735	1	0	0
9	24000001	0.479628	0.484735	1	0	0
9	24500001	0.493149	0.484735	1	0	0
9	25000001	0.466462	0.484735	1	0	0
9	25500001	0.475295	0.484735	1	0	0
9	26000001	0.484735	0.484735	1	0	0
9	26500001	0.472141	0.484735	1	0	0
9	27000001	0.464202	0.484735	1	0	0
9	27500001	0.48647	0.484735	1	0	0
9	28000001	0.510736	0.484735	1	0	0
9	28500001	0.496108	0.484735	1	0	0
9	29000001	0.51612	0.484735	1	0	0
9	29500001	1.02424	1.03631	2	0	0
9	30000001	0.952553	1.03631	2	0	0
9	30500001	0.974907	1.03631	2	0	0
9	31000001	1.0375	1.03631	2	0	0
9	31500001	1.06805	1.03631	2	0	0
9	32000001	0.971965	1.03631	2	0	0
9	32500001	1.04743	1.03631	2	0	0
9	33000001	1.10397	1.03631	2	0	0
9	33500001	1.10434	1.03631	2	0	0
9	34000001	1.03685	1.03631	2	0	0
9	34500001	1.02827	1.03631	2	0	0
9	35000001	0.969578	1.03631	2	0	0
9	35500001	1.03631	1.03631	2	0	0
9	36000001	1.00887	1.03631	2	0	0
9	36500001	1.02519	1.03631	2	0	0
9	37000001	0.985753	1.03631	2	0	0
9	37500001	1.0044	1.03631	2	0	0
9	38000001	1.00088	1.03631	2	0	0
9	38500001	1.1519	1.03631	2	0	0
9	39000001	1.12011	1.03631	2	0	0
9	39500001	1.19573	1.03631	2	0	0
9	40000001	0.921008	1.03631	2	0	0
9	40500001	1.22313	1.03631	2	0	0
9	41000001	1.3886	1.03631	2	0	0
9	41500001	1.29503	1.03631	2	0	0
9	42000001	1.06415	1.03631	2	0	0
9	42500001	0.867476	1.03631	2	0	0
9	43000001	1.23248	1.87926	4	0	0
9	43500001	2.50745	1.87926	4	0	0
9	44000001	1.87926	1.87926	4	0	0
9	44500001	1.34906	1.34906	3	0	0
9	45000001	0.918657	0.993408	2	0	0
9	45500001	-1	0.993408	2	0	0
9	46000001	-1	0.993408	2	0	0
9	46500001	-1	0.993408	2	0	0
9	47000001	-1	0.993408	2	0	0
9	47500001	-1	0.993408	2	0	0
9	48000001	-1	0.993408	2	0	0
9	48500001	-1	0.993408	2	0	0
9	49000001	-1	0.993408	2	0	0
9	49500001	-1	0.993408	2	0	0
9	50000001	-1	0.993408	2	0	0
9	50500001	-1	0.993408	2	0	0
9	51000001	-1	0.993408	2	0	0
9	51500001	-1	0.993408	2	0	0
9	52000001	-1	0.993408	2	0	0
9	52500001	-1	0.993408	2	0	0
9	53000001	-1	0.993408	2	0	0
9	53500001	-1	0.993408	2	0	0
9	54000001	-1	0.993408	2	0	0
9	54500001	-1	0.993408	2	0	0
9	55000001	-1	0.993408	2	0	0
9	55500001	-1	0.993408	2	0	0
9	56000001	-1	0.993408	2	0	0
9	56500001	-1	0.993408	2	0	0
9	57000001	-1	0.993408	2	0	0
9	57500001	-1	0.993408	2	0	0
9	58000001	-1	0.993408	2	0	0
9	58500001	-1	0.993408	2	0	0
9	59000001	-1	0.993408	2	0	0
9	59500001	-1	0.993408	2	0	0
9	60000001	-1	0.993408	2	0	0
9	60500001	-1	0.993408	2	0	0
9	61000001	-1	0.993408	2	0	0
9	61500001	0.86047	0.993408	2	0	0
9	62000001	-1	0.993408	2	0	0
9	62500001	-1	0.993408	2	0	0
9	63000001	0.722908	0.993408	2	0	0
9	63500001	-1	0.993408	2	0	0
9	64000001	-1	0.993408	2	0	0
9	64500001	0.790502	0.993408	2	0	0
9	65000001	-1	0.993408	2	0	0
9	65500001	0.977693	0.993408	2	0	0
9	66000001	-1	0.993408	2	0	0
9	66500001	-1	0.993408	2	0	0
9	67000001	1.10219	0.993408	2	0	0
9	67500001	-1	0.993408	2	0	0
9	68000001	-1	0.993408	2	0	0
9	68500001	0.927893	0.993408	2	0	0
9	69000001	0.924947	0.993408	2	0	0
9	69500001	1.00223	0.993408	2	0	0
9	70000001	1.05104	0.993408	2	0	0
9	70500001	0.857928	0.993408	2	0	0
9	71000001	0.993408	0.993408	2	0	0
9	71500001	1.04875	0.993408	2	0	0
9	72000001	1.12956	0.993408	2	0	0
9	72500001	1.12864	0.993408	2	0	0
9	73000001	1.17441	0.993408	2	0	0
9	73500001	1.06016	0.993408	2	0	0
9	74000001	0.968813	0.993408	2	0	0
9	74500001	0.906834	0.993408	2	0	0
9	75000001	0.96531	0.993408	2	0	0
9	75500001	1.01277	0.993408	2	0	0
9	76000001	1.00296	0.993408	2	0	0
9	76500001	0.930836	0.993408	2	0	0
9	77000001	0.968958	0.993408	2	0	0
9	77500001	0.966129	0.993408	2	0	0
9	78000001	1.03903	0.993408	2	0	0
9	78500001	1.04088	0.993408	2	0	0
9	79000001	1.0441	0.993408	2	0	0
9	79500001	0.925721	0.993408	2	0	0
9	80000001	0.966743	0.993408	2	0	0
9	80500001	1.05057	0.993408	2	0	0
9	81000001	1.05214	0.993408	2	0	0
9	81500001	0.976173	0.993408	2	0	0
9	82000001	1.009	0.993408	2	0	0
9	82500001	1.03944	0.993408	2	0	0
9	83000001	0.983833	0.993408	2	0	0
9	83500001	0.928252	0.993408	2	0	0
9	84000001	0.922122	0.993408	2	0	0
9	84500001	0.977507	0.993408	2	0	0
9	85000001	1.00296	0.993408	2	0	0
9	85500001	0.959384	0.993408	2	0	0
9	86000001	1.01032	0.993408	2	0	0
9	86500001	0.890082	0.993408	2	0	0
9	87000001	0.865928	0.993408	2	0	0
9	87500001	0.916148	0.993408	2	0	0
9	88000001	1.00525	0.993408	2	0	0
9	88500001	0.958489	0.993408	2	0	0
9	89000001	0.905864	0.993408	2	0	0
9	89500001	0.889273	0.993408	2	0	0
9	90000001	0.919062	0.993408	2	0	0
9	90500001	0.984463	0.993408	2	0	0
9	91000001	1.05749	0.993408	2	0	0
9	91500001	1.0269	0.993408	2	0	0
9	92000001	1.04555	0.993408	2	0	0
9	92500001	1.0337	0.993408	2	0	0
9	93000001	1.02051	0.993408	2	0	0
9	93500001	1.00452	0.993408	2	0	0
9	94000001	1.02753	0.993408	2	0	0
9	94500001	1.04397	0.993408	2	0	0
9	95000001	1.06073	0.993408	2	0	0
9	95500001	1.01561	0.993408	2	0	0
9	96000001	1.01678	0.993408	2	0	0
9	96500001	1.03443	0.993408	2	0	0
9	97000001	0.99727	0.993408	2	0	0
9	97500001	1.0638	0.993408	2	0	0
9	98000001	0.990952	0.993408	2	0	0
9	98500001	0.920238	0.993408	2	0	0
9	99000001	0.900326	0.993408	2	0	0
9	99500001	0.968499	0.993408	2	0	0
9	100000001	0.945605	0.993408	2	0	0
9	100500001	0.897735	0.993408	2	0	0
9	101000001	0.984053	0.993408	2	0	0
9	101500001	0.921211	0.993408	2	0	0
9	102000001	0.924031	0.993408	2	0	0
9	102500001	0.93225	0.993408	2	0	0
9	103000001	0.892071	0.993408	2	0	0
9	103500001	0.919253	0.993408	2	0	0
9	104000001	0.938118	0.993408	2	0	0
9	104500001	0.918618	0.993408	2	0	0
9	105000001	0.933357	0.993408	2	0	0
9	105500001	0.967151	0.993408	2	0	0
9	106000001	0.916573	0.993408	2	0	0
9	106500001	1.00619	0.993408	2	0	0
9	107000001	1.04931	0.993408	2	0	0
9	107500001	1.00292	0.993408	2	0	0
9	108000001	1.0177	0.993408	2	0	0
9	108500001	1.10435	0.993408	2	0	0
9	109000001	1.0567	0.993408	2	0	0
9	109500001	1.04598	0.993408	2	0	0
9	110000001	1.0989	0.993408	2	0	0
9	110500001	1.13265	0.993408	2	0	0
9	111000001	1.06939	0.993408	2	0	0
9	111500001	1.05325	0.993408	2	0	0
9	112000001	1.06609	0.993408	2	0	0
9	112500001	1.01994	0.993408	2	0	0
9	113000001	1.02885	0.993408	2	0	0
9	113500001	1.02658	0.993408	2	0	0
9	114000001	0.996126	0.993408	2	0	0
9	114500001	1.05541	0.993408	2	0	0
9	115000001	1.0569	0.993408	2	0	0
9	115500001	1.14063	0.993408	2	0	0
9	116000001	1.00073	0.993408	2	0	0
9	116500001	0.955373	0.993408	2	0	0
9	117000001	0.913699	0.993408	2	0	0
9	117500001	0.901839	0.993408	2	0	0
9	118000001	0.909535	0.993408	2	0	0
9	118500001	0.963759	0.993408	2	0	0
9	119000001	0.879839	0.993408	2	0	0
9	119500001	0.841857	0.993408	2	0	0
9	120000001	0.976265	0.993408	2	0	0
9	120500001	1.04926	0.993408	2	0	0
9	121000001	0.550296	0.510997	1	0	0
9	121500001	0.471698	0.510997	1	0	0
9	122000001	0.891983	0.998974	2	0	0
9	122500001	1.04475	0.998974	2	0	0
9	123000001	1.05431	0.998974	2	0	0
9	123500001	0.989982	0.998974	2	0	0
9	124000001	1.01383	0.998974	2	0	0
9	124500001	1.08686	0.998974	2	0	0
9	125000001	1.03499	0.998974	2	0	0
9	125500001	0.98306	0.998974	2	0	0
9	126000001	0.993731	0.998974	2	0	0
9	126500001	0.952538	0.998974	2	0	0
9	127000001	1.0439	0.998974	2	0	0
9	127500001	0.990223	0.998974	2	0	0
9	128000001	1.02828	0.998974	2	0	0
9	128500001	0.971174	0.998974	2	0	0
9	129000001	0.957062	0.998974	2	0	0
9	129500001	1.027	0.998974	2	0	0
9	130000001	1.00779	0.998974	2	0	0
9	130500001	1.02361	0.998974	2	0	0
9	131000001	1.03241	0.998974	2	0	0
9	131500001	1.01259	0.998974	2	0	0
9	132000001	0.981524	0.998974	2	0	0
9	132500001	0.99885	0.998974	2	0	0
9	133000001	1.01529	0.998974	2	0	0
9	133500001	0.999098	0.998974	2	0	0
9	134000001	0.960882	0.998974	2	0	0
9	134500001	0.98167	0.998974	2	0	0
9	135000001	0.905775	0.998974	2	0	0
9	135500001	0.981096	0.998974	2	0	0
9	136000001	0.980902	0.998974	2	0	0
9	136500001	1.03027	0.998974	2	0	0
9	137000001	1.01315	0.998974	2	0	0
9	137500001	0.995158	0.998974	2	0	0
9	138000001	-1	-1	-1	0	0
GL000008.2	1	0.556263	0.556263	1	0	0
GL000009.2	1	0.280437	0.280437	1	0	0
GL000194.1	1	0.490907	0.490907	1	0	0
GL000195.1	1	0.449249	0.449249	1	0	0
GL000205.2	1	0.737896	0.737896	1	0	0
GL000208.1	1	0.914398	0.914398	2	0	0
GL000213.1	1	0.148366	0.148366	0	0	0
GL000214.1	1	1.53279	1.53279	3	0	0
GL000216.2	1	1.09361	1.09361	2	0	0
GL000218.1	1	0.246409	0.246409	0	0	0
GL000219.1	1	0.491702	0.491702	1	0	0
GL000220.1	1	1.83659	1.83659	4	0	0
GL000221.1	1	0.588858	0.588858	1	0	0
GL000224.1	1	1.77668	1.77668	4	0	0
GL000225.1	1	1.29778	1.29778	3	0	0
GL000226.1	1	0.898138	0.898138	2	0	0
KI270302.1	1	0.00255754	0.00255754	0	0	0
KI270303.1	1	0.00453401	0.00453401	0	0	0
KI270304.1	1	0.000379561	0.000379561	0	0	0
KI270305.1	1	0.00183295	0.00183295	0	0	0
KI270310.1	1	0.0128837	0.0128837	0	0	0
KI270311.1	1	-1	-1	-1	0	0
KI270312.1	1	0.000793244	0.000793244	0	0	0
KI270315.1	1	0.00347723	0.00347723	0	0	0
KI270316.1	1	0	0	0	0	0
KI270317.1	1	-1	-1	-1	0	0
KI270320.1	1	0.00656603	0.00656603	0	0	0
KI270322.1	1	-1	-1	-1	0	0
KI270329.1	1	0.00670595	0.00670595	0	0	0
KI270330.1	1	0.0613964	0.0613964	0	0	0
KI270333.1	1	0.229773	0.229773	0	0	0
KI270334.1	1	0.00262076	0.00262076	0	0	0
KI270335.1	1	0.00111408	0.00111408	0	0	0
KI270336.1	1	0.0395733	0.0395733	0	0	0
KI270337.1	1	0.344537	0.344537	1	0	0
KI270338.1	1	0	0	0	0	0
KI270340.1	1	0.001118	0.001118	0	0	0
KI270362.1	1	0.0186027	0.0186027	0	0	0
KI270363.1	1	0.00346905	0.00346905	0	0	0
KI270364.1	1	0.0125209	0.0125209	0	0	0
KI270366.1	1	0.039993	0.039993	0	0	0
KI270371.1	1	0.00158288	0.00158288	0	0	0
KI270372.1	1	0.00164599	0.00164599	0	0	0
KI270373.1	1	0.00038266	0.00038266	0	0	0
KI270374.1	1	0.00119856	0.00119856	0	0	0
KI270375.1	1	0.00243827	0.00243827	0	0	0
KI270376.1	1	0.0020117	0.0020117	0	0	0
KI270378.1	1	0.00153489	0.00153489	0	0	0
KI270379.1	1	0.000782165	0.000782165	0	0	0
KI270381.1	1	0.00584617	0.00584617	0	0	0
KI270382.1	1	0.00593658	0.00593658	0	0	0
KI270383.1	1	0	0	0	0	0
KI270384.1	1	0.000396256	0.000396256	0	0	0
KI270385.1	1	0.000398523	0.000398523	0	0	0
KI270386.1	1	0	0	0	0	0
KI270387.1	1	0.00927513	0.00927513	0	0	0
KI270388.1	1	0	0	0	0	0
KI270389.1	1	0.00830873	0.00830873	0	0	0
KI270390.1	1	0.00952903	0.00952903	0	0	0
KI270391.1	1	0	0	0	0	0
KI270392.1	1	0	0	0	0	0
KI270393.1	1	0	0	0	0	0
KI270394.1	1	0.00159666	0.00159666	0	0	0
KI270395.1	1	0.0222762	0.0222762	0	0	0
KI270396.1	1	0.00315091	0.00315091	0	0	0
KI270411.1	1	0.00742085	0.00742085	0	0	0
KI270412.1	1	0.0115754	0.0115754	0	0	0
KI270414.1	1	0.00272942	0.00272942	0	0	0
KI270417.1	1	0.00845886	0.00845886	0	0	0
KI270418.1	1	0.0090016	0.0090016	0	0	0
KI270419.1	1	0.00496739	0.00496739	0	0	0
KI270420.1	1	0.0115067	0.0115067	0	0	0
KI270422.1	1	0.00672893	0.00672893	0	0	0
KI270423.1	1	0.00679608	0.00679608	0	0	0
KI270424.1	1	0.00359315	0.00359315	0	0	0
KI270425.1	1	0.00458752	0.00458752	0	0	0
KI270429.1	1	0.0075853	0.0075853	0	0	0
KI270435.1	1	0.387332	0.387332	1	0	0
KI270438.1	1	-1	-1	-1	0	0
KI270442.1	1	1.64344	1.64344	3	0	0
KI270448.1	1	0.0230423	0.0230423	0	0	0
KI270465.1	1	0.00235905	0.00235905	0	0	0
KI270466.1	1	0.0174265	0.0174265	0	0	0
KI270467.1	1	0.0462143	0.0462143	0	0	0
KI270468.1	1	0.00961375	0.00961375	0	0	0
KI270507.1	1	0.0430522	0.0430522	0	0	0
KI270508.1	1	0.0157121	0.0157121	0	0	0
KI270509.1	1	0.0191741	0.0191741	0	0	0
KI270510.1	1	0.0138356	0.0138356	0	0	0
KI270511.1	1	0.034163	0.034163	0	0	0
KI270512.1	1	0.073786	0.073786	0	0	0
KI270515.1	1	0.0552455	0.0552455	0	0	0
KI270516.1	1	0.0157959	0.0157959	0	0	0
KI270517.1	1	0.0314133	0.0314133	0	0	0
KI270518.1	1	0.0194409	0.0194409	0	0	0
KI270519.1	1	0.639376	0.639376	1	0	0
KI270521.1	1	0.0308606	0.0308606	0	0	0
KI270522.1	1	0.0115159	0.0115159	0	0	0
KI270528.1	1	0.00206103	0.00206103	0	0	0
KI270529.1	1	0.00420024	0.00420024	0	0	0
KI270530.1	1	0.00536005	0.00536005	0	0	0
KI270538.1	1	-1	-1	-1	0	0
KI270539.1	1	0.00054682	0.00054682	0	0	0
KI270544.1	1	0.0159719	0.0159719	0	0	0
KI270548.1	1	0	0	0	0	0
KI270579.1	1	0.0104685	0.0104685	0	0	0
KI270580.1	1	0.0132339	0.0132339	0	0	0
KI270581.1	1	0.017566	0.017566	0	0	0
KI270582.1	1	0.00263964	0.00263964	0	0	0
KI270583.1	1	0.00592712	0.00592712	0	0	0
KI270584.1	1	0.0307092	0.0307092	0	0	0
KI270587.1	1	0.0231616	0.0231616	0	0	0
KI270588.1	1	0.0077019	0.0077019	0	0	0
KI270589.1	1	-1	-1	-1	0	0
KI270590.1	1	0.0261655	0.0261655	0	0	0
KI270591.1	1	0.0190424	0.0190424	0	0	0
KI270593.1	1	0.00557917	0.00557917	0	0	0
KI270706.1	1	0.277298	0.277298	1	0	0
KI270707.1	1	0.0409624	0.0409624	0	0	0
KI270708.1	1	0.123682	0.123682	0	0	0
KI270709.1	1	0.912685	0.912685	2	0	0
KI270710.1	1	0.0515116	0.0515116	0	0	0
KI270711.1	1	0.367576	0.367576	1	0	0
KI270712.1	1	0.362808	0.362808	1	0	0
KI270713.1	1	0.156515	0.156515	0	0	0
KI270714.1	1	0.0738055	0.0738055	0	0	0
KI270715.1	1	0.151098	0.151098	0	0	0
KI270716.1	1	0.144452	0.144452	0	0	0
KI270717.1	1	0.0601141	0.0601141	0	0	0
KI270718.1	1	0.0880666	0.0880666	0	0	0
KI270719.1	1	0.401842	0.401842	1	0	0
KI270720.1	1	0.144212	0.144212	0	0	0
KI270721.1	1	0.0499776	0.0499776	0	0	0
KI270722.1	1	0.0673792	0.0673792	0	0	0
KI270723.1	1	0.0586941	0.0586941	0	0	0
KI270724.1	1	0.0791567	0.0791567	0	0	0
KI270725.1	1	0.387304	0.387304	1	0	0
KI270726.1	1	0.258403	0.258403	1	0	0
KI270727.1	1	2.23719	2.23719	4	0	0
KI270728.1	1	-1	0.459106	1	0	0
KI270728.1	500001	0.423539	0.459106	1	0	0
KI270728.1	1000001	0.664599	0.459106	1	0	0
KI270728.1	1500001	0.459106	0.459106	1	0	0
KI270729.1	1	2.49615	2.49615	5	0	0
KI270730.1	1	0.350485	0.350485	1	0	0
KI270731.1	1	0.187467	0.187467	0	0	0
KI270732.1	1	0.0603037	0.0603037	0	0	0
KI270733.1	1	2.31403	2.31403	5	0	0
KI270734.1	1	0.213761	0.213761	0	0	0
KI270735.1	1	0.350659	0.350659	1	0	0
KI270736.1	1	0.396965	0.396965	1	0	0
KI270737.1	1	0.138318	0.138318	0	0	0
KI270738.1	1	0.246145	0.246145	0	0	0
KI270739.1	1	0.0581906	0.0581906	0	0	0
KI270740.1	1	0	0	0	0	0
KI270741.1	1	0.184165	0.184165	0	0	0
KI270742.1	1	0.762638	0.762638	2	0	0
KI270743.1	1	0.169447	0.169447	0	0	0
KI270744.1	1	1.668	1.668	3	0	0
KI270745.1	1	0.0769919	0.0769919	0	0	0
KI270746.1	1	0.168537	0.168537	0	0	0
KI270747.1	1	0.289292	0.289292	1	0	0
KI270748.1	1	0.104892	0.104892	0	0	0
KI270749.1	1	0.396403	0.396403	1	0	0
KI270750.1	1	0.345227	0.345227	1	0	0
KI270751.1	1	0.535588	0.535588	1	0	0
KI270752.1	1	0	0	0	0	0
KI270753.1	1	0.107563	0.107563	0	0	0
KI270754.1	1	0.0335545	0.0335545	0	0	0
KI270755.1	1	0.0166971	0.0166971	0	0	0
KI270756.1	1	0.1349	0.1349	0	0	0
KI270757.1	1	0.423755	0.423755	1	0	0
MT	1	12.674	12.674	25	0	0
X	1	-1	-1	-1	0	0
X	500001	0.429858	0.493742	1	0	0
X	1000001	0.448872	0.493742	1	0	0
X	1500001	0.423149	0.493742	1	0	0
X	2000001	-1	0.493742	1	0	0
X	2500001	0.490382	0.493742	1	0	0
X	3000001	0.483774	0.493742	1	0	0
X	3500001	0.512599	0.493742	1	0	0
X	4000001	0.477668	0.493742	1	0	0
X	4500001	0.515705	0.493742	1	0	0
X	5000001	0.490783	0.493742	1	0	0
X	5500001	0.495328	0.493742	1	0	0
X	6000001	0.499139	0.493742	1	0	0
X	6500001	0.465216	0.493742	1	0	0
X	7000001	0.44819	0.493742	1	0	0
X	7500001	0.468106	0.493742	1	0	0
X	8000001	0.514802	0.493742	1	0	0
X	8500001	0.509942	0.493742	1	0	0
X	9000001	0.527462	0.493742	1	0	0
X	9500001	0.498616	0.493742	1	0	0
X	10000001	0.527075	0.493742	1	0	0
X	10500001	0.527824	0.493742	1	0	0
X	11000001	0.46739	0.493742	1	0	0
X	11500001	0.521084	0.493742	1	0	0
X	12000001	0.511278	0.493742	1	0	0
X	12500001	0.490351	0.493742	1	0	0
X	13000001	0.572351	0.493742	1	0	0
X	13500001	0.492983	0.493742	1	0	0
X	14000001	0.505684	0.493742	1	0	0
X	14500001	0.494412	0.493742	1	0	0
X	15000001	0.539845	0.493742	1	0	0
X	15500001	0.547374	0.493742	1	0	0
X	16000001	0.527323	0.493742	1	0	0
X	16500001	0.497023	0.493742	1	0	0
X	17000001	0.528632	0.493742	1	0	0
X	17500001	0.473179	0.493742	1	0	0
X	18000001	0.497022	0.493742	1	0	0
X	18500001	0.467119	0.493742	1	0	0
X	19000001	0.479904	0.493742	1	0	0
X	19500001	0.462246	0.493742	1	0	0
X	20000001	0.47048	0.493742	1	0	0
X	20500001	0.465387	0.493742	1	0	0
X	21000001	0.485087	0.493742	1	0	0
X	21500001	0.481994	0.493742	1	0	0
X	22000001	0.522726	0.493742	1	0	0
X	22500001	0.503336	0.493742	1	0	0
X	23000001	0.511919	0.493742	1	0	0
X	23500001	0.542296	0.493742	1	0	0
X	24000001	0.542951	0.493742	1	0	0
X	24500001	0.526384	0.493742	1	0	0
X	25000001	0.475851	0.493742	1	0	0
X	25500001	0.46968	0.493742	1	0	0
X	26000001	0.489256	0.493742	1	0	0
X	26500001	0.479434	0.493742	1	0	0
X	27000001	0.476044	0.493742	1	0	0
X	27500001	0.53862	0.493742	1	0	0
X	28000001	0.565768	0.493742	1	0	0
X	28500001	0.500761	0.493742	1	0	0
X	29000001	0.479102	0.493742	1	0	0
X	29500001	0.493742	0.493742	1	0	0
X	30000001	0.461646	0.493742	1	0	0
X	30500001	0.474531	0.493742	1	0	0
X	31000001	0.495129	0.493742	1	0	0
X	31500001	0.449735	0.493742	1	0	0
X	32000001	0.464789	0.493742	1	0	0
X	32500001	0.474075	0.493742	1	0	0
X	33000001	0.45778	0.493742	1	0	0
X	33500001	0.506156	0.493742	1	0	0
X	34000001	0.482994	0.493742	1	0	0
X	34500001	0.498489	0.493742	1	0	0
X	35000001	0.492849	0.493742	1	0	0
X	35500001	0.523156	0.493742	1	0	0
X	36000001	0.492682	0.493742	1	0	0
X	36500001	0.479857	0.493742	1	0	0
X	37000001	-1	0.493742	1	0	0
X	37500001	0.530904	0.493742	1	0	0
X	38000001	0.53737	0.493742	1	0	0
X	38500001	0.493279	0.493742	1	0	0
X	39000001	0.48622	0.493742	1	0	0
X	39500001	0.484264	0.493742	1	0	0
X	40000001	0.507354	0.493742	1	0	0
X	40500001	0.528174	0.493742	1	0	0
X	41000001	0.522199	0.493742	1	0	0
X	41500001	0.534819	0.493742	1	0	0
X	42000001	0.494243	0.493742	1	0	0
X	42500001	0.484094	0.493742	1	0	0
X	43000001	0.518657	0.493742	1	0	0
X	43500001	0.53258	0.493742	1	0	0
X	44000001	0.499228	0.493742	1	0	0
X	44500001	0.489206	0.493742	1	0	0
X	45000001	0.518272	0.493742	1	0	0
X	45500001	0.572841	0.493742	1	0	0
X	46000001	0.620614	0.493742	1	0	0
X	46500001	0.52898	0.493742	1	0	0
X	47000001	0.492899	0.493742	1	0	0
X	47500001	0.520276	0.493742	1	0	0
X	48000001	0.478014	0.493742	1	0	0
X	48500001	0.510988	0.493742	1	0	0
X	49000001	-1	0.493742	1	0	0
X	49500001	0.501534	0.493742	1	0	0
X	50000001	0.458463	0.493742	1	0	0
X	50500001	0.48865	0.493742	1	0	0
X	51000001	0.44751	0.493742	1	0	0
X	51500001	0.442031	0.493742	1	0	0
X	52000001	0.470685	0.493742	1	0	0
X	52500001	0.498633	0.493742	1	0	0
X	53000001	0.503732	0.493742	1	0	0
X	53500001	0.540192	0.493742	1	0	0
X	54000001	0.459745	0.493742	1	0	0
X	54500001	0.496318	0.493742	1	0	0
X	55000001	0.465016	0.493742	1	0	0
X	55500001	0.473717	0.493742	1	0	0
X	56000001	0.456834	0.493742	1	0	0
X	56500001	0.465765	0.493742	1	0	0
X	57000001	0.495367	0.493742	1	0	0
X	57500001	0.487186	0.493742	1	0	0
X	58000001	0.472255	0.493742	1	0	0
X	58500001	0.365734	0.336715	1	0	0
X	59000001	0.371702	0.336715	1	0	0
X	59500001	0.319068	0.336715	1	0	0
X	60000001	0.339494	0.336715	1	0	0
X	60500001	0.333936	0.336715	1	0	0
X	61000001	0.309191	0.336715	1	0	0
X	61500001	0.327192	0.336715	1	0	0
X	62000001	0.357003	0.336715	1	0	0
X	62500001	0.532391	0.467424	1	0	0
X	63000001	0.482024	0.467424	1	0	0
X	63500001	0.453484	0.467424	1	0	0
X	64000001	0.478973	0.467424	1	0	0
X	64500001	0.439853	0.467424	1	0	0
X	65000001	0.482097	0.467424	1	0	0
X	65500001	0.468511	0.467424	1	0	0
X	66000001	0.475489	0.467424	1	0	0
X	66500001	0.471161	0.467424	1	0	0
X	67000001	0.468251	0.467424	1	0	0
X	67500001	0.47875	0.467424	1	0	0
X	68000001	0.490116	0.467424	1	0	0
X	68500001	0.510357	0.467424	1	0	0
X	69000001	0.501773	0.467424	1	0	0
X	69500001	0.481541	0.467424	1	0	0
X	70000001	0.474949	0.467424	1	0	0
X	70500001	0.464891	0.467424	1	0	0
X	71000001	0.462029	0.467424	1	0	0
X	71500001	0.451778	0.467424	1	0	0
X	72000001	0.512893	0.467424	1	0	0
X	72500001	0.491331	0.467424	1	0	0
X	73000001	0.48407	0.467424	1	0	0
X	73500001	0.500725	0.467424	1	0	0
X	74000001	0.492395	0.467424	1	0	0
X	74500001	0.488966	0.467424	1	0	0
X	75000001	0.475918	0.467424	1	0	0
X	75500001	0.442524	0.467424	1	0	0
X	76000001	0.482642	0.467424	1	0	0
X	76500001	0.452251	0.467424	1	0	0
X	77000001	0.479166	0.467424	1	0	0
X	77500001	0.517431	0.467424	1	0	0
X	78000001	0.47918	0.467424	1	0	0
X	78500001	0.490265	0.467424	1	0	0
X	79000001	0.440735	0.467424	1	0	0
X	79500001	0.465976	0.467424	1	0	0
X	80000001	0.487315	0.467424	1	0	0
X	80500001	0.466175	0.467424	1	0	0
X	81000001	0.444961	0.467424	1	0	0
X	81500001	0.472841	0.467424	1	0	0
X	82000001	0.441244	0.467424	1	0	0
X	82500001	0.489915	0.467424	1	0	0
X	83000001	0.489379	0.467424	1	0	0
X	83500001	0.497335	0.467424	1	0	0
X	84000001	0.445157	0.467424	1	0	0
X	84500001	0.426888	0.467424	1	0	0
X	85000001	0.488229	0.467424	1	0	0
X	85500001	0.497907	0.467424	1	0	0
X	86000001	0.504715	0.467424	1	0	0
X	86500001	0.451806	0.467424	1	0	0
X	87000001	0.474388	0.467424	1	0	0
X	87500001	0.471516	0.467424	1	0	0
X	88000001	0.432222	0.467424	1	0	0
X	88500001	0.452449	0.467424	1	0	0
X	89000001	0.451538	0.467424	1	0	0
X	89500001	0.41203	0.467424	1	0	0
X	90000001	0.42653	0.467424	1	0	0
X	90500001	0.456385	0.467424	1	0	0
X	91000001	0.437227	0.467424	1	0	0
X	91500001	0.414715	0.467424	1	0	0
X	92000001	0.435872	0.467424	1	0	0
X	92500001	0.441405	0.467424	1	0	0
X	93000001	0.459443	0.467424	1	0	0
X	93500001	0.464581	0.467424	1	0	0
X	94000001	0.451359	0.467424	1	0	0
X	94500001	0.437485	0.467424	1	0	0
X	95000001	0.452571	0.467424	1	0	0
X	95500001	0.467859	0.467424	1	0	0
X	96000001	0.44299	0.467424	1	0	0
X	96500001	0.430646	0.467424	1	0	0
X	97000001	0.392197	0.467424	1	0	0
X	97500001	0.446025	0.467424	1	0	0
X	98000001	0.454819	0.467424	1	0	0
X	98500001	0.448934	0.467424	1	0	0
X	99000001	0.428133	0.467424	1	0	0
X	99500001	0.464358	0.467424	1	0	0
X	100000001	0.469667	0.467424	1	0	0
X	100500001	0.509842	0.467424	1	0	0
X	101000001	0.458608	0.467424	1	0	0
X	101500001	0.446008	0.467424	1	0	0
X	102000001	0.467424	0.467424	1	0	0
X	102500001	0.471139	0.467424	1	0	0
X	103000001	0.497121	0.487797	1	0	0
X	103500001	0.518048	0.487797	1	0	0
X	104000001	0.506106	0.487797	1	0	0
X	104500001	0.52612	0.487797	1	0	0
X	105000001	0.498086	0.487797	1	0	0
X	105500001	0.489104	0.487797	1	0	0
X	106000001	0.526854	0.487797	1	0	0
X	106500001	0.517976	0.487797	1	0	0
X	107000001	0.53148	0.487797	1	0	0
X	107500001	0.520732	0.487797	1	0	0
X	108000001	0.53272	0.487797	1	0	0
X	108500001	0.48649	0.487797	1	0	0
X	109000001	0.489453	0.487797	1	0	0
X	109500001	0.516934	0.487797	1	0	0
X	110000001	0.494159	0.487797	1	0	0
X	110500001	0.473618	0.487797	1	0	0
X	111000001	0.452672	0.487797	1	0	0
X	111500001	0.450574	0.487797	1	0	0
X	112000001	0.424915	0.487797	1	0	0
X	112500001	0.45116	0.487797	1	0	0
X	113000001	0.432847	0.487797	1	0	0
X	113500001	0.460922	0.487797	1	0	0
X	114000001	0.460384	0.487797	1	0	0
X	114500001	0.460709	0.487797	1	0	0
X	115000001	0.499985	0.487797	1	0	0
X	115500001	-1	0.487797	1	0	0
X	116000001	0.550256	0.487797	1	0	0
X	116500001	0.518689	0.487797	1	0	0
X	117000001	0.470859	0.487797	1	0	0
X	117500001	0.514783	0.487797	1	0	0
X	118000001	0.496005	0.487797	1	0	0
X	118500001	0.492791	0.487797	1	0	0
X	119000001	0.526848	0.487797	1	0	0
X	119500001	0.478827	0.487797	1	0	0
X	120000001	0.498315	0.487797	1	0	0
X	120500001	0.415137	0.487797	1	0	0
X	121000001	0.456287	0.487797	1	0	0
X	121500001	0.445036	0.487797	1	0	0
X	122000001	0.476996	0.487797	1	0	0
X	122500001	0.465575	0.487797	1	0	0
X	123000001	0.460134	0.487797	1	0	0
X	123500001	0.49591	0.487797	1	0	0
X	124000001	0.53716	0.487797	1	0	0
X	124500001	0.483243	0.487797	1	0	0
X	125000001	0.485053	0.487797	1	0	0
X	125500001	0.46779	0.487797	1	0	0
X	126000001	0.469385	0.487797	1	0	0
X	126500001	0.476117	0.487797	1	0	0
X	127000001	0.460018	0.487797	1	0	0
X	127500001	0.482698	0.487797	1	0	0
X	128000001	0.469396	0.487797	1	0	0
X	128500001	0.474509	0.487797	1	0	0
X	129000001	0.528098	0.487797	1	0	0
X	129500001	0.494243	0.487797	1	0	0
X	130000001	0.4962	0.487797	1	0	0
X	130500001	0.477912	0.487797	1	0	0
X	131000001	0.484674	0.487797	1	0	0
X	131500001	0.503012	0.487797	1	0	0
X	132000001	0.516249	0.487797	1	0	0
X	132500001	0.819827	0.819827	2	0	0
X	133000001	1.48568	1.48568	3	0	0
X	133500001	0.824817	0.824817	2	0	0
X	134000001	0.462348	0.490661	1	0	0
X	134500001	0.531341	0.490661	1	0	0
X	135000001	0.500739	0.490661	1	0	0
X	135500001	0.508605	0.490661	1	0	0
X	136000001	0.5391	0.490661	1	0	0
X	136500001	0.502076	0.490661	1	0	0
X	137000001	0.491205	0.490661	1	0	0
X	137500001	0.424753	0.490661	1	0	0
X	138000001	0.493005	0.490661	1	0	0
X	138500001	0.517393	0.490661	1	0	0
X	139000001	0.534793	0.490661	1	0	0
X	139500001	0.49497	0.490661	1	0	0
X	140000001	0.459713	0.490661	1	0	0
X	140500001	0.489721	0.490661	1	0	0
X	141000001	0.542443	0.490661	1	0	0
X	141500001	0.489575	0.490661	1	0	0
X	142000001	0.471116	0.490661	1	0	0
X	142500001	0.493954	0.490661	1	0	0
X	143000001	0.497509	0.490661	1	0	0
X	143500001	0.461345	0.490661	1	0	0
X	144000001	0.4832	0.490661	1	0	0
X	144500001	0.49139	0.490661	1	0	0
X	145000001	0.481201	0.490661	1	0	0
X	145500001	0.472069	0.490661	1	0	0
X	146000001	0.430769	0.490661	1	0	0
X	146500001	0.469758	0.490661	1	0	0
X	147000001	0.454705	0.490661	1	0	0
X	147500001	0.490117	0.490661	1	0	0
X	148000001	0.445163	0.490661	1	0	0
X	148500001	0.427763	0.490661	1	0	0
X	149000001	0.47495	0.490661	1	0	0
X	149500001	0.466171	0.490661	1	0	0
X	150000001	0.489653	0.490661	1	0	0
X	150500001	0.486537	0.490661	1	0	0
X	151000001	0.479365	0.490661	1	0	0
X	151500001	0.500889	0.490661	1	0	0
X	152000001	0.538875	0.490661	1	0	0
X	152500001	0.520553	0.490661	1	0	0
X	153000001	0.500845	0.490661	1	0	0
X	153500001	0.507943	0.490661	1	0	0
X	154000001	0.443599	0.490661	1	0	0
X	154500001	0.51998	0.490661	1	0	0
X	155000001	0.512554	0.490661	1	0	0
X	155500001	0.519886	0.490661	1	0	0
X	156000001	-1	-1	-1	0	0
Y	1	-1	-1	-1	0	0
Y	500001	-1	-1	-1	0	0
Y	1000001	-1	-1	-1	0	0
Y	1500001	-1	-1	-1	0	0
Y	2000001	-1	-1	-1	0	0
Y	2500001	-1	-1	-1	0	0
Y	3000001	0.0297954	0.0266801	0	0	0
Y	3500001	0.0235648	0.0266801	0	0	0
Y	4000001	0.0204608	0.0266801	0	0	0
Y	4500001	0.0340454	0.0266801	0	0	0
Y	5000001	0.0234822	0.0266801	0	0	0
Y	5500001	0.0345309	0.0266801	0	0	0
Y	6000001	0.00412682	0.00368371	0	0	0
Y	6500001	0.0106286	0.00368371	0	0	0
Y	7000001	0.00324059	0.00368371	0	0	0
Y	7500001	0	0.00368371	0	0	0
Y	8000001	0.00113841	0.00368371	0	0	0
Y	8500001	0	0.00368371	0	0	0
Y	9000001	-1	0.00368371	0	0	0
Y	9500001	0.00694908	0.00368371	0	0	0
Y	10000001	0.0363962	0.00368371	0	0	0
Y	10500001	-1	-1	-1	0	0
Y	11000001	0.627863	0.876953	2	0	0
Y	11500001	1.12604	0.876953	2	0	0
Y	12000001	0.000723433	0.0011326	0	0	0
Y	12500001	0	0.0011326	0	0	0
Y	13000001	0.00194014	0.0011326	0	0	0
Y	13500001	0.00412032	0.0011326	0	0	0
Y	14000001	0.000763278	0.0011326	0	0	0
Y	14500001	0.000767461	0.0011326	0	0	0
Y	15000001	0.00112867	0.0011326	0	0	0
Y	15500001	0.000768827	0.0011326	0	0	0
Y	16000001	0.000387111	0.0011326	0	0	0
Y	16500001	0.00196592	0.0011326	0	0	0
Y	17000001	0.00729831	0.0011326	0	0	0
Y	17500001	0.00225516	0.0011326	0	0	0
Y	18000001	0.0018812	0.0011326	0	0	0
Y	18500001	0	0.0011326	0	0	0
Y	19000001	0.0011326	0.0011326	0	0	0
Y	19500001	0.000775227	0.0011326	0	0	0
Y	20000001	0.00331186	0.0011326	0	0	0
Y	20500001	0	0.0011326	0	0	0
Y	21000001	0	0.0011326	0	0	0
Y	21500001	0.000766671	0.0011326	0	0	0
Y	22000001	0.00185496	0.0011326	0	0	0
Y	22500001	0.000375983	0.0011326	0	0	0
Y	23000001	0.00192096	0.0011326	0	0	0
Y	23500001	0.00155744	0.0011326	0	0	0
Y	24000001	0.00367678	0.0011326	0	0	0
Y	24500001	0.00113053	0.0011326	0	0	0
Y	25000001	0.00471999	0.0011326	0	0	0
Y	25500001	0.00116764	0.0011326	0	0	0
Y	26000001	0.0103417	0.0011326	0	0	0
Y	26500001	-1	-1	-1	0	0
Y	27000001	-1	-1	-1	0	0
Y	27500001	-1	-1	-1	0	0
Y	28000001	-1	-1	-1	0	0
Y	28500001	-1	-1	-1	0	0
Y	29000001	-1	-1	-1	0	0
Y	29500001	-1	-1	-1	0	0
Y	30000001	-1	-1	-1	0	0
Y	30500001	-1	-1	-1	0	0
Y	31000001	-1	-1	-1	0	0
Y	31500001	-1	-1	-1	0	0
Y	32000001	-1	-1	-1	0	0
Y	32500001	-1	-1	-1	0	0
Y	33000001	-1	-1	-1	0	0
Y	33500001	-1	-1	-1	0	0
Y	34000001	-1	-1	-1	0	0
Y	34500001	-1	-1	-1	0	0
Y	35000001	-1	-1	-1	0	0
Y	35500001	-1	-1	-1	0	0
Y	36000001	-1	-1	-1	0	0
Y	36500001	-1	-1	-1	0	0
Y	37000001	-1	-1	-1	0	0
Y	37500001	-1	-1	-1	0	0
Y	38000001	-1	-1	-1	0	0
Y	38500001	-1	-1	-1	0	0
Y	39000001	-1	-1	-1	0	0
Y	39500001	-1	-1	-1	0	0
Y	40000001	-1	-1	-1	0	0
Y	40500001	-1	-1	-1	0	0
Y	41000001	-1	-1	-1	0	0
Y	41500001	-1	-1	-1	0	0
Y	42000001	-1	-1	-1	0	0
Y	42500001	-1	-1	-1	0	0
Y	43000001	-1	-1	-1	0	0
Y	43500001	-1	-1	-1	0	0
Y	44000001	-1	-1	-1	0	0
Y	44500001	-1	-1	-1	0	0
Y	45000001	-1	-1	-1	0	0
Y	45500001	-1	-1	-1	0	0
Y	46000001	-1	-1	-1	0	0
Y	46500001	-1	-1	-1	0	0
Y	47000001	-1	-1	-1	0	0
Y	47500001	-1	-1	-1	0	0
Y	48000001	-1	-1	-1	0	0
Y	48500001	-1	-1	-1	0	0
Y	49000001	-1	-1	-1	0	0
Y	49500001	-1	-1	-1	0	0
Y	50000001	-1	-1	-1	0	0
Y	50500001	-1	-1	-1	0	0
Y	51000001	-1	-1	-1	0	0
Y	51500001	-1	-1	-1	0	0
Y	52000001	-1	-1	-1	0	0
Y	52500001	-1	-1	-1	0	0
Y	53000001	-1	-1	-1	0	0
Y	53500001	-1	-1	-1	0	0
Y	54000001	-1	-1	-1	0	0
Y	54500001	-1	-1	-1	0	0
Y	55000001	-1	-1	-1	0	0
Y	55500001	-1	-1	-1	0	0
Y	56000001	-1	-1	-1	0	0
Y	56500001	-1	-1	-1	0	0
Y	57000001	-1	-1	-1	0	0
