Chromosome	Start	Ratio	MedianRatio	CopyNumber	Subclone_CN	Subclone_Population
1	1	-1	-1	-1	0	0
1	500001	1.79972	1.40534	3	0	0
1	1000001	1.5133	1.40534	3	0	0
1	1500001	1.44221	1.40534	3	0	0
1	2000001	1.49815	1.40534	3	0	0
1	2500001	2.02525	1.40534	3	0	0
1	3000001	1.37878	1.40534	3	0	0
1	3500001	1.40534	1.40534	3	0	0
1	4000001	1.27158	1.40534	3	0	0
1	4500001	1.24292	1.40534	3	0	0
1	5000001	1.32278	1.40534	3	0	0
1	5500001	1.34682	1.40534	3	0	0
1	6000001	1.46627	1.40534	3	0	0
1	6500001	1.38187	1.40534	3	0	0
1	7000001	1.37943	1.40534	3	0	0
1	7500001	1.42678	1.40534	3	0	0
1	8000001	1.48545	1.40534	3	0	0
1	8500001	1.43505	1.40534	3	0	0
1	9000001	1.43503	1.40534	3	0	0
1	9500001	1.49841	1.40534	3	0	0
1	10000001	1.46172	1.40534	3	0	0
1	10500001	1.44471	1.40534	3	0	0
1	11000001	1.33813	1.40534	3	0	0
1	11500001	1.40836	1.40534	3	0	0
1	12000001	1.50281	1.40534	3	0	0
1	12500001	1.37347	1.40534	3	0	0
1	13000001	1.29008	1.40534	3	0	0
1	13500001	1.29004	1.40534	3	0	0
1	14000001	1.30586	1.40534	3	0	0
1	14500001	1.31186	1.40534	3	0	0
1	15000001	1.36335	1.40534	3	0	0
1	15500001	0.991783	1.40534	3	0	0
1	16000001	1.02989	1.40534	3	0	0
1	16500001	2.21875	1.40534	3	0	0
1	17000001	1.16828	0.998835	2	0	0
1	17500001	1.15935	0.998835	2	0	0
1	18000001	0.934474	0.998835	2	0	0
1	18500001	1.00959	0.998835	2	0	0
1	19000001	0.99894	0.998835	2	0	0
1	19500001	0.974377	0.998835	2	0	0
1	20000001	0.990559	0.998835	2	0	0
1	20500001	0.972181	0.998835	2	0	0
1	21000001	1.01718	0.998835	2	0	0
1	21500001	0.98525	0.998835	2	0	0
1	22000001	1.02976	0.998835	2	0	0
1	22500001	1.04454	0.998835	2	0	0
1	23000001	1.60924	0.998835	2	0	0
1	23500001	1.46374	0.998835	2	0	0
1	24000001	1.28026	0.998835	2	0	0
1	24500001	0.992317	0.998835	2	0	0
1	25000001	0.990215	0.998835	2	0	0
1	25500001	1.00868	0.998835	2	0	0
1	26000001	1.02955	0.998835	2	0	0
1	26500001	1.00405	0.998835	2	0	0
1	27000001	0.978829	0.998835	2	0	0
1	27500001	0.992366	0.998835	2	0	0
1	28000001	1.00726	0.998835	2	0	0
1	28500001	0.977483	0.998835	2	0	0
1	29000001	0.959936	0.998835	2	0	0
1	29500001	0.863479	0.998835	2	0	0
1	30000001	0.944278	0.998835	2	0	0
1	30500001	0.993819	0.998835	2	0	0
1	31000001	1.05946	0.998835	2	0	0
1	31500001	1.0332	0.998835	2	0	0
1	32000001	1.04683	0.998835	2	0	0
1	32500001	1.04907	0.998835	2	0	0
1	33000001	1.01285	0.998835	2	0	0
1	33500001	0.962409	0.998835	2	0	0
1	34000001	0.913576	0.998835	2	0	0
1	34500001	0.928904	0.998835	2	0	0
1	35000001	0.974643	0.998835	2	0	0
1	35500001	1.0111	0.998835	2	0	0
1	36000001	0.984521	0.998835	2	0	0
1	36500001	0.993996	0.998835	2	0	0
1	37000001	0.991651	0.998835	2	0	0
1	37500001	1.0256	0.998835	2	0	0
1	38000001	0.966348	0.998835	2	0	0
1	38500001	0.98421	0.998835	2	0	0
1	39000001	1.00851	0.998835	2	0	0
1	39500001	1.06102	0.998835	2	0	0
1	40000001	1.00217	0.998835	2	0	0
1	40500001	0.967822	0.998835	2	0	0
1	41000001	0.993254	0.998835	2	0	0
1	41500001	1.02968	0.998835	2	0	0
1	42000001	1.03907	0.998835	2	0	0
1	42500001	1.02467	0.998835	2	0	0
1	43000001	1.01015	0.998835	2	0	0
1	43500001	1.00981	0.998835	2	0	0
1	44000001	0.991979	0.998835	2	0	0
1	44500001	1.04923	0.998835	2	0	0
1	45000001	1.01858	0.998835	2	0	0
1	45500001	1.05509	0.998835	2	0	0
1	46000001	0.935524	0.998835	2	0	0
1	46500001	0.99431	0.998835	2	0	0
1	47000001	0.999251	0.998835	2	0	0
1	47500001	0.959899	0.998835	2	0	0
1	48000001	0.947458	0.998835	2	0	0
1	48500001	0.880632	0.998835	2	0	0
1	49000001	0.891817	0.998835	2	0	0
1	49500001	0.912622	0.998835	2	0	0
1	50000001	0.986333	0.998835	2	0	0
1	50500001	1.01996	0.998835	2	0	0
1	51000001	1.02662	0.998835	2	0	0
1	51500001	1.03225	0.998835	2	0	0
1	52000001	1.06729	0.998835	2	0	0
1	52500001	0.972216	0.998835	2	0	0
1	53000001	0.974905	0.998835	2	0	0
1	53500001	0.966767	0.998835	2	0	0
1	54000001	0.998835	0.998835	2	0	0
1	54500001	0.97422	0.998835	2	0	0
1	55000001	1.01832	0.998835	2	0	0
1	55500001	0.953642	0.998835	2	0	0
1	56000001	0.940655	0.998835	2	0	0
1	56500001	0.94283	0.998835	2	0	0
1	57000001	0.882217	0.998835	2	0	0
1	57500001	0.925315	0.998835	2	0	0
1	58000001	0.928368	0.998835	2	0	0
1	58500001	1.02981	0.998835	2	0	0
1	59000001	1.04834	0.998835	2	0	0
1	59500001	0.956248	0.998835	2	0	0
1	60000001	0.935646	0.998835	2	0	0
1	60500001	1.01281	0.998835	2	0	0
1	61000001	0.984873	0.998835	2	0	0
1	61500001	0.962962	0.998835	2	0	0
1	62000001	1.00317	0.998835	2	0	0
1	62500001	1.01824	0.998835	2	0	0
1	63000001	0.985595	0.998835	2	0	0
1	63500001	1.05625	0.998835	2	0	0
1	64000001	1.03265	0.998835	2	0	0
1	64500001	0.999535	0.998835	2	0	0
1	65000001	0.995269	0.998835	2	0	0
1	65500001	0.940609	0.998835	2	0	0
1	66000001	1.22248	0.998835	2	0	0
1	66500001	1.01164	0.998835	2	0	0
1	67000001	1.01923	0.998835	2	0	0
1	67500001	1.06321	0.998835	2	0	0
1	68000001	1.01326	0.998835	2	0	0
1	68500001	0.957208	0.998835	2	0	0
1	69000001	0.940525	0.998835	2	0	0
1	69500001	0.971676	0.998835	2	0	0
1	70000001	0.974522	0.998835	2	0	0
1	70500001	0.932422	0.998835	2	0	0
1	71000001	0.949545	0.998835	2	0	0
1	71500001	0.991726	0.998835	2	0	0
1	72000001	0.887947	0.998835	2	0	0
1	72500001	0.977541	0.998835	2	0	0
1	73000001	0.934045	0.998835	2	0	0
1	73500001	0.970524	0.998835	2	0	0
1	74000001	0.964426	0.998835	2	0	0
1	74500001	0.950352	0.998835	2	0	0
1	75000001	1.00001	0.998835	2	0	0
1	75500001	0.969073	0.998835	2	0	0
1	76000001	0.891866	0.998835	2	0	0
1	76500001	0.967025	0.998835	2	0	0
1	77000001	0.979866	0.998835	2	0	0
1	77500001	1.00016	0.998835	2	0	0
1	78000001	1.0487	0.998835	2	0	0
1	78500001	1.09336	0.998835	2	0	0
1	79000001	1.03274	0.998835	2	0	0
1	79500001	1.00537	0.998835	2	0	0
1	80000001	0.989528	0.998835	2	0	0
1	80500001	0.966983	0.998835	2	0	0
1	81000001	0.988502	0.998835	2	0	0
1	81500001	0.990728	0.998835	2	0	0
1	82000001	0.997487	0.998835	2	0	0
1	82500001	1.03106	0.998835	2	0	0
1	83000001	1.00215	0.998835	2	0	0
1	83500001	1.03036	0.998835	2	0	0
1	84000001	1.06579	0.998835	2	0	0
1	84500001	1.02892	0.998835	2	0	0
1	85000001	0.99791	0.998835	2	0	0
1	85500001	0.998273	0.998835	2	0	0
1	86000001	0.989052	0.998835	2	0	0
1	86500001	1.03888	0.998835	2	0	0
1	87000001	1.05977	0.998835	2	0	0
1	87500001	1.07033	0.998835	2	0	0
1	88000001	0.989545	0.998835	2	0	0
1	88500001	1.02073	0.998835	2	0	0
1	89000001	1.03332	0.998835	2	0	0
1	89500001	1.0551	0.998835	2	0	0
1	90000001	0.996282	0.998835	2	0	0
1	90500001	0.973389	0.998835	2	0	0
1	91000001	1.009	0.998835	2	0	0
1	91500001	1.04929	0.998835	2	0	0
1	92000001	1.00683	0.998835	2	0	0
1	92500001	1.01172	0.998835	2	0	0
1	93000001	1.04587	0.998835	2	0	0
1	93500001	1.12886	0.998835	2	0	0
1	94000001	1.05369	0.998835	2	0	0
1	94500001	1.09951	0.998835	2	0	0
1	95000001	1.06142	0.998835	2	0	0
1	95500001	0.986284	0.998835	2	0	0
1	96000001	0.967141	0.998835	2	0	0
1	96500001	0.981446	0.998835	2	0	0
1	97000001	1.02105	0.998835	2	0	0
1	97500001	1.28661	0.998835	2	0	0
1	98000001	1.22413	0.998835	2	0	0
1	98500001	1.0984	0.998835	2	0	0
1	99000001	1.03861	0.998835	2	0	0
1	99500001	1.02269	0.998835	2	0	0
1	100000001	1.01481	0.998835	2	0	0
1	100500001	1.02432	0.998835	2	0	0
1	101000001	0.998092	0.998835	2	0	0
1	101500001	1.00587	0.998835	2	0	0
1	102000001	0.995302	0.998835	2	0	0
1	102500001	0.986588	0.998835	2	0	0
1	103000001	1.00492	0.998835	2	0	0
1	103500001	0.972178	0.998835	2	0	0
1	104000001	0.955566	0.998835	2	0	0
1	104500001	0.921649	0.998835	2	0	0
1	105000001	0.997906	0.998835	2	0	0
1	105500001	0.935534	0.998835	2	0	0
1	106000001	0.977456	0.998835	2	0	0
1	106500001	0.990328	0.998835	2	0	0
1	107000001	0.988192	0.998835	2	0	0
1	107500001	0.989511	0.998835	2	0	0
1	108000001	0.954194	0.998835	2	0	0
1	108500001	1.05442	0.998835	2	0	0
1	109000001	0.996157	0.998835	2	0	0
1	109500001	0.980271	0.998835	2	0	0
1	110000001	1.04478	0.998835	2	0	0
1	110500001	1.00842	0.998835	2	0	0
1	111000001	1.00211	0.998835	2	0	0
1	111500001	0.959046	0.998835	2	0	0
1	112000001	1.03979	0.998835	2	0	0
1	112500001	1.01559	0.998835	2	0	0
1	113000001	1.08002	0.998835	2	0	0
1	113500001	0.983953	0.998835	2	0	0
1	114000001	0.994454	0.998835	2	0	0
1	114500001	1.067	0.998835	2	0	0
1	115000001	1.09246	0.998835	2	0	0
1	115500001	1.04536	0.998835	2	0	0
1	116000001	1.03507	0.998835	2	0	0
1	116500001	1.10295	0.998835	2	0	0
1	117000001	1.05067	0.998835	2	0	0
1	117500001	0.996489	0.998835	2	0	0
1	118000001	1.00321	0.998835	2	0	0
1	118500001	1.01407	0.998835	2	0	0
1	119000001	0.996793	0.998835	2	0	0
1	119500001	1.04457	0.998835	2	0	0
1	120000001	0.813504	0.998835	2	0	0
1	120500001	0.574616	0.998835	2	0	0
1	121000001	1.01915	0.998835	2	0	0
1	121500001	1.02209	0.998835	2	0	0
1	122000001	0.562397	0.998835	2	0	0
1	122500001	1.63337	1.71862	3	0	0
1	123000001	1.71862	1.71862	3	0	0
1	123500001	2.03289	1.71862	3	0	0
1	124000001	2.56376	2.56376	5	0	0
1	124500001	3.44574	3.44574	7	0	0
1	125000001	-1	-1	-1	0	0
1	125500001	-1	-1	-1	0	0
1	126000001	-1	-1	-1	0	0
1	126500001	-1	-1	-1	0	0
1	127000001	-1	-1	-1	0	0
1	127500001	-1	-1	-1	0	0
1	128000001	-1	-1	-1	0	0
1	128500001	-1	-1	-1	0	0
1	129000001	-1	-1	-1	0	0
1	129500001	-1	-1	-1	0	0
1	130000001	-1	-1	-1	0	0
1	130500001	-1	-1	-1	0	0
1	131000001	-1	-1	-1	0	0
1	131500001	-1	-1	-1	0	0
1	132000001	-1	-1	-1	0	0
1	132500001	-1	-1	-1	0	0
1	133000001	-1	-1	-1	0	0
1	133500001	-1	-1	-1	0	0
1	134000001	-1	-1	-1	0	0
1	134500001	-1	-1	-1	0	0
1	135000001	-1	-1	-1	0	0
1	135500001	-1	-1	-1	0	0
1	136000001	-1	-1	-1	0	0
1	136500001	-1	-1	-1	0	0
1	137000001	-1	-1	-1	0	0
1	137500001	-1	-1	-1	0	0
1	138000001	-1	-1	-1	0	0
1	138500001	-1	-1	-1	0	0
1	139000001	-1	-1	-1	0	0
1	139500001	-1	-1	-1	0	0
1	140000001	-1	-1	-1	0	0
1	140500001	-1	-1	-1	0	0
1	141000001	-1	-1	-1	0	0
1	141500001	-1	-1	-1	0	0
1	142000001	-1	-1	-1	0	0
1	142500001	-1	-1	-1	0	0
1	143000001	-1	-1	-1	0	0
1	143500001	0.976193	1.00651	2	0	0
1	144000001	1.0015	1.00651	2	0	0
1	144500001	1.02566	1.00651	2	0	0
1	145000001	1.1853	1.00651	2	0	0
1	145500001	1.09077	1.00651	2	0	0
1	146000001	1.03803	1.00651	2	0	0
1	146500001	1.02461	1.00651	2	0	0
1	147000001	0.994288	1.00651	2	0	0
1	147500001	1.00204	1.00651	2	0	0
1	148000001	1.04972	1.00651	2	0	0
1	148500001	1.17708	1.00651	2	0	0
1	149000001	1.08094	1.00651	2	0	0
1	149500001	0.947254	1.00651	2	0	0
1	150000001	0.998186	1.00651	2	0	0
1	150500001	0.976621	1.00651	2	0	0
1	151000001	0.970304	1.00651	2	0	0
1	151500001	1.01878	1.00651	2	0	0
1	152000001	1.01664	1.00651	2	0	0
1	152500001	1.07088	1.00651	2	0	0
1	153000001	0.997573	1.00651	2	0	0
1	153500001	1.01756	1.00651	2	0	0
1	154000001	0.984479	1.00651	2	0	0
1	154500001	0.996033	1.00651	2	0	0
1	155000001	0.99363	1.00651	2	0	0
1	155500001	1.02297	1.00651	2	0	0
1	156000001	1.06619	1.00651	2	0	0
1	156500001	1.00651	1.00651	2	0	0
1	157000001	1.00838	1.00651	2	0	0
1	157500001	0.898338	1.00651	2	0	0
1	158000001	0.906423	1.00651	2	0	0
1	158500001	0.949271	1.00651	2	0	0
1	159000001	0.998274	1.00651	2	0	0
1	159500001	1.02126	1.00651	2	0	0
1	160000001	1.0608	1.00651	2	0	0
1	160500001	1.08072	1.00651	2	0	0
1	161000001	1.14719	1.00651	2	0	0
1	161500001	0.997756	1.00651	2	0	0
1	162000001	1.03235	1.00651	2	0	0
1	162500001	1.05861	1.00651	2	0	0
1	163000001	0.981652	1.00651	2	0	0
1	163500001	0.981703	1.00651	2	0	0
1	164000001	1.0882	1.00651	2	0	0
1	164500001	0.994714	1.00651	2	0	0
1	165000001	0.939647	1.00651	2	0	0
1	165500001	0.942467	1.00651	2	0	0
1	166000001	0.929447	1.00651	2	0	0
1	166500001	1.01675	1.00651	2	0	0
1	167000001	0.975957	1.00651	2	0	0
1	167500001	1.07986	1.00651	2	0	0
1	168000001	1.06398	1.00651	2	0	0
1	168500001	1.02886	1.00651	2	0	0
1	169000001	1.00934	1.00651	2	0	0
1	169500001	0.951496	1.00651	2	0	0
1	170000001	0.974309	1.00651	2	0	0
1	170500001	0.98715	1.00651	2	0	0
1	171000001	0.978628	1.00651	2	0	0
1	171500001	0.983406	1.00651	2	0	0
1	172000001	1.06846	1.00651	2	0	0
1	172500001	1.11393	1.00651	2	0	0
1	173000001	1.4998	1.50858	3	0	0
1	173500001	1.49868	1.50858	3	0	0
1	174000001	1.51558	1.50858	3	0	0
1	174500001	1.42738	1.50858	3	0	0
1	175000001	1.54335	1.50858	3	0	0
1	175500001	1.43346	1.50858	3	0	0
1	176000001	1.42519	1.50858	3	0	0
1	176500001	1.3835	1.50858	3	0	0
1	177000001	1.42108	1.50858	3	0	0
1	177500001	1.51837	1.50858	3	0	0
1	178000001	1.58651	1.50858	3	0	0
1	178500001	1.6173	1.50858	3	0	0
1	179000001	1.48359	1.50858	3	0	0
1	179500001	1.58132	1.50858	3	0	0
1	180000001	1.54239	1.50858	3	0	0
1	180500001	1.58349	1.50858	3	0	0
1	181000001	1.54057	1.50858	3	0	0
1	181500001	1.49254	1.50858	3	0	0
1	182000001	1.48204	1.50858	3	0	0
1	182500001	1.63791	1.50858	3	0	0
1	183000001	1.62038	1.50858	3	0	0
1	183500001	1.61795	1.50858	3	0	0
1	184000001	1.52762	1.50858	3	0	0
1	184500001	1.552	1.50858	3	0	0
1	185000001	1.52912	1.50858	3	0	0
1	185500001	1.58716	1.50858	3	0	0
1	186000001	1.69771	1.50858	3	0	0
1	186500001	1.69844	1.50858	3	0	0
1	187000001	1.6125	1.50858	3	0	0
1	187500001	1.59656	1.50858	3	0	0
1	188000001	1.58438	1.50858	3	0	0
1	188500001	1.55421	1.50858	3	0	0
1	189000001	1.51437	1.50858	3	0	0
1	189500001	1.55194	1.50858	3	0	0
1	190000001	1.56488	1.50858	3	0	0
1	190500001	1.61889	1.50858	3	0	0
1	191000001	1.54229	1.50858	3	0	0
1	191500001	1.51474	1.50858	3	0	0
1	192000001	1.54559	1.50858	3	0	0
1	192500001	1.56893	1.50858	3	0	0
1	193000001	1.47737	1.50858	3	0	0
1	193500001	1.56277	1.50858	3	0	0
1	194000001	1.45175	1.50858	3	0	0
1	194500001	1.50646	1.50858	3	0	0
1	195000001	1.44284	1.50858	3	0	0
1	195500001	1.52456	1.50858	3	0	0
1	196000001	1.48683	1.50858	3	0	0
1	196500001	1.5392	1.50858	3	0	0
1	197000001	1.61496	1.50858	3	0	0
1	197500001	1.67826	1.50858	3	0	0
1	198000001	1.68072	1.50858	3	0	0
1	198500001	1.67911	1.50858	3	0	0
1	199000001	1.53786	1.50858	3	0	0
1	199500001	1.5928	1.50858	3	0	0
1	200000001	1.54568	1.50858	3	0	0
1	200500001	1.54665	1.50858	3	0	0
1	201000001	1.61149	1.50858	3	0	0
1	201500001	1.5711	1.50858	3	0	0
1	202000001	1.48159	1.50858	3	0	0
1	202500001	1.50431	1.50858	3	0	0
1	203000001	1.63143	1.50858	3	0	0
1	203500001	1.62274	1.50858	3	0	0
1	204000001	1.5611	1.50858	3	0	0
1	204500001	1.54391	1.50858	3	0	0
1	205000001	1.5243	1.50858	3	0	0
1	205500001	1.49412	1.50858	3	0	0
1	206000001	1.5257	1.50858	3	0	0
1	206500001	1.56533	1.50858	3	0	0
1	207000001	1.59625	1.50858	3	0	0
1	207500001	1.43581	1.50858	3	0	0
1	208000001	1.46071	1.50858	3	0	0
1	208500001	1.55733	1.50858	3	0	0
1	209000001	1.64006	1.50858	3	0	0
1	209500001	1.61596	1.50858	3	0	0
1	210000001	1.50406	1.50858	3	0	0
1	210500001	1.43019	1.50858	3	0	0
1	211000001	1.45081	1.50858	3	0	0
1	211500001	1.50459	1.50858	3	0	0
1	212000001	1.55906	1.50858	3	0	0
1	212500001	1.47984	1.50858	3	0	0
1	213000001	1.47186	1.50858	3	0	0
1	213500001	1.44923	1.50858	3	0	0
1	214000001	1.58214	1.50858	3	0	0
1	214500001	1.67964	1.50858	3	0	0
1	215000001	1.53206	1.50858	3	0	0
1	215500001	1.50877	1.50858	3	0	0
1	216000001	1.46697	1.50858	3	0	0
1	216500001	1.42664	1.50858	3	0	0
1	217000001	1.42875	1.50858	3	0	0
1	217500001	1.41215	1.50858	3	0	0
1	218000001	1.48251	1.50858	3	0	0
1	218500001	1.52883	1.50858	3	0	0
1	219000001	1.47808	1.50858	3	0	0
1	219500001	1.43951	1.50858	3	0	0
1	220000001	1.53908	1.50858	3	0	0
1	220500001	1.49681	1.50858	3	0	0
1	221000001	1.55044	1.50858	3	0	0
1	221500001	1.60883	1.50858	3	0	0
1	222000001	1.56445	1.50858	3	0	0
1	222500001	1.58204	1.50858	3	0	0
1	223000001	1.5012	1.50858	3	0	0
1	223500001	1.47262	1.50858	3	0	0
1	224000001	1.56761	1.50858	3	0	0
1	224500001	1.46351	1.50858	3	0	0
1	225000001	1.56736	1.50858	3	0	0
1	225500001	1.48021	1.50858	3	0	0
1	226000001	1.45829	1.50858	3	0	0
1	226500001	1.50393	1.50858	3	0	0
1	227000001	1.5439	1.50858	3	0	0
1	227500001	1.47648	1.50858	3	0	0
1	228000001	1.37424	1.50858	3	0	0
1	228500001	1.8511	1.50858	3	0	0
1	229000001	1.47528	1.50858	3	0	0
1	229500001	1.51743	1.50858	3	0	0
1	230000001	1.487	1.50858	3	0	0
1	230500001	1.44223	1.50858	3	0	0
1	231000001	1.48962	1.50858	3	0	0
1	231500001	1.42071	1.50858	3	0	0
1	232000001	1.05947	1.50858	3	0	0
1	232500001	1.51933	1.50858	3	0	0
1	233000001	1.49226	1.50858	3	0	0
1	233500001	1.4985	1.50858	3	0	0
1	234000001	1.53571	1.50858	3	0	0
1	234500001	1.60668	1.50858	3	0	0
1	235000001	1.47377	1.50858	3	0	0
1	235500001	1.52597	1.50858	3	0	0
1	236000001	1.50201	1.50858	3	0	0
1	236500001	1.47523	1.50858	3	0	0
1	237000001	1.4032	1.50858	3	0	0
1	237500001	1.40697	1.50858	3	0	0
1	238000001	1.48274	1.50858	3	0	0
1	238500001	1.49478	1.50858	3	0	0
1	239000001	1.49546	1.50858	3	0	0
1	239500001	1.45288	1.50858	3	0	0
1	240000001	1.49685	1.50858	3	0	0
1	240500001	1.54676	1.50858	3	0	0
1	241000001	1.48554	1.50858	3	0	0
1	241500001	1.56877	1.50858	3	0	0
1	242000001	1.40638	1.50858	3	0	0
1	242500001	1.3615	1.50858	3	0	0
1	243000001	1.50838	1.50858	3	0	0
1	243500001	1.44666	1.50858	3	0	0
1	244000001	1.47194	1.50858	3	0	0
1	244500001	1.46584	1.50858	3	0	0
1	245000001	1.49377	1.50858	3	0	0
1	245500001	1.41321	1.50858	3	0	0
1	246000001	1.48985	1.50858	3	0	0
1	246500001	1.40405	1.50858	3	0	0
1	247000001	1.39894	1.50858	3	0	0
1	247500001	1.42445	1.50858	3	0	0
1	248000001	1.42202	1.50858	3	0	0
1	248500001	1.21776	1.50858	3	0	0
10	1	1.92743	1.49841	3	0	0
10	500001	1.47629	1.49841	3	0	0
10	1000001	1.48245	1.49841	3	0	0
10	1500001	1.49897	1.49841	3	0	0
10	2000001	1.45629	1.49841	3	0	0
10	2500001	1.457	1.49841	3	0	0
10	3000001	1.45454	1.49841	3	0	0
10	3500001	1.58178	1.49841	3	0	0
10	4000001	1.57367	1.49841	3	0	0
10	4500001	1.65713	1.49841	3	0	0
10	5000001	1.64315	1.49841	3	0	0
10	5500001	1.56711	1.49841	3	0	0
10	6000001	1.49785	1.49841	3	0	0
10	6500001	1.46623	1.49841	3	0	0
10	7000001	1.37983	1.49841	3	0	0
10	7500001	1.88208	1.49841	3	0	0
10	8000001	2.49598	2.56414	5	0	0
10	8500001	2.6323	2.56414	5	0	0
10	9000001	1.83519	1.43526	3	0	0
10	9500001	1.41739	1.43526	3	0	0
10	10000001	1.41577	1.43526	3	0	0
10	10500001	1.41728	1.43526	3	0	0
10	11000001	1.43044	1.43526	3	0	0
10	11500001	1.58596	1.43526	3	0	0
10	12000001	1.41973	1.43526	3	0	0
10	12500001	1.48644	1.43526	3	0	0
10	13000001	1.5572	1.43526	3	0	0
10	13500001	1.55687	1.43526	3	0	0
10	14000001	1.52593	1.43526	3	0	0
10	14500001	1.50464	1.43526	3	0	0
10	15000001	1.42441	1.43526	3	0	0
10	15500001	1.51776	1.43526	3	0	0
10	16000001	1.38878	1.43526	3	0	0
10	16500001	1.44537	1.43526	3	0	0
10	17000001	1.47838	1.43526	3	0	0
10	17500001	1.44008	1.43526	3	0	0
10	18000001	1.41051	1.43526	3	0	0
10	18500001	1.3476	1.43526	3	0	0
10	19000001	1.36205	1.43526	3	0	0
10	19500001	1.36115	1.43526	3	0	0
10	20000001	0.614496	0.526409	1	0	0
10	20500001	0.528061	0.526409	1	0	0
10	21000001	0.527267	0.526409	1	0	0
10	21500001	0.508657	0.526409	1	0	0
10	22000001	0.527937	0.526409	1	0	0
10	22500001	0.487113	0.526409	1	0	0
10	23000001	0.496573	0.526409	1	0	0
10	23500001	0.5508	0.526409	1	0	0
10	24000001	0.497754	0.526409	1	0	0
10	24500001	0.526409	0.526409	1	0	0
10	25000001	0.528546	0.526409	1	0	0
10	25500001	0.469028	0.526409	1	0	0
10	26000001	0.469846	0.526409	1	0	0
10	26500001	0.528656	0.526409	1	0	0
10	27000001	0.530213	0.526409	1	0	0
10	27500001	0.539179	0.526409	1	0	0
10	28000001	0.462433	0.526409	1	0	0
10	28500001	0.512188	0.526409	1	0	0
10	29000001	0.510212	0.526409	1	0	0
10	29500001	0.852995	0.985314	2	0	0
10	30000001	1.04202	0.985314	2	0	0
10	30500001	0.967087	0.985314	2	0	0
10	31000001	0.961451	0.985314	2	0	0
10	31500001	1.16098	0.985314	2	0	0
10	32000001	1.12421	0.985314	2	0	0
10	32500001	1.08407	0.985314	2	0	0
10	33000001	1.06354	0.985314	2	0	0
10	33500001	1.01273	0.985314	2	0	0
10	34000001	1.03653	0.985314	2	0	0
10	34500001	0.956038	0.985314	2	0	0
10	35000001	1.08229	0.985314	2	0	0
10	35500001	0.976685	0.985314	2	0	0
10	36000001	1.06718	0.985314	2	0	0
10	36500001	0.981955	0.985314	2	0	0
10	37000001	0.949745	0.985314	2	0	0
10	37500001	0.969195	0.985314	2	0	0
10	38000001	0.922106	0.985314	2	0	0
10	38500001	1.10043	0.985314	2	0	0
10	39000001	0.985314	0.985314	2	0	0
10	39500001	0.480373	0.985314	2	0	0
10	40000001	1.59783	1.79585	4	0	0
10	40500001	1.99387	1.79585	4	0	0
10	41000001	1.11869	1.11869	2	0	0
10	41500001	-1	-1	-1	0	0
10	42000001	3.38579	3.38579	7	0	0
10	42500001	1.38639	1.47995	3	0	0
10	43000001	1.37072	1.47995	3	0	0
10	43500001	1.43499	1.47995	3	0	0
10	44000001	1.28115	1.47995	3	0	0
10	44500001	1.36762	1.47995	3	0	0
10	45000001	1.46088	1.47995	3	0	0
10	45500001	1.53165	1.47995	3	0	0
10	46000001	1.4411	1.47995	3	0	0
10	46500001	1.68232	1.47995	3	0	0
10	47000001	1.60229	1.47995	3	0	0
10	47500001	-1	1.47995	3	0	0
10	48000001	1.54555	1.47995	3	0	0
10	48500001	1.46806	1.47995	3	0	0
10	49000001	1.44314	1.47995	3	0	0
10	49500001	1.44833	1.47995	3	0	0
10	50000001	1.42022	1.47995	3	0	0
10	50500001	1.46124	1.47995	3	0	0
10	51000001	1.43878	1.47995	3	0	0
10	51500001	1.41886	1.47995	3	0	0
10	52000001	1.59537	1.47995	3	0	0
10	52500001	1.5655	1.47995	3	0	0
10	53000001	1.71021	1.47995	3	0	0
10	53500001	2.0069	1.47995	3	0	0
10	54000001	1.98738	1.47995	3	0	0
10	54500001	2.00798	1.47995	3	0	0
10	55000001	1.5136	1.47995	3	0	0
10	55500001	1.58958	1.47995	3	0	0
10	56000001	1.46687	1.47995	3	0	0
10	56500001	1.35866	1.47995	3	0	0
10	57000001	1.50176	1.47995	3	0	0
10	57500001	1.49941	1.47995	3	0	0
10	58000001	1.49128	1.47995	3	0	0
10	58500001	1.45281	1.47995	3	0	0
10	59000001	1.37512	1.47995	3	0	0
10	59500001	1.43904	1.47995	3	0	0
10	60000001	1.48949	1.47995	3	0	0
10	60500001	1.46221	1.47995	3	0	0
10	61000001	1.48124	1.47995	3	0	0
10	61500001	1.54162	1.47995	3	0	0
10	62000001	1.59925	1.47995	3	0	0
10	62500001	1.45878	1.47995	3	0	0
10	63000001	1.40431	1.47995	3	0	0
10	63500001	1.50624	1.47995	3	0	0
10	64000001	1.42911	1.47995	3	0	0
10	64500001	1.42346	1.47995	3	0	0
10	65000001	1.47647	1.47995	3	0	0
10	65500001	1.52802	1.47995	3	0	0
10	66000001	1.47365	1.47995	3	0	0
10	66500001	1.50684	1.47995	3	0	0
10	67000001	1.46484	1.47995	3	0	0
10	67500001	1.51834	1.47995	3	0	0
10	68000001	1.53041	1.47995	3	0	0
10	68500001	1.49365	1.47995	3	0	0
10	69000001	1.62339	1.47995	3	0	0
10	69500001	1.52855	1.47995	3	0	0
10	70000001	1.46272	1.47995	3	0	0
10	70500001	1.37012	1.47995	3	0	0
10	71000001	1.52617	1.47995	3	0	0
10	71500001	1.52263	1.47995	3	0	0
10	72000001	1.63128	1.47995	3	0	0
10	72500001	1.53479	1.47995	3	0	0
10	73000001	1.5707	1.47995	3	0	0
10	73500001	1.535	1.47995	3	0	0
10	74000001	1.54686	1.47995	3	0	0
10	74500001	1.55849	1.47995	3	0	0
10	75000001	1.48042	1.47995	3	0	0
10	75500001	1.23898	1.47995	3	0	0
10	76000001	1.43973	1.47995	3	0	0
10	76500001	1.45751	1.47995	3	0	0
10	77000001	1.54425	1.47995	3	0	0
10	77500001	1.50826	1.47995	3	0	0
10	78000001	1.48515	1.47995	3	0	0
10	78500001	1.47387	1.47995	3	0	0
10	79000001	1.51454	1.47995	3	0	0
10	79500001	1.44767	1.47995	3	0	0
10	80000001	1.50596	1.47995	3	0	0
10	80500001	1.4376	1.47995	3	0	0
10	81000001	1.44899	1.47995	3	0	0
10	81500001	1.39901	1.47995	3	0	0
10	82000001	1.40594	1.47995	3	0	0
10	82500001	1.28898	1.47995	3	0	0
10	83000001	1.42255	1.47995	3	0	0
10	83500001	1.33435	1.47995	3	0	0
10	84000001	1.38308	1.47995	3	0	0
10	84500001	1.36711	1.47995	3	0	0
10	85000001	1.41739	1.47995	3	0	0
10	85500001	1.43036	1.47995	3	0	0
10	86000001	1.43844	1.47995	3	0	0
10	86500001	1.54786	1.47995	3	0	0
10	87000001	1.53556	1.47995	3	0	0
10	87500001	1.60118	1.47995	3	0	0
10	88000001	1.58815	1.47995	3	0	0
10	88500001	1.61634	1.47995	3	0	0
10	89000001	1.63652	1.47995	3	0	0
10	89500001	1.61133	1.47995	3	0	0
10	90000001	1.68255	1.47995	3	0	0
10	90500001	1.64664	1.47995	3	0	0
10	91000001	1.59291	1.47995	3	0	0
10	91500001	1.59042	1.47995	3	0	0
10	92000001	1.55501	1.47995	3	0	0
10	92500001	1.54427	1.47995	3	0	0
10	93000001	1.59235	1.47995	3	0	0
10	93500001	1.5973	1.47995	3	0	0
10	94000001	1.52694	1.47995	3	0	0
10	94500001	1.47583	1.47995	3	0	0
10	95000001	1.57301	1.47995	3	0	0
10	95500001	1.56952	1.47995	3	0	0
10	96000001	1.47159	1.47995	3	0	0
10	96500001	1.49159	1.47995	3	0	0
10	97000001	1.46426	1.47995	3	0	0
10	97500001	1.54629	1.47995	3	0	0
10	98000001	1.53548	1.47995	3	0	0
10	98500001	1.44081	1.47995	3	0	0
10	99000001	1.50121	1.47995	3	0	0
10	99500001	1.57512	1.47995	3	0	0
10	100000001	1.51741	1.47995	3	0	0
10	100500001	1.49769	1.47995	3	0	0
10	101000001	1.55247	1.47995	3	0	0
10	101500001	1.51802	1.47995	3	0	0
10	102000001	1.50191	1.47995	3	0	0
10	102500001	1.50422	1.47995	3	0	0
10	103000001	1.50164	1.47995	3	0	0
10	103500001	1.55455	1.47995	3	0	0
10	104000001	1.64691	1.47995	3	0	0
10	104500001	1.41901	1.47995	3	0	0
10	105000001	1.35017	1.47995	3	0	0
10	105500001	1.44503	1.47995	3	0	0
10	106000001	1.47168	1.47995	3	0	0
10	106500001	1.35973	1.47995	3	0	0
10	107000001	1.4095	1.47995	3	0	0
10	107500001	1.35427	1.47995	3	0	0
10	108000001	1.3243	1.47995	3	0	0
10	108500001	1.37567	1.47995	3	0	0
10	109000001	1.39665	1.47995	3	0	0
10	109500001	1.4892	1.47995	3	0	0
10	110000001	1.60276	1.47995	3	0	0
10	110500001	1.61865	1.47995	3	0	0
10	111000001	1.45499	1.47995	3	0	0
10	111500001	1.42354	1.47995	3	0	0
10	112000001	1.42374	1.47995	3	0	0
10	112500001	1.51153	1.47995	3	0	0
10	113000001	1.47771	1.47995	3	0	0
10	113500001	1.466	1.47995	3	0	0
10	114000001	1.52189	1.47995	3	0	0
10	114500001	1.55864	1.47995	3	0	0
10	115000001	1.46295	1.47995	3	0	0
10	115500001	1.45759	1.47995	3	0	0
10	116000001	1.39021	1.47995	3	0	0
10	116500001	1.48369	1.47995	3	0	0
10	117000001	1.44412	1.47995	3	0	0
10	117500001	1.3788	1.47995	3	0	0
10	118000001	1.42619	1.47995	3	0	0
10	118500001	1.49793	1.47995	3	0	0
10	119000001	1.54625	1.47995	3	0	0
10	119500001	1.34028	1.47995	3	0	0
10	120000001	1.44764	1.47995	3	0	0
10	120500001	1.46334	1.47995	3	0	0
10	121000001	1.50356	1.47995	3	0	0
10	121500001	1.51583	1.47995	3	0	0
10	122000001	1.54278	1.47995	3	0	0
10	122500001	1.52185	1.47995	3	0	0
10	123000001	1.4015	1.47995	3	0	0
10	123500001	1.47995	1.47995	3	0	0
10	124000001	1.53998	1.47995	3	0	0
10	124500001	1.48324	1.47995	3	0	0
10	125000001	1.47787	1.47995	3	0	0
10	125500001	1.57668	1.47995	3	0	0
10	126000001	1.52093	1.47995	3	0	0
10	126500001	1.4497	1.47995	3	0	0
10	127000001	1.30181	1.47995	3	0	0
10	127500001	1.45277	1.47995	3	0	0
10	128000001	1.4128	1.47995	3	0	0
10	128500001	1.32753	1.47995	3	0	0
10	129000001	1.29167	1.47995	3	0	0
10	129500001	1.24305	1.47995	3	0	0
10	130000001	1.28637	1.47995	3	0	0
10	130500001	1.29966	1.47995	3	0	0
10	131000001	1.31404	1.47995	3	0	0
10	131500001	1.37506	1.47995	3	0	0
10	132000001	1.45942	1.47995	3	0	0
10	132500001	1.44302	1.47995	3	0	0
10	133000001	1.4107	1.47995	3	0	0
10	133500001	-1	-1	-1	0	0
11	1	0.543516	0.543516	1	0	0
11	500001	1.52836	1.67947	3	0	0
11	1000001	1.83058	1.67947	3	0	0
11	1500001	0.731479	0.487649	1	0	0
11	2000001	0.483096	0.487649	1	0	0
11	2500001	0.488777	0.487649	1	0	0
11	3000001	0.458303	0.487649	1	0	0
11	3500001	0.485089	0.487649	1	0	0
11	4000001	0.484858	0.487649	1	0	0
11	4500001	0.520971	0.487649	1	0	0
11	5000001	0.503835	0.487649	1	0	0
11	5500001	0.487649	0.487649	1	0	0
11	6000001	1.49286	1.66444	3	0	0
11	6500001	1.83601	1.66444	3	0	0
11	7000001	0.764055	0.63436	1	0	0
11	7500001	0.504666	0.63436	1	0	0
11	8000001	1.16225	1.16225	2	0	0
11	8500001	1.8871	1.8871	4	0	0
11	9000001	1.46995	1.8871	4	0	0
11	9500001	1.92543	1.8871	4	0	0
11	10000001	0.512461	0.567575	1	0	0
11	10500001	0.567575	0.567575	1	0	0
11	11000001	0.814043	0.567575	1	3	0.258535
11	11500001	2.0867	1.89988	4	3	0.258535
11	12000001	2.08134	1.89988	4	3	0.258535
11	12500001	2.05849	1.89988	4	3	0.258535
11	13000001	2.02697	1.89988	4	3	0.258535
11	13500001	1.92129	1.89988	4	3	0.258535
11	14000001	1.95949	1.89988	4	3	0.258535
11	14500001	1.92807	1.89988	4	3	0.258535
11	15000001	1.74395	1.89988	4	3	0.258535
11	15500001	1.79434	1.89988	4	3	0.258535
11	16000001	1.91779	1.89988	4	3	0.258535
11	16500001	1.89335	1.89988	4	3	0.258535
11	17000001	1.90899	1.89988	4	3	0.258535
11	17500001	1.8415	1.89988	4	3	0.258535
11	18000001	1.9287	1.89988	4	3	0.258535
11	18500001	1.89717	1.89988	4	3	0.258535
11	19000001	1.89988	1.89988	4	3	0.258535
11	19500001	1.87393	1.89988	4	3	0.258535
11	20000001	1.9356	1.89988	4	3	0.258535
11	20500001	1.75141	1.89988	4	3	0.258535
11	21000001	1.83573	1.89988	4	3	0.258535
11	21500001	1.83399	1.89988	4	3	0.258535
11	22000001	1.88362	1.89988	4	3	0.258535
11	22500001	1.90853	1.89988	4	3	0.258535
11	23000001	1.87703	1.89988	4	3	0.258535
11	23500001	1.88403	1.89988	4	3	0.258535
11	24000001	1.91874	1.89988	4	3	0.258535
11	24500001	1.82847	1.89988	4	3	0.258535
11	25000001	1.83991	1.89988	4	3	0.258535
11	25500001	1.87833	1.89988	4	3	0.258535
11	26000001	1.99285	1.89988	4	3	0.258535
11	26500001	1.92046	1.89988	4	3	0.258535
11	27000001	1.9204	1.89988	4	3	0.258535
11	27500001	1.96989	1.89988	4	3	0.258535
11	28000001	1.95977	1.89988	4	3	0.258535
11	28500001	1.77894	1.89988	4	3	0.258535
11	29000001	2.04806	1.89988	4	3	0.258535
11	29500001	1.82355	1.89988	4	3	0.258535
11	30000001	1.78165	1.89988	4	3	0.258535
11	30500001	1.80513	1.89988	4	3	0.258535
11	31000001	1.74794	1.89988	4	3	0.258535
11	31500001	1.93888	1.89988	4	0	0
11	32000001	1.06846	0.789188	2	0	0
11	32500001	0.509918	0.789188	2	0	0
11	33000001	3.12759	3.79168	8	0	0
11	33500001	4.63376	3.79168	8	0	0
11	34000001	3.79168	3.79168	8	0	0
11	34500001	5.79583	6.1421	12	0	0
11	35000001	6.15	6.1421	12	0	0
11	35500001	6.1421	6.1421	12	0	0
11	36000001	3.10775	2.94431	6	0	0
11	36500001	2.84719	2.94431	6	0	0
11	37000001	3.21416	2.94431	6	0	0
11	37500001	2.96354	2.94431	6	0	0
11	38000001	2.86946	2.94431	6	0	0
11	38500001	2.92508	2.94431	6	0	0
11	39000001	1.71665	1.71665	3	0	0
11	39500001	0.963798	0.918461	2	0	0
11	40000001	0.875309	0.918461	2	0	0
11	40500001	0.900645	0.918461	2	0	0
11	41000001	0.915527	0.918461	2	0	0
11	41500001	0.833504	0.918461	2	0	0
11	42000001	0.80306	0.918461	2	0	0
11	42500001	0.879972	0.918461	2	0	0
11	43000001	0.938883	0.918461	2	0	0
11	43500001	0.95805	0.918461	2	0	0
11	44000001	0.96822	0.918461	2	0	0
11	44500001	0.880176	0.918461	2	0	0
11	45000001	0.921395	0.918461	2	0	0
11	45500001	0.946896	0.918461	2	0	0
11	46000001	0.958163	0.918461	2	0	0
11	46500001	1.58686	1.31966	3	0	0
11	47000001	1.55862	1.31966	3	0	0
11	47500001	1.45883	1.31966	3	0	0
11	48000001	1.025	1.31966	3	0	0
11	48500001	0.956247	1.31966	3	0	0
11	49000001	1.34242	1.31966	3	0	0
11	49500001	1.29689	1.31966	3	0	0
11	50000001	1.29444	1.31966	3	0	0
11	50500001	-1	-1	-1	0	0
11	51000001	-1	-1	-1	0	0
11	51500001	2.17273	2.02221	4	0	0
11	52000001	1.87169	2.02221	4	0	0
11	52500001	1.38565	1.38565	3	0	0
11	53000001	1.37632	1.38565	3	0	0
11	53500001	1.27553	1.38565	3	0	0
11	54000001	-1	1.38565	3	0	0
11	54500001	1.42813	1.38565	3	0	0
11	55000001	1.3978	1.38565	3	0	0
11	55500001	1.35819	1.38565	3	0	0
11	56000001	1.41912	1.38565	3	0	0
11	56500001	1.88806	1.93212	4	0	0
11	57000001	1.91447	1.93212	4	0	0
11	57500001	1.94977	1.93212	4	0	0
11	58000001	2.00191	1.93212	4	0	0
11	58500001	1.10449	1.00458	2	0	0
11	59000001	1.00928	1.00458	2	0	0
11	59500001	0.930089	1.00458	2	0	0
11	60000001	0.95731	1.00458	2	0	0
11	60500001	0.965468	1.00458	2	0	0
11	61000001	1.00025	1.00458	2	0	0
11	61500001	1.02324	1.00458	2	0	0
11	62000001	1.03148	1.00458	2	0	0
11	62500001	1.00458	1.00458	2	0	0
11	63000001	1.07343	1.00458	2	0	0
11	63500001	0.995783	1.00458	2	0	0
11	64000001	1.00219	1.00458	2	0	0
11	64500001	1.03162	1.00458	2	0	0
11	65000001	1.47372	1.50995	3	0	0
11	65500001	1.6443	1.50995	3	0	0
11	66000001	1.51634	1.50995	3	0	0
11	66500001	1.54015	1.50995	3	0	0
11	67000001	1.50996	1.50995	3	0	0
11	67500001	1.47369	1.50995	3	0	0
11	68000001	1.50994	1.50995	3	0	0
11	68500001	1.46622	1.50995	3	0	0
11	69000001	1.57371	1.50995	3	0	0
11	69500001	1.47896	1.50995	3	0	0
11	70000001	1.48357	1.50995	3	0	0
11	70500001	1.39928	1.50995	3	0	0
11	71000001	1.52837	1.50995	3	0	0
11	71500001	1.50351	1.50995	3	0	0
11	72000001	1.53595	1.50995	3	0	0
11	72500001	1.48497	1.50995	3	0	0
11	73000001	1.54713	1.50995	3	0	0
11	73500001	1.53193	1.50995	3	0	0
11	74000001	1.51937	1.50995	3	0	0
11	74500001	1.51635	1.50995	3	0	0
11	75000001	1.46945	1.50995	3	0	0
11	75500001	1.49753	1.50995	3	0	0
11	76000001	1.4917	1.50995	3	0	0
11	76500001	1.55033	1.50995	3	0	0
11	77000001	2.12092	2.28623	5	0	0
11	77500001	2.36654	2.28623	5	0	0
11	78000001	2.39522	2.28623	5	0	0
11	78500001	2.29124	2.28623	5	0	0
11	79000001	2.17232	2.28623	5	0	0
11	79500001	2.28623	2.28623	5	0	0
11	80000001	2.08853	2.28623	5	0	0
11	80500001	1.43115	1.60779	3	0	0
11	81000001	1.78442	1.60779	3	0	0
11	81500001	2.74105	2.88823	6	0	0
11	82000001	2.88823	2.88823	6	0	0
11	82500001	3.03662	2.88823	6	0	0
11	83000001	2.89786	2.88823	6	0	0
11	83500001	2.81115	2.88823	6	0	0
11	84000001	1.79545	1.52523	3	0	0
11	84500001	1.44061	1.52523	3	0	0
11	85000001	1.42556	1.52523	3	0	0
11	85500001	1.50217	1.52523	3	0	0
11	86000001	1.64455	1.52523	3	0	0
11	86500001	1.59724	1.52523	3	0	0
11	87000001	1.43757	1.52523	3	0	0
11	87500001	1.47397	1.52523	3	0	0
11	88000001	1.62535	1.52523	3	0	0
11	88500001	1.52652	1.52523	3	0	0
11	89000001	1.42585	1.52523	3	0	0
11	89500001	1.41814	1.52523	3	0	0
11	90000001	1.36568	1.52523	3	0	0
11	90500001	1.4423	1.52523	3	0	0
11	91000001	1.40533	1.52523	3	0	0
11	91500001	1.4122	1.52523	3	0	0
11	92000001	1.3295	1.52523	3	0	0
11	92500001	1.40372	1.52523	3	0	0
11	93000001	1.45238	1.52523	3	0	0
11	93500001	1.51209	1.52523	3	0	0
11	94000001	1.6649	1.52523	3	0	0
11	94500001	1.64083	1.52523	3	0	0
11	95000001	1.56745	1.52523	3	0	0
11	95500001	1.66916	1.52523	3	0	0
11	96000001	1.54869	1.52523	3	0	0
11	96500001	1.58468	1.52523	3	0	0
11	97000001	1.47706	1.52523	3	0	0
11	97500001	1.53489	1.52523	3	0	0
11	98000001	1.45152	1.52523	3	0	0
11	98500001	1.50717	1.52523	3	0	0
11	99000001	1.49033	1.52523	3	0	0
11	99500001	1.54444	1.52523	3	0	0
11	100000001	1.58476	1.52523	3	0	0
11	100500001	1.58309	1.52523	3	0	0
11	101000001	1.50069	1.52523	3	0	0
11	101500001	1.54685	1.52523	3	0	0
11	102000001	1.64785	1.52523	3	0	0
11	102500001	1.59971	1.52523	3	0	0
11	103000001	1.66207	1.52523	3	0	0
11	103500001	1.54075	1.52523	3	0	0
11	104000001	1.5228	1.52523	3	0	0
11	104500001	1.58746	1.52523	3	0	0
11	105000001	1.54231	1.52523	3	0	0
11	105500001	1.5735	1.52523	3	0	0
11	106000001	1.45217	1.52523	3	0	0
11	106500001	1.49311	1.52523	3	0	0
11	107000001	1.42693	1.52523	3	0	0
11	107500001	1.46644	1.52523	3	0	0
11	108000001	1.52507	1.52523	3	0	0
11	108500001	1.60068	1.52523	3	0	0
11	109000001	1.52018	1.52523	3	0	0
11	109500001	1.60001	1.52523	3	0	0
11	110000001	1.60302	1.52523	3	0	0
11	110500001	1.52539	1.52523	3	0	0
11	111000001	2.13358	2.08398	4	0	0
11	111500001	2.06829	2.08398	4	0	0
11	112000001	2.08398	2.08398	4	0	0
11	112500001	1.36706	0.922901	2	0	0
11	113000001	0.922901	0.922901	2	0	0
11	113500001	0.874391	0.922901	2	0	0
11	114000001	0.86948	0.922901	2	0	0
11	114500001	0.923103	0.922901	2	0	0
11	115000001	0.898663	0.922901	2	0	0
11	115500001	0.892238	0.922901	2	0	0
11	116000001	0.918311	0.922901	2	0	0
11	116500001	0.953745	0.922901	2	0	0
11	117000001	0.950069	0.922901	2	0	0
11	117500001	1.07229	0.922901	2	0	0
11	118000001	2.12967	2.07555	4	0	0
11	118500001	2.02143	2.07555	4	0	0
11	119000001	1.53559	1.47891	3	0	0
11	119500001	1.47891	1.47891	3	0	0
11	120000001	1.54301	1.47891	3	0	0
11	120500001	1.44451	1.47891	3	0	0
11	121000001	1.46456	1.47891	3	0	0
11	121500001	1.50115	1.47891	3	0	0
11	122000001	1.50822	1.47891	3	0	0
11	122500001	1.51256	1.47891	3	0	0
11	123000001	1.47201	1.47891	3	0	0
11	123500001	1.43543	1.47891	3	0	0
11	124000001	1.5087	1.47891	3	0	0
11	124500001	1.43625	1.47891	3	0	0
11	125000001	1.42314	1.47891	3	0	0
11	125500001	1.48467	1.47891	3	0	0
11	126000001	0.777615	1.47891	3	0	0
11	126500001	1.28472	1.47891	3	0	0
11	127000001	1.40147	1.47891	3	0	0
11	127500001	1.47243	1.47891	3	0	0
11	128000001	1.53821	1.47891	3	0	0
11	128500001	1.50997	1.47891	3	0	0
11	129000001	1.59798	1.47891	3	0	0
11	129500001	1.60753	1.47891	3	0	0
11	130000001	1.58165	1.47891	3	0	0
11	130500001	1.45574	1.47891	3	0	0
11	131000001	1.44355	1.47891	3	0	0
11	131500001	1.31098	1.31873	3	0	0
11	132000001	1.33423	1.31873	3	0	0
11	132500001	1.32648	1.31873	3	0	0
11	133000001	1.27516	1.31873	3	0	0
11	133500001	1.36014	1.31873	3	0	0
11	134000001	1.34784	1.31873	3	0	0
11	134500001	1.28956	1.31873	3	0	0
11	135000001	0.220835	1.31873	3	0	0
12	1	1.71639	1.71093	3	0	0
12	500001	1.70547	1.71093	3	0	0
12	1000001	1.03906	1.00271	2	0	0
12	1500001	1.00271	1.00271	2	0	0
12	2000001	1.01202	1.00271	2	0	0
12	2500001	1.00475	1.00271	2	0	0
12	3000001	0.988956	1.00271	2	0	0
12	3500001	1.03516	1.00271	2	0	0
12	4000001	0.939879	1.00271	2	0	0
12	4500001	0.913085	1.00271	2	0	0
12	5000001	0.976076	1.00271	2	0	0
12	5500001	0.969973	1.00271	2	0	0
12	6000001	1.05173	1.00271	2	0	0
12	6500001	1.04612	1.00271	2	0	0
12	7000001	0.965145	1.00271	2	0	0
12	7500001	0.945244	1.00271	2	0	0
12	8000001	1.21147	1.00271	2	0	0
12	8500001	1.49994	1.5286	3	0	0
12	9000001	1.52325	1.5286	3	0	0
12	9500001	1.53364	1.5286	3	0	0
12	10000001	1.55705	1.5286	3	0	0
12	10500001	1.58721	1.5286	3	0	0
12	11000001	1.60528	1.5286	3	0	0
12	11500001	1.77163	1.5286	3	0	0
12	12000001	1.69452	1.5286	3	0	0
12	12500001	1.58142	1.5286	3	0	0
12	13000001	1.70585	1.5286	3	0	0
12	13500001	1.45264	1.5286	3	0	0
12	14000001	1.46066	1.5286	3	0	0
12	14500001	1.51603	1.5286	3	0	0
12	15000001	1.57484	1.5286	3	0	0
12	15500001	1.62762	1.5286	3	0	0
12	16000001	1.5056	1.5286	3	0	0
12	16500001	1.52391	1.5286	3	0	0
12	17000001	1.45709	1.5286	3	0	0
12	17500001	1.41654	1.5286	3	0	0
12	18000001	1.58637	1.5286	3	0	0
12	18500001	1.53722	1.5286	3	0	0
12	19000001	1.53328	1.5286	3	0	0
12	19500001	1.53478	1.5286	3	0	0
12	20000001	1.40206	1.5286	3	0	0
12	20500001	1.45343	1.5286	3	0	0
12	21000001	1.46138	1.5286	3	0	0
12	21500001	1.45865	1.5286	3	0	0
12	22000001	1.44829	1.5286	3	0	0
12	22500001	1.44046	1.5286	3	0	0
12	23000001	1.65521	1.5286	3	0	0
12	23500001	1.93227	1.94445	4	0	0
12	24000001	1.91477	1.94445	4	0	0
12	24500001	1.96671	1.94445	4	0	0
12	25000001	1.95662	1.94445	4	0	0
12	25500001	2.09129	2.1534	4	0	0
12	26000001	2.13571	2.1534	4	0	0
12	26500001	2.11075	2.1534	4	0	0
12	27000001	2.21814	2.1534	4	0	0
12	27500001	2.17109	2.1534	4	0	0
12	28000001	2.35994	2.1534	4	0	0
12	28500001	2.26916	2.1534	4	0	0
12	29000001	2.10102	2.1534	4	0	0
12	29500001	1.93704	1.8783	4	0	0
12	30000001	1.90312	1.8783	4	0	0
12	30500001	1.91153	1.8783	4	0	0
12	31000001	1.94753	1.8783	4	0	0
12	31500001	1.64657	1.8783	4	0	0
12	32000001	1.78895	1.8783	4	0	0
12	32500001	1.88439	1.8783	4	0	0
12	33000001	1.53264	1.8783	4	0	0
12	33500001	1.8783	1.8783	4	0	0
12	34000001	1.81993	1.8783	4	0	0
12	34500001	1.85999	1.8783	4	0	0
12	35000001	2.64016	2.64016	5	0	0
12	35500001	1.99221	1.73441	3	0	0
12	36000001	1.72654	1.73441	3	0	0
12	36500001	1.74228	1.73441	3	0	0
12	37000001	1.43818	1.73441	3	0	0
12	37500001	0.954612	1.02328	2	0	0
12	38000001	0.994249	1.02328	2	0	0
12	38500001	1.0572	1.02328	2	0	0
12	39000001	0.929835	1.02328	2	0	0
12	39500001	0.962428	1.02328	2	0	0
12	40000001	1.02158	1.02328	2	0	0
12	40500001	1.00758	1.02328	2	0	0
12	41000001	0.956545	1.02328	2	0	0
12	41500001	0.929962	1.02328	2	0	0
12	42000001	0.947106	1.02328	2	0	0
12	42500001	0.946523	1.02328	2	0	0
12	43000001	1.03559	1.02328	2	0	0
12	43500001	1.0223	1.02328	2	0	0
12	44000001	0.998202	1.02328	2	0	0
12	44500001	0.971452	1.02328	2	0	0
12	45000001	1.03837	1.02328	2	0	0
12	45500001	1.06028	1.02328	2	0	0
12	46000001	1.0937	1.02328	2	0	0
12	46500001	1.17705	1.02328	2	0	0
12	47000001	1.09964	1.02328	2	0	0
12	47500001	1.02588	1.02328	2	0	0
12	48000001	1.04673	1.02328	2	0	0
12	48500001	1.05103	1.02328	2	0	0
12	49000001	1.01413	1.02328	2	0	0
12	49500001	1.01759	1.02328	2	0	0
12	50000001	0.989018	1.02328	2	0	0
12	50500001	1.05729	1.02328	2	0	0
12	51000001	1.03909	1.02328	2	0	0
12	51500001	1.02032	1.02328	2	0	0
12	52000001	1.08618	1.02328	2	0	0
12	52500001	1.03193	1.02328	2	0	0
12	53000001	1.04753	1.02328	2	0	0
12	53500001	1.02735	1.02328	2	0	0
12	54000001	1.03243	1.02328	2	0	0
12	54500001	1.01549	1.02328	2	0	0
12	55000001	1.02271	1.02328	2	0	0
12	55500001	0.999831	1.02328	2	0	0
12	56000001	1.22812	1.02328	2	0	0
12	56500001	1.03945	1.02328	2	0	0
12	57000001	0.99887	1.02328	2	0	0
12	57500001	1.03813	1.02328	2	0	0
12	58000001	1.0452	1.02328	2	0	0
12	58500001	1.05322	1.02328	2	0	0
12	59000001	1.08225	1.02328	2	0	0
12	59500001	0.97707	1.02328	2	0	0
12	60000001	1.0732	1.02328	2	0	0
12	60500001	1.07031	1.02328	2	0	0
12	61000001	1.03055	1.02328	2	0	0
12	61500001	1.00318	1.02328	2	0	0
12	62000001	1.00374	1.02328	2	0	0
12	62500001	1.04181	1.02328	2	0	0
12	63000001	0.97562	1.02328	2	0	0
12	63500001	0.972708	1.02328	2	0	0
12	64000001	1.03443	1.02328	2	0	0
12	64500001	0.998235	1.02328	2	0	0
12	65000001	1.09187	1.02328	2	0	0
12	65500001	1.06524	1.02328	2	0	0
12	66000001	1.03759	1.02328	2	0	0
12	66500001	0.964593	1.02328	2	0	0
12	67000001	1.06793	1.02328	2	0	0
12	67500001	1.03171	1.02328	2	0	0
12	68000001	1.05177	1.02328	2	0	0
12	68500001	1.02235	1.02328	2	0	0
12	69000001	1.00533	1.02328	2	0	0
12	69500001	1.06786	1.02328	2	0	0
12	70000001	0.975718	1.02328	2	0	0
12	70500001	1.0131	1.02328	2	0	0
12	71000001	1.02932	1.02328	2	0	0
12	71500001	0.995034	1.02328	2	0	0
12	72000001	1.06409	1.02328	2	0	0
12	72500001	0.982879	1.02328	2	0	0
12	73000001	0.97858	1.02328	2	0	0
12	73500001	1.01413	1.02328	2	0	0
12	74000001	1.02066	1.02328	2	0	0
12	74500001	1.07623	1.02328	2	0	0
12	75000001	1.05257	1.02328	2	0	0
12	75500001	1.15611	1.02328	2	0	0
12	76000001	1.08064	1.02328	2	0	0
12	76500001	1.06716	1.02328	2	0	0
12	77000001	1.03575	1.02328	2	0	0
12	77500001	0.990903	1.02328	2	0	0
12	78000001	1.02328	1.02328	2	0	0
12	78500001	1.0622	1.02328	2	0	0
12	79000001	1.05878	1.02328	2	0	0
12	79500001	1.07657	1.02328	2	0	0
12	80000001	1.05197	1.02328	2	0	0
12	80500001	0.95816	1.02328	2	0	0
12	81000001	0.962959	1.02328	2	0	0
12	81500001	0.934591	1.02328	2	0	0
12	82000001	0.963356	1.02328	2	0	0
12	82500001	0.929031	1.02328	2	0	0
12	83000001	0.979704	1.02328	2	0	0
12	83500001	0.909948	1.02328	2	0	0
12	84000001	1.01067	1.02328	2	0	0
12	84500001	1.083	1.02328	2	0	0
12	85000001	1.04802	1.02328	2	0	0
12	85500001	1.01204	1.02328	2	0	0
12	86000001	1.00649	1.02328	2	0	0
12	86500001	1.01448	1.02328	2	0	0
12	87000001	0.984961	1.02328	2	0	0
12	87500001	1.05984	1.02328	2	0	0
12	88000001	1.1385	1.02328	2	0	0
12	88500001	1.15106	1.02328	2	0	0
12	89000001	1.07516	1.02328	2	0	0
12	89500001	1.0648	1.02328	2	0	0
12	90000001	1.0849	1.02328	2	0	0
12	90500001	1.11128	1.02328	2	0	0
12	91000001	1.07536	1.02328	2	0	0
12	91500001	1.11889	1.02328	2	0	0
12	92000001	1.02457	1.02328	2	0	0
12	92500001	1.06015	1.02328	2	0	0
12	93000001	1.07043	1.02328	2	0	0
12	93500001	1.06078	1.02328	2	0	0
12	94000001	0.959011	1.02328	2	0	0
12	94500001	1.00426	1.02328	2	0	0
12	95000001	0.999513	1.02328	2	0	0
12	95500001	1.04803	1.02328	2	0	0
12	96000001	1.01416	1.02328	2	0	0
12	96500001	1.05638	1.02328	2	0	0
12	97000001	0.936477	1.02328	2	0	0
12	97500001	0.97816	1.02328	2	0	0
12	98000001	1.0226	1.02328	2	0	0
12	98500001	1.04168	1.02328	2	0	0
12	99000001	0.975921	1.02328	2	0	0
12	99500001	0.976955	1.02328	2	0	0
12	100000001	0.91556	1.02328	2	0	0
12	100500001	0.939071	1.02328	2	0	0
12	101000001	0.938862	1.02328	2	0	0
12	101500001	0.927565	1.02328	2	0	0
12	102000001	0.958832	1.02328	2	0	0
12	102500001	0.937294	1.02328	2	0	0
12	103000001	1.31903	1.46734	3	0	0
12	103500001	1.54482	1.46734	3	0	0
12	104000001	1.60176	1.46734	3	0	0
12	104500001	1.587	1.46734	3	0	0
12	105000001	1.54018	1.46734	3	0	0
12	105500001	1.56064	1.46734	3	0	0
12	106000001	1.56736	1.46734	3	0	0
12	106500001	1.46942	1.46734	3	0	0
12	107000001	1.54073	1.46734	3	0	0
12	107500001	1.50826	1.46734	3	0	0
12	108000001	1.46734	1.46734	3	0	0
12	108500001	1.46809	1.46734	3	0	0
12	109000001	1.47385	1.46734	3	0	0
12	109500001	1.53323	1.46734	3	0	0
12	110000001	1.54092	1.46734	3	0	0
12	110500001	1.48687	1.46734	3	0	0
12	111000001	1.46762	1.46734	3	0	0
12	111500001	1.53683	1.46734	3	0	0
12	112000001	1.53445	1.46734	3	0	0
12	112500001	1.50041	1.46734	3	0	0
12	113000001	1.46079	1.46734	3	0	0
12	113500001	1.4456	1.46734	3	0	0
12	114000001	1.35461	1.46734	3	0	0
12	114500001	1.37553	1.46734	3	0	0
12	115000001	1.3654	1.46734	3	0	0
12	115500001	1.40525	1.46734	3	0	0
12	116000001	1.51158	1.46734	3	0	0
12	116500001	1.63039	1.46734	3	0	0
12	117000001	1.40172	1.46734	3	0	0
12	117500001	1.40812	1.46734	3	0	0
12	118000001	1.3967	1.46734	3	0	0
12	118500001	1.39524	1.46734	3	0	0
12	119000001	1.37895	1.46734	3	0	0
12	119500001	1.53315	1.46734	3	0	0
12	120000001	1.45981	1.46734	3	0	0
12	120500001	1.46066	1.46734	3	0	0
12	121000001	1.47584	1.46734	3	0	0
12	121500001	1.39747	1.46734	3	0	0
12	122000001	1.51096	1.46734	3	0	0
12	122500001	1.55879	1.46734	3	0	0
12	123000001	1.52141	1.46734	3	0	0
12	123500001	1.49283	1.46734	3	0	0
12	124000001	1.4782	1.46734	3	0	0
12	124500001	1.52512	1.46734	3	0	0
12	125000001	1.46558	1.46734	3	0	0
12	125500001	1.35646	1.46734	3	0	0
12	126000001	1.40208	1.46734	3	0	0
12	126500001	1.38383	1.46734	3	0	0
12	127000001	1.44637	1.46734	3	0	0
12	127500001	1.33976	1.46734	3	0	0
12	128000001	1.30083	1.46734	3	0	0
12	128500001	1.28484	1.46734	3	0	0
12	129000001	1.33091	1.46734	3	0	0
12	129500001	1.30069	1.46734	3	0	0
12	130000001	1.27434	1.46734	3	0	0
12	130500001	1.42134	1.46734	3	0	0
12	131000001	1.43325	1.46734	3	0	0
12	131500001	1.47494	1.46734	3	0	0
12	132000001	1.4236	1.46734	3	0	0
12	132500001	1.80768	1.46734	3	0	0
12	133000001	0.996812	1.46734	3	0	0
13	1	-1	-1	-1	0	0
13	500001	-1	-1	-1	0	0
13	1000001	-1	-1	-1	0	0
13	1500001	-1	-1	-1	0	0
13	2000001	-1	-1	-1	0	0
13	2500001	-1	-1	-1	0	0
13	3000001	-1	-1	-1	0	0
13	3500001	-1	-1	-1	0	0
13	4000001	-1	-1	-1	0	0
13	4500001	-1	-1	-1	0	0
13	5000001	-1	-1	-1	0	0
13	5500001	-1	-1	-1	0	0
13	6000001	-1	-1	-1	0	0
13	6500001	-1	-1	-1	0	0
13	7000001	-1	-1	-1	0	0
13	7500001	-1	-1	-1	0	0
13	8000001	-1	-1	-1	0	0
13	8500001	-1	-1	-1	0	0
13	9000001	-1	-1	-1	0	0
13	9500001	-1	-1	-1	0	0
13	10000001	-1	-1	-1	0	0
13	10500001	-1	-1	-1	0	0
13	11000001	-1	-1	-1	0	0
13	11500001	-1	-1	-1	0	0
13	12000001	-1	-1	-1	0	0
13	12500001	-1	-1	-1	0	0
13	13000001	-1	-1	-1	0	0
13	13500001	-1	-1	-1	0	0
13	14000001	-1	-1	-1	0	0
13	14500001	-1	-1	-1	0	0
13	15000001	-1	-1	-1	0	0
13	15500001	-1	-1	-1	0	0
13	16000001	0.481354	0.846732	2	0	0
13	16500001	0.735661	0.846732	2	0	0
13	17000001	0.957803	0.846732	2	0	0
13	17500001	1.16652	0.846732	2	0	0
13	18000001	-1	-1	-1	0	0
13	18500001	0.551895	0.485156	1	0	0
13	19000001	0.472291	0.485156	1	0	0
13	19500001	0.485156	0.485156	1	0	0
13	20000001	0.514475	0.485156	1	0	0
13	20500001	0.50179	0.485156	1	0	0
13	21000001	0.502246	0.485156	1	0	0
13	21500001	0.4673	0.485156	1	0	0
13	22000001	0.453438	0.485156	1	0	0
13	22500001	0.468533	0.485156	1	0	0
13	23000001	0.466902	0.485156	1	0	0
13	23500001	0.47885	0.485156	1	0	0
13	24000001	0.519153	0.485156	1	0	0
13	24500001	0.519649	0.485156	1	0	0
13	25000001	0.469369	0.485156	1	0	0
13	25500001	0.604472	0.485156	1	0	0
13	26000001	1.93186	1.93075	4	0	0
13	26500001	1.86486	1.93075	4	0	0
13	27000001	1.81284	1.93075	4	0	0
13	27500001	1.93907	1.93075	4	0	0
13	28000001	1.79721	1.93075	4	0	0
13	28500001	1.80082	1.93075	4	0	0
13	29000001	1.92964	1.93075	4	0	0
13	29500001	2.07788	1.93075	4	0	0
13	30000001	1.93624	1.93075	4	0	0
13	30500001	1.91879	1.93075	4	0	0
13	31000001	1.91139	1.93075	4	0	0
13	31500001	1.97013	1.93075	4	0	0
13	32000001	2.02782	1.93075	4	0	0
13	32500001	2.04575	1.93075	4	0	0
13	33000001	2.11598	1.93075	4	0	0
13	33500001	2.05175	1.93075	4	0	0
13	34000001	2.04071	1.93075	4	0	0
13	34500001	1.96169	1.93075	4	0	0
13	35000001	2.10685	1.93075	4	0	0
13	35500001	1.92575	1.93075	4	0	0
13	36000001	1.91886	1.93075	4	0	0
13	36500001	1.88827	1.93075	4	0	0
13	37000001	1.90171	1.93075	4	0	0
13	37500001	1.89841	1.93075	4	0	0
13	38000001	1.86208	1.93075	4	0	0
13	38500001	1.87475	1.93075	4	0	0
13	39000001	1.93824	1.93075	4	0	0
13	39500001	1.96382	1.93075	4	0	0
13	40000001	1.94522	1.93075	4	0	0
13	40500001	1.65038	1.93075	4	0	0
13	41000001	0.994302	0.968695	2	0	0
13	41500001	1.08114	0.968695	2	0	0
13	42000001	1.04127	0.968695	2	0	0
13	42500001	1.06123	0.968695	2	0	0
13	43000001	0.960255	0.968695	2	0	0
13	43500001	0.912299	0.968695	2	0	0
13	44000001	1.00902	0.968695	2	0	0
13	44500001	1.01435	0.968695	2	0	0
13	45000001	1.01551	0.968695	2	0	0
13	45500001	0.947639	0.968695	2	0	0
13	46000001	0.962221	0.968695	2	0	0
13	46500001	0.916032	0.968695	2	0	0
13	47000001	0.934176	0.968695	2	0	0
13	47500001	1.02607	0.968695	2	0	0
13	48000001	1.01084	0.968695	2	0	0
13	48500001	1.08003	0.968695	2	0	0
13	49000001	1.01078	0.968695	2	0	0
13	49500001	0.929302	0.968695	2	0	0
13	50000001	0.978906	0.968695	2	0	0
13	50500001	0.968695	0.968695	2	0	0
13	51000001	1.02111	0.968695	2	0	0
13	51500001	0.995353	0.968695	2	0	0
13	52000001	0.943155	0.968695	2	0	0
13	52500001	0.907524	0.968695	2	0	0
13	53000001	0.91619	0.968695	2	0	0
13	53500001	0.882007	0.968695	2	0	0
13	54000001	0.916535	0.968695	2	0	0
13	54500001	0.910617	0.968695	2	0	0
13	55000001	0.888471	0.968695	2	0	0
13	55500001	0.941005	0.968695	2	0	0
13	56000001	0.902447	0.968695	2	0	0
13	56500001	0.911499	0.968695	2	0	0
13	57000001	1.05466	0.968695	2	0	0
13	57500001	0.901651	0.968695	2	0	0
13	58000001	0.945981	0.968695	2	0	0
13	58500001	0.893381	0.968695	2	0	0
13	59000001	0.909777	0.968695	2	0	0
13	59500001	0.938275	0.968695	2	0	0
13	60000001	1.02017	0.968695	2	0	0
13	60500001	0.902867	0.968695	2	0	0
13	61000001	0.937962	0.968695	2	0	0
13	61500001	0.921603	0.968695	2	0	0
13	62000001	0.977742	0.968695	2	0	0
13	62500001	0.940883	0.968695	2	0	0
13	63000001	1.00723	0.968695	2	0	0
13	63500001	0.985952	0.968695	2	0	0
13	64000001	0.994326	0.968695	2	0	0
13	64500001	0.990989	0.968695	2	0	0
13	65000001	0.99795	0.968695	2	0	0
13	65500001	1.03656	0.968695	2	0	0
13	66000001	0.997596	0.968695	2	0	0
13	66500001	0.979843	0.968695	2	0	0
13	67000001	1.02177	0.968695	2	0	0
13	67500001	1.01667	0.968695	2	0	0
13	68000001	0.976527	0.968695	2	0	0
13	68500001	0.983354	0.968695	2	0	0
13	69000001	1.00404	0.968695	2	0	0
13	69500001	0.973917	0.968695	2	0	0
13	70000001	0.970238	0.968695	2	0	0
13	70500001	0.951448	0.968695	2	0	0
13	71000001	0.96576	0.968695	2	0	0
13	71500001	0.924342	0.968695	2	0	0
13	72000001	0.957257	0.968695	2	0	0
13	72500001	0.960084	0.968695	2	0	0
13	73000001	1.39189	0.968695	2	0	0
13	73500001	1.06879	0.968695	2	0	0
13	74000001	0.986478	0.968695	2	0	0
13	74500001	0.967241	0.968695	2	0	0
13	75000001	0.94328	0.968695	2	0	0
13	75500001	0.927573	0.968695	2	0	0
13	76000001	0.906264	0.968695	2	0	0
13	76500001	0.916866	0.968695	2	0	0
13	77000001	0.987656	0.968695	2	0	0
13	77500001	0.974639	0.968695	2	0	0
13	78000001	0.883162	0.968695	2	0	0
13	78500001	0.894465	0.968695	2	0	0
13	79000001	1.01959	0.968695	2	0	0
13	79500001	0.927292	0.504058	1	0	0
13	80000001	0.49189	0.504058	1	0	0
13	80500001	0.515252	0.504058	1	0	0
13	81000001	0.49374	0.504058	1	0	0
13	81500001	0.547239	0.504058	1	0	0
13	82000001	0.553165	0.504058	1	0	0
13	82500001	0.554038	0.504058	1	0	0
13	83000001	0.544448	0.504058	1	0	0
13	83500001	0.535787	0.504058	1	0	0
13	84000001	0.531783	0.504058	1	0	0
13	84500001	0.562059	0.504058	1	0	0
13	85000001	0.528188	0.504058	1	0	0
13	85500001	0.533852	0.504058	1	0	0
13	86000001	0.494857	0.504058	1	0	0
13	86500001	0.497229	0.504058	1	0	0
13	87000001	0.529153	0.504058	1	0	0
13	87500001	0.487033	0.504058	1	0	0
13	88000001	0.487867	0.504058	1	0	0
13	88500001	0.496435	0.504058	1	0	0
13	89000001	0.492062	0.504058	1	0	0
13	89500001	0.524897	0.504058	1	0	0
13	90000001	0.539146	0.504058	1	0	0
13	90500001	0.51063	0.504058	1	0	0
13	91000001	0.488609	0.504058	1	0	0
13	91500001	0.483189	0.504058	1	0	0
13	92000001	0.472914	0.504058	1	0	0
13	92500001	0.50468	0.504058	1	0	0
13	93000001	0.422869	0.504058	1	0	0
13	93500001	0.45753	0.504058	1	0	0
13	94000001	0.473229	0.504058	1	0	0
13	94500001	0.471607	0.504058	1	0	0
13	95000001	0.505795	0.504058	1	0	0
13	95500001	0.533349	0.504058	1	0	0
13	96000001	0.529177	0.504058	1	0	0
13	96500001	0.499978	0.504058	1	0	0
13	97000001	0.503436	0.504058	1	0	0
13	97500001	0.492343	0.504058	1	0	0
13	98000001	0.486214	0.504058	1	0	0
13	98500001	0.5331	0.504058	1	0	0
13	99000001	0.521684	0.504058	1	0	0
13	99500001	0.503319	0.504058	1	0	0
13	100000001	0.487237	0.504058	1	0	0
13	100500001	1.43771	1.91662	4	0	0
13	101000001	1.90522	1.91662	4	0	0
13	101500001	1.91543	1.91662	4	0	0
13	102000001	1.87859	1.91662	4	0	0
13	102500001	1.91012	1.91662	4	0	0
13	103000001	1.91662	1.91662	4	0	0
13	103500001	1.87298	1.91662	4	0	0
13	104000001	1.9346	1.91662	4	0	0
13	104500001	1.93132	1.91662	4	0	0
13	105000001	1.954	1.91662	4	0	0
13	105500001	2.0191	1.91662	4	0	0
13	106000001	2.07758	1.91662	4	0	0
13	106500001	1.96327	1.91662	4	0	0
13	107000001	1.93501	1.91662	4	0	0
13	107500001	1.75068	1.91662	4	0	0
13	108000001	1.82168	1.91662	4	0	0
13	108500001	1.91218	1.91662	4	0	0
13	109000001	2.01567	1.91662	4	0	0
13	109500001	2.08627	1.91662	4	0	0
13	110000001	1.95855	1.91662	4	0	0
13	110500001	2.00824	1.91662	4	0	0
13	111000001	1.94147	1.91662	4	0	0
13	111500001	-1	1.91662	4	0	0
13	112000001	1.76248	1.91662	4	0	0
13	112500001	1.87666	1.91662	4	0	0
13	113000001	1.88863	1.91662	4	0	0
13	113500001	1.9323	1.91662	4	0	0
13	114000001	1.39087	1.91662	4	0	0
14	1	-1	-1	-1	0	0
14	500001	-1	-1	-1	0	0
14	1000001	-1	-1	-1	0	0
14	1500001	-1	-1	-1	0	0
14	2000001	-1	-1	-1	0	0
14	2500001	-1	-1	-1	0	0
14	3000001	-1	-1	-1	0	0
14	3500001	-1	-1	-1	0	0
14	4000001	-1	-1	-1	0	0
14	4500001	-1	-1	-1	0	0
14	5000001	-1	-1	-1	0	0
14	5500001	-1	-1	-1	0	0
14	6000001	-1	-1	-1	0	0
14	6500001	-1	-1	-1	0	0
14	7000001	-1	-1	-1	0	0
14	7500001	-1	-1	-1	0	0
14	8000001	-1	-1	-1	0	0
14	8500001	-1	-1	-1	0	0
14	9000001	-1	-1	-1	0	0
14	9500001	-1	-1	-1	0	0
14	10000001	-1	-1	-1	0	0
14	10500001	-1	-1	-1	0	0
14	11000001	-1	-1	-1	0	0
14	11500001	-1	-1	-1	0	0
14	12000001	-1	-1	-1	0	0
14	12500001	-1	-1	-1	0	0
14	13000001	-1	-1	-1	0	0
14	13500001	-1	-1	-1	0	0
14	14000001	-1	-1	-1	0	0
14	14500001	-1	-1	-1	0	0
14	15000001	-1	-1	-1	0	0
14	15500001	-1	-1	-1	0	0
14	16000001	0.52829	0.555102	1	0	0
14	16500001	0.581915	0.555102	1	0	0
14	17000001	0.800389	0.893065	2	0	0
14	17500001	0.98574	0.893065	2	0	0
14	18000001	1.21748	1.313	3	0	0
14	18500001	-1	1.313	3	0	0
14	19000001	1.40852	1.313	3	0	0
14	19500001	-1	-1	-1	0	0
14	20000001	0.935559	1.02831	2	0	0
14	20500001	0.994413	1.02831	2	0	0
14	21000001	1.02775	1.02831	2	0	0
14	21500001	0.953427	1.02831	2	0	0
14	22000001	1.03926	1.02831	2	0	0
14	22500001	1.03874	1.02831	2	0	0
14	23000001	1.02306	1.02831	2	0	0
14	23500001	1.01753	1.02831	2	0	0
14	24000001	0.994087	1.02831	2	0	0
14	24500001	1.00079	1.02831	2	0	0
14	25000001	0.911919	1.02831	2	0	0
14	25500001	0.965495	1.02831	2	0	0
14	26000001	0.956048	1.02831	2	0	0
14	26500001	1.05618	1.02831	2	0	0
14	27000001	1.04899	1.02831	2	0	0
14	27500001	1.00891	1.02831	2	0	0
14	28000001	1.06929	1.02831	2	0	0
14	28500001	1.08326	1.02831	2	0	0
14	29000001	1.0916	1.02831	2	0	0
14	29500001	0.982392	1.02831	2	0	0
14	30000001	1.0423	1.02831	2	0	0
14	30500001	1.12426	1.02831	2	0	0
14	31000001	0.884469	1.02831	2	0	0
14	31500001	1.04525	1.02831	2	0	0
14	32000001	1.02185	1.02831	2	0	0
14	32500001	0.984169	1.02831	2	0	0
14	33000001	0.979147	1.02831	2	0	0
14	33500001	1.0339	1.02831	2	0	0
14	34000001	1.06946	1.02831	2	0	0
14	34500001	1.02255	1.02831	2	0	0
14	35000001	1.06815	1.02831	2	0	0
14	35500001	1.09411	1.02831	2	0	0
14	36000001	1.04111	1.02831	2	0	0
14	36500001	1.02822	1.02831	2	0	0
14	37000001	1.06656	1.02831	2	0	0
14	37500001	1.01661	1.02831	2	0	0
14	38000001	1.03497	1.02831	2	0	0
14	38500001	1.06515	1.02831	2	0	0
14	39000001	1.04942	1.02831	2	0	0
14	39500001	1.01913	1.02831	2	0	0
14	40000001	0.960059	1.02831	2	0	0
14	40500001	0.997555	1.02831	2	0	0
14	41000001	0.991517	1.02831	2	0	0
14	41500001	1.03082	1.02831	2	0	0
14	42000001	1.02841	1.02831	2	0	0
14	42500001	1.01019	1.02831	2	0	0
14	43000001	1.0555	1.02831	2	0	0
14	43500001	1.04017	1.02831	2	0	0
14	44000001	1.00828	1.02831	2	0	0
14	44500001	0.989135	1.02831	2	0	0
14	45000001	0.989475	1.02831	2	0	0
14	45500001	0.962555	1.02831	2	0	0
14	46000001	1.03737	1.02831	2	0	0
14	46500001	1.03109	1.02831	2	0	0
14	47000001	0.992014	1.02831	2	0	0
14	47500001	1.0114	1.02831	2	0	0
14	48000001	1.0343	1.02831	2	0	0
14	48500001	0.966971	1.02831	2	0	0
14	49000001	1.0053	1.02831	2	0	0
14	49500001	1.05182	1.02831	2	0	0
14	50000001	1.01372	1.02831	2	0	0
14	50500001	1.10413	1.02831	2	0	0
14	51000001	1.14201	1.02831	2	0	0
14	51500001	1.08073	1.02831	2	0	0
14	52000001	1.09024	1.02831	2	0	0
14	52500001	1.01599	1.02831	2	0	0
14	53000001	1.03733	1.02831	2	0	0
14	53500001	0.974746	1.02831	2	0	0
14	54000001	1.06675	1.02831	2	0	0
14	54500001	1.09515	1.02831	2	0	0
14	55000001	1.09929	1.02831	2	0	0
14	55500001	1.02421	1.02831	2	0	0
14	56000001	0.994308	1.02831	2	0	0
14	56500001	0.967074	1.02831	2	0	0
14	57000001	1.01826	1.02831	2	0	0
14	57500001	0.960887	1.02831	2	0	0
14	58000001	0.933971	1.02831	2	0	0
14	58500001	0.966374	1.02831	2	0	0
14	59000001	1.03151	1.02831	2	0	0
14	59500001	1.0314	1.02831	2	0	0
14	60000001	1.04269	1.02831	2	0	0
14	60500001	1.01756	1.02831	2	0	0
14	61000001	1.05804	1.02831	2	0	0
14	61500001	1.09567	1.02831	2	0	0
14	62000001	1.03531	1.02831	2	0	0
14	62500001	0.999343	1.02831	2	0	0
14	63000001	0.98359	1.02831	2	0	0
14	63500001	1.01875	1.02831	2	0	0
14	64000001	1.08561	1.02831	2	0	0
14	64500001	1.08382	1.02831	2	0	0
14	65000001	1.07958	1.02831	2	0	0
14	65500001	1.07101	1.02831	2	0	0
14	66000001	1.04084	1.02831	2	0	0
14	66500001	1.04908	1.02831	2	0	0
14	67000001	1.22647	1.02831	2	0	0
14	67500001	1.07917	1.02831	2	0	0
14	68000001	1.08404	1.02831	2	0	0
14	68500001	1.0652	1.02831	2	0	0
14	69000001	1.03612	1.02831	2	0	0
14	69500001	0.99359	1.02831	2	0	0
14	70000001	1.0353	1.02831	2	0	0
14	70500001	1.21011	1.02831	2	0	0
14	71000001	1.06392	1.02831	2	0	0
14	71500001	0.967477	1.02831	2	0	0
14	72000001	0.964978	1.02831	2	0	0
14	72500001	0.974827	1.02831	2	0	0
14	73000001	1.03135	1.02831	2	0	0
14	73500001	1.00115	1.02831	2	0	0
14	74000001	1.03906	1.02831	2	0	0
14	74500001	1.10417	1.02831	2	0	0
14	75000001	1.03344	1.02831	2	0	0
14	75500001	1.06001	1.02831	2	0	0
14	76000001	1.00134	1.02831	2	0	0
14	76500001	1.04793	1.02831	2	0	0
14	77000001	0.992166	1.02831	2	0	0
14	77500001	0.988245	1.02831	2	0	0
14	78000001	0.973527	1.02831	2	0	0
14	78500001	0.979638	1.02831	2	0	0
14	79000001	0.954141	1.02831	2	0	0
14	79500001	0.978993	1.02831	2	0	0
14	80000001	1.05865	1.02831	2	0	0
14	80500001	1.02647	1.02831	2	0	0
14	81000001	1.08172	1.02831	2	0	0
14	81500001	1.04348	1.02831	2	0	0
14	82000001	0.949837	1.02831	2	0	0
14	82500001	0.964057	1.02831	2	0	0
14	83000001	0.960095	1.02831	2	0	0
14	83500001	0.980845	1.02831	2	0	0
14	84000001	1.0322	1.02831	2	0	0
14	84500001	0.979173	1.02831	2	0	0
14	85000001	1.68681	1.68681	3	0	0
14	85500001	1.16381	1.16381	2	0	0
14	86000001	0.941618	0.988539	2	0	0
14	86500001	0.946284	0.988539	2	0	0
14	87000001	0.992111	0.988539	2	0	0
14	87500001	0.976873	0.988539	2	0	0
14	88000001	0.915167	0.988539	2	0	0
14	88500001	0.988539	0.988539	2	0	0
14	89000001	0.98649	0.988539	2	0	0
14	89500001	1.04621	0.988539	2	0	0
14	90000001	1.02693	0.988539	2	0	0
14	90500001	1.04815	0.988539	2	0	0
14	91000001	1.02308	0.988539	2	0	0
14	91500001	1.31108	1.31108	3	0	0
14	92000001	1.00282	1.00978	2	0	0
14	92500001	1.0155	1.00978	2	0	0
14	93000001	1.00855	1.00978	2	0	0
14	93500001	1.0178	1.00978	2	0	0
14	94000001	1.06922	1.00978	2	0	0
14	94500001	0.923137	1.00978	2	0	0
14	95000001	0.969396	1.00978	2	0	0
14	95500001	0.993103	1.00978	2	0	0
14	96000001	0.974985	1.00978	2	0	0
14	96500001	0.996052	1.00978	2	0	0
14	97000001	1.01857	1.00978	2	0	0
14	97500001	1.01151	1.00978	2	0	0
14	98000001	0.995763	1.00978	2	0	0
14	98500001	1.01101	1.00978	2	0	0
14	99000001	1.01815	1.00978	2	0	0
14	99500001	0.997401	1.00978	2	0	0
14	100000001	1.04929	1.00978	2	0	0
14	100500001	0.928681	1.00978	2	0	0
14	101000001	0.968293	1.00978	2	0	0
14	101500001	1.01171	1.00978	2	0	0
14	102000001	1.02599	1.00978	2	0	0
14	102500001	1.12179	1.00978	2	0	0
14	103000001	1.52073	1.52073	3	0	0
14	103500001	1.02245	1.00486	2	0	0
14	104000001	0.99011	1.00486	2	0	0
14	104500001	1.07519	1.00486	2	0	0
14	105000001	1.01962	1.00486	2	0	0
14	105500001	0.949934	1.00486	2	0	0
14	106000001	0.953918	1.00486	2	0	0
14	106500001	-1	-1	-1	0	0
14	107000001	-1	-1	-1	0	0
15	1	-1	-1	-1	0	0
15	500001	-1	-1	-1	0	0
15	1000001	-1	-1	-1	0	0
15	1500001	-1	-1	-1	0	0
15	2000001	-1	-1	-1	0	0
15	2500001	-1	-1	-1	0	0
15	3000001	-1	-1	-1	0	0
15	3500001	-1	-1	-1	0	0
15	4000001	-1	-1	-1	0	0
15	4500001	-1	-1	-1	0	0
15	5000001	-1	-1	-1	0	0
15	5500001	-1	-1	-1	0	0
15	6000001	-1	-1	-1	0	0
15	6500001	-1	-1	-1	0	0
15	7000001	-1	-1	-1	0	0
15	7500001	-1	-1	-1	0	0
15	8000001	-1	-1	-1	0	0
15	8500001	-1	-1	-1	0	0
15	9000001	-1	-1	-1	0	0
15	9500001	-1	-1	-1	0	0
15	10000001	-1	-1	-1	0	0
15	10500001	-1	-1	-1	0	0
15	11000001	-1	-1	-1	0	0
15	11500001	-1	-1	-1	0	0
15	12000001	-1	-1	-1	0	0
15	12500001	-1	-1	-1	0	0
15	13000001	-1	-1	-1	0	0
15	13500001	-1	-1	-1	0	0
15	14000001	-1	-1	-1	0	0
15	14500001	-1	-1	-1	0	0
15	15000001	-1	-1	-1	0	0
15	15500001	-1	-1	-1	0	0
15	16000001	-1	-1	-1	0	0
15	16500001	-1	-1	-1	0	0
15	17000001	0.652635	0.652635	1	0	0
15	17500001	1.16266	1.23507	2	0	0
15	18000001	1.23507	1.23507	2	0	0
15	18500001	1.3325	1.23507	2	0	0
15	19000001	1.18819	1.23507	2	0	0
15	19500001	1.40124	1.23507	2	0	0
15	20000001	6.64113	3.52263	7	0	0
15	20500001	3.76887	3.52263	7	0	0
15	21000001	3.52263	3.52263	7	0	0
15	21500001	2.38412	3.52263	7	0	0
15	22000001	3.71345	3.52263	7	0	0
15	22500001	2.81144	3.52263	7	0	0
15	23000001	3.21908	3.52263	7	0	0
15	23500001	2.25586	2.23178	4	0	0
15	24000001	2.22419	2.23178	4	0	0
15	24500001	2.21251	2.23178	4	0	0
15	25000001	2.21367	2.23178	4	0	0
15	25500001	2.18477	2.23178	4	0	0
15	26000001	2.23938	2.23178	4	0	0
15	26500001	2.26346	2.23178	4	0	0
15	27000001	2.29039	2.23178	4	0	0
15	27500001	2.21585	2.23178	4	0	0
15	28000001	2.4862	2.23178	4	0	0
15	28500001	1.82695	1.55292	3	0	0
15	29000001	1.39135	1.55292	3	0	0
15	29500001	1.55292	1.55292	3	0	0
15	30000001	1.00574	1.04059	2	0	0
15	30500001	1.07019	1.04059	2	0	0
15	31000001	0.951518	1.04059	2	0	0
15	31500001	0.967257	1.04059	2	0	0
15	32000001	1.04059	1.04059	2	0	0
15	32500001	1.081	1.04059	2	0	0
15	33000001	1.15652	1.04059	2	0	0
15	33500001	1.54885	1.58498	3	0	0
15	34000001	1.58498	1.58498	3	0	0
15	34500001	1.54913	1.58498	3	0	0
15	35000001	1.63321	1.58498	3	0	0
15	35500001	1.61239	1.58498	3	0	0
15	36000001	1.32913	1.09283	2	0	0
15	36500001	1.12662	1.09283	2	0	0
15	37000001	1.05315	1.09283	2	0	0
15	37500001	1.05903	1.09283	2	0	0
15	38000001	1.43376	1.57771	3	0	0
15	38500001	1.57747	1.57771	3	0	0
15	39000001	1.76054	1.57771	3	0	0
15	39500001	1.62865	1.57771	3	0	0
15	40000001	1.62868	1.57771	3	0	0
15	40500001	1.57795	1.57771	3	0	0
15	41000001	1.58149	1.57771	3	0	0
15	41500001	1.61378	1.57771	3	0	0
15	42000001	1.62652	1.57771	3	0	0
15	42500001	1.5755	1.57771	3	0	0
15	43000001	1.59111	1.57771	3	0	0
15	43500001	1.54195	1.57771	3	0	0
15	44000001	1.65422	1.57771	3	0	0
15	44500001	1.54165	1.57771	3	0	0
15	45000001	1.54342	1.57771	3	0	0
15	45500001	1.56075	1.57771	3	0	0
15	46000001	1.4514	1.57771	3	0	0
15	46500001	1.47653	1.57771	3	0	0
15	47000001	1.95645	2.14404	4	0	0
15	47500001	2.33164	2.14404	4	0	0
15	48000001	1.72826	1.72826	3	2	0.166119
15	48500001	0.571989	0.565653	1	2	0.166119
15	49000001	0.546306	0.565653	1	2	0.166119
15	49500001	0.53805	0.565653	1	2	0.166119
15	50000001	0.603632	0.565653	1	2	0.166119
15	50500001	0.563639	0.565653	1	2	0.166119
15	51000001	0.594428	0.565653	1	2	0.166119
15	51500001	0.585473	0.565653	1	2	0.166119
15	52000001	0.565653	0.565653	1	2	0.166119
15	52500001	0.582649	0.565653	1	2	0.166119
15	53000001	0.513772	0.565653	1	2	0.166119
15	53500001	0.523109	0.565653	1	2	0.166119
15	54000001	0.525331	0.565653	1	2	0.166119
15	54500001	0.538035	0.565653	1	2	0.166119
15	55000001	0.524566	0.565653	1	2	0.166119
15	55500001	0.592644	0.565653	1	2	0.166119
15	56000001	0.59503	0.565653	1	2	0.166119
15	56500001	0.555417	0.565653	1	2	0.166119
15	57000001	0.553172	0.565653	1	2	0.166119
15	57500001	0.558224	0.565653	1	2	0.166119
15	58000001	0.637246	0.565653	1	2	0.166119
15	58500001	0.625896	0.565653	1	2	0.166119
15	59000001	0.614892	0.565653	1	2	0.166119
15	59500001	0.578798	0.565653	1	2	0.166119
15	60000001	0.583372	0.565653	1	2	0.166119
15	60500001	0.571083	0.565653	1	2	0.166119
15	61000001	0.546896	0.565653	1	2	0.166119
15	61500001	0.54577	0.565653	1	2	0.166119
15	62000001	0.581071	0.565653	1	2	0.166119
15	62500001	0.560976	0.565653	1	2	0.166119
15	63000001	0.555856	0.565653	1	2	0.166119
15	63500001	0.59432	0.565653	1	2	0.166119
15	64000001	0.52103	0.565653	1	2	0.166119
15	64500001	0.997924	0.565653	1	2	0.166119
15	65000001	0.613406	0.565653	1	2	0.166119
15	65500001	0.585221	0.565653	1	2	0.166119
15	66000001	0.567934	0.565653	1	2	0.166119
15	66500001	0.585469	0.565653	1	2	0.166119
15	67000001	0.557067	0.565653	1	2	0.166119
15	67500001	0.641089	0.565653	1	2	0.166119
15	68000001	0.563826	0.565653	1	2	0.166119
15	68500001	0.54981	0.565653	1	2	0.166119
15	69000001	0.577531	0.565653	1	2	0.166119
15	69500001	0.57225	0.565653	1	2	0.166119
15	70000001	0.55609	0.565653	1	2	0.166119
15	70500001	0.628227	0.565653	1	2	0.166119
15	71000001	0.579496	0.565653	1	2	0.166119
15	71500001	0.582974	0.565653	1	2	0.166119
15	72000001	0.531195	0.565653	1	2	0.166119
15	72500001	0.58729	0.565653	1	2	0.166119
15	73000001	0.536349	0.565653	1	2	0.166119
15	73500001	0.573433	0.565653	1	2	0.166119
15	74000001	0.594006	0.565653	1	2	0.166119
15	74500001	0.552218	0.565653	1	2	0.166119
15	75000001	0.538382	0.565653	1	2	0.166119
15	75500001	0.575695	0.565653	1	2	0.166119
15	76000001	0.558182	0.565653	1	2	0.166119
15	76500001	0.5863	0.565653	1	2	0.166119
15	77000001	0.579203	0.565653	1	2	0.166119
15	77500001	0.565979	0.565653	1	2	0.166119
15	78000001	0.592595	0.565653	1	2	0.166119
15	78500001	0.56161	0.565653	1	2	0.166119
15	79000001	0.555795	0.565653	1	2	0.166119
15	79500001	0.527206	0.565653	1	2	0.166119
15	80000001	0.550177	0.565653	1	2	0.166119
15	80500001	0.571566	0.565653	1	2	0.166119
15	81000001	0.578974	0.565653	1	2	0.166119
15	81500001	0.543613	0.565653	1	2	0.166119
15	82000001	0.522551	0.565653	1	2	0.166119
15	82500001	0.55912	0.565653	1	2	0.166119
15	83000001	0.617189	0.565653	1	2	0.166119
15	83500001	0.600307	0.565653	1	2	0.166119
15	84000001	0.539832	0.565653	1	2	0.166119
15	84500001	0.589355	0.565653	1	2	0.166119
15	85000001	0.612533	0.565653	1	2	0.166119
15	85500001	0.581495	0.565653	1	2	0.166119
15	86000001	0.546179	0.565653	1	2	0.166119
15	86500001	0.528088	0.565653	1	2	0.166119
15	87000001	0.538594	0.565653	1	2	0.166119
15	87500001	0.521005	0.565653	1	2	0.166119
15	88000001	0.537141	0.565653	1	2	0.166119
15	88500001	0.563935	0.565653	1	2	0.166119
15	89000001	0.605606	0.565653	1	2	0.166119
15	89500001	0.582249	0.565653	1	2	0.166119
15	90000001	0.560892	0.565653	1	2	0.166119
15	90500001	0.585035	0.565653	1	2	0.166119
15	91000001	0.566321	0.565653	1	2	0.166119
15	91500001	0.553835	0.565653	1	2	0.166119
15	92000001	0.5529	0.565653	1	2	0.166119
15	92500001	0.547218	0.565653	1	2	0.166119
15	93000001	0.548281	0.565653	1	2	0.166119
15	93500001	0.553925	0.565653	1	2	0.166119
15	94000001	0.565605	0.565653	1	2	0.166119
15	94500001	0.559446	0.565653	1	2	0.166119
15	95000001	0.55755	0.565653	1	2	0.166119
15	95500001	0.576955	0.565653	1	2	0.166119
15	96000001	0.593594	0.565653	1	2	0.166119
15	96500001	0.535425	0.565653	1	2	0.166119
15	97000001	0.54063	0.565653	1	2	0.166119
15	97500001	0.544765	0.565653	1	2	0.166119
15	98000001	0.524906	0.565653	1	2	0.166119
15	98500001	0.541595	0.565653	1	2	0.166119
15	99000001	0.607555	0.565653	1	2	0.166119
15	99500001	0.581345	0.565653	1	2	0.166119
15	100000001	0.58427	0.565653	1	2	0.166119
15	100500001	0.573616	0.565653	1	2	0.166119
15	101000001	0.591654	0.565653	1	2	0.166119
15	101500001	0.683219	0.565653	1	2	0.166119
16	1	1.36014	1.48418	3	0	0
16	500001	1.50337	1.48418	3	0	0
16	1000001	1.46499	1.48418	3	0	0
16	1500001	1.542	1.48418	3	0	0
16	2000001	1.0639	1.01182	2	0	0
16	2500001	1.00444	1.01182	2	0	0
16	3000001	1.01509	1.01182	2	0	0
16	3500001	1.00854	1.01182	2	0	0
16	4000001	0.984362	1.01182	2	0	0
16	4500001	1.01891	1.01182	2	0	0
16	5000001	0.969559	0.959409	2	0	0
16	5500001	0.886434	0.959409	2	0	0
16	6000001	0.870622	0.959409	2	0	0
16	6500001	0.898102	0.959409	2	0	0
16	7000001	0.903213	0.959409	2	0	0
16	7500001	0.919977	0.959409	2	0	0
16	8000001	0.931304	0.959409	2	0	0
16	8500001	0.999529	0.959409	2	0	0
16	9000001	0.966083	0.959409	2	0	0
16	9500001	0.952735	0.959409	2	0	0
16	10000001	0.971526	0.959409	2	0	0
16	10500001	0.994716	0.959409	2	0	0
16	11000001	1.0215	0.959409	2	0	0
16	11500001	0.970657	0.959409	2	0	0
16	12000001	0.979597	0.959409	2	0	0
16	12500001	0.918413	0.959409	2	0	0
16	13000001	0.948894	0.959409	2	0	0
16	13500001	1.01807	0.959409	2	0	0
16	14000001	1.06612	1.13585	2	0	0
16	14500001	1.30821	1.13585	2	0	0
16	15000001	1.13585	1.13585	2	0	0
16	15500001	1.0423	0.965318	2	0	0
16	16000001	0.977963	0.965318	2	0	0
16	16500001	0.935872	0.965318	2	0	0
16	17000001	0.912879	0.965318	2	0	0
16	17500001	0.958245	0.965318	2	0	0
16	18000001	0.919661	0.965318	2	0	0
16	18500001	1.03562	0.965318	2	0	0
16	19000001	1.03479	0.965318	2	0	0
16	19500001	0.949813	0.965318	2	0	0
16	20000001	0.903714	0.965318	2	0	0
16	20500001	0.97239	0.965318	2	0	0
16	21000001	1.07364	0.965318	2	0	0
16	21500001	1.38052	1.34866	3	0	0
16	22000001	1.28974	1.34866	3	0	0
16	22500001	1.34866	1.34866	3	0	0
16	23000001	0.592551	0.657851	1	0	0
16	23500001	0.723152	0.657851	1	0	0
16	24000001	0.977985	0.978757	2	0	0
16	24500001	0.979529	0.978757	2	0	0
16	25000001	0.974373	0.978757	2	0	0
16	25500001	0.916124	0.978757	2	0	0
16	26000001	0.91668	0.978757	2	0	0
16	26500001	0.935224	0.978757	2	0	0
16	27000001	1.00895	0.978757	2	0	0
16	27500001	0.964343	0.978757	2	0	0
16	28000001	0.98514	0.978757	2	0	0
16	28500001	0.988022	0.978757	2	0	0
16	29000001	1.09376	0.978757	2	0	0
16	29500001	1.05706	0.978757	2	0	0
16	30000001	1.11486	0.978757	2	0	0
16	30500001	1.01184	0.978757	2	0	0
16	31000001	0.972939	0.978757	2	0	0
16	31500001	0.934055	0.978757	2	0	0
16	32000001	0.816986	0.823654	2	0	0
16	32500001	0.765585	0.823654	2	0	0
16	33000001	-1	0.823654	2	0	0
16	33500001	0.830323	0.823654	2	0	0
16	34000001	0.889118	0.823654	2	0	0
16	34500001	6.40641	6.40641	13	0	0
16	35000001	0.841517	0.940572	2	0	0
16	35500001	0.908871	0.940572	2	0	0
16	36000001	0.990924	0.940572	2	0	0
16	36500001	0.669385	0.940572	2	0	0
16	37000001	0.620919	0.940572	2	0	0
16	37500001	0.672173	0.940572	2	0	0
16	38000001	-1	0.940572	2	0	0
16	38500001	-1	0.940572	2	0	0
16	39000001	-1	0.940572	2	0	0
16	39500001	-1	0.940572	2	0	0
16	40000001	-1	0.940572	2	0	0
16	40500001	-1	0.940572	2	0	0
16	41000001	-1	0.940572	2	0	0
16	41500001	-1	0.940572	2	0	0
16	42000001	-1	0.940572	2	0	0
16	42500001	-1	0.940572	2	0	0
16	43000001	-1	0.940572	2	0	0
16	43500001	-1	0.940572	2	0	0
16	44000001	-1	0.940572	2	0	0
16	44500001	-1	0.940572	2	0	0
16	45000001	-1	0.940572	2	0	0
16	45500001	-1	0.940572	2	0	0
16	46000001	-1	0.940572	2	0	0
16	46500001	0.926172	0.940572	2	0	0
16	47000001	0.942905	0.940572	2	0	0
16	47500001	1.01514	0.940572	2	0	0
16	48000001	1.00051	0.940572	2	0	0
16	48500001	1.0136	0.940572	2	0	0
16	49000001	0.969219	0.940572	2	0	0
16	49500001	0.906369	0.940572	2	0	0
16	50000001	0.949934	0.940572	2	0	0
16	50500001	0.923553	0.940572	2	0	0
16	51000001	0.899363	0.940572	2	0	0
16	51500001	0.886058	0.940572	2	0	0
16	52000001	0.918938	0.940572	2	0	0
16	52500001	0.950597	0.940572	2	0	0
16	53000001	0.930473	0.940572	2	0	0
16	53500001	0.987727	0.940572	2	0	0
16	54000001	0.988714	0.940572	2	0	0
16	54500001	0.911365	0.940572	2	0	0
16	55000001	0.953965	0.940572	2	0	0
16	55500001	1.02838	0.940572	2	0	0
16	56000001	1.02859	0.940572	2	0	0
16	56500001	1.02822	0.940572	2	0	0
16	57000001	1.01844	0.940572	2	0	0
16	57500001	1.11871	0.940572	2	0	0
16	58000001	1.0386	0.940572	2	0	0
16	58500001	1.02124	0.940572	2	0	0
16	59000001	0.944371	0.940572	2	0	0
16	59500001	0.923852	0.940572	2	0	0
16	60000001	0.90571	0.940572	2	0	0
16	60500001	0.918313	0.940572	2	0	0
16	61000001	0.933242	0.940572	2	0	0
16	61500001	0.975915	0.940572	2	0	0
16	62000001	0.901549	0.940572	2	0	0
16	62500001	0.886429	0.940572	2	0	0
16	63000001	0.988912	0.940572	2	0	0
16	63500001	0.870786	0.940572	2	0	0
16	64000001	0.945045	0.940572	2	0	0
16	64500001	0.901638	0.940572	2	0	0
16	65000001	0.919159	0.940572	2	0	0
16	65500001	0.938239	0.940572	2	0	0
16	66000001	0.947759	0.940572	2	0	0
16	66500001	1.03416	1.00087	2	0	0
16	67000001	0.978597	1.00087	2	0	0
16	67500001	1.02793	1.00087	2	0	0
16	68000001	1.07922	1.00087	2	0	0
16	68500001	0.990451	1.00087	2	0	0
16	69000001	1.05123	1.00087	2	0	0
16	69500001	1.04521	1.00087	2	0	0
16	70000001	1.12078	1.00087	2	0	0
16	70500001	0.996044	1.00087	2	0	0
16	71000001	1.00399	1.00087	2	0	0
16	71500001	0.997638	1.00087	2	0	0
16	72000001	1.01808	1.00087	2	0	0
16	72500001	0.922262	1.00087	2	0	0
16	73000001	0.942833	1.00087	2	0	0
16	73500001	0.930954	1.00087	2	0	0
16	74000001	1.1287	1.00087	2	0	0
16	74500001	0.984402	1.00087	2	0	0
16	75000001	0.991658	1.00087	2	0	0
16	75500001	1.05588	1.00087	2	0	0
16	76000001	1.00087	1.00087	2	0	0
16	76500001	1.01315	1.00087	2	0	0
16	77000001	0.974618	1.00087	2	0	0
16	77500001	0.961061	1.00087	2	0	0
16	78000001	0.834264	0.858763	2	0	0
16	78500001	0.649032	0.858763	2	0	0
16	79000001	0.883263	0.858763	2	0	0
16	79500001	0.896181	0.858763	2	0	0
16	80000001	0.943761	0.990579	2	0	0
16	80500001	0.957495	0.990579	2	0	0
16	81000001	0.992267	0.990579	2	0	0
16	81500001	0.975239	0.990579	2	0	0
16	82000001	0.999797	0.990579	2	0	0
16	82500001	0.986678	0.990579	2	0	0
16	83000001	0.96094	0.990579	2	0	0
16	83500001	0.966259	0.990579	2	0	0
16	84000001	1.0322	0.990579	2	0	0
16	84500001	1.06157	0.990579	2	0	0
16	85000001	1.01133	0.990579	2	0	0
16	85500001	0.986224	0.990579	2	0	0
16	86000001	0.972654	0.990579	2	0	0
16	86500001	1.03716	0.990579	2	0	0
16	87000001	0.988892	0.990579	2	0	0
16	87500001	1.02633	0.990579	2	0	0
16	88000001	0.983636	0.990579	2	0	0
16	88500001	0.996393	0.990579	2	0	0
16	89000001	1.01665	0.990579	2	0	0
16	89500001	0.993624	0.990579	2	0	0
16	90000001	-1	-1	-1	0	0
17	1	-1	-1	-1	0	0
17	500001	0.473283	0.502086	1	0	0
17	1000001	0.502086	0.502086	1	0	0
17	1500001	0.787333	0.502086	1	3	0.283431
17	2000001	1.16265	1.19547	2	3	0.283431
17	2500001	1.16733	1.19547	2	3	0.283431
17	3000001	1.1598	1.19547	2	3	0.283431
17	3500001	1.11056	1.19547	2	3	0.283431
17	4000001	1.19547	1.19547	2	3	0.283431
17	4500001	1.19658	1.19547	2	3	0.283431
17	5000001	1.13103	1.19547	2	3	0.283431
17	5500001	1.12374	1.19547	2	3	0.283431
17	6000001	1.18196	1.19547	2	3	0.283431
17	6500001	1.19402	1.19547	2	3	0.283431
17	7000001	1.17933	1.19547	2	3	0.283431
17	7500001	1.15923	1.19547	2	3	0.283431
17	8000001	1.20848	1.19547	2	3	0.283431
17	8500001	1.15071	1.19547	2	3	0.283431
17	9000001	1.09169	1.19547	2	3	0.283431
17	9500001	1.27517	1.19547	2	3	0.283431
17	10000001	1.19662	1.19547	2	3	0.283431
17	10500001	1.26095	1.19547	2	3	0.283431
17	11000001	1.20051	1.19547	2	3	0.283431
17	11500001	1.2169	1.19547	2	3	0.283431
17	12000001	1.21915	1.19547	2	3	0.283431
17	12500001	1.26431	1.19547	2	3	0.283431
17	13000001	1.25011	1.19547	2	3	0.283431
17	13500001	1.2466	1.19547	2	3	0.283431
17	14000001	1.2949	1.19547	2	0	0
17	14500001	1.4228	1.41932	3	0	0
17	15000001	1.33737	1.41932	3	0	0
17	15500001	1.33387	1.41932	3	0	0
17	16000001	1.34401	1.41932	3	0	0
17	16500001	1.54109	1.41932	3	0	0
17	17000001	1.45508	1.41932	3	0	0
17	17500001	1.36993	1.41932	3	0	0
17	18000001	1.41932	1.41932	3	0	0
17	18500001	1.24422	1.41932	3	0	0
17	19000001	1.9294	1.41932	3	0	0
17	19500001	1.37695	1.41932	3	0	0
17	20000001	1.41054	1.41932	3	0	0
17	20500001	1.36851	1.41932	3	0	0
17	21000001	1.46598	1.41932	3	0	0
17	21500001	1.57326	1.41932	3	0	0
17	22000001	1.60494	1.41932	3	0	0
17	22500001	1.51493	1.41932	3	0	0
17	23000001	0.958333	0.472291	1	0	0
17	23500001	0.471276	0.472291	1	0	0
17	24000001	0.472291	0.472291	1	0	0
17	24500001	0.46854	0.472291	1	0	0
17	25000001	0.676955	0.472291	1	0	0
17	25500001	0.529318	0.472291	1	0	0
17	26000001	0.42494	0.472291	1	0	0
17	26500001	3.97385	3.97385	8	0	0
17	27000001	1.00115	1.02316	2	0	0
17	27500001	0.935195	1.02316	2	0	0
17	28000001	1.02691	1.02316	2	0	0
17	28500001	1.19748	1.02316	2	0	0
17	29000001	1.06328	1.02316	2	0	0
17	29500001	1.00273	1.02316	2	0	0
17	30000001	1.11916	1.02316	2	0	0
17	30500001	0.837935	1.02316	2	0	0
17	31000001	0.505943	1.02316	2	0	0
17	31500001	0.661011	1.02316	2	0	0
17	32000001	1.04977	1.02316	2	0	0
17	32500001	0.956077	1.02316	2	0	0
17	33000001	0.958753	1.02316	2	0	0
17	33500001	0.935456	1.02316	2	0	0
17	34000001	0.894978	1.02316	2	0	0
17	34500001	0.986621	1.02316	2	0	0
17	35000001	1.01309	1.02316	2	0	0
17	35500001	1.06155	1.02316	2	0	0
17	36000001	1.51466	1.02316	2	0	0
17	36500001	1.0412	1.02316	2	0	0
17	37000001	1.04992	1.02316	2	0	0
17	37500001	1.1093	1.02316	2	0	0
17	38000001	1.08386	1.02316	2	0	0
17	38500001	1.02629	1.02316	2	0	0
17	39000001	0.992588	1.02316	2	0	0
17	39500001	1.01312	1.02316	2	0	0
17	40000001	1.09348	1.02316	2	0	0
17	40500001	1.08138	1.02316	2	0	0
17	41000001	1.06514	1.02316	2	0	0
17	41500001	1.06641	1.02316	2	0	0
17	42000001	1.00941	1.02316	2	0	0
17	42500001	1.08126	1.02316	2	0	0
17	43000001	1.34447	1.02316	2	0	0
17	43500001	1.04514	1.02316	2	0	0
17	44000001	1.02977	1.02316	2	0	0
17	44500001	0.98593	1.02316	2	0	0
17	45000001	1.03858	1.02316	2	0	0
17	45500001	1.08047	1.02316	2	0	0
17	46000001	1.12437	1.02316	2	0	0
17	46500001	1.06854	1.02316	2	0	0
17	47000001	1.02316	1.02316	2	0	0
17	47500001	1.07904	1.02316	2	0	0
17	48000001	1.08972	1.02316	2	0	0
17	48500001	1.00022	1.02316	2	0	0
17	49000001	1.01033	1.02316	2	0	0
17	49500001	1.01068	1.02316	2	0	0
17	50000001	1.0126	1.02316	2	0	0
17	50500001	1.04318	1.02316	2	0	0
17	51000001	1.07291	1.02316	2	0	0
17	51500001	1.01876	1.02316	2	0	0
17	52000001	0.965557	1.02316	2	0	0
17	52500001	0.920022	1.02316	2	0	0
17	53000001	0.963564	1.02316	2	0	0
17	53500001	0.92022	1.02316	2	0	0
17	54000001	0.915981	1.02316	2	0	0
17	54500001	0.918396	1.02316	2	0	0
17	55000001	0.899653	1.02316	2	0	0
17	55500001	0.976169	1.02316	2	0	0
17	56000001	1.00435	1.02316	2	0	0
17	56500001	1.02982	1.02316	2	0	0
17	57000001	1.02337	1.02316	2	0	0
17	57500001	1.0363	1.02316	2	0	0
17	58000001	1.03381	1.02316	2	0	0
17	58500001	0.999793	1.02316	2	0	0
17	59000001	0.979434	1.02316	2	0	0
17	59500001	1.01279	1.02316	2	0	0
17	60000001	1.03331	1.02316	2	0	0
17	60500001	1.36571	1.49418	3	0	0
17	61000001	1.47952	1.49418	3	0	0
17	61500001	1.514	1.49418	3	0	0
17	62000001	1.44945	1.49418	3	0	0
17	62500001	1.53349	1.49418	3	0	0
17	63000001	1.50884	1.49418	3	0	0
17	63500001	1.46752	1.49418	3	0	0
17	64000001	1.59888	1.49418	3	0	0
17	64500001	3.83481	4.20091	8	0	0
17	65000001	4.56701	4.20091	8	0	0
17	65500001	3.19474	3.19474	6	0	0
17	66000001	1.55014	1.50764	3	0	0
17	66500001	1.51948	1.50764	3	0	0
17	67000001	1.50291	1.50764	3	0	0
17	67500001	1.52791	1.50764	3	0	0
17	68000001	1.45812	1.50764	3	0	0
17	68500001	1.48808	1.50764	3	0	0
17	69000001	1.51381	1.50764	3	0	0
17	69500001	1.45828	1.50764	3	0	0
17	70000001	1.47747	1.50764	3	0	0
17	70500001	1.50764	1.50764	3	0	0
17	71000001	1.61719	1.50764	3	0	0
17	71500001	1.53986	1.50764	3	0	0
17	72000001	1.51843	1.50764	3	0	0
17	72500001	1.51682	1.50764	3	0	0
17	73000001	1.52389	1.50764	3	0	0
17	73500001	1.44004	1.50764	3	0	0
17	74000001	1.41681	1.50764	3	0	0
17	74500001	1.46289	1.50764	3	0	0
17	75000001	1.51996	1.50764	3	0	0
17	75500001	1.56008	1.50764	3	0	0
17	76000001	1.50477	1.50764	3	0	0
17	76500001	1.49235	1.50764	3	0	0
17	77000001	1.51704	1.50764	3	0	0
17	77500001	1.43124	1.50764	3	0	0
17	78000001	1.73625	1.50764	3	0	0
17	78500001	1.55361	1.50764	3	0	0
17	79000001	1.45051	1.50764	3	0	0
17	79500001	1.45255	1.50764	3	0	0
17	80000001	1.47558	1.50764	3	0	0
17	80500001	1.54405	1.50764	3	0	0
17	81000001	1.57299	1.50764	3	0	0
17	81500001	1.50398	1.50764	3	0	0
17	82000001	1.68582	1.50764	3	0	0
17	82500001	1.43577	1.50764	3	0	0
17	83000001	0.66382	1.50764	3	0	0
18	1	1.84752	1.84752	4	0	0
18	500001	0.947104	0.986421	2	0	0
18	1000001	1.01814	0.986421	2	0	0
18	1500001	0.964642	0.986421	2	0	0
18	2000001	1.01569	0.986421	2	0	0
18	2500001	1.06377	0.986421	2	0	0
18	3000001	1.06407	0.986421	2	0	0
18	3500001	1.05692	0.986421	2	0	0
18	4000001	0.978625	0.986421	2	0	0
18	4500001	0.972236	0.986421	2	0	0
18	5000001	0.911612	0.986421	2	0	0
18	5500001	0.903735	0.986421	2	0	0
18	6000001	0.907332	0.986421	2	0	0
18	6500001	0.861869	0.986421	2	0	0
18	7000001	0.868475	0.986421	2	0	0
18	7500001	0.931977	0.986421	2	0	0
18	8000001	1.01028	0.986421	2	0	0
18	8500001	1.03909	0.986421	2	0	0
18	9000001	1.0829	0.986421	2	0	0
18	9500001	1.09408	0.986421	2	0	0
18	10000001	1.01564	0.986421	2	0	0
18	10500001	0.933044	0.986421	2	0	0
18	11000001	0.902808	0.986421	2	0	0
18	11500001	0.959075	0.986421	2	0	0
18	12000001	1.02914	0.986421	2	0	0
18	12500001	1.06965	0.986421	2	0	0
18	13000001	0.994216	0.986421	2	0	0
18	13500001	0.943667	0.986421	2	0	0
18	14000001	0.898916	0.986421	2	0	0
18	14500001	0.865384	0.986421	2	0	0
18	15000001	1.22844	0.986421	2	0	0
18	15500001	1.03836	0.986421	2	0	0
18	16000001	1.08226	0.986421	2	0	0
18	16500001	0.812339	0.730756	1	0	0
18	17000001	0.799167	0.730756	1	0	0
18	17500001	0.777982	0.730756	1	0	0
18	18000001	0.730756	0.730756	1	0	0
18	18500001	0.686173	0.730756	1	0	0
18	19000001	0.674433	0.730756	1	0	0
18	19500001	0.597745	0.730756	1	0	0
18	20000001	0.777538	0.730756	1	0	0
18	20500001	0.67864	0.730756	1	0	0
18	21000001	1.01783	0.985036	2	0	0
18	21500001	0.985036	0.985036	2	0	0
18	22000001	0.890686	0.985036	2	0	0
18	22500001	0.572746	0.508366	1	0	0
18	23000001	0.522888	0.508366	1	0	0
18	23500001	0.546226	0.508366	1	0	0
18	24000001	0.514931	0.508366	1	0	0
18	24500001	0.507619	0.508366	1	0	0
18	25000001	0.477596	0.508366	1	0	0
18	25500001	0.447594	0.508366	1	0	0
18	26000001	0.498053	0.508366	1	0	0
18	26500001	0.500849	0.508366	1	0	0
18	27000001	0.474494	0.508366	1	0	0
18	27500001	0.524415	0.508366	1	0	0
18	28000001	0.537379	0.508366	1	0	0
18	28500001	0.537919	0.508366	1	0	0
18	29000001	0.536007	0.508366	1	0	0
18	29500001	0.493491	0.508366	1	0	0
18	30000001	0.513814	0.508366	1	0	0
18	30500001	0.534887	0.508366	1	0	0
18	31000001	0.554053	0.508366	1	0	0
18	31500001	0.512254	0.508366	1	0	0
18	32000001	0.477296	0.508366	1	0	0
18	32500001	0.477289	0.508366	1	0	0
18	33000001	0.471026	0.508366	1	0	0
18	33500001	0.469091	0.508366	1	0	0
18	34000001	0.45113	0.508366	1	0	0
18	34500001	0.519193	0.508366	1	0	0
18	35000001	0.487486	0.508366	1	0	0
18	35500001	0.509114	0.508366	1	0	0
18	36000001	0.491454	0.508366	1	0	0
18	36500001	0.480462	0.508366	1	0	0
18	37000001	0.520501	0.508366	1	0	0
18	37500001	0.501317	0.508366	1	0	0
18	38000001	0.509193	0.508366	1	0	0
18	38500001	0.883138	0.973583	2	0	0
18	39000001	0.960959	0.973583	2	0	0
18	39500001	1.02966	0.973583	2	0	0
18	40000001	1.05461	0.973583	2	0	0
18	40500001	1.04043	0.973583	2	0	0
18	41000001	1.10306	0.973583	2	0	0
18	41500001	1.08408	0.973583	2	0	0
18	42000001	0.961061	0.973583	2	0	0
18	42500001	0.973583	0.973583	2	0	0
18	43000001	0.947605	0.973583	2	0	0
18	43500001	0.950995	0.973583	2	0	0
18	44000001	0.779813	0.779813	2	0	0
18	44500001	0.545621	0.504664	1	0	0
18	45000001	0.524734	0.504664	1	0	0
18	45500001	0.520886	0.504664	1	0	0
18	46000001	0.515971	0.504664	1	0	0
18	46500001	0.506163	0.504664	1	0	0
18	47000001	0.479056	0.504664	1	0	0
18	47500001	0.478209	0.504664	1	0	0
18	48000001	0.479762	0.504664	1	0	0
18	48500001	0.52275	0.504664	1	0	0
18	49000001	0.510546	0.504664	1	0	0
18	49500001	0.535526	0.504664	1	0	0
18	50000001	0.500042	0.504664	1	0	0
18	50500001	0.529752	0.504664	1	0	0
18	51000001	0.503165	0.504664	1	0	0
18	51500001	0.497008	0.504664	1	0	0
18	52000001	0.437822	0.504664	1	0	0
18	52500001	0.486686	0.504664	1	0	0
18	53000001	0.512756	0.504664	1	0	0
18	53500001	0.491955	0.504664	1	0	0
18	54000001	0.525978	0.504664	1	0	0
18	54500001	0.516056	0.504664	1	0	0
18	55000001	0.51365	0.504664	1	0	0
18	55500001	0.502859	0.504664	1	0	0
18	56000001	0.506748	0.504664	1	0	0
18	56500001	0.515176	0.504664	1	0	0
18	57000001	0.478193	0.504664	1	0	0
18	57500001	0.533657	0.504664	1	0	0
18	58000001	0.523269	0.504664	1	0	0
18	58500001	0.47899	0.504664	1	0	0
18	59000001	0.497808	0.504664	1	0	0
18	59500001	0.49237	0.504664	1	0	0
18	60000001	0.495726	0.504664	1	0	0
18	60500001	0.484864	0.504664	1	0	0
18	61000001	0.500214	0.504664	1	0	0
18	61500001	0.499526	0.504664	1	0	0
18	62000001	0.529769	0.504664	1	0	0
18	62500001	0.926686	1.01449	2	0	0
18	63000001	1.1023	1.01449	2	0	0
18	63500001	1.1234	1.01449	2	0	0
18	64000001	0.885575	1.01449	2	0	0
18	64500001	0.50281	0.500755	1	0	0
18	65000001	0.487959	0.500755	1	0	0
18	65500001	0.509673	0.500755	1	0	0
18	66000001	0.517119	0.500755	1	0	0
18	66500001	0.525585	0.500755	1	0	0
18	67000001	0.528234	0.500755	1	0	0
18	67500001	0.521087	0.500755	1	0	0
18	68000001	0.495897	0.500755	1	0	0
18	68500001	0.518584	0.500755	1	0	0
18	69000001	0.492806	0.500755	1	0	0
18	69500001	0.511565	0.500755	1	0	0
18	70000001	0.525656	0.500755	1	0	0
18	70500001	0.512745	0.500755	1	0	0
18	71000001	0.558735	0.500755	1	0	0
18	71500001	0.481582	0.500755	1	0	0
18	72000001	0.484837	0.500755	1	0	0
18	72500001	0.544712	0.500755	1	0	0
18	73000001	0.552074	0.500755	1	0	0
18	73500001	0.530037	0.500755	1	0	0
18	74000001	0.475788	0.500755	1	0	0
18	74500001	0.500755	0.500755	1	0	0
18	75000001	0.465145	0.500755	1	0	0
18	75500001	0.497825	0.500755	1	0	0
18	76000001	0.481276	0.500755	1	0	0
18	76500001	0.514784	0.500755	1	0	0
18	77000001	0.492827	0.500755	1	0	0
18	77500001	0.433233	0.500755	1	0	0
18	78000001	0.44671	0.500755	1	0	0
18	78500001	0.427905	0.500755	1	0	0
18	79000001	0.496105	0.500755	1	0	0
18	79500001	0.497557	0.500755	1	0	0
18	80000001	-1	-1	-1	0	0
19	1	1.22448	1.12497	2	0	0
19	500001	1.00608	1.12497	2	0	0
19	1000001	1.02844	1.12497	2	0	0
19	1500001	0.991963	1.12497	2	0	0
19	2000001	0.969989	1.12497	2	0	0
19	2500001	0.995404	1.12497	2	0	0
19	3000001	0.970872	1.12497	2	0	0
19	3500001	0.939703	1.12497	2	0	0
19	4000001	1.0049	1.12497	2	0	0
19	4500001	1.03545	1.12497	2	0	0
19	5000001	0.949591	1.12497	2	0	0
19	5500001	0.999903	1.12497	2	0	0
19	6000001	1.25411	1.12497	2	0	0
19	6500001	1.38263	1.12497	2	0	0
19	7000001	1.43141	1.12497	2	0	0
19	7500001	1.35875	1.12497	2	0	0
19	8000001	1.28681	1.12497	2	0	0
19	8500001	1.68319	1.12497	2	0	0
19	9000001	1.34211	1.12497	2	0	0
19	9500001	1.32495	1.12497	2	0	0
19	10000001	1.45271	1.12497	2	0	0
19	10500001	1.37169	1.12497	2	0	0
19	11000001	1.44615	1.12497	2	0	0
19	11500001	1.37859	1.12497	2	0	0
19	12000001	1.55108	1.12497	2	0	0
19	12500001	1.5498	1.12497	2	0	0
19	13000001	1.43378	1.12497	2	0	0
19	13500001	1.36918	1.12497	2	0	0
19	14000001	1.36937	1.12497	2	0	0
19	14500001	1.3621	1.12497	2	0	0
19	15000001	1.41672	1.12497	2	0	0
19	15500001	1.30538	1.12497	2	0	0
19	16000001	0.98371	1.12497	2	0	0
19	16500001	1.00495	1.12497	2	0	0
19	17000001	0.963372	1.12497	2	0	0
19	17500001	0.953117	1.12497	2	0	0
19	18000001	0.959701	1.12497	2	0	0
19	18500001	0.991864	1.12497	2	0	0
19	19000001	0.991693	1.12497	2	0	0
19	19500001	0.938139	1.12497	2	0	0
19	20000001	0.892412	1.12497	2	0	0
19	20500001	0.856412	1.12497	2	0	0
19	21000001	0.936956	1.12497	2	0	0
19	21500001	0.917028	1.12497	2	0	0
19	22000001	1.2145	1.12497	2	0	0
19	22500001	1.61718	1.12497	2	0	0
19	23000001	3.53349	3.53349	7	0	0
19	23500001	3.51386	3.53349	7	0	0
19	24000001	4.13671	3.53349	7	0	0
19	24500001	2.57593	1.90024	4	0	0
19	25000001	1.66013	1.90024	4	0	0
19	25500001	2.07698	1.90024	4	0	0
19	26000001	1.72351	1.90024	4	0	0
19	26500001	2.68816	2.68816	5	0	0
19	27000001	5.19305	2.68816	5	0	0
19	27500001	2.34502	2.68816	5	0	0
19	28000001	0.869571	0.869571	2	0	0
19	28500001	1.95115	1.83037	4	0	0
19	29000001	1.59678	1.83037	4	0	0
19	29500001	3.99142	1.83037	4	0	0
19	30000001	1.70959	1.83037	4	0	0
19	30500001	1.20682	0.889421	2	0	0
19	31000001	1.17152	0.889421	2	0	0
19	31500001	1.19349	0.889421	2	0	0
19	32000001	1.04947	0.889421	2	0	0
19	32500001	0.931189	0.889421	2	0	0
19	33000001	0.889241	0.889421	2	0	0
19	33500001	0.889421	0.889421	2	0	0
19	34000001	0.925	0.889421	2	0	0
19	34500001	0.941998	0.889421	2	0	0
19	35000001	1.48957	0.889421	2	0	0
19	35500001	0.775837	0.889421	2	0	0
19	36000001	0.61154	0.889421	2	0	0
19	36500001	0.442605	0.889421	2	0	0
19	37000001	0.677364	0.889421	2	0	0
19	37500001	0.870263	0.889421	2	0	0
19	38000001	1.18148	0.889421	2	0	0
19	38500001	1.37481	0.889421	2	0	0
19	39000001	1.32722	0.889421	2	0	0
19	39500001	1.35157	0.889421	2	0	0
19	40000001	0.847935	0.889421	2	0	0
19	40500001	0.930292	0.889421	2	0	0
19	41000001	0.505911	0.889421	2	0	0
19	41500001	0.472101	0.889421	2	0	0
19	42000001	0.485287	0.889421	2	0	0
19	42500001	0.525307	0.889421	2	0	0
19	43000001	0.496446	0.889421	2	0	0
19	43500001	0.708813	0.889421	2	0	0
19	44000001	0.777367	0.889421	2	0	0
19	44500001	0.879222	0.889421	2	0	0
19	45000001	1.11674	0.889421	2	0	0
19	45500001	1.08448	0.889421	2	0	0
19	46000001	1.27622	1.41908	3	0	0
19	46500001	1.52157	1.41908	3	0	0
19	47000001	1.52507	1.41908	3	0	0
19	47500001	1.88539	1.41908	3	0	0
19	48000001	1.45394	1.41908	3	0	0
19	48500001	1.49046	1.41908	3	0	0
19	49000001	1.55326	1.41908	3	0	0
19	49500001	1.57409	1.41908	3	0	0
19	50000001	1.38421	1.41908	3	0	0
19	50500001	1.50829	1.41908	3	0	0
19	51000001	1.5041	1.41908	3	0	0
19	51500001	1.50454	1.41908	3	0	0
19	52000001	1.59651	1.41908	3	0	0
19	52500001	1.27417	1.41908	3	0	0
19	53000001	0.958672	1.41908	3	0	0
19	53500001	0.877093	1.41908	3	0	0
19	54000001	1.07955	1.41908	3	0	0
19	54500001	1.34717	1.41908	3	0	0
19	55000001	1.36824	1.41908	3	0	0
19	55500001	1.36285	1.41908	3	0	0
19	56000001	1.33001	1.41908	3	0	0
19	56500001	1.23816	1.41908	3	0	0
19	57000001	1.3199	1.41908	3	0	0
19	57500001	1.73886	1.41908	3	0	0
19	58000001	4.6211	2.817	6	0	0
19	58500001	1.0129	2.817	6	0	0
2	1	0.934878	0.904358	2	0	0
2	500001	0.903084	0.904358	2	0	0
2	1000001	0.882799	0.904358	2	0	0
2	1500001	0.863837	0.904358	2	0	0
2	2000001	0.888306	0.904358	2	0	0
2	2500001	0.833511	0.904358	2	0	0
2	3000001	0.880593	0.904358	2	0	0
2	3500001	0.905037	0.904358	2	0	0
2	4000001	0.844199	0.904358	2	0	0
2	4500001	0.90368	0.904358	2	0	0
2	5000001	0.887418	0.904358	2	0	0
2	5500001	0.851302	0.904358	2	0	0
2	6000001	0.90324	0.904358	2	0	0
2	6500001	0.866404	0.904358	2	0	0
2	7000001	0.872703	0.904358	2	0	0
2	7500001	0.872602	0.904358	2	0	0
2	8000001	0.892462	0.904358	2	0	0
2	8500001	0.980294	0.904358	2	0	0
2	9000001	1.27751	0.904358	2	0	0
2	9500001	1.0599	0.904358	2	0	0
2	10000001	0.969758	0.904358	2	0	0
2	10500001	1.01994	0.904358	2	0	0
2	11000001	0.987511	0.904358	2	0	0
2	11500001	1.00228	0.904358	2	0	0
2	12000001	0.995929	0.904358	2	0	0
2	12500001	0.983065	0.904358	2	0	0
2	13000001	0.976094	0.904358	2	0	0
2	13500001	0.952638	0.904358	2	0	0
2	14000001	0.918723	0.904358	2	0	0
2	14500001	0.939063	0.904358	2	0	0
2	15000001	0.647648	0.497726	1	0	0
2	15500001	0.43729	0.497726	1	0	0
2	16000001	0.474312	0.497726	1	0	0
2	16500001	0.4963	0.497726	1	0	0
2	17000001	0.534375	0.497726	1	0	0
2	17500001	0.525058	0.497726	1	0	0
2	18000001	0.488908	0.497726	1	0	0
2	18500001	0.486325	0.497726	1	0	0
2	19000001	0.492187	0.497726	1	0	0
2	19500001	0.509259	0.497726	1	0	0
2	20000001	0.575042	0.497726	1	0	0
2	20500001	0.523319	0.497726	1	0	0
2	21000001	0.489689	0.497726	1	0	0
2	21500001	0.477153	0.497726	1	0	0
2	22000001	0.477974	0.497726	1	0	0
2	22500001	0.483022	0.497726	1	0	0
2	23000001	0.505358	0.497726	1	0	0
2	23500001	0.495927	0.497726	1	0	0
2	24000001	0.499152	0.497726	1	0	0
2	24500001	0.514515	0.497726	1	0	0
2	25000001	0.524731	0.497726	1	0	0
2	25500001	1.1081	0.497726	1	0	0
2	26000001	2.56143	2.5681	5	0	0
2	26500001	2.5681	2.5681	5	0	0
2	27000001	3.02383	2.5681	5	0	0
2	27500001	3.26567	3.26567	7	0	0
2	28000001	2.96553	2.4489	5	0	0
2	28500001	2.56881	2.4489	5	0	0
2	29000001	2.53905	2.4489	5	0	0
2	29500001	2.43909	2.4489	5	0	0
2	30000001	2.50818	2.4489	5	0	0
2	30500001	2.4489	2.4489	5	0	0
2	31000001	2.53094	2.4489	5	0	0
2	31500001	2.60179	2.4489	5	0	0
2	32000001	2.40275	2.4489	5	0	0
2	32500001	2.70292	2.4489	5	0	0
2	33000001	2.29834	2.4489	5	0	0
2	33500001	2.40767	2.4489	5	0	0
2	34000001	2.28793	2.4489	5	0	0
2	34500001	2.27114	2.4489	5	0	0
2	35000001	2.37089	2.4489	5	0	0
2	35500001	2.36979	2.4489	5	0	0
2	36000001	2.50045	2.4489	5	0	0
2	36500001	2.13085	2.03003	4	0	0
2	37000001	2.14361	2.03003	4	0	0
2	37500001	2.20372	2.03003	4	0	0
2	38000001	2.19991	2.03003	4	0	0
2	38500001	2.12055	2.03003	4	0	0
2	39000001	2.00192	2.03003	4	0	0
2	39500001	2.06085	2.03003	4	0	0
2	40000001	2.014	2.03003	4	0	0
2	40500001	2.02296	2.03003	4	0	0
2	41000001	2.00409	2.03003	4	0	0
2	41500001	1.94345	2.03003	4	0	0
2	42000001	2.0371	2.03003	4	0	0
2	42500001	2.02098	2.03003	4	0	0
2	43000001	1.83073	2.03003	4	0	0
2	43500001	1.53067	1.53278	3	0	0
2	44000001	1.56563	1.53278	3	0	0
2	44500001	1.5212	1.53278	3	0	0
2	45000001	1.58861	1.53278	3	0	0
2	45500001	1.6326	1.53278	3	0	0
2	46000001	1.59052	1.53278	3	0	0
2	46500001	1.57756	1.53278	3	0	0
2	47000001	1.59242	1.53278	3	0	0
2	47500001	1.54078	1.53278	3	0	0
2	48000001	1.50172	1.53278	3	0	0
2	48500001	1.41032	1.53278	3	0	0
2	49000001	1.40964	1.53278	3	0	0
2	49500001	1.34047	1.53278	3	0	0
2	50000001	1.52385	1.53278	3	0	0
2	50500001	1.50929	1.53278	3	0	0
2	51000001	1.44783	1.53278	3	0	0
2	51500001	1.43924	1.53278	3	0	0
2	52000001	1.45432	1.53278	3	0	0
2	52500001	1.43428	1.53278	3	0	0
2	53000001	1.54915	1.53278	3	0	0
2	53500001	1.49464	1.53278	3	0	0
2	54000001	1.55307	1.53278	3	0	0
2	54500001	1.557	1.53278	3	0	0
2	55000001	1.5698	1.53278	3	0	0
2	55500001	1.56742	1.53278	3	0	0
2	56000001	1.51121	1.53278	3	0	0
2	56500001	1.55203	1.53278	3	0	0
2	57000001	1.47129	1.53278	3	0	0
2	57500001	1.55354	1.53278	3	0	0
2	58000001	1.48962	1.53278	3	0	0
2	58500001	1.41182	1.53278	3	0	0
2	59000001	1.39932	1.53278	3	0	0
2	59500001	1.40832	1.53278	3	0	0
2	60000001	1.50735	1.53278	3	0	0
2	60500001	1.48664	1.53278	3	0	0
2	61000001	1.50534	1.53278	3	0	0
2	61500001	1.57921	1.53278	3	0	0
2	62000001	1.51106	1.53278	3	0	0
2	62500001	1.63026	1.53278	3	0	0
2	63000001	1.59059	1.53278	3	0	0
2	63500001	1.5284	1.53278	3	0	0
2	64000001	1.59954	1.53278	3	0	0
2	64500001	1.56053	1.53278	3	0	0
2	65000001	1.54789	1.53278	3	0	0
2	65500001	1.53489	1.53278	3	0	0
2	66000001	1.46847	1.53278	3	0	0
2	66500001	1.53557	1.53278	3	0	0
2	67000001	1.55264	1.53278	3	0	0
2	67500001	1.56197	1.53278	3	0	0
2	68000001	1.54108	1.53278	3	0	0
2	68500001	1.57051	1.53278	3	0	0
2	69000001	1.53569	1.53278	3	0	0
2	69500001	1.63887	1.53278	3	0	0
2	70000001	1.56232	1.53278	3	0	0
2	70500001	1.5954	1.53278	3	0	0
2	71000001	1.4914	1.53278	3	0	0
2	71500001	1.49616	1.53278	3	0	0
2	72000001	1.51912	1.53278	3	0	0
2	72500001	1.56186	1.53278	3	0	0
2	73000001	1.52115	1.53278	3	0	0
2	73500001	1.46959	1.53278	3	0	0
2	74000001	1.51044	1.53278	3	0	0
2	74500001	1.14861	0.888534	2	0	0
2	75000001	0.555957	0.888534	2	0	0
2	75500001	0.873199	0.888534	2	0	0
2	76000001	1.4321	0.888534	2	0	0
2	76500001	0.888534	0.888534	2	0	0
2	77000001	0.468818	0.484209	1	0	0
2	77500001	0.485519	0.484209	1	0	0
2	78000001	0.498283	0.484209	1	0	0
2	78500001	0.455377	0.484209	1	0	0
2	79000001	0.468139	0.484209	1	0	0
2	79500001	0.432027	0.484209	1	0	0
2	80000001	0.448952	0.484209	1	0	0
2	80500001	0.480856	0.484209	1	0	0
2	81000001	0.511356	0.484209	1	0	0
2	81500001	0.598154	0.484209	1	0	0
2	82000001	0.482899	0.484209	1	0	0
2	82500001	0.853983	0.484209	1	0	0
2	83000001	0.465584	0.484209	1	0	0
2	83500001	0.884828	0.484209	1	0	0
2	84000001	1.11999	0.484209	1	0	0
2	84500001	0.952617	0.484209	1	0	0
2	85000001	2.06279	2.06279	4	0	0
2	85500001	0.798272	0.594505	1	0	0
2	86000001	0.525428	0.594505	1	0	0
2	86500001	0.506592	0.594505	1	0	0
2	87000001	0.610592	0.594505	1	0	0
2	87500001	0.757628	0.594505	1	0	0
2	88000001	0.578418	0.594505	1	0	0
2	88500001	0.51589	0.594505	1	0	0
2	89000001	-1	0.594505	1	0	0
2	89500001	-1	0.594505	1	0	0
2	90000001	-1	0.594505	1	0	0
2	90500001	-1	0.594505	1	0	0
2	91000001	-1	0.594505	1	0	0
2	91500001	0.724887	0.594505	1	0	0
2	92000001	0.706294	0.594505	1	0	0
2	92500001	0.665512	0.594505	1	0	0
2	93000001	0.323524	0.594505	1	0	0
2	93500001	0.342049	0.594505	1	0	0
2	94000001	-1	-1	-1	0	0
2	94500001	1.03562	0.9984	2	0	0
2	95000001	0.9984	0.9984	2	0	0
2	95500001	1.04198	0.9984	2	0	0
2	96000001	1.02714	0.9984	2	0	0
2	96500001	1.00407	0.9984	2	0	0
2	97000001	1.06401	0.9984	2	0	0
2	97500001	0.97423	0.9984	2	0	0
2	98000001	0.956992	0.9984	2	0	0
2	98500001	0.954805	0.9984	2	0	0
2	99000001	0.905402	0.9984	2	0	0
2	99500001	0.982761	0.9984	2	0	0
2	100000001	1.55349	2.04936	4	0	0
2	100500001	2.0681	2.04936	4	0	0
2	101000001	2.04936	2.04936	4	0	0
2	101500001	1.3209	1.0072	2	0	0
2	102000001	1.03208	1.0072	2	0	0
2	102500001	1.01363	1.0072	2	0	0
2	103000001	0.994135	1.0072	2	0	0
2	103500001	0.94446	1.0072	2	0	0
2	104000001	0.911313	1.0072	2	0	0
2	104500001	0.878079	1.0072	2	0	0
2	105000001	1.00163	1.0072	2	0	0
2	105500001	0.963236	1.0072	2	0	0
2	106000001	0.938372	1.0072	2	0	0
2	106500001	0.95373	1.0072	2	0	0
2	107000001	0.965384	1.0072	2	0	0
2	107500001	0.981771	1.0072	2	0	0
2	108000001	1.03734	1.0072	2	0	0
2	108500001	1.02742	1.0072	2	0	0
2	109000001	1.27162	1.0072	2	0	0
2	109500001	1.02446	1.0072	2	0	0
2	110000001	0.955959	1.0072	2	0	0
2	110500001	1.0436	1.0072	2	0	0
2	111000001	1.05024	1.0072	2	0	0
2	111500001	1.05838	1.0072	2	0	0
2	112000001	1.0251	1.0072	2	0	0
2	112500001	1.07976	1.0072	2	0	0
2	113000001	1.1244	1.0072	2	0	0
2	113500001	1.08323	1.0072	2	0	0
2	114000001	0.999257	1.0072	2	0	0
2	114500001	0.919514	1.0072	2	0	0
2	115000001	0.882943	1.0072	2	0	0
2	115500001	0.916723	1.0072	2	0	0
2	116000001	0.951265	1.0072	2	0	0
2	116500001	0.878306	1.0072	2	0	0
2	117000001	0.925809	1.0072	2	0	0
2	117500001	1.01416	1.0072	2	0	0
2	118000001	1.08373	1.0072	2	0	0
2	118500001	1.04045	1.0072	2	0	0
2	119000001	0.971837	1.0072	2	0	0
2	119500001	1.02741	1.0072	2	0	0
2	120000001	0.967999	1.0072	2	0	0
2	120500001	1.01305	1.0072	2	0	0
2	121000001	0.971322	1.0072	2	0	0
2	121500001	1.05809	1.0072	2	0	0
2	122000001	0.957304	1.0072	2	0	0
2	122500001	0.93484	1.0072	2	0	0
2	123000001	0.917238	1.0072	2	0	0
2	123500001	0.934281	1.0072	2	0	0
2	124000001	0.905924	1.0072	2	0	0
2	124500001	0.900886	1.0072	2	0	0
2	125000001	0.894095	1.0072	2	0	0
2	125500001	0.900219	1.0072	2	0	0
2	126000001	0.882927	1.0072	2	0	0
2	126500001	0.9521	1.0072	2	0	0
2	127000001	1.00538	1.0072	2	0	0
2	127500001	1.0608	1.0072	2	0	0
2	128000001	1.09492	1.0072	2	0	0
2	128500001	0.917368	1.0072	2	0	0
2	129000001	0.922855	1.0072	2	0	0
2	129500001	0.954104	1.0072	2	0	0
2	130000001	0.767564	1.0072	2	0	0
2	130500001	1.02174	1.0072	2	0	0
2	131000001	1.13716	1.0072	2	0	0
2	131500001	1.32019	1.0072	2	0	0
2	132000001	1.43988	1.0072	2	0	0
2	132500001	0.745662	1.0072	2	0	0
2	133000001	0.595028	1.0072	2	0	0
2	133500001	0.944717	1.0072	2	0	0
2	134000001	0.951456	1.0072	2	0	0
2	134500001	0.999827	1.0072	2	0	0
2	135000001	0.938636	1.0072	2	0	0
2	135500001	0.96575	1.0072	2	0	0
2	136000001	0.946634	1.0072	2	0	0
2	136500001	0.948519	1.0072	2	0	0
2	137000001	1.03235	1.0072	2	0	0
2	137500001	1.04853	1.0072	2	0	0
2	138000001	1.0632	1.0072	2	0	0
2	138500001	1.06118	1.0072	2	0	0
2	139000001	1.05347	1.0072	2	0	0
2	139500001	0.971632	1.0072	2	0	0
2	140000001	1.0849	1.0072	2	0	0
2	140500001	1.01783	1.0072	2	0	0
2	141000001	0.896301	1.0072	2	0	0
2	141500001	0.964009	1.0072	2	0	0
2	142000001	1.00749	1.0072	2	0	0
2	142500001	1.07955	1.0072	2	0	0
2	143000001	1.07895	1.0072	2	0	0
2	143500001	1.05994	1.0072	2	0	0
2	144000001	1.02911	1.0072	2	0	0
2	144500001	0.983378	1.0072	2	0	0
2	145000001	1.031	1.0072	2	0	0
2	145500001	1.06215	1.0072	2	0	0
2	146000001	1.0746	1.0072	2	0	0
2	146500001	1.02531	1.0072	2	0	0
2	147000001	1.04099	1.0072	2	0	0
2	147500001	1.01153	1.0072	2	0	0
2	148000001	1.07948	1.0072	2	0	0
2	148500001	1.17297	1.0072	2	0	0
2	149000001	1.00662	1.0072	2	0	0
2	149500001	1.11629	1.0072	2	0	0
2	150000001	1.10541	1.0072	2	0	0
2	150500001	1.05323	1.0072	2	0	0
2	151000001	0.997389	1.0072	2	0	0
2	151500001	0.983964	1.0072	2	0	0
2	152000001	1.02767	1.0072	2	0	0
2	152500001	0.975905	1.0072	2	0	0
2	153000001	0.907433	1.0072	2	0	0
2	153500001	0.992351	1.0072	2	0	0
2	154000001	0.934971	1.0072	2	0	0
2	154500001	0.970273	1.0072	2	0	0
2	155000001	1.04828	1.0072	2	0	0
2	155500001	1.08782	1.0072	2	0	0
2	156000001	1.07859	1.0072	2	0	0
2	156500001	1.09425	1.0072	2	0	0
2	157000001	0.996303	1.0072	2	0	0
2	157500001	0.995899	1.0072	2	0	0
2	158000001	1.04364	1.0072	2	0	0
2	158500001	1.02035	1.0072	2	0	0
2	159000001	1.0678	1.0072	2	0	0
2	159500001	1.07131	1.0072	2	0	0
2	160000001	1.15147	1.0072	2	0	0
2	160500001	1.14469	1.0072	2	0	0
2	161000001	1.09505	1.0072	2	0	0
2	161500001	1.06341	1.0072	2	0	0
2	162000001	1.00691	1.0072	2	0	0
2	162500001	0.996526	1.0072	2	0	0
2	163000001	1.04532	1.0072	2	0	0
2	163500001	1.02807	1.0072	2	0	0
2	164000001	0.985702	1.0072	2	0	0
2	164500001	1.11017	1.0072	2	0	0
2	165000001	1.0222	1.0072	2	0	0
2	165500001	0.993174	1.0072	2	0	0
2	166000001	0.973804	1.0072	2	0	0
2	166500001	0.957158	1.0072	2	0	0
2	167000001	0.985075	1.0072	2	0	0
2	167500001	0.993774	1.0072	2	0	0
2	168000001	1.03429	1.0072	2	0	0
2	168500001	0.555597	0.513182	1	0	0
2	169000001	0.496365	0.513182	1	0	0
2	169500001	0.480833	0.513182	1	0	0
2	170000001	0.495208	0.513182	1	0	0
2	170500001	0.503023	0.513182	1	0	0
2	171000001	0.552657	0.513182	1	0	0
2	171500001	0.513051	0.513182	1	0	0
2	172000001	0.545453	0.513182	1	0	0
2	172500001	0.549579	0.513182	1	0	0
2	173000001	0.510763	0.513182	1	0	0
2	173500001	0.538508	0.513182	1	0	0
2	174000001	0.529431	0.513182	1	0	0
2	174500001	0.480829	0.513182	1	0	0
2	175000001	0.505227	0.513182	1	0	0
2	175500001	0.516032	0.513182	1	0	0
2	176000001	0.535692	0.513182	1	0	0
2	176500001	0.513182	0.513182	1	0	0
2	177000001	1.98876	2.03523	4	0	0
2	177500001	2.08171	2.03523	4	0	0
2	178000001	2.97471	3.02297	6	0	0
2	178500001	3.06542	3.02297	6	0	0
2	179000001	2.98052	3.02297	6	0	0
2	179500001	3.07788	3.02297	6	0	0
2	180000001	2.13728	1.53008	3	0	0
2	180500001	1.54401	1.53008	3	0	0
2	181000001	1.50633	1.53008	3	0	0
2	181500001	1.59331	1.53008	3	0	0
2	182000001	1.59522	1.53008	3	0	0
2	182500001	1.58301	1.53008	3	0	0
2	183000001	1.52172	1.53008	3	0	0
2	183500001	1.47318	1.53008	3	0	0
2	184000001	1.52126	1.53008	3	0	0
2	184500001	1.52858	1.53008	3	0	0
2	185000001	1.53943	1.53008	3	0	0
2	185500001	1.57394	1.53008	3	0	0
2	186000001	1.49761	1.53008	3	0	0
2	186500001	1.55582	1.53008	3	0	0
2	187000001	1.44813	1.53008	3	0	0
2	187500001	1.44813	1.53008	3	0	0
2	188000001	1.4984	1.53008	3	0	0
2	188500001	1.50767	1.53008	3	0	0
2	189000001	1.5927	1.53008	3	0	0
2	189500001	1.54178	1.53008	3	0	0
2	190000001	1.54008	1.53008	3	0	0
2	190500001	1.63404	1.53008	3	0	0
2	191000001	1.67609	1.53008	3	0	0
2	191500001	1.65552	1.53008	3	0	0
2	192000001	1.59132	1.53008	3	0	0
2	192500001	1.56784	1.53008	3	0	0
2	193000001	1.51319	1.53008	3	0	0
2	193500001	1.51886	1.53008	3	0	0
2	194000001	1.53386	1.53008	3	0	0
2	194500001	1.5301	1.53008	3	0	0
2	195000001	1.51008	1.53008	3	0	0
2	195500001	1.53272	1.53008	3	0	0
2	196000001	1.5673	1.53008	3	0	0
2	196500001	1.53005	1.53008	3	0	0
2	197000001	1.48745	1.53008	3	0	0
2	197500001	1.43784	1.53008	3	0	0
2	198000001	1.43004	1.53008	3	0	0
2	198500001	1.45365	1.53008	3	0	0
2	199000001	1.41107	1.53008	3	0	0
2	199500001	1.47771	1.53008	3	0	0
2	200000001	1.10541	1.02032	2	0	0
2	200500001	1.04954	1.02032	2	0	0
2	201000001	1.07914	1.02032	2	0	0
2	201500001	1.21775	1.02032	2	0	0
2	202000001	1.08889	1.02032	2	0	0
2	202500001	0.983152	1.02032	2	0	0
2	203000001	0.999326	1.02032	2	0	0
2	203500001	1.01776	1.02032	2	0	0
2	204000001	0.94879	1.02032	2	0	0
2	204500001	0.886975	1.02032	2	0	0
2	205000001	0.983987	1.02032	2	0	0
2	205500001	0.916632	1.02032	2	0	0
2	206000001	1.01596	1.02032	2	0	0
2	206500001	1.0739	1.02032	2	0	0
2	207000001	1.09291	1.02032	2	0	0
2	207500001	1.06453	1.02032	2	0	0
2	208000001	1.00658	1.02032	2	0	0
2	208500001	0.982418	1.02032	2	0	0
2	209000001	1.04978	1.02032	2	0	0
2	209500001	1.02431	1.02032	2	0	0
2	210000001	0.97211	1.02032	2	0	0
2	210500001	1.02032	1.02032	2	0	0
2	211000001	1.057	1.02032	2	0	0
2	211500001	1.06541	1.02032	2	0	0
2	212000001	1.0551	1.02032	2	0	0
2	212500001	1.06076	1.02032	2	0	0
2	213000001	1.09792	1.02032	2	0	0
2	213500001	0.997368	1.02032	2	0	0
2	214000001	0.958702	1.02032	2	0	0
2	214500001	0.98413	1.02032	2	0	0
2	215000001	1.04527	1.02032	2	0	0
2	215500001	1.03144	1.02032	2	0	0
2	216000001	1.07263	1.02032	2	0	0
2	216500001	0.961753	1.02032	2	0	0
2	217000001	1.00998	1.02032	2	0	0
2	217500001	0.998864	1.02032	2	0	0
2	218000001	1.02743	1.02032	2	0	0
2	218500001	0.979221	1.02032	2	0	0
2	219000001	0.986249	1.02032	2	0	0
2	219500001	1.00901	1.02032	2	0	0
2	220000001	1.05018	1.02032	2	0	0
2	220500001	1.051	1.02032	2	0	0
2	221000001	1.05722	1.02032	2	0	0
2	221500001	1.07268	1.02032	2	0	0
2	222000001	1.01292	1.02032	2	0	0
2	222500001	1.05414	1.02032	2	0	0
2	223000001	1.05185	1.02032	2	0	0
2	223500001	1.03403	1.02032	2	0	0
2	224000001	1.03502	1.02032	2	0	0
2	224500001	0.972644	1.02032	2	0	0
2	225000001	1.00726	1.02032	2	0	0
2	225500001	1.05869	1.02032	2	0	0
2	226000001	1.07223	1.02032	2	0	0
2	226500001	1.06079	1.02032	2	0	0
2	227000001	0.969502	1.02032	2	0	0
2	227500001	1.0195	1.02032	2	0	0
2	228000001	0.988841	1.02032	2	0	0
2	228500001	0.960851	1.02032	2	0	0
2	229000001	0.984348	1.02032	2	0	0
2	229500001	1.00478	1.02032	2	0	0
2	230000001	1.03033	1.02032	2	0	0
2	230500001	1.05506	1.02032	2	0	0
2	231000001	1.06242	1.02032	2	0	0
2	231500001	1.02273	1.02032	2	0	0
2	232000001	0.980772	1.02032	2	0	0
2	232500001	1.03382	1.02032	2	0	0
2	233000001	1.02432	1.02032	2	0	0
2	233500001	1.09395	1.02032	2	0	0
2	234000001	1.23595	1.02032	2	0	0
2	234500001	1.00302	1.02032	2	0	0
2	235000001	0.980101	1.02032	2	0	0
2	235500001	1.00027	1.02032	2	0	0
2	236000001	0.998532	1.02032	2	0	0
2	236500001	1.03494	1.02032	2	0	0
2	237000001	1.04991	1.02032	2	0	0
2	237500001	0.971493	1.02032	2	0	0
2	238000001	0.968396	1.02032	2	0	0
2	238500001	0.935438	1.02032	2	0	0
2	239000001	0.949611	1.02032	2	0	0
2	239500001	0.905329	1.02032	2	0	0
2	240000001	0.998929	1.02032	2	0	0
2	240500001	0.922445	1.02032	2	0	0
2	241000001	1.0295	1.02032	2	0	0
2	241500001	0.471584	0.342544	1	0	0
2	242000001	0.213505	0.342544	1	0	0
20	1	1.47757	1.48733	3	0	0
20	500001	1.49708	1.48733	3	0	0
20	1000001	1.51065	1.48733	3	0	0
20	1500001	1.38255	1.48733	3	0	0
20	2000001	1.07975	1.02535	2	0	0
20	2500001	1.00194	1.02535	2	0	0
20	3000001	0.991127	1.02535	2	0	0
20	3500001	1.02792	1.02535	2	0	0
20	4000001	1.0875	1.02535	2	0	0
20	4500001	1.04449	1.02535	2	0	0
20	5000001	1.02752	1.02535	2	0	0
20	5500001	1.03259	1.02535	2	0	0
20	6000001	1.05256	1.02535	2	0	0
20	6500001	1.08658	1.02535	2	0	0
20	7000001	1.02806	1.02535	2	0	0
20	7500001	1.02239	1.02535	2	0	0
20	8000001	0.949666	1.02535	2	0	0
20	8500001	0.959826	1.02535	2	0	0
20	9000001	0.932178	1.02535	2	0	0
20	9500001	0.926525	1.02535	2	0	0
20	10000001	1.01149	1.02535	2	0	0
20	10500001	1.09365	1.02535	2	0	0
20	11000001	1.1057	1.02535	2	0	0
20	11500001	1.06889	1.02535	2	0	0
20	12000001	0.986763	1.02535	2	0	0
20	12500001	1.0044	1.02535	2	0	0
20	13000001	1.02012	1.02535	2	0	0
20	13500001	1.02535	1.02535	2	0	0
20	14000001	1.04992	1.02535	2	0	0
20	14500001	0.609732	1.02535	2	0	0
20	15000001	0.727795	1.02535	2	0	0
20	15500001	1.0279	1.02535	2	0	0
20	16000001	1.01056	1.02535	2	0	0
20	16500001	1.45274	1.4568	3	0	0
20	17000001	1.47931	1.4568	3	0	0
20	17500001	1.48257	1.4568	3	0	0
20	18000001	1.49467	1.4568	3	0	0
20	18500001	1.42792	1.4568	3	0	0
20	19000001	1.46087	1.4568	3	0	0
20	19500001	1.53948	1.4568	3	0	0
20	20000001	1.48559	1.4568	3	0	0
20	20500001	1.45205	1.4568	3	0	0
20	21000001	1.35433	1.4568	3	0	0
20	21500001	1.32653	1.4568	3	0	0
20	22000001	1.43976	1.4568	3	0	0
20	22500001	1.39945	1.4568	3	0	0
20	23000001	1.50051	1.4568	3	0	0
20	23500001	1.76996	1.89049	4	0	0
20	24000001	1.92308	1.89049	4	0	0
20	24500001	1.89049	1.89049	4	0	0
20	25000001	1.98561	1.89049	4	0	0
20	25500001	1.63857	1.89049	4	0	0
20	26000001	3.35727	3.44852	7	0	0
20	26500001	3.53977	3.44852	7	0	0
20	27000001	2.60707	2.54079	5	0	0
20	27500001	2.54079	2.54079	5	0	0
20	28000001	2.36987	2.54079	5	0	0
20	28500001	4.46166	4.46166	9	0	0
20	29000001	2.03951	2.07269	4	0	0
20	29500001	2.23723	2.07269	4	0	0
20	30000001	-1	2.07269	4	0	0
20	30500001	2.07269	2.07269	4	0	0
20	31000001	-1	2.07269	4	0	0
20	31500001	2.14474	2.07269	4	0	0
20	32000001	1.9663	2.07269	4	0	0
20	32500001	2.00509	2.07269	4	0	0
20	33000001	1.92341	2.07269	4	0	0
20	33500001	2.1877	2.07269	4	0	0
20	34000001	2.20709	2.07269	4	0	0
20	34500001	1.46347	1.49318	3	0	0
20	35000001	1.51046	1.49318	3	0	0
20	35500001	1.46811	1.49318	3	0	0
20	36000001	2.15714	1.49318	3	0	0
20	36500001	1.50489	1.49318	3	0	0
20	37000001	1.48798	1.49318	3	0	0
20	37500001	1.53078	1.49318	3	0	0
20	38000001	1.52644	1.49318	3	0	0
20	38500001	1.44531	1.49318	3	0	0
20	39000001	1.41586	1.49318	3	0	0
20	39500001	1.42598	1.49318	3	0	0
20	40000001	1.40114	1.49318	3	0	0
20	40500001	1.43591	1.49318	3	0	0
20	41000001	1.56125	1.49318	3	0	0
20	41500001	1.41906	1.49318	3	0	0
20	42000001	1.37463	1.49318	3	0	0
20	42500001	1.38517	1.49318	3	0	0
20	43000001	1.40379	1.49318	3	0	0
20	43500001	1.47314	1.49318	3	0	0
20	44000001	1.50033	1.49318	3	0	0
20	44500001	1.54188	1.49318	3	0	0
20	45000001	1.50291	1.49318	3	0	0
20	45500001	1.54769	1.49318	3	0	0
20	46000001	1.48348	1.49318	3	0	0
20	46500001	1.48092	1.49318	3	0	0
20	47000001	1.53118	1.49318	3	0	0
20	47500001	1.53576	1.49318	3	0	0
20	48000001	1.35099	1.49318	3	0	0
20	48500001	1.53087	1.49318	3	0	0
20	49000001	1.49838	1.49318	3	0	0
20	49500001	1.53391	1.49318	3	0	0
20	50000001	1.92198	1.49318	3	0	0
20	50500001	1.92956	1.49318	3	0	0
20	51000001	1.46637	1.49318	3	0	0
20	51500001	1.55305	1.49318	3	0	0
20	52000001	1.47307	1.49318	3	0	0
20	52500001	1.46036	1.49318	3	0	0
20	53000001	1.46171	1.49318	3	0	0
20	53500001	1.51799	1.49318	3	0	0
20	54000001	1.5129	1.49318	3	0	0
20	54500001	1.39244	1.39402	3	0	0
20	55000001	1.34765	1.39402	3	0	0
20	55500001	1.31931	1.39402	3	0	0
20	56000001	1.39402	1.39402	3	0	0
20	56500001	1.40931	1.39402	3	0	0
20	57000001	1.40791	1.39402	3	0	0
20	57500001	1.4597	1.39402	3	0	0
20	58000001	1.48793	1.39402	3	0	0
20	58500001	1.45712	1.39402	3	0	0
20	59000001	1.39168	1.39402	3	0	0
20	59500001	1.36471	1.39402	3	0	0
20	60000001	1.33497	1.39402	3	0	0
20	60500001	1.36243	1.39402	3	0	0
20	61000001	1.29577	1.39402	3	0	0
20	61500001	1.31924	1.39402	3	0	0
20	62000001	1.52871	1.39402	3	0	0
20	62500001	1.52999	1.39402	3	0	0
20	63000001	1.48262	1.39402	3	0	0
20	63500001	1.46029	1.39402	3	0	0
20	64000001	-1	-1	-1	0	0
21	1	-1	-1	-1	0	0
21	500001	-1	-1	-1	0	0
21	1000001	-1	-1	-1	0	0
21	1500001	-1	-1	-1	0	0
21	2000001	-1	-1	-1	0	0
21	2500001	-1	-1	-1	0	0
21	3000001	-1	-1	-1	0	0
21	3500001	-1	-1	-1	0	0
21	4000001	-1	-1	-1	0	0
21	4500001	-1	-1	-1	0	0
21	5000001	-1	-1	-1	0	0
21	5500001	-1	-1	-1	0	0
21	6000001	-1	-1	-1	0	0
21	6500001	-1	-1	-1	0	0
21	7000001	-1	-1	-1	0	0
21	7500001	-1	-1	-1	0	0
21	8000001	-1	-1	-1	0	0
21	8500001	-1	-1	-1	0	0
21	9000001	-1	-1	-1	0	0
21	9500001	1.19661	1.19661	2	0	0
21	10000001	-1	-1	-1	0	0
21	10500001	0.742533	0.741054	1	0	0
21	11000001	0.489147	0.741054	1	0	0
21	11500001	0.741054	0.741054	1	0	0
21	12000001	0.813994	0.813994	2	0	0
21	12500001	1.38033	1.38033	3	0	0
21	13000001	0.772128	0.715276	1	0	0
21	13500001	0.658425	0.715276	1	0	0
21	14000001	0.962553	1.01813	2	0	0
21	14500001	1.00648	1.01813	2	0	0
21	15000001	1.0851	1.01813	2	0	0
21	15500001	1.06958	1.01813	2	0	0
21	16000001	1.02349	1.01813	2	0	0
21	16500001	0.984199	1.01813	2	0	0
21	17000001	1.16284	1.01813	2	0	0
21	17500001	0.982809	1.01813	2	0	0
21	18000001	1.0121	1.01813	2	0	0
21	18500001	0.960012	1.01813	2	0	0
21	19000001	0.9407	1.01813	2	0	0
21	19500001	1.0037	1.01813	2	0	0
21	20000001	0.955624	1.01813	2	0	0
21	20500001	1.01809	1.01813	2	0	0
21	21000001	0.990261	1.01813	2	0	0
21	21500001	0.972996	1.01813	2	0	0
21	22000001	1.01817	1.01813	2	0	0
21	22500001	1.06065	1.01813	2	0	0
21	23000001	1.0122	1.01813	2	0	0
21	23500001	0.950453	1.01813	2	0	0
21	24000001	1.06568	1.01813	2	0	0
21	24500001	1.00177	1.01813	2	0	0
21	25000001	1.08023	1.01813	2	0	0
21	25500001	1.07958	1.01813	2	0	0
21	26000001	1.06114	1.01813	2	0	0
21	26500001	1.10124	1.01813	2	0	0
21	27000001	1.03927	1.01813	2	0	0
21	27500001	1.0593	1.01813	2	0	0
21	28000001	0.923437	1.01813	2	0	0
21	28500001	1.13343	1.01813	2	0	0
21	29000001	1.12379	1.01813	2	0	0
21	29500001	1.0813	1.01813	2	0	0
21	30000001	1.11887	1.01813	2	0	0
21	30500001	0.994824	1.01813	2	0	0
21	31000001	0.955594	1.01813	2	0	0
21	31500001	0.996724	1.01813	2	0	0
21	32000001	0.952324	1.01813	2	0	0
21	32500001	0.991546	1.01813	2	0	0
21	33000001	0.963218	1.01813	2	0	0
21	33500001	1.09082	1.01813	2	0	0
21	34000001	0.912554	1.01813	2	0	0
21	34500001	1.0153	1.01813	2	0	0
21	35000001	1.12513	1.01813	2	0	0
21	35500001	1.06512	1.01813	2	0	0
21	36000001	1.02592	1.01813	2	0	0
21	36500001	1.04195	1.01813	2	0	0
21	37000001	1.02824	1.01813	2	0	0
21	37500001	1.01221	1.01813	2	0	0
21	38000001	1.07467	1.01813	2	0	0
21	38500001	1.05663	1.01813	2	0	0
21	39000001	1.05147	1.01813	2	0	0
21	39500001	1.00676	1.01813	2	0	0
21	40000001	0.951926	1.01813	2	0	0
21	40500001	0.942222	1.01813	2	0	0
21	41000001	0.995677	1.01813	2	0	0
21	41500001	1.1074	1.01813	2	0	0
21	42000001	1.06731	1.01813	2	0	0
21	42500001	1.02616	1.01813	2	0	0
21	43000001	0.726859	0.963926	2	0	0
21	43500001	0.962794	0.963926	2	0	0
21	44000001	0.807217	0.963926	2	0	0
21	44500001	0.974072	0.963926	2	0	0
21	45000001	1.00062	0.963926	2	0	0
21	45500001	0.965058	0.963926	2	0	0
21	46000001	1.02567	0.963926	2	0	0
21	46500001	0.412543	0.963926	2	0	0
22	1	-1	-1	-1	0	0
22	500001	-1	-1	-1	0	0
22	1000001	-1	-1	-1	0	0
22	1500001	-1	-1	-1	0	0
22	2000001	-1	-1	-1	0	0
22	2500001	-1	-1	-1	0	0
22	3000001	-1	-1	-1	0	0
22	3500001	-1	-1	-1	0	0
22	4000001	-1	-1	-1	0	0
22	4500001	-1	-1	-1	0	0
22	5000001	-1	-1	-1	0	0
22	5500001	-1	-1	-1	0	0
22	6000001	-1	-1	-1	0	0
22	6500001	-1	-1	-1	0	0
22	7000001	-1	-1	-1	0	0
22	7500001	-1	-1	-1	0	0
22	8000001	-1	-1	-1	0	0
22	8500001	-1	-1	-1	0	0
22	9000001	-1	-1	-1	0	0
22	9500001	-1	-1	-1	0	0
22	10000001	-1	-1	-1	0	0
22	10500001	-1	-1	-1	0	0
22	11000001	-1	-1	-1	0	0
22	11500001	-1	-1	-1	0	0
22	12000001	-1	-1	-1	0	0
22	12500001	-1	-1	-1	0	0
22	13000001	0.466102	0.466102	1	0	0
22	13500001	0.716256	0.716256	1	0	0
22	14000001	0.968919	0.967764	2	0	0
22	14500001	1.08089	0.967764	2	0	0
22	15000001	-1	0.967764	2	0	0
22	15500001	1.29156	0.967764	2	0	0
22	16000001	0.930954	0.967764	2	0	0
22	16500001	0.959827	0.967764	2	0	0
22	17000001	0.966609	0.967764	2	0	0
22	17500001	1.02364	0.967764	2	0	0
22	18000001	-1	0.967764	2	0	0
22	18500001	0.767866	0.967764	2	0	0
22	19000001	1.129	1.129	2	0	0
22	19500001	1.56245	1.129	2	0	0
22	20000001	1.02416	1.129	2	0	0
22	20500001	1.00432	0.960698	2	0	0
22	21000001	0.792569	0.960698	2	0	0
22	21500001	0.954992	0.960698	2	0	0
22	22000001	0.969624	0.960698	2	0	0
22	22500001	0.96074	0.960698	2	0	0
22	23000001	0.984813	0.960698	2	0	0
22	23500001	0.960698	0.960698	2	0	0
22	24000001	1.03039	0.960698	2	0	0
22	24500001	0.969625	0.960698	2	0	0
22	25000001	0.948618	0.960698	2	0	0
22	25500001	0.914531	0.960698	2	0	0
22	26000001	0.957568	0.960698	2	0	0
22	26500001	0.935398	0.960698	2	0	0
22	27000001	1.03589	0.960698	2	0	0
22	27500001	0.979221	0.960698	2	0	0
22	28000001	0.770476	0.960698	2	0	0
22	28500001	0.81648	0.960698	2	0	0
22	29000001	1.00172	1.01846	2	0	0
22	29500001	1.04728	1.01846	2	0	0
22	30000001	1.02108	1.01846	2	0	0
22	30500001	1.05388	1.01846	2	0	0
22	31000001	1.04497	1.01846	2	0	0
22	31500001	1.03114	1.01846	2	0	0
22	32000001	1.02154	1.01846	2	0	0
22	32500001	1.01583	1.01846	2	0	0
22	33000001	1.11628	1.01846	2	0	0
22	33500001	0.904023	1.01846	2	0	0
22	34000001	0.930554	1.01846	2	0	0
22	34500001	0.9436	1.01846	2	0	0
22	35000001	1.01437	1.01846	2	0	0
22	35500001	1.05072	1.01846	2	0	0
22	36000001	1.02261	1.01846	2	0	0
22	36500001	1.05292	1.01846	2	0	0
22	37000001	1.06104	1.01846	2	0	0
22	37500001	0.988307	1.01846	2	0	0
22	38000001	1.03495	1.01846	2	0	0
22	38500001	0.976666	1.01846	2	0	0
22	39000001	1.07057	1.01846	2	0	0
22	39500001	0.986971	1.01846	2	0	0
22	40000001	0.959935	1.01846	2	0	0
22	40500001	1.00698	1.01846	2	0	0
22	41000001	1.23099	1.01846	2	0	0
22	41500001	0.996846	1.01846	2	0	0
22	42000001	1.00555	1.01846	2	0	0
22	42500001	1.24857	1.01846	2	0	0
22	43000001	1.03161	1.01846	2	0	0
22	43500001	0.970869	1.01846	2	0	0
22	44000001	0.993482	1.01846	2	0	0
22	44500001	0.991726	1.01846	2	0	0
22	45000001	1.00141	1.01846	2	0	0
22	45500001	1.04952	1.01846	2	0	0
22	46000001	1.02383	1.01846	2	0	0
22	46500001	0.992521	1.01846	2	0	0
22	47000001	0.942062	0.906349	2	0	0
22	47500001	0.928534	0.906349	2	0	0
22	48000001	0.850895	0.906349	2	0	0
22	48500001	0.863797	0.906349	2	0	0
22	49000001	0.884164	0.906349	2	0	0
22	49500001	1.03325	0.906349	2	0	0
22	50000001	0.973965	0.906349	2	0	0
22	50500001	0.637092	0.906349	2	0	0
3	1	1.00897	1.00589	2	0	0
3	500001	0.998728	1.00589	2	0	0
3	1000001	0.897665	1.00589	2	0	0
3	1500001	0.905472	1.00589	2	0	0
3	2000001	0.909109	1.00589	2	0	0
3	2500001	0.918411	1.00589	2	0	0
3	3000001	0.9031	1.00589	2	0	0
3	3500001	0.902781	1.00589	2	0	0
3	4000001	0.933961	1.00589	2	0	0
3	4500001	1.00454	1.00589	2	0	0
3	5000001	0.968563	1.00589	2	0	0
3	5500001	0.92473	1.00589	2	0	0
3	6000001	0.935185	1.00589	2	0	0
3	6500001	0.92865	1.00589	2	0	0
3	7000001	0.945683	1.00589	2	0	0
3	7500001	0.932154	1.00589	2	0	0
3	8000001	0.991329	1.00589	2	0	0
3	8500001	1.04213	1.00589	2	0	0
3	9000001	1.06327	1.00589	2	0	0
3	9500001	1.33811	1.00589	2	0	0
3	10000001	1.00896	1.00589	2	0	0
3	10500001	1.02411	1.00589	2	0	0
3	11000001	1.05953	1.00589	2	0	0
3	11500001	1.03412	1.00589	2	0	0
3	12000001	1.10144	1.00589	2	0	0
3	12500001	1.02846	1.00589	2	0	0
3	13000001	0.558566	1.00589	2	0	0
3	13500001	0.808946	1.00589	2	0	0
3	14000001	1.03791	1.00589	2	0	0
3	14500001	0.978691	1.00589	2	0	0
3	15000001	1.02305	1.00589	2	0	0
3	15500001	1.0891	1.00589	2	0	0
3	16000001	1.00853	1.00589	2	0	0
3	16500001	0.941332	1.00589	2	0	0
3	17000001	0.987161	1.00589	2	0	0
3	17500001	1.02375	1.00589	2	0	0
3	18000001	1.08591	1.00589	2	0	0
3	18500001	1.01547	1.00589	2	0	0
3	19000001	0.96925	1.00589	2	0	0
3	19500001	0.971875	1.00589	2	0	0
3	20000001	0.946667	1.00589	2	0	0
3	20500001	0.941121	1.00589	2	0	0
3	21000001	0.928894	1.00589	2	0	0
3	21500001	0.943139	1.00589	2	0	0
3	22000001	0.974742	1.00589	2	0	0
3	22500001	1.03864	1.00589	2	0	0
3	23000001	1.02725	1.00589	2	0	0
3	23500001	1.05661	1.00589	2	0	0
3	24000001	1.07627	1.00589	2	0	0
3	24500001	1.09158	1.00589	2	0	0
3	25000001	1.05978	1.00589	2	0	0
3	25500001	0.958347	1.00589	2	0	0
3	26000001	0.983394	1.00589	2	0	0
3	26500001	0.873975	1.00589	2	0	0
3	27000001	1.00871	1.00589	2	0	0
3	27500001	1.07774	1.00589	2	0	0
3	28000001	0.966559	1.00589	2	0	0
3	28500001	0.978714	1.00589	2	0	0
3	29000001	1.04873	1.00589	2	0	0
3	29500001	1.0184	1.00589	2	0	0
3	30000001	1.12206	1.00589	2	0	0
3	30500001	1.07883	1.00589	2	0	0
3	31000001	1.06515	1.00589	2	0	0
3	31500001	1.03787	1.00589	2	0	0
3	32000001	1.00962	1.00589	2	0	0
3	32500001	1.00589	1.00589	2	0	0
3	33000001	1.08351	1.00589	2	0	0
3	33500001	1.05566	1.00589	2	0	0
3	34000001	0.975759	1.00589	2	0	0
3	34500001	0.928303	1.00589	2	0	0
3	35000001	0.910602	1.00589	2	0	0
3	35500001	0.957641	1.00589	2	0	0
3	36000001	1.02284	1.00589	2	0	0
3	36500001	1.02264	1.00589	2	0	0
3	37000001	1.04919	1.00589	2	0	0
3	37500001	1.06834	1.00589	2	0	0
3	38000001	0.993425	1.00589	2	0	0
3	38500001	0.956842	1.00589	2	0	0
3	39000001	0.925608	1.00589	2	0	0
3	39500001	0.943118	1.00589	2	0	0
3	40000001	0.98869	1.00589	2	0	0
3	40500001	1.01786	1.00589	2	0	0
3	41000001	1.00742	1.00589	2	0	0
3	41500001	1.01988	1.00589	2	0	0
3	42000001	1.03094	1.00589	2	0	0
3	42500001	0.998107	1.00589	2	0	0
3	43000001	1.05979	1.00589	2	0	0
3	43500001	1.05777	1.00589	2	0	0
3	44000001	1.00414	1.00589	2	0	0
3	44500001	0.984519	1.00589	2	0	0
3	45000001	1.03073	1.00589	2	0	0
3	45500001	1.08696	1.00589	2	0	0
3	46000001	1.04432	1.00589	2	0	0
3	46500001	0.907082	1.00589	2	0	0
3	47000001	0.888275	1.00589	2	0	0
3	47500001	0.522552	0.495482	1	0	0
3	48000001	0.482155	0.495482	1	0	0
3	48500001	0.495784	0.495482	1	0	0
3	49000001	0.49518	0.495482	1	0	0
3	49500001	0.489592	0.495482	1	0	0
3	50000001	0.564531	0.495482	1	0	0
3	50500001	0.466837	0.495482	1	0	0
3	51000001	0.50121	0.495482	1	0	0
3	51500001	0.517793	0.495482	1	0	0
3	52000001	0.546417	0.495482	1	0	0
3	52500001	0.526478	0.495482	1	0	0
3	53000001	0.798808	0.495482	1	0	0
3	53500001	0.471768	0.495482	1	0	0
3	54000001	0.49658	0.495482	1	0	0
3	54500001	0.483714	0.495482	1	0	0
3	55000001	0.50363	0.495482	1	0	0
3	55500001	0.520243	0.495482	1	0	0
3	56000001	0.532938	0.495482	1	0	0
3	56500001	0.537813	0.495482	1	0	0
3	57000001	0.526112	0.495482	1	0	0
3	57500001	0.509487	0.495482	1	0	0
3	58000001	0.435417	0.495482	1	0	0
3	58500001	0.508748	0.495482	1	0	0
3	59000001	0.525622	0.495482	1	0	0
3	59500001	0.502486	0.495482	1	0	0
3	60000001	0.464379	0.495482	1	0	0
3	60500001	0.202617	0.495482	1	0	0
3	61000001	0.490084	0.495482	1	0	0
3	61500001	0.453531	0.495482	1	0	0
3	62000001	0.448998	0.495482	1	0	0
3	62500001	0.475155	0.495482	1	0	0
3	63000001	0.468695	0.495482	1	0	0
3	63500001	0.474906	0.495482	1	0	0
3	64000001	0.515966	0.495482	1	0	0
3	64500001	0.456512	0.495482	1	0	0
3	65000001	0.454696	0.495482	1	0	0
3	65500001	0.456156	0.495482	1	0	0
3	66000001	0.50335	0.495482	1	0	0
3	66500001	0.499454	0.495482	1	0	0
3	67000001	0.46024	0.495482	1	0	0
3	67500001	0.485387	0.495482	1	0	0
3	68000001	0.466305	0.495482	1	0	0
3	68500001	0.491722	0.495482	1	0	0
3	69000001	0.49906	0.495482	1	0	0
3	69500001	0.490595	0.495482	1	0	0
3	70000001	0.493672	0.495482	1	0	0
3	70500001	0.463992	0.495482	1	0	0
3	71000001	0.455155	0.495482	1	0	0
3	71500001	0.48758	0.495482	1	0	0
3	72000001	0.473342	0.495482	1	0	0
3	72500001	0.524223	0.495482	1	0	0
3	73000001	0.498324	0.495482	1	0	0
3	73500001	0.49155	0.495482	1	0	0
3	74000001	0.474524	0.495482	1	0	0
3	74500001	0.439466	0.495482	1	0	0
3	75000001	0.431502	0.495482	1	0	0
3	75500001	0.620931	0.495482	1	0	0
3	76000001	0.468265	0.495482	1	0	0
3	76500001	0.453724	0.495482	1	0	0
3	77000001	0.48938	0.495482	1	0	0
3	77500001	0.546857	0.495482	1	0	0
3	78000001	0.47822	0.495482	1	0	0
3	78500001	0.498781	0.495482	1	0	0
3	79000001	0.528921	0.495482	1	0	0
3	79500001	0.541236	0.495482	1	0	0
3	80000001	0.519508	0.495482	1	0	0
3	80500001	0.496357	0.495482	1	0	0
3	81000001	0.490455	0.495482	1	0	0
3	81500001	0.487363	0.495482	1	0	0
3	82000001	0.491204	0.495482	1	0	0
3	82500001	0.491205	0.495482	1	0	0
3	83000001	0.498787	0.495482	1	0	0
3	83500001	0.496719	0.495482	1	0	0
3	84000001	0.524673	0.495482	1	0	0
3	84500001	0.505663	0.495482	1	0	0
3	85000001	0.534408	0.495482	1	0	0
3	85500001	0.511204	0.495482	1	0	0
3	86000001	0.501278	0.495482	1	0	0
3	86500001	0.335819	0.495482	1	0	0
3	87000001	0.517454	0.495482	1	0	0
3	87500001	0.527022	0.495482	1	0	0
3	88000001	0.509373	0.495482	1	0	0
3	88500001	1.39764	1.39152	3	0	0
3	89000001	1.3854	1.39152	3	0	0
3	89500001	1.80591	1.39152	3	0	0
3	90000001	1.32547	1.39152	3	0	0
3	90500001	1.41538	1.39152	3	0	0
3	91000001	0.845745	1.39152	3	0	0
3	91500001	1.82256	1.82256	4	0	0
3	92000001	1.91614	1.82256	4	0	0
3	92500001	1.69466	1.82256	4	0	0
3	93000001	7.43611	7.43611	15	0	0
3	93500001	1.60269	1.48381	3	0	0
3	94000001	1.45787	1.48381	3	0	0
3	94500001	1.47505	1.48381	3	0	0
3	95000001	1.52807	1.48381	3	0	0
3	95500001	1.41968	1.48381	3	0	0
3	96000001	1.48606	1.48381	3	0	0
3	96500001	1.52327	1.48381	3	0	0
3	97000001	1.44044	1.48381	3	0	0
3	97500001	1.46938	1.48381	3	0	0
3	98000001	1.54415	1.48381	3	0	0
3	98500001	1.52928	1.48381	3	0	0
3	99000001	1.46746	1.48381	3	0	0
3	99500001	1.46464	1.48381	3	0	0
3	100000001	1.57355	1.48381	3	0	0
3	100500001	1.64562	1.48381	3	0	0
3	101000001	1.54909	1.48381	3	0	0
3	101500001	1.58698	1.48381	3	0	0
3	102000001	1.7028	1.48381	3	0	0
3	102500001	1.56231	1.48381	3	0	0
3	103000001	1.52585	1.48381	3	0	0
3	103500001	1.49781	1.48381	3	0	0
3	104000001	1.56736	1.48381	3	0	0
3	104500001	1.54185	1.48381	3	0	0
3	105000001	1.6415	1.48381	3	0	0
3	105500001	1.59561	1.48381	3	0	0
3	106000001	1.65159	1.48381	3	0	0
3	106500001	1.59794	1.48381	3	0	0
3	107000001	1.55331	1.48381	3	0	0
3	107500001	1.79456	1.48381	3	0	0
3	108000001	1.56438	1.48381	3	0	0
3	108500001	1.48912	1.48381	3	0	0
3	109000001	1.4104	1.48381	3	0	0
3	109500001	1.51748	1.48381	3	0	0
3	110000001	1.55864	1.48381	3	0	0
3	110500001	1.48063	1.48381	3	0	0
3	111000001	1.50004	1.48381	3	0	0
3	111500001	1.60646	1.48381	3	0	0
3	112000001	1.54272	1.48381	3	0	0
3	112500001	1.6073	1.48381	3	0	0
3	113000001	1.54008	1.48381	3	0	0
3	113500001	1.46507	1.48381	3	0	0
3	114000001	1.47801	1.48381	3	0	0
3	114500001	1.50431	1.48381	3	0	0
3	115000001	1.36583	1.48381	3	0	0
3	115500001	1.41938	1.48381	3	0	0
3	116000001	1.40002	1.48381	3	0	0
3	116500001	1.42156	1.48381	3	0	0
3	117000001	1.32966	1.48381	3	0	0
3	117500001	1.37959	1.48381	3	0	0
3	118000001	1.36217	1.48381	3	0	0
3	118500001	1.50221	1.48381	3	0	0
3	119000001	1.55129	1.48381	3	0	0
3	119500001	1.54298	1.48381	3	0	0
3	120000001	1.60625	1.48381	3	0	0
3	120500001	1.55198	1.48381	3	0	0
3	121000001	1.4976	1.48381	3	0	0
3	121500001	1.54672	1.48381	3	0	0
3	122000001	1.52829	1.48381	3	0	0
3	122500001	1.50401	1.48381	3	0	0
3	123000001	1.48175	1.48381	3	0	0
3	123500001	1.42862	1.48381	3	0	0
3	124000001	1.42868	1.48381	3	0	0
3	124500001	1.53673	1.48381	3	0	0
3	125000001	1.52503	1.48381	3	0	0
3	125500001	1.36842	1.48381	3	0	0
3	126000001	1.35934	1.48381	3	0	0
3	126500001	1.39594	1.48381	3	0	0
3	127000001	1.40227	1.48381	3	0	0
3	127500001	1.46229	1.48381	3	0	0
3	128000001	1.44736	1.48381	3	0	0
3	128500001	1.51488	1.48381	3	0	0
3	129000001	1.49822	1.48381	3	0	0
3	129500001	1.43089	1.48381	3	0	0
3	130000001	1.44226	1.48381	3	0	0
3	130500001	1.44822	1.48381	3	0	0
3	131000001	1.40965	1.48381	3	0	0
3	131500001	1.32541	1.48381	3	0	0
3	132000001	1.36346	1.48381	3	0	0
3	132500001	1.44114	1.48381	3	0	0
3	133000001	1.46972	1.48381	3	0	0
3	133500001	1.44928	1.48381	3	0	0
3	134000001	1.56251	1.48381	3	0	0
3	134500001	1.43046	1.48381	3	0	0
3	135000001	1.36242	1.48381	3	0	0
3	135500001	1.42074	1.48381	3	0	0
3	136000001	1.28778	1.48381	3	0	0
3	136500001	1.26671	1.48381	3	0	0
3	137000001	1.42829	1.48381	3	0	0
3	137500001	1.38257	1.48381	3	0	0
3	138000001	1.45662	1.48381	3	0	0
3	138500001	1.38641	1.48381	3	0	0
3	139000001	1.39064	1.48381	3	0	0
3	139500001	1.36014	1.48381	3	0	0
3	140000001	1.36761	1.48381	3	0	0
3	140500001	1.33022	1.48381	3	0	0
3	141000001	1.51707	1.48381	3	0	0
3	141500001	1.53564	1.48381	3	0	0
3	142000001	1.53605	1.48381	3	0	0
3	142500001	1.49626	1.48381	3	0	0
3	143000001	1.38977	1.48381	3	0	0
3	143500001	1.41501	1.48381	3	0	0
3	144000001	1.43172	1.48381	3	0	0
3	144500001	1.37399	1.48381	3	0	0
3	145000001	1.40919	1.48381	3	0	0
3	145500001	1.39473	1.48381	3	0	0
3	146000001	1.49018	1.48381	3	0	0
3	146500001	1.35855	1.48381	3	0	0
3	147000001	1.33081	1.48381	3	0	0
3	147500001	1.44737	1.48381	3	0	0
3	148000001	1.34767	1.48381	3	0	0
3	148500001	1.3977	1.48381	3	0	0
3	149000001	1.6882	1.48381	3	0	0
3	149500001	1.58803	1.48381	3	0	0
3	150000001	1.61966	1.48381	3	0	0
3	150500001	1.51863	1.48381	3	0	0
3	151000001	1.51316	1.48381	3	0	0
3	151500001	1.56143	1.48381	3	0	0
3	152000001	1.61906	1.48381	3	0	0
3	152500001	1.57631	1.48381	3	0	0
3	153000001	1.58468	1.48381	3	0	0
3	153500001	1.48223	1.48381	3	0	0
3	154000001	1.45368	1.48381	3	0	0
3	154500001	1.36536	1.48381	3	0	0
3	155000001	1.35913	1.48381	3	0	0
3	155500001	1.34726	1.48381	3	0	0
3	156000001	1.4854	1.48381	3	0	0
3	156500001	1.55455	1.48381	3	0	0
3	157000001	1.49368	1.48381	3	0	0
3	157500001	1.47116	1.48381	3	0	0
3	158000001	1.40868	1.48381	3	0	0
3	158500001	1.395	1.48381	3	0	0
3	159000001	1.43256	1.48381	3	0	0
3	159500001	1.52338	1.48381	3	0	0
3	160000001	1.5465	1.48381	3	0	0
3	160500001	1.50575	1.48381	3	0	0
3	161000001	1.50525	1.48381	3	0	0
3	161500001	1.48581	1.48381	3	0	0
3	162000001	1.53401	1.48381	3	0	0
3	162500001	1.29433	1.48381	3	0	0
3	163000001	1.46917	1.48381	3	0	0
3	163500001	1.46708	1.48381	3	0	0
3	164000001	1.45439	1.48381	3	0	0
3	164500001	1.41857	1.48381	3	0	0
3	165000001	1.53507	1.48381	3	0	0
3	165500001	1.59337	1.48381	3	0	0
3	166000001	1.48097	1.48381	3	0	0
3	166500001	1.49012	1.48381	3	0	0
3	167000001	1.42905	1.48381	3	0	0
3	167500001	1.36329	1.48381	3	0	0
3	168000001	1.44621	1.48381	3	0	0
3	168500001	1.48788	1.48381	3	0	0
3	169000001	1.53543	1.48381	3	0	0
3	169500001	1.42143	1.48381	3	0	0
3	170000001	1.47152	1.48381	3	0	0
3	170500001	1.57035	1.48381	3	0	0
3	171000001	1.55813	1.48381	3	0	0
3	171500001	1.58248	1.48381	3	0	0
3	172000001	1.43472	1.48381	3	0	0
3	172500001	1.57868	1.48381	3	0	0
3	173000001	1.52835	1.48381	3	0	0
3	173500001	1.44681	1.48381	3	0	0
3	174000001	1.46589	1.48381	3	0	0
3	174500001	1.54317	1.48381	3	0	0
3	175000001	1.49133	1.48381	3	0	0
3	175500001	1.47006	1.48381	3	0	0
3	176000001	1.44537	1.48381	3	0	0
3	176500001	1.48776	1.48381	3	0	0
3	177000001	1.51809	1.48381	3	0	0
3	177500001	1.55107	1.48381	3	0	0
3	178000001	1.49516	1.48381	3	0	0
3	178500001	1.4414	1.48381	3	0	0
3	179000001	1.61726	1.48381	3	0	0
3	179500001	1.7293	1.78637	4	0	0
3	180000001	1.76016	1.78637	4	0	0
3	180500001	1.73064	1.78637	4	0	0
3	181000001	1.68537	1.78637	4	0	0
3	181500001	1.66177	1.78637	4	0	0
3	182000001	1.86989	1.78637	4	0	0
3	182500001	1.86298	1.78637	4	0	0
3	183000001	1.91195	1.78637	4	0	0
3	183500001	1.79939	1.78637	4	0	0
3	184000001	1.79104	1.78637	4	0	0
3	184500001	1.71589	1.78637	4	0	0
3	185000001	1.78637	1.78637	4	0	0
3	185500001	1.88109	1.78637	4	0	0
3	186000001	1.76559	1.78637	4	0	0
3	186500001	1.80504	1.78637	4	0	0
3	187000001	2.22393	2.45912	5	0	0
3	187500001	2.70946	2.45912	5	0	0
3	188000001	2.67868	2.45912	5	0	0
3	188500001	2.23957	2.45912	5	0	0
3	189000001	1.97976	1.86772	4	0	0
3	189500001	2.03302	1.86772	4	0	0
3	190000001	1.92871	1.86772	4	0	0
3	190500001	1.85297	1.86772	4	0	0
3	191000001	1.88247	1.86772	4	0	0
3	191500001	1.93849	1.86772	4	0	0
3	192000001	1.73964	1.86772	4	0	0
3	192500001	1.69272	1.86772	4	0	0
3	193000001	1.76117	1.86772	4	0	0
3	193500001	1.88731	1.86772	4	0	0
3	194000001	1.80297	1.86772	4	0	0
3	194500001	1.80282	1.86772	4	0	0
3	195000001	1.75848	1.86772	4	0	0
3	195500001	1.97395	1.86772	4	0	0
3	196000001	1.79532	1.86772	4	0	0
3	196500001	1.80278	1.86772	4	0	0
3	197000001	2.18524	1.86772	4	0	0
3	197500001	1.92852	1.86772	4	0	0
3	198000001	-1	-1	-1	0	0
4	1	0.668392	0.499378	1	0	0
4	500001	0.459989	0.499378	1	0	0
4	1000001	0.489022	0.499378	1	0	0
4	1500001	0.51473	0.499378	1	0	0
4	2000001	0.515513	0.499378	1	0	0
4	2500001	0.515773	0.499378	1	0	0
4	3000001	0.48558	0.499378	1	0	0
4	3500001	0.520921	0.499378	1	0	0
4	4000001	0.474254	0.499378	1	0	0
4	4500001	0.469829	0.499378	1	0	0
4	5000001	0.461639	0.499378	1	0	0
4	5500001	0.456104	0.499378	1	0	0
4	6000001	0.469598	0.499378	1	0	0
4	6500001	0.527017	0.499378	1	0	0
4	7000001	0.498402	0.499378	1	0	0
4	7500001	0.487644	0.499378	1	0	0
4	8000001	0.504309	0.499378	1	0	0
4	8500001	0.499378	0.499378	1	0	0
4	9000001	0.706317	0.499378	1	0	0
4	9500001	0.516299	0.499378	1	0	0
4	10000001	0.498318	0.499378	1	0	0
4	10500001	0.475657	0.499378	1	0	0
4	11000001	0.526898	0.499378	1	0	0
4	11500001	0.551448	0.499378	1	0	0
4	12000001	0.523774	0.499378	1	0	0
4	12500001	0.481289	0.499378	1	0	0
4	13000001	0.72834	0.499378	1	0	0
4	13500001	0.962113	1.00361	2	0	0
4	14000001	0.913387	1.00361	2	0	0
4	14500001	0.955002	1.00361	2	0	0
4	15000001	1.05476	1.00361	2	0	0
4	15500001	1.06304	1.00361	2	0	0
4	16000001	1.08578	1.00361	2	0	0
4	16500001	0.954747	1.00361	2	0	0
4	17000001	0.94001	1.00361	2	0	0
4	17500001	0.924522	1.00361	2	0	0
4	18000001	0.969566	1.00361	2	0	0
4	18500001	0.934807	1.00361	2	0	0
4	19000001	0.888364	1.00361	2	0	0
4	19500001	0.954667	1.00361	2	0	0
4	20000001	0.95952	1.00361	2	0	0
4	20500001	1.24297	1.00361	2	0	0
4	21000001	0.986602	1.00361	2	0	0
4	21500001	0.921861	1.00361	2	0	0
4	22000001	0.967873	1.00361	2	0	0
4	22500001	0.955902	1.00361	2	0	0
4	23000001	0.981696	1.00361	2	0	0
4	23500001	1.00374	1.00361	2	0	0
4	24000001	1.00703	1.00361	2	0	0
4	24500001	1.07791	1.00361	2	0	0
4	25000001	1.0602	1.00361	2	0	0
4	25500001	0.990375	1.00361	2	0	0
4	26000001	0.968755	1.00361	2	0	0
4	26500001	1.05062	1.00361	2	0	0
4	27000001	0.984459	1.00361	2	0	0
4	27500001	1.0523	1.00361	2	0	0
4	28000001	1.07185	1.00361	2	0	0
4	28500001	0.989381	1.00361	2	0	0
4	29000001	1.01038	1.00361	2	0	0
4	29500001	1.00361	1.00361	2	0	0
4	30000001	1.03407	1.00361	2	0	0
4	30500001	1.03756	1.00361	2	0	0
4	31000001	1.05618	1.00361	2	0	0
4	31500001	1.08724	1.00361	2	0	0
4	32000001	1.02348	1.00361	2	0	0
4	32500001	1.00248	1.00361	2	0	0
4	33000001	0.986609	1.00361	2	0	0
4	33500001	1.04351	1.00361	2	0	0
4	34000001	1.05108	1.00361	2	0	0
4	34500001	1.09	1.00361	2	0	0
4	35000001	0.970614	1.00361	2	0	0
4	35500001	0.973406	1.00361	2	0	0
4	36000001	1.04348	1.00361	2	0	0
4	36500001	0.972	1.00361	2	0	0
4	37000001	0.980696	1.00361	2	0	0
4	37500001	0.969894	1.00361	2	0	0
4	38000001	1.07706	1.00361	2	0	0
4	38500001	1.07582	1.00361	2	0	0
4	39000001	1.04417	1.00361	2	0	0
4	39500001	1.03814	1.00361	2	0	0
4	40000001	1.022	1.00361	2	0	0
4	40500001	1.02	1.00361	2	0	0
4	41000001	1.05406	1.00361	2	0	0
4	41500001	0.976834	1.00361	2	0	0
4	42000001	0.956199	1.00361	2	0	0
4	42500001	0.963704	1.00361	2	0	0
4	43000001	0.993488	1.00361	2	0	0
4	43500001	1.0942	1.00361	2	0	0
4	44000001	1.06092	1.00361	2	0	0
4	44500001	1.02145	1.00361	2	0	0
4	45000001	0.990679	1.00361	2	0	0
4	45500001	0.967991	1.00361	2	0	0
4	46000001	0.953036	1.00361	2	0	0
4	46500001	0.978102	1.00361	2	0	0
4	47000001	1.03899	1.00361	2	0	0
4	47500001	1.01935	1.00361	2	0	0
4	48000001	1.12108	1.00361	2	0	0
4	48500001	1.08065	1.00361	2	0	0
4	49000001	-1	-1	-1	0	0
4	49500001	2.30529	2.30529	5	0	0
4	50000001	1.97965	1.97965	4	0	0
4	50500001	1.68072	1.54893	3	0	0
4	51000001	1.41713	1.54893	3	0	0
4	51500001	1.18198	1.01685	2	0	0
4	52000001	0.978897	1.01685	2	0	0
4	52500001	1.0158	1.01685	2	0	0
4	53000001	1.02618	1.01685	2	0	0
4	53500001	1.01285	1.01685	2	0	0
4	54000001	0.993817	1.01685	2	0	0
4	54500001	1.06561	1.01685	2	0	0
4	55000001	1.07079	1.01685	2	0	0
4	55500001	1.06352	1.01685	2	0	0
4	56000001	1.02846	1.01685	2	0	0
4	56500001	1.01387	1.01685	2	0	0
4	57000001	1.0266	1.01685	2	0	0
4	57500001	0.929949	1.01685	2	0	0
4	58000001	0.923875	1.01685	2	0	0
4	58500001	1.04194	1.01685	2	0	0
4	59000001	1.00215	1.01685	2	0	0
4	59500001	1.01062	1.01685	2	0	0
4	60000001	0.989793	1.01685	2	0	0
4	60500001	0.984473	1.01685	2	0	0
4	61000001	0.979956	1.01685	2	0	0
4	61500001	0.943194	1.01685	2	0	0
4	62000001	0.97369	1.01685	2	0	0
4	62500001	0.984658	1.01685	2	0	0
4	63000001	0.968296	1.01685	2	0	0
4	63500001	0.962353	1.01685	2	0	0
4	64000001	0.947425	1.01685	2	0	0
4	64500001	1.01706	1.01685	2	0	0
4	65000001	0.990427	1.01685	2	0	0
4	65500001	1.03118	1.01685	2	0	0
4	66000001	1.04523	1.01685	2	0	0
4	66500001	1.02248	1.01685	2	0	0
4	67000001	0.976573	1.01685	2	0	0
4	67500001	1.05259	1.01685	2	0	0
4	68000001	1.0767	1.01685	2	0	0
4	68500001	1.06468	1.01685	2	0	0
4	69000001	0.842191	1.01685	2	0	0
4	69500001	1.00262	1.01685	2	0	0
4	70000001	0.966639	1.01685	2	0	0
4	70500001	0.909919	1.01685	2	0	0
4	71000001	1.00353	1.01685	2	0	0
4	71500001	0.941226	1.01685	2	0	0
4	72000001	0.993088	1.01685	2	0	0
4	72500001	0.983445	1.01685	2	0	0
4	73000001	0.988143	1.01685	2	0	0
4	73500001	1.11004	1.01685	2	0	0
4	74000001	1.07554	1.01685	2	0	0
4	74500001	1.0769	1.01685	2	0	0
4	75000001	0.976293	1.01685	2	0	0
4	75500001	0.992239	1.01685	2	0	0
4	76000001	1.09371	1.01685	2	0	0
4	76500001	1.04671	1.01685	2	0	0
4	77000001	1.09695	1.01685	2	0	0
4	77500001	1.01943	1.01685	2	0	0
4	78000001	1.00441	1.01685	2	0	0
4	78500001	1.13673	1.01685	2	0	0
4	79000001	1.00519	1.01685	2	0	0
4	79500001	1.05384	1.01685	2	0	0
4	80000001	0.973488	1.01685	2	0	0
4	80500001	1.03523	1.01685	2	0	0
4	81000001	0.956759	1.01685	2	0	0
4	81500001	0.95349	1.01685	2	0	0
4	82000001	1.01893	1.01685	2	0	0
4	82500001	1.02191	1.01685	2	0	0
4	83000001	1.02443	1.01685	2	0	0
4	83500001	1.0572	1.01685	2	0	0
4	84000001	1.01922	1.01685	2	0	0
4	84500001	1.00273	1.01685	2	0	0
4	85000001	1.02879	1.01685	2	0	0
4	85500001	1.0263	1.01685	2	0	0
4	86000001	0.981787	1.01685	2	0	0
4	86500001	0.848609	1.01685	2	0	0
4	87000001	1.0017	1.01685	2	0	0
4	87500001	0.982471	1.01685	2	0	0
4	88000001	1.03282	1.01685	2	0	0
4	88500001	0.985577	1.01685	2	0	0
4	89000001	1.00146	1.01685	2	0	0
4	89500001	1.11857	1.01685	2	0	0
4	90000001	1.05771	1.01685	2	0	0
4	90500001	0.978547	1.01685	2	0	0
4	91000001	1.00615	1.01685	2	0	0
4	91500001	0.978542	1.01685	2	0	0
4	92000001	0.985918	1.01685	2	0	0
4	92500001	0.998319	1.01685	2	0	0
4	93000001	0.987779	1.01685	2	0	0
4	93500001	1.01622	1.01685	2	0	0
4	94000001	1.05441	1.01685	2	0	0
4	94500001	1.06611	1.01685	2	0	0
4	95000001	1.07102	1.01685	2	0	0
4	95500001	1.08077	1.01685	2	0	0
4	96000001	1.02258	1.01685	2	0	0
4	96500001	1.03718	1.01685	2	0	0
4	97000001	1.02695	1.01685	2	0	0
4	97500001	1.07368	1.01685	2	0	0
4	98000001	1.03357	1.01685	2	0	0
4	98500001	0.987597	1.01685	2	0	0
4	99000001	1.01663	1.01685	2	0	0
4	99500001	1.04238	1.01685	2	0	0
4	100000001	0.952597	1.01685	2	0	0
4	100500001	1.05662	1.01685	2	0	0
4	101000001	1.07877	1.01685	2	0	0
4	101500001	1.05155	1.01685	2	0	0
4	102000001	1.03461	1.01685	2	0	0
4	102500001	1.07371	1.01685	2	0	0
4	103000001	1.08394	1.01685	2	0	0
4	103500001	1.04695	1.01685	2	0	0
4	104000001	1.00856	1.01685	2	0	0
4	104500001	1.02076	1.01685	2	0	0
4	105000001	1.0516	1.01685	2	0	0
4	105500001	1.066	1.01685	2	0	0
4	106000001	1.06341	1.01685	2	0	0
4	106500001	1.01774	1.01685	2	0	0
4	107000001	0.997553	1.01685	2	0	0
4	107500001	1.08543	1.01685	2	0	0
4	108000001	0.946061	1.01685	2	0	0
4	108500001	0.928033	1.01685	2	0	0
4	109000001	0.946127	1.01685	2	0	0
4	109500001	1.01402	1.01685	2	0	0
4	110000001	1.03243	1.01685	2	0	0
4	110500001	0.973645	1.01685	2	0	0
4	111000001	0.987196	1.01685	2	0	0
4	111500001	1.00651	1.01685	2	0	0
4	112000001	1.06713	1.01685	2	0	0
4	112500001	0.944627	1.01685	2	0	0
4	113000001	1.04383	1.01685	2	0	0
4	113500001	1.05764	1.01685	2	0	0
4	114000001	1.08699	1.01685	2	0	0
4	114500001	0.982917	1.01685	2	0	0
4	115000001	1.02557	1.01685	2	0	0
4	115500001	1.02816	1.01685	2	0	0
4	116000001	1.00778	1.01685	2	0	0
4	116500001	0.533289	0.506259	1	0	0
4	117000001	0.486925	0.506259	1	0	0
4	117500001	0.51103	0.506259	1	0	0
4	118000001	0.466778	0.506259	1	0	0
4	118500001	0.499524	0.506259	1	0	0
4	119000001	0.591454	0.506259	1	0	0
4	119500001	0.5397	0.506259	1	0	0
4	120000001	0.476533	0.506259	1	0	0
4	120500001	0.477764	0.506259	1	0	0
4	121000001	0.488662	0.506259	1	0	0
4	121500001	0.52217	0.506259	1	0	0
4	122000001	0.487384	0.506259	1	0	0
4	122500001	0.514478	0.506259	1	0	0
4	123000001	0.528138	0.506259	1	0	0
4	123500001	0.514157	0.506259	1	0	0
4	124000001	0.50229	0.506259	1	0	0
4	124500001	0.52371	0.506259	1	0	0
4	125000001	0.556309	0.506259	1	0	0
4	125500001	0.488625	0.506259	1	0	0
4	126000001	0.47496	0.506259	1	0	0
4	126500001	0.452018	0.506259	1	0	0
4	127000001	0.482018	0.506259	1	0	0
4	127500001	0.513919	0.506259	1	0	0
4	128000001	0.503597	0.506259	1	0	0
4	128500001	0.485955	0.506259	1	0	0
4	129000001	0.484375	0.506259	1	0	0
4	129500001	0.497016	0.506259	1	0	0
4	130000001	0.491085	0.506259	1	0	0
4	130500001	0.522403	0.506259	1	0	0
4	131000001	0.506259	0.506259	1	0	0
4	131500001	0.490147	0.506259	1	0	0
4	132000001	0.516913	0.506259	1	0	0
4	132500001	0.501615	0.506259	1	0	0
4	133000001	0.479334	0.506259	1	0	0
4	133500001	0.522358	0.506259	1	0	0
4	134000001	0.553587	0.506259	1	0	0
4	134500001	0.512825	0.506259	1	0	0
4	135000001	0.466346	0.506259	1	0	0
4	135500001	0.496644	0.506259	1	0	0
4	136000001	0.527222	0.506259	1	0	0
4	136500001	0.532451	0.506259	1	0	0
4	137000001	0.543707	0.506259	1	0	0
4	137500001	0.56029	0.506259	1	0	0
4	138000001	0.573777	0.506259	1	0	0
4	138500001	0.561247	0.506259	1	0	0
4	139000001	0.50852	0.506259	1	0	0
4	139500001	0.481969	0.506259	1	0	0
4	140000001	0.547902	0.506259	1	0	0
4	140500001	0.494929	0.506259	1	0	0
4	141000001	0.489433	0.506259	1	0	0
4	141500001	0.497069	0.506259	1	0	0
4	142000001	0.540492	0.506259	1	0	0
4	142500001	0.732323	0.506259	1	0	0
4	143000001	1.01595	1.02242	2	0	0
4	143500001	1.06107	1.02242	2	0	0
4	144000001	1.20683	1.02242	2	0	0
4	144500001	1.01377	1.02242	2	0	0
4	145000001	0.944983	1.02242	2	0	0
4	145500001	1.01555	1.02242	2	0	0
4	146000001	1.00101	1.02242	2	0	0
4	146500001	0.95862	1.02242	2	0	0
4	147000001	1.05533	1.02242	2	0	0
4	147500001	0.991948	1.02242	2	0	0
4	148000001	0.974711	1.02242	2	0	0
4	148500001	0.981576	1.02242	2	0	0
4	149000001	0.961128	1.02242	2	0	0
4	149500001	0.962697	1.02242	2	0	0
4	150000001	1.0396	1.02242	2	0	0
4	150500001	1.02277	1.02242	2	0	0
4	151000001	1.00228	1.02242	2	0	0
4	151500001	1.05786	1.02242	2	0	0
4	152000001	1.07784	1.02242	2	0	0
4	152500001	1.00984	1.02242	2	0	0
4	153000001	1.03837	1.02242	2	0	0
4	153500001	1.02618	1.02242	2	0	0
4	154000001	0.959145	1.02242	2	0	0
4	154500001	1.00905	1.02242	2	0	0
4	155000001	0.990136	1.02242	2	0	0
4	155500001	1.046	1.02242	2	0	0
4	156000001	1.0787	1.02242	2	0	0
4	156500001	1.08468	1.02242	2	0	0
4	157000001	1.09119	1.02242	2	0	0
4	157500001	1.02207	1.02242	2	0	0
4	158000001	1.0752	1.02242	2	0	0
4	158500001	1.08128	1.02242	2	0	0
4	159000001	1.06527	1.02242	2	0	0
4	159500001	1.10068	1.02242	2	0	0
4	160000001	1.00194	1.02242	2	0	0
4	160500001	1.0206	1.02242	2	0	0
4	161000001	0.977021	1.02242	2	0	0
4	161500001	1.05115	1.02242	2	0	0
4	162000001	0.986139	1.02242	2	0	0
4	162500001	0.957775	1.02242	2	0	0
4	163000001	0.970885	1.02242	2	0	0
4	163500001	0.988256	1.02242	2	0	0
4	164000001	1.06454	1.02242	2	0	0
4	164500001	1.06102	1.02242	2	0	0
4	165000001	1.00017	1.02242	2	0	0
4	165500001	1.09557	1.02242	2	0	0
4	166000001	1.08445	1.02242	2	0	0
4	166500001	1.03634	1.02242	2	0	0
4	167000001	1.03369	1.02242	2	0	0
4	167500001	1.06814	1.02242	2	0	0
4	168000001	1.11417	1.02242	2	0	0
4	168500001	1.0782	1.02242	2	0	0
4	169000001	1.12044	1.02242	2	0	0
4	169500001	1.08027	1.02242	2	0	0
4	170000001	1.00502	1.02242	2	0	0
4	170500001	0.928664	1.02242	2	0	0
4	171000001	0.977522	1.02242	2	0	0
4	171500001	0.990825	1.02242	2	0	0
4	172000001	0.988743	1.02242	2	0	0
4	172500001	1.05524	1.02242	2	0	0
4	173000001	1.02186	1.02242	2	0	0
4	173500001	0.978715	1.02242	2	0	0
4	174000001	1.03198	1.02242	2	0	0
4	174500001	0.993849	1.02242	2	0	0
4	175000001	0.968659	1.02242	2	0	0
4	175500001	1.01579	1.02242	2	0	0
4	176000001	1.04198	1.02242	2	0	0
4	176500001	1.11874	1.02242	2	0	0
4	177000001	1.03174	1.02242	2	0	0
4	177500001	1.07695	1.02242	2	0	0
4	178000001	1.05647	1.02242	2	0	0
4	178500001	1.05352	1.02242	2	0	0
4	179000001	1.04306	1.02242	2	0	0
4	179500001	0.988942	1.02242	2	0	0
4	180000001	1.01843	1.02242	2	0	0
4	180500001	1.05557	1.02242	2	0	0
4	181000001	0.969918	1.02242	2	0	0
4	181500001	0.938542	1.02242	2	0	0
4	182000001	0.940321	1.02242	2	0	0
4	182500001	0.979972	1.02242	2	0	0
4	183000001	1.05306	1.02242	2	0	0
4	183500001	0.982046	1.02242	2	0	0
4	184000001	1.04308	1.02242	2	0	0
4	184500001	1.04398	1.02242	2	0	0
4	185000001	0.96566	1.02242	2	0	0
4	185500001	1.06524	1.02242	2	0	0
4	186000001	1.02025	1.02242	2	0	0
4	186500001	1.08991	1.02242	2	0	0
4	187000001	1.1132	1.02242	2	0	0
4	187500001	1.04055	1.02242	2	0	0
4	188000001	0.912029	1.02242	2	0	0
4	188500001	1.08675	1.02242	2	0	0
4	189000001	1.01579	1.02242	2	0	0
4	189500001	0.999409	1.02242	2	0	0
4	190000001	-1	-1	-1	0	0
5	1	1.97163	1.84863	4	0	0
5	500001	2.60866	1.84863	4	0	0
5	1000001	1.86827	1.84863	4	0	0
5	1500001	1.84902	1.84863	4	0	0
5	2000001	1.74904	1.84863	4	0	0
5	2500001	1.72881	1.84863	4	0	0
5	3000001	1.73962	1.84863	4	0	0
5	3500001	1.69866	1.84863	4	0	0
5	4000001	1.83063	1.84863	4	0	0
5	4500001	1.82466	1.84863	4	0	0
5	5000001	1.92122	1.84863	4	0	0
5	5500001	1.79615	1.84863	4	0	0
5	6000001	1.70691	1.84863	4	0	0
5	6500001	1.81336	1.84863	4	0	0
5	7000001	1.78275	1.84863	4	0	0
5	7500001	1.84824	1.84863	4	0	0
5	8000001	1.8225	1.84863	4	0	0
5	8500001	1.92624	1.84863	4	0	0
5	9000001	1.99125	1.84863	4	0	0
5	9500001	2.03399	1.84863	4	0	0
5	10000001	2.03186	1.84863	4	0	0
5	10500001	1.99475	1.84863	4	0	0
5	11000001	1.96985	1.84863	4	0	0
5	11500001	1.83169	1.84863	4	0	0
5	12000001	1.93722	1.84863	4	0	0
5	12500001	1.88423	1.84863	4	0	0
5	13000001	2.49117	2.5714	5	0	0
5	13500001	2.58384	2.5714	5	0	0
5	14000001	2.6608	2.5714	5	0	0
5	14500001	2.64574	2.5714	5	0	0
5	15000001	2.61449	2.5714	5	0	0
5	15500001	2.28028	2.5714	5	0	0
5	16000001	2.34104	2.5714	5	0	0
5	16500001	2.57055	2.5714	5	0	0
5	17000001	2.58823	2.5714	5	0	0
5	17500001	3.35052	2.5714	5	0	0
5	18000001	2.39438	2.5714	5	0	0
5	18500001	2.57224	2.5714	5	0	0
5	19000001	2.60556	2.5714	5	0	0
5	19500001	2.63188	2.5714	5	0	0
5	20000001	2.56619	2.5714	5	0	0
5	20500001	2.62126	2.5714	5	0	0
5	21000001	3.20974	2.5714	5	0	0
5	21500001	2.62885	2.5714	5	0	0
5	22000001	2.34223	2.5714	5	0	0
5	22500001	2.40893	2.5714	5	0	0
5	23000001	2.50856	2.5714	5	0	0
5	23500001	2.5456	2.5714	5	0	0
5	24000001	2.45783	2.5714	5	0	0
5	24500001	2.60641	2.5714	5	0	0
5	25000001	2.44703	2.5714	5	0	0
5	25500001	2.44878	2.5714	5	0	0
5	26000001	1.99515	2.00399	4	0	0
5	26500001	2.07086	2.00399	4	0	0
5	27000001	2.01951	2.00399	4	0	0
5	27500001	2.06819	2.00399	4	0	0
5	28000001	2.02488	2.00399	4	0	0
5	28500001	2.05872	2.00399	4	0	0
5	29000001	1.97949	2.00399	4	0	0
5	29500001	1.96837	2.00399	4	0	0
5	30000001	2.03825	2.00399	4	0	0
5	30500001	1.96012	2.00399	4	0	0
5	31000001	2.04929	2.00399	4	0	0
5	31500001	2.00399	2.00399	4	0	0
5	32000001	1.92486	2.00399	4	0	0
5	32500001	1.97036	2.00399	4	0	0
5	33000001	1.93654	2.00399	4	0	0
5	33500001	1.89274	2.00399	4	0	0
5	34000001	2.45087	2.00399	4	0	0
5	34500001	2.03546	2.00399	4	0	0
5	35000001	1.88411	2.00399	4	0	0
5	35500001	1.86654	2.00399	4	0	0
5	36000001	2.01892	2.00399	4	0	0
5	36500001	2.08525	2.00399	4	0	0
5	37000001	1.89922	2.00399	4	0	0
5	37500001	1.94522	2.00399	4	0	0
5	38000001	1.89248	2.00399	4	0	0
5	38500001	2.01299	2.00399	4	0	0
5	39000001	2.13955	2.00399	4	0	0
5	39500001	2.11892	2.00399	4	0	0
5	40000001	2.11124	2.00399	4	0	0
5	40500001	2.07767	2.00399	4	0	0
5	41000001	2.12062	2.00399	4	0	0
5	41500001	1.9835	2.00399	4	0	0
5	42000001	1.91959	2.00399	4	0	0
5	42500001	1.92488	2.00399	4	0	0
5	43000001	2.055	2.00399	4	0	0
5	43500001	1.94666	2.00399	4	0	0
5	44000001	1.94531	2.00399	4	0	0
5	44500001	1.84669	1.78711	4	0	0
5	45000001	1.77544	1.78711	4	0	0
5	45500001	1.87917	1.78711	4	0	0
5	46000001	1.52879	1.78711	4	0	0
5	46500001	1.37398	1.78711	4	0	0
5	47000001	1.46231	1.78711	4	0	0
5	47500001	1.78711	1.78711	4	0	0
5	48000001	1.96264	1.78711	4	0	0
5	48500001	1.92212	1.78711	4	0	0
5	49000001	3.33151	6.598	13	0	0
5	49500001	9.8645	6.598	13	0	0
5	50000001	1.62138	0.998106	2	0	0
5	50500001	1.02229	0.998106	2	0	0
5	51000001	1.05958	0.998106	2	0	0
5	51500001	1.0747	0.998106	2	0	0
5	52000001	1.00298	0.998106	2	0	0
5	52500001	1.07604	0.998106	2	0	0
5	53000001	1.08672	0.998106	2	0	0
5	53500001	1.01103	0.998106	2	0	0
5	54000001	1.03441	0.998106	2	0	0
5	54500001	1.00786	0.998106	2	0	0
5	55000001	1.04442	0.998106	2	0	0
5	55500001	1.06033	0.998106	2	0	0
5	56000001	1.05021	0.998106	2	0	0
5	56500001	1.05238	0.998106	2	0	0
5	57000001	1.09477	0.998106	2	0	0
5	57500001	1.05636	0.998106	2	0	0
5	58000001	1.09302	0.998106	2	0	0
5	58500001	0.997349	0.998106	2	0	0
5	59000001	0.926079	0.998106	2	0	0
5	59500001	0.735542	0.998106	2	0	0
5	60000001	0.31496	0.998106	2	0	0
5	60500001	0.617426	0.998106	2	0	0
5	61000001	0.997398	0.998106	2	0	0
5	61500001	0.99564	0.998106	2	0	0
5	62000001	1.00722	0.998106	2	0	0
5	62500001	0.975876	0.998106	2	0	0
5	63000001	0.953231	0.998106	2	0	0
5	63500001	0.985755	0.998106	2	0	0
5	64000001	0.964769	0.998106	2	0	0
5	64500001	0.981092	0.998106	2	0	0
5	65000001	0.987752	0.998106	2	0	0
5	65500001	1.05545	0.998106	2	0	0
5	66000001	1.02977	0.998106	2	0	0
5	66500001	1.00566	0.998106	2	0	0
5	67000001	1.03599	0.998106	2	0	0
5	67500001	0.993899	0.998106	2	0	0
5	68000001	1.01421	0.998106	2	0	0
5	68500001	1.02906	0.998106	2	0	0
5	69000001	0.992511	0.998106	2	0	0
5	69500001	1.28346	0.998106	2	0	0
5	70000001	1.19592	0.998106	2	0	0
5	70500001	1.26291	0.998106	2	0	0
5	71000001	1.22562	0.998106	2	0	0
5	71500001	1.00398	0.998106	2	0	0
5	72000001	1.07492	0.998106	2	0	0
5	72500001	1.04084	0.998106	2	0	0
5	73000001	1.04545	0.998106	2	0	0
5	73500001	1.09451	0.998106	2	0	0
5	74000001	1.08505	0.998106	2	0	0
5	74500001	1.05584	0.998106	2	0	0
5	75000001	1.02768	0.998106	2	0	0
5	75500001	1.03221	0.998106	2	0	0
5	76000001	0.954487	0.998106	2	0	0
5	76500001	0.971491	0.998106	2	0	0
5	77000001	0.972991	0.998106	2	0	0
5	77500001	0.959868	0.998106	2	0	0
5	78000001	1.00931	0.998106	2	0	0
5	78500001	1.04651	0.998106	2	0	0
5	79000001	0.995469	0.998106	2	0	0
5	79500001	0.97235	0.998106	2	0	0
5	80000001	0.915577	0.998106	2	0	0
5	80500001	0.980463	0.998106	2	0	0
5	81000001	0.972813	0.998106	2	0	0
5	81500001	0.991993	0.998106	2	0	0
5	82000001	0.979587	0.998106	2	0	0
5	82500001	1.00335	0.998106	2	0	0
5	83000001	1.01152	0.998106	2	0	0
5	83500001	1.00085	0.998106	2	0	0
5	84000001	0.99097	0.998106	2	0	0
5	84500001	0.96863	0.998106	2	0	0
5	85000001	0.999624	0.998106	2	0	0
5	85500001	0.990856	0.998106	2	0	0
5	86000001	0.987889	0.998106	2	0	0
5	86500001	1.02268	0.998106	2	0	0
5	87000001	1.06508	0.998106	2	0	0
5	87500001	1.01362	0.998106	2	0	0
5	88000001	0.996079	0.998106	2	0	0
5	88500001	1.02498	0.998106	2	0	0
5	89000001	1.04334	0.998106	2	0	0
5	89500001	0.996147	0.998106	2	0	0
5	90000001	0.979698	0.998106	2	0	0
5	90500001	1.0037	0.998106	2	0	0
5	91000001	1.01596	0.998106	2	0	0
5	91500001	1.02548	0.998106	2	0	0
5	92000001	0.988255	0.998106	2	0	0
5	92500001	1.01734	0.998106	2	0	0
5	93000001	1.08708	0.998106	2	0	0
5	93500001	0.988237	0.998106	2	0	0
5	94000001	0.970325	0.998106	2	0	0
5	94500001	0.978736	0.998106	2	0	0
5	95000001	1.07546	0.998106	2	0	0
5	95500001	1.0412	0.998106	2	0	0
5	96000001	1.09791	0.998106	2	0	0
5	96500001	1.05897	0.998106	2	0	0
5	97000001	1.05829	0.998106	2	0	0
5	97500001	0.967181	0.998106	2	0	0
5	98000001	0.962033	0.998106	2	0	0
5	98500001	0.927069	0.998106	2	0	0
5	99000001	0.957601	0.998106	2	0	0
5	99500001	0.951306	0.998106	2	0	0
5	100000001	0.903943	0.998106	2	0	0
5	100500001	0.955537	0.998106	2	0	0
5	101000001	0.958413	0.998106	2	0	0
5	101500001	0.902514	0.998106	2	0	0
5	102000001	0.939518	0.998106	2	0	0
5	102500001	1.03231	0.998106	2	0	0
5	103000001	1.01871	0.998106	2	0	0
5	103500001	1.00713	0.998106	2	0	0
5	104000001	1.06153	0.998106	2	0	0
5	104500001	1.04446	0.998106	2	0	0
5	105000001	1.01357	0.998106	2	0	0
5	105500001	1.04579	0.998106	2	0	0
5	106000001	1.08979	0.998106	2	0	0
5	106500001	0.996672	0.998106	2	0	0
5	107000001	1.45594	0.998106	2	0	0
5	107500001	1.05216	0.998106	2	0	0
5	108000001	0.968758	0.998106	2	0	0
5	108500001	1.01022	0.998106	2	0	0
5	109000001	0.984688	0.998106	2	0	0
5	109500001	0.977304	0.998106	2	0	0
5	110000001	0.985961	0.998106	2	0	0
5	110500001	1.03782	0.998106	2	0	0
5	111000001	1.01928	0.998106	2	0	0
5	111500001	0.951134	0.998106	2	0	0
5	112000001	0.964419	0.998106	2	0	0
5	112500001	1.13412	0.998106	2	0	0
5	113000001	1.06944	0.998106	2	0	0
5	113500001	1.02748	0.998106	2	0	0
5	114000001	0.95632	0.998106	2	0	0
5	114500001	0.998106	0.998106	2	0	0
5	115000001	1.09561	0.998106	2	0	0
5	115500001	1.09447	0.998106	2	0	0
5	116000001	1.02739	0.998106	2	0	0
5	116500001	0.963255	0.998106	2	0	0
5	117000001	0.887942	0.998106	2	0	0
5	117500001	0.893508	0.998106	2	0	0
5	118000001	0.905292	0.998106	2	0	0
5	118500001	0.958422	0.998106	2	0	0
5	119000001	0.914769	0.998106	2	0	0
5	119500001	0.988665	0.998106	2	0	0
5	120000001	1.01272	0.998106	2	0	0
5	120500001	1.02479	0.998106	2	0	0
5	121000001	0.975173	0.998106	2	0	0
5	121500001	0.989064	0.998106	2	0	0
5	122000001	0.982569	0.998106	2	0	0
5	122500001	0.93712	0.998106	2	0	0
5	123000001	1.01857	0.998106	2	0	0
5	123500001	0.999045	0.998106	2	0	0
5	124000001	0.988335	0.998106	2	0	0
5	124500001	0.994516	0.998106	2	0	0
5	125000001	1.00603	0.998106	2	0	0
5	125500001	1.00724	0.998106	2	0	0
5	126000001	1.11409	0.998106	2	0	0
5	126500001	1.00007	0.998106	2	0	0
5	127000001	1.00341	0.998106	2	0	0
5	127500001	1.04508	0.998106	2	0	0
5	128000001	0.99472	0.998106	2	0	0
5	128500001	0.952451	0.998106	2	0	0
5	129000001	0.933613	0.998106	2	0	0
5	129500001	0.931438	0.998106	2	0	0
5	130000001	0.945118	0.998106	2	0	0
5	130500001	0.993923	0.998106	2	0	0
5	131000001	1.0397	0.998106	2	0	0
5	131500001	1.00588	0.998106	2	0	0
5	132000001	1.04821	0.998106	2	0	0
5	132500001	1.03348	0.998106	2	0	0
5	133000001	1.00462	0.998106	2	0	0
5	133500001	1.05174	0.998106	2	0	0
5	134000001	1.05866	0.998106	2	0	0
5	134500001	1.0351	0.998106	2	0	0
5	135000001	1.02689	0.998106	2	0	0
5	135500001	0.972912	0.998106	2	0	0
5	136000001	1.083	0.998106	2	0	0
5	136500001	0.957281	0.998106	2	0	0
5	137000001	0.981494	0.998106	2	0	0
5	137500001	1.00172	0.998106	2	0	0
5	138000001	1.00919	0.998106	2	0	0
5	138500001	1.06961	0.998106	2	0	0
5	139000001	1.02133	0.998106	2	0	0
5	139500001	0.985045	0.998106	2	0	0
5	140000001	1.0439	0.998106	2	0	0
5	140500001	0.998398	0.998106	2	0	0
5	141000001	0.935944	0.998106	2	0	0
5	141500001	1.03065	0.998106	2	0	0
5	142000001	1.03249	0.998106	2	0	0
5	142500001	1.04358	0.998106	2	0	0
5	143000001	1.09069	0.998106	2	0	0
5	143500001	1.09426	0.998106	2	0	0
5	144000001	1.12768	0.998106	2	0	0
5	144500001	0.993851	0.998106	2	0	0
5	145000001	0.984747	0.998106	2	0	0
5	145500001	1.0777	0.998106	2	0	0
5	146000001	1.0389	0.998106	2	0	0
5	146500001	0.984336	0.998106	2	0	0
5	147000001	0.936925	0.998106	2	0	0
5	147500001	1.04942	0.998106	2	0	0
5	148000001	1.08915	0.998106	2	0	0
5	148500001	1.12953	0.998106	2	0	0
5	149000001	1.09695	0.998106	2	0	0
5	149500001	1.02363	0.998106	2	0	0
5	150000001	1.04694	0.998106	2	0	0
5	150500001	0.998028	0.998106	2	0	0
5	151000001	1.0099	0.998106	2	0	0
5	151500001	1.01792	0.998106	2	0	0
5	152000001	0.959087	0.998106	2	0	0
5	152500001	0.950067	0.998106	2	0	0
5	153000001	0.985985	0.998106	2	0	0
5	153500001	0.967169	0.998106	2	0	0
5	154000001	0.950035	0.998106	2	0	0
5	154500001	0.881943	0.998106	2	0	0
5	155000001	0.940277	0.998106	2	0	0
5	155500001	0.939737	0.998106	2	0	0
5	156000001	0.89731	0.998106	2	0	0
5	156500001	0.920373	0.998106	2	0	0
5	157000001	0.910643	0.998106	2	0	0
5	157500001	0.952451	0.998106	2	0	0
5	158000001	0.946506	0.998106	2	0	0
5	158500001	0.947569	0.998106	2	0	0
5	159000001	1.00821	0.998106	2	0	0
5	159500001	1.08556	0.998106	2	0	0
5	160000001	1.04045	0.998106	2	0	0
5	160500001	0.969621	0.998106	2	0	0
5	161000001	0.950877	0.998106	2	0	0
5	161500001	0.915528	0.998106	2	0	0
5	162000001	0.876363	0.998106	2	0	0
5	162500001	0.876695	0.998106	2	0	0
5	163000001	0.941345	0.998106	2	0	0
5	163500001	0.921195	0.998106	2	0	0
5	164000001	0.909565	0.998106	2	0	0
5	164500001	0.914681	0.998106	2	0	0
5	165000001	0.912809	0.998106	2	0	0
5	165500001	0.920253	0.998106	2	0	0
5	166000001	0.898327	0.998106	2	0	0
5	166500001	0.890425	0.998106	2	0	0
5	167000001	0.959957	0.998106	2	0	0
5	167500001	1.05664	0.998106	2	0	0
5	168000001	1.01204	0.998106	2	0	0
5	168500001	0.937658	0.998106	2	0	0
5	169000001	0.965661	0.998106	2	0	0
5	169500001	1.04701	0.998106	2	0	0
5	170000001	0.939498	0.998106	2	0	0
5	170500001	0.943538	0.998106	2	0	0
5	171000001	0.972205	0.998106	2	0	0
5	171500001	0.996465	0.998106	2	0	0
5	172000001	0.966042	0.998106	2	0	0
5	172500001	1.05823	0.998106	2	0	0
5	173000001	1.00572	0.998106	2	0	0
5	173500001	1.02798	0.998106	2	0	0
5	174000001	1.08446	0.998106	2	0	0
5	174500001	1.00899	0.998106	2	0	0
5	175000001	0.95196	0.998106	2	0	0
5	175500001	0.975922	0.998106	2	0	0
5	176000001	0.988523	0.998106	2	0	0
5	176500001	1.02039	0.998106	2	0	0
5	177000001	0.982673	0.998106	2	0	0
5	177500001	0.967305	0.998106	2	0	0
5	178000001	0.921462	0.998106	2	0	0
5	178500001	0.91173	0.998106	2	0	0
5	179000001	0.933268	0.998106	2	0	0
5	179500001	0.959279	0.998106	2	0	0
5	180000001	0.938525	0.998106	2	0	0
5	180500001	0.940158	0.998106	2	0	0
5	181000001	0.904773	0.998106	2	0	0
5	181500001	-1	-1	-1	0	0
6	1	1.99615	2.00814	4	0	0
6	500001	2.06349	2.00814	4	0	0
6	1000001	2.07102	2.00814	4	0	0
6	1500001	2.00687	2.00814	4	0	0
6	2000001	2.00494	2.00814	4	0	0
6	2500001	2.08277	2.00814	4	0	0
6	3000001	2.02312	2.00814	4	0	0
6	3500001	2.09213	2.00814	4	0	0
6	4000001	2.07451	2.00814	4	0	0
6	4500001	1.90567	2.00814	4	0	0
6	5000001	1.94605	2.00814	4	0	0
6	5500001	1.87763	2.00814	4	0	0
6	6000001	1.98521	2.00814	4	0	0
6	6500001	2.00711	2.00814	4	0	0
6	7000001	2.0471	2.00814	4	0	0
6	7500001	2.07812	2.00814	4	0	0
6	8000001	1.92381	2.00814	4	0	0
6	8500001	1.95067	2.00814	4	0	0
6	9000001	1.96639	2.00814	4	0	0
6	9500001	2.00814	2.00814	4	0	0
6	10000001	2.07025	2.00814	4	0	0
6	10500001	2.01223	2.00814	4	0	0
6	11000001	2.01592	2.00814	4	0	0
6	11500001	2.66873	3.10896	6	0	0
6	12000001	3.10896	3.10896	6	0	0
6	12500001	3.12675	3.10896	6	0	0
6	13000001	2.09276	2.0185	4	0	0
6	13500001	2.03805	2.0185	4	0	0
6	14000001	1.99801	2.0185	4	0	0
6	14500001	1.97577	2.0185	4	0	0
6	15000001	1.90093	2.0185	4	0	0
6	15500001	1.87774	2.0185	4	0	0
6	16000001	1.91698	2.0185	4	0	0
6	16500001	2.08485	2.0185	4	0	0
6	17000001	2.04427	2.0185	4	0	0
6	17500001	2.04606	2.0185	4	0	0
6	18000001	2.08743	2.0185	4	0	0
6	18500001	2.04448	2.0185	4	0	0
6	19000001	2.07734	2.0185	4	0	0
6	19500001	1.99895	2.0185	4	0	0
6	20000001	1.94983	2.0185	4	0	0
6	20500001	1.8129	2.0185	4	0	0
6	21000001	1.54583	1.46672	3	0	0
6	21500001	1.33832	1.46672	3	0	0
6	22000001	1.43124	1.46672	3	0	0
6	22500001	1.26508	1.46672	3	0	0
6	23000001	1.35948	1.46672	3	0	0
6	23500001	1.26288	1.46672	3	0	0
6	24000001	1.44718	1.46672	3	0	0
6	24500001	1.50483	1.46672	3	0	0
6	25000001	1.46158	1.46672	3	0	0
6	25500001	1.52344	1.46672	3	0	0
6	26000001	1.44718	1.46672	3	0	0
6	26500001	1.34088	1.46672	3	0	0
6	27000001	1.39878	1.46672	3	0	0
6	27500001	1.32652	1.46672	3	0	0
6	28000001	1.43323	1.46672	3	0	0
6	28500001	1.42894	1.46672	3	0	0
6	29000001	1.48175	1.46672	3	0	0
6	29500001	1.38876	1.46672	3	0	0
6	30000001	1.53951	1.46672	3	0	0
6	30500001	1.62258	1.46672	3	0	0
6	31000001	1.52038	1.46672	3	0	0
6	31500001	1.4984	1.46672	3	0	0
6	32000001	1.49625	1.46672	3	0	0
6	32500001	1.30937	1.46672	3	0	0
6	33000001	1.47187	1.46672	3	0	0
6	33500001	1.54543	1.46672	3	0	0
6	34000001	1.43808	1.46672	3	0	0
6	34500001	1.57075	1.46672	3	0	0
6	35000001	1.57751	1.46672	3	0	0
6	35500001	1.53208	1.46672	3	0	0
6	36000001	1.58303	1.46672	3	0	0
6	36500001	1.56616	1.46672	3	0	0
6	37000001	1.55451	1.46672	3	0	0
6	37500001	1.5854	1.46672	3	0	0
6	38000001	1.45893	1.46672	3	0	0
6	38500001	1.51761	1.46672	3	0	0
6	39000001	1.49091	1.46672	3	0	0
6	39500001	1.36705	1.46672	3	0	0
6	40000001	1.31753	1.46672	3	0	0
6	40500001	1.31127	1.46672	3	0	0
6	41000001	1.39496	1.46672	3	0	0
6	41500001	1.6357	1.46672	3	0	0
6	42000001	1.06323	1.04603	2	0	0
6	42500001	1.04816	1.04603	2	0	0
6	43000001	1.04407	1.04603	2	0	0
6	43500001	1.03107	1.04603	2	0	0
6	44000001	1.04798	1.04603	2	0	0
6	44500001	0.971574	1.04603	2	0	0
6	45000001	1.35858	1.53852	3	0	0
6	45500001	1.54477	1.53852	3	0	0
6	46000001	1.55188	1.53852	3	0	0
6	46500001	1.5555	1.53852	3	0	0
6	47000001	1.67905	1.53852	3	0	0
6	47500001	1.57108	1.53852	3	0	0
6	48000001	1.50682	1.53852	3	0	0
6	48500001	1.57653	1.53852	3	0	0
6	49000001	1.56157	1.53852	3	0	0
6	49500001	1.52276	1.53852	3	0	0
6	50000001	1.4784	1.53852	3	0	0
6	50500001	1.36431	1.53852	3	0	0
6	51000001	1.39239	1.53852	3	0	0
6	51500001	1.37482	1.53852	3	0	0
6	52000001	1.51898	1.53852	3	0	0
6	52500001	1.49451	1.53852	3	0	0
6	53000001	1.55829	1.53852	3	0	0
6	53500001	1.65752	1.53852	3	0	0
6	54000001	1.56215	1.53852	3	0	0
6	54500001	1.52235	1.53852	3	0	0
6	55000001	1.53852	1.53852	3	0	0
6	55500001	1.58671	1.53852	3	0	0
6	56000001	1.52743	1.53852	3	0	0
6	56500001	1.52766	1.53852	3	0	0
6	57000001	1.58691	1.53852	3	0	0
6	57500001	1.46978	1.53852	3	0	0
6	58000001	1.58885	1.53852	3	0	0
6	58500001	4.11244	4.07365	8	0	0
6	59000001	4.03485	4.07365	8	0	0
6	59500001	-1	-1	-1	0	0
6	60000001	-1	-1	-1	0	0
6	60500001	1.3029	1.3215	3	0	0
6	61000001	1.3401	1.3215	3	0	0
6	61500001	1.07432	1.3215	3	0	0
6	62000001	1.56815	1.3215	3	0	0
6	62500001	1.08562	1.00369	2	0	0
6	63000001	1.00562	1.00369	2	0	0
6	63500001	1.06286	1.00369	2	0	0
6	64000001	1.06628	1.00369	2	0	0
6	64500001	0.995004	1.00369	2	0	0
6	65000001	0.98702	1.00369	2	0	0
6	65500001	1.00687	1.00369	2	0	0
6	66000001	0.997392	1.00369	2	0	0
6	66500001	1.00793	1.00369	2	0	0
6	67000001	0.99244	1.00369	2	0	0
6	67500001	1.02677	1.00369	2	0	0
6	68000001	0.975966	1.00369	2	0	0
6	68500001	0.979593	1.00369	2	0	0
6	69000001	0.948206	1.00369	2	0	0
6	69500001	0.931386	1.00369	2	0	0
6	70000001	0.982616	1.00369	2	0	0
6	70500001	0.873598	1.00369	2	0	0
6	71000001	1.01333	1.00369	2	0	0
6	71500001	0.970448	1.00369	2	0	0
6	72000001	0.993487	1.00369	2	0	0
6	72500001	0.998541	1.00369	2	0	0
6	73000001	0.938362	1.00369	2	0	0
6	73500001	1.06108	1.00369	2	0	0
6	74000001	1.07832	1.00369	2	0	0
6	74500001	1.06792	1.00369	2	0	0
6	75000001	1.07464	1.00369	2	0	0
6	75500001	1.04111	1.00369	2	0	0
6	76000001	0.978339	1.00369	2	0	0
6	76500001	0.868082	1.00369	2	0	0
6	77000001	0.934007	1.00369	2	0	0
6	77500001	0.958659	1.00369	2	0	0
6	78000001	0.954067	1.00369	2	0	0
6	78500001	1.02354	1.00369	2	0	0
6	79000001	1.08264	1.00369	2	0	0
6	79500001	1.04238	1.00369	2	0	0
6	80000001	0.942721	1.00369	2	0	0
6	80500001	1.00377	1.00369	2	0	0
6	81000001	1.00369	1.00369	2	0	0
6	81500001	1.01456	1.00369	2	0	0
6	82000001	1.05149	1.00369	2	0	0
6	82500001	0.79313	1.00369	2	0	0
6	83000001	1.08648	1.00369	2	0	0
6	83500001	1.06778	1.00369	2	0	0
6	84000001	1.02937	1.00369	2	0	0
6	84500001	1.01838	1.00369	2	0	0
6	85000001	1.10799	1.00369	2	0	0
6	85500001	1.00002	1.00369	2	0	0
6	86000001	0.931327	1.00369	2	0	0
6	86500001	0.993033	1.00369	2	0	0
6	87000001	1.03895	1.00369	2	0	0
6	87500001	0.983552	1.00369	2	0	0
6	88000001	0.996494	1.00369	2	0	0
6	88500001	0.963765	1.00369	2	0	0
6	89000001	0.96801	1.00369	2	0	0
6	89500001	0.939228	1.00369	2	0	0
6	90000001	0.970276	1.00369	2	0	0
6	90500001	1.01025	1.00369	2	0	0
6	91000001	0.998744	1.00369	2	0	0
6	91500001	1.06597	1.00369	2	0	0
6	92000001	1.03954	1.00369	2	0	0
6	92500001	1.0046	1.00369	2	0	0
6	93000001	1.02717	1.00369	2	0	0
6	93500001	1.00594	1.00369	2	0	0
6	94000001	1.01518	1.00369	2	0	0
6	94500001	1.05732	1.00369	2	0	0
6	95000001	1.00705	1.00369	2	0	0
6	95500001	0.988606	1.00369	2	0	0
6	96000001	1.00285	1.00369	2	0	0
6	96500001	0.979782	1.00369	2	0	0
6	97000001	1.05006	1.00369	2	0	0
6	97500001	0.939182	1.00369	2	0	0
6	98000001	0.973885	1.00369	2	0	0
6	98500001	0.919043	1.00369	2	0	0
6	99000001	0.92944	1.00369	2	0	0
6	99500001	0.989226	1.00369	2	0	0
6	100000001	1.08969	1.00369	2	0	0
6	100500001	1.07919	1.00369	2	0	0
6	101000001	1.04628	1.00369	2	0	0
6	101500001	1.05569	1.00369	2	0	0
6	102000001	0.999951	1.00369	2	0	0
6	102500001	1.07415	1.00369	2	0	0
6	103000001	0.929335	1.00369	2	0	0
6	103500001	1.00383	1.00369	2	0	0
6	104000001	1.06152	1.00369	2	0	0
6	104500001	1.03701	1.00369	2	0	0
6	105000001	1.02571	1.00369	2	0	0
6	105500001	1.08875	1.00369	2	0	0
6	106000001	1.05711	1.00369	2	0	0
6	106500001	1.04637	1.00369	2	0	0
6	107000001	0.99144	1.00369	2	0	0
6	107500001	0.987394	1.00369	2	0	0
6	108000001	0.956907	1.00369	2	0	0
6	108500001	1.067	1.00369	2	0	0
6	109000001	1.00798	1.00369	2	0	0
6	109500001	1.02025	1.00369	2	0	0
6	110000001	1.05021	1.00369	2	0	0
6	110500001	1.02251	1.00369	2	0	0
6	111000001	1.02756	1.00369	2	0	0
6	111500001	1.03443	1.00369	2	0	0
6	112000001	1.05108	1.00369	2	0	0
6	112500001	1.01049	1.00369	2	0	0
6	113000001	1.11855	1.00369	2	0	0
6	113500001	1.05658	1.00369	2	0	0
6	114000001	0.983836	1.00369	2	0	0
6	114500001	0.947964	1.00369	2	0	0
6	115000001	0.934806	1.00369	2	0	0
6	115500001	0.90751	1.00369	2	0	0
6	116000001	1.01454	1.00369	2	0	0
6	116500001	0.998227	1.00369	2	0	0
6	117000001	0.993883	1.00369	2	0	0
6	117500001	0.990742	1.00369	2	0	0
6	118000001	0.937247	1.00369	2	0	0
6	118500001	0.933572	1.00369	2	0	0
6	119000001	0.932019	1.00369	2	0	0
6	119500001	0.976692	1.00369	2	0	0
6	120000001	0.996285	1.00369	2	0	0
6	120500001	0.99202	1.00369	2	0	0
6	121000001	1.00607	1.00369	2	0	0
6	121500001	0.982183	1.00369	2	0	0
6	122000001	1.0175	1.00369	2	0	0
6	122500001	0.989778	1.00369	2	0	0
6	123000001	0.944341	1.00369	2	0	0
6	123500001	0.962978	1.00369	2	0	0
6	124000001	0.963555	1.00369	2	0	0
6	124500001	1.02528	1.00369	2	0	0
6	125000001	1.36747	1.46442	3	0	0
6	125500001	1.56137	1.46442	3	0	0
6	126000001	1.04211	1.01484	2	0	0
6	126500001	0.953438	1.01484	2	0	0
6	127000001	1.01291	1.01484	2	0	0
6	127500001	1.0686	1.01484	2	0	0
6	128000001	1.05954	1.01484	2	0	0
6	128500001	1.09246	1.01484	2	0	0
6	129000001	1.58476	1.01484	2	0	0
6	129500001	1.25527	1.01484	2	0	0
6	130000001	1.02324	1.01484	2	0	0
6	130500001	0.969988	1.01484	2	0	0
6	131000001	0.966857	1.01484	2	0	0
6	131500001	0.97238	1.01484	2	0	0
6	132000001	0.952991	1.01484	2	0	0
6	132500001	1.00637	1.01484	2	0	0
6	133000001	1.06759	1.01484	2	0	0
6	133500001	1.03277	1.01484	2	0	0
6	134000001	1.05174	1.01484	2	0	0
6	134500001	1.05458	1.01484	2	0	0
6	135000001	1.0072	1.01484	2	0	0
6	135500001	0.972479	1.01484	2	0	0
6	136000001	1.00929	1.01484	2	0	0
6	136500001	0.977469	1.01484	2	0	0
6	137000001	1.02829	1.01484	2	0	0
6	137500001	1.11763	1.01484	2	0	0
6	138000001	1.06878	1.01484	2	0	0
6	138500001	1.0323	1.01484	2	0	0
6	139000001	1.03274	1.01484	2	0	0
6	139500001	1.04115	1.01484	2	0	0
6	140000001	1.04355	1.01484	2	0	0
6	140500001	1.07484	1.01484	2	0	0
6	141000001	1.06908	1.01484	2	0	0
6	141500001	1.03986	1.01484	2	0	0
6	142000001	1.04772	1.01484	2	0	0
6	142500001	1.044	1.01484	2	0	0
6	143000001	1.11589	1.01484	2	0	0
6	143500001	1.01532	1.01484	2	0	0
6	144000001	0.968855	1.01484	2	0	0
6	144500001	1.08489	1.01484	2	0	0
6	145000001	1.00747	1.01484	2	0	0
6	145500001	0.991808	1.01484	2	0	0
6	146000001	0.914015	1.01484	2	0	0
6	146500001	1.01391	1.01484	2	0	0
6	147000001	1.07064	1.01484	2	0	0
6	147500001	1.00696	1.01484	2	0	0
6	148000001	0.96924	1.01484	2	0	0
6	148500001	1.00765	1.01484	2	0	0
6	149000001	0.967856	1.01484	2	0	0
6	149500001	0.95992	1.01484	2	0	0
6	150000001	0.99813	1.01484	2	0	0
6	150500001	0.988829	1.01484	2	0	0
6	151000001	0.980823	1.01484	2	0	0
6	151500001	1.05133	1.01484	2	0	0
6	152000001	1.00641	1.01484	2	0	0
6	152500001	1.02101	1.01484	2	0	0
6	153000001	1.07134	1.01484	2	0	0
6	153500001	0.96518	1.01484	2	0	0
6	154000001	1.00951	1.01484	2	0	0
6	154500001	0.992468	1.01484	2	0	0
6	155000001	1.01436	1.01484	2	0	0
6	155500001	1.0232	1.01484	2	0	0
6	156000001	0.969093	1.01484	2	0	0
6	156500001	0.947277	1.01484	2	0	0
6	157000001	1.04371	1.01484	2	0	0
6	157500001	0.997089	1.01484	2	0	0
6	158000001	1.02441	1.01484	2	0	0
6	158500001	1.06707	1.01484	2	0	0
6	159000001	0.975589	1.01484	2	0	0
6	159500001	0.97307	1.01484	2	0	0
6	160000001	0.959377	1.01484	2	0	0
6	160500001	1.18358	1.01484	2	0	0
6	161000001	0.971383	0.938236	2	0	0
6	161500001	0.911732	0.938236	2	0	0
6	162000001	0.941368	0.938236	2	0	0
6	162500001	0.956162	0.938236	2	0	0
6	163000001	0.967203	0.938236	2	0	0
6	163500001	0.970685	0.938236	2	0	0
6	164000001	0.931139	0.938236	2	0	0
6	164500001	0.901392	0.938236	2	0	0
6	165000001	0.828285	0.938236	2	0	0
6	165500001	0.890513	0.938236	2	0	0
6	166000001	0.964477	0.938236	2	0	0
6	166500001	0.979759	0.938236	2	0	0
6	167000001	0.938236	0.938236	2	0	0
6	167500001	0.930414	0.938236	2	0	0
6	168000001	0.863701	0.938236	2	0	0
6	168500001	0.95793	0.938236	2	0	0
6	169000001	0.970383	0.938236	2	0	0
6	169500001	0.934488	0.938236	2	0	0
6	170000001	0.915012	0.938236	2	0	0
6	170500001	-1	-1	-1	0	0
7	1	1.99332	1.95068	4	0	0
7	500001	1.9493	1.95068	4	0	0
7	1000001	1.93098	1.95068	4	0	0
7	1500001	1.88503	1.95068	4	0	0
7	2000001	1.94583	1.95068	4	0	0
7	2500001	2.01949	1.95068	4	0	0
7	3000001	1.88549	1.95068	4	0	0
7	3500001	1.78377	1.95068	4	0	0
7	4000001	1.78816	1.95068	4	0	0
7	4500001	1.88623	1.95068	4	0	0
7	5000001	1.99672	1.95068	4	0	0
7	5500001	1.96943	1.95068	4	0	0
7	6000001	2.0341	1.95068	4	0	0
7	6500001	1.89476	1.95068	4	0	0
7	7000001	2.03765	1.95068	4	0	0
7	7500001	2.02006	1.95068	4	0	0
7	8000001	1.99694	1.95068	4	0	0
7	8500001	1.95068	1.95068	4	0	0
7	9000001	1.89656	1.95068	4	0	0
7	9500001	1.86909	1.95068	4	0	0
7	10000001	1.8104	1.95068	4	0	0
7	10500001	1.9764	1.95068	4	0	0
7	11000001	1.9037	1.95068	4	0	0
7	11500001	1.9739	1.95068	4	0	0
7	12000001	2.11836	1.95068	4	0	0
7	12500001	2.07355	1.95068	4	0	0
7	13000001	2.01522	1.95068	4	0	0
7	13500001	1.49443	1.51345	3	0	0
7	14000001	1.46343	1.51345	3	0	0
7	14500001	1.3542	1.51345	3	0	0
7	15000001	1.41289	1.51345	3	0	0
7	15500001	1.36753	1.51345	3	0	0
7	16000001	1.60458	1.51345	3	0	0
7	16500001	1.61391	1.51345	3	0	0
7	17000001	1.67519	1.51345	3	0	0
7	17500001	1.62353	1.51345	3	0	0
7	18000001	1.60426	1.51345	3	0	0
7	18500001	1.53302	1.51345	3	0	0
7	19000001	1.48567	1.51345	3	0	0
7	19500001	1.5765	1.51345	3	0	0
7	20000001	1.58316	1.51345	3	0	0
7	20500001	1.44886	1.51345	3	0	0
7	21000001	1.43919	1.51345	3	0	0
7	21500001	1.57223	1.51345	3	0	0
7	22000001	1.59366	1.51345	3	0	0
7	22500001	1.57804	1.51345	3	0	0
7	23000001	1.63	1.51345	3	0	0
7	23500001	1.48544	1.51345	3	0	0
7	24000001	1.42803	1.51345	3	0	0
7	24500001	1.48836	1.51345	3	0	0
7	25000001	1.51848	1.51345	3	0	0
7	25500001	1.48145	1.51345	3	0	0
7	26000001	1.47812	1.51345	3	0	0
7	26500001	1.60105	1.51345	3	0	0
7	27000001	1.51345	1.51345	3	0	0
7	27500001	1.43434	1.51345	3	0	0
7	28000001	0.984225	0.955264	2	0	0
7	28500001	0.915761	0.955264	2	0	0
7	29000001	0.948633	0.955264	2	0	0
7	29500001	1.00742	0.955264	2	0	0
7	30000001	1.04313	0.955264	2	0	0
7	30500001	1.0002	0.955264	2	0	0
7	31000001	0.91801	0.955264	2	0	0
7	31500001	0.901055	0.955264	2	0	0
7	32000001	0.914688	0.955264	2	0	0
7	32500001	0.939573	0.955264	2	0	0
7	33000001	0.960287	0.955264	2	0	0
7	33500001	0.916825	0.955264	2	0	0
7	34000001	0.911862	0.955264	2	0	0
7	34500001	0.954421	0.955264	2	0	0
7	35000001	1.02282	0.955264	2	0	0
7	35500001	1.02173	0.955264	2	0	0
7	36000001	1.04326	0.955264	2	0	0
7	36500001	0.961675	0.955264	2	0	0
7	37000001	0.981988	0.955264	2	0	0
7	37500001	0.954849	0.955264	2	0	0
7	38000001	0.912062	0.955264	2	0	0
7	38500001	0.952965	0.955264	2	0	0
7	39000001	0.956022	0.955264	2	0	0
7	39500001	1.02264	0.955264	2	0	0
7	40000001	0.914686	0.955264	2	0	0
7	40500001	1.02235	0.955264	2	0	0
7	41000001	1.08345	0.955264	2	0	0
7	41500001	1.00318	0.955264	2	0	0
7	42000001	0.915251	0.955264	2	0	0
7	42500001	0.911426	0.955264	2	0	0
7	43000001	1.01432	0.955264	2	0	0
7	43500001	1.04829	0.955264	2	0	0
7	44000001	0.995254	0.955264	2	0	0
7	44500001	1.04908	0.955264	2	0	0
7	45000001	1.01614	0.955264	2	0	0
7	45500001	0.962727	0.955264	2	0	0
7	46000001	1.09295	0.955264	2	0	0
7	46500001	1.041	0.955264	2	0	0
7	47000001	1.04651	0.955264	2	0	0
7	47500001	1.02522	0.955264	2	0	0
7	48000001	0.944584	0.955264	2	0	0
7	48500001	0.939062	0.955264	2	0	0
7	49000001	0.96942	0.955264	2	0	0
7	49500001	0.852087	0.955264	2	0	0
7	50000001	0.842517	0.955264	2	0	0
7	50500001	0.855314	0.955264	2	0	0
7	51000001	0.869523	0.955264	2	0	0
7	51500001	0.873105	0.955264	2	0	0
7	52000001	0.863888	0.955264	2	0	0
7	52500001	0.924606	0.955264	2	0	0
7	53000001	0.909314	0.955264	2	0	0
7	53500001	0.989959	0.955264	2	0	0
7	54000001	0.950176	0.955264	2	0	0
7	54500001	1.12031	0.955264	2	0	0
7	55000001	0.992935	0.955264	2	0	0
7	55500001	0.908819	0.955264	2	0	0
7	56000001	0.884811	0.955264	2	0	0
7	56500001	0.859569	0.955264	2	0	0
7	57000001	0.787918	0.955264	2	0	0
7	57500001	0.979306	0.955264	2	0	0
7	58000001	1.40768	0.955264	2	0	0
7	58500001	1.08631	0.955264	2	0	0
7	59000001	1.02865	0.955264	2	0	0
7	59500001	1.06347	0.955264	2	0	0
7	60000001	0.9625	0.955264	2	0	0
7	60500001	1.44317	0.955264	2	0	0
7	61000001	1.01954	0.955264	2	0	0
7	61500001	-1	0.955264	2	0	0
7	62000001	1.02996	0.955264	2	0	0
7	62500001	0.983795	0.955264	2	0	0
7	63000001	0.868018	0.955264	2	0	0
7	63500001	0.859836	0.955264	2	0	0
7	64000001	0.888067	0.955264	2	0	0
7	64500001	0.901221	0.955264	2	0	0
7	65000001	0.910638	0.955264	2	0	0
7	65500001	1.03927	0.955264	2	0	0
7	66000001	1.00208	0.955264	2	0	0
7	66500001	0.974405	0.955264	2	0	0
7	67000001	0.91796	0.955264	2	0	0
7	67500001	0.963904	0.955264	2	0	0
7	68000001	0.873515	0.955264	2	0	0
7	68500001	0.864443	0.955264	2	0	0
7	69000001	0.888535	0.955264	2	0	0
7	69500001	0.850628	0.955264	2	0	0
7	70000001	0.949357	0.955264	2	0	0
7	70500001	0.949839	0.955264	2	0	0
7	71000001	0.878935	0.955264	2	0	0
7	71500001	0.821714	0.955264	2	0	0
7	72000001	0.882041	0.955264	2	0	0
7	72500001	0.898203	0.955264	2	0	0
7	73000001	1.02508	0.955264	2	0	0
7	73500001	1.0205	0.955264	2	0	0
7	74000001	0.948071	0.955264	2	0	0
7	74500001	0.973737	0.955264	2	0	0
7	75000001	0.952243	0.955264	2	0	0
7	75500001	1.00955	0.955264	2	0	0
7	76000001	0.95568	0.955264	2	0	0
7	76500001	1.00438	1.0099	2	0	0
7	77000001	1.04509	1.0099	2	0	0
7	77500001	1.00681	1.0099	2	0	0
7	78000001	0.969905	1.0099	2	0	0
7	78500001	1.04254	1.0099	2	0	0
7	79000001	1.01369	1.0099	2	0	0
7	79500001	1.08054	1.0099	2	0	0
7	80000001	1.11924	1.0099	2	0	0
7	80500001	1.10639	1.0099	2	0	0
7	81000001	1.06381	1.0099	2	0	0
7	81500001	1.06513	1.0099	2	0	0
7	82000001	0.986232	1.0099	2	0	0
7	82500001	1.01225	1.0099	2	0	0
7	83000001	0.985865	1.0099	2	0	0
7	83500001	1.02336	1.0099	2	0	0
7	84000001	1.14528	1.0099	2	0	0
7	84500001	1.09831	1.0099	2	0	0
7	85000001	1.08048	1.0099	2	0	0
7	85500001	1.03989	1.0099	2	0	0
7	86000001	0.952879	1.0099	2	0	0
7	86500001	0.981665	1.0099	2	0	0
7	87000001	0.994505	1.0099	2	0	0
7	87500001	0.960656	1.0099	2	0	0
7	88000001	1.00554	1.0099	2	0	0
7	88500001	0.949899	1.0099	2	0	0
7	89000001	0.928964	1.0099	2	0	0
7	89500001	0.937845	1.0099	2	0	0
7	90000001	1.08359	1.0099	2	0	0
7	90500001	1.0597	1.0099	2	0	0
7	91000001	1.03781	1.0099	2	0	0
7	91500001	1.00454	1.0099	2	0	0
7	92000001	1.04746	1.0099	2	0	0
7	92500001	1.04684	1.0099	2	0	0
7	93000001	1.10625	1.0099	2	0	0
7	93500001	1.01374	1.0099	2	0	0
7	94000001	0.976056	1.0099	2	0	0
7	94500001	1.02373	1.0099	2	0	0
7	95000001	0.950771	1.0099	2	0	0
7	95500001	0.96362	1.0099	2	0	0
7	96000001	0.957962	1.0099	2	0	0
7	96500001	0.986088	1.0099	2	0	0
7	97000001	0.925241	1.0099	2	0	0
7	97500001	0.968243	1.0099	2	0	0
7	98000001	0.944516	1.0099	2	0	0
7	98500001	0.966777	1.0099	2	0	0
7	99000001	1.04661	1.0099	2	0	0
7	99500001	1.04471	1.0099	2	0	0
7	100000001	0.980153	1.0099	2	0	0
7	100500001	1.03391	1.0099	2	0	0
7	101000001	1.00754	1.0099	2	0	0
7	101500001	1.00279	1.0099	2	0	0
7	102000001	1.07581	1.0099	2	0	0
7	102500001	1.64799	1.64799	3	0	0
7	103000001	0.98231	1.0053	2	0	0
7	103500001	1.083	1.0053	2	0	0
7	104000001	0.929797	1.0053	2	0	0
7	104500001	1.05814	1.0053	2	0	0
7	105000001	1.04633	1.0053	2	0	0
7	105500001	0.993843	1.0053	2	0	0
7	106000001	1.07148	1.0053	2	0	0
7	106500001	1.06799	1.0053	2	0	0
7	107000001	0.980816	1.0053	2	0	0
7	107500001	1.04658	1.0053	2	0	0
7	108000001	1.03738	1.0053	2	0	0
7	108500001	0.963555	1.0053	2	0	0
7	109000001	1.0247	1.0053	2	0	0
7	109500001	0.990665	1.0053	2	0	0
7	110000001	1.06098	1.0053	2	0	0
7	110500001	1.00546	1.0053	2	0	0
7	111000001	0.711286	1.0053	2	0	0
7	111500001	0.624892	1.0053	2	0	0
7	112000001	1.00877	1.0053	2	0	0
7	112500001	1.0276	1.0053	2	0	0
7	113000001	0.94927	1.0053	2	0	0
7	113500001	0.933488	1.0053	2	0	0
7	114000001	0.978583	1.0053	2	0	0
7	114500001	1.00052	1.0053	2	0	0
7	115000001	1.05982	1.0053	2	0	0
7	115500001	1.15523	1.0053	2	0	0
7	116000001	1.17426	1.0053	2	0	0
7	116500001	1.11534	1.0053	2	0	0
7	117000001	1.06734	1.0053	2	0	0
7	117500001	0.920993	1.0053	2	0	0
7	118000001	0.955844	1.0053	2	0	0
7	118500001	0.915262	1.0053	2	0	0
7	119000001	0.961061	1.0053	2	0	0
7	119500001	0.994886	1.0053	2	0	0
7	120000001	0.992045	1.0053	2	0	0
7	120500001	1.02118	1.0053	2	0	0
7	121000001	1.10917	1.0053	2	0	0
7	121500001	1.06046	1.0053	2	0	0
7	122000001	1.01308	1.0053	2	0	0
7	122500001	0.938892	1.0053	2	0	0
7	123000001	1.01455	1.0053	2	0	0
7	123500001	1.0158	1.0053	2	0	0
7	124000001	0.993843	1.0053	2	0	0
7	124500001	0.991671	1.0053	2	0	0
7	125000001	0.971765	1.0053	2	0	0
7	125500001	0.954626	1.0053	2	0	0
7	126000001	0.966516	1.0053	2	0	0
7	126500001	0.948502	1.0053	2	0	0
7	127000001	0.963362	1.0053	2	0	0
7	127500001	1.07345	1.0053	2	0	0
7	128000001	1.06886	1.0053	2	0	0
7	128500001	1.0126	1.0053	2	0	0
7	129000001	1.0699	1.0053	2	0	0
7	129500001	1.02751	1.0053	2	0	0
7	130000001	1.09474	1.0053	2	0	0
7	130500001	1.07083	1.0053	2	0	0
7	131000001	1.14001	1.0053	2	0	0
7	131500001	1.04161	1.0053	2	0	0
7	132000001	0.947852	1.0053	2	0	0
7	132500001	0.989052	1.0053	2	0	0
7	133000001	1.03211	1.0053	2	0	0
7	133500001	0.96663	1.0053	2	0	0
7	134000001	1.04332	1.0053	2	0	0
7	134500001	1.06745	1.0053	2	0	0
7	135000001	1.04507	1.0053	2	0	0
7	135500001	1.01991	1.0053	2	0	0
7	136000001	0.962997	1.0053	2	0	0
7	136500001	0.912136	1.0053	2	0	0
7	137000001	0.951942	1.0053	2	0	0
7	137500001	0.961273	1.0053	2	0	0
7	138000001	0.939136	1.0053	2	0	0
7	138500001	0.975125	1.0053	2	0	0
7	139000001	1.00513	1.0053	2	0	0
7	139500001	1.05394	1.0053	2	0	0
7	140000001	0.938492	1.0053	2	0	0
7	140500001	1.04358	1.0053	2	0	0
7	141000001	0.935638	1.0053	2	0	0
7	141500001	0.901687	1.0053	2	0	0
7	142000001	0.513348	0.479791	1	0	0
7	142500001	0.475968	0.479791	1	0	0
7	143000001	0.528818	0.479791	1	0	0
7	143500001	0.482295	0.479791	1	0	0
7	144000001	0.693311	0.479791	1	0	0
7	144500001	0.497919	0.479791	1	0	0
7	145000001	0.444614	0.479791	1	0	0
7	145500001	0.458987	0.479791	1	0	0
7	146000001	0.470693	0.479791	1	0	0
7	146500001	0.473237	0.479791	1	0	0
7	147000001	0.479791	0.479791	1	0	0
7	147500001	0.472083	0.479791	1	0	0
7	148000001	0.483346	0.479791	1	0	0
7	148500001	0.503352	0.479791	1	0	0
7	149000001	0.503171	0.479791	1	0	0
7	149500001	0.474123	0.479791	1	0	0
7	150000001	0.473836	0.479791	1	0	0
7	150500001	0.459125	0.479791	1	0	0
7	151000001	0.50324	0.479791	1	0	0
7	151500001	0.489832	0.479791	1	0	0
7	152000001	0.487631	0.479791	1	0	0
7	152500001	0.479107	0.479791	1	0	0
7	153000001	0.475508	0.479791	1	0	0
7	153500001	0.468563	0.479791	1	0	0
7	154000001	0.602767	0.479791	1	0	0
7	154500001	0.899168	0.914029	2	0	0
7	155000001	0.92889	0.914029	2	0	0
7	155500001	0.937218	0.914029	2	0	0
7	156000001	0.70682	0.914029	2	0	0
7	156500001	0.498862	0.472437	1	0	0
7	157000001	0.49811	0.472437	1	0	0
7	157500001	0.454641	0.472437	1	0	0
7	158000001	0.406201	0.472437	1	0	0
7	158500001	0.490233	0.472437	1	0	0
7	159000001	0.310153	0.472437	1	0	0
8	1	0.859878	0.908958	2	0	0
8	500001	0.926543	0.908958	2	0	0
8	1000001	0.837774	0.908958	2	0	0
8	1500001	0.894565	0.908958	2	0	0
8	2000001	0.907136	0.908958	2	0	0
8	2500001	0.949188	0.908958	2	0	0
8	3000001	0.906791	0.908958	2	0	0
8	3500001	0.890161	0.908958	2	0	0
8	4000001	0.91078	0.908958	2	0	0
8	4500001	0.898722	0.908958	2	0	0
8	5000001	0.833046	0.908958	2	0	0
8	5500001	0.920247	0.908958	2	0	0
8	6000001	0.869943	0.908958	2	0	0
8	6500001	0.996063	0.908958	2	0	0
8	7000001	0.707042	0.908958	2	0	0
8	7500001	0.657775	0.908958	2	0	0
8	8000001	0.667552	0.908958	2	0	0
8	8500001	1.03176	0.908958	2	0	0
8	9000001	0.968448	0.908958	2	0	0
8	9500001	0.937021	0.908958	2	0	0
8	10000001	0.998461	0.908958	2	0	0
8	10500001	1.07021	0.908958	2	0	0
8	11000001	0.930866	0.908958	2	0	0
8	11500001	1.01011	0.908958	2	0	0
8	12000001	0.685732	0.522001	1	0	0
8	12500001	0.724451	0.522001	1	0	0
8	13000001	0.512368	0.522001	1	0	0
8	13500001	0.547925	0.522001	1	0	0
8	14000001	0.831461	0.522001	1	0	0
8	14500001	0.47562	0.522001	1	0	0
8	15000001	0.488486	0.522001	1	0	0
8	15500001	0.470129	0.522001	1	0	0
8	16000001	0.488855	0.522001	1	0	0
8	16500001	0.514603	0.522001	1	0	0
8	17000001	0.554758	0.522001	1	0	0
8	17500001	0.557119	0.522001	1	0	0
8	18000001	0.525391	0.522001	1	0	0
8	18500001	0.513051	0.522001	1	0	0
8	19000001	0.536883	0.522001	1	0	0
8	19500001	0.510802	0.522001	1	0	0
8	20000001	0.449715	0.522001	1	0	0
8	20500001	0.44982	0.522001	1	0	0
8	21000001	0.468105	0.522001	1	0	0
8	21500001	0.476408	0.522001	1	0	0
8	22000001	0.535078	0.522001	1	0	0
8	22500001	0.504263	0.522001	1	0	0
8	23000001	0.517252	0.522001	1	0	0
8	23500001	0.475119	0.522001	1	0	0
8	24000001	0.537199	0.522001	1	0	0
8	24500001	0.55592	0.522001	1	0	0
8	25000001	0.496719	0.522001	1	0	0
8	25500001	0.518297	0.522001	1	0	0
8	26000001	0.559008	0.522001	1	0	0
8	26500001	0.492635	0.522001	1	0	0
8	27000001	0.525323	0.522001	1	0	0
8	27500001	0.55944	0.522001	1	0	0
8	28000001	0.557489	0.522001	1	0	0
8	28500001	0.541392	0.522001	1	0	0
8	29000001	0.54345	0.522001	1	0	0
8	29500001	0.544766	0.522001	1	0	0
8	30000001	0.540854	0.522001	1	0	0
8	30500001	0.482494	0.522001	1	0	0
8	31000001	0.522001	0.522001	1	0	0
8	31500001	0.963854	0.984457	2	0	0
8	32000001	1.07195	0.984457	2	0	0
8	32500001	1.05686	0.984457	2	0	0
8	33000001	0.959282	0.984457	2	0	0
8	33500001	0.966352	0.984457	2	0	0
8	34000001	0.917317	0.984457	2	0	0
8	34500001	0.935909	0.984457	2	0	0
8	35000001	0.928047	0.984457	2	0	0
8	35500001	0.933553	0.984457	2	0	0
8	36000001	0.976708	0.984457	2	0	0
8	36500001	1.03199	0.984457	2	0	0
8	37000001	1.06268	0.984457	2	0	0
8	37500001	1.04404	0.984457	2	0	0
8	38000001	0.96628	0.984457	2	0	0
8	38500001	1.04415	0.984457	2	0	0
8	39000001	0.984503	0.984457	2	0	0
8	39500001	1.07606	0.984457	2	0	0
8	40000001	1.04023	0.984457	2	0	0
8	40500001	0.985369	0.984457	2	0	0
8	41000001	1.02109	0.984457	2	0	0
8	41500001	0.984143	0.984457	2	0	0
8	42000001	0.968823	0.984457	2	0	0
8	42500001	1.01909	0.984457	2	0	0
8	43000001	0.961942	0.984457	2	0	0
8	43500001	0.992224	0.984457	2	0	0
8	44000001	1.15931	0.984457	2	0	0
8	44500001	1.11746	0.984457	2	0	0
8	45000001	0.954992	0.984457	2	0	0
8	45500001	0.988403	0.984457	2	0	0
8	46000001	0.911019	0.984457	2	0	0
8	46500001	0.92599	0.984457	2	0	0
8	47000001	0.937293	0.984457	2	0	0
8	47500001	1.01421	0.984457	2	0	0
8	48000001	1.05475	0.984457	2	0	0
8	48500001	1.03526	0.984457	2	0	0
8	49000001	1.05322	0.984457	2	0	0
8	49500001	0.99789	0.984457	2	0	0
8	50000001	1.00162	0.984457	2	0	0
8	50500001	0.962914	0.984457	2	0	0
8	51000001	0.969695	0.984457	2	0	0
8	51500001	0.95801	0.984457	2	0	0
8	52000001	0.979339	0.984457	2	0	0
8	52500001	0.995408	0.984457	2	0	0
8	53000001	0.994644	0.984457	2	0	0
8	53500001	1.03863	0.984457	2	0	0
8	54000001	1.01154	0.984457	2	0	0
8	54500001	0.968792	0.984457	2	0	0
8	55000001	0.978054	0.984457	2	0	0
8	55500001	0.966495	0.984457	2	0	0
8	56000001	0.963517	0.984457	2	0	0
8	56500001	0.909815	0.984457	2	0	0
8	57000001	0.92549	0.984457	2	0	0
8	57500001	0.93425	0.984457	2	0	0
8	58000001	0.930639	0.984457	2	0	0
8	58500001	1.06929	0.984457	2	0	0
8	59000001	1.08078	0.984457	2	0	0
8	59500001	1.03473	0.984457	2	0	0
8	60000001	1.03542	0.984457	2	0	0
8	60500001	1.00847	0.984457	2	0	0
8	61000001	1.00366	0.984457	2	0	0
8	61500001	1.10218	0.984457	2	0	0
8	62000001	0.95688	0.984457	2	0	0
8	62500001	0.935467	0.984457	2	0	0
8	63000001	0.94315	0.984457	2	0	0
8	63500001	0.940791	0.984457	2	0	0
8	64000001	0.939705	0.984457	2	0	0
8	64500001	0.994931	0.984457	2	0	0
8	65000001	0.974058	0.984457	2	0	0
8	65500001	1.12468	0.984457	2	0	0
8	66000001	1.01747	0.984457	2	0	0
8	66500001	1.01855	0.984457	2	0	0
8	67000001	0.988416	0.984457	2	0	0
8	67500001	0.947548	0.984457	2	0	0
8	68000001	0.953038	0.984457	2	0	0
8	68500001	0.986953	0.984457	2	0	0
8	69000001	0.973748	0.984457	2	0	0
8	69500001	0.956202	0.984457	2	0	0
8	70000001	0.986324	0.984457	2	0	0
8	70500001	0.984412	0.984457	2	0	0
8	71000001	0.919048	0.984457	2	0	0
8	71500001	0.893152	0.984457	2	0	0
8	72000001	0.955371	0.984457	2	0	0
8	72500001	0.936831	0.984457	2	0	0
8	73000001	1.03034	0.984457	2	0	0
8	73500001	1.06169	0.984457	2	0	0
8	74000001	0.954842	0.984457	2	0	0
8	74500001	0.966364	0.984457	2	0	0
8	75000001	0.961348	0.984457	2	0	0
8	75500001	0.956714	0.984457	2	0	0
8	76000001	1.04296	0.984457	2	0	0
8	76500001	0.993659	0.984457	2	0	0
8	77000001	1.03628	0.984457	2	0	0
8	77500001	1.02598	0.984457	2	0	0
8	78000001	1.02883	0.984457	2	0	0
8	78500001	1.0341	0.984457	2	0	0
8	79000001	1.04339	0.984457	2	0	0
8	79500001	1.0536	0.984457	2	0	0
8	80000001	1.01928	0.984457	2	0	0
8	80500001	1.06577	0.984457	2	0	0
8	81000001	1.07084	0.984457	2	0	0
8	81500001	1.05042	0.984457	2	0	0
8	82000001	0.933812	0.984457	2	0	0
8	82500001	0.951339	0.984457	2	0	0
8	83000001	0.960007	0.984457	2	0	0
8	83500001	0.909896	0.984457	2	0	0
8	84000001	0.931755	0.984457	2	0	0
8	84500001	0.954819	0.984457	2	0	0
8	85000001	0.85554	0.984457	2	0	0
8	85500001	2.48404	2.48404	5	0	0
8	86000001	0.921667	0.982761	2	0	0
8	86500001	0.878555	0.982761	2	0	0
8	87000001	0.930112	0.982761	2	0	0
8	87500001	0.934231	0.982761	2	0	0
8	88000001	1.01978	0.982761	2	0	0
8	88500001	1.04487	0.982761	2	0	0
8	89000001	1.10179	0.982761	2	0	0
8	89500001	1.09425	0.982761	2	0	0
8	90000001	1.05609	0.982761	2	0	0
8	90500001	0.97356	0.982761	2	0	0
8	91000001	0.934772	0.982761	2	0	0
8	91500001	0.923082	0.982761	2	0	0
8	92000001	0.910427	0.982761	2	0	0
8	92500001	0.940931	0.982761	2	0	0
8	93000001	1.00779	0.982761	2	0	0
8	93500001	1.04045	0.982761	2	0	0
8	94000001	1.0288	0.982761	2	0	0
8	94500001	0.991962	0.982761	2	0	0
8	95000001	1.0032	0.982761	2	0	0
8	95500001	0.97173	0.982761	2	0	0
8	96000001	1.22823	1.42893	3	0	0
8	96500001	1.42023	1.42893	3	0	0
8	97000001	1.43763	1.42893	3	0	0
8	97500001	1.16381	1.42893	3	0	0
8	98000001	1.01634	1.42893	3	0	0
8	98500001	1.09358	1.42893	3	0	0
8	99000001	1.17952	1.42893	3	0	0
8	99500001	1.49091	1.42893	3	0	0
8	100000001	1.65089	1.42893	3	0	0
8	100500001	1.51497	1.42893	3	0	0
8	101000001	1.57955	1.42893	3	0	0
8	101500001	1.4522	1.42893	3	0	0
8	102000001	1.45712	1.42893	3	0	0
8	102500001	1.47652	1.42893	3	0	0
8	103000001	1.45455	1.42893	3	0	0
8	103500001	1.39872	1.42893	3	0	0
8	104000001	1.25596	1.42893	3	0	0
8	104500001	1.39576	1.42893	3	3	0.399447
8	105000001	1.78717	1.79535	4	3	0.399447
8	105500001	1.97525	1.79535	4	3	0.399447
8	106000001	1.94492	1.79535	4	3	0.399447
8	106500001	1.99316	1.79535	4	3	0.399447
8	107000001	1.98857	1.79535	4	3	0.399447
8	107500001	1.76157	1.79535	4	3	0.399447
8	108000001	1.72684	1.79535	4	3	0.399447
8	108500001	1.78738	1.79535	4	3	0.399447
8	109000001	1.88752	1.79535	4	3	0.399447
8	109500001	1.82253	1.79535	4	3	0.399447
8	110000001	1.78694	1.79535	4	3	0.399447
8	110500001	1.7205	1.79535	4	3	0.399447
8	111000001	1.73003	1.79535	4	3	0.399447
8	111500001	1.76516	1.79535	4	3	0.399447
8	112000001	1.74774	1.79535	4	3	0.399447
8	112500001	1.79654	1.79535	4	3	0.399447
8	113000001	1.79535	1.79535	4	3	0.399447
8	113500001	1.72553	1.79535	4	3	0.399447
8	114000001	1.80724	1.79535	4	3	0.399447
8	114500001	1.86011	1.79535	4	3	0.399447
8	115000001	1.92026	1.79535	4	0	0
8	115500001	2.5689	2.48106	5	0	0
8	116000001	2.36464	2.48106	5	0	0
8	116500001	2.35786	2.48106	5	0	0
8	117000001	2.33039	2.48106	5	0	0
8	117500001	2.44473	2.48106	5	0	0
8	118000001	2.51739	2.48106	5	0	0
8	118500001	2.60008	2.48106	5	0	0
8	119000001	2.84251	2.48106	5	0	0
8	119500001	3.55707	3.53062	7	0	0
8	120000001	3.50417	3.53062	7	0	0
8	120500001	3.10907	3.10907	6	0	0
8	121000001	2.45652	2.48886	5	0	0
8	121500001	2.53224	2.48886	5	0	0
8	122000001	2.54727	2.48886	5	0	0
8	122500001	2.52253	2.48886	5	0	0
8	123000001	2.48518	2.48886	5	0	0
8	123500001	2.43452	2.48886	5	0	0
8	124000001	2.43574	2.48886	5	0	0
8	124500001	2.41632	2.48886	5	0	0
8	125000001	2.55297	2.48886	5	0	0
8	125500001	2.55132	2.48886	5	0	0
8	126000001	2.44923	2.48886	5	0	0
8	126500001	2.49789	2.48886	5	0	0
8	127000001	2.60429	2.48886	5	0	0
8	127500001	2.49078	2.48886	5	0	0
8	128000001	2.51708	2.48886	5	0	0
8	128500001	2.45416	2.48886	5	0	0
8	129000001	2.46151	2.48886	5	0	0
8	129500001	2.51821	2.48886	5	0	0
8	130000001	2.48694	2.48886	5	0	0
8	130500001	2.48304	2.48886	5	5	0.502245
8	131000001	2.29418	2.17507	4	5	0.502245
8	131500001	2.30227	2.17507	4	5	0.502245
8	132000001	2.17448	2.17507	4	5	0.502245
8	132500001	2.32363	2.17507	4	5	0.502245
8	133000001	2.43215	2.17507	4	5	0.502245
8	133500001	2.33053	2.17507	4	5	0.502245
8	134000001	2.16602	2.17507	4	5	0.502245
8	134500001	2.3583	2.17507	4	5	0.502245
8	135000001	2.15624	2.17507	4	5	0.502245
8	135500001	2.11041	2.17507	4	5	0.502245
8	136000001	2.1501	2.17507	4	5	0.502245
8	136500001	2.17507	2.17507	4	5	0.502245
8	137000001	2.15668	2.17507	4	5	0.502245
8	137500001	2.17441	2.17507	4	5	0.502245
8	138000001	2.05903	2.17507	4	5	0.502245
8	138500001	2.04236	2.17507	4	5	0.502245
8	139000001	2.1727	2.17507	4	5	0.502245
8	139500001	2.17758	2.17507	4	5	0.502245
8	140000001	2.35766	2.17507	4	5	0.502245
8	140500001	2.67673	2.17507	4	5	0.502245
8	141000001	2.22891	2.17507	4	0	0
8	141500001	1.78711	1.87575	4	0	0
8	142000001	1.73069	1.87575	4	0	0
8	142500001	1.87575	1.87575	4	0	0
8	143000001	1.87623	1.87575	4	0	0
8	143500001	1.92822	1.87575	4	0	0
8	144000001	1.94405	1.87575	4	0	0
8	144500001	1.83991	1.87575	4	0	0
8	145000001	-1	-1	-1	0	0
9	1	0.617718	0.478894	1	0	0
9	500001	0.49578	0.478894	1	0	0
9	1000001	0.492829	0.478894	1	0	0
9	1500001	0.426806	0.478894	1	0	0
9	2000001	0.478266	0.478894	1	0	0
9	2500001	0.49698	0.478894	1	0	0
9	3000001	0.493613	0.478894	1	0	0
9	3500001	0.487964	0.478894	1	0	0
9	4000001	0.494129	0.478894	1	0	0
9	4500001	0.492631	0.478894	1	0	0
9	5000001	0.548424	0.478894	1	0	0
9	5500001	0.541972	0.478894	1	0	0
9	6000001	0.496657	0.478894	1	0	0
9	6500001	0.499324	0.478894	1	0	0
9	7000001	0.449284	0.478894	1	0	0
9	7500001	0.489342	0.478894	1	0	0
9	8000001	0.479402	0.478894	1	0	0
9	8500001	0.454178	0.478894	1	0	0
9	9000001	0.476181	0.478894	1	0	0
9	9500001	0.471976	0.478894	1	0	0
9	10000001	0.473456	0.478894	1	0	0
9	10500001	0.473567	0.478894	1	0	0
9	11000001	0.468144	0.478894	1	0	0
9	11500001	0.445753	0.478894	1	0	0
9	12000001	0.473965	0.478894	1	0	0
9	12500001	0.561532	0.478894	1	0	0
9	13000001	0.513062	0.478894	1	0	0
9	13500001	0.471828	0.478894	1	0	0
9	14000001	0.48015	0.478894	1	0	0
9	14500001	0.499731	0.478894	1	0	0
9	15000001	0.498286	0.478894	1	0	0
9	15500001	0.433468	0.478894	1	0	0
9	16000001	0.455443	0.478894	1	0	0
9	16500001	0.451543	0.478894	1	0	0
9	17000001	0.41057	0.478894	1	0	0
9	17500001	0.15762	0.478894	1	0	0
9	18000001	0.507903	0.478894	1	0	0
9	18500001	0.509925	0.478894	1	0	0
9	19000001	0.519385	0.478894	1	0	0
9	19500001	0.52866	0.478894	1	0	0
9	20000001	0.518254	0.478894	1	0	0
9	20500001	0.512775	0.478894	1	0	0
9	21000001	0.55137	0.478894	1	0	0
9	21500001	0.454692	0.478894	1	0	0
9	22000001	0.478894	0.478894	1	0	0
9	22500001	0.485497	0.478894	1	0	0
9	23000001	0.476409	0.478894	1	0	0
9	23500001	0.475056	0.478894	1	0	0
9	24000001	0.45666	0.478894	1	0	0
9	24500001	0.44816	0.478894	1	0	0
9	25000001	0.461266	0.478894	1	0	0
9	25500001	0.484816	0.478894	1	0	0
9	26000001	0.466293	0.478894	1	0	0
9	26500001	0.46291	0.478894	1	0	0
9	27000001	0.468395	0.478894	1	0	0
9	27500001	0.467082	0.478894	1	0	0
9	28000001	0.435658	0.478894	1	0	0
9	28500001	0.478098	0.478894	1	0	0
9	29000001	0.489092	0.478894	1	0	0
9	29500001	0.978813	1.02746	2	0	0
9	30000001	0.995203	1.02746	2	0	0
9	30500001	1.01835	1.02746	2	0	0
9	31000001	1.02214	1.02746	2	0	0
9	31500001	1.07621	1.02746	2	0	0
9	32000001	1.02464	1.02746	2	0	0
9	32500001	0.973298	1.02746	2	0	0
9	33000001	1.15084	1.02746	2	0	0
9	33500001	1.08981	1.02746	2	0	0
9	34000001	1.03573	1.02746	2	0	0
9	34500001	0.99411	1.02746	2	0	0
9	35000001	1.00579	1.02746	2	0	0
9	35500001	0.990929	1.02746	2	0	0
9	36000001	1.01224	1.02746	2	0	0
9	36500001	1.03358	1.02746	2	0	0
9	37000001	1.04256	1.02746	2	0	0
9	37500001	1.03028	1.02746	2	0	0
9	38000001	0.989351	1.02746	2	0	0
9	38500001	1.07827	1.02746	2	0	0
9	39000001	1.01805	1.02746	2	0	0
9	39500001	1.19736	1.02746	2	0	0
9	40000001	0.907876	1.02746	2	0	0
9	40500001	1.28229	1.02746	2	0	0
9	41000001	1.42271	1.02746	2	0	0
9	41500001	1.23578	1.02746	2	0	0
9	42000001	1.03902	1.02746	2	0	0
9	42500001	0.865402	1.02746	2	0	0
9	43000001	1.24166	1.02746	2	0	0
9	43500001	2.50641	2.50641	5	0	0
9	44000001	1.86182	1.86182	4	0	0
9	44500001	1.37327	1.37327	3	0	0
9	45000001	1.00357	0.988394	2	0	0
9	45500001	-1	0.988394	2	0	0
9	46000001	-1	0.988394	2	0	0
9	46500001	-1	0.988394	2	0	0
9	47000001	-1	0.988394	2	0	0
9	47500001	-1	0.988394	2	0	0
9	48000001	-1	0.988394	2	0	0
9	48500001	-1	0.988394	2	0	0
9	49000001	-1	0.988394	2	0	0
9	49500001	-1	0.988394	2	0	0
9	50000001	-1	0.988394	2	0	0
9	50500001	-1	0.988394	2	0	0
9	51000001	-1	0.988394	2	0	0
9	51500001	-1	0.988394	2	0	0
9	52000001	-1	0.988394	2	0	0
9	52500001	-1	0.988394	2	0	0
9	53000001	-1	0.988394	2	0	0
9	53500001	-1	0.988394	2	0	0
9	54000001	-1	0.988394	2	0	0
9	54500001	-1	0.988394	2	0	0
9	55000001	-1	0.988394	2	0	0
9	55500001	-1	0.988394	2	0	0
9	56000001	-1	0.988394	2	0	0
9	56500001	-1	0.988394	2	0	0
9	57000001	-1	0.988394	2	0	0
9	57500001	-1	0.988394	2	0	0
9	58000001	-1	0.988394	2	0	0
9	58500001	-1	0.988394	2	0	0
9	59000001	-1	0.988394	2	0	0
9	59500001	-1	0.988394	2	0	0
9	60000001	-1	0.988394	2	0	0
9	60500001	-1	0.988394	2	0	0
9	61000001	-1	0.988394	2	0	0
9	61500001	0.860144	0.988394	2	0	0
9	62000001	-1	0.988394	2	0	0
9	62500001	-1	0.988394	2	0	0
9	63000001	0.733783	0.988394	2	0	0
9	63500001	-1	0.988394	2	0	0
9	64000001	-1	0.988394	2	0	0
9	64500001	0.807969	0.988394	2	0	0
9	65000001	-1	0.988394	2	0	0
9	65500001	0.991231	0.988394	2	0	0
9	66000001	-1	0.988394	2	0	0
9	66500001	-1	0.988394	2	0	0
9	67000001	1.05825	0.988394	2	0	0
9	67500001	-1	0.988394	2	0	0
9	68000001	-1	0.988394	2	0	0
9	68500001	0.917127	0.988394	2	0	0
9	69000001	0.921806	0.988394	2	0	0
9	69500001	0.954636	0.988394	2	0	0
9	70000001	0.976782	0.988394	2	0	0
9	70500001	0.930376	0.988394	2	0	0
9	71000001	0.995969	0.988394	2	0	0
9	71500001	1.0417	0.988394	2	0	0
9	72000001	1.05877	0.988394	2	0	0
9	72500001	1.10607	0.988394	2	0	0
9	73000001	1.13239	0.988394	2	0	0
9	73500001	1.04594	0.988394	2	0	0
9	74000001	1.06108	0.988394	2	0	0
9	74500001	1.01104	0.988394	2	0	0
9	75000001	0.996964	0.988394	2	0	0
9	75500001	0.937159	0.988394	2	0	0
9	76000001	1.00366	0.988394	2	0	0
9	76500001	0.951482	0.988394	2	0	0
9	77000001	0.948157	0.988394	2	0	0
9	77500001	0.985714	0.988394	2	0	0
9	78000001	1.06413	0.988394	2	0	0
9	78500001	1.03241	0.988394	2	0	0
9	79000001	1.03685	0.988394	2	0	0
9	79500001	0.988394	0.988394	2	0	0
9	80000001	1.00206	0.988394	2	0	0
9	80500001	1.01379	0.988394	2	0	0
9	81000001	1.02433	0.988394	2	0	0
9	81500001	0.954935	0.988394	2	0	0
9	82000001	1.03972	0.988394	2	0	0
9	82500001	0.998147	0.988394	2	0	0
9	83000001	1.01276	0.988394	2	0	0
9	83500001	0.955439	0.988394	2	0	0
9	84000001	0.86447	0.988394	2	0	0
9	84500001	0.925932	0.988394	2	0	0
9	85000001	0.913376	0.988394	2	0	0
9	85500001	0.95093	0.988394	2	0	0
9	86000001	0.974195	0.988394	2	0	0
9	86500001	0.960103	0.988394	2	0	0
9	87000001	0.867744	0.988394	2	0	0
9	87500001	0.916649	0.988394	2	0	0
9	88000001	0.956636	0.988394	2	0	0
9	88500001	0.971222	0.988394	2	0	0
9	89000001	0.906725	0.988394	2	0	0
9	89500001	0.946549	0.988394	2	0	0
9	90000001	0.977304	0.988394	2	0	0
9	90500001	0.994399	0.988394	2	0	0
9	91000001	1.05879	0.988394	2	0	0
9	91500001	0.938002	0.988394	2	0	0
9	92000001	0.991054	0.988394	2	0	0
9	92500001	0.958763	0.988394	2	0	0
9	93000001	0.965219	0.988394	2	0	0
9	93500001	0.983722	0.988394	2	0	0
9	94000001	0.981899	0.988394	2	0	0
9	94500001	1.03857	0.988394	2	0	0
9	95000001	1.0081	0.988394	2	0	0
9	95500001	0.972727	0.988394	2	0	0
9	96000001	0.993986	0.988394	2	0	0
9	96500001	1.04464	0.988394	2	0	0
9	97000001	1.04534	0.988394	2	0	0
9	97500001	1.08565	0.988394	2	0	0
9	98000001	0.997618	0.988394	2	0	0
9	98500001	0.950162	0.988394	2	0	0
9	99000001	0.915087	0.988394	2	0	0
9	99500001	0.947252	0.988394	2	0	0
9	100000001	0.982294	0.988394	2	0	0
9	100500001	0.919998	0.988394	2	0	0
9	101000001	0.980166	0.988394	2	0	0
9	101500001	0.951882	0.988394	2	0	0
9	102000001	1.00461	0.988394	2	0	0
9	102500001	1.0057	0.988394	2	0	0
9	103000001	0.982945	0.988394	2	0	0
9	103500001	0.964504	0.988394	2	0	0
9	104000001	0.977724	0.988394	2	0	0
9	104500001	0.995543	0.988394	2	0	0
9	105000001	0.990715	0.988394	2	0	0
9	105500001	0.974872	0.988394	2	0	0
9	106000001	0.958426	0.988394	2	0	0
9	106500001	0.987124	0.988394	2	0	0
9	107000001	1.04026	0.988394	2	0	0
9	107500001	1.02159	0.988394	2	0	0
9	108000001	1.10872	0.988394	2	0	0
9	108500001	1.06714	0.988394	2	0	0
9	109000001	1.09064	0.988394	2	0	0
9	109500001	1.05384	0.988394	2	0	0
9	110000001	1.08524	0.988394	2	0	0
9	110500001	1.07618	0.988394	2	0	0
9	111000001	1.04381	0.988394	2	0	0
9	111500001	1.0973	0.988394	2	0	0
9	112000001	1.30102	0.988394	2	0	0
9	112500001	1.01917	0.988394	2	0	0
9	113000001	1.01688	0.988394	2	0	0
9	113500001	1.01752	0.988394	2	0	0
9	114000001	1.03165	0.988394	2	0	0
9	114500001	1.0247	0.988394	2	0	0
9	115000001	1.06068	0.988394	2	0	0
9	115500001	1.03174	0.988394	2	0	0
9	116000001	0.964253	0.988394	2	0	0
9	116500001	0.95872	0.988394	2	0	0
9	117000001	0.972103	0.988394	2	0	0
9	117500001	0.9449	0.988394	2	0	0
9	118000001	0.944345	0.988394	2	0	0
9	118500001	0.881188	0.988394	2	0	0
9	119000001	0.85783	0.988394	2	0	0
9	119500001	0.953133	0.988394	2	0	0
9	120000001	0.980707	0.988394	2	0	0
9	120500001	1.05445	0.988394	2	0	0
9	121000001	0.567022	0.544839	1	0	0
9	121500001	0.522655	0.544839	1	0	0
9	122000001	0.864253	0.984405	2	0	0
9	122500001	0.968862	0.984405	2	0	0
9	123000001	0.975256	0.984405	2	0	0
9	123500001	1.03707	0.984405	2	0	0
9	124000001	0.994004	0.984405	2	0	0
9	124500001	0.986402	0.984405	2	0	0
9	125000001	0.992048	0.984405	2	0	0
9	125500001	0.978524	0.984405	2	0	0
9	126000001	0.95035	0.984405	2	0	0
9	126500001	1.01191	0.984405	2	0	0
9	127000001	0.996897	0.984405	2	0	0
9	127500001	1.06097	0.984405	2	0	0
9	128000001	0.99102	0.984405	2	0	0
9	128500001	1.00637	0.984405	2	0	0
9	129000001	0.957811	0.984405	2	0	0
9	129500001	1.043	0.984405	2	0	0
9	130000001	0.950228	0.984405	2	0	0
9	130500001	0.98674	0.984405	2	0	0
9	131000001	0.990784	0.984405	2	0	0
9	131500001	0.996737	0.984405	2	0	0
9	132000001	0.958757	0.984405	2	0	0
9	132500001	1.00456	0.984405	2	0	0
9	133000001	0.928601	0.984405	2	0	0
9	133500001	0.971444	0.984405	2	0	0
9	134000001	0.982408	0.984405	2	0	0
9	134500001	0.978164	0.984405	2	0	0
9	135000001	0.93766	0.984405	2	0	0
9	135500001	0.915501	0.984405	2	0	0
9	136000001	0.996532	0.984405	2	0	0
9	136500001	1.00416	0.984405	2	0	0
9	137000001	0.939745	0.984405	2	0	0
9	137500001	0.978321	0.984405	2	0	0
9	138000001	-1	-1	-1	0	0
GL000008.2	1	0.579415	0.579415	1	0	0
GL000009.2	1	0.294956	0.294956	1	0	0
GL000194.1	1	0.485132	0.485132	1	0	0
GL000195.1	1	0.484204	0.484204	1	0	0
GL000205.2	1	0.728889	0.728889	1	0	0
GL000208.1	1	0.802582	0.802582	2	0	0
GL000213.1	1	0.151794	0.151794	0	0	0
GL000214.1	1	1.68854	1.68854	3	0	0
GL000216.2	1	1.20314	1.20314	2	0	0
GL000218.1	1	0.242829	0.242829	0	0	0
GL000219.1	1	0.455876	0.455876	1	0	0
GL000220.1	1	1.57232	1.57232	3	0	0
GL000221.1	1	0.575273	0.575273	1	0	0
GL000224.1	1	1.7728	1.7728	4	0	0
GL000225.1	1	1.35206	1.35206	3	0	0
GL000226.1	1	0.833136	0.833136	2	0	0
KI270302.1	1	0.00340616	0.00340616	0	0	0
KI270303.1	1	0.00250133	0.00250133	0	0	0
KI270304.1	1	0.000502147	0.000502147	0	0	0
KI270305.1	1	0.00292764	0.00292764	0	0	0
KI270310.1	1	0.013038	0.013038	0	0	0
KI270311.1	1	-1	-1	-1	0	0
KI270312.1	1	0.00208174	0.00208174	0	0	0
KI270315.1	1	0.00917107	0.00917107	0	0	0
KI270316.1	1	0.00101802	0.00101802	0	0	0
KI270317.1	1	-1	-1	-1	0	0
KI270320.1	1	0.00728932	0.00728932	0	0	0
KI270322.1	1	-1	-1	-1	0	0
KI270329.1	1	0.00725421	0.00725421	0	0	0
KI270330.1	1	0.0717692	0.0717692	0	0	0
KI270333.1	1	0.190349	0.190349	0	0	0
KI270334.1	1	0.000993013	0.000993013	0	0	0
KI270335.1	1	0.000986359	0.000986359	0	0	0
KI270336.1	1	0.0314616	0.0314616	0	0	0
KI270337.1	1	0.251634	0.251634	1	0	0
KI270338.1	1	0.00344987	0.00344987	0	0	0
KI270340.1	1	0.00148384	0.00148384	0	0	0
KI270362.1	1	0.00845713	0.00845713	0	0	0
KI270363.1	1	0.0040682	0.0040682	0	0	0
KI270364.1	1	0.012145	0.012145	0	0	0
KI270366.1	1	0.0396089	0.0396089	0	0	0
KI270371.1	1	0.00103897	0.00103897	0	0	0
KI270372.1	1	0.00107173	0.00107173	0	0	0
KI270373.1	1	0.000505512	0.000505512	0	0	0
KI270374.1	1	0.00157044	0.00157044	0	0	0
KI270375.1	1	0.00265305	0.00265305	0	0	0
KI270376.1	1	0	0	0	0	0
KI270378.1	1	0.000506661	0.000506661	0	0	0
KI270379.1	1	0	0	0	0	0
KI270381.1	1	0.00410507	0.00410507	0	0	0
KI270382.1	1	0.0041563	0.0041563	0	0	0
KI270383.1	1	0	0	0	0	0
KI270384.1	1	0.00312029	0.00312029	0	0	0
KI270385.1	1	0	0	0	0	0
KI270386.1	1	0	0	0	0	0
KI270387.1	1	0.0105478	0.0105478	0	0	0
KI270388.1	1	0	0	0	0	0
KI270389.1	1	0.00623295	0.00623295	0	0	0
KI270390.1	1	0.0067714	0.0067714	0	0	0
KI270391.1	1	0	0	0	0	0
KI270392.1	1	0	0	0	0	0
KI270393.1	1	0.00102727	0.00102727	0	0	0
KI270394.1	1	0.00418486	0.00418486	0	0	0
KI270395.1	1	0.0182582	0.0182582	0	0	0
KI270396.1	1	0.000517518	0.000517518	0	0	0
KI270411.1	1	0.00925229	0.00925229	0	0	0
KI270412.1	1	0.00458056	0.00458056	0	0	0
KI270414.1	1	0.00615982	0.00615982	0	0	0
KI270417.1	1	0.00790358	0.00790358	0	0	0
KI270418.1	1	0.0114366	0.0114366	0	0	0
KI270419.1	1	0.00504912	0.00504912	0	0	0
KI270420.1	1	0.0118317	0.0118317	0	0	0
KI270422.1	1	0.0114054	0.0114054	0	0	0
KI270423.1	1	0.00649957	0.00649957	0	0	0
KI270424.1	1	0.00209274	0.00209274	0	0	0
KI270425.1	1	0.00202046	0.00202046	0	0	0
KI270429.1	1	0.00680122	0.00680122	0	0	0
KI270435.1	1	0.399595	0.399595	1	0	0
KI270438.1	1	-1	-1	-1	0	0
KI270442.1	1	1.71332	1.71332	3	0	0
KI270448.1	1	0.0243244	0.0243244	0	0	0
KI270465.1	1	0.00258394	0.00258394	0	0	0
KI270466.1	1	0.00831031	0.00831031	0	0	0
KI270467.1	1	0.0308074	0.0308074	0	0	0
KI270468.1	1	0.00996703	0.00996703	0	0	0
KI270507.1	1	0.0339656	0.0339656	0	0	0
KI270508.1	1	0.0204385	0.0204385	0	0	0
KI270509.1	1	0.0218219	0.0218219	0	0	0
KI270510.1	1	0.0286837	0.0286837	0	0	0
KI270511.1	1	0.0376078	0.0376078	0	0	0
KI270512.1	1	0.0737494	0.0737494	0	0	0
KI270515.1	1	0.0508344	0.0508344	0	0	0
KI270516.1	1	0.0105842	0.0105842	0	0	0
KI270517.1	1	0.0228865	0.0228865	0	0	0
KI270518.1	1	0.0227558	0.0227558	0	0	0
KI270519.1	1	0.620919	0.620919	1	0	0
KI270521.1	1	0.0289213	0.0289213	0	0	0
KI270522.1	1	0.0177118	0.0177118	0	0	0
KI270528.1	1	0.00536589	0.00536589	0	0	0
KI270529.1	1	0.00302773	0.00302773	0	0	0
KI270530.1	1	0.00455156	0.00455156	0	0	0
KI270538.1	1	-1	-1	-1	0	0
KI270539.1	1	0.00154984	0.00154984	0	0	0
KI270544.1	1	0.0125733	0.0125733	0	0	0
KI270548.1	1	0	0	0	0	0
KI270579.1	1	0.00895441	0.00895441	0	0	0
KI270580.1	1	0.0107643	0.0107643	0	0	0
KI270581.1	1	0.0218149	0.0218149	0	0	0
KI270582.1	1	0.00199782	0.00199782	0	0	0
KI270583.1	1	0.00639684	0.00639684	0	0	0
KI270584.1	1	0.0285239	0.0285239	0	0	0
KI270587.1	1	0.030874	0.030874	0	0	0
KI270588.1	1	0.0100617	0.0100617	0	0	0
KI270589.1	1	-1	-1	-1	0	0
KI270590.1	1	0.0232926	0.0232926	0	0	0
KI270591.1	1	0.0181735	0.0181735	0	0	0
KI270593.1	1	0.00522422	0.00522422	0	0	0
KI270706.1	1	0.266376	0.266376	1	0	0
KI270707.1	1	0.0360006	0.0360006	0	0	0
KI270708.1	1	0.143766	0.143766	0	0	0
KI270709.1	1	0.932985	0.932985	2	0	0
KI270710.1	1	0.0517133	0.0517133	0	0	0
KI270711.1	1	0.325664	0.325664	1	0	0
KI270712.1	1	0.387852	0.387852	1	0	0
KI270713.1	1	0.150023	0.150023	0	0	0
KI270714.1	1	0.0707814	0.0707814	0	0	0
KI270715.1	1	0.133187	0.133187	0	0	0
KI270716.1	1	0.136723	0.136723	0	0	0
KI270717.1	1	0.0612056	0.0612056	0	0	0
KI270718.1	1	0.107729	0.107729	0	0	0
KI270719.1	1	0.40941	0.40941	1	0	0
KI270720.1	1	0.146088	0.146088	0	0	0
KI270721.1	1	0.0399667	0.0399667	0	0	0
KI270722.1	1	0.0721484	0.0721484	0	0	0
KI270723.1	1	0.0673208	0.0673208	0	0	0
KI270724.1	1	0.0736547	0.0736547	0	0	0
KI270725.1	1	0.380847	0.380847	1	0	0
KI270726.1	1	0.169324	0.169324	0	0	0
KI270727.1	1	2.3329	2.3329	5	0	0
KI270728.1	1	-1	0.436523	1	0	0
KI270728.1	500001	0.436523	0.436523	1	0	0
KI270728.1	1000001	0.663164	0.436523	1	0	0
KI270728.1	1500001	0.419142	0.436523	1	0	0
KI270729.1	1	2.46118	2.46118	5	0	0
KI270730.1	1	0.332304	0.332304	1	0	0
KI270731.1	1	0.174214	0.174214	0	0	0
KI270732.1	1	0.0678334	0.0678334	0	0	0
KI270733.1	1	1.98799	1.98799	4	0	0
KI270734.1	1	0.227076	0.227076	0	0	0
KI270735.1	1	0.33548	0.33548	1	0	0
KI270736.1	1	0.415471	0.415471	1	0	0
KI270737.1	1	0.174684	0.174684	0	0	0
KI270738.1	1	0.234455	0.234455	0	0	0
KI270739.1	1	0.0622535	0.0622535	0	0	0
KI270740.1	1	0	0	0	0	0
KI270741.1	1	0.180776	0.180776	0	0	0
KI270742.1	1	0.722255	0.722255	1	0	0
KI270743.1	1	0.170978	0.170978	0	0	0
KI270744.1	1	1.71821	1.71821	3	0	0
KI270745.1	1	0.0811319	0.0811319	0	0	0
KI270746.1	1	0.118246	0.118246	0	0	0
KI270747.1	1	0.313099	0.313099	1	0	0
KI270748.1	1	0.121559	0.121559	0	0	0
KI270749.1	1	0.42831	0.42831	1	0	0
KI270750.1	1	0.349055	0.349055	1	0	0
KI270751.1	1	0.518444	0.518444	1	0	0
KI270752.1	1	0	0	0	0	0
KI270753.1	1	0.109066	0.109066	0	0	0
KI270754.1	1	0.0412354	0.0412354	0	0	0
KI270755.1	1	0.0338791	0.0338791	0	0	0
KI270756.1	1	0.163951	0.163951	0	0	0
KI270757.1	1	0.44663	0.44663	1	0	0
MT	1	15.644	15.644	31	0	0
X	1	-1	-1	-1	0	0
X	500001	0.456811	0.498576	1	0	0
X	1000001	0.467358	0.498576	1	0	0
X	1500001	0.472216	0.498576	1	0	0
X	2000001	-1	0.498576	1	0	0
X	2500001	0.486618	0.498576	1	0	0
X	3000001	0.500558	0.498576	1	0	0
X	3500001	0.48904	0.498576	1	0	0
X	4000001	0.502468	0.498576	1	0	0
X	4500001	0.514454	0.498576	1	0	0
X	5000001	0.525076	0.498576	1	0	0
X	5500001	0.486288	0.498576	1	0	0
X	6000001	0.522644	0.498576	1	0	0
X	6500001	0.479496	0.498576	1	0	0
X	7000001	0.483827	0.498576	1	0	0
X	7500001	0.485668	0.498576	1	0	0
X	8000001	0.459492	0.498576	1	0	0
X	8500001	0.498225	0.498576	1	0	0
X	9000001	0.485744	0.498576	1	0	0
X	9500001	0.487333	0.498576	1	0	0
X	10000001	0.51703	0.498576	1	0	0
X	10500001	0.47894	0.498576	1	0	0
X	11000001	0.497935	0.498576	1	0	0
X	11500001	0.519508	0.498576	1	0	0
X	12000001	0.527507	0.498576	1	0	0
X	12500001	0.498961	0.498576	1	0	0
X	13000001	0.587615	0.498576	1	0	0
X	13500001	0.514737	0.498576	1	0	0
X	14000001	0.519134	0.498576	1	0	0
X	14500001	0.555483	0.498576	1	0	0
X	15000001	0.48217	0.498576	1	0	0
X	15500001	0.517686	0.498576	1	0	0
X	16000001	0.52506	0.498576	1	0	0
X	16500001	0.490973	0.498576	1	0	0
X	17000001	0.494241	0.498576	1	0	0
X	17500001	0.472203	0.498576	1	0	0
X	18000001	0.459755	0.498576	1	0	0
X	18500001	0.470183	0.498576	1	0	0
X	19000001	0.460417	0.498576	1	0	0
X	19500001	0.478733	0.498576	1	0	0
X	20000001	0.512509	0.498576	1	0	0
X	20500001	0.478508	0.498576	1	0	0
X	21000001	0.493372	0.498576	1	0	0
X	21500001	0.493524	0.498576	1	0	0
X	22000001	0.517761	0.498576	1	0	0
X	22500001	0.518931	0.498576	1	0	0
X	23000001	0.518916	0.498576	1	0	0
X	23500001	0.545756	0.498576	1	0	0
X	24000001	0.522625	0.498576	1	0	0
X	24500001	0.512968	0.498576	1	0	0
X	25000001	0.457074	0.498576	1	0	0
X	25500001	0.529586	0.498576	1	0	0
X	26000001	0.502334	0.498576	1	0	0
X	26500001	0.482044	0.498576	1	0	0
X	27000001	0.540706	0.498576	1	0	0
X	27500001	0.494641	0.498576	1	0	0
X	28000001	0.595606	0.498576	1	0	0
X	28500001	0.515574	0.498576	1	0	0
X	29000001	0.473292	0.498576	1	0	0
X	29500001	0.520245	0.498576	1	0	0
X	30000001	0.483227	0.498576	1	0	0
X	30500001	0.513601	0.498576	1	0	0
X	31000001	0.511878	0.498576	1	0	0
X	31500001	0.487846	0.498576	1	0	0
X	32000001	0.481104	0.498576	1	0	0
X	32500001	0.489011	0.498576	1	0	0
X	33000001	0.523191	0.498576	1	0	0
X	33500001	0.472253	0.498576	1	0	0
X	34000001	0.49485	0.498576	1	0	0
X	34500001	0.525422	0.498576	1	0	0
X	35000001	0.548	0.498576	1	0	0
X	35500001	0.530844	0.498576	1	0	0
X	36000001	0.510445	0.498576	1	0	0
X	36500001	0.477169	0.498576	1	0	0
X	37000001	-1	0.498576	1	0	0
X	37500001	0.512913	0.498576	1	0	0
X	38000001	0.502773	0.498576	1	0	0
X	38500001	0.511005	0.498576	1	0	0
X	39000001	0.48169	0.498576	1	0	0
X	39500001	0.500844	0.498576	1	0	0
X	40000001	0.480586	0.498576	1	0	0
X	40500001	0.525503	0.498576	1	0	0
X	41000001	0.510162	0.498576	1	0	0
X	41500001	0.50677	0.498576	1	0	0
X	42000001	0.515156	0.498576	1	0	0
X	42500001	0.498815	0.498576	1	0	0
X	43000001	0.464743	0.498576	1	0	0
X	43500001	0.506991	0.498576	1	0	0
X	44000001	0.498576	0.498576	1	0	0
X	44500001	0.503752	0.498576	1	0	0
X	45000001	0.542758	0.498576	1	0	0
X	45500001	0.548491	0.498576	1	0	0
X	46000001	0.58706	0.498576	1	0	0
X	46500001	0.495561	0.498576	1	0	0
X	47000001	0.49585	0.498576	1	0	0
X	47500001	0.498715	0.498576	1	0	0
X	48000001	0.479159	0.498576	1	0	0
X	48500001	0.498325	0.498576	1	0	0
X	49000001	-1	0.498576	1	0	0
X	49500001	0.545378	0.498576	1	0	0
X	50000001	0.456027	0.498576	1	0	0
X	50500001	0.439357	0.498576	1	0	0
X	51000001	0.471141	0.498576	1	0	0
X	51500001	0.475222	0.498576	1	0	0
X	52000001	0.461152	0.498576	1	0	0
X	52500001	0.48193	0.498576	1	0	0
X	53000001	0.505193	0.498576	1	0	0
X	53500001	0.533519	0.498576	1	0	0
X	54000001	0.506903	0.498576	1	0	0
X	54500001	0.504853	0.498576	1	0	0
X	55000001	0.45955	0.498576	1	0	0
X	55500001	0.505024	0.498576	1	0	0
X	56000001	0.472746	0.498576	1	0	0
X	56500001	0.462595	0.498576	1	0	0
X	57000001	0.478472	0.498576	1	0	0
X	57500001	0.481197	0.498576	1	0	0
X	58000001	0.461129	0.498576	1	0	0
X	58500001	0.41955	0.351681	1	0	0
X	59000001	0.410465	0.351681	1	0	0
X	59500001	0.320389	0.351681	1	0	0
X	60000001	0.35043	0.351681	1	0	0
X	60500001	0.34306	0.351681	1	0	0
X	61000001	0.352933	0.351681	1	0	0
X	61500001	0.31693	0.351681	1	0	0
X	62000001	0.390964	0.351681	1	0	0
X	62500001	0.495179	0.474117	1	0	0
X	63000001	0.496669	0.474117	1	0	0
X	63500001	0.472889	0.474117	1	0	0
X	64000001	0.446085	0.474117	1	0	0
X	64500001	0.452645	0.474117	1	0	0
X	65000001	0.47594	0.474117	1	0	0
X	65500001	0.474175	0.474117	1	0	0
X	66000001	0.47574	0.474117	1	0	0
X	66500001	0.501852	0.474117	1	0	0
X	67000001	0.459154	0.474117	1	0	0
X	67500001	0.497386	0.474117	1	0	0
X	68000001	0.514115	0.474117	1	0	0
X	68500001	0.514361	0.474117	1	0	0
X	69000001	0.49075	0.474117	1	0	0
X	69500001	0.494489	0.474117	1	0	0
X	70000001	0.506793	0.474117	1	0	0
X	70500001	0.472798	0.474117	1	0	0
X	71000001	0.502353	0.474117	1	0	0
X	71500001	0.509269	0.474117	1	0	0
X	72000001	0.5206	0.474117	1	0	0
X	72500001	0.484935	0.474117	1	0	0
X	73000001	0.498038	0.474117	1	0	0
X	73500001	0.517427	0.474117	1	0	0
X	74000001	0.521231	0.474117	1	0	0
X	74500001	0.482135	0.474117	1	0	0
X	75000001	0.510634	0.474117	1	0	0
X	75500001	0.516989	0.474117	1	0	0
X	76000001	0.481112	0.474117	1	0	0
X	76500001	0.473038	0.474117	1	0	0
X	77000001	0.486796	0.474117	1	0	0
X	77500001	0.47013	0.474117	1	0	0
X	78000001	0.469403	0.474117	1	0	0
X	78500001	0.488978	0.474117	1	0	0
X	79000001	0.469064	0.474117	1	0	0
X	79500001	0.491284	0.474117	1	0	0
X	80000001	0.458278	0.474117	1	0	0
X	80500001	0.455187	0.474117	1	0	0
X	81000001	0.496711	0.474117	1	0	0
X	81500001	0.467531	0.474117	1	0	0
X	82000001	0.464675	0.474117	1	0	0
X	82500001	0.491366	0.474117	1	0	0
X	83000001	0.475871	0.474117	1	0	0
X	83500001	0.459795	0.474117	1	0	0
X	84000001	0.46703	0.474117	1	0	0
X	84500001	0.474058	0.474117	1	0	0
X	85000001	0.471787	0.474117	1	0	0
X	85500001	0.4736	0.474117	1	0	0
X	86000001	0.465051	0.474117	1	0	0
X	86500001	0.493033	0.474117	1	0	0
X	87000001	0.501431	0.474117	1	0	0
X	87500001	0.534167	0.474117	1	0	0
X	88000001	0.504615	0.474117	1	0	0
X	88500001	0.514562	0.474117	1	0	0
X	89000001	0.455505	0.474117	1	0	0
X	89500001	0.473704	0.474117	1	0	0
X	90000001	0.445324	0.474117	1	0	0
X	90500001	0.401512	0.474117	1	0	0
X	91000001	0.453761	0.474117	1	0	0
X	91500001	0.452107	0.474117	1	0	0
X	92000001	0.447107	0.474117	1	0	0
X	92500001	0.447533	0.474117	1	0	0
X	93000001	0.448717	0.474117	1	0	0
X	93500001	0.480194	0.474117	1	0	0
X	94000001	0.470876	0.474117	1	0	0
X	94500001	0.458009	0.474117	1	0	0
X	95000001	0.434446	0.474117	1	0	0
X	95500001	0.463096	0.474117	1	0	0
X	96000001	0.483017	0.474117	1	0	0
X	96500001	0.425475	0.474117	1	0	0
X	97000001	0.428409	0.474117	1	0	0
X	97500001	0.440445	0.474117	1	0	0
X	98000001	0.452398	0.474117	1	0	0
X	98500001	0.447399	0.474117	1	0	0
X	99000001	0.486151	0.474117	1	0	0
X	99500001	0.484834	0.474117	1	0	0
X	100000001	0.459586	0.474117	1	0	0
X	100500001	0.517136	0.474117	1	0	0
X	101000001	0.478443	0.474117	1	0	0
X	101500001	0.45322	0.474117	1	0	0
X	102000001	0.457936	0.474117	1	0	0
X	102500001	0.481422	0.474117	1	0	0
X	103000001	0.464537	0.474117	1	0	0
X	103500001	0.506919	0.501395	1	0	0
X	104000001	0.52143	0.501395	1	0	0
X	104500001	0.516956	0.501395	1	0	0
X	105000001	0.508267	0.501395	1	0	0
X	105500001	0.519842	0.501395	1	0	0
X	106000001	0.512991	0.501395	1	0	0
X	106500001	0.545619	0.501395	1	0	0
X	107000001	0.496753	0.501395	1	0	0
X	107500001	0.493887	0.501395	1	0	0
X	108000001	0.524307	0.501395	1	0	0
X	108500001	0.505417	0.501395	1	0	0
X	109000001	0.523402	0.501395	1	0	0
X	109500001	0.530462	0.501395	1	0	0
X	110000001	0.513295	0.501395	1	0	0
X	110500001	0.535307	0.501395	1	0	0
X	111000001	0.470211	0.501395	1	0	0
X	111500001	0.482591	0.501395	1	0	0
X	112000001	0.448799	0.501395	1	0	0
X	112500001	0.47997	0.501395	1	0	0
X	113000001	0.455408	0.501395	1	0	0
X	113500001	0.520676	0.501395	1	0	0
X	114000001	0.513657	0.501395	1	0	0
X	114500001	0.509813	0.501395	1	0	0
X	115000001	0.537816	0.501395	1	0	0
X	115500001	-1	0.501395	1	0	0
X	116000001	0.542416	0.501395	1	0	0
X	116500001	0.464909	0.501395	1	0	0
X	117000001	0.495793	0.501395	1	0	0
X	117500001	0.530473	0.501395	1	0	0
X	118000001	0.570636	0.501395	1	0	0
X	118500001	0.513978	0.501395	1	0	0
X	119000001	0.499138	0.501395	1	0	0
X	119500001	0.479621	0.501395	1	0	0
X	120000001	0.52214	0.501395	1	0	0
X	120500001	0.439231	0.501395	1	0	0
X	121000001	0.49082	0.501395	1	0	0
X	121500001	0.484853	0.501395	1	0	0
X	122000001	0.488772	0.501395	1	0	0
X	122500001	0.478019	0.501395	1	0	0
X	123000001	0.482961	0.501395	1	0	0
X	123500001	0.489753	0.501395	1	0	0
X	124000001	0.530797	0.501395	1	0	0
X	124500001	0.529341	0.501395	1	0	0
X	125000001	0.476812	0.501395	1	0	0
X	125500001	0.510172	0.501395	1	0	0
X	126000001	0.498673	0.501395	1	0	0
X	126500001	0.456428	0.501395	1	0	0
X	127000001	0.48793	0.501395	1	0	0
X	127500001	0.474274	0.501395	1	0	0
X	128000001	0.485401	0.501395	1	0	0
X	128500001	0.469582	0.501395	1	0	0
X	129000001	0.512956	0.501395	1	0	0
X	129500001	0.515778	0.501395	1	0	0
X	130000001	0.498657	0.501395	1	0	0
X	130500001	0.498263	0.501395	1	0	0
X	131000001	0.481935	0.501395	1	0	0
X	131500001	0.501395	0.501395	1	0	0
X	132000001	0.517486	0.501395	1	0	0
X	132500001	0.814104	0.814104	2	0	0
X	133000001	1.50345	1.50345	3	0	0
X	133500001	0.930691	0.930691	2	0	0
X	134000001	0.509573	0.495295	1	0	0
X	134500001	0.504815	0.495295	1	0	0
X	135000001	0.498621	0.495295	1	0	0
X	135500001	0.515197	0.495295	1	0	0
X	136000001	0.546211	0.495295	1	0	0
X	136500001	0.478638	0.495295	1	0	0
X	137000001	0.495069	0.495295	1	0	0
X	137500001	0.46587	0.495295	1	0	0
X	138000001	0.476958	0.495295	1	0	0
X	138500001	0.545884	0.495295	1	0	0
X	139000001	0.510387	0.495295	1	0	0
X	139500001	0.491872	0.495295	1	0	0
X	140000001	0.471312	0.495295	1	0	0
X	140500001	0.474082	0.495295	1	0	0
X	141000001	0.526198	0.495295	1	0	0
X	141500001	0.489753	0.495295	1	0	0
X	142000001	0.523423	0.495295	1	0	0
X	142500001	0.469159	0.495295	1	0	0
X	143000001	0.52735	0.495295	1	0	0
X	143500001	0.497468	0.495295	1	0	0
X	144000001	0.487227	0.495295	1	0	0
X	144500001	0.49441	0.495295	1	0	0
X	145000001	0.472834	0.495295	1	0	0
X	145500001	0.461655	0.495295	1	0	0
X	146000001	0.475458	0.495295	1	0	0
X	146500001	0.458607	0.495295	1	0	0
X	147000001	0.476255	0.495295	1	0	0
X	147500001	0.475026	0.495295	1	0	0
X	148000001	0.469924	0.495295	1	0	0
X	148500001	0.50375	0.495295	1	0	0
X	149000001	0.504904	0.495295	1	0	0
X	149500001	0.508014	0.495295	1	0	0
X	150000001	0.487087	0.495295	1	0	0
X	150500001	0.472433	0.495295	1	0	0
X	151000001	0.495521	0.495295	1	0	0
X	151500001	0.505096	0.495295	1	0	0
X	152000001	0.539024	0.495295	1	0	0
X	152500001	0.53028	0.495295	1	0	0
X	153000001	0.508135	0.495295	1	0	0
X	153500001	0.517226	0.495295	1	0	0
X	154000001	0.468094	0.495295	1	0	0
X	154500001	0.519879	0.495295	1	0	0
X	155000001	0.472551	0.495295	1	0	0
X	155500001	0.531895	0.495295	1	0	0
X	156000001	-1	-1	-1	0	0
Y	1	-1	-1	-1	0	0
Y	500001	-1	-1	-1	0	0
Y	1000001	-1	-1	-1	0	0
Y	1500001	-1	-1	-1	0	0
Y	2000001	-1	-1	-1	0	0
Y	2500001	-1	-1	-1	0	0
Y	3000001	0.0358181	0.0358181	0	0	0
Y	3500001	0.0249344	0.026227	0	0	0
Y	4000001	0.0266766	0.026227	0	0	0
Y	4500001	0.026227	0.026227	0	0	0
Y	5000001	0.0259233	0.026227	0	0	0
Y	5500001	0.0376636	0.026227	0	0	0
Y	6000001	0.00845495	0.00432734	0	0	0
Y	6500001	0.00917372	0.00432734	0	0	0
Y	7000001	0.00432734	0.00432734	0	0	0
Y	7500001	0.0014805	0.00432734	0	0	0
Y	8000001	0.000502047	0.00432734	0	0	0
Y	8500001	0	0.00432734	0	0	0
Y	9000001	-1	0.00432734	0	0	0
Y	9500001	0.00974017	0.00432734	0	0	0
Y	10000001	0.037033	0.037033	0	0	0
Y	10500001	-1	-1	-1	0	0
Y	11000001	0.674618	0.674618	1	0	0
Y	11500001	1.2003	1.2003	2	0	0
Y	12000001	0.000965216	0.00149755	0	0	0
Y	12500001	0.000501732	0.00149755	0	0	0
Y	13000001	0.00204519	0.00149755	0	0	0
Y	13500001	0.00894065	0.00149755	0	0	0
Y	14000001	0.00151321	0.00149755	0	0	0
Y	14500001	0.00152001	0.00149755	0	0	0
Y	15000001	0.000498508	0.00149755	0	0	0
Y	15500001	0.00101481	0.00149755	0	0	0
Y	16000001	0.00153094	0.00149755	0	0	0
Y	16500001	0.000516798	0.00149755	0	0	0
Y	17000001	0.0065922	0.00149755	0	0	0
Y	17500001	0.00149433	0.00149755	0	0	0
Y	18000001	0	0.00149755	0	0	0
Y	18500001	0	0.00149755	0	0	0
Y	19000001	0.00199975	0.00149755	0	0	0
Y	19500001	0.00153255	0.00149755	0	0	0
Y	20000001	0.0071431	0.00149755	0	0	0
Y	20500001	0.000500084	0.00149755	0	0	0
Y	21000001	0	0.00149755	0	0	0
Y	21500001	0	0.00149755	0	0	0
Y	22000001	0.000985547	0.00149755	0	0	0
Y	22500001	0.00149473	0.00149755	0	0	0
Y	23000001	0.00202867	0.00149755	0	0	0
Y	23500001	0.00153817	0.00149755	0	0	0
Y	24000001	0.00489135	0.00149755	0	0	0
Y	24500001	0.00149755	0.00149755	0	0	0
Y	25000001	0.00774545	0.00149755	0	0	0
Y	25500001	0.000256283	0.00149755	0	0	0
Y	26000001	0.00910635	0.00149755	0	0	0
Y	26500001	-1	-1	-1	0	0
Y	27000001	-1	-1	-1	0	0
Y	27500001	-1	-1	-1	0	0
Y	28000001	-1	-1	-1	0	0
Y	28500001	-1	-1	-1	0	0
Y	29000001	-1	-1	-1	0	0
Y	29500001	-1	-1	-1	0	0
Y	30000001	-1	-1	-1	0	0
Y	30500001	-1	-1	-1	0	0
Y	31000001	-1	-1	-1	0	0
Y	31500001	-1	-1	-1	0	0
Y	32000001	-1	-1	-1	0	0
Y	32500001	-1	-1	-1	0	0
Y	33000001	-1	-1	-1	0	0
Y	33500001	-1	-1	-1	0	0
Y	34000001	-1	-1	-1	0	0
Y	34500001	-1	-1	-1	0	0
Y	35000001	-1	-1	-1	0	0
Y	35500001	-1	-1	-1	0	0
Y	36000001	-1	-1	-1	0	0
Y	36500001	-1	-1	-1	0	0
Y	37000001	-1	-1	-1	0	0
Y	37500001	-1	-1	-1	0	0
Y	38000001	-1	-1	-1	0	0
Y	38500001	-1	-1	-1	0	0
Y	39000001	-1	-1	-1	0	0
Y	39500001	-1	-1	-1	0	0
Y	40000001	-1	-1	-1	0	0
Y	40500001	-1	-1	-1	0	0
Y	41000001	-1	-1	-1	0	0
Y	41500001	-1	-1	-1	0	0
Y	42000001	-1	-1	-1	0	0
Y	42500001	-1	-1	-1	0	0
Y	43000001	-1	-1	-1	0	0
Y	43500001	-1	-1	-1	0	0
Y	44000001	-1	-1	-1	0	0
Y	44500001	-1	-1	-1	0	0
Y	45000001	-1	-1	-1	0	0
Y	45500001	-1	-1	-1	0	0
Y	46000001	-1	-1	-1	0	0
Y	46500001	-1	-1	-1	0	0
Y	47000001	-1	-1	-1	0	0
Y	47500001	-1	-1	-1	0	0
Y	48000001	-1	-1	-1	0	0
Y	48500001	-1	-1	-1	0	0
Y	49000001	-1	-1	-1	0	0
Y	49500001	-1	-1	-1	0	0
Y	50000001	-1	-1	-1	0	0
Y	50500001	-1	-1	-1	0	0
Y	51000001	-1	-1	-1	0	0
Y	51500001	-1	-1	-1	0	0
Y	52000001	-1	-1	-1	0	0
Y	52500001	-1	-1	-1	0	0
Y	53000001	-1	-1	-1	0	0
Y	53500001	-1	-1	-1	0	0
Y	54000001	-1	-1	-1	0	0
Y	54500001	-1	-1	-1	0	0
Y	55000001	-1	-1	-1	0	0
Y	55500001	-1	-1	-1	0	0
Y	56000001	-1	-1	-1	0	0
Y	56500001	-1	-1	-1	0	0
Y	57000001	-1	-1	-1	0	0
