Chromosome	Start	Ratio	MedianRatio	CopyNumber	Subclone_CN	Subclone_Population
1	1	-1	-1	-1	0	0
1	500001	0.860592	0.673634	2	0	0
1	1000001	0.669159	0.673634	2	0	0
1	1500001	0.716029	0.673634	2	0	0
1	2000001	0.66773	0.673634	2	0	0
1	2500001	0.839054	0.673634	2	0	0
1	3000001	0.672695	0.673634	2	0	0
1	3500001	0.654722	0.673634	2	0	0
1	4000001	0.653726	0.673634	2	0	0
1	4500001	0.662538	0.673634	2	0	0
1	5000001	0.635583	0.673634	2	0	0
1	5500001	0.660011	0.673634	2	0	0
1	6000001	0.692167	0.673634	2	0	0
1	6500001	0.656319	0.673634	2	0	0
1	7000001	0.669422	0.673634	2	0	0
1	7500001	0.69336	0.673634	2	0	0
1	8000001	0.670336	0.673634	2	0	0
1	8500001	0.68721	0.673634	2	0	0
1	9000001	0.680619	0.673634	2	0	0
1	9500001	0.653339	0.673634	2	0	0
1	10000001	0.65015	0.673634	2	0	0
1	10500001	0.649908	0.673634	2	0	0
1	11000001	0.649217	0.673634	2	0	0
1	11500001	0.682786	0.673634	2	0	0
1	12000001	0.676606	0.673634	2	0	0
1	12500001	0.666607	0.673634	2	0	0
1	13000001	0.641481	0.673634	2	0	0
1	13500001	0.627106	0.673634	2	0	0
1	14000001	0.682138	0.673634	2	0	0
1	14500001	0.699913	0.673634	2	0	0
1	15000001	0.680241	0.673634	2	0	0
1	15500001	0.641788	0.673634	2	0	0
1	16000001	0.67128	0.673634	2	0	0
1	16500001	1.12865	0.673634	2	0	0
1	17000001	0.732868	0.673634	2	0	0
1	17500001	0.669663	0.673634	2	0	0
1	18000001	0.692121	0.673634	2	0	0
1	18500001	0.701948	0.673634	2	0	0
1	19000001	0.694122	0.673634	2	0	0
1	19500001	0.688045	0.673634	2	0	0
1	20000001	0.660632	0.673634	2	0	0
1	20500001	0.680806	0.673634	2	0	0
1	21000001	0.645864	0.673634	2	0	0
1	21500001	0.652502	0.673634	2	0	0
1	22000001	0.669523	0.673634	2	0	0
1	22500001	0.704487	0.673634	2	0	0
1	23000001	0.695429	0.673634	2	0	0
1	23500001	0.689466	0.673634	2	0	0
1	24000001	0.68775	0.673634	2	0	0
1	24500001	0.694985	0.673634	2	0	0
1	25000001	0.634328	0.673634	2	0	0
1	25500001	0.720876	0.673634	2	0	0
1	26000001	0.673634	0.673634	2	0	0
1	26500001	0.698362	0.673634	2	0	0
1	27000001	0.659525	0.673634	2	0	0
1	27500001	0.666329	0.673634	2	0	0
1	28000001	0.673824	0.673634	2	0	0
1	28500001	0.645781	0.673634	2	0	0
1	29000001	0.67022	0.673634	2	0	0
1	29500001	0.660231	0.673634	2	0	0
1	30000001	0.718115	0.673634	2	0	0
1	30500001	0.696125	0.673634	2	0	0
1	31000001	0.656603	0.673634	2	0	0
1	31500001	0.693369	0.673634	2	0	0
1	32000001	0.666768	0.673634	2	0	0
1	32500001	0.710185	0.673634	2	0	0
1	33000001	0.712219	0.673634	2	0	0
1	33500001	0.704898	0.673634	2	0	0
1	34000001	0.6662	0.673634	2	0	0
1	34500001	0.655847	0.673634	2	0	0
1	35000001	0.639984	0.673634	2	0	0
1	35500001	0.65398	0.673634	2	0	0
1	36000001	0.700479	0.673634	2	0	0
1	36500001	0.705625	0.673634	2	0	0
1	37000001	0.664578	0.673634	2	0	0
1	37500001	0.670656	0.673634	2	0	0
1	38000001	0.673837	0.673634	2	0	0
1	38500001	0.673182	0.673634	2	0	0
1	39000001	0.679441	0.673634	2	0	0
1	39500001	0.682059	0.673634	2	0	0
1	40000001	0.662883	0.673634	2	0	0
1	40500001	0.668736	0.673634	2	0	0
1	41000001	0.69503	0.673634	2	0	0
1	41500001	0.72781	0.673634	2	0	0
1	42000001	0.693333	0.673634	2	0	0
1	42500001	0.663188	0.673634	2	0	0
1	43000001	0.698715	0.673634	2	0	0
1	43500001	0.728678	0.673634	2	0	0
1	44000001	0.678298	0.673634	2	0	0
1	44500001	0.703743	0.673634	2	0	0
1	45000001	0.651097	0.673634	2	0	0
1	45500001	0.63215	0.673634	2	0	0
1	46000001	0.6621	0.673634	2	0	0
1	46500001	0.674336	0.673634	2	0	0
1	47000001	0.655035	0.673634	2	0	0
1	47500001	0.656517	0.673634	2	0	0
1	48000001	0.650536	0.673634	2	0	0
1	48500001	0.636337	0.673634	2	0	0
1	49000001	0.652168	0.673634	2	0	0
1	49500001	0.677412	0.673634	2	0	0
1	50000001	0.670396	0.673634	2	0	0
1	50500001	0.718056	0.673634	2	0	0
1	51000001	0.682055	0.673634	2	0	0
1	51500001	0.737326	0.673634	2	0	0
1	52000001	0.665673	0.673634	2	0	0
1	52500001	0.656136	0.673634	2	0	0
1	53000001	0.670001	0.673634	2	0	0
1	53500001	0.651037	0.673634	2	0	0
1	54000001	0.680601	0.673634	2	0	0
1	54500001	0.659561	0.673634	2	0	0
1	55000001	0.663763	0.673634	2	0	0
1	55500001	0.683671	0.673634	2	0	0
1	56000001	0.661124	0.673634	2	0	0
1	56500001	0.689105	0.673634	2	0	0
1	57000001	0.625641	0.673634	2	0	0
1	57500001	0.647178	0.673634	2	0	0
1	58000001	0.686746	0.673634	2	0	0
1	58500001	0.73085	0.673634	2	0	0
1	59000001	0.683964	0.673634	2	0	0
1	59500001	0.706679	0.673634	2	0	0
1	60000001	0.665761	0.673634	2	0	0
1	60500001	0.658136	0.673634	2	0	0
1	61000001	0.643154	0.673634	2	0	0
1	61500001	0.661987	0.673634	2	0	0
1	62000001	0.632369	0.673634	2	0	0
1	62500001	0.685105	0.673634	2	0	0
1	63000001	0.669878	0.673634	2	0	0
1	63500001	0.723377	0.673634	2	0	0
1	64000001	0.692228	0.673634	2	0	0
1	64500001	0.67881	0.673634	2	0	0
1	65000001	0.664665	0.673634	2	0	0
1	65500001	0.727756	0.673634	2	0	0
1	66000001	0.724051	0.673634	2	0	0
1	66500001	0.70085	0.673634	2	0	0
1	67000001	0.702121	0.673634	2	0	0
1	67500001	0.731546	0.673634	2	0	0
1	68000001	0.675538	0.673634	2	0	0
1	68500001	0.675954	0.673634	2	0	0
1	69000001	0.672541	0.673634	2	0	0
1	69500001	0.690873	0.673634	2	0	0
1	70000001	0.671386	0.673634	2	0	0
1	70500001	0.671556	0.673634	2	0	0
1	71000001	0.67781	0.673634	2	0	0
1	71500001	0.799426	0.673634	2	0	0
1	72000001	1.31856	1.31856	4	0	0
1	72500001	1.55388	1.71936	5	0	0
1	73000001	1.74287	1.71936	5	0	0
1	73500001	1.71936	1.71936	5	0	0
1	74000001	1.93257	2.02233	6	0	0
1	74500001	1.97492	2.02233	6	0	0
1	75000001	2.02233	2.02233	6	0	0
1	75500001	2.00212	2.02233	6	0	0
1	76000001	1.96448	2.02233	6	0	0
1	76500001	2.07003	2.02233	6	0	0
1	77000001	2.1204	2.02233	6	0	0
1	77500001	2.05924	2.02233	6	0	0
1	78000001	2.08153	2.02233	6	0	0
1	78500001	2.11362	2.02233	6	0	0
1	79000001	2.04398	2.02233	6	0	0
1	79500001	1.92508	2.02233	6	0	0
1	80000001	1.95162	2.02233	6	0	0
1	80500001	1.52994	1.34648	4	0	0
1	81000001	1.34648	1.34648	4	0	0
1	81500001	1.27595	1.34648	4	0	0
1	82000001	0.995676	1.34648	4	0	0
1	82500001	1.3585	1.34648	4	0	0
1	83000001	1.34396	1.34648	4	0	0
1	83500001	1.41175	1.34648	4	0	0
1	84000001	1.40222	1.34648	4	0	0
1	84500001	1.40667	1.34648	4	0	0
1	85000001	1.07566	1.34648	4	0	0
1	85500001	1.09614	1.34648	4	0	0
1	86000001	1.0627	1.34648	4	0	0
1	86500001	1.19692	1.34648	4	0	0
1	87000001	1.34558	1.34648	4	0	0
1	87500001	1.35787	1.34648	4	0	0
1	88000001	1.40355	1.34648	4	0	0
1	88500001	1.39137	1.34648	4	0	0
1	89000001	1.403	1.34648	4	0	0
1	89500001	1.36187	1.34648	4	0	0
1	90000001	1.34256	1.34648	4	0	0
1	90500001	1.27724	1.34648	4	0	0
1	91000001	1.38549	1.34648	4	0	0
1	91500001	1.3357	1.34648	4	0	0
1	92000001	1.36224	1.34648	4	0	0
1	92500001	1.23916	1.34648	4	0	0
1	93000001	1.04722	1.04722	3	0	0
1	93500001	1.07873	1.04722	3	0	0
1	94000001	1.09519	1.04722	3	0	0
1	94500001	1.06485	1.04722	3	0	0
1	95000001	1.03834	1.04722	3	0	0
1	95500001	1.02461	1.04722	3	0	0
1	96000001	1.03066	1.04722	3	0	0
1	96500001	1.31733	1.36782	4	0	0
1	97000001	1.41363	1.36782	4	0	0
1	97500001	1.48469	1.36782	4	0	0
1	98000001	1.46855	1.36782	4	0	0
1	98500001	1.40721	1.36782	4	0	0
1	99000001	1.3216	1.36782	4	0	0
1	99500001	1.37204	1.36782	4	0	0
1	100000001	1.33311	1.36782	4	0	0
1	100500001	1.36782	1.36782	4	0	0
1	101000001	1.35002	1.36782	4	0	0
1	101500001	1.35441	1.36782	4	0	0
1	102000001	1.12437	1.02242	3	0	0
1	102500001	1.05341	1.02242	3	0	0
1	103000001	1.00324	1.02242	3	0	0
1	103500001	1.11283	1.02242	3	0	0
1	104000001	0.966738	1.02242	3	0	0
1	104500001	0.980788	1.02242	3	0	0
1	105000001	0.970973	1.02242	3	0	0
1	105500001	0.984282	1.02242	3	0	0
1	106000001	0.988944	1.02242	3	0	0
1	106500001	0.992645	1.02242	3	0	0
1	107000001	1.0194	1.02242	3	0	0
1	107500001	1.05024	1.02242	3	0	0
1	108000001	1.00841	1.02242	3	0	0
1	108500001	1.04151	1.02242	3	0	0
1	109000001	0.991626	1.02242	3	0	0
1	109500001	1.04256	1.02242	3	0	0
1	110000001	1.02401	1.02242	3	0	0
1	110500001	1.07924	1.02242	3	0	0
1	111000001	1.03708	1.02242	3	0	0
1	111500001	1.21183	1.02242	3	0	0
1	112000001	1.04321	1.02242	3	0	0
1	112500001	0.993044	1.02242	3	0	0
1	113000001	1.0692	1.02242	3	0	0
1	113500001	1.13676	1.02242	3	0	0
1	114000001	1.03186	1.02242	3	0	0
1	114500001	1.00797	1.02242	3	0	0
1	115000001	1.10173	1.02242	3	0	0
1	115500001	1.02242	1.02242	3	0	0
1	116000001	1.03305	1.02242	3	0	0
1	116500001	1.00668	1.02242	3	0	0
1	117000001	1.01808	1.02242	3	0	0
1	117500001	1.03875	1.02242	3	0	0
1	118000001	1.00974	1.02242	3	0	0
1	118500001	1.02253	1.02242	3	0	0
1	119000001	1.01587	1.02242	3	0	0
1	119500001	1.09051	1.02242	3	0	0
1	120000001	0.894401	1.02242	3	0	0
1	120500001	0.720085	1.02242	3	0	0
1	121000001	1.02945	1.02242	3	0	0
1	121500001	1.00966	1.02242	3	0	0
1	122000001	0.944959	1.02242	3	0	0
1	122500001	1.24084	1.35022	4	0	0
1	123000001	1.35022	1.35022	4	0	0
1	123500001	1.59939	1.35022	4	0	0
1	124000001	2.08473	2.08473	6	0	0
1	124500001	2.90443	2.90443	9	0	0
1	125000001	-1	-1	-1	0	0
1	125500001	-1	-1	-1	0	0
1	126000001	-1	-1	-1	0	0
1	126500001	-1	-1	-1	0	0
1	127000001	-1	-1	-1	0	0
1	127500001	-1	-1	-1	0	0
1	128000001	-1	-1	-1	0	0
1	128500001	-1	-1	-1	0	0
1	129000001	-1	-1	-1	0	0
1	129500001	-1	-1	-1	0	0
1	130000001	-1	-1	-1	0	0
1	130500001	-1	-1	-1	0	0
1	131000001	-1	-1	-1	0	0
1	131500001	-1	-1	-1	0	0
1	132000001	-1	-1	-1	0	0
1	132500001	-1	-1	-1	0	0
1	133000001	-1	-1	-1	0	0
1	133500001	-1	-1	-1	0	0
1	134000001	-1	-1	-1	0	0
1	134500001	-1	-1	-1	0	0
1	135000001	-1	-1	-1	0	0
1	135500001	-1	-1	-1	0	0
1	136000001	-1	-1	-1	0	0
1	136500001	-1	-1	-1	0	0
1	137000001	-1	-1	-1	0	0
1	137500001	-1	-1	-1	0	0
1	138000001	-1	-1	-1	0	0
1	138500001	-1	-1	-1	0	0
1	139000001	-1	-1	-1	0	0
1	139500001	-1	-1	-1	0	0
1	140000001	-1	-1	-1	0	0
1	140500001	-1	-1	-1	0	0
1	141000001	-1	-1	-1	0	0
1	141500001	-1	-1	-1	0	0
1	142000001	-1	-1	-1	0	0
1	142500001	-1	-1	-1	0	0
1	143000001	-1	-1	-1	0	0
1	143500001	1.02632	1.01935	3	0	0
1	144000001	1.04099	1.01935	3	0	0
1	144500001	1.01364	1.01935	3	0	0
1	145000001	1.09174	1.01935	3	0	0
1	145500001	1.01666	1.01935	3	0	0
1	146000001	0.991923	1.01935	3	0	0
1	146500001	0.994333	1.01935	3	0	0
1	147000001	1.05166	1.01935	3	0	0
1	147500001	0.97634	1.01935	3	0	0
1	148000001	1.01167	1.01935	3	0	0
1	148500001	1.1495	1.01935	3	0	0
1	149000001	1.14575	1.01935	3	0	0
1	149500001	1.02725	1.01935	3	0	0
1	150000001	0.975499	1.01935	3	0	0
1	150500001	0.954123	1.01935	3	0	0
1	151000001	1.00281	1.01935	3	0	0
1	151500001	1.03806	1.01935	3	0	0
1	152000001	1.06556	1.01935	3	0	0
1	152500001	0.958216	1.01935	3	0	0
1	153000001	1.05748	1.01935	3	0	0
1	153500001	0.976644	1.01935	3	0	0
1	154000001	0.988956	1.01935	3	0	0
1	154500001	1.00425	1.01935	3	0	0
1	155000001	1.01654	1.01935	3	0	0
1	155500001	0.995615	1.01935	3	0	0
1	156000001	1.03228	1.01935	3	0	0
1	156500001	1.03846	1.01935	3	0	0
1	157000001	1.05047	1.01935	3	0	0
1	157500001	1.00689	1.01935	3	0	0
1	158000001	1.04544	1.01935	3	0	0
1	158500001	1.00761	1.01935	3	0	0
1	159000001	1.00084	1.01935	3	0	0
1	159500001	1.0467	1.01935	3	0	0
1	160000001	1.03851	1.01935	3	0	0
1	160500001	1.02047	1.01935	3	0	0
1	161000001	1.10871	1.01935	3	0	0
1	161500001	1.1662	1.01935	3	0	0
1	162000001	1.01661	1.01935	3	0	0
1	162500001	1.03709	1.01935	3	0	0
1	163000001	1.01823	1.01935	3	0	0
1	163500001	1.00448	1.01935	3	0	0
1	164000001	1.03938	1.01935	3	0	0
1	164500001	1.00188	1.01935	3	0	0
1	165000001	1.02118	1.01935	3	0	0
1	165500001	1.03456	1.01935	3	0	0
1	166000001	0.967143	1.01935	3	0	0
1	166500001	1.00275	1.01935	3	0	0
1	167000001	0.994715	1.01935	3	0	0
1	167500001	0.995702	1.01935	3	0	0
1	168000001	1.0608	1.01935	3	0	0
1	168500001	1.10803	1.01935	3	0	0
1	169000001	1.07293	1.01935	3	0	0
1	169500001	1.35363	1.3227	4	0	0
1	170000001	1.31031	1.3227	4	0	0
1	170500001	1.32763	1.3227	4	0	0
1	171000001	1.31776	1.3227	4	0	0
1	171500001	1.13177	1.00533	3	0	0
1	172000001	1.08662	1.00533	3	0	0
1	172500001	1.08055	1.00533	3	0	0
1	173000001	1.01379	1.00533	3	0	0
1	173500001	1.04357	1.00533	3	0	0
1	174000001	1.00389	1.00533	3	0	0
1	174500001	0.935805	1.00533	3	0	0
1	175000001	0.963126	1.00533	3	0	0
1	175500001	0.993252	1.00533	3	0	0
1	176000001	1.00183	1.00533	3	0	0
1	176500001	1.02348	1.00533	3	0	0
1	177000001	1.0368	1.00533	3	0	0
1	177500001	1.04771	1.00533	3	0	0
1	178000001	1.04008	1.00533	3	0	0
1	178500001	0.998353	1.00533	3	0	0
1	179000001	0.977126	1.00533	3	0	0
1	179500001	1.00416	1.00533	3	0	0
1	180000001	0.988734	1.00533	3	0	0
1	180500001	1.03973	1.00533	3	0	0
1	181000001	0.98453	1.00533	3	0	0
1	181500001	0.999803	1.00533	3	0	0
1	182000001	0.954069	1.00533	3	0	0
1	182500001	1.01435	1.00533	3	0	0
1	183000001	0.999942	1.00533	3	0	0
1	183500001	1.06287	1.00533	3	0	0
1	184000001	1.00817	1.00533	3	0	0
1	184500001	1.01984	1.00533	3	0	0
1	185000001	1.00283	1.00533	3	0	0
1	185500001	0.995525	1.00533	3	0	0
1	186000001	1.02077	1.00533	3	0	0
1	186500001	0.985263	1.00533	3	0	0
1	187000001	0.957368	1.00533	3	0	0
1	187500001	0.995111	1.00533	3	0	0
1	188000001	0.945114	1.00533	3	0	0
1	188500001	0.936912	1.00533	3	0	0
1	189000001	1.00157	1.00533	3	0	0
1	189500001	1.01198	1.00533	3	0	0
1	190000001	1.02318	1.00533	3	0	0
1	190500001	1.00975	1.00533	3	0	0
1	191000001	0.968356	1.00533	3	0	0
1	191500001	1.0203	1.00533	3	0	0
1	192000001	1.08195	1.00533	3	0	0
1	192500001	1.0265	1.00533	3	0	0
1	193000001	1.0027	1.00533	3	0	0
1	193500001	1.0086	1.00533	3	0	0
1	194000001	0.935076	1.00533	3	0	0
1	194500001	0.983921	1.00533	3	0	0
1	195000001	1.00533	1.00533	3	0	0
1	195500001	1.01944	1.00533	3	0	0
1	196000001	1.08969	1.00533	3	0	0
1	196500001	1.02649	1.00533	3	0	0
1	197000001	1.10742	1.00533	3	0	0
1	197500001	1.0361	1.00533	3	0	0
1	198000001	1.07509	1.00533	3	0	0
1	198500001	1.07556	1.00533	3	0	0
1	199000001	1.04278	1.00533	3	0	0
1	199500001	0.984174	1.00533	3	0	0
1	200000001	0.97521	1.00533	3	0	0
1	200500001	0.952296	1.00533	3	0	0
1	201000001	1.04964	1.00533	3	0	0
1	201500001	1.00781	1.00533	3	0	0
1	202000001	1.06962	1.00533	3	0	0
1	202500001	1.02239	1.00533	3	0	0
1	203000001	1.02655	1.00533	3	0	0
1	203500001	0.958422	1.00533	3	0	0
1	204000001	1.03449	1.00533	3	0	0
1	204500001	1.01082	1.00533	3	0	0
1	205000001	1.0043	1.00533	3	0	0
1	205500001	1.04634	1.00533	3	0	0
1	206000001	1.02681	1.00533	3	0	0
1	206500001	1.06073	1.00533	3	0	0
1	207000001	1.06778	1.00533	3	0	0
1	207500001	0.99523	1.00533	3	0	0
1	208000001	0.970845	1.00533	3	0	0
1	208500001	1.01035	1.00533	3	0	0
1	209000001	1.02882	1.00533	3	0	0
1	209500001	1.04442	1.00533	3	0	0
1	210000001	1.03981	1.00533	3	0	0
1	210500001	1.01785	1.00533	3	0	0
1	211000001	1.04318	1.00533	3	0	0
1	211500001	1.00149	1.00533	3	0	0
1	212000001	1.00183	1.00533	3	0	0
1	212500001	0.998829	1.00533	3	0	0
1	213000001	0.978541	1.00533	3	0	0
1	213500001	0.971117	1.00533	3	0	0
1	214000001	1.01108	1.00533	3	0	0
1	214500001	1.02252	1.00533	3	0	0
1	215000001	0.999712	1.00533	3	0	0
1	215500001	1.00831	1.00533	3	0	0
1	216000001	0.97175	1.00533	3	0	0
1	216500001	0.943383	1.00533	3	0	0
1	217000001	0.953058	1.00533	3	0	0
1	217500001	1.04703	1.00533	3	0	0
1	218000001	1.04993	1.00533	3	0	0
1	218500001	1.07842	1.00533	3	0	0
1	219000001	1.09034	1.00533	3	0	0
1	219500001	1.01396	1.00533	3	0	0
1	220000001	0.985099	1.00533	3	0	0
1	220500001	0.978158	1.00533	3	0	0
1	221000001	1.03053	1.00533	3	0	0
1	221500001	1.04492	1.00533	3	0	0
1	222000001	1.04455	1.00533	3	0	0
1	222500001	1.02358	1.00533	3	0	0
1	223000001	1.00585	1.00533	3	0	0
1	223500001	1.04583	1.00533	3	0	0
1	224000001	1.04858	1.00533	3	0	0
1	224500001	1.04508	1.00533	3	0	0
1	225000001	1.05779	1.00533	3	0	0
1	225500001	0.98336	1.00533	3	0	0
1	226000001	1.01812	1.00533	3	0	0
1	226500001	1.00845	1.00533	3	0	0
1	227000001	1.04375	1.00533	3	0	0
1	227500001	1.03407	1.00533	3	0	0
1	228000001	0.98134	1.00533	3	0	0
1	228500001	1.18792	1.00533	3	0	0
1	229000001	1.0152	1.00533	3	0	0
1	229500001	1.02156	1.00533	3	0	0
1	230000001	0.974059	1.00533	3	0	0
1	230500001	0.991518	1.00533	3	0	0
1	231000001	1.01214	1.00533	3	0	0
1	231500001	1.00177	1.00533	3	0	0
1	232000001	0.977458	1.00533	3	0	0
1	232500001	0.953227	1.00533	3	0	0
1	233000001	0.990413	1.00533	3	0	0
1	233500001	0.99664	1.00533	3	0	0
1	234000001	0.997706	1.00533	3	0	0
1	234500001	1.10318	1.00533	3	0	0
1	235000001	0.969697	1.00533	3	0	0
1	235500001	1.03983	1.00533	3	0	0
1	236000001	0.970904	1.00533	3	0	0
1	236500001	0.996121	1.00533	3	0	0
1	237000001	0.921747	1.00533	3	0	0
1	237500001	0.931771	1.00533	3	0	0
1	238000001	0.927487	1.00533	3	0	0
1	238500001	0.981169	1.00533	3	0	0
1	239000001	0.945163	1.00533	3	0	0
1	239500001	0.91505	1.00533	3	0	0
1	240000001	0.921581	1.00533	3	0	0
1	240500001	0.920853	1.00533	3	0	0
1	241000001	0.930334	1.00533	3	0	0
1	241500001	0.972788	1.00533	3	0	0
1	242000001	0.977855	1.00533	3	0	0
1	242500001	0.972193	1.00533	3	0	0
1	243000001	0.952781	1.00533	3	0	0
1	243500001	0.98019	1.00533	3	0	0
1	244000001	1.04771	1.00533	3	0	0
1	244500001	0.955833	1.00533	3	0	0
1	245000001	0.98221	1.00533	3	0	0
1	245500001	0.99157	1.00533	3	0	0
1	246000001	1.00941	1.00533	3	0	0
1	246500001	0.977666	1.00533	3	0	0
1	247000001	0.95808	1.00533	3	0	0
1	247500001	0.96058	1.00533	3	0	0
1	248000001	1.02828	1.00533	3	0	0
1	248500001	0.769752	1.00533	3	0	0
10	1	0.983535	0.988245	3	0	0
10	500001	0.984931	0.988245	3	0	0
10	1000001	1.02655	0.988245	3	0	0
10	1500001	0.961742	0.988245	3	0	0
10	2000001	0.93964	0.988245	3	0	0
10	2500001	0.98237	0.988245	3	0	0
10	3000001	0.974129	0.988245	3	0	0
10	3500001	1.0134	0.988245	3	0	0
10	4000001	1.0319	0.988245	3	0	0
10	4500001	1.05365	0.988245	3	0	0
10	5000001	1.03023	0.988245	3	0	0
10	5500001	0.99205	0.988245	3	0	0
10	6000001	0.973555	0.988245	3	0	0
10	6500001	0.970491	0.988245	3	0	0
10	7000001	0.962858	0.988245	3	0	0
10	7500001	0.98162	0.988245	3	0	0
10	8000001	0.951148	0.988245	3	0	0
10	8500001	0.986547	0.988245	3	0	0
10	9000001	1.00683	0.988245	3	0	0
10	9500001	0.981984	0.988245	3	0	0
10	10000001	0.931009	0.988245	3	0	0
10	10500001	1.01239	0.988245	3	0	0
10	11000001	1.02798	0.988245	3	0	0
10	11500001	1.04065	0.988245	3	0	0
10	12000001	0.986365	0.988245	3	0	0
10	12500001	0.989169	0.988245	3	0	0
10	13000001	0.972443	0.988245	3	0	0
10	13500001	1.04017	0.988245	3	0	0
10	14000001	1.02153	0.988245	3	0	0
10	14500001	1.00935	0.988245	3	0	0
10	15000001	0.99657	0.988245	3	0	0
10	15500001	0.988245	0.988245	3	0	0
10	16000001	0.970357	0.988245	3	0	0
10	16500001	0.988064	0.988245	3	0	0
10	17000001	1.05691	0.988245	3	0	0
10	17500001	1.03244	0.988245	3	0	0
10	18000001	0.982015	0.988245	3	0	0
10	18500001	0.981073	0.988245	3	0	0
10	19000001	0.978579	0.988245	3	0	0
10	19500001	0.94825	0.988245	3	0	0
10	20000001	0.959821	0.988245	3	0	0
10	20500001	1.00461	0.988245	3	0	0
10	21000001	0.952396	0.988245	3	0	0
10	21500001	1.02206	0.988245	3	0	0
10	22000001	1.0372	0.988245	3	0	0
10	22500001	1.03855	0.988245	3	0	0
10	23000001	0.974585	0.988245	3	0	0
10	23500001	0.997219	0.988245	3	0	0
10	24000001	0.979318	0.988245	3	0	0
10	24500001	0.981	0.988245	3	0	0
10	25000001	1.02733	0.988245	3	0	0
10	25500001	0.99189	0.988245	3	0	0
10	26000001	0.961896	0.988245	3	0	0
10	26500001	1.0028	0.988245	3	0	0
10	27000001	0.974857	0.988245	3	0	0
10	27500001	1.02637	0.988245	3	0	0
10	28000001	0.991809	0.988245	3	0	0
10	28500001	0.975755	0.988245	3	0	0
10	29000001	1.01203	0.988245	3	0	0
10	29500001	0.999082	0.988245	3	0	0
10	30000001	0.98291	0.988245	3	0	0
10	30500001	1.01658	0.988245	3	0	0
10	31000001	1.07102	0.988245	3	0	0
10	31500001	1.00519	0.988245	3	0	0
10	32000001	1.00431	0.988245	3	0	0
10	32500001	1.12906	0.988245	3	0	0
10	33000001	1.03306	0.988245	3	0	0
10	33500001	1.0302	0.988245	3	0	0
10	34000001	0.979401	0.988245	3	0	0
10	34500001	0.955327	0.988245	3	0	0
10	35000001	1.00141	0.988245	3	0	0
10	35500001	0.972651	0.988245	3	0	0
10	36000001	0.968017	0.988245	3	0	0
10	36500001	0.914133	0.988245	3	0	0
10	37000001	0.988984	0.988245	3	0	0
10	37500001	0.924546	0.988245	3	0	0
10	38000001	0.968476	0.988245	3	0	0
10	38500001	1.17436	1.13113	3	0	0
10	39000001	1.0879	1.13113	3	0	0
10	39500001	0.392907	0.392907	1	0	0
10	40000001	1.13142	1.2625	4	0	0
10	40500001	1.39358	1.2625	4	0	0
10	41000001	0.790722	0.790722	2	0	0
10	41500001	-1	-1	-1	0	0
10	42000001	2.83187	2.83187	8	0	0
10	42500001	0.964485	1.00758	3	0	0
10	43000001	0.970897	1.00758	3	0	0
10	43500001	0.982033	1.00758	3	0	0
10	44000001	0.976942	1.00758	3	0	0
10	44500001	0.976859	1.00758	3	0	0
10	45000001	1.0494	1.00758	3	0	0
10	45500001	0.970511	1.00758	3	0	0
10	46000001	0.985755	1.00758	3	0	0
10	46500001	1.20853	1.00758	3	0	0
10	47000001	1.06801	1.00758	3	0	0
10	47500001	-1	1.00758	3	0	0
10	48000001	0.948918	1.00758	3	0	0
10	48500001	1.01592	1.00758	3	0	0
10	49000001	0.985816	1.00758	3	0	0
10	49500001	0.984396	1.00758	3	0	0
10	50000001	1.03089	1.00758	3	0	0
10	50500001	1.02873	1.00758	3	0	0
10	51000001	1.01091	1.00758	3	0	0
10	51500001	0.975728	1.00758	3	0	0
10	52000001	1.02981	1.00758	3	0	0
10	52500001	1.04511	1.00758	3	0	0
10	53000001	1.01534	1.00758	3	0	0
10	53500001	0.985791	1.00758	3	0	0
10	54000001	0.980003	1.00758	3	0	0
10	54500001	1.01519	1.00758	3	0	0
10	55000001	1.03919	1.00758	3	0	0
10	55500001	0.979502	1.00758	3	0	0
10	56000001	0.959406	1.00758	3	0	0
10	56500001	0.958134	1.00758	3	0	0
10	57000001	1.02315	1.00758	3	0	0
10	57500001	1.03711	1.00758	3	0	0
10	58000001	1.03186	1.00758	3	0	0
10	58500001	1.03342	1.00758	3	0	0
10	59000001	0.996507	1.00758	3	0	0
10	59500001	0.938455	1.00758	3	0	0
10	60000001	0.945853	1.00758	3	0	0
10	60500001	1.01192	1.00758	3	0	0
10	61000001	1.06084	1.00758	3	0	0
10	61500001	1.04516	1.00758	3	0	0
10	62000001	1.04766	1.00758	3	0	0
10	62500001	1.02974	1.00758	3	0	0
10	63000001	0.978389	1.00758	3	0	0
10	63500001	1.04032	1.00758	3	0	0
10	64000001	1.06136	1.00758	3	0	0
10	64500001	0.983205	1.00758	3	0	0
10	65000001	0.985266	1.00758	3	0	0
10	65500001	0.988245	1.00758	3	0	0
10	66000001	0.981724	1.00758	3	0	0
10	66500001	1.00377	1.00758	3	0	0
10	67000001	1.01116	1.00758	3	0	0
10	67500001	1.03934	1.00758	3	0	0
10	68000001	1.03546	1.00758	3	0	0
10	68500001	0.959224	1.00758	3	0	0
10	69000001	1.01675	1.00758	3	0	0
10	69500001	1.08315	1.00758	3	0	0
10	70000001	1.00142	1.00758	3	0	0
10	70500001	1.05513	1.00758	3	0	0
10	71000001	1.01909	1.00758	3	0	0
10	71500001	1.0176	1.00758	3	0	0
10	72000001	1.01937	1.00758	3	0	0
10	72500001	1.03329	1.00758	3	0	0
10	73000001	1.009	1.00758	3	0	0
10	73500001	1.0173	1.00758	3	0	0
10	74000001	1.01474	1.00758	3	0	0
10	74500001	0.989996	1.00758	3	0	0
10	75000001	0.963948	1.00758	3	0	0
10	75500001	0.96554	1.00758	3	0	0
10	76000001	0.872892	1.00758	3	0	0
10	76500001	0.991272	1.00758	3	0	0
10	77000001	1.01168	1.00758	3	0	0
10	77500001	1.05392	1.00758	3	0	0
10	78000001	1.03744	1.00758	3	0	0
10	78500001	1.01789	1.00758	3	0	0
10	79000001	1.06934	1.00758	3	0	0
10	79500001	0.86475	1.00758	3	0	0
10	80000001	0.992132	1.00758	3	0	0
10	80500001	0.99801	1.00758	3	0	0
10	81000001	0.976292	1.00758	3	0	0
10	81500001	0.964001	1.00758	3	0	0
10	82000001	0.924841	1.00758	3	0	0
10	82500001	0.965552	1.00758	3	0	0
10	83000001	0.978911	1.00758	3	0	0
10	83500001	0.970119	1.00758	3	0	0
10	84000001	0.995002	1.00758	3	0	0
10	84500001	0.974933	1.00758	3	0	0
10	85000001	0.967194	1.00758	3	0	0
10	85500001	0.967433	1.00758	3	0	0
10	86000001	0.955315	1.00758	3	0	0
10	86500001	0.987115	1.00758	3	0	0
10	87000001	1.01894	1.00758	3	0	0
10	87500001	1.00928	1.00758	3	0	0
10	88000001	1.07825	1.00758	3	0	0
10	88500001	1.12437	1.00758	3	0	0
10	89000001	1.08494	1.00758	3	0	0
10	89500001	1.05099	1.00758	3	0	0
10	90000001	1.0703	1.00758	3	0	0
10	90500001	1.07998	1.00758	3	0	0
10	91000001	1.08785	1.00758	3	0	0
10	91500001	1.05844	1.00758	3	0	0
10	92000001	0.981975	1.00758	3	0	0
10	92500001	0.979715	1.00758	3	0	0
10	93000001	0.963327	1.00758	3	0	0
10	93500001	1.08658	1.00758	3	0	0
10	94000001	1.05455	1.00758	3	0	0
10	94500001	1.04865	1.00758	3	0	0
10	95000001	1.07884	1.00758	3	0	0
10	95500001	0.973987	1.00758	3	0	0
10	96000001	0.989973	1.00758	3	0	0
10	96500001	0.964981	1.00758	3	0	0
10	97000001	1.02041	1.00758	3	0	0
10	97500001	1.05125	1.00758	3	0	0
10	98000001	1.02539	1.00758	3	0	0
10	98500001	1.03962	1.00758	3	0	0
10	99000001	0.995686	1.00758	3	0	0
10	99500001	1.01214	1.00758	3	0	0
10	100000001	1.04972	1.00758	3	0	0
10	100500001	1.03928	1.00758	3	0	0
10	101000001	0.95954	1.00758	3	0	0
10	101500001	1.02832	1.00758	3	0	0
10	102000001	1.0318	1.00758	3	0	0
10	102500001	1.02674	1.00758	3	0	0
10	103000001	1.01471	1.00758	3	0	0
10	103500001	1.01339	1.00758	3	0	0
10	104000001	1.0828	1.00758	3	0	0
10	104500001	1.01481	1.00758	3	0	0
10	105000001	0.989342	1.00758	3	0	0
10	105500001	0.937933	1.00758	3	0	0
10	106000001	0.89608	1.00758	3	0	0
10	106500001	0.958799	1.00758	3	0	0
10	107000001	0.963747	1.00758	3	0	0
10	107500001	0.974721	1.00758	3	0	0
10	108000001	0.976546	1.00758	3	0	0
10	108500001	0.975677	1.00758	3	0	0
10	109000001	0.965734	1.00758	3	0	0
10	109500001	1.0646	1.00758	3	0	0
10	110000001	1.04696	1.00758	3	0	0
10	110500001	1.02502	1.00758	3	0	0
10	111000001	0.980084	1.00758	3	0	0
10	111500001	0.998597	1.00758	3	0	0
10	112000001	1.01759	1.00758	3	0	0
10	112500001	0.95759	1.00758	3	0	0
10	113000001	1.02611	1.00758	3	0	0
10	113500001	0.971244	1.00758	3	0	0
10	114000001	1.02417	1.00758	3	0	0
10	114500001	1.04336	1.00758	3	0	0
10	115000001	1.12338	1.00758	3	0	0
10	115500001	1.0357	1.00758	3	0	0
10	116000001	1.01833	1.00758	3	0	0
10	116500001	0.984969	1.00758	3	0	0
10	117000001	0.945858	1.00758	3	0	0
10	117500001	0.967776	1.00758	3	0	0
10	118000001	1.00029	1.00758	3	0	0
10	118500001	1.04227	1.00758	3	0	0
10	119000001	0.999889	1.00758	3	0	0
10	119500001	1.01332	1.00758	3	0	0
10	120000001	1.00076	1.00758	3	0	0
10	120500001	1.0444	1.00758	3	0	0
10	121000001	0.99112	1.00758	3	0	0
10	121500001	1.00117	1.00758	3	0	0
10	122000001	1.03362	1.00758	3	0	0
10	122500001	1.05701	1.00758	3	0	0
10	123000001	1.00806	1.00758	3	0	0
10	123500001	1.0166	1.00758	3	0	0
10	124000001	1.00758	1.00758	3	0	0
10	124500001	0.967841	1.00758	3	0	0
10	125000001	0.992971	1.00758	3	0	0
10	125500001	1.03153	1.00758	3	0	0
10	126000001	1.01024	1.00758	3	0	0
10	126500001	0.975947	1.00758	3	0	0
10	127000001	0.939019	1.00758	3	0	0
10	127500001	0.971189	1.00758	3	0	0
10	128000001	1.00127	1.00758	3	0	0
10	128500001	0.950818	1.00758	3	0	0
10	129000001	0.935111	1.00758	3	0	0
10	129500001	0.896154	1.00758	3	0	0
10	130000001	0.901752	1.00758	3	0	0
10	130500001	0.926465	1.00758	3	0	0
10	131000001	0.944937	1.00758	3	0	0
10	131500001	0.946626	1.00758	3	0	0
10	132000001	0.995571	1.00758	3	0	0
10	132500001	1.02453	1.00758	3	0	0
10	133000001	1.06552	1.00758	3	0	0
10	133500001	-1	-1	-1	0	0
11	1	0.695059	0.686509	2	0	0
11	500001	0.668488	0.686509	2	0	0
11	1000001	0.637122	0.686509	2	0	0
11	1500001	0.642733	0.686509	2	0	0
11	2000001	0.628188	0.686509	2	0	0
11	2500001	0.682823	0.686509	2	0	0
11	3000001	0.608254	0.686509	2	0	0
11	3500001	0.681715	0.686509	2	0	0
11	4000001	0.704561	0.686509	2	0	0
11	4500001	0.659018	0.686509	2	0	0
11	5000001	0.693774	0.686509	2	0	0
11	5500001	0.672684	0.686509	2	0	0
11	6000001	0.666272	0.686509	2	0	0
11	6500001	0.696305	0.686509	2	0	0
11	7000001	0.68127	0.686509	2	0	0
11	7500001	0.717977	0.686509	2	0	0
11	8000001	0.696406	0.686509	2	0	0
11	8500001	0.686509	0.686509	2	0	0
11	9000001	0.646271	0.686509	2	0	0
11	9500001	0.668933	0.686509	2	0	0
11	10000001	0.710799	0.686509	2	0	0
11	10500001	0.708941	0.686509	2	0	0
11	11000001	0.695887	0.686509	2	0	0
11	11500001	0.725698	0.686509	2	0	0
11	12000001	0.732656	0.686509	2	0	0
11	12500001	0.690429	0.686509	2	0	0
11	13000001	0.704579	0.686509	2	0	0
11	13500001	0.670427	0.686509	2	0	0
11	14000001	0.666043	0.686509	2	0	0
11	14500001	0.734896	0.686509	2	0	0
11	15000001	0.732975	0.686509	2	0	0
11	15500001	0.985784	0.990617	3	0	0
11	16000001	1.05743	0.990617	3	0	0
11	16500001	0.992565	0.990617	3	0	0
11	17000001	0.957525	0.990617	3	0	0
11	17500001	1.00402	0.990617	3	0	0
11	18000001	1.03745	0.990617	3	0	0
11	18500001	1.0579	0.990617	3	0	0
11	19000001	1.07401	0.990617	3	0	0
11	19500001	1.05973	0.990617	3	0	0
11	20000001	1.04411	0.990617	3	0	0
11	20500001	0.962657	0.990617	3	0	0
11	21000001	0.966316	0.990617	3	0	0
11	21500001	0.937939	0.990617	3	0	0
11	22000001	0.971407	0.990617	3	0	0
11	22500001	0.993889	0.990617	3	0	0
11	23000001	0.990414	0.990617	3	0	0
11	23500001	1.00872	0.990617	3	0	0
11	24000001	0.991798	0.990617	3	0	0
11	24500001	0.983057	0.990617	3	0	0
11	25000001	0.935369	0.990617	3	0	0
11	25500001	0.976038	0.990617	3	0	0
11	26000001	0.975873	0.990617	3	0	0
11	26500001	0.963108	0.990617	3	0	0
11	27000001	1.0028	0.990617	3	0	0
11	27500001	1.03308	0.990617	3	0	0
11	28000001	1.09393	0.990617	3	0	0
11	28500001	1.05309	0.990617	3	0	0
11	29000001	1.11172	0.990617	3	0	0
11	29500001	0.99194	0.990617	3	0	0
11	30000001	0.974101	0.990617	3	0	0
11	30500001	0.962753	0.990617	3	0	0
11	31000001	1.01497	0.990617	3	0	0
11	31500001	0.997372	0.990617	3	0	0
11	32000001	0.973119	0.990617	3	0	0
11	32500001	0.98637	0.990617	3	0	0
11	33000001	0.972904	0.990617	3	0	0
11	33500001	1.00449	0.990617	3	0	0
11	34000001	0.962473	0.990617	3	0	0
11	34500001	1.02763	0.990617	3	0	0
11	35000001	1.11588	0.990617	3	0	0
11	35500001	1.00744	0.990617	3	0	0
11	36000001	1.03163	0.990617	3	0	0
11	36500001	1.02644	0.990617	3	0	0
11	37000001	0.998236	0.990617	3	0	0
11	37500001	0.968456	0.990617	3	0	0
11	38000001	1.0145	0.990617	3	0	0
11	38500001	0.96091	0.990617	3	0	0
11	39000001	0.942658	0.990617	3	0	0
11	39500001	0.935403	0.990617	3	0	0
11	40000001	0.98439	0.990617	3	0	0
11	40500001	0.922063	0.990617	3	0	0
11	41000001	0.945112	0.990617	3	0	0
11	41500001	0.963775	0.990617	3	0	0
11	42000001	0.96541	0.990617	3	0	0
11	42500001	0.975691	0.990617	3	0	0
11	43000001	1.01382	0.990617	3	0	0
11	43500001	1.03287	0.990617	3	0	0
11	44000001	1.01668	0.990617	3	0	0
11	44500001	0.957987	0.990617	3	0	0
11	45000001	1.02242	0.990617	3	0	0
11	45500001	0.96924	0.990617	3	0	0
11	46000001	0.971828	0.990617	3	0	0
11	46500001	0.990617	0.990617	3	0	0
11	47000001	0.955569	0.990617	3	0	0
11	47500001	0.9523	0.990617	3	0	0
11	48000001	1.04766	0.990617	3	0	0
11	48500001	1.00748	0.990617	3	0	0
11	49000001	0.962921	0.990617	3	0	0
11	49500001	1.0224	0.990617	3	0	0
11	50000001	1.25848	1.25848	4	0	0
11	50500001	-1	-1	-1	0	0
11	51000001	-1	-1	-1	0	0
11	51500001	1.71985	1.60693	5	0	0
11	52000001	1.49402	1.60693	5	0	0
11	52500001	1.1266	1.20358	4	0	0
11	53000001	1.10139	1.20358	4	0	0
11	53500001	1.11788	1.20358	4	0	0
11	54000001	-1	1.20358	4	0	0
11	54500001	1.35396	1.20358	4	0	0
11	55000001	1.37796	1.20358	4	0	0
11	55500001	1.20358	1.20358	4	0	0
11	56000001	1.28821	1.20358	4	0	0
11	56500001	1.06354	1.00355	3	0	0
11	57000001	1.03394	1.00355	3	0	0
11	57500001	1.01313	1.00355	3	0	0
11	58000001	1.02296	1.00355	3	0	0
11	58500001	1.00496	1.00355	3	0	0
11	59000001	1.03306	1.00355	3	0	0
11	59500001	1.00069	1.00355	3	0	0
11	60000001	1.00355	1.00355	3	0	0
11	60500001	0.979793	1.00355	3	0	0
11	61000001	0.962418	1.00355	3	0	0
11	61500001	0.988009	1.00355	3	0	0
11	62000001	0.997705	1.00355	3	0	0
11	62500001	0.987367	1.00355	3	0	0
11	63000001	1.20615	1.29682	4	0	0
11	63500001	1.27479	1.29682	4	0	0
11	64000001	1.32568	1.29682	4	0	0
11	64500001	1.34776	1.29682	4	0	0
11	65000001	1.27213	1.29682	4	0	0
11	65500001	1.28208	1.29682	4	0	0
11	66000001	1.33927	1.29682	4	0	0
11	66500001	1.3145	1.29682	4	0	0
11	67000001	1.34648	1.29682	4	0	0
11	67500001	1.30536	1.29682	4	0	0
11	68000001	1.27279	1.29682	4	0	0
11	68500001	1.30533	1.29682	4	0	0
11	69000001	1.32337	1.29682	4	0	0
11	69500001	1.30435	1.29682	4	0	0
11	70000001	1.28792	1.29682	4	0	0
11	70500001	1.279	1.29682	4	0	0
11	71000001	1.28929	1.29682	4	0	0
11	71500001	1.19819	1.29682	4	0	0
11	72000001	1.03847	0.987061	3	0	0
11	72500001	1.02376	0.987061	3	0	0
11	73000001	1.01533	0.987061	3	0	0
11	73500001	0.992819	0.987061	3	0	0
11	74000001	0.979531	0.987061	3	0	0
11	74500001	1.02981	0.987061	3	0	0
11	75000001	1.0132	0.987061	3	0	0
11	75500001	1.02454	0.987061	3	0	0
11	76000001	0.951717	0.987061	3	0	0
11	76500001	0.950667	0.987061	3	0	0
11	77000001	1.00895	0.987061	3	0	0
11	77500001	0.98546	0.987061	3	0	0
11	78000001	1.00159	0.987061	3	0	0
11	78500001	0.986594	0.987061	3	0	0
11	79000001	0.925316	0.987061	3	0	0
11	79500001	0.932429	0.987061	3	0	0
11	80000001	0.944647	0.987061	3	0	0
11	80500001	0.939774	0.987061	3	0	0
11	81000001	0.961451	0.987061	3	0	0
11	81500001	0.932434	0.987061	3	0	0
11	82000001	0.982447	0.987061	3	0	0
11	82500001	1.04972	0.987061	3	0	0
11	83000001	1.00184	0.987061	3	0	0
11	83500001	0.999473	0.987061	3	0	0
11	84000001	0.931102	0.987061	3	0	0
11	84500001	0.949619	0.987061	3	0	0
11	85000001	0.976646	0.987061	3	0	0
11	85500001	1.01193	0.987061	3	0	0
11	86000001	0.987529	0.987061	3	0	0
11	86500001	1.08699	0.987061	3	0	0
11	87000001	0.957456	0.987061	3	0	0
11	87500001	0.996356	0.987061	3	0	0
11	88000001	0.978728	0.987061	3	0	0
11	88500001	1.13467	0.987061	3	0	0
11	89000001	1.25593	1.31625	4	0	0
11	89500001	1.24088	1.31625	4	0	0
11	90000001	1.23431	1.31625	4	0	0
11	90500001	1.31296	1.31625	4	0	0
11	91000001	1.27841	1.31625	4	0	0
11	91500001	1.29199	1.31625	4	0	0
11	92000001	1.20169	1.31625	4	0	0
11	92500001	1.28064	1.31625	4	0	0
11	93000001	1.26187	1.31625	4	0	0
11	93500001	1.31714	1.31625	4	0	0
11	94000001	1.37058	1.31625	4	0	0
11	94500001	1.37364	1.31625	4	0	0
11	95000001	1.3062	1.31625	4	0	0
11	95500001	1.41291	1.31625	4	0	0
11	96000001	1.38141	1.31625	4	0	0
11	96500001	1.37833	1.31625	4	0	0
11	97000001	1.25597	1.31625	4	0	0
11	97500001	1.2661	1.31625	4	0	0
11	98000001	1.20561	1.31625	4	0	0
11	98500001	1.24398	1.31625	4	0	0
11	99000001	1.29923	1.31625	4	0	0
11	99500001	1.2961	1.31625	4	0	0
11	100000001	1.34915	1.31625	4	0	0
11	100500001	1.34082	1.31625	4	0	0
11	101000001	1.30633	1.31625	4	0	0
11	101500001	1.35697	1.31625	4	0	0
11	102000001	1.36976	1.31625	4	0	0
11	102500001	1.35086	1.31625	4	0	0
11	103000001	1.36847	1.31625	4	0	0
11	103500001	1.37676	1.31625	4	0	0
11	104000001	1.29072	1.31625	4	0	0
11	104500001	1.29039	1.31625	4	0	0
11	105000001	1.29636	1.31625	4	0	0
11	105500001	1.36533	1.31625	4	0	0
11	106000001	1.31958	1.31625	4	0	0
11	106500001	1.33417	1.31625	4	0	0
11	107000001	1.31536	1.31625	4	0	0
11	107500001	1.31461	1.31625	4	0	0
11	108000001	1.28541	1.31625	4	0	0
11	108500001	1.3505	1.31625	4	0	0
11	109000001	1.32327	1.31625	4	0	0
11	109500001	1.40059	1.31625	4	0	0
11	110000001	1.32089	1.31625	4	0	0
11	110500001	1.36247	1.31625	4	0	0
11	111000001	1.33391	1.31625	4	0	0
11	111500001	1.35846	1.31625	4	0	0
11	112000001	1.31125	1.31625	4	0	0
11	112500001	1.23894	1.31625	4	0	0
11	113000001	1.27577	1.31625	4	0	0
11	113500001	1.36667	1.31625	4	0	0
11	114000001	1.27774	1.31625	4	0	0
11	114500001	1.30854	1.31625	4	0	0
11	115000001	1.23752	1.31625	4	0	0
11	115500001	1.18448	1.31625	4	0	0
11	116000001	1.29904	1.31625	4	0	0
11	116500001	1.27518	1.31625	4	0	0
11	117000001	1.3145	1.31625	4	0	0
11	117500001	1.2946	1.31625	4	0	0
11	118000001	1.35698	1.31625	4	0	0
11	118500001	1.30412	1.31625	4	0	0
11	119000001	1.33695	1.31625	4	0	0
11	119500001	1.3072	1.31625	4	0	0
11	120000001	1.33586	1.31625	4	0	0
11	120500001	1.341	1.31625	4	0	0
11	121000001	1.28287	1.31625	4	0	0
11	121500001	1.33048	1.31625	4	0	0
11	122000001	1.36186	1.31625	4	0	0
11	122500001	1.34159	1.31625	4	0	0
11	123000001	1.27922	1.31625	4	0	0
11	123500001	1.26306	1.31625	4	0	0
11	124000001	1.3374	1.31625	4	0	0
11	124500001	1.33125	1.31625	4	0	0
11	125000001	1.29385	1.31625	4	0	0
11	125500001	1.36572	1.31625	4	0	0
11	126000001	1.32003	1.31625	4	0	0
11	126500001	1.3524	1.31625	4	0	0
11	127000001	1.22667	1.31625	4	0	0
11	127500001	1.3222	1.31625	4	0	0
11	128000001	1.40977	1.31625	4	0	0
11	128500001	1.36191	1.31625	4	0	0
11	129000001	1.32659	1.31625	4	0	0
11	129500001	1.35408	1.31625	4	0	0
11	130000001	1.2923	1.31625	4	0	0
11	130500001	1.41815	1.31625	4	0	0
11	131000001	1.38896	1.31625	4	0	0
11	131500001	1.25487	1.31625	4	0	0
11	132000001	1.28512	1.31625	4	0	0
11	132500001	1.32687	1.31625	4	0	0
11	133000001	1.18986	1.22529	4	0	0
11	133500001	1.22529	1.22529	4	0	0
11	134000001	1.2357	1.22529	4	0	0
11	134500001	1.25373	1.22529	4	0	0
11	135000001	0.198801	1.22529	4	0	0
12	1	0.798663	0.798663	2	0	0
12	500001	0.671779	0.673149	2	0	0
12	1000001	0.682315	0.673149	2	0	0
12	1500001	0.679287	0.673149	2	0	0
12	2000001	0.650196	0.673149	2	0	0
12	2500001	0.70504	0.673149	2	0	0
12	3000001	0.694569	0.673149	2	0	0
12	3500001	0.660031	0.673149	2	0	0
12	4000001	0.640275	0.673149	2	0	0
12	4500001	0.662535	0.673149	2	0	0
12	5000001	0.648399	0.673149	2	0	0
12	5500001	0.706872	0.673149	2	0	0
12	6000001	0.701192	0.673149	2	0	0
12	6500001	0.671322	0.673149	2	0	0
12	7000001	0.718396	0.673149	2	0	0
12	7500001	0.618637	0.673149	2	0	0
12	8000001	0.613906	0.673149	2	0	0
12	8500001	0.629923	0.673149	2	0	0
12	9000001	0.632285	0.673149	2	0	0
12	9500001	0.688311	0.673149	2	0	0
12	10000001	0.712576	0.673149	2	0	0
12	10500001	0.702068	0.673149	2	0	0
12	11000001	0.696431	0.673149	2	0	0
12	11500001	0.697085	0.673149	2	0	0
12	12000001	0.670597	0.673149	2	0	0
12	12500001	0.676846	0.673149	2	0	0
12	13000001	0.72062	0.673149	2	0	0
12	13500001	0.702712	0.673149	2	0	0
12	14000001	0.660012	0.673149	2	0	0
12	14500001	0.645246	0.673149	2	0	0
12	15000001	0.728992	0.673149	2	0	0
12	15500001	0.698912	0.673149	2	0	0
12	16000001	0.683652	0.673149	2	0	0
12	16500001	0.682566	0.673149	2	0	0
12	17000001	0.66236	0.673149	2	0	0
12	17500001	0.675585	0.673149	2	0	0
12	18000001	0.712869	0.673149	2	0	0
12	18500001	0.671043	0.673149	2	0	0
12	19000001	0.625493	0.673149	2	0	0
12	19500001	0.674921	0.673149	2	0	0
12	20000001	0.639551	0.673149	2	0	0
12	20500001	0.674518	0.673149	2	0	0
12	21000001	0.706443	0.673149	2	0	0
12	21500001	0.685246	0.673149	2	0	0
12	22000001	0.63367	0.673149	2	0	0
12	22500001	0.658083	0.673149	2	0	0
12	23000001	0.658613	0.673149	2	0	0
12	23500001	0.701873	0.673149	2	0	0
12	24000001	0.642304	0.673149	2	0	0
12	24500001	0.700201	0.673149	2	0	0
12	25000001	0.618233	0.673149	2	0	0
12	25500001	0.682269	0.673149	2	0	0
12	26000001	0.666979	0.673149	2	0	0
12	26500001	0.681566	0.673149	2	0	0
12	27000001	0.715367	0.673149	2	0	0
12	27500001	0.702386	0.673149	2	0	0
12	28000001	0.702344	0.673149	2	0	0
12	28500001	0.654593	0.673149	2	0	0
12	29000001	0.666693	0.673149	2	0	0
12	29500001	0.612449	0.673149	2	0	0
12	30000001	0.654434	0.673149	2	0	0
12	30500001	0.646908	0.673149	2	0	0
12	31000001	0.676847	0.673149	2	0	0
12	31500001	0.656337	0.673149	2	0	0
12	32000001	0.629215	0.673149	2	0	0
12	32500001	0.675646	0.673149	2	0	0
12	33000001	0.709876	0.673149	2	0	0
12	33500001	0.659238	0.673149	2	0	0
12	34000001	0.647343	0.673149	2	0	0
12	34500001	0.668713	0.673149	2	0	0
12	35000001	0.62866	0.673149	2	0	0
12	35500001	0.547488	0.40144	1	0	0
12	36000001	0.393749	0.40144	1	0	0
12	36500001	0.40144	0.40144	1	0	0
12	37000001	0.60078	0.678174	2	0	0
12	37500001	0.678616	0.678174	2	0	0
12	38000001	0.658933	0.678174	2	0	0
12	38500001	0.709301	0.678174	2	0	0
12	39000001	0.656994	0.678174	2	0	0
12	39500001	0.625409	0.678174	2	0	0
12	40000001	0.668919	0.678174	2	0	0
12	40500001	0.669464	0.678174	2	0	0
12	41000001	0.640344	0.678174	2	0	0
12	41500001	0.683884	0.678174	2	0	0
12	42000001	0.668263	0.678174	2	0	0
12	42500001	0.670822	0.678174	2	0	0
12	43000001	0.776672	0.678174	2	0	0
12	43500001	0.675691	0.678174	2	0	0
12	44000001	0.670094	0.678174	2	0	0
12	44500001	0.69126	0.678174	2	0	0
12	45000001	0.743182	0.678174	2	0	0
12	45500001	0.668542	0.678174	2	0	0
12	46000001	0.716106	0.678174	2	0	0
12	46500001	0.768877	0.678174	2	0	0
12	47000001	0.733023	0.678174	2	0	0
12	47500001	0.735198	0.678174	2	0	0
12	48000001	0.710692	0.678174	2	0	0
12	48500001	0.696439	0.678174	2	0	0
12	49000001	0.675418	0.678174	2	0	0
12	49500001	0.700624	0.678174	2	0	0
12	50000001	0.653352	0.678174	2	0	0
12	50500001	0.662709	0.678174	2	0	0
12	51000001	0.686378	0.678174	2	0	0
12	51500001	0.674632	0.678174	2	0	0
12	52000001	0.711021	0.678174	2	0	0
12	52500001	0.688625	0.678174	2	0	0
12	53000001	0.670351	0.678174	2	0	0
12	53500001	0.670475	0.678174	2	0	0
12	54000001	0.739539	0.678174	2	0	0
12	54500001	0.675928	0.678174	2	0	0
12	55000001	0.699444	0.678174	2	0	0
12	55500001	0.680556	0.678174	2	0	0
12	56000001	0.672634	0.678174	2	0	0
12	56500001	0.655459	0.678174	2	0	0
12	57000001	0.676964	0.678174	2	0	0
12	57500001	0.681577	0.678174	2	0	0
12	58000001	0.71653	0.678174	2	0	0
12	58500001	0.658548	0.678174	2	0	0
12	59000001	0.674911	0.678174	2	0	0
12	59500001	0.640826	0.678174	2	0	0
12	60000001	0.636047	0.678174	2	0	0
12	60500001	0.683345	0.678174	2	0	0
12	61000001	0.661592	0.678174	2	0	0
12	61500001	0.688103	0.678174	2	0	0
12	62000001	0.697758	0.678174	2	0	0
12	62500001	0.677699	0.678174	2	0	0
12	63000001	0.706099	0.678174	2	0	0
12	63500001	0.701648	0.678174	2	0	0
12	64000001	0.662431	0.678174	2	0	0
12	64500001	0.66706	0.678174	2	0	0
12	65000001	0.731179	0.678174	2	0	0
12	65500001	0.704833	0.678174	2	0	0
12	66000001	0.682871	0.678174	2	0	0
12	66500001	0.69995	0.678174	2	0	0
12	67000001	0.651436	0.678174	2	0	0
12	67500001	0.668313	0.678174	2	0	0
12	68000001	0.668278	0.678174	2	0	0
12	68500001	0.618018	0.678174	2	0	0
12	69000001	0.671678	0.678174	2	0	0
12	69500001	0.65857	0.678174	2	0	0
12	70000001	0.703436	0.678174	2	0	0
12	70500001	0.702942	0.678174	2	0	0
12	71000001	0.706163	0.678174	2	0	0
12	71500001	0.682606	0.678174	2	0	0
12	72000001	0.690397	0.678174	2	0	0
12	72500001	0.676552	0.678174	2	0	0
12	73000001	0.664803	0.678174	2	0	0
12	73500001	0.682595	0.678174	2	0	0
12	74000001	0.678174	0.678174	2	0	0
12	74500001	0.744021	0.678174	2	0	0
12	75000001	0.695655	0.678174	2	0	0
12	75500001	1.08596	0.990541	3	0	0
12	76000001	1.04011	0.990541	3	0	0
12	76500001	1.00446	0.990541	3	0	0
12	77000001	1.04611	0.990541	3	0	0
12	77500001	1.05845	0.990541	3	0	0
12	78000001	1.06056	0.990541	3	0	0
12	78500001	1.04004	0.990541	3	0	0
12	79000001	1.01524	0.990541	3	0	0
12	79500001	1.00769	0.990541	3	0	0
12	80000001	0.997451	0.990541	3	0	0
12	80500001	0.99102	0.990541	3	0	0
12	81000001	1.06188	0.990541	3	0	0
12	81500001	0.972838	0.990541	3	0	0
12	82000001	1.01105	0.990541	3	0	0
12	82500001	0.980403	0.990541	3	0	0
12	83000001	0.949164	0.990541	3	0	0
12	83500001	0.990797	0.990541	3	0	0
12	84000001	0.975331	0.990541	3	0	0
12	84500001	0.975189	0.990541	3	0	0
12	85000001	1.04301	0.990541	3	0	0
12	85500001	1.04424	0.990541	3	0	0
12	86000001	1.00077	0.990541	3	0	0
12	86500001	1.0277	0.990541	3	0	0
12	87000001	1.00273	0.990541	3	0	0
12	87500001	1.02309	0.990541	3	0	0
12	88000001	1.02639	0.990541	3	0	0
12	88500001	1.04067	0.990541	3	0	0
12	89000001	1.02306	0.990541	3	0	0
12	89500001	1.01624	0.990541	3	0	0
12	90000001	1.0151	0.990541	3	0	0
12	90500001	1.02702	0.990541	3	0	0
12	91000001	1.01116	0.990541	3	0	0
12	91500001	1.00415	0.990541	3	0	0
12	92000001	0.981254	0.990541	3	0	0
12	92500001	0.956263	0.990541	3	0	0
12	93000001	0.964623	0.990541	3	0	0
12	93500001	0.986678	0.990541	3	0	0
12	94000001	0.95632	0.990541	3	0	0
12	94500001	0.986693	0.990541	3	0	0
12	95000001	0.949182	0.990541	3	0	0
12	95500001	0.974601	0.990541	3	0	0
12	96000001	0.968934	0.990541	3	0	0
12	96500001	0.999955	0.990541	3	0	0
12	97000001	0.990285	0.990541	3	0	0
12	97500001	0.936878	0.990541	3	0	0
12	98000001	0.963445	0.990541	3	0	0
12	98500001	0.984718	0.990541	3	0	0
12	99000001	0.998518	0.990541	3	0	0
12	99500001	1.00835	0.990541	3	0	0
12	100000001	0.934604	0.990541	3	0	0
12	100500001	0.944037	0.990541	3	0	0
12	101000001	0.962507	0.990541	3	0	0
12	101500001	0.954544	0.990541	3	0	0
12	102000001	1.02203	0.990541	3	0	0
12	102500001	0.996764	0.990541	3	0	0
12	103000001	1.03986	0.990541	3	0	0
12	103500001	1.0162	0.990541	3	0	0
12	104000001	1.00062	0.990541	3	0	0
12	104500001	1.05995	0.990541	3	0	0
12	105000001	1.07184	0.990541	3	0	0
12	105500001	0.993156	0.990541	3	0	0
12	106000001	1.01254	0.990541	3	0	0
12	106500001	1.01864	0.990541	3	0	0
12	107000001	0.963675	0.990541	3	0	0
12	107500001	0.954329	0.990541	3	0	0
12	108000001	1.00205	0.990541	3	0	0
12	108500001	1.00225	0.990541	3	0	0
12	109000001	1.00353	0.990541	3	0	0
12	109500001	0.978915	0.990541	3	0	0
12	110000001	0.968896	0.990541	3	0	0
12	110500001	0.900792	0.990541	3	0	0
12	111000001	1.00565	0.990541	3	0	0
12	111500001	0.960917	0.990541	3	0	0
12	112000001	0.967768	0.990541	3	0	0
12	112500001	1.05246	0.990541	3	0	0
12	113000001	1.01593	0.990541	3	0	0
12	113500001	0.982188	0.990541	3	0	0
12	114000001	0.937092	0.990541	3	0	0
12	114500001	0.862233	0.990541	3	0	0
12	115000001	0.884417	0.990541	3	0	0
12	115500001	0.936045	0.990541	3	0	0
12	116000001	0.950384	0.990541	3	0	0
12	116500001	0.969179	0.990541	3	0	0
12	117000001	0.960164	0.990541	3	0	0
12	117500001	0.967359	0.990541	3	0	0
12	118000001	0.93408	0.990541	3	0	0
12	118500001	0.981436	0.990541	3	0	0
12	119000001	1.00257	0.990541	3	0	0
12	119500001	0.970512	0.990541	3	0	0
12	120000001	0.942819	0.990541	3	0	0
12	120500001	0.920395	0.990541	3	0	0
12	121000001	0.963472	0.990541	3	0	0
12	121500001	0.916068	0.990541	3	0	0
12	122000001	0.934586	0.990541	3	0	0
12	122500001	0.994073	0.990541	3	0	0
12	123000001	0.973634	0.990541	3	0	0
12	123500001	0.984552	0.990541	3	0	0
12	124000001	0.973037	0.990541	3	0	0
12	124500001	0.693209	0.623247	2	0	0
12	125000001	0.691121	0.623247	2	0	0
12	125500001	0.592201	0.623247	2	0	0
12	126000001	0.612877	0.623247	2	0	0
12	126500001	0.618788	0.623247	2	0	0
12	127000001	0.595226	0.623247	2	0	0
12	127500001	0.617598	0.623247	2	0	0
12	128000001	0.599538	0.623247	2	0	0
12	128500001	0.618231	0.623247	2	0	0
12	129000001	0.608203	0.623247	2	0	0
12	129500001	0.633813	0.623247	2	0	0
12	130000001	0.627705	0.623247	2	0	0
12	130500001	0.675312	0.623247	2	0	0
12	131000001	0.669226	0.623247	2	0	0
12	131500001	0.693812	0.623247	2	0	0
12	132000001	0.665057	0.623247	2	0	0
12	132500001	0.640489	0.623247	2	0	0
12	133000001	0.378561	0.623247	2	0	0
13	1	-1	-1	-1	0	0
13	500001	-1	-1	-1	0	0
13	1000001	-1	-1	-1	0	0
13	1500001	-1	-1	-1	0	0
13	2000001	-1	-1	-1	0	0
13	2500001	-1	-1	-1	0	0
13	3000001	-1	-1	-1	0	0
13	3500001	-1	-1	-1	0	0
13	4000001	-1	-1	-1	0	0
13	4500001	-1	-1	-1	0	0
13	5000001	-1	-1	-1	0	0
13	5500001	-1	-1	-1	0	0
13	6000001	-1	-1	-1	0	0
13	6500001	-1	-1	-1	0	0
13	7000001	-1	-1	-1	0	0
13	7500001	-1	-1	-1	0	0
13	8000001	-1	-1	-1	0	0
13	8500001	-1	-1	-1	0	0
13	9000001	-1	-1	-1	0	0
13	9500001	-1	-1	-1	0	0
13	10000001	-1	-1	-1	0	0
13	10500001	-1	-1	-1	0	0
13	11000001	-1	-1	-1	0	0
13	11500001	-1	-1	-1	0	0
13	12000001	-1	-1	-1	0	0
13	12500001	-1	-1	-1	0	0
13	13000001	-1	-1	-1	0	0
13	13500001	-1	-1	-1	0	0
13	14000001	-1	-1	-1	0	0
13	14500001	-1	-1	-1	0	0
13	15000001	-1	-1	-1	0	0
13	15500001	-1	-1	-1	0	0
13	16000001	0.351503	0.351503	1	0	0
13	16500001	0.608629	0.608629	2	0	0
13	17000001	0.820744	0.820744	2	0	0
13	17500001	1.06417	1.06417	3	0	0
13	18000001	-1	-1	-1	0	0
13	18500001	0.682356	0.668863	2	0	0
13	19000001	0.626632	0.668863	2	0	0
13	19500001	0.664	0.668863	2	0	0
13	20000001	0.645501	0.668863	2	0	0
13	20500001	0.650043	0.668863	2	0	0
13	21000001	0.64112	0.668863	2	0	0
13	21500001	0.651516	0.668863	2	0	0
13	22000001	0.631163	0.668863	2	0	0
13	22500001	0.6086	0.668863	2	0	0
13	23000001	0.661087	0.668863	2	0	0
13	23500001	0.645772	0.668863	2	0	0
13	24000001	0.657999	0.668863	2	0	0
13	24500001	0.661455	0.668863	2	0	0
13	25000001	0.663595	0.668863	2	0	0
13	25500001	0.655518	0.668863	2	0	0
13	26000001	0.643802	0.668863	2	0	0
13	26500001	0.714089	0.668863	2	0	0
13	27000001	0.666015	0.668863	2	0	0
13	27500001	0.667848	0.668863	2	0	0
13	28000001	0.664598	0.668863	2	0	0
13	28500001	0.65187	0.668863	2	0	0
13	29000001	0.656205	0.668863	2	0	0
13	29500001	0.698544	0.668863	2	0	0
13	30000001	0.690955	0.668863	2	0	0
13	30500001	0.68041	0.668863	2	0	0
13	31000001	0.699768	0.668863	2	0	0
13	31500001	0.695951	0.668863	2	0	0
13	32000001	0.663608	0.668863	2	0	0
13	32500001	0.637243	0.668863	2	0	0
13	33000001	0.646991	0.668863	2	0	0
13	33500001	0.681719	0.668863	2	0	0
13	34000001	0.693186	0.668863	2	0	0
13	34500001	0.670358	0.668863	2	0	0
13	35000001	0.721202	0.668863	2	0	0
13	35500001	0.697241	0.668863	2	0	0
13	36000001	0.670028	0.668863	2	0	0
13	36500001	0.693921	0.668863	2	0	0
13	37000001	0.675909	0.668863	2	0	0
13	37500001	0.667885	0.668863	2	0	0
13	38000001	0.635876	0.668863	2	0	0
13	38500001	0.667783	0.668863	2	0	0
13	39000001	0.640521	0.668863	2	0	0
13	39500001	0.669279	0.668863	2	0	0
13	40000001	0.660002	0.668863	2	0	0
13	40500001	0.659937	0.668863	2	0	0
13	41000001	0.659608	0.668863	2	0	0
13	41500001	0.734224	0.668863	2	0	0
13	42000001	0.70568	0.668863	2	0	0
13	42500001	0.727951	0.668863	2	0	0
13	43000001	0.694387	0.668863	2	0	0
13	43500001	0.727234	0.668863	2	0	0
13	44000001	0.731022	0.668863	2	0	0
13	44500001	0.637661	0.668863	2	0	0
13	45000001	0.67818	0.668863	2	0	0
13	45500001	0.698582	0.668863	2	0	0
13	46000001	0.664458	0.668863	2	0	0
13	46500001	0.682972	0.668863	2	0	0
13	47000001	0.634393	0.668863	2	0	0
13	47500001	0.665948	0.668863	2	0	0
13	48000001	0.688596	0.668863	2	0	0
13	48500001	0.675139	0.668863	2	0	0
13	49000001	0.677059	0.668863	2	0	0
13	49500001	0.652075	0.668863	2	0	0
13	50000001	0.669887	0.668863	2	0	0
13	50500001	0.695938	0.668863	2	0	0
13	51000001	0.688432	0.668863	2	0	0
13	51500001	0.656948	0.668863	2	0	0
13	52000001	0.638574	0.668863	2	0	0
13	52500001	0.650082	0.668863	2	0	0
13	53000001	0.65473	0.668863	2	0	0
13	53500001	0.661543	0.668863	2	0	0
13	54000001	0.673034	0.668863	2	0	0
13	54500001	0.670272	0.668863	2	0	0
13	55000001	0.642618	0.668863	2	0	0
13	55500001	0.636702	0.668863	2	0	0
13	56000001	0.666322	0.668863	2	0	0
13	56500001	0.660763	0.668863	2	0	0
13	57000001	0.734344	0.668863	2	0	0
13	57500001	0.642775	0.668863	2	0	0
13	58000001	0.639451	0.668863	2	0	0
13	58500001	0.648396	0.668863	2	0	0
13	59000001	0.659599	0.668863	2	0	0
13	59500001	0.693105	0.668863	2	0	0
13	60000001	0.701562	0.668863	2	0	0
13	60500001	0.644679	0.668863	2	0	0
13	61000001	0.636028	0.668863	2	0	0
13	61500001	0.665855	0.668863	2	0	0
13	62000001	0.687829	0.668863	2	0	0
13	62500001	0.730828	0.668863	2	0	0
13	63000001	0.768358	0.668863	2	0	0
13	63500001	0.710471	0.668863	2	0	0
13	64000001	0.722745	0.668863	2	0	0
13	64500001	0.683674	0.668863	2	0	0
13	65000001	0.671034	0.668863	2	0	0
13	65500001	0.681045	0.668863	2	0	0
13	66000001	0.640368	0.668863	2	0	0
13	66500001	0.669678	0.668863	2	0	0
13	67000001	0.680422	0.668863	2	0	0
13	67500001	0.656386	0.668863	2	0	0
13	68000001	0.65966	0.668863	2	0	0
13	68500001	0.668904	0.668863	2	0	0
13	69000001	0.673548	0.668863	2	0	0
13	69500001	0.659524	0.668863	2	0	0
13	70000001	0.672946	0.668863	2	0	0
13	70500001	0.723369	0.668863	2	0	0
13	71000001	0.696962	0.668863	2	0	0
13	71500001	0.677136	0.668863	2	0	0
13	72000001	0.668097	0.668863	2	0	0
13	72500001	0.677023	0.668863	2	0	0
13	73000001	0.678145	0.668863	2	0	0
13	73500001	0.673394	0.668863	2	0	0
13	74000001	0.703189	0.668863	2	0	0
13	74500001	0.706221	0.668863	2	0	0
13	75000001	0.701931	0.668863	2	0	0
13	75500001	0.711039	0.668863	2	0	0
13	76000001	0.701181	0.668863	2	0	0
13	76500001	0.669782	0.668863	2	0	0
13	77000001	0.689263	0.668863	2	0	0
13	77500001	0.690193	0.668863	2	0	0
13	78000001	0.692999	0.668863	2	0	0
13	78500001	0.652233	0.668863	2	0	0
13	79000001	0.68374	0.668863	2	0	0
13	79500001	0.695873	0.668863	2	0	0
13	80000001	0.66013	0.668863	2	0	0
13	80500001	0.700901	0.668863	2	0	0
13	81000001	0.668698	0.668863	2	0	0
13	81500001	0.669314	0.668863	2	0	0
13	82000001	0.64154	0.668863	2	0	0
13	82500001	0.707526	0.668863	2	0	0
13	83000001	0.668863	0.668863	2	0	0
13	83500001	0.651654	0.668863	2	0	0
13	84000001	0.631126	0.668863	2	0	0
13	84500001	0.675836	0.668863	2	0	0
13	85000001	0.621484	0.668863	2	0	0
13	85500001	0.68314	0.668863	2	0	0
13	86000001	0.653167	0.668863	2	0	0
13	86500001	0.670353	0.668863	2	0	0
13	87000001	0.661204	0.668863	2	0	0
13	87500001	0.65685	0.668863	2	0	0
13	88000001	0.650434	0.668863	2	0	0
13	88500001	0.672054	0.668863	2	0	0
13	89000001	0.656315	0.668863	2	0	0
13	89500001	0.668477	0.668863	2	0	0
13	90000001	0.658032	0.668863	2	0	0
13	90500001	0.660864	0.668863	2	0	0
13	91000001	0.654226	0.668863	2	0	0
13	91500001	0.629426	0.668863	2	0	0
13	92000001	0.643468	0.668863	2	0	0
13	92500001	0.670146	0.668863	2	0	0
13	93000001	0.642925	0.668863	2	0	0
13	93500001	0.646455	0.668863	2	0	0
13	94000001	0.638651	0.668863	2	0	0
13	94500001	0.641737	0.668863	2	0	0
13	95000001	0.632667	0.668863	2	0	0
13	95500001	0.663073	0.668863	2	0	0
13	96000001	0.66431	0.668863	2	0	0
13	96500001	0.713091	0.668863	2	0	0
13	97000001	0.728094	0.668863	2	0	0
13	97500001	0.683901	0.668863	2	0	0
13	98000001	0.615328	0.668863	2	0	0
13	98500001	0.663902	0.668863	2	0	0
13	99000001	0.646616	0.668863	2	0	0
13	99500001	0.681402	0.668863	2	0	0
13	100000001	0.632821	0.668863	2	0	0
13	100500001	0.641417	0.668863	2	0	0
13	101000001	0.648532	0.668863	2	0	0
13	101500001	0.657416	0.668863	2	0	0
13	102000001	0.703036	0.668863	2	0	0
13	102500001	0.727573	0.668863	2	0	0
13	103000001	0.67183	0.668863	2	0	0
13	103500001	0.651699	0.668863	2	0	0
13	104000001	0.672538	0.668863	2	0	0
13	104500001	0.687804	0.668863	2	0	0
13	105000001	0.687443	0.668863	2	0	0
13	105500001	0.667277	0.668863	2	0	0
13	106000001	0.71389	0.668863	2	0	0
13	106500001	0.67433	0.668863	2	0	0
13	107000001	0.626703	0.668863	2	0	0
13	107500001	0.647914	0.668863	2	0	0
13	108000001	0.653937	0.668863	2	0	0
13	108500001	0.715879	0.668863	2	0	0
13	109000001	0.710407	0.668863	2	0	0
13	109500001	0.688816	0.668863	2	0	0
13	110000001	0.70609	0.668863	2	0	0
13	110500001	0.678026	0.668863	2	0	0
13	111000001	0.647437	0.668863	2	0	0
13	111500001	-1	0.668863	2	0	0
13	112000001	0.674889	0.668863	2	0	0
13	112500001	0.672636	0.668863	2	0	0
13	113000001	0.671891	0.668863	2	0	0
13	113500001	0.693897	0.590079	2	0	0
13	114000001	0.486262	0.590079	2	0	0
14	1	-1	-1	-1	0	0
14	500001	-1	-1	-1	0	0
14	1000001	-1	-1	-1	0	0
14	1500001	-1	-1	-1	0	0
14	2000001	-1	-1	-1	0	0
14	2500001	-1	-1	-1	0	0
14	3000001	-1	-1	-1	0	0
14	3500001	-1	-1	-1	0	0
14	4000001	-1	-1	-1	0	0
14	4500001	-1	-1	-1	0	0
14	5000001	-1	-1	-1	0	0
14	5500001	-1	-1	-1	0	0
14	6000001	-1	-1	-1	0	0
14	6500001	-1	-1	-1	0	0
14	7000001	-1	-1	-1	0	0
14	7500001	-1	-1	-1	0	0
14	8000001	-1	-1	-1	0	0
14	8500001	-1	-1	-1	0	0
14	9000001	-1	-1	-1	0	0
14	9500001	-1	-1	-1	0	0
14	10000001	-1	-1	-1	0	0
14	10500001	-1	-1	-1	0	0
14	11000001	-1	-1	-1	0	0
14	11500001	-1	-1	-1	0	0
14	12000001	-1	-1	-1	0	0
14	12500001	-1	-1	-1	0	0
14	13000001	-1	-1	-1	0	0
14	13500001	-1	-1	-1	0	0
14	14000001	-1	-1	-1	0	0
14	14500001	-1	-1	-1	0	0
14	15000001	-1	-1	-1	0	0
14	15500001	-1	-1	-1	0	0
14	16000001	0.369069	0.505872	2	0	0
14	16500001	0.505872	0.505872	2	0	0
14	17000001	0.658647	0.505872	2	0	0
14	17500001	0.91458	1.0247	3	0	0
14	18000001	1.0247	1.0247	3	0	0
14	18500001	-1	1.0247	3	0	0
14	19000001	1.19868	1.0247	3	0	0
14	19500001	-1	-1	-1	0	0
14	20000001	0.612371	0.677442	2	0	0
14	20500001	0.698267	0.677442	2	0	0
14	21000001	0.661187	0.677442	2	0	0
14	21500001	0.685532	0.677442	2	0	0
14	22000001	0.712317	0.677442	2	0	0
14	22500001	0.659885	0.677442	2	0	0
14	23000001	0.677801	0.677442	2	0	0
14	23500001	0.672539	0.677442	2	0	0
14	24000001	0.724843	0.677442	2	0	0
14	24500001	0.696233	0.677442	2	0	0
14	25000001	0.657509	0.677442	2	0	0
14	25500001	0.653369	0.677442	2	0	0
14	26000001	0.610198	0.677442	2	0	0
14	26500001	0.651165	0.677442	2	0	0
14	27000001	0.664724	0.677442	2	0	0
14	27500001	0.696425	0.677442	2	0	0
14	28000001	0.661434	0.677442	2	0	0
14	28500001	0.677572	0.677442	2	0	0
14	29000001	0.68134	0.677442	2	0	0
14	29500001	0.638767	0.677442	2	0	0
14	30000001	0.698138	0.677442	2	0	0
14	30500001	0.713531	0.677442	2	0	0
14	31000001	0.638237	0.677442	2	0	0
14	31500001	0.71048	0.677442	2	0	0
14	32000001	0.708958	0.677442	2	0	0
14	32500001	0.685037	0.677442	2	0	0
14	33000001	0.660052	0.677442	2	0	0
14	33500001	0.634793	0.677442	2	0	0
14	34000001	0.697112	0.677442	2	0	0
14	34500001	0.660382	0.677442	2	0	0
14	35000001	0.672275	0.677442	2	0	0
14	35500001	0.682409	0.677442	2	0	0
14	36000001	0.693613	0.677442	2	0	0
14	36500001	0.676459	0.677442	2	0	0
14	37000001	0.655409	0.677442	2	0	0
14	37500001	0.66862	0.677442	2	0	0
14	38000001	0.686798	0.677442	2	0	0
14	38500001	0.71105	0.677442	2	0	0
14	39000001	0.676111	0.677442	2	0	0
14	39500001	0.694538	0.677442	2	0	0
14	40000001	0.68201	0.677442	2	0	0
14	40500001	0.718029	0.677442	2	0	0
14	41000001	0.643507	0.677442	2	0	0
14	41500001	0.702777	0.677442	2	0	0
14	42000001	0.655601	0.677442	2	0	0
14	42500001	0.652578	0.677442	2	0	0
14	43000001	0.699568	0.677442	2	0	0
14	43500001	0.644796	0.677442	2	0	0
14	44000001	0.677311	0.677442	2	0	0
14	44500001	0.695454	0.677442	2	0	0
14	45000001	0.663586	0.677442	2	0	0
14	45500001	0.653319	0.677442	2	0	0
14	46000001	0.709004	0.677442	2	0	0
14	46500001	0.841725	0.677442	2	0	0
14	47000001	0.959566	1.01554	3	0	0
14	47500001	0.992925	1.01554	3	0	0
14	48000001	1.02306	1.01554	3	0	0
14	48500001	0.980492	1.01554	3	0	0
14	49000001	1.05884	1.01554	3	0	0
14	49500001	0.998057	1.01554	3	0	0
14	50000001	1.01939	1.01554	3	0	0
14	50500001	1.03031	1.01554	3	0	0
14	51000001	1.09212	1.01554	3	0	0
14	51500001	1.03343	1.01554	3	0	0
14	52000001	0.993083	1.01554	3	0	0
14	52500001	0.969972	1.01554	3	0	0
14	53000001	1.01828	1.01554	3	0	0
14	53500001	1.09581	1.01554	3	0	0
14	54000001	1.11703	1.01554	3	0	0
14	54500001	1.01554	1.01554	3	0	0
14	55000001	1.00491	1.01554	3	0	0
14	55500001	0.975539	1.01554	3	0	0
14	56000001	0.976569	1.01554	3	0	0
14	56500001	0.926899	0.918006	3	0	0
14	57000001	0.909113	0.918006	3	0	0
14	57500001	0.701368	0.918006	3	0	0
14	58000001	0.864946	0.918006	3	0	0
14	58500001	1.0114	0.918006	3	0	0
14	59000001	1.07563	0.918006	3	0	0
14	59500001	0.754263	0.665779	2	0	0
14	60000001	0.709922	0.665779	2	0	0
14	60500001	0.69308	0.665779	2	0	0
14	61000001	0.727698	0.665779	2	0	0
14	61500001	0.706103	0.665779	2	0	0
14	62000001	0.717759	0.665779	2	0	0
14	62500001	0.712522	0.665779	2	0	0
14	63000001	0.6801	0.665779	2	0	0
14	63500001	0.629735	0.665779	2	0	0
14	64000001	0.647106	0.665779	2	0	0
14	64500001	0.66576	0.665779	2	0	0
14	65000001	0.682433	0.665779	2	0	0
14	65500001	0.68385	0.665779	2	0	0
14	66000001	0.67141	0.665779	2	0	0
14	66500001	0.685195	0.665779	2	0	0
14	67000001	0.708284	0.665779	2	0	0
14	67500001	0.721228	0.665779	2	0	0
14	68000001	0.74781	0.665779	2	0	0
14	68500001	0.707416	0.665779	2	0	0
14	69000001	0.668667	0.665779	2	0	0
14	69500001	0.698442	0.665779	2	0	0
14	70000001	0.673236	0.665779	2	0	0
14	70500001	0.695002	0.665779	2	0	0
14	71000001	0.686628	0.665779	2	0	0
14	71500001	0.677633	0.665779	2	0	0
14	72000001	0.678669	0.665779	2	0	0
14	72500001	0.656945	0.665779	2	0	0
14	73000001	0.662956	0.665779	2	0	0
14	73500001	0.661084	0.665779	2	0	0
14	74000001	0.67542	0.665779	2	0	0
14	74500001	0.71367	0.665779	2	0	0
14	75000001	0.67524	0.665779	2	0	0
14	75500001	0.677284	0.665779	2	0	0
14	76000001	0.665294	0.665779	2	0	0
14	76500001	0.693533	0.665779	2	0	0
14	77000001	0.676302	0.665779	2	0	0
14	77500001	0.628183	0.665779	2	0	0
14	78000001	0.641053	0.665779	2	0	0
14	78500001	0.664159	0.665779	2	0	0
14	79000001	0.640065	0.665779	2	0	0
14	79500001	0.693371	0.665779	2	0	0
14	80000001	0.697576	0.665779	2	0	0
14	80500001	0.667837	0.665779	2	0	0
14	81000001	0.650943	0.665779	2	0	0
14	81500001	0.658844	0.665779	2	0	0
14	82000001	0.628082	0.665779	2	0	0
14	82500001	0.656831	0.665779	2	0	0
14	83000001	0.636164	0.665779	2	0	0
14	83500001	0.640376	0.665779	2	0	0
14	84000001	0.657808	0.665779	2	0	0
14	84500001	0.655162	0.665779	2	0	0
14	85000001	0.671725	0.665779	2	0	0
14	85500001	0.638963	0.665779	2	0	0
14	86000001	0.655977	0.665779	2	0	0
14	86500001	0.646931	0.665779	2	0	0
14	87000001	0.65075	0.665779	2	0	0
14	87500001	0.627329	0.665779	2	0	0
14	88000001	0.665791	0.665779	2	0	0
14	88500001	0.656948	0.665779	2	0	0
14	89000001	0.689688	0.665779	2	0	0
14	89500001	0.665767	0.665779	2	0	0
14	90000001	0.651366	0.665779	2	0	0
14	90500001	0.698409	0.665779	2	0	0
14	91000001	0.669492	0.665779	2	0	0
14	91500001	0.659327	0.665779	2	0	0
14	92000001	0.660866	0.665779	2	0	0
14	92500001	0.663661	0.665779	2	0	0
14	93000001	0.652839	0.665779	2	0	0
14	93500001	0.701011	0.665779	2	0	0
14	94000001	0.673286	0.665779	2	0	0
14	94500001	0.640729	0.665779	2	0	0
14	95000001	0.658694	0.665779	2	0	0
14	95500001	0.682324	0.665779	2	0	0
14	96000001	0.646839	0.665779	2	0	0
14	96500001	0.660417	0.665779	2	0	0
14	97000001	0.626872	0.665779	2	0	0
14	97500001	0.646271	0.665779	2	0	0
14	98000001	0.629078	0.665779	2	0	0
14	98500001	0.641131	0.665779	2	0	0
14	99000001	0.639003	0.665779	2	0	0
14	99500001	0.681827	0.665779	2	0	0
14	100000001	0.687273	0.665779	2	0	0
14	100500001	0.646723	0.665779	2	0	0
14	101000001	0.669614	0.665779	2	0	0
14	101500001	0.64943	0.665779	2	0	0
14	102000001	0.698879	0.665779	2	0	0
14	102500001	0.650952	0.665779	2	0	0
14	103000001	0.673592	0.665779	2	0	0
14	103500001	0.654647	0.665779	2	0	0
14	104000001	0.677924	0.665779	2	0	0
14	104500001	0.661815	0.665779	2	0	0
14	105000001	0.663704	0.665779	2	0	0
14	105500001	0.663558	0.665779	2	0	0
14	106000001	0.710043	0.665779	2	0	0
14	106500001	-1	-1	-1	0	0
14	107000001	-1	-1	-1	0	0
15	1	-1	-1	-1	0	0
15	500001	-1	-1	-1	0	0
15	1000001	-1	-1	-1	0	0
15	1500001	-1	-1	-1	0	0
15	2000001	-1	-1	-1	0	0
15	2500001	-1	-1	-1	0	0
15	3000001	-1	-1	-1	0	0
15	3500001	-1	-1	-1	0	0
15	4000001	-1	-1	-1	0	0
15	4500001	-1	-1	-1	0	0
15	5000001	-1	-1	-1	0	0
15	5500001	-1	-1	-1	0	0
15	6000001	-1	-1	-1	0	0
15	6500001	-1	-1	-1	0	0
15	7000001	-1	-1	-1	0	0
15	7500001	-1	-1	-1	0	0
15	8000001	-1	-1	-1	0	0
15	8500001	-1	-1	-1	0	0
15	9000001	-1	-1	-1	0	0
15	9500001	-1	-1	-1	0	0
15	10000001	-1	-1	-1	0	0
15	10500001	-1	-1	-1	0	0
15	11000001	-1	-1	-1	0	0
15	11500001	-1	-1	-1	0	0
15	12000001	-1	-1	-1	0	0
15	12500001	-1	-1	-1	0	0
15	13000001	-1	-1	-1	0	0
15	13500001	-1	-1	-1	0	0
15	14000001	-1	-1	-1	0	0
15	14500001	-1	-1	-1	0	0
15	15000001	-1	-1	-1	0	0
15	15500001	-1	-1	-1	0	0
15	16000001	-1	-1	-1	0	0
15	16500001	-1	-1	-1	0	0
15	17000001	0.532719	0.603854	2	0	0
15	17500001	0.603854	0.603854	2	0	0
15	18000001	0.761584	0.603854	2	0	0
15	18500001	1.16136	1.1122	3	0	0
15	19000001	1.06304	1.1122	3	0	0
15	19500001	0.901252	0.901252	3	0	0
15	20000001	1.39841	1.39841	4	0	0
15	20500001	0.900895	0.848322	3	0	0
15	21000001	0.795749	0.848322	3	0	0
15	21500001	0.340302	0.428892	1	0	0
15	22000001	0.517482	0.428892	1	0	0
15	22500001	0.630734	0.667682	2	0	0
15	23000001	0.697083	0.667682	2	0	0
15	23500001	0.580177	0.667682	2	0	0
15	24000001	0.756559	0.667682	2	0	0
15	24500001	0.671391	0.667682	2	0	0
15	25000001	0.611535	0.667682	2	0	0
15	25500001	0.592317	0.667682	2	0	0
15	26000001	0.641238	0.667682	2	0	0
15	26500001	0.608082	0.667682	2	0	0
15	27000001	0.579094	0.667682	2	0	0
15	27500001	0.662322	0.667682	2	0	0
15	28000001	0.643196	0.667682	2	0	0
15	28500001	0.657334	0.667682	2	0	0
15	29000001	0.650248	0.667682	2	0	0
15	29500001	0.660432	0.667682	2	0	0
15	30000001	0.650972	0.667682	2	0	0
15	30500001	0.641219	0.667682	2	0	0
15	31000001	0.614522	0.667682	2	0	0
15	31500001	0.654083	0.667682	2	0	0
15	32000001	0.615068	0.667682	2	0	0
15	32500001	0.700338	0.667682	2	0	0
15	33000001	0.681922	0.667682	2	0	0
15	33500001	0.669238	0.667682	2	0	0
15	34000001	0.658214	0.667682	2	0	0
15	34500001	0.678002	0.667682	2	0	0
15	35000001	0.701147	0.667682	2	0	0
15	35500001	0.648342	0.667682	2	0	0
15	36000001	0.697131	0.667682	2	0	0
15	36500001	0.700197	0.667682	2	0	0
15	37000001	0.681814	0.667682	2	0	0
15	37500001	0.682571	0.667682	2	0	0
15	38000001	0.702081	0.667682	2	0	0
15	38500001	0.694613	0.667682	2	0	0
15	39000001	0.736969	0.667682	2	0	0
15	39500001	0.709774	0.667682	2	0	0
15	40000001	0.714617	0.667682	2	0	0
15	40500001	0.64788	0.667682	2	0	0
15	41000001	0.64521	0.667682	2	0	0
15	41500001	0.670125	0.667682	2	0	0
15	42000001	0.684795	0.667682	2	0	0
15	42500001	0.680305	0.667682	2	0	0
15	43000001	0.724808	0.667682	2	0	0
15	43500001	0.663044	0.667682	2	0	0
15	44000001	0.674326	0.667682	2	0	0
15	44500001	0.690862	0.667682	2	0	0
15	45000001	0.659564	0.667682	2	0	0
15	45500001	0.689449	0.667682	2	0	0
15	46000001	0.636633	0.667682	2	0	0
15	46500001	0.675914	0.667682	2	0	0
15	47000001	0.651752	0.667682	2	0	0
15	47500001	0.665315	0.667682	2	0	0
15	48000001	0.667646	0.667682	2	0	0
15	48500001	0.667719	0.667682	2	0	0
15	49000001	0.778334	0.667682	2	0	0
15	49500001	1.02971	1.00067	3	0	0
15	50000001	0.961563	1.00067	3	0	0
15	50500001	0.981356	1.00067	3	0	0
15	51000001	1.01554	1.00067	3	0	0
15	51500001	1.0352	1.00067	3	0	0
15	52000001	0.980065	1.00067	3	0	0
15	52500001	0.980869	1.00067	3	0	0
15	53000001	0.980207	1.00067	3	0	0
15	53500001	0.999486	1.00067	3	0	0
15	54000001	0.934305	1.00067	3	0	0
15	54500001	1.00321	1.00067	3	0	0
15	55000001	0.975206	1.00067	3	0	0
15	55500001	1.04569	1.00067	3	0	0
15	56000001	1.03023	1.00067	3	0	0
15	56500001	1.04879	1.00067	3	0	0
15	57000001	0.999216	1.00067	3	0	0
15	57500001	1.01408	1.00067	3	0	0
15	58000001	1.02044	1.00067	3	0	0
15	58500001	1.04266	1.00067	3	0	0
15	59000001	0.970198	1.00067	3	0	0
15	59500001	1.01058	1.00067	3	0	0
15	60000001	1.03283	1.00067	3	0	0
15	60500001	1.0194	1.00067	3	0	0
15	61000001	0.976931	1.00067	3	0	0
15	61500001	0.987897	1.00067	3	0	0
15	62000001	1.0188	1.00067	3	0	0
15	62500001	1.02717	1.00067	3	0	0
15	63000001	1.03969	1.00067	3	0	0
15	63500001	1.05766	1.00067	3	0	0
15	64000001	1.01146	1.00067	3	0	0
15	64500001	0.972987	1.00067	3	0	0
15	65000001	1.00321	1.00067	3	0	0
15	65500001	0.96288	1.00067	3	0	0
15	66000001	0.992074	1.00067	3	0	0
15	66500001	1.04528	1.00067	3	0	0
15	67000001	1.03972	1.00067	3	0	0
15	67500001	0.998196	1.00067	3	0	0
15	68000001	1.00054	1.00067	3	0	0
15	68500001	0.977955	1.00067	3	0	0
15	69000001	1.04053	1.00067	3	0	0
15	69500001	1.01164	1.00067	3	0	0
15	70000001	1.07993	1.00067	3	0	0
15	70500001	1.05364	1.00067	3	0	0
15	71000001	1.02691	1.00067	3	0	0
15	71500001	1.04951	1.00067	3	0	0
15	72000001	1.01017	1.00067	3	0	0
15	72500001	1.01503	1.00067	3	0	0
15	73000001	0.957228	1.00067	3	0	0
15	73500001	1.03334	1.00067	3	0	0
15	74000001	1.05168	1.00067	3	0	0
15	74500001	0.970032	1.00067	3	0	0
15	75000001	1.02297	1.00067	3	0	0
15	75500001	1.01543	1.00067	3	0	0
15	76000001	1.03071	1.00067	3	0	0
15	76500001	1.01302	1.00067	3	0	0
15	77000001	1.0213	1.00067	3	0	0
15	77500001	0.992505	1.00067	3	0	0
15	78000001	0.999829	1.00067	3	0	0
15	78500001	0.982719	1.00067	3	0	0
15	79000001	1.02937	1.00067	3	0	0
15	79500001	1.04634	1.00067	3	0	0
15	80000001	0.996491	1.00067	3	0	0
15	80500001	1.04101	1.00067	3	0	0
15	81000001	1.04657	1.00067	3	0	0
15	81500001	0.991101	1.00067	3	0	0
15	82000001	1.02477	1.00067	3	0	0
15	82500001	0.973159	1.00067	3	0	0
15	83000001	0.998877	1.00067	3	0	0
15	83500001	0.980423	1.00067	3	0	0
15	84000001	0.956022	1.00067	3	0	0
15	84500001	0.993812	1.00067	3	0	0
15	85000001	1.03476	1.00067	3	0	0
15	85500001	1.01955	1.00067	3	0	0
15	86000001	0.99248	1.00067	3	0	0
15	86500001	0.965981	1.00067	3	0	0
15	87000001	0.982497	1.00067	3	0	0
15	87500001	1.0313	1.00067	3	0	0
15	88000001	0.972349	1.00067	3	0	0
15	88500001	1.0001	1.00067	3	0	0
15	89000001	1.01773	1.00067	3	0	0
15	89500001	1.01333	1.00067	3	0	0
15	90000001	0.976527	1.00067	3	0	0
15	90500001	0.989135	1.00067	3	0	0
15	91000001	1.00067	1.00067	3	0	0
15	91500001	0.957704	1.00067	3	0	0
15	92000001	0.973981	1.00067	3	0	0
15	92500001	0.99574	1.00067	3	0	0
15	93000001	0.98538	1.00067	3	0	0
15	93500001	1.00139	1.00067	3	0	0
15	94000001	0.969084	1.00067	3	0	0
15	94500001	0.947968	1.00067	3	0	0
15	95000001	0.951275	1.00067	3	0	0
15	95500001	0.999845	1.00067	3	0	0
15	96000001	0.949162	1.00067	3	0	0
15	96500001	0.937493	1.00067	3	0	0
15	97000001	0.906239	1.00067	3	0	0
15	97500001	0.956243	1.00067	3	0	0
15	98000001	0.962752	1.00067	3	0	0
15	98500001	0.928851	1.00067	3	0	0
15	99000001	1.01013	1.00067	3	0	0
15	99500001	1.00387	1.00067	3	0	0
15	100000001	1.00736	1.00067	3	0	0
15	100500001	0.942473	1.00067	3	0	0
15	101000001	1.01738	1.00067	3	0	0
15	101500001	1.08178	1.00067	3	0	0
16	1	0.678086	0.662394	2	0	0
16	500001	0.645288	0.662394	2	0	0
16	1000001	0.643865	0.662394	2	0	0
16	1500001	0.677593	0.662394	2	0	0
16	2000001	0.652247	0.662394	2	0	0
16	2500001	0.678214	0.662394	2	0	0
16	3000001	0.681139	0.662394	2	0	0
16	3500001	0.712843	0.662394	2	0	0
16	4000001	0.644699	0.662394	2	0	0
16	4500001	0.657499	0.662394	2	0	0
16	5000001	0.709011	0.662394	2	0	0
16	5500001	0.659237	0.662394	2	0	0
16	6000001	0.607707	0.662394	2	0	0
16	6500001	0.636339	0.662394	2	0	0
16	7000001	0.624783	0.662394	2	0	0
16	7500001	0.644105	0.662394	2	0	0
16	8000001	0.642131	0.662394	2	0	0
16	8500001	0.670164	0.662394	2	0	0
16	9000001	0.677146	0.662394	2	0	0
16	9500001	0.659873	0.662394	2	0	0
16	10000001	0.646177	0.662394	2	0	0
16	10500001	0.681051	0.662394	2	0	0
16	11000001	0.672972	0.662394	2	0	0
16	11500001	0.672226	0.662394	2	0	0
16	12000001	0.653244	0.662394	2	0	0
16	12500001	0.647719	0.662394	2	0	0
16	13000001	0.628386	0.662394	2	0	0
16	13500001	0.689659	0.662394	2	0	0
16	14000001	0.673469	0.662394	2	0	0
16	14500001	0.700489	0.662394	2	0	0
16	15000001	0.693379	0.662394	2	0	0
16	15500001	0.672383	0.662394	2	0	0
16	16000001	0.759894	0.662394	2	0	0
16	16500001	0.636932	0.662394	2	0	0
16	17000001	0.642362	0.662394	2	0	0
16	17500001	0.638053	0.662394	2	0	0
16	18000001	0.663274	0.662394	2	0	0
16	18500001	0.637571	0.662394	2	0	0
16	19000001	0.707007	0.662394	2	0	0
16	19500001	0.652522	0.662394	2	0	0
16	20000001	0.665529	0.662394	2	0	0
16	20500001	0.715655	0.662394	2	0	0
16	21000001	0.714186	0.662394	2	0	0
16	21500001	0.807498	0.662394	2	0	0
16	22000001	0.71098	0.662394	2	0	0
16	22500001	0.873283	0.662394	2	0	0
16	23000001	0.622497	0.662394	2	0	0
16	23500001	0.631301	0.662394	2	0	0
16	24000001	0.691823	0.662394	2	0	0
16	24500001	0.677721	0.662394	2	0	0
16	25000001	0.64747	0.662394	2	0	0
16	25500001	0.655508	0.662394	2	0	0
16	26000001	0.660856	0.662394	2	0	0
16	26500001	0.639337	0.662394	2	0	0
16	27000001	0.669607	0.662394	2	0	0
16	27500001	0.725065	0.662394	2	0	0
16	28000001	0.647533	0.662394	2	0	0
16	28500001	0.625676	0.662394	2	0	0
16	29000001	0.683999	0.662394	2	0	0
16	29500001	0.633286	0.662394	2	0	0
16	30000001	0.662965	0.662394	2	0	0
16	30500001	0.699473	0.662394	2	0	0
16	31000001	0.676519	0.662394	2	0	0
16	31500001	0.668936	0.662394	2	0	0
16	32000001	0.561134	0.662394	2	0	0
16	32500001	0.57593	0.662394	2	0	0
16	33000001	-1	0.662394	2	0	0
16	33500001	0.522436	0.662394	2	0	0
16	34000001	0.661822	0.662394	2	0	0
16	34500001	2.73412	2.73412	8	0	0
16	35000001	0.576498	0.521589	2	0	0
16	35500001	0.656479	0.521589	2	0	0
16	36000001	0.684179	0.521589	2	0	0
16	36500001	0.46668	0.521589	2	0	0
16	37000001	0.447395	0.521589	2	0	0
16	37500001	0.431017	0.521589	2	0	0
16	38000001	-1	-1	-1	0	0
16	38500001	-1	-1	-1	0	0
16	39000001	-1	-1	-1	0	0
16	39500001	-1	-1	-1	0	0
16	40000001	-1	-1	-1	0	0
16	40500001	-1	-1	-1	0	0
16	41000001	-1	-1	-1	0	0
16	41500001	-1	-1	-1	0	0
16	42000001	-1	-1	-1	0	0
16	42500001	-1	-1	-1	0	0
16	43000001	-1	-1	-1	0	0
16	43500001	-1	-1	-1	0	0
16	44000001	-1	-1	-1	0	0
16	44500001	-1	-1	-1	0	0
16	45000001	-1	-1	-1	0	0
16	45500001	-1	-1	-1	0	0
16	46000001	-1	-1	-1	0	0
16	46500001	0.645325	0.657351	2	0	0
16	47000001	0.717553	0.657351	2	0	0
16	47500001	0.688427	0.657351	2	0	0
16	48000001	0.66211	0.657351	2	0	0
16	48500001	0.655652	0.657351	2	0	0
16	49000001	0.65914	0.657351	2	0	0
16	49500001	0.658599	0.657351	2	0	0
16	50000001	0.646355	0.657351	2	0	0
16	50500001	0.661125	0.657351	2	0	0
16	51000001	0.629723	0.657351	2	0	0
16	51500001	0.634851	0.657351	2	0	0
16	52000001	0.625138	0.657351	2	0	0
16	52500001	0.625134	0.657351	2	0	0
16	53000001	0.684832	0.657351	2	0	0
16	53500001	0.628652	0.657351	2	0	0
16	54000001	0.689697	0.657351	2	0	0
16	54500001	0.647747	0.657351	2	0	0
16	55000001	0.638817	0.657351	2	0	0
16	55500001	0.656135	0.657351	2	0	0
16	56000001	0.682986	0.657351	2	0	0
16	56500001	0.699969	0.657351	2	0	0
16	57000001	0.656506	0.657351	2	0	0
16	57500001	0.678331	0.657351	2	0	0
16	58000001	0.671107	0.657351	2	0	0
16	58500001	0.67149	0.657351	2	0	0
16	59000001	0.663959	0.657351	2	0	0
16	59500001	0.633772	0.657351	2	0	0
16	60000001	0.619579	0.657351	2	0	0
16	60500001	0.656121	0.657351	2	0	0
16	61000001	0.651833	0.657351	2	0	0
16	61500001	0.664623	0.657351	2	0	0
16	62000001	0.636198	0.657351	2	0	0
16	62500001	0.653419	0.657351	2	0	0
16	63000001	0.640383	0.657351	2	0	0
16	63500001	0.615969	0.657351	2	0	0
16	64000001	0.637432	0.657351	2	0	0
16	64500001	0.644932	0.657351	2	0	0
16	65000001	0.660184	0.657351	2	0	0
16	65500001	0.682266	0.657351	2	0	0
16	66000001	0.703639	0.657351	2	0	0
16	66500001	0.682929	0.657351	2	0	0
16	67000001	0.707649	0.657351	2	0	0
16	67500001	0.681485	0.657351	2	0	0
16	68000001	0.725956	0.657351	2	0	0
16	68500001	0.692685	0.657351	2	0	0
16	69000001	0.712708	0.657351	2	0	0
16	69500001	0.623816	0.657351	2	0	0
16	70000001	0.643643	0.657351	2	0	0
16	70500001	0.668465	0.657351	2	0	0
16	71000001	0.753809	0.657351	2	0	0
16	71500001	0.667554	0.657351	2	0	0
16	72000001	0.689816	0.657351	2	0	0
16	72500001	0.631383	0.657351	2	0	0
16	73000001	0.64176	0.657351	2	0	0
16	73500001	0.650704	0.657351	2	0	0
16	74000001	0.681666	0.657351	2	0	0
16	74500001	0.660839	0.657351	2	0	0
16	75000001	0.668373	0.657351	2	0	0
16	75500001	0.674709	0.657351	2	0	0
16	76000001	0.669161	0.657351	2	0	0
16	76500001	0.675715	0.657351	2	0	0
16	77000001	0.637229	0.657351	2	0	0
16	77500001	0.648633	0.657351	2	0	0
16	78000001	0.507286	0.657351	2	0	0
16	78500001	0.623326	0.657351	2	0	0
16	79000001	0.637092	0.657351	2	0	0
16	79500001	0.647242	0.657351	2	0	0
16	80000001	0.707771	0.657351	2	0	0
16	80500001	0.655732	0.657351	2	0	0
16	81000001	0.641452	0.657351	2	0	0
16	81500001	0.706762	0.657351	2	0	0
16	82000001	0.671744	0.657351	2	0	0
16	82500001	0.650172	0.657351	2	0	0
16	83000001	0.652907	0.657351	2	0	0
16	83500001	0.661892	0.657351	2	0	0
16	84000001	0.717456	0.657351	2	0	0
16	84500001	0.667371	0.657351	2	0	0
16	85000001	0.657351	0.657351	2	0	0
16	85500001	0.710502	0.657351	2	0	0
16	86000001	0.637985	0.657351	2	0	0
16	86500001	0.653585	0.657351	2	0	0
16	87000001	0.644423	0.657351	2	0	0
16	87500001	0.652475	0.657351	2	0	0
16	88000001	0.655667	0.657351	2	0	0
16	88500001	0.640772	0.657351	2	0	0
16	89000001	0.667803	0.657351	2	0	0
16	89500001	0.682002	0.657351	2	0	0
16	90000001	-1	-1	-1	0	0
17	1	-1	-1	-1	0	0
17	500001	1.0291	0.999166	3	0	0
17	1000001	1.02224	0.999166	3	0	0
17	1500001	0.983522	0.999166	3	0	0
17	2000001	1.01525	0.999166	3	0	0
17	2500001	0.980638	0.999166	3	0	0
17	3000001	1.02249	0.999166	3	0	0
17	3500001	1.01315	0.999166	3	0	0
17	4000001	0.980866	0.999166	3	0	0
17	4500001	1.00373	0.999166	3	0	0
17	5000001	1.00923	0.999166	3	0	0
17	5500001	1.01644	0.999166	3	0	0
17	6000001	1.00244	0.999166	3	0	0
17	6500001	1.05218	0.999166	3	0	0
17	7000001	0.989083	0.999166	3	0	0
17	7500001	0.995712	0.999166	3	0	0
17	8000001	1.02838	0.999166	3	0	0
17	8500001	1.01232	0.999166	3	0	0
17	9000001	0.911545	0.999166	3	0	0
17	9500001	0.947005	0.999166	3	0	0
17	10000001	0.99589	0.999166	3	0	0
17	10500001	0.934105	0.999166	3	0	0
17	11000001	0.904183	0.999166	3	0	0
17	11500001	0.934639	0.999166	3	0	0
17	12000001	0.97094	0.999166	3	0	0
17	12500001	0.944866	0.999166	3	0	0
17	13000001	1.00675	0.999166	3	0	0
17	13500001	0.949055	0.999166	3	0	0
17	14000001	0.982694	0.999166	3	0	0
17	14500001	0.955699	0.999166	3	0	0
17	15000001	1.01493	0.999166	3	0	0
17	15500001	1.0079	0.999166	3	0	0
17	16000001	1.00341	0.999166	3	0	0
17	16500001	0.989253	0.999166	3	0	0
17	17000001	1.04905	0.999166	3	0	0
17	17500001	1.04072	0.999166	3	0	0
17	18000001	1.02573	0.999166	3	0	0
17	18500001	0.990936	0.999166	3	0	0
17	19000001	1.05953	0.999166	3	0	0
17	19500001	0.992622	0.999166	3	0	0
17	20000001	0.978006	0.999166	3	0	0
17	20500001	0.947389	0.999166	3	0	0
17	21000001	1.05731	0.999166	3	0	0
17	21500001	1.37309	1.09624	3	0	0
17	22000001	1.02004	1.09624	3	0	0
17	22500001	1.17244	1.09624	3	0	0
17	23000001	0.974951	1.09624	3	0	0
17	23500001	0.413729	0.448612	1	0	0
17	24000001	0.531636	0.448612	1	0	0
17	24500001	0.413269	0.448612	1	0	0
17	25000001	0.683356	0.448612	1	0	0
17	25500001	0.483495	0.448612	1	0	0
17	26000001	0.225761	0.448612	1	0	0
17	26500001	3.46174	3.46174	10	0	0
17	27000001	1.03526	1.00673	3	0	0
17	27500001	1.00443	1.00673	3	0	0
17	28000001	1.0167	1.00673	3	0	0
17	28500001	1.04251	1.00673	3	0	0
17	29000001	0.987827	1.00673	3	0	0
17	29500001	1.03886	1.00673	3	0	0
17	30000001	1.06179	1.00673	3	0	0
17	30500001	0.985685	1.00673	3	0	0
17	31000001	1.0216	1.00673	3	0	0
17	31500001	1.03203	1.00673	3	0	0
17	32000001	0.984715	1.00673	3	0	0
17	32500001	1.02453	1.00673	3	0	0
17	33000001	0.984999	1.00673	3	0	0
17	33500001	0.933426	1.00673	3	0	0
17	34000001	0.973178	1.00673	3	0	0
17	34500001	1.01393	1.00673	3	0	0
17	35000001	0.959368	1.00673	3	0	0
17	35500001	1.059	1.00673	3	0	0
17	36000001	0.961034	1.00673	3	0	0
17	36500001	1.05875	1.00673	3	0	0
17	37000001	0.995026	1.00673	3	0	0
17	37500001	0.966204	1.00673	3	0	0
17	38000001	0.76236	1.00673	3	0	0
17	38500001	0.997082	1.00673	3	0	0
17	39000001	0.985656	1.00673	3	0	0
17	39500001	1.00734	1.00673	3	0	0
17	40000001	1.0607	1.00673	3	0	0
17	40500001	1.05658	1.00673	3	0	0
17	41000001	1.01801	1.00673	3	0	0
17	41500001	1.01097	1.00673	3	0	0
17	42000001	1.02469	1.00673	3	0	0
17	42500001	1.02654	1.00673	3	0	0
17	43000001	0.971396	1.00673	3	0	0
17	43500001	1.04884	1.00673	3	0	0
17	44000001	0.962219	1.00673	3	0	0
17	44500001	1.0135	1.00673	3	0	0
17	45000001	1.02801	1.00673	3	0	0
17	45500001	1.10312	1.00673	3	0	0
17	46000001	0.720361	1.00673	3	0	0
17	46500001	0.85795	1.00673	3	0	0
17	47000001	1.06096	1.00673	3	0	0
17	47500001	1.00579	1.00673	3	0	0
17	48000001	1.06967	1.00673	3	0	0
17	48500001	0.955287	1.00673	3	0	0
17	49000001	1.00499	1.00673	3	0	0
17	49500001	1.02458	1.00673	3	0	0
17	50000001	1.05924	1.00673	3	0	0
17	50500001	1.04672	1.00673	3	0	0
17	51000001	1.01074	1.00673	3	0	0
17	51500001	1.04187	1.00673	3	0	0
17	52000001	0.993298	1.00673	3	0	0
17	52500001	1.00225	1.00673	3	0	0
17	53000001	1.04661	1.00673	3	0	0
17	53500001	1.01129	1.00673	3	0	0
17	54000001	0.963236	1.00673	3	0	0
17	54500001	0.978466	1.00673	3	0	0
17	55000001	0.97209	1.00673	3	0	0
17	55500001	0.984034	1.00673	3	0	0
17	56000001	1.04629	1.00673	3	0	0
17	56500001	1.03324	1.00673	3	0	0
17	57000001	1.03958	1.00673	3	0	0
17	57500001	1.05453	1.00673	3	0	0
17	58000001	1.05445	1.00673	3	0	0
17	58500001	0.942907	1.00673	3	0	0
17	59000001	0.939727	1.00673	3	0	0
17	59500001	1.00766	1.00673	3	0	0
17	60000001	0.988663	1.00673	3	0	0
17	60500001	0.992396	1.00673	3	0	0
17	61000001	0.973982	1.00673	3	0	0
17	61500001	1.0677	1.00673	3	0	0
17	62000001	0.999266	1.00673	3	0	0
17	62500001	1.00469	1.00673	3	0	0
17	63000001	1.0067	1.00673	3	0	0
17	63500001	1.03588	1.00673	3	0	0
17	64000001	1.0325	1.00673	3	0	0
17	64500001	1.03335	1.00673	3	0	0
17	65000001	1.038	1.00673	3	0	0
17	65500001	0.992032	1.00673	3	0	0
17	66000001	1.02087	1.00673	3	0	0
17	66500001	1.02163	1.00673	3	0	0
17	67000001	0.947041	1.00673	3	0	0
17	67500001	0.950647	1.00673	3	0	0
17	68000001	0.980913	1.00673	3	0	0
17	68500001	0.958179	1.00673	3	0	0
17	69000001	0.982888	1.00673	3	0	0
17	69500001	0.977557	1.00673	3	0	0
17	70000001	0.923798	1.00673	3	0	0
17	70500001	1.00306	1.00673	3	0	0
17	71000001	1.01009	1.00673	3	0	0
17	71500001	0.991596	1.00673	3	0	0
17	72000001	1.02327	1.00673	3	0	0
17	72500001	0.999716	1.00673	3	0	0
17	73000001	0.967851	1.00673	3	0	0
17	73500001	1.04826	1.00673	3	0	0
17	74000001	0.975907	1.00673	3	0	0
17	74500001	1.04217	1.00673	3	0	0
17	75000001	0.986309	1.00673	3	0	0
17	75500001	1.03183	1.00673	3	0	0
17	76000001	0.977755	1.00673	3	0	0
17	76500001	1.02186	1.00673	3	0	0
17	77000001	0.977917	1.00673	3	0	0
17	77500001	1.00673	1.00673	3	0	0
17	78000001	1.00839	1.00673	3	0	0
17	78500001	0.990581	1.00673	3	0	0
17	79000001	1.05655	1.00673	3	0	0
17	79500001	1.02895	1.00673	3	0	0
17	80000001	1.01322	1.00673	3	0	0
17	80500001	1.03209	1.00673	3	0	0
17	81000001	1.0094	1.00673	3	0	0
17	81500001	0.975992	1.00673	3	0	0
17	82000001	0.990923	1.00673	3	0	0
17	82500001	0.988716	1.00673	3	0	0
17	83000001	0.510945	1.00673	3	0	0
18	1	1.96298	1.96298	6	0	0
18	500001	0.676754	0.665814	2	0	0
18	1000001	0.664482	0.665814	2	0	0
18	1500001	0.68661	0.665814	2	0	0
18	2000001	0.704682	0.665814	2	0	0
18	2500001	0.686033	0.665814	2	0	0
18	3000001	0.655276	0.665814	2	0	0
18	3500001	0.682335	0.665814	2	0	0
18	4000001	0.712469	0.665814	2	0	0
18	4500001	0.665814	0.665814	2	0	0
18	5000001	0.620703	0.665814	2	0	0
18	5500001	0.628626	0.665814	2	0	0
18	6000001	0.608963	0.665814	2	0	0
18	6500001	0.632408	0.665814	2	0	0
18	7000001	0.650772	0.665814	2	0	0
18	7500001	0.708556	0.665814	2	0	0
18	8000001	0.69847	0.665814	2	0	0
18	8500001	0.712113	0.665814	2	0	0
18	9000001	0.689891	0.665814	2	0	0
18	9500001	0.698396	0.665814	2	0	0
18	10000001	0.711008	0.665814	2	0	0
18	10500001	0.648529	0.665814	2	0	0
18	11000001	0.655545	0.665814	2	0	0
18	11500001	0.672649	0.665814	2	0	0
18	12000001	0.707982	0.665814	2	0	0
18	12500001	0.664744	0.665814	2	0	0
18	13000001	0.638528	0.665814	2	0	0
18	13500001	0.657044	0.665814	2	0	0
18	14000001	0.648049	0.665814	2	0	0
18	14500001	0.663616	0.665814	2	0	0
18	15000001	0.833772	0.827575	2	0	0
18	15500001	0.821378	0.827575	2	0	0
18	16000001	1.02144	1.02144	3	0	0
18	16500001	0.904373	0.89441	3	0	0
18	17000001	0.884449	0.89441	3	0	0
18	17500001	0.788116	0.816306	2	0	0
18	18000001	0.844497	0.816306	2	0	0
18	18500001	0.676907	0.674152	2	0	0
18	19000001	0.731014	0.674152	2	0	0
18	19500001	0.655771	0.674152	2	0	0
18	20000001	0.69461	0.674152	2	0	0
18	20500001	0.595674	0.674152	2	0	0
18	21000001	0.682215	0.674152	2	0	0
18	21500001	0.69118	0.674152	2	0	0
18	22000001	0.698957	0.674152	2	0	0
18	22500001	0.732495	0.674152	2	0	0
18	23000001	0.673658	0.674152	2	0	0
18	23500001	0.678151	0.674152	2	0	0
18	24000001	0.679584	0.674152	2	0	0
18	24500001	0.691464	0.674152	2	0	0
18	25000001	0.635311	0.674152	2	0	0
18	25500001	0.651803	0.674152	2	0	0
18	26000001	0.598694	0.674152	2	0	0
18	26500001	0.662074	0.674152	2	0	0
18	27000001	0.711683	0.674152	2	0	0
18	27500001	0.688957	0.674152	2	0	0
18	28000001	0.672058	0.674152	2	0	0
18	28500001	0.725903	0.674152	2	0	0
18	29000001	0.721463	0.674152	2	0	0
18	29500001	0.674152	0.674152	2	0	0
18	30000001	0.661253	0.674152	2	0	0
18	30500001	0.669074	0.674152	2	0	0
18	31000001	0.692575	0.674152	2	0	0
18	31500001	0.62215	0.674152	2	0	0
18	32000001	0.663602	0.674152	2	0	0
18	32500001	0.647493	0.674152	2	0	0
18	33000001	0.682121	0.674152	2	0	0
18	33500001	0.639528	0.674152	2	0	0
18	34000001	0.632929	0.674152	2	0	0
18	34500001	0.693576	0.674152	2	0	0
18	35000001	0.636998	0.674152	2	0	0
18	35500001	0.693695	0.674152	2	0	0
18	36000001	0.657102	0.674152	2	0	0
18	36500001	0.657244	0.674152	2	0	0
18	37000001	0.95583	0.962499	3	0	0
18	37500001	0.938517	0.962499	3	0	0
18	38000001	0.951683	0.962499	3	0	0
18	38500001	0.94557	0.962499	3	0	0
18	39000001	0.959357	0.962499	3	0	0
18	39500001	0.954025	0.962499	3	0	0
18	40000001	1.0153	0.962499	3	0	0
18	40500001	0.965642	0.962499	3	0	0
18	41000001	0.970659	0.962499	3	0	0
18	41500001	1.00692	0.962499	3	0	0
18	42000001	0.952007	0.962499	3	0	0
18	42500001	0.969339	0.962499	3	0	0
18	43000001	0.975116	0.962499	3	0	0
18	43500001	1.00368	0.962499	3	0	0
18	44000001	0.938489	0.962499	3	0	0
18	44500001	0.959337	0.962499	3	0	0
18	45000001	0.996677	0.962499	3	0	0
18	45500001	1.04437	0.962499	3	0	0
18	46000001	0.782227	0.782227	2	0	0
18	46500001	0.341553	0.336887	1	0	0
18	47000001	0.320799	0.336887	1	0	0
18	47500001	0.358746	0.336887	1	0	0
18	48000001	0.354858	0.336887	1	0	0
18	48500001	0.349508	0.336887	1	0	0
18	49000001	0.320857	0.336887	1	0	0
18	49500001	0.324861	0.336887	1	0	0
18	50000001	0.346191	0.336887	1	0	0
18	50500001	0.338699	0.336887	1	0	0
18	51000001	0.314526	0.336887	1	0	0
18	51500001	0.329007	0.336887	1	0	0
18	52000001	0.338668	0.336887	1	0	0
18	52500001	0.314005	0.336887	1	0	0
18	53000001	0.327004	0.336887	1	0	0
18	53500001	0.353386	0.336887	1	0	0
18	54000001	0.344189	0.336887	1	0	0
18	54500001	0.367332	0.336887	1	0	0
18	55000001	0.333172	0.336887	1	0	0
18	55500001	0.333618	0.336887	1	0	0
18	56000001	0.322894	0.336887	1	0	0
18	56500001	0.337864	0.336887	1	0	0
18	57000001	0.350782	0.336887	1	0	0
18	57500001	0.352806	0.336887	1	0	0
18	58000001	0.359166	0.336887	1	0	0
18	58500001	0.347506	0.336887	1	0	0
18	59000001	0.346754	0.336887	1	0	0
18	59500001	0.354787	0.336887	1	0	0
18	60000001	0.359306	0.336887	1	0	0
18	60500001	0.330751	0.336887	1	0	0
18	61000001	0.344709	0.336887	1	0	0
18	61500001	0.345741	0.336887	1	0	0
18	62000001	0.346731	0.336887	1	0	0
18	62500001	0.342082	0.336887	1	0	0
18	63000001	0.333338	0.336887	1	0	0
18	63500001	0.353572	0.336887	1	0	0
18	64000001	0.332572	0.336887	1	0	0
18	64500001	0.32684	0.336887	1	0	0
18	65000001	0.343487	0.336887	1	0	0
18	65500001	0.323177	0.336887	1	0	0
18	66000001	0.315816	0.336887	1	0	0
18	66500001	0.333857	0.336887	1	0	0
18	67000001	0.344898	0.336887	1	0	0
18	67500001	0.37018	0.336887	1	0	0
18	68000001	0.333055	0.336887	1	0	0
18	68500001	0.324107	0.336887	1	0	0
18	69000001	0.311702	0.336887	1	0	0
18	69500001	0.348446	0.336887	1	0	0
18	70000001	0.348545	0.336887	1	0	0
18	70500001	0.364737	0.336887	1	0	0
18	71000001	0.336887	0.336887	1	0	0
18	71500001	0.330336	0.336887	1	0	0
18	72000001	0.322293	0.336887	1	0	0
18	72500001	0.327521	0.336887	1	0	0
18	73000001	0.313932	0.336887	1	0	0
18	73500001	0.322654	0.336887	1	0	0
18	74000001	0.321123	0.336887	1	0	0
18	74500001	0.344515	0.336887	1	0	0
18	75000001	0.340362	0.336887	1	0	0
18	75500001	0.312904	0.336887	1	0	0
18	76000001	0.318624	0.336887	1	0	0
18	76500001	0.333392	0.336887	1	0	0
18	77000001	0.353851	0.336887	1	0	0
18	77500001	0.349813	0.336887	1	0	0
18	78000001	0.282843	0.336887	1	0	0
18	78500001	0.320339	0.336887	1	0	0
18	79000001	0.319403	0.336887	1	0	0
18	79500001	0.317066	0.336887	1	0	0
18	80000001	-1	-1	-1	0	0
19	1	0.966571	0.965093	3	0	0
19	500001	0.98214	0.965093	3	0	0
19	1000001	0.939949	0.965093	3	0	0
19	1500001	0.93313	0.965093	3	0	0
19	2000001	0.97032	0.965093	3	0	0
19	2500001	0.937591	0.965093	3	0	0
19	3000001	0.920551	0.965093	3	0	0
19	3500001	0.972647	0.965093	3	0	0
19	4000001	0.990612	0.965093	3	0	0
19	4500001	0.957119	0.965093	3	0	0
19	5000001	0.997325	0.965093	3	0	0
19	5500001	1.01774	0.965093	3	0	0
19	6000001	0.963615	0.965093	3	0	0
19	6500001	0.898238	0.965093	3	0	0
19	7000001	0.939261	0.965093	3	0	0
19	7500001	0.967593	0.965093	3	0	0
19	8000001	0.939008	0.965093	3	0	0
19	8500001	1.34232	0.965093	3	0	0
19	9000001	0.922403	0.965093	3	0	0
19	9500001	1.01246	0.965093	3	0	0
19	10000001	1.00313	0.965093	3	0	0
19	10500001	0.983682	0.965093	3	0	0
19	11000001	0.930272	0.965093	3	0	0
19	11500001	0.992009	0.965093	3	0	0
19	12000001	0.961212	0.965093	3	0	0
19	12500001	0.960392	0.965093	3	0	0
19	13000001	1.01986	0.965093	3	0	0
19	13500001	0.948713	0.965093	3	0	0
19	14000001	0.931325	0.965093	3	0	0
19	14500001	0.943395	0.965093	3	0	0
19	15000001	0.938655	0.965093	3	0	0
19	15500001	0.992697	0.965093	3	0	0
19	16000001	1.01747	0.965093	3	0	0
19	16500001	0.985844	0.965093	3	0	0
19	17000001	0.96844	0.965093	3	0	0
19	17500001	0.961885	0.965093	3	0	0
19	18000001	1.00739	0.965093	3	0	0
19	18500001	1.0083	0.965093	3	0	0
19	19000001	1.00723	0.965093	3	0	0
19	19500001	0.98893	0.965093	3	0	0
19	20000001	0.963208	0.965093	3	0	0
19	20500001	1.00478	0.965093	3	0	0
19	21000001	0.915891	0.965093	3	0	0
19	21500001	0.967002	0.965093	3	0	0
19	22000001	0.94742	0.965093	3	0	0
19	22500001	0.905023	0.965093	3	0	0
19	23000001	0.912327	0.965093	3	0	0
19	23500001	0.933343	0.965093	3	0	0
19	24000001	1.24897	1.24897	4	0	0
19	24500001	0.9864	1.24897	4	0	0
19	25000001	1.27376	1.24897	4	0	0
19	25500001	1.42351	1.49159	4	0	0
19	26000001	1.55968	1.49159	4	0	0
19	26500001	2.07103	2.07103	6	0	0
19	27000001	2.90851	2.90851	9	0	0
19	27500001	1.02219	0.980771	3	0	0
19	28000001	0.973056	0.980771	3	0	0
19	28500001	0.956577	0.980771	3	0	0
19	29000001	1.00877	0.980771	3	0	0
19	29500001	0.96644	0.980771	3	0	0
19	30000001	0.959325	0.980771	3	0	0
19	30500001	0.941306	0.980771	3	0	0
19	31000001	0.937941	0.980771	3	0	0
19	31500001	0.902405	0.980771	3	0	0
19	32000001	0.966547	0.980771	3	0	0
19	32500001	0.936491	0.980771	3	0	0
19	33000001	0.972185	0.980771	3	0	0
19	33500001	0.936689	0.980771	3	0	0
19	34000001	0.987372	0.980771	3	0	0
19	34500001	1.0535	0.980771	3	0	0
19	35000001	0.98607	0.980771	3	0	0
19	35500001	0.93874	0.980771	3	0	0
19	36000001	1.18181	0.980771	3	0	0
19	36500001	0.928764	0.980771	3	0	0
19	37000001	1.03124	0.980771	3	0	0
19	37500001	0.99194	0.980771	3	0	0
19	38000001	1.00621	0.980771	3	0	0
19	38500001	0.970715	0.980771	3	0	0
19	39000001	0.980771	0.980771	3	0	0
19	39500001	1.07589	0.980771	3	0	0
19	40000001	0.986022	0.980771	3	0	0
19	40500001	0.984066	0.980771	3	0	0
19	41000001	1.00716	0.980771	3	0	0
19	41500001	1.04002	0.980771	3	0	0
19	42000001	1.03922	0.980771	3	0	0
19	42500001	1.0006	0.980771	3	0	0
19	43000001	1.0717	0.980771	3	0	0
19	43500001	1.03881	0.980771	3	0	0
19	44000001	1.07283	0.980771	3	0	0
19	44500001	1.02747	0.980771	3	0	0
19	45000001	0.995177	0.980771	3	0	0
19	45500001	0.949328	0.980771	3	0	0
19	46000001	1.01764	0.980771	3	0	0
19	46500001	0.953799	0.980771	3	0	0
19	47000001	0.991487	0.980771	3	0	0
19	47500001	1.22896	0.980771	3	0	0
19	48000001	1.01054	0.980771	3	0	0
19	48500001	0.970112	0.980771	3	0	0
19	49000001	0.98589	0.980771	3	0	0
19	49500001	0.990166	0.980771	3	0	0
19	50000001	1.17592	0.980771	3	0	0
19	50500001	0.9296	0.980771	3	0	0
19	51000001	0.96186	0.980771	3	0	0
19	51500001	1.02857	0.980771	3	0	0
19	52000001	1.01817	0.980771	3	0	0
19	52500001	0.919869	0.980771	3	0	0
19	53000001	0.945264	0.980771	3	0	0
19	53500001	0.928798	0.980771	3	0	0
19	54000001	0.94076	0.980771	3	0	0
19	54500001	0.979517	0.980771	3	0	0
19	55000001	0.970865	0.980771	3	0	0
19	55500001	0.966341	0.980771	3	0	0
19	56000001	0.970672	0.980771	3	0	0
19	56500001	0.952345	0.980771	3	0	0
19	57000001	0.956051	0.980771	3	0	0
19	57500001	0.968286	0.980771	3	0	0
19	58000001	1.13117	0.691502	2	0	0
19	58500001	0.251834	0.691502	2	0	0
2	1	0.573426	0.664501	2	0	0
2	500001	0.630759	0.664501	2	0	0
2	1000001	0.581681	0.664501	2	0	0
2	1500001	0.602916	0.664501	2	0	0
2	2000001	0.606196	0.664501	2	0	0
2	2500001	0.61594	0.664501	2	0	0
2	3000001	0.64636	0.664501	2	0	0
2	3500001	0.657344	0.664501	2	0	0
2	4000001	0.630906	0.664501	2	0	0
2	4500001	0.633682	0.664501	2	0	0
2	5000001	0.609824	0.664501	2	0	0
2	5500001	0.637964	0.664501	2	0	0
2	6000001	0.620957	0.664501	2	0	0
2	6500001	0.628424	0.664501	2	0	0
2	7000001	0.653082	0.664501	2	0	0
2	7500001	0.606875	0.664501	2	0	0
2	8000001	0.661586	0.664501	2	0	0
2	8500001	0.64945	0.664501	2	0	0
2	9000001	0.714043	0.664501	2	0	0
2	9500001	0.687551	0.664501	2	0	0
2	10000001	0.713744	0.664501	2	0	0
2	10500001	0.656491	0.664501	2	0	0
2	11000001	0.659713	0.664501	2	0	0
2	11500001	0.687075	0.664501	2	0	0
2	12000001	0.676837	0.664501	2	0	0
2	12500001	0.694876	0.664501	2	0	0
2	13000001	0.697969	0.664501	2	0	0
2	13500001	0.662934	0.664501	2	0	0
2	14000001	0.631901	0.664501	2	0	0
2	14500001	0.616368	0.664501	2	0	0
2	15000001	0.669176	0.664501	2	0	0
2	15500001	0.584327	0.664501	2	0	0
2	16000001	0.580773	0.664501	2	0	0
2	16500001	0.621423	0.664501	2	0	0
2	17000001	0.650791	0.664501	2	0	0
2	17500001	0.641403	0.664501	2	0	0
2	18000001	0.656359	0.664501	2	0	0
2	18500001	0.675408	0.664501	2	0	0
2	19000001	0.675665	0.664501	2	0	0
2	19500001	0.699497	0.664501	2	0	0
2	20000001	0.647753	0.664501	2	0	0
2	20500001	0.718903	0.664501	2	0	0
2	21000001	0.673779	0.664501	2	0	0
2	21500001	0.623573	0.664501	2	0	0
2	22000001	0.63502	0.664501	2	0	0
2	22500001	0.660164	0.664501	2	0	0
2	23000001	0.659656	0.664501	2	0	0
2	23500001	0.657698	0.664501	2	0	0
2	24000001	0.667107	0.664501	2	0	0
2	24500001	0.665647	0.664501	2	0	0
2	25000001	0.665407	0.664501	2	0	0
2	25500001	0.652042	0.664501	2	0	0
2	26000001	0.654595	0.664501	2	0	0
2	26500001	0.68391	0.664501	2	0	0
2	27000001	0.688353	0.664501	2	0	0
2	27500001	0.687505	0.664501	2	0	0
2	28000001	0.74482	0.664501	2	0	0
2	28500001	0.726752	0.664501	2	0	0
2	29000001	0.720556	0.664501	2	0	0
2	29500001	0.700076	0.664501	2	0	0
2	30000001	0.670455	0.664501	2	0	0
2	30500001	0.690008	0.664501	2	0	0
2	31000001	0.655765	0.664501	2	0	0
2	31500001	0.6865	0.664501	2	0	0
2	32000001	0.618906	0.664501	2	0	0
2	32500001	0.658495	0.664501	2	0	0
2	33000001	0.662717	0.664501	2	0	0
2	33500001	0.63062	0.664501	2	0	0
2	34000001	0.635876	0.664501	2	0	0
2	34500001	0.653475	0.664501	2	0	0
2	35000001	0.685546	0.664501	2	0	0
2	35500001	0.705279	0.664501	2	0	0
2	36000001	0.722063	0.664501	2	0	0
2	36500001	0.710698	0.664501	2	0	0
2	37000001	0.688995	0.664501	2	0	0
2	37500001	0.719981	0.664501	2	0	0
2	38000001	0.722616	0.664501	2	0	0
2	38500001	0.695182	0.664501	2	0	0
2	39000001	0.679458	0.664501	2	0	0
2	39500001	0.688048	0.664501	2	0	0
2	40000001	0.643606	0.664501	2	0	0
2	40500001	0.702817	0.664501	2	0	0
2	41000001	0.655345	0.664501	2	0	0
2	41500001	0.718941	0.664501	2	0	0
2	42000001	0.65394	0.664501	2	0	0
2	42500001	0.655615	0.664501	2	0	0
2	43000001	0.634579	0.664501	2	0	0
2	43500001	0.688118	0.664501	2	0	0
2	44000001	0.628313	0.664501	2	0	0
2	44500001	0.656348	0.664501	2	0	0
2	45000001	0.684559	0.664501	2	0	0
2	45500001	0.668405	0.664501	2	0	0
2	46000001	0.679724	0.664501	2	0	0
2	46500001	0.711294	0.664501	2	0	0
2	47000001	0.681266	0.664501	2	0	0
2	47500001	0.670365	0.664501	2	0	0
2	48000001	0.699717	0.664501	2	0	0
2	48500001	0.668329	0.664501	2	0	0
2	49000001	0.650358	0.664501	2	0	0
2	49500001	0.619795	0.664501	2	0	0
2	50000001	0.656658	0.664501	2	0	0
2	50500001	0.651315	0.664501	2	0	0
2	51000001	0.637663	0.664501	2	0	0
2	51500001	0.665507	0.664501	2	0	0
2	52000001	0.635757	0.664501	2	0	0
2	52500001	0.639161	0.664501	2	0	0
2	53000001	0.657612	0.664501	2	0	0
2	53500001	0.657799	0.664501	2	0	0
2	54000001	0.680751	0.664501	2	0	0
2	54500001	0.713115	0.664501	2	0	0
2	55000001	0.678632	0.664501	2	0	0
2	55500001	0.703205	0.664501	2	0	0
2	56000001	0.681996	0.664501	2	0	0
2	56500001	0.691332	0.664501	2	0	0
2	57000001	0.683595	0.664501	2	0	0
2	57500001	0.676408	0.664501	2	0	0
2	58000001	0.661706	0.664501	2	0	0
2	58500001	0.664501	0.664501	2	0	0
2	59000001	0.649408	0.664501	2	0	0
2	59500001	0.63819	0.664501	2	0	0
2	60000001	0.643233	0.664501	2	0	0
2	60500001	0.64608	0.664501	2	0	0
2	61000001	0.63762	0.664501	2	0	0
2	61500001	0.614741	0.664501	2	0	0
2	62000001	0.696273	0.664501	2	0	0
2	62500001	0.702291	0.664501	2	0	0
2	63000001	0.735477	0.664501	2	0	0
2	63500001	0.657914	0.664501	2	0	0
2	64000001	0.675413	0.664501	2	0	0
2	64500001	0.698114	0.664501	2	0	0
2	65000001	0.681762	0.664501	2	0	0
2	65500001	0.702077	0.664501	2	0	0
2	66000001	0.636943	0.664501	2	0	0
2	66500001	0.647685	0.664501	2	0	0
2	67000001	0.643537	0.664501	2	0	0
2	67500001	0.669535	0.664501	2	0	0
2	68000001	0.683108	0.664501	2	0	0
2	68500001	0.728626	0.664501	2	0	0
2	69000001	0.690403	0.664501	2	0	0
2	69500001	0.69478	0.664501	2	0	0
2	70000001	0.686382	0.664501	2	0	0
2	70500001	0.669096	0.664501	2	0	0
2	71000001	0.700634	0.664501	2	0	0
2	71500001	0.677482	0.664501	2	0	0
2	72000001	0.656502	0.664501	2	0	0
2	72500001	0.684335	0.664501	2	0	0
2	73000001	0.652112	0.664501	2	0	0
2	73500001	0.695302	0.664501	2	0	0
2	74000001	0.677914	0.664501	2	0	0
2	74500001	0.684055	0.664501	2	0	0
2	75000001	0.713137	0.664501	2	0	0
2	75500001	0.665198	0.664501	2	0	0
2	76000001	0.655721	0.664501	2	0	0
2	76500001	0.652612	0.664501	2	0	0
2	77000001	0.680058	0.664501	2	0	0
2	77500001	0.644186	0.664501	2	0	0
2	78000001	0.674459	0.664501	2	0	0
2	78500001	0.651953	0.664501	2	0	0
2	79000001	0.642148	0.664501	2	0	0
2	79500001	0.64041	0.664501	2	0	0
2	80000001	0.655811	0.664501	2	0	0
2	80500001	0.678512	0.664501	2	0	0
2	81000001	0.681451	0.664501	2	0	0
2	81500001	0.66815	0.664501	2	0	0
2	82000001	0.662094	0.664501	2	0	0
2	82500001	0.629072	0.664501	2	0	0
2	83000001	0.620902	0.664501	2	0	0
2	83500001	0.648883	0.664501	2	0	0
2	84000001	0.637674	0.664501	2	0	0
2	84500001	0.665488	0.664501	2	0	0
2	85000001	0.668394	0.664501	2	0	0
2	85500001	1.27231	1.29178	4	0	0
2	86000001	1.31663	1.29178	4	0	0
2	86500001	1.23536	1.29178	4	0	0
2	87000001	1.43743	1.29178	4	0	0
2	87500001	1.24968	1.29178	4	0	0
2	88000001	1.08823	1.29178	4	0	0
2	88500001	0.960029	1.29178	4	0	0
2	89000001	-1	1.29178	4	0	0
2	89500001	-1	1.29178	4	0	0
2	90000001	-1	1.29178	4	0	0
2	90500001	-1	1.29178	4	0	0
2	91000001	-1	1.29178	4	0	0
2	91500001	1.31126	1.29178	4	0	0
2	92000001	1.4554	1.29178	4	0	0
2	92500001	1.44641	1.29178	4	0	0
2	93000001	0.7273	0.68759	2	0	0
2	93500001	0.64788	0.68759	2	0	0
2	94000001	-1	-1	-1	0	0
2	94500001	1.03638	0.964125	3	0	0
2	95000001	0.999021	0.964125	3	0	0
2	95500001	1.09037	0.964125	3	0	0
2	96000001	1.07227	0.964125	3	0	0
2	96500001	0.991706	0.964125	3	0	0
2	97000001	1.05364	0.964125	3	0	0
2	97500001	0.993511	0.964125	3	0	0
2	98000001	0.986933	0.964125	3	0	0
2	98500001	1.00081	0.964125	3	0	0
2	99000001	0.975968	0.964125	3	0	0
2	99500001	0.965488	0.964125	3	0	0
2	100000001	0.997054	0.964125	3	0	0
2	100500001	1.04133	0.964125	3	0	0
2	101000001	0.960813	0.964125	3	0	0
2	101500001	0.953573	0.964125	3	0	0
2	102000001	0.999043	0.964125	3	0	0
2	102500001	0.971319	0.964125	3	0	0
2	103000001	0.961134	0.964125	3	0	0
2	103500001	0.968901	0.964125	3	0	0
2	104000001	0.985509	0.964125	3	0	0
2	104500001	0.933166	0.964125	3	0	0
2	105000001	0.947636	0.964125	3	0	0
2	105500001	0.988619	0.964125	3	0	0
2	106000001	0.929189	0.964125	3	0	0
2	106500001	0.913335	0.964125	3	0	0
2	107000001	0.958733	0.964125	3	0	0
2	107500001	0.936362	0.964125	3	0	0
2	108000001	1.05091	0.964125	3	0	0
2	108500001	0.967844	0.964125	3	0	0
2	109000001	1.05148	0.964125	3	0	0
2	109500001	0.943464	0.964125	3	0	0
2	110000001	0.960379	0.964125	3	0	0
2	110500001	1.00475	0.964125	3	0	0
2	111000001	1.09295	0.964125	3	0	0
2	111500001	1.06901	0.964125	3	0	0
2	112000001	1.027	0.964125	3	0	0
2	112500001	1.02586	0.964125	3	0	0
2	113000001	1.05124	0.964125	3	0	0
2	113500001	1.06892	0.964125	3	0	0
2	114000001	1.01188	0.964125	3	0	0
2	114500001	0.962225	0.964125	3	0	0
2	115000001	0.940164	0.964125	3	0	0
2	115500001	0.92559	0.964125	3	0	0
2	116000001	0.958126	0.964125	3	0	0
2	116500001	0.943149	0.964125	3	0	0
2	117000001	0.941015	0.964125	3	0	0
2	117500001	0.972826	0.964125	3	0	0
2	118000001	0.937588	0.964125	3	0	0
2	118500001	0.945113	0.964125	3	0	0
2	119000001	0.9637	0.964125	3	0	0
2	119500001	0.964125	0.964125	3	0	0
2	120000001	0.982796	0.964125	3	0	0
2	120500001	0.987187	0.964125	3	0	0
2	121000001	0.975102	0.964125	3	0	0
2	121500001	1.01874	0.964125	3	0	0
2	122000001	0.983585	0.964125	3	0	0
2	122500001	0.952133	0.964125	3	0	0
2	123000001	0.954777	0.964125	3	0	0
2	123500001	0.989086	0.964125	3	0	0
2	124000001	0.919161	0.964125	3	0	0
2	124500001	0.87759	0.964125	3	0	0
2	125000001	0.890463	0.964125	3	0	0
2	125500001	0.957831	0.964125	3	0	0
2	126000001	0.90903	0.964125	3	0	0
2	126500001	0.977248	0.964125	3	0	0
2	127000001	0.973897	0.964125	3	0	0
2	127500001	0.979044	0.964125	3	0	0
2	128000001	0.891693	0.964125	3	0	0
2	128500001	0.894376	0.964125	3	0	0
2	129000001	0.957999	0.964125	3	0	0
2	129500001	0.90918	0.964125	3	0	0
2	130000001	0.944784	0.964125	3	0	0
2	130500001	0.956589	0.964125	3	0	0
2	131000001	0.96054	0.964125	3	0	0
2	131500001	0.918857	0.964125	3	0	0
2	132000001	0.997624	0.964125	3	0	0
2	132500001	0.978873	0.964125	3	0	0
2	133000001	0.950704	0.964125	3	0	0
2	133500001	0.963871	0.964125	3	0	0
2	134000001	0.925498	0.964125	3	0	0
2	134500001	0.965045	0.964125	3	0	0
2	135000001	0.960212	0.964125	3	0	0
2	135500001	0.917674	0.964125	3	0	0
2	136000001	0.926005	0.964125	3	0	0
2	136500001	0.928104	0.964125	3	0	0
2	137000001	0.940093	0.964125	3	0	0
2	137500001	0.96765	0.964125	3	0	0
2	138000001	1.03576	1.01341	3	0	0
2	138500001	0.998966	1.01341	3	0	0
2	139000001	1.05649	1.01341	3	0	0
2	139500001	0.976193	1.01341	3	0	0
2	140000001	1.03427	1.01341	3	0	0
2	140500001	1.02454	1.01341	3	0	0
2	141000001	0.964664	1.01341	3	0	0
2	141500001	0.972681	1.01341	3	0	0
2	142000001	1.02531	1.01341	3	0	0
2	142500001	0.988905	1.01341	3	0	0
2	143000001	1.00322	1.01341	3	0	0
2	143500001	0.999794	1.01341	3	0	0
2	144000001	0.981288	1.01341	3	0	0
2	144500001	0.991692	1.01341	3	0	0
2	145000001	0.987437	1.01341	3	0	0
2	145500001	1.03103	1.01341	3	0	0
2	146000001	1.06507	1.01341	3	0	0
2	146500001	1.0433	1.01341	3	0	0
2	147000001	0.971186	1.01341	3	0	0
2	147500001	0.965281	1.01341	3	0	0
2	148000001	0.96983	1.01341	3	0	0
2	148500001	0.953789	1.01341	3	0	0
2	149000001	1.01004	1.01341	3	0	0
2	149500001	1.04809	1.01341	3	0	0
2	150000001	0.980861	1.01341	3	0	0
2	150500001	0.979471	1.01341	3	0	0
2	151000001	1.01516	1.01341	3	0	0
2	151500001	1.05068	1.01341	3	0	0
2	152000001	1.0184	1.01341	3	0	0
2	152500001	1.01931	1.01341	3	0	0
2	153000001	1.03482	1.01341	3	0	0
2	153500001	0.972942	1.01341	3	0	0
2	154000001	0.979893	1.01341	3	0	0
2	154500001	0.995494	1.01341	3	0	0
2	155000001	1.04324	1.01341	3	0	0
2	155500001	1.02235	1.01341	3	0	0
2	156000001	0.986076	1.01341	3	0	0
2	156500001	1.06655	1.01341	3	0	0
2	157000001	1.02631	1.01341	3	0	0
2	157500001	0.953819	1.01341	3	0	0
2	158000001	1.03723	1.01341	3	0	0
2	158500001	1.01816	1.01341	3	0	0
2	159000001	1.01238	1.01341	3	0	0
2	159500001	1.07761	1.01341	3	0	0
2	160000001	1.08699	1.01341	3	0	0
2	160500001	1.04888	1.01341	3	0	0
2	161000001	1.06209	1.01341	3	0	0
2	161500001	1.02112	1.01341	3	0	0
2	162000001	1.05772	1.01341	3	0	0
2	162500001	1.049	1.01341	3	0	0
2	163000001	1.08184	1.01341	3	0	0
2	163500001	1.02645	1.01341	3	0	0
2	164000001	1.04505	1.01341	3	0	0
2	164500001	0.978124	1.01341	3	0	0
2	165000001	0.99662	1.01341	3	0	0
2	165500001	0.977645	1.01341	3	0	0
2	166000001	1.00946	1.01341	3	0	0
2	166500001	0.966485	1.01341	3	0	0
2	167000001	0.972207	1.01341	3	0	0
2	167500001	0.947271	1.01341	3	0	0
2	168000001	0.970217	1.01341	3	0	0
2	168500001	0.988949	1.01341	3	0	0
2	169000001	0.990017	1.01341	3	0	0
2	169500001	0.997532	1.01341	3	0	0
2	170000001	0.949525	1.01341	3	0	0
2	170500001	0.977233	1.01341	3	0	0
2	171000001	1.00423	1.01341	3	0	0
2	171500001	1.0362	1.01341	3	0	0
2	172000001	0.98567	1.01341	3	0	0
2	172500001	1.02507	1.01341	3	0	0
2	173000001	0.995863	1.01341	3	0	0
2	173500001	1.00313	1.01341	3	0	0
2	174000001	0.982937	1.01341	3	0	0
2	174500001	1.04493	1.01341	3	0	0
2	175000001	1.04171	1.01341	3	0	0
2	175500001	1.01977	1.01341	3	0	0
2	176000001	0.956954	1.01341	3	0	0
2	176500001	0.999695	1.01341	3	0	0
2	177000001	1.06858	1.01341	3	0	0
2	177500001	0.999055	1.01341	3	0	0
2	178000001	1.0012	1.01341	3	0	0
2	178500001	0.985813	1.01341	3	0	0
2	179000001	0.955386	1.01341	3	0	0
2	179500001	1.01755	1.01341	3	0	0
2	180000001	1.05089	1.01341	3	0	0
2	180500001	1.0435	1.01341	3	0	0
2	181000001	1.05558	1.01341	3	0	0
2	181500001	1.08479	1.01341	3	0	0
2	182000001	1.05205	1.01341	3	0	0
2	182500001	1.0378	1.01341	3	0	0
2	183000001	1.04172	1.01341	3	0	0
2	183500001	1.00591	1.01341	3	0	0
2	184000001	0.987187	1.01341	3	0	0
2	184500001	0.986252	1.01341	3	0	0
2	185000001	1.06697	1.01341	3	0	0
2	185500001	1.0568	1.01341	3	0	0
2	186000001	1.01994	1.01341	3	0	0
2	186500001	1.01211	1.01341	3	0	0
2	187000001	1.08127	1.01341	3	0	0
2	187500001	1.0543	1.01341	3	0	0
2	188000001	1.02145	1.01341	3	0	0
2	188500001	1.08424	1.01341	3	0	0
2	189000001	1.05475	1.01341	3	0	0
2	189500001	1.07664	1.01341	3	0	0
2	190000001	1.02709	1.01341	3	0	0
2	190500001	1.10331	1.01341	3	0	0
2	191000001	1.04296	1.01341	3	0	0
2	191500001	1.03202	1.01341	3	0	0
2	192000001	1.06969	1.01341	3	0	0
2	192500001	1.01341	1.01341	3	0	0
2	193000001	1.01072	1.01341	3	0	0
2	193500001	0.927476	1.01341	3	0	0
2	194000001	1.03467	1.01341	3	0	0
2	194500001	1.05086	1.01341	3	0	0
2	195000001	1.00314	1.01341	3	0	0
2	195500001	1.0064	1.01341	3	0	0
2	196000001	1.02353	1.01341	3	0	0
2	196500001	0.994731	1.01341	3	0	0
2	197000001	1.00265	1.01341	3	0	0
2	197500001	0.998592	1.01341	3	0	0
2	198000001	0.992817	1.01341	3	0	0
2	198500001	0.993403	1.01341	3	0	0
2	199000001	0.970591	1.01341	3	0	0
2	199500001	1.01471	1.01341	3	0	0
2	200000001	1.05252	1.01341	3	0	0
2	200500001	1.05494	1.01341	3	0	0
2	201000001	1.05273	1.01341	3	0	0
2	201500001	1.02026	1.01341	3	0	0
2	202000001	0.974142	1.01341	3	0	0
2	202500001	0.985176	1.01341	3	0	0
2	203000001	0.98087	1.01341	3	0	0
2	203500001	1.02304	1.01341	3	0	0
2	204000001	0.998223	1.01341	3	0	0
2	204500001	1.00373	1.01341	3	0	0
2	205000001	0.878267	1.01341	3	0	0
2	205500001	0.663894	0.667614	2	0	0
2	206000001	0.659786	0.667614	2	0	0
2	206500001	0.678325	0.667614	2	0	0
2	207000001	0.67586	0.667614	2	0	0
2	207500001	0.65611	0.667614	2	0	0
2	208000001	0.667683	0.667614	2	0	0
2	208500001	0.671929	0.667614	2	0	0
2	209000001	0.686624	0.667614	2	0	0
2	209500001	0.674831	0.667614	2	0	0
2	210000001	0.665285	0.667614	2	0	0
2	210500001	0.678917	0.667614	2	0	0
2	211000001	0.669887	0.667614	2	0	0
2	211500001	0.698181	0.667614	2	0	0
2	212000001	0.688228	0.667614	2	0	0
2	212500001	0.64617	0.667614	2	0	0
2	213000001	0.679075	0.667614	2	0	0
2	213500001	0.665069	0.667614	2	0	0
2	214000001	0.687347	0.667614	2	0	0
2	214500001	0.640698	0.667614	2	0	0
2	215000001	0.654024	0.667614	2	0	0
2	215500001	0.66792	0.667614	2	0	0
2	216000001	0.674074	0.667614	2	0	0
2	216500001	0.673714	0.667614	2	0	0
2	217000001	0.611371	0.667614	2	0	0
2	217500001	0.667179	0.667614	2	0	0
2	218000001	0.675803	0.667614	2	0	0
2	218500001	0.653004	0.667614	2	0	0
2	219000001	0.671616	0.667614	2	0	0
2	219500001	0.666134	0.667614	2	0	0
2	220000001	0.655964	0.667614	2	0	0
2	220500001	0.646123	0.667614	2	0	0
2	221000001	0.627449	0.667614	2	0	0
2	221500001	0.636243	0.667614	2	0	0
2	222000001	0.68632	0.667614	2	0	0
2	222500001	0.658218	0.667614	2	0	0
2	223000001	0.688841	0.667614	2	0	0
2	223500001	0.680195	0.667614	2	0	0
2	224000001	0.671058	0.667614	2	0	0
2	224500001	0.627134	0.667614	2	0	0
2	225000001	0.649615	0.667614	2	0	0
2	225500001	0.702067	0.667614	2	0	0
2	226000001	0.682254	0.667614	2	0	0
2	226500001	0.689367	0.667614	2	0	0
2	227000001	0.643594	0.667614	2	0	0
2	227500001	0.635423	0.667614	2	0	0
2	228000001	0.657247	0.667614	2	0	0
2	228500001	0.667546	0.667614	2	0	0
2	229000001	0.643588	0.667614	2	0	0
2	229500001	0.635198	0.667614	2	0	0
2	230000001	0.670294	0.667614	2	0	0
2	230500001	0.660342	0.667614	2	0	0
2	231000001	0.693654	0.667614	2	0	0
2	231500001	0.630565	0.667614	2	0	0
2	232000001	0.678634	0.667614	2	0	0
2	232500001	0.624329	0.667614	2	0	0
2	233000001	0.669047	0.667614	2	0	0
2	233500001	0.686522	0.667614	2	0	0
2	234000001	0.713907	0.667614	2	0	0
2	234500001	0.668931	0.667614	2	0	0
2	235000001	0.652851	0.667614	2	0	0
2	235500001	0.630768	0.667614	2	0	0
2	236000001	0.640777	0.667614	2	0	0
2	236500001	0.633023	0.667614	2	0	0
2	237000001	0.67752	0.667614	2	0	0
2	237500001	0.673309	0.667614	2	0	0
2	238000001	0.673309	0.667614	2	0	0
2	238500001	0.642162	0.667614	2	0	0
2	239000001	0.626298	0.667614	2	0	0
2	239500001	0.638103	0.667614	2	0	0
2	240000001	0.67642	0.667614	2	0	0
2	240500001	0.656058	0.667614	2	0	0
2	241000001	0.669698	0.667614	2	0	0
2	241500001	0.670507	0.667614	2	0	0
2	242000001	0.277641	0.667614	2	0	0
20	1	1.06465	1.00285	3	0	0
20	500001	1.05373	1.00285	3	0	0
20	1000001	1.01054	1.00285	3	0	0
20	1500001	0.954687	1.00285	3	0	0
20	2000001	0.988611	1.00285	3	0	0
20	2500001	0.988312	1.00285	3	0	0
20	3000001	1.00155	1.00285	3	0	0
20	3500001	0.991567	1.00285	3	0	0
20	4000001	1.04715	1.00285	3	0	0
20	4500001	0.994801	1.00285	3	0	0
20	5000001	1.00796	1.00285	3	0	0
20	5500001	0.938302	1.00285	3	0	0
20	6000001	1.02318	1.00285	3	0	0
20	6500001	0.958259	1.00285	3	0	0
20	7000001	0.964611	1.00285	3	0	0
20	7500001	0.92577	1.00285	3	0	0
20	8000001	1.00285	1.00285	3	0	0
20	8500001	0.951365	1.00285	3	0	0
20	9000001	0.978484	1.00285	3	0	0
20	9500001	1.02341	1.00285	3	0	0
20	10000001	1.01009	1.00285	3	0	0
20	10500001	1.02389	1.00285	3	0	0
20	11000001	1.03347	1.00285	3	0	0
20	11500001	1.00699	1.00285	3	0	0
20	12000001	0.987153	1.00285	3	0	0
20	12500001	1.01838	1.00285	3	0	0
20	13000001	1.05338	1.00285	3	0	0
20	13500001	0.957959	1.00285	3	0	0
20	14000001	1.00972	1.00285	3	0	0
20	14500001	0.975992	1.00285	3	0	0
20	15000001	0.941962	1.00285	3	0	0
20	15500001	0.964224	1.00285	3	0	0
20	16000001	0.984265	1.00285	3	0	0
20	16500001	0.965928	1.00285	3	0	0
20	17000001	1.06587	1.00285	3	0	0
20	17500001	1.0507	1.00285	3	0	0
20	18000001	1.00326	1.00285	3	0	0
20	18500001	1.04555	1.00285	3	0	0
20	19000001	0.992227	1.00285	3	0	0
20	19500001	1.03483	1.00285	3	0	0
20	20000001	0.976509	1.00285	3	0	0
20	20500001	0.985012	1.00285	3	0	0
20	21000001	0.933033	1.00285	3	0	0
20	21500001	0.932259	1.00285	3	0	0
20	22000001	1.06777	1.00285	3	0	0
20	22500001	1.04147	1.00285	3	0	0
20	23000001	1.02676	1.00285	3	0	0
20	23500001	1.00744	1.00285	3	0	0
20	24000001	0.985045	1.00285	3	0	0
20	24500001	1.01206	1.00285	3	0	0
20	25000001	1.01193	1.00285	3	0	0
20	25500001	0.984656	1.00285	3	0	0
20	26000001	1.12583	1.00285	3	0	0
20	26500001	1.49	1.44952	4	0	0
20	27000001	1.50154	1.44952	4	0	0
20	27500001	1.40904	1.44952	4	0	0
20	28000001	1.20002	1.44952	4	0	0
20	28500001	2.08521	2.08521	6	0	0
20	29000001	1.50538	1.50538	5	0	0
20	29500001	1.47787	1.50538	5	0	0
20	30000001	-1	1.50538	5	0	0
20	30500001	1.53683	1.50538	5	0	0
20	31000001	-1	-1	-1	0	0
20	31500001	1.40029	1.34926	4	0	0
20	32000001	1.37634	1.34926	4	0	0
20	32500001	1.37256	1.34926	4	0	0
20	33000001	1.42037	1.34926	4	0	0
20	33500001	1.34902	1.34926	4	0	0
20	34000001	1.34673	1.34926	4	0	0
20	34500001	1.38434	1.34926	4	0	0
20	35000001	1.38042	1.34926	4	0	0
20	35500001	1.36565	1.34926	4	0	0
20	36000001	1.41851	1.34926	4	0	0
20	36500001	1.3715	1.34926	4	0	0
20	37000001	1.32691	1.34926	4	0	0
20	37500001	1.41696	1.34926	4	0	0
20	38000001	1.40715	1.34926	4	0	0
20	38500001	1.33337	1.34926	4	0	0
20	39000001	1.33698	1.34926	4	0	0
20	39500001	1.26154	1.34926	4	0	0
20	40000001	1.32818	1.34926	4	0	0
20	40500001	1.37628	1.34926	4	0	0
20	41000001	1.3521	1.34926	4	0	0
20	41500001	1.33447	1.34926	4	0	0
20	42000001	1.28699	1.34926	4	0	0
20	42500001	1.35017	1.34926	4	0	0
20	43000001	1.32406	1.34926	4	0	0
20	43500001	1.36035	1.34926	4	0	0
20	44000001	1.31062	1.34926	4	0	0
20	44500001	1.38769	1.34926	4	0	0
20	45000001	1.35453	1.34926	4	0	0
20	45500001	1.38404	1.34926	4	0	0
20	46000001	1.36694	1.34926	4	0	0
20	46500001	1.37719	1.34926	4	0	0
20	47000001	1.36163	1.34926	4	0	0
20	47500001	1.31704	1.34926	4	0	0
20	48000001	1.29803	1.34926	4	0	0
20	48500001	1.34946	1.34926	4	0	0
20	49000001	1.3703	1.34926	4	0	0
20	49500001	1.35198	1.34926	4	0	0
20	50000001	1.35411	1.34926	4	0	0
20	50500001	1.40076	1.34926	4	0	0
20	51000001	1.34329	1.34926	4	0	0
20	51500001	1.31478	1.34926	4	0	0
20	52000001	1.25636	1.34926	4	0	0
20	52500001	1.30624	1.34926	4	0	0
20	53000001	1.34926	1.34926	4	0	0
20	53500001	1.35784	1.34926	4	0	0
20	54000001	1.32131	1.34926	4	0	0
20	54500001	1.31335	1.34926	4	0	0
20	55000001	1.25376	1.34926	4	0	0
20	55500001	1.28142	1.34926	4	0	0
20	56000001	1.32697	1.34926	4	0	0
20	56500001	1.22292	1.34926	4	0	0
20	57000001	1.36407	1.34926	4	0	0
20	57500001	1.30968	1.34926	4	0	0
20	58000001	1.35745	1.34926	4	0	0
20	58500001	1.32404	1.34926	4	0	0
20	59000001	1.35214	1.34926	4	0	0
20	59500001	1.2911	1.34926	4	0	0
20	60000001	1.28519	1.34926	4	0	0
20	60500001	1.33788	1.34926	4	0	0
20	61000001	1.29055	1.34926	4	0	0
20	61500001	1.34382	1.34926	4	0	0
20	62000001	1.348	1.34926	4	0	0
20	62500001	1.36292	1.34926	4	0	0
20	63000001	1.35831	1.34926	4	0	0
20	63500001	1.33435	1.34926	4	0	0
20	64000001	-1	-1	-1	0	0
21	1	-1	-1	-1	0	0
21	500001	-1	-1	-1	0	0
21	1000001	-1	-1	-1	0	0
21	1500001	-1	-1	-1	0	0
21	2000001	-1	-1	-1	0	0
21	2500001	-1	-1	-1	0	0
21	3000001	-1	-1	-1	0	0
21	3500001	-1	-1	-1	0	0
21	4000001	-1	-1	-1	0	0
21	4500001	-1	-1	-1	0	0
21	5000001	-1	-1	-1	0	0
21	5500001	-1	-1	-1	0	0
21	6000001	-1	-1	-1	0	0
21	6500001	-1	-1	-1	0	0
21	7000001	-1	-1	-1	0	0
21	7500001	-1	-1	-1	0	0
21	8000001	-1	-1	-1	0	0
21	8500001	-1	-1	-1	0	0
21	9000001	-1	-1	-1	0	0
21	9500001	1.22115	1.37595	4	0	0
21	10000001	-1	1.37595	4	0	0
21	10500001	1.53074	1.37595	4	0	0
21	11000001	0.370357	0.657132	2	0	0
21	11500001	0.572463	0.657132	2	0	0
21	12000001	0.772126	0.657132	2	0	0
21	12500001	1.2073	0.657132	2	0	0
21	13000001	0.569532	0.657132	2	0	0
21	13500001	0.571188	0.657132	2	0	0
21	14000001	0.639389	0.657132	2	0	0
21	14500001	0.637375	0.657132	2	0	0
21	15000001	0.650685	0.657132	2	0	0
21	15500001	0.678636	0.657132	2	0	0
21	16000001	0.659738	0.657132	2	0	0
21	16500001	0.681598	0.657132	2	0	0
21	17000001	0.676681	0.657132	2	0	0
21	17500001	0.630796	0.657132	2	0	0
21	18000001	0.666863	0.657132	2	0	0
21	18500001	0.687251	0.657132	2	0	0
21	19000001	0.657132	0.657132	2	0	0
21	19500001	0.812746	0.812746	2	0	0
21	20000001	0.97492	0.966616	3	0	0
21	20500001	0.966278	0.966616	3	0	0
21	21000001	1.03257	0.966616	3	0	0
21	21500001	0.973948	0.966616	3	0	0
21	22000001	0.967931	0.966616	3	0	0
21	22500001	0.941677	0.966616	3	0	0
21	23000001	0.96652	0.966616	3	0	0
21	23500001	0.878849	0.966616	3	0	0
21	24000001	0.945847	0.966616	3	0	0
21	24500001	0.962753	0.966616	3	0	0
21	25000001	0.976949	0.966616	3	0	0
21	25500001	0.936404	0.966616	3	0	0
21	26000001	0.958642	0.966616	3	0	0
21	26500001	0.948107	0.966616	3	0	0
21	27000001	0.954911	0.966616	3	0	0
21	27500001	0.967613	0.966616	3	0	0
21	28000001	1.00488	0.966616	3	0	0
21	28500001	1.00997	0.966616	3	0	0
21	29000001	0.992232	0.966616	3	0	0
21	29500001	0.974294	0.966616	3	0	0
21	30000001	0.936825	0.966616	3	0	0
21	30500001	0.963603	0.966616	3	0	0
21	31000001	0.904945	0.966616	3	0	0
21	31500001	0.939936	0.966616	3	0	0
21	32000001	0.928799	0.966616	3	0	0
21	32500001	0.962565	0.966616	3	0	0
21	33000001	0.964516	0.966616	3	0	0
21	33500001	0.988725	0.966616	3	0	0
21	34000001	0.902055	0.966616	3	0	0
21	34500001	0.989681	0.966616	3	0	0
21	35000001	1.05387	0.966616	3	0	0
21	35500001	0.996102	0.966616	3	0	0
21	36000001	0.966936	0.966616	3	0	0
21	36500001	0.976133	0.966616	3	0	0
21	37000001	1.00785	0.966616	3	0	0
21	37500001	0.964861	0.966616	3	0	0
21	38000001	0.972507	0.966616	3	0	0
21	38500001	0.957848	0.966616	3	0	0
21	39000001	0.966711	0.966616	3	0	0
21	39500001	0.977547	0.966616	3	0	0
21	40000001	0.935845	0.966616	3	0	0
21	40500001	0.933692	0.966616	3	0	0
21	41000001	0.994891	0.966616	3	0	0
21	41500001	0.997218	0.966616	3	0	0
21	42000001	1.01369	0.966616	3	0	0
21	42500001	0.951087	0.966616	3	0	0
21	43000001	0.72187	0.934023	3	0	0
21	43500001	0.896695	0.934023	3	0	0
21	44000001	0.778728	0.934023	3	0	0
21	44500001	1.00089	0.934023	3	0	0
21	45000001	0.995499	0.934023	3	0	0
21	45500001	0.997065	0.934023	3	0	0
21	46000001	0.97135	0.934023	3	0	0
21	46500001	0.427225	0.934023	3	0	0
22	1	-1	-1	-1	0	0
22	500001	-1	-1	-1	0	0
22	1000001	-1	-1	-1	0	0
22	1500001	-1	-1	-1	0	0
22	2000001	-1	-1	-1	0	0
22	2500001	-1	-1	-1	0	0
22	3000001	-1	-1	-1	0	0
22	3500001	-1	-1	-1	0	0
22	4000001	-1	-1	-1	0	0
22	4500001	-1	-1	-1	0	0
22	5000001	-1	-1	-1	0	0
22	5500001	-1	-1	-1	0	0
22	6000001	-1	-1	-1	0	0
22	6500001	-1	-1	-1	0	0
22	7000001	-1	-1	-1	0	0
22	7500001	-1	-1	-1	0	0
22	8000001	-1	-1	-1	0	0
22	8500001	-1	-1	-1	0	0
22	9000001	-1	-1	-1	0	0
22	9500001	-1	-1	-1	0	0
22	10000001	-1	-1	-1	0	0
22	10500001	-1	-1	-1	0	0
22	11000001	-1	-1	-1	0	0
22	11500001	-1	-1	-1	0	0
22	12000001	-1	-1	-1	0	0
22	12500001	-1	-1	-1	0	0
22	13000001	0.354427	0.354427	1	0	0
22	13500001	0.584999	0.584999	2	0	0
22	14000001	0.825973	0.825973	2	0	0
22	14500001	1.07277	1.03504	3	0	0
22	15000001	-1	1.03504	3	0	0
22	15500001	0.997307	1.03504	3	0	0
22	16000001	0.688138	0.682318	2	0	0
22	16500001	0.683093	0.682318	2	0	0
22	17000001	0.635513	0.682318	2	0	0
22	17500001	0.676582	0.682318	2	0	0
22	18000001	-1	0.682318	2	0	0
22	18500001	0.625807	0.682318	2	0	0
22	19000001	0.681544	0.682318	2	0	0
22	19500001	0.684526	0.682318	2	0	0
22	20000001	0.696738	0.682318	2	0	0
22	20500001	0.667335	0.682318	2	0	0
22	21000001	0.62279	0.682318	2	0	0
22	21500001	0.663204	0.682318	2	0	0
22	22000001	0.673041	0.682318	2	0	0
22	22500001	0.692493	0.682318	2	0	0
22	23000001	0.676586	0.682318	2	0	0
22	23500001	0.693634	0.682318	2	0	0
22	24000001	0.71354	0.682318	2	0	0
22	24500001	0.689104	0.682318	2	0	0
22	25000001	0.691729	0.682318	2	0	0
22	25500001	0.692881	0.682318	2	0	0
22	26000001	0.710769	0.682318	2	0	0
22	26500001	0.742004	0.682318	2	0	0
22	27000001	0.693923	0.682318	2	0	0
22	27500001	0.683369	0.682318	2	0	0
22	28000001	0.68835	0.682318	2	0	0
22	28500001	0.636487	0.682318	2	0	0
22	29000001	0.65857	0.682318	2	0	0
22	29500001	0.669852	0.682318	2	0	0
22	30000001	0.689628	0.682318	2	0	0
22	30500001	0.688657	0.682318	2	0	0
22	31000001	0.693032	0.682318	2	0	0
22	31500001	0.664983	0.682318	2	0	0
22	32000001	0.663225	0.682318	2	0	0
22	32500001	0.634748	0.682318	2	0	0
22	33000001	0.625772	0.682318	2	0	0
22	33500001	0.626779	0.682318	2	0	0
22	34000001	0.620117	0.682318	2	0	0
22	34500001	0.684193	0.684627	2	0	0
22	35000001	0.706811	0.684627	2	0	0
22	35500001	0.701873	0.684627	2	0	0
22	36000001	0.696025	0.684627	2	0	0
22	36500001	0.697467	0.684627	2	0	0
22	37000001	0.733169	0.684627	2	0	0
22	37500001	0.721614	0.684627	2	0	0
22	38000001	0.691821	0.684627	2	0	0
22	38500001	0.65563	0.684627	2	0	0
22	39000001	0.7005	0.684627	2	0	0
22	39500001	0.688718	0.684627	2	0	0
22	40000001	0.685061	0.684627	2	0	0
22	40500001	0.646339	0.684627	2	0	0
22	41000001	0.681742	0.684627	2	0	0
22	41500001	0.678656	0.684627	2	0	0
22	42000001	0.669853	0.684627	2	0	0
22	42500001	0.716513	0.684627	2	0	0
22	43000001	0.701617	0.684627	2	0	0
22	43500001	0.670694	0.684627	2	0	0
22	44000001	0.666432	0.684627	2	0	0
22	44500001	0.653884	0.684627	2	0	0
22	45000001	0.664691	0.684627	2	0	0
22	45500001	0.69251	0.684627	2	0	0
22	46000001	0.680589	0.684627	2	0	0
22	46500001	0.643085	0.684627	2	0	0
22	47000001	0.664832	0.684627	2	0	0
22	47500001	0.602761	0.623827	2	0	0
22	48000001	0.642091	0.623827	2	0	0
22	48500001	0.609045	0.623827	2	0	0
22	49000001	0.623827	0.623827	2	0	0
22	49500001	0.661573	0.623827	2	0	0
22	50000001	0.663474	0.623827	2	0	0
22	50500001	0.457502	0.623827	2	0	0
3	1	0.930002	0.946817	3	0	0
3	500001	0.970047	0.946817	3	0	0
3	1000001	0.973704	0.946817	3	0	0
3	1500001	0.959868	0.946817	3	0	0
3	2000001	0.959382	0.946817	3	0	0
3	2500001	0.905291	0.946817	3	0	0
3	3000001	0.956632	0.946817	3	0	0
3	3500001	0.936989	0.946817	3	0	0
3	4000001	1.07219	0.946817	3	0	0
3	4500001	1.06837	0.946817	3	0	0
3	5000001	1.01361	0.946817	3	0	0
3	5500001	0.925161	0.946817	3	0	0
3	6000001	0.924923	0.946817	3	0	0
3	6500001	0.937003	0.946817	3	0	0
3	7000001	0.923633	0.946817	3	0	0
3	7500001	0.935506	0.946817	3	0	0
3	8000001	0.984102	1.00067	3	0	0
3	8500001	1.0159	1.00067	3	0	0
3	9000001	1.00697	1.00067	3	0	0
3	9500001	0.997626	1.00067	3	0	0
3	10000001	1.05026	1.00067	3	0	0
3	10500001	1.02792	1.00067	3	0	0
3	11000001	0.98868	1.00067	3	0	0
3	11500001	0.981427	1.00067	3	0	0
3	12000001	1.02986	1.00067	3	0	0
3	12500001	0.937302	1.00067	3	0	0
3	13000001	1.0152	1.00067	3	0	0
3	13500001	1.00938	1.00067	3	0	0
3	14000001	1.04973	1.00067	3	0	0
3	14500001	1.00238	1.00067	3	0	0
3	15000001	1.01933	1.00067	3	0	0
3	15500001	1.05094	1.00067	3	0	0
3	16000001	1.00253	1.00067	3	0	0
3	16500001	1.04937	1.00067	3	0	0
3	17000001	0.987226	1.00067	3	0	0
3	17500001	0.981204	1.00067	3	0	0
3	18000001	1.00184	1.00067	3	0	0
3	18500001	1.0169	1.00067	3	0	0
3	19000001	0.991375	1.00067	3	0	0
3	19500001	0.983159	1.00067	3	0	0
3	20000001	0.975055	1.00067	3	0	0
3	20500001	1.02353	1.00067	3	0	0
3	21000001	1.01496	1.00067	3	0	0
3	21500001	1.01149	1.00067	3	0	0
3	22000001	1.03452	1.00067	3	0	0
3	22500001	1.0355	1.00067	3	0	0
3	23000001	1.01609	1.00067	3	0	0
3	23500001	1.06826	1.00067	3	0	0
3	24000001	0.994864	1.00067	3	0	0
3	24500001	0.979335	1.00067	3	0	0
3	25000001	0.966581	1.00067	3	0	0
3	25500001	0.959294	1.00067	3	0	0
3	26000001	0.982369	1.00067	3	0	0
3	26500001	0.995656	1.00067	3	0	0
3	27000001	1.02032	1.00067	3	0	0
3	27500001	0.963921	1.00067	3	0	0
3	28000001	0.985789	1.00067	3	0	0
3	28500001	1.03047	1.00067	3	0	0
3	29000001	1.05856	1.00067	3	0	0
3	29500001	1.0074	1.00067	3	0	0
3	30000001	1.04598	1.00067	3	0	0
3	30500001	1.04612	1.00067	3	0	0
3	31000001	1.00067	1.00067	3	0	0
3	31500001	0.915295	1.00067	3	0	0
3	32000001	0.984461	1.00067	3	0	0
3	32500001	0.980612	1.00067	3	0	0
3	33000001	0.990767	1.00067	3	0	0
3	33500001	1.02029	1.00067	3	0	0
3	34000001	1.00872	1.00067	3	0	0
3	34500001	0.983373	1.00067	3	0	0
3	35000001	0.971961	1.00067	3	0	0
3	35500001	0.986156	1.00067	3	0	0
3	36000001	1.01488	1.00067	3	0	0
3	36500001	1.06157	1.00067	3	0	0
3	37000001	1.03812	1.00067	3	0	0
3	37500001	1.02754	1.00067	3	0	0
3	38000001	0.989244	1.00067	3	0	0
3	38500001	1.05239	1.00067	3	0	0
3	39000001	0.954016	1.00067	3	0	0
3	39500001	1.01963	1.00067	3	0	0
3	40000001	0.961538	1.00067	3	0	0
3	40500001	1.01354	1.00067	3	0	0
3	41000001	0.976115	1.00067	3	0	0
3	41500001	0.985696	1.00067	3	0	0
3	42000001	1.02589	1.00067	3	0	0
3	42500001	1.03047	1.00067	3	0	0
3	43000001	1.05245	1.00067	3	0	0
3	43500001	1.02104	1.00067	3	0	0
3	44000001	0.995596	1.00067	3	0	0
3	44500001	1.04143	1.00067	3	0	0
3	45000001	1.02961	1.00067	3	0	0
3	45500001	0.990654	1.00067	3	0	0
3	46000001	1.06065	1.00067	3	0	0
3	46500001	1.00978	1.00067	3	0	0
3	47000001	1.01709	1.00067	3	0	0
3	47500001	0.962778	1.00067	3	0	0
3	48000001	0.986309	1.00067	3	0	0
3	48500001	0.962956	1.00067	3	0	0
3	49000001	0.960352	1.00067	3	0	0
3	49500001	1.03741	1.00067	3	0	0
3	50000001	1.02391	1.00067	3	0	0
3	50500001	1.04146	1.00067	3	0	0
3	51000001	0.988059	1.00067	3	0	0
3	51500001	0.998556	1.00067	3	0	0
3	52000001	1.06522	1.00067	3	0	0
3	52500001	1.0297	1.00067	3	0	0
3	53000001	1.01461	1.00067	3	0	0
3	53500001	1.00654	1.00067	3	0	0
3	54000001	0.956705	1.00067	3	0	0
3	54500001	0.955514	1.00067	3	0	0
3	55000001	0.948895	1.00067	3	0	0
3	55500001	0.944713	1.00067	3	0	0
3	56000001	1.03332	1.00067	3	0	0
3	56500001	0.984409	1.00067	3	0	0
3	57000001	1.01253	1.00067	3	0	0
3	57500001	1.04803	1.00067	3	0	0
3	58000001	1.00901	1.00067	3	0	0
3	58500001	1.0502	1.00067	3	0	0
3	59000001	0.978399	1.00067	3	0	0
3	59500001	1.00624	1.00067	3	0	0
3	60000001	0.921002	1.00067	3	0	0
3	60500001	0.966938	1.00067	3	0	0
3	61000001	1.01113	1.00067	3	0	0
3	61500001	1.01553	1.00067	3	0	0
3	62000001	0.992201	1.00067	3	0	0
3	62500001	1.00529	1.00067	3	0	0
3	63000001	0.985243	1.00067	3	0	0
3	63500001	1.00636	1.00067	3	0	0
3	64000001	1.02414	1.00067	3	0	0
3	64500001	1.02442	1.00067	3	0	0
3	65000001	0.965197	1.00067	3	0	0
3	65500001	0.98039	1.00067	3	0	0
3	66000001	0.978968	1.00067	3	0	0
3	66500001	1.00292	1.00067	3	0	0
3	67000001	0.954925	1.00067	3	0	0
3	67500001	0.987502	1.00067	3	0	0
3	68000001	0.993451	1.00067	3	0	0
3	68500001	1.01775	1.00067	3	0	0
3	69000001	0.97602	1.00067	3	0	0
3	69500001	0.978671	1.00067	3	0	0
3	70000001	1.008	1.00067	3	0	0
3	70500001	1.01142	1.00067	3	0	0
3	71000001	0.908239	1.00067	3	0	0
3	71500001	0.971916	1.00067	3	0	0
3	72000001	0.975455	1.00067	3	0	0
3	72500001	0.954959	1.00067	3	0	0
3	73000001	0.966319	1.00067	3	0	0
3	73500001	0.959369	1.00067	3	0	0
3	74000001	0.977735	1.00067	3	0	0
3	74500001	0.987006	1.00067	3	0	0
3	75000001	0.981761	1.00067	3	0	0
3	75500001	1.13688	1.00067	3	0	0
3	76000001	1.03936	1.00067	3	0	0
3	76500001	1.00888	1.00067	3	0	0
3	77000001	0.970362	1.00067	3	0	0
3	77500001	0.998343	1.00067	3	0	0
3	78000001	0.994787	1.00067	3	0	0
3	78500001	0.996252	1.00067	3	0	0
3	79000001	0.980089	1.00067	3	0	0
3	79500001	0.950959	1.00067	3	0	0
3	80000001	0.990221	1.00067	3	0	0
3	80500001	1.01368	1.00067	3	0	0
3	81000001	1.00352	1.00067	3	0	0
3	81500001	1.05933	1.00067	3	0	0
3	82000001	1.00004	1.00067	3	0	0
3	82500001	0.938675	1.00067	3	0	0
3	83000001	1.01884	1.00067	3	0	0
3	83500001	0.975678	1.00067	3	0	0
3	84000001	1.0097	1.00067	3	0	0
3	84500001	0.995751	1.00067	3	0	0
3	85000001	1.02324	1.00067	3	0	0
3	85500001	0.995978	1.00067	3	0	0
3	86000001	0.995145	1.00067	3	0	0
3	86500001	1.03088	1.00067	3	0	0
3	87000001	1.05085	1.00067	3	0	0
3	87500001	0.99402	1.00067	3	0	0
3	88000001	1.01831	1.00067	3	0	0
3	88500001	0.986782	1.00067	3	0	0
3	89000001	0.992338	1.00067	3	0	0
3	89500001	0.942277	1.00067	3	0	0
3	90000001	1.06194	1.00067	3	0	0
3	90500001	1.94206	1.94206	6	0	0
3	91000001	1.17475	1.20732	4	0	0
3	91500001	1.29282	1.20732	4	0	0
3	92000001	1.2399	1.20732	4	0	0
3	92500001	1.15665	1.20732	4	0	0
3	93000001	8.44836	8.44836	25	0	0
3	93500001	1.0574	1.04378	3	0	0
3	94000001	1.04509	1.04378	3	0	0
3	94500001	1.03534	1.04378	3	0	0
3	95000001	1.0106	1.04378	3	0	0
3	95500001	1.01052	1.04378	3	0	0
3	96000001	0.961386	1.04378	3	0	0
3	96500001	0.996626	1.04378	3	0	0
3	97000001	1.04738	1.04378	3	0	0
3	97500001	1.05692	1.04378	3	0	0
3	98000001	1.06969	1.04378	3	0	0
3	98500001	1.02525	1.04378	3	0	0
3	99000001	1.07242	1.04378	3	0	0
3	99500001	1.04846	1.04378	3	0	0
3	100000001	1.08425	1.04378	3	0	0
3	100500001	1.09101	1.04378	3	0	0
3	101000001	1.08062	1.04378	3	0	0
3	101500001	1.02666	1.04378	3	0	0
3	102000001	1.05868	1.04378	3	0	0
3	102500001	1.02686	1.04378	3	0	0
3	103000001	0.993333	1.04378	3	0	0
3	103500001	1.08848	1.04378	3	0	0
3	104000001	1.02515	1.04378	3	0	0
3	104500001	1.03392	1.04378	3	0	0
3	105000001	1.08704	1.04378	3	0	0
3	105500001	1.052	1.04378	3	0	0
3	106000001	1.02528	1.04378	3	0	0
3	106500001	0.977983	1.04378	3	0	0
3	107000001	1.04246	1.04378	3	0	0
3	107500001	1.02774	1.04378	3	0	0
3	108000001	1.07258	1.04378	3	0	0
3	108500001	0.799882	0.685464	2	0	0
3	109000001	0.634625	0.685464	2	0	0
3	109500001	0.649363	0.685464	2	0	0
3	110000001	0.68585	0.685464	2	0	0
3	110500001	0.741425	0.685464	2	0	0
3	111000001	0.714549	0.685464	2	0	0
3	111500001	0.737124	0.685464	2	0	0
3	112000001	0.699589	0.685464	2	0	0
3	112500001	0.693186	0.685464	2	0	0
3	113000001	0.704874	0.685464	2	0	0
3	113500001	0.689442	0.685464	2	0	0
3	114000001	0.712778	0.685464	2	0	0
3	114500001	0.66508	0.685464	2	0	0
3	115000001	0.718308	0.685464	2	0	0
3	115500001	0.683657	0.685464	2	0	0
3	116000001	0.661029	0.685464	2	0	0
3	116500001	0.652103	0.685464	2	0	0
3	117000001	0.640614	0.685464	2	0	0
3	117500001	0.629964	0.685464	2	0	0
3	118000001	0.678856	0.685464	2	0	0
3	118500001	0.66489	0.685464	2	0	0
3	119000001	0.671179	0.685464	2	0	0
3	119500001	0.671986	0.685464	2	0	0
3	120000001	0.687049	0.685464	2	0	0
3	120500001	0.699919	0.685464	2	0	0
3	121000001	0.707083	0.685464	2	0	0
3	121500001	0.666449	0.685464	2	0	0
3	122000001	0.721776	0.685464	2	0	0
3	122500001	0.711857	0.685464	2	0	0
3	123000001	0.715654	0.685464	2	0	0
3	123500001	0.659607	0.685464	2	0	0
3	124000001	0.717239	0.685464	2	0	0
3	124500001	0.698447	0.685464	2	0	0
3	125000001	0.724292	0.685464	2	0	0
3	125500001	0.73971	0.685464	2	0	0
3	126000001	0.671343	0.685464	2	0	0
3	126500001	0.670449	0.685464	2	0	0
3	127000001	0.688451	0.685464	2	0	0
3	127500001	0.685079	0.685464	2	0	0
3	128000001	0.6799	0.685464	2	0	0
3	128500001	0.660639	0.685464	2	0	0
3	129000001	0.645994	0.685464	2	0	0
3	129500001	0.668301	0.685464	2	0	0
3	130000001	0.693507	0.685464	2	0	0
3	130500001	0.692652	0.685464	2	0	0
3	131000001	0.67713	0.685464	2	0	0
3	131500001	0.637923	0.685464	2	0	0
3	132000001	0.691667	0.685464	2	0	0
3	132500001	0.707601	0.685464	2	0	0
3	133000001	0.6869	0.685464	2	0	0
3	133500001	0.655799	0.685464	2	0	0
3	134000001	0.726126	0.685464	2	0	0
3	134500001	0.737443	0.685464	2	0	0
3	135000001	0.663585	0.685464	2	0	0
3	135500001	0.701369	0.685464	2	0	0
3	136000001	0.651174	0.685464	2	0	0
3	136500001	0.677586	0.685464	2	0	0
3	137000001	0.669436	0.685464	2	0	0
3	137500001	0.675084	0.685464	2	0	0
3	138000001	0.66451	0.685464	2	0	0
3	138500001	0.643706	0.685464	2	0	0
3	139000001	0.6817	0.685464	2	0	0
3	139500001	0.699619	0.685464	2	0	0
3	140000001	0.660031	0.685464	2	0	0
3	140500001	0.665122	0.685464	2	0	0
3	141000001	0.713493	0.685464	2	0	0
3	141500001	0.674292	0.685464	2	0	0
3	142000001	0.688579	0.685464	2	0	0
3	142500001	0.671518	0.685464	2	0	0
3	143000001	0.674251	0.685464	2	0	0
3	143500001	0.661571	0.685464	2	0	0
3	144000001	0.655654	0.685464	2	0	0
3	144500001	0.690628	0.685464	2	0	0
3	145000001	0.657058	0.685464	2	0	0
3	145500001	0.693258	0.685464	2	0	0
3	146000001	0.714826	0.685464	2	0	0
3	146500001	0.714715	0.685464	2	0	0
3	147000001	0.677975	0.685464	2	0	0
3	147500001	0.665124	0.685464	2	0	0
3	148000001	0.710929	0.685464	2	0	0
3	148500001	0.683811	0.685464	2	0	0
3	149000001	0.67351	0.685464	2	0	0
3	149500001	0.705212	0.685464	2	0	0
3	150000001	0.725441	0.685464	2	0	0
3	150500001	0.696119	0.685464	2	0	0
3	151000001	0.67815	0.685464	2	0	0
3	151500001	0.687283	0.685464	2	0	0
3	152000001	0.688323	0.685464	2	0	0
3	152500001	0.711175	0.685464	2	0	0
3	153000001	0.680619	0.685464	2	0	0
3	153500001	0.699537	0.685464	2	0	0
3	154000001	0.702907	0.685464	2	0	0
3	154500001	0.642203	0.685464	2	0	0
3	155000001	0.666979	0.685464	2	0	0
3	155500001	0.633976	0.685464	2	0	0
3	156000001	0.671481	0.685464	2	0	0
3	156500001	0.737401	0.685464	2	0	0
3	157000001	0.702467	0.685464	2	0	0
3	157500001	0.686531	0.685464	2	0	0
3	158000001	0.715779	0.685464	2	0	0
3	158500001	0.684861	0.685464	2	0	0
3	159000001	0.695571	0.685464	2	0	0
3	159500001	0.716794	0.685464	2	0	0
3	160000001	0.677317	0.685464	2	0	0
3	160500001	0.670109	0.685464	2	0	0
3	161000001	0.690844	0.685464	2	0	0
3	161500001	0.687709	0.685464	2	0	0
3	162000001	0.671691	0.685464	2	0	0
3	162500001	1.04729	1.01446	3	0	0
3	163000001	0.98627	1.01446	3	0	0
3	163500001	0.941669	1.01446	3	0	0
3	164000001	1.00767	1.01446	3	0	0
3	164500001	1.01709	1.01446	3	0	0
3	165000001	0.987805	1.01446	3	0	0
3	165500001	1.00724	1.01446	3	0	0
3	166000001	0.984576	1.01446	3	0	0
3	166500001	0.996882	1.01446	3	0	0
3	167000001	1.02381	1.01446	3	0	0
3	167500001	1.03506	1.01446	3	0	0
3	168000001	1.0521	1.01446	3	0	0
3	168500001	1.03466	1.01446	3	0	0
3	169000001	1.05108	1.01446	3	0	0
3	169500001	0.988018	1.01446	3	0	0
3	170000001	1.00845	1.01446	3	0	0
3	170500001	1.05671	1.01446	3	0	0
3	171000001	1.04522	1.01446	3	0	0
3	171500001	1.05841	1.01446	3	0	0
3	172000001	1.05996	1.01446	3	0	0
3	172500001	1.0607	1.01446	3	0	0
3	173000001	1.02631	1.01446	3	0	0
3	173500001	0.986174	1.01446	3	0	0
3	174000001	0.962109	1.01446	3	0	0
3	174500001	0.924885	1.01446	3	0	0
3	175000001	1.00794	1.01446	3	0	0
3	175500001	0.976505	1.01446	3	0	0
3	176000001	0.990723	1.01446	3	0	0
3	176500001	1.0525	1.01446	3	0	0
3	177000001	0.960085	1.01446	3	0	0
3	177500001	0.996221	1.01446	3	0	0
3	178000001	1.05637	1.01446	3	0	0
3	178500001	1.0171	1.01446	3	0	0
3	179000001	1.01577	1.01446	3	0	0
3	179500001	0.968286	1.01446	3	0	0
3	180000001	1.00428	1.01446	3	0	0
3	180500001	0.991359	1.01446	3	0	0
3	181000001	0.979841	1.01446	3	0	0
3	181500001	0.961629	1.01446	3	0	0
3	182000001	0.985866	1.01446	3	0	0
3	182500001	1.05707	1.01446	3	0	0
3	183000001	0.9817	1.01446	3	0	0
3	183500001	0.962113	1.01446	3	0	0
3	184000001	0.977555	1.01446	3	0	0
3	184500001	1.01945	1.01446	3	0	0
3	185000001	0.991658	1.01446	3	0	0
3	185500001	0.988828	1.01446	3	0	0
3	186000001	1.01446	1.01446	3	0	0
3	186500001	0.964317	1.01446	3	0	0
3	187000001	1.01175	1.01446	3	0	0
3	187500001	1.03204	1.01446	3	0	0
3	188000001	0.988318	1.01446	3	0	0
3	188500001	1.03592	1.01446	3	0	0
3	189000001	1.07301	1.01446	3	0	0
3	189500001	1.0853	1.01446	3	0	0
3	190000001	1.02626	1.01446	3	0	0
3	190500001	1.01779	1.01446	3	0	0
3	191000001	1.05523	1.01446	3	0	0
3	191500001	1.01739	1.01446	3	0	0
3	192000001	0.984361	1.01446	3	0	0
3	192500001	1.02094	1.01446	3	0	0
3	193000001	0.999239	1.01446	3	0	0
3	193500001	1.04877	1.01446	3	0	0
3	194000001	1.02849	1.01446	3	0	0
3	194500001	1.03549	1.01446	3	0	0
3	195000001	0.951658	1.01446	3	0	0
3	195500001	1.13079	1.01446	3	0	0
3	196000001	0.962061	1.01446	3	0	0
3	196500001	1.01467	1.01446	3	0	0
3	197000001	1.02017	1.01446	3	0	0
3	197500001	1.05063	1.01446	3	0	0
3	198000001	-1	-1	-1	0	0
4	1	1.06322	0.974577	3	0	0
4	500001	0.961571	0.974577	3	0	0
4	1000001	0.980916	0.974577	3	0	0
4	1500001	0.976778	0.974577	3	0	0
4	2000001	0.986262	0.974577	3	0	0
4	2500001	0.961458	0.974577	3	0	0
4	3000001	1.00739	0.974577	3	0	0
4	3500001	0.968203	0.974577	3	0	0
4	4000001	0.940306	0.974577	3	0	0
4	4500001	0.972076	0.974577	3	0	0
4	5000001	0.962589	0.974577	3	0	0
4	5500001	0.947844	0.974577	3	0	0
4	6000001	0.994219	0.974577	3	0	0
4	6500001	0.992365	0.974577	3	0	0
4	7000001	1.01603	0.974577	3	0	0
4	7500001	0.981858	0.974577	3	0	0
4	8000001	0.990787	0.974577	3	0	0
4	8500001	0.932411	0.974577	3	0	0
4	9000001	0.942302	0.974577	3	0	0
4	9500001	0.913515	0.974577	3	0	0
4	10000001	0.890358	0.974577	3	0	0
4	10500001	0.920593	0.974577	3	0	0
4	11000001	1.00141	0.974577	3	0	0
4	11500001	1.01972	0.974577	3	0	0
4	12000001	0.996672	0.974577	3	0	0
4	12500001	0.997536	0.974577	3	0	0
4	13000001	1.00231	0.974577	3	0	0
4	13500001	1.00049	0.974577	3	0	0
4	14000001	1.02899	0.974577	3	0	0
4	14500001	0.944867	0.974577	3	0	0
4	15000001	1.00059	0.974577	3	0	0
4	15500001	0.984235	0.974577	3	0	0
4	16000001	0.968669	0.974577	3	0	0
4	16500001	0.958444	0.974577	3	0	0
4	17000001	0.95636	0.974577	3	0	0
4	17500001	0.94149	0.974577	3	0	0
4	18000001	1.00024	0.974577	3	0	0
4	18500001	0.969059	0.974577	3	0	0
4	19000001	0.98584	0.974577	3	0	0
4	19500001	0.961442	0.974577	3	0	0
4	20000001	1.04943	0.974577	3	0	0
4	20500001	0.953278	0.974577	3	0	0
4	21000001	0.986145	0.974577	3	0	0
4	21500001	1.00097	0.974577	3	0	0
4	22000001	0.956082	0.974577	3	0	0
4	22500001	0.988417	0.974577	3	0	0
4	23000001	1.0167	0.974577	3	0	0
4	23500001	1.03311	0.974577	3	0	0
4	24000001	0.979793	0.974577	3	0	0
4	24500001	0.963838	0.974577	3	0	0
4	25000001	0.945824	0.974577	3	0	0
4	25500001	0.930266	0.974577	3	0	0
4	26000001	0.994888	0.974577	3	0	0
4	26500001	0.995636	0.974577	3	0	0
4	27000001	0.966062	0.974577	3	0	0
4	27500001	0.910639	0.974577	3	0	0
4	28000001	0.936524	0.974577	3	0	0
4	28500001	0.930192	0.974577	3	0	0
4	29000001	0.920548	0.974577	3	0	0
4	29500001	0.990745	0.974577	3	0	0
4	30000001	0.98428	0.974577	3	0	0
4	30500001	0.945847	0.974577	3	0	0
4	31000001	0.972375	0.974577	3	0	0
4	31500001	0.914598	0.974577	3	0	0
4	32000001	0.968832	0.974577	3	0	0
4	32500001	0.952871	0.974577	3	0	0
4	33000001	0.963264	0.974577	3	0	0
4	33500001	1.05903	0.974577	3	0	0
4	34000001	0.969827	0.974577	3	0	0
4	34500001	0.991403	0.974577	3	0	0
4	35000001	1.00509	0.974577	3	0	0
4	35500001	0.994652	0.974577	3	0	0
4	36000001	0.989012	0.974577	3	0	0
4	36500001	0.982693	0.974577	3	0	0
4	37000001	0.99206	0.974577	3	0	0
4	37500001	0.96956	0.974577	3	0	0
4	38000001	1.01223	0.974577	3	0	0
4	38500001	1.01398	0.974577	3	0	0
4	39000001	0.994432	0.974577	3	0	0
4	39500001	0.94043	0.974577	3	0	0
4	40000001	0.935693	0.974577	3	0	0
4	40500001	0.951436	0.974577	3	0	0
4	41000001	1.01939	0.974577	3	0	0
4	41500001	0.962652	0.974577	3	0	0
4	42000001	0.922063	0.974577	3	0	0
4	42500001	0.949255	0.974577	3	0	0
4	43000001	0.928644	0.974577	3	0	0
4	43500001	0.993146	0.974577	3	0	0
4	44000001	0.918327	0.974577	3	0	0
4	44500001	0.963375	0.974577	3	0	0
4	45000001	0.969746	0.974577	3	0	0
4	45500001	0.97184	0.974577	3	0	0
4	46000001	0.948498	0.974577	3	0	0
4	46500001	1.00374	0.974577	3	0	0
4	47000001	1.04911	0.974577	3	0	0
4	47500001	1.01661	0.974577	3	0	0
4	48000001	1.01668	0.974577	3	0	0
4	48500001	1.03713	0.974577	3	0	0
4	49000001	-1	-1	-1	0	0
4	49500001	2.84648	2.84648	9	0	0
4	50000001	1.63362	1.63362	5	0	0
4	50500001	1.38844	1.38844	4	0	0
4	51000001	1.09024	0.981817	3	0	0
4	51500001	0.957322	0.981817	3	0	0
4	52000001	0.959678	0.981817	3	0	0
4	52500001	0.950935	0.981817	3	0	0
4	53000001	0.99799	0.981817	3	0	0
4	53500001	1.03308	0.981817	3	0	0
4	54000001	1.01565	0.981817	3	0	0
4	54500001	0.998011	0.981817	3	0	0
4	55000001	0.975821	0.981817	3	0	0
4	55500001	0.970995	0.981817	3	0	0
4	56000001	0.97375	0.981817	3	0	0
4	56500001	0.969311	0.981817	3	0	0
4	57000001	1.01184	0.981817	3	0	0
4	57500001	0.936701	0.981817	3	0	0
4	58000001	0.968945	0.981817	3	0	0
4	58500001	1.01551	0.981817	3	0	0
4	59000001	0.975486	0.981817	3	0	0
4	59500001	0.973106	0.981817	3	0	0
4	60000001	0.982017	0.981817	3	0	0
4	60500001	0.993296	0.981817	3	0	0
4	61000001	0.982523	0.981817	3	0	0
4	61500001	0.931143	0.981817	3	0	0
4	62000001	0.92213	0.981817	3	0	0
4	62500001	0.946282	0.981817	3	0	0
4	63000001	0.978965	0.981817	3	0	0
4	63500001	0.977876	0.981817	3	0	0
4	64000001	0.97172	0.981817	3	0	0
4	64500001	0.994116	0.981817	3	0	0
4	65000001	0.996801	0.981817	3	0	0
4	65500001	1.02639	0.981817	3	0	0
4	66000001	1.04238	0.981817	3	0	0
4	66500001	0.971823	0.981817	3	0	0
4	67000001	0.981033	0.981817	3	0	0
4	67500001	0.946234	0.981817	3	0	0
4	68000001	1.00021	0.981817	3	0	0
4	68500001	0.845843	0.981817	3	0	0
4	69000001	1.00592	0.981817	3	0	0
4	69500001	1.00282	0.981817	3	0	0
4	70000001	0.980984	0.981817	3	0	0
4	70500001	0.875171	0.981817	3	0	0
4	71000001	0.969042	0.981817	3	0	0
4	71500001	0.957413	0.981817	3	0	0
4	72000001	1.0108	0.981817	3	0	0
4	72500001	1.0017	0.981817	3	0	0
4	73000001	0.987565	0.981817	3	0	0
4	73500001	1.01278	0.981817	3	0	0
4	74000001	1.08924	0.981817	3	0	0
4	74500001	1.07896	0.981817	3	0	0
4	75000001	0.949792	0.981817	3	0	0
4	75500001	0.961446	0.981817	3	0	0
4	76000001	1.08717	0.981817	3	0	0
4	76500001	1.04454	0.981817	3	0	0
4	77000001	1.04231	0.981817	3	0	0
4	77500001	1.05198	0.981817	3	0	0
4	78000001	1.036	0.981817	3	0	0
4	78500001	1.02966	0.981817	3	0	0
4	79000001	1.00751	0.981817	3	0	0
4	79500001	1.00815	0.981817	3	0	0
4	80000001	0.983743	0.981817	3	0	0
4	80500001	0.995372	0.981817	3	0	0
4	81000001	0.951875	0.981817	3	0	0
4	81500001	0.994639	0.981817	3	0	0
4	82000001	0.960696	0.981817	3	0	0
4	82500001	1.01283	0.981817	3	0	0
4	83000001	0.991688	0.981817	3	0	0
4	83500001	0.997704	0.981817	3	0	0
4	84000001	1.0328	0.981817	3	0	0
4	84500001	0.975346	0.981817	3	0	0
4	85000001	1.01143	0.981817	3	0	0
4	85500001	0.960058	0.981817	3	0	0
4	86000001	0.964932	0.981817	3	0	0
4	86500001	0.985703	0.981817	3	0	0
4	87000001	0.942275	0.981817	3	0	0
4	87500001	0.954492	0.981817	3	0	0
4	88000001	0.966956	0.981817	3	0	0
4	88500001	1.01945	0.981817	3	0	0
4	89000001	1.00955	0.981817	3	0	0
4	89500001	0.965274	0.981817	3	0	0
4	90000001	0.965049	0.981817	3	0	0
4	90500001	0.942232	0.981817	3	0	0
4	91000001	0.924078	0.981817	3	0	0
4	91500001	0.976093	0.981817	3	0	0
4	92000001	0.981093	0.981817	3	0	0
4	92500001	0.988413	0.981817	3	0	0
4	93000001	0.949543	0.981817	3	0	0
4	93500001	0.988424	0.981817	3	0	0
4	94000001	0.979667	0.981817	3	0	0
4	94500001	0.965452	0.981817	3	0	0
4	95000001	0.95738	0.981817	3	0	0
4	95500001	0.912875	0.981817	3	0	0
4	96000001	0.936965	0.981817	3	0	0
4	96500001	1.02233	0.981817	3	0	0
4	97000001	0.958714	0.981817	3	0	0
4	97500001	0.968469	0.981817	3	0	0
4	98000001	1.01242	0.981817	3	0	0
4	98500001	0.994187	0.981817	3	0	0
4	99000001	0.983349	0.981817	3	0	0
4	99500001	1.00481	0.981817	3	0	0
4	100000001	0.964001	0.981817	3	0	0
4	100500001	0.965175	0.981817	3	0	0
4	101000001	1.02639	0.981817	3	0	0
4	101500001	1.03372	0.981817	3	0	0
4	102000001	1.00705	0.981817	3	0	0
4	102500001	1.00945	0.981817	3	0	0
4	103000001	1.03807	0.981817	3	0	0
4	103500001	0.984097	0.981817	3	0	0
4	104000001	0.979108	0.981817	3	0	0
4	104500001	1.03254	0.981817	3	0	0
4	105000001	0.994655	0.981817	3	0	0
4	105500001	1.00117	0.981817	3	0	0
4	106000001	0.964937	0.981817	3	0	0
4	106500001	0.981617	0.981817	3	0	0
4	107000001	0.958296	0.981817	3	0	0
4	107500001	0.971581	0.981817	3	0	0
4	108000001	0.972482	0.981817	3	0	0
4	108500001	0.947204	0.981817	3	0	0
4	109000001	0.961591	0.981817	3	0	0
4	109500001	1.0187	0.981817	3	0	0
4	110000001	0.980355	0.981817	3	0	0
4	110500001	0.948694	0.981817	3	0	0
4	111000001	0.986496	0.981817	3	0	0
4	111500001	1.0682	0.981817	3	0	0
4	112000001	0.984667	0.981817	3	0	0
4	112500001	0.944244	0.981817	3	0	0
4	113000001	1.01771	0.981817	3	0	0
4	113500001	1.00485	0.981817	3	0	0
4	114000001	0.993693	0.981817	3	0	0
4	114500001	1.02661	0.981817	3	0	0
4	115000001	0.967459	0.981817	3	0	0
4	115500001	0.983885	0.981817	3	0	0
4	116000001	0.996986	0.981817	3	0	0
4	116500001	0.977285	0.981817	3	0	0
4	117000001	1.02092	0.981817	3	0	0
4	117500001	1.00216	0.981817	3	0	0
4	118000001	1.02814	0.981817	3	0	0
4	118500001	0.966552	0.981817	3	0	0
4	119000001	1.01163	0.981817	3	0	0
4	119500001	0.983977	0.981817	3	0	0
4	120000001	1.01609	0.981817	3	0	0
4	120500001	0.999395	0.981817	3	0	0
4	121000001	1.04742	0.981817	3	0	0
4	121500001	1.02809	0.981817	3	0	0
4	122000001	1.08637	0.981817	3	0	0
4	122500001	1.00246	0.981817	3	0	0
4	123000001	0.962237	0.981817	3	0	0
4	123500001	0.991764	0.981817	3	0	0
4	124000001	0.993119	0.981817	3	0	0
4	124500001	1.02507	0.981817	3	0	0
4	125000001	0.973278	0.981817	3	0	0
4	125500001	1.04136	0.981817	3	0	0
4	126000001	1.04339	0.981817	3	0	0
4	126500001	1.01387	0.981817	3	0	0
4	127000001	1.00222	0.981817	3	0	0
4	127500001	1.02911	0.981817	3	0	0
4	128000001	0.998445	0.981817	3	0	0
4	128500001	0.942752	0.981817	3	0	0
4	129000001	1.02131	0.981817	3	0	0
4	129500001	0.969032	0.981817	3	0	0
4	130000001	0.917124	0.981817	3	0	0
4	130500001	0.934762	0.981817	3	0	0
4	131000001	0.962333	0.981817	3	0	0
4	131500001	0.891151	0.981817	3	0	0
4	132000001	0.942538	0.981817	3	0	0
4	132500001	0.964965	0.981817	3	0	0
4	133000001	1.03609	0.981817	3	0	0
4	133500001	1.02802	0.981817	3	0	0
4	134000001	0.984832	0.981817	3	0	0
4	134500001	0.976809	0.981817	3	0	0
4	135000001	1.01955	0.981817	3	0	0
4	135500001	1.02957	0.981817	3	0	0
4	136000001	0.992919	0.981817	3	0	0
4	136500001	0.982071	0.981817	3	0	0
4	137000001	1.01571	0.981817	3	0	0
4	137500001	0.986312	0.981817	3	0	0
4	138000001	1.02762	0.981817	3	0	0
4	138500001	0.969904	0.981817	3	0	0
4	139000001	0.925598	0.981817	3	0	0
4	139500001	0.976948	0.981817	3	0	0
4	140000001	0.937609	0.981817	3	0	0
4	140500001	0.972418	0.981817	3	0	0
4	141000001	0.990036	0.981817	3	0	0
4	141500001	1.01799	0.981817	3	0	0
4	142000001	0.994574	0.981817	3	0	0
4	142500001	1.01236	0.981817	3	0	0
4	143000001	1.00889	0.981817	3	0	0
4	143500001	0.957694	0.981817	3	0	0
4	144000001	0.97732	0.981817	3	0	0
4	144500001	1.00834	0.981817	3	0	0
4	145000001	0.943284	0.981817	3	0	0
4	145500001	1.00084	0.981817	3	0	0
4	146000001	1.03049	0.981817	3	0	0
4	146500001	0.974147	0.981817	3	0	0
4	147000001	0.992054	0.981817	3	0	0
4	147500001	0.952418	0.981817	3	0	0
4	148000001	0.972403	0.981817	3	0	0
4	148500001	0.944645	0.981817	3	0	0
4	149000001	0.962217	0.981817	3	0	0
4	149500001	1.04467	0.981817	3	0	0
4	150000001	0.987877	0.981817	3	0	0
4	150500001	1.00223	0.981817	3	0	0
4	151000001	0.995213	0.981817	3	0	0
4	151500001	0.945854	0.981817	3	0	0
4	152000001	0.991512	0.981817	3	0	0
4	152500001	0.953602	0.981817	3	0	0
4	153000001	0.990488	0.981817	3	0	0
4	153500001	1.02292	0.981817	3	0	0
4	154000001	0.958647	0.981817	3	0	0
4	154500001	0.965679	0.981817	3	0	0
4	155000001	0.962337	0.981817	3	0	0
4	155500001	0.943301	0.981817	3	0	0
4	156000001	0.988234	0.981817	3	0	0
4	156500001	1.06241	0.981817	3	0	0
4	157000001	1.02642	0.981817	3	0	0
4	157500001	0.992937	0.981817	3	0	0
4	158000001	0.991162	0.981817	3	0	0
4	158500001	0.962054	0.981817	3	0	0
4	159000001	1.00656	0.981817	3	0	0
4	159500001	0.960448	0.981817	3	0	0
4	160000001	0.934991	0.981817	3	0	0
4	160500001	0.959385	0.981817	3	0	0
4	161000001	0.974864	0.981817	3	0	0
4	161500001	0.980544	0.981817	3	0	0
4	162000001	0.99628	0.981817	3	0	0
4	162500001	0.954371	0.981817	3	0	0
4	163000001	0.977651	0.981817	3	0	0
4	163500001	0.975793	0.981817	3	0	0
4	164000001	0.991581	0.981817	3	0	0
4	164500001	0.961355	0.981817	3	0	0
4	165000001	0.930441	0.981817	3	0	0
4	165500001	0.974585	0.981817	3	0	0
4	166000001	0.945968	0.981817	3	0	0
4	166500001	1.0117	0.981817	3	0	0
4	167000001	0.955554	0.981817	3	0	0
4	167500001	0.972891	0.981817	3	0	0
4	168000001	1.07716	0.981817	3	0	0
4	168500001	1.02407	0.981817	3	0	0
4	169000001	1.01567	0.981817	3	0	0
4	169500001	0.994626	0.981817	3	0	0
4	170000001	0.92435	0.981817	3	0	0
4	170500001	0.935202	0.981817	3	0	0
4	171000001	0.954242	0.981817	3	0	0
4	171500001	0.902401	0.981817	3	0	0
4	172000001	0.941191	0.981817	3	0	0
4	172500001	0.979563	0.981817	3	0	0
4	173000001	0.989962	0.981817	3	0	0
4	173500001	0.958681	0.981817	3	0	0
4	174000001	1.006	0.981817	3	0	0
4	174500001	1.01517	0.981817	3	0	0
4	175000001	0.967073	0.981817	3	0	0
4	175500001	0.986806	0.981817	3	0	0
4	176000001	0.98106	0.981817	3	0	0
4	176500001	1.01201	0.981817	3	0	0
4	177000001	0.991922	0.981817	3	0	0
4	177500001	0.932851	0.981817	3	0	0
4	178000001	0.978521	0.981817	3	0	0
4	178500001	0.946378	0.981817	3	0	0
4	179000001	0.951507	0.981817	3	0	0
4	179500001	0.945239	0.981817	3	0	0
4	180000001	0.945116	0.981817	3	0	0
4	180500001	0.927509	0.981817	3	0	0
4	181000001	0.930131	0.981817	3	0	0
4	181500001	0.956331	0.981817	3	0	0
4	182000001	0.917363	0.981817	3	0	0
4	182500001	0.953883	0.981817	3	0	0
4	183000001	0.981104	0.981817	3	0	0
4	183500001	0.983527	0.981817	3	0	0
4	184000001	0.942778	0.981817	3	0	0
4	184500001	0.976355	0.981817	3	0	0
4	185000001	0.971141	0.981817	3	0	0
4	185500001	0.958877	0.981817	3	0	0
4	186000001	0.890568	0.895961	3	0	0
4	186500001	0.901355	0.895961	3	0	0
4	187000001	0.902566	0.895961	3	0	0
4	187500001	0.864934	0.895961	3	0	0
4	188000001	0.849901	0.895961	3	0	0
4	188500001	0.931649	0.895961	3	0	0
4	189000001	0.875567	0.895961	3	0	0
4	189500001	0.907898	0.895961	3	0	0
4	190000001	-1	-1	-1	0	0
5	1	1.51637	1.32673	4	0	0
5	500001	1.27511	1.32673	4	0	0
5	1000001	1.32987	1.32673	4	0	0
5	1500001	1.27917	1.32673	4	0	0
5	2000001	1.25309	1.32673	4	0	0
5	2500001	1.20914	1.32673	4	0	0
5	3000001	1.19211	1.32673	4	0	0
5	3500001	1.17582	1.32673	4	0	0
5	4000001	1.26727	1.32673	4	0	0
5	4500001	1.3468	1.32673	4	0	0
5	5000001	1.33247	1.32673	4	0	0
5	5500001	1.36286	1.32673	4	0	0
5	6000001	1.25491	1.32673	4	0	0
5	6500001	1.33936	1.32673	4	0	0
5	7000001	1.26586	1.32673	4	0	0
5	7500001	1.31391	1.32673	4	0	0
5	8000001	1.25488	1.32673	4	0	0
5	8500001	1.27268	1.32673	4	0	0
5	9000001	1.24353	1.32673	4	0	0
5	9500001	1.34241	1.32673	4	0	0
5	10000001	1.3131	1.32673	4	0	0
5	10500001	1.35769	1.32673	4	0	0
5	11000001	1.33396	1.32673	4	0	0
5	11500001	1.22241	1.32673	4	0	0
5	12000001	1.32539	1.32673	4	0	0
5	12500001	1.26913	1.32673	4	0	0
5	13000001	1.35117	1.32673	4	0	0
5	13500001	1.42853	1.32673	4	0	0
5	14000001	1.39386	1.32673	4	0	0
5	14500001	1.32416	1.32673	4	0	0
5	15000001	1.37382	1.32673	4	0	0
5	15500001	1.2727	1.32673	4	0	0
5	16000001	1.28812	1.32673	4	0	0
5	16500001	1.30168	1.32673	4	0	0
5	17000001	1.29514	1.32673	4	0	0
5	17500001	1.71571	1.32673	4	0	0
5	18000001	1.35375	1.32673	4	0	0
5	18500001	1.32673	1.32673	4	0	0
5	19000001	1.27181	1.32673	4	0	0
5	19500001	1.32036	1.32673	4	0	0
5	20000001	1.30543	1.32673	4	0	0
5	20500001	1.31084	1.32673	4	0	0
5	21000001	1.37018	1.32673	4	0	0
5	21500001	1.29551	1.32673	4	0	0
5	22000001	1.28173	1.32673	4	0	0
5	22500001	1.29432	1.32673	4	0	0
5	23000001	1.28101	1.32673	4	0	0
5	23500001	1.27747	1.32673	4	0	0
5	24000001	1.26028	1.32673	4	0	0
5	24500001	1.35394	1.32673	4	0	0
5	25000001	1.28654	1.32673	4	0	0
5	25500001	1.34287	1.32673	4	0	0
5	26000001	1.24227	1.32673	4	0	0
5	26500001	1.3335	1.32673	4	0	0
5	27000001	1.36085	1.32673	4	0	0
5	27500001	1.34271	1.32673	4	0	0
5	28000001	1.29987	1.32673	4	0	0
5	28500001	1.31603	1.32673	4	0	0
5	29000001	1.30385	1.32673	4	0	0
5	29500001	1.34098	1.32673	4	0	0
5	30000001	1.33113	1.32673	4	0	0
5	30500001	1.34571	1.32673	4	0	0
5	31000001	1.32013	1.32673	4	0	0
5	31500001	1.27178	1.32673	4	0	0
5	32000001	1.28128	1.32673	4	0	0
5	32500001	1.31305	1.32673	4	0	0
5	33000001	1.3896	1.32673	4	0	0
5	33500001	1.43973	1.32673	4	0	0
5	34000001	1.58452	1.32673	4	0	0
5	34500001	1.33877	1.32673	4	0	0
5	35000001	1.34392	1.32673	4	0	0
5	35500001	1.38739	1.32673	4	0	0
5	36000001	1.43615	1.32673	4	0	0
5	36500001	1.43298	1.32673	4	0	0
5	37000001	1.28943	1.32673	4	0	0
5	37500001	1.35039	1.32673	4	0	0
5	38000001	1.3768	1.32673	4	0	0
5	38500001	1.35674	1.32673	4	0	0
5	39000001	1.42172	1.32673	4	0	0
5	39500001	1.37621	1.32673	4	0	0
5	40000001	1.38706	1.32673	4	0	0
5	40500001	1.32562	1.32673	4	0	0
5	41000001	1.3834	1.32673	4	0	0
5	41500001	1.40406	1.32673	4	0	0
5	42000001	1.34604	1.32673	4	0	0
5	42500001	1.38861	1.32673	4	0	0
5	43000001	1.29275	1.32673	4	0	0
5	43500001	1.40912	1.32673	4	0	0
5	44000001	1.35816	1.32673	4	0	0
5	44500001	1.05557	1.04805	3	0	0
5	45000001	1.04776	1.04805	3	0	0
5	45500001	1.04834	1.04805	3	0	0
5	46000001	1.04277	1.04805	3	0	0
5	46500001	0.544971	0.544971	2	0	0
5	47000001	1.16021	1.37138	4	0	0
5	47500001	1.34427	1.37138	4	0	0
5	48000001	1.39848	1.37138	4	0	0
5	48500001	1.69695	1.37138	4	0	0
5	49000001	2.57482	2.57482	8	0	0
5	49500001	5.91463	5.91463	18	0	0
5	50000001	1.29318	1.01382	3	0	0
5	50500001	0.967204	1.01382	3	0	0
5	51000001	1.05497	1.01382	3	0	0
5	51500001	1.04636	1.01382	3	0	0
5	52000001	1.06469	1.01382	3	0	0
5	52500001	1.09072	1.01382	3	0	0
5	53000001	1.09165	1.01382	3	0	0
5	53500001	1.00967	1.01382	3	0	0
5	54000001	1.03004	1.01382	3	0	0
5	54500001	1.03872	1.01382	3	0	0
5	55000001	1.05713	1.01382	3	0	0
5	55500001	1.00084	1.01382	3	0	0
5	56000001	1.02183	1.01382	3	0	0
5	56500001	1.01294	1.01382	3	0	0
5	57000001	1.03663	1.01382	3	0	0
5	57500001	1.12134	1.01382	3	0	0
5	58000001	1.03404	1.01382	3	0	0
5	58500001	1.03629	1.01382	3	0	0
5	59000001	1.07945	1.01382	3	0	0
5	59500001	1.0176	1.01382	3	0	0
5	60000001	0.998571	1.01382	3	0	0
5	60500001	1.01591	1.01382	3	0	0
5	61000001	1.04643	1.01382	3	0	0
5	61500001	0.999728	1.01382	3	0	0
5	62000001	0.967886	1.01382	3	0	0
5	62500001	1.00801	1.01382	3	0	0
5	63000001	0.992922	1.01382	3	0	0
5	63500001	0.971532	1.01382	3	0	0
5	64000001	0.989516	1.01382	3	0	0
5	64500001	1.0272	1.01382	3	0	0
5	65000001	1.08193	1.01382	3	0	0
5	65500001	1.01009	1.01382	3	0	0
5	66000001	1.069	1.01382	3	0	0
5	66500001	1.037	1.01382	3	0	0
5	67000001	1.05886	1.01382	3	0	0
5	67500001	1.02056	1.01382	3	0	0
5	68000001	0.972362	1.01382	3	0	0
5	68500001	1.02132	1.01382	3	0	0
5	69000001	0.967582	1.01382	3	0	0
5	69500001	0.879875	1.01382	3	0	0
5	70000001	0.943914	1.01382	3	0	0
5	70500001	1.0087	1.01382	3	0	0
5	71000001	0.990532	1.01382	3	0	0
5	71500001	1.00772	1.01382	3	0	0
5	72000001	1.06103	1.01382	3	0	0
5	72500001	1.01311	1.01382	3	0	0
5	73000001	1.01909	1.01382	3	0	0
5	73500001	1.06189	1.01382	3	0	0
5	74000001	1.05117	1.01382	3	0	0
5	74500001	1.0176	1.01382	3	0	0
5	75000001	1.02893	1.01382	3	0	0
5	75500001	1.02631	1.01382	3	0	0
5	76000001	1.00798	1.01382	3	0	0
5	76500001	0.988485	1.01382	3	0	0
5	77000001	1.03457	1.01382	3	0	0
5	77500001	1.03532	1.01382	3	0	0
5	78000001	1.00917	1.01382	3	0	0
5	78500001	1.04093	1.01382	3	0	0
5	79000001	0.968366	1.01382	3	0	0
5	79500001	0.972873	1.01382	3	0	0
5	80000001	0.994455	1.01382	3	0	0
5	80500001	0.964805	1.01382	3	0	0
5	81000001	0.986528	1.01382	3	0	0
5	81500001	1.06598	1.01382	3	0	0
5	82000001	0.997599	1.01382	3	0	0
5	82500001	1.04831	1.01382	3	0	0
5	83000001	1.04171	1.01382	3	0	0
5	83500001	1.06151	1.01382	3	0	0
5	84000001	1.05776	1.01382	3	0	0
5	84500001	1.01034	1.01382	3	0	0
5	85000001	1.05295	1.01382	3	0	0
5	85500001	1.06662	1.01382	3	0	0
5	86000001	1.03124	1.01382	3	0	0
5	86500001	1.11344	1.01382	3	0	0
5	87000001	1.13457	1.01382	3	0	0
5	87500001	1.09211	1.01382	3	0	0
5	88000001	1.0388	1.01382	3	0	0
5	88500001	1.02272	1.01382	3	0	0
5	89000001	1.0468	1.01382	3	0	0
5	89500001	1.04181	1.01382	3	0	0
5	90000001	1.04893	1.01382	3	0	0
5	90500001	1.0336	1.01382	3	0	0
5	91000001	1.08122	1.01382	3	0	0
5	91500001	1.10057	1.01382	3	0	0
5	92000001	1.02802	1.01382	3	0	0
5	92500001	1.03457	1.01382	3	0	0
5	93000001	1.00216	1.01382	3	0	0
5	93500001	1.00744	1.01382	3	0	0
5	94000001	1.03544	1.01382	3	0	0
5	94500001	1.02272	1.01382	3	0	0
5	95000001	1.10484	1.01382	3	0	0
5	95500001	1.04193	1.01382	3	0	0
5	96000001	1.07682	1.01382	3	0	0
5	96500001	1.04479	1.01382	3	0	0
5	97000001	1.04765	1.01382	3	0	0
5	97500001	1.04212	1.01382	3	0	0
5	98000001	1.05406	1.01382	3	0	0
5	98500001	1.03876	1.01382	3	0	0
5	99000001	0.984881	1.01382	3	0	0
5	99500001	0.973075	1.01382	3	0	0
5	100000001	1.01005	1.01382	3	0	0
5	100500001	1.03543	1.01382	3	0	0
5	101000001	1.0158	1.01382	3	0	0
5	101500001	0.958254	1.01382	3	0	0
5	102000001	0.97675	1.01382	3	0	0
5	102500001	1.04853	1.01382	3	0	0
5	103000001	1.02634	1.01382	3	0	0
5	103500001	1.01675	1.01382	3	0	0
5	104000001	1.0162	1.01382	3	0	0
5	104500001	0.992092	1.01382	3	0	0
5	105000001	1.05294	1.01382	3	0	0
5	105500001	1.04	1.01382	3	0	0
5	106000001	1.00566	1.01382	3	0	0
5	106500001	1.05548	1.01382	3	0	0
5	107000001	1.07814	1.01382	3	0	0
5	107500001	1.04094	1.01382	3	0	0
5	108000001	1.04855	1.01382	3	0	0
5	108500001	0.994218	1.01382	3	0	0
5	109000001	0.998001	1.01382	3	0	0
5	109500001	1.01151	1.01382	3	0	0
5	110000001	1.02482	1.01382	3	0	0
5	110500001	1.03116	1.01382	3	0	0
5	111000001	1.07068	1.01382	3	0	0
5	111500001	0.995425	1.01382	3	0	0
5	112000001	1.01957	1.01382	3	0	0
5	112500001	0.972386	1.01382	3	0	0
5	113000001	0.99927	1.01382	3	0	0
5	113500001	0.958263	1.01382	3	0	0
5	114000001	0.977502	1.01382	3	0	0
5	114500001	1.02303	1.01382	3	0	0
5	115000001	1.04354	1.01382	3	0	0
5	115500001	1.01864	1.01382	3	0	0
5	116000001	1.04958	1.01382	3	0	0
5	116500001	0.950757	1.01382	3	0	0
5	117000001	0.963696	1.01382	3	0	0
5	117500001	0.912946	1.01382	3	0	0
5	118000001	0.966359	1.01382	3	0	0
5	118500001	0.939265	1.01382	3	0	0
5	119000001	0.979707	1.01382	3	0	0
5	119500001	1.00583	1.01382	3	0	0
5	120000001	0.999527	1.01382	3	0	0
5	120500001	0.995658	1.01382	3	0	0
5	121000001	1.0602	1.01382	3	0	0
5	121500001	1.02246	1.01382	3	0	0
5	122000001	0.988477	1.01382	3	0	0
5	122500001	0.983474	1.01382	3	0	0
5	123000001	1.04767	1.01382	3	0	0
5	123500001	1.04229	1.01382	3	0	0
5	124000001	1.02016	1.01382	3	0	0
5	124500001	0.906387	1.01382	3	0	0
5	125000001	1.02274	1.01382	3	0	0
5	125500001	1.05326	1.01382	3	0	0
5	126000001	1.09177	1.01382	3	0	0
5	126500001	0.936805	1.01382	3	0	0
5	127000001	1.05906	1.01382	3	0	0
5	127500001	0.996244	1.01382	3	0	0
5	128000001	0.994726	1.01382	3	0	0
5	128500001	0.98625	1.01382	3	0	0
5	129000001	0.947661	1.01382	3	0	0
5	129500001	1.00811	1.01382	3	0	0
5	130000001	1.02111	1.01382	3	0	0
5	130500001	1.00501	1.01382	3	0	0
5	131000001	1.01984	1.01382	3	0	0
5	131500001	1.05059	1.01382	3	0	0
5	132000001	1.04997	1.01382	3	0	0
5	132500001	0.988689	1.01382	3	0	0
5	133000001	1.05411	1.01382	3	0	0
5	133500001	1.01269	1.01382	3	0	0
5	134000001	1.01382	1.01382	3	0	0
5	134500001	0.978235	1.01382	3	0	0
5	135000001	1.05218	1.01382	3	0	0
5	135500001	1.04632	1.01382	3	0	0
5	136000001	1.0032	1.01382	3	0	0
5	136500001	0.977746	1.01382	3	0	0
5	137000001	0.962634	1.01382	3	0	0
5	137500001	0.994026	1.01382	3	0	0
5	138000001	0.930085	1.01382	3	0	0
5	138500001	1.04254	1.01382	3	0	0
5	139000001	1.03988	1.01382	3	0	0
5	139500001	1.03368	1.01382	3	0	0
5	140000001	1.04196	1.01382	3	0	0
5	140500001	0.953643	1.01382	3	0	0
5	141000001	0.957944	1.01382	3	0	0
5	141500001	1.05762	1.01382	3	0	0
5	142000001	0.968194	1.01382	3	0	0
5	142500001	1.02706	1.01382	3	0	0
5	143000001	1.04035	1.01382	3	0	0
5	143500001	1.08835	1.01382	3	0	0
5	144000001	1.03075	1.01382	3	0	0
5	144500001	1.00497	1.01382	3	0	0
5	145000001	1.00576	1.01382	3	0	0
5	145500001	1.03285	1.01382	3	0	0
5	146000001	0.988254	1.01382	3	0	0
5	146500001	0.982402	1.01382	3	0	0
5	147000001	0.971	1.01382	3	0	0
5	147500001	0.947502	1.01382	3	0	0
5	148000001	1.04273	1.01382	3	0	0
5	148500001	1.08436	1.01382	3	0	0
5	149000001	1.0551	1.01382	3	0	0
5	149500001	0.99199	1.01382	3	0	0
5	150000001	1.03726	1.01382	3	0	0
5	150500001	1.03331	1.01382	3	0	0
5	151000001	1.01447	1.01382	3	0	0
5	151500001	1.02441	1.01382	3	0	0
5	152000001	1.00551	1.01382	3	0	0
5	152500001	0.97058	1.01382	3	0	0
5	153000001	0.964746	1.01382	3	0	0
5	153500001	0.992347	1.01382	3	0	0
5	154000001	1.00692	1.01382	3	0	0
5	154500001	1.00035	1.01382	3	0	0
5	155000001	0.981417	1.01382	3	0	0
5	155500001	0.960204	1.01382	3	0	0
5	156000001	0.955671	1.01382	3	0	0
5	156500001	0.959703	1.01382	3	0	0
5	157000001	0.978027	1.01382	3	0	0
5	157500001	0.970344	1.01382	3	0	0
5	158000001	0.970804	1.01382	3	0	0
5	158500001	0.989656	1.01382	3	0	0
5	159000001	1.03743	1.01382	3	0	0
5	159500001	1.0552	1.01382	3	0	0
5	160000001	0.942582	1.01382	3	0	0
5	160500001	1.0654	1.01382	3	0	0
5	161000001	0.983199	1.01382	3	0	0
5	161500001	0.951325	1.01382	3	0	0
5	162000001	0.941191	1.01382	3	0	0
5	162500001	0.957983	1.01382	3	0	0
5	163000001	0.949683	1.01382	3	0	0
5	163500001	1.00795	1.01382	3	0	0
5	164000001	0.978247	1.01382	3	0	0
5	164500001	0.979757	1.01382	3	0	0
5	165000001	0.970471	1.01382	3	0	0
5	165500001	0.960202	1.01382	3	0	0
5	166000001	0.961111	1.01382	3	0	0
5	166500001	0.942042	1.01382	3	0	0
5	167000001	0.974913	1.01382	3	0	0
5	167500001	1.01904	1.01382	3	0	0
5	168000001	1.00717	1.01382	3	0	0
5	168500001	0.997335	1.01382	3	0	0
5	169000001	0.985838	1.01382	3	0	0
5	169500001	1.01411	1.01382	3	0	0
5	170000001	1.02833	1.01382	3	0	0
5	170500001	0.949689	1.01382	3	0	0
5	171000001	0.945984	1.01382	3	0	0
5	171500001	1.00582	1.01382	3	0	0
5	172000001	0.981116	1.01382	3	0	0
5	172500001	1.01755	1.01382	3	0	0
5	173000001	1.03333	1.01382	3	0	0
5	173500001	1.02844	1.01382	3	0	0
5	174000001	1.00092	1.01382	3	0	0
5	174500001	0.988904	1.01382	3	0	0
5	175000001	0.969884	1.01382	3	0	0
5	175500001	1.09791	1.01382	3	0	0
5	176000001	1.007	1.01382	3	0	0
5	176500001	0.99158	1.01382	3	0	0
5	177000001	0.991852	1.01382	3	0	0
5	177500001	0.904631	1.01382	3	0	0
5	178000001	0.99268	1.01382	3	0	0
5	178500001	0.916181	1.01382	3	0	0
5	179000001	1.01455	1.01382	3	0	0
5	179500001	1.16638	1.01382	3	0	0
5	180000001	0.985598	1.01382	3	0	0
5	180500001	0.978229	1.01382	3	0	0
5	181000001	0.875924	1.01382	3	0	0
5	181500001	-1	-1	-1	0	0
6	1	1.10901	1.27348	4	0	0
6	500001	1.30321	1.27348	4	0	0
6	1000001	1.30481	1.27348	4	0	0
6	1500001	1.25549	1.27348	4	0	0
6	2000001	1.28068	1.27348	4	0	0
6	2500001	1.32906	1.27348	4	0	0
6	3000001	1.33707	1.27348	4	0	0
6	3500001	1.29763	1.27348	4	0	0
6	4000001	1.32575	1.27348	4	0	0
6	4500001	1.35008	1.27348	4	0	0
6	5000001	1.28414	1.27348	4	0	0
6	5500001	1.27362	1.27348	4	0	0
6	6000001	1.29832	1.27348	4	0	0
6	6500001	1.21594	1.27348	4	0	0
6	7000001	1.27513	1.27348	4	0	0
6	7500001	1.29244	1.27348	4	0	0
6	8000001	1.25723	1.27348	4	0	0
6	8500001	1.27233	1.27348	4	0	0
6	9000001	1.28648	1.27348	4	0	0
6	9500001	1.27049	1.27348	4	0	0
6	10000001	1.26372	1.27348	4	0	0
6	10500001	1.25826	1.27348	4	0	0
6	11000001	1.49478	1.27348	4	0	0
6	11500001	1.33326	1.27348	4	0	0
6	12000001	1.34117	1.27348	4	0	0
6	12500001	1.25437	1.27348	4	0	0
6	13000001	1.24936	1.27348	4	0	0
6	13500001	1.28499	1.27348	4	0	0
6	14000001	1.28776	1.27348	4	0	0
6	14500001	1.23845	1.27348	4	0	0
6	15000001	1.18619	1.27348	4	0	0
6	15500001	1.23585	1.27348	4	0	0
6	16000001	1.26759	1.27348	4	0	0
6	16500001	1.30663	1.27348	4	0	0
6	17000001	1.26752	1.27348	4	0	0
6	17500001	1.28007	1.27348	4	0	0
6	18000001	1.21989	1.27348	4	0	0
6	18500001	1.3155	1.27348	4	0	0
6	19000001	1.23012	1.27348	4	0	0
6	19500001	1.21182	1.27348	4	0	0
6	20000001	1.22783	1.27348	4	0	0
6	20500001	1.24868	1.27348	4	0	0
6	21000001	1.21436	1.27348	4	0	0
6	21500001	1.12893	1.27348	4	0	0
6	22000001	1.20341	1.27348	4	0	0
6	22500001	1.27484	1.27348	4	0	0
6	23000001	1.30542	1.27348	4	0	0
6	23500001	1.23964	1.27348	4	0	0
6	24000001	1.21813	1.27348	4	0	0
6	24500001	1.25963	1.27348	4	0	0
6	25000001	1.25281	1.27348	4	0	0
6	25500001	1.28183	1.27348	4	0	0
6	26000001	1.26086	1.27348	4	0	0
6	26500001	1.25128	1.27348	4	0	0
6	27000001	1.16051	1.27348	4	0	0
6	27500001	1.1889	1.27348	4	0	0
6	28000001	1.27333	1.27348	4	0	0
6	28500001	1.18561	1.27348	4	0	0
6	29000001	1.314	1.27348	4	0	0
6	29500001	1.25593	1.27348	4	0	0
6	30000001	1.33941	1.27348	4	0	0
6	30500001	1.35028	1.27348	4	0	0
6	31000001	1.28884	1.27348	4	0	0
6	31500001	1.33693	1.27348	4	0	0
6	32000001	1.29654	1.27348	4	0	0
6	32500001	1.24042	1.27348	4	0	0
6	33000001	1.30461	1.27348	4	0	0
6	33500001	1.34591	1.27348	4	0	0
6	34000001	1.28237	1.27348	4	0	0
6	34500001	1.40765	1.27348	4	0	0
6	35000001	1.94812	1.92802	6	0	0
6	35500001	1.85757	1.92802	6	0	0
6	36000001	1.93783	1.92802	6	0	0
6	36500001	1.93919	1.92802	6	0	0
6	37000001	1.92802	1.92802	6	0	0
6	37500001	1.89527	1.92802	6	0	0
6	38000001	1.89687	1.92802	6	0	0
6	38500001	1.31452	1.31452	4	0	0
6	39000001	1.18692	1.31452	4	0	0
6	39500001	1.47315	1.31452	4	0	0
6	40000001	1.86645	1.90797	6	0	0
6	40500001	1.94658	1.90797	6	0	0
6	41000001	1.91721	1.90797	6	0	0
6	41500001	1.9185	1.90797	6	0	0
6	42000001	1.89872	1.90797	6	0	0
6	42500001	1.81769	1.90797	6	0	0
6	43000001	1.576	1.576	5	0	0
6	43500001	1.30011	1.34552	4	0	0
6	44000001	1.34842	1.34552	4	0	0
6	44500001	1.30611	1.34552	4	0	0
6	45000001	1.32397	1.34552	4	0	0
6	45500001	1.33869	1.34552	4	0	0
6	46000001	1.36912	1.34552	4	0	0
6	46500001	1.39648	1.34552	4	0	0
6	47000001	1.38284	1.34552	4	0	0
6	47500001	1.32603	1.34552	4	0	0
6	48000001	1.33345	1.34552	4	0	0
6	48500001	1.34263	1.34552	4	0	0
6	49000001	1.39171	1.34552	4	0	0
6	49500001	1.32752	1.34552	4	0	0
6	50000001	1.31289	1.34552	4	0	0
6	50500001	1.29595	1.34552	4	0	0
6	51000001	1.2737	1.34552	4	0	0
6	51500001	1.32811	1.34552	4	0	0
6	52000001	1.34802	1.34552	4	0	0
6	52500001	1.39274	1.34552	4	0	0
6	53000001	1.32967	1.34552	4	0	0
6	53500001	1.37554	1.34552	4	0	0
6	54000001	1.39798	1.34552	4	0	0
6	54500001	1.35985	1.34552	4	0	0
6	55000001	1.41128	1.34552	4	0	0
6	55500001	1.44183	1.34552	4	0	0
6	56000001	1.43902	1.34552	4	0	0
6	56500001	1.39065	1.34552	4	0	0
6	57000001	1.33636	1.34552	4	0	0
6	57500001	1.34303	1.34552	4	0	0
6	58000001	1.35902	1.34552	4	0	0
6	58500001	2.48535	2.41045	7	0	0
6	59000001	2.33556	2.41045	7	0	0
6	59500001	-1	-1	-1	0	0
6	60000001	-1	-1	-1	0	0
6	60500001	1.29837	1.37024	4	0	0
6	61000001	1.27198	1.37024	4	0	0
6	61500001	1.33748	1.37024	4	0	0
6	62000001	1.3109	1.37024	4	0	0
6	62500001	1.28955	1.37024	4	0	0
6	63000001	1.35798	1.37024	4	0	0
6	63500001	1.38969	1.37024	4	0	0
6	64000001	1.39876	1.37024	4	0	0
6	64500001	1.40391	1.37024	4	0	0
6	65000001	1.38308	1.37024	4	0	0
6	65500001	1.36503	1.37024	4	0	0
6	66000001	1.37124	1.37024	4	0	0
6	66500001	1.42053	1.37024	4	0	0
6	67000001	1.37951	1.37024	4	0	0
6	67500001	1.36111	1.37024	4	0	0
6	68000001	1.38018	1.37024	4	0	0
6	68500001	1.42483	1.37024	4	0	0
6	69000001	1.3201	1.37024	4	0	0
6	69500001	1.36923	1.37024	4	0	0
6	70000001	1.38333	1.37024	4	0	0
6	70500001	1.29113	1.37024	4	0	0
6	71000001	1.40025	1.37024	4	0	0
6	71500001	1.4295	1.37024	4	0	0
6	72000001	1.38687	1.37024	4	0	0
6	72500001	1.40571	1.37024	4	0	0
6	73000001	1.33692	1.37024	4	0	0
6	73500001	1.36151	1.37024	4	0	0
6	74000001	1.22964	1.37024	4	0	0
6	74500001	1.01463	1.02105	3	0	0
6	75000001	1.03627	1.02105	3	0	0
6	75500001	1.00788	1.02105	3	0	0
6	76000001	1.04695	1.02105	3	0	0
6	76500001	0.974973	1.02105	3	0	0
6	77000001	1.02748	1.02105	3	0	0
6	77500001	0.664942	0.677886	2	0	0
6	78000001	0.561739	0.677886	2	0	0
6	78500001	0.673731	0.677886	2	0	0
6	79000001	0.684824	0.677886	2	0	0
6	79500001	0.69044	0.677886	2	0	0
6	80000001	0.694061	0.677886	2	0	0
6	80500001	0.682575	0.677886	2	0	0
6	81000001	0.693362	0.677886	2	0	0
6	81500001	0.692327	0.677886	2	0	0
6	82000001	0.721486	0.677886	2	0	0
6	82500001	0.712676	0.677886	2	0	0
6	83000001	0.672447	0.677886	2	0	0
6	83500001	0.656925	0.677886	2	0	0
6	84000001	0.6997	0.677886	2	0	0
6	84500001	0.665465	0.677886	2	0	0
6	85000001	0.743761	0.677886	2	0	0
6	85500001	0.721716	0.677886	2	0	0
6	86000001	0.707982	0.677886	2	0	0
6	86500001	0.711327	0.677886	2	0	0
6	87000001	0.674597	0.677886	2	0	0
6	87500001	0.676363	0.677886	2	0	0
6	88000001	0.644981	0.677886	2	0	0
6	88500001	0.672344	0.677886	2	0	0
6	89000001	0.653006	0.677886	2	0	0
6	89500001	0.629143	0.677886	2	0	0
6	90000001	0.687125	0.677886	2	0	0
6	90500001	0.712008	0.677886	2	0	0
6	91000001	0.656777	0.677886	2	0	0
6	91500001	0.66337	0.677886	2	0	0
6	92000001	0.640078	0.677886	2	0	0
6	92500001	0.646718	0.677886	2	0	0
6	93000001	0.642638	0.677886	2	0	0
6	93500001	0.648223	0.677886	2	0	0
6	94000001	0.678177	0.677886	2	0	0
6	94500001	0.669491	0.677886	2	0	0
6	95000001	0.677316	0.677886	2	0	0
6	95500001	0.670497	0.677886	2	0	0
6	96000001	0.660625	0.677886	2	0	0
6	96500001	0.668843	0.677886	2	0	0
6	97000001	0.678266	0.677886	2	0	0
6	97500001	0.668379	0.677886	2	0	0
6	98000001	0.669192	0.677886	2	0	0
6	98500001	0.663811	0.677886	2	0	0
6	99000001	0.659576	0.677886	2	0	0
6	99500001	0.66459	0.677886	2	0	0
6	100000001	0.712104	0.677886	2	0	0
6	100500001	0.726806	0.677886	2	0	0
6	101000001	0.696376	0.677886	2	0	0
6	101500001	0.711676	0.677886	2	0	0
6	102000001	0.677023	0.677886	2	0	0
6	102500001	0.693715	0.677886	2	0	0
6	103000001	0.703633	0.677886	2	0	0
6	103500001	0.658487	0.677886	2	0	0
6	104000001	0.657912	0.677886	2	0	0
6	104500001	0.68057	0.677886	2	0	0
6	105000001	0.696082	0.677886	2	0	0
6	105500001	0.683996	0.677886	2	0	0
6	106000001	0.675783	0.677886	2	0	0
6	106500001	0.671613	0.677886	2	0	0
6	107000001	0.617409	0.677886	2	0	0
6	107500001	0.648788	0.677886	2	0	0
6	108000001	0.662387	0.677886	2	0	0
6	108500001	0.722852	0.677886	2	0	0
6	109000001	0.681475	0.677886	2	0	0
6	109500001	0.675653	0.677886	2	0	0
6	110000001	0.682713	0.677886	2	0	0
6	110500001	0.6501	0.677886	2	0	0
6	111000001	0.677886	0.677886	2	0	0
6	111500001	0.700107	0.677886	2	0	0
6	112000001	0.682317	0.677886	2	0	0
6	112500001	0.697761	0.677886	2	0	0
6	113000001	0.71421	0.677886	2	0	0
6	113500001	0.657716	0.677886	2	0	0
6	114000001	0.698977	0.677886	2	0	0
6	114500001	0.666651	0.677886	2	0	0
6	115000001	0.65398	0.677886	2	0	0
6	115500001	0.699129	0.677886	2	0	0
6	116000001	0.714474	0.677886	2	0	0
6	116500001	0.726456	0.677886	2	0	0
6	117000001	0.649373	0.677886	2	0	0
6	117500001	0.698519	0.677886	2	0	0
6	118000001	0.663233	0.677886	2	0	0
6	118500001	0.661807	0.677886	2	0	0
6	119000001	0.638301	0.677886	2	0	0
6	119500001	0.680302	0.677886	2	0	0
6	120000001	0.685594	0.677886	2	0	0
6	120500001	0.707188	0.677886	2	0	0
6	121000001	0.638736	0.677886	2	0	0
6	121500001	0.650715	0.677886	2	0	0
6	122000001	0.681474	0.677886	2	0	0
6	122500001	0.639711	0.677886	2	0	0
6	123000001	0.674111	0.677886	2	0	0
6	123500001	0.652911	0.677886	2	0	0
6	124000001	0.673904	0.677886	2	0	0
6	124500001	0.669649	0.677886	2	0	0
6	125000001	0.724339	0.677886	2	0	0
6	125500001	0.688055	0.677886	2	0	0
6	126000001	0.710832	0.677886	2	0	0
6	126500001	0.70581	0.677886	2	0	0
6	127000001	0.707444	0.677886	2	0	0
6	127500001	0.728119	0.677886	2	0	0
6	128000001	0.720946	0.677886	2	0	0
6	128500001	0.721519	0.677886	2	0	0
6	129000001	0.717366	0.677886	2	0	0
6	129500001	0.722064	0.677886	2	0	0
6	130000001	0.70278	0.677886	2	0	0
6	130500001	0.689473	0.677886	2	0	0
6	131000001	0.691821	0.677886	2	0	0
6	131500001	0.675359	0.677886	2	0	0
6	132000001	0.68415	0.677886	2	0	0
6	132500001	0.673144	0.677886	2	0	0
6	133000001	0.689605	0.677886	2	0	0
6	133500001	0.718491	0.677886	2	0	0
6	134000001	0.680804	0.677886	2	0	0
6	134500001	0.684236	0.677886	2	0	0
6	135000001	0.669843	0.677886	2	0	0
6	135500001	0.760321	0.677886	2	0	0
6	136000001	0.6938	0.677886	2	0	0
6	136500001	0.666768	0.677886	2	0	0
6	137000001	0.691133	0.677886	2	0	0
6	137500001	0.672443	0.677886	2	0	0
6	138000001	0.693192	0.677886	2	0	0
6	138500001	0.690557	0.677886	2	0	0
6	139000001	0.679821	0.677886	2	0	0
6	139500001	0.707095	0.677886	2	0	0
6	140000001	0.707201	0.677886	2	0	0
6	140500001	0.690522	0.677886	2	0	0
6	141000001	0.701078	0.677886	2	0	0
6	141500001	0.718409	0.677886	2	0	0
6	142000001	0.733793	0.677886	2	0	0
6	142500001	0.716605	0.677886	2	0	0
6	143000001	0.730986	0.677886	2	0	0
6	143500001	0.676661	0.677886	2	0	0
6	144000001	0.684739	0.677886	2	0	0
6	144500001	0.674182	0.677886	2	0	0
6	145000001	0.657697	0.677886	2	0	0
6	145500001	0.682192	0.677886	2	0	0
6	146000001	0.673726	0.677886	2	0	0
6	146500001	0.680912	0.677886	2	0	0
6	147000001	0.681366	0.677886	2	0	0
6	147500001	0.649913	0.677886	2	0	0
6	148000001	0.676073	0.677886	2	0	0
6	148500001	0.686896	0.677886	2	0	0
6	149000001	0.662983	0.677886	2	0	0
6	149500001	0.650111	0.677886	2	0	0
6	150000001	0.657215	0.677886	2	0	0
6	150500001	0.657514	0.677886	2	0	0
6	151000001	0.670109	0.677886	2	0	0
6	151500001	0.676707	0.677886	2	0	0
6	152000001	0.623388	0.677886	2	0	0
6	152500001	0.675033	0.677886	2	0	0
6	153000001	0.665378	0.677886	2	0	0
6	153500001	0.707924	0.677886	2	0	0
6	154000001	0.693435	0.677886	2	0	0
6	154500001	0.670528	0.677886	2	0	0
6	155000001	0.654456	0.677886	2	0	0
6	155500001	0.701634	0.677886	2	0	0
6	156000001	0.683694	0.677886	2	0	0
6	156500001	0.66592	0.677886	2	0	0
6	157000001	0.657762	0.677886	2	0	0
6	157500001	0.698533	0.677886	2	0	0
6	158000001	0.670019	0.677886	2	0	0
6	158500001	0.697867	0.677886	2	0	0
6	159000001	0.675409	0.677886	2	0	0
6	159500001	0.668767	0.677886	2	0	0
6	160000001	0.689449	0.677886	2	0	0
6	160500001	0.742209	0.677886	2	0	0
6	161000001	0.658707	0.677886	2	0	0
6	161500001	0.624924	0.677886	2	0	0
6	162000001	0.622646	0.677886	2	0	0
6	162500001	0.632699	0.677886	2	0	0
6	163000001	0.635742	0.677886	2	0	0
6	163500001	0.633643	0.677886	2	0	0
6	164000001	0.633545	0.677886	2	0	0
6	164500001	0.623262	0.677886	2	0	0
6	165000001	0.653642	0.677886	2	0	0
6	165500001	0.720504	0.677886	2	0	0
6	166000001	0.997064	0.970232	3	0	0
6	166500001	0.96383	0.970232	3	0	0
6	167000001	1.05471	0.970232	3	0	0
6	167500001	0.951477	0.970232	3	0	0
6	168000001	0.970232	0.970232	3	0	0
6	168500001	0.945972	0.970232	3	0	0
6	169000001	0.94387	0.970232	3	0	0
6	169500001	0.979817	0.970232	3	0	0
6	170000001	1.02698	0.970232	3	0	0
6	170500001	-1	-1	-1	0	0
7	1	1.0186	1.01397	3	0	0
7	500001	0.985931	1.01397	3	0	0
7	1000001	0.962613	1.01397	3	0	0
7	1500001	1.03254	1.01397	3	0	0
7	2000001	1.01459	1.01397	3	0	0
7	2500001	0.991881	1.01397	3	0	0
7	3000001	0.943041	1.01397	3	0	0
7	3500001	0.981721	1.01397	3	0	0
7	4000001	0.928944	1.01397	3	0	0
7	4500001	0.979354	1.01397	3	0	0
7	5000001	0.932329	1.01397	3	0	0
7	5500001	0.956987	1.01397	3	0	0
7	6000001	0.992331	1.01397	3	0	0
7	6500001	1.05363	1.01397	3	0	0
7	7000001	1.07885	1.01397	3	0	0
7	7500001	1.02855	1.01397	3	0	0
7	8000001	1.03675	1.01397	3	0	0
7	8500001	1.02061	1.01397	3	0	0
7	9000001	0.986809	1.01397	3	0	0
7	9500001	0.981287	1.01397	3	0	0
7	10000001	0.987021	1.01397	3	0	0
7	10500001	1.01274	1.01397	3	0	0
7	11000001	1.03007	1.01397	3	0	0
7	11500001	1.01863	1.01397	3	0	0
7	12000001	1.05415	1.01397	3	0	0
7	12500001	1.02824	1.01397	3	0	0
7	13000001	1.01055	1.01397	3	0	0
7	13500001	1.03351	1.01397	3	0	0
7	14000001	1.03832	1.01397	3	0	0
7	14500001	1.01617	1.01397	3	0	0
7	15000001	0.975276	1.01397	3	0	0
7	15500001	1.01362	1.01397	3	0	0
7	16000001	1.01397	1.01397	3	0	0
7	16500001	0.986348	1.01397	3	0	0
7	17000001	1.10914	1.01397	3	0	0
7	17500001	1.03993	1.01397	3	0	0
7	18000001	1.05757	1.01397	3	0	0
7	18500001	1.05171	1.01397	3	0	0
7	19000001	0.990288	1.01397	3	0	0
7	19500001	1.03538	1.01397	3	0	0
7	20000001	1.02663	1.01397	3	0	0
7	20500001	0.949191	1.01397	3	0	0
7	21000001	0.964196	1.01397	3	0	0
7	21500001	1.40314	1.40314	4	0	0
7	22000001	1.06337	1.00911	3	0	0
7	22500001	1.06425	1.00911	3	0	0
7	23000001	1.011	1.00911	3	0	0
7	23500001	1.04394	1.00911	3	0	0
7	24000001	1.01463	1.00911	3	0	0
7	24500001	1.01964	1.00911	3	0	0
7	25000001	1.02342	1.00911	3	0	0
7	25500001	1.04088	1.00911	3	0	0
7	26000001	0.980381	1.00911	3	0	0
7	26500001	1.03185	1.00911	3	0	0
7	27000001	1.05704	1.00911	3	0	0
7	27500001	1.03482	1.00911	3	0	0
7	28000001	1.02232	1.00911	3	0	0
7	28500001	0.955999	1.00911	3	0	0
7	29000001	0.976809	1.00911	3	0	0
7	29500001	0.983281	1.00911	3	0	0
7	30000001	1.05351	1.00911	3	0	0
7	30500001	0.992357	1.00911	3	0	0
7	31000001	0.99141	1.00911	3	0	0
7	31500001	1.01396	1.00911	3	0	0
7	32000001	1.01927	1.00911	3	0	0
7	32500001	1.03467	1.00911	3	0	0
7	33000001	1.04062	1.00911	3	0	0
7	33500001	0.998066	1.00911	3	0	0
7	34000001	0.997737	1.00911	3	0	0
7	34500001	0.999566	1.00911	3	0	0
7	35000001	1.00572	1.00911	3	0	0
7	35500001	0.999484	1.00911	3	0	0
7	36000001	1.0463	1.00911	3	0	0
7	36500001	1.03126	1.00911	3	0	0
7	37000001	0.972007	1.00911	3	0	0
7	37500001	0.96236	1.00911	3	0	0
7	38000001	0.964577	1.00911	3	0	0
7	38500001	0.920421	1.00911	3	0	0
7	39000001	1.01717	1.00911	3	0	0
7	39500001	1.0298	1.00911	3	0	0
7	40000001	0.848091	1.00911	3	0	0
7	40500001	1.00808	1.00911	3	0	0
7	41000001	0.977698	1.00911	3	0	0
7	41500001	1.01596	1.00911	3	0	0
7	42000001	0.986534	1.00911	3	0	0
7	42500001	1.00058	1.00911	3	0	0
7	43000001	1.01618	1.00911	3	0	0
7	43500001	1.01209	1.00911	3	0	0
7	44000001	1.06315	1.00911	3	0	0
7	44500001	1.00018	1.00911	3	0	0
7	45000001	1.02243	1.00911	3	0	0
7	45500001	0.984174	1.00911	3	0	0
7	46000001	1.03239	1.00911	3	0	0
7	46500001	0.985014	1.00911	3	0	0
7	47000001	1.04354	1.00911	3	0	0
7	47500001	1.02106	1.00911	3	0	0
7	48000001	1.05968	1.00911	3	0	0
7	48500001	1.02246	1.00911	3	0	0
7	49000001	1.01014	1.00911	3	0	0
7	49500001	0.991216	1.00911	3	0	0
7	50000001	0.994056	1.00911	3	0	0
7	50500001	1.00011	1.00911	3	0	0
7	51000001	0.974251	1.00911	3	0	0
7	51500001	0.952146	1.00911	3	0	0
7	52000001	0.946902	1.00911	3	0	0
7	52500001	0.945084	1.00911	3	0	0
7	53000001	0.976658	1.00911	3	0	0
7	53500001	0.945765	1.00911	3	0	0
7	54000001	0.98681	1.00911	3	0	0
7	54500001	1.06088	1.00911	3	0	0
7	55000001	0.782566	0.782566	2	0	0
7	55500001	0.649257	0.649257	2	0	0
7	56000001	0.650593	0.649257	2	0	0
7	56500001	0.571669	0.649257	2	0	0
7	57000001	0.56148	0.649257	2	0	0
7	57500001	0.68903	0.649257	2	0	0
7	58000001	1.27231	1.27231	4	0	0
7	58500001	1.0012	0.906955	3	0	0
7	59000001	0.841223	0.906955	3	0	0
7	59500001	0.972688	0.906955	3	0	0
7	60000001	0.782522	0.906955	3	0	0
7	60500001	1.21354	1.21354	4	0	0
7	61000001	0.873445	0.873445	3	0	0
7	61500001	-1	0.873445	3	0	0
7	62000001	0.935738	0.873445	3	0	0
7	62500001	0.755964	0.873445	3	0	0
7	63000001	0.588839	0.631609	2	0	0
7	63500001	0.605469	0.631609	2	0	0
7	64000001	0.636846	0.631609	2	0	0
7	64500001	0.628931	0.631609	2	0	0
7	65000001	0.631609	0.631609	2	0	0
7	65500001	0.785711	0.631609	2	0	0
7	66000001	0.64313	0.631609	2	0	0
7	66500001	0.666593	0.631609	2	0	0
7	67000001	0.660958	0.631609	2	0	0
7	67500001	0.629988	0.631609	2	0	0
7	68000001	0.601367	0.631609	2	0	0
7	68500001	0.597267	0.631609	2	0	0
7	69000001	0.576993	0.631609	2	0	0
7	69500001	0.594235	0.631609	2	0	0
7	70000001	0.609625	0.631609	2	0	0
7	70500001	0.595006	0.631609	2	0	0
7	71000001	0.579163	0.631609	2	0	0
7	71500001	0.58943	0.631609	2	0	0
7	72000001	0.645225	0.631609	2	0	0
7	72500001	0.655736	0.631609	2	0	0
7	73000001	0.661365	0.631609	2	0	0
7	73500001	0.638362	0.631609	2	0	0
7	74000001	0.655697	0.631609	2	0	0
7	74500001	0.649914	0.631609	2	0	0
7	75000001	0.616735	0.631609	2	0	0
7	75500001	0.643303	0.631609	2	0	0
7	76000001	0.634566	0.631609	2	0	0
7	76500001	0.706435	0.685542	2	0	0
7	77000001	0.642274	0.685542	2	0	0
7	77500001	0.694669	0.685542	2	0	0
7	78000001	0.685043	0.685542	2	0	0
7	78500001	0.649633	0.685542	2	0	0
7	79000001	0.691551	0.685542	2	0	0
7	79500001	0.695369	0.685542	2	0	0
7	80000001	0.714594	0.685542	2	0	0
7	80500001	0.708469	0.685542	2	0	0
7	81000001	0.684653	0.685542	2	0	0
7	81500001	0.698122	0.685542	2	0	0
7	82000001	0.681683	0.685542	2	0	0
7	82500001	0.705326	0.685542	2	0	0
7	83000001	0.725655	0.685542	2	0	0
7	83500001	0.71588	0.685542	2	0	0
7	84000001	0.692725	0.685542	2	0	0
7	84500001	0.695874	0.685542	2	0	0
7	85000001	0.699907	0.685542	2	0	0
7	85500001	0.729003	0.685542	2	0	0
7	86000001	0.660653	0.685542	2	0	0
7	86500001	0.689245	0.685542	2	0	0
7	87000001	0.651265	0.685542	2	0	0
7	87500001	0.717563	0.685542	2	0	0
7	88000001	0.650454	0.685542	2	0	0
7	88500001	0.691121	0.685542	2	0	0
7	89000001	0.658374	0.685542	2	0	0
7	89500001	0.703682	0.685542	2	0	0
7	90000001	0.667317	0.685542	2	0	0
7	90500001	0.699068	0.685542	2	0	0
7	91000001	0.653753	0.685542	2	0	0
7	91500001	0.694271	0.685542	2	0	0
7	92000001	0.717765	0.685542	2	0	0
7	92500001	0.700579	0.685542	2	0	0
7	93000001	0.711366	0.685542	2	0	0
7	93500001	0.708477	0.685542	2	0	0
7	94000001	0.728848	0.685542	2	0	0
7	94500001	0.691457	0.685542	2	0	0
7	95000001	0.723342	0.685542	2	0	0
7	95500001	0.676403	0.685542	2	0	0
7	96000001	0.629172	0.685542	2	0	0
7	96500001	0.645153	0.685542	2	0	0
7	97000001	0.647492	0.685542	2	0	0
7	97500001	0.665477	0.685542	2	0	0
7	98000001	0.657956	0.685542	2	0	0
7	98500001	0.644267	0.685542	2	0	0
7	99000001	0.67698	0.685542	2	0	0
7	99500001	0.710834	0.685542	2	0	0
7	100000001	0.705803	0.685542	2	0	0
7	100500001	0.750571	0.685542	2	0	0
7	101000001	0.641308	0.685542	2	0	0
7	101500001	0.633773	0.685542	2	0	0
7	102000001	0.666632	0.685542	2	0	0
7	102500001	0.771056	0.685542	2	0	0
7	103000001	0.662706	0.685542	2	0	0
7	103500001	0.659485	0.685542	2	0	0
7	104000001	0.69495	0.685542	2	0	0
7	104500001	0.718617	0.685542	2	0	0
7	105000001	0.632802	0.685542	2	0	0
7	105500001	0.699733	0.685542	2	0	0
7	106000001	0.730152	0.685542	2	0	0
7	106500001	0.704012	0.685542	2	0	0
7	107000001	0.686041	0.685542	2	0	0
7	107500001	0.696688	0.685542	2	0	0
7	108000001	0.694905	0.685542	2	0	0
7	108500001	0.674652	0.685542	2	0	0
7	109000001	0.689229	0.685542	2	0	0
7	109500001	0.684285	0.685542	2	0	0
7	110000001	0.696166	0.685542	2	0	0
7	110500001	0.669408	0.685542	2	0	0
7	111000001	0.643627	0.685542	2	0	0
7	111500001	0.663531	0.685542	2	0	0
7	112000001	0.677262	0.685542	2	0	0
7	112500001	0.69468	0.685542	2	0	0
7	113000001	0.645201	0.685542	2	0	0
7	113500001	0.696785	0.685542	2	0	0
7	114000001	0.670163	0.685542	2	0	0
7	114500001	0.696088	0.685542	2	0	0
7	115000001	0.713773	0.685542	2	0	0
7	115500001	0.744899	0.685542	2	0	0
7	116000001	0.754087	0.685542	2	0	0
7	116500001	0.748197	0.685542	2	0	0
7	117000001	0.680964	0.685542	2	0	0
7	117500001	0.659506	0.685542	2	0	0
7	118000001	0.661273	0.685542	2	0	0
7	118500001	0.678668	0.685542	2	0	0
7	119000001	0.68378	0.685542	2	0	0
7	119500001	0.678973	0.685542	2	0	0
7	120000001	0.683331	0.685542	2	0	0
7	120500001	0.70201	0.685542	2	0	0
7	121000001	0.712945	0.685542	2	0	0
7	121500001	0.720952	0.685542	2	0	0
7	122000001	0.667406	0.685542	2	0	0
7	122500001	0.661217	0.685542	2	0	0
7	123000001	0.723879	0.685542	2	0	0
7	123500001	0.713126	0.685542	2	0	0
7	124000001	0.676288	0.685542	2	0	0
7	124500001	0.675372	0.685542	2	0	0
7	125000001	0.658304	0.685542	2	0	0
7	125500001	0.63578	0.685542	2	0	0
7	126000001	0.638184	0.685542	2	0	0
7	126500001	0.680133	0.685542	2	0	0
7	127000001	0.671863	0.685542	2	0	0
7	127500001	0.673847	0.685542	2	0	0
7	128000001	0.682285	0.685542	2	0	0
7	128500001	0.677194	0.685542	2	0	0
7	129000001	0.680865	0.685542	2	0	0
7	129500001	0.670494	0.685542	2	0	0
7	130000001	0.672462	0.685542	2	0	0
7	130500001	0.696555	0.685542	2	0	0
7	131000001	0.73653	0.685542	2	0	0
7	131500001	1.07939	0.994168	3	0	0
7	132000001	1.0073	0.994168	3	0	0
7	132500001	1.00307	0.994168	3	0	0
7	133000001	0.996866	0.994168	3	0	0
7	133500001	0.948645	0.994168	3	0	0
7	134000001	1.01298	0.994168	3	0	0
7	134500001	0.993805	0.994168	3	0	0
7	135000001	1.03099	0.994168	3	0	0
7	135500001	0.963676	0.994168	3	0	0
7	136000001	0.994168	0.994168	3	0	0
7	136500001	0.915178	0.994168	3	0	0
7	137000001	1.01415	0.994168	3	0	0
7	137500001	0.982882	0.994168	3	0	0
7	138000001	0.956472	0.994168	3	0	0
7	138500001	1.02667	0.994168	3	0	0
7	139000001	1.01152	0.994168	3	0	0
7	139500001	1.0063	0.994168	3	0	0
7	140000001	0.972773	0.994168	3	0	0
7	140500001	0.955775	0.994168	3	0	0
7	141000001	0.961131	0.994168	3	0	0
7	141500001	0.979082	0.994168	3	0	0
7	142000001	1.07038	0.994168	3	0	0
7	142500001	1.06471	0.994168	3	0	0
7	143000001	0.97416	0.994168	3	0	0
7	143500001	0.924385	0.994168	3	0	0
7	144000001	1.24754	1.24754	4	0	0
7	144500001	1.01269	0.986794	3	0	0
7	145000001	1.00303	0.986794	3	0	0
7	145500001	1.00063	0.986794	3	0	0
7	146000001	0.964135	0.986794	3	0	0
7	146500001	0.954402	0.986794	3	0	0
7	147000001	0.97371	0.986794	3	0	0
7	147500001	0.962493	0.986794	3	0	0
7	148000001	0.95708	0.986794	3	0	0
7	148500001	0.981296	0.986794	3	0	0
7	149000001	0.955027	0.986794	3	0	0
7	149500001	0.969385	0.986794	3	0	0
7	150000001	1.01472	0.986794	3	0	0
7	150500001	1.01279	0.986794	3	0	0
7	151000001	1.0382	0.986794	3	0	0
7	151500001	1.01737	0.986794	3	0	0
7	152000001	1.06339	0.986794	3	0	0
7	152500001	0.92318	0.986794	3	0	0
7	153000001	0.973718	0.986794	3	0	0
7	153500001	0.936981	0.986794	3	0	0
7	154000001	0.943573	0.986794	3	0	0
7	154500001	0.958204	0.986794	3	0	0
7	155000001	1.0175	0.986794	3	0	0
7	155500001	0.975651	0.986794	3	0	0
7	156000001	1.00401	0.986794	3	0	0
7	156500001	0.992292	0.986794	3	0	0
7	157000001	1.03612	0.986794	3	0	0
7	157500001	1.017	0.986794	3	0	0
7	158000001	1.01574	0.986794	3	0	0
7	158500001	1.04185	0.986794	3	0	0
7	159000001	0.697084	0.986794	3	0	0
8	1	0.592132	0.666711	2	0	0
8	500001	0.639487	0.666711	2	0	0
8	1000001	0.578075	0.666711	2	0	0
8	1500001	0.637827	0.666711	2	0	0
8	2000001	0.677094	0.666711	2	0	0
8	2500001	0.584479	0.666711	2	0	0
8	3000001	0.629599	0.666711	2	0	0
8	3500001	0.621248	0.666711	2	0	0
8	4000001	0.624338	0.666711	2	0	0
8	4500001	0.600371	0.666711	2	0	0
8	5000001	0.650224	0.666711	2	0	0
8	5500001	0.649413	0.666711	2	0	0
8	6000001	0.657896	0.666711	2	0	0
8	6500001	0.68778	0.666711	2	0	0
8	7000001	0.679549	0.666711	2	0	0
8	7500001	0.692089	0.666711	2	0	0
8	8000001	0.819314	0.666711	2	0	0
8	8500001	0.659773	0.666711	2	0	0
8	9000001	0.661172	0.666711	2	0	0
8	9500001	0.680051	0.666711	2	0	0
8	10000001	0.672386	0.666711	2	0	0
8	10500001	0.726686	0.666711	2	0	0
8	11000001	0.695503	0.666711	2	0	0
8	11500001	0.653981	0.666711	2	0	0
8	12000001	0.617496	0.666711	2	0	0
8	12500001	0.909578	0.666711	2	0	0
8	13000001	0.695393	0.666711	2	0	0
8	13500001	0.704933	0.666711	2	0	0
8	14000001	0.65392	0.666711	2	0	0
8	14500001	0.656453	0.666711	2	0	0
8	15000001	0.665295	0.666711	2	0	0
8	15500001	0.648047	0.666711	2	0	0
8	16000001	0.670301	0.666711	2	0	0
8	16500001	0.68792	0.666711	2	0	0
8	17000001	0.667035	0.666711	2	0	0
8	17500001	0.68728	0.666711	2	0	0
8	18000001	0.667468	0.666711	2	0	0
8	18500001	0.688894	0.666711	2	0	0
8	19000001	0.698142	0.666711	2	0	0
8	19500001	0.677754	0.666711	2	0	0
8	20000001	0.675873	0.666711	2	0	0
8	20500001	0.65035	0.666711	2	0	0
8	21000001	0.655192	0.666711	2	0	0
8	21500001	0.704847	0.666711	2	0	0
8	22000001	0.683518	0.666711	2	0	0
8	22500001	0.690411	0.666711	2	0	0
8	23000001	0.72192	0.666711	2	0	0
8	23500001	0.661048	0.666711	2	0	0
8	24000001	0.709418	0.666711	2	0	0
8	24500001	0.705629	0.666711	2	0	0
8	25000001	0.64547	0.666711	2	0	0
8	25500001	0.653325	0.666711	2	0	0
8	26000001	0.678088	0.666711	2	0	0
8	26500001	0.664509	0.666711	2	0	0
8	27000001	0.693167	0.666711	2	0	0
8	27500001	0.637165	0.666711	2	0	0
8	28000001	0.702367	0.666711	2	0	0
8	28500001	0.656963	0.666711	2	0	0
8	29000001	0.636512	0.666711	2	0	0
8	29500001	0.693122	0.666711	2	0	0
8	30000001	0.670199	0.666711	2	0	0
8	30500001	0.678084	0.666711	2	0	0
8	31000001	0.665487	0.666711	2	0	0
8	31500001	0.677733	0.666711	2	0	0
8	32000001	0.705828	0.666711	2	0	0
8	32500001	0.656733	0.666711	2	0	0
8	33000001	0.665821	0.666711	2	0	0
8	33500001	0.647737	0.666711	2	0	0
8	34000001	0.666386	0.666711	2	0	0
8	34500001	0.606033	0.666711	2	0	0
8	35000001	0.664157	0.666711	2	0	0
8	35500001	0.634728	0.666711	2	0	0
8	36000001	0.643836	0.666711	2	0	0
8	36500001	0.697737	0.666711	2	0	0
8	37000001	0.702999	0.666711	2	0	0
8	37500001	0.659519	0.666711	2	0	0
8	38000001	0.648108	0.666711	2	0	0
8	38500001	0.674314	0.666711	2	0	0
8	39000001	0.662015	0.666711	2	0	0
8	39500001	0.66031	0.666711	2	0	0
8	40000001	0.64611	0.666711	2	0	0
8	40500001	0.629629	0.666711	2	0	0
8	41000001	0.639443	0.666711	2	0	0
8	41500001	0.690131	0.666711	2	0	0
8	42000001	0.665414	0.666711	2	0	0
8	42500001	0.639206	0.666711	2	0	0
8	43000001	0.690588	0.666711	2	0	0
8	43500001	0.742044	0.666711	2	0	0
8	44000001	0.899924	0.666711	2	0	0
8	44500001	0.850499	0.666711	2	0	0
8	45000001	0.825821	0.666711	2	0	0
8	45500001	0.756344	0.666711	2	0	0
8	46000001	0.687849	0.666711	2	0	0
8	46500001	0.691809	0.666711	2	0	0
8	47000001	0.678064	0.666711	2	0	0
8	47500001	0.658297	0.666711	2	0	0
8	48000001	0.680002	0.666711	2	0	0
8	48500001	0.667176	0.666711	2	0	0
8	49000001	0.72107	0.666711	2	0	0
8	49500001	0.675466	0.666711	2	0	0
8	50000001	0.651954	0.666711	2	0	0
8	50500001	0.639051	0.666711	2	0	0
8	51000001	0.615914	0.666711	2	0	0
8	51500001	0.632438	0.666711	2	0	0
8	52000001	0.68203	0.666711	2	0	0
8	52500001	0.68543	0.666711	2	0	0
8	53000001	0.677405	0.666711	2	0	0
8	53500001	0.690659	0.666711	2	0	0
8	54000001	0.664449	0.666711	2	0	0
8	54500001	0.676231	0.666711	2	0	0
8	55000001	0.638721	0.666711	2	0	0
8	55500001	0.701523	0.666711	2	0	0
8	56000001	0.651194	0.666711	2	0	0
8	56500001	0.636165	0.666711	2	0	0
8	57000001	0.626786	0.666711	2	0	0
8	57500001	0.635804	0.666711	2	0	0
8	58000001	0.655234	0.666711	2	0	0
8	58500001	0.695478	0.666711	2	0	0
8	59000001	0.706583	0.666711	2	0	0
8	59500001	0.679983	0.666711	2	0	0
8	60000001	0.666348	0.666711	2	0	0
8	60500001	0.682793	0.666711	2	0	0
8	61000001	0.672233	0.666711	2	0	0
8	61500001	0.725337	0.666711	2	0	0
8	62000001	0.700167	0.666711	2	0	0
8	62500001	0.69649	0.666711	2	0	0
8	63000001	0.651366	0.666711	2	0	0
8	63500001	0.671958	0.666711	2	0	0
8	64000001	0.621497	0.666711	2	0	0
8	64500001	0.659658	0.666711	2	0	0
8	65000001	0.646808	0.666711	2	0	0
8	65500001	0.678911	0.666711	2	0	0
8	66000001	0.735514	0.666711	2	0	0
8	66500001	0.680396	0.666711	2	0	0
8	67000001	0.635999	0.666711	2	0	0
8	67500001	0.64272	0.666711	2	0	0
8	68000001	0.632228	0.666711	2	0	0
8	68500001	0.670486	0.666711	2	0	0
8	69000001	0.616201	0.666711	2	0	0
8	69500001	0.596144	0.666711	2	0	0
8	70000001	0.629311	0.666711	2	0	0
8	70500001	0.688915	0.666711	2	0	0
8	71000001	0.656018	0.666711	2	0	0
8	71500001	0.649332	0.666711	2	0	0
8	72000001	0.668725	0.666711	2	0	0
8	72500001	0.640981	0.666711	2	0	0
8	73000001	0.654229	0.666711	2	0	0
8	73500001	0.661283	0.666711	2	0	0
8	74000001	0.643885	0.666711	2	0	0
8	74500001	0.667372	0.666711	2	0	0
8	75000001	0.638134	0.666711	2	0	0
8	75500001	0.70931	0.666711	2	0	0
8	76000001	0.681543	0.666711	2	0	0
8	76500001	0.685937	0.666711	2	0	0
8	77000001	0.684696	0.666711	2	0	0
8	77500001	0.637559	0.666711	2	0	0
8	78000001	0.687537	0.666711	2	0	0
8	78500001	0.673478	0.666711	2	0	0
8	79000001	0.649157	0.666711	2	0	0
8	79500001	0.666314	0.666711	2	0	0
8	80000001	0.972274	0.972274	3	0	0
8	80500001	1.31574	1.3158	4	0	0
8	81000001	1.37806	1.3158	4	0	0
8	81500001	1.37517	1.3158	4	0	0
8	82000001	1.34772	1.3158	4	0	0
8	82500001	1.34223	1.3158	4	0	0
8	83000001	1.31256	1.3158	4	0	0
8	83500001	1.28221	1.3158	4	0	0
8	84000001	1.2556	1.3158	4	0	0
8	84500001	1.31586	1.3158	4	0	0
8	85000001	1.29734	1.3158	4	0	0
8	85500001	3.179	3.179	10	0	0
8	86000001	1.26876	1.32684	4	0	0
8	86500001	1.27741	1.32684	4	0	0
8	87000001	1.36906	1.32684	4	0	0
8	87500001	1.34499	1.32684	4	0	0
8	88000001	1.31719	1.32684	4	0	0
8	88500001	1.36896	1.32684	4	0	0
8	89000001	1.36324	1.32684	4	0	0
8	89500001	1.37442	1.32684	4	0	0
8	90000001	1.35797	1.32684	4	0	0
8	90500001	1.39872	1.32684	4	0	0
8	91000001	1.40148	1.32684	4	0	0
8	91500001	1.30505	1.32684	4	0	0
8	92000001	1.23834	1.32684	4	0	0
8	92500001	1.34133	1.32684	4	0	0
8	93000001	1.30986	1.32684	4	0	0
8	93500001	1.35933	1.32684	4	0	0
8	94000001	1.37875	1.32684	4	0	0
8	94500001	1.29898	1.32684	4	0	0
8	95000001	1.27509	1.32684	4	0	0
8	95500001	1.28182	1.32684	4	0	0
8	96000001	1.2972	1.32684	4	0	0
8	96500001	1.32518	1.32684	4	0	0
8	97000001	1.32701	1.32684	4	0	0
8	97500001	1.25485	1.32684	4	0	0
8	98000001	1.30696	1.32684	4	0	0
8	98500001	1.36187	1.32684	4	0	0
8	99000001	1.3658	1.32684	4	0	0
8	99500001	1.33028	1.32684	4	0	0
8	100000001	1.31237	1.32684	4	0	0
8	100500001	1.33629	1.32684	4	0	0
8	101000001	1.41001	1.32684	4	0	0
8	101500001	1.3257	1.32684	4	0	0
8	102000001	1.28477	1.32684	4	0	0
8	102500001	1.3685	1.32684	4	0	0
8	103000001	1.32667	1.32684	4	0	0
8	103500001	1.32149	1.32684	4	0	0
8	104000001	1.25933	1.32684	4	0	0
8	104500001	1.33654	1.32684	4	0	0
8	105000001	1.28537	1.32684	4	0	0
8	105500001	1.41223	1.32684	4	0	0
8	106000001	1.7178	1.663	5	0	0
8	106500001	1.71459	1.663	5	0	0
8	107000001	1.65895	1.663	5	0	0
8	107500001	1.60534	1.663	5	0	0
8	108000001	1.6063	1.663	5	0	0
8	108500001	1.66704	1.663	5	0	0
8	109000001	1.71114	1.663	5	0	0
8	109500001	1.58448	1.663	5	0	0
8	110000001	1.59446	1.663	5	0	0
8	110500001	1.70007	1.663	5	0	0
8	111000001	1.6942	1.663	5	0	0
8	111500001	1.64363	1.663	5	0	0
8	112000001	1.4654	1.4654	4	0	0
8	112500001	0.996435	0.9878	3	0	0
8	113000001	0.972404	0.9878	3	0	0
8	113500001	0.922319	0.9878	3	0	0
8	114000001	0.9878	0.9878	3	0	0
8	114500001	0.993838	0.9878	3	0	0
8	115000001	1.25563	1.33712	4	0	0
8	115500001	1.38271	1.33712	4	0	0
8	116000001	1.34214	1.33712	4	0	0
8	116500001	1.35554	1.33712	4	0	0
8	117000001	1.39256	1.33712	4	0	0
8	117500001	1.39349	1.33712	4	0	0
8	118000001	1.33712	1.33712	4	0	0
8	118500001	1.36511	1.33712	4	0	0
8	119000001	1.3332	1.33712	4	0	0
8	119500001	1.25902	1.33712	4	0	0
8	120000001	1.27575	1.33712	4	0	0
8	120500001	1.30702	1.33712	4	0	0
8	121000001	1.35286	1.33712	4	0	0
8	121500001	1.26769	1.33712	4	0	0
8	122000001	1.32907	1.33712	4	0	0
8	122500001	1.37087	1.33712	4	0	0
8	123000001	1.29217	1.33712	4	0	0
8	123500001	1.37085	1.33712	4	0	0
8	124000001	1.14352	1.33712	4	0	0
8	124500001	0.321655	0.402712	1	0	0
8	125000001	0.483769	0.402712	1	0	0
8	125500001	1.28477	1.29192	4	0	0
8	126000001	1.29478	1.29192	4	0	0
8	126500001	1.26818	1.29192	4	0	0
8	127000001	1.33885	1.29192	4	0	0
8	127500001	1.35983	1.29192	4	0	0
8	128000001	1.39228	1.29192	4	0	0
8	128500001	1.35802	1.29192	4	0	0
8	129000001	1.32804	1.29192	4	0	0
8	129500001	1.34196	1.29192	4	0	0
8	130000001	1.32003	1.29192	4	0	0
8	130500001	1.31393	1.29192	4	0	0
8	131000001	1.27906	1.29192	4	0	0
8	131500001	1.31855	1.29192	4	0	0
8	132000001	1.29926	1.29192	4	0	0
8	132500001	1.24437	1.29192	4	0	0
8	133000001	1.34278	1.29192	4	0	0
8	133500001	1.25805	1.29192	4	0	0
8	134000001	1.24047	1.29192	4	0	0
8	134500001	1.21826	1.29192	4	0	0
8	135000001	1.20998	1.29192	4	0	0
8	135500001	1.1509	1.29192	4	0	0
8	136000001	1.27357	1.29192	4	0	0
8	136500001	1.26697	1.29192	4	0	0
8	137000001	1.29591	1.29192	4	0	0
8	137500001	1.21809	1.29192	4	0	0
8	138000001	1.22749	1.29192	4	0	0
8	138500001	1.23897	1.29192	4	0	0
8	139000001	1.23306	1.29192	4	0	0
8	139500001	1.26325	1.29192	4	0	0
8	140000001	1.27953	1.29192	4	0	0
8	140500001	1.32541	1.29192	4	0	0
8	141000001	1.31782	1.29192	4	0	0
8	141500001	1.31173	1.29192	4	0	0
8	142000001	1.29192	1.29192	4	0	0
8	142500001	1.30261	1.29192	4	0	0
8	143000001	1.22228	1.29192	4	0	0
8	143500001	1.25963	1.29192	4	0	0
8	144000001	1.32897	1.29192	4	0	0
8	144500001	1.31448	1.29192	4	0	0
8	145000001	-1	-1	-1	0	0
9	1	0.939692	0.94361	3	0	0
9	500001	0.921774	0.94361	3	0	0
9	1000001	0.969923	0.94361	3	0	0
9	1500001	0.947529	0.94361	3	0	0
9	2000001	1.02116	1.02892	3	0	0
9	2500001	1.02892	1.02892	3	0	0
9	3000001	1.03304	1.02892	3	0	0
9	3500001	0.538186	0.538186	2	0	0
9	4000001	0.333594	0.344774	1	0	0
9	4500001	0.354269	0.344774	1	0	0
9	5000001	0.375308	0.344774	1	0	0
9	5500001	0.352921	0.344774	1	0	0
9	6000001	0.346937	0.344774	1	0	0
9	6500001	0.327071	0.344774	1	0	0
9	7000001	0.326872	0.344774	1	0	0
9	7500001	0.33284	0.344774	1	0	0
9	8000001	0.350155	0.344774	1	0	0
9	8500001	0.322439	0.344774	1	0	0
9	9000001	0.332557	0.344774	1	0	0
9	9500001	0.336383	0.344774	1	0	0
9	10000001	0.358021	0.344774	1	0	0
9	10500001	0.307511	0.344774	1	0	0
9	11000001	0.323657	0.344774	1	0	0
9	11500001	0.330698	0.344774	1	0	0
9	12000001	0.353774	0.344774	1	0	0
9	12500001	0.377125	0.344774	1	0	0
9	13000001	0.351132	0.344774	1	0	0
9	13500001	0.343524	0.344774	1	0	0
9	14000001	0.351088	0.344774	1	0	0
9	14500001	0.360337	0.344774	1	0	0
9	15000001	0.32514	0.344774	1	0	0
9	15500001	0.344774	0.344774	1	0	0
9	16000001	0.356362	0.344774	1	0	0
9	16500001	0.000305507	0.00187154	0	0	0
9	17000001	0.00187154	0.00187154	0	0	0
9	17500001	0.00643151	0.00187154	0	0	0
9	18000001	0.6098	0.650239	2	0	0
9	18500001	0.684489	0.650239	2	0	0
9	19000001	0.630016	0.650239	2	0	0
9	19500001	0.694334	0.650239	2	0	0
9	20000001	0.650239	0.650239	2	0	0
9	20500001	0.455311	0.455311	1	0	0
9	21000001	0.00154822	0.00173739	0	0	0
9	21500001	0.00583073	0.00173739	0	0	0
9	22000001	0.00217052	0.00173739	0	0	0
9	22500001	0.00190124	0.00173739	0	0	0
9	23000001	0.00031698	0.00173739	0	0	0
9	23500001	0.000614856	0.00173739	0	0	0
9	24000001	0.00157354	0.00173739	0	0	0
9	24500001	0.0747202	0.00173739	0	0	0
9	25000001	0.358093	0.346407	1	0	0
9	25500001	0.334722	0.346407	1	0	0
9	26000001	0.966413	1.00178	3	0	0
9	26500001	1.04377	1.00178	3	0	0
9	27000001	0.998748	1.00178	3	0	0
9	27500001	0.982795	1.00178	3	0	0
9	28000001	0.995727	1.00178	3	0	0
9	28500001	0.970198	1.00178	3	0	0
9	29000001	0.998397	1.00178	3	0	0
9	29500001	1.00024	1.00178	3	0	0
9	30000001	0.976347	1.00178	3	0	0
9	30500001	0.989777	1.00178	3	0	0
9	31000001	1.04728	1.00178	3	0	0
9	31500001	0.992376	1.00178	3	0	0
9	32000001	1.02934	1.00178	3	0	0
9	32500001	1.11062	1.00178	3	0	0
9	33000001	1.05092	1.00178	3	0	0
9	33500001	1.04037	1.00178	3	0	0
9	34000001	0.993559	1.00178	3	0	0
9	34500001	1.04326	1.00178	3	0	0
9	35000001	1.01335	1.00178	3	0	0
9	35500001	1.03996	1.00178	3	0	0
9	36000001	1.00332	1.00178	3	0	0
9	36500001	1.02127	1.00178	3	0	0
9	37000001	0.981222	1.00178	3	0	0
9	37500001	1.00006	1.00178	3	0	0
9	38000001	1.01002	1.00178	3	0	0
9	38500001	1.09506	1.00178	3	0	0
9	39000001	0.870549	0.878973	3	0	0
9	39500001	0.896375	0.878973	3	0	0
9	40000001	0.878973	0.878973	3	0	0
9	40500001	1.14955	1.12996	3	0	0
9	41000001	1.11038	1.12996	3	0	0
9	41500001	0.898079	0.898079	3	0	0
9	42000001	0.436772	0.436772	1	0	0
9	42500001	0.736843	0.736843	2	0	0
9	43000001	1.35215	1.35215	4	0	0
9	43500001	3.10224	3.10224	9	0	0
9	44000001	2.48021	2.48021	7	0	0
9	44500001	1.66271	1.66271	5	0	0
9	45000001	1.08092	-1	-1	0	0
9	45500001	-1	-1	-1	0	0
9	46000001	-1	-1	-1	0	0
9	46500001	-1	-1	-1	0	0
9	47000001	-1	-1	-1	0	0
9	47500001	-1	-1	-1	0	0
9	48000001	-1	-1	-1	0	0
9	48500001	-1	-1	-1	0	0
9	49000001	-1	-1	-1	0	0
9	49500001	-1	-1	-1	0	0
9	50000001	-1	-1	-1	0	0
9	50500001	-1	-1	-1	0	0
9	51000001	-1	-1	-1	0	0
9	51500001	-1	-1	-1	0	0
9	52000001	-1	-1	-1	0	0
9	52500001	-1	-1	-1	0	0
9	53000001	-1	-1	-1	0	0
9	53500001	-1	-1	-1	0	0
9	54000001	-1	-1	-1	0	0
9	54500001	-1	-1	-1	0	0
9	55000001	-1	-1	-1	0	0
9	55500001	-1	-1	-1	0	0
9	56000001	-1	-1	-1	0	0
9	56500001	-1	-1	-1	0	0
9	57000001	-1	-1	-1	0	0
9	57500001	-1	-1	-1	0	0
9	58000001	-1	-1	-1	0	0
9	58500001	-1	-1	-1	0	0
9	59000001	-1	-1	-1	0	0
9	59500001	-1	-1	-1	0	0
9	60000001	-1	-1	-1	0	0
9	60500001	-1	-1	-1	0	0
9	61000001	-1	-1	-1	0	0
9	61500001	1.021	-1	-1	0	0
9	62000001	-1	-1	-1	0	0
9	62500001	-1	-1	-1	0	0
9	63000001	0.724265	0.71176	2	0	0
9	63500001	-1	0.71176	2	0	0
9	64000001	-1	0.71176	2	0	0
9	64500001	0.699255	0.71176	2	0	0
9	65000001	-1	-1	-1	0	0
9	65500001	1.02607	1.0122	3	0	0
9	66000001	-1	1.0122	3	0	0
9	66500001	-1	1.0122	3	0	0
9	67000001	0.881778	1.0122	3	0	0
9	67500001	-1	1.0122	3	0	0
9	68000001	-1	1.0122	3	0	0
9	68500001	0.974371	1.0122	3	0	0
9	69000001	0.952278	1.0122	3	0	0
9	69500001	1.0679	1.0122	3	0	0
9	70000001	1.04468	1.0122	3	0	0
9	70500001	0.96591	1.0122	3	0	0
9	71000001	1.0124	1.0122	3	0	0
9	71500001	0.990545	1.0122	3	0	0
9	72000001	1.03959	1.0122	3	0	0
9	72500001	1.03178	1.0122	3	0	0
9	73000001	1.09244	1.0122	3	0	0
9	73500001	1.00393	1.0122	3	0	0
9	74000001	0.969528	1.0122	3	0	0
9	74500001	0.952188	1.0122	3	0	0
9	75000001	0.96821	1.0122	3	0	0
9	75500001	0.942066	1.0122	3	0	0
9	76000001	1.04015	1.0122	3	0	0
9	76500001	1.04603	1.0122	3	0	0
9	77000001	0.992732	1.0122	3	0	0
9	77500001	0.984084	1.0122	3	0	0
9	78000001	0.987992	1.0122	3	0	0
9	78500001	1.03704	1.0122	3	0	0
9	79000001	1.05346	1.0122	3	0	0
9	79500001	0.970014	1.0122	3	0	0
9	80000001	0.993146	1.0122	3	0	0
9	80500001	1.05577	1.0122	3	0	0
9	81000001	1.03449	1.0122	3	0	0
9	81500001	0.964905	1.0122	3	0	0
9	82000001	1.01325	1.0122	3	0	0
9	82500001	0.995941	1.0122	3	0	0
9	83000001	1.04787	1.0122	3	0	0
9	83500001	1.04905	1.0122	3	0	0
9	84000001	1.04557	1.0122	3	0	0
9	84500001	1.02062	1.0122	3	0	0
9	85000001	0.992499	1.0122	3	0	0
9	85500001	1.02073	1.0122	3	0	0
9	86000001	1.02278	1.0122	3	0	0
9	86500001	0.994397	1.0122	3	0	0
9	87000001	0.973087	1.0122	3	0	0
9	87500001	0.989278	1.0122	3	0	0
9	88000001	0.936739	1.0122	3	0	0
9	88500001	1.0252	1.0122	3	0	0
9	89000001	1.04905	1.0122	3	0	0
9	89500001	1.06247	1.0122	3	0	0
9	90000001	0.980926	1.0122	3	0	0
9	90500001	0.996856	1.0122	3	0	0
9	91000001	1.01777	1.0122	3	0	0
9	91500001	1.01821	1.0122	3	0	0
9	92000001	1.02885	1.0122	3	0	0
9	92500001	1.03236	1.0122	3	0	0
9	93000001	0.977049	1.0122	3	0	0
9	93500001	1.00925	1.0122	3	0	0
9	94000001	1.012	1.0122	3	0	0
9	94500001	1.0491	1.03878	3	0	0
9	95000001	1.04556	1.03878	3	0	0
9	95500001	1.02573	1.03878	3	0	0
9	96000001	0.987134	1.03878	3	0	0
9	96500001	1.03539	1.03878	3	0	0
9	97000001	1.06433	1.03878	3	0	0
9	97500001	1.07319	1.03878	3	0	0
9	98000001	1.09171	1.03878	3	0	0
9	98500001	0.998885	1.03878	3	0	0
9	99000001	1.08449	1.03878	3	0	0
9	99500001	1.02435	1.03878	3	0	0
9	100000001	1.03469	1.03878	3	0	0
9	100500001	1.0725	1.03878	3	0	0
9	101000001	1.04712	1.03878	3	0	0
9	101500001	1.05962	1.03878	3	0	0
9	102000001	1.01382	1.03878	3	0	0
9	102500001	1.02891	1.03878	3	0	0
9	103000001	1.03249	1.03878	3	0	0
9	103500001	1.01605	1.03878	3	0	0
9	104000001	1.03266	1.03878	3	0	0
9	104500001	1.08959	1.03878	3	0	0
9	105000001	1.07121	1.03878	3	0	0
9	105500001	1.03666	1.03878	3	0	0
9	106000001	1.07199	1.03878	3	0	0
9	106500001	1.03389	1.03878	3	0	0
9	107000001	1.01142	1.03878	3	0	0
9	107500001	1.0248	1.03878	3	0	0
9	108000001	1.01036	1.03878	3	0	0
9	108500001	1.09119	1.03878	3	0	0
9	109000001	1.08069	1.03878	3	0	0
9	109500001	1.09318	1.03878	3	0	0
9	110000001	1.02775	1.03878	3	0	0
9	110500001	1.06231	1.03878	3	0	0
9	111000001	1.05068	1.03878	3	0	0
9	111500001	1.04529	1.03878	3	0	0
9	112000001	1.06023	1.03878	3	0	0
9	112500001	1.03309	1.03878	3	0	0
9	113000001	1.023	1.03878	3	0	0
9	113500001	1.08993	1.03878	3	0	0
9	114000001	1.08363	1.03878	3	0	0
9	114500001	1.10315	1.03878	3	0	0
9	115000001	1.09865	1.03878	3	0	0
9	115500001	1.03072	1.03878	3	0	0
9	116000001	0.984085	1.03878	3	0	0
9	116500001	0.963768	1.03878	3	0	0
9	117000001	0.967573	1.03878	3	0	0
9	117500001	1.03332	1.03878	3	0	0
9	118000001	1.02602	1.03878	3	0	0
9	118500001	0.985421	1.03878	3	0	0
9	119000001	1.0357	1.03878	3	0	0
9	119500001	1.02801	1.03878	3	0	0
9	120000001	1.09268	1.03878	3	0	0
9	120500001	1.09088	1.03878	3	0	0
9	121000001	1.07244	1.03878	3	0	0
9	121500001	1.07611	1.03878	3	0	0
9	122000001	1.07337	1.03878	3	0	0
9	122500001	1.05576	1.03878	3	0	0
9	123000001	0.986143	1.03878	3	0	0
9	123500001	1.02203	1.03878	3	0	0
9	124000001	1.03106	1.03878	3	0	0
9	124500001	1.0652	1.03878	3	0	0
9	125000001	1.00969	1.03878	3	0	0
9	125500001	1.05325	1.03878	3	0	0
9	126000001	0.974462	1.03878	3	0	0
9	126500001	1.03685	1.03878	3	0	0
9	127000001	1.07593	1.03878	3	0	0
9	127500001	1.03604	1.03878	3	0	0
9	128000001	1.03408	1.03878	3	0	0
9	128500001	0.99782	1.03878	3	0	0
9	129000001	1.07748	1.03878	3	0	0
9	129500001	1.05147	1.03878	3	0	0
9	130000001	1.03878	1.03878	3	0	0
9	130500001	1.00834	1.03878	3	0	0
9	131000001	1.05464	1.03878	3	0	0
9	131500001	1.07136	1.03878	3	0	0
9	132000001	0.993789	1.03878	3	0	0
9	132500001	0.995147	1.03878	3	0	0
9	133000001	1.04452	1.03878	3	0	0
9	133500001	1.07231	1.03878	3	0	0
9	134000001	1.04952	1.03878	3	0	0
9	134500001	1.09632	1.03878	3	0	0
9	135000001	1.02377	1.03878	3	0	0
9	135500001	1.04302	1.03878	3	0	0
9	136000001	1.04938	1.03878	3	0	0
9	136500001	1.02179	1.03878	3	0	0
9	137000001	0.967395	1.03878	3	0	0
9	137500001	1.04665	1.03878	3	0	0
9	138000001	-1	-1	-1	0	0
GL000008.2	1	0.464426	0.464426	1	0	0
GL000009.2	1	0.246539	0.246539	1	0	0
GL000194.1	1	0.576891	0.576891	2	0	0
GL000195.1	1	0.296554	0.296554	1	0	0
GL000205.2	1	0.385351	0.385351	1	0	0
GL000208.1	1	-1	-1	-1	0	0
GL000213.1	1	2.41088	2.41088	7	0	0
GL000214.1	1	0.112411	0.112411	0	0	0
GL000216.2	1	0.321148	0.321148	1	0	0
GL000218.1	1	0.326242	0.326242	1	0	0
GL000219.1	1	0.318039	0.318039	1	0	0
GL000220.1	1	0.41306	0.41306	1	0	0
GL000221.1	1	0.27143	0.27143	1	0	0
GL000224.1	1	0.287221	0.287221	1	0	0
GL000225.1	1	0.506335	0.506335	2	0	0
GL000226.1	1	-1	-1	-1	0	0
KI270302.1	1	0.010115	0.010115	0	0	0
KI270303.1	1	0.00340606	0.00340606	0	0	0
KI270304.1	1	0.0198574	0.0198574	0	0	0
KI270305.1	1	0.000307319	0.000307319	0	0	0
KI270310.1	1	0.00369959	0.00369959	0	0	0
KI270311.1	1	0.0179893	0.0179893	0	0	0
KI270312.1	1	0	0	0	0	0
KI270315.1	1	0.00548309	0.00548309	0	0	0
KI270316.1	1	0.00274595	0.00274595	0	0	0
KI270317.1	1	0	0	0	0	0
KI270320.1	1	0.00935955	0.00935955	0	0	0
KI270322.1	1	0.583559	0.583559	2	0	0
KI270329.1	1	0.00368593	0.00368593	0	0	0
KI270330.1	1	0.000638556	0.000638556	0	0	0
KI270333.1	1	0.000627167	0.000627167	0	0	0
KI270334.1	1	0.00783635	0.00783635	0	0	0
KI270335.1	1	0	0	0	0	0
KI270336.1	1	0.000937016	0.000937016	0	0	0
KI270337.1	1	0.00182961	0.00182961	0	0	0
KI270338.1	1	0.003497	0.003497	0	0	0
KI270340.1	1	0.00152449	0.00152449	0	0	0
KI270362.1	1	0.0190509	0.0190509	0	0	0
KI270363.1	1	0.000935918	0.000935918	0	0	0
KI270364.1	1	0.00187178	0.00187178	0	0	0
KI270366.1	1	0.0198233	0.0198233	0	0	0
KI270371.1	1	0.359047	0.359047	1	0	0
KI270372.1	1	0.00122438	0.00122438	0	0	0
KI270373.1	1	0.00702152	0.00702152	0	0	0
KI270374.1	1	0.00836851	0.00836851	0	0	0
KI270375.1	1	0.0134162	0.0134162	0	0	0
KI270376.1	1	0.402043	0.402043	1	0	0
KI270378.1	1	0.000310136	0.000310136	0	0	0
KI270379.1	1	0.00872068	0.00872068	0	0	0
KI270381.1	1	0.00368503	0.00368503	0	0	0
KI270382.1	1	0.00879338	0.00879338	0	0	0
KI270383.1	1	0.00249748	0.00249748	0	0	0
KI270384.1	1	0.0330576	0.0330576	0	0	0
KI270385.1	1	0.00397809	0.00397809	0	0	0
KI270386.1	1	0.0441533	0.0441533	0	0	0
KI270387.1	1	0.00062376	0.00062376	0	0	0
KI270388.1	1	0.00827996	0.00827996	0	0	0
KI270389.1	1	0.527304	0.527304	2	0	0
KI270390.1	1	0.000950233	0.000950233	0	0	0
KI270391.1	1	0.00487379	0.00487379	0	0	0
KI270392.1	1	0.00125371	0.00125371	0	0	0
KI270393.1	1	0.00568976	0.00568976	0	0	0
KI270395.1	1	0.000314848	0.000314848	0	0	0
KI270396.1	1	0.00308171	0.00308171	0	0	0
KI270411.1	1	0.00712321	0.00712321	0	0	0
KI270412.1	1	0.00938497	0.00938497	0	0	0
KI270414.1	1	0.00951033	0.00951033	0	0	0
KI270417.1	1	0.00822461	0.00822461	0	0	0
KI270418.1	1	0.00470189	0.00470189	0	0	0
KI270419.1	1	0.0842748	0.0842748	0	0	0
KI270420.1	1	0.00984288	0.00984288	0	0	0
KI270422.1	1	0.000308316	0.000308316	0	0	0
KI270423.1	1	0	0	0	0	0
KI270424.1	1	0.00598614	0.00598614	0	0	0
KI270425.1	1	0.00497937	0.00497937	0	0	0
KI270429.1	1	0	0	0	0	0
KI270435.1	1	0.317082	0.317082	1	0	0
KI270438.1	1	0.147144	0.147144	0	0	0
KI270442.1	1	1.83307	1.83307	5	0	0
KI270448.1	1	0.00947818	0.00947818	0	0	0
KI270465.1	1	0.000310024	0.000310024	0	0	0
KI270466.1	1	0.0012511	0.0012511	0	0	0
KI270467.1	1	0.00757935	0.00757935	0	0	0
KI270468.1	1	1.29884	1.29884	4	0	0
KI270507.1	1	0.0468775	0.0468775	0	0	0
KI270508.1	1	0.00397889	0.00397889	0	0	0
KI270509.1	1	0.00555241	0.00555241	0	0	0
KI270510.1	1	0.00250012	0.00250012	0	0	0
KI270511.1	1	0.0211629	0.0211629	0	0	0
KI270512.1	1	-1	-1	-1	0	0
KI270515.1	1	0.0298865	0.0298865	0	0	0
KI270516.1	1	0.000623872	0.000623872	0	0	0
KI270517.1	1	0.0112732	0.0112732	0	0	0
KI270518.1	1	0.00153689	0.00153689	0	0	0
KI270519.1	1	0.566755	0.566755	2	0	0
KI270521.1	1	0.00885282	0.00885282	0	0	0
KI270522.1	1	0.0194181	0.0194181	0	0	0
KI270528.1	1	0.101261	0.101261	0	0	0
KI270529.1	1	0.0021505	0.0021505	0	0	0
KI270530.1	1	0.0015324	0.0015324	0	0	0
KI270538.1	1	0.115429	0.115429	0	0	0
KI270539.1	1	0.000626296	0.000626296	0	0	0
KI270544.1	1	0.0110277	0.0110277	0	0	0
KI270548.1	1	0.0071175	0.0071175	0	0	0
KI270579.1	1	0	0	0	0	0
KI270580.1	1	0.00283747	0.00283747	0	0	0
KI270581.1	1	0.0107066	0.0107066	0	0	0
KI270582.1	1	0.0369922	0.0369922	0	0	0
KI270583.1	1	0.000610757	0.000610757	0	0	0
KI270584.1	1	0.0627542	0.0627542	0	0	0
KI270587.1	1	0.0041024	0.0041024	0	0	0
KI270588.1	1	0.0318516	0.0318516	0	0	0
KI270589.1	1	0.00487997	0.00487997	0	0	0
KI270590.1	1	0.017045	0.017045	0	0	0
KI270591.1	1	0.00718841	0.00718841	0	0	0
KI270593.1	1	0.00223747	0.00223747	0	0	0
KI270706.1	1	0.24363	0.24363	1	0	0
KI270707.1	1	0.0412627	0.0412627	0	0	0
KI270708.1	1	0.271399	0.271399	1	0	0
KI270709.1	1	0.161005	0.161005	0	0	0
KI270710.1	1	0.0676625	0.0676625	0	0	0
KI270711.1	1	0.0817418	0.0817418	0	0	0
KI270712.1	1	0.402019	0.402019	1	0	0
KI270713.1	1	0.145474	0.145474	0	0	0
KI270714.1	1	0.150835	0.150835	0	0	0
KI270715.1	1	0.550184	0.550184	2	0	0
KI270716.1	1	0.147862	0.147862	0	0	0
KI270717.1	1	0.0863261	0.0863261	0	0	0
KI270718.1	1	-1	-1	-1	0	0
KI270719.1	1	1.6438	1.6438	5	0	0
KI270720.1	1	0.0924672	0.0924672	0	0	0
KI270721.1	1	0.185449	0.185449	1	0	0
KI270722.1	1	0.393241	0.393241	1	0	0
KI270723.1	1	0.0919091	0.0919091	0	0	0
KI270724.1	1	0.0557026	0.0557026	0	0	0
KI270725.1	1	0.741432	0.741432	2	0	0
KI270726.1	1	0.276524	0.276524	1	0	0
KI270727.1	1	0.960948	0.960948	3	0	0
KI270728.1	1	0.358798	0.358798	1	0	0
KI270729.1	1	2.70405	2.70405	8	0	0
KI270730.1	1	-1	-1	-1	0	0
KI270731.1	1	0.567606	0.567606	2	0	0
KI270732.1	1	0.137689	0.137689	0	0	0
KI270733.1	1	1.00232	1.00232	3	0	0
KI270734.1	1	0.0630649	0.0630649	0	0	0
KI270735.1	1	0.138488	0.138488	0	0	0
KI270736.1	1	1.8904	1.8904	6	0	0
KI270737.1	1	0.0588091	0.0588091	0	0	0
KI270738.1	1	0.0580864	0.0580864	0	0	0
KI270739.1	1	0.29809	0.29809	1	0	0
KI270740.1	1	0.0350454	0.0350454	0	0	0
KI270741.1	1	0.441295	0.441295	1	0	0
KI270742.1	1	0.654351	0.654351	2	0	0
KI270743.1	1	0.589864	0.589864	2	0	0
KI270744.1	1	0.207687	0.207687	1	0	0
KI270745.1	1	0.0508789	0.0508789	0	0	0
KI270746.1	1	0.0882045	0.0882045	0	0	0
KI270747.1	1	0.272103	0.272103	1	0	0
KI270748.1	1	0.171019	0.171019	1	0	0
KI270749.1	1	0.135148	0.135148	0	0	0
KI270750.1	1	0.27109	0.27109	1	0	0
KI270751.1	1	0.285707	0.285707	1	0	0
KI270752.1	1	0.0230414	0.0230414	0	0	0
KI270753.1	1	-1	-1	-1	0	0
KI270754.1	1	0.080438	0.080438	0	0	0
KI270755.1	1	0.0760183	0.0760183	0	0	0
KI270756.1	1	0.0460391	0.0460391	0	0	0
KI270757.1	1	2.741	2.741	8	0	0
MT	1	10.7855	10.7855	32	0	0
X	1	-1	-1	-1	0	0
X	500001	0.833871	0.913682	3	0	0
X	1000001	0.816255	0.913682	3	0	0
X	1500001	0.87264	0.913682	3	0	0
X	2000001	-1	0.913682	3	0	0
X	2500001	0.952921	0.913682	3	0	0
X	3000001	0.913682	0.913682	3	0	0
X	3500001	0.830894	0.913682	3	0	0
X	4000001	0.930141	0.913682	3	0	0
X	4500001	0.921766	0.913682	3	0	0
X	5000001	0.90956	0.913682	3	0	0
X	5500001	0.899015	0.913682	3	0	0
X	6000001	0.897795	0.913682	3	0	0
X	6500001	0.92655	0.913682	3	0	0
X	7000001	0.919082	0.913682	3	0	0
X	7500001	0.941423	0.913682	3	0	0
X	8000001	0.931203	0.913682	3	0	0
X	8500001	0.959221	0.980476	3	0	0
X	9000001	0.952636	0.980476	3	0	0
X	9500001	0.969675	0.980476	3	0	0
X	10000001	0.979342	0.980476	3	0	0
X	10500001	0.979276	0.980476	3	0	0
X	11000001	0.994115	0.980476	3	0	0
X	11500001	1.01306	0.980476	3	0	0
X	12000001	1.05333	0.980476	3	0	0
X	12500001	1.05071	0.980476	3	0	0
X	13000001	1.06167	0.980476	3	0	0
X	13500001	1.04542	0.980476	3	0	0
X	14000001	1.02622	0.980476	3	0	0
X	14500001	1.00222	0.980476	3	0	0
X	15000001	0.990175	0.980476	3	0	0
X	15500001	1.00872	0.980476	3	0	0
X	16000001	1.02441	0.980476	3	0	0
X	16500001	0.942033	0.980476	3	0	0
X	17000001	1.02255	0.980476	3	0	0
X	17500001	1.00237	0.980476	3	0	0
X	18000001	0.923313	0.980476	3	0	0
X	18500001	0.886468	0.980476	3	0	0
X	19000001	0.934004	0.980476	3	0	0
X	19500001	0.957304	0.980476	3	0	0
X	20000001	0.990993	0.980476	3	0	0
X	20500001	0.993016	0.980476	3	0	0
X	21000001	0.983336	0.980476	3	0	0
X	21500001	0.975923	0.980476	3	0	0
X	22000001	0.986021	0.980476	3	0	0
X	22500001	0.994467	0.980476	3	0	0
X	23000001	1.01467	0.980476	3	0	0
X	23500001	0.96149	0.980476	3	0	0
X	24000001	0.977536	0.980476	3	0	0
X	24500001	1.00685	0.980476	3	0	0
X	25000001	0.958098	0.980476	3	0	0
X	25500001	0.975253	0.980476	3	0	0
X	26000001	0.911229	0.980476	3	0	0
X	26500001	0.937626	0.980476	3	0	0
X	27000001	0.92873	0.980476	3	0	0
X	27500001	0.976611	0.980476	3	0	0
X	28000001	0.97426	0.980476	3	0	0
X	28500001	0.990487	0.980476	3	0	0
X	29000001	0.99651	0.980476	3	0	0
X	29500001	1.01324	0.980476	3	0	0
X	30000001	1.03749	0.980476	3	0	0
X	30500001	0.929177	0.980476	3	0	0
X	31000001	0.968829	0.980476	3	0	0
X	31500001	0.95564	0.980476	3	0	0
X	32000001	0.976213	0.980476	3	0	0
X	32500001	0.966556	0.980476	3	0	0
X	33000001	0.962923	0.980476	3	0	0
X	33500001	0.954524	0.980476	3	0	0
X	34000001	0.944733	0.980476	3	0	0
X	34500001	0.979628	0.980476	3	0	0
X	35000001	0.961844	0.980476	3	0	0
X	35500001	0.962887	0.980476	3	0	0
X	36000001	0.985969	0.980476	3	0	0
X	36500001	0.944552	0.980476	3	0	0
X	37000001	-1	0.980476	3	0	0
X	37500001	0.986416	0.980476	3	0	0
X	38000001	0.977004	0.980476	3	0	0
X	38500001	0.997903	0.980476	3	0	0
X	39000001	0.911909	0.980476	3	0	0
X	39500001	0.996422	0.980476	3	0	0
X	40000001	0.98117	0.980476	3	0	0
X	40500001	1.01913	0.980476	3	0	0
X	41000001	0.956196	0.980476	3	0	0
X	41500001	1.03975	0.980476	3	0	0
X	42000001	0.994019	0.980476	3	0	0
X	42500001	0.99369	0.980476	3	0	0
X	43000001	0.991595	0.980476	3	0	0
X	43500001	1.0057	0.980476	3	0	0
X	44000001	0.973454	0.980476	3	0	0
X	44500001	0.911352	0.980476	3	0	0
X	45000001	1.05425	0.980476	3	0	0
X	45500001	1.04382	0.980476	3	0	0
X	46000001	1.017	0.980476	3	0	0
X	46500001	1.02281	0.980476	3	0	0
X	47000001	0.925902	0.980476	3	0	0
X	47500001	0.982599	0.980476	3	0	0
X	48000001	0.979783	0.980476	3	0	0
X	48500001	0.952497	0.980476	3	0	0
X	49000001	-1	0.980476	3	0	0
X	49500001	1.0519	0.980476	3	0	0
X	50000001	0.989849	0.980476	3	0	0
X	50500001	0.957769	0.980476	3	0	0
X	51000001	0.948384	0.980476	3	0	0
X	51500001	0.844118	0.844118	3	0	0
X	52000001	0.643545	0.654362	2	0	0
X	52500001	0.639884	0.654362	2	0	0
X	53000001	0.692463	0.654362	2	0	0
X	53500001	0.664092	0.654362	2	0	0
X	54000001	0.643496	0.654362	2	0	0
X	54500001	0.649426	0.654362	2	0	0
X	55000001	0.654012	0.654362	2	0	0
X	55500001	0.643467	0.654362	2	0	0
X	56000001	0.655756	0.654362	2	0	0
X	56500001	0.656938	0.654362	2	0	0
X	57000001	0.656341	0.654362	2	0	0
X	57500001	0.654712	0.654362	2	0	0
X	58000001	0.648843	0.654362	2	0	0
X	58500001	0.655583	0.654362	2	0	0
X	59000001	0.58854	0.533815	2	0	0
X	59500001	0.517893	0.533815	2	0	0
X	60000001	0.533815	0.533815	2	0	0
X	60500001	0.528117	0.533815	2	0	0
X	61000001	0.543462	0.533815	2	0	0
X	61500001	0.520846	0.533815	2	0	0
X	62000001	0.559136	0.533815	2	0	0
X	62500001	0.728338	0.657509	2	0	0
X	63000001	0.672893	0.657509	2	0	0
X	63500001	0.679634	0.657509	2	0	0
X	64000001	0.649874	0.657509	2	0	0
X	64500001	0.656242	0.657509	2	0	0
X	65000001	0.700081	0.657509	2	0	0
X	65500001	0.673302	0.657509	2	0	0
X	66000001	0.645248	0.657509	2	0	0
X	66500001	0.620335	0.657509	2	0	0
X	67000001	0.685349	0.657509	2	0	0
X	67500001	0.685454	0.657509	2	0	0
X	68000001	0.670986	0.657509	2	0	0
X	68500001	0.681155	0.657509	2	0	0
X	69000001	0.656092	0.657509	2	0	0
X	69500001	0.65725	0.657509	2	0	0
X	70000001	0.638492	0.657509	2	0	0
X	70500001	0.687817	0.657509	2	0	0
X	71000001	0.6192	0.657509	2	0	0
X	71500001	0.645886	0.657509	2	0	0
X	72000001	0.720978	0.657509	2	0	0
X	72500001	0.694952	0.657509	2	0	0
X	73000001	0.651426	0.657509	2	0	0
X	73500001	0.667101	0.657509	2	0	0
X	74000001	0.670864	0.657509	2	0	0
X	74500001	0.64533	0.657509	2	0	0
X	75000001	0.685365	0.657509	2	0	0
X	75500001	0.678427	0.657509	2	0	0
X	76000001	0.657669	0.657509	2	0	0
X	76500001	0.653442	0.657509	2	0	0
X	77000001	0.671109	0.657509	2	0	0
X	77500001	0.661982	0.657509	2	0	0
X	78000001	0.680335	0.657509	2	0	0
X	78500001	0.700778	0.657509	2	0	0
X	79000001	0.680636	0.657509	2	0	0
X	79500001	0.656762	0.657509	2	0	0
X	80000001	0.63976	0.657509	2	0	0
X	80500001	0.687079	0.657509	2	0	0
X	81000001	0.702146	0.657509	2	0	0
X	81500001	0.67534	0.657509	2	0	0
X	82000001	0.682845	0.657509	2	0	0
X	82500001	0.719185	0.657509	2	0	0
X	83000001	0.655628	0.657509	2	0	0
X	83500001	0.694071	0.657509	2	0	0
X	84000001	0.657257	0.657509	2	0	0
X	84500001	0.645086	0.657509	2	0	0
X	85000001	0.657639	0.657509	2	0	0
X	85500001	0.648744	0.657509	2	0	0
X	86000001	0.655102	0.657509	2	0	0
X	86500001	0.664083	0.657509	2	0	0
X	87000001	0.724669	0.657509	2	0	0
X	87500001	0.706977	0.657509	2	0	0
X	88000001	0.637089	0.657509	2	0	0
X	88500001	0.675012	0.657509	2	0	0
X	89000001	0.642113	0.657509	2	0	0
X	89500001	0.571854	0.657509	2	0	0
X	90000001	0.609448	0.657509	2	0	0
X	90500001	0.564634	0.657509	2	0	0
X	91000001	0.617744	0.657509	2	0	0
X	91500001	0.616184	0.657509	2	0	0
X	92000001	0.595546	0.657509	2	0	0
X	92500001	0.669637	0.657509	2	0	0
X	93000001	0.658538	0.657509	2	0	0
X	93500001	0.628811	0.657509	2	0	0
X	94000001	0.611712	0.657509	2	0	0
X	94500001	0.63916	0.657509	2	0	0
X	95000001	0.66037	0.657509	2	0	0
X	95500001	0.665973	0.657509	2	0	0
X	96000001	0.669153	0.657509	2	0	0
X	96500001	0.651625	0.657509	2	0	0
X	97000001	0.637895	0.657509	2	0	0
X	97500001	0.688482	0.657509	2	0	0
X	98000001	0.659879	0.657509	2	0	0
X	98500001	0.596105	0.657509	2	0	0
X	99000001	0.655742	0.657509	2	0	0
X	99500001	0.652153	0.657509	2	0	0
X	100000001	0.697926	0.657509	2	0	0
X	100500001	0.69597	0.657509	2	0	0
X	101000001	0.640162	0.657509	2	0	0
X	101500001	0.709761	0.657509	2	0	0
X	102000001	0.642365	0.657509	2	0	0
X	102500001	0.639399	0.657509	2	0	0
X	103000001	0.712649	0.657509	2	0	0
X	103500001	0.689495	0.657509	2	0	0
X	104000001	0.704349	0.657509	2	0	0
X	104500001	0.710843	0.657509	2	0	0
X	105000001	0.677947	0.657509	2	0	0
X	105500001	0.625002	0.657509	2	0	0
X	106000001	0.694475	0.657509	2	0	0
X	106500001	0.692843	0.657509	2	0	0
X	107000001	0.719453	0.657509	2	0	0
X	107500001	0.679433	0.657509	2	0	0
X	108000001	0.657379	0.657509	2	0	0
X	108500001	0.697911	0.657509	2	0	0
X	109000001	0.681458	0.657509	2	0	0
X	109500001	0.639317	0.657509	2	0	0
X	110000001	0.687451	0.657509	2	0	0
X	110500001	0.69196	0.657509	2	0	0
X	111000001	0.668389	0.657509	2	0	0
X	111500001	0.667103	0.657509	2	0	0
X	112000001	0.646991	0.657509	2	0	0
X	112500001	0.633762	0.657509	2	0	0
X	113000001	0.626772	0.657509	2	0	0
X	113500001	0.668121	0.657509	2	0	0
X	114000001	0.621599	0.657509	2	0	0
X	114500001	0.647907	0.657509	2	0	0
X	115000001	0.692475	0.657509	2	0	0
X	115500001	-1	0.657509	2	0	0
X	116000001	0.693101	0.657509	2	0	0
X	116500001	0.652441	0.657509	2	0	0
X	117000001	0.648464	0.657509	2	0	0
X	117500001	0.647481	0.657509	2	0	0
X	118000001	0.649734	0.657509	2	0	0
X	118500001	0.662475	0.657509	2	0	0
X	119000001	0.654407	0.657509	2	0	0
X	119500001	0.637125	0.657509	2	0	0
X	120000001	0.685236	0.657509	2	0	0
X	120500001	0.617009	0.657509	2	0	0
X	121000001	0.653567	0.657509	2	0	0
X	121500001	0.672375	0.657509	2	0	0
X	122000001	0.625306	0.657509	2	0	0
X	122500001	0.675482	0.657509	2	0	0
X	123000001	0.679934	0.657509	2	0	0
X	123500001	0.628568	0.657509	2	0	0
X	124000001	0.683099	0.657509	2	0	0
X	124500001	0.666254	0.657509	2	0	0
X	125000001	0.631629	0.657509	2	0	0
X	125500001	0.668559	0.657509	2	0	0
X	126000001	0.684909	0.657509	2	0	0
X	126500001	0.683511	0.657509	2	0	0
X	127000001	0.656471	0.657509	2	0	0
X	127500001	0.649708	0.657509	2	0	0
X	128000001	0.660051	0.657509	2	0	0
X	128500001	0.651274	0.657509	2	0	0
X	129000001	0.72382	0.657509	2	0	0
X	129500001	0.681726	0.657509	2	0	0
X	130000001	0.670033	0.657509	2	0	0
X	130500001	0.695933	0.657509	2	0	0
X	131000001	0.682804	0.657509	2	0	0
X	131500001	0.648398	0.657509	2	0	0
X	132000001	0.638031	0.657509	2	0	0
X	132500001	0.638418	0.657509	2	0	0
X	133000001	0.607368	0.657509	2	0	0
X	133500001	0.654044	0.657509	2	0	0
X	134000001	0.654649	0.657509	2	0	0
X	134500001	0.644094	0.657509	2	0	0
X	135000001	0.669121	0.657509	2	0	0
X	135500001	0.710244	0.657509	2	0	0
X	136000001	0.673797	0.657509	2	0	0
X	136500001	0.653104	0.657509	2	0	0
X	137000001	0.661999	0.657509	2	0	0
X	137500001	0.593391	0.657509	2	0	0
X	138000001	0.635696	0.657509	2	0	0
X	138500001	0.65439	0.657509	2	0	0
X	139000001	0.640674	0.657509	2	0	0
X	139500001	0.66308	0.657509	2	0	0
X	140000001	0.676858	0.657509	2	0	0
X	140500001	0.632288	0.657509	2	0	0
X	141000001	0.679108	0.657509	2	0	0
X	141500001	0.615137	0.657509	2	0	0
X	142000001	0.634164	0.657509	2	0	0
X	142500001	0.626847	0.657509	2	0	0
X	143000001	0.634593	0.657509	2	0	0
X	143500001	0.61269	0.657509	2	0	0
X	144000001	0.690314	0.657509	2	0	0
X	144500001	0.624016	0.657509	2	0	0
X	145000001	0.637778	0.657509	2	0	0
X	145500001	0.628304	0.657509	2	0	0
X	146000001	0.589699	0.657509	2	0	0
X	146500001	0.635398	0.657509	2	0	0
X	147000001	0.622651	0.657509	2	0	0
X	147500001	0.621519	0.657509	2	0	0
X	148000001	0.615035	0.657509	2	0	0
X	148500001	0.692314	0.657509	2	0	0
X	149000001	0.667918	0.657509	2	0	0
X	149500001	0.674279	0.657509	2	0	0
X	150000001	0.688153	0.657509	2	0	0
X	150500001	0.664013	0.657509	2	0	0
X	151000001	0.644013	0.657509	2	0	0
X	151500001	0.644456	0.657509	2	0	0
X	152000001	0.644237	0.657509	2	0	0
X	152500001	0.617347	0.657509	2	0	0
X	153000001	0.668941	0.657509	2	0	0
X	153500001	0.63078	0.657509	2	0	0
X	154000001	0.872357	0.657509	2	0	0
X	154500001	0.690434	0.657509	2	0	0
X	155000001	0.624531	0.657509	2	0	0
X	155500001	0.654247	0.657509	2	0	0
X	156000001	-1	-1	-1	0	0
