Chromosome	Start	Ratio	MedianRatio	CopyNumber	Subclone_CN	Subclone_Population
1	1	-1	-1	-1	0	0
1	500001	0.868075	0.672326	2	0	0
1	1000001	0.665788	0.672326	2	0	0
1	1500001	0.681257	0.672326	2	0	0
1	2000001	0.696216	0.672326	2	0	0
1	2500001	0.872267	0.672326	2	0	0
1	3000001	0.70675	0.672326	2	0	0
1	3500001	0.659788	0.672326	2	0	0
1	4000001	0.663656	0.672326	2	0	0
1	4500001	0.665584	0.672326	2	0	0
1	5000001	0.658002	0.672326	2	0	0
1	5500001	0.682198	0.672326	2	0	0
1	6000001	0.677269	0.672326	2	0	0
1	6500001	0.634848	0.672326	2	0	0
1	7000001	0.654553	0.672326	2	0	0
1	7500001	0.667909	0.672326	2	0	0
1	8000001	0.649986	0.672326	2	0	0
1	8500001	0.636842	0.672326	2	0	0
1	9000001	0.652398	0.672326	2	0	0
1	9500001	0.664563	0.672326	2	0	0
1	10000001	0.671319	0.672326	2	0	0
1	10500001	0.682194	0.672326	2	0	0
1	11000001	0.665465	0.672326	2	0	0
1	11500001	0.692358	0.672326	2	0	0
1	12000001	0.687134	0.672326	2	0	0
1	12500001	0.646632	0.672326	2	0	0
1	13000001	0.658391	0.672326	2	0	0
1	13500001	0.622639	0.672326	2	0	0
1	14000001	0.686861	0.672326	2	0	0
1	14500001	0.699591	0.672326	2	0	0
1	15000001	0.679998	0.672326	2	0	0
1	15500001	0.632518	0.672326	2	0	0
1	16000001	0.661301	0.672326	2	0	0
1	16500001	1.11963	0.672326	2	0	0
1	17000001	0.680677	0.672326	2	0	0
1	17500001	0.689999	0.672326	2	0	0
1	18000001	0.686757	0.672326	2	0	0
1	18500001	0.720025	0.672326	2	0	0
1	19000001	0.724569	0.672326	2	0	0
1	19500001	0.652971	0.672326	2	0	0
1	20000001	0.722813	0.672326	2	0	0
1	20500001	0.605104	0.672326	2	0	0
1	21000001	0.679318	0.672326	2	0	0
1	21500001	0.73502	0.672326	2	0	0
1	22000001	0.690765	0.672326	2	0	0
1	22500001	0.672326	0.672326	2	0	0
1	23000001	0.675421	0.672326	2	0	0
1	23500001	0.667164	0.672326	2	0	0
1	24000001	0.693434	0.672326	2	0	0
1	24500001	0.657835	0.672326	2	0	0
1	25000001	0.652009	0.672326	2	0	0
1	25500001	0.651298	0.672326	2	0	0
1	26000001	0.669578	0.672326	2	0	0
1	26500001	0.64689	0.672326	2	0	0
1	27000001	0.670073	0.672326	2	0	0
1	27500001	0.686551	0.672326	2	0	0
1	28000001	0.641627	0.672326	2	0	0
1	28500001	0.655068	0.672326	2	0	0
1	29000001	0.665051	0.672326	2	0	0
1	29500001	0.669668	0.672326	2	0	0
1	30000001	0.710019	0.672326	2	0	0
1	30500001	0.716004	0.672326	2	0	0
1	31000001	0.68784	0.672326	2	0	0
1	31500001	0.671571	0.672326	2	0	0
1	32000001	0.63595	0.672326	2	0	0
1	32500001	0.629522	0.672326	2	0	0
1	33000001	0.680601	0.672326	2	0	0
1	33500001	0.662209	0.672326	2	0	0
1	34000001	0.695221	0.672326	2	0	0
1	34500001	0.670944	0.672326	2	0	0
1	35000001	0.619037	0.672326	2	0	0
1	35500001	0.661967	0.672326	2	0	0
1	36000001	0.689024	0.672326	2	0	0
1	36500001	0.728056	0.672326	2	0	0
1	37000001	0.669828	0.672326	2	0	0
1	37500001	0.662339	0.672326	2	0	0
1	38000001	0.683441	0.672326	2	0	0
1	38500001	0.651821	0.672326	2	0	0
1	39000001	0.67092	0.672326	2	0	0
1	39500001	0.675561	0.672326	2	0	0
1	40000001	0.672353	0.672326	2	0	0
1	40500001	0.681136	0.672326	2	0	0
1	41000001	0.672712	0.672326	2	0	0
1	41500001	0.725944	0.672326	2	0	0
1	42000001	0.637658	0.672326	2	0	0
1	42500001	0.688857	0.672326	2	0	0
1	43000001	0.664528	0.672326	2	0	0
1	43500001	0.699144	0.672326	2	0	0
1	44000001	0.660022	0.672326	2	0	0
1	44500001	0.664275	0.672326	2	0	0
1	45000001	0.674567	0.672326	2	0	0
1	45500001	0.683603	0.672326	2	0	0
1	46000001	0.6836	0.672326	2	0	0
1	46500001	0.705864	0.672326	2	0	0
1	47000001	0.65002	0.672326	2	0	0
1	47500001	0.683972	0.672326	2	0	0
1	48000001	0.642279	0.672326	2	0	0
1	48500001	0.631959	0.672326	2	0	0
1	49000001	0.680312	0.672326	2	0	0
1	49500001	0.675076	0.672326	2	0	0
1	50000001	0.689502	0.672326	2	0	0
1	50500001	0.664585	0.672326	2	0	0
1	51000001	0.669163	0.672326	2	0	0
1	51500001	0.667821	0.672326	2	0	0
1	52000001	0.675096	0.672326	2	0	0
1	52500001	0.626527	0.672326	2	0	0
1	53000001	0.679987	0.672326	2	0	0
1	53500001	0.675188	0.672326	2	0	0
1	54000001	0.648549	0.672326	2	0	0
1	54500001	0.67211	0.672326	2	0	0
1	55000001	0.662712	0.672326	2	0	0
1	55500001	0.682501	0.672326	2	0	0
1	56000001	0.660631	0.672326	2	0	0
1	56500001	0.643443	0.672326	2	0	0
1	57000001	0.645507	0.672326	2	0	0
1	57500001	0.667406	0.672326	2	0	0
1	58000001	0.662263	0.672326	2	0	0
1	58500001	0.72208	0.672326	2	0	0
1	59000001	0.712419	0.672326	2	0	0
1	59500001	0.676476	0.672326	2	0	0
1	60000001	0.638336	0.672326	2	0	0
1	60500001	0.662547	0.672326	2	0	0
1	61000001	0.679714	0.672326	2	0	0
1	61500001	0.629878	0.672326	2	0	0
1	62000001	0.663401	0.672326	2	0	0
1	62500001	0.685407	0.672326	2	0	0
1	63000001	0.664678	0.672326	2	0	0
1	63500001	0.726755	0.672326	2	0	0
1	64000001	0.706751	0.672326	2	0	0
1	64500001	0.681795	0.672326	2	0	0
1	65000001	0.672469	0.672326	2	0	0
1	65500001	0.705278	0.672326	2	0	0
1	66000001	0.67744	0.672326	2	0	0
1	66500001	0.698146	0.672326	2	0	0
1	67000001	0.70213	0.672326	2	0	0
1	67500001	0.67798	0.672326	2	0	0
1	68000001	0.668157	0.672326	2	0	0
1	68500001	0.687817	0.672326	2	0	0
1	69000001	0.707679	0.672326	2	0	0
1	69500001	0.668039	0.672326	2	0	0
1	70000001	0.671323	0.672326	2	0	0
1	70500001	0.640019	0.672326	2	0	0
1	71000001	0.675019	0.672326	2	0	0
1	71500001	0.806581	0.672326	2	0	0
1	72000001	1.29818	1.29818	4	0	0
1	72500001	1.55397	1.67606	5	0	0
1	73000001	1.68174	1.67606	5	0	0
1	73500001	1.67606	1.67606	5	0	0
1	74000001	1.87803	2.01009	6	0	0
1	74500001	1.97719	2.01009	6	0	0
1	75000001	2.01295	2.01009	6	0	0
1	75500001	2.01009	2.01009	6	0	0
1	76000001	1.98765	2.01009	6	0	0
1	76500001	2.07111	2.01009	6	0	0
1	77000001	2.07614	2.01009	6	0	0
1	77500001	1.95897	2.01009	6	0	0
1	78000001	2.07808	2.01009	6	0	0
1	78500001	2.00973	2.01009	6	0	0
1	79000001	2.04183	2.01009	6	0	0
1	79500001	1.97989	2.01009	6	0	0
1	80000001	2.04276	2.01009	6	0	0
1	80500001	1.45609	1.32091	4	0	0
1	81000001	1.35983	1.32091	4	0	0
1	81500001	1.2449	1.32091	4	0	0
1	82000001	0.985653	1.32091	4	0	0
1	82500001	1.32258	1.32091	4	0	0
1	83000001	1.32091	1.32091	4	0	0
1	83500001	1.41169	1.32091	4	0	0
1	84000001	1.37417	1.32091	4	0	0
1	84500001	1.34178	1.32091	4	0	0
1	85000001	1.03082	1.32091	4	0	0
1	85500001	1.01922	1.32091	4	0	0
1	86000001	1.02701	1.32091	4	0	0
1	86500001	1.13212	1.32091	4	0	0
1	87000001	1.3338	1.32091	4	0	0
1	87500001	1.27477	1.32091	4	0	0
1	88000001	1.34267	1.32091	4	0	0
1	88500001	1.28204	1.32091	4	0	0
1	89000001	1.32765	1.32091	4	0	0
1	89500001	1.34052	1.32091	4	0	0
1	90000001	1.3864	1.32091	4	0	0
1	90500001	1.29386	1.32091	4	0	0
1	91000001	1.33534	1.32091	4	0	0
1	91500001	1.27653	1.32091	4	0	0
1	92000001	1.28538	1.32091	4	0	0
1	92500001	1.1902	1.32091	4	0	0
1	93000001	1.03334	1.0408	3	0	0
1	93500001	1.0408	1.0408	3	0	0
1	94000001	1.07063	1.0408	3	0	0
1	94500001	1.06458	1.0408	3	0	0
1	95000001	1.03196	1.0408	3	0	0
1	95500001	1.01421	1.0408	3	0	0
1	96000001	1.05095	1.0408	3	0	0
1	96500001	1.28344	1.36145	4	0	0
1	97000001	1.36123	1.36145	4	0	0
1	97500001	1.42135	1.36145	4	0	0
1	98000001	1.40345	1.36145	4	0	0
1	98500001	1.36145	1.36145	4	0	0
1	99000001	1.33752	1.36145	4	0	0
1	99500001	1.33705	1.36145	4	0	0
1	100000001	1.31266	1.36145	4	0	0
1	100500001	1.40406	1.36145	4	0	0
1	101000001	1.37659	1.36145	4	0	0
1	101500001	1.36768	1.36145	4	0	0
1	102000001	1.12803	1.01131	3	0	0
1	102500001	1.01999	1.01131	3	0	0
1	103000001	0.992525	1.01131	3	0	0
1	103500001	1.08528	1.01131	3	0	0
1	104000001	0.965438	1.01131	3	0	0
1	104500001	1.01836	1.01131	3	0	0
1	105000001	0.983025	1.01131	3	0	0
1	105500001	0.972948	1.01131	3	0	0
1	106000001	1.00372	1.01131	3	0	0
1	106500001	1.01131	1.01131	3	0	0
1	107000001	0.963805	1.01131	3	0	0
1	107500001	0.97051	1.01131	3	0	0
1	108000001	1.02254	1.01131	3	0	0
1	108500001	0.972276	1.01131	3	0	0
1	109000001	1.00678	1.01131	3	0	0
1	109500001	1.03258	1.01131	3	0	0
1	110000001	1.09572	1.01131	3	0	0
1	110500001	1.01704	1.01131	3	0	0
1	111000001	1.05014	1.01131	3	0	0
1	111500001	1.15757	1.01131	3	0	0
1	112000001	1.00698	1.01131	3	0	0
1	112500001	0.992595	1.01131	3	0	0
1	113000001	1.06705	1.01131	3	0	0
1	113500001	1.03733	1.01131	3	0	0
1	114000001	1.01862	1.01131	3	0	0
1	114500001	0.975648	1.01131	3	0	0
1	115000001	1.05394	1.01131	3	0	0
1	115500001	0.999054	1.01131	3	0	0
1	116000001	1.03649	1.01131	3	0	0
1	116500001	1.046	1.01131	3	0	0
1	117000001	1.01142	1.01131	3	0	0
1	117500001	1.00162	1.01131	3	0	0
1	118000001	0.976254	1.01131	3	0	0
1	118500001	1.0231	1.01131	3	0	0
1	119000001	1.05424	1.01131	3	0	0
1	119500001	1.06405	1.01131	3	0	0
1	120000001	0.90823	1.01131	3	0	0
1	120500001	0.660798	1.01131	3	0	0
1	121000001	1.00089	1.01131	3	0	0
1	121500001	0.987252	1.01131	3	0	0
1	122000001	0.996099	1.01131	3	0	0
1	122500001	1.23965	1.35689	4	0	0
1	123000001	1.35689	1.35689	4	0	0
1	123500001	1.60459	1.35689	4	0	0
1	124000001	2.11632	2.11632	6	0	0
1	124500001	2.97614	2.97614	9	0	0
1	125000001	-1	-1	-1	0	0
1	125500001	-1	-1	-1	0	0
1	126000001	-1	-1	-1	0	0
1	126500001	-1	-1	-1	0	0
1	127000001	-1	-1	-1	0	0
1	127500001	-1	-1	-1	0	0
1	128000001	-1	-1	-1	0	0
1	128500001	-1	-1	-1	0	0
1	129000001	-1	-1	-1	0	0
1	129500001	-1	-1	-1	0	0
1	130000001	-1	-1	-1	0	0
1	130500001	-1	-1	-1	0	0
1	131000001	-1	-1	-1	0	0
1	131500001	-1	-1	-1	0	0
1	132000001	-1	-1	-1	0	0
1	132500001	-1	-1	-1	0	0
1	133000001	-1	-1	-1	0	0
1	133500001	-1	-1	-1	0	0
1	134000001	-1	-1	-1	0	0
1	134500001	-1	-1	-1	0	0
1	135000001	-1	-1	-1	0	0
1	135500001	-1	-1	-1	0	0
1	136000001	-1	-1	-1	0	0
1	136500001	-1	-1	-1	0	0
1	137000001	-1	-1	-1	0	0
1	137500001	-1	-1	-1	0	0
1	138000001	-1	-1	-1	0	0
1	138500001	-1	-1	-1	0	0
1	139000001	-1	-1	-1	0	0
1	139500001	-1	-1	-1	0	0
1	140000001	-1	-1	-1	0	0
1	140500001	-1	-1	-1	0	0
1	141000001	-1	-1	-1	0	0
1	141500001	-1	-1	-1	0	0
1	142000001	-1	-1	-1	0	0
1	142500001	-1	-1	-1	0	0
1	143000001	-1	-1	-1	0	0
1	143500001	1.03291	1.0147	3	0	0
1	144000001	0.990533	1.0147	3	0	0
1	144500001	1.02995	1.0147	3	0	0
1	145000001	1.09607	1.0147	3	0	0
1	145500001	1.03242	1.0147	3	0	0
1	146000001	0.996886	1.0147	3	0	0
1	146500001	1.00548	1.0147	3	0	0
1	147000001	1.01408	1.0147	3	0	0
1	147500001	1.0397	1.0147	3	0	0
1	148000001	1.03799	1.0147	3	0	0
1	148500001	1.10573	1.0147	3	0	0
1	149000001	1.09202	1.0147	3	0	0
1	149500001	1.06344	1.0147	3	0	0
1	150000001	0.977233	1.0147	3	0	0
1	150500001	0.979443	1.0147	3	0	0
1	151000001	1.01531	1.0147	3	0	0
1	151500001	1.01156	1.0147	3	0	0
1	152000001	0.989964	1.0147	3	0	0
1	152500001	0.940711	1.0147	3	0	0
1	153000001	1.04864	1.0147	3	0	0
1	153500001	0.959805	1.0147	3	0	0
1	154000001	0.978464	1.0147	3	0	0
1	154500001	1.01471	1.0147	3	0	0
1	155000001	1.00119	1.0147	3	0	0
1	155500001	0.982116	1.0147	3	0	0
1	156000001	1.03505	1.0147	3	0	0
1	156500001	0.994257	1.0147	3	0	0
1	157000001	1.04188	1.0147	3	0	0
1	157500001	1.03455	1.0147	3	0	0
1	158000001	0.976358	1.0147	3	0	0
1	158500001	0.989889	1.0147	3	0	0
1	159000001	0.981916	1.0147	3	0	0
1	159500001	1.00641	1.0147	3	0	0
1	160000001	1.02601	1.0147	3	0	0
1	160500001	1.01063	1.0147	3	0	0
1	161000001	1.07242	1.0147	3	0	0
1	161500001	1.16286	1.0147	3	0	0
1	162000001	1.06891	1.0147	3	0	0
1	162500001	1.0545	1.0147	3	0	0
1	163000001	1.04883	1.0147	3	0	0
1	163500001	1.02186	1.0147	3	0	0
1	164000001	0.997037	1.0147	3	0	0
1	164500001	0.966229	1.0147	3	0	0
1	165000001	0.992251	1.0147	3	0	0
1	165500001	0.982765	1.0147	3	0	0
1	166000001	0.977224	1.0147	3	0	0
1	166500001	1.02306	1.0147	3	0	0
1	167000001	1.00645	1.0147	3	0	0
1	167500001	1.0447	1.0147	3	0	0
1	168000001	1.01469	1.0147	3	0	0
1	168500001	1.02991	1.0147	3	0	0
1	169000001	1.04397	1.0147	3	0	0
1	169500001	1.35963	1.34367	4	0	0
1	170000001	1.35258	1.34367	4	0	0
1	170500001	1.30642	1.34367	4	0	0
1	171000001	1.33476	1.34367	4	0	0
1	171500001	1.1314	0.996178	3	0	0
1	172000001	1.04193	0.996178	3	0	0
1	172500001	1.0652	0.996178	3	0	0
1	173000001	1.07662	0.996178	3	0	0
1	173500001	1.00432	0.996178	3	0	0
1	174000001	1.0107	0.996178	3	0	0
1	174500001	0.929676	0.996178	3	0	0
1	175000001	1.00183	0.996178	3	0	0
1	175500001	0.985223	0.996178	3	0	0
1	176000001	0.965948	0.996178	3	0	0
1	176500001	0.979928	0.996178	3	0	0
1	177000001	1.0166	0.996178	3	0	0
1	177500001	1.02369	0.996178	3	0	0
1	178000001	0.985449	0.996178	3	0	0
1	178500001	1.03228	0.996178	3	0	0
1	179000001	0.992604	0.996178	3	0	0
1	179500001	0.971746	0.996178	3	0	0
1	180000001	1.04611	0.996178	3	0	0
1	180500001	1.04754	0.996178	3	0	0
1	181000001	1.0373	0.996178	3	0	0
1	181500001	1.0263	0.996178	3	0	0
1	182000001	0.984647	0.996178	3	0	0
1	182500001	1.01641	0.996178	3	0	0
1	183000001	0.994537	0.996178	3	0	0
1	183500001	1.02365	0.996178	3	0	0
1	184000001	1.01992	0.996178	3	0	0
1	184500001	0.979781	0.996178	3	0	0
1	185000001	0.986901	0.996178	3	0	0
1	185500001	0.968651	0.996178	3	0	0
1	186000001	1.00443	0.996178	3	0	0
1	186500001	0.994862	0.996178	3	0	0
1	187000001	0.998387	0.996178	3	0	0
1	187500001	0.973964	0.996178	3	0	0
1	188000001	0.988721	0.996178	3	0	0
1	188500001	0.969697	0.996178	3	0	0
1	189000001	1.00711	0.996178	3	0	0
1	189500001	1.021	0.996178	3	0	0
1	190000001	0.94899	0.996178	3	0	0
1	190500001	1.02294	0.996178	3	0	0
1	191000001	1.00799	0.996178	3	0	0
1	191500001	0.979009	0.996178	3	0	0
1	192000001	1.00238	0.996178	3	0	0
1	192500001	1.03752	0.996178	3	0	0
1	193000001	0.99678	0.996178	3	0	0
1	193500001	0.98027	0.996178	3	0	0
1	194000001	0.954031	0.996178	3	0	0
1	194500001	0.994635	0.996178	3	0	0
1	195000001	0.989768	0.996178	3	0	0
1	195500001	0.993292	0.996178	3	0	0
1	196000001	0.989921	0.996178	3	0	0
1	196500001	1.01804	0.996178	3	0	0
1	197000001	1.02795	0.996178	3	0	0
1	197500001	0.985552	0.996178	3	0	0
1	198000001	1.01557	0.996178	3	0	0
1	198500001	0.999934	0.996178	3	0	0
1	199000001	1.02443	0.996178	3	0	0
1	199500001	0.975746	0.996178	3	0	0
1	200000001	0.971139	0.996178	3	0	0
1	200500001	0.97455	0.996178	3	0	0
1	201000001	1.04134	0.996178	3	0	0
1	201500001	1.01633	0.996178	3	0	0
1	202000001	1.02575	0.996178	3	0	0
1	202500001	1.05019	0.996178	3	0	0
1	203000001	1.07749	0.996178	3	0	0
1	203500001	0.97297	0.996178	3	0	0
1	204000001	1.00915	0.996178	3	0	0
1	204500001	1.05113	0.996178	3	0	0
1	205000001	1.00453	0.996178	3	0	0
1	205500001	1.01285	0.996178	3	0	0
1	206000001	1.00144	0.996178	3	0	0
1	206500001	1.01735	0.996178	3	0	0
1	207000001	1.04218	0.996178	3	0	0
1	207500001	0.967549	0.996178	3	0	0
1	208000001	1.01691	0.996178	3	0	0
1	208500001	1.01057	0.996178	3	0	0
1	209000001	1.01206	0.996178	3	0	0
1	209500001	0.992655	0.996178	3	0	0
1	210000001	1.03703	0.996178	3	0	0
1	210500001	1.02405	0.996178	3	0	0
1	211000001	1.00192	0.996178	3	0	0
1	211500001	1.01484	0.996178	3	0	0
1	212000001	0.943107	0.996178	3	0	0
1	212500001	0.948648	0.996178	3	0	0
1	213000001	0.959845	0.996178	3	0	0
1	213500001	0.996178	0.996178	3	0	0
1	214000001	1.0194	0.996178	3	0	0
1	214500001	1.02991	0.996178	3	0	0
1	215000001	0.998866	0.996178	3	0	0
1	215500001	1.00424	0.996178	3	0	0
1	216000001	0.98575	0.996178	3	0	0
1	216500001	0.957259	0.996178	3	0	0
1	217000001	0.99709	0.996178	3	0	0
1	217500001	0.999597	0.996178	3	0	0
1	218000001	1.00515	0.996178	3	0	0
1	218500001	1.03034	0.996178	3	0	0
1	219000001	0.995192	0.996178	3	0	0
1	219500001	0.988608	0.996178	3	0	0
1	220000001	0.978687	0.996178	3	0	0
1	220500001	0.984525	0.996178	3	0	0
1	221000001	0.986761	0.996178	3	0	0
1	221500001	1.01787	0.996178	3	0	0
1	222000001	0.989172	0.996178	3	0	0
1	222500001	0.99138	0.996178	3	0	0
1	223000001	1.02786	0.996178	3	0	0
1	223500001	0.959607	0.996178	3	0	0
1	224000001	0.972144	0.996178	3	0	0
1	224500001	1.06214	0.996178	3	0	0
1	225000001	1.02605	0.996178	3	0	0
1	225500001	0.978539	0.996178	3	0	0
1	226000001	0.994632	0.996178	3	0	0
1	226500001	0.99746	0.996178	3	0	0
1	227000001	1.04667	0.996178	3	0	0
1	227500001	1.01017	0.996178	3	0	0
1	228000001	1.00814	0.996178	3	0	0
1	228500001	1.23398	0.996178	3	0	0
1	229000001	0.982156	0.996178	3	0	0
1	229500001	0.96797	0.996178	3	0	0
1	230000001	0.983842	0.996178	3	0	0
1	230500001	0.949739	0.996178	3	0	0
1	231000001	0.975555	0.996178	3	0	0
1	231500001	0.997754	0.996178	3	0	0
1	232000001	0.936215	0.996178	3	0	0
1	232500001	0.980021	0.996178	3	0	0
1	233000001	0.997923	0.996178	3	0	0
1	233500001	1.02317	0.996178	3	0	0
1	234000001	1.02402	0.996178	3	0	0
1	234500001	1.08453	0.996178	3	0	0
1	235000001	0.948402	0.996178	3	0	0
1	235500001	1.02185	0.996178	3	0	0
1	236000001	0.980845	0.996178	3	0	0
1	236500001	0.967739	0.996178	3	0	0
1	237000001	0.934747	0.996178	3	0	0
1	237500001	0.97619	0.996178	3	0	0
1	238000001	0.965453	0.996178	3	0	0
1	238500001	0.948033	0.996178	3	0	0
1	239000001	0.977094	0.996178	3	0	0
1	239500001	0.949509	0.996178	3	0	0
1	240000001	0.94404	0.996178	3	0	0
1	240500001	0.953797	0.996178	3	0	0
1	241000001	0.929412	0.996178	3	0	0
1	241500001	0.97552	0.996178	3	0	0
1	242000001	0.949863	0.996178	3	0	0
1	242500001	0.97678	0.996178	3	0	0
1	243000001	0.980802	0.996178	3	0	0
1	243500001	1.01477	0.996178	3	0	0
1	244000001	1.01405	0.996178	3	0	0
1	244500001	0.953533	0.996178	3	0	0
1	245000001	0.970562	0.996178	3	0	0
1	245500001	0.978529	0.996178	3	0	0
1	246000001	0.969421	0.996178	3	0	0
1	246500001	0.967721	0.996178	3	0	0
1	247000001	1.01519	0.996178	3	0	0
1	247500001	0.965432	0.996178	3	0	0
1	248000001	1.05882	0.996178	3	0	0
1	248500001	0.790594	0.996178	3	0	0
10	1	1.003	0.995631	3	0	0
10	500001	1.00718	0.995631	3	0	0
10	1000001	1.03041	0.995631	3	0	0
10	1500001	0.952742	0.995631	3	0	0
10	2000001	0.946057	0.995631	3	0	0
10	2500001	0.944499	0.995631	3	0	0
10	3000001	1.01369	0.995631	3	0	0
10	3500001	0.984473	0.995631	3	0	0
10	4000001	0.996935	0.995631	3	0	0
10	4500001	1.07735	0.995631	3	0	0
10	5000001	1.03088	0.995631	3	0	0
10	5500001	0.955927	0.995631	3	0	0
10	6000001	1.0307	0.995631	3	0	0
10	6500001	1.03211	0.995631	3	0	0
10	7000001	0.979074	0.995631	3	0	0
10	7500001	0.961093	0.995631	3	0	0
10	8000001	1.02881	0.995631	3	0	0
10	8500001	0.995022	0.995631	3	0	0
10	9000001	0.961771	0.995631	3	0	0
10	9500001	1.01111	0.995631	3	0	0
10	10000001	0.995293	0.995631	3	0	0
10	10500001	0.978402	0.995631	3	0	0
10	11000001	1.02346	0.995631	3	0	0
10	11500001	1.00473	0.995631	3	0	0
10	12000001	0.963134	0.995631	3	0	0
10	12500001	0.989596	0.995631	3	0	0
10	13000001	0.983868	0.995631	3	0	0
10	13500001	0.979183	0.995631	3	0	0
10	14000001	1.02492	0.995631	3	0	0
10	14500001	1.01717	0.995631	3	0	0
10	15000001	0.975804	0.995631	3	0	0
10	15500001	1.00936	0.995631	3	0	0
10	16000001	1.00746	0.995631	3	0	0
10	16500001	0.98774	0.995631	3	0	0
10	17000001	1.0707	0.995631	3	0	0
10	17500001	0.998375	0.995631	3	0	0
10	18000001	1.01293	0.995631	3	0	0
10	18500001	0.962609	0.995631	3	0	0
10	19000001	0.965155	0.995631	3	0	0
10	19500001	0.96706	0.995631	3	0	0
10	20000001	0.9958	0.995631	3	0	0
10	20500001	1.01808	0.995631	3	0	0
10	21000001	1.0351	0.995631	3	0	0
10	21500001	1.01941	0.995631	3	0	0
10	22000001	0.985811	0.995631	3	0	0
10	22500001	0.982684	0.995631	3	0	0
10	23000001	1.01443	0.995631	3	0	0
10	23500001	1.00077	0.995631	3	0	0
10	24000001	0.977278	0.995631	3	0	0
10	24500001	1.00724	0.995631	3	0	0
10	25000001	1.01662	0.995631	3	0	0
10	25500001	1.01078	0.995631	3	0	0
10	26000001	0.995631	0.995631	3	0	0
10	26500001	1.02997	0.995631	3	0	0
10	27000001	0.961668	0.995631	3	0	0
10	27500001	0.974701	0.995631	3	0	0
10	28000001	0.977958	0.995631	3	0	0
10	28500001	0.980385	0.995631	3	0	0
10	29000001	1.02583	0.995631	3	0	0
10	29500001	0.983368	0.995631	3	0	0
10	30000001	0.989616	0.995631	3	0	0
10	30500001	0.974826	0.995631	3	0	0
10	31000001	1.01307	0.995631	3	0	0
10	31500001	0.992408	0.995631	3	0	0
10	32000001	0.979467	0.995631	3	0	0
10	32500001	1.0833	0.995631	3	0	0
10	33000001	0.997484	0.995631	3	0	0
10	33500001	1.00998	0.995631	3	0	0
10	34000001	0.963885	0.995631	3	0	0
10	34500001	0.973951	0.995631	3	0	0
10	35000001	1.02596	0.995631	3	0	0
10	35500001	0.999927	0.995631	3	0	0
10	36000001	0.966469	0.995631	3	0	0
10	36500001	0.943098	0.995631	3	0	0
10	37000001	0.995442	0.995631	3	0	0
10	37500001	0.939726	0.995631	3	0	0
10	38000001	1.00872	0.995631	3	0	0
10	38500001	1.13675	1.12801	3	0	0
10	39000001	1.11926	1.12801	3	0	0
10	39500001	0.421851	0.421851	1	0	0
10	40000001	1.14959	1.25396	4	0	0
10	40500001	1.35833	1.25396	4	0	0
10	41000001	0.780374	0.780374	2	0	0
10	41500001	-1	-1	-1	0	0
10	42000001	2.85442	2.85442	9	0	0
10	42500001	0.962784	1.00092	3	0	0
10	43000001	0.940641	1.00092	3	0	0
10	43500001	1.00203	1.00092	3	0	0
10	44000001	1.00671	1.00092	3	0	0
10	44500001	1.01121	1.00092	3	0	0
10	45000001	1.04454	1.00092	3	0	0
10	45500001	0.993682	1.00092	3	0	0
10	46000001	0.974271	1.00092	3	0	0
10	46500001	1.1531	1.00092	3	0	0
10	47000001	1.0859	1.00092	3	0	0
10	47500001	-1	1.00092	3	0	0
10	48000001	0.946258	1.00092	3	0	0
10	48500001	0.984133	1.00092	3	0	0
10	49000001	1.0162	1.00092	3	0	0
10	49500001	0.995186	1.00092	3	0	0
10	50000001	0.986586	1.00092	3	0	0
10	50500001	0.989379	1.00092	3	0	0
10	51000001	0.952663	1.00092	3	0	0
10	51500001	1.03713	1.00092	3	0	0
10	52000001	1.05039	1.00092	3	0	0
10	52500001	1.02666	1.00092	3	0	0
10	53000001	1.01053	1.00092	3	0	0
10	53500001	0.972873	1.00092	3	0	0
10	54000001	0.976493	1.00092	3	0	0
10	54500001	1.0025	1.00092	3	0	0
10	55000001	0.956317	1.00092	3	0	0
10	55500001	0.991765	1.00092	3	0	0
10	56000001	0.967824	1.00092	3	0	0
10	56500001	0.999195	1.00092	3	0	0
10	57000001	0.972833	1.00092	3	0	0
10	57500001	1.01473	1.00092	3	0	0
10	58000001	0.997963	1.00092	3	0	0
10	58500001	1.02712	1.00092	3	0	0
10	59000001	0.996774	1.00092	3	0	0
10	59500001	0.916099	1.00092	3	0	0
10	60000001	0.971833	1.00092	3	0	0
10	60500001	0.978942	1.00092	3	0	0
10	61000001	1.02931	1.00092	3	0	0
10	61500001	1.03501	1.00092	3	0	0
10	62000001	1.0072	1.00092	3	0	0
10	62500001	1.02217	1.00092	3	0	0
10	63000001	0.984684	1.00092	3	0	0
10	63500001	1.05405	1.00092	3	0	0
10	64000001	1.03861	1.00092	3	0	0
10	64500001	0.962151	1.00092	3	0	0
10	65000001	0.996493	1.00092	3	0	0
10	65500001	0.982559	1.00092	3	0	0
10	66000001	0.979939	1.00092	3	0	0
10	66500001	1.01783	1.00092	3	0	0
10	67000001	1.00176	1.00092	3	0	0
10	67500001	1.01386	1.00092	3	0	0
10	68000001	0.979981	1.00092	3	0	0
10	68500001	0.940825	1.00092	3	0	0
10	69000001	0.98112	1.00092	3	0	0
10	69500001	1.04243	1.00092	3	0	0
10	70000001	1.03111	1.00092	3	0	0
10	70500001	0.991111	1.00092	3	0	0
10	71000001	1.04614	1.00092	3	0	0
10	71500001	1.0368	1.00092	3	0	0
10	72000001	1.01488	1.00092	3	0	0
10	72500001	1.02514	1.00092	3	0	0
10	73000001	1.01486	1.00092	3	0	0
10	73500001	1.02532	1.00092	3	0	0
10	74000001	0.987918	1.00092	3	0	0
10	74500001	0.988611	1.00092	3	0	0
10	75000001	0.979609	1.00092	3	0	0
10	75500001	0.943722	1.00092	3	0	0
10	76000001	0.923958	1.00092	3	0	0
10	76500001	0.978554	1.00092	3	0	0
10	77000001	1.05295	1.00092	3	0	0
10	77500001	1.01277	1.00092	3	0	0
10	78000001	1.02072	1.00092	3	0	0
10	78500001	1.03639	1.00092	3	0	0
10	79000001	1.05783	1.00092	3	0	0
10	79500001	0.857619	1.00092	3	0	0
10	80000001	0.991129	1.00092	3	0	0
10	80500001	0.984962	1.00092	3	0	0
10	81000001	0.974122	1.00092	3	0	0
10	81500001	0.976136	1.00092	3	0	0
10	82000001	0.975765	1.00092	3	0	0
10	82500001	0.958258	1.00092	3	0	0
10	83000001	0.992405	1.00092	3	0	0
10	83500001	1.00023	1.00092	3	0	0
10	84000001	0.993779	1.00092	3	0	0
10	84500001	1.01144	1.00092	3	0	0
10	85000001	0.992033	1.00092	3	0	0
10	85500001	1.02027	1.00092	3	0	0
10	86000001	1.02369	1.00092	3	0	0
10	86500001	1.00277	1.00092	3	0	0
10	87000001	0.970052	1.00092	3	0	0
10	87500001	1.04568	1.00092	3	0	0
10	88000001	1.03587	1.00092	3	0	0
10	88500001	0.992483	1.00092	3	0	0
10	89000001	1.06529	1.00092	3	0	0
10	89500001	1.02015	1.00092	3	0	0
10	90000001	1.00767	1.00092	3	0	0
10	90500001	1.08026	1.00092	3	0	0
10	91000001	1.02995	1.00092	3	0	0
10	91500001	1.01887	1.00092	3	0	0
10	92000001	0.937763	1.00092	3	0	0
10	92500001	0.980921	1.00092	3	0	0
10	93000001	1.03082	1.00092	3	0	0
10	93500001	1.02267	1.00092	3	0	0
10	94000001	0.996558	1.00092	3	0	0
10	94500001	1.03604	1.00092	3	0	0
10	95000001	1.0456	1.00092	3	0	0
10	95500001	1.02693	1.00092	3	0	0
10	96000001	0.954787	1.00092	3	0	0
10	96500001	0.946932	1.00092	3	0	0
10	97000001	1.02127	1.00092	3	0	0
10	97500001	1.07562	1.00092	3	0	0
10	98000001	1.00569	1.00092	3	0	0
10	98500001	1.01934	1.00092	3	0	0
10	99000001	0.980261	1.00092	3	0	0
10	99500001	0.97083	1.00092	3	0	0
10	100000001	1.03654	1.00092	3	0	0
10	100500001	1.02312	1.00092	3	0	0
10	101000001	1.00002	1.00092	3	0	0
10	101500001	0.978852	1.00092	3	0	0
10	102000001	1.00679	1.00092	3	0	0
10	102500001	0.993979	1.00092	3	0	0
10	103000001	0.983418	1.00092	3	0	0
10	103500001	1.04313	1.00092	3	0	0
10	104000001	1.02963	1.00092	3	0	0
10	104500001	1.01747	1.00092	3	0	0
10	105000001	0.973614	1.00092	3	0	0
10	105500001	0.974451	1.00092	3	0	0
10	106000001	1.01182	1.00092	3	0	0
10	106500001	0.967393	1.00092	3	0	0
10	107000001	0.986161	1.00092	3	0	0
10	107500001	0.975077	1.00092	3	0	0
10	108000001	0.967044	1.00092	3	0	0
10	108500001	0.957297	1.00092	3	0	0
10	109000001	1.0176	1.00092	3	0	0
10	109500001	1.02502	1.00092	3	0	0
10	110000001	1.04154	1.00092	3	0	0
10	110500001	1.03904	1.00092	3	0	0
10	111000001	1.02612	1.00092	3	0	0
10	111500001	0.988101	1.00092	3	0	0
10	112000001	0.994988	1.00092	3	0	0
10	112500001	0.979432	1.00092	3	0	0
10	113000001	0.995116	1.00092	3	0	0
10	113500001	1.01276	1.00092	3	0	0
10	114000001	1.00134	1.00092	3	0	0
10	114500001	1.04008	1.00092	3	0	0
10	115000001	1.05994	1.00092	3	0	0
10	115500001	0.986787	1.00092	3	0	0
10	116000001	0.992694	1.00092	3	0	0
10	116500001	1.00152	1.00092	3	0	0
10	117000001	0.964998	1.00092	3	0	0
10	117500001	0.98235	1.00092	3	0	0
10	118000001	1.00092	1.00092	3	0	0
10	118500001	1.08149	1.00092	3	0	0
10	119000001	1.06164	1.00092	3	0	0
10	119500001	1.02382	1.00092	3	0	0
10	120000001	0.993308	1.00092	3	0	0
10	120500001	1.02199	1.00092	3	0	0
10	121000001	1.01129	1.00092	3	0	0
10	121500001	0.985058	1.00092	3	0	0
10	122000001	1.01355	1.00092	3	0	0
10	122500001	1.05616	1.00092	3	0	0
10	123000001	1.01114	1.00092	3	0	0
10	123500001	1.01445	1.00092	3	0	0
10	124000001	1.06616	1.00092	3	0	0
10	124500001	0.999631	1.00092	3	0	0
10	125000001	1.03685	1.00092	3	0	0
10	125500001	1.01446	1.00092	3	0	0
10	126000001	1.03785	1.00092	3	0	0
10	126500001	0.940432	1.00092	3	0	0
10	127000001	0.941018	1.00092	3	0	0
10	127500001	1.00934	1.00092	3	0	0
10	128000001	1.01487	1.00092	3	0	0
10	128500001	0.975132	1.00092	3	0	0
10	129000001	0.928201	1.00092	3	0	0
10	129500001	0.956897	1.00092	3	0	0
10	130000001	0.981158	1.00092	3	0	0
10	130500001	0.99001	1.00092	3	0	0
10	131000001	0.990653	1.00092	3	0	0
10	131500001	0.967067	1.00092	3	0	0
10	132000001	0.941085	1.00092	3	0	0
10	132500001	0.960125	1.00092	3	0	0
10	133000001	1.08687	1.00092	3	0	0
10	133500001	-1	-1	-1	0	0
11	1	0.970671	1.00558	3	0	0
11	500001	0.999014	1.00558	3	0	0
11	1000001	0.952275	1.00558	3	0	0
11	1500001	0.975469	1.00558	3	0	0
11	2000001	0.930895	1.00558	3	0	0
11	2500001	1.03073	1.00558	3	0	0
11	3000001	0.883323	1.00558	3	0	0
11	3500001	1.01428	1.00558	3	0	0
11	4000001	1.03789	1.00558	3	0	0
11	4500001	0.99648	1.00558	3	0	0
11	5000001	1.00608	1.00558	3	0	0
11	5500001	0.967619	1.00558	3	0	0
11	6000001	1.02316	1.00558	3	0	0
11	6500001	1.02766	1.00558	3	0	0
11	7000001	1.02522	1.00558	3	0	0
11	7500001	1.00491	1.00558	3	0	0
11	8000001	1.06763	1.00558	3	0	0
11	8500001	1.02586	1.00558	3	0	0
11	9000001	0.979326	1.00558	3	0	0
11	9500001	0.981032	1.00558	3	0	0
11	10000001	0.996221	1.00558	3	0	0
11	10500001	1.04362	1.00558	3	0	0
11	11000001	1.03779	1.00558	3	0	0
11	11500001	1.04211	1.00558	3	0	0
11	12000001	1.03709	1.00558	3	0	0
11	12500001	1.03503	1.00558	3	0	0
11	13000001	1.02696	1.00558	3	0	0
11	13500001	1.03299	1.00558	3	0	0
11	14000001	1.0492	1.00558	3	0	0
11	14500001	1.07045	1.00558	3	0	0
11	15000001	1.05215	1.00558	3	0	0
11	15500001	0.997809	1.00558	3	0	0
11	16000001	0.988829	1.00558	3	0	0
11	16500001	0.98033	1.00558	3	0	0
11	17000001	1.01916	1.00558	3	0	0
11	17500001	1.01885	1.00558	3	0	0
11	18000001	1.00333	1.00558	3	0	0
11	18500001	1.07207	1.00558	3	0	0
11	19000001	1.05692	1.00558	3	0	0
11	19500001	1.03868	1.00558	3	0	0
11	20000001	1.00558	1.00558	3	0	0
11	20500001	0.990782	1.00558	3	0	0
11	21000001	0.966624	1.00558	3	0	0
11	21500001	1.00641	1.00558	3	0	0
11	22000001	0.990099	1.00558	3	0	0
11	22500001	0.989169	1.00558	3	0	0
11	23000001	1.00658	1.00558	3	0	0
11	23500001	1.02263	1.00558	3	0	0
11	24000001	0.968078	1.00558	3	0	0
11	24500001	0.972934	1.00558	3	0	0
11	25000001	0.970288	1.00558	3	0	0
11	25500001	0.999755	1.00558	3	0	0
11	26000001	1.0185	1.00558	3	0	0
11	26500001	0.998488	1.00558	3	0	0
11	27000001	1.0092	1.00558	3	0	0
11	27500001	1.02553	1.00558	3	0	0
11	28000001	1.05296	1.00558	3	0	0
11	28500001	1.07828	1.00558	3	0	0
11	29000001	1.02764	1.00558	3	0	0
11	29500001	0.999215	1.00558	3	0	0
11	30000001	0.977866	1.00558	3	0	0
11	30500001	1.00256	1.00558	3	0	0
11	31000001	1.00076	1.00558	3	0	0
11	31500001	0.988755	1.00558	3	0	0
11	32000001	1.03244	1.00558	3	0	0
11	32500001	1.01962	1.00558	3	0	0
11	33000001	0.989608	1.00558	3	0	0
11	33500001	0.991005	1.00558	3	0	0
11	34000001	0.950188	1.00558	3	0	0
11	34500001	1.03611	1.00558	3	0	0
11	35000001	1.05378	1.00558	3	0	0
11	35500001	1.02767	1.00558	3	0	0
11	36000001	1.03973	1.00558	3	0	0
11	36500001	1.06883	1.00558	3	0	0
11	37000001	1.03014	1.00558	3	0	0
11	37500001	1.00282	1.00558	3	0	0
11	38000001	1.00103	1.00558	3	0	0
11	38500001	0.992637	1.00558	3	0	0
11	39000001	1.01254	1.00558	3	0	0
11	39500001	0.951597	1.00558	3	0	0
11	40000001	0.948089	1.00558	3	0	0
11	40500001	0.998378	1.00558	3	0	0
11	41000001	0.981009	1.00558	3	0	0
11	41500001	0.931996	1.00558	3	0	0
11	42000001	0.96928	1.00558	3	0	0
11	42500001	0.945004	1.00558	3	0	0
11	43000001	1.00955	1.00558	3	0	0
11	43500001	0.96985	1.00558	3	0	0
11	44000001	1.00124	1.00558	3	0	0
11	44500001	1.03838	1.00558	3	0	0
11	45000001	1.02784	1.00558	3	0	0
11	45500001	1.01455	1.00558	3	0	0
11	46000001	1.01761	1.00558	3	0	0
11	46500001	0.957428	1.00558	3	0	0
11	47000001	1.03164	1.00558	3	0	0
11	47500001	1.00152	1.00558	3	0	0
11	48000001	1.02836	1.00558	3	0	0
11	48500001	0.990496	1.00558	3	0	0
11	49000001	0.978038	1.00558	3	0	0
11	49500001	0.94662	1.00558	3	0	0
11	50000001	0.946053	1.00558	3	0	0
11	50500001	-1	1.00558	3	0	0
11	51000001	-1	1.00558	3	0	0
11	51500001	1.26129	1.00558	3	0	0
11	52000001	1.09609	1.00558	3	0	0
11	52500001	0.855527	1.00558	3	0	0
11	53000001	0.863275	1.00558	3	0	0
11	53500001	0.873993	1.00558	3	0	0
11	54000001	-1	1.00558	3	0	0
11	54500001	1.04304	1.00558	3	0	0
11	55000001	1.03564	1.00558	3	0	0
11	55500001	0.934732	1.00558	3	0	0
11	56000001	1.01282	1.00558	3	0	0
11	56500001	1.00724	1.00558	3	0	0
11	57000001	1.05113	1.00558	3	0	0
11	57500001	1.0021	1.00558	3	0	0
11	58000001	0.98876	1.00558	3	0	0
11	58500001	1.01628	1.00558	3	0	0
11	59000001	1.02974	1.00558	3	0	0
11	59500001	1.01239	1.00558	3	0	0
11	60000001	0.986089	1.00558	3	0	0
11	60500001	0.995571	1.00558	3	0	0
11	61000001	0.995923	1.00558	3	0	0
11	61500001	1.00684	1.00558	3	0	0
11	62000001	1.01913	1.00558	3	0	0
11	62500001	0.993815	1.00558	3	0	0
11	63000001	1.20929	1.35092	4	0	0
11	63500001	1.36235	1.35092	4	0	0
11	64000001	1.36124	1.35092	4	0	0
11	64500001	1.40485	1.35092	4	0	0
11	65000001	1.34842	1.35092	4	0	0
11	65500001	1.39271	1.35092	4	0	0
11	66000001	1.32585	1.35092	4	0	0
11	66500001	1.38851	1.35092	4	0	0
11	67000001	1.30949	1.35092	4	0	0
11	67500001	1.37654	1.35092	4	0	0
11	68000001	1.35341	1.35092	4	0	0
11	68500001	1.32447	1.35092	4	0	0
11	69000001	1.41298	1.35092	4	0	0
11	69500001	1.40358	1.35092	4	0	0
11	70000001	1.34105	1.35092	4	0	0
11	70500001	1.32641	1.35092	4	0	0
11	71000001	1.31739	1.35092	4	0	0
11	71500001	1.22859	1.35092	4	0	0
11	72000001	1.02598	1.01039	3	0	0
11	72500001	1.00639	1.01039	3	0	0
11	73000001	1.10073	1.01039	3	0	0
11	73500001	0.978049	1.01039	3	0	0
11	74000001	0.992084	1.01039	3	0	0
11	74500001	1.03043	1.01039	3	0	0
11	75000001	1.02255	1.01039	3	0	0
11	75500001	1.04273	1.01039	3	0	0
11	76000001	1.0381	1.01039	3	0	0
11	76500001	1.01228	1.01039	3	0	0
11	77000001	1.01895	1.01039	3	0	0
11	77500001	1.02303	1.01039	3	0	0
11	78000001	0.984417	1.01039	3	0	0
11	78500001	1.00053	1.01039	3	0	0
11	79000001	0.980324	1.01039	3	0	0
11	79500001	0.955747	1.01039	3	0	0
11	80000001	0.992065	1.01039	3	0	0
11	80500001	1.0078	1.01039	3	0	0
11	81000001	0.969505	1.01039	3	0	0
11	81500001	0.997493	1.01039	3	0	0
11	82000001	0.96259	1.01039	3	0	0
11	82500001	1.04291	1.01039	3	0	0
11	83000001	1.02462	1.01039	3	0	0
11	83500001	1.01606	1.01039	3	0	0
11	84000001	0.990093	1.01039	3	0	0
11	84500001	0.972295	1.01039	3	0	0
11	85000001	1.02687	1.01039	3	0	0
11	85500001	1.05358	1.01039	3	0	0
11	86000001	1.01039	1.01039	3	0	0
11	86500001	1.06592	1.01039	3	0	0
11	87000001	1.02679	1.01039	3	0	0
11	87500001	0.989378	1.01039	3	0	0
11	88000001	0.984293	1.01039	3	0	0
11	88500001	1.20171	1.31719	4	0	0
11	89000001	1.36956	1.31719	4	0	0
11	89500001	1.30377	1.31719	4	0	0
11	90000001	1.21092	1.31719	4	0	0
11	90500001	1.30357	1.31719	4	0	0
11	91000001	1.31759	1.31719	4	0	0
11	91500001	1.31051	1.31719	4	0	0
11	92000001	1.29725	1.31719	4	0	0
11	92500001	1.32151	1.31719	4	0	0
11	93000001	1.29409	1.31719	4	0	0
11	93500001	1.36317	1.31719	4	0	0
11	94000001	1.35315	1.31719	4	0	0
11	94500001	1.30837	1.31719	4	0	0
11	95000001	1.32754	1.31719	4	0	0
11	95500001	1.33432	1.31719	4	0	0
11	96000001	1.37147	1.31719	4	0	0
11	96500001	1.33003	1.31719	4	0	0
11	97000001	1.3101	1.31719	4	0	0
11	97500001	1.3169	1.31719	4	0	0
11	98000001	1.27111	1.31719	4	0	0
11	98500001	1.2831	1.31719	4	0	0
11	99000001	1.31515	1.31719	4	0	0
11	99500001	1.31508	1.31719	4	0	0
11	100000001	1.32711	1.31719	4	0	0
11	100500001	1.3296	1.31719	4	0	0
11	101000001	1.36284	1.31719	4	0	0
11	101500001	1.31525	1.31719	4	0	0
11	102000001	1.31747	1.31719	4	0	0
11	102500001	1.35848	1.31719	4	0	0
11	103000001	1.31451	1.31719	4	0	0
11	103500001	1.35315	1.31719	4	0	0
11	104000001	1.28925	1.31719	4	0	0
11	104500001	1.32526	1.31719	4	0	0
11	105000001	1.28737	1.31719	4	0	0
11	105500001	1.344	1.31719	4	0	0
11	106000001	1.33209	1.31719	4	0	0
11	106500001	1.36814	1.31719	4	0	0
11	107000001	1.33723	1.31719	4	0	0
11	107500001	1.2966	1.31719	4	0	0
11	108000001	1.28016	1.31719	4	0	0
11	108500001	1.35094	1.34728	4	0	0
11	109000001	1.32427	1.34728	4	0	0
11	109500001	1.41507	1.34728	4	0	0
11	110000001	1.34299	1.34728	4	0	0
11	110500001	1.39432	1.34728	4	0	0
11	111000001	1.39144	1.34728	4	0	0
11	111500001	1.3138	1.34728	4	0	0
11	112000001	1.34168	1.34728	4	0	0
11	112500001	1.27922	1.34728	4	0	0
11	113000001	1.34578	1.34728	4	0	0
11	113500001	1.35583	1.34728	4	0	0
11	114000001	1.32786	1.34728	4	0	0
11	114500001	1.33588	1.34728	4	0	0
11	115000001	1.25497	1.34728	4	0	0
11	115500001	1.31182	1.34728	4	0	0
11	116000001	1.35898	1.34728	4	0	0
11	116500001	1.31472	1.34728	4	0	0
11	117000001	1.3411	1.34728	4	0	0
11	117500001	1.36728	1.34728	4	0	0
11	118000001	1.34877	1.34728	4	0	0
11	118500001	1.34522	1.34728	4	0	0
11	119000001	1.39102	1.34728	4	0	0
11	119500001	1.36502	1.34728	4	0	0
11	120000001	1.37181	1.34728	4	0	0
11	120500001	1.38834	1.34728	4	0	0
11	121000001	1.31307	1.34728	4	0	0
11	121500001	1.35694	1.34728	4	0	0
11	122000001	1.32866	1.34728	4	0	0
11	122500001	1.34518	1.34728	4	0	0
11	123000001	1.28188	1.34728	4	0	0
11	123500001	1.33968	1.34728	4	0	0
11	124000001	1.36235	1.34728	4	0	0
11	124500001	1.34187	1.34728	4	0	0
11	125000001	1.3335	1.34728	4	0	0
11	125500001	1.36689	1.34728	4	0	0
11	126000001	1.33651	1.34728	4	0	0
11	126500001	1.34904	1.34728	4	0	0
11	127000001	1.31392	1.34728	4	0	0
11	127500001	1.33294	1.34728	4	0	0
11	128000001	1.3683	1.34728	4	0	0
11	128500001	1.33642	1.34728	4	0	0
11	129000001	1.35455	1.34728	4	0	0
11	129500001	1.38946	1.34728	4	0	0
11	130000001	1.37121	1.34728	4	0	0
11	130500001	1.40889	1.34728	4	0	0
11	131000001	1.37473	1.34728	4	0	0
11	131500001	1.36521	1.34728	4	0	0
11	132000001	1.37203	1.34728	4	0	0
11	132500001	1.3184	1.31525	4	0	0
11	133000001	1.31971	1.31525	4	0	0
11	133500001	1.28551	1.31525	4	0	0
11	134000001	1.3121	1.31525	4	0	0
11	134500001	1.356	1.31525	4	0	0
11	135000001	0.218023	1.31525	4	0	0
12	1	0.7946	0.664088	2	0	0
12	500001	0.617081	0.664088	2	0	0
12	1000001	0.676101	0.664088	2	0	0
12	1500001	0.675842	0.664088	2	0	0
12	2000001	0.663665	0.664088	2	0	0
12	2500001	0.692434	0.664088	2	0	0
12	3000001	0.691496	0.664088	2	0	0
12	3500001	0.696375	0.664088	2	0	0
12	4000001	0.670902	0.664088	2	0	0
12	4500001	0.675027	0.664088	2	0	0
12	5000001	0.656102	0.664088	2	0	0
12	5500001	0.717772	0.664088	2	0	0
12	6000001	0.681744	0.664088	2	0	0
12	6500001	0.646171	0.664088	2	0	0
12	7000001	0.647554	0.664088	2	0	0
12	7500001	0.615346	0.664088	2	0	0
12	8000001	0.619084	0.664088	2	0	0
12	8500001	0.642812	0.664088	2	0	0
12	9000001	0.644072	0.664088	2	0	0
12	9500001	0.673338	0.664088	2	0	0
12	10000001	0.671735	0.664088	2	0	0
12	10500001	0.700509	0.664088	2	0	0
12	11000001	0.720682	0.664088	2	0	0
12	11500001	0.680686	0.664088	2	0	0
12	12000001	0.654856	0.664088	2	0	0
12	12500001	0.643143	0.664088	2	0	0
12	13000001	0.715099	0.664088	2	0	0
12	13500001	0.694269	0.664088	2	0	0
12	14000001	0.63802	0.664088	2	0	0
12	14500001	0.650996	0.664088	2	0	0
12	15000001	0.683706	0.664088	2	0	0
12	15500001	0.699987	0.664088	2	0	0
12	16000001	0.683576	0.664088	2	0	0
12	16500001	0.684254	0.664088	2	0	0
12	17000001	0.640341	0.664088	2	0	0
12	17500001	0.661162	0.664088	2	0	0
12	18000001	0.69471	0.664088	2	0	0
12	18500001	0.68617	0.664088	2	0	0
12	19000001	0.655985	0.664088	2	0	0
12	19500001	0.669327	0.664088	2	0	0
12	20000001	0.663724	0.664088	2	0	0
12	20500001	0.667018	0.664088	2	0	0
12	21000001	0.679707	0.664088	2	0	0
12	21500001	0.66887	0.664088	2	0	0
12	22000001	0.64893	0.664088	2	0	0
12	22500001	0.648519	0.664088	2	0	0
12	23000001	0.664453	0.664088	2	0	0
12	23500001	0.650216	0.664088	2	0	0
12	24000001	0.661393	0.664088	2	0	0
12	24500001	0.640808	0.664088	2	0	0
12	25000001	0.632661	0.664088	2	0	0
12	25500001	0.641417	0.664088	2	0	0
12	26000001	0.663585	0.664088	2	0	0
12	26500001	0.703875	0.664088	2	0	0
12	27000001	0.697411	0.664088	2	0	0
12	27500001	0.657932	0.664088	2	0	0
12	28000001	0.703484	0.664088	2	0	0
12	28500001	0.700165	0.664088	2	0	0
12	29000001	0.681343	0.664088	2	0	0
12	29500001	0.651612	0.664088	2	0	0
12	30000001	0.652747	0.664088	2	0	0
12	30500001	0.657565	0.664088	2	0	0
12	31000001	0.663717	0.664088	2	0	0
12	31500001	0.646362	0.664088	2	0	0
12	32000001	0.668479	0.664088	2	0	0
12	32500001	0.665162	0.664088	2	0	0
12	33000001	0.695805	0.664088	2	0	0
12	33500001	0.662766	0.664088	2	0	0
12	34000001	0.64545	0.664088	2	0	0
12	34500001	0.650014	0.664088	2	0	0
12	35000001	0.57481	0.664088	2	0	0
12	35500001	0.550884	0.664088	2	0	0
12	36000001	0.375914	0.378549	1	0	0
12	36500001	0.381183	0.378549	1	0	0
12	37000001	0.585561	0.672372	2	0	0
12	37500001	0.732944	0.672372	2	0	0
12	38000001	0.66781	0.672372	2	0	0
12	38500001	0.642404	0.672372	2	0	0
12	39000001	0.650896	0.672372	2	0	0
12	39500001	0.675826	0.672372	2	0	0
12	40000001	0.665711	0.672372	2	0	0
12	40500001	0.64212	0.672372	2	0	0
12	41000001	0.655644	0.672372	2	0	0
12	41500001	0.664659	0.672372	2	0	0
12	42000001	0.637689	0.672372	2	0	0
12	42500001	0.668418	0.672372	2	0	0
12	43000001	0.698835	0.672372	2	0	0
12	43500001	0.650102	0.672372	2	0	0
12	44000001	0.665267	0.672372	2	0	0
12	44500001	0.641801	0.672372	2	0	0
12	45000001	0.693038	0.672372	2	0	0
12	45500001	0.671439	0.672372	2	0	0
12	46000001	0.685151	0.672372	2	0	0
12	46500001	0.710765	0.672372	2	0	0
12	47000001	0.665748	0.672372	2	0	0
12	47500001	0.685359	0.672372	2	0	0
12	48000001	0.678225	0.672372	2	0	0
12	48500001	0.679341	0.672372	2	0	0
12	49000001	0.657409	0.672372	2	0	0
12	49500001	0.701285	0.672372	2	0	0
12	50000001	0.654377	0.672372	2	0	0
12	50500001	0.672372	0.672372	2	0	0
12	51000001	0.66271	0.672372	2	0	0
12	51500001	0.695663	0.672372	2	0	0
12	52000001	0.707405	0.672372	2	0	0
12	52500001	0.701209	0.672372	2	0	0
12	53000001	0.688332	0.672372	2	0	0
12	53500001	0.626242	0.672372	2	0	0
12	54000001	0.684337	0.672372	2	0	0
12	54500001	0.712791	0.672372	2	0	0
12	55000001	0.672264	0.672372	2	0	0
12	55500001	0.678035	0.672372	2	0	0
12	56000001	0.669606	0.672372	2	0	0
12	56500001	0.662209	0.672372	2	0	0
12	57000001	0.653688	0.672372	2	0	0
12	57500001	0.689128	0.672372	2	0	0
12	58000001	0.684723	0.672372	2	0	0
12	58500001	0.657727	0.672372	2	0	0
12	59000001	0.667269	0.672372	2	0	0
12	59500001	0.653284	0.672372	2	0	0
12	60000001	0.68667	0.672372	2	0	0
12	60500001	0.67695	0.672372	2	0	0
12	61000001	0.688239	0.672372	2	0	0
12	61500001	0.644776	0.672372	2	0	0
12	62000001	0.71597	0.672372	2	0	0
12	62500001	0.66939	0.672372	2	0	0
12	63000001	0.679741	0.672372	2	0	0
12	63500001	0.69115	0.672372	2	0	0
12	64000001	0.643233	0.672372	2	0	0
12	64500001	0.64155	0.672372	2	0	0
12	65000001	0.71919	0.672372	2	0	0
12	65500001	0.699757	0.672372	2	0	0
12	66000001	0.682172	0.672372	2	0	0
12	66500001	0.698428	0.672372	2	0	0
12	67000001	0.671562	0.672372	2	0	0
12	67500001	0.714382	0.672372	2	0	0
12	68000001	0.665132	0.672372	2	0	0
12	68500001	0.672668	0.672372	2	0	0
12	69000001	0.668388	0.672372	2	0	0
12	69500001	0.678494	0.672372	2	0	0
12	70000001	0.669777	0.672372	2	0	0
12	70500001	0.705069	0.672372	2	0	0
12	71000001	0.660277	0.672372	2	0	0
12	71500001	0.647937	0.672372	2	0	0
12	72000001	0.684063	0.672372	2	0	0
12	72500001	0.658344	0.672372	2	0	0
12	73000001	0.680916	0.672372	2	0	0
12	73500001	0.663125	0.672372	2	0	0
12	74000001	0.672686	0.672372	2	0	0
12	74500001	0.692636	0.672372	2	0	0
12	75000001	0.6865	0.672372	2	0	0
12	75500001	1.05421	1.00726	3	0	0
12	76000001	1.02846	1.00726	3	0	0
12	76500001	1.00729	1.00726	3	0	0
12	77000001	1.03494	1.00726	3	0	0
12	77500001	1.05362	1.00726	3	0	0
12	78000001	1.02331	1.00726	3	0	0
12	78500001	1.04769	1.00726	3	0	0
12	79000001	1.01567	1.00726	3	0	0
12	79500001	0.994375	1.00726	3	0	0
12	80000001	0.989745	1.00726	3	0	0
12	80500001	1.00821	1.00726	3	0	0
12	81000001	1.00365	1.00726	3	0	0
12	81500001	0.959603	1.00726	3	0	0
12	82000001	1.03101	1.00726	3	0	0
12	82500001	1.0043	1.00726	3	0	0
12	83000001	0.995788	1.00726	3	0	0
12	83500001	1.00057	1.00726	3	0	0
12	84000001	1.01178	1.00726	3	0	0
12	84500001	1.01464	1.00726	3	0	0
12	85000001	1.01445	1.00726	3	0	0
12	85500001	1.01044	1.00726	3	0	0
12	86000001	1.01566	1.00726	3	0	0
12	86500001	1.01763	1.00726	3	0	0
12	87000001	0.972939	1.00726	3	0	0
12	87500001	1.02523	1.00726	3	0	0
12	88000001	1.08122	1.00726	3	0	0
12	88500001	1.06256	1.00726	3	0	0
12	89000001	0.994528	1.00726	3	0	0
12	89500001	0.99165	1.00726	3	0	0
12	90000001	0.977565	1.00726	3	0	0
12	90500001	0.968568	1.00726	3	0	0
12	91000001	1.03433	1.00726	3	0	0
12	91500001	1.03107	1.00726	3	0	0
12	92000001	0.983206	1.00726	3	0	0
12	92500001	0.996343	1.00726	3	0	0
12	93000001	0.988126	1.00726	3	0	0
12	93500001	1.06684	1.00726	3	0	0
12	94000001	1.01959	1.00726	3	0	0
12	94500001	1.01983	1.00726	3	0	0
12	95000001	0.914706	1.00726	3	0	0
12	95500001	0.977118	1.00726	3	0	0
12	96000001	1.00326	1.00726	3	0	0
12	96500001	1.00977	1.00726	3	0	0
12	97000001	1.00105	1.00726	3	0	0
12	97500001	0.949048	1.00726	3	0	0
12	98000001	0.983512	1.00726	3	0	0
12	98500001	0.968532	1.00726	3	0	0
12	99000001	1.02339	1.00726	3	0	0
12	99500001	1.02333	1.00726	3	0	0
12	100000001	0.949646	1.00726	3	0	0
12	100500001	0.941041	1.00726	3	0	0
12	101000001	0.999719	1.00726	3	0	0
12	101500001	0.973846	1.00726	3	0	0
12	102000001	1.0082	1.00726	3	0	0
12	102500001	1.00857	1.00726	3	0	0
12	103000001	0.993151	1.00726	3	0	0
12	103500001	1.06103	1.00726	3	0	0
12	104000001	1.05436	1.00726	3	0	0
12	104500001	1.044	1.00726	3	0	0
12	105000001	1.05491	1.00726	3	0	0
12	105500001	1.04692	1.00726	3	0	0
12	106000001	1.00592	1.00726	3	0	0
12	106500001	1.0058	1.00726	3	0	0
12	107000001	1.02431	1.00726	3	0	0
12	107500001	1.011	1.00726	3	0	0
12	108000001	1.03464	1.00726	3	0	0
12	108500001	1.00362	1.00726	3	0	0
12	109000001	0.99667	1.00726	3	0	0
12	109500001	1.00722	1.00726	3	0	0
12	110000001	1.00545	1.00726	3	0	0
12	110500001	0.998454	1.00726	3	0	0
12	111000001	0.989729	1.00726	3	0	0
12	111500001	0.981334	1.00726	3	0	0
12	112000001	0.943246	1.00726	3	0	0
12	112500001	1.02902	1.00726	3	0	0
12	113000001	1.00318	1.00726	3	0	0
12	113500001	1.02152	1.00726	3	0	0
12	114000001	0.992188	1.00726	3	0	0
12	114500001	0.903568	0.973029	3	0	0
12	115000001	0.971602	0.973029	3	0	0
12	115500001	1.00984	0.973029	3	0	0
12	116000001	0.96835	0.973029	3	0	0
12	116500001	0.961503	0.973029	3	0	0
12	117000001	0.975498	0.973029	3	0	0
12	117500001	0.979859	0.973029	3	0	0
12	118000001	0.927175	0.973029	3	0	0
12	118500001	0.982986	0.973029	3	0	0
12	119000001	0.962206	0.973029	3	0	0
12	119500001	0.963809	0.973029	3	0	0
12	120000001	0.979053	0.973029	3	0	0
12	120500001	0.93549	0.973029	3	0	0
12	121000001	0.97128	0.973029	3	0	0
12	121500001	0.981628	0.973029	3	0	0
12	122000001	0.990291	0.973029	3	0	0
12	122500001	0.974078	0.973029	3	0	0
12	123000001	0.985536	0.973029	3	0	0
12	123500001	0.97198	0.973029	3	0	0
12	124000001	1.00842	0.973029	3	0	0
12	124500001	0.693908	0.648923	2	0	0
12	125000001	0.703593	0.648923	2	0	0
12	125500001	0.644136	0.648923	2	0	0
12	126000001	0.652147	0.648923	2	0	0
12	126500001	0.624649	0.648923	2	0	0
12	127000001	0.607173	0.648923	2	0	0
12	127500001	0.612361	0.648923	2	0	0
12	128000001	0.640635	0.648923	2	0	0
12	128500001	0.6457	0.648923	2	0	0
12	129000001	0.632091	0.648923	2	0	0
12	129500001	0.659166	0.648923	2	0	0
12	130000001	0.643069	0.648923	2	0	0
12	130500001	0.655804	0.648923	2	0	0
12	131000001	0.686493	0.648923	2	0	0
12	131500001	0.723253	0.648923	2	0	0
12	132000001	0.662966	0.648923	2	0	0
12	132500001	0.658121	0.648923	2	0	0
12	133000001	0.365859	0.648923	2	0	0
13	1	-1	-1	-1	0	0
13	500001	-1	-1	-1	0	0
13	1000001	-1	-1	-1	0	0
13	1500001	-1	-1	-1	0	0
13	2000001	-1	-1	-1	0	0
13	2500001	-1	-1	-1	0	0
13	3000001	-1	-1	-1	0	0
13	3500001	-1	-1	-1	0	0
13	4000001	-1	-1	-1	0	0
13	4500001	-1	-1	-1	0	0
13	5000001	-1	-1	-1	0	0
13	5500001	-1	-1	-1	0	0
13	6000001	-1	-1	-1	0	0
13	6500001	-1	-1	-1	0	0
13	7000001	-1	-1	-1	0	0
13	7500001	-1	-1	-1	0	0
13	8000001	-1	-1	-1	0	0
13	8500001	-1	-1	-1	0	0
13	9000001	-1	-1	-1	0	0
13	9500001	-1	-1	-1	0	0
13	10000001	-1	-1	-1	0	0
13	10500001	-1	-1	-1	0	0
13	11000001	-1	-1	-1	0	0
13	11500001	-1	-1	-1	0	0
13	12000001	-1	-1	-1	0	0
13	12500001	-1	-1	-1	0	0
13	13000001	-1	-1	-1	0	0
13	13500001	-1	-1	-1	0	0
13	14000001	-1	-1	-1	0	0
13	14500001	-1	-1	-1	0	0
13	15000001	-1	-1	-1	0	0
13	15500001	-1	-1	-1	0	0
13	16000001	0.424013	0.424013	1	0	0
13	16500001	0.724263	0.724263	2	0	0
13	17000001	0.95445	0.95445	3	0	0
13	17500001	1.06862	1.06862	3	0	0
13	18000001	-1	-1	-1	0	0
13	18500001	0.657955	0.664215	2	0	0
13	19000001	0.630848	0.664215	2	0	0
13	19500001	0.656778	0.664215	2	0	0
13	20000001	0.670959	0.664215	2	0	0
13	20500001	0.632966	0.664215	2	0	0
13	21000001	0.635751	0.664215	2	0	0
13	21500001	0.680718	0.664215	2	0	0
13	22000001	0.640049	0.664215	2	0	0
13	22500001	0.634873	0.664215	2	0	0
13	23000001	0.694628	0.664215	2	0	0
13	23500001	0.701462	0.664215	2	0	0
13	24000001	0.686664	0.664215	2	0	0
13	24500001	0.629592	0.664215	2	0	0
13	25000001	0.640352	0.664215	2	0	0
13	25500001	0.681606	0.664215	2	0	0
13	26000001	0.639522	0.664215	2	0	0
13	26500001	0.684243	0.664215	2	0	0
13	27000001	0.678094	0.664215	2	0	0
13	27500001	0.665801	0.664215	2	0	0
13	28000001	0.656604	0.664215	2	0	0
13	28500001	0.6514	0.664215	2	0	0
13	29000001	0.626519	0.664215	2	0	0
13	29500001	0.71541	0.664215	2	0	0
13	30000001	0.665135	0.664215	2	0	0
13	30500001	0.723664	0.664215	2	0	0
13	31000001	0.700148	0.664215	2	0	0
13	31500001	0.672758	0.664215	2	0	0
13	32000001	0.672464	0.664215	2	0	0
13	32500001	0.67436	0.664215	2	0	0
13	33000001	0.668376	0.664215	2	0	0
13	33500001	0.707563	0.664215	2	0	0
13	34000001	0.69821	0.664215	2	0	0
13	34500001	0.677141	0.664215	2	0	0
13	35000001	0.670298	0.664215	2	0	0
13	35500001	0.65731	0.664215	2	0	0
13	36000001	0.686852	0.664215	2	0	0
13	36500001	0.660755	0.664215	2	0	0
13	37000001	0.662482	0.664215	2	0	0
13	37500001	0.704438	0.664215	2	0	0
13	38000001	0.66724	0.664215	2	0	0
13	38500001	0.649168	0.664215	2	0	0
13	39000001	0.694647	0.664215	2	0	0
13	39500001	0.651969	0.664215	2	0	0
13	40000001	0.656545	0.664215	2	0	0
13	40500001	0.664174	0.664215	2	0	0
13	41000001	0.646302	0.664215	2	0	0
13	41500001	0.650899	0.664215	2	0	0
13	42000001	0.676714	0.664215	2	0	0
13	42500001	0.681164	0.664215	2	0	0
13	43000001	0.666139	0.664215	2	0	0
13	43500001	0.714537	0.664215	2	0	0
13	44000001	0.668318	0.664215	2	0	0
13	44500001	0.667155	0.664215	2	0	0
13	45000001	0.690309	0.664215	2	0	0
13	45500001	0.709757	0.664215	2	0	0
13	46000001	0.64283	0.664215	2	0	0
13	46500001	0.674648	0.664215	2	0	0
13	47000001	0.641297	0.664215	2	0	0
13	47500001	0.65891	0.664215	2	0	0
13	48000001	0.652024	0.664215	2	0	0
13	48500001	0.650743	0.664215	2	0	0
13	49000001	0.709478	0.664215	2	0	0
13	49500001	0.640616	0.664215	2	0	0
13	50000001	0.651439	0.664215	2	0	0
13	50500001	0.67498	0.664215	2	0	0
13	51000001	0.655608	0.664215	2	0	0
13	51500001	0.675322	0.664215	2	0	0
13	52000001	0.660619	0.664215	2	0	0
13	52500001	0.630216	0.664215	2	0	0
13	53000001	0.637753	0.664215	2	0	0
13	53500001	0.648863	0.664215	2	0	0
13	54000001	0.650733	0.664215	2	0	0
13	54500001	0.672565	0.664215	2	0	0
13	55000001	0.654527	0.664215	2	0	0
13	55500001	0.639414	0.664215	2	0	0
13	56000001	0.642706	0.664215	2	0	0
13	56500001	0.669152	0.664215	2	0	0
13	57000001	0.762292	0.664215	2	0	0
13	57500001	0.680201	0.664215	2	0	0
13	58000001	0.653075	0.664215	2	0	0
13	58500001	0.672054	0.664215	2	0	0
13	59000001	0.663941	0.664215	2	0	0
13	59500001	0.661224	0.664215	2	0	0
13	60000001	0.684551	0.664215	2	0	0
13	60500001	0.691032	0.664215	2	0	0
13	61000001	0.681356	0.664215	2	0	0
13	61500001	0.696964	0.664215	2	0	0
13	62000001	0.629273	0.664215	2	0	0
13	62500001	0.712534	0.664215	2	0	0
13	63000001	0.717082	0.664215	2	0	0
13	63500001	0.664092	0.664215	2	0	0
13	64000001	0.658358	0.664215	2	0	0
13	64500001	0.688084	0.664215	2	0	0
13	65000001	0.67868	0.664215	2	0	0
13	65500001	0.650681	0.664215	2	0	0
13	66000001	0.678406	0.664215	2	0	0
13	66500001	0.659568	0.664215	2	0	0
13	67000001	0.682158	0.664215	2	0	0
13	67500001	0.664551	0.664215	2	0	0
13	68000001	0.664215	0.664215	2	0	0
13	68500001	0.641219	0.664215	2	0	0
13	69000001	0.651926	0.664215	2	0	0
13	69500001	0.629855	0.664215	2	0	0
13	70000001	0.659607	0.664215	2	0	0
13	70500001	0.662741	0.664215	2	0	0
13	71000001	0.664948	0.664215	2	0	0
13	71500001	0.703795	0.664215	2	0	0
13	72000001	0.700174	0.664215	2	0	0
13	72500001	0.671133	0.664215	2	0	0
13	73000001	0.622261	0.664215	2	0	0
13	73500001	0.655191	0.664215	2	0	0
13	74000001	0.667013	0.664215	2	0	0
13	74500001	0.664215	0.664215	2	0	0
13	75000001	0.685118	0.664215	2	0	0
13	75500001	0.731661	0.664215	2	0	0
13	76000001	0.65361	0.664215	2	0	0
13	76500001	0.660492	0.664215	2	0	0
13	77000001	0.717785	0.664215	2	0	0
13	77500001	0.62829	0.664215	2	0	0
13	78000001	0.676824	0.664215	2	0	0
13	78500001	0.616392	0.664215	2	0	0
13	79000001	0.677008	0.664215	2	0	0
13	79500001	0.691866	0.664215	2	0	0
13	80000001	0.687718	0.664215	2	0	0
13	80500001	0.646371	0.664215	2	0	0
13	81000001	0.664138	0.664215	2	0	0
13	81500001	0.651811	0.664215	2	0	0
13	82000001	0.644887	0.664215	2	0	0
13	82500001	0.640604	0.664215	2	0	0
13	83000001	0.643627	0.664215	2	0	0
13	83500001	0.640675	0.664215	2	0	0
13	84000001	0.664591	0.664215	2	0	0
13	84500001	0.635101	0.664215	2	0	0
13	85000001	0.638086	0.664215	2	0	0
13	85500001	0.675507	0.664215	2	0	0
13	86000001	0.634409	0.664215	2	0	0
13	86500001	0.636742	0.664215	2	0	0
13	87000001	0.653081	0.664215	2	0	0
13	87500001	0.671869	0.664215	2	0	0
13	88000001	0.665453	0.664215	2	0	0
13	88500001	0.654058	0.664215	2	0	0
13	89000001	0.69861	0.664215	2	0	0
13	89500001	0.656214	0.664215	2	0	0
13	90000001	0.649668	0.664215	2	0	0
13	90500001	0.657287	0.664215	2	0	0
13	91000001	0.677852	0.664215	2	0	0
13	91500001	0.663909	0.664215	2	0	0
13	92000001	0.658502	0.664215	2	0	0
13	92500001	0.672364	0.664215	2	0	0
13	93000001	0.648775	0.664215	2	0	0
13	93500001	0.642786	0.664215	2	0	0
13	94000001	0.659513	0.664215	2	0	0
13	94500001	0.650161	0.664215	2	0	0
13	95000001	0.642678	0.664215	2	0	0
13	95500001	0.673626	0.664215	2	0	0
13	96000001	0.667862	0.664215	2	0	0
13	96500001	0.677613	0.664215	2	0	0
13	97000001	0.703916	0.664215	2	0	0
13	97500001	0.688673	0.664215	2	0	0
13	98000001	0.647654	0.664215	2	0	0
13	98500001	0.663413	0.664215	2	0	0
13	99000001	0.664865	0.664215	2	0	0
13	99500001	0.673645	0.664215	2	0	0
13	100000001	0.64748	0.664215	2	0	0
13	100500001	0.683727	0.664215	2	0	0
13	101000001	0.681796	0.664215	2	0	0
13	101500001	0.67205	0.664215	2	0	0
13	102000001	0.673448	0.664215	2	0	0
13	102500001	0.682408	0.664215	2	0	0
13	103000001	0.651422	0.664215	2	0	0
13	103500001	0.661913	0.664215	2	0	0
13	104000001	0.643616	0.664215	2	0	0
13	104500001	0.683267	0.664215	2	0	0
13	105000001	0.666086	0.664215	2	0	0
13	105500001	0.643698	0.664215	2	0	0
13	106000001	0.67825	0.664215	2	0	0
13	106500001	0.649874	0.664215	2	0	0
13	107000001	0.660931	0.664215	2	0	0
13	107500001	0.684078	0.664215	2	0	0
13	108000001	0.673329	0.664215	2	0	0
13	108500001	0.682235	0.664215	2	0	0
13	109000001	0.703437	0.664215	2	0	0
13	109500001	0.660842	0.664215	2	0	0
13	110000001	0.691306	0.664215	2	0	0
13	110500001	0.686516	0.664215	2	0	0
13	111000001	0.629368	0.664215	2	0	0
13	111500001	-1	0.664215	2	0	0
13	112000001	0.648358	0.664215	2	0	0
13	112500001	0.658602	0.664215	2	0	0
13	113000001	0.690762	0.664215	2	0	0
13	113500001	0.699718	0.664215	2	0	0
13	114000001	0.504329	0.664215	2	0	0
14	1	-1	-1	-1	0	0
14	500001	-1	-1	-1	0	0
14	1000001	-1	-1	-1	0	0
14	1500001	-1	-1	-1	0	0
14	2000001	-1	-1	-1	0	0
14	2500001	-1	-1	-1	0	0
14	3000001	-1	-1	-1	0	0
14	3500001	-1	-1	-1	0	0
14	4000001	-1	-1	-1	0	0
14	4500001	-1	-1	-1	0	0
14	5000001	-1	-1	-1	0	0
14	5500001	-1	-1	-1	0	0
14	6000001	-1	-1	-1	0	0
14	6500001	-1	-1	-1	0	0
14	7000001	-1	-1	-1	0	0
14	7500001	-1	-1	-1	0	0
14	8000001	-1	-1	-1	0	0
14	8500001	-1	-1	-1	0	0
14	9000001	-1	-1	-1	0	0
14	9500001	-1	-1	-1	0	0
14	10000001	-1	-1	-1	0	0
14	10500001	-1	-1	-1	0	0
14	11000001	-1	-1	-1	0	0
14	11500001	-1	-1	-1	0	0
14	12000001	-1	-1	-1	0	0
14	12500001	-1	-1	-1	0	0
14	13000001	-1	-1	-1	0	0
14	13500001	-1	-1	-1	0	0
14	14000001	-1	-1	-1	0	0
14	14500001	-1	-1	-1	0	0
14	15000001	-1	-1	-1	0	0
14	15500001	-1	-1	-1	0	0
14	16000001	0.466373	0.533127	2	0	0
14	16500001	0.59988	0.533127	2	0	0
14	17000001	0.820766	0.858772	3	0	0
14	17500001	0.896778	0.858772	3	0	0
14	18000001	1.15846	1.15846	3	0	0
14	18500001	-1	-1	-1	0	0
14	19000001	1.86585	1.86585	6	0	0
14	19500001	-1	-1	-1	0	0
14	20000001	0.933538	0.99652	3	0	0
14	20500001	1.00546	0.99652	3	0	0
14	21000001	0.980914	0.99652	3	0	0
14	21500001	0.9959	0.99652	3	0	0
14	22000001	1.04963	0.99652	3	0	0
14	22500001	1.04191	0.99652	3	0	0
14	23000001	1.04934	0.99652	3	0	0
14	23500001	1.04182	0.99652	3	0	0
14	24000001	1.05353	0.99652	3	0	0
14	24500001	1.04023	0.99652	3	0	0
14	25000001	0.951332	0.99652	3	0	0
14	25500001	0.986544	0.99652	3	0	0
14	26000001	0.968999	0.99652	3	0	0
14	26500001	0.990407	0.99652	3	0	0
14	27000001	1.03632	0.99652	3	0	0
14	27500001	1.00288	0.99652	3	0	0
14	28000001	1.00971	0.99652	3	0	0
14	28500001	1.00214	0.99652	3	0	0
14	29000001	0.953232	0.99652	3	0	0
14	29500001	0.960271	0.99652	3	0	0
14	30000001	1.00335	0.99652	3	0	0
14	30500001	1.01551	0.99652	3	0	0
14	31000001	0.935941	0.99652	3	0	0
14	31500001	1.03928	0.99652	3	0	0
14	32000001	1.02221	0.99652	3	0	0
14	32500001	1.0089	0.99652	3	0	0
14	33000001	0.9858	0.99652	3	0	0
14	33500001	0.974536	0.99652	3	0	0
14	34000001	1.03928	0.99652	3	0	0
14	34500001	0.940851	0.99652	3	0	0
14	35000001	0.989933	0.99652	3	0	0
14	35500001	1.02615	0.99652	3	0	0
14	36000001	1.01111	0.99652	3	0	0
14	36500001	0.969965	0.99652	3	0	0
14	37000001	0.981575	0.99652	3	0	0
14	37500001	0.99652	0.99652	3	0	0
14	38000001	0.973746	0.99652	3	0	0
14	38500001	1.02254	0.99652	3	0	0
14	39000001	1.03154	0.99652	3	0	0
14	39500001	1.05189	0.99652	3	0	0
14	40000001	0.989961	0.99652	3	0	0
14	40500001	0.991036	0.99652	3	0	0
14	41000001	0.996076	0.99652	3	0	0
14	41500001	0.99202	0.99652	3	0	0
14	42000001	0.961894	0.99652	3	0	0
14	42500001	1.0285	0.99652	3	0	0
14	43000001	1.03345	0.99652	3	0	0
14	43500001	0.96609	0.99652	3	0	0
14	44000001	0.9745	0.99652	3	0	0
14	44500001	0.983629	0.99652	3	0	0
14	45000001	0.994589	0.99652	3	0	0
14	45500001	1.01988	0.99652	3	0	0
14	46000001	1.01285	0.99652	3	0	0
14	46500001	1.17122	1.17122	4	0	0
14	47000001	1.27828	1.33691	4	0	0
14	47500001	1.32614	1.33691	4	0	0
14	48000001	1.32799	1.33691	4	0	0
14	48500001	1.35851	1.33691	4	0	0
14	49000001	1.38521	1.33691	4	0	0
14	49500001	1.33691	1.33691	4	0	0
14	50000001	1.30096	1.33691	4	0	0
14	50500001	1.32726	1.33691	4	0	0
14	51000001	1.36184	1.33691	4	0	0
14	51500001	1.34817	1.33691	4	0	0
14	52000001	1.35278	1.33691	4	0	0
14	52500001	1.32566	1.33691	4	0	0
14	53000001	1.34645	1.33691	4	0	0
14	53500001	1.35904	1.33691	4	0	0
14	54000001	1.34815	1.33691	4	0	0
14	54500001	1.34417	1.33691	4	0	0
14	55000001	1.3057	1.33691	4	0	0
14	55500001	1.31191	1.33691	4	0	0
14	56000001	1.29473	1.33691	4	0	0
14	56500001	1.22482	1.20101	4	0	0
14	57000001	1.2057	1.20101	4	0	0
14	57500001	1.08795	1.20101	4	0	0
14	58000001	1.19633	1.20101	4	0	0
14	58500001	1.35584	1.38436	4	0	0
14	59000001	1.41288	1.38436	4	0	0
14	59500001	1.06808	0.994246	3	0	0
14	60000001	0.996992	0.994246	3	0	0
14	60500001	1.01127	0.994246	3	0	0
14	61000001	1.05485	0.994246	3	0	0
14	61500001	1.04533	0.994246	3	0	0
14	62000001	1.06739	0.994246	3	0	0
14	62500001	0.991878	0.994246	3	0	0
14	63000001	0.936938	0.994246	3	0	0
14	63500001	0.953107	0.994246	3	0	0
14	64000001	0.986145	0.994246	3	0	0
14	64500001	1.01292	0.994246	3	0	0
14	65000001	0.953734	0.994246	3	0	0
14	65500001	1.02293	0.994246	3	0	0
14	66000001	0.985631	0.994246	3	0	0
14	66500001	1.04529	0.994246	3	0	0
14	67000001	1.01459	0.994246	3	0	0
14	67500001	1.02609	0.994246	3	0	0
14	68000001	1.03957	0.994246	3	0	0
14	68500001	1.03564	0.994246	3	0	0
14	69000001	1.03472	0.994246	3	0	0
14	69500001	0.99864	0.994246	3	0	0
14	70000001	1.02936	0.994246	3	0	0
14	70500001	0.982361	0.994246	3	0	0
14	71000001	0.994032	0.994246	3	0	0
14	71500001	0.972737	0.994246	3	0	0
14	72000001	1.06035	0.994246	3	0	0
14	72500001	1.0074	0.994246	3	0	0
14	73000001	0.958725	0.994246	3	0	0
14	73500001	0.99413	0.994246	3	0	0
14	74000001	0.974545	0.994246	3	0	0
14	74500001	1.00708	0.994246	3	0	0
14	75000001	1.00913	0.994246	3	0	0
14	75500001	0.992202	0.994246	3	0	0
14	76000001	1.00906	0.994246	3	0	0
14	76500001	1.02377	0.994246	3	0	0
14	77000001	0.990672	0.994246	3	0	0
14	77500001	0.957479	0.994246	3	0	0
14	78000001	0.973229	0.994246	3	0	0
14	78500001	0.956939	0.994246	3	0	0
14	79000001	0.99758	0.994246	3	0	0
14	79500001	0.99359	0.994246	3	0	0
14	80000001	0.972763	0.994246	3	0	0
14	80500001	1.01377	0.994246	3	0	0
14	81000001	0.985194	0.994246	3	0	0
14	81500001	1.01242	0.994246	3	0	0
14	82000001	0.938024	0.994246	3	0	0
14	82500001	1.00522	0.994246	3	0	0
14	83000001	0.994366	0.994246	3	0	0
14	83500001	0.994362	0.994246	3	0	0
14	84000001	0.957116	0.994246	3	0	0
14	84500001	1.00114	0.994246	3	0	0
14	85000001	0.982611	0.994246	3	0	0
14	85500001	0.978958	0.994246	3	0	0
14	86000001	0.948455	0.994246	3	0	0
14	86500001	0.995443	0.994246	3	0	0
14	87000001	0.991172	0.994246	3	0	0
14	87500001	0.962577	0.994246	3	0	0
14	88000001	1.00466	0.994246	3	0	0
14	88500001	0.947312	0.994246	3	0	0
14	89000001	0.994634	0.994246	3	0	0
14	89500001	0.984703	0.994246	3	0	0
14	90000001	0.999637	0.994246	3	0	0
14	90500001	1.00626	0.994246	3	0	0
14	91000001	0.967259	0.994246	3	0	0
14	91500001	0.976591	0.994246	3	0	0
14	92000001	0.969613	0.994246	3	0	0
14	92500001	1.02931	0.994246	3	0	0
14	93000001	0.96285	0.994246	3	0	0
14	93500001	1.02506	0.994246	3	0	0
14	94000001	1.03918	0.994246	3	0	0
14	94500001	0.967273	0.994246	3	0	0
14	95000001	0.998604	0.994246	3	0	0
14	95500001	1.00877	0.994246	3	0	0
14	96000001	0.983377	0.994246	3	0	0
14	96500001	0.94592	0.994246	3	0	0
14	97000001	0.988277	0.994246	3	0	0
14	97500001	0.962418	0.994246	3	0	0
14	98000001	0.946886	0.994246	3	0	0
14	98500001	0.965923	0.994246	3	0	0
14	99000001	0.994369	0.994246	3	0	0
14	99500001	1.01266	0.994246	3	0	0
14	100000001	0.967342	0.994246	3	0	0
14	100500001	0.974533	0.994246	3	0	0
14	101000001	1.00118	0.994246	3	0	0
14	101500001	0.99181	0.994246	3	0	0
14	102000001	1.01211	0.994246	3	0	0
14	102500001	0.945385	0.994246	3	0	0
14	103000001	0.961896	0.994246	3	0	0
14	103500001	0.924678	0.994246	3	0	0
14	104000001	0.997447	0.994246	3	0	0
14	104500001	1.00921	0.994246	3	0	0
14	105000001	0.971431	0.994246	3	0	0
14	105500001	1.02076	0.994246	3	0	0
14	106000001	1.048	0.994246	3	0	0
14	106500001	-1	-1	-1	0	0
14	107000001	-1	-1	-1	0	0
15	1	-1	-1	-1	0	0
15	500001	-1	-1	-1	0	0
15	1000001	-1	-1	-1	0	0
15	1500001	-1	-1	-1	0	0
15	2000001	-1	-1	-1	0	0
15	2500001	-1	-1	-1	0	0
15	3000001	-1	-1	-1	0	0
15	3500001	-1	-1	-1	0	0
15	4000001	-1	-1	-1	0	0
15	4500001	-1	-1	-1	0	0
15	5000001	-1	-1	-1	0	0
15	5500001	-1	-1	-1	0	0
15	6000001	-1	-1	-1	0	0
15	6500001	-1	-1	-1	0	0
15	7000001	-1	-1	-1	0	0
15	7500001	-1	-1	-1	0	0
15	8000001	-1	-1	-1	0	0
15	8500001	-1	-1	-1	0	0
15	9000001	-1	-1	-1	0	0
15	9500001	-1	-1	-1	0	0
15	10000001	-1	-1	-1	0	0
15	10500001	-1	-1	-1	0	0
15	11000001	-1	-1	-1	0	0
15	11500001	-1	-1	-1	0	0
15	12000001	-1	-1	-1	0	0
15	12500001	-1	-1	-1	0	0
15	13000001	-1	-1	-1	0	0
15	13500001	-1	-1	-1	0	0
15	14000001	-1	-1	-1	0	0
15	14500001	-1	-1	-1	0	0
15	15000001	-1	-1	-1	0	0
15	15500001	-1	-1	-1	0	0
15	16000001	-1	-1	-1	0	0
15	16500001	-1	-1	-1	0	0
15	17000001	0.587473	0.584773	2	0	0
15	17500001	0.582073	0.584773	2	0	0
15	18000001	0.790677	0.790677	2	0	0
15	18500001	1.12047	1.07233	3	0	0
15	19000001	1.07233	1.07233	3	0	0
15	19500001	0.968248	1.07233	3	0	0
15	20000001	1.37739	1.37739	4	0	0
15	20500001	0.914719	0.866656	3	0	0
15	21000001	0.818594	0.866656	3	0	0
15	21500001	0.319209	0.319209	1	0	0
15	22000001	0.540492	0.68611	2	0	0
15	22500001	0.642832	0.68611	2	0	0
15	23000001	0.70253	0.68611	2	0	0
15	23500001	0.647934	0.68611	2	0	0
15	24000001	0.805696	0.68611	2	0	0
15	24500001	0.697941	0.68611	2	0	0
15	25000001	0.631927	0.68611	2	0	0
15	25500001	0.616549	0.68611	2	0	0
15	26000001	0.632264	0.68611	2	0	0
15	26500001	0.654422	0.68611	2	0	0
15	27000001	0.638583	0.68611	2	0	0
15	27500001	0.623738	0.68611	2	0	0
15	28000001	0.643646	0.68611	2	0	0
15	28500001	0.649489	0.68611	2	0	0
15	29000001	0.635082	0.68611	2	0	0
15	29500001	0.686783	0.68611	2	0	0
15	30000001	0.650452	0.68611	2	0	0
15	30500001	0.691223	0.68611	2	0	0
15	31000001	0.633725	0.68611	2	0	0
15	31500001	0.670925	0.68611	2	0	0
15	32000001	0.61107	0.68611	2	0	0
15	32500001	0.652394	0.68611	2	0	0
15	33000001	0.71833	0.68611	2	0	0
15	33500001	0.687808	0.68611	2	0	0
15	34000001	0.648723	0.68611	2	0	0
15	34500001	0.659629	0.68611	2	0	0
15	35000001	0.688949	0.68611	2	0	0
15	35500001	0.667285	0.68611	2	0	0
15	36000001	0.6965	0.68611	2	0	0
15	36500001	0.67099	0.68611	2	0	0
15	37000001	0.636728	0.68611	2	0	0
15	37500001	0.72196	0.68611	2	0	0
15	38000001	0.67018	0.68611	2	0	0
15	38500001	0.711936	0.68611	2	0	0
15	39000001	0.688653	0.68611	2	0	0
15	39500001	0.679509	0.68611	2	0	0
15	40000001	0.685019	0.68611	2	0	0
15	40500001	0.650852	0.68611	2	0	0
15	41000001	0.633272	0.68611	2	0	0
15	41500001	0.666761	0.68611	2	0	0
15	42000001	0.664607	0.68611	2	0	0
15	42500001	0.64416	0.68611	2	0	0
15	43000001	0.684752	0.68611	2	0	0
15	43500001	0.649616	0.68611	2	0	0
15	44000001	0.689166	0.68611	2	0	0
15	44500001	0.711642	0.68611	2	0	0
15	45000001	0.663506	0.68611	2	0	0
15	45500001	0.69657	0.68611	2	0	0
15	46000001	0.669957	0.68611	2	0	0
15	46500001	0.703327	0.68611	2	0	0
15	47000001	0.694824	0.68611	2	0	0
15	47500001	0.678035	0.68611	2	0	0
15	48000001	0.716403	0.68611	2	0	0
15	48500001	0.704954	0.68611	2	0	0
15	49000001	0.70532	0.68611	2	0	0
15	49500001	0.68967	0.68611	2	0	0
15	50000001	0.666612	0.68611	2	0	0
15	50500001	0.659596	0.68611	2	0	0
15	51000001	0.689635	0.68611	2	0	0
15	51500001	0.721808	0.68611	2	0	0
15	52000001	0.683437	0.68611	2	0	0
15	52500001	0.699507	0.68611	2	0	0
15	53000001	0.683406	0.68611	2	0	0
15	53500001	0.675384	0.68611	2	0	0
15	54000001	0.699279	0.68611	2	0	0
15	54500001	0.729995	0.68611	2	0	0
15	55000001	0.688425	0.68611	2	0	0
15	55500001	0.709118	0.68611	2	0	0
15	56000001	0.732344	0.68611	2	0	0
15	56500001	0.697652	0.68611	2	0	0
15	57000001	0.673533	0.68611	2	0	0
15	57500001	0.699562	0.68611	2	0	0
15	58000001	0.693433	0.68611	2	0	0
15	58500001	0.68091	0.68611	2	0	0
15	59000001	0.679317	0.68611	2	0	0
15	59500001	0.666598	0.68611	2	0	0
15	60000001	0.704189	0.68611	2	0	0
15	60500001	0.685879	0.68611	2	0	0
15	61000001	0.639108	0.68611	2	0	0
15	61500001	0.684619	0.68611	2	0	0
15	62000001	0.681768	0.68611	2	0	0
15	62500001	0.716055	0.68611	2	0	0
15	63000001	0.704047	0.68611	2	0	0
15	63500001	0.71084	0.68611	2	0	0
15	64000001	0.699623	0.68611	2	0	0
15	64500001	0.677117	0.68611	2	0	0
15	65000001	0.686341	0.68611	2	0	0
15	65500001	0.698807	0.68611	2	0	0
15	66000001	0.671356	0.68611	2	0	0
15	66500001	0.723066	0.68611	2	0	0
15	67000001	0.720647	0.68611	2	0	0
15	67500001	0.677263	0.68611	2	0	0
15	68000001	0.672102	0.68611	2	0	0
15	68500001	0.661956	0.68611	2	0	0
15	69000001	0.687238	0.68611	2	0	0
15	69500001	0.726493	0.68611	2	0	0
15	70000001	0.715632	0.68611	2	0	0
15	70500001	0.729186	0.68611	2	0	0
15	71000001	0.69904	0.68611	2	0	0
15	71500001	0.727063	0.68611	2	0	0
15	72000001	0.670378	0.68611	2	0	0
15	72500001	0.667946	0.68611	2	0	0
15	73000001	0.651616	0.68611	2	0	0
15	73500001	0.702626	0.68611	2	0	0
15	74000001	0.724795	0.68611	2	0	0
15	74500001	0.733188	0.68611	2	0	0
15	75000001	0.721373	0.68611	2	0	0
15	75500001	0.678877	0.68611	2	0	0
15	76000001	0.674586	0.68611	2	0	0
15	76500001	0.675669	0.68611	2	0	0
15	77000001	0.66589	0.68611	2	0	0
15	77500001	0.720004	0.68611	2	0	0
15	78000001	0.682747	0.68611	2	0	0
15	78500001	0.686628	0.68611	2	0	0
15	79000001	0.695716	0.68611	2	0	0
15	79500001	0.697667	0.68611	2	0	0
15	80000001	0.728373	0.68611	2	0	0
15	80500001	0.71764	0.68611	2	0	0
15	81000001	0.733278	0.68611	2	0	0
15	81500001	0.679837	0.68611	2	0	0
15	82000001	0.72592	0.68611	2	0	0
15	82500001	0.717714	0.68611	2	0	0
15	83000001	0.654683	0.68611	2	0	0
15	83500001	0.678773	0.68611	2	0	0
15	84000001	0.662005	0.68611	2	0	0
15	84500001	0.690849	0.68611	2	0	0
15	85000001	0.738366	0.68611	2	0	0
15	85500001	0.706753	0.68611	2	0	0
15	86000001	0.677347	0.68611	2	0	0
15	86500001	0.657096	0.68611	2	0	0
15	87000001	0.70072	0.68611	2	0	0
15	87500001	0.706476	0.68611	2	0	0
15	88000001	0.672393	0.68611	2	0	0
15	88500001	0.702389	0.68611	2	0	0
15	89000001	0.697396	0.68611	2	0	0
15	89500001	0.651976	0.68611	2	0	0
15	90000001	0.700727	0.68611	2	0	0
15	90500001	0.68524	0.68611	2	0	0
15	91000001	0.669409	0.68611	2	0	0
15	91500001	0.694026	0.68611	2	0	0
15	92000001	0.712477	0.68611	2	0	0
15	92500001	0.699075	0.68611	2	0	0
15	93000001	0.662733	0.68611	2	0	0
15	93500001	0.670412	0.68611	2	0	0
15	94000001	0.659205	0.68611	2	0	0
15	94500001	0.648548	0.68611	2	0	0
15	95000001	0.686992	0.68611	2	0	0
15	95500001	0.691244	0.68611	2	0	0
15	96000001	0.702079	0.68611	2	0	0
15	96500001	0.688159	0.68611	2	0	0
15	97000001	0.636584	0.68611	2	0	0
15	97500001	0.662922	0.68611	2	0	0
15	98000001	0.633294	0.68611	2	0	0
15	98500001	0.661147	0.68611	2	0	0
15	99000001	0.663011	0.68611	2	0	0
15	99500001	0.699112	0.68611	2	0	0
15	100000001	0.687448	0.68611	2	0	0
15	100500001	0.702054	0.68611	2	0	0
15	101000001	0.688621	0.68611	2	0	0
15	101500001	0.845524	0.68611	2	0	0
16	1	0.693154	0.660895	2	0	0
16	500001	0.65951	0.660895	2	0	0
16	1000001	0.634816	0.660895	2	0	0
16	1500001	0.67878	0.660895	2	0	0
16	2000001	0.677599	0.660895	2	0	0
16	2500001	0.665914	0.660895	2	0	0
16	3000001	0.683723	0.660895	2	0	0
16	3500001	0.642495	0.660895	2	0	0
16	4000001	0.710494	0.660895	2	0	0
16	4500001	0.650434	0.660895	2	0	0
16	5000001	0.696964	0.660895	2	0	0
16	5500001	0.653736	0.660895	2	0	0
16	6000001	0.622612	0.660895	2	0	0
16	6500001	0.647981	0.660895	2	0	0
16	7000001	0.639634	0.660895	2	0	0
16	7500001	0.634456	0.660895	2	0	0
16	8000001	0.705878	0.660895	2	0	0
16	8500001	0.662432	0.660895	2	0	0
16	9000001	0.655057	0.660895	2	0	0
16	9500001	0.652893	0.660895	2	0	0
16	10000001	0.634839	0.660895	2	0	0
16	10500001	0.686455	0.660895	2	0	0
16	11000001	0.672876	0.660895	2	0	0
16	11500001	0.642413	0.660895	2	0	0
16	12000001	0.670821	0.660895	2	0	0
16	12500001	0.644395	0.660895	2	0	0
16	13000001	0.64952	0.660895	2	0	0
16	13500001	0.660813	0.660895	2	0	0
16	14000001	0.660977	0.660895	2	0	0
16	14500001	0.709073	0.660895	2	0	0
16	15000001	0.697845	0.660895	2	0	0
16	15500001	0.655928	0.660895	2	0	0
16	16000001	0.753871	0.660895	2	0	0
16	16500001	0.667098	0.660895	2	0	0
16	17000001	0.628806	0.660895	2	0	0
16	17500001	0.636971	0.660895	2	0	0
16	18000001	0.632513	0.660895	2	0	0
16	18500001	0.65611	0.660895	2	0	0
16	19000001	0.682386	0.660895	2	0	0
16	19500001	0.62745	0.660895	2	0	0
16	20000001	0.702603	0.660895	2	0	0
16	20500001	0.679103	0.660895	2	0	0
16	21000001	0.70188	0.660895	2	0	0
16	21500001	0.783382	0.660895	2	0	0
16	22000001	0.697188	0.660895	2	0	0
16	22500001	0.864062	0.660895	2	0	0
16	23000001	0.649215	0.660895	2	0	0
16	23500001	0.660169	0.660895	2	0	0
16	24000001	0.691726	0.660895	2	0	0
16	24500001	0.651852	0.660895	2	0	0
16	25000001	0.652785	0.660895	2	0	0
16	25500001	0.665751	0.660895	2	0	0
16	26000001	0.66877	0.660895	2	0	0
16	26500001	0.644065	0.660895	2	0	0
16	27000001	0.674812	0.660895	2	0	0
16	27500001	0.6936	0.660895	2	0	0
16	28000001	0.653515	0.660895	2	0	0
16	28500001	0.647381	0.660895	2	0	0
16	29000001	0.656245	0.660895	2	0	0
16	29500001	0.693262	0.660895	2	0	0
16	30000001	0.694069	0.660895	2	0	0
16	30500001	0.641717	0.660895	2	0	0
16	31000001	0.653687	0.660895	2	0	0
16	31500001	0.664976	0.660895	2	0	0
16	32000001	0.58243	0.580464	2	0	0
16	32500001	0.578497	0.580464	2	0	0
16	33000001	-1	0.580464	2	0	0
16	33500001	0.559635	0.580464	2	0	0
16	34000001	0.706853	0.580464	2	0	0
16	34500001	2.7162	2.7162	8	0	0
16	35000001	0.587588	0.670548	2	0	0
16	35500001	0.670548	0.670548	2	0	0
16	36000001	0.688739	0.670548	2	0	0
16	36500001	0.471861	0.433694	1	0	0
16	37000001	0.425727	0.433694	1	0	0
16	37500001	0.433694	0.433694	1	0	0
16	38000001	-1	-1	-1	0	0
16	38500001	-1	-1	-1	0	0
16	39000001	-1	-1	-1	0	0
16	39500001	-1	-1	-1	0	0
16	40000001	-1	-1	-1	0	0
16	40500001	-1	-1	-1	0	0
16	41000001	-1	-1	-1	0	0
16	41500001	-1	-1	-1	0	0
16	42000001	-1	-1	-1	0	0
16	42500001	-1	-1	-1	0	0
16	43000001	-1	-1	-1	0	0
16	43500001	-1	-1	-1	0	0
16	44000001	-1	-1	-1	0	0
16	44500001	-1	-1	-1	0	0
16	45000001	-1	-1	-1	0	0
16	45500001	-1	-1	-1	0	0
16	46000001	-1	-1	-1	0	0
16	46500001	0.689714	0.662797	2	0	0
16	47000001	0.650703	0.662797	2	0	0
16	47500001	0.678105	0.662797	2	0	0
16	48000001	0.649389	0.662797	2	0	0
16	48500001	0.67534	0.662797	2	0	0
16	49000001	0.662797	0.662797	2	0	0
16	49500001	0.660287	0.662797	2	0	0
16	50000001	0.660923	0.662797	2	0	0
16	50500001	0.651673	0.662797	2	0	0
16	51000001	0.649583	0.662797	2	0	0
16	51500001	0.603394	0.662797	2	0	0
16	52000001	0.673535	0.662797	2	0	0
16	52500001	0.662672	0.662797	2	0	0
16	53000001	0.682822	0.662797	2	0	0
16	53500001	0.668377	0.662797	2	0	0
16	54000001	0.651535	0.662797	2	0	0
16	54500001	0.655491	0.662797	2	0	0
16	55000001	0.679915	0.662797	2	0	0
16	55500001	0.709214	0.662797	2	0	0
16	56000001	0.660446	0.662797	2	0	0
16	56500001	0.68239	0.662797	2	0	0
16	57000001	0.651423	0.662797	2	0	0
16	57500001	0.704508	0.662797	2	0	0
16	58000001	0.658942	0.662797	2	0	0
16	58500001	0.639067	0.662797	2	0	0
16	59000001	0.655864	0.662797	2	0	0
16	59500001	0.625524	0.662797	2	0	0
16	60000001	0.625846	0.662797	2	0	0
16	60500001	0.673486	0.662797	2	0	0
16	61000001	0.66204	0.662797	2	0	0
16	61500001	0.656441	0.662797	2	0	0
16	62000001	0.6083	0.662797	2	0	0
16	62500001	0.653539	0.662797	2	0	0
16	63000001	0.656848	0.662797	2	0	0
16	63500001	0.664854	0.662797	2	0	0
16	64000001	0.639798	0.662797	2	0	0
16	64500001	0.640547	0.662797	2	0	0
16	65000001	0.670355	0.662797	2	0	0
16	65500001	0.698052	0.662797	2	0	0
16	66000001	0.661124	0.662797	2	0	0
16	66500001	0.669135	0.662797	2	0	0
16	67000001	0.703335	0.662797	2	0	0
16	67500001	0.685458	0.662797	2	0	0
16	68000001	0.661641	0.662797	2	0	0
16	68500001	0.663983	0.662797	2	0	0
16	69000001	0.664196	0.662797	2	0	0
16	69500001	0.637892	0.662797	2	0	0
16	70000001	0.640003	0.662797	2	0	0
16	70500001	0.702491	0.662797	2	0	0
16	71000001	0.704687	0.662797	2	0	0
16	71500001	0.697284	0.662797	2	0	0
16	72000001	0.670426	0.662797	2	0	0
16	72500001	0.631014	0.662797	2	0	0
16	73000001	0.666628	0.662797	2	0	0
16	73500001	0.635125	0.662797	2	0	0
16	74000001	0.663982	0.662797	2	0	0
16	74500001	0.654964	0.662797	2	0	0
16	75000001	0.62288	0.662797	2	0	0
16	75500001	0.664707	0.662797	2	0	0
16	76000001	0.680937	0.662797	2	0	0
16	76500001	0.660724	0.662797	2	0	0
16	77000001	0.675347	0.662797	2	0	0
16	77500001	0.635027	0.662797	2	0	0
16	78000001	0.514139	0.662797	2	0	0
16	78500001	0.629277	0.662797	2	0	0
16	79000001	0.625612	0.662797	2	0	0
16	79500001	0.665715	0.662797	2	0	0
16	80000001	0.678283	0.662797	2	0	0
16	80500001	0.64629	0.662797	2	0	0
16	81000001	0.657069	0.662797	2	0	0
16	81500001	0.669279	0.662797	2	0	0
16	82000001	0.685983	0.662797	2	0	0
16	82500001	0.672775	0.662797	2	0	0
16	83000001	0.669367	0.662797	2	0	0
16	83500001	0.678109	0.662797	2	0	0
16	84000001	0.667221	0.662797	2	0	0
16	84500001	0.674136	0.662797	2	0	0
16	85000001	0.681075	0.662797	2	0	0
16	85500001	0.701254	0.662797	2	0	0
16	86000001	0.666578	0.662797	2	0	0
16	86500001	0.659889	0.662797	2	0	0
16	87000001	0.660682	0.662797	2	0	0
16	87500001	0.687442	0.662797	2	0	0
16	88000001	0.65297	0.662797	2	0	0
16	88500001	0.686324	0.662797	2	0	0
16	89000001	0.660813	0.662797	2	0	0
16	89500001	0.671024	0.662797	2	0	0
16	90000001	-1	-1	-1	0	0
17	1	-1	-1	-1	0	0
17	500001	0.998594	0.986527	3	0	0
17	1000001	1.01891	0.986527	3	0	0
17	1500001	0.990864	0.986527	3	0	0
17	2000001	0.977366	0.986527	3	0	0
17	2500001	0.984434	0.986527	3	0	0
17	3000001	1.0023	0.986527	3	0	0
17	3500001	0.95892	0.986527	3	0	0
17	4000001	0.950264	0.986527	3	0	0
17	4500001	1.02148	0.986527	3	0	0
17	5000001	0.924488	0.986527	3	0	0
17	5500001	0.992163	0.986527	3	0	0
17	6000001	1.03231	0.986527	3	0	0
17	6500001	0.994407	0.986527	3	0	0
17	7000001	0.986527	0.986527	3	0	0
17	7500001	0.999427	0.986527	3	0	0
17	8000001	0.992083	0.986527	3	0	0
17	8500001	0.951724	0.986527	3	0	0
17	9000001	0.959002	0.986527	3	0	0
17	9500001	0.946176	0.986527	3	0	0
17	10000001	0.916654	0.986527	3	0	0
17	10500001	0.986292	0.986527	3	0	0
17	11000001	0.943732	0.986527	3	0	0
17	11500001	0.977076	0.986527	3	0	0
17	12000001	0.975985	0.986527	3	0	0
17	12500001	0.957008	0.986527	3	0	0
17	13000001	0.978725	0.986527	3	0	0
17	13500001	0.972602	0.986527	3	0	0
17	14000001	1.00496	0.986527	3	0	0
17	14500001	1.02372	0.986527	3	0	0
17	15000001	1.01244	0.986527	3	0	0
17	15500001	0.983856	0.986527	3	0	0
17	16000001	0.997375	0.986527	3	0	0
17	16500001	1.00417	0.986527	3	0	0
17	17000001	1.02679	0.986527	3	0	0
17	17500001	1.02202	0.986527	3	0	0
17	18000001	1.03718	0.986527	3	0	0
17	18500001	0.976923	0.986527	3	0	0
17	19000001	1.03478	0.986527	3	0	0
17	19500001	1.02658	0.986527	3	0	0
17	20000001	0.985078	0.986527	3	0	0
17	20500001	0.962334	0.986527	3	0	0
17	21000001	1.09573	1.09573	3	0	0
17	21500001	1.39354	1.09573	3	0	0
17	22000001	1.08568	1.09573	3	0	0
17	22500001	1.19692	1.09573	3	0	0
17	23000001	0.962202	1.09573	3	0	0
17	23500001	0.406389	0.45816	1	0	0
17	24000001	0.540965	0.45816	1	0	0
17	24500001	0.397912	0.45816	1	0	0
17	25000001	0.678331	0.45816	1	0	0
17	25500001	0.509932	0.45816	1	0	0
17	26000001	0.250275	0.45816	1	0	0
17	26500001	3.467	3.467	10	0	0
17	27000001	1.01934	0.996321	3	0	0
17	27500001	1.04604	0.996321	3	0	0
17	28000001	1.00701	0.996321	3	0	0
17	28500001	1.02937	0.996321	3	0	0
17	29000001	0.956592	0.996321	3	0	0
17	29500001	0.987121	0.996321	3	0	0
17	30000001	0.993436	0.996321	3	0	0
17	30500001	0.977366	0.996321	3	0	0
17	31000001	0.948106	0.996321	3	0	0
17	31500001	1.00869	0.996321	3	0	0
17	32000001	0.935027	0.996321	3	0	0
17	32500001	0.971206	0.996321	3	0	0
17	33000001	1.05101	0.996321	3	0	0
17	33500001	0.98206	0.996321	3	0	0
17	34000001	0.970219	0.996321	3	0	0
17	34500001	1.02443	0.996321	3	0	0
17	35000001	1.00511	0.996321	3	0	0
17	35500001	0.973396	0.996321	3	0	0
17	36000001	0.974883	0.996321	3	0	0
17	36500001	0.952248	0.996321	3	0	0
17	37000001	0.952127	0.996321	3	0	0
17	37500001	0.959775	0.996321	3	0	0
17	38000001	0.784578	0.996321	3	0	0
17	38500001	0.97717	0.996321	3	0	0
17	39000001	0.98231	0.996321	3	0	0
17	39500001	1.04171	0.996321	3	0	0
17	40000001	1.05043	0.996321	3	0	0
17	40500001	1.05058	0.996321	3	0	0
17	41000001	1.00398	0.996321	3	0	0
17	41500001	1.00747	0.996321	3	0	0
17	42000001	0.980213	0.996321	3	0	0
17	42500001	0.992496	0.996321	3	0	0
17	43000001	1.0276	0.996321	3	0	0
17	43500001	1.02117	0.996321	3	0	0
17	44000001	0.991916	0.996321	3	0	0
17	44500001	1.00828	0.996321	3	0	0
17	45000001	1.04796	0.996321	3	0	0
17	45500001	1.09795	0.996321	3	0	0
17	46000001	0.75617	0.996321	3	0	0
17	46500001	0.835167	0.996321	3	0	0
17	47000001	1.00133	0.996321	3	0	0
17	47500001	1.00958	0.996321	3	0	0
17	48000001	1.0399	0.996321	3	0	0
17	48500001	0.969011	0.996321	3	0	0
17	49000001	0.959139	0.996321	3	0	0
17	49500001	1.01168	0.996321	3	0	0
17	50000001	1.05093	0.996321	3	0	0
17	50500001	1.00332	0.996321	3	0	0
17	51000001	1.00779	0.996321	3	0	0
17	51500001	1.03021	0.996321	3	0	0
17	52000001	0.935846	0.996321	3	0	0
17	52500001	0.966362	0.996321	3	0	0
17	53000001	0.98508	0.996321	3	0	0
17	53500001	0.980966	0.996321	3	0	0
17	54000001	0.986566	0.996321	3	0	0
17	54500001	1.02497	0.996321	3	0	0
17	55000001	0.983768	0.996321	3	0	0
17	55500001	1.00495	0.996321	3	0	0
17	56000001	1.03644	0.996321	3	0	0
17	56500001	1.06754	0.996321	3	0	0
17	57000001	1.04079	0.996321	3	0	0
17	57500001	1.05052	0.996321	3	0	0
17	58000001	0.965943	0.996321	3	0	0
17	58500001	0.965913	0.996321	3	0	0
17	59000001	0.947298	0.996321	3	0	0
17	59500001	0.966762	0.996321	3	0	0
17	60000001	0.996321	0.996321	3	0	0
17	60500001	0.950401	0.996321	3	0	0
17	61000001	1.01925	0.996321	3	0	0
17	61500001	0.995291	0.996321	3	0	0
17	62000001	0.975003	0.996321	3	0	0
17	62500001	0.970052	0.996321	3	0	0
17	63000001	1.03852	0.996321	3	0	0
17	63500001	1.00907	0.996321	3	0	0
17	64000001	1.02055	0.996321	3	0	0
17	64500001	0.9968	0.996321	3	0	0
17	65000001	1.03315	0.996321	3	0	0
17	65500001	0.949768	0.996321	3	0	0
17	66000001	0.98513	0.996321	3	0	0
17	66500001	1.01349	0.996321	3	0	0
17	67000001	0.968612	0.996321	3	0	0
17	67500001	0.916189	0.996321	3	0	0
17	68000001	0.932136	0.996321	3	0	0
17	68500001	0.977616	0.996321	3	0	0
17	69000001	0.963835	0.996321	3	0	0
17	69500001	0.97371	0.996321	3	0	0
17	70000001	0.955899	0.996321	3	0	0
17	70500001	0.998414	0.996321	3	0	0
17	71000001	0.989398	0.996321	3	0	0
17	71500001	0.982806	0.996321	3	0	0
17	72000001	0.998166	0.996321	3	0	0
17	72500001	1.01997	0.996321	3	0	0
17	73000001	0.989106	0.996321	3	0	0
17	73500001	1.04748	0.996321	3	0	0
17	74000001	0.955883	0.996321	3	0	0
17	74500001	1.03477	0.996321	3	0	0
17	75000001	1.03873	0.996321	3	0	0
17	75500001	1.01674	0.996321	3	0	0
17	76000001	1.00739	0.996321	3	0	0
17	76500001	0.969097	0.996321	3	0	0
17	77000001	1.00878	0.996321	3	0	0
17	77500001	1.00823	0.996321	3	0	0
17	78000001	1.00041	0.996321	3	0	0
17	78500001	1.01188	0.996321	3	0	0
17	79000001	1.0918	0.996321	3	0	0
17	79500001	0.989439	0.996321	3	0	0
17	80000001	0.98298	0.996321	3	0	0
17	80500001	1.01975	0.996321	3	0	0
17	81000001	0.98221	0.996321	3	0	0
17	81500001	1.0283	0.996321	3	0	0
17	82000001	1.00016	0.996321	3	0	0
17	82500001	1.00092	0.996321	3	0	0
17	83000001	0.511946	0.996321	3	0	0
18	1	2.36172	2.36172	7	0	0
18	500001	0.991925	0.991925	3	0	0
18	1000001	0.978789	0.991925	3	0	0
18	1500001	1.01662	0.991925	3	0	0
18	2000001	1.01791	0.991925	3	0	0
18	2500001	0.971894	0.991925	3	0	0
18	3000001	0.96779	0.991925	3	0	0
18	3500001	1.02069	0.991925	3	0	0
18	4000001	1.05013	0.991925	3	0	0
18	4500001	0.987396	0.991925	3	0	0
18	5000001	0.952912	0.991925	3	0	0
18	5500001	0.944904	0.991925	3	0	0
18	6000001	0.934319	0.991925	3	0	0
18	6500001	0.948634	0.991925	3	0	0
18	7000001	0.994965	0.991925	3	0	0
18	7500001	1.01143	0.991925	3	0	0
18	8000001	1.00637	0.991925	3	0	0
18	8500001	1.00822	0.991925	3	0	0
18	9000001	1.00042	0.991925	3	0	0
18	9500001	1.00375	0.991925	3	0	0
18	10000001	1.01114	0.991925	3	0	0
18	10500001	0.961644	0.991925	3	0	0
18	11000001	0.94369	0.991925	3	0	0
18	11500001	0.966755	0.991925	3	0	0
18	12000001	0.988988	0.991925	3	0	0
18	12500001	1.00142	0.991925	3	0	0
18	13000001	1.02043	0.991925	3	0	0
18	13500001	0.973658	0.991925	3	0	0
18	14000001	1.00812	0.991925	3	0	0
18	14500001	0.982922	0.991925	3	0	0
18	15000001	1.17196	1.15713	3	0	0
18	15500001	1.14231	1.15713	3	0	0
18	16000001	1.52436	1.52436	5	0	0
18	16500001	1.32156	1.27288	4	0	0
18	17000001	1.32406	1.27288	4	0	0
18	17500001	1.22419	1.27288	4	0	0
18	18000001	1.17996	1.27288	4	0	0
18	18500001	1.05521	0.994239	3	0	0
18	19000001	1.07305	0.994239	3	0	0
18	19500001	0.92637	0.994239	3	0	0
18	20000001	1.02665	0.994239	3	0	0
18	20500001	0.875403	0.994239	3	0	0
18	21000001	0.954523	0.994239	3	0	0
18	21500001	0.974464	0.994239	3	0	0
18	22000001	0.991348	0.994239	3	0	0
18	22500001	0.991301	0.994239	3	0	0
18	23000001	1.0135	0.994239	3	0	0
18	23500001	1.01713	0.994239	3	0	0
18	24000001	0.973994	0.994239	3	0	0
18	24500001	0.968701	0.994239	3	0	0
18	25000001	1.0026	0.994239	3	0	0
18	25500001	0.953439	0.994239	3	0	0
18	26000001	0.980307	0.994239	3	0	0
18	26500001	0.958293	0.994239	3	0	0
18	27000001	0.968601	0.994239	3	0	0
18	27500001	1.01047	0.994239	3	0	0
18	28000001	1.00693	0.994239	3	0	0
18	28500001	1.03348	0.994239	3	0	0
18	29000001	1.02074	0.994239	3	0	0
18	29500001	1.05282	0.994239	3	0	0
18	30000001	1.01486	0.994239	3	0	0
18	30500001	0.994239	0.994239	3	0	0
18	31000001	0.968135	0.994239	3	0	0
18	31500001	0.943662	0.994239	3	0	0
18	32000001	0.954838	0.994239	3	0	0
18	32500001	0.941699	0.994239	3	0	0
18	33000001	0.945378	0.994239	3	0	0
18	33500001	0.997981	0.994239	3	0	0
18	34000001	0.980965	0.994239	3	0	0
18	34500001	1.0212	0.994239	3	0	0
18	35000001	1.00976	0.994239	3	0	0
18	35500001	1.01301	0.994239	3	0	0
18	36000001	1.01304	0.994239	3	0	0
18	36500001	1.03318	0.994239	3	0	0
18	37000001	1.27317	1.3086	4	0	0
18	37500001	1.28208	1.3086	4	0	0
18	38000001	1.3283	1.3086	4	0	0
18	38500001	1.31048	1.3086	4	0	0
18	39000001	1.35108	1.3086	4	0	0
18	39500001	1.29317	1.3086	4	0	0
18	40000001	1.32511	1.3086	4	0	0
18	40500001	1.33815	1.3086	4	0	0
18	41000001	1.30673	1.3086	4	0	0
18	41500001	1.32782	1.3086	4	0	0
18	42000001	1.31562	1.3086	4	0	0
18	42500001	1.29693	1.3086	4	0	0
18	43000001	1.30177	1.3086	4	0	0
18	43500001	1.28898	1.3086	4	0	0
18	44000001	1.28898	1.3086	4	0	0
18	44500001	1.30405	1.3086	4	0	0
18	45000001	1.35592	1.3086	4	0	0
18	45500001	1.40546	1.3086	4	0	0
18	46000001	1.15698	1.15698	3	0	0
18	46500001	0.692101	0.661713	2	0	0
18	47000001	0.745999	0.661713	2	0	0
18	47500001	0.666511	0.661713	2	0	0
18	48000001	0.681135	0.661713	2	0	0
18	48500001	0.690002	0.661713	2	0	0
18	49000001	0.688139	0.661713	2	0	0
18	49500001	0.69601	0.661713	2	0	0
18	50000001	0.66698	0.661713	2	0	0
18	50500001	0.663383	0.661713	2	0	0
18	51000001	0.632642	0.661713	2	0	0
18	51500001	0.663858	0.661713	2	0	0
18	52000001	0.654516	0.661713	2	0	0
18	52500001	0.647571	0.661713	2	0	0
18	53000001	0.64551	0.661713	2	0	0
18	53500001	0.655292	0.661713	2	0	0
18	54000001	0.675482	0.661713	2	0	0
18	54500001	0.655613	0.661713	2	0	0
18	55000001	0.642464	0.661713	2	0	0
18	55500001	0.676297	0.661713	2	0	0
18	56000001	0.646925	0.661713	2	0	0
18	56500001	0.655311	0.661713	2	0	0
18	57000001	0.674387	0.661713	2	0	0
18	57500001	0.664701	0.661713	2	0	0
18	58000001	0.675404	0.661713	2	0	0
18	58500001	0.629966	0.661713	2	0	0
18	59000001	0.698555	0.661713	2	0	0
18	59500001	0.669629	0.661713	2	0	0
18	60000001	0.702303	0.661713	2	0	0
18	60500001	0.663939	0.661713	2	0	0
18	61000001	0.668665	0.661713	2	0	0
18	61500001	0.634883	0.661713	2	0	0
18	62000001	0.675045	0.661713	2	0	0
18	62500001	0.661713	0.661713	2	0	0
18	63000001	0.639649	0.661713	2	0	0
18	63500001	0.67113	0.661713	2	0	0
18	64000001	0.652475	0.661713	2	0	0
18	64500001	0.658359	0.661713	2	0	0
18	65000001	0.64877	0.661713	2	0	0
18	65500001	0.65231	0.661713	2	0	0
18	66000001	0.65029	0.661713	2	0	0
18	66500001	0.684687	0.661713	2	0	0
18	67000001	0.638367	0.661713	2	0	0
18	67500001	0.675506	0.661713	2	0	0
18	68000001	0.660461	0.661713	2	0	0
18	68500001	0.653407	0.661713	2	0	0
18	69000001	0.71143	0.661713	2	0	0
18	69500001	0.662058	0.661713	2	0	0
18	70000001	0.66253	0.661713	2	0	0
18	70500001	0.688756	0.661713	2	0	0
18	71000001	0.670061	0.661713	2	0	0
18	71500001	0.631901	0.661713	2	0	0
18	72000001	0.681704	0.661713	2	0	0
18	72500001	0.623105	0.661713	2	0	0
18	73000001	0.656896	0.661713	2	0	0
18	73500001	0.633634	0.661713	2	0	0
18	74000001	0.642048	0.661713	2	0	0
18	74500001	0.630561	0.661713	2	0	0
18	75000001	0.624395	0.661713	2	0	0
18	75500001	0.616946	0.661713	2	0	0
18	76000001	0.671083	0.661713	2	0	0
18	76500001	0.634586	0.661713	2	0	0
18	77000001	0.630346	0.661713	2	0	0
18	77500001	0.636513	0.661713	2	0	0
18	78000001	0.669538	0.661713	2	0	0
18	78500001	0.633889	0.661713	2	0	0
18	79000001	0.649121	0.661713	2	0	0
18	79500001	0.669429	0.661713	2	0	0
18	80000001	-1	-1	-1	0	0
19	1	0.919065	0.975248	3	0	0
19	500001	0.985497	0.975248	3	0	0
19	1000001	0.998692	0.975248	3	0	0
19	1500001	0.950504	0.975248	3	0	0
19	2000001	0.986868	0.975248	3	0	0
19	2500001	1.00328	0.975248	3	0	0
19	3000001	0.978129	0.975248	3	0	0
19	3500001	0.969124	0.975248	3	0	0
19	4000001	0.984168	0.975248	3	0	0
19	4500001	0.983348	0.975248	3	0	0
19	5000001	0.991942	0.975248	3	0	0
19	5500001	0.9882	0.975248	3	0	0
19	6000001	0.978499	0.975248	3	0	0
19	6500001	0.907203	0.975248	3	0	0
19	7000001	0.962118	0.975248	3	0	0
19	7500001	0.960534	0.975248	3	0	0
19	8000001	0.923418	0.975248	3	0	0
19	8500001	1.33098	0.975248	3	0	0
19	9000001	0.925078	0.975248	3	0	0
19	9500001	0.930365	0.975248	3	0	0
19	10000001	0.963891	0.975248	3	0	0
19	10500001	0.953988	0.975248	3	0	0
19	11000001	0.976643	0.975248	3	0	0
19	11500001	0.964218	0.975248	3	0	0
19	12000001	0.921317	0.975248	3	0	0
19	12500001	0.981485	0.975248	3	0	0
19	13000001	0.998729	0.975248	3	0	0
19	13500001	0.980896	0.975248	3	0	0
19	14000001	0.968945	0.975248	3	0	0
19	14500001	0.966665	0.975248	3	0	0
19	15000001	0.986188	0.975248	3	0	0
19	15500001	1.0281	0.975248	3	0	0
19	16000001	1.05847	0.975248	3	0	0
19	16500001	1.00086	0.975248	3	0	0
19	17000001	0.967778	0.975248	3	0	0
19	17500001	0.955178	0.975248	3	0	0
19	18000001	0.990914	0.975248	3	0	0
19	18500001	1.02335	0.975248	3	0	0
19	19000001	1.02546	0.975248	3	0	0
19	19500001	0.973852	0.975248	3	0	0
19	20000001	0.927837	0.975248	3	0	0
19	20500001	0.951036	0.975248	3	0	0
19	21000001	0.945077	0.975248	3	0	0
19	21500001	0.991895	0.975248	3	0	0
19	22000001	0.966273	0.975248	3	0	0
19	22500001	0.922428	0.975248	3	0	0
19	23000001	0.986771	0.975248	3	0	0
19	23500001	0.924775	0.975248	3	0	0
19	24000001	1.23323	1.23323	4	0	0
19	24500001	1.00931	1.23323	4	0	0
19	25000001	1.26406	1.23323	4	0	0
19	25500001	1.46913	1.49854	4	0	0
19	26000001	1.52795	1.49854	4	0	0
19	26500001	2.05823	2.05823	6	0	0
19	27000001	2.83553	2.83553	9	0	0
19	27500001	1.03842	0.983793	3	0	0
19	28000001	0.972169	0.983793	3	0	0
19	28500001	0.992026	0.983793	3	0	0
19	29000001	1.00206	0.983793	3	0	0
19	29500001	0.953704	0.983793	3	0	0
19	30000001	0.965078	0.983793	3	0	0
19	30500001	0.938639	0.983793	3	0	0
19	31000001	0.961582	0.983793	3	0	0
19	31500001	0.97496	0.983793	3	0	0
19	32000001	0.965229	0.983793	3	0	0
19	32500001	0.946582	0.983793	3	0	0
19	33000001	1.01122	0.983793	3	0	0
19	33500001	0.991588	0.983793	3	0	0
19	34000001	1.00569	0.983793	3	0	0
19	34500001	1.01812	0.983793	3	0	0
19	35000001	0.995938	0.983793	3	0	0
19	35500001	0.978404	0.983793	3	0	0
19	36000001	1.1715	0.983793	3	0	0
19	36500001	0.980086	0.983793	3	0	0
19	37000001	1.01652	0.983793	3	0	0
19	37500001	0.996195	0.983793	3	0	0
19	38000001	0.986586	0.983793	3	0	0
19	38500001	0.983386	0.983793	3	0	0
19	39000001	0.970107	0.983793	3	0	0
19	39500001	1.0345	0.983793	3	0	0
19	40000001	0.963214	0.983793	3	0	0
19	40500001	1.03264	0.983793	3	0	0
19	41000001	1.04321	0.983793	3	0	0
19	41500001	1.01246	0.983793	3	0	0
19	42000001	0.990597	0.983793	3	0	0
19	42500001	0.983793	0.983793	3	0	0
19	43000001	1.04616	0.983793	3	0	0
19	43500001	1.02431	0.983793	3	0	0
19	44000001	1.03812	0.983793	3	0	0
19	44500001	0.996695	0.983793	3	0	0
19	45000001	1.03598	0.983793	3	0	0
19	45500001	1.01655	0.983793	3	0	0
19	46000001	0.99809	0.983793	3	0	0
19	46500001	1.0021	0.983793	3	0	0
19	47000001	0.961561	0.983793	3	0	0
19	47500001	1.23299	0.983793	3	0	0
19	48000001	0.978429	0.983793	3	0	0
19	48500001	0.950971	0.983793	3	0	0
19	49000001	1.02417	0.983793	3	0	0
19	49500001	1.04517	0.983793	3	0	0
19	50000001	1.18736	0.983793	3	0	0
19	50500001	0.959585	0.983793	3	0	0
19	51000001	0.979472	0.983793	3	0	0
19	51500001	1.03756	0.983793	3	0	0
19	52000001	0.962289	0.983793	3	0	0
19	52500001	0.96236	0.983793	3	0	0
19	53000001	0.958303	0.983793	3	0	0
19	53500001	0.963514	0.983793	3	0	0
19	54000001	0.936893	0.983793	3	0	0
19	54500001	0.976775	0.983793	3	0	0
19	55000001	0.976609	0.983793	3	0	0
19	55500001	0.969729	0.983793	3	0	0
19	56000001	0.95912	0.983793	3	0	0
19	56500001	0.926753	0.983793	3	0	0
19	57000001	0.972618	0.983793	3	0	0
19	57500001	0.98218	0.983793	3	0	0
19	58000001	1.08193	0.679408	2	0	0
19	58500001	0.276883	0.679408	2	0	0
2	1	0.621662	0.665551	2	0	0
2	500001	0.645797	0.665551	2	0	0
2	1000001	0.633735	0.665551	2	0	0
2	1500001	0.61192	0.665551	2	0	0
2	2000001	0.65044	0.665551	2	0	0
2	2500001	0.648452	0.665551	2	0	0
2	3000001	0.656959	0.665551	2	0	0
2	3500001	0.663116	0.665551	2	0	0
2	4000001	0.6734	0.665551	2	0	0
2	4500001	0.684072	0.665551	2	0	0
2	5000001	0.612198	0.665551	2	0	0
2	5500001	0.639084	0.665551	2	0	0
2	6000001	0.639318	0.665551	2	0	0
2	6500001	0.626553	0.665551	2	0	0
2	7000001	0.635698	0.665551	2	0	0
2	7500001	0.668222	0.665551	2	0	0
2	8000001	0.634658	0.665551	2	0	0
2	8500001	0.690573	0.665551	2	0	0
2	9000001	0.680832	0.665551	2	0	0
2	9500001	0.700917	0.665551	2	0	0
2	10000001	0.692736	0.665551	2	0	0
2	10500001	0.703621	0.665551	2	0	0
2	11000001	0.672192	0.665551	2	0	0
2	11500001	0.703543	0.665551	2	0	0
2	12000001	0.696398	0.665551	2	0	0
2	12500001	0.676364	0.665551	2	0	0
2	13000001	0.680967	0.665551	2	0	0
2	13500001	0.688693	0.665551	2	0	0
2	14000001	0.676874	0.665551	2	0	0
2	14500001	0.658705	0.665551	2	0	0
2	15000001	0.654821	0.665551	2	0	0
2	15500001	0.663222	0.665551	2	0	0
2	16000001	0.617572	0.665551	2	0	0
2	16500001	0.676089	0.665551	2	0	0
2	17000001	0.660489	0.665551	2	0	0
2	17500001	0.657747	0.665551	2	0	0
2	18000001	0.666623	0.665551	2	0	0
2	18500001	0.686242	0.665551	2	0	0
2	19000001	0.694655	0.665551	2	0	0
2	19500001	0.662202	0.665551	2	0	0
2	20000001	0.670079	0.665551	2	0	0
2	20500001	0.691726	0.665551	2	0	0
2	21000001	0.641572	0.665551	2	0	0
2	21500001	0.636019	0.665551	2	0	0
2	22000001	0.64065	0.665551	2	0	0
2	22500001	0.68142	0.665551	2	0	0
2	23000001	0.706368	0.665551	2	0	0
2	23500001	0.616005	0.665551	2	0	0
2	24000001	0.654356	0.665551	2	0	0
2	24500001	0.650035	0.665551	2	0	0
2	25000001	0.664428	0.665551	2	0	0
2	25500001	0.652956	0.665551	2	0	0
2	26000001	0.6258	0.665551	2	0	0
2	26500001	0.705027	0.665551	2	0	0
2	27000001	0.670265	0.665551	2	0	0
2	27500001	0.67651	0.665551	2	0	0
2	28000001	0.659557	0.665551	2	0	0
2	28500001	0.677184	0.665551	2	0	0
2	29000001	0.666859	0.665551	2	0	0
2	29500001	0.697806	0.665551	2	0	0
2	30000001	0.701236	0.665551	2	0	0
2	30500001	0.676206	0.665551	2	0	0
2	31000001	0.669241	0.665551	2	0	0
2	31500001	0.640113	0.665551	2	0	0
2	32000001	0.618473	0.665551	2	0	0
2	32500001	0.649929	0.665551	2	0	0
2	33000001	0.646603	0.665551	2	0	0
2	33500001	0.68628	0.665551	2	0	0
2	34000001	0.653368	0.665551	2	0	0
2	34500001	0.623407	0.665551	2	0	0
2	35000001	0.670756	0.665551	2	0	0
2	35500001	0.699304	0.665551	2	0	0
2	36000001	0.684441	0.665551	2	0	0
2	36500001	0.655645	0.665551	2	0	0
2	37000001	0.666176	0.665551	2	0	0
2	37500001	0.681821	0.665551	2	0	0
2	38000001	0.713395	0.665551	2	0	0
2	38500001	0.649832	0.665551	2	0	0
2	39000001	0.669581	0.665551	2	0	0
2	39500001	0.721359	0.665551	2	0	0
2	40000001	0.676805	0.665551	2	0	0
2	40500001	0.701317	0.665551	2	0	0
2	41000001	0.649354	0.665551	2	0	0
2	41500001	0.669334	0.665551	2	0	0
2	42000001	0.64601	0.665551	2	0	0
2	42500001	0.653289	0.665551	2	0	0
2	43000001	0.662013	0.665551	2	0	0
2	43500001	0.666331	0.665551	2	0	0
2	44000001	0.680952	0.665551	2	0	0
2	44500001	0.618074	0.665551	2	0	0
2	45000001	0.664927	0.665551	2	0	0
2	45500001	0.651516	0.665551	2	0	0
2	46000001	0.722154	0.687999	2	0	0
2	46500001	0.697088	0.687999	2	0	0
2	47000001	0.690407	0.687999	2	0	0
2	47500001	0.671763	0.687999	2	0	0
2	48000001	0.698276	0.687999	2	0	0
2	48500001	0.701066	0.687999	2	0	0
2	49000001	0.696464	0.687999	2	0	0
2	49500001	0.672081	0.687999	2	0	0
2	50000001	0.700414	0.687999	2	0	0
2	50500001	0.687098	0.687999	2	0	0
2	51000001	0.720275	0.687999	2	0	0
2	51500001	0.712416	0.687999	2	0	0
2	52000001	0.714341	0.687999	2	0	0
2	52500001	0.679101	0.687999	2	0	0
2	53000001	0.688814	0.687999	2	0	0
2	53500001	0.716865	0.687999	2	0	0
2	54000001	0.686894	0.687999	2	0	0
2	54500001	0.718852	0.687999	2	0	0
2	55000001	0.68756	0.687999	2	0	0
2	55500001	0.714198	0.687999	2	0	0
2	56000001	0.713339	0.687999	2	0	0
2	56500001	0.722052	0.687999	2	0	0
2	57000001	0.718171	0.687999	2	0	0
2	57500001	0.748869	0.687999	2	0	0
2	58000001	0.676107	0.687999	2	0	0
2	58500001	0.702803	0.687999	2	0	0
2	59000001	0.701283	0.687999	2	0	0
2	59500001	0.654306	0.687999	2	0	0
2	60000001	0.672481	0.687999	2	0	0
2	60500001	0.666007	0.687999	2	0	0
2	61000001	0.694173	0.687999	2	0	0
2	61500001	0.678114	0.687999	2	0	0
2	62000001	0.711672	0.687999	2	0	0
2	62500001	0.731616	0.687999	2	0	0
2	63000001	0.718204	0.687999	2	0	0
2	63500001	0.705179	0.687999	2	0	0
2	64000001	0.702181	0.687999	2	0	0
2	64500001	0.678289	0.687999	2	0	0
2	65000001	0.674525	0.687999	2	0	0
2	65500001	0.687999	0.687999	2	0	0
2	66000001	0.68927	0.687999	2	0	0
2	66500001	0.65249	0.687999	2	0	0
2	67000001	0.701338	0.687999	2	0	0
2	67500001	0.646412	0.687999	2	0	0
2	68000001	0.694346	0.687999	2	0	0
2	68500001	0.751747	0.687999	2	0	0
2	69000001	0.72917	0.687999	2	0	0
2	69500001	0.703894	0.687999	2	0	0
2	70000001	0.688985	0.687999	2	0	0
2	70500001	0.718687	0.687999	2	0	0
2	71000001	0.682686	0.687999	2	0	0
2	71500001	0.680542	0.687999	2	0	0
2	72000001	0.73102	0.687999	2	0	0
2	72500001	0.707262	0.687999	2	0	0
2	73000001	0.687725	0.687999	2	0	0
2	73500001	0.724088	0.687999	2	0	0
2	74000001	0.695046	0.687999	2	0	0
2	74500001	0.69154	0.687999	2	0	0
2	75000001	0.676324	0.687999	2	0	0
2	75500001	0.657046	0.687999	2	0	0
2	76000001	0.675063	0.687999	2	0	0
2	76500001	0.65994	0.687999	2	0	0
2	77000001	0.656565	0.687999	2	0	0
2	77500001	0.638328	0.687999	2	0	0
2	78000001	0.679447	0.687999	2	0	0
2	78500001	0.651132	0.687999	2	0	0
2	79000001	0.671783	0.687999	2	0	0
2	79500001	0.657612	0.687999	2	0	0
2	80000001	0.614097	0.687999	2	0	0
2	80500001	0.643691	0.687999	2	0	0
2	81000001	0.659806	0.687999	2	0	0
2	81500001	0.66064	0.687999	2	0	0
2	82000001	0.645908	0.687999	2	0	0
2	82500001	0.61607	0.687999	2	0	0
2	83000001	0.654892	0.687999	2	0	0
2	83500001	0.637063	0.687999	2	0	0
2	84000001	0.660483	0.687999	2	0	0
2	84500001	0.665475	0.687999	2	0	0
2	85000001	0.653886	0.687999	2	0	0
2	85500001	1.19835	1.27916	4	0	0
2	86000001	1.36104	1.27916	4	0	0
2	86500001	1.27916	1.27916	4	0	0
2	87000001	1.39284	1.27916	4	0	0
2	87500001	1.25806	1.27916	4	0	0
2	88000001	1.11759	1.05275	3	0	0
2	88500001	0.987901	1.05275	3	0	0
2	89000001	-1	-1	-1	0	0
2	89500001	-1	-1	-1	0	0
2	90000001	-1	-1	-1	0	0
2	90500001	-1	-1	-1	0	0
2	91000001	-1	-1	-1	0	0
2	91500001	1.3873	1.39174	4	0	0
2	92000001	1.39174	1.39174	4	0	0
2	92500001	1.42631	1.39174	4	0	0
2	93000001	0.728471	0.694838	2	0	0
2	93500001	0.661204	0.694838	2	0	0
2	94000001	-1	-1	-1	0	0
2	94500001	1.03698	1.00008	3	0	0
2	95000001	1.01577	1.00008	3	0	0
2	95500001	1.05557	1.00008	3	0	0
2	96000001	0.998631	1.00008	3	0	0
2	96500001	1.05044	1.00008	3	0	0
2	97000001	1.0593	1.00008	3	0	0
2	97500001	0.992023	1.00008	3	0	0
2	98000001	1.02182	1.00008	3	0	0
2	98500001	1.02309	1.00008	3	0	0
2	99000001	0.975822	1.00008	3	0	0
2	99500001	1.03112	1.00008	3	0	0
2	100000001	1.01449	1.00008	3	0	0
2	100500001	1.0392	1.00008	3	0	0
2	101000001	0.995247	1.00008	3	0	0
2	101500001	1.05026	1.00008	3	0	0
2	102000001	0.982383	1.00008	3	0	0
2	102500001	0.959867	1.00008	3	0	0
2	103000001	0.974265	1.00008	3	0	0
2	103500001	0.971112	1.00008	3	0	0
2	104000001	0.943386	1.00008	3	0	0
2	104500001	0.982159	1.00008	3	0	0
2	105000001	0.968129	1.00008	3	0	0
2	105500001	0.985204	1.00008	3	0	0
2	106000001	0.972724	1.00008	3	0	0
2	106500001	0.938277	1.00008	3	0	0
2	107000001	0.993361	1.00008	3	0	0
2	107500001	0.952615	1.00008	3	0	0
2	108000001	1.00253	1.00008	3	0	0
2	108500001	1.00597	1.00008	3	0	0
2	109000001	1.06407	1.00008	3	0	0
2	109500001	0.907764	1.00008	3	0	0
2	110000001	0.94798	1.00008	3	0	0
2	110500001	1.0052	1.00008	3	0	0
2	111000001	1.04775	1.00008	3	0	0
2	111500001	1.03905	1.00008	3	0	0
2	112000001	1.03342	1.00008	3	0	0
2	112500001	1.04533	1.00008	3	0	0
2	113000001	1.06137	1.00008	3	0	0
2	113500001	1.0262	1.00008	3	0	0
2	114000001	1.02389	1.00008	3	0	0
2	114500001	0.953799	1.00008	3	0	0
2	115000001	0.973562	1.00008	3	0	0
2	115500001	0.979353	1.00008	3	0	0
2	116000001	1.00299	1.00008	3	0	0
2	116500001	0.96575	1.00008	3	0	0
2	117000001	0.972676	1.00008	3	0	0
2	117500001	0.952208	1.00008	3	0	0
2	118000001	0.998435	1.00008	3	0	0
2	118500001	1.01386	1.00008	3	0	0
2	119000001	0.987892	1.00008	3	0	0
2	119500001	0.9901	1.00008	3	0	0
2	120000001	0.955391	1.00008	3	0	0
2	120500001	1.01613	1.00008	3	0	0
2	121000001	1.00916	1.00008	3	0	0
2	121500001	0.973828	1.00008	3	0	0
2	122000001	0.99681	1.00008	3	0	0
2	122500001	1.03952	1.00008	3	0	0
2	123000001	0.993228	1.00008	3	0	0
2	123500001	0.983007	1.00008	3	0	0
2	124000001	0.96386	1.00008	3	0	0
2	124500001	0.927945	1.00008	3	0	0
2	125000001	0.977235	1.00008	3	0	0
2	125500001	0.978957	1.00008	3	0	0
2	126000001	0.950267	1.00008	3	0	0
2	126500001	0.965596	1.00008	3	0	0
2	127000001	1.01032	1.00008	3	0	0
2	127500001	0.98433	1.00008	3	0	0
2	128000001	0.962128	1.00008	3	0	0
2	128500001	0.970143	1.00008	3	0	0
2	129000001	0.972595	1.00008	3	0	0
2	129500001	0.995046	1.00008	3	0	0
2	130000001	0.965775	1.00008	3	0	0
2	130500001	0.970263	1.00008	3	0	0
2	131000001	0.968921	1.00008	3	0	0
2	131500001	0.954721	1.00008	3	0	0
2	132000001	0.968088	1.00008	3	0	0
2	132500001	1.00804	1.00008	3	0	0
2	133000001	1.02469	1.00008	3	0	0
2	133500001	0.959731	1.00008	3	0	0
2	134000001	0.991914	1.00008	3	0	0
2	134500001	0.972015	1.00008	3	0	0
2	135000001	0.966485	1.00008	3	0	0
2	135500001	0.997734	1.00008	3	0	0
2	136000001	1.00145	1.00008	3	0	0
2	136500001	0.979127	1.00008	3	0	0
2	137000001	0.98712	1.00008	3	0	0
2	137500001	1.0149	1.00008	3	0	0
2	138000001	1.02094	1.00008	3	0	0
2	138500001	1.01188	1.00008	3	0	0
2	139000001	1.02645	1.00008	3	0	0
2	139500001	0.967771	1.00008	3	0	0
2	140000001	1.01699	1.00008	3	0	0
2	140500001	1.00274	1.00008	3	0	0
2	141000001	1.00272	1.00008	3	0	0
2	141500001	0.953325	1.00008	3	0	0
2	142000001	0.989723	1.00008	3	0	0
2	142500001	0.962735	1.00008	3	0	0
2	143000001	1.03616	1.00008	3	0	0
2	143500001	0.989654	1.00008	3	0	0
2	144000001	0.972664	1.00008	3	0	0
2	144500001	1.00467	1.00008	3	0	0
2	145000001	1.00946	1.00008	3	0	0
2	145500001	1.00001	1.00008	3	0	0
2	146000001	0.99899	1.00008	3	0	0
2	146500001	0.95716	1.00008	3	0	0
2	147000001	1.00032	1.00008	3	0	0
2	147500001	1.03338	1.00008	3	0	0
2	148000001	0.985107	1.00008	3	0	0
2	148500001	0.970916	1.00008	3	0	0
2	149000001	1.0115	1.00008	3	0	0
2	149500001	1.04978	1.00008	3	0	0
2	150000001	1.01559	1.00008	3	0	0
2	150500001	1.00284	1.00008	3	0	0
2	151000001	0.965107	1.00008	3	0	0
2	151500001	1.02249	1.00008	3	0	0
2	152000001	1.01504	1.00008	3	0	0
2	152500001	1.01716	1.00008	3	0	0
2	153000001	1.02389	1.00008	3	0	0
2	153500001	1.03693	1.00008	3	0	0
2	154000001	0.970095	1.00008	3	0	0
2	154500001	0.99027	1.00008	3	0	0
2	155000001	0.993445	1.00008	3	0	0
2	155500001	0.989679	1.00008	3	0	0
2	156000001	0.968769	1.00008	3	0	0
2	156500001	1.01729	1.00008	3	0	0
2	157000001	1.03236	1.00008	3	0	0
2	157500001	0.95687	1.00008	3	0	0
2	158000001	1.00334	1.00008	3	0	0
2	158500001	1.01441	1.00008	3	0	0
2	159000001	1.00557	1.00008	3	0	0
2	159500001	1.01973	1.00008	3	0	0
2	160000001	1.03653	1.00008	3	0	0
2	160500001	1.01862	1.00008	3	0	0
2	161000001	0.999111	1.00008	3	0	0
2	161500001	1.01204	1.00008	3	0	0
2	162000001	1.00619	1.00008	3	0	0
2	162500001	1.00582	1.00008	3	0	0
2	163000001	0.999234	1.00008	3	0	0
2	163500001	0.995444	1.00008	3	0	0
2	164000001	0.979358	1.00008	3	0	0
2	164500001	0.965614	1.00008	3	0	0
2	165000001	0.946499	1.00008	3	0	0
2	165500001	0.967136	1.00008	3	0	0
2	166000001	0.973901	1.00008	3	0	0
2	166500001	0.997755	1.00008	3	0	0
2	167000001	1.01098	1.00008	3	0	0
2	167500001	1.00816	1.00008	3	0	0
2	168000001	1.02644	1.00008	3	0	0
2	168500001	0.978415	1.00008	3	0	0
2	169000001	1.03867	1.00008	3	0	0
2	169500001	0.927305	1.00008	3	0	0
2	170000001	1.00862	1.00008	3	0	0
2	170500001	0.961468	1.00008	3	0	0
2	171000001	1.01878	1.00008	3	0	0
2	171500001	1.00446	1.00008	3	0	0
2	172000001	1.02652	1.00008	3	0	0
2	172500001	0.989036	1.00008	3	0	0
2	173000001	0.989254	1.00008	3	0	0
2	173500001	0.980601	1.00008	3	0	0
2	174000001	0.99101	1.00008	3	0	0
2	174500001	0.996853	1.00008	3	0	0
2	175000001	1.02084	1.00008	3	0	0
2	175500001	1.02764	1.00008	3	0	0
2	176000001	0.973913	1.00008	3	0	0
2	176500001	1.04203	1.00008	3	0	0
2	177000001	1.00015	1.00008	3	0	0
2	177500001	1.01503	1.00008	3	0	0
2	178000001	1.02658	1.00008	3	0	0
2	178500001	1.04472	1.00008	3	0	0
2	179000001	0.976069	1.00008	3	0	0
2	179500001	1.02881	1.00008	3	0	0
2	180000001	1.02498	1.00008	3	0	0
2	180500001	1.04304	1.00008	3	0	0
2	181000001	0.996309	1.00008	3	0	0
2	181500001	1.06781	1.00008	3	0	0
2	182000001	1.04652	1.00008	3	0	0
2	182500001	0.956942	1.00008	3	0	0
2	183000001	1.02456	1.00008	3	0	0
2	183500001	1.04242	1.00008	3	0	0
2	184000001	0.999952	1.00008	3	0	0
2	184500001	1.00912	1.00008	3	0	0
2	185000001	1.00872	1.00008	3	0	0
2	185500001	1.0004	1.00008	3	0	0
2	186000001	1.01822	1.00008	3	0	0
2	186500001	0.987453	1.00008	3	0	0
2	187000001	1.02819	1.00008	3	0	0
2	187500001	1.03492	1.00008	3	0	0
2	188000001	1.00764	1.00008	3	0	0
2	188500001	1.06466	1.00008	3	0	0
2	189000001	1.05447	1.00008	3	0	0
2	189500001	1.03697	1.00008	3	0	0
2	190000001	0.997688	1.00008	3	0	0
2	190500001	1.03042	1.00008	3	0	0
2	191000001	1.04831	1.00008	3	0	0
2	191500001	1.04001	1.00008	3	0	0
2	192000001	1.02954	1.00008	3	0	0
2	192500001	0.970414	1.00008	3	0	0
2	193000001	1.01173	1.00008	3	0	0
2	193500001	0.989809	1.00008	3	0	0
2	194000001	0.948773	1.00008	3	0	0
2	194500001	0.978413	1.00008	3	0	0
2	195000001	1.02102	1.00008	3	0	0
2	195500001	0.992481	1.00008	3	0	0
2	196000001	1.03097	1.00008	3	0	0
2	196500001	1.00794	1.00008	3	0	0
2	197000001	1.02382	1.00008	3	0	0
2	197500001	0.990656	1.00008	3	0	0
2	198000001	1.00732	1.00008	3	0	0
2	198500001	1.0107	1.00008	3	0	0
2	199000001	0.997367	1.00008	3	0	0
2	199500001	0.96147	1.00008	3	0	0
2	200000001	1.04225	1.00008	3	0	0
2	200500001	1.04871	1.00008	3	0	0
2	201000001	0.970327	1.00008	3	0	0
2	201500001	0.975333	1.00008	3	0	0
2	202000001	0.962593	1.00008	3	0	0
2	202500001	0.951057	1.00008	3	0	0
2	203000001	0.953284	1.00008	3	0	0
2	203500001	1.02904	1.00008	3	0	0
2	204000001	1.0076	1.00008	3	0	0
2	204500001	1.06255	1.00008	3	0	0
2	205000001	0.869733	1.00008	3	0	0
2	205500001	0.688917	0.666186	2	0	0
2	206000001	0.660695	0.666186	2	0	0
2	206500001	0.670547	0.666186	2	0	0
2	207000001	0.656252	0.666186	2	0	0
2	207500001	0.656158	0.666186	2	0	0
2	208000001	0.653612	0.666186	2	0	0
2	208500001	0.682065	0.666186	2	0	0
2	209000001	0.682215	0.666186	2	0	0
2	209500001	0.694197	0.666186	2	0	0
2	210000001	0.674073	0.666186	2	0	0
2	210500001	0.668712	0.666186	2	0	0
2	211000001	0.65213	0.666186	2	0	0
2	211500001	0.656238	0.666186	2	0	0
2	212000001	0.711195	0.666186	2	0	0
2	212500001	0.660006	0.666186	2	0	0
2	213000001	0.71744	0.666186	2	0	0
2	213500001	0.658761	0.666186	2	0	0
2	214000001	0.664039	0.666186	2	0	0
2	214500001	0.639498	0.666186	2	0	0
2	215000001	0.659907	0.666186	2	0	0
2	215500001	0.695894	0.666186	2	0	0
2	216000001	0.639458	0.666186	2	0	0
2	216500001	0.691607	0.666186	2	0	0
2	217000001	0.678619	0.666186	2	0	0
2	217500001	0.719815	0.666186	2	0	0
2	218000001	0.694195	0.666186	2	0	0
2	218500001	0.679227	0.666186	2	0	0
2	219000001	0.688014	0.666186	2	0	0
2	219500001	0.70503	0.666186	2	0	0
2	220000001	0.664279	0.666186	2	0	0
2	220500001	0.609936	0.666186	2	0	0
2	221000001	0.656209	0.666186	2	0	0
2	221500001	0.618128	0.666186	2	0	0
2	222000001	0.676267	0.666186	2	0	0
2	222500001	0.666135	0.666186	2	0	0
2	223000001	0.663604	0.666186	2	0	0
2	223500001	0.680032	0.666186	2	0	0
2	224000001	0.680947	0.666186	2	0	0
2	224500001	0.649234	0.666186	2	0	0
2	225000001	0.664934	0.666186	2	0	0
2	225500001	0.652204	0.666186	2	0	0
2	226000001	0.697875	0.666186	2	0	0
2	226500001	0.690823	0.666186	2	0	0
2	227000001	0.670955	0.666186	2	0	0
2	227500001	0.654929	0.666186	2	0	0
2	228000001	0.672652	0.666186	2	0	0
2	228500001	0.648995	0.666186	2	0	0
2	229000001	0.627573	0.666186	2	0	0
2	229500001	0.657925	0.666186	2	0	0
2	230000001	0.647386	0.666186	2	0	0
2	230500001	0.658237	0.666186	2	0	0
2	231000001	0.689466	0.666186	2	0	0
2	231500001	0.653884	0.666186	2	0	0
2	232000001	0.673939	0.666186	2	0	0
2	232500001	0.654092	0.666186	2	0	0
2	233000001	0.666237	0.666186	2	0	0
2	233500001	0.6402	0.666186	2	0	0
2	234000001	0.672153	0.666186	2	0	0
2	234500001	0.690238	0.666186	2	0	0
2	235000001	0.685269	0.666186	2	0	0
2	235500001	0.646975	0.666186	2	0	0
2	236000001	0.661866	0.666186	2	0	0
2	236500001	0.669592	0.666186	2	0	0
2	237000001	0.711954	0.666186	2	0	0
2	237500001	0.68272	0.666186	2	0	0
2	238000001	0.652619	0.666186	2	0	0
2	238500001	0.701775	0.666186	2	0	0
2	239000001	0.661999	0.666186	2	0	0
2	239500001	0.673177	0.666186	2	0	0
2	240000001	0.65526	0.666186	2	0	0
2	240500001	0.692548	0.666186	2	0	0
2	241000001	0.67488	0.666186	2	0	0
2	241500001	0.653751	0.666186	2	0	0
2	242000001	0.26299	0.666186	2	0	0
20	1	1.01952	0.996215	3	0	0
20	500001	1.04591	0.996215	3	0	0
20	1000001	1.04519	0.996215	3	0	0
20	1500001	0.965828	0.996215	3	0	0
20	2000001	0.985659	0.996215	3	0	0
20	2500001	1.00464	0.996215	3	0	0
20	3000001	1.02883	0.996215	3	0	0
20	3500001	1.00396	0.996215	3	0	0
20	4000001	0.986187	0.996215	3	0	0
20	4500001	1.0105	0.996215	3	0	0
20	5000001	0.985131	0.996215	3	0	0
20	5500001	0.994544	0.996215	3	0	0
20	6000001	0.979883	0.996215	3	0	0
20	6500001	0.982984	0.996215	3	0	0
20	7000001	0.953587	0.996215	3	0	0
20	7500001	0.940442	0.996215	3	0	0
20	8000001	0.967425	0.996215	3	0	0
20	8500001	0.960348	0.996215	3	0	0
20	9000001	0.98847	0.996215	3	0	0
20	9500001	1.02296	0.996215	3	0	0
20	10000001	1.00014	0.996215	3	0	0
20	10500001	0.969991	0.996215	3	0	0
20	11000001	1.06027	0.996215	3	0	0
20	11500001	0.974256	0.996215	3	0	0
20	12000001	0.973267	0.996215	3	0	0
20	12500001	1.04184	0.996215	3	0	0
20	13000001	0.962945	0.996215	3	0	0
20	13500001	0.97303	0.996215	3	0	0
20	14000001	0.988347	0.996215	3	0	0
20	14500001	0.954161	0.996215	3	0	0
20	15000001	0.918889	0.996215	3	0	0
20	15500001	1.00212	0.996215	3	0	0
20	16000001	0.99221	0.996215	3	0	0
20	16500001	0.980033	0.996215	3	0	0
20	17000001	1.02651	0.996215	3	0	0
20	17500001	1.01163	0.996215	3	0	0
20	18000001	0.97741	0.996215	3	0	0
20	18500001	1.03445	0.996215	3	0	0
20	19000001	1.0257	0.996215	3	0	0
20	19500001	1.03956	0.996215	3	0	0
20	20000001	0.985058	0.996215	3	0	0
20	20500001	0.997886	0.996215	3	0	0
20	21000001	0.972109	0.996215	3	0	0
20	21500001	1.01417	0.996215	3	0	0
20	22000001	1.02187	0.996215	3	0	0
20	22500001	1.03256	0.996215	3	0	0
20	23000001	1.01766	0.996215	3	0	0
20	23500001	1.03296	0.996215	3	0	0
20	24000001	0.989564	0.996215	3	0	0
20	24500001	1.03036	0.996215	3	0	0
20	25000001	1.04693	0.996215	3	0	0
20	25500001	1.00324	0.996215	3	0	0
20	26000001	1.13337	1.13337	3	0	0
20	26500001	1.49003	1.41452	4	0	0
20	27000001	1.41452	1.41452	4	0	0
20	27500001	1.32497	1.41452	4	0	0
20	28000001	1.14112	1.14112	3	0	0
20	28500001	2.16867	2.16867	7	0	0
20	29000001	1.62422	1.62223	5	0	0
20	29500001	1.5523	1.62223	5	0	0
20	30000001	-1	1.62223	5	0	0
20	30500001	1.62223	1.62223	5	0	0
20	31000001	-1	-1	-1	0	0
20	31500001	1.38716	1.33964	4	0	0
20	32000001	1.37227	1.33964	4	0	0
20	32500001	1.34696	1.33964	4	0	0
20	33000001	1.32426	1.33964	4	0	0
20	33500001	1.33231	1.33964	4	0	0
20	34000001	1.3163	1.33964	4	0	0
20	34500001	1.3857	1.33964	4	0	0
20	35000001	1.31201	1.33964	4	0	0
20	35500001	1.29133	1.33964	4	0	0
20	36000001	1.37021	1.33964	4	0	0
20	36500001	1.28512	1.33964	4	0	0
20	37000001	1.32337	1.33964	4	0	0
20	37500001	1.34513	1.33964	4	0	0
20	38000001	1.41548	1.33964	4	0	0
20	38500001	1.32383	1.33964	4	0	0
20	39000001	1.34699	1.33964	4	0	0
20	39500001	1.32545	1.33964	4	0	0
20	40000001	1.35004	1.33964	4	0	0
20	40500001	1.39794	1.33964	4	0	0
20	41000001	1.43288	1.33964	4	0	0
20	41500001	1.32581	1.33964	4	0	0
20	42000001	1.33262	1.33964	4	0	0
20	42500001	1.35989	1.33964	4	0	0
20	43000001	1.32754	1.33964	4	0	0
20	43500001	1.35358	1.33964	4	0	0
20	44000001	1.34932	1.33964	4	0	0
20	44500001	1.38976	1.33964	4	0	0
20	45000001	1.36085	1.33964	4	0	0
20	45500001	1.33964	1.33964	4	0	0
20	46000001	1.40022	1.33964	4	0	0
20	46500001	1.33345	1.33964	4	0	0
20	47000001	1.33905	1.33964	4	0	0
20	47500001	1.3769	1.33964	4	0	0
20	48000001	1.34912	1.33964	4	0	0
20	48500001	1.3447	1.33964	4	0	0
20	49000001	1.33262	1.33964	4	0	0
20	49500001	1.36036	1.33964	4	0	0
20	50000001	1.38503	1.33964	4	0	0
20	50500001	1.33254	1.33964	4	0	0
20	51000001	1.34537	1.33964	4	0	0
20	51500001	1.27778	1.33964	4	0	0
20	52000001	1.2721	1.33964	4	0	0
20	52500001	1.34021	1.33964	4	0	0
20	53000001	1.31424	1.33964	4	0	0
20	53500001	1.26657	1.33964	4	0	0
20	54000001	1.35658	1.33964	4	0	0
20	54500001	1.30332	1.33964	4	0	0
20	55000001	1.31031	1.33964	4	0	0
20	55500001	1.30721	1.33964	4	0	0
20	56000001	1.33823	1.33964	4	0	0
20	56500001	1.25742	1.33964	4	0	0
20	57000001	1.3817	1.33964	4	0	0
20	57500001	1.36561	1.33964	4	0	0
20	58000001	1.32045	1.33964	4	0	0
20	58500001	1.3014	1.33964	4	0	0
20	59000001	1.35486	1.33964	4	0	0
20	59500001	1.28831	1.33964	4	0	0
20	60000001	1.34537	1.33964	4	0	0
20	60500001	1.26145	1.33964	4	0	0
20	61000001	1.2754	1.33964	4	0	0
20	61500001	1.37045	1.33964	4	0	0
20	62000001	1.34778	1.33964	4	0	0
20	62500001	1.32188	1.33964	4	0	0
20	63000001	1.37195	1.33964	4	0	0
20	63500001	1.33503	1.33964	4	0	0
20	64000001	-1	-1	-1	0	0
21	1	-1	-1	-1	0	0
21	500001	-1	-1	-1	0	0
21	1000001	-1	-1	-1	0	0
21	1500001	-1	-1	-1	0	0
21	2000001	-1	-1	-1	0	0
21	2500001	-1	-1	-1	0	0
21	3000001	-1	-1	-1	0	0
21	3500001	-1	-1	-1	0	0
21	4000001	-1	-1	-1	0	0
21	4500001	-1	-1	-1	0	0
21	5000001	-1	-1	-1	0	0
21	5500001	-1	-1	-1	0	0
21	6000001	-1	-1	-1	0	0
21	6500001	-1	-1	-1	0	0
21	7000001	-1	-1	-1	0	0
21	7500001	-1	-1	-1	0	0
21	8000001	-1	-1	-1	0	0
21	8500001	-1	-1	-1	0	0
21	9000001	-1	-1	-1	0	0
21	9500001	1.53571	1.64237	5	0	0
21	10000001	-1	1.64237	5	0	0
21	10500001	1.74904	1.64237	5	0	0
21	11000001	0.461006	0.66628	2	0	0
21	11500001	0.682077	0.66628	2	0	0
21	12000001	0.853114	0.66628	2	0	0
21	12500001	1.22351	0.66628	2	0	0
21	13000001	0.540666	0.66628	2	0	0
21	13500001	0.593964	0.66628	2	0	0
21	14000001	0.62875	0.66628	2	0	0
21	14500001	0.6309	0.66628	2	0	0
21	15000001	0.662977	0.66628	2	0	0
21	15500001	0.669584	0.66628	2	0	0
21	16000001	0.660043	0.66628	2	0	0
21	16500001	0.679803	0.66628	2	0	0
21	17000001	0.68211	0.66628	2	0	0
21	17500001	0.670258	0.66628	2	0	0
21	18000001	0.660779	0.66628	2	0	0
21	18500001	0.673622	0.66628	2	0	0
21	19000001	0.662887	0.66628	2	0	0
21	19500001	0.769267	0.66628	2	0	0
21	20000001	0.98656	0.984266	3	0	0
21	20500001	0.975092	0.984266	3	0	0
21	21000001	0.981973	0.984266	3	0	0
21	21500001	1.02641	0.984266	3	0	0
21	22000001	0.963482	0.984266	3	0	0
21	22500001	0.958448	0.984266	3	0	0
21	23000001	0.958219	0.984266	3	0	0
21	23500001	0.979972	0.984266	3	0	0
21	24000001	1.00196	0.984266	3	0	0
21	24500001	0.981301	0.984266	3	0	0
21	25000001	0.99773	0.984266	3	0	0
21	25500001	0.954752	0.984266	3	0	0
21	26000001	0.960162	0.984266	3	0	0
21	26500001	0.949581	0.984266	3	0	0
21	27000001	0.992329	0.984266	3	0	0
21	27500001	0.946789	0.984266	3	0	0
21	28000001	1.02304	0.984266	3	0	0
21	28500001	0.992109	0.984266	3	0	0
21	29000001	1.04461	0.984266	3	0	0
21	29500001	0.980322	0.984266	3	0	0
21	30000001	0.987584	0.984266	3	0	0
21	30500001	0.997058	0.984266	3	0	0
21	31000001	0.956087	0.984266	3	0	0
21	31500001	0.949618	0.984266	3	0	0
21	32000001	1.03498	0.984266	3	0	0
21	32500001	0.977821	0.984266	3	0	0
21	33000001	0.958552	0.984266	3	0	0
21	33500001	0.971775	0.984266	3	0	0
21	34000001	0.90651	0.984266	3	0	0
21	34500001	1.0035	0.984266	3	0	0
21	35000001	0.980562	0.984266	3	0	0
21	35500001	1.03625	0.984266	3	0	0
21	36000001	0.978685	0.984266	3	0	0
21	36500001	1.0141	0.984266	3	0	0
21	37000001	0.961011	0.984266	3	0	0
21	37500001	1.03114	0.984266	3	0	0
21	38000001	1.02027	0.984266	3	0	0
21	38500001	1.02347	0.984266	3	0	0
21	39000001	1.016	0.984266	3	0	0
21	39500001	1.00505	0.984266	3	0	0
21	40000001	0.973827	0.984266	3	0	0
21	40500001	0.950371	0.984266	3	0	0
21	41000001	1.04194	0.984266	3	0	0
21	41500001	1.03626	0.984266	3	0	0
21	42000001	1.05332	0.984266	3	0	0
21	42500001	0.991693	0.984266	3	0	0
21	43000001	0.712018	0.94131	3	0	0
21	43500001	0.885922	0.94131	3	0	0
21	44000001	0.839722	0.94131	3	0	0
21	44500001	1.06311	0.94131	3	0	0
21	45000001	1.03607	0.94131	3	0	0
21	45500001	0.996698	0.94131	3	0	0
21	46000001	1.03214	0.94131	3	0	0
21	46500001	0.43207	0.94131	3	0	0
22	1	-1	-1	-1	0	0
22	500001	-1	-1	-1	0	0
22	1000001	-1	-1	-1	0	0
22	1500001	-1	-1	-1	0	0
22	2000001	-1	-1	-1	0	0
22	2500001	-1	-1	-1	0	0
22	3000001	-1	-1	-1	0	0
22	3500001	-1	-1	-1	0	0
22	4000001	-1	-1	-1	0	0
22	4500001	-1	-1	-1	0	0
22	5000001	-1	-1	-1	0	0
22	5500001	-1	-1	-1	0	0
22	6000001	-1	-1	-1	0	0
22	6500001	-1	-1	-1	0	0
22	7000001	-1	-1	-1	0	0
22	7500001	-1	-1	-1	0	0
22	8000001	-1	-1	-1	0	0
22	8500001	-1	-1	-1	0	0
22	9000001	-1	-1	-1	0	0
22	9500001	-1	-1	-1	0	0
22	10000001	-1	-1	-1	0	0
22	10500001	-1	-1	-1	0	0
22	11000001	-1	-1	-1	0	0
22	11500001	-1	-1	-1	0	0
22	12000001	-1	-1	-1	0	0
22	12500001	-1	-1	-1	0	0
22	13000001	0.449486	0.449486	1	0	0
22	13500001	0.747182	0.747182	2	0	0
22	14000001	1.01407	1.03594	3	0	0
22	14500001	1.05782	1.03594	3	0	0
22	15000001	-1	-1	-1	0	0
22	15500001	1.36827	1.36827	4	0	0
22	16000001	0.688407	0.677015	2	0	0
22	16500001	0.672493	0.677015	2	0	0
22	17000001	0.641682	0.677015	2	0	0
22	17500001	0.655321	0.677015	2	0	0
22	18000001	-1	0.677015	2	0	0
22	18500001	0.646811	0.677015	2	0	0
22	19000001	0.676786	0.677015	2	0	0
22	19500001	0.66838	0.677015	2	0	0
22	20000001	0.71061	0.677015	2	0	0
22	20500001	0.691761	0.677015	2	0	0
22	21000001	0.619234	0.677015	2	0	0
22	21500001	0.682873	0.677015	2	0	0
22	22000001	0.698121	0.677015	2	0	0
22	22500001	0.696045	0.677015	2	0	0
22	23000001	0.683044	0.677015	2	0	0
22	23500001	0.643205	0.677015	2	0	0
22	24000001	0.674922	0.677015	2	0	0
22	24500001	0.686103	0.677015	2	0	0
22	25000001	0.673381	0.677015	2	0	0
22	25500001	0.659796	0.677015	2	0	0
22	26000001	0.689236	0.677015	2	0	0
22	26500001	0.685218	0.677015	2	0	0
22	27000001	0.69765	0.677015	2	0	0
22	27500001	0.673513	0.677015	2	0	0
22	28000001	0.684359	0.677015	2	0	0
22	28500001	0.67125	0.677015	2	0	0
22	29000001	0.700438	0.677015	2	0	0
22	29500001	0.712271	0.677015	2	0	0
22	30000001	0.719041	0.677015	2	0	0
22	30500001	0.697748	0.677015	2	0	0
22	31000001	0.671442	0.677015	2	0	0
22	31500001	0.677244	0.677015	2	0	0
22	32000001	0.677548	0.677015	2	0	0
22	32500001	0.650659	0.677015	2	0	0
22	33000001	0.601234	0.677015	2	0	0
22	33500001	0.615866	0.677015	2	0	0
22	34000001	0.626968	0.677015	2	0	0
22	34500001	0.696155	0.677015	2	0	0
22	35000001	0.705007	0.677015	2	0	0
22	35500001	0.670529	0.677015	2	0	0
22	36000001	0.686901	0.677015	2	0	0
22	36500001	0.707787	0.677015	2	0	0
22	37000001	0.721334	0.677015	2	0	0
22	37500001	0.682959	0.677015	2	0	0
22	38000001	0.676423	0.677015	2	0	0
22	38500001	0.655089	0.677015	2	0	0
22	39000001	0.691453	0.677015	2	0	0
22	39500001	0.667124	0.677015	2	0	0
22	40000001	0.648649	0.677015	2	0	0
22	40500001	0.635141	0.677015	2	0	0
22	41000001	0.656416	0.677015	2	0	0
22	41500001	0.670014	0.677015	2	0	0
22	42000001	0.645167	0.677015	2	0	0
22	42500001	0.737229	0.677015	2	0	0
22	43000001	0.677968	0.677015	2	0	0
22	43500001	0.64378	0.663423	2	0	0
22	44000001	0.663423	0.663423	2	0	0
22	44500001	0.639699	0.663423	2	0	0
22	45000001	0.669717	0.663423	2	0	0
22	45500001	0.64869	0.663423	2	0	0
22	46000001	0.698889	0.663423	2	0	0
22	46500001	0.617984	0.663423	2	0	0
22	47000001	0.68107	0.663423	2	0	0
22	47500001	0.683388	0.663423	2	0	0
22	48000001	0.663442	0.663423	2	0	0
22	48500001	0.65276	0.663423	2	0	0
22	49000001	0.645712	0.663423	2	0	0
22	49500001	0.695834	0.663423	2	0	0
22	50000001	0.665471	0.663423	2	0	0
22	50500001	0.470788	0.663423	2	0	0
3	1	0.996418	1.00756	3	0	0
3	500001	0.982222	1.00756	3	0	0
3	1000001	1.00584	1.00756	3	0	0
3	1500001	0.969234	1.00756	3	0	0
3	2000001	0.98069	1.00756	3	0	0
3	2500001	0.998635	1.00756	3	0	0
3	3000001	1.01242	1.00756	3	0	0
3	3500001	0.990072	1.00756	3	0	0
3	4000001	1.05767	1.00756	3	0	0
3	4500001	1.11507	1.00756	3	0	0
3	5000001	1.02754	1.00756	3	0	0
3	5500001	1.02843	1.00756	3	0	0
3	6000001	0.996258	1.00756	3	0	0
3	6500001	0.970591	1.00756	3	0	0
3	7000001	0.975056	1.00756	3	0	0
3	7500001	0.972707	1.00756	3	0	0
3	8000001	0.99942	1.00756	3	0	0
3	8500001	1.02679	1.00756	3	0	0
3	9000001	1.00549	1.00756	3	0	0
3	9500001	0.988049	1.00756	3	0	0
3	10000001	1.00927	1.00756	3	0	0
3	10500001	1.07052	1.00756	3	0	0
3	11000001	1.02286	1.00756	3	0	0
3	11500001	0.972595	1.00756	3	0	0
3	12000001	1.01247	1.00756	3	0	0
3	12500001	0.991882	1.00756	3	0	0
3	13000001	0.99826	1.00756	3	0	0
3	13500001	1.04194	1.00756	3	0	0
3	14000001	1.04715	1.00756	3	0	0
3	14500001	0.997078	1.00756	3	0	0
3	15000001	1.01655	1.00756	3	0	0
3	15500001	1.00932	1.00756	3	0	0
3	16000001	0.983094	1.00756	3	0	0
3	16500001	1.03431	1.00756	3	0	0
3	17000001	0.998767	1.00756	3	0	0
3	17500001	1.01939	1.00756	3	0	0
3	18000001	1.01421	1.00756	3	0	0
3	18500001	1.00366	1.00756	3	0	0
3	19000001	0.977588	1.00756	3	0	0
3	19500001	1.01211	1.00756	3	0	0
3	20000001	0.990719	1.00756	3	0	0
3	20500001	1.03225	1.00756	3	0	0
3	21000001	0.987177	1.00756	3	0	0
3	21500001	1.0077	1.00756	3	0	0
3	22000001	1.01538	1.00756	3	0	0
3	22500001	0.993044	1.00756	3	0	0
3	23000001	1.04817	1.00756	3	0	0
3	23500001	0.986677	1.00756	3	0	0
3	24000001	1.00233	1.00756	3	0	0
3	24500001	0.987325	1.00756	3	0	0
3	25000001	0.981101	1.00756	3	0	0
3	25500001	1.01511	1.00756	3	0	0
3	26000001	1.03093	1.00756	3	0	0
3	26500001	1.03182	1.00756	3	0	0
3	27000001	0.999167	1.00756	3	0	0
3	27500001	0.993726	1.00756	3	0	0
3	28000001	1.0151	1.00756	3	0	0
3	28500001	0.970961	1.00756	3	0	0
3	29000001	1.0107	1.00756	3	0	0
3	29500001	1.01975	1.00756	3	0	0
3	30000001	1.06471	1.00756	3	0	0
3	30500001	1.0017	1.00756	3	0	0
3	31000001	1.06691	1.00756	3	0	0
3	31500001	0.962018	1.00756	3	0	0
3	32000001	1.01888	1.00756	3	0	0
3	32500001	0.976884	1.00756	3	0	0
3	33000001	0.996053	1.00756	3	0	0
3	33500001	0.998893	1.00756	3	0	0
3	34000001	1.0095	1.00756	3	0	0
3	34500001	1.01069	1.00756	3	0	0
3	35000001	0.994138	1.00756	3	0	0
3	35500001	1.02346	1.00756	3	0	0
3	36000001	1.02432	1.00756	3	0	0
3	36500001	1.00756	1.00756	3	0	0
3	37000001	1.01629	1.00756	3	0	0
3	37500001	1.05357	1.00756	3	0	0
3	38000001	1.05545	1.00756	3	0	0
3	38500001	1.03355	1.00756	3	0	0
3	39000001	1.01025	1.00756	3	0	0
3	39500001	1.04876	1.00756	3	0	0
3	40000001	0.943577	1.00756	3	0	0
3	40500001	1.00994	1.00756	3	0	0
3	41000001	1.02598	1.00756	3	0	0
3	41500001	0.962494	1.00756	3	0	0
3	42000001	1.00614	1.00756	3	0	0
3	42500001	1.02245	1.00756	3	0	0
3	43000001	1.02596	1.00756	3	0	0
3	43500001	1.02453	1.00756	3	0	0
3	44000001	0.990688	1.00756	3	0	0
3	44500001	1.01765	1.00756	3	0	0
3	45000001	1.03734	1.00756	3	0	0
3	45500001	1.03444	1.00756	3	0	0
3	46000001	1.07441	1.00756	3	0	0
3	46500001	1.05442	1.00756	3	0	0
3	47000001	0.939966	1.00756	3	0	0
3	47500001	0.978195	1.00756	3	0	0
3	48000001	1.00045	1.00756	3	0	0
3	48500001	0.989709	1.00756	3	0	0
3	49000001	0.989819	1.00756	3	0	0
3	49500001	0.985548	1.00756	3	0	0
3	50000001	1.05489	1.00756	3	0	0
3	50500001	1.02827	1.00756	3	0	0
3	51000001	1.02166	1.00756	3	0	0
3	51500001	1.03671	1.00756	3	0	0
3	52000001	1.04163	1.00756	3	0	0
3	52500001	1.0284	1.00756	3	0	0
3	53000001	1.01943	1.00756	3	0	0
3	53500001	1.01491	1.00756	3	0	0
3	54000001	0.964619	1.00756	3	0	0
3	54500001	0.957409	1.00756	3	0	0
3	55000001	0.956104	1.00756	3	0	0
3	55500001	0.949822	1.00756	3	0	0
3	56000001	1.02017	1.00756	3	0	0
3	56500001	0.980839	1.00756	3	0	0
3	57000001	1.02674	1.00756	3	0	0
3	57500001	0.97475	1.00756	3	0	0
3	58000001	1.0633	1.00756	3	0	0
3	58500001	1.04178	1.00756	3	0	0
3	59000001	1.03079	1.00756	3	0	0
3	59500001	1.00809	1.00756	3	0	0
3	60000001	0.939038	1.00756	3	0	0
3	60500001	0.995787	1.00756	3	0	0
3	61000001	1.0086	1.00756	3	0	0
3	61500001	0.976949	1.00756	3	0	0
3	62000001	1.00125	1.00756	3	0	0
3	62500001	1.02398	1.00756	3	0	0
3	63000001	1.01071	1.00756	3	0	0
3	63500001	1.01026	1.00756	3	0	0
3	64000001	1.04736	1.00756	3	0	0
3	64500001	1.0021	1.00756	3	0	0
3	65000001	0.979817	1.00756	3	0	0
3	65500001	0.974038	1.00756	3	0	0
3	66000001	0.970897	1.00756	3	0	0
3	66500001	0.980981	1.00756	3	0	0
3	67000001	0.976479	1.00756	3	0	0
3	67500001	1.01293	1.00756	3	0	0
3	68000001	0.981581	1.00756	3	0	0
3	68500001	1.00014	1.00756	3	0	0
3	69000001	0.986541	1.00756	3	0	0
3	69500001	1.01868	1.00756	3	0	0
3	70000001	1.01002	1.00756	3	0	0
3	70500001	1.00035	1.00756	3	0	0
3	71000001	0.932909	1.00756	3	0	0
3	71500001	0.998898	1.00756	3	0	0
3	72000001	1.02115	1.00756	3	0	0
3	72500001	0.989216	1.00756	3	0	0
3	73000001	1.01538	1.00756	3	0	0
3	73500001	1.01999	1.00756	3	0	0
3	74000001	0.963028	1.00756	3	0	0
3	74500001	1.01843	1.00756	3	0	0
3	75000001	1.00388	1.00756	3	0	0
3	75500001	1.18461	1.00756	3	0	0
3	76000001	1.01019	1.00756	3	0	0
3	76500001	1.0502	1.00756	3	0	0
3	77000001	0.981128	1.00756	3	0	0
3	77500001	1.01029	1.00756	3	0	0
3	78000001	1.00518	1.00756	3	0	0
3	78500001	0.98583	1.00756	3	0	0
3	79000001	0.991917	1.00756	3	0	0
3	79500001	0.977953	1.00756	3	0	0
3	80000001	0.987855	1.00756	3	0	0
3	80500001	0.950369	1.00756	3	0	0
3	81000001	1.05225	1.00756	3	0	0
3	81500001	0.993057	1.00756	3	0	0
3	82000001	1.01868	1.00756	3	0	0
3	82500001	0.988295	1.00756	3	0	0
3	83000001	0.982403	1.00756	3	0	0
3	83500001	0.955428	1.00756	3	0	0
3	84000001	0.968708	1.00756	3	0	0
3	84500001	0.96583	1.00756	3	0	0
3	85000001	1.00946	1.00756	3	0	0
3	85500001	1.01839	1.00756	3	0	0
3	86000001	1.00907	1.00756	3	0	0
3	86500001	1.01526	1.00756	3	0	0
3	87000001	1.01737	1.00756	3	0	0
3	87500001	0.997284	1.00756	3	0	0
3	88000001	1.04024	1.00756	3	0	0
3	88500001	0.967024	1.00756	3	0	0
3	89000001	1.0063	1.00756	3	0	0
3	89500001	0.993973	1.00756	3	0	0
3	90000001	1.03766	1.00756	3	0	0
3	90500001	1.96694	1.96694	6	0	0
3	91000001	1.12388	1.12388	3	0	0
3	91500001	1.29448	1.24214	4	0	0
3	92000001	1.24214	1.24214	4	0	0
3	92500001	1.17879	1.24214	4	0	0
3	93000001	9.03284	9.03284	27	0	0
3	93500001	1.05285	1.00992	3	0	0
3	94000001	1.03235	1.00992	3	0	0
3	94500001	1.0118	1.00992	3	0	0
3	95000001	1.00566	1.00992	3	0	0
3	95500001	1.00964	1.00992	3	0	0
3	96000001	1.01833	1.00992	3	0	0
3	96500001	1.00852	1.00992	3	0	0
3	97000001	1.0098	1.00992	3	0	0
3	97500001	0.98528	1.00992	3	0	0
3	98000001	1.05358	1.00992	3	0	0
3	98500001	1.02183	1.00992	3	0	0
3	99000001	0.976661	1.00992	3	0	0
3	99500001	1.05051	1.00992	3	0	0
3	100000001	0.993014	1.00992	3	0	0
3	100500001	1.01421	1.00992	3	0	0
3	101000001	1.03024	1.00992	3	0	0
3	101500001	0.953531	1.00992	3	0	0
3	102000001	0.992502	1.00992	3	0	0
3	102500001	1.00388	1.00992	3	0	0
3	103000001	0.97622	1.00992	3	0	0
3	103500001	1.0083	1.00992	3	0	0
3	104000001	1.00011	1.00992	3	0	0
3	104500001	1.00749	1.00992	3	0	0
3	105000001	1.03873	1.00992	3	0	0
3	105500001	1.01003	1.00992	3	0	0
3	106000001	1.00311	1.00992	3	0	0
3	106500001	1.02834	1.00992	3	0	0
3	107000001	1.01494	1.00992	3	0	0
3	107500001	1.03252	1.00992	3	0	0
3	108000001	1.02905	1.00992	3	0	0
3	108500001	0.746836	0.679782	2	0	0
3	109000001	0.651756	0.679782	2	0	0
3	109500001	0.66774	0.679782	2	0	0
3	110000001	0.694944	0.679782	2	0	0
3	110500001	0.66107	0.679782	2	0	0
3	111000001	0.693109	0.679782	2	0	0
3	111500001	0.729748	0.679782	2	0	0
3	112000001	0.689935	0.679782	2	0	0
3	112500001	0.71894	0.679782	2	0	0
3	113000001	0.679395	0.679782	2	0	0
3	113500001	0.650293	0.679782	2	0	0
3	114000001	0.7095	0.679782	2	0	0
3	114500001	0.67185	0.679782	2	0	0
3	115000001	0.672593	0.679782	2	0	0
3	115500001	0.715263	0.679782	2	0	0
3	116000001	0.679048	0.679782	2	0	0
3	116500001	0.650393	0.679782	2	0	0
3	117000001	0.671673	0.679782	2	0	0
3	117500001	0.665395	0.679782	2	0	0
3	118000001	0.656347	0.679782	2	0	0
3	118500001	0.676315	0.679782	2	0	0
3	119000001	0.689566	0.679782	2	0	0
3	119500001	0.686631	0.679782	2	0	0
3	120000001	0.680169	0.679782	2	0	0
3	120500001	0.672509	0.679782	2	0	0
3	121000001	0.685227	0.679782	2	0	0
3	121500001	0.647353	0.679782	2	0	0
3	122000001	0.647901	0.679782	2	0	0
3	122500001	0.686722	0.679782	2	0	0
3	123000001	0.684262	0.679782	2	0	0
3	123500001	0.696016	0.679782	2	0	0
3	124000001	0.702238	0.679782	2	0	0
3	124500001	0.673176	0.679782	2	0	0
3	125000001	0.677039	0.679782	2	0	0
3	125500001	0.694694	0.679782	2	0	0
3	126000001	0.673497	0.679782	2	0	0
3	126500001	0.658438	0.679782	2	0	0
3	127000001	0.708343	0.679782	2	0	0
3	127500001	0.675484	0.679782	2	0	0
3	128000001	0.666682	0.679782	2	0	0
3	128500001	0.676968	0.679782	2	0	0
3	129000001	0.689387	0.679782	2	0	0
3	129500001	0.667825	0.679782	2	0	0
3	130000001	0.691443	0.679782	2	0	0
3	130500001	0.691136	0.679782	2	0	0
3	131000001	0.642884	0.679782	2	0	0
3	131500001	0.684345	0.679782	2	0	0
3	132000001	0.66621	0.679782	2	0	0
3	132500001	0.672369	0.679782	2	0	0
3	133000001	0.698693	0.679782	2	0	0
3	133500001	0.684946	0.679782	2	0	0
3	134000001	0.701653	0.679782	2	0	0
3	134500001	0.687004	0.679782	2	0	0
3	135000001	0.675157	0.679782	2	0	0
3	135500001	0.70909	0.679782	2	0	0
3	136000001	0.62574	0.679782	2	0	0
3	136500001	0.678745	0.679782	2	0	0
3	137000001	0.664457	0.679782	2	0	0
3	137500001	0.680734	0.679782	2	0	0
3	138000001	0.6693	0.679782	2	0	0
3	138500001	0.63553	0.679782	2	0	0
3	139000001	0.698578	0.679782	2	0	0
3	139500001	0.682939	0.679782	2	0	0
3	140000001	0.691037	0.679782	2	0	0
3	140500001	0.675349	0.679782	2	0	0
3	141000001	0.705534	0.679782	2	0	0
3	141500001	0.673993	0.679782	2	0	0
3	142000001	0.693195	0.679782	2	0	0
3	142500001	0.683456	0.679782	2	0	0
3	143000001	0.680629	0.679782	2	0	0
3	143500001	0.646022	0.679782	2	0	0
3	144000001	0.663368	0.679782	2	0	0
3	144500001	0.641885	0.679782	2	0	0
3	145000001	0.653622	0.679782	2	0	0
3	145500001	0.698919	0.679782	2	0	0
3	146000001	0.666664	0.679782	2	0	0
3	146500001	0.666496	0.679782	2	0	0
3	147000001	0.658253	0.679782	2	0	0
3	147500001	0.662629	0.679782	2	0	0
3	148000001	0.682555	0.679782	2	0	0
3	148500001	0.664545	0.679782	2	0	0
3	149000001	0.692017	0.679782	2	0	0
3	149500001	0.674798	0.679782	2	0	0
3	150000001	0.69568	0.679782	2	0	0
3	150500001	0.689851	0.679782	2	0	0
3	151000001	0.661802	0.679782	2	0	0
3	151500001	0.648577	0.679782	2	0	0
3	152000001	0.675592	0.679782	2	0	0
3	152500001	0.688658	0.679782	2	0	0
3	153000001	0.672384	0.679782	2	0	0
3	153500001	0.710621	0.679782	2	0	0
3	154000001	0.653234	0.679782	2	0	0
3	154500001	0.65834	0.679782	2	0	0
3	155000001	0.641181	0.679782	2	0	0
3	155500001	0.681382	0.679782	2	0	0
3	156000001	0.685909	0.679782	2	0	0
3	156500001	0.700486	0.679782	2	0	0
3	157000001	0.689604	0.679782	2	0	0
3	157500001	0.680414	0.679782	2	0	0
3	158000001	0.697142	0.679782	2	0	0
3	158500001	0.693382	0.679782	2	0	0
3	159000001	0.690073	0.679782	2	0	0
3	159500001	0.698273	0.679782	2	0	0
3	160000001	0.677539	0.679782	2	0	0
3	160500001	0.710604	0.679782	2	0	0
3	161000001	0.703814	0.679782	2	0	0
3	161500001	0.650815	0.679782	2	0	0
3	162000001	0.728221	0.679782	2	0	0
3	162500001	0.981387	0.995329	3	0	0
3	163000001	0.979867	0.995329	3	0	0
3	163500001	0.990753	0.995329	3	0	0
3	164000001	0.978642	0.995329	3	0	0
3	164500001	1.0223	0.995329	3	0	0
3	165000001	0.992323	0.995329	3	0	0
3	165500001	0.972341	0.995329	3	0	0
3	166000001	0.987434	0.995329	3	0	0
3	166500001	0.954584	0.995329	3	0	0
3	167000001	0.990518	0.995329	3	0	0
3	167500001	1.00939	0.995329	3	0	0
3	168000001	1.04411	0.995329	3	0	0
3	168500001	1.03579	0.995329	3	0	0
3	169000001	0.976322	0.995329	3	0	0
3	169500001	0.985233	0.995329	3	0	0
3	170000001	0.975977	0.995329	3	0	0
3	170500001	1.01148	0.995329	3	0	0
3	171000001	1.03317	0.995329	3	0	0
3	171500001	1.05333	0.995329	3	0	0
3	172000001	1.02523	0.995329	3	0	0
3	172500001	1.06757	0.995329	3	0	0
3	173000001	1.0273	0.995329	3	0	0
3	173500001	1.00719	0.995329	3	0	0
3	174000001	0.984579	0.995329	3	0	0
3	174500001	0.980667	0.995329	3	0	0
3	175000001	1.00949	0.995329	3	0	0
3	175500001	0.979118	0.995329	3	0	0
3	176000001	0.995979	0.995329	3	0	0
3	176500001	1.00125	0.995329	3	0	0
3	177000001	0.959543	0.995329	3	0	0
3	177500001	0.995329	0.995329	3	0	0
3	178000001	1.00556	0.995329	3	0	0
3	178500001	0.984478	0.995329	3	0	0
3	179000001	0.970948	0.995329	3	0	0
3	179500001	0.972871	0.995329	3	0	0
3	180000001	1.02892	0.995329	3	0	0
3	180500001	0.952303	0.995329	3	0	0
3	181000001	0.963823	0.995329	3	0	0
3	181500001	0.891129	0.995329	3	0	0
3	182000001	0.971649	0.995329	3	0	0
3	182500001	0.990981	0.995329	3	0	0
3	183000001	1.00076	0.995329	3	0	0
3	183500001	0.98581	0.995329	3	0	0
3	184000001	1.00551	0.995329	3	0	0
3	184500001	1.00666	0.995329	3	0	0
3	185000001	0.987632	0.995329	3	0	0
3	185500001	0.976208	0.995329	3	0	0
3	186000001	1.03414	0.995329	3	0	0
3	186500001	0.965362	0.995329	3	0	0
3	187000001	0.992378	0.995329	3	0	0
3	187500001	1.04084	0.995329	3	0	0
3	188000001	1.05711	0.995329	3	0	0
3	188500001	0.982975	0.995329	3	0	0
3	189000001	1.07369	0.995329	3	0	0
3	189500001	1.02822	0.995329	3	0	0
3	190000001	1.024	0.995329	3	0	0
3	190500001	1.02197	0.995329	3	0	0
3	191000001	1.00042	0.995329	3	0	0
3	191500001	0.997511	0.995329	3	0	0
3	192000001	0.942924	0.995329	3	0	0
3	192500001	1.01727	0.995329	3	0	0
3	193000001	1.03363	0.995329	3	0	0
3	193500001	1.00222	0.995329	3	0	0
3	194000001	0.98381	0.995329	3	0	0
3	194500001	1.01706	0.995329	3	0	0
3	195000001	0.995304	0.995329	3	0	0
3	195500001	1.03223	0.995329	3	0	0
3	196000001	0.939486	0.995329	3	0	0
3	196500001	0.975883	0.995329	3	0	0
3	197000001	1.01879	0.995329	3	0	0
3	197500001	1.00249	0.995329	3	0	0
3	198000001	-1	-1	-1	0	0
4	1	1.04203	0.996463	3	0	0
4	500001	0.952928	0.996463	3	0	0
4	1000001	0.987419	0.996463	3	0	0
4	1500001	0.989095	0.996463	3	0	0
4	2000001	1.0464	0.996463	3	0	0
4	2500001	1.01242	0.996463	3	0	0
4	3000001	1.00455	0.996463	3	0	0
4	3500001	1.03307	0.996463	3	0	0
4	4000001	0.964989	0.996463	3	0	0
4	4500001	0.98425	0.996463	3	0	0
4	5000001	0.98278	0.996463	3	0	0
4	5500001	0.994747	0.996463	3	0	0
4	6000001	0.981555	0.996463	3	0	0
4	6500001	1.01023	0.996463	3	0	0
4	7000001	1.00869	0.996463	3	0	0
4	7500001	1.04521	0.996463	3	0	0
4	8000001	1.04599	0.996463	3	0	0
4	8500001	1.00613	0.996463	3	0	0
4	9000001	0.995055	0.996463	3	0	0
4	9500001	1.00369	0.996463	3	0	0
4	10000001	0.971414	0.996463	3	0	0
4	10500001	0.996087	0.996463	3	0	0
4	11000001	0.994534	0.996463	3	0	0
4	11500001	1.04067	0.996463	3	0	0
4	12000001	1.02485	0.996463	3	0	0
4	12500001	0.988628	0.996463	3	0	0
4	13000001	0.995268	0.996463	3	0	0
4	13500001	1.04004	0.996463	3	0	0
4	14000001	1.07003	0.996463	3	0	0
4	14500001	1.02993	0.996463	3	0	0
4	15000001	1.03649	0.996463	3	0	0
4	15500001	1.01741	0.996463	3	0	0
4	16000001	0.985103	0.996463	3	0	0
4	16500001	0.936303	0.996463	3	0	0
4	17000001	0.970969	0.996463	3	0	0
4	17500001	0.996379	0.996463	3	0	0
4	18000001	1.00576	0.996463	3	0	0
4	18500001	0.965918	0.996463	3	0	0
4	19000001	1.02221	0.996463	3	0	0
4	19500001	1.04765	0.996463	3	0	0
4	20000001	1.00184	0.996463	3	0	0
4	20500001	1.00176	0.996463	3	0	0
4	21000001	0.982172	0.996463	3	0	0
4	21500001	1.02204	0.996463	3	0	0
4	22000001	0.964878	0.996463	3	0	0
4	22500001	0.960916	0.996463	3	0	0
4	23000001	0.974739	0.996463	3	0	0
4	23500001	1.00224	0.996463	3	0	0
4	24000001	1.00489	0.996463	3	0	0
4	24500001	0.970728	0.996463	3	0	0
4	25000001	1.0002	0.996463	3	0	0
4	25500001	0.942158	0.996463	3	0	0
4	26000001	0.996041	0.996463	3	0	0
4	26500001	0.986911	0.996463	3	0	0
4	27000001	0.975965	0.996463	3	0	0
4	27500001	1.00193	0.996463	3	0	0
4	28000001	0.980634	0.996463	3	0	0
4	28500001	0.990785	0.996463	3	0	0
4	29000001	0.986982	0.996463	3	0	0
4	29500001	0.965429	0.996463	3	0	0
4	30000001	0.986846	0.996463	3	0	0
4	30500001	0.941703	0.996463	3	0	0
4	31000001	0.970649	0.996463	3	0	0
4	31500001	0.991305	0.996463	3	0	0
4	32000001	0.96574	0.996463	3	0	0
4	32500001	1.01348	0.996463	3	0	0
4	33000001	1.01665	0.996463	3	0	0
4	33500001	0.996375	0.996463	3	0	0
4	34000001	1.02372	0.996463	3	0	0
4	34500001	0.983625	0.996463	3	0	0
4	35000001	0.99417	0.996463	3	0	0
4	35500001	1.02394	0.996463	3	0	0
4	36000001	0.982354	0.996463	3	0	0
4	36500001	0.976697	0.996463	3	0	0
4	37000001	1.03176	0.996463	3	0	0
4	37500001	1.0004	0.996463	3	0	0
4	38000001	1.07571	0.996463	3	0	0
4	38500001	1.00412	0.996463	3	0	0
4	39000001	1.03265	0.996463	3	0	0
4	39500001	0.975498	0.996463	3	0	0
4	40000001	0.969365	0.996463	3	0	0
4	40500001	1.01072	0.996463	3	0	0
4	41000001	0.980524	0.996463	3	0	0
4	41500001	1.01787	0.996463	3	0	0
4	42000001	1.01598	0.996463	3	0	0
4	42500001	0.996547	0.996463	3	0	0
4	43000001	0.966781	0.996463	3	0	0
4	43500001	1.02237	0.996463	3	0	0
4	44000001	1.048	0.996463	3	0	0
4	44500001	1.0016	0.996463	3	0	0
4	45000001	1.00149	0.996463	3	0	0
4	45500001	0.99544	0.996463	3	0	0
4	46000001	0.983447	0.996463	3	0	0
4	46500001	0.987969	0.996463	3	0	0
4	47000001	1.03617	0.996463	3	0	0
4	47500001	1.0315	0.996463	3	0	0
4	48000001	1.02321	0.996463	3	0	0
4	48500001	1.00271	0.996463	3	0	0
4	49000001	-1	-1	-1	0	0
4	49500001	2.96014	2.96014	9	0	0
4	50000001	1.65446	1.65446	5	0	0
4	50500001	1.32849	1.32849	4	0	0
4	51000001	1.1016	1.00077	3	0	0
4	51500001	0.995881	1.00077	3	0	0
4	52000001	0.987733	1.00077	3	0	0
4	52500001	0.980327	1.00077	3	0	0
4	53000001	0.983796	1.00077	3	0	0
4	53500001	1.03211	1.00077	3	0	0
4	54000001	1.01425	1.00077	3	0	0
4	54500001	0.990543	1.00077	3	0	0
4	55000001	0.951655	1.00077	3	0	0
4	55500001	0.99799	1.00077	3	0	0
4	56000001	0.994588	1.00077	3	0	0
4	56500001	0.964424	1.00077	3	0	0
4	57000001	1.06347	1.00077	3	0	0
4	57500001	1.03075	1.00077	3	0	0
4	58000001	0.979227	1.00077	3	0	0
4	58500001	0.980303	1.00077	3	0	0
4	59000001	1.0012	1.00077	3	0	0
4	59500001	0.966564	1.00077	3	0	0
4	60000001	1.0061	1.00077	3	0	0
4	60500001	1.03245	1.00077	3	0	0
4	61000001	0.975692	1.00077	3	0	0
4	61500001	1.0178	1.00077	3	0	0
4	62000001	1.00186	1.00077	3	0	0
4	62500001	0.988139	1.00077	3	0	0
4	63000001	1.00344	1.00077	3	0	0
4	63500001	1.00162	1.00077	3	0	0
4	64000001	0.991623	1.00077	3	0	0
4	64500001	1.0059	1.00077	3	0	0
4	65000001	1.0331	1.00077	3	0	0
4	65500001	1.03117	1.00077	3	0	0
4	66000001	0.967619	1.00077	3	0	0
4	66500001	0.971522	1.00077	3	0	0
4	67000001	0.976411	1.00077	3	0	0
4	67500001	0.988029	1.00077	3	0	0
4	68000001	0.988956	1.00077	3	0	0
4	68500001	0.842286	1.00077	3	0	0
4	69000001	1.02168	1.00077	3	0	0
4	69500001	0.980292	1.00077	3	0	0
4	70000001	0.981461	1.00077	3	0	0
4	70500001	0.918473	1.00077	3	0	0
4	71000001	0.973153	1.00077	3	0	0
4	71500001	0.99995	1.00077	3	0	0
4	72000001	1.00717	1.00077	3	0	0
4	72500001	0.9836	1.00077	3	0	0
4	73000001	0.991159	1.00077	3	0	0
4	73500001	1.00277	1.00077	3	0	0
4	74000001	1.03693	1.00077	3	0	0
4	74500001	1.06263	1.00077	3	0	0
4	75000001	1.02174	1.00077	3	0	0
4	75500001	0.962905	1.00077	3	0	0
4	76000001	1.02914	1.00077	3	0	0
4	76500001	1.06371	1.00077	3	0	0
4	77000001	1.04737	1.00077	3	0	0
4	77500001	1.03854	1.00077	3	0	0
4	78000001	1.04431	1.00077	3	0	0
4	78500001	1.06536	1.00077	3	0	0
4	79000001	0.997027	1.00077	3	0	0
4	79500001	0.98618	1.00077	3	0	0
4	80000001	1.03887	1.00077	3	0	0
4	80500001	0.996892	1.00077	3	0	0
4	81000001	1.02807	1.00077	3	0	0
4	81500001	0.988313	1.00077	3	0	0
4	82000001	1.01361	1.00077	3	0	0
4	82500001	0.965374	1.00077	3	0	0
4	83000001	0.982342	1.00077	3	0	0
4	83500001	1.0211	1.00077	3	0	0
4	84000001	1.02187	1.00077	3	0	0
4	84500001	0.993374	1.00077	3	0	0
4	85000001	1.03377	1.00077	3	0	0
4	85500001	1.02158	1.00077	3	0	0
4	86000001	0.983908	1.00077	3	0	0
4	86500001	1.00533	1.00077	3	0	0
4	87000001	0.974771	1.00077	3	0	0
4	87500001	0.979995	1.00077	3	0	0
4	88000001	0.98084	1.00077	3	0	0
4	88500001	0.995958	1.00077	3	0	0
4	89000001	1.03383	1.00077	3	0	0
4	89500001	0.977142	1.00077	3	0	0
4	90000001	1.00077	1.00077	3	0	0
4	90500001	0.974618	1.00077	3	0	0
4	91000001	0.985738	1.00077	3	0	0
4	91500001	0.984432	1.00077	3	0	0
4	92000001	0.977888	1.00077	3	0	0
4	92500001	0.964873	1.00077	3	0	0
4	93000001	0.959331	1.00077	3	0	0
4	93500001	1.06709	1.00077	3	0	0
4	94000001	1.00904	1.00077	3	0	0
4	94500001	0.955797	1.00077	3	0	0
4	95000001	0.974493	1.00077	3	0	0
4	95500001	0.966096	1.00077	3	0	0
4	96000001	0.994439	1.00077	3	0	0
4	96500001	1.00837	1.00077	3	0	0
4	97000001	0.993636	1.00077	3	0	0
4	97500001	1.05413	1.00077	3	0	0
4	98000001	1.03751	1.00077	3	0	0
4	98500001	0.982382	1.00077	3	0	0
4	99000001	1.03268	1.00077	3	0	0
4	99500001	0.988256	1.00077	3	0	0
4	100000001	0.964357	1.00077	3	0	0
4	100500001	1.01469	1.00077	3	0	0
4	101000001	1.01578	1.00077	3	0	0
4	101500001	1.0416	1.00077	3	0	0
4	102000001	1.01532	1.00077	3	0	0
4	102500001	1.02226	1.00077	3	0	0
4	103000001	1.00384	1.00077	3	0	0
4	103500001	1.01471	1.00077	3	0	0
4	104000001	0.997085	1.00077	3	0	0
4	104500001	1.01254	1.00077	3	0	0
4	105000001	1.00576	1.00077	3	0	0
4	105500001	1.05165	1.00077	3	0	0
4	106000001	1.03943	1.00077	3	0	0
4	106500001	0.982711	1.00077	3	0	0
4	107000001	1.00625	1.00077	3	0	0
4	107500001	1.00514	1.00077	3	0	0
4	108000001	0.978962	1.00077	3	0	0
4	108500001	0.968253	1.00077	3	0	0
4	109000001	0.953855	1.00077	3	0	0
4	109500001	1.05059	1.00077	3	0	0
4	110000001	1.00011	1.00077	3	0	0
4	110500001	0.974112	1.00077	3	0	0
4	111000001	1.00955	1.00077	3	0	0
4	111500001	0.988654	1.00077	3	0	0
4	112000001	1.01853	1.00077	3	0	0
4	112500001	0.950479	1.00077	3	0	0
4	113000001	1.04648	1.00077	3	0	0
4	113500001	1.03412	1.00077	3	0	0
4	114000001	1.01748	1.00077	3	0	0
4	114500001	1.03192	1.00077	3	0	0
4	115000001	0.986804	1.00077	3	0	0
4	115500001	0.967514	1.00077	3	0	0
4	116000001	0.986053	1.00077	3	0	0
4	116500001	1.00715	1.00077	3	0	0
4	117000001	0.984691	1.00077	3	0	0
4	117500001	1.01466	1.00077	3	0	0
4	118000001	1.02202	1.00077	3	0	0
4	118500001	1.01882	1.00077	3	0	0
4	119000001	1.01313	1.00077	3	0	0
4	119500001	0.995142	1.00077	3	0	0
4	120000001	1.0233	1.00077	3	0	0
4	120500001	1.06027	1.00077	3	0	0
4	121000001	1.0284	1.00077	3	0	0
4	121500001	1.03968	1.00077	3	0	0
4	122000001	1.04703	1.00077	3	0	0
4	122500001	0.988803	1.00077	3	0	0
4	123000001	0.992807	1.00077	3	0	0
4	123500001	1.01412	1.00077	3	0	0
4	124000001	1.01359	1.00077	3	0	0
4	124500001	0.994871	1.00077	3	0	0
4	125000001	0.964039	1.00077	3	0	0
4	125500001	1.03571	1.00077	3	0	0
4	126000001	1.02866	1.00077	3	0	0
4	126500001	1.00176	1.00077	3	0	0
4	127000001	1.01927	1.00077	3	0	0
4	127500001	1.00805	1.00077	3	0	0
4	128000001	0.986608	1.00077	3	0	0
4	128500001	0.96374	1.00077	3	0	0
4	129000001	1.06272	1.00077	3	0	0
4	129500001	0.983041	1.00077	3	0	0
4	130000001	0.981585	1.00077	3	0	0
4	130500001	0.980498	1.00077	3	0	0
4	131000001	0.990948	1.00077	3	0	0
4	131500001	0.94699	1.00077	3	0	0
4	132000001	0.960634	1.00077	3	0	0
4	132500001	0.978624	1.00077	3	0	0
4	133000001	0.960049	1.00077	3	0	0
4	133500001	1.02466	1.00077	3	0	0
4	134000001	0.981938	1.00077	3	0	0
4	134500001	0.961893	1.00077	3	0	0
4	135000001	1.00994	1.00077	3	0	0
4	135500001	1.02055	1.00077	3	0	0
4	136000001	0.995628	1.00077	3	0	0
4	136500001	1.00784	1.00077	3	0	0
4	137000001	0.995182	1.00077	3	0	0
4	137500001	1.01032	1.00077	3	0	0
4	138000001	1.04201	1.00077	3	0	0
4	138500001	1.00248	1.00077	3	0	0
4	139000001	1.02024	1.00077	3	0	0
4	139500001	1.00322	1.00077	3	0	0
4	140000001	0.974549	1.00077	3	0	0
4	140500001	0.990605	1.00077	3	0	0
4	141000001	1.04027	1.00077	3	0	0
4	141500001	1.01802	1.00077	3	0	0
4	142000001	1.03683	1.00077	3	0	0
4	142500001	1.00613	1.00077	3	0	0
4	143000001	0.982106	1.00077	3	0	0
4	143500001	0.960906	1.00077	3	0	0
4	144000001	1.0166	1.00077	3	0	0
4	144500001	1.01593	1.00077	3	0	0
4	145000001	0.982616	1.00077	3	0	0
4	145500001	0.997695	1.00077	3	0	0
4	146000001	1.00626	1.00077	3	0	0
4	146500001	0.990708	1.00077	3	0	0
4	147000001	1.03891	1.00077	3	0	0
4	147500001	0.986496	1.00077	3	0	0
4	148000001	0.943331	1.00077	3	0	0
4	148500001	0.965752	1.00077	3	0	0
4	149000001	1.00374	1.00077	3	0	0
4	149500001	1.0551	1.00077	3	0	0
4	150000001	1.02186	1.00077	3	0	0
4	150500001	0.961442	1.00077	3	0	0
4	151000001	0.929078	1.00077	3	0	0
4	151500001	1.02338	1.00077	3	0	0
4	152000001	0.99726	1.00077	3	0	0
4	152500001	0.985936	1.00077	3	0	0
4	153000001	0.989549	1.00077	3	0	0
4	153500001	0.999725	1.00077	3	0	0
4	154000001	0.933658	1.00077	3	0	0
4	154500001	1.01576	1.00077	3	0	0
4	155000001	0.98461	1.00077	3	0	0
4	155500001	0.965461	1.00077	3	0	0
4	156000001	1.02629	1.00077	3	0	0
4	156500001	1.0254	1.00077	3	0	0
4	157000001	1.04364	1.00077	3	0	0
4	157500001	1.04383	1.00077	3	0	0
4	158000001	1.00839	1.00077	3	0	0
4	158500001	0.975281	1.00077	3	0	0
4	159000001	1.02947	1.00077	3	0	0
4	159500001	0.982222	0.982222	3	0	0
4	160000001	0.999147	0.982222	3	0	0
4	160500001	0.965234	0.982222	3	0	0
4	161000001	0.975349	0.982222	3	0	0
4	161500001	0.964035	0.982222	3	0	0
4	162000001	0.947104	0.982222	3	0	0
4	162500001	0.990319	0.982222	3	0	0
4	163000001	0.978848	0.982222	3	0	0
4	163500001	0.998721	0.982222	3	0	0
4	164000001	1.00139	0.982222	3	0	0
4	164500001	0.951682	0.982222	3	0	0
4	165000001	0.960896	0.982222	3	0	0
4	165500001	1.01708	0.982222	3	0	0
4	166000001	0.961369	0.982222	3	0	0
4	166500001	0.955741	0.982222	3	0	0
4	167000001	1.01702	0.982222	3	0	0
4	167500001	0.985783	0.982222	3	0	0
4	168000001	0.996956	0.982222	3	0	0
4	168500001	1.01026	0.982222	3	0	0
4	169000001	1.0205	0.982222	3	0	0
4	169500001	0.991672	0.982222	3	0	0
4	170000001	1.00329	0.982222	3	0	0
4	170500001	1.00858	0.982222	3	0	0
4	171000001	0.981524	0.982222	3	0	0
4	171500001	0.98061	0.982222	3	0	0
4	172000001	0.967801	0.982222	3	0	0
4	172500001	1.02376	0.982222	3	0	0
4	173000001	1.04803	0.982222	3	0	0
4	173500001	1.00162	0.982222	3	0	0
4	174000001	0.995355	0.982222	3	0	0
4	174500001	0.983985	0.982222	3	0	0
4	175000001	0.996249	0.982222	3	0	0
4	175500001	0.983796	0.982222	3	0	0
4	176000001	1.00264	0.982222	3	0	0
4	176500001	1.00162	0.982222	3	0	0
4	177000001	0.986562	0.982222	3	0	0
4	177500001	0.980621	0.982222	3	0	0
4	178000001	0.967619	0.982222	3	0	0
4	178500001	0.969405	0.982222	3	0	0
4	179000001	1.00107	0.982222	3	0	0
4	179500001	0.979612	0.982222	3	0	0
4	180000001	0.998986	0.982222	3	0	0
4	180500001	0.956365	0.982222	3	0	0
4	181000001	0.972006	0.982222	3	0	0
4	181500001	0.9476	0.982222	3	0	0
4	182000001	0.962044	0.982222	3	0	0
4	182500001	1.00757	0.982222	3	0	0
4	183000001	0.980384	0.982222	3	0	0
4	183500001	0.957519	0.982222	3	0	0
4	184000001	1.01638	0.982222	3	0	0
4	184500001	0.974161	0.982222	3	0	0
4	185000001	0.984233	0.982222	3	0	0
4	185500001	1.03675	0.982222	3	0	0
4	186000001	0.968466	0.982222	3	0	0
4	186500001	0.964017	0.982222	3	0	0
4	187000001	0.96168	0.982222	3	0	0
4	187500001	0.934864	0.982222	3	0	0
4	188000001	0.932025	0.982222	3	0	0
4	188500001	0.973389	0.982222	3	0	0
4	189000001	1.00039	0.982222	3	0	0
4	189500001	0.966866	0.982222	3	0	0
4	190000001	-1	-1	-1	0	0
5	1	1.31764	1.31926	4	0	0
5	500001	1.36907	1.31926	4	0	0
5	1000001	1.30736	1.31926	4	0	0
5	1500001	1.30891	1.31926	4	0	0
5	2000001	1.35669	1.31926	4	0	0
5	2500001	1.26785	1.31926	4	0	0
5	3000001	1.31323	1.31926	4	0	0
5	3500001	1.27024	1.31926	4	0	0
5	4000001	1.27179	1.31926	4	0	0
5	4500001	1.33321	1.31926	4	0	0
5	5000001	1.30978	1.31926	4	0	0
5	5500001	1.36235	1.31926	4	0	0
5	6000001	1.31409	1.31926	4	0	0
5	6500001	1.35427	1.31926	4	0	0
5	7000001	1.28982	1.31926	4	0	0
5	7500001	1.31306	1.31926	4	0	0
5	8000001	1.29158	1.31926	4	0	0
5	8500001	1.2842	1.31926	4	0	0
5	9000001	1.29296	1.31926	4	0	0
5	9500001	1.32544	1.31926	4	0	0
5	10000001	1.36659	1.31926	4	0	0
5	10500001	1.35075	1.31926	4	0	0
5	11000001	1.35866	1.31926	4	0	0
5	11500001	1.28219	1.31926	4	0	0
5	12000001	1.33503	1.31926	4	0	0
5	12500001	1.29687	1.31926	4	0	0
5	13000001	1.35636	1.31926	4	0	0
5	13500001	1.43366	1.31926	4	0	0
5	14000001	1.35576	1.31926	4	0	0
5	14500001	1.36804	1.31926	4	0	0
5	15000001	1.31671	1.31926	4	0	0
5	15500001	1.35423	1.31926	4	0	0
5	16000001	1.3374	1.31926	4	0	0
5	16500001	1.33179	1.31926	4	0	0
5	17000001	1.3014	1.31926	4	0	0
5	17500001	1.73982	1.31926	4	0	0
5	18000001	1.30586	1.31926	4	0	0
5	18500001	1.33475	1.31926	4	0	0
5	19000001	1.31481	1.31926	4	0	0
5	19500001	1.27564	1.31926	4	0	0
5	20000001	1.30122	1.31926	4	0	0
5	20500001	1.32747	1.31926	4	0	0
5	21000001	1.35426	1.31926	4	0	0
5	21500001	1.25455	1.31926	4	0	0
5	22000001	1.254	1.31926	4	0	0
5	22500001	1.30955	1.31926	4	0	0
5	23000001	1.27722	1.31926	4	0	0
5	23500001	1.32028	1.31926	4	0	0
5	24000001	1.3098	1.31926	4	0	0
5	24500001	1.3188	1.31926	4	0	0
5	25000001	1.25878	1.31926	4	0	0
5	25500001	1.26506	1.31926	4	0	0
5	26000001	1.27382	1.31926	4	0	0
5	26500001	1.28136	1.31926	4	0	0
5	27000001	1.30927	1.31926	4	0	0
5	27500001	1.26717	1.31926	4	0	0
5	28000001	1.28633	1.31926	4	0	0
5	28500001	1.30046	1.31926	4	0	0
5	29000001	1.29846	1.31926	4	0	0
5	29500001	1.31187	1.31926	4	0	0
5	30000001	1.31402	1.31926	4	0	0
5	30500001	1.37212	1.31926	4	0	0
5	31000001	1.33446	1.31926	4	0	0
5	31500001	1.28774	1.31926	4	0	0
5	32000001	1.31926	1.31926	4	0	0
5	32500001	1.30722	1.31926	4	0	0
5	33000001	1.40991	1.31926	4	0	0
5	33500001	1.38854	1.31926	4	0	0
5	34000001	1.49795	1.31926	4	0	0
5	34500001	1.34793	1.31926	4	0	0
5	35000001	1.37478	1.31926	4	0	0
5	35500001	1.32854	1.31926	4	0	0
5	36000001	1.33447	1.31926	4	0	0
5	36500001	1.36147	1.31926	4	0	0
5	37000001	1.29922	1.31926	4	0	0
5	37500001	1.36943	1.31926	4	0	0
5	38000001	1.34543	1.31926	4	0	0
5	38500001	1.36803	1.31926	4	0	0
5	39000001	1.35872	1.31926	4	0	0
5	39500001	1.34331	1.31926	4	0	0
5	40000001	1.35522	1.31926	4	0	0
5	40500001	1.31412	1.31926	4	0	0
5	41000001	1.36505	1.31926	4	0	0
5	41500001	1.33461	1.31926	4	0	0
5	42000001	1.37103	1.31926	4	0	0
5	42500001	1.33135	1.31926	4	0	0
5	43000001	1.31372	1.31926	4	0	0
5	43500001	1.38752	1.31926	4	0	0
5	44000001	1.36611	1.31926	4	0	0
5	44500001	1.06957	1.01776	3	0	0
5	45000001	0.985335	1.01776	3	0	0
5	45500001	0.992702	1.01776	3	0	0
5	46000001	1.04282	1.01776	3	0	0
5	46500001	0.535512	0.535512	2	0	0
5	47000001	1.16727	1.36069	4	0	0
5	47500001	1.36069	1.36069	4	0	0
5	48000001	1.39236	1.36069	4	0	0
5	48500001	1.71756	1.71756	5	0	0
5	49000001	2.5764	2.5764	8	0	0
5	49500001	6.11043	6.11043	18	0	0
5	50000001	1.27272	1.27272	4	0	0
5	50500001	0.9715	1.00737	3	0	0
5	51000001	0.976688	1.00737	3	0	0
5	51500001	1.02081	1.00737	3	0	0
5	52000001	1.02659	1.00737	3	0	0
5	52500001	1.00934	1.00737	3	0	0
5	53000001	1.05498	1.00737	3	0	0
5	53500001	0.999559	1.00737	3	0	0
5	54000001	0.99693	1.00737	3	0	0
5	54500001	1.0279	1.00737	3	0	0
5	55000001	1.01999	1.00737	3	0	0
5	55500001	0.989127	1.00737	3	0	0
5	56000001	1.00123	1.00737	3	0	0
5	56500001	1.02125	1.00737	3	0	0
5	57000001	1.02108	1.00737	3	0	0
5	57500001	1.05404	1.00737	3	0	0
5	58000001	1.03398	1.00737	3	0	0
5	58500001	1.01917	1.00737	3	0	0
5	59000001	0.99793	1.00737	3	0	0
5	59500001	1.01927	1.00737	3	0	0
5	60000001	1.03135	1.00737	3	0	0
5	60500001	0.998464	1.00737	3	0	0
5	61000001	1.01569	1.00737	3	0	0
5	61500001	0.995986	1.00737	3	0	0
5	62000001	1.0238	1.00737	3	0	0
5	62500001	0.956353	1.00737	3	0	0
5	63000001	1.01256	1.00737	3	0	0
5	63500001	1.00043	1.00737	3	0	0
5	64000001	1.02554	1.00737	3	0	0
5	64500001	1.02897	1.00737	3	0	0
5	65000001	1.01414	1.00737	3	0	0
5	65500001	1.01216	1.00737	3	0	0
5	66000001	1.0902	1.00737	3	0	0
5	66500001	0.994593	1.00737	3	0	0
5	67000001	1.04323	1.00737	3	0	0
5	67500001	0.981977	1.00737	3	0	0
5	68000001	1.00324	1.00737	3	0	0
5	68500001	1.0118	1.00737	3	0	0
5	69000001	0.921639	1.00737	3	0	0
5	69500001	0.877525	1.00737	3	0	0
5	70000001	0.891876	1.00737	3	0	0
5	70500001	0.960952	1.00737	3	0	0
5	71000001	0.988327	1.00737	3	0	0
5	71500001	1.02707	1.00737	3	0	0
5	72000001	1.01696	1.00737	3	0	0
5	72500001	1.02617	1.00737	3	0	0
5	73000001	1.04899	1.00737	3	0	0
5	73500001	1.02208	1.00737	3	0	0
5	74000001	1.03052	1.00737	3	0	0
5	74500001	1.02213	1.00737	3	0	0
5	75000001	0.996355	1.00737	3	0	0
5	75500001	1.00661	1.00737	3	0	0
5	76000001	1.01675	1.00737	3	0	0
5	76500001	1.00691	1.00737	3	0	0
5	77000001	1.00723	1.00737	3	0	0
5	77500001	0.99518	1.00737	3	0	0
5	78000001	1.05172	1.00737	3	0	0
5	78500001	1.0087	1.00737	3	0	0
5	79000001	0.946093	1.00737	3	0	0
5	79500001	0.953988	1.00737	3	0	0
5	80000001	0.974714	1.00737	3	0	0
5	80500001	0.979541	1.00737	3	0	0
5	81000001	0.981964	1.00737	3	0	0
5	81500001	1.00914	1.00737	3	0	0
5	82000001	0.981178	1.00737	3	0	0
5	82500001	1.01815	1.00737	3	0	0
5	83000001	1.0412	1.00737	3	0	0
5	83500001	1.0787	1.00737	3	0	0
5	84000001	1.04593	1.00737	3	0	0
5	84500001	1.03305	1.00737	3	0	0
5	85000001	1.03142	1.00737	3	0	0
5	85500001	0.99586	1.00737	3	0	0
5	86000001	0.963708	1.00737	3	0	0
5	86500001	1.03501	1.00737	3	0	0
5	87000001	1.03959	1.00737	3	0	0
5	87500001	1.08468	1.00737	3	0	0
5	88000001	1.0139	1.00737	3	0	0
5	88500001	0.990194	1.00737	3	0	0
5	89000001	1.05534	1.00737	3	0	0
5	89500001	1.00378	1.00737	3	0	0
5	90000001	1.01596	1.00737	3	0	0
5	90500001	1.05325	1.00737	3	0	0
5	91000001	1.01479	1.00737	3	0	0
5	91500001	1.00317	1.00737	3	0	0
5	92000001	1.05399	1.00737	3	0	0
5	92500001	1.02078	1.00737	3	0	0
5	93000001	0.987354	1.00737	3	0	0
5	93500001	1.00558	1.00737	3	0	0
5	94000001	1.03635	1.00737	3	0	0
5	94500001	0.971673	1.00737	3	0	0
5	95000001	0.997111	1.00737	3	0	0
5	95500001	1.07313	1.00737	3	0	0
5	96000001	1.0549	1.00737	3	0	0
5	96500001	1.05648	1.00737	3	0	0
5	97000001	1.01863	1.00737	3	0	0
5	97500001	0.992592	1.00737	3	0	0
5	98000001	1.01697	1.00737	3	0	0
5	98500001	1.0052	1.00737	3	0	0
5	99000001	1.00625	1.00737	3	0	0
5	99500001	1.01981	1.00737	3	0	0
5	100000001	0.97097	1.00737	3	0	0
5	100500001	0.991572	1.00737	3	0	0
5	101000001	0.989562	1.00737	3	0	0
5	101500001	0.991829	1.00737	3	0	0
5	102000001	0.996129	1.00737	3	0	0
5	102500001	1.01266	1.00737	3	0	0
5	103000001	1.02661	1.00737	3	0	0
5	103500001	1.01347	1.00737	3	0	0
5	104000001	1.0168	1.00737	3	0	0
5	104500001	0.985026	1.00737	3	0	0
5	105000001	1.03971	1.00737	3	0	0
5	105500001	1.0033	1.00737	3	0	0
5	106000001	1.06498	1.00737	3	0	0
5	106500001	1.01195	1.00737	3	0	0
5	107000001	1.0282	1.00737	3	0	0
5	107500001	1.00246	1.00737	3	0	0
5	108000001	1.01788	1.00737	3	0	0
5	108500001	1.0142	1.00737	3	0	0
5	109000001	1.03773	1.00737	3	0	0
5	109500001	1.01946	1.00737	3	0	0
5	110000001	1.0193	1.00737	3	0	0
5	110500001	1.00551	1.00737	3	0	0
5	111000001	0.999162	1.00737	3	0	0
5	111500001	0.98412	1.00737	3	0	0
5	112000001	0.989877	1.00737	3	0	0
5	112500001	0.970828	1.00737	3	0	0
5	113000001	1.06659	1.00737	3	0	0
5	113500001	1.0101	1.00737	3	0	0
5	114000001	0.967635	1.00737	3	0	0
5	114500001	1.0121	1.00737	3	0	0
5	115000001	0.976638	1.00737	3	0	0
5	115500001	1.01393	1.00737	3	0	0
5	116000001	1.0517	1.00737	3	0	0
5	116500001	0.95592	1.00737	3	0	0
5	117000001	0.962784	1.00737	3	0	0
5	117500001	0.977452	1.00737	3	0	0
5	118000001	0.979542	1.00737	3	0	0
5	118500001	1.01342	1.00737	3	0	0
5	119000001	0.965845	1.00737	3	0	0
5	119500001	1.01421	1.00737	3	0	0
5	120000001	1.01717	1.00737	3	0	0
5	120500001	0.984834	1.00737	3	0	0
5	121000001	1.00291	1.00737	3	0	0
5	121500001	1.00993	1.00737	3	0	0
5	122000001	1.02704	1.00737	3	0	0
5	122500001	0.995496	1.00737	3	0	0
5	123000001	0.990399	1.00737	3	0	0
5	123500001	0.995465	1.00737	3	0	0
5	124000001	1.07424	1.00737	3	0	0
5	124500001	0.959729	1.00737	3	0	0
5	125000001	1.00885	1.00737	3	0	0
5	125500001	1.03299	1.00737	3	0	0
5	126000001	1.00779	1.00737	3	0	0
5	126500001	0.989072	1.00737	3	0	0
5	127000001	1.04748	1.00737	3	0	0
5	127500001	1.00992	1.00737	3	0	0
5	128000001	1.02865	1.00737	3	0	0
5	128500001	0.971876	1.00737	3	0	0
5	129000001	1.00764	1.00737	3	0	0
5	129500001	0.982468	1.00737	3	0	0
5	130000001	0.999869	1.00737	3	0	0
5	130500001	0.992467	1.00737	3	0	0
5	131000001	1.01767	1.00737	3	0	0
5	131500001	0.975908	1.00737	3	0	0
5	132000001	1.08151	1.00737	3	0	0
5	132500001	0.974447	1.00737	3	0	0
5	133000001	1.02592	1.00737	3	0	0
5	133500001	0.99709	1.00737	3	0	0
5	134000001	1.00642	1.00737	3	0	0
5	134500001	0.969321	1.00737	3	0	0
5	135000001	1.04827	1.00737	3	0	0
5	135500001	0.978473	1.00737	3	0	0
5	136000001	1.02626	1.00737	3	0	0
5	136500001	0.983096	1.00737	3	0	0
5	137000001	1.0108	1.00737	3	0	0
5	137500001	0.988189	1.00737	3	0	0
5	138000001	1.01238	1.00737	3	0	0
5	138500001	1.01326	1.00737	3	0	0
5	139000001	1.00619	1.00737	3	0	0
5	139500001	0.982528	1.00737	3	0	0
5	140000001	1.03609	1.00737	3	0	0
5	140500001	0.934666	1.00737	3	0	0
5	141000001	0.968764	1.00737	3	0	0
5	141500001	1.04621	1.00737	3	0	0
5	142000001	0.952668	1.00737	3	0	0
5	142500001	1.012	1.00737	3	0	0
5	143000001	1.04165	1.00737	3	0	0
5	143500001	1.00746	1.00737	3	0	0
5	144000001	1.01003	1.00737	3	0	0
5	144500001	1.01664	1.00737	3	0	0
5	145000001	1.00684	1.00737	3	0	0
5	145500001	0.999274	1.00737	3	0	0
5	146000001	1.0045	1.00737	3	0	0
5	146500001	0.985563	1.00737	3	0	0
5	147000001	0.96949	1.00737	3	0	0
5	147500001	0.978198	1.00737	3	0	0
5	148000001	1.0451	1.00737	3	0	0
5	148500001	1.08554	1.00737	3	0	0
5	149000001	1.06078	1.00737	3	0	0
5	149500001	0.975041	1.00737	3	0	0
5	150000001	1.01924	1.00737	3	0	0
5	150500001	1.01275	1.00737	3	0	0
5	151000001	1.0289	1.00737	3	0	0
5	151500001	1.02063	1.00737	3	0	0
5	152000001	1.01958	1.00737	3	0	0
5	152500001	0.955174	1.00737	3	0	0
5	153000001	0.993089	1.00737	3	0	0
5	153500001	1.01528	1.00737	3	0	0
5	154000001	1.00532	1.00737	3	0	0
5	154500001	1.02836	1.00737	3	0	0
5	155000001	1.01376	1.00737	3	0	0
5	155500001	0.956209	1.00737	3	0	0
5	156000001	0.934206	1.00737	3	0	0
5	156500001	0.928555	1.00737	3	0	0
5	157000001	0.993322	1.00737	3	0	0
5	157500001	1.00565	1.00737	3	0	0
5	158000001	0.991145	1.00737	3	0	0
5	158500001	0.992131	1.00737	3	0	0
5	159000001	1.00729	1.00737	3	0	0
5	159500001	1.00776	1.00737	3	0	0
5	160000001	1.03008	1.00737	3	0	0
5	160500001	1.03847	1.00737	3	0	0
5	161000001	0.975994	1.00737	3	0	0
5	161500001	0.997583	1.00737	3	0	0
5	162000001	0.95306	1.00737	3	0	0
5	162500001	1.00887	1.00737	3	0	0
5	163000001	1.0039	1.00737	3	0	0
5	163500001	0.990888	1.00737	3	0	0
5	164000001	0.961523	1.00737	3	0	0
5	164500001	0.923197	1.00737	3	0	0
5	165000001	0.929496	1.00737	3	0	0
5	165500001	0.971073	1.00737	3	0	0
5	166000001	0.97364	1.00737	3	0	0
5	166500001	0.941225	1.00737	3	0	0
5	167000001	0.992907	1.00737	3	0	0
5	167500001	0.991503	1.00737	3	0	0
5	168000001	1.01984	1.00737	3	0	0
5	168500001	1.04482	1.00737	3	0	0
5	169000001	1.00392	1.00737	3	0	0
5	169500001	1.00711	1.00737	3	0	0
5	170000001	1.04794	1.00737	3	0	0
5	170500001	0.983562	1.00737	3	0	0
5	171000001	0.986355	1.00737	3	0	0
5	171500001	1.01343	1.00737	3	0	0
5	172000001	0.962957	1.00737	3	0	0
5	172500001	1.08474	1.00737	3	0	0
5	173000001	1.01689	1.00737	3	0	0
5	173500001	1.02872	1.00737	3	0	0
5	174000001	1.01108	1.00737	3	0	0
5	174500001	0.959084	1.00737	3	0	0
5	175000001	0.983679	1.00737	3	0	0
5	175500001	1.05515	1.00737	3	0	0
5	176000001	1.01871	1.00737	3	0	0
5	176500001	0.999345	1.00737	3	0	0
5	177000001	0.981708	1.00737	3	0	0
5	177500001	0.959636	1.00737	3	0	0
5	178000001	0.962501	1.00737	3	0	0
5	178500001	0.922614	1.00737	3	0	0
5	179000001	1.01346	1.00737	3	0	0
5	179500001	1.16277	1.00737	3	0	0
5	180000001	0.972987	1.00737	3	0	0
5	180500001	1.00992	1.00737	3	0	0
5	181000001	0.871825	1.00737	3	0	0
5	181500001	-1	-1	-1	0	0
6	1	1.17074	1.32287	4	0	0
6	500001	1.30446	1.32287	4	0	0
6	1000001	1.30456	1.32287	4	0	0
6	1500001	1.36547	1.32287	4	0	0
6	2000001	1.32677	1.32287	4	0	0
6	2500001	1.34431	1.32287	4	0	0
6	3000001	1.36674	1.32287	4	0	0
6	3500001	1.37746	1.32287	4	0	0
6	4000001	1.34803	1.32287	4	0	0
6	4500001	1.31312	1.32287	4	0	0
6	5000001	1.28795	1.32287	4	0	0
6	5500001	1.31861	1.32287	4	0	0
6	6000001	1.34728	1.32287	4	0	0
6	6500001	1.36444	1.32287	4	0	0
6	7000001	1.25521	1.32287	4	0	0
6	7500001	1.40458	1.32287	4	0	0
6	8000001	1.31809	1.32287	4	0	0
6	8500001	1.31961	1.32287	4	0	0
6	9000001	1.34121	1.32287	4	0	0
6	9500001	1.3668	1.32287	4	0	0
6	10000001	1.30581	1.32287	4	0	0
6	10500001	1.36703	1.32287	4	0	0
6	11000001	1.56508	1.32287	4	0	0
6	11500001	1.31505	1.32287	4	0	0
6	12000001	1.37723	1.32287	4	0	0
6	12500001	1.32209	1.32287	4	0	0
6	13000001	1.33874	1.32287	4	0	0
6	13500001	1.34239	1.32287	4	0	0
6	14000001	1.36282	1.32287	4	0	0
6	14500001	1.32783	1.32287	4	0	0
6	15000001	1.28379	1.32287	4	0	0
6	15500001	1.31373	1.32287	4	0	0
6	16000001	1.31079	1.32287	4	0	0
6	16500001	1.35403	1.32287	4	0	0
6	17000001	1.30415	1.32287	4	0	0
6	17500001	1.32719	1.32287	4	0	0
6	18000001	1.34398	1.32287	4	0	0
6	18500001	1.35617	1.32287	4	0	0
6	19000001	1.28304	1.32287	4	0	0
6	19500001	1.25676	1.32287	4	0	0
6	20000001	1.2935	1.32287	4	0	0
6	20500001	1.26307	1.32287	4	0	0
6	21000001	1.32728	1.32287	4	0	0
6	21500001	1.2159	1.32287	4	0	0
6	22000001	1.24962	1.32287	4	0	0
6	22500001	1.32905	1.32287	4	0	0
6	23000001	1.28928	1.32287	4	0	0
6	23500001	1.32643	1.32287	4	0	0
6	24000001	1.30236	1.32287	4	0	0
6	24500001	1.30869	1.32287	4	0	0
6	25000001	1.28794	1.32287	4	0	0
6	25500001	1.30383	1.32287	4	0	0
6	26000001	1.26136	1.32287	4	0	0
6	26500001	1.29138	1.32287	4	0	0
6	27000001	1.22229	1.32287	4	0	0
6	27500001	1.23192	1.32287	4	0	0
6	28000001	1.33866	1.32287	4	0	0
6	28500001	1.2783	1.32287	4	0	0
6	29000001	1.31845	1.32287	4	0	0
6	29500001	1.33471	1.32287	4	0	0
6	30000001	1.37198	1.32287	4	0	0
6	30500001	1.32654	1.32287	4	0	0
6	31000001	1.32365	1.32287	4	0	0
6	31500001	1.40492	1.32287	4	0	0
6	32000001	1.30989	1.32287	4	0	0
6	32500001	1.24988	1.32287	4	0	0
6	33000001	1.36907	1.32287	4	0	0
6	33500001	1.41825	1.32287	4	0	0
6	34000001	1.33775	1.32287	4	0	0
6	34500001	1.47539	1.32287	4	0	0
6	35000001	2.03828	2.02595	6	0	0
6	35500001	1.92875	2.02595	6	0	0
6	36000001	2.02595	2.02595	6	0	0
6	36500001	2.06001	2.02595	6	0	0
6	37000001	2.04339	2.02595	6	0	0
6	37500001	2.01443	2.02595	6	0	0
6	38000001	2.02293	2.02595	6	0	0
6	38500001	1.3795	1.36725	4	0	0
6	39000001	1.355	1.36725	4	0	0
6	39500001	1.58274	1.58274	5	0	0
6	40000001	2.05265	2.04412	6	0	0
6	40500001	2.08131	2.04412	6	0	0
6	41000001	2.03559	2.04412	6	0	0
6	41500001	2.08652	2.04412	6	0	0
6	42000001	2.02423	2.04412	6	0	0
6	42500001	1.90471	2.04412	6	0	0
6	43000001	1.69649	1.69649	5	0	0
6	43500001	1.42287	1.35215	4	0	0
6	44000001	1.41063	1.35215	4	0	0
6	44500001	1.35855	1.35215	4	0	0
6	45000001	1.38488	1.35215	4	0	0
6	45500001	1.3653	1.35215	4	0	0
6	46000001	1.41869	1.35215	4	0	0
6	46500001	1.37134	1.35215	4	0	0
6	47000001	1.37418	1.35215	4	0	0
6	47500001	1.3523	1.35215	4	0	0
6	48000001	1.3393	1.35215	4	0	0
6	48500001	1.34376	1.35215	4	0	0
6	49000001	1.33103	1.35215	4	0	0
6	49500001	1.34248	1.35215	4	0	0
6	50000001	1.27769	1.35215	4	0	0
6	50500001	1.31678	1.35215	4	0	0
6	51000001	1.352	1.35215	4	0	0
6	51500001	1.3245	1.35215	4	0	0
6	52000001	1.3657	1.35215	4	0	0
6	52500001	1.37158	1.35215	4	0	0
6	53000001	1.33721	1.35215	4	0	0
6	53500001	1.35343	1.35215	4	0	0
6	54000001	1.33307	1.35215	4	0	0
6	54500001	1.36703	1.35215	4	0	0
6	55000001	1.33684	1.35215	4	0	0
6	55500001	1.37763	1.35215	4	0	0
6	56000001	1.34859	1.35215	4	0	0
6	56500001	1.35929	1.35215	4	0	0
6	57000001	1.34333	1.35215	4	0	0
6	57500001	1.33071	1.35215	4	0	0
6	58000001	1.32704	1.35215	4	0	0
6	58500001	2.40166	2.34894	7	0	0
6	59000001	2.29622	2.34894	7	0	0
6	59500001	-1	-1	-1	0	0
6	60000001	-1	-1	-1	0	0
6	60500001	1.3499	1.34476	4	0	0
6	61000001	1.29564	1.34476	4	0	0
6	61500001	1.35847	1.34476	4	0	0
6	62000001	1.33843	1.34476	4	0	0
6	62500001	1.32341	1.34476	4	0	0
6	63000001	1.29921	1.34476	4	0	0
6	63500001	1.36397	1.34476	4	0	0
6	64000001	1.35991	1.34476	4	0	0
6	64500001	1.37077	1.34476	4	0	0
6	65000001	1.37692	1.34476	4	0	0
6	65500001	1.35964	1.34476	4	0	0
6	66000001	1.31524	1.34476	4	0	0
6	66500001	1.37749	1.34476	4	0	0
6	67000001	1.33963	1.34476	4	0	0
6	67500001	1.36872	1.34476	4	0	0
6	68000001	1.33203	1.34476	4	0	0
6	68500001	1.33429	1.34476	4	0	0
6	69000001	1.35565	1.34476	4	0	0
6	69500001	1.299	1.34476	4	0	0
6	70000001	1.33659	1.34476	4	0	0
6	70500001	1.3253	1.34476	4	0	0
6	71000001	1.41318	1.34476	4	0	0
6	71500001	1.35995	1.34476	4	0	0
6	72000001	1.36577	1.34476	4	0	0
6	72500001	1.36845	1.34476	4	0	0
6	73000001	1.30381	1.34476	4	0	0
6	73500001	1.32676	1.34476	4	0	0
6	74000001	1.21263	1.34476	4	0	0
6	74500001	1.02479	0.995328	3	0	0
6	75000001	1.02498	0.995328	3	0	0
6	75500001	1.00842	0.995328	3	0	0
6	76000001	0.979902	0.995328	3	0	0
6	76500001	0.976384	0.995328	3	0	0
6	77000001	0.982237	0.995328	3	0	0
6	77500001	0.664619	0.672531	2	0	0
6	78000001	0.57332	0.672531	2	0	0
6	78500001	0.671101	0.672531	2	0	0
6	79000001	0.679762	0.672531	2	0	0
6	79500001	0.657055	0.672531	2	0	0
6	80000001	0.662812	0.672531	2	0	0
6	80500001	0.679494	0.672531	2	0	0
6	81000001	0.678163	0.672531	2	0	0
6	81500001	0.693293	0.672531	2	0	0
6	82000001	0.664102	0.672531	2	0	0
6	82500001	0.69851	0.672531	2	0	0
6	83000001	0.662984	0.672531	2	0	0
6	83500001	0.690389	0.672531	2	0	0
6	84000001	0.686418	0.672531	2	0	0
6	84500001	0.692509	0.672531	2	0	0
6	85000001	0.688745	0.672531	2	0	0
6	85500001	0.712907	0.672531	2	0	0
6	86000001	0.688308	0.672531	2	0	0
6	86500001	0.664667	0.672531	2	0	0
6	87000001	0.658627	0.672531	2	0	0
6	87500001	0.681085	0.672531	2	0	0
6	88000001	0.646284	0.672531	2	0	0
6	88500001	0.689492	0.672531	2	0	0
6	89000001	0.661431	0.672531	2	0	0
6	89500001	0.630543	0.672531	2	0	0
6	90000001	0.673276	0.672531	2	0	0
6	90500001	0.710945	0.672531	2	0	0
6	91000001	0.692863	0.672531	2	0	0
6	91500001	0.701397	0.672531	2	0	0
6	92000001	0.624005	0.672531	2	0	0
6	92500001	0.66026	0.672531	2	0	0
6	93000001	0.66432	0.672531	2	0	0
6	93500001	0.693012	0.672531	2	0	0
6	94000001	0.677916	0.672531	2	0	0
6	94500001	0.684269	0.672531	2	0	0
6	95000001	0.662621	0.672531	2	0	0
6	95500001	0.641024	0.672531	2	0	0
6	96000001	0.661441	0.672531	2	0	0
6	96500001	0.676515	0.672531	2	0	0
6	97000001	0.668074	0.672531	2	0	0
6	97500001	0.670178	0.672531	2	0	0
6	98000001	0.653883	0.672531	2	0	0
6	98500001	0.681743	0.672531	2	0	0
6	99000001	0.646579	0.672531	2	0	0
6	99500001	0.672531	0.672531	2	0	0
6	100000001	0.68284	0.672531	2	0	0
6	100500001	0.683031	0.672531	2	0	0
6	101000001	0.674999	0.672531	2	0	0
6	101500001	0.665284	0.672531	2	0	0
6	102000001	0.671968	0.672531	2	0	0
6	102500001	0.663052	0.672531	2	0	0
6	103000001	0.653778	0.672531	2	0	0
6	103500001	0.683405	0.672531	2	0	0
6	104000001	0.657063	0.672531	2	0	0
6	104500001	0.69269	0.672531	2	0	0
6	105000001	0.666522	0.672531	2	0	0
6	105500001	0.663066	0.672531	2	0	0
6	106000001	0.70104	0.672531	2	0	0
6	106500001	0.672607	0.672531	2	0	0
6	107000001	0.609172	0.672531	2	0	0
6	107500001	0.67402	0.672531	2	0	0
6	108000001	0.641681	0.672531	2	0	0
6	108500001	0.683334	0.672531	2	0	0
6	109000001	0.671354	0.672531	2	0	0
6	109500001	0.635467	0.672531	2	0	0
6	110000001	0.649954	0.672531	2	0	0
6	110500001	0.647186	0.672531	2	0	0
6	111000001	0.663471	0.672531	2	0	0
6	111500001	0.670289	0.672531	2	0	0
6	112000001	0.64817	0.672531	2	0	0
6	112500001	0.675888	0.672531	2	0	0
6	113000001	0.700083	0.672531	2	0	0
6	113500001	0.641739	0.672531	2	0	0
6	114000001	0.691154	0.672531	2	0	0
6	114500001	0.670887	0.672531	2	0	0
6	115000001	0.692009	0.672531	2	0	0
6	115500001	0.703836	0.672531	2	0	0
6	116000001	0.709653	0.672531	2	0	0
6	116500001	0.699472	0.672531	2	0	0
6	117000001	0.689975	0.672531	2	0	0
6	117500001	0.70042	0.672531	2	0	0
6	118000001	0.692657	0.672531	2	0	0
6	118500001	0.665008	0.672531	2	0	0
6	119000001	0.683567	0.672531	2	0	0
6	119500001	0.677892	0.672531	2	0	0
6	120000001	0.664052	0.672531	2	0	0
6	120500001	0.666022	0.672531	2	0	0
6	121000001	0.652138	0.672531	2	0	0
6	121500001	0.641748	0.672531	2	0	0
6	122000001	0.655835	0.672531	2	0	0
6	122500001	0.677207	0.672531	2	0	0
6	123000001	0.680644	0.672531	2	0	0
6	123500001	0.652753	0.672531	2	0	0
6	124000001	0.659188	0.672531	2	0	0
6	124500001	0.696926	0.672531	2	0	0
6	125000001	0.688575	0.672531	2	0	0
6	125500001	0.648435	0.672531	2	0	0
6	126000001	0.689655	0.672531	2	0	0
6	126500001	0.679893	0.672531	2	0	0
6	127000001	0.706146	0.672531	2	0	0
6	127500001	0.686052	0.672531	2	0	0
6	128000001	0.698121	0.672531	2	0	0
6	128500001	0.674306	0.672531	2	0	0
6	129000001	0.710636	0.672531	2	0	0
6	129500001	0.71349	0.672531	2	0	0
6	130000001	0.691119	0.672531	2	0	0
6	130500001	0.668104	0.672531	2	0	0
6	131000001	0.705594	0.672531	2	0	0
6	131500001	0.690461	0.672531	2	0	0
6	132000001	0.699717	0.672531	2	0	0
6	132500001	0.694646	0.672531	2	0	0
6	133000001	0.65796	0.672531	2	0	0
6	133500001	0.672612	0.672531	2	0	0
6	134000001	0.659526	0.672531	2	0	0
6	134500001	0.694279	0.672531	2	0	0
6	135000001	0.652832	0.672531	2	0	0
6	135500001	0.68526	0.672531	2	0	0
6	136000001	0.674057	0.672531	2	0	0
6	136500001	0.670997	0.672531	2	0	0
6	137000001	0.6626	0.672531	2	0	0
6	137500001	0.675354	0.672531	2	0	0
6	138000001	0.66643	0.672531	2	0	0
6	138500001	0.621922	0.672531	2	0	0
6	139000001	0.6799	0.672531	2	0	0
6	139500001	0.679295	0.672531	2	0	0
6	140000001	0.696227	0.672531	2	0	0
6	140500001	0.661512	0.672531	2	0	0
6	141000001	0.679428	0.672531	2	0	0
6	141500001	0.693369	0.672531	2	0	0
6	142000001	0.70154	0.672531	2	0	0
6	142500001	0.651738	0.672531	2	0	0
6	143000001	0.694259	0.672531	2	0	0
6	143500001	0.660385	0.672531	2	0	0
6	144000001	0.689409	0.672531	2	0	0
6	144500001	0.67514	0.672531	2	0	0
6	145000001	0.699415	0.672531	2	0	0
6	145500001	0.642026	0.672531	2	0	0
6	146000001	0.679362	0.672531	2	0	0
6	146500001	0.673638	0.672531	2	0	0
6	147000001	0.663307	0.672531	2	0	0
6	147500001	0.657727	0.672531	2	0	0
6	148000001	0.64829	0.672531	2	0	0
6	148500001	0.669204	0.672531	2	0	0
6	149000001	0.63943	0.672531	2	0	0
6	149500001	0.650924	0.672531	2	0	0
6	150000001	0.647132	0.672531	2	0	0
6	150500001	0.652625	0.672531	2	0	0
6	151000001	0.625936	0.672531	2	0	0
6	151500001	0.618673	0.672531	2	0	0
6	152000001	0.653916	0.672531	2	0	0
6	152500001	0.65005	0.672531	2	0	0
6	153000001	0.682	0.672531	2	0	0
6	153500001	0.68986	0.672531	2	0	0
6	154000001	0.66366	0.672531	2	0	0
6	154500001	0.638189	0.672531	2	0	0
6	155000001	0.684455	0.672531	2	0	0
6	155500001	0.666366	0.672531	2	0	0
6	156000001	0.671461	0.672531	2	0	0
6	156500001	0.652923	0.672531	2	0	0
6	157000001	0.64821	0.672531	2	0	0
6	157500001	0.6878	0.672531	2	0	0
6	158000001	0.644433	0.672531	2	0	0
6	158500001	0.696992	0.672531	2	0	0
6	159000001	0.688011	0.672531	2	0	0
6	159500001	0.703875	0.672531	2	0	0
6	160000001	0.685653	0.672531	2	0	0
6	160500001	0.734214	0.672531	2	0	0
6	161000001	0.639597	0.672531	2	0	0
6	161500001	0.645553	0.672531	2	0	0
6	162000001	0.622248	0.672531	2	0	0
6	162500001	0.64569	0.672531	2	0	0
6	163000001	0.642062	0.672531	2	0	0
6	163500001	0.671837	0.672531	2	0	0
6	164000001	0.639336	0.672531	2	0	0
6	164500001	0.640597	0.672531	2	0	0
6	165000001	0.678808	0.672531	2	0	0
6	165500001	0.703055	0.672531	2	0	0
6	166000001	0.983988	0.986716	3	0	0
6	166500001	1.01548	0.986716	3	0	0
6	167000001	0.986716	0.986716	3	0	0
6	167500001	1.00056	0.986716	3	0	0
6	168000001	0.97603	0.986716	3	0	0
6	168500001	0.981185	0.986716	3	0	0
6	169000001	0.993741	0.986716	3	0	0
6	169500001	0.968395	0.986716	3	0	0
6	170000001	1.01217	0.986716	3	0	0
6	170500001	-1	-1	-1	0	0
7	1	1.0218	0.998414	3	0	0
7	500001	0.995287	0.998414	3	0	0
7	1000001	0.955258	0.998414	3	0	0
7	1500001	0.981143	0.998414	3	0	0
7	2000001	0.981978	0.998414	3	0	0
7	2500001	1.04243	0.998414	3	0	0
7	3000001	0.980252	0.998414	3	0	0
7	3500001	0.922219	0.998414	3	0	0
7	4000001	0.961372	0.998414	3	0	0
7	4500001	0.9843	0.998414	3	0	0
7	5000001	0.950357	0.998414	3	0	0
7	5500001	0.956143	0.998414	3	0	0
7	6000001	0.963712	0.998414	3	0	0
7	6500001	1.02854	0.998414	3	0	0
7	7000001	1.024	0.998414	3	0	0
7	7500001	1.03367	0.998414	3	0	0
7	8000001	0.998414	0.998414	3	0	0
7	8500001	1.00353	0.998414	3	0	0
7	9000001	1.05127	0.998414	3	0	0
7	9500001	1.01526	0.998414	3	0	0
7	10000001	0.997816	0.998414	3	0	0
7	10500001	1.00666	0.998414	3	0	0
7	11000001	1.01403	0.998414	3	0	0
7	11500001	1.00641	0.998414	3	0	0
7	12000001	1.01034	0.998414	3	0	0
7	12500001	0.979828	0.998414	3	0	0
7	13000001	0.995687	0.998414	3	0	0
7	13500001	0.971796	0.998414	3	0	0
7	14000001	1.03503	0.998414	3	0	0
7	14500001	0.992322	0.998414	3	0	0
7	15000001	1.00268	0.998414	3	0	0
7	15500001	1.01698	0.998414	3	0	0
7	16000001	1.00423	0.998414	3	0	0
7	16500001	0.985661	0.998414	3	0	0
7	17000001	1.04468	0.998414	3	0	0
7	17500001	0.991603	0.998414	3	0	0
7	18000001	1.03128	0.998414	3	0	0
7	18500001	1.02544	0.998414	3	0	0
7	19000001	1.01805	0.998414	3	0	0
7	19500001	1.0348	0.998414	3	0	0
7	20000001	0.985447	0.998414	3	0	0
7	20500001	0.936727	0.998414	3	0	0
7	21000001	0.957852	0.998414	3	0	0
7	21500001	1.39876	1.39876	4	0	0
7	22000001	1.07671	0.999886	3	0	0
7	22500001	1.01518	0.999886	3	0	0
7	23000001	0.939391	0.999886	3	0	0
7	23500001	1.01653	0.999886	3	0	0
7	24000001	1.00554	0.999886	3	0	0
7	24500001	1.01185	0.999886	3	0	0
7	25000001	1.01762	0.999886	3	0	0
7	25500001	1.01955	0.999886	3	0	0
7	26000001	0.954201	0.999886	3	0	0
7	26500001	1.04039	0.999886	3	0	0
7	27000001	0.991597	0.999886	3	0	0
7	27500001	1.05883	0.999886	3	0	0
7	28000001	1.03493	0.999886	3	0	0
7	28500001	1.02352	0.999886	3	0	0
7	29000001	0.934893	0.999886	3	0	0
7	29500001	1.01142	0.999886	3	0	0
7	30000001	1.0232	0.999886	3	0	0
7	30500001	1.02817	0.999886	3	0	0
7	31000001	0.965512	0.999886	3	0	0
7	31500001	1.00373	0.999886	3	0	0
7	32000001	1.02671	0.999886	3	0	0
7	32500001	0.991988	0.999886	3	0	0
7	33000001	1.0287	0.999886	3	0	0
7	33500001	0.999593	0.999886	3	0	0
7	34000001	1.01758	0.999886	3	0	0
7	34500001	0.971071	0.999886	3	0	0
7	35000001	0.986582	0.999886	3	0	0
7	35500001	1.02014	0.999886	3	0	0
7	36000001	0.961972	0.999886	3	0	0
7	36500001	1.01054	0.999886	3	0	0
7	37000001	0.948528	0.999886	3	0	0
7	37500001	0.954845	0.999886	3	0	0
7	38000001	0.97799	0.999886	3	0	0
7	38500001	0.974491	0.999886	3	0	0
7	39000001	1.00429	0.999886	3	0	0
7	39500001	1.01148	0.999886	3	0	0
7	40000001	0.870488	0.999886	3	0	0
7	40500001	0.976464	0.999886	3	0	0
7	41000001	0.99357	0.999886	3	0	0
7	41500001	1.00418	0.999886	3	0	0
7	42000001	0.987527	0.999886	3	0	0
7	42500001	1.00073	0.999886	3	0	0
7	43000001	1.00018	0.999886	3	0	0
7	43500001	0.970381	0.999886	3	0	0
7	44000001	0.998754	0.999886	3	0	0
7	44500001	1.00756	0.999886	3	0	0
7	45000001	1.02038	0.999886	3	0	0
7	45500001	1.00965	0.999886	3	0	0
7	46000001	1.00085	0.999886	3	0	0
7	46500001	0.983305	0.999886	3	0	0
7	47000001	1.01259	0.999886	3	0	0
7	47500001	0.983563	0.999886	3	0	0
7	48000001	1.00828	0.999886	3	0	0
7	48500001	1.0176	0.999886	3	0	0
7	49000001	0.976146	0.999886	3	0	0
7	49500001	0.980215	0.999886	3	0	0
7	50000001	0.996674	0.999886	3	0	0
7	50500001	0.991558	0.999886	3	0	0
7	51000001	0.996899	0.999886	3	0	0
7	51500001	0.998077	0.999886	3	0	0
7	52000001	0.940182	0.999886	3	0	0
7	52500001	0.956357	0.999886	3	0	0
7	53000001	0.978109	0.999886	3	0	0
7	53500001	1.016	0.999886	3	0	0
7	54000001	1.03894	0.999886	3	0	0
7	54500001	1.01561	0.999886	3	0	0
7	55000001	0.748473	0.999886	3	0	0
7	55500001	0.99162	0.999886	3	0	0
7	56000001	0.936441	0.999886	3	0	0
7	56500001	0.953433	0.999886	3	0	0
7	57000001	0.884784	0.999886	3	0	0
7	57500001	1.00454	0.999886	3	0	0
7	58000001	1.82997	1.82997	5	0	0
7	58500001	1.49411	1.35178	4	0	0
7	59000001	1.3115	1.35178	4	0	0
7	59500001	1.39205	1.35178	4	0	0
7	60000001	1.20141	1.35178	4	0	0
7	60500001	1.85486	1.85486	6	0	0
7	61000001	1.25385	1.25506	4	0	0
7	61500001	-1	1.25506	4	0	0
7	62000001	1.25627	1.25506	4	0	0
7	62500001	1.0656	0.968244	3	0	0
7	63000001	0.940966	0.968244	3	0	0
7	63500001	0.950428	0.968244	3	0	0
7	64000001	0.978922	0.968244	3	0	0
7	64500001	0.949702	0.968244	3	0	0
7	65000001	0.975531	0.968244	3	0	0
7	65500001	1.10139	0.968244	3	0	0
7	66000001	0.967821	0.968244	3	0	0
7	66500001	0.992377	0.968244	3	0	0
7	67000001	0.93689	0.968244	3	0	0
7	67500001	0.955914	0.968244	3	0	0
7	68000001	0.950322	0.968244	3	0	0
7	68500001	0.928126	0.968244	3	0	0
7	69000001	0.959781	0.968244	3	0	0
7	69500001	0.923547	0.968244	3	0	0
7	70000001	0.910691	0.968244	3	0	0
7	70500001	0.932478	0.968244	3	0	0
7	71000001	0.940686	0.968244	3	0	0
7	71500001	0.943358	0.968244	3	0	0
7	72000001	0.978859	0.968244	3	0	0
7	72500001	0.966954	0.968244	3	0	0
7	73000001	1.00026	0.968244	3	0	0
7	73500001	0.989772	0.968244	3	0	0
7	74000001	0.978691	0.968244	3	0	0
7	74500001	0.939128	0.968244	3	0	0
7	75000001	0.926619	0.968244	3	0	0
7	75500001	0.972671	0.968244	3	0	0
7	76000001	0.985601	0.968244	3	0	0
7	76500001	1.00529	0.968244	3	0	0
7	77000001	0.998623	0.968244	3	0	0
7	77500001	0.972043	0.968244	3	0	0
7	78000001	0.991392	0.968244	3	0	0
7	78500001	0.968244	0.968244	3	0	0
7	79000001	1.00683	0.968244	3	0	0
7	79500001	0.972468	0.968244	3	0	0
7	80000001	0.99088	1.00678	3	0	0
7	80500001	1.03868	1.00678	3	0	0
7	81000001	1.02024	1.00678	3	0	0
7	81500001	1.06212	1.00678	3	0	0
7	82000001	0.985945	1.00678	3	0	0
7	82500001	0.979057	1.00678	3	0	0
7	83000001	1.04454	1.00678	3	0	0
7	83500001	1.00119	1.00678	3	0	0
7	84000001	1.01533	1.00678	3	0	0
7	84500001	1.01348	1.00678	3	0	0
7	85000001	1.03255	1.00678	3	0	0
7	85500001	1.0008	1.00678	3	0	0
7	86000001	0.984894	1.00678	3	0	0
7	86500001	0.982794	1.00678	3	0	0
7	87000001	1.01683	1.00678	3	0	0
7	87500001	1.0033	1.00678	3	0	0
7	88000001	0.974012	1.00678	3	0	0
7	88500001	1.04521	1.00678	3	0	0
7	89000001	1.02432	1.00678	3	0	0
7	89500001	1.00036	1.00678	3	0	0
7	90000001	1.01888	1.00678	3	0	0
7	90500001	0.995271	1.00678	3	0	0
7	91000001	0.989713	1.00678	3	0	0
7	91500001	1.00574	1.00678	3	0	0
7	92000001	0.997029	1.00678	3	0	0
7	92500001	0.982789	1.00678	3	0	0
7	93000001	1.05724	1.00678	3	0	0
7	93500001	1.04393	1.00678	3	0	0
7	94000001	1.03795	1.00678	3	0	0
7	94500001	1.05207	1.00678	3	0	0
7	95000001	1.04906	1.00678	3	0	0
7	95500001	1.0138	1.00678	3	0	0
7	96000001	0.931314	1.00678	3	0	0
7	96500001	0.987242	1.00678	3	0	0
7	97000001	0.999733	1.00678	3	0	0
7	97500001	0.954934	1.00678	3	0	0
7	98000001	0.940038	1.00678	3	0	0
7	98500001	1.00574	1.00678	3	0	0
7	99000001	1.00678	1.00678	3	0	0
7	99500001	1.00898	1.00678	3	0	0
7	100000001	1.03098	1.00678	3	0	0
7	100500001	1.10393	1.00678	3	0	0
7	101000001	0.941865	1.00678	3	0	0
7	101500001	0.975128	1.00678	3	0	0
7	102000001	1.03123	1.00678	3	0	0
7	102500001	1.21067	1.00678	3	0	0
7	103000001	1.02136	1.00678	3	0	0
7	103500001	1.00229	1.00678	3	0	0
7	104000001	0.985255	1.00678	3	0	0
7	104500001	1.0571	1.00678	3	0	0
7	105000001	0.960431	1.00678	3	0	0
7	105500001	1.02688	1.00678	3	0	0
7	106000001	1.02616	1.00678	3	0	0
7	106500001	1.03175	1.00678	3	0	0
7	107000001	0.970539	1.00678	3	0	0
7	107500001	0.987915	1.00678	3	0	0
7	108000001	1.0301	1.00678	3	0	0
7	108500001	0.956828	1.00678	3	0	0
7	109000001	0.982778	1.00678	3	0	0
7	109500001	0.969456	1.00678	3	0	0
7	110000001	0.98285	1.00678	3	0	0
7	110500001	0.963944	1.00678	3	0	0
7	111000001	0.986703	1.00678	3	0	0
7	111500001	0.998391	1.00678	3	0	0
7	112000001	1.0461	1.00678	3	0	0
7	112500001	1.0526	1.00678	3	0	0
7	113000001	0.99401	1.00678	3	0	0
7	113500001	0.976308	1.00678	3	0	0
7	114000001	1.01393	1.00678	3	0	0
7	114500001	1.03193	1.00678	3	0	0
7	115000001	0.988969	1.00678	3	0	0
7	115500001	1.09684	1.00678	3	0	0
7	116000001	1.03407	1.00678	3	0	0
7	116500001	1.01189	1.00678	3	0	0
7	117000001	1.0203	1.00678	3	0	0
7	117500001	1.0168	1.00678	3	0	0
7	118000001	0.990443	1.00678	3	0	0
7	118500001	1.01471	1.00678	3	0	0
7	119000001	0.976941	1.00678	3	0	0
7	119500001	0.997556	1.00678	3	0	0
7	120000001	1.01767	1.00678	3	0	0
7	120500001	1.05133	1.00678	3	0	0
7	121000001	1.0779	1.00678	3	0	0
7	121500001	1.04531	1.00678	3	0	0
7	122000001	1.00934	1.00678	3	0	0
7	122500001	1.00278	1.00678	3	0	0
7	123000001	1.03337	1.00678	3	0	0
7	123500001	1.01497	1.00678	3	0	0
7	124000001	0.982923	1.00678	3	0	0
7	124500001	0.991898	1.00678	3	0	0
7	125000001	0.963669	1.00678	3	0	0
7	125500001	0.988036	1.00678	3	0	0
7	126000001	0.996461	1.00678	3	0	0
7	126500001	1.00969	1.00678	3	0	0
7	127000001	1.00884	1.00678	3	0	0
7	127500001	1.00364	1.00678	3	0	0
7	128000001	1.01812	1.00678	3	0	0
7	128500001	0.982184	1.00678	3	0	0
7	129000001	0.996612	1.00678	3	0	0
7	129500001	1.00341	1.00678	3	0	0
7	130000001	1.04773	1.00678	3	0	0
7	130500001	1.03556	1.00678	3	0	0
7	131000001	1.02731	1.00678	3	0	0
7	131500001	1.39572	1.32795	4	0	0
7	132000001	1.3946	1.32795	4	0	0
7	132500001	1.3014	1.32795	4	0	0
7	133000001	1.25514	1.32795	4	0	0
7	133500001	1.29588	1.32795	4	0	0
7	134000001	1.35449	1.32795	4	0	0
7	134500001	1.36661	1.32795	4	0	0
7	135000001	1.353	1.32795	4	0	0
7	135500001	1.27646	1.32795	4	0	0
7	136000001	1.33628	1.32795	4	0	0
7	136500001	1.31741	1.32795	4	0	0
7	137000001	1.33477	1.32795	4	0	0
7	137500001	1.32795	1.32795	4	0	0
7	138000001	1.26313	1.32795	4	0	0
7	138500001	1.32113	1.32795	4	0	0
7	139000001	1.32256	1.32795	4	0	0
7	139500001	1.3411	1.32795	4	0	0
7	140000001	1.25963	1.32795	4	0	0
7	140500001	1.27299	1.32795	4	0	0
7	141000001	1.35508	1.32795	4	0	0
7	141500001	1.32428	1.32795	4	0	0
7	142000001	1.42752	1.32795	4	0	0
7	142500001	1.44067	1.32795	4	0	0
7	143000001	1.353	1.32795	4	0	0
7	143500001	1.23783	1.32795	4	0	0
7	144000001	1.6595	1.6595	5	0	0
7	144500001	1.28162	1.30586	4	0	0
7	145000001	1.30604	1.30586	4	0	0
7	145500001	1.28274	1.30586	4	0	0
7	146000001	1.34552	1.30586	4	0	0
7	146500001	1.28592	1.30586	4	0	0
7	147000001	1.27849	1.30586	4	0	0
7	147500001	1.31869	1.30586	4	0	0
7	148000001	1.30305	1.30586	4	0	0
7	148500001	1.26793	1.30586	4	0	0
7	149000001	1.29094	1.30586	4	0	0
7	149500001	1.37746	1.30586	4	0	0
7	150000001	1.34942	1.30586	4	0	0
7	150500001	1.40263	1.30586	4	0	0
7	151000001	1.34825	1.30586	4	0	0
7	151500001	1.33883	1.30586	4	0	0
7	152000001	1.30853	1.30586	4	0	0
7	152500001	1.24458	1.30586	4	0	0
7	153000001	1.29642	1.30586	4	0	0
7	153500001	1.24273	1.30586	4	0	0
7	154000001	1.31419	1.30586	4	0	0
7	154500001	1.28415	1.30586	4	0	0
7	155000001	1.31435	1.30586	4	0	0
7	155500001	1.30575	1.30586	4	0	0
7	156000001	1.30215	1.30586	4	0	0
7	156500001	1.30958	1.30586	4	0	0
7	157000001	1.30598	1.30586	4	0	0
7	157500001	1.30129	1.30586	4	0	0
7	158000001	1.35932	1.30586	4	0	0
7	158500001	1.33152	1.30586	4	0	0
7	159000001	0.969793	1.30586	4	0	0
8	1	0.608578	0.662366	2	0	0
8	500001	0.625761	0.662366	2	0	0
8	1000001	0.631007	0.662366	2	0	0
8	1500001	0.675646	0.662366	2	0	0
8	2000001	0.671995	0.662366	2	0	0
8	2500001	0.620496	0.662366	2	0	0
8	3000001	0.640785	0.662366	2	0	0
8	3500001	0.610004	0.662366	2	0	0
8	4000001	0.639064	0.662366	2	0	0
8	4500001	0.625326	0.662366	2	0	0
8	5000001	0.623459	0.662366	2	0	0
8	5500001	0.65366	0.662366	2	0	0
8	6000001	0.668491	0.662366	2	0	0
8	6500001	0.650674	0.662366	2	0	0
8	7000001	0.659342	0.662366	2	0	0
8	7500001	0.700838	0.662366	2	0	0
8	8000001	0.790397	0.662366	2	0	0
8	8500001	0.718268	0.662366	2	0	0
8	9000001	0.68679	0.662366	2	0	0
8	9500001	0.651439	0.662366	2	0	0
8	10000001	0.640838	0.662366	2	0	0
8	10500001	0.694732	0.662366	2	0	0
8	11000001	0.656889	0.662366	2	0	0
8	11500001	0.672197	0.662366	2	0	0
8	12000001	0.621302	0.662366	2	0	0
8	12500001	0.850103	0.662366	2	0	0
8	13000001	0.659394	0.662366	2	0	0
8	13500001	0.687055	0.662366	2	0	0
8	14000001	0.660588	0.662366	2	0	0
8	14500001	0.657618	0.662366	2	0	0
8	15000001	0.621422	0.662366	2	0	0
8	15500001	0.63708	0.662366	2	0	0
8	16000001	0.651768	0.662366	2	0	0
8	16500001	0.67568	0.662366	2	0	0
8	17000001	0.665606	0.662366	2	0	0
8	17500001	0.67435	0.662366	2	0	0
8	18000001	0.691139	0.662366	2	0	0
8	18500001	0.681425	0.662366	2	0	0
8	19000001	0.682362	0.662366	2	0	0
8	19500001	0.663606	0.662366	2	0	0
8	20000001	0.655232	0.662366	2	0	0
8	20500001	0.612421	0.662366	2	0	0
8	21000001	0.649876	0.662366	2	0	0
8	21500001	0.694038	0.662366	2	0	0
8	22000001	0.663684	0.662366	2	0	0
8	22500001	0.633425	0.662366	2	0	0
8	23000001	0.680257	0.662366	2	0	0
8	23500001	0.673457	0.662366	2	0	0
8	24000001	0.669596	0.662366	2	0	0
8	24500001	0.654677	0.662366	2	0	0
8	25000001	0.639329	0.662366	2	0	0
8	25500001	0.677676	0.662366	2	0	0
8	26000001	0.659796	0.662366	2	0	0
8	26500001	0.668297	0.662366	2	0	0
8	27000001	0.664049	0.662366	2	0	0
8	27500001	0.693575	0.662366	2	0	0
8	28000001	0.664167	0.662366	2	0	0
8	28500001	0.629062	0.662366	2	0	0
8	29000001	0.676349	0.662366	2	0	0
8	29500001	0.682331	0.662366	2	0	0
8	30000001	0.666513	0.662366	2	0	0
8	30500001	0.63474	0.662366	2	0	0
8	31000001	0.665002	0.662366	2	0	0
8	31500001	0.688575	0.662366	2	0	0
8	32000001	0.666266	0.662366	2	0	0
8	32500001	0.690878	0.662366	2	0	0
8	33000001	0.657835	0.662366	2	0	0
8	33500001	0.65148	0.662366	2	0	0
8	34000001	0.647454	0.662366	2	0	0
8	34500001	0.679834	0.662366	2	0	0
8	35000001	0.653068	0.662366	2	0	0
8	35500001	0.642245	0.662366	2	0	0
8	36000001	0.64299	0.662366	2	0	0
8	36500001	0.662796	0.662366	2	0	0
8	37000001	0.655426	0.662366	2	0	0
8	37500001	0.661741	0.662366	2	0	0
8	38000001	0.653738	0.662366	2	0	0
8	38500001	0.663049	0.662366	2	0	0
8	39000001	0.594699	0.662366	2	0	0
8	39500001	0.644555	0.662366	2	0	0
8	40000001	0.674376	0.662366	2	0	0
8	40500001	0.670051	0.662366	2	0	0
8	41000001	0.662833	0.662366	2	0	0
8	41500001	0.699966	0.662366	2	0	0
8	42000001	0.675686	0.662366	2	0	0
8	42500001	0.615716	0.662366	2	0	0
8	43000001	0.641175	0.662366	2	0	0
8	43500001	0.732041	0.662366	2	0	0
8	44000001	0.856574	0.662366	2	0	0
8	44500001	0.80049	0.662366	2	0	0
8	45000001	0.780501	0.662366	2	0	0
8	45500001	0.746833	0.662366	2	0	0
8	46000001	0.711314	0.662366	2	0	0
8	46500001	0.688186	0.662366	2	0	0
8	47000001	0.666948	0.662366	2	0	0
8	47500001	0.641237	0.662366	2	0	0
8	48000001	0.674604	0.662366	2	0	0
8	48500001	0.661223	0.662366	2	0	0
8	49000001	0.696654	0.662366	2	0	0
8	49500001	0.640701	0.662366	2	0	0
8	50000001	0.64093	0.662366	2	0	0
8	50500001	0.662447	0.662366	2	0	0
8	51000001	0.626978	0.662366	2	0	0
8	51500001	0.670357	0.662366	2	0	0
8	52000001	0.649917	0.662366	2	0	0
8	52500001	0.660525	0.662366	2	0	0
8	53000001	0.680354	0.662366	2	0	0
8	53500001	0.68026	0.662366	2	0	0
8	54000001	0.666705	0.662366	2	0	0
8	54500001	0.677158	0.662366	2	0	0
8	55000001	0.587623	0.662366	2	0	0
8	55500001	0.631032	0.662366	2	0	0
8	56000001	0.665922	0.662366	2	0	0
8	56500001	0.648483	0.662366	2	0	0
8	57000001	0.689147	0.662366	2	0	0
8	57500001	0.662046	0.662366	2	0	0
8	58000001	0.670119	0.662366	2	0	0
8	58500001	0.683149	0.662366	2	0	0
8	59000001	0.664184	0.662366	2	0	0
8	59500001	0.678652	0.662366	2	0	0
8	60000001	0.672657	0.662366	2	0	0
8	60500001	0.702286	0.662366	2	0	0
8	61000001	0.695852	0.662366	2	0	0
8	61500001	0.661818	0.662366	2	0	0
8	62000001	0.646968	0.662366	2	0	0
8	62500001	0.627192	0.662366	2	0	0
8	63000001	0.663695	0.662366	2	0	0
8	63500001	0.641359	0.662366	2	0	0
8	64000001	0.660273	0.662366	2	0	0
8	64500001	0.630639	0.662366	2	0	0
8	65000001	0.644473	0.662366	2	0	0
8	65500001	0.66061	0.662366	2	0	0
8	66000001	0.679134	0.662366	2	0	0
8	66500001	0.648715	0.662366	2	0	0
8	67000001	0.641682	0.662366	2	0	0
8	67500001	0.660702	0.662366	2	0	0
8	68000001	0.673448	0.662366	2	0	0
8	68500001	0.647515	0.662366	2	0	0
8	69000001	0.669243	0.662366	2	0	0
8	69500001	0.633355	0.662366	2	0	0
8	70000001	0.654054	0.662366	2	0	0
8	70500001	0.664074	0.662366	2	0	0
8	71000001	0.643462	0.662366	2	0	0
8	71500001	0.664672	0.662366	2	0	0
8	72000001	0.681363	0.662366	2	0	0
8	72500001	0.681443	0.662366	2	0	0
8	73000001	0.642003	0.662366	2	0	0
8	73500001	0.65406	0.662366	2	0	0
8	74000001	0.662284	0.662366	2	0	0
8	74500001	0.66166	0.662366	2	0	0
8	75000001	0.656078	0.662366	2	0	0
8	75500001	0.638755	0.662366	2	0	0
8	76000001	0.669095	0.662366	2	0	0
8	76500001	0.647366	0.662366	2	0	0
8	77000001	0.698181	0.662366	2	0	0
8	77500001	0.658142	0.662366	2	0	0
8	78000001	0.645353	0.662366	2	0	0
8	78500001	0.676611	0.662366	2	0	0
8	79000001	0.658845	0.662366	2	0	0
8	79500001	0.681371	0.662366	2	0	0
8	80000001	0.983598	0.983598	3	0	0
8	80500001	1.31869	1.3236	4	0	0
8	81000001	1.34772	1.3236	4	0	0
8	81500001	1.38166	1.3236	4	0	0
8	82000001	1.30617	1.3236	4	0	0
8	82500001	1.37316	1.3236	4	0	0
8	83000001	1.32851	1.3236	4	0	0
8	83500001	1.36134	1.3236	4	0	0
8	84000001	1.27276	1.3236	4	0	0
8	84500001	1.31598	1.3236	4	0	0
8	85000001	1.28313	1.3236	4	0	0
8	85500001	3.38985	3.38985	10	0	0
8	86000001	1.3182	1.33536	4	0	0
8	86500001	1.36075	1.33536	4	0	0
8	87000001	1.28904	1.33536	4	0	0
8	87500001	1.31791	1.33536	4	0	0
8	88000001	1.38605	1.33536	4	0	0
8	88500001	1.38294	1.33536	4	0	0
8	89000001	1.32854	1.33536	4	0	0
8	89500001	1.25361	1.33536	4	0	0
8	90000001	1.3722	1.33536	4	0	0
8	90500001	1.36299	1.33536	4	0	0
8	91000001	1.40099	1.33536	4	0	0
8	91500001	1.27651	1.33536	4	0	0
8	92000001	1.31834	1.33536	4	0	0
8	92500001	1.33641	1.33536	4	0	0
8	93000001	1.37015	1.33536	4	0	0
8	93500001	1.37278	1.33536	4	0	0
8	94000001	1.35298	1.33536	4	0	0
8	94500001	1.26107	1.33536	4	0	0
8	95000001	1.33631	1.33536	4	0	0
8	95500001	1.29969	1.33536	4	0	0
8	96000001	1.3316	1.33536	4	0	0
8	96500001	1.3563	1.33536	4	0	0
8	97000001	1.31775	1.33536	4	0	0
8	97500001	1.30618	1.33536	4	0	0
8	98000001	1.33705	1.33536	4	0	0
8	98500001	1.33269	1.33536	4	0	0
8	99000001	1.35185	1.33536	4	0	0
8	99500001	1.32012	1.33536	4	0	0
8	100000001	1.38432	1.33536	4	0	0
8	100500001	1.31231	1.33536	4	0	0
8	101000001	1.356	1.33536	4	0	0
8	101500001	1.36276	1.33536	4	0	0
8	102000001	1.32369	1.33536	4	0	0
8	102500001	1.30543	1.33536	4	0	0
8	103000001	1.35843	1.33536	4	0	0
8	103500001	1.35344	1.33536	4	0	0
8	104000001	1.29642	1.33536	4	0	0
8	104500001	1.30737	1.33536	4	0	0
8	105000001	1.33441	1.33536	4	0	0
8	105500001	1.3578	1.33536	4	0	0
8	106000001	1.67862	1.6802	5	0	0
8	106500001	1.70739	1.6802	5	0	0
8	107000001	1.68442	1.6802	5	0	0
8	107500001	1.64767	1.6802	5	0	0
8	108000001	1.68178	1.6802	5	0	0
8	108500001	1.65825	1.6802	5	0	0
8	109000001	1.68309	1.6802	5	0	0
8	109500001	1.59693	1.6802	5	0	0
8	110000001	1.65284	1.6802	5	0	0
8	110500001	1.7078	1.6802	5	0	0
8	111000001	1.66374	1.6802	5	0	0
8	111500001	1.69306	1.6802	5	0	0
8	112000001	1.49759	1.49759	4	0	0
8	112500001	0.982591	0.995196	3	0	0
8	113000001	1.00067	0.995196	3	0	0
8	113500001	0.995196	0.995196	3	0	0
8	114000001	0.986781	0.995196	3	0	0
8	114500001	1.0401	0.995196	3	0	0
8	115000001	1.28102	1.33886	4	0	0
8	115500001	1.34906	1.33886	4	0	0
8	116000001	1.34464	1.33886	4	0	0
8	116500001	1.31778	1.33886	4	0	0
8	117000001	1.42667	1.33886	4	0	0
8	117500001	1.37037	1.33886	4	0	0
8	118000001	1.33886	1.33886	4	0	0
8	118500001	1.33114	1.33886	4	0	0
8	119000001	1.34821	1.33886	4	0	0
8	119500001	1.24155	1.33886	4	0	0
8	120000001	1.31386	1.33886	4	0	0
8	120500001	1.31619	1.33886	4	0	0
8	121000001	1.37279	1.33886	4	0	0
8	121500001	1.26818	1.33886	4	0	0
8	122000001	1.34551	1.33886	4	0	0
8	122500001	1.37682	1.33886	4	0	0
8	123000001	1.31913	1.33886	4	0	0
8	123500001	1.37667	1.33886	4	0	0
8	124000001	1.17221	1.33886	4	0	0
8	124500001	0.334928	0.395686	1	0	0
8	125000001	0.456444	0.395686	1	0	0
8	125500001	1.27849	1.31528	4	0	0
8	126000001	1.30607	1.31528	4	0	0
8	126500001	1.27294	1.31528	4	0	0
8	127000001	1.35113	1.31528	4	0	0
8	127500001	1.29134	1.31528	4	0	0
8	128000001	1.38201	1.31528	4	0	0
8	128500001	1.35104	1.31528	4	0	0
8	129000001	1.34856	1.31528	4	0	0
8	129500001	1.37557	1.31528	4	0	0
8	130000001	1.39064	1.31528	4	0	0
8	130500001	1.37626	1.31528	4	0	0
8	131000001	1.329	1.31528	4	0	0
8	131500001	1.29075	1.31528	4	0	0
8	132000001	1.35909	1.31528	4	0	0
8	132500001	1.30979	1.31528	4	0	0
8	133000001	1.34709	1.31528	4	0	0
8	133500001	1.25233	1.31528	4	0	0
8	134000001	1.34602	1.31528	4	0	0
8	134500001	1.27848	1.31528	4	0	0
8	135000001	1.28753	1.31528	4	0	0
8	135500001	1.27096	1.31528	4	0	0
8	136000001	1.25517	1.31528	4	0	0
8	136500001	1.29256	1.31528	4	0	0
8	137000001	1.23992	1.31528	4	0	0
8	137500001	1.24347	1.31528	4	0	0
8	138000001	1.2718	1.31528	4	0	0
8	138500001	1.27775	1.31528	4	0	0
8	139000001	1.34082	1.31528	4	0	0
8	139500001	1.35912	1.31528	4	0	0
8	140000001	1.29109	1.31528	4	0	0
8	140500001	1.31458	1.31528	4	0	0
8	141000001	1.42463	1.31528	4	0	0
8	141500001	1.36156	1.31528	4	0	0
8	142000001	1.31528	1.31528	4	0	0
8	142500001	1.38259	1.31528	4	0	0
8	143000001	1.29854	1.31528	4	0	0
8	143500001	1.32904	1.31528	4	0	0
8	144000001	1.35187	1.31528	4	0	0
8	144500001	1.34871	1.31528	4	0	0
8	145000001	-1	-1	-1	0	0
9	1	0.980913	0.980913	3	0	0
9	500001	0.97926	0.980913	3	0	0
9	1000001	0.960546	0.980913	3	0	0
9	1500001	0.992268	0.980913	3	0	0
9	2000001	0.99971	0.980913	3	0	0
9	2500001	1.00189	0.980913	3	0	0
9	3000001	0.97323	0.980913	3	0	0
9	3500001	0.512387	0.33604	1	0	0
9	4000001	0.324489	0.33604	1	0	0
9	4500001	0.335824	0.33604	1	0	0
9	5000001	0.350016	0.33604	1	0	0
9	5500001	0.348283	0.33604	1	0	0
9	6000001	0.328923	0.33604	1	0	0
9	6500001	0.326147	0.33604	1	0	0
9	7000001	0.348197	0.33604	1	0	0
9	7500001	0.339625	0.33604	1	0	0
9	8000001	0.321222	0.33604	1	0	0
9	8500001	0.320522	0.33604	1	0	0
9	9000001	0.346579	0.33604	1	0	0
9	9500001	0.318376	0.33604	1	0	0
9	10000001	0.345611	0.33604	1	0	0
9	10500001	0.318082	0.33604	1	0	0
9	11000001	0.315854	0.33604	1	0	0
9	11500001	0.342411	0.33604	1	0	0
9	12000001	0.336985	0.33604	1	0	0
9	12500001	0.337438	0.33604	1	0	0
9	13000001	0.356029	0.33604	1	0	0
9	13500001	0.336257	0.33604	1	0	0
9	14000001	0.334008	0.33604	1	0	0
9	14500001	0.347832	0.33604	1	0	0
9	15000001	0.325153	0.33604	1	0	0
9	15500001	0.318773	0.33604	1	0	0
9	16000001	0.322696	0.33604	1	0	0
9	16500001	0.000729913	0.0044026	0	0	0
9	17000001	0.0044026	0.0044026	0	0	0
9	17500001	0.00496286	0.0044026	0	0	0
9	18000001	0.559917	0.656156	2	0	0
9	18500001	0.659765	0.656156	2	0	0
9	19000001	0.654889	0.656156	2	0	0
9	19500001	0.657422	0.656156	2	0	0
9	20000001	0.66688	0.656156	2	0	0
9	20500001	0.450187	0.656156	2	0	0
9	21000001	0	0.00177066	0	0	0
9	21500001	0.00408798	0.00177066	0	0	0
9	22000001	0.00322126	0.00177066	0	0	0
9	22500001	0.000591102	0.00177066	0	0	0
9	23000001	0.00177358	0.00177066	0	0	0
9	23500001	0.000292096	0.00177066	0	0	0
9	24000001	0.00176774	0.00177066	0	0	0
9	24500001	0.076694	0.00177066	0	0	0
9	25000001	0.354391	0.355412	1	0	0
9	25500001	0.356433	0.355412	1	0	0
9	26000001	0.974508	0.990529	3	0	0
9	26500001	1.00901	0.990529	3	0	0
9	27000001	0.943378	0.990529	3	0	0
9	27500001	0.981569	0.990529	3	0	0
9	28000001	0.983822	0.990529	3	0	0
9	28500001	0.94825	0.990529	3	0	0
9	29000001	0.983762	0.990529	3	0	0
9	29500001	1.00525	0.990529	3	0	0
9	30000001	0.997259	0.990529	3	0	0
9	30500001	0.965582	0.990529	3	0	0
9	31000001	0.976722	0.990529	3	0	0
9	31500001	0.998441	0.990529	3	0	0
9	32000001	1.04042	0.990529	3	0	0
9	32500001	1.05058	0.990529	3	0	0
9	33000001	0.988351	0.990529	3	0	0
9	33500001	0.982362	0.990529	3	0	0
9	34000001	0.992707	0.990529	3	0	0
9	34500001	1.02988	0.990529	3	0	0
9	35000001	1.01061	0.990529	3	0	0
9	35500001	1.04063	0.990529	3	0	0
9	36000001	0.994139	0.990529	3	0	0
9	36500001	0.967449	0.990529	3	0	0
9	37000001	1.00203	0.990529	3	0	0
9	37500001	0.985471	0.990529	3	0	0
9	38000001	1.02782	0.990529	3	0	0
9	38500001	1.07524	0.990529	3	0	0
9	39000001	0.851631	0.990529	3	0	0
9	39500001	0.908889	0.990529	3	0	0
9	40000001	0.893019	0.990529	3	0	0
9	40500001	1.10409	0.990529	3	0	0
9	41000001	1.08743	0.990529	3	0	0
9	41500001	0.918322	0.990529	3	0	0
9	42000001	0.449472	0.449472	1	0	0
9	42500001	0.739268	0.739268	2	0	0
9	43000001	1.36768	1.36768	4	0	0
9	43500001	3.09678	3.09678	9	0	0
9	44000001	2.46301	2.46301	7	0	0
9	44500001	1.62269	1.62269	5	0	0
9	45000001	1.08615	-1	-1	0	0
9	45500001	-1	-1	-1	0	0
9	46000001	-1	-1	-1	0	0
9	46500001	-1	-1	-1	0	0
9	47000001	-1	-1	-1	0	0
9	47500001	-1	-1	-1	0	0
9	48000001	-1	-1	-1	0	0
9	48500001	-1	-1	-1	0	0
9	49000001	-1	-1	-1	0	0
9	49500001	-1	-1	-1	0	0
9	50000001	-1	-1	-1	0	0
9	50500001	-1	-1	-1	0	0
9	51000001	-1	-1	-1	0	0
9	51500001	-1	-1	-1	0	0
9	52000001	-1	-1	-1	0	0
9	52500001	-1	-1	-1	0	0
9	53000001	-1	-1	-1	0	0
9	53500001	-1	-1	-1	0	0
9	54000001	-1	-1	-1	0	0
9	54500001	-1	-1	-1	0	0
9	55000001	-1	-1	-1	0	0
9	55500001	-1	-1	-1	0	0
9	56000001	-1	-1	-1	0	0
9	56500001	-1	-1	-1	0	0
9	57000001	-1	-1	-1	0	0
9	57500001	-1	-1	-1	0	0
9	58000001	-1	-1	-1	0	0
9	58500001	-1	-1	-1	0	0
9	59000001	-1	-1	-1	0	0
9	59500001	-1	-1	-1	0	0
9	60000001	-1	-1	-1	0	0
9	60500001	-1	-1	-1	0	0
9	61000001	-1	-1	-1	0	0
9	61500001	1.11701	-1	-1	0	0
9	62000001	-1	-1	-1	0	0
9	62500001	-1	-1	-1	0	0
9	63000001	0.777361	0.724677	2	0	0
9	63500001	-1	0.724677	2	0	0
9	64000001	-1	0.724677	2	0	0
9	64500001	0.671993	0.724677	2	0	0
9	65000001	-1	-1	-1	0	0
9	65500001	0.963779	1.00295	3	0	0
9	66000001	-1	1.00295	3	0	0
9	66500001	-1	1.00295	3	0	0
9	67000001	0.887601	1.00295	3	0	0
9	67500001	-1	1.00295	3	0	0
9	68000001	-1	1.00295	3	0	0
9	68500001	1.00423	1.00295	3	0	0
9	69000001	0.974843	1.00295	3	0	0
9	69500001	1.03845	1.00295	3	0	0
9	70000001	1.08333	1.00295	3	0	0
9	70500001	0.975909	1.00295	3	0	0
9	71000001	1.04615	1.00295	3	0	0
9	71500001	0.971247	1.00295	3	0	0
9	72000001	0.955338	1.00295	3	0	0
9	72500001	1.01977	1.00295	3	0	0
9	73000001	1.02126	1.00295	3	0	0
9	73500001	1.00462	1.00295	3	0	0
9	74000001	1.03511	1.00295	3	0	0
9	74500001	0.97257	1.00295	3	0	0
9	75000001	0.968467	1.00295	3	0	0
9	75500001	0.998787	1.00295	3	0	0
9	76000001	1.00382	1.00295	3	0	0
9	76500001	0.991395	1.00295	3	0	0
9	77000001	0.953365	1.00295	3	0	0
9	77500001	0.986101	1.00295	3	0	0
9	78000001	0.98664	1.00295	3	0	0
9	78500001	0.948904	1.00295	3	0	0
9	79000001	0.968426	1.00295	3	0	0
9	79500001	0.967777	1.00295	3	0	0
9	80000001	0.990884	1.00295	3	0	0
9	80500001	0.97861	1.00295	3	0	0
9	81000001	1.00947	1.00295	3	0	0
9	81500001	0.944604	1.00295	3	0	0
9	82000001	1.04098	1.00295	3	0	0
9	82500001	0.976885	1.00295	3	0	0
9	83000001	0.957398	1.00295	3	0	0
9	83500001	0.946846	1.00295	3	0	0
9	84000001	0.989373	1.00295	3	0	0
9	84500001	0.994683	1.00295	3	0	0
9	85000001	1.01455	1.00295	3	0	0
9	85500001	1.03355	1.00295	3	0	0
9	86000001	0.979469	1.00295	3	0	0
9	86500001	1.00637	1.00295	3	0	0
9	87000001	0.986642	1.00295	3	0	0
9	87500001	0.959203	1.00295	3	0	0
9	88000001	0.95607	1.00295	3	0	0
9	88500001	0.954867	1.00295	3	0	0
9	89000001	0.977726	1.00295	3	0	0
9	89500001	1.02698	1.00295	3	0	0
9	90000001	0.983999	1.00295	3	0	0
9	90500001	0.987122	1.00295	3	0	0
9	91000001	1.00626	1.00295	3	0	0
9	91500001	0.980115	1.00295	3	0	0
9	92000001	0.981333	1.00295	3	0	0
9	92500001	0.98673	1.00295	3	0	0
9	93000001	0.99086	1.00295	3	0	0
9	93500001	0.995487	1.00295	3	0	0
9	94000001	1.00485	1.00295	3	0	0
9	94500001	1.02737	1.00295	3	0	0
9	95000001	1.02411	1.00295	3	0	0
9	95500001	0.983828	1.00295	3	0	0
9	96000001	0.97794	1.00295	3	0	0
9	96500001	0.963357	1.00295	3	0	0
9	97000001	1.03948	1.00295	3	0	0
9	97500001	1.01946	1.00295	3	0	0
9	98000001	1.01522	1.00295	3	0	0
9	98500001	1.01039	1.00295	3	0	0
9	99000001	1.02269	1.00295	3	0	0
9	99500001	1.03427	1.00295	3	0	0
9	100000001	1.00831	1.00295	3	0	0
9	100500001	0.990206	1.00295	3	0	0
9	101000001	1.00095	1.00295	3	0	0
9	101500001	0.980648	1.00295	3	0	0
9	102000001	0.98157	1.00295	3	0	0
9	102500001	1.04193	1.00295	3	0	0
9	103000001	1.00012	1.00295	3	0	0
9	103500001	1.02415	1.00295	3	0	0
9	104000001	1.0088	1.00295	3	0	0
9	104500001	1.04658	1.00295	3	0	0
9	105000001	1.00283	1.00295	3	0	0
9	105500001	1.00715	1.00295	3	0	0
9	106000001	1.0531	1.00295	3	0	0
9	106500001	1.01109	1.00295	3	0	0
9	107000001	1.0011	1.00295	3	0	0
9	107500001	0.966138	1.00295	3	0	0
9	108000001	0.976964	1.00295	3	0	0
9	108500001	1.00598	1.00295	3	0	0
9	109000001	1.02102	1.00295	3	0	0
9	109500001	1.06656	1.00295	3	0	0
9	110000001	0.993737	1.00295	3	0	0
9	110500001	1.05654	1.00295	3	0	0
9	111000001	1.03852	1.00295	3	0	0
9	111500001	0.986539	1.00295	3	0	0
9	112000001	1.00564	1.00295	3	0	0
9	112500001	0.979447	1.00295	3	0	0
9	113000001	0.985654	1.00295	3	0	0
9	113500001	1.01275	1.00295	3	0	0
9	114000001	1.05754	1.00295	3	0	0
9	114500001	1.02361	1.00295	3	0	0
9	115000001	1.0468	1.00295	3	0	0
9	115500001	1.03193	1.00295	3	0	0
9	116000001	1.02655	1.00295	3	0	0
9	116500001	0.981716	1.00295	3	0	0
9	117000001	0.93976	1.00295	3	0	0
9	117500001	0.994767	1.00295	3	0	0
9	118000001	1.00215	1.00295	3	0	0
9	118500001	0.958365	1.00295	3	0	0
9	119000001	1.00496	1.00295	3	0	0
9	119500001	1.00874	1.00295	3	0	0
9	120000001	1.04422	1.00295	3	0	0
9	120500001	1.05542	1.00295	3	0	0
9	121000001	1.03745	1.00295	3	0	0
9	121500001	1.07751	1.00295	3	0	0
9	122000001	1.05134	1.00295	3	0	0
9	122500001	1.01671	1.00295	3	0	0
9	123000001	1.00971	1.00295	3	0	0
9	123500001	1.01658	1.00295	3	0	0
9	124000001	0.980722	1.00295	3	0	0
9	124500001	1.04279	1.00295	3	0	0
9	125000001	0.984402	1.00295	3	0	0
9	125500001	0.981611	1.00295	3	0	0
9	126000001	1.005	1.00295	3	0	0
9	126500001	1.03523	1.00295	3	0	0
9	127000001	1.02212	1.00295	3	0	0
9	127500001	0.966534	1.00295	3	0	0
9	128000001	0.983493	1.00295	3	0	0
9	128500001	0.964979	1.00295	3	0	0
9	129000001	1.03222	1.00295	3	0	0
9	129500001	1.01202	1.00295	3	0	0
9	130000001	0.991775	1.00295	3	0	0
9	130500001	0.983819	1.00295	3	0	0
9	131000001	0.995402	1.00295	3	0	0
9	131500001	1.02906	1.00295	3	0	0
9	132000001	1.01614	1.00295	3	0	0
9	132500001	1.03681	1.00295	3	0	0
9	133000001	0.987896	1.00295	3	0	0
9	133500001	1.00295	1.00295	3	0	0
9	134000001	1.06289	1.00295	3	0	0
9	134500001	1.0186	1.00295	3	0	0
9	135000001	0.992596	1.00295	3	0	0
9	135500001	0.983265	1.00295	3	0	0
9	136000001	1.01343	1.00295	3	0	0
9	136500001	1.03312	1.00295	3	0	0
9	137000001	1.02921	1.00295	3	0	0
9	137500001	1.00438	1.00295	3	0	0
9	138000001	-1	-1	-1	0	0
GL000008.2	1	0.592905	0.592905	2	0	0
GL000009.2	1	0.247399	0.247399	1	0	0
GL000194.1	1	0.604482	0.604482	2	0	0
GL000195.1	1	0.321155	0.321155	1	0	0
GL000205.2	1	0.363741	0.363741	1	0	0
GL000208.1	1	-1	-1	-1	0	0
GL000213.1	1	2.83511	2.83511	9	0	0
GL000214.1	1	0.135798	0.135798	0	0	0
GL000216.2	1	0.337843	0.337843	1	0	0
GL000218.1	1	0.391667	0.391667	1	0	0
GL000219.1	1	0.385171	0.385171	1	0	0
GL000220.1	1	0.391447	0.391447	1	0	0
GL000221.1	1	0.275444	0.275444	1	0	0
GL000224.1	1	0.30255	0.30255	1	0	0
GL000225.1	1	0.520511	0.520511	2	0	0
GL000226.1	1	-1	-1	-1	0	0
KI270302.1	1	0.00915159	0.00915159	0	0	0
KI270303.1	1	0.00204889	0.00204889	0	0	0
KI270304.1	1	0.0137224	0.0137224	0	0	0
KI270305.1	1	0.00146037	0.00146037	0	0	0
KI270310.1	1	0.00496913	0.00496913	0	0	0
KI270311.1	1	0.0200601	0.0200601	0	0	0
KI270312.1	1	0	0	0	0	0
KI270315.1	1	0.00322381	0.00322381	0	0	0
KI270316.1	1	0.00146044	0.00146044	0	0	0
KI270317.1	1	0	0	0	0	0
KI270320.1	1	0.0114477	0.0114477	0	0	0
KI270322.1	1	0.90855	0.90855	3	0	0
KI270329.1	1	0.00467272	0.00467272	0	0	0
KI270330.1	1	0.000296621	0.000296621	0	0	0
KI270333.1	1	0.00029416	0.00029416	0	0	0
KI270334.1	1	0.00176464	0.00176464	0	0	0
KI270335.1	1	0.000584279	0.000584279	0	0	0
KI270336.1	1	0.000880998	0.000880998	0	0	0
KI270337.1	1	0.00146096	0.00146096	0	0	0
KI270338.1	1	0.00503213	0.00503213	0	0	0
KI270340.1	1	0.00262999	0.00262999	0	0	0
KI270362.1	1	0.0162708	0.0162708	0	0	0
KI270363.1	1	0.000587051	0.000587051	0	0	0
KI270364.1	1	0.0026417	0.0026417	0	0	0
KI270366.1	1	0.0282817	0.0282817	0	0	0
KI270371.1	1	0.243699	0.243699	1	0	0
KI270372.1	1	0.000291927	0.000291927	0	0	0
KI270373.1	1	0.00408826	0.00408826	0	0	0
KI270374.1	1	0.00380638	0.00380638	0	0	0
KI270375.1	1	0.012565	0.012565	0	0	0
KI270376.1	1	0.317463	0.317463	1	0	0
KI270378.1	1	0	0	0	0	0
KI270379.1	1	0.00351996	0.00351996	0	0	0
KI270381.1	1	0.00292032	0.00292032	0	0	0
KI270382.1	1	0.0153062	0.0153062	0	0	0
KI270383.1	1	0.00381689	0.00381689	0	0	0
KI270384.1	1	0.0447077	0.0447077	0	0	0
KI270385.1	1	0.00204348	0.00204348	0	0	0
KI270386.1	1	0.0325388	0.0325388	0	0	0
KI270387.1	1	0.00176094	0.00176094	0	0	0
KI270388.1	1	0.0134306	0.0134306	0	0	0
KI270389.1	1	0.285428	0.285428	1	0	0
KI270390.1	1	0.00236395	0.00236395	0	0	0
KI270391.1	1	0.00556383	0.00556383	0	0	0
KI270392.1	1	0.000294097	0.000294097	0	0	0
KI270393.1	1	0.00590427	0.00590427	0	0	0
KI270395.1	1	0	0	0	0	0
KI270396.1	1	0.00263042	0.00263042	0	0	0
KI270411.1	1	0.00526895	0.00526895	0	0	0
KI270412.1	1	0.0102851	0.0102851	0	0	0
KI270414.1	1	0.00768588	0.00768588	0	0	0
KI270417.1	1	0.0120157	0.0120157	0	0	0
KI270418.1	1	0.00235288	0.00235288	0	0	0
KI270419.1	1	0.0663752	0.0663752	0	0	0
KI270420.1	1	0.00946661	0.00946661	0	0	0
KI270422.1	1	0	0	0	0	0
KI270423.1	1	0.000589041	0.000589041	0	0	0
KI270424.1	1	0.00619019	0.00619019	0	0	0
KI270425.1	1	0.00410538	0.00410538	0	0	0
KI270429.1	1	0	0	0	0	0
KI270435.1	1	0.316996	0.316996	1	0	0
KI270438.1	1	0.136426	0.136426	0	0	0
KI270442.1	1	1.93007	1.93007	6	0	0
KI270448.1	1	0.0119694	0.0119694	0	0	0
KI270465.1	1	0.00058565	0.00058565	0	0	0
KI270466.1	1	0.000293836	0.000293836	0	0	0
KI270467.1	1	0.00531159	0.00531159	0	0	0
KI270468.1	1	0.926092	0.926092	3	0	0
KI270507.1	1	0.0473583	0.0473583	0	0	0
KI270508.1	1	0.00321119	0.00321119	0	0	0
KI270509.1	1	0.00146174	0.00146174	0	0	0
KI270510.1	1	0.00117494	0.00117494	0	0	0
KI270511.1	1	0.0228731	0.0228731	0	0	0
KI270512.1	1	-1	-1	-1	0	0
KI270515.1	1	0.0380916	0.0380916	0	0	0
KI270516.1	1	0.00117405	0.00117405	0	0	0
KI270517.1	1	0.00911346	0.00911346	0	0	0
KI270518.1	1	0.00321294	0.00321294	0	0	0
KI270519.1	1	0.633651	0.633651	2	0	0
KI270521.1	1	0.0134331	0.0134331	0	0	0
KI270522.1	1	0.0299883	0.0299883	0	0	0
KI270528.1	1	0.112651	0.112651	0	0	0
KI270529.1	1	0.00292054	0.00292054	0	0	0
KI270530.1	1	0.00204365	0.00204365	0	0	0
KI270538.1	1	0.135219	0.135219	0	0	0
KI270539.1	1	0	0	0	0	0
KI270544.1	1	0.00905005	0.00905005	0	0	0
KI270548.1	1	0.00409696	0.00409696	0	0	0
KI270579.1	1	0	0	0	0	0
KI270580.1	1	0.00206403	0.00206403	0	0	0
KI270581.1	1	0.0102175	0.0102175	0	0	0
KI270582.1	1	0.0450604	0.0450604	0	0	0
KI270583.1	1	0.00116797	0.00116797	0	0	0
KI270584.1	1	0.0636246	0.0636246	0	0	0
KI270587.1	1	0.00619472	0.00619472	0	0	0
KI270588.1	1	0.0378881	0.0378881	0	0	0
KI270589.1	1	0.00382559	0.00382559	0	0	0
KI270590.1	1	0.0247817	0.0247817	0	0	0
KI270591.1	1	0.00558114	0.00558114	0	0	0
KI270593.1	1	0.0020775	0.0020775	0	0	0
KI270706.1	1	0.314515	0.314515	1	0	0
KI270707.1	1	0.0365475	0.0365475	0	0	0
KI270708.1	1	0.289063	0.289063	1	0	0
KI270709.1	1	0.187846	0.187846	1	0	0
KI270710.1	1	0.0584677	0.0584677	0	0	0
KI270711.1	1	0.0749087	0.0749087	0	0	0
KI270712.1	1	0.420408	0.420408	1	0	0
KI270713.1	1	0.160199	0.160199	0	0	0
KI270714.1	1	0.138576	0.138576	0	0	0
KI270715.1	1	0.529632	0.529632	2	0	0
KI270716.1	1	0.154565	0.154565	0	0	0
KI270717.1	1	0.0958254	0.0958254	0	0	0
KI270718.1	1	-1	-1	-1	0	0
KI270719.1	1	1.77716	1.77716	5	0	0
KI270720.1	1	0.122744	0.122744	0	0	0
KI270721.1	1	0.188861	0.188861	1	0	0
KI270722.1	1	0.48191	0.48191	1	0	0
KI270723.1	1	0.0855818	0.0855818	0	0	0
KI270724.1	1	0.0673073	0.0673073	0	0	0
KI270725.1	1	0.858682	0.858682	3	0	0
KI270726.1	1	0.312679	0.312679	1	0	0
KI270727.1	1	1.07887	1.07887	3	0	0
KI270728.1	1	0.347996	0.347996	1	0	0
KI270729.1	1	3.1408	3.1408	9	0	0
KI270730.1	1	-1	-1	-1	0	0
KI270731.1	1	0.643707	0.643707	2	0	0
KI270732.1	1	0.150478	0.150478	0	0	0
KI270733.1	1	1.21045	1.21045	4	0	0
KI270734.1	1	0.0550039	0.0550039	0	0	0
KI270735.1	1	0.133923	0.133923	0	0	0
KI270736.1	1	2.32251	2.32251	7	0	0
KI270737.1	1	0.09735	0.09735	0	0	0
KI270738.1	1	0.0644516	0.0644516	0	0	0
KI270739.1	1	0.334735	0.334735	1	0	0
KI270740.1	1	0.029071	0.029071	0	0	0
KI270741.1	1	0.471372	0.471372	1	0	0
KI270742.1	1	0.683759	0.683759	2	0	0
KI270743.1	1	0.649053	0.649053	2	0	0
KI270744.1	1	0.210595	0.210595	1	0	0
KI270745.1	1	0.0487179	0.0487179	0	0	0
KI270746.1	1	0.120526	0.120526	0	0	0
KI270747.1	1	0.419481	0.419481	1	0	0
KI270748.1	1	0.201053	0.201053	1	0	0
KI270749.1	1	0.129806	0.129806	0	0	0
KI270750.1	1	0.305848	0.305848	1	0	0
KI270751.1	1	0.369056	0.369056	1	0	0
KI270752.1	1	0.0280373	0.0280373	0	0	0
KI270753.1	1	-1	-1	-1	0	0
KI270754.1	1	0.0843656	0.0843656	0	0	0
KI270755.1	1	0.0707627	0.0707627	0	0	0
KI270756.1	1	0.0449125	0.0449125	0	0	0
KI270757.1	1	2.85658	2.85658	9	0	0
MT	1	11.6701	11.6701	35	0	0
X	1	-1	-1	-1	0	0
X	500001	0.894536	0.898347	3	0	0
X	1000001	0.878828	0.898347	3	0	0
X	1500001	0.912293	0.898347	3	0	0
X	2000001	-1	0.898347	3	0	0
X	2500001	0.902158	0.898347	3	0	0
X	3000001	0.969429	0.898347	3	0	0
X	3500001	0.855254	0.898347	3	0	0
X	4000001	0.96726	0.987626	3	0	0
X	4500001	0.977385	0.987626	3	0	0
X	5000001	0.956585	0.987626	3	0	0
X	5500001	0.982138	0.987626	3	0	0
X	6000001	0.960438	0.987626	3	0	0
X	6500001	0.975111	0.987626	3	0	0
X	7000001	0.9806	0.987626	3	0	0
X	7500001	1.01833	0.987626	3	0	0
X	8000001	0.936658	0.987626	3	0	0
X	8500001	1.00972	0.987626	3	0	0
X	9000001	1.02924	0.987626	3	0	0
X	9500001	0.965743	0.987626	3	0	0
X	10000001	1.00503	0.987626	3	0	0
X	10500001	1.03904	0.987626	3	0	0
X	11000001	1.0165	0.987626	3	0	0
X	11500001	0.967734	0.987626	3	0	0
X	12000001	0.990817	0.987626	3	0	0
X	12500001	1.04502	0.987626	3	0	0
X	13000001	1.04107	0.987626	3	0	0
X	13500001	1.04455	0.987626	3	0	0
X	14000001	1.046	0.987626	3	0	0
X	14500001	1.01418	0.987626	3	0	0
X	15000001	0.973453	0.987626	3	0	0
X	15500001	1.04493	0.987626	3	0	0
X	16000001	1.02018	0.987626	3	0	0
X	16500001	0.997549	0.987626	3	0	0
X	17000001	1.03001	0.987626	3	0	0
X	17500001	0.954934	0.987626	3	0	0
X	18000001	0.942592	0.987626	3	0	0
X	18500001	0.932947	0.987626	3	0	0
X	19000001	0.989113	0.987626	3	0	0
X	19500001	0.965992	0.987626	3	0	0
X	20000001	0.993776	0.987626	3	0	0
X	20500001	0.955729	0.987626	3	0	0
X	21000001	0.996449	0.987626	3	0	0
X	21500001	0.994025	0.987626	3	0	0
X	22000001	1.00052	0.987626	3	0	0
X	22500001	0.989804	0.987626	3	0	0
X	23000001	1.0105	0.987626	3	0	0
X	23500001	0.984997	0.987626	3	0	0
X	24000001	0.959274	0.987626	3	0	0
X	24500001	0.959908	0.987626	3	0	0
X	25000001	0.95099	0.987626	3	0	0
X	25500001	1.02503	0.987626	3	0	0
X	26000001	0.98062	0.987626	3	0	0
X	26500001	0.959357	0.987626	3	0	0
X	27000001	0.946704	0.987626	3	0	0
X	27500001	0.942308	0.987626	3	0	0
X	28000001	0.999271	0.987626	3	0	0
X	28500001	0.976703	0.987626	3	0	0
X	29000001	1.00417	0.987626	3	0	0
X	29500001	0.965387	0.987626	3	0	0
X	30000001	1.00424	0.987626	3	0	0
X	30500001	0.967699	0.987626	3	0	0
X	31000001	0.973312	0.987626	3	0	0
X	31500001	1.01513	0.987626	3	0	0
X	32000001	0.99363	0.987626	3	0	0
X	32500001	0.956471	0.987626	3	0	0
X	33000001	0.933669	0.987626	3	0	0
X	33500001	0.996118	0.987626	3	0	0
X	34000001	0.974308	0.987626	3	0	0
X	34500001	0.973599	0.987626	3	0	0
X	35000001	0.995615	0.987626	3	0	0
X	35500001	0.970902	0.987626	3	0	0
X	36000001	0.949499	0.987626	3	0	0
X	36500001	0.957236	0.987626	3	0	0
X	37000001	-1	0.987626	3	0	0
X	37500001	0.971624	0.987626	3	0	0
X	38000001	0.961906	0.987626	3	0	0
X	38500001	0.967389	0.987626	3	0	0
X	39000001	1.00365	0.987626	3	0	0
X	39500001	1.01731	0.987626	3	0	0
X	40000001	0.987908	0.987626	3	0	0
X	40500001	1.00303	0.987626	3	0	0
X	41000001	0.987626	0.987626	3	0	0
X	41500001	0.981875	0.987626	3	0	0
X	42000001	1.0162	0.987626	3	0	0
X	42500001	1.01678	0.987626	3	0	0
X	43000001	1.00206	0.987626	3	0	0
X	43500001	1.00889	0.987626	3	0	0
X	44000001	0.988447	0.987626	3	0	0
X	44500001	0.902728	0.987626	3	0	0
X	45000001	1.05063	0.987626	3	0	0
X	45500001	1.05638	0.987626	3	0	0
X	46000001	1.03538	0.987626	3	0	0
X	46500001	1.02217	0.987626	3	0	0
X	47000001	0.949576	0.987626	3	0	0
X	47500001	0.955017	0.987626	3	0	0
X	48000001	0.978603	0.987626	3	0	0
X	48500001	0.99456	0.987626	3	0	0
X	49000001	-1	0.987626	3	0	0
X	49500001	1.08159	0.987626	3	0	0
X	50000001	0.972018	0.987626	3	0	0
X	50500001	0.967649	0.987626	3	0	0
X	51000001	0.979606	0.987626	3	0	0
X	51500001	0.832282	0.832282	2	0	0
X	52000001	0.660101	0.660101	2	0	0
X	52500001	0.678815	0.660101	2	0	0
X	53000001	0.658648	0.660101	2	0	0
X	53500001	0.707492	0.660101	2	0	0
X	54000001	0.623861	0.660101	2	0	0
X	54500001	0.668932	0.660101	2	0	0
X	55000001	0.67698	0.660101	2	0	0
X	55500001	0.656107	0.660101	2	0	0
X	56000001	0.629834	0.660101	2	0	0
X	56500001	0.66266	0.660101	2	0	0
X	57000001	0.65283	0.660101	2	0	0
X	57500001	0.664203	0.660101	2	0	0
X	58000001	0.681072	0.660101	2	0	0
X	58500001	0.653594	0.660101	2	0	0
X	59000001	0.602945	0.660101	2	0	0
X	59500001	0.532809	0.538438	2	0	0
X	60000001	0.544067	0.538438	2	0	0
X	60500001	0.511151	0.538438	2	0	0
X	61000001	0.562738	0.538438	2	0	0
X	61500001	0.497313	0.538438	2	0	0
X	62000001	0.553496	0.538438	2	0	0
X	62500001	0.714088	0.662188	2	0	0
X	63000001	0.69242	0.662188	2	0	0
X	63500001	0.652221	0.662188	2	0	0
X	64000001	0.688023	0.662188	2	0	0
X	64500001	0.661982	0.662188	2	0	0
X	65000001	0.688775	0.662188	2	0	0
X	65500001	0.66661	0.662188	2	0	0
X	66000001	0.678893	0.662188	2	0	0
X	66500001	0.636973	0.662188	2	0	0
X	67000001	0.660404	0.662188	2	0	0
X	67500001	0.695101	0.662188	2	0	0
X	68000001	0.656878	0.662188	2	0	0
X	68500001	0.674586	0.662188	2	0	0
X	69000001	0.673273	0.662188	2	0	0
X	69500001	0.653752	0.662188	2	0	0
X	70000001	0.643773	0.662188	2	0	0
X	70500001	0.679331	0.662188	2	0	0
X	71000001	0.617003	0.662188	2	0	0
X	71500001	0.672961	0.662188	2	0	0
X	72000001	0.649652	0.662188	2	0	0
X	72500001	0.646243	0.662188	2	0	0
X	73000001	0.679568	0.662188	2	0	0
X	73500001	0.660925	0.662188	2	0	0
X	74000001	0.641909	0.662188	2	0	0
X	74500001	0.664707	0.662188	2	0	0
X	75000001	0.657082	0.662188	2	0	0
X	75500001	0.674057	0.662188	2	0	0
X	76000001	0.642561	0.662188	2	0	0
X	76500001	0.661795	0.662188	2	0	0
X	77000001	0.68538	0.662188	2	0	0
X	77500001	0.609845	0.662188	2	0	0
X	78000001	0.681307	0.662188	2	0	0
X	78500001	0.650384	0.662188	2	0	0
X	79000001	0.642898	0.662188	2	0	0
X	79500001	0.609807	0.662188	2	0	0
X	80000001	0.669874	0.662188	2	0	0
X	80500001	0.655286	0.662188	2	0	0
X	81000001	0.664319	0.662188	2	0	0
X	81500001	0.675297	0.662188	2	0	0
X	82000001	0.675696	0.662188	2	0	0
X	82500001	0.639698	0.662188	2	0	0
X	83000001	0.679442	0.662188	2	0	0
X	83500001	0.656541	0.662188	2	0	0
X	84000001	0.663402	0.662188	2	0	0
X	84500001	0.652554	0.662188	2	0	0
X	85000001	0.672649	0.662188	2	0	0
X	85500001	0.676754	0.662188	2	0	0
X	86000001	0.643831	0.662188	2	0	0
X	86500001	0.678625	0.662188	2	0	0
X	87000001	0.685359	0.662188	2	0	0
X	87500001	0.692829	0.662188	2	0	0
X	88000001	0.621485	0.662188	2	0	0
X	88500001	0.663547	0.662188	2	0	0
X	89000001	0.65315	0.662188	2	0	0
X	89500001	0.640291	0.662188	2	0	0
X	90000001	0.619387	0.662188	2	0	0
X	90500001	0.627535	0.662188	2	0	0
X	91000001	0.638729	0.662188	2	0	0
X	91500001	0.63903	0.662188	2	0	0
X	92000001	0.593688	0.662188	2	0	0
X	92500001	0.640554	0.662188	2	0	0
X	93000001	0.65537	0.662188	2	0	0
X	93500001	0.65135	0.662188	2	0	0
X	94000001	0.677553	0.662188	2	0	0
X	94500001	0.667331	0.662188	2	0	0
X	95000001	0.660902	0.662188	2	0	0
X	95500001	0.624719	0.662188	2	0	0
X	96000001	0.65245	0.662188	2	0	0
X	96500001	0.630978	0.662188	2	0	0
X	97000001	0.633699	0.662188	2	0	0
X	97500001	0.648129	0.662188	2	0	0
X	98000001	0.673575	0.662188	2	0	0
X	98500001	0.691881	0.662188	2	0	0
X	99000001	0.692836	0.662188	2	0	0
X	99500001	0.695953	0.662188	2	0	0
X	100000001	0.684336	0.662188	2	0	0
X	100500001	0.674092	0.662188	2	0	0
X	101000001	0.637076	0.662188	2	0	0
X	101500001	0.667635	0.662188	2	0	0
X	102000001	0.670826	0.662188	2	0	0
X	102500001	0.668388	0.662188	2	0	0
X	103000001	0.696994	0.662188	2	0	0
X	103500001	0.648118	0.662188	2	0	0
X	104000001	0.646424	0.662188	2	0	0
X	104500001	0.674315	0.662188	2	0	0
X	105000001	0.676261	0.662188	2	0	0
X	105500001	0.673428	0.662188	2	0	0
X	106000001	0.691975	0.662188	2	0	0
X	106500001	0.688009	0.662188	2	0	0
X	107000001	0.693712	0.662188	2	0	0
X	107500001	0.643574	0.662188	2	0	0
X	108000001	0.691773	0.662188	2	0	0
X	108500001	0.674253	0.662188	2	0	0
X	109000001	0.671006	0.662188	2	0	0
X	109500001	0.641968	0.662188	2	0	0
X	110000001	0.671476	0.662188	2	0	0
X	110500001	0.680489	0.662188	2	0	0
X	111000001	0.633833	0.662188	2	0	0
X	111500001	0.672368	0.662188	2	0	0
X	112000001	0.677944	0.662188	2	0	0
X	112500001	0.641229	0.662188	2	0	0
X	113000001	0.628413	0.662188	2	0	0
X	113500001	0.67218	0.662188	2	0	0
X	114000001	0.664147	0.662188	2	0	0
X	114500001	0.680109	0.662188	2	0	0
X	115000001	0.681486	0.662188	2	0	0
X	115500001	-1	0.662188	2	0	0
X	116000001	0.660422	0.662188	2	0	0
X	116500001	0.673081	0.662188	2	0	0
X	117000001	0.655821	0.662188	2	0	0
X	117500001	0.68515	0.662188	2	0	0
X	118000001	0.666864	0.662188	2	0	0
X	118500001	0.665274	0.662188	2	0	0
X	119000001	0.660988	0.662188	2	0	0
X	119500001	0.650697	0.662188	2	0	0
X	120000001	0.683739	0.662188	2	0	0
X	120500001	0.620244	0.662188	2	0	0
X	121000001	0.6659	0.662188	2	0	0
X	121500001	0.635592	0.662188	2	0	0
X	122000001	0.661289	0.662188	2	0	0
X	122500001	0.637327	0.662188	2	0	0
X	123000001	0.682967	0.662188	2	0	0
X	123500001	0.628254	0.662188	2	0	0
X	124000001	0.642315	0.662188	2	0	0
X	124500001	0.671701	0.662188	2	0	0
X	125000001	0.634557	0.662188	2	0	0
X	125500001	0.647092	0.662188	2	0	0
X	126000001	0.620376	0.662188	2	0	0
X	126500001	0.621951	0.662188	2	0	0
X	127000001	0.627985	0.662188	2	0	0
X	127500001	0.67208	0.662188	2	0	0
X	128000001	0.677293	0.662188	2	0	0
X	128500001	0.673039	0.662188	2	0	0
X	129000001	0.683283	0.662188	2	0	0
X	129500001	0.647022	0.662188	2	0	0
X	130000001	0.648913	0.662188	2	0	0
X	130500001	0.676703	0.662188	2	0	0
X	131000001	0.673182	0.662188	2	0	0
X	131500001	0.661504	0.662188	2	0	0
X	132000001	0.665971	0.662188	2	0	0
X	132500001	0.688804	0.662188	2	0	0
X	133000001	0.638881	0.662188	2	0	0
X	133500001	0.644549	0.662188	2	0	0
X	134000001	0.661895	0.662188	2	0	0
X	134500001	0.635501	0.662188	2	0	0
X	135000001	0.668607	0.662188	2	0	0
X	135500001	0.693235	0.662188	2	0	0
X	136000001	0.655602	0.662188	2	0	0
X	136500001	0.641431	0.662188	2	0	0
X	137000001	0.686889	0.662188	2	0	0
X	137500001	0.643055	0.662188	2	0	0
X	138000001	0.674515	0.662188	2	0	0
X	138500001	0.660396	0.662188	2	0	0
X	139000001	0.662395	0.662188	2	0	0
X	139500001	0.628276	0.662188	2	0	0
X	140000001	0.644015	0.662188	2	0	0
X	140500001	0.65614	0.662188	2	0	0
X	141000001	0.701523	0.662188	2	0	0
X	141500001	0.68114	0.662188	2	0	0
X	142000001	0.665103	0.662188	2	0	0
X	142500001	0.635294	0.662188	2	0	0
X	143000001	0.659129	0.662188	2	0	0
X	143500001	0.644423	0.662188	2	0	0
X	144000001	0.66974	0.662188	2	0	0
X	144500001	0.63273	0.662188	2	0	0
X	145000001	0.652021	0.662188	2	0	0
X	145500001	0.689152	0.662188	2	0	0
X	146000001	0.664796	0.662188	2	0	0
X	146500001	0.633268	0.662188	2	0	0
X	147000001	0.654443	0.662188	2	0	0
X	147500001	0.632526	0.662188	2	0	0
X	148000001	0.656885	0.662188	2	0	0
X	148500001	0.676369	0.662188	2	0	0
X	149000001	0.658784	0.662188	2	0	0
X	149500001	0.678313	0.662188	2	0	0
X	150000001	0.716371	0.662188	2	0	0
X	150500001	0.636084	0.662188	2	0	0
X	151000001	0.668689	0.662188	2	0	0
X	151500001	0.636703	0.662188	2	0	0
X	152000001	0.692139	0.662188	2	0	0
X	152500001	0.658238	0.662188	2	0	0
X	153000001	0.669183	0.662188	2	0	0
X	153500001	0.669708	0.662188	2	0	0
X	154000001	0.879154	0.674468	2	0	0
X	154500001	0.6867	0.674468	2	0	0
X	155000001	0.662236	0.674468	2	0	0
X	155500001	0.61858	0.674468	2	0	0
X	156000001	-1	-1	-1	0	0
