Chromosome	Start	Ratio	MedianRatio	CopyNumber	Subclone_CN	Subclone_Population
1	1	-1	-1	-1	0	0
1	500001	0.805419	0.672254	2	0	0
1	1000001	0.653505	0.672254	2	0	0
1	1500001	0.708937	0.672254	2	0	0
1	2000001	0.660467	0.672254	2	0	0
1	2500001	0.88707	0.672254	2	0	0
1	3000001	0.694691	0.672254	2	0	0
1	3500001	0.670358	0.672254	2	0	0
1	4000001	0.658339	0.672254	2	0	0
1	4500001	0.664595	0.672254	2	0	0
1	5000001	0.67952	0.672254	2	0	0
1	5500001	0.672273	0.672254	2	0	0
1	6000001	0.704137	0.672254	2	0	0
1	6500001	0.673	0.672254	2	0	0
1	7000001	0.662427	0.672254	2	0	0
1	7500001	0.664024	0.672254	2	0	0
1	8000001	0.671057	0.672254	2	0	0
1	8500001	0.683553	0.672254	2	0	0
1	9000001	0.688747	0.672254	2	0	0
1	9500001	0.648215	0.672254	2	0	0
1	10000001	0.660329	0.672254	2	0	0
1	10500001	0.663791	0.672254	2	0	0
1	11000001	0.708847	0.672254	2	0	0
1	11500001	0.677121	0.672254	2	0	0
1	12000001	0.669381	0.672254	2	0	0
1	12500001	0.672236	0.672254	2	0	0
1	13000001	0.675912	0.672254	2	0	0
1	13500001	0.645948	0.672254	2	0	0
1	14000001	0.661887	0.672254	2	0	0
1	14500001	0.675765	0.672254	2	0	0
1	15000001	0.704703	0.672254	2	0	0
1	15500001	0.626744	0.672254	2	0	0
1	16000001	0.721012	0.672254	2	0	0
1	16500001	1.08706	1.08706	3	0	0
1	17000001	0.690221	0.674701	2	0	0
1	17500001	0.694407	0.674701	2	0	0
1	18000001	0.699923	0.674701	2	0	0
1	18500001	0.699035	0.674701	2	0	0
1	19000001	0.709833	0.674701	2	0	0
1	19500001	0.674129	0.674701	2	0	0
1	20000001	0.667369	0.674701	2	0	0
1	20500001	0.662757	0.674701	2	0	0
1	21000001	0.670029	0.674701	2	0	0
1	21500001	0.684507	0.674701	2	0	0
1	22000001	0.680935	0.674701	2	0	0
1	22500001	0.683927	0.674701	2	0	0
1	23000001	0.651286	0.674701	2	0	0
1	23500001	0.657186	0.674701	2	0	0
1	24000001	0.685929	0.674701	2	0	0
1	24500001	0.654288	0.674701	2	0	0
1	25000001	0.624253	0.674701	2	0	0
1	25500001	0.669777	0.674701	2	0	0
1	26000001	0.691428	0.674701	2	0	0
1	26500001	0.669571	0.674701	2	0	0
1	27000001	0.679318	0.674701	2	0	0
1	27500001	0.67611	0.674701	2	0	0
1	28000001	0.666117	0.674701	2	0	0
1	28500001	0.673555	0.674701	2	0	0
1	29000001	0.699958	0.674701	2	0	0
1	29500001	0.67038	0.674701	2	0	0
1	30000001	0.71982	0.674701	2	0	0
1	30500001	0.675043	0.674701	2	0	0
1	31000001	0.660775	0.674701	2	0	0
1	31500001	0.681789	0.674701	2	0	0
1	32000001	0.691067	0.674701	2	0	0
1	32500001	0.660578	0.674701	2	0	0
1	33000001	0.684746	0.674701	2	0	0
1	33500001	0.684318	0.674701	2	0	0
1	34000001	0.670559	0.674701	2	0	0
1	34500001	0.670948	0.674701	2	0	0
1	35000001	0.648073	0.674701	2	0	0
1	35500001	0.643711	0.674701	2	0	0
1	36000001	0.667298	0.674701	2	0	0
1	36500001	0.676797	0.674701	2	0	0
1	37000001	0.694551	0.674701	2	0	0
1	37500001	0.658764	0.674701	2	0	0
1	38000001	0.696191	0.674701	2	0	0
1	38500001	0.658883	0.674701	2	0	0
1	39000001	0.676615	0.674701	2	0	0
1	39500001	0.701802	0.674701	2	0	0
1	40000001	0.689494	0.674701	2	0	0
1	40500001	0.680096	0.674701	2	0	0
1	41000001	0.675718	0.674701	2	0	0
1	41500001	0.671213	0.674701	2	0	0
1	42000001	0.691751	0.674701	2	0	0
1	42500001	0.679172	0.674701	2	0	0
1	43000001	0.696189	0.674701	2	0	0
1	43500001	0.686032	0.674701	2	0	0
1	44000001	0.663945	0.674701	2	0	0
1	44500001	0.683367	0.674701	2	0	0
1	45000001	0.662228	0.674701	2	0	0
1	45500001	0.669928	0.674701	2	0	0
1	46000001	0.707906	0.674701	2	0	0
1	46500001	0.693794	0.674701	2	0	0
1	47000001	0.664019	0.674701	2	0	0
1	47500001	0.703201	0.674701	2	0	0
1	48000001	0.678631	0.674701	2	0	0
1	48500001	0.664707	0.674701	2	0	0
1	49000001	0.654345	0.674701	2	0	0
1	49500001	0.676019	0.674701	2	0	0
1	50000001	0.66776	0.674701	2	0	0
1	50500001	0.65716	0.674701	2	0	0
1	51000001	0.661545	0.674701	2	0	0
1	51500001	0.668663	0.674701	2	0	0
1	52000001	0.654353	0.674701	2	0	0
1	52500001	0.664761	0.674701	2	0	0
1	53000001	0.698753	0.674701	2	0	0
1	53500001	0.657019	0.674701	2	0	0
1	54000001	0.678392	0.674701	2	0	0
1	54500001	0.670278	0.674701	2	0	0
1	55000001	0.650194	0.674701	2	0	0
1	55500001	0.673691	0.674701	2	0	0
1	56000001	0.669875	0.674701	2	0	0
1	56500001	0.649611	0.674701	2	0	0
1	57000001	0.648572	0.674701	2	0	0
1	57500001	0.679278	0.674701	2	0	0
1	58000001	0.699107	0.674701	2	0	0
1	58500001	0.697071	0.674701	2	0	0
1	59000001	0.692398	0.674701	2	0	0
1	59500001	0.698687	0.674701	2	0	0
1	60000001	0.670477	0.674701	2	0	0
1	60500001	0.672336	0.674701	2	0	0
1	61000001	0.641037	0.674701	2	0	0
1	61500001	0.647587	0.674701	2	0	0
1	62000001	0.646082	0.674701	2	0	0
1	62500001	0.669437	0.674701	2	0	0
1	63000001	0.648962	0.674701	2	0	0
1	63500001	0.729247	0.674701	2	0	0
1	64000001	0.693757	0.674701	2	0	0
1	64500001	0.674358	0.674701	2	0	0
1	65000001	0.670011	0.674701	2	0	0
1	65500001	0.678728	0.674701	2	0	0
1	66000001	0.737989	0.674701	2	0	0
1	66500001	0.676533	0.674701	2	0	0
1	67000001	0.660992	0.674701	2	0	0
1	67500001	0.701284	0.674701	2	0	0
1	68000001	0.694437	0.674701	2	0	0
1	68500001	0.678134	0.674701	2	0	0
1	69000001	0.672949	0.674701	2	0	0
1	69500001	0.669313	0.674701	2	0	0
1	70000001	0.692003	0.674701	2	0	0
1	70500001	0.703232	0.674701	2	0	0
1	71000001	0.669096	0.674701	2	0	0
1	71500001	0.815792	0.674701	2	0	0
1	72000001	1.26805	1.26805	4	0	0
1	72500001	1.61167	1.68474	5	0	0
1	73000001	1.68474	1.68474	5	0	0
1	73500001	1.72683	1.68474	5	0	0
1	74000001	1.95255	2.06004	6	0	0
1	74500001	2.13157	2.06004	6	0	0
1	75000001	2.03166	2.06004	6	0	0
1	75500001	1.99653	2.06004	6	0	0
1	76000001	2.02112	2.06004	6	0	0
1	76500001	2.07844	2.06004	6	0	0
1	77000001	2.06004	2.06004	6	0	0
1	77500001	2.01434	2.06004	6	0	0
1	78000001	2.10962	2.06004	6	0	0
1	78500001	2.04183	2.06004	6	0	0
1	79000001	2.10288	2.06004	6	0	0
1	79500001	2.08	2.06004	6	0	0
1	80000001	2.09347	2.06004	6	0	0
1	80500001	1.57346	1.38213	4	0	0
1	81000001	1.37128	1.38213	4	0	0
1	81500001	1.31146	1.38213	4	0	0
1	82000001	1.0321	1.38213	4	0	0
1	82500001	1.35415	1.38213	4	0	0
1	83000001	1.43684	1.38213	4	0	0
1	83500001	1.42027	1.38213	4	0	0
1	84000001	1.38213	1.38213	4	0	0
1	84500001	1.41247	1.38213	4	0	0
1	85000001	1.02943	1.06441	3	0	0
1	85500001	1.06358	1.06441	3	0	0
1	86000001	1.06524	1.06441	3	0	0
1	86500001	1.19375	1.06441	3	0	0
1	87000001	1.33622	1.35966	4	0	0
1	87500001	1.40145	1.35966	4	0	0
1	88000001	1.37974	1.35966	4	0	0
1	88500001	1.35966	1.35966	4	0	0
1	89000001	1.44372	1.35966	4	0	0
1	89500001	1.3395	1.35966	4	0	0
1	90000001	1.37413	1.35966	4	0	0
1	90500001	1.35462	1.35966	4	0	0
1	91000001	1.40936	1.35966	4	0	0
1	91500001	1.34345	1.35966	4	0	0
1	92000001	1.30594	1.35966	4	0	0
1	92500001	1.17394	1.05374	3	0	0
1	93000001	1.00882	1.05374	3	0	0
1	93500001	1.0473	1.05374	3	0	0
1	94000001	1.10838	1.05374	3	0	0
1	94500001	1.07107	1.05374	3	0	0
1	95000001	1.03687	1.05374	3	0	0
1	95500001	1.04863	1.05374	3	0	0
1	96000001	1.05886	1.05374	3	0	0
1	96500001	1.30673	1.40345	4	0	0
1	97000001	1.40755	1.40345	4	0	0
1	97500001	1.40345	1.40345	4	0	0
1	98000001	1.43201	1.40345	4	0	0
1	98500001	1.41977	1.40345	4	0	0
1	99000001	1.40667	1.40345	4	0	0
1	99500001	1.3415	1.40345	4	0	0
1	100000001	1.33963	1.40345	4	0	0
1	100500001	1.41404	1.40345	4	0	0
1	101000001	1.38506	1.40345	4	0	0
1	101500001	1.38281	1.40345	4	0	0
1	102000001	1.11619	1.03061	3	0	0
1	102500001	1.01986	1.03061	3	0	0
1	103000001	1.02723	1.03061	3	0	0
1	103500001	1.11801	1.03061	3	0	0
1	104000001	1.01713	1.03061	3	0	0
1	104500001	1.04757	1.03061	3	0	0
1	105000001	0.974863	1.03061	3	0	0
1	105500001	1.00255	1.03061	3	0	0
1	106000001	1.02907	1.03061	3	0	0
1	106500001	1.01378	1.03061	3	0	0
1	107000001	1.02424	1.03061	3	0	0
1	107500001	1.01587	1.03061	3	0	0
1	108000001	1.03074	1.03061	3	0	0
1	108500001	1.03787	1.03061	3	0	0
1	109000001	1.00608	1.03061	3	0	0
1	109500001	1.04775	1.03061	3	0	0
1	110000001	1.04524	1.03061	3	0	0
1	110500001	1.04361	1.03061	3	0	0
1	111000001	1.08881	1.03061	3	0	0
1	111500001	1.14525	1.03061	3	0	0
1	112000001	1.03167	1.03061	3	0	0
1	112500001	0.999422	1.03061	3	0	0
1	113000001	1.07313	1.03061	3	0	0
1	113500001	1.06552	1.03061	3	0	0
1	114000001	1.03682	1.03061	3	0	0
1	114500001	1.00649	1.03061	3	0	0
1	115000001	1.04687	1.03061	3	0	0
1	115500001	1.02287	1.03061	3	0	0
1	116000001	1.04393	1.03061	3	0	0
1	116500001	1.03783	1.03061	3	0	0
1	117000001	1.01733	1.03061	3	0	0
1	117500001	1.05088	1.03061	3	0	0
1	118000001	1.08781	1.03061	3	0	0
1	118500001	0.997747	1.03061	3	0	0
1	119000001	1.03048	1.03061	3	0	0
1	119500001	1.06769	1.03061	3	0	0
1	120000001	0.903635	1.03061	3	0	0
1	120500001	0.667306	1.03061	3	0	0
1	121000001	1.03047	1.03061	3	0	0
1	121500001	1.01414	1.03061	3	0	0
1	122000001	0.996975	1.03061	3	0	0
1	122500001	1.1978	1.03061	3	0	0
1	123000001	1.31653	1.43617	4	0	0
1	123500001	1.55581	1.43617	4	0	0
1	124000001	2.06957	2.06957	6	0	0
1	124500001	2.85142	2.85142	9	0	0
1	125000001	-1	-1	-1	0	0
1	125500001	-1	-1	-1	0	0
1	126000001	-1	-1	-1	0	0
1	126500001	-1	-1	-1	0	0
1	127000001	-1	-1	-1	0	0
1	127500001	-1	-1	-1	0	0
1	128000001	-1	-1	-1	0	0
1	128500001	-1	-1	-1	0	0
1	129000001	-1	-1	-1	0	0
1	129500001	-1	-1	-1	0	0
1	130000001	-1	-1	-1	0	0
1	130500001	-1	-1	-1	0	0
1	131000001	-1	-1	-1	0	0
1	131500001	-1	-1	-1	0	0
1	132000001	-1	-1	-1	0	0
1	132500001	-1	-1	-1	0	0
1	133000001	-1	-1	-1	0	0
1	133500001	-1	-1	-1	0	0
1	134000001	-1	-1	-1	0	0
1	134500001	-1	-1	-1	0	0
1	135000001	-1	-1	-1	0	0
1	135500001	-1	-1	-1	0	0
1	136000001	-1	-1	-1	0	0
1	136500001	-1	-1	-1	0	0
1	137000001	-1	-1	-1	0	0
1	137500001	-1	-1	-1	0	0
1	138000001	-1	-1	-1	0	0
1	138500001	-1	-1	-1	0	0
1	139000001	-1	-1	-1	0	0
1	139500001	-1	-1	-1	0	0
1	140000001	-1	-1	-1	0	0
1	140500001	-1	-1	-1	0	0
1	141000001	-1	-1	-1	0	0
1	141500001	-1	-1	-1	0	0
1	142000001	-1	-1	-1	0	0
1	142500001	-1	-1	-1	0	0
1	143000001	-1	-1	-1	0	0
1	143500001	1.02347	1.0144	3	0	0
1	144000001	1.00868	1.0144	3	0	0
1	144500001	1.0346	1.0144	3	0	0
1	145000001	1.09888	1.0144	3	0	0
1	145500001	1.02794	1.0144	3	0	0
1	146000001	0.983587	1.0144	3	0	0
1	146500001	0.983595	1.0144	3	0	0
1	147000001	1.04938	1.0144	3	0	0
1	147500001	0.994913	1.0144	3	0	0
1	148000001	1.00505	1.0144	3	0	0
1	148500001	1.13146	1.0144	3	0	0
1	149000001	1.10243	1.0144	3	0	0
1	149500001	1.04495	1.0144	3	0	0
1	150000001	0.969727	1.0144	3	0	0
1	150500001	0.980253	1.0144	3	0	0
1	151000001	1.02628	1.0144	3	0	0
1	151500001	1.01494	1.0144	3	0	0
1	152000001	1.07534	1.0144	3	0	0
1	152500001	0.963337	1.0144	3	0	0
1	153000001	1.01855	1.0144	3	0	0
1	153500001	1.00838	1.0144	3	0	0
1	154000001	0.964451	1.0144	3	0	0
1	154500001	1.01695	1.0144	3	0	0
1	155000001	0.984893	1.0144	3	0	0
1	155500001	0.995018	1.0144	3	0	0
1	156000001	1.01386	1.0144	3	0	0
1	156500001	1.05716	1.0144	3	0	0
1	157000001	1.04294	1.0144	3	0	0
1	157500001	1.04202	1.0144	3	0	0
1	158000001	0.982774	1.0144	3	0	0
1	158500001	1.02339	1.0144	3	0	0
1	159000001	0.963599	1.0144	3	0	0
1	159500001	1.00615	1.0144	3	0	0
1	160000001	1.00908	1.0144	3	0	0
1	160500001	1.02054	1.0144	3	0	0
1	161000001	1.12248	1.0144	3	0	0
1	161500001	1.09552	1.0144	3	0	0
1	162000001	1.09427	1.0144	3	0	0
1	162500001	1.01974	1.0144	3	0	0
1	163000001	1.05034	1.0144	3	0	0
1	163500001	0.999035	1.0144	3	0	0
1	164000001	1.01543	1.0144	3	0	0
1	164500001	1.00309	1.0144	3	0	0
1	165000001	1.00558	1.0144	3	0	0
1	165500001	0.975098	1.0144	3	0	0
1	166000001	1.00864	1.0144	3	0	0
1	166500001	0.998541	1.0144	3	0	0
1	167000001	1.0213	1.0144	3	0	0
1	167500001	1.06135	1.0144	3	0	0
1	168000001	1.00464	1.0144	3	0	0
1	168500001	1.00391	1.0144	3	0	0
1	169000001	0.998838	1.0144	3	0	0
1	169500001	1.2986	1.28332	4	0	0
1	170000001	1.28602	1.28332	4	0	0
1	170500001	1.28062	1.28332	4	0	0
1	171000001	1.22358	1.28332	4	0	0
1	171500001	1.06478	1.0053	3	0	0
1	172000001	1.02735	1.0053	3	0	0
1	172500001	1.11396	1.0053	3	0	0
1	173000001	1.03545	1.0053	3	0	0
1	173500001	1.00016	1.0053	3	0	0
1	174000001	0.991141	1.0053	3	0	0
1	174500001	0.991283	1.0053	3	0	0
1	175000001	0.983979	1.0053	3	0	0
1	175500001	0.975676	1.0053	3	0	0
1	176000001	0.958958	1.0053	3	0	0
1	176500001	0.987951	1.0053	3	0	0
1	177000001	1.00764	1.0053	3	0	0
1	177500001	1.04596	1.0053	3	0	0
1	178000001	0.967795	1.0053	3	0	0
1	178500001	1.02387	1.0053	3	0	0
1	179000001	0.972595	1.0053	3	0	0
1	179500001	1.03105	1.0053	3	0	0
1	180000001	0.99094	1.0053	3	0	0
1	180500001	0.975485	1.0053	3	0	0
1	181000001	1.01533	1.0053	3	0	0
1	181500001	1.00806	1.0053	3	0	0
1	182000001	0.992925	1.0053	3	0	0
1	182500001	1.00486	1.0053	3	0	0
1	183000001	0.984676	1.0053	3	0	0
1	183500001	0.972788	1.0053	3	0	0
1	184000001	1.03336	1.0053	3	0	0
1	184500001	1.00467	1.0053	3	0	0
1	185000001	1.00168	1.0053	3	0	0
1	185500001	1.01591	1.0053	3	0	0
1	186000001	1.01264	1.0053	3	0	0
1	186500001	0.947806	1.0053	3	0	0
1	187000001	0.985799	1.0053	3	0	0
1	187500001	1.00992	1.0053	3	0	0
1	188000001	0.958298	1.0053	3	0	0
1	188500001	0.960192	1.0053	3	0	0
1	189000001	1.04195	1.0053	3	0	0
1	189500001	0.972398	1.0053	3	0	0
1	190000001	1.014	1.0053	3	0	0
1	190500001	0.957462	1.0053	3	0	0
1	191000001	0.989412	1.0053	3	0	0
1	191500001	0.958084	1.0053	3	0	0
1	192000001	1.06024	1.0053	3	0	0
1	192500001	1.04466	1.0053	3	0	0
1	193000001	0.992087	1.0053	3	0	0
1	193500001	0.998337	1.0053	3	0	0
1	194000001	0.993458	1.0053	3	0	0
1	194500001	1.01499	1.0053	3	0	0
1	195000001	0.969197	1.0053	3	0	0
1	195500001	1.0117	1.0053	3	0	0
1	196000001	1.02323	1.0053	3	0	0
1	196500001	0.995887	1.0053	3	0	0
1	197000001	1.01169	1.0053	3	0	0
1	197500001	1.04492	1.0053	3	0	0
1	198000001	1.02066	1.0053	3	0	0
1	198500001	1.0171	1.0053	3	0	0
1	199000001	1.00998	1.0053	3	0	0
1	199500001	0.961584	1.0053	3	0	0
1	200000001	0.962224	1.0053	3	0	0
1	200500001	0.964169	1.0053	3	0	0
1	201000001	1.06847	1.0053	3	0	0
1	201500001	1.03448	1.0053	3	0	0
1	202000001	1.01843	1.0053	3	0	0
1	202500001	0.99271	1.0053	3	0	0
1	203000001	1.02695	1.0053	3	0	0
1	203500001	0.961954	1.0053	3	0	0
1	204000001	1.03003	1.0053	3	0	0
1	204500001	1.07352	1.0053	3	0	0
1	205000001	0.992609	1.0053	3	0	0
1	205500001	1.02363	1.0053	3	0	0
1	206000001	1.0083	1.0053	3	0	0
1	206500001	1.02972	1.0053	3	0	0
1	207000001	1.01114	1.0053	3	0	0
1	207500001	0.978271	1.0053	3	0	0
1	208000001	1.0053	1.0053	3	0	0
1	208500001	1.00191	1.0053	3	0	0
1	209000001	1.03233	1.0053	3	0	0
1	209500001	1.04338	1.0053	3	0	0
1	210000001	1.03617	1.0053	3	0	0
1	210500001	1.03606	1.0053	3	0	0
1	211000001	1.01702	1.0053	3	0	0
1	211500001	0.989404	1.0053	3	0	0
1	212000001	1.0013	1.0053	3	0	0
1	212500001	0.988275	1.0053	3	0	0
1	213000001	0.978251	1.0053	3	0	0
1	213500001	0.986579	1.0053	3	0	0
1	214000001	1.00983	1.0053	3	0	0
1	214500001	1.03103	1.0053	3	0	0
1	215000001	1.03693	1.0053	3	0	0
1	215500001	0.99642	1.0053	3	0	0
1	216000001	1.00459	1.0053	3	0	0
1	216500001	0.945757	1.0053	3	0	0
1	217000001	0.955265	1.0053	3	0	0
1	217500001	0.991181	1.0053	3	0	0
1	218000001	1.07818	1.0053	3	0	0
1	218500001	0.981456	1.0053	3	0	0
1	219000001	1.03468	1.0053	3	0	0
1	219500001	1.06052	1.0053	3	0	0
1	220000001	1.01499	1.0053	3	0	0
1	220500001	1.02734	1.0053	3	0	0
1	221000001	1.04084	1.0053	3	0	0
1	221500001	0.997485	1.0053	3	0	0
1	222000001	0.986426	1.0053	3	0	0
1	222500001	1.04069	1.0053	3	0	0
1	223000001	1.04322	1.0053	3	0	0
1	223500001	1.0199	1.0053	3	0	0
1	224000001	0.99312	1.0053	3	0	0
1	224500001	1.01491	1.0053	3	0	0
1	225000001	1.01545	1.0053	3	0	0
1	225500001	0.998257	1.0053	3	0	0
1	226000001	0.975381	1.0053	3	0	0
1	226500001	1.01377	1.0053	3	0	0
1	227000001	1.02021	1.0053	3	0	0
1	227500001	1.0118	1.0053	3	0	0
1	228000001	1.01253	1.0053	3	0	0
1	228500001	1.23502	1.0053	3	0	0
1	229000001	0.991689	1.0053	3	0	0
1	229500001	0.941957	1.0053	3	0	0
1	230000001	0.999247	1.0053	3	0	0
1	230500001	0.999459	1.0053	3	0	0
1	231000001	0.964928	1.0053	3	0	0
1	231500001	0.979068	1.0053	3	0	0
1	232000001	0.999871	1.0053	3	0	0
1	232500001	0.969778	1.0053	3	0	0
1	233000001	0.988618	1.0053	3	0	0
1	233500001	1.00915	1.0053	3	0	0
1	234000001	1.01162	1.0053	3	0	0
1	234500001	1.08922	1.0053	3	0	0
1	235000001	0.944377	0.964535	3	0	0
1	235500001	0.998419	0.964535	3	0	0
1	236000001	0.941714	0.964535	3	0	0
1	236500001	0.98024	0.964535	3	0	0
1	237000001	0.937995	0.964535	3	0	0
1	237500001	0.978539	0.964535	3	0	0
1	238000001	0.979409	0.964535	3	0	0
1	238500001	0.962512	0.964535	3	0	0
1	239000001	0.936651	0.964535	3	0	0
1	239500001	0.972359	0.964535	3	0	0
1	240000001	0.909146	0.964535	3	0	0
1	240500001	0.957048	0.964535	3	0	0
1	241000001	0.969097	0.964535	3	0	0
1	241500001	0.939896	0.964535	3	0	0
1	242000001	0.930354	0.964535	3	0	0
1	242500001	0.968292	0.964535	3	0	0
1	243000001	0.979149	0.964535	3	0	0
1	243500001	1.01114	0.964535	3	0	0
1	244000001	0.969998	0.964535	3	0	0
1	244500001	0.966559	0.964535	3	0	0
1	245000001	0.981676	0.964535	3	0	0
1	245500001	0.947459	0.964535	3	0	0
1	246000001	0.955046	0.964535	3	0	0
1	246500001	0.95518	0.964535	3	0	0
1	247000001	0.968415	0.964535	3	0	0
1	247500001	0.931614	0.964535	3	0	0
1	248000001	1.0747	0.964535	3	0	0
1	248500001	0.778567	0.964535	3	0	0
10	1	0.988286	0.995829	3	0	0
10	500001	0.995829	0.995829	3	0	0
10	1000001	1.02092	0.995829	3	0	0
10	1500001	0.994856	0.995829	3	0	0
10	2000001	0.970979	0.995829	3	0	0
10	2500001	1.02135	0.995829	3	0	0
10	3000001	1.04199	0.995829	3	0	0
10	3500001	0.995053	0.995829	3	0	0
10	4000001	0.990111	0.995829	3	0	0
10	4500001	1.03088	0.995829	3	0	0
10	5000001	1.06202	0.995829	3	0	0
10	5500001	1.02808	0.995829	3	0	0
10	6000001	0.983353	0.995829	3	0	0
10	6500001	0.967507	0.995829	3	0	0
10	7000001	1.00167	0.995829	3	0	0
10	7500001	0.925383	0.995829	3	0	0
10	8000001	0.988574	0.995829	3	0	0
10	8500001	0.991945	0.995829	3	0	0
10	9000001	1.00536	0.995829	3	0	0
10	9500001	0.960362	0.995829	3	0	0
10	10000001	0.968501	0.995829	3	0	0
10	10500001	1.0117	0.995829	3	0	0
10	11000001	1.0148	0.995829	3	0	0
10	11500001	0.983608	0.995829	3	0	0
10	12000001	0.978443	0.995829	3	0	0
10	12500001	0.98596	0.995829	3	0	0
10	13000001	1.00505	0.995829	3	0	0
10	13500001	1.00845	0.995829	3	0	0
10	14000001	1.02015	0.995829	3	0	0
10	14500001	1.0265	0.995829	3	0	0
10	15000001	1.01829	0.995829	3	0	0
10	15500001	1.03048	0.995829	3	0	0
10	16000001	1.00211	0.995829	3	0	0
10	16500001	1.01163	0.995829	3	0	0
10	17000001	1.04429	0.995829	3	0	0
10	17500001	0.965168	0.995829	3	0	0
10	18000001	0.979351	0.995829	3	0	0
10	18500001	0.977252	0.995829	3	0	0
10	19000001	0.971155	0.995829	3	0	0
10	19500001	0.994665	0.995829	3	0	0
10	20000001	0.998917	0.995829	3	0	0
10	20500001	1.02848	0.995829	3	0	0
10	21000001	0.975667	0.995829	3	0	0
10	21500001	0.971598	0.995829	3	0	0
10	22000001	1.02736	0.995829	3	0	0
10	22500001	0.993089	0.995829	3	0	0
10	23000001	0.958855	0.995829	3	0	0
10	23500001	1.00955	0.995829	3	0	0
10	24000001	1.03969	0.995829	3	0	0
10	24500001	0.97269	0.995829	3	0	0
10	25000001	1.0436	0.995829	3	0	0
10	25500001	0.991034	0.995829	3	0	0
10	26000001	0.979331	0.995829	3	0	0
10	26500001	1.01309	0.995829	3	0	0
10	27000001	0.990753	0.995829	3	0	0
10	27500001	0.992436	0.995829	3	0	0
10	28000001	0.953172	0.995829	3	0	0
10	28500001	0.964436	0.995829	3	0	0
10	29000001	1.02911	0.995829	3	0	0
10	29500001	1.01837	0.995829	3	0	0
10	30000001	1.00469	0.995829	3	0	0
10	30500001	1.01836	0.995829	3	0	0
10	31000001	1.0074	0.995829	3	0	0
10	31500001	1.01986	0.995829	3	0	0
10	32000001	0.997169	0.995829	3	0	0
10	32500001	1.06505	0.995829	3	0	0
10	33000001	1.0802	0.995829	3	0	0
10	33500001	1.00133	0.995829	3	0	0
10	34000001	0.982902	0.995829	3	0	0
10	34500001	0.961116	0.995829	3	0	0
10	35000001	0.945205	0.995829	3	0	0
10	35500001	1.00623	0.995829	3	0	0
10	36000001	0.968743	0.995829	3	0	0
10	36500001	0.929482	0.995829	3	0	0
10	37000001	0.9969	0.995829	3	0	0
10	37500001	0.960556	0.995829	3	0	0
10	38000001	0.944408	0.995829	3	0	0
10	38500001	1.17623	1.15845	3	0	0
10	39000001	1.14067	1.15845	3	0	0
10	39500001	0.432683	0.432683	1	0	0
10	40000001	1.09715	1.09715	3	0	0
10	40500001	1.31955	1.31955	4	0	0
10	41000001	0.794236	0.794236	2	0	0
10	41500001	-1	-1	-1	0	0
10	42000001	2.7936	2.7936	8	0	0
10	42500001	0.970035	1.00532	3	0	0
10	43000001	0.998507	1.00532	3	0	0
10	43500001	1.008	1.00532	3	0	0
10	44000001	0.995293	1.00532	3	0	0
10	44500001	0.990429	1.00532	3	0	0
10	45000001	1.02519	1.00532	3	0	0
10	45500001	1.04293	1.00532	3	0	0
10	46000001	0.992712	1.00532	3	0	0
10	46500001	1.16417	1.00532	3	0	0
10	47000001	1.047	1.00532	3	0	0
10	47500001	-1	1.00532	3	0	0
10	48000001	0.974871	1.00532	3	0	0
10	48500001	1.0433	1.00532	3	0	0
10	49000001	0.999828	1.00532	3	0	0
10	49500001	1.03235	1.00532	3	0	0
10	50000001	1.00122	1.00532	3	0	0
10	50500001	1.00418	1.00532	3	0	0
10	51000001	1.00852	1.00532	3	0	0
10	51500001	1.00532	1.00532	3	0	0
10	52000001	1.02077	1.00532	3	0	0
10	52500001	1.02502	1.00532	3	0	0
10	53000001	1.00839	1.00532	3	0	0
10	53500001	1.03268	1.00532	3	0	0
10	54000001	0.995679	1.00532	3	0	0
10	54500001	0.989758	1.00532	3	0	0
10	55000001	1.01255	1.00532	3	0	0
10	55500001	0.973782	1.00532	3	0	0
10	56000001	0.998669	1.00532	3	0	0
10	56500001	1.03055	1.00532	3	0	0
10	57000001	0.97423	1.00532	3	0	0
10	57500001	1.04041	1.00532	3	0	0
10	58000001	1.03093	1.00532	3	0	0
10	58500001	1.01482	1.00532	3	0	0
10	59000001	0.997188	1.00532	3	0	0
10	59500001	0.982325	1.00532	3	0	0
10	60000001	1.01503	1.00532	3	0	0
10	60500001	1.01174	1.00532	3	0	0
10	61000001	0.999444	1.00532	3	0	0
10	61500001	1.01004	1.00532	3	0	0
10	62000001	1.04183	1.00532	3	0	0
10	62500001	1.03107	1.00532	3	0	0
10	63000001	0.992609	1.00532	3	0	0
10	63500001	1.03156	1.00532	3	0	0
10	64000001	0.993753	1.00532	3	0	0
10	64500001	1.00013	1.00532	3	0	0
10	65000001	1.02913	1.00532	3	0	0
10	65500001	0.968313	1.00532	3	0	0
10	66000001	1.0126	1.00532	3	0	0
10	66500001	1.02477	1.00532	3	0	0
10	67000001	1.0324	1.00532	3	0	0
10	67500001	1.01541	1.00532	3	0	0
10	68000001	0.981099	1.00532	3	0	0
10	68500001	0.975711	1.00532	3	0	0
10	69000001	0.998098	1.00532	3	0	0
10	69500001	1.09612	1.00532	3	0	0
10	70000001	1.02554	1.00532	3	0	0
10	70500001	1.03057	1.00532	3	0	0
10	71000001	1.0076	1.00532	3	0	0
10	71500001	1.03373	1.00532	3	0	0
10	72000001	0.967242	1.00532	3	0	0
10	72500001	0.976103	1.00532	3	0	0
10	73000001	0.975077	1.00532	3	0	0
10	73500001	0.99218	1.00532	3	0	0
10	74000001	0.994235	1.00532	3	0	0
10	74500001	1.02066	1.00532	3	0	0
10	75000001	0.983009	1.00532	3	0	0
10	75500001	0.984309	1.00532	3	0	0
10	76000001	0.916435	1.00532	3	0	0
10	76500001	0.970055	1.00532	3	0	0
10	77000001	1.03937	1.00532	3	0	0
10	77500001	1.02438	1.00532	3	0	0
10	78000001	1.02861	1.00532	3	0	0
10	78500001	1.03445	1.00532	3	0	0
10	79000001	1.05683	1.00532	3	0	0
10	79500001	0.838532	1.00532	3	0	0
10	80000001	1.01131	1.00532	3	0	0
10	80500001	1.02843	1.00532	3	0	0
10	81000001	1.0344	1.00532	3	0	0
10	81500001	0.995146	1.00532	3	0	0
10	82000001	0.991078	1.00532	3	0	0
10	82500001	1.00506	1.00532	3	0	0
10	83000001	1.04586	1.00532	3	0	0
10	83500001	1.01147	1.00532	3	0	0
10	84000001	1.0293	1.00532	3	0	0
10	84500001	0.959961	1.00532	3	0	0
10	85000001	0.975811	1.00532	3	0	0
10	85500001	1.00046	1.00532	3	0	0
10	86000001	1.01842	1.00532	3	0	0
10	86500001	0.978521	1.00532	3	0	0
10	87000001	0.967567	1.00532	3	0	0
10	87500001	1.0504	1.00532	3	0	0
10	88000001	1.07836	1.00532	3	0	0
10	88500001	1.01842	1.00532	3	0	0
10	89000001	1.08252	1.00532	3	0	0
10	89500001	1.03121	1.00532	3	0	0
10	90000001	1.01603	1.00532	3	0	0
10	90500001	1.05509	1.00532	3	0	0
10	91000001	1.04739	1.00532	3	0	0
10	91500001	0.995168	1.00532	3	0	0
10	92000001	0.993641	1.00532	3	0	0
10	92500001	0.992964	1.00532	3	0	0
10	93000001	0.992112	1.00532	3	0	0
10	93500001	0.997812	1.00532	3	0	0
10	94000001	1.01009	1.00532	3	0	0
10	94500001	1.07105	1.00532	3	0	0
10	95000001	1.03467	1.00532	3	0	0
10	95500001	0.981264	1.00532	3	0	0
10	96000001	1.04128	1.00532	3	0	0
10	96500001	0.940406	1.00532	3	0	0
10	97000001	0.993517	1.00532	3	0	0
10	97500001	1.0092	1.00532	3	0	0
10	98000001	1.04496	1.00532	3	0	0
10	98500001	1.00516	1.00532	3	0	0
10	99000001	0.999537	1.00532	3	0	0
10	99500001	0.999954	1.00532	3	0	0
10	100000001	1.03687	1.00532	3	0	0
10	100500001	1.02536	1.00532	3	0	0
10	101000001	1.01247	1.00532	3	0	0
10	101500001	1.01705	1.00532	3	0	0
10	102000001	0.99471	1.00532	3	0	0
10	102500001	1.00503	1.00532	3	0	0
10	103000001	0.94768	1.00532	3	0	0
10	103500001	1.01092	1.00532	3	0	0
10	104000001	1.05139	1.00532	3	0	0
10	104500001	0.965161	1.00532	3	0	0
10	105000001	0.974542	1.00532	3	0	0
10	105500001	0.972741	1.00532	3	0	0
10	106000001	0.996448	1.00532	3	0	0
10	106500001	0.941461	1.00532	3	0	0
10	107000001	0.971645	1.00532	3	0	0
10	107500001	1.00162	1.00532	3	0	0
10	108000001	1.00497	1.00532	3	0	0
10	108500001	0.969355	1.00532	3	0	0
10	109000001	0.985375	1.00532	3	0	0
10	109500001	1.02016	1.00532	3	0	0
10	110000001	1.01888	1.00532	3	0	0
10	110500001	1.02006	1.00532	3	0	0
10	111000001	1.00958	1.00532	3	0	0
10	111500001	1.04448	1.00532	3	0	0
10	112000001	1.04885	1.00532	3	0	0
10	112500001	0.969014	1.00532	3	0	0
10	113000001	1.04695	1.00532	3	0	0
10	113500001	1.03043	1.00532	3	0	0
10	114000001	1.02296	1.00532	3	0	0
10	114500001	1.03322	1.00532	3	0	0
10	115000001	1.03431	1.00532	3	0	0
10	115500001	0.98345	1.00532	3	0	0
10	116000001	0.979142	1.00532	3	0	0
10	116500001	0.942748	1.00532	3	0	0
10	117000001	0.963387	1.00532	3	0	0
10	117500001	0.987626	1.00532	3	0	0
10	118000001	1.04479	1.00532	3	0	0
10	118500001	1.01159	1.00532	3	0	0
10	119000001	1.00735	1.00532	3	0	0
10	119500001	0.976969	1.00532	3	0	0
10	120000001	0.994263	1.00532	3	0	0
10	120500001	1.0011	1.00532	3	0	0
10	121000001	0.963521	1.00532	3	0	0
10	121500001	0.947604	1.00532	3	0	0
10	122000001	1.00702	1.00532	3	0	0
10	122500001	1.03705	1.00532	3	0	0
10	123000001	0.999492	1.00532	3	0	0
10	123500001	1.03169	1.00532	3	0	0
10	124000001	1.03009	1.00532	3	0	0
10	124500001	0.968539	1.00532	3	0	0
10	125000001	1.02649	1.00532	3	0	0
10	125500001	1.04144	1.00532	3	0	0
10	126000001	1.04468	1.00532	3	0	0
10	126500001	0.967783	1.00532	3	0	0
10	127000001	0.941442	1.00532	3	0	0
10	127500001	0.978628	1.00532	3	0	0
10	128000001	1.00806	1.00532	3	0	0
10	128500001	0.990038	1.00532	3	0	0
10	129000001	0.951596	1.00532	3	0	0
10	129500001	0.993659	1.00532	3	0	0
10	130000001	0.977668	1.00532	3	0	0
10	130500001	0.979101	1.00532	3	0	0
10	131000001	0.987723	1.00532	3	0	0
10	131500001	0.932717	1.00532	3	0	0
10	132000001	1.01941	1.00532	3	0	0
10	132500001	0.990959	1.00532	3	0	0
10	133000001	1.03739	1.00532	3	0	0
10	133500001	-1	-1	-1	0	0
11	1	0.925392	1.01705	3	0	0
11	500001	1.0401	1.01705	3	0	0
11	1000001	0.958531	1.01705	3	0	0
11	1500001	0.952166	1.01705	3	0	0
11	2000001	0.976644	1.01705	3	0	0
11	2500001	1.0171	1.01705	3	0	0
11	3000001	0.951284	1.01705	3	0	0
11	3500001	1.03887	1.01705	3	0	0
11	4000001	1.05464	1.01705	3	0	0
11	4500001	1.03494	1.01705	3	0	0
11	5000001	0.961576	1.01705	3	0	0
11	5500001	0.988889	1.01705	3	0	0
11	6000001	1.06162	1.01705	3	0	0
11	6500001	1.06301	1.01705	3	0	0
11	7000001	1.01958	1.01705	3	0	0
11	7500001	1.0186	1.01705	3	0	0
11	8000001	1.01759	1.01705	3	0	0
11	8500001	1.02781	1.01705	3	0	0
11	9000001	0.957581	1.01705	3	0	0
11	9500001	1.01803	1.01705	3	0	0
11	10000001	0.998016	1.01705	3	0	0
11	10500001	1.06494	1.01705	3	0	0
11	11000001	1.0457	1.01705	3	0	0
11	11500001	1.04506	1.01705	3	0	0
11	12000001	1.01085	1.01705	3	0	0
11	12500001	1.05914	1.01705	3	0	0
11	13000001	1.03421	1.01705	3	0	0
11	13500001	1.00597	1.01705	3	0	0
11	14000001	1.03639	1.01705	3	0	0
11	14500001	1.06533	1.01705	3	0	0
11	15000001	0.983434	1.01705	3	0	0
11	15500001	1.01228	1.01705	3	0	0
11	16000001	1.02482	1.01705	3	0	0
11	16500001	1.02944	1.01705	3	0	0
11	17000001	1.00819	1.01705	3	0	0
11	17500001	1.05297	1.01705	3	0	0
11	18000001	0.987949	1.01705	3	0	0
11	18500001	1.0694	1.01705	3	0	0
11	19000001	1.02856	1.01705	3	0	0
11	19500001	1.04433	1.01705	3	0	0
11	20000001	1.03717	1.01705	3	0	0
11	20500001	1.01243	1.01705	3	0	0
11	21000001	1.03023	1.01705	3	0	0
11	21500001	1.03143	1.01705	3	0	0
11	22000001	0.992762	1.01705	3	0	0
11	22500001	0.993346	1.01705	3	0	0
11	23000001	0.970552	1.01705	3	0	0
11	23500001	0.972674	1.01705	3	0	0
11	24000001	1.02934	1.01705	3	0	0
11	24500001	1.00784	1.01705	3	0	0
11	25000001	0.9743	1.01705	3	0	0
11	25500001	1.02131	1.01705	3	0	0
11	26000001	1.00998	1.01705	3	0	0
11	26500001	1.03576	1.01705	3	0	0
11	27000001	1.0601	1.01705	3	0	0
11	27500001	1.03954	1.01705	3	0	0
11	28000001	1.02596	1.01705	3	0	0
11	28500001	1.06135	1.01705	3	0	0
11	29000001	1.09966	1.01705	3	0	0
11	29500001	1.01705	1.01705	3	0	0
11	30000001	1.01199	1.01705	3	0	0
11	30500001	1.01191	1.01705	3	0	0
11	31000001	0.999804	1.01705	3	0	0
11	31500001	0.97151	1.01705	3	0	0
11	32000001	0.9991	1.01705	3	0	0
11	32500001	0.998798	1.01705	3	0	0
11	33000001	0.984419	1.01705	3	0	0
11	33500001	1.0412	1.01705	3	0	0
11	34000001	0.995729	1.01705	3	0	0
11	34500001	1.08345	1.01705	3	0	0
11	35000001	1.07279	1.01705	3	0	0
11	35500001	1.08076	1.01705	3	0	0
11	36000001	1.04946	1.01705	3	0	0
11	36500001	1.02816	1.01705	3	0	0
11	37000001	1.0271	1.01705	3	0	0
11	37500001	1.05125	1.01705	3	0	0
11	38000001	0.993789	1.01705	3	0	0
11	38500001	1.00932	1.01705	3	0	0
11	39000001	0.997488	1.01705	3	0	0
11	39500001	0.967984	1.01705	3	0	0
11	40000001	0.964512	1.01705	3	0	0
11	40500001	0.957152	1.01705	3	0	0
11	41000001	1.00631	1.01705	3	0	0
11	41500001	0.960501	1.01705	3	0	0
11	42000001	0.968917	1.01705	3	0	0
11	42500001	0.98613	1.01705	3	0	0
11	43000001	1.00988	1.01705	3	0	0
11	43500001	0.987823	1.01705	3	0	0
11	44000001	1.00499	1.01705	3	0	0
11	44500001	1.02743	1.01705	3	0	0
11	45000001	1.05418	1.01705	3	0	0
11	45500001	1.05162	1.01705	3	0	0
11	46000001	1.02704	1.01705	3	0	0
11	46500001	1.00749	1.01705	3	0	0
11	47000001	0.996196	1.01705	3	0	0
11	47500001	0.98478	1.01705	3	0	0
11	48000001	1.00399	1.01705	3	0	0
11	48500001	1.04339	1.01705	3	0	0
11	49000001	1.01657	1.01705	3	0	0
11	49500001	0.993978	1.01705	3	0	0
11	50000001	1.03394	1.01705	3	0	0
11	50500001	-1	1.01705	3	0	0
11	51000001	-1	1.01705	3	0	0
11	51500001	1.27968	1.01705	3	0	0
11	52000001	1.0985	1.01705	3	0	0
11	52500001	0.894084	1.01705	3	0	0
11	53000001	0.89799	1.01705	3	0	0
11	53500001	0.863728	1.01705	3	0	0
11	54000001	-1	1.01705	3	0	0
11	54500001	1.07208	1.01705	3	0	0
11	55000001	1.02731	1.01705	3	0	0
11	55500001	0.946798	1.01705	3	0	0
11	56000001	1.02081	1.01705	3	0	0
11	56500001	1.03338	1.01705	3	0	0
11	57000001	0.99922	1.01705	3	0	0
11	57500001	0.984708	1.01705	3	0	0
11	58000001	1.02123	1.01705	3	0	0
11	58500001	1.03779	1.01705	3	0	0
11	59000001	1.05506	1.01705	3	0	0
11	59500001	0.993372	1.01705	3	0	0
11	60000001	0.992599	1.01705	3	0	0
11	60500001	1.0196	1.01705	3	0	0
11	61000001	0.971734	1.01705	3	0	0
11	61500001	1.03867	1.01705	3	0	0
11	62000001	1.0158	1.01705	3	0	0
11	62500001	1.01157	1.01705	3	0	0
11	63000001	1.2462	1.34568	4	0	0
11	63500001	1.35015	1.34568	4	0	0
11	64000001	1.358	1.34568	4	0	0
11	64500001	1.44959	1.34568	4	0	0
11	65000001	1.40006	1.34568	4	0	0
11	65500001	1.35755	1.34568	4	0	0
11	66000001	1.3412	1.34568	4	0	0
11	66500001	1.34007	1.34568	4	0	0
11	67000001	1.32182	1.34568	4	0	0
11	67500001	1.35698	1.34568	4	0	0
11	68000001	1.31694	1.34568	4	0	0
11	68500001	1.33964	1.34568	4	0	0
11	69000001	1.39959	1.34568	4	0	0
11	69500001	1.3409	1.34568	4	0	0
11	70000001	1.37111	1.34568	4	0	0
11	70500001	1.32501	1.34568	4	0	0
11	71000001	1.36198	1.34568	4	0	0
11	71500001	1.2074	1.34568	4	0	0
11	72000001	1.01541	0.99904	3	0	0
11	72500001	0.98027	0.99904	3	0	0
11	73000001	1.0488	0.99904	3	0	0
11	73500001	0.962361	0.99904	3	0	0
11	74000001	1.03764	0.99904	3	0	0
11	74500001	1.00134	0.99904	3	0	0
11	75000001	1.02732	0.99904	3	0	0
11	75500001	0.994206	0.99904	3	0	0
11	76000001	0.984424	0.99904	3	0	0
11	76500001	0.980772	0.99904	3	0	0
11	77000001	0.975575	0.99904	3	0	0
11	77500001	0.985069	0.99904	3	0	0
11	78000001	1.01938	0.99904	3	0	0
11	78500001	1.04674	0.99904	3	0	0
11	79000001	0.988912	0.99904	3	0	0
11	79500001	0.952441	0.99904	3	0	0
11	80000001	1.00486	0.99904	3	0	0
11	80500001	0.97738	0.99904	3	0	0
11	81000001	0.991432	0.99904	3	0	0
11	81500001	0.983602	0.99904	3	0	0
11	82000001	0.991446	0.99904	3	0	0
11	82500001	1.01556	0.99904	3	0	0
11	83000001	1.02204	0.99904	3	0	0
11	83500001	0.99904	0.99904	3	0	0
11	84000001	0.974702	0.99904	3	0	0
11	84500001	0.985325	0.99904	3	0	0
11	85000001	1.027	0.99904	3	0	0
11	85500001	0.989353	0.99904	3	0	0
11	86000001	1.03719	0.99904	3	0	0
11	86500001	1.03369	0.99904	3	0	0
11	87000001	1.00151	0.99904	3	0	0
11	87500001	1.01719	0.99904	3	0	0
11	88000001	1.01637	0.99904	3	0	0
11	88500001	1.19635	1.29453	4	0	0
11	89000001	1.36167	1.29453	4	0	0
11	89500001	1.29453	1.29453	4	0	0
11	90000001	1.20552	1.29453	4	0	0
11	90500001	1.35333	1.29453	4	0	0
11	91000001	1.28457	1.29453	4	0	0
11	91500001	1.29897	1.29453	4	0	0
11	92000001	1.26937	1.29453	4	0	0
11	92500001	1.30549	1.29453	4	0	0
11	93000001	1.35335	1.34617	4	0	0
11	93500001	1.33366	1.34617	4	0	0
11	94000001	1.41746	1.34617	4	0	0
11	94500001	1.36426	1.34617	4	0	0
11	95000001	1.33495	1.34617	4	0	0
11	95500001	1.39115	1.34617	4	0	0
11	96000001	1.39742	1.34617	4	0	0
11	96500001	1.33272	1.34617	4	0	0
11	97000001	1.35057	1.34617	4	0	0
11	97500001	1.28054	1.34617	4	0	0
11	98000001	1.26077	1.34617	4	0	0
11	98500001	1.275	1.34617	4	0	0
11	99000001	1.33349	1.34617	4	0	0
11	99500001	1.32575	1.34617	4	0	0
11	100000001	1.35069	1.34617	4	0	0
11	100500001	1.32211	1.34617	4	0	0
11	101000001	1.32796	1.34617	4	0	0
11	101500001	1.35416	1.34617	4	0	0
11	102000001	1.31976	1.34617	4	0	0
11	102500001	1.36593	1.34617	4	0	0
11	103000001	1.36961	1.34617	4	0	0
11	103500001	1.36598	1.34617	4	0	0
11	104000001	1.30278	1.34617	4	0	0
11	104500001	1.29748	1.34617	4	0	0
11	105000001	1.29451	1.34617	4	0	0
11	105500001	1.3579	1.34617	4	0	0
11	106000001	1.38121	1.34617	4	0	0
11	106500001	1.39814	1.34617	4	0	0
11	107000001	1.34878	1.34617	4	0	0
11	107500001	1.30223	1.34617	4	0	0
11	108000001	1.29928	1.34617	4	0	0
11	108500001	1.33312	1.34617	4	0	0
11	109000001	1.30256	1.34617	4	0	0
11	109500001	1.3678	1.34617	4	0	0
11	110000001	1.34516	1.34617	4	0	0
11	110500001	1.34799	1.34617	4	0	0
11	111000001	1.43227	1.34617	4	0	0
11	111500001	1.31545	1.34617	4	0	0
11	112000001	1.33969	1.34617	4	0	0
11	112500001	1.31718	1.34617	4	0	0
11	113000001	1.3613	1.34617	4	0	0
11	113500001	1.35941	1.34617	4	0	0
11	114000001	1.32411	1.34617	4	0	0
11	114500001	1.33343	1.34617	4	0	0
11	115000001	1.28961	1.34617	4	0	0
11	115500001	1.31292	1.34617	4	0	0
11	116000001	1.38748	1.34617	4	0	0
11	116500001	1.37586	1.34617	4	0	0
11	117000001	1.28314	1.34617	4	0	0
11	117500001	1.42354	1.34617	4	0	0
11	118000001	1.36391	1.34617	4	0	0
11	118500001	1.29576	1.34617	4	0	0
11	119000001	1.34617	1.34617	4	0	0
11	119500001	1.39175	1.34617	4	0	0
11	120000001	1.3555	1.34617	4	0	0
11	120500001	1.35618	1.34617	4	0	0
11	121000001	1.35821	1.34617	4	0	0
11	121500001	1.3488	1.34617	4	0	0
11	122000001	1.35733	1.34617	4	0	0
11	122500001	1.366	1.34617	4	0	0
11	123000001	1.2922	1.34617	4	0	0
11	123500001	1.28044	1.34617	4	0	0
11	124000001	1.34461	1.34617	4	0	0
11	124500001	1.30894	1.34617	4	0	0
11	125000001	1.32045	1.34617	4	0	0
11	125500001	1.30903	1.34617	4	0	0
11	126000001	1.35305	1.34617	4	0	0
11	126500001	1.33795	1.34617	4	0	0
11	127000001	1.34122	1.34617	4	0	0
11	127500001	1.36646	1.34617	4	0	0
11	128000001	1.3731	1.34617	4	0	0
11	128500001	1.35055	1.34617	4	0	0
11	129000001	1.33719	1.34617	4	0	0
11	129500001	1.3412	1.34617	4	0	0
11	130000001	1.3538	1.34617	4	0	0
11	130500001	1.37615	1.34617	4	0	0
11	131000001	1.39933	1.34617	4	0	0
11	131500001	1.28887	1.30698	4	0	0
11	132000001	1.30928	1.30698	4	0	0
11	132500001	1.31701	1.30698	4	0	0
11	133000001	1.27392	1.30698	4	0	0
11	133500001	1.323	1.30698	4	0	0
11	134000001	1.33516	1.30698	4	0	0
11	134500001	1.30467	1.30698	4	0	0
11	135000001	0.251061	1.30698	4	0	0
12	1	0.806662	0.806662	2	0	0
12	500001	0.666347	0.673078	2	0	0
12	1000001	0.630288	0.673078	2	0	0
12	1500001	0.655484	0.673078	2	0	0
12	2000001	0.707162	0.673078	2	0	0
12	2500001	0.727636	0.673078	2	0	0
12	3000001	0.669037	0.673078	2	0	0
12	3500001	0.689198	0.673078	2	0	0
12	4000001	0.707239	0.673078	2	0	0
12	4500001	0.664448	0.673078	2	0	0
12	5000001	0.668328	0.673078	2	0	0
12	5500001	0.652493	0.673078	2	0	0
12	6000001	0.666002	0.673078	2	0	0
12	6500001	0.69957	0.673078	2	0	0
12	7000001	0.689901	0.673078	2	0	0
12	7500001	0.635539	0.673078	2	0	0
12	8000001	0.606582	0.673078	2	0	0
12	8500001	0.651326	0.673078	2	0	0
12	9000001	0.642554	0.673078	2	0	0
12	9500001	0.703438	0.673078	2	0	0
12	10000001	0.694628	0.673078	2	0	0
12	10500001	0.690587	0.673078	2	0	0
12	11000001	0.713667	0.673078	2	0	0
12	11500001	0.673014	0.673078	2	0	0
12	12000001	0.673325	0.673078	2	0	0
12	12500001	0.683284	0.673078	2	0	0
12	13000001	0.710636	0.673078	2	0	0
12	13500001	0.665611	0.673078	2	0	0
12	14000001	0.674584	0.673078	2	0	0
12	14500001	0.662724	0.673078	2	0	0
12	15000001	0.673142	0.673078	2	0	0
12	15500001	0.676193	0.673078	2	0	0
12	16000001	0.707141	0.673078	2	0	0
12	16500001	0.685255	0.673078	2	0	0
12	17000001	0.673151	0.673078	2	0	0
12	17500001	0.671059	0.673078	2	0	0
12	18000001	0.661555	0.673078	2	0	0
12	18500001	0.686863	0.673078	2	0	0
12	19000001	0.649989	0.673078	2	0	0
12	19500001	0.664866	0.673078	2	0	0
12	20000001	0.657556	0.673078	2	0	0
12	20500001	0.688422	0.673078	2	0	0
12	21000001	0.697607	0.673078	2	0	0
12	21500001	0.678339	0.673078	2	0	0
12	22000001	0.684277	0.673078	2	0	0
12	22500001	0.645966	0.673078	2	0	0
12	23000001	0.663606	0.673078	2	0	0
12	23500001	0.68658	0.673078	2	0	0
12	24000001	0.695739	0.673078	2	0	0
12	24500001	0.654145	0.673078	2	0	0
12	25000001	0.625179	0.673078	2	0	0
12	25500001	0.671059	0.673078	2	0	0
12	26000001	0.676818	0.673078	2	0	0
12	26500001	0.667764	0.673078	2	0	0
12	27000001	0.689168	0.673078	2	0	0
12	27500001	0.694917	0.673078	2	0	0
12	28000001	0.705468	0.673078	2	0	0
12	28500001	0.697005	0.673078	2	0	0
12	29000001	0.655226	0.673078	2	0	0
12	29500001	0.65985	0.673078	2	0	0
12	30000001	0.693374	0.673078	2	0	0
12	30500001	0.657066	0.673078	2	0	0
12	31000001	0.65843	0.673078	2	0	0
12	31500001	0.66626	0.673078	2	0	0
12	32000001	0.622027	0.673078	2	0	0
12	32500001	0.651059	0.673078	2	0	0
12	33000001	0.705751	0.673078	2	0	0
12	33500001	0.688658	0.673078	2	0	0
12	34000001	0.675159	0.673078	2	0	0
12	34500001	0.655165	0.673078	2	0	0
12	35000001	0.632954	0.673078	2	0	0
12	35500001	0.548568	0.404474	1	0	0
12	36000001	0.393042	0.404474	1	0	0
12	36500001	0.404474	0.404474	1	0	0
12	37000001	0.602956	0.68058	2	0	0
12	37500001	0.723257	0.68058	2	0	0
12	38000001	0.680198	0.68058	2	0	0
12	38500001	0.656692	0.68058	2	0	0
12	39000001	0.633687	0.68058	2	0	0
12	39500001	0.697621	0.68058	2	0	0
12	40000001	0.648606	0.68058	2	0	0
12	40500001	0.64819	0.68058	2	0	0
12	41000001	0.669729	0.68058	2	0	0
12	41500001	0.674901	0.68058	2	0	0
12	42000001	0.659907	0.68058	2	0	0
12	42500001	0.653152	0.68058	2	0	0
12	43000001	0.702518	0.68058	2	0	0
12	43500001	0.698039	0.68058	2	0	0
12	44000001	0.692073	0.68058	2	0	0
12	44500001	0.697599	0.68058	2	0	0
12	45000001	0.696825	0.68058	2	0	0
12	45500001	0.665208	0.68058	2	0	0
12	46000001	0.706306	0.68058	2	0	0
12	46500001	0.71863	0.68058	2	0	0
12	47000001	0.691082	0.68058	2	0	0
12	47500001	0.694883	0.68058	2	0	0
12	48000001	0.705977	0.68058	2	0	0
12	48500001	0.648352	0.68058	2	0	0
12	49000001	0.681975	0.68058	2	0	0
12	49500001	0.708016	0.68058	2	0	0
12	50000001	0.676847	0.68058	2	0	0
12	50500001	0.650332	0.68058	2	0	0
12	51000001	0.68658	0.68058	2	0	0
12	51500001	0.667184	0.68058	2	0	0
12	52000001	0.736529	0.68058	2	0	0
12	52500001	0.722871	0.68058	2	0	0
12	53000001	0.688996	0.68058	2	0	0
12	53500001	0.660337	0.68058	2	0	0
12	54000001	0.722776	0.68058	2	0	0
12	54500001	0.696632	0.68058	2	0	0
12	55000001	0.695574	0.68058	2	0	0
12	55500001	0.669474	0.68058	2	0	0
12	56000001	0.695504	0.68058	2	0	0
12	56500001	0.688432	0.68058	2	0	0
12	57000001	0.698745	0.68058	2	0	0
12	57500001	0.648179	0.68058	2	0	0
12	58000001	0.677795	0.68058	2	0	0
12	58500001	0.689327	0.68058	2	0	0
12	59000001	0.64413	0.68058	2	0	0
12	59500001	0.646556	0.68058	2	0	0
12	60000001	0.670261	0.68058	2	0	0
12	60500001	0.621227	0.68058	2	0	0
12	61000001	0.667789	0.68058	2	0	0
12	61500001	0.679886	0.68058	2	0	0
12	62000001	0.693175	0.68058	2	0	0
12	62500001	0.684224	0.68058	2	0	0
12	63000001	0.693598	0.68058	2	0	0
12	63500001	0.669827	0.68058	2	0	0
12	64000001	0.700219	0.68058	2	0	0
12	64500001	0.651885	0.68058	2	0	0
12	65000001	0.705027	0.68058	2	0	0
12	65500001	0.696504	0.68058	2	0	0
12	66000001	0.68058	0.68058	2	0	0
12	66500001	0.68091	0.68058	2	0	0
12	67000001	0.640221	0.68058	2	0	0
12	67500001	0.686538	0.68058	2	0	0
12	68000001	0.69178	0.68058	2	0	0
12	68500001	0.663991	0.68058	2	0	0
12	69000001	0.643031	0.68058	2	0	0
12	69500001	0.678622	0.68058	2	0	0
12	70000001	0.644867	0.68058	2	0	0
12	70500001	0.677096	0.68058	2	0	0
12	71000001	0.681648	0.68058	2	0	0
12	71500001	0.667842	0.68058	2	0	0
12	72000001	0.691424	0.68058	2	0	0
12	72500001	0.665636	0.68058	2	0	0
12	73000001	0.658163	0.68058	2	0	0
12	73500001	0.641213	0.68058	2	0	0
12	74000001	0.663776	0.68058	2	0	0
12	74500001	0.722927	0.68058	2	0	0
12	75000001	0.686336	0.68058	2	0	0
12	75500001	1.02892	0.997526	3	0	0
12	76000001	1.03913	0.997526	3	0	0
12	76500001	0.98066	0.997526	3	0	0
12	77000001	1.03756	0.997526	3	0	0
12	77500001	1.03334	0.997526	3	0	0
12	78000001	1.00386	0.997526	3	0	0
12	78500001	1.00082	0.997526	3	0	0
12	79000001	1.04102	0.997526	3	0	0
12	79500001	0.998209	0.997526	3	0	0
12	80000001	1.02675	0.997526	3	0	0
12	80500001	0.970836	0.997526	3	0	0
12	81000001	0.996091	0.997526	3	0	0
12	81500001	0.98972	0.997526	3	0	0
12	82000001	0.98731	0.997526	3	0	0
12	82500001	0.973067	0.997526	3	0	0
12	83000001	1.00587	0.997526	3	0	0
12	83500001	0.990435	0.997526	3	0	0
12	84000001	0.966025	0.997526	3	0	0
12	84500001	0.992461	0.997526	3	0	0
12	85000001	1.04061	0.997526	3	0	0
12	85500001	1.02405	0.997526	3	0	0
12	86000001	1.01357	0.997526	3	0	0
12	86500001	1.00638	0.997526	3	0	0
12	87000001	1.01996	0.997526	3	0	0
12	87500001	1.01732	0.997526	3	0	0
12	88000001	1.03854	0.997526	3	0	0
12	88500001	0.997503	0.997526	3	0	0
12	89000001	1.04662	0.997526	3	0	0
12	89500001	1.0167	0.997526	3	0	0
12	90000001	0.985855	0.997526	3	0	0
12	90500001	1.03348	0.997526	3	0	0
12	91000001	1.03964	0.997526	3	0	0
12	91500001	1.0213	0.997526	3	0	0
12	92000001	0.999722	0.997526	3	0	0
12	92500001	1.0191	0.997526	3	0	0
12	93000001	1.02138	0.997526	3	0	0
12	93500001	1.02355	0.997526	3	0	0
12	94000001	1.03639	0.997526	3	0	0
12	94500001	0.971856	0.997526	3	0	0
12	95000001	0.960042	0.997526	3	0	0
12	95500001	0.965902	0.997526	3	0	0
12	96000001	0.998229	0.997526	3	0	0
12	96500001	1.00345	0.997526	3	0	0
12	97000001	0.965962	0.997526	3	0	0
12	97500001	0.957127	0.997526	3	0	0
12	98000001	0.992985	0.997526	3	0	0
12	98500001	0.990794	0.997526	3	0	0
12	99000001	1.00154	0.997526	3	0	0
12	99500001	0.990245	0.997526	3	0	0
12	100000001	0.934322	0.997526	3	0	0
12	100500001	0.952631	0.997526	3	0	0
12	101000001	0.931312	0.997526	3	0	0
12	101500001	0.938833	0.997526	3	0	0
12	102000001	1.04211	0.997526	3	0	0
12	102500001	1.02904	0.997526	3	0	0
12	103000001	1.01418	0.997526	3	0	0
12	103500001	1.0084	0.997526	3	0	0
12	104000001	1.01478	0.997526	3	0	0
12	104500001	1.03432	0.997526	3	0	0
12	105000001	1.06394	0.997526	3	0	0
12	105500001	1.01707	0.997526	3	0	0
12	106000001	1.0232	0.997526	3	0	0
12	106500001	0.991589	0.997526	3	0	0
12	107000001	0.967693	0.997526	3	0	0
12	107500001	0.989661	0.997526	3	0	0
12	108000001	1.05869	0.997526	3	0	0
12	108500001	0.99755	0.997526	3	0	0
12	109000001	0.948243	0.997526	3	0	0
12	109500001	1.02552	0.997526	3	0	0
12	110000001	0.977077	0.997526	3	0	0
12	110500001	0.956085	0.997526	3	0	0
12	111000001	1.01396	0.997526	3	0	0
12	111500001	0.99149	0.997526	3	0	0
12	112000001	0.974022	0.997526	3	0	0
12	112500001	1.04035	0.997526	3	0	0
12	113000001	0.980972	0.997526	3	0	0
12	113500001	0.989674	0.997526	3	0	0
12	114000001	0.989509	0.997526	3	0	0
12	114500001	0.944875	0.997526	3	0	0
12	115000001	0.952208	0.997526	3	0	0
12	115500001	0.971367	0.997526	3	0	0
12	116000001	0.938119	0.997526	3	0	0
12	116500001	1.00822	0.997526	3	0	0
12	117000001	0.966756	0.997526	3	0	0
12	117500001	0.980033	0.997526	3	0	0
12	118000001	0.939241	0.997526	3	0	0
12	118500001	0.992493	0.997526	3	0	0
12	119000001	1.04687	0.997526	3	0	0
12	119500001	1.01023	0.997526	3	0	0
12	120000001	1.01147	0.997526	3	0	0
12	120500001	0.970901	0.997526	3	0	0
12	121000001	0.982633	0.997526	3	0	0
12	121500001	0.976181	0.997526	3	0	0
12	122000001	0.989667	0.997526	3	0	0
12	122500001	0.9839	0.997526	3	0	0
12	123000001	0.964143	0.997526	3	0	0
12	123500001	0.992603	0.997526	3	0	0
12	124000001	1.03163	0.997526	3	0	0
12	124500001	0.682737	0.647497	2	0	0
12	125000001	0.66563	0.647497	2	0	0
12	125500001	0.642604	0.647497	2	0	0
12	126000001	0.64625	0.647497	2	0	0
12	126500001	0.649364	0.647497	2	0	0
12	127000001	0.632234	0.647497	2	0	0
12	127500001	0.640929	0.647497	2	0	0
12	128000001	0.631276	0.647497	2	0	0
12	128500001	0.617525	0.647497	2	0	0
12	129000001	0.62038	0.647497	2	0	0
12	129500001	0.650558	0.647497	2	0	0
12	130000001	0.648743	0.647497	2	0	0
12	130500001	0.667175	0.647497	2	0	0
12	131000001	0.656897	0.647497	2	0	0
12	131500001	0.666211	0.647497	2	0	0
12	132000001	0.670942	0.647497	2	0	0
12	132500001	0.6427	0.647497	2	0	0
12	133000001	0.360449	0.647497	2	0	0
13	1	-1	-1	-1	0	0
13	500001	-1	-1	-1	0	0
13	1000001	-1	-1	-1	0	0
13	1500001	-1	-1	-1	0	0
13	2000001	-1	-1	-1	0	0
13	2500001	-1	-1	-1	0	0
13	3000001	-1	-1	-1	0	0
13	3500001	-1	-1	-1	0	0
13	4000001	-1	-1	-1	0	0
13	4500001	-1	-1	-1	0	0
13	5000001	-1	-1	-1	0	0
13	5500001	-1	-1	-1	0	0
13	6000001	-1	-1	-1	0	0
13	6500001	-1	-1	-1	0	0
13	7000001	-1	-1	-1	0	0
13	7500001	-1	-1	-1	0	0
13	8000001	-1	-1	-1	0	0
13	8500001	-1	-1	-1	0	0
13	9000001	-1	-1	-1	0	0
13	9500001	-1	-1	-1	0	0
13	10000001	-1	-1	-1	0	0
13	10500001	-1	-1	-1	0	0
13	11000001	-1	-1	-1	0	0
13	11500001	-1	-1	-1	0	0
13	12000001	-1	-1	-1	0	0
13	12500001	-1	-1	-1	0	0
13	13000001	-1	-1	-1	0	0
13	13500001	-1	-1	-1	0	0
13	14000001	-1	-1	-1	0	0
13	14500001	-1	-1	-1	0	0
13	15000001	-1	-1	-1	0	0
13	15500001	-1	-1	-1	0	0
13	16000001	0.428975	0.428975	1	0	0
13	16500001	0.707203	0.707203	2	0	0
13	17000001	0.950507	1.00198	3	0	0
13	17500001	1.05345	1.00198	3	0	0
13	18000001	-1	-1	-1	0	0
13	18500001	0.679984	0.644988	2	0	0
13	19000001	0.626804	0.644988	2	0	0
13	19500001	0.62479	0.644988	2	0	0
13	20000001	0.677751	0.644988	2	0	0
13	20500001	0.66641	0.644988	2	0	0
13	21000001	0.65235	0.644988	2	0	0
13	21500001	0.633911	0.644988	2	0	0
13	22000001	0.654202	0.644988	2	0	0
13	22500001	0.610867	0.644988	2	0	0
13	23000001	0.637627	0.644988	2	0	0
13	23500001	0.675576	0.670962	2	0	0
13	24000001	0.664335	0.670962	2	0	0
13	24500001	0.66938	0.670962	2	0	0
13	25000001	0.642799	0.670962	2	0	0
13	25500001	0.661731	0.670962	2	0	0
13	26000001	0.690864	0.670962	2	0	0
13	26500001	0.686345	0.670962	2	0	0
13	27000001	0.66041	0.670962	2	0	0
13	27500001	0.657996	0.670962	2	0	0
13	28000001	0.630275	0.670962	2	0	0
13	28500001	0.688256	0.670962	2	0	0
13	29000001	0.648571	0.670962	2	0	0
13	29500001	0.644137	0.670962	2	0	0
13	30000001	0.688187	0.670962	2	0	0
13	30500001	0.679584	0.670962	2	0	0
13	31000001	0.649682	0.670962	2	0	0
13	31500001	0.680442	0.670962	2	0	0
13	32000001	0.701959	0.670962	2	0	0
13	32500001	0.663762	0.670962	2	0	0
13	33000001	0.669635	0.670962	2	0	0
13	33500001	0.667477	0.670962	2	0	0
13	34000001	0.671835	0.670962	2	0	0
13	34500001	0.645112	0.670962	2	0	0
13	35000001	0.686484	0.670962	2	0	0
13	35500001	0.668075	0.670962	2	0	0
13	36000001	0.669014	0.670962	2	0	0
13	36500001	0.653821	0.670962	2	0	0
13	37000001	0.657304	0.670962	2	0	0
13	37500001	0.707373	0.670962	2	0	0
13	38000001	0.681586	0.670962	2	0	0
13	38500001	0.67545	0.670962	2	0	0
13	39000001	0.692511	0.670962	2	0	0
13	39500001	0.679928	0.670962	2	0	0
13	40000001	0.675031	0.670962	2	0	0
13	40500001	0.652786	0.670962	2	0	0
13	41000001	0.658344	0.670962	2	0	0
13	41500001	0.725146	0.670962	2	0	0
13	42000001	0.673713	0.670962	2	0	0
13	42500001	0.679824	0.670962	2	0	0
13	43000001	0.675669	0.670962	2	0	0
13	43500001	0.700128	0.670962	2	0	0
13	44000001	0.690026	0.670962	2	0	0
13	44500001	0.63107	0.670962	2	0	0
13	45000001	0.66291	0.670962	2	0	0
13	45500001	0.706537	0.670962	2	0	0
13	46000001	0.622408	0.670962	2	0	0
13	46500001	0.698381	0.670962	2	0	0
13	47000001	0.665366	0.670962	2	0	0
13	47500001	0.670625	0.670962	2	0	0
13	48000001	0.662819	0.670962	2	0	0
13	48500001	0.67336	0.670962	2	0	0
13	49000001	0.696033	0.670962	2	0	0
13	49500001	0.654561	0.670962	2	0	0
13	50000001	0.677975	0.670962	2	0	0
13	50500001	0.701386	0.670962	2	0	0
13	51000001	0.675529	0.670962	2	0	0
13	51500001	0.7102	0.670962	2	0	0
13	52000001	0.660526	0.670962	2	0	0
13	52500001	0.655883	0.670962	2	0	0
13	53000001	0.674331	0.670962	2	0	0
13	53500001	0.659509	0.670962	2	0	0
13	54000001	0.65568	0.670962	2	0	0
13	54500001	0.659061	0.670962	2	0	0
13	55000001	0.649223	0.670962	2	0	0
13	55500001	0.645617	0.670962	2	0	0
13	56000001	0.666581	0.670962	2	0	0
13	56500001	0.673284	0.670962	2	0	0
13	57000001	0.770096	0.670962	2	0	0
13	57500001	0.671951	0.670962	2	0	0
13	58000001	0.670962	0.670962	2	0	0
13	58500001	0.646859	0.670962	2	0	0
13	59000001	0.719065	0.670962	2	0	0
13	59500001	0.729472	0.670962	2	0	0
13	60000001	0.700771	0.670962	2	0	0
13	60500001	0.668438	0.670962	2	0	0
13	61000001	0.675865	0.670962	2	0	0
13	61500001	0.669102	0.670962	2	0	0
13	62000001	0.679686	0.670962	2	0	0
13	62500001	0.72548	0.670962	2	0	0
13	63000001	0.703624	0.670962	2	0	0
13	63500001	0.676764	0.670962	2	0	0
13	64000001	0.709546	0.670962	2	0	0
13	64500001	0.66715	0.670962	2	0	0
13	65000001	0.639666	0.670962	2	0	0
13	65500001	0.673002	0.670962	2	0	0
13	66000001	0.66515	0.670962	2	0	0
13	66500001	0.636488	0.670962	2	0	0
13	67000001	0.635303	0.670962	2	0	0
13	67500001	0.679627	0.670962	2	0	0
13	68000001	0.694755	0.670962	2	0	0
13	68500001	0.613913	0.670962	2	0	0
13	69000001	0.678126	0.670962	2	0	0
13	69500001	0.653654	0.670962	2	0	0
13	70000001	0.691034	0.670962	2	0	0
13	70500001	0.683056	0.670962	2	0	0
13	71000001	0.681773	0.670962	2	0	0
13	71500001	0.664002	0.670962	2	0	0
13	72000001	0.702463	0.670962	2	0	0
13	72500001	0.686262	0.670962	2	0	0
13	73000001	0.646802	0.670962	2	0	0
13	73500001	0.671884	0.670962	2	0	0
13	74000001	0.673427	0.670962	2	0	0
13	74500001	0.686708	0.670962	2	0	0
13	75000001	0.695062	0.670962	2	0	0
13	75500001	0.684627	0.670962	2	0	0
13	76000001	0.664535	0.670962	2	0	0
13	76500001	0.684159	0.670962	2	0	0
13	77000001	0.70064	0.670962	2	0	0
13	77500001	0.648862	0.670962	2	0	0
13	78000001	0.66016	0.670962	2	0	0
13	78500001	0.624696	0.670962	2	0	0
13	79000001	0.685283	0.670962	2	0	0
13	79500001	0.666663	0.670962	2	0	0
13	80000001	0.655091	0.670962	2	0	0
13	80500001	0.688141	0.670962	2	0	0
13	81000001	0.705054	0.670962	2	0	0
13	81500001	0.658401	0.670962	2	0	0
13	82000001	0.652084	0.670962	2	0	0
13	82500001	0.699537	0.670962	2	0	0
13	83000001	0.637528	0.670962	2	0	0
13	83500001	0.63952	0.670962	2	0	0
13	84000001	0.680809	0.670962	2	0	0
13	84500001	0.677153	0.670962	2	0	0
13	85000001	0.651381	0.670962	2	0	0
13	85500001	0.689884	0.670962	2	0	0
13	86000001	0.633573	0.670962	2	0	0
13	86500001	0.658486	0.670962	2	0	0
13	87000001	0.676936	0.670962	2	0	0
13	87500001	0.669425	0.670962	2	0	0
13	88000001	0.639726	0.670962	2	0	0
13	88500001	0.651527	0.670962	2	0	0
13	89000001	0.654548	0.670962	2	0	0
13	89500001	0.658435	0.670962	2	0	0
13	90000001	0.657389	0.670962	2	0	0
13	90500001	0.650841	0.670962	2	0	0
13	91000001	0.6876	0.670962	2	0	0
13	91500001	0.673771	0.670962	2	0	0
13	92000001	0.677441	0.670962	2	0	0
13	92500001	0.675255	0.670962	2	0	0
13	93000001	0.687796	0.670962	2	0	0
13	93500001	0.671944	0.670962	2	0	0
13	94000001	0.664589	0.670962	2	0	0
13	94500001	0.641129	0.670962	2	0	0
13	95000001	0.632411	0.670962	2	0	0
13	95500001	0.658131	0.670962	2	0	0
13	96000001	0.667311	0.670962	2	0	0
13	96500001	0.701412	0.670962	2	0	0
13	97000001	0.66699	0.670962	2	0	0
13	97500001	0.694472	0.670962	2	0	0
13	98000001	0.66455	0.670962	2	0	0
13	98500001	0.683806	0.670962	2	0	0
13	99000001	0.655859	0.670962	2	0	0
13	99500001	0.634253	0.670962	2	0	0
13	100000001	0.616218	0.670962	2	0	0
13	100500001	0.626889	0.670962	2	0	0
13	101000001	0.664957	0.670962	2	0	0
13	101500001	0.68325	0.670962	2	0	0
13	102000001	0.656538	0.670962	2	0	0
13	102500001	0.683408	0.670962	2	0	0
13	103000001	0.662256	0.670962	2	0	0
13	103500001	0.630899	0.670962	2	0	0
13	104000001	0.682192	0.670962	2	0	0
13	104500001	0.660351	0.670962	2	0	0
13	105000001	0.657307	0.670962	2	0	0
13	105500001	0.705318	0.670962	2	0	0
13	106000001	0.659892	0.670962	2	0	0
13	106500001	0.662104	0.670962	2	0	0
13	107000001	0.645332	0.670962	2	0	0
13	107500001	0.673554	0.670962	2	0	0
13	108000001	0.676581	0.670962	2	0	0
13	108500001	0.678829	0.670962	2	0	0
13	109000001	0.676191	0.670962	2	0	0
13	109500001	0.674469	0.670962	2	0	0
13	110000001	0.696052	0.670962	2	0	0
13	110500001	0.696103	0.670962	2	0	0
13	111000001	0.669651	0.670962	2	0	0
13	111500001	-1	0.670962	2	0	0
13	112000001	0.68915	0.670962	2	0	0
13	112500001	0.66102	0.670962	2	0	0
13	113000001	0.682124	0.670962	2	0	0
13	113500001	0.685739	0.670962	2	0	0
13	114000001	0.509973	0.670962	2	0	0
14	1	-1	-1	-1	0	0
14	500001	-1	-1	-1	0	0
14	1000001	-1	-1	-1	0	0
14	1500001	-1	-1	-1	0	0
14	2000001	-1	-1	-1	0	0
14	2500001	-1	-1	-1	0	0
14	3000001	-1	-1	-1	0	0
14	3500001	-1	-1	-1	0	0
14	4000001	-1	-1	-1	0	0
14	4500001	-1	-1	-1	0	0
14	5000001	-1	-1	-1	0	0
14	5500001	-1	-1	-1	0	0
14	6000001	-1	-1	-1	0	0
14	6500001	-1	-1	-1	0	0
14	7000001	-1	-1	-1	0	0
14	7500001	-1	-1	-1	0	0
14	8000001	-1	-1	-1	0	0
14	8500001	-1	-1	-1	0	0
14	9000001	-1	-1	-1	0	0
14	9500001	-1	-1	-1	0	0
14	10000001	-1	-1	-1	0	0
14	10500001	-1	-1	-1	0	0
14	11000001	-1	-1	-1	0	0
14	11500001	-1	-1	-1	0	0
14	12000001	-1	-1	-1	0	0
14	12500001	-1	-1	-1	0	0
14	13000001	-1	-1	-1	0	0
14	13500001	-1	-1	-1	0	0
14	14000001	-1	-1	-1	0	0
14	14500001	-1	-1	-1	0	0
14	15000001	-1	-1	-1	0	0
14	15500001	-1	-1	-1	0	0
14	16000001	0.464801	0.52385	2	0	0
14	16500001	0.582899	0.52385	2	0	0
14	17000001	0.823856	0.883086	3	0	0
14	17500001	0.942317	0.883086	3	0	0
14	18000001	1.11451	1.11451	3	0	0
14	18500001	-1	-1	-1	0	0
14	19000001	1.77409	1.77409	5	0	0
14	19500001	-1	-1	-1	0	0
14	20000001	0.912377	0.933823	3	0	0
14	20500001	0.911488	0.933823	3	0	0
14	21000001	0.91609	0.933823	3	0	0
14	21500001	0.940639	0.933823	3	0	0
14	22000001	1.00139	0.933823	3	0	0
14	22500001	0.936278	0.933823	3	0	0
14	23000001	0.931045	0.933823	3	0	0
14	23500001	0.978771	0.933823	3	0	0
14	24000001	0.952606	0.933823	3	0	0
14	24500001	0.985753	0.933823	3	0	0
14	25000001	0.934621	0.933823	3	0	0
14	25500001	0.901135	0.933823	3	0	0
14	26000001	0.92917	0.933823	3	0	0
14	26500001	0.923033	0.933823	3	0	0
14	27000001	0.926569	0.933823	3	0	0
14	27500001	0.947059	0.933823	3	0	0
14	28000001	0.941777	0.933823	3	0	0
14	28500001	0.929663	0.933823	3	0	0
14	29000001	0.960326	0.933823	3	0	0
14	29500001	0.93479	0.933823	3	0	0
14	30000001	1.00295	0.933823	3	0	0
14	30500001	0.960582	0.933823	3	0	0
14	31000001	0.909829	0.933823	3	0	0
14	31500001	0.954184	0.933823	3	0	0
14	32000001	0.951425	0.933823	3	0	0
14	32500001	0.960655	0.933823	3	0	0
14	33000001	0.927568	0.933823	3	0	0
14	33500001	0.92297	0.933823	3	0	0
14	34000001	0.954412	0.933823	3	0	0
14	34500001	0.854738	0.933823	3	0	0
14	35000001	0.921625	0.933823	3	0	0
14	35500001	0.915393	0.933823	3	0	0
14	36000001	0.972004	0.933823	3	0	0
14	36500001	0.909301	0.933823	3	0	0
14	37000001	0.894259	0.933823	3	0	0
14	37500001	0.920742	0.933823	3	0	0
14	38000001	0.933025	0.933823	3	0	0
14	38500001	0.983256	0.933823	3	0	0
14	39000001	0.913447	0.933823	3	0	0
14	39500001	0.966983	0.933823	3	0	0
14	40000001	0.937416	0.933823	3	0	0
14	40500001	0.939161	0.933823	3	0	0
14	41000001	0.947239	0.933823	3	0	0
14	41500001	0.923241	0.933823	3	0	0
14	42000001	0.905203	0.933823	3	0	0
14	42500001	0.93561	0.933823	3	0	0
14	43000001	0.94962	0.933823	3	0	0
14	43500001	0.919743	0.933823	3	0	0
14	44000001	0.932578	0.933823	3	0	0
14	44500001	0.924301	0.933823	3	0	0
14	45000001	0.912088	0.933823	3	0	0
14	45500001	0.921399	0.933823	3	0	0
14	46000001	0.947895	0.933823	3	0	0
14	46500001	1.0672	0.933823	3	0	0
14	47000001	1.25458	1.27331	4	0	0
14	47500001	1.22836	1.27331	4	0	0
14	48000001	1.26403	1.27331	4	0	0
14	48500001	1.28359	1.27331	4	0	0
14	49000001	1.31227	1.27331	4	0	0
14	49500001	1.24648	1.27331	4	0	0
14	50000001	1.22254	1.27331	4	0	0
14	50500001	1.27626	1.27331	4	0	0
14	51000001	1.31139	1.27331	4	0	0
14	51500001	1.25652	1.27331	4	0	0
14	52000001	1.29169	1.27331	4	0	0
14	52500001	1.24921	1.27331	4	0	0
14	53000001	1.31413	1.27331	4	0	0
14	53500001	1.29189	1.27331	4	0	0
14	54000001	1.30287	1.27331	4	0	0
14	54500001	1.25139	1.27331	4	0	0
14	55000001	1.30287	1.27331	4	0	0
14	55500001	1.27331	1.27331	4	0	0
14	56000001	1.27928	1.27331	4	0	0
14	56500001	1.22274	1.27331	4	0	0
14	57000001	1.20236	1.27331	4	0	0
14	57500001	1.0096	1.27331	4	0	0
14	58000001	1.09953	1.27331	4	0	0
14	58500001	1.31079	1.27331	4	0	0
14	59000001	1.36457	1.27331	4	0	0
14	59500001	1.06018	0.961223	3	0	0
14	60000001	0.973176	0.961223	3	0	0
14	60500001	0.977792	0.961223	3	0	0
14	61000001	1.01812	0.961223	3	0	0
14	61500001	1.0665	0.961223	3	0	0
14	62000001	1.01911	0.961223	3	0	0
14	62500001	0.972067	0.961223	3	0	0
14	63000001	0.96713	0.961223	3	0	0
14	63500001	0.905001	0.961223	3	0	0
14	64000001	0.945994	0.961223	3	0	0
14	64500001	0.951302	0.961223	3	0	0
14	65000001	0.974931	0.961223	3	0	0
14	65500001	0.975735	0.961223	3	0	0
14	66000001	0.990078	0.961223	3	0	0
14	66500001	1.01668	0.961223	3	0	0
14	67000001	0.971247	0.961223	3	0	0
14	67500001	0.961576	0.961223	3	0	0
14	68000001	0.970567	0.961223	3	0	0
14	68500001	1.02271	0.961223	3	0	0
14	69000001	0.954262	0.961223	3	0	0
14	69500001	0.958809	0.961223	3	0	0
14	70000001	0.974672	0.961223	3	0	0
14	70500001	0.993255	0.961223	3	0	0
14	71000001	0.951506	0.961223	3	0	0
14	71500001	0.975558	0.961223	3	0	0
14	72000001	0.944462	0.961223	3	0	0
14	72500001	1.02698	0.961223	3	0	0
14	73000001	0.936001	0.961223	3	0	0
14	73500001	0.96022	0.961223	3	0	0
14	74000001	0.952	0.961223	3	0	0
14	74500001	1.00335	0.961223	3	0	0
14	75000001	0.970674	0.961223	3	0	0
14	75500001	0.976259	0.961223	3	0	0
14	76000001	0.94055	0.961223	3	0	0
14	76500001	0.964641	0.961223	3	0	0
14	77000001	0.956336	0.961223	3	0	0
14	77500001	0.897871	0.961223	3	0	0
14	78000001	0.975575	0.961223	3	0	0
14	78500001	0.961788	0.961223	3	0	0
14	79000001	0.940571	0.961223	3	0	0
14	79500001	0.953862	0.961223	3	0	0
14	80000001	1.00212	0.961223	3	0	0
14	80500001	0.96109	0.961223	3	0	0
14	81000001	0.966753	0.961223	3	0	0
14	81500001	0.939265	0.961223	3	0	0
14	82000001	0.915694	0.961223	3	0	0
14	82500001	0.947022	0.961223	3	0	0
14	83000001	0.976961	0.961223	3	0	0
14	83500001	0.942605	0.961223	3	0	0
14	84000001	0.974017	0.961223	3	0	0
14	84500001	0.945159	0.961223	3	0	0
14	85000001	0.943589	0.961223	3	0	0
14	85500001	0.958253	0.961223	3	0	0
14	86000001	0.942458	0.961223	3	0	0
14	86500001	0.897797	0.961223	3	0	0
14	87000001	0.916748	0.961223	3	0	0
14	87500001	0.948255	0.961223	3	0	0
14	88000001	0.975775	0.961223	3	0	0
14	88500001	0.946212	0.961223	3	0	0
14	89000001	0.97876	0.961223	3	0	0
14	89500001	0.95224	0.961223	3	0	0
14	90000001	0.990521	0.961223	3	0	0
14	90500001	0.95166	0.961223	3	0	0
14	91000001	0.956916	0.961223	3	0	0
14	91500001	0.951693	0.961223	3	0	0
14	92000001	0.9563	0.961223	3	0	0
14	92500001	0.961356	0.961223	3	0	0
14	93000001	0.926626	0.961223	3	0	0
14	93500001	1.00687	0.961223	3	0	0
14	94000001	0.969885	0.961223	3	0	0
14	94500001	0.917079	0.961223	3	0	0
14	95000001	0.950535	0.961223	3	0	0
14	95500001	1.01125	0.961223	3	0	0
14	96000001	0.969309	0.961223	3	0	0
14	96500001	0.941432	0.961223	3	0	0
14	97000001	0.911724	0.961223	3	0	0
14	97500001	0.927863	0.961223	3	0	0
14	98000001	0.940213	0.961223	3	0	0
14	98500001	0.943646	0.961223	3	0	0
14	99000001	0.947809	0.961223	3	0	0
14	99500001	0.97553	0.961223	3	0	0
14	100000001	0.968368	0.961223	3	0	0
14	100500001	0.932883	0.961223	3	0	0
14	101000001	0.981072	0.961223	3	0	0
14	101500001	0.953861	0.961223	3	0	0
14	102000001	0.951075	0.961223	3	0	0
14	102500001	0.967819	0.961223	3	0	0
14	103000001	0.954872	0.961223	3	0	0
14	103500001	0.946269	0.961223	3	0	0
14	104000001	0.969705	0.961223	3	0	0
14	104500001	0.991893	0.961223	3	0	0
14	105000001	0.968816	0.961223	3	0	0
14	105500001	1.00638	0.961223	3	0	0
14	106000001	1.01088	0.961223	3	0	0
14	106500001	-1	-1	-1	0	0
14	107000001	-1	-1	-1	0	0
15	1	-1	-1	-1	0	0
15	500001	-1	-1	-1	0	0
15	1000001	-1	-1	-1	0	0
15	1500001	-1	-1	-1	0	0
15	2000001	-1	-1	-1	0	0
15	2500001	-1	-1	-1	0	0
15	3000001	-1	-1	-1	0	0
15	3500001	-1	-1	-1	0	0
15	4000001	-1	-1	-1	0	0
15	4500001	-1	-1	-1	0	0
15	5000001	-1	-1	-1	0	0
15	5500001	-1	-1	-1	0	0
15	6000001	-1	-1	-1	0	0
15	6500001	-1	-1	-1	0	0
15	7000001	-1	-1	-1	0	0
15	7500001	-1	-1	-1	0	0
15	8000001	-1	-1	-1	0	0
15	8500001	-1	-1	-1	0	0
15	9000001	-1	-1	-1	0	0
15	9500001	-1	-1	-1	0	0
15	10000001	-1	-1	-1	0	0
15	10500001	-1	-1	-1	0	0
15	11000001	-1	-1	-1	0	0
15	11500001	-1	-1	-1	0	0
15	12000001	-1	-1	-1	0	0
15	12500001	-1	-1	-1	0	0
15	13000001	-1	-1	-1	0	0
15	13500001	-1	-1	-1	0	0
15	14000001	-1	-1	-1	0	0
15	14500001	-1	-1	-1	0	0
15	15000001	-1	-1	-1	0	0
15	15500001	-1	-1	-1	0	0
15	16000001	-1	-1	-1	0	0
15	16500001	-1	-1	-1	0	0
15	17000001	0.54392	0.582467	2	0	0
15	17500001	0.621013	0.582467	2	0	0
15	18000001	0.787715	0.787715	2	0	0
15	18500001	1.1478	1.05407	3	0	0
15	19000001	1.05407	1.05407	3	0	0
15	19500001	0.944692	1.05407	3	0	0
15	20000001	1.45986	1.45986	4	0	0
15	20500001	0.929526	0.886413	3	0	0
15	21000001	0.843299	0.886413	3	0	0
15	21500001	0.321258	0.321258	1	0	0
15	22000001	0.541986	0.67522	2	0	0
15	22500001	0.663159	0.67522	2	0	0
15	23000001	0.694863	0.67522	2	0	0
15	23500001	0.600636	0.67522	2	0	0
15	24000001	0.804631	0.67522	2	0	0
15	24500001	0.688919	0.67522	2	0	0
15	25000001	0.632006	0.67522	2	0	0
15	25500001	0.631649	0.67522	2	0	0
15	26000001	0.648017	0.67522	2	0	0
15	26500001	0.63746	0.67522	2	0	0
15	27000001	0.633482	0.67522	2	0	0
15	27500001	0.619948	0.67522	2	0	0
15	28000001	0.661355	0.67522	2	0	0
15	28500001	0.668644	0.67522	2	0	0
15	29000001	0.666886	0.67522	2	0	0
15	29500001	0.647086	0.67522	2	0	0
15	30000001	0.633952	0.67522	2	0	0
15	30500001	0.683863	0.67522	2	0	0
15	31000001	0.652883	0.67522	2	0	0
15	31500001	0.633433	0.67522	2	0	0
15	32000001	0.605026	0.67522	2	0	0
15	32500001	0.677842	0.67522	2	0	0
15	33000001	0.699812	0.67522	2	0	0
15	33500001	0.700067	0.67522	2	0	0
15	34000001	0.634902	0.67522	2	0	0
15	34500001	0.673866	0.67522	2	0	0
15	35000001	0.652375	0.67522	2	0	0
15	35500001	0.683235	0.67522	2	0	0
15	36000001	0.681709	0.67522	2	0	0
15	36500001	0.62799	0.67522	2	0	0
15	37000001	0.66849	0.67522	2	0	0
15	37500001	0.687009	0.67522	2	0	0
15	38000001	0.699482	0.67522	2	0	0
15	38500001	0.697636	0.67522	2	0	0
15	39000001	0.68707	0.67522	2	0	0
15	39500001	0.72455	0.67522	2	0	0
15	40000001	0.698105	0.67522	2	0	0
15	40500001	0.641065	0.67522	2	0	0
15	41000001	0.645911	0.67522	2	0	0
15	41500001	0.659973	0.67522	2	0	0
15	42000001	0.682799	0.67522	2	0	0
15	42500001	0.642962	0.67522	2	0	0
15	43000001	0.697952	0.67522	2	0	0
15	43500001	0.689453	0.67522	2	0	0
15	44000001	0.676522	0.67522	2	0	0
15	44500001	0.677958	0.67522	2	0	0
15	45000001	0.642735	0.67522	2	0	0
15	45500001	0.696186	0.67522	2	0	0
15	46000001	0.637299	0.67522	2	0	0
15	46500001	0.68676	0.67522	2	0	0
15	47000001	0.66591	0.67522	2	0	0
15	47500001	0.665902	0.67522	2	0	0
15	48000001	0.659165	0.67522	2	0	0
15	48500001	0.689574	0.67522	2	0	0
15	49000001	0.682889	0.67522	2	0	0
15	49500001	0.705209	0.67522	2	0	0
15	50000001	0.638177	0.67522	2	0	0
15	50500001	0.619344	0.67522	2	0	0
15	51000001	0.692741	0.67522	2	0	0
15	51500001	0.678733	0.67522	2	0	0
15	52000001	0.66898	0.67522	2	0	0
15	52500001	0.679585	0.67522	2	0	0
15	53000001	0.685799	0.67522	2	0	0
15	53500001	0.672811	0.67522	2	0	0
15	54000001	0.681026	0.67522	2	0	0
15	54500001	0.700784	0.67522	2	0	0
15	55000001	0.715268	0.67522	2	0	0
15	55500001	0.68026	0.67522	2	0	0
15	56000001	0.695699	0.67522	2	0	0
15	56500001	0.669506	0.67522	2	0	0
15	57000001	0.675197	0.67522	2	0	0
15	57500001	0.663593	0.67522	2	0	0
15	58000001	0.68374	0.67522	2	0	0
15	58500001	0.647492	0.67522	2	0	0
15	59000001	0.655281	0.67522	2	0	0
15	59500001	0.685334	0.67522	2	0	0
15	60000001	0.690592	0.67522	2	0	0
15	60500001	0.682092	0.67522	2	0	0
15	61000001	0.647426	0.67522	2	0	0
15	61500001	0.685765	0.67522	2	0	0
15	62000001	0.651321	0.67522	2	0	0
15	62500001	0.702759	0.67522	2	0	0
15	63000001	0.66373	0.67522	2	0	0
15	63500001	0.693414	0.67522	2	0	0
15	64000001	0.647497	0.67522	2	0	0
15	64500001	0.636357	0.67522	2	0	0
15	65000001	0.655099	0.67522	2	0	0
15	65500001	0.658505	0.67522	2	0	0
15	66000001	0.669379	0.67522	2	0	0
15	66500001	0.70425	0.67522	2	0	0
15	67000001	0.707701	0.67522	2	0	0
15	67500001	0.655677	0.67522	2	0	0
15	68000001	0.673939	0.67522	2	0	0
15	68500001	0.645065	0.67522	2	0	0
15	69000001	0.67408	0.67522	2	0	0
15	69500001	0.692375	0.67522	2	0	0
15	70000001	0.705914	0.67522	2	0	0
15	70500001	0.68987	0.67522	2	0	0
15	71000001	0.703785	0.67522	2	0	0
15	71500001	0.705645	0.67522	2	0	0
15	72000001	0.644312	0.67522	2	0	0
15	72500001	0.662909	0.67522	2	0	0
15	73000001	0.658629	0.67522	2	0	0
15	73500001	0.684521	0.67522	2	0	0
15	74000001	0.695673	0.67522	2	0	0
15	74500001	0.675582	0.67522	2	0	0
15	75000001	0.711767	0.67522	2	0	0
15	75500001	0.683864	0.67522	2	0	0
15	76000001	0.694155	0.67522	2	0	0
15	76500001	0.643175	0.67522	2	0	0
15	77000001	0.663731	0.67522	2	0	0
15	77500001	0.673297	0.67522	2	0	0
15	78000001	0.680086	0.67522	2	0	0
15	78500001	0.665989	0.67522	2	0	0
15	79000001	0.746868	0.67522	2	0	0
15	79500001	0.651168	0.67522	2	0	0
15	80000001	0.716309	0.67522	2	0	0
15	80500001	0.716901	0.67522	2	0	0
15	81000001	0.710544	0.67522	2	0	0
15	81500001	0.6753	0.67522	2	0	0
15	82000001	0.689488	0.67522	2	0	0
15	82500001	0.678414	0.67522	2	0	0
15	83000001	0.672836	0.67522	2	0	0
15	83500001	0.641499	0.67522	2	0	0
15	84000001	0.657426	0.67522	2	0	0
15	84500001	0.684485	0.67522	2	0	0
15	85000001	0.677738	0.67522	2	0	0
15	85500001	0.676113	0.67522	2	0	0
15	86000001	0.678701	0.67522	2	0	0
15	86500001	0.665475	0.67522	2	0	0
15	87000001	0.690329	0.67522	2	0	0
15	87500001	0.678291	0.67522	2	0	0
15	88000001	0.688302	0.67522	2	0	0
15	88500001	0.677239	0.67522	2	0	0
15	89000001	0.688564	0.67522	2	0	0
15	89500001	0.675578	0.67522	2	0	0
15	90000001	0.642228	0.67522	2	0	0
15	90500001	0.659381	0.67522	2	0	0
15	91000001	0.691445	0.67522	2	0	0
15	91500001	0.657694	0.67522	2	0	0
15	92000001	0.700252	0.67522	2	0	0
15	92500001	0.675243	0.67522	2	0	0
15	93000001	0.695478	0.67522	2	0	0
15	93500001	0.67636	0.67522	2	0	0
15	94000001	0.64058	0.67522	2	0	0
15	94500001	0.671382	0.67522	2	0	0
15	95000001	0.657793	0.67522	2	0	0
15	95500001	0.659542	0.67522	2	0	0
15	96000001	0.630731	0.67522	2	0	0
15	96500001	0.677863	0.67522	2	0	0
15	97000001	0.646707	0.67522	2	0	0
15	97500001	0.631931	0.67522	2	0	0
15	98000001	0.660115	0.67522	2	0	0
15	98500001	0.620005	0.67522	2	0	0
15	99000001	0.687668	0.67522	2	0	0
15	99500001	0.648339	0.67522	2	0	0
15	100000001	0.663721	0.67522	2	0	0
15	100500001	0.674688	0.67522	2	0	0
15	101000001	0.667011	0.67522	2	0	0
15	101500001	0.822909	0.67522	2	0	0
16	1	0.688039	0.658958	2	0	0
16	500001	0.668859	0.658958	2	0	0
16	1000001	0.655278	0.658958	2	0	0
16	1500001	0.682129	0.658958	2	0	0
16	2000001	0.676097	0.658958	2	0	0
16	2500001	0.66719	0.658958	2	0	0
16	3000001	0.681971	0.658958	2	0	0
16	3500001	0.655785	0.658958	2	0	0
16	4000001	0.656887	0.658958	2	0	0
16	4500001	0.689303	0.658958	2	0	0
16	5000001	0.662833	0.658958	2	0	0
16	5500001	0.662188	0.658958	2	0	0
16	6000001	0.641713	0.658958	2	0	0
16	6500001	0.643101	0.658958	2	0	0
16	7000001	0.648416	0.658958	2	0	0
16	7500001	0.631994	0.658958	2	0	0
16	8000001	0.652412	0.658958	2	0	0
16	8500001	0.650044	0.658958	2	0	0
16	9000001	0.654482	0.658958	2	0	0
16	9500001	0.651409	0.658958	2	0	0
16	10000001	0.662677	0.658958	2	0	0
16	10500001	0.67621	0.658958	2	0	0
16	11000001	0.686373	0.658958	2	0	0
16	11500001	0.668908	0.658958	2	0	0
16	12000001	0.639151	0.658958	2	0	0
16	12500001	0.654631	0.658958	2	0	0
16	13000001	0.622732	0.658958	2	0	0
16	13500001	0.679869	0.658958	2	0	0
16	14000001	0.657486	0.658958	2	0	0
16	14500001	0.716488	0.658958	2	0	0
16	15000001	0.680629	0.658958	2	0	0
16	15500001	0.655106	0.658958	2	0	0
16	16000001	0.812409	0.658958	2	0	0
16	16500001	0.634598	0.658958	2	0	0
16	17000001	0.659867	0.658958	2	0	0
16	17500001	0.647112	0.658958	2	0	0
16	18000001	0.633676	0.658958	2	0	0
16	18500001	0.650752	0.658958	2	0	0
16	19000001	0.635455	0.658958	2	0	0
16	19500001	0.637962	0.658958	2	0	0
16	20000001	0.64321	0.658958	2	0	0
16	20500001	0.702356	0.658958	2	0	0
16	21000001	0.689126	0.658958	2	0	0
16	21500001	0.796095	0.658958	2	0	0
16	22000001	0.703083	0.658958	2	0	0
16	22500001	0.868315	0.658958	2	0	0
16	23000001	0.609337	0.658958	2	0	0
16	23500001	0.65474	0.658958	2	0	0
16	24000001	0.688133	0.658958	2	0	0
16	24500001	0.674539	0.658958	2	0	0
16	25000001	0.655562	0.658958	2	0	0
16	25500001	0.665581	0.658958	2	0	0
16	26000001	0.663723	0.658958	2	0	0
16	26500001	0.63775	0.658958	2	0	0
16	27000001	0.668599	0.658958	2	0	0
16	27500001	0.658049	0.658958	2	0	0
16	28000001	0.683687	0.658958	2	0	0
16	28500001	0.632354	0.658958	2	0	0
16	29000001	0.65339	0.658958	2	0	0
16	29500001	0.68048	0.658958	2	0	0
16	30000001	0.696001	0.658958	2	0	0
16	30500001	0.639955	0.658958	2	0	0
16	31000001	0.69308	0.658958	2	0	0
16	31500001	0.651855	0.658958	2	0	0
16	32000001	0.58827	0.587965	2	0	0
16	32500001	0.58766	0.587965	2	0	0
16	33000001	-1	0.587965	2	0	0
16	33500001	0.53294	0.587965	2	0	0
16	34000001	0.69691	0.587965	2	0	0
16	34500001	2.79876	2.79876	8	0	0
16	35000001	0.639824	0.663122	2	0	0
16	35500001	0.706435	0.663122	2	0	0
16	36000001	0.666513	0.663122	2	0	0
16	36500001	0.446476	0.663122	2	0	0
16	37000001	0.43157	0.663122	2	0	0
16	37500001	0.426604	0.663122	2	0	0
16	38000001	-1	0.663122	2	0	0
16	38500001	-1	0.663122	2	0	0
16	39000001	-1	0.663122	2	0	0
16	39500001	-1	0.663122	2	0	0
16	40000001	-1	0.663122	2	0	0
16	40500001	-1	0.663122	2	0	0
16	41000001	-1	0.663122	2	0	0
16	41500001	-1	0.663122	2	0	0
16	42000001	-1	0.663122	2	0	0
16	42500001	-1	0.663122	2	0	0
16	43000001	-1	0.663122	2	0	0
16	43500001	-1	0.663122	2	0	0
16	44000001	-1	0.663122	2	0	0
16	44500001	-1	0.663122	2	0	0
16	45000001	-1	0.663122	2	0	0
16	45500001	-1	0.663122	2	0	0
16	46000001	-1	0.663122	2	0	0
16	46500001	0.659136	0.663122	2	0	0
16	47000001	0.662405	0.663122	2	0	0
16	47500001	0.663122	0.663122	2	0	0
16	48000001	0.666925	0.663122	2	0	0
16	48500001	0.673951	0.663122	2	0	0
16	49000001	0.698429	0.663122	2	0	0
16	49500001	0.686334	0.663122	2	0	0
16	50000001	0.630464	0.663122	2	0	0
16	50500001	0.6588	0.663122	2	0	0
16	51000001	0.683082	0.663122	2	0	0
16	51500001	0.661934	0.663122	2	0	0
16	52000001	0.680986	0.663122	2	0	0
16	52500001	0.64382	0.663122	2	0	0
16	53000001	0.648681	0.663122	2	0	0
16	53500001	0.6461	0.663122	2	0	0
16	54000001	0.661954	0.663122	2	0	0
16	54500001	0.641179	0.663122	2	0	0
16	55000001	0.654703	0.663122	2	0	0
16	55500001	0.685361	0.663122	2	0	0
16	56000001	0.689246	0.663122	2	0	0
16	56500001	0.685371	0.663122	2	0	0
16	57000001	0.675699	0.663122	2	0	0
16	57500001	0.700808	0.663122	2	0	0
16	58000001	0.660827	0.663122	2	0	0
16	58500001	0.655061	0.663122	2	0	0
16	59000001	0.675264	0.663122	2	0	0
16	59500001	0.638112	0.663122	2	0	0
16	60000001	0.643702	0.663122	2	0	0
16	60500001	0.628338	0.663122	2	0	0
16	61000001	0.678368	0.663122	2	0	0
16	61500001	0.692241	0.663122	2	0	0
16	62000001	0.647527	0.663122	2	0	0
16	62500001	0.681876	0.663122	2	0	0
16	63000001	0.66061	0.663122	2	0	0
16	63500001	0.676287	0.663122	2	0	0
16	64000001	0.665007	0.663122	2	0	0
16	64500001	0.615348	0.663122	2	0	0
16	65000001	0.647495	0.663122	2	0	0
16	65500001	0.663176	0.663122	2	0	0
16	66000001	0.694841	0.663122	2	0	0
16	66500001	0.674152	0.663122	2	0	0
16	67000001	0.661908	0.663122	2	0	0
16	67500001	0.679985	0.663122	2	0	0
16	68000001	0.643385	0.663122	2	0	0
16	68500001	0.665739	0.663122	2	0	0
16	69000001	0.631105	0.663122	2	0	0
16	69500001	0.662439	0.663122	2	0	0
16	70000001	0.656546	0.663122	2	0	0
16	70500001	0.706053	0.663122	2	0	0
16	71000001	0.691679	0.663122	2	0	0
16	71500001	0.64834	0.663122	2	0	0
16	72000001	0.656704	0.663122	2	0	0
16	72500001	0.647471	0.663122	2	0	0
16	73000001	0.653185	0.663122	2	0	0
16	73500001	0.667802	0.663122	2	0	0
16	74000001	0.694841	0.663122	2	0	0
16	74500001	0.660294	0.663122	2	0	0
16	75000001	0.654415	0.663122	2	0	0
16	75500001	0.666201	0.663122	2	0	0
16	76000001	0.674785	0.663122	2	0	0
16	76500001	0.666718	0.663122	2	0	0
16	77000001	0.655992	0.663122	2	0	0
16	77500001	0.637854	0.663122	2	0	0
16	78000001	0.535267	0.663122	2	0	0
16	78500001	0.59386	0.663122	2	0	0
16	79000001	0.663942	0.663122	2	0	0
16	79500001	0.650125	0.663122	2	0	0
16	80000001	0.709374	0.663122	2	0	0
16	80500001	0.65441	0.663122	2	0	0
16	81000001	0.658199	0.663122	2	0	0
16	81500001	0.65999	0.663122	2	0	0
16	82000001	0.687354	0.663122	2	0	0
16	82500001	0.693046	0.663122	2	0	0
16	83000001	0.668411	0.663122	2	0	0
16	83500001	0.686138	0.663122	2	0	0
16	84000001	0.654881	0.663122	2	0	0
16	84500001	0.676472	0.663122	2	0	0
16	85000001	0.720064	0.663122	2	0	0
16	85500001	0.691035	0.663122	2	0	0
16	86000001	0.677832	0.663122	2	0	0
16	86500001	0.676873	0.663122	2	0	0
16	87000001	0.669792	0.663122	2	0	0
16	87500001	0.678897	0.663122	2	0	0
16	88000001	0.659704	0.663122	2	0	0
16	88500001	0.653512	0.663122	2	0	0
16	89000001	0.709929	0.663122	2	0	0
16	89500001	0.705273	0.663122	2	0	0
16	90000001	-1	-1	-1	0	0
17	1	-1	-1	-1	0	0
17	500001	0.977977	0.990897	3	0	0
17	1000001	1.01963	0.990897	3	0	0
17	1500001	1.00002	0.990897	3	0	0
17	2000001	0.980724	0.990897	3	0	0
17	2500001	0.939391	0.990897	3	0	0
17	3000001	1.01753	0.990897	3	0	0
17	3500001	0.971996	0.990897	3	0	0
17	4000001	0.992823	0.990897	3	0	0
17	4500001	0.989429	0.990897	3	0	0
17	5000001	0.96921	0.990897	3	0	0
17	5500001	0.988606	0.990897	3	0	0
17	6000001	1.05311	0.990897	3	0	0
17	6500001	1.02841	0.990897	3	0	0
17	7000001	1.01331	0.990897	3	0	0
17	7500001	0.983663	0.990897	3	0	0
17	8000001	0.970199	0.990897	3	0	0
17	8500001	0.999529	0.990897	3	0	0
17	9000001	0.952977	0.990897	3	0	0
17	9500001	0.935498	0.990897	3	0	0
17	10000001	0.953625	0.990897	3	0	0
17	10500001	0.969932	0.990897	3	0	0
17	11000001	0.95802	0.990897	3	0	0
17	11500001	0.959485	0.990897	3	0	0
17	12000001	1.00354	0.990897	3	0	0
17	12500001	0.969163	0.990897	3	0	0
17	13000001	1.01289	0.990897	3	0	0
17	13500001	1.01064	0.990897	3	0	0
17	14000001	1.01864	0.990897	3	0	0
17	14500001	1.02204	0.990897	3	0	0
17	15000001	0.985585	0.990897	3	0	0
17	15500001	0.992365	0.990897	3	0	0
17	16000001	0.978536	0.990897	3	0	0
17	16500001	0.984369	0.990897	3	0	0
17	17000001	1.0209	0.990897	3	0	0
17	17500001	1.01545	0.990897	3	0	0
17	18000001	1.02142	0.990897	3	0	0
17	18500001	0.999309	0.990897	3	0	0
17	19000001	1.0243	0.990897	3	0	0
17	19500001	0.974237	0.990897	3	0	0
17	20000001	1.01663	0.990897	3	0	0
17	20500001	0.951666	0.990897	3	0	0
17	21000001	1.12432	0.990897	3	0	0
17	21500001	1.49575	1.49575	4	0	0
17	22000001	1.11561	1.11561	3	0	0
17	22500001	1.22152	1.11561	3	0	0
17	23000001	0.983049	1.11561	3	0	0
17	23500001	0.378221	0.515408	2	0	0
17	24000001	0.534822	0.515408	2	0	0
17	24500001	0.403749	0.515408	2	0	0
17	25000001	0.716242	0.515408	2	0	0
17	25500001	0.515408	0.515408	2	0	0
17	26000001	0.28852	0.28852	1	0	0
17	26500001	3.47337	3.47337	10	0	0
17	27000001	0.988316	0.997701	3	0	0
17	27500001	1.05882	0.997701	3	0	0
17	28000001	1.00488	0.997701	3	0	0
17	28500001	1.04469	0.997701	3	0	0
17	29000001	1.02484	0.997701	3	0	0
17	29500001	1.0087	0.997701	3	0	0
17	30000001	0.999722	0.997701	3	0	0
17	30500001	0.961286	0.997701	3	0	0
17	31000001	1.01977	0.997701	3	0	0
17	31500001	0.982858	0.997701	3	0	0
17	32000001	0.966717	0.997701	3	0	0
17	32500001	1.02708	0.997701	3	0	0
17	33000001	1.04214	0.997701	3	0	0
17	33500001	0.991854	0.997701	3	0	0
17	34000001	0.995599	0.997701	3	0	0
17	34500001	1.02175	0.997701	3	0	0
17	35000001	0.986091	0.997701	3	0	0
17	35500001	0.987269	0.997701	3	0	0
17	36000001	0.958523	0.997701	3	0	0
17	36500001	1.02856	0.997701	3	0	0
17	37000001	0.950177	0.997701	3	0	0
17	37500001	1.01886	0.997701	3	0	0
17	38000001	0.807162	0.997701	3	0	0
17	38500001	0.980098	0.997701	3	0	0
17	39000001	0.987673	0.997701	3	0	0
17	39500001	1.03575	0.997701	3	0	0
17	40000001	1.0108	0.997701	3	0	0
17	40500001	0.997695	0.997701	3	0	0
17	41000001	0.952218	0.997701	3	0	0
17	41500001	1.01802	0.997701	3	0	0
17	42000001	0.990482	0.997701	3	0	0
17	42500001	0.988159	0.997701	3	0	0
17	43000001	0.982441	0.997701	3	0	0
17	43500001	1.03269	0.997701	3	0	0
17	44000001	0.96938	0.997701	3	0	0
17	44500001	1.00539	0.997701	3	0	0
17	45000001	1.02983	0.997701	3	0	0
17	45500001	1.06622	0.997701	3	0	0
17	46000001	0.777302	0.997701	3	0	0
17	46500001	0.867541	0.997701	3	0	0
17	47000001	1.02035	0.997701	3	0	0
17	47500001	0.972256	0.997701	3	0	0
17	48000001	1.00952	0.997701	3	0	0
17	48500001	0.991743	0.997701	3	0	0
17	49000001	0.967245	0.997701	3	0	0
17	49500001	1.00929	0.997701	3	0	0
17	50000001	1.03663	0.997701	3	0	0
17	50500001	1.03155	0.997701	3	0	0
17	51000001	0.978133	0.997701	3	0	0
17	51500001	0.965276	0.997701	3	0	0
17	52000001	0.980364	0.997701	3	0	0
17	52500001	0.962341	0.997701	3	0	0
17	53000001	1.0105	0.997701	3	0	0
17	53500001	0.986731	0.997701	3	0	0
17	54000001	1.02204	0.997701	3	0	0
17	54500001	0.978857	0.997701	3	0	0
17	55000001	0.965974	0.997701	3	0	0
17	55500001	1.01744	0.997701	3	0	0
17	56000001	1.05666	0.997701	3	0	0
17	56500001	1.01679	0.997701	3	0	0
17	57000001	1.01658	0.997701	3	0	0
17	57500001	1.04474	0.997701	3	0	0
17	58000001	1.00266	0.997701	3	0	0
17	58500001	0.928143	0.997701	3	0	0
17	59000001	0.921876	0.997701	3	0	0
17	59500001	1.01324	0.997701	3	0	0
17	60000001	0.989601	0.997701	3	0	0
17	60500001	0.996237	0.997701	3	0	0
17	61000001	1.01891	0.997701	3	0	0
17	61500001	0.981981	0.997701	3	0	0
17	62000001	0.973108	0.997701	3	0	0
17	62500001	0.965894	0.997701	3	0	0
17	63000001	0.990101	0.997701	3	0	0
17	63500001	1.04	0.997701	3	0	0
17	64000001	1.03401	0.997701	3	0	0
17	64500001	0.987721	0.997701	3	0	0
17	65000001	1.02637	0.997701	3	0	0
17	65500001	0.967786	0.997701	3	0	0
17	66000001	1.00807	0.997701	3	0	0
17	66500001	1.05052	0.997701	3	0	0
17	67000001	0.939142	0.997701	3	0	0
17	67500001	0.959862	0.997701	3	0	0
17	68000001	0.948084	0.997701	3	0	0
17	68500001	0.977022	0.997701	3	0	0
17	69000001	0.991185	0.997701	3	0	0
17	69500001	0.991654	0.997701	3	0	0
17	70000001	0.992405	0.997701	3	0	0
17	70500001	0.994151	0.997701	3	0	0
17	71000001	1.0534	0.997701	3	0	0
17	71500001	0.997701	0.997701	3	0	0
17	72000001	0.982911	0.997701	3	0	0
17	72500001	1.0483	0.997701	3	0	0
17	73000001	0.988605	0.997701	3	0	0
17	73500001	1.04869	0.997701	3	0	0
17	74000001	1.01747	0.997701	3	0	0
17	74500001	1.07371	0.997701	3	0	0
17	75000001	1.04124	0.997701	3	0	0
17	75500001	1.01228	0.997701	3	0	0
17	76000001	0.992487	0.997701	3	0	0
17	76500001	0.988581	0.997701	3	0	0
17	77000001	1.02597	0.997701	3	0	0
17	77500001	1.01238	0.997701	3	0	0
17	78000001	0.998108	0.997701	3	0	0
17	78500001	1.01042	0.997701	3	0	0
17	79000001	1.05254	0.997701	3	0	0
17	79500001	1.03847	0.997701	3	0	0
17	80000001	1.03716	0.997701	3	0	0
17	80500001	0.984494	0.997701	3	0	0
17	81000001	0.985319	0.997701	3	0	0
17	81500001	1.0032	0.997701	3	0	0
17	82000001	1.01701	0.997701	3	0	0
17	82500001	1.0118	0.997701	3	0	0
17	83000001	0.524789	0.997701	3	0	0
18	1	2.30052	2.30052	7	0	0
18	500001	0.953891	0.980557	3	0	0
18	1000001	1.02485	0.980557	3	0	0
18	1500001	1.05478	0.980557	3	0	0
18	2000001	0.97113	0.980557	3	0	0
18	2500001	0.978223	0.980557	3	0	0
18	3000001	1.01407	0.980557	3	0	0
18	3500001	0.980557	0.980557	3	0	0
18	4000001	0.987543	0.980557	3	0	0
18	4500001	0.968601	0.980557	3	0	0
18	5000001	1.00214	0.980557	3	0	0
18	5500001	0.963352	0.980557	3	0	0
18	6000001	0.979307	0.980557	3	0	0
18	6500001	0.968944	0.980557	3	0	0
18	7000001	0.956125	0.980557	3	0	0
18	7500001	0.969346	0.980557	3	0	0
18	8000001	0.999546	0.980557	3	0	0
18	8500001	1.0423	0.980557	3	0	0
18	9000001	1.03799	0.980557	3	0	0
18	9500001	1.03561	0.980557	3	0	0
18	10000001	1.03187	0.980557	3	0	0
18	10500001	0.971114	0.980557	3	0	0
18	11000001	1.00172	0.980557	3	0	0
18	11500001	1.0016	0.980557	3	0	0
18	12000001	0.98357	0.980557	3	0	0
18	12500001	0.92388	0.980557	3	0	0
18	13000001	0.959104	0.980557	3	0	0
18	13500001	0.971836	0.980557	3	0	0
18	14000001	0.973751	0.980557	3	0	0
18	14500001	0.952027	0.980557	3	0	0
18	15000001	1.15895	0.980557	3	0	0
18	15500001	1.12037	0.980557	3	0	0
18	16000001	1.4818	1.4818	4	0	0
18	16500001	1.29241	1.24909	4	0	0
18	17000001	1.30807	1.24909	4	0	0
18	17500001	1.20577	1.24909	4	0	0
18	18000001	1.18298	1.24909	4	0	0
18	18500001	1.06537	0.997264	3	0	0
18	19000001	1.08911	0.997264	3	0	0
18	19500001	0.939793	0.997264	3	0	0
18	20000001	1.06933	0.997264	3	0	0
18	20500001	0.879142	0.997264	3	0	0
18	21000001	0.937673	0.997264	3	0	0
18	21500001	0.982854	0.997264	3	0	0
18	22000001	1.00119	0.997264	3	0	0
18	22500001	1.04555	0.997264	3	0	0
18	23000001	1.02063	0.997264	3	0	0
18	23500001	1.01721	0.997264	3	0	0
18	24000001	1.04438	0.997264	3	0	0
18	24500001	1.02028	0.997264	3	0	0
18	25000001	0.987355	0.997264	3	0	0
18	25500001	1.00798	0.997264	3	0	0
18	26000001	0.956726	0.997264	3	0	0
18	26500001	0.962006	0.997264	3	0	0
18	27000001	1.00495	0.997264	3	0	0
18	27500001	1.00214	0.997264	3	0	0
18	28000001	0.959957	0.997264	3	0	0
18	28500001	0.964391	0.997264	3	0	0
18	29000001	1.0518	0.997264	3	0	0
18	29500001	1.01647	0.997264	3	0	0
18	30000001	1.00133	0.997264	3	0	0
18	30500001	0.991763	0.997264	3	0	0
18	31000001	0.996973	0.997264	3	0	0
18	31500001	0.9401	0.997264	3	0	0
18	32000001	0.966055	0.997264	3	0	0
18	32500001	0.937306	0.997264	3	0	0
18	33000001	0.991344	0.997264	3	0	0
18	33500001	1.00664	0.997264	3	0	0
18	34000001	0.997264	0.997264	3	0	0
18	34500001	0.991388	0.997264	3	0	0
18	35000001	0.990106	0.997264	3	0	0
18	35500001	1.02492	0.997264	3	0	0
18	36000001	0.976422	0.997264	3	0	0
18	36500001	1.01321	0.997264	3	0	0
18	37000001	1.31831	1.31335	4	0	0
18	37500001	1.31822	1.31335	4	0	0
18	38000001	1.29868	1.31335	4	0	0
18	38500001	1.28625	1.31335	4	0	0
18	39000001	1.33463	1.31335	4	0	0
18	39500001	1.29416	1.31335	4	0	0
18	40000001	1.30514	1.31335	4	0	0
18	40500001	1.26777	1.31335	4	0	0
18	41000001	1.274	1.31335	4	0	0
18	41500001	1.33516	1.31335	4	0	0
18	42000001	1.31335	1.31335	4	0	0
18	42500001	1.31395	1.31335	4	0	0
18	43000001	1.29823	1.31335	4	0	0
18	43500001	1.31873	1.31335	4	0	0
18	44000001	1.32918	1.31335	4	0	0
18	44500001	1.29817	1.31335	4	0	0
18	45000001	1.33497	1.31335	4	0	0
18	45500001	1.36417	1.31335	4	0	0
18	46000001	1.13885	1.31335	4	0	0
18	46500001	0.693761	0.660874	2	0	0
18	47000001	0.742749	0.660874	2	0	0
18	47500001	0.67133	0.660874	2	0	0
18	48000001	0.667509	0.660874	2	0	0
18	48500001	0.680885	0.660874	2	0	0
18	49000001	0.700601	0.660874	2	0	0
18	49500001	0.661137	0.660874	2	0	0
18	50000001	0.645115	0.660874	2	0	0
18	50500001	0.641458	0.660874	2	0	0
18	51000001	0.685183	0.660874	2	0	0
18	51500001	0.676623	0.660874	2	0	0
18	52000001	0.647828	0.660874	2	0	0
18	52500001	0.655707	0.660874	2	0	0
18	53000001	0.661739	0.660874	2	0	0
18	53500001	0.65733	0.660874	2	0	0
18	54000001	0.647851	0.660874	2	0	0
18	54500001	0.684764	0.660874	2	0	0
18	55000001	0.669158	0.660874	2	0	0
18	55500001	0.650859	0.660874	2	0	0
18	56000001	0.674078	0.660874	2	0	0
18	56500001	0.653782	0.660874	2	0	0
18	57000001	0.673296	0.660874	2	0	0
18	57500001	0.667694	0.660874	2	0	0
18	58000001	0.690247	0.660874	2	0	0
18	58500001	0.652453	0.660874	2	0	0
18	59000001	0.690822	0.660874	2	0	0
18	59500001	0.668373	0.660874	2	0	0
18	60000001	0.700862	0.660874	2	0	0
18	60500001	0.658036	0.660874	2	0	0
18	61000001	0.646813	0.660874	2	0	0
18	61500001	0.658088	0.660874	2	0	0
18	62000001	0.682032	0.660874	2	0	0
18	62500001	0.679494	0.660874	2	0	0
18	63000001	0.65118	0.660874	2	0	0
18	63500001	0.65231	0.660874	2	0	0
18	64000001	0.647301	0.660874	2	0	0
18	64500001	0.661921	0.660874	2	0	0
18	65000001	0.640167	0.660874	2	0	0
18	65500001	0.670546	0.660874	2	0	0
18	66000001	0.648074	0.660874	2	0	0
18	66500001	0.658164	0.660874	2	0	0
18	67000001	0.652235	0.660874	2	0	0
18	67500001	0.655949	0.660874	2	0	0
18	68000001	0.668184	0.660874	2	0	0
18	68500001	0.641773	0.660874	2	0	0
18	69000001	0.661933	0.660874	2	0	0
18	69500001	0.661136	0.660874	2	0	0
18	70000001	0.692123	0.660874	2	0	0
18	70500001	0.708284	0.660874	2	0	0
18	71000001	0.654604	0.660874	2	0	0
18	71500001	0.657168	0.660874	2	0	0
18	72000001	0.674179	0.660874	2	0	0
18	72500001	0.664705	0.660874	2	0	0
18	73000001	0.617582	0.660874	2	0	0
18	73500001	0.645442	0.660874	2	0	0
18	74000001	0.643629	0.660874	2	0	0
18	74500001	0.647154	0.660874	2	0	0
18	75000001	0.655252	0.660874	2	0	0
18	75500001	0.632945	0.660874	2	0	0
18	76000001	0.667271	0.660874	2	0	0
18	76500001	0.629104	0.660874	2	0	0
18	77000001	0.668734	0.660874	2	0	0
18	77500001	0.655974	0.660874	2	0	0
18	78000001	0.681118	0.660874	2	0	0
18	78500001	0.628709	0.660874	2	0	0
18	79000001	0.617519	0.660874	2	0	0
18	79500001	0.660874	0.660874	2	0	0
18	80000001	-1	-1	-1	0	0
19	1	0.914667	0.982799	3	0	0
19	500001	0.954153	0.982799	3	0	0
19	1000001	0.974785	0.982799	3	0	0
19	1500001	0.966184	0.982799	3	0	0
19	2000001	0.999495	0.982799	3	0	0
19	2500001	0.915676	0.982799	3	0	0
19	3000001	0.985959	0.982799	3	0	0
19	3500001	0.985211	0.982799	3	0	0
19	4000001	1.00978	0.982799	3	0	0
19	4500001	1.03111	0.982799	3	0	0
19	5000001	1.02468	0.982799	3	0	0
19	5500001	0.995392	0.982799	3	0	0
19	6000001	0.982681	0.982799	3	0	0
19	6500001	0.965697	0.982799	3	0	0
19	7000001	0.982799	0.982799	3	0	0
19	7500001	0.994404	0.982799	3	0	0
19	8000001	0.94638	0.982799	3	0	0
19	8500001	1.35006	1.35006	4	0	0
19	9000001	0.970438	0.975454	3	0	0
19	9500001	0.973555	0.975454	3	0	0
19	10000001	1.01172	0.975454	3	0	0
19	10500001	0.977019	0.975454	3	0	0
19	11000001	0.960452	0.975454	3	0	0
19	11500001	1.03165	0.975454	3	0	0
19	12000001	0.953306	0.975454	3	0	0
19	12500001	0.963692	0.975454	3	0	0
19	13000001	0.980008	0.975454	3	0	0
19	13500001	0.958474	0.975454	3	0	0
19	14000001	0.947226	0.975454	3	0	0
19	14500001	0.969436	0.975454	3	0	0
19	15000001	0.925403	0.975454	3	0	0
19	15500001	0.973889	0.975454	3	0	0
19	16000001	1.01814	0.975454	3	0	0
19	16500001	0.993206	0.975454	3	0	0
19	17000001	0.980988	0.975454	3	0	0
19	17500001	0.986385	0.975454	3	0	0
19	18000001	0.96278	0.975454	3	0	0
19	18500001	0.995907	0.975454	3	0	0
19	19000001	0.991805	0.975454	3	0	0
19	19500001	0.977874	0.975454	3	0	0
19	20000001	1.0086	0.975454	3	0	0
19	20500001	0.963234	0.975454	3	0	0
19	21000001	0.988749	0.975454	3	0	0
19	21500001	1.00491	0.975454	3	0	0
19	22000001	0.989133	0.975454	3	0	0
19	22500001	0.951352	0.975454	3	0	0
19	23000001	0.950443	0.975454	3	0	0
19	23500001	0.97251	0.975454	3	0	0
19	24000001	1.15468	0.975454	3	0	0
19	24500001	0.900733	0.975454	3	0	0
19	25000001	1.21909	1.21909	4	0	0
19	25500001	1.4062	1.44045	4	0	0
19	26000001	1.4747	1.44045	4	0	0
19	26500001	2.02196	2.02196	6	0	0
19	27000001	2.86031	2.86031	9	0	0
19	27500001	0.994259	0.991121	3	0	0
19	28000001	0.99753	0.991121	3	0	0
19	28500001	0.97768	0.991121	3	0	0
19	29000001	1.03854	0.991121	3	0	0
19	29500001	0.991383	0.991121	3	0	0
19	30000001	0.999002	0.991121	3	0	0
19	30500001	0.976122	0.991121	3	0	0
19	31000001	0.939463	0.991121	3	0	0
19	31500001	0.984415	0.991121	3	0	0
19	32000001	0.987778	0.991121	3	0	0
19	32500001	0.965512	0.991121	3	0	0
19	33000001	0.966822	0.991121	3	0	0
19	33500001	0.982179	0.991121	3	0	0
19	34000001	0.974382	0.991121	3	0	0
19	34500001	0.991189	0.991121	3	0	0
19	35000001	1.00128	0.991121	3	0	0
19	35500001	0.984292	0.991121	3	0	0
19	36000001	1.17291	0.991121	3	0	0
19	36500001	0.951859	0.991121	3	0	0
19	37000001	1.05473	0.991121	3	0	0
19	37500001	1.00225	0.991121	3	0	0
19	38000001	0.941501	0.991121	3	0	0
19	38500001	0.975724	0.991121	3	0	0
19	39000001	0.970983	0.991121	3	0	0
19	39500001	1.08511	0.991121	3	0	0
19	40000001	0.967899	0.991121	3	0	0
19	40500001	1.03599	0.991121	3	0	0
19	41000001	0.992911	0.991121	3	0	0
19	41500001	1.04589	0.991121	3	0	0
19	42000001	0.969212	0.991121	3	0	0
19	42500001	0.998087	0.991121	3	0	0
19	43000001	1.02892	0.991121	3	0	0
19	43500001	0.991802	0.991121	3	0	0
19	44000001	1.00623	0.991121	3	0	0
19	44500001	1.0243	0.991121	3	0	0
19	45000001	0.984466	0.991121	3	0	0
19	45500001	1.00283	0.991121	3	0	0
19	46000001	0.964428	0.991121	3	0	0
19	46500001	0.987938	0.991121	3	0	0
19	47000001	1.01644	0.991121	3	0	0
19	47500001	1.21996	0.991121	3	0	0
19	48000001	1.00125	0.991121	3	0	0
19	48500001	0.998223	0.991121	3	0	0
19	49000001	1.00243	0.991121	3	0	0
19	49500001	1.02811	0.991121	3	0	0
19	50000001	1.17544	0.991121	3	0	0
19	50500001	0.97199	0.991121	3	0	0
19	51000001	1.01223	0.991121	3	0	0
19	51500001	1.0104	0.991121	3	0	0
19	52000001	0.982221	0.991121	3	0	0
19	52500001	0.956062	0.991121	3	0	0
19	53000001	0.929004	0.991121	3	0	0
19	53500001	0.941325	0.991121	3	0	0
19	54000001	0.985169	0.991121	3	0	0
19	54500001	1.02516	0.991121	3	0	0
19	55000001	0.969715	0.991121	3	0	0
19	55500001	0.991053	0.991121	3	0	0
19	56000001	0.965114	0.991121	3	0	0
19	56500001	0.97649	0.991121	3	0	0
19	57000001	0.939127	0.991121	3	0	0
19	57500001	0.994377	0.994377	3	0	0
19	58000001	1.05401	0.994377	3	0	0
19	58500001	0.250289	0.994377	3	0	0
2	1	0.633685	0.668089	2	0	0
2	500001	0.664189	0.668089	2	0	0
2	1000001	0.616404	0.668089	2	0	0
2	1500001	0.648367	0.668089	2	0	0
2	2000001	0.639833	0.668089	2	0	0
2	2500001	0.656331	0.668089	2	0	0
2	3000001	0.666265	0.668089	2	0	0
2	3500001	0.685703	0.668089	2	0	0
2	4000001	0.682568	0.668089	2	0	0
2	4500001	0.673808	0.668089	2	0	0
2	5000001	0.633122	0.668089	2	0	0
2	5500001	0.649828	0.668089	2	0	0
2	6000001	0.615825	0.668089	2	0	0
2	6500001	0.674577	0.668089	2	0	0
2	7000001	0.638857	0.668089	2	0	0
2	7500001	0.67963	0.668089	2	0	0
2	8000001	0.651026	0.668089	2	0	0
2	8500001	0.671578	0.668089	2	0	0
2	9000001	0.674846	0.668089	2	0	0
2	9500001	0.682586	0.668089	2	0	0
2	10000001	0.696032	0.668089	2	0	0
2	10500001	0.665466	0.668089	2	0	0
2	11000001	0.663509	0.668089	2	0	0
2	11500001	0.676811	0.668089	2	0	0
2	12000001	0.668581	0.668089	2	0	0
2	12500001	0.683417	0.668089	2	0	0
2	13000001	0.666785	0.668089	2	0	0
2	13500001	0.67726	0.668089	2	0	0
2	14000001	0.638718	0.668089	2	0	0
2	14500001	0.664329	0.668089	2	0	0
2	15000001	0.651229	0.668089	2	0	0
2	15500001	0.658174	0.668089	2	0	0
2	16000001	0.599412	0.668089	2	0	0
2	16500001	0.651384	0.668089	2	0	0
2	17000001	0.678407	0.668089	2	0	0
2	17500001	0.635268	0.668089	2	0	0
2	18000001	0.631226	0.668089	2	0	0
2	18500001	0.706155	0.668089	2	0	0
2	19000001	0.676956	0.668089	2	0	0
2	19500001	0.71161	0.668089	2	0	0
2	20000001	0.680728	0.668089	2	0	0
2	20500001	0.690948	0.668089	2	0	0
2	21000001	0.691575	0.668089	2	0	0
2	21500001	0.665666	0.668089	2	0	0
2	22000001	0.666013	0.668089	2	0	0
2	22500001	0.675178	0.668089	2	0	0
2	23000001	0.665558	0.668089	2	0	0
2	23500001	0.647112	0.668089	2	0	0
2	24000001	0.643185	0.668089	2	0	0
2	24500001	0.673551	0.668089	2	0	0
2	25000001	0.663705	0.668089	2	0	0
2	25500001	0.680922	0.668089	2	0	0
2	26000001	0.660613	0.668089	2	0	0
2	26500001	0.69536	0.668089	2	0	0
2	27000001	0.658514	0.668089	2	0	0
2	27500001	0.693369	0.668089	2	0	0
2	28000001	0.662119	0.668089	2	0	0
2	28500001	0.695529	0.668089	2	0	0
2	29000001	0.688881	0.668089	2	0	0
2	29500001	0.677526	0.668089	2	0	0
2	30000001	0.647799	0.668089	2	0	0
2	30500001	0.627131	0.668089	2	0	0
2	31000001	0.677359	0.668089	2	0	0
2	31500001	0.678163	0.668089	2	0	0
2	32000001	0.601553	0.668089	2	0	0
2	32500001	0.633608	0.668089	2	0	0
2	33000001	0.658771	0.668089	2	0	0
2	33500001	0.65097	0.668089	2	0	0
2	34000001	0.623113	0.668089	2	0	0
2	34500001	0.649409	0.668089	2	0	0
2	35000001	0.682258	0.668089	2	0	0
2	35500001	0.697784	0.668089	2	0	0
2	36000001	0.658912	0.668089	2	0	0
2	36500001	0.688031	0.668089	2	0	0
2	37000001	0.698894	0.668089	2	0	0
2	37500001	0.706798	0.668089	2	0	0
2	38000001	0.6833	0.668089	2	0	0
2	38500001	0.62655	0.668089	2	0	0
2	39000001	0.643164	0.668089	2	0	0
2	39500001	0.690975	0.668089	2	0	0
2	40000001	0.673396	0.668089	2	0	0
2	40500001	0.695221	0.668089	2	0	0
2	41000001	0.68282	0.668089	2	0	0
2	41500001	0.66861	0.668089	2	0	0
2	42000001	0.649642	0.668089	2	0	0
2	42500001	0.670449	0.668089	2	0	0
2	43000001	0.709552	0.668089	2	0	0
2	43500001	0.643592	0.668089	2	0	0
2	44000001	0.615084	0.668089	2	0	0
2	44500001	0.653342	0.668089	2	0	0
2	45000001	0.709379	0.668089	2	0	0
2	45500001	0.707773	0.668089	2	0	0
2	46000001	0.690185	0.668089	2	0	0
2	46500001	0.698102	0.668089	2	0	0
2	47000001	0.671724	0.668089	2	0	0
2	47500001	0.662149	0.668089	2	0	0
2	48000001	0.664149	0.668089	2	0	0
2	48500001	0.643556	0.668089	2	0	0
2	49000001	0.677139	0.668089	2	0	0
2	49500001	0.688239	0.668089	2	0	0
2	50000001	0.666138	0.668089	2	0	0
2	50500001	0.664289	0.668089	2	0	0
2	51000001	0.68175	0.668089	2	0	0
2	51500001	0.616667	0.668089	2	0	0
2	52000001	0.674323	0.668089	2	0	0
2	52500001	0.65566	0.668089	2	0	0
2	53000001	0.662906	0.668089	2	0	0
2	53500001	0.690977	0.668089	2	0	0
2	54000001	0.678046	0.668089	2	0	0
2	54500001	0.649145	0.668089	2	0	0
2	55000001	0.701591	0.668089	2	0	0
2	55500001	0.668402	0.668089	2	0	0
2	56000001	0.69465	0.668089	2	0	0
2	56500001	0.703878	0.668089	2	0	0
2	57000001	0.653009	0.668089	2	0	0
2	57500001	0.660357	0.668089	2	0	0
2	58000001	0.684264	0.668089	2	0	0
2	58500001	0.663041	0.668089	2	0	0
2	59000001	0.685447	0.668089	2	0	0
2	59500001	0.671583	0.668089	2	0	0
2	60000001	0.670198	0.668089	2	0	0
2	60500001	0.668089	0.668089	2	0	0
2	61000001	0.656717	0.668089	2	0	0
2	61500001	0.642036	0.668089	2	0	0
2	62000001	0.657679	0.668089	2	0	0
2	62500001	0.708666	0.668089	2	0	0
2	63000001	0.670769	0.668089	2	0	0
2	63500001	0.695974	0.668089	2	0	0
2	64000001	0.686773	0.668089	2	0	0
2	64500001	0.712657	0.668089	2	0	0
2	65000001	0.648495	0.668089	2	0	0
2	65500001	0.670301	0.668089	2	0	0
2	66000001	0.651353	0.668089	2	0	0
2	66500001	0.650047	0.668089	2	0	0
2	67000001	0.645778	0.668089	2	0	0
2	67500001	0.675242	0.668089	2	0	0
2	68000001	0.652743	0.668089	2	0	0
2	68500001	0.701723	0.668089	2	0	0
2	69000001	0.678253	0.668089	2	0	0
2	69500001	0.675268	0.668089	2	0	0
2	70000001	0.645667	0.668089	2	0	0
2	70500001	0.69268	0.668089	2	0	0
2	71000001	0.636393	0.668089	2	0	0
2	71500001	0.655362	0.668089	2	0	0
2	72000001	0.668298	0.668089	2	0	0
2	72500001	0.672233	0.668089	2	0	0
2	73000001	0.656853	0.668089	2	0	0
2	73500001	0.714862	0.668089	2	0	0
2	74000001	0.666316	0.668089	2	0	0
2	74500001	0.679035	0.668089	2	0	0
2	75000001	0.68641	0.668089	2	0	0
2	75500001	0.671864	0.668089	2	0	0
2	76000001	0.67647	0.668089	2	0	0
2	76500001	0.661357	0.668089	2	0	0
2	77000001	0.647848	0.668089	2	0	0
2	77500001	0.660245	0.668089	2	0	0
2	78000001	0.661987	0.668089	2	0	0
2	78500001	0.657032	0.668089	2	0	0
2	79000001	0.67237	0.668089	2	0	0
2	79500001	0.648564	0.668089	2	0	0
2	80000001	0.64958	0.668089	2	0	0
2	80500001	0.644804	0.668089	2	0	0
2	81000001	0.67379	0.668089	2	0	0
2	81500001	0.659174	0.668089	2	0	0
2	82000001	0.657066	0.668089	2	0	0
2	82500001	0.673554	0.668089	2	0	0
2	83000001	0.616187	0.668089	2	0	0
2	83500001	0.640802	0.668089	2	0	0
2	84000001	0.668935	0.668089	2	0	0
2	84500001	0.657714	0.668089	2	0	0
2	85000001	0.68351	0.668089	2	0	0
2	85500001	1.23421	1.25361	4	0	0
2	86000001	1.32459	1.25361	4	0	0
2	86500001	1.24036	1.25361	4	0	0
2	87000001	1.45439	1.25361	4	0	0
2	87500001	1.25361	1.25361	4	0	0
2	88000001	1.12151	1.05415	3	0	0
2	88500001	0.986784	1.05415	3	0	0
2	89000001	-1	-1	-1	0	0
2	89500001	-1	-1	-1	0	0
2	90000001	-1	-1	-1	0	0
2	90500001	-1	-1	-1	0	0
2	91000001	-1	-1	-1	0	0
2	91500001	1.3623	1.3623	4	0	0
2	92000001	1.35621	1.3623	4	0	0
2	92500001	1.4159	1.3623	4	0	0
2	93000001	0.715458	0.709065	2	0	0
2	93500001	0.702672	0.709065	2	0	0
2	94000001	-1	-1	-1	0	0
2	94500001	1.10369	1.00508	3	0	0
2	95000001	1.01191	1.00508	3	0	0
2	95500001	1.08195	1.00508	3	0	0
2	96000001	1.00362	1.00508	3	0	0
2	96500001	1.00306	1.00508	3	0	0
2	97000001	1.04372	1.00508	3	0	0
2	97500001	0.97868	1.00508	3	0	0
2	98000001	1.02294	1.00508	3	0	0
2	98500001	0.977376	1.00508	3	0	0
2	99000001	1.00483	1.00508	3	0	0
2	99500001	1.00434	1.00508	3	0	0
2	100000001	0.990333	1.00508	3	0	0
2	100500001	0.998692	1.00508	3	0	0
2	101000001	1.0077	1.00508	3	0	0
2	101500001	1.00093	1.00508	3	0	0
2	102000001	0.998264	1.00508	3	0	0
2	102500001	1.01069	1.00508	3	0	0
2	103000001	0.990428	1.00508	3	0	0
2	103500001	0.984304	1.00508	3	0	0
2	104000001	0.960457	1.00508	3	0	0
2	104500001	1.00703	1.00508	3	0	0
2	105000001	0.962395	1.00508	3	0	0
2	105500001	0.961861	1.00508	3	0	0
2	106000001	1.00169	1.00508	3	0	0
2	106500001	0.984171	1.00508	3	0	0
2	107000001	0.945294	1.00508	3	0	0
2	107500001	0.9451	1.00508	3	0	0
2	108000001	1.02897	1.00508	3	0	0
2	108500001	0.959077	1.00508	3	0	0
2	109000001	1.07173	1.00508	3	0	0
2	109500001	0.888807	1.00508	3	0	0
2	110000001	0.977038	1.00508	3	0	0
2	110500001	1.01752	1.00508	3	0	0
2	111000001	1.07479	1.00508	3	0	0
2	111500001	1.05008	1.00508	3	0	0
2	112000001	1.03046	1.00508	3	0	0
2	112500001	1.0368	1.00508	3	0	0
2	113000001	1.0716	1.00508	3	0	0
2	113500001	1.06112	1.00508	3	0	0
2	114000001	0.984965	1.00508	3	0	0
2	114500001	0.950979	1.00508	3	0	0
2	115000001	0.969	1.00508	3	0	0
2	115500001	0.977516	1.00508	3	0	0
2	116000001	1.02791	1.00508	3	0	0
2	116500001	0.994586	1.00508	3	0	0
2	117000001	0.954452	1.00508	3	0	0
2	117500001	1.02093	1.00508	3	0	0
2	118000001	1.00528	1.00508	3	0	0
2	118500001	1.0229	1.00508	3	0	0
2	119000001	1.02039	1.00508	3	0	0
2	119500001	1.01814	1.00508	3	0	0
2	120000001	1.00853	1.00508	3	0	0
2	120500001	1.03608	1.00508	3	0	0
2	121000001	0.975388	1.00508	3	0	0
2	121500001	1.01193	1.00508	3	0	0
2	122000001	1.0045	1.00508	3	0	0
2	122500001	0.983953	1.00508	3	0	0
2	123000001	0.990629	1.00508	3	0	0
2	123500001	0.989598	1.00508	3	0	0
2	124000001	0.972229	1.00508	3	0	0
2	124500001	0.972087	1.00508	3	0	0
2	125000001	0.986955	1.00508	3	0	0
2	125500001	0.956534	1.00508	3	0	0
2	126000001	0.984261	1.00508	3	0	0
2	126500001	0.988252	1.00508	3	0	0
2	127000001	0.996052	1.00508	3	0	0
2	127500001	0.955811	1.00508	3	0	0
2	128000001	0.985597	1.00508	3	0	0
2	128500001	0.971118	1.00508	3	0	0
2	129000001	0.950949	1.00508	3	0	0
2	129500001	0.976668	1.00508	3	0	0
2	130000001	0.991202	1.00508	3	0	0
2	130500001	1.02291	1.00508	3	0	0
2	131000001	1.00756	1.00508	3	0	0
2	131500001	0.969282	1.00508	3	0	0
2	132000001	1.00859	1.00508	3	0	0
2	132500001	0.981894	1.00508	3	0	0
2	133000001	1.01146	1.00508	3	0	0
2	133500001	0.973739	1.00508	3	0	0
2	134000001	0.962012	1.00508	3	0	0
2	134500001	0.98235	1.00508	3	0	0
2	135000001	0.932346	1.00508	3	0	0
2	135500001	0.972794	1.00508	3	0	0
2	136000001	0.985741	1.00508	3	0	0
2	136500001	0.998473	1.00508	3	0	0
2	137000001	0.993001	1.00508	3	0	0
2	137500001	1.05489	1.00508	3	0	0
2	138000001	1.00204	1.00508	3	0	0
2	138500001	0.985867	1.00508	3	0	0
2	139000001	1.04871	1.00508	3	0	0
2	139500001	1.00145	1.00508	3	0	0
2	140000001	1.04157	1.00508	3	0	0
2	140500001	0.975174	1.00508	3	0	0
2	141000001	0.988969	1.00508	3	0	0
2	141500001	0.99768	1.00508	3	0	0
2	142000001	0.996889	1.00508	3	0	0
2	142500001	1.00235	1.00508	3	0	0
2	143000001	0.991101	1.00508	3	0	0
2	143500001	1.05669	1.00508	3	0	0
2	144000001	0.986817	1.00508	3	0	0
2	144500001	1.01113	1.00508	3	0	0
2	145000001	1.02716	1.00508	3	0	0
2	145500001	1.00742	1.00508	3	0	0
2	146000001	1.0344	1.00508	3	0	0
2	146500001	0.95027	1.00508	3	0	0
2	147000001	1.03975	1.00508	3	0	0
2	147500001	1.01799	1.00508	3	0	0
2	148000001	0.940085	1.00508	3	0	0
2	148500001	1.04126	1.00508	3	0	0
2	149000001	1.00163	1.00508	3	0	0
2	149500001	1.02468	1.00508	3	0	0
2	150000001	1.03819	1.00508	3	0	0
2	150500001	1.02544	1.00508	3	0	0
2	151000001	1.00562	1.00508	3	0	0
2	151500001	0.998194	1.00508	3	0	0
2	152000001	1.0437	1.00508	3	0	0
2	152500001	0.984081	1.00508	3	0	0
2	153000001	1.02097	1.00508	3	0	0
2	153500001	1.02293	1.00508	3	0	0
2	154000001	1.01562	1.00508	3	0	0
2	154500001	1.00679	1.00508	3	0	0
2	155000001	1.03274	1.00508	3	0	0
2	155500001	1.00023	1.00508	3	0	0
2	156000001	1.03252	1.00508	3	0	0
2	156500001	1.00874	1.00508	3	0	0
2	157000001	1.06353	1.00508	3	0	0
2	157500001	0.972898	1.00508	3	0	0
2	158000001	1.01109	1.00508	3	0	0
2	158500001	0.976661	1.00508	3	0	0
2	159000001	1.01791	1.00508	3	0	0
2	159500001	1.00206	1.00508	3	0	0
2	160000001	1.01975	1.00508	3	0	0
2	160500001	1.02717	1.00508	3	0	0
2	161000001	1.04267	1.00508	3	0	0
2	161500001	1.03863	1.00508	3	0	0
2	162000001	1.05594	1.00508	3	0	0
2	162500001	1.0186	1.00508	3	0	0
2	163000001	1.03795	1.00508	3	0	0
2	163500001	0.998969	1.00508	3	0	0
2	164000001	1.03735	1.00508	3	0	0
2	164500001	1.01755	1.00508	3	0	0
2	165000001	1.02485	1.00508	3	0	0
2	165500001	0.992773	1.00508	3	0	0
2	166000001	1.00253	1.00508	3	0	0
2	166500001	0.992357	1.00508	3	0	0
2	167000001	1.00186	1.00508	3	0	0
2	167500001	0.970949	1.00508	3	0	0
2	168000001	1.00118	1.00508	3	0	0
2	168500001	0.988502	1.00508	3	0	0
2	169000001	0.996341	1.00508	3	0	0
2	169500001	0.948003	1.00508	3	0	0
2	170000001	1.02269	1.00508	3	0	0
2	170500001	1.00351	1.00508	3	0	0
2	171000001	0.983278	1.00508	3	0	0
2	171500001	0.998795	1.00508	3	0	0
2	172000001	1.04032	1.00508	3	0	0
2	172500001	1.03437	1.00508	3	0	0
2	173000001	0.998882	1.00508	3	0	0
2	173500001	1.03691	1.00508	3	0	0
2	174000001	0.995832	1.00508	3	0	0
2	174500001	1.01794	1.00508	3	0	0
2	175000001	1.03107	1.00508	3	0	0
2	175500001	0.989041	1.00508	3	0	0
2	176000001	0.985166	1.00508	3	0	0
2	176500001	1.02303	1.00508	3	0	0
2	177000001	1.02418	1.00508	3	0	0
2	177500001	1.05568	1.00508	3	0	0
2	178000001	1.02228	1.00508	3	0	0
2	178500001	1.03219	1.00508	3	0	0
2	179000001	0.963717	1.00508	3	0	0
2	179500001	1.04523	1.00508	3	0	0
2	180000001	1.02759	1.00508	3	0	0
2	180500001	1.04749	1.00508	3	0	0
2	181000001	1.01454	1.00508	3	0	0
2	181500001	1.04679	1.00508	3	0	0
2	182000001	1.02991	1.00508	3	0	0
2	182500001	1.04647	1.00508	3	0	0
2	183000001	1.02517	1.00508	3	0	0
2	183500001	1.02354	1.00508	3	0	0
2	184000001	0.958563	1.00508	3	0	0
2	184500001	0.996206	1.00508	3	0	0
2	185000001	0.983094	1.00508	3	0	0
2	185500001	1.01561	1.00508	3	0	0
2	186000001	1.01959	1.00508	3	0	0
2	186500001	0.994608	1.00508	3	0	0
2	187000001	1.03706	1.00508	3	0	0
2	187500001	1.04163	1.00508	3	0	0
2	188000001	1.03111	1.00508	3	0	0
2	188500001	1.02962	1.00508	3	0	0
2	189000001	1.05748	1.00508	3	0	0
2	189500001	1.05703	1.00508	3	0	0
2	190000001	1.00792	1.00508	3	0	0
2	190500001	1.03975	1.00508	3	0	0
2	191000001	1.07208	1.00508	3	0	0
2	191500001	1.03594	1.00508	3	0	0
2	192000001	1.02577	1.00508	3	0	0
2	192500001	1.03214	1.00508	3	0	0
2	193000001	1.00489	1.00508	3	0	0
2	193500001	0.91933	1.00508	3	0	0
2	194000001	0.97495	1.00508	3	0	0
2	194500001	1.03784	1.00508	3	0	0
2	195000001	1.04125	1.00508	3	0	0
2	195500001	0.938781	1.00508	3	0	0
2	196000001	0.97105	1.00508	3	0	0
2	196500001	1.0058	1.00508	3	0	0
2	197000001	0.99229	1.00508	3	0	0
2	197500001	1.03586	1.00508	3	0	0
2	198000001	1.00573	1.00508	3	0	0
2	198500001	0.994101	1.00508	3	0	0
2	199000001	0.982534	1.00508	3	0	0
2	199500001	1.001	1.00508	3	0	0
2	200000001	1.02452	1.00508	3	0	0
2	200500001	1.07525	1.00508	3	0	0
2	201000001	0.959794	1.00508	3	0	0
2	201500001	1.00807	1.00508	3	0	0
2	202000001	0.967379	1.00508	3	0	0
2	202500001	0.941953	1.00508	3	0	0
2	203000001	0.961333	1.00508	3	0	0
2	203500001	1.03558	1.00508	3	0	0
2	204000001	1.01657	1.00508	3	0	0
2	204500001	1.03396	1.00508	3	0	0
2	205000001	0.906554	1.00508	3	0	0
2	205500001	0.712703	0.67393	2	0	0
2	206000001	0.636279	0.67393	2	0	0
2	206500001	0.682228	0.67393	2	0	0
2	207000001	0.709041	0.67393	2	0	0
2	207500001	0.684173	0.67393	2	0	0
2	208000001	0.662008	0.67393	2	0	0
2	208500001	0.680865	0.67393	2	0	0
2	209000001	0.69068	0.67393	2	0	0
2	209500001	0.678222	0.67393	2	0	0
2	210000001	0.677329	0.67393	2	0	0
2	210500001	0.679704	0.67393	2	0	0
2	211000001	0.641084	0.67393	2	0	0
2	211500001	0.639865	0.67393	2	0	0
2	212000001	0.663619	0.67393	2	0	0
2	212500001	0.659729	0.67393	2	0	0
2	213000001	0.682037	0.67393	2	0	0
2	213500001	0.669224	0.67393	2	0	0
2	214000001	0.682176	0.67393	2	0	0
2	214500001	0.69942	0.67393	2	0	0
2	215000001	0.644391	0.67393	2	0	0
2	215500001	0.679314	0.67393	2	0	0
2	216000001	0.683264	0.67393	2	0	0
2	216500001	0.684017	0.67393	2	0	0
2	217000001	0.643724	0.67393	2	0	0
2	217500001	0.670859	0.67393	2	0	0
2	218000001	0.693399	0.67393	2	0	0
2	218500001	0.670487	0.67393	2	0	0
2	219000001	0.71823	0.67393	2	0	0
2	219500001	0.657101	0.67393	2	0	0
2	220000001	0.677222	0.67393	2	0	0
2	220500001	0.677025	0.67393	2	0	0
2	221000001	0.630817	0.67393	2	0	0
2	221500001	0.65202	0.67393	2	0	0
2	222000001	0.680458	0.67393	2	0	0
2	222500001	0.651944	0.67393	2	0	0
2	223000001	0.702163	0.67393	2	0	0
2	223500001	0.660092	0.67393	2	0	0
2	224000001	0.677	0.67393	2	0	0
2	224500001	0.657439	0.67393	2	0	0
2	225000001	0.668356	0.67393	2	0	0
2	225500001	0.688828	0.67393	2	0	0
2	226000001	0.703677	0.67393	2	0	0
2	226500001	0.679337	0.67393	2	0	0
2	227000001	0.664793	0.67393	2	0	0
2	227500001	0.68618	0.67393	2	0	0
2	228000001	0.659695	0.67393	2	0	0
2	228500001	0.623222	0.67393	2	0	0
2	229000001	0.648548	0.67393	2	0	0
2	229500001	0.648892	0.67393	2	0	0
2	230000001	0.656704	0.67393	2	0	0
2	230500001	0.664306	0.67393	2	0	0
2	231000001	0.717449	0.67393	2	0	0
2	231500001	0.664671	0.67393	2	0	0
2	232000001	0.66064	0.67393	2	0	0
2	232500001	0.655356	0.67393	2	0	0
2	233000001	0.691958	0.67393	2	0	0
2	233500001	0.709654	0.67393	2	0	0
2	234000001	0.677288	0.67393	2	0	0
2	234500001	0.647392	0.67393	2	0	0
2	235000001	0.688169	0.67393	2	0	0
2	235500001	0.627966	0.67393	2	0	0
2	236000001	0.653096	0.67393	2	0	0
2	236500001	0.661516	0.67393	2	0	0
2	237000001	0.693116	0.67393	2	0	0
2	237500001	0.678009	0.67393	2	0	0
2	238000001	0.66863	0.67393	2	0	0
2	238500001	0.65636	0.65488	2	0	0
2	239000001	0.604855	0.65488	2	0	0
2	239500001	0.675747	0.65488	2	0	0
2	240000001	0.645903	0.65488	2	0	0
2	240500001	0.672725	0.65488	2	0	0
2	241000001	0.653399	0.65488	2	0	0
2	241500001	0.676186	0.65488	2	0	0
2	242000001	0.2883	0.65488	2	0	0
20	1	1.01205	1.00665	3	0	0
20	500001	1.06152	1.00665	3	0	0
20	1000001	1.08733	1.00665	3	0	0
20	1500001	0.964351	1.00665	3	0	0
20	2000001	0.988453	1.00665	3	0	0
20	2500001	1.00806	1.00665	3	0	0
20	3000001	0.993431	1.00665	3	0	0
20	3500001	0.978248	1.00665	3	0	0
20	4000001	1.05553	1.00665	3	0	0
20	4500001	1.01167	1.00665	3	0	0
20	5000001	0.993942	1.00665	3	0	0
20	5500001	1.01353	1.00665	3	0	0
20	6000001	1.00543	1.00665	3	0	0
20	6500001	0.969327	1.00665	3	0	0
20	7000001	1.00931	1.00665	3	0	0
20	7500001	0.971807	1.00665	3	0	0
20	8000001	1.01508	1.00665	3	0	0
20	8500001	1.00209	1.00665	3	0	0
20	9000001	1.02672	1.00665	3	0	0
20	9500001	1.0104	1.00665	3	0	0
20	10000001	1.05064	1.00665	3	0	0
20	10500001	1.05504	1.00665	3	0	0
20	11000001	1.05401	1.00665	3	0	0
20	11500001	0.990812	1.00665	3	0	0
20	12000001	0.982717	1.00665	3	0	0
20	12500001	1.03377	1.00665	3	0	0
20	13000001	1.03272	1.00665	3	0	0
20	13500001	0.937568	1.00665	3	0	0
20	14000001	0.983572	1.00665	3	0	0
20	14500001	0.987597	1.00665	3	0	0
20	15000001	1.00313	1.00665	3	0	0
20	15500001	0.979363	1.00665	3	0	0
20	16000001	1.00788	1.00665	3	0	0
20	16500001	0.95231	1.00665	3	0	0
20	17000001	1.0457	1.00665	3	0	0
20	17500001	1.00419	1.00665	3	0	0
20	18000001	0.980817	1.00665	3	0	0
20	18500001	1.01498	1.00665	3	0	0
20	19000001	1.04657	1.00665	3	0	0
20	19500001	1.04196	1.00665	3	0	0
20	20000001	0.986275	1.00665	3	0	0
20	20500001	1.00528	1.00665	3	0	0
20	21000001	0.984796	1.00665	3	0	0
20	21500001	0.992667	1.00665	3	0	0
20	22000001	1.01392	1.00665	3	0	0
20	22500001	1.05213	1.00665	3	0	0
20	23000001	1.05704	1.00665	3	0	0
20	23500001	0.998931	1.00665	3	0	0
20	24000001	0.990221	1.00665	3	0	0
20	24500001	1.01952	1.00665	3	0	0
20	25000001	1.01449	1.00665	3	0	0
20	25500001	0.99885	1.00665	3	0	0
20	26000001	1.12634	1.12634	3	0	0
20	26500001	1.45813	1.44235	4	0	0
20	27000001	1.44235	1.44235	4	0	0
20	27500001	1.34921	1.44235	4	0	0
20	28000001	1.18961	1.18961	4	0	0
20	28500001	2.14635	2.14635	6	0	0
20	29000001	1.59602	1.59602	5	0	0
20	29500001	1.5782	1.59602	5	0	0
20	30000001	-1	1.59602	5	0	0
20	30500001	1.6177	1.59602	5	0	0
20	31000001	-1	-1	-1	0	0
20	31500001	1.33549	1.32757	4	0	0
20	32000001	1.33143	1.32757	4	0	0
20	32500001	1.34931	1.32757	4	0	0
20	33000001	1.3212	1.32757	4	0	0
20	33500001	1.37035	1.32757	4	0	0
20	34000001	1.32641	1.32757	4	0	0
20	34500001	1.29256	1.32757	4	0	0
20	35000001	1.32757	1.32757	4	0	0
20	35500001	1.29378	1.32757	4	0	0
20	36000001	1.40283	1.32757	4	0	0
20	36500001	1.2925	1.32757	4	0	0
20	37000001	1.32265	1.32757	4	0	0
20	37500001	1.33332	1.32757	4	0	0
20	38000001	1.37864	1.32757	4	0	0
20	38500001	1.32721	1.32757	4	0	0
20	39000001	1.3304	1.32757	4	0	0
20	39500001	1.35775	1.32757	4	0	0
20	40000001	1.28796	1.32757	4	0	0
20	40500001	1.37498	1.32757	4	0	0
20	41000001	1.33914	1.32757	4	0	0
20	41500001	1.29463	1.32757	4	0	0
20	42000001	1.31983	1.32757	4	0	0
20	42500001	1.33212	1.32757	4	0	0
20	43000001	1.36089	1.32757	4	0	0
20	43500001	1.36051	1.32757	4	0	0
20	44000001	1.3754	1.32757	4	0	0
20	44500001	1.32646	1.32757	4	0	0
20	45000001	1.32582	1.32757	4	0	0
20	45500001	1.36475	1.32757	4	0	0
20	46000001	1.32986	1.32757	4	0	0
20	46500001	1.33262	1.32757	4	0	0
20	47000001	1.27051	1.32757	4	0	0
20	47500001	1.33378	1.32757	4	0	0
20	48000001	1.35398	1.32757	4	0	0
20	48500001	1.39767	1.32757	4	0	0
20	49000001	1.31165	1.32757	4	0	0
20	49500001	1.35658	1.32757	4	0	0
20	50000001	1.37774	1.32757	4	0	0
20	50500001	1.34402	1.32757	4	0	0
20	51000001	1.35447	1.32757	4	0	0
20	51500001	1.27385	1.32757	4	0	0
20	52000001	1.28804	1.32757	4	0	0
20	52500001	1.32119	1.32757	4	0	0
20	53000001	1.32271	1.32757	4	0	0
20	53500001	1.26887	1.32757	4	0	0
20	54000001	1.30233	1.32757	4	0	0
20	54500001	1.28828	1.32757	4	0	0
20	55000001	1.27481	1.32757	4	0	0
20	55500001	1.30219	1.32757	4	0	0
20	56000001	1.32279	1.32757	4	0	0
20	56500001	1.24341	1.32757	4	0	0
20	57000001	1.25903	1.32757	4	0	0
20	57500001	1.38694	1.32757	4	0	0
20	58000001	1.35164	1.32757	4	0	0
20	58500001	1.31876	1.32757	4	0	0
20	59000001	1.37319	1.32757	4	0	0
20	59500001	1.32627	1.32757	4	0	0
20	60000001	1.33148	1.32757	4	0	0
20	60500001	1.32435	1.32757	4	0	0
20	61000001	1.28585	1.32757	4	0	0
20	61500001	1.332	1.32757	4	0	0
20	62000001	1.28671	1.32757	4	0	0
20	62500001	1.3421	1.32757	4	0	0
20	63000001	1.36109	1.32757	4	0	0
20	63500001	1.30329	1.32757	4	0	0
20	64000001	-1	-1	-1	0	0
21	1	-1	-1	-1	0	0
21	500001	-1	-1	-1	0	0
21	1000001	-1	-1	-1	0	0
21	1500001	-1	-1	-1	0	0
21	2000001	-1	-1	-1	0	0
21	2500001	-1	-1	-1	0	0
21	3000001	-1	-1	-1	0	0
21	3500001	-1	-1	-1	0	0
21	4000001	-1	-1	-1	0	0
21	4500001	-1	-1	-1	0	0
21	5000001	-1	-1	-1	0	0
21	5500001	-1	-1	-1	0	0
21	6000001	-1	-1	-1	0	0
21	6500001	-1	-1	-1	0	0
21	7000001	-1	-1	-1	0	0
21	7500001	-1	-1	-1	0	0
21	8000001	-1	-1	-1	0	0
21	8500001	-1	-1	-1	0	0
21	9000001	-1	-1	-1	0	0
21	9500001	1.57004	1.66716	5	0	0
21	10000001	-1	1.66716	5	0	0
21	10500001	1.76429	1.66716	5	0	0
21	11000001	0.484955	0.668011	2	0	0
21	11500001	0.658311	0.668011	2	0	0
21	12000001	0.866604	0.668011	2	0	0
21	12500001	1.20879	0.668011	2	0	0
21	13000001	0.56949	0.668011	2	0	0
21	13500001	0.58583	0.668011	2	0	0
21	14000001	0.594554	0.668011	2	0	0
21	14500001	0.669813	0.668011	2	0	0
21	15000001	0.647379	0.668011	2	0	0
21	15500001	0.708933	0.668011	2	0	0
21	16000001	0.641334	0.668011	2	0	0
21	16500001	0.677602	0.668011	2	0	0
21	17000001	0.682849	0.668011	2	0	0
21	17500001	0.667062	0.668011	2	0	0
21	18000001	0.668959	0.668011	2	0	0
21	18500001	0.670231	0.668011	2	0	0
21	19000001	0.639377	0.668011	2	0	0
21	19500001	0.818282	0.668011	2	0	0
21	20000001	0.971228	0.987619	3	0	0
21	20500001	0.981344	0.987619	3	0	0
21	21000001	0.977103	0.987619	3	0	0
21	21500001	1.02029	0.987619	3	0	0
21	22000001	0.986571	0.987619	3	0	0
21	22500001	0.97346	0.987619	3	0	0
21	23000001	1.01285	0.987619	3	0	0
21	23500001	0.98161	0.987619	3	0	0
21	24000001	0.96423	0.987619	3	0	0
21	24500001	0.92655	0.987619	3	0	0
21	25000001	1.01375	0.987619	3	0	0
21	25500001	0.963188	0.987619	3	0	0
21	26000001	0.969896	0.987619	3	0	0
21	26500001	0.985342	0.987619	3	0	0
21	27000001	0.951591	0.987619	3	0	0
21	27500001	0.988666	0.987619	3	0	0
21	28000001	1.00437	0.987619	3	0	0
21	28500001	1.02803	0.987619	3	0	0
21	29000001	1.00175	0.987619	3	0	0
21	29500001	1.02763	0.987619	3	0	0
21	30000001	0.972267	0.987619	3	0	0
21	30500001	0.945869	0.987619	3	0	0
21	31000001	0.948658	0.987619	3	0	0
21	31500001	0.939611	0.987619	3	0	0
21	32000001	1.00175	0.987619	3	0	0
21	32500001	1.01366	0.987619	3	0	0
21	33000001	0.984766	0.987619	3	0	0
21	33500001	0.96318	0.987619	3	0	0
21	34000001	0.853383	0.987619	3	0	0
21	34500001	0.993793	0.987619	3	0	0
21	35000001	1.0314	0.987619	3	0	0
21	35500001	1.00192	0.987619	3	0	0
21	36000001	0.945788	0.987619	3	0	0
21	36500001	1.00068	0.987619	3	0	0
21	37000001	1.03375	0.987619	3	0	0
21	37500001	1.01464	0.987619	3	0	0
21	38000001	1.06123	0.987619	3	0	0
21	38500001	1.00745	0.987619	3	0	0
21	39000001	0.968853	0.987619	3	0	0
21	39500001	0.991655	0.987619	3	0	0
21	40000001	0.989144	0.987619	3	0	0
21	40500001	0.976095	0.987619	3	0	0
21	41000001	0.991294	0.987619	3	0	0
21	41500001	1.01668	0.987619	3	0	0
21	42000001	1.02288	0.987619	3	0	0
21	42500001	0.979323	0.987619	3	0	0
21	43000001	0.711291	0.959033	3	0	0
21	43500001	0.912286	0.959033	3	0	0
21	44000001	0.825191	0.959033	3	0	0
21	44500001	1.0189	0.959033	3	0	0
21	45000001	1.03065	0.959033	3	0	0
21	45500001	1.06315	0.959033	3	0	0
21	46000001	1.00578	0.959033	3	0	0
21	46500001	0.410388	0.959033	3	0	0
22	1	-1	-1	-1	0	0
22	500001	-1	-1	-1	0	0
22	1000001	-1	-1	-1	0	0
22	1500001	-1	-1	-1	0	0
22	2000001	-1	-1	-1	0	0
22	2500001	-1	-1	-1	0	0
22	3000001	-1	-1	-1	0	0
22	3500001	-1	-1	-1	0	0
22	4000001	-1	-1	-1	0	0
22	4500001	-1	-1	-1	0	0
22	5000001	-1	-1	-1	0	0
22	5500001	-1	-1	-1	0	0
22	6000001	-1	-1	-1	0	0
22	6500001	-1	-1	-1	0	0
22	7000001	-1	-1	-1	0	0
22	7500001	-1	-1	-1	0	0
22	8000001	-1	-1	-1	0	0
22	8500001	-1	-1	-1	0	0
22	9000001	-1	-1	-1	0	0
22	9500001	-1	-1	-1	0	0
22	10000001	-1	-1	-1	0	0
22	10500001	-1	-1	-1	0	0
22	11000001	-1	-1	-1	0	0
22	11500001	-1	-1	-1	0	0
22	12000001	-1	-1	-1	0	0
22	12500001	-1	-1	-1	0	0
22	13000001	0.426885	0.426885	1	0	0
22	13500001	0.700934	0.700934	2	0	0
22	14000001	0.981848	1.02121	3	0	0
22	14500001	1.06057	1.02121	3	0	0
22	15000001	-1	-1	-1	0	0
22	15500001	1.30708	1.30708	4	0	0
22	16000001	0.739841	0.674352	2	0	0
22	16500001	0.675432	0.674352	2	0	0
22	17000001	0.639175	0.674352	2	0	0
22	17500001	0.695914	0.674352	2	0	0
22	18000001	-1	0.674352	2	0	0
22	18500001	0.662092	0.674352	2	0	0
22	19000001	0.7037	0.674352	2	0	0
22	19500001	0.651059	0.674352	2	0	0
22	20000001	0.657619	0.674352	2	0	0
22	20500001	0.665387	0.674352	2	0	0
22	21000001	0.606018	0.674352	2	0	0
22	21500001	0.637909	0.674352	2	0	0
22	22000001	0.703437	0.674352	2	0	0
22	22500001	0.699103	0.674352	2	0	0
22	23000001	0.697756	0.674352	2	0	0
22	23500001	0.723461	0.674352	2	0	0
22	24000001	0.681663	0.674352	2	0	0
22	24500001	0.638372	0.674352	2	0	0
22	25000001	0.694093	0.674352	2	0	0
22	25500001	0.697879	0.674352	2	0	0
22	26000001	0.693756	0.674352	2	0	0
22	26500001	0.662678	0.674352	2	0	0
22	27000001	0.685643	0.674352	2	0	0
22	27500001	0.692607	0.674352	2	0	0
22	28000001	0.664271	0.674352	2	0	0
22	28500001	0.669487	0.674352	2	0	0
22	29000001	0.654322	0.674352	2	0	0
22	29500001	0.691843	0.674352	2	0	0
22	30000001	0.716542	0.674352	2	0	0
22	30500001	0.661437	0.674352	2	0	0
22	31000001	0.650904	0.674352	2	0	0
22	31500001	0.656414	0.674352	2	0	0
22	32000001	0.63253	0.674352	2	0	0
22	32500001	0.681852	0.674352	2	0	0
22	33000001	0.656688	0.674352	2	0	0
22	33500001	0.636839	0.674352	2	0	0
22	34000001	0.633153	0.674352	2	0	0
22	34500001	0.661742	0.674352	2	0	0
22	35000001	0.694715	0.674352	2	0	0
22	35500001	0.661702	0.674352	2	0	0
22	36000001	0.692305	0.674352	2	0	0
22	36500001	0.703289	0.674352	2	0	0
22	37000001	0.690511	0.674352	2	0	0
22	37500001	0.683456	0.674352	2	0	0
22	38000001	0.656927	0.674352	2	0	0
22	38500001	0.669218	0.674352	2	0	0
22	39000001	0.654019	0.674352	2	0	0
22	39500001	0.686702	0.674352	2	0	0
22	40000001	0.657753	0.674352	2	0	0
22	40500001	0.637685	0.674352	2	0	0
22	41000001	0.621888	0.674352	2	0	0
22	41500001	0.674352	0.674352	2	0	0
22	42000001	0.70629	0.674352	2	0	0
22	42500001	0.733233	0.674352	2	0	0
22	43000001	0.699328	0.674352	2	0	0
22	43500001	0.662926	0.674352	2	0	0
22	44000001	0.677864	0.674352	2	0	0
22	44500001	0.673358	0.674352	2	0	0
22	45000001	0.675904	0.674352	2	0	0
22	45500001	0.691689	0.674352	2	0	0
22	46000001	0.672693	0.664841	2	0	0
22	46500001	0.668523	0.664841	2	0	0
22	47000001	0.660254	0.664841	2	0	0
22	47500001	0.634189	0.664841	2	0	0
22	48000001	0.661159	0.664841	2	0	0
22	48500001	0.677053	0.664841	2	0	0
22	49000001	0.69482	0.664841	2	0	0
22	49500001	0.681986	0.664841	2	0	0
22	50000001	0.643945	0.664841	2	0	0
22	50500001	0.443112	0.664841	2	0	0
3	1	1.05201	1.01254	3	0	0
3	500001	1.01626	1.01254	3	0	0
3	1000001	0.972671	1.01254	3	0	0
3	1500001	0.987926	1.01254	3	0	0
3	2000001	0.931571	1.01254	3	0	0
3	2500001	0.970938	1.01254	3	0	0
3	3000001	1.00144	1.01254	3	0	0
3	3500001	0.970819	1.01254	3	0	0
3	4000001	1.05623	1.01254	3	0	0
3	4500001	1.05403	1.01254	3	0	0
3	5000001	1.00347	1.01254	3	0	0
3	5500001	0.996036	1.01254	3	0	0
3	6000001	0.985997	1.01254	3	0	0
3	6500001	0.988693	1.01254	3	0	0
3	7000001	0.991579	1.01254	3	0	0
3	7500001	0.98959	1.01254	3	0	0
3	8000001	1.02797	1.01254	3	0	0
3	8500001	1.0461	1.01254	3	0	0
3	9000001	0.990787	1.01254	3	0	0
3	9500001	1.03034	1.01254	3	0	0
3	10000001	1.02039	1.01254	3	0	0
3	10500001	1.09894	1.01254	3	0	0
3	11000001	0.98693	1.01254	3	0	0
3	11500001	1.01157	1.01254	3	0	0
3	12000001	1.04383	1.01254	3	0	0
3	12500001	0.988803	1.01254	3	0	0
3	13000001	1.05495	1.01254	3	0	0
3	13500001	1.01011	1.01254	3	0	0
3	14000001	1.06303	1.01254	3	0	0
3	14500001	1.02189	1.01254	3	0	0
3	15000001	1.02066	1.01254	3	0	0
3	15500001	1.03261	1.01254	3	0	0
3	16000001	1.02061	1.01254	3	0	0
3	16500001	1.02151	1.01254	3	0	0
3	17000001	0.980125	1.01254	3	0	0
3	17500001	1.00123	1.01254	3	0	0
3	18000001	0.997538	1.01254	3	0	0
3	18500001	1.05278	1.01254	3	0	0
3	19000001	1.05597	1.01254	3	0	0
3	19500001	1.02795	1.01254	3	0	0
3	20000001	1.01999	1.01254	3	0	0
3	20500001	1.02876	1.01254	3	0	0
3	21000001	1.02705	1.01254	3	0	0
3	21500001	1.0018	1.01254	3	0	0
3	22000001	1.0556	1.01254	3	0	0
3	22500001	1.03507	1.01254	3	0	0
3	23000001	1.02774	1.01254	3	0	0
3	23500001	1.00085	1.01254	3	0	0
3	24000001	1.02714	1.01254	3	0	0
3	24500001	1.03051	1.01254	3	0	0
3	25000001	0.994642	1.01254	3	0	0
3	25500001	0.980481	1.01254	3	0	0
3	26000001	1.02498	1.01254	3	0	0
3	26500001	1.02607	1.01254	3	0	0
3	27000001	1.04606	1.01254	3	0	0
3	27500001	0.988252	1.01254	3	0	0
3	28000001	0.98252	1.01254	3	0	0
3	28500001	1.02734	1.01254	3	0	0
3	29000001	1.02961	1.01254	3	0	0
3	29500001	0.994977	1.01254	3	0	0
3	30000001	1.07267	1.01254	3	0	0
3	30500001	1.01106	1.01254	3	0	0
3	31000001	1.02867	1.01254	3	0	0
3	31500001	0.99566	1.01254	3	0	0
3	32000001	1.00108	1.01254	3	0	0
3	32500001	0.959452	1.01254	3	0	0
3	33000001	1.01941	1.01254	3	0	0
3	33500001	1.02684	1.01254	3	0	0
3	34000001	1.01062	1.01254	3	0	0
3	34500001	0.960525	1.01254	3	0	0
3	35000001	0.979215	1.01254	3	0	0
3	35500001	0.980093	1.01254	3	0	0
3	36000001	1.02675	1.01254	3	0	0
3	36500001	1.01569	1.01254	3	0	0
3	37000001	1.00542	1.01254	3	0	0
3	37500001	1.05776	1.01254	3	0	0
3	38000001	1.02311	1.01254	3	0	0
3	38500001	0.993925	1.01254	3	0	0
3	39000001	0.992987	1.01254	3	0	0
3	39500001	1.0395	1.01254	3	0	0
3	40000001	1.05854	1.01254	3	0	0
3	40500001	1.0112	1.01254	3	0	0
3	41000001	1.03431	1.01254	3	0	0
3	41500001	1.01466	1.01254	3	0	0
3	42000001	0.998118	1.01254	3	0	0
3	42500001	1.01376	1.01254	3	0	0
3	43000001	1.06837	1.01254	3	0	0
3	43500001	1.02035	1.01254	3	0	0
3	44000001	0.983804	1.01254	3	0	0
3	44500001	1.03617	1.01254	3	0	0
3	45000001	1.01443	1.01254	3	0	0
3	45500001	1.0394	1.01254	3	0	0
3	46000001	1.04899	1.01254	3	0	0
3	46500001	1.03345	1.01254	3	0	0
3	47000001	0.958911	1.01254	3	0	0
3	47500001	1.00378	1.01254	3	0	0
3	48000001	1.00009	1.01254	3	0	0
3	48500001	1.01261	1.01254	3	0	0
3	49000001	1.00974	1.01254	3	0	0
3	49500001	1.00804	1.01254	3	0	0
3	50000001	1.08334	1.01254	3	0	0
3	50500001	0.992914	1.01254	3	0	0
3	51000001	1.04447	1.01254	3	0	0
3	51500001	0.998057	1.01254	3	0	0
3	52000001	1.0765	1.01254	3	0	0
3	52500001	0.981893	1.01254	3	0	0
3	53000001	1.04993	1.01254	3	0	0
3	53500001	1.03609	1.01254	3	0	0
3	54000001	0.992194	1.01254	3	0	0
3	54500001	0.95762	1.01254	3	0	0
3	55000001	0.979367	1.01254	3	0	0
3	55500001	0.989876	1.01254	3	0	0
3	56000001	1.04042	1.01254	3	0	0
3	56500001	1.03818	1.01254	3	0	0
3	57000001	0.980289	1.01254	3	0	0
3	57500001	1.01464	1.01254	3	0	0
3	58000001	1.06753	1.01254	3	0	0
3	58500001	1.06037	1.01254	3	0	0
3	59000001	1.03363	1.01254	3	0	0
3	59500001	1.04591	1.01254	3	0	0
3	60000001	1.00072	1.01254	3	0	0
3	60500001	0.991073	1.01254	3	0	0
3	61000001	1.03552	1.01254	3	0	0
3	61500001	1.00036	1.01254	3	0	0
3	62000001	0.961413	1.01254	3	0	0
3	62500001	1.02277	1.01254	3	0	0
3	63000001	1.01961	1.01254	3	0	0
3	63500001	1.05887	1.01254	3	0	0
3	64000001	1.04979	1.01254	3	0	0
3	64500001	1.01828	1.01254	3	0	0
3	65000001	0.987957	1.01254	3	0	0
3	65500001	1.00345	1.01254	3	0	0
3	66000001	1.02213	1.01254	3	0	0
3	66500001	1.00293	1.01254	3	0	0
3	67000001	0.990547	1.01254	3	0	0
3	67500001	1.00659	1.01254	3	0	0
3	68000001	1.02391	1.01254	3	0	0
3	68500001	1.01308	1.01254	3	0	0
3	69000001	1.01363	1.01254	3	0	0
3	69500001	1.03204	1.01254	3	0	0
3	70000001	1.05846	1.01254	3	0	0
3	70500001	0.970282	1.01254	3	0	0
3	71000001	0.921593	1.01254	3	0	0
3	71500001	0.982064	1.01254	3	0	0
3	72000001	0.98311	1.01254	3	0	0
3	72500001	0.958917	1.01254	3	0	0
3	73000001	0.990445	1.01254	3	0	0
3	73500001	1.01527	1.01254	3	0	0
3	74000001	0.971691	1.01254	3	0	0
3	74500001	0.999325	1.01254	3	0	0
3	75000001	0.973108	1.01254	3	0	0
3	75500001	1.16106	1.01254	3	0	0
3	76000001	1.02029	1.01254	3	0	0
3	76500001	0.97676	1.01254	3	0	0
3	77000001	0.976156	1.01254	3	0	0
3	77500001	1.03221	1.01254	3	0	0
3	78000001	0.985939	1.01254	3	0	0
3	78500001	0.964265	1.01254	3	0	0
3	79000001	1.03003	1.01254	3	0	0
3	79500001	1.022	1.01254	3	0	0
3	80000001	0.993913	1.01254	3	0	0
3	80500001	0.988941	1.01254	3	0	0
3	81000001	1.00945	1.01254	3	0	0
3	81500001	0.991219	1.01254	3	0	0
3	82000001	1.03528	1.01254	3	0	0
3	82500001	1.00164	1.01254	3	0	0
3	83000001	1.02003	1.01254	3	0	0
3	83500001	0.980524	1.01254	3	0	0
3	84000001	1.00034	1.01254	3	0	0
3	84500001	1.01703	1.01254	3	0	0
3	85000001	0.973881	1.01254	3	0	0
3	85500001	0.974964	1.01254	3	0	0
3	86000001	1.01181	1.01254	3	0	0
3	86500001	0.995792	1.01254	3	0	0
3	87000001	1.01482	1.01254	3	0	0
3	87500001	1.02006	1.01254	3	0	0
3	88000001	1.01254	1.01254	3	0	0
3	88500001	0.980269	1.01254	3	0	0
3	89000001	1.01091	1.01254	3	0	0
3	89500001	0.995551	1.01254	3	0	0
3	90000001	1.02436	1.01254	3	0	0
3	90500001	1.97782	1.97782	6	0	0
3	91000001	1.1013	1.19166	4	0	0
3	91500001	1.22352	1.19166	4	0	0
3	92000001	1.22111	1.19166	4	0	0
3	92500001	1.1622	1.19166	4	0	0
3	93000001	7.25348	7.25348	22	0	0
3	93500001	1.07202	1.02285	3	0	0
3	94000001	1.02074	1.02285	3	0	0
3	94500001	1.00402	1.02285	3	0	0
3	95000001	0.993872	1.02285	3	0	0
3	95500001	0.987639	1.02285	3	0	0
3	96000001	0.98356	1.02285	3	0	0
3	96500001	1.02488	1.02285	3	0	0
3	97000001	1.07301	1.02285	3	0	0
3	97500001	1.05255	1.02285	3	0	0
3	98000001	1.05262	1.02285	3	0	0
3	98500001	1.00725	1.02285	3	0	0
3	99000001	1.08951	1.02285	3	0	0
3	99500001	1.02906	1.02285	3	0	0
3	100000001	1.02705	1.02285	3	0	0
3	100500001	1.04817	1.02285	3	0	0
3	101000001	1.01011	1.02285	3	0	0
3	101500001	0.998205	1.02285	3	0	0
3	102000001	1.08376	1.02285	3	0	0
3	102500001	1.00967	1.02285	3	0	0
3	103000001	1.00008	1.02285	3	0	0
3	103500001	1.01602	1.02285	3	0	0
3	104000001	1.05008	1.02285	3	0	0
3	104500001	1.02481	1.02285	3	0	0
3	105000001	1.03329	1.02285	3	0	0
3	105500001	1.02071	1.02285	3	0	0
3	106000001	0.964689	1.02285	3	0	0
3	106500001	1.0209	1.02285	3	0	0
3	107000001	1.05503	1.02285	3	0	0
3	107500001	1.01827	1.02285	3	0	0
3	108000001	1.03026	1.02285	3	0	0
3	108500001	0.796806	0.796806	2	0	0
3	109000001	0.654149	0.681836	2	0	0
3	109500001	0.653078	0.681836	2	0	0
3	110000001	0.684699	0.681836	2	0	0
3	110500001	0.688786	0.681836	2	0	0
3	111000001	0.692047	0.681836	2	0	0
3	111500001	0.714686	0.681836	2	0	0
3	112000001	0.700653	0.681836	2	0	0
3	112500001	0.697647	0.681836	2	0	0
3	113000001	0.688823	0.681836	2	0	0
3	113500001	0.705113	0.681836	2	0	0
3	114000001	0.681936	0.681836	2	0	0
3	114500001	0.663855	0.681836	2	0	0
3	115000001	0.690404	0.681836	2	0	0
3	115500001	0.687792	0.681836	2	0	0
3	116000001	0.676514	0.681836	2	0	0
3	116500001	0.684545	0.681836	2	0	0
3	117000001	0.63298	0.681836	2	0	0
3	117500001	0.657744	0.681836	2	0	0
3	118000001	0.670961	0.681836	2	0	0
3	118500001	0.693324	0.681836	2	0	0
3	119000001	0.654474	0.681836	2	0	0
3	119500001	0.679056	0.681836	2	0	0
3	120000001	0.676734	0.681836	2	0	0
3	120500001	0.699429	0.681836	2	0	0
3	121000001	0.692218	0.681836	2	0	0
3	121500001	0.672707	0.681836	2	0	0
3	122000001	0.686804	0.681836	2	0	0
3	122500001	0.702606	0.681836	2	0	0
3	123000001	0.678132	0.681836	2	0	0
3	123500001	0.681409	0.681836	2	0	0
3	124000001	0.704436	0.681836	2	0	0
3	124500001	0.665936	0.681836	2	0	0
3	125000001	0.661441	0.681836	2	0	0
3	125500001	0.678716	0.681836	2	0	0
3	126000001	0.700108	0.681836	2	0	0
3	126500001	0.659717	0.681836	2	0	0
3	127000001	0.673775	0.681836	2	0	0
3	127500001	0.681354	0.681836	2	0	0
3	128000001	0.699624	0.681836	2	0	0
3	128500001	0.650196	0.681836	2	0	0
3	129000001	0.671278	0.681836	2	0	0
3	129500001	0.688079	0.681836	2	0	0
3	130000001	0.704062	0.681836	2	0	0
3	130500001	0.687167	0.681836	2	0	0
3	131000001	0.669851	0.681836	2	0	0
3	131500001	0.6831	0.681836	2	0	0
3	132000001	0.673081	0.681836	2	0	0
3	132500001	0.697466	0.681836	2	0	0
3	133000001	0.694254	0.681836	2	0	0
3	133500001	0.668252	0.681836	2	0	0
3	134000001	0.698845	0.681836	2	0	0
3	134500001	0.695953	0.681836	2	0	0
3	135000001	0.652871	0.681836	2	0	0
3	135500001	0.698133	0.681836	2	0	0
3	136000001	0.653611	0.681836	2	0	0
3	136500001	0.661998	0.681836	2	0	0
3	137000001	0.681327	0.681836	2	0	0
3	137500001	0.675881	0.681836	2	0	0
3	138000001	0.693499	0.681836	2	0	0
3	138500001	0.65429	0.681836	2	0	0
3	139000001	0.697136	0.681836	2	0	0
3	139500001	0.689372	0.681836	2	0	0
3	140000001	0.665418	0.681836	2	0	0
3	140500001	0.660472	0.681836	2	0	0
3	141000001	0.706997	0.681836	2	0	0
3	141500001	0.659106	0.681836	2	0	0
3	142000001	0.671968	0.681836	2	0	0
3	142500001	0.671177	0.681836	2	0	0
3	143000001	0.681487	0.681836	2	0	0
3	143500001	0.681836	0.681836	2	0	0
3	144000001	0.651033	0.681836	2	0	0
3	144500001	0.623281	0.681836	2	0	0
3	145000001	0.666911	0.681836	2	0	0
3	145500001	0.682183	0.681836	2	0	0
3	146000001	0.710994	0.681836	2	0	0
3	146500001	0.695725	0.681836	2	0	0
3	147000001	0.627946	0.681836	2	0	0
3	147500001	0.679429	0.681836	2	0	0
3	148000001	0.687474	0.681836	2	0	0
3	148500001	0.660139	0.681836	2	0	0
3	149000001	0.682521	0.681836	2	0	0
3	149500001	0.704641	0.681836	2	0	0
3	150000001	0.718871	0.681836	2	0	0
3	150500001	0.690058	0.681836	2	0	0
3	151000001	0.70111	0.681836	2	0	0
3	151500001	0.669457	0.681836	2	0	0
3	152000001	0.670375	0.681836	2	0	0
3	152500001	0.678965	0.681836	2	0	0
3	153000001	0.657457	0.681836	2	0	0
3	153500001	0.674637	0.681836	2	0	0
3	154000001	0.683843	0.681836	2	0	0
3	154500001	0.658681	0.681836	2	0	0
3	155000001	0.692682	0.681836	2	0	0
3	155500001	0.639008	0.681836	2	0	0
3	156000001	0.682195	0.681836	2	0	0
3	156500001	0.684322	0.681836	2	0	0
3	157000001	0.732189	0.681836	2	0	0
3	157500001	0.695846	0.681836	2	0	0
3	158000001	0.661489	0.681836	2	0	0
3	158500001	0.682316	0.681836	2	0	0
3	159000001	0.709564	0.681836	2	0	0
3	159500001	0.705911	0.681836	2	0	0
3	160000001	0.67502	0.681836	2	0	0
3	160500001	0.666697	0.681836	2	0	0
3	161000001	0.645407	0.681836	2	0	0
3	161500001	0.690003	0.681836	2	0	0
3	162000001	0.728961	0.681836	2	0	0
3	162500001	0.994559	1.00375	3	0	0
3	163000001	0.97761	1.00375	3	0	0
3	163500001	0.993129	1.00375	3	0	0
3	164000001	0.971797	1.00375	3	0	0
3	164500001	1.017	1.00375	3	0	0
3	165000001	0.978596	1.00375	3	0	0
3	165500001	0.963772	1.00375	3	0	0
3	166000001	0.971341	1.00375	3	0	0
3	166500001	1.00872	1.00375	3	0	0
3	167000001	0.99024	1.00375	3	0	0
3	167500001	1.02978	1.00375	3	0	0
3	168000001	1.00614	1.00375	3	0	0
3	168500001	1.03627	1.00375	3	0	0
3	169000001	0.992115	1.00375	3	0	0
3	169500001	1.02776	1.00375	3	0	0
3	170000001	0.99067	1.00375	3	0	0
3	170500001	1.07024	1.00375	3	0	0
3	171000001	1.06213	1.00375	3	0	0
3	171500001	0.993133	1.00375	3	0	0
3	172000001	0.99337	1.00375	3	0	0
3	172500001	1.05639	1.00375	3	0	0
3	173000001	1.03233	1.00375	3	0	0
3	173500001	1.02815	1.00375	3	0	0
3	174000001	1.01393	1.00375	3	0	0
3	174500001	1.00375	1.00375	3	0	0
3	175000001	0.982394	1.00375	3	0	0
3	175500001	1.0075	1.00375	3	0	0
3	176000001	0.965134	1.00375	3	0	0
3	176500001	1.0117	1.00375	3	0	0
3	177000001	0.961	1.00375	3	0	0
3	177500001	1.02218	1.00375	3	0	0
3	178000001	1.02339	1.00375	3	0	0
3	178500001	1.01096	1.00375	3	0	0
3	179000001	0.971307	1.00375	3	0	0
3	179500001	1.0152	1.00375	3	0	0
3	180000001	1.01425	1.00375	3	0	0
3	180500001	1.00365	1.00375	3	0	0
3	181000001	0.989024	1.00375	3	0	0
3	181500001	0.965091	1.00375	3	0	0
3	182000001	0.990715	1.00375	3	0	0
3	182500001	1.01251	1.00375	3	0	0
3	183000001	1.01976	1.00375	3	0	0
3	183500001	0.963539	1.00375	3	0	0
3	184000001	0.967859	1.00375	3	0	0
3	184500001	0.991696	1.00375	3	0	0
3	185000001	0.992569	1.00375	3	0	0
3	185500001	0.988944	1.00375	3	0	0
3	186000001	1.02448	1.00375	3	0	0
3	186500001	0.964698	1.00375	3	0	0
3	187000001	0.980763	1.00375	3	0	0
3	187500001	1.01591	1.00375	3	0	0
3	188000001	0.973748	1.00375	3	0	0
3	188500001	1.00786	1.00375	3	0	0
3	189000001	1.02061	1.00375	3	0	0
3	189500001	1.0362	1.00375	3	0	0
3	190000001	1.00998	1.00375	3	0	0
3	190500001	0.970942	1.00375	3	0	0
3	191000001	0.970753	1.00375	3	0	0
3	191500001	1.00924	1.00375	3	0	0
3	192000001	1.01329	1.00375	3	0	0
3	192500001	1.03137	1.00375	3	0	0
3	193000001	1.05194	1.00375	3	0	0
3	193500001	1.00246	1.00375	3	0	0
3	194000001	1.02187	1.00375	3	0	0
3	194500001	1.00605	1.00375	3	0	0
3	195000001	1.00279	1.00375	3	0	0
3	195500001	1.09447	1.00375	3	0	0
3	196000001	0.97068	1.00375	3	0	0
3	196500001	0.996452	1.00375	3	0	0
3	197000001	1.03709	1.00375	3	0	0
3	197500001	0.994906	1.00375	3	0	0
3	198000001	-1	-1	-1	0	0
4	1	1.07739	1.00225	3	0	0
4	500001	0.98501	1.00225	3	0	0
4	1000001	1.01239	1.00225	3	0	0
4	1500001	1.0314	1.00225	3	0	0
4	2000001	1.00811	1.00225	3	0	0
4	2500001	0.984786	1.00225	3	0	0
4	3000001	1.00807	1.00225	3	0	0
4	3500001	1.03419	1.00225	3	0	0
4	4000001	0.95834	1.00225	3	0	0
4	4500001	1.00665	1.00225	3	0	0
4	5000001	0.964554	1.00225	3	0	0
4	5500001	0.998563	1.00225	3	0	0
4	6000001	0.99755	1.00225	3	0	0
4	6500001	1.0305	1.00225	3	0	0
4	7000001	1.03432	1.00225	3	0	0
4	7500001	1.01989	1.00225	3	0	0
4	8000001	1.03453	1.00225	3	0	0
4	8500001	1.04097	1.00225	3	0	0
4	9000001	0.990857	1.00225	3	0	0
4	9500001	0.986175	1.00225	3	0	0
4	10000001	1.00884	1.00225	3	0	0
4	10500001	0.944551	1.00225	3	0	0
4	11000001	1.02778	1.00225	3	0	0
4	11500001	1.03655	1.00225	3	0	0
4	12000001	0.99666	1.00225	3	0	0
4	12500001	1.00852	1.00225	3	0	0
4	13000001	1.01844	1.00225	3	0	0
4	13500001	1.03498	1.00225	3	0	0
4	14000001	1.03994	1.00225	3	0	0
4	14500001	0.963067	1.00225	3	0	0
4	15000001	1.02184	1.00225	3	0	0
4	15500001	0.986432	1.00225	3	0	0
4	16000001	1.00417	1.00225	3	0	0
4	16500001	1.01752	1.00225	3	0	0
4	17000001	0.981816	1.00225	3	0	0
4	17500001	0.951639	1.00225	3	0	0
4	18000001	0.993625	1.00225	3	0	0
4	18500001	1.02887	1.00225	3	0	0
4	19000001	0.98584	1.00225	3	0	0
4	19500001	0.988289	1.00225	3	0	0
4	20000001	1.01641	1.00225	3	0	0
4	20500001	1.0333	1.00225	3	0	0
4	21000001	0.970834	1.00225	3	0	0
4	21500001	1.02383	1.00225	3	0	0
4	22000001	1.01839	1.00225	3	0	0
4	22500001	0.994103	1.00225	3	0	0
4	23000001	1.00438	1.00225	3	0	0
4	23500001	0.985345	1.00225	3	0	0
4	24000001	0.983488	1.00225	3	0	0
4	24500001	1.01109	1.00225	3	0	0
4	25000001	0.950226	1.00225	3	0	0
4	25500001	1.01213	1.00225	3	0	0
4	26000001	0.998251	1.00225	3	0	0
4	26500001	1.06137	1.00225	3	0	0
4	27000001	0.977935	1.00225	3	0	0
4	27500001	0.974949	1.00225	3	0	0
4	28000001	0.964019	1.00225	3	0	0
4	28500001	0.988698	1.00225	3	0	0
4	29000001	0.993828	1.00225	3	0	0
4	29500001	1.00722	1.00225	3	0	0
4	30000001	1.01597	1.00225	3	0	0
4	30500001	0.988653	1.00225	3	0	0
4	31000001	0.973736	1.00225	3	0	0
4	31500001	0.933539	1.00225	3	0	0
4	32000001	0.990718	1.00225	3	0	0
4	32500001	1.02521	1.00225	3	0	0
4	33000001	0.995401	1.00225	3	0	0
4	33500001	0.978914	1.00225	3	0	0
4	34000001	1.03694	1.00225	3	0	0
4	34500001	0.94142	1.00225	3	0	0
4	35000001	1.01226	1.00225	3	0	0
4	35500001	1.01979	1.00225	3	0	0
4	36000001	1.0261	1.00225	3	0	0
4	36500001	0.988511	1.00225	3	0	0
4	37000001	1.0173	1.00225	3	0	0
4	37500001	1.0069	1.00225	3	0	0
4	38000001	1.04658	1.00225	3	0	0
4	38500001	1.00347	1.00225	3	0	0
4	39000001	0.998077	1.00225	3	0	0
4	39500001	0.959545	1.00225	3	0	0
4	40000001	0.938133	1.00225	3	0	0
4	40500001	1.00635	1.00225	3	0	0
4	41000001	1.01249	1.00225	3	0	0
4	41500001	1.00104	1.00225	3	0	0
4	42000001	0.969414	1.00225	3	0	0
4	42500001	0.998893	1.00225	3	0	0
4	43000001	0.994108	1.00225	3	0	0
4	43500001	0.984961	1.00225	3	0	0
4	44000001	0.999473	1.00225	3	0	0
4	44500001	1.03649	1.00225	3	0	0
4	45000001	0.987344	1.00225	3	0	0
4	45500001	1.0096	1.00225	3	0	0
4	46000001	0.98834	1.00225	3	0	0
4	46500001	0.984292	1.00225	3	0	0
4	47000001	1.01014	1.00225	3	0	0
4	47500001	1.01277	1.00225	3	0	0
4	48000001	1.03634	1.00225	3	0	0
4	48500001	0.965717	1.00225	3	0	0
4	49000001	-1	-1	-1	0	0
4	49500001	2.71241	2.71241	8	0	0
4	50000001	1.64091	1.64091	5	0	0
4	50500001	1.32441	1.32441	4	0	0
4	51000001	1.10787	0.985385	3	0	0
4	51500001	1.00713	0.985385	3	0	0
4	52000001	1.03732	0.985385	3	0	0
4	52500001	0.969443	0.985385	3	0	0
4	53000001	0.960884	0.985385	3	0	0
4	53500001	1.00337	0.985385	3	0	0
4	54000001	0.989379	0.985385	3	0	0
4	54500001	1.0143	0.985385	3	0	0
4	55000001	0.951902	0.985385	3	0	0
4	55500001	0.972899	0.985385	3	0	0
4	56000001	0.9733	0.985385	3	0	0
4	56500001	0.96134	0.985385	3	0	0
4	57000001	1.07712	0.985385	3	0	0
4	57500001	0.986252	0.985385	3	0	0
4	58000001	0.967241	0.985385	3	0	0
4	58500001	0.996819	0.985385	3	0	0
4	59000001	1.01516	0.985385	3	0	0
4	59500001	0.983056	0.985385	3	0	0
4	60000001	0.990382	0.985385	3	0	0
4	60500001	1.01679	0.985385	3	0	0
4	61000001	0.9423	0.985385	3	0	0
4	61500001	0.979142	0.985385	3	0	0
4	62000001	1.01299	0.985385	3	0	0
4	62500001	0.990951	0.985385	3	0	0
4	63000001	0.97579	0.985385	3	0	0
4	63500001	1.01228	0.985385	3	0	0
4	64000001	0.981259	0.985385	3	0	0
4	64500001	1.02778	0.985385	3	0	0
4	65000001	0.983548	0.985385	3	0	0
4	65500001	1.00424	0.985385	3	0	0
4	66000001	1.01221	0.985385	3	0	0
4	66500001	1.00236	0.985385	3	0	0
4	67000001	0.981018	0.985385	3	0	0
4	67500001	0.988916	0.985385	3	0	0
4	68000001	0.993131	0.985385	3	0	0
4	68500001	0.828161	0.985385	3	0	0
4	69000001	0.979112	0.985385	3	0	0
4	69500001	1.00699	0.985385	3	0	0
4	70000001	1.00183	0.985385	3	0	0
4	70500001	0.921058	0.985385	3	0	0
4	71000001	0.977678	0.985385	3	0	0
4	71500001	0.972778	0.985385	3	0	0
4	72000001	1.00631	0.985385	3	0	0
4	72500001	0.948214	0.985385	3	0	0
4	73000001	0.964955	0.985385	3	0	0
4	73500001	1.02649	0.985385	3	0	0
4	74000001	1.01901	0.985385	3	0	0
4	74500001	1.06235	0.985385	3	0	0
4	75000001	0.986681	0.985385	3	0	0
4	75500001	0.964899	0.985385	3	0	0
4	76000001	1.0278	0.985385	3	0	0
4	76500001	1.0415	0.985385	3	0	0
4	77000001	1.04025	0.985385	3	0	0
4	77500001	1.00441	0.985385	3	0	0
4	78000001	1.02786	0.985385	3	0	0
4	78500001	1.01576	0.985385	3	0	0
4	79000001	1.02107	0.985385	3	0	0
4	79500001	1.0252	0.985385	3	0	0
4	80000001	0.97157	0.985385	3	0	0
4	80500001	0.982174	0.985385	3	0	0
4	81000001	0.967052	0.985385	3	0	0
4	81500001	1.01293	0.985385	3	0	0
4	82000001	1.00296	0.985385	3	0	0
4	82500001	0.97487	0.985385	3	0	0
4	83000001	0.948213	0.985385	3	0	0
4	83500001	1.01013	0.985385	3	0	0
4	84000001	1.05438	0.985385	3	0	0
4	84500001	0.970774	0.985385	3	0	0
4	85000001	0.990231	0.985385	3	0	0
4	85500001	0.933894	0.985385	3	0	0
4	86000001	1.01989	0.985385	3	0	0
4	86500001	0.973816	0.985385	3	0	0
4	87000001	0.957566	0.985385	3	0	0
4	87500001	0.999448	0.985385	3	0	0
4	88000001	0.963445	0.985385	3	0	0
4	88500001	0.999171	0.985385	3	0	0
4	89000001	0.986131	0.985385	3	0	0
4	89500001	0.960068	0.985385	3	0	0
4	90000001	1.01242	0.985385	3	0	0
4	90500001	0.932786	0.985385	3	0	0
4	91000001	0.977725	0.985385	3	0	0
4	91500001	0.987668	0.985385	3	0	0
4	92000001	0.971503	0.985385	3	0	0
4	92500001	0.997383	0.985385	3	0	0
4	93000001	1.00591	0.985385	3	0	0
4	93500001	0.986358	0.985385	3	0	0
4	94000001	0.969015	0.985385	3	0	0
4	94500001	0.958114	0.985385	3	0	0
4	95000001	0.98554	0.985385	3	0	0
4	95500001	0.9728	0.985385	3	0	0
4	96000001	0.987416	0.985385	3	0	0
4	96500001	0.985789	0.985385	3	0	0
4	97000001	0.98416	0.985385	3	0	0
4	97500001	0.980127	0.985385	3	0	0
4	98000001	0.975396	0.985385	3	0	0
4	98500001	0.97097	0.985385	3	0	0
4	99000001	0.999329	0.985385	3	0	0
4	99500001	0.9616	0.985385	3	0	0
4	100000001	0.962447	0.985385	3	0	0
4	100500001	0.939328	0.985385	3	0	0
4	101000001	1.01677	0.985385	3	0	0
4	101500001	1.0183	0.985385	3	0	0
4	102000001	0.977982	0.985385	3	0	0
4	102500001	0.986903	0.985385	3	0	0
4	103000001	0.980689	0.985385	3	0	0
4	103500001	0.982022	0.985385	3	0	0
4	104000001	0.976092	0.985385	3	0	0
4	104500001	0.979811	0.985385	3	0	0
4	105000001	0.950368	0.985385	3	0	0
4	105500001	0.983912	0.985385	3	0	0
4	106000001	1.00705	0.985385	3	0	0
4	106500001	0.955718	0.985385	3	0	0
4	107000001	0.947186	0.985385	3	0	0
4	107500001	1.02458	0.985385	3	0	0
4	108000001	0.969228	0.985385	3	0	0
4	108500001	0.944877	0.985385	3	0	0
4	109000001	0.95892	0.985385	3	0	0
4	109500001	1.01267	0.985385	3	0	0
4	110000001	0.967426	0.985385	3	0	0
4	110500001	0.982835	0.985385	3	0	0
4	111000001	1.0373	0.985385	3	0	0
4	111500001	1.01655	0.985385	3	0	0
4	112000001	1.03311	0.985385	3	0	0
4	112500001	0.943596	0.985385	3	0	0
4	113000001	1.04736	0.985385	3	0	0
4	113500001	0.995644	0.985385	3	0	0
4	114000001	1.00284	0.985385	3	0	0
4	114500001	0.976044	0.985385	3	0	0
4	115000001	0.972182	0.985385	3	0	0
4	115500001	0.993797	0.985385	3	0	0
4	116000001	0.98523	0.985385	3	0	0
4	116500001	1.01488	0.985385	3	0	0
4	117000001	1.01969	0.985385	3	0	0
4	117500001	1.04023	0.985385	3	0	0
4	118000001	1.03313	0.985385	3	0	0
4	118500001	0.983653	0.985385	3	0	0
4	119000001	0.98308	0.985385	3	0	0
4	119500001	0.954581	0.985385	3	0	0
4	120000001	0.9781	0.985385	3	0	0
4	120500001	0.981346	0.985385	3	0	0
4	121000001	1.00345	0.985385	3	0	0
4	121500001	1.03713	0.985385	3	0	0
4	122000001	1.05398	0.985385	3	0	0
4	122500001	0.995379	0.985385	3	0	0
4	123000001	0.983376	0.985385	3	0	0
4	123500001	1.01219	0.985385	3	0	0
4	124000001	1.04175	0.985385	3	0	0
4	124500001	1.00857	0.985385	3	0	0
4	125000001	0.96174	0.985385	3	0	0
4	125500001	0.993032	0.985385	3	0	0
4	126000001	0.994356	0.985385	3	0	0
4	126500001	1.00572	0.985385	3	0	0
4	127000001	1.01102	0.985385	3	0	0
4	127500001	0.994151	0.985385	3	0	0
4	128000001	0.99876	0.985385	3	0	0
4	128500001	0.984951	0.985385	3	0	0
4	129000001	1.01824	0.985385	3	0	0
4	129500001	1.00714	0.985385	3	0	0
4	130000001	0.996925	0.985385	3	0	0
4	130500001	0.945696	0.985385	3	0	0
4	131000001	0.971041	0.985385	3	0	0
4	131500001	0.952812	0.985385	3	0	0
4	132000001	0.965137	0.985385	3	0	0
4	132500001	0.968083	0.985385	3	0	0
4	133000001	0.990634	0.985385	3	0	0
4	133500001	0.962608	0.985385	3	0	0
4	134000001	0.982851	0.985385	3	0	0
4	134500001	1.02145	0.985385	3	0	0
4	135000001	1.01042	0.985385	3	0	0
4	135500001	0.982454	0.985385	3	0	0
4	136000001	0.956314	0.985385	3	0	0
4	136500001	0.947306	0.985385	3	0	0
4	137000001	0.941582	0.985385	3	0	0
4	137500001	0.992902	0.985385	3	0	0
4	138000001	1.009	0.985385	3	0	0
4	138500001	0.995937	0.985385	3	0	0
4	139000001	0.941487	0.985385	3	0	0
4	139500001	0.966558	0.985385	3	0	0
4	140000001	0.92588	0.985385	3	0	0
4	140500001	0.974562	0.985385	3	0	0
4	141000001	1.02405	0.985385	3	0	0
4	141500001	1.00633	0.985385	3	0	0
4	142000001	0.990646	0.985385	3	0	0
4	142500001	1.01514	0.985385	3	0	0
4	143000001	0.986954	0.985385	3	0	0
4	143500001	1.00208	0.985385	3	0	0
4	144000001	0.973867	0.985385	3	0	0
4	144500001	1.01173	0.985385	3	0	0
4	145000001	0.93478	0.985385	3	0	0
4	145500001	0.948063	0.985385	3	0	0
4	146000001	0.966814	0.985385	3	0	0
4	146500001	0.958048	0.985385	3	0	0
4	147000001	1.01133	0.985385	3	0	0
4	147500001	0.95025	0.985385	3	0	0
4	148000001	0.967133	0.985385	3	0	0
4	148500001	0.994627	0.985385	3	0	0
4	149000001	0.990087	0.985385	3	0	0
4	149500001	0.989821	0.985385	3	0	0
4	150000001	0.953129	0.985385	3	0	0
4	150500001	0.991055	0.985385	3	0	0
4	151000001	0.947135	0.985385	3	0	0
4	151500001	0.987955	0.985385	3	0	0
4	152000001	0.988209	0.985385	3	0	0
4	152500001	0.976697	0.985385	3	0	0
4	153000001	0.997838	0.985385	3	0	0
4	153500001	0.965827	0.985385	3	0	0
4	154000001	0.944177	0.985385	3	0	0
4	154500001	1.01649	0.985385	3	0	0
4	155000001	0.964748	0.985385	3	0	0
4	155500001	0.984559	0.985385	3	0	0
4	156000001	1.01652	0.985385	3	0	0
4	156500001	1.00754	0.985385	3	0	0
4	157000001	1.00844	0.985385	3	0	0
4	157500001	1.02358	0.985385	3	0	0
4	158000001	1.01396	0.985385	3	0	0
4	158500001	0.955027	0.985385	3	0	0
4	159000001	0.971512	0.985385	3	0	0
4	159500001	1.05796	0.985385	3	0	0
4	160000001	0.964544	0.985385	3	0	0
4	160500001	0.940086	0.985385	3	0	0
4	161000001	0.964565	0.985385	3	0	0
4	161500001	0.975279	0.985385	3	0	0
4	162000001	0.952401	0.985385	3	0	0
4	162500001	0.939052	0.985385	3	0	0
4	163000001	0.967154	0.985385	3	0	0
4	163500001	0.983426	0.985385	3	0	0
4	164000001	0.944211	0.985385	3	0	0
4	164500001	0.938388	0.985385	3	0	0
4	165000001	0.950189	0.985385	3	0	0
4	165500001	1.00664	0.985385	3	0	0
4	166000001	0.993201	0.985385	3	0	0
4	166500001	0.962192	0.985385	3	0	0
4	167000001	1.01717	0.985385	3	0	0
4	167500001	0.965686	0.985385	3	0	0
4	168000001	1.04182	0.985385	3	0	0
4	168500001	0.999825	0.985385	3	0	0
4	169000001	1.0027	0.985385	3	0	0
4	169500001	0.969831	0.985385	3	0	0
4	170000001	0.96757	0.985385	3	0	0
4	170500001	0.948614	0.985385	3	0	0
4	171000001	0.957243	0.985385	3	0	0
4	171500001	0.974979	0.985385	3	0	0
4	172000001	0.949991	0.985385	3	0	0
4	172500001	0.988358	0.985385	3	0	0
4	173000001	0.982179	0.985385	3	0	0
4	173500001	1.00868	0.985385	3	0	0
4	174000001	0.984698	0.985385	3	0	0
4	174500001	1.00198	0.985385	3	0	0
4	175000001	0.996457	0.985385	3	0	0
4	175500001	0.979492	0.985385	3	0	0
4	176000001	1.01168	0.985385	3	0	0
4	176500001	0.980657	0.985385	3	0	0
4	177000001	0.96751	0.966936	3	0	0
4	177500001	0.967241	0.966936	3	0	0
4	178000001	0.97204	0.966936	3	0	0
4	178500001	0.934921	0.966936	3	0	0
4	179000001	0.949168	0.966936	3	0	0
4	179500001	0.974131	0.966936	3	0	0
4	180000001	0.977688	0.966936	3	0	0
4	180500001	0.977997	0.966936	3	0	0
4	181000001	0.980604	0.966936	3	0	0
4	181500001	0.936635	0.966936	3	0	0
4	182000001	0.903844	0.966936	3	0	0
4	182500001	0.977889	0.966936	3	0	0
4	183000001	0.978121	0.966936	3	0	0
4	183500001	0.941209	0.966936	3	0	0
4	184000001	0.970561	0.966936	3	0	0
4	184500001	0.971897	0.966936	3	0	0
4	185000001	0.96663	0.966936	3	0	0
4	185500001	0.992173	0.966936	3	0	0
4	186000001	0.941346	0.966936	3	0	0
4	186500001	0.948973	0.966936	3	0	0
4	187000001	0.943552	0.966936	3	0	0
4	187500001	0.923485	0.966936	3	0	0
4	188000001	0.880802	0.966936	3	0	0
4	188500001	0.968074	0.966936	3	0	0
4	189000001	0.922006	0.966936	3	0	0
4	189500001	0.956757	0.966936	3	0	0
4	190000001	-1	-1	-1	0	0
5	1	1.37407	1.28909	4	0	0
5	500001	1.31324	1.28909	4	0	0
5	1000001	1.32833	1.28909	4	0	0
5	1500001	1.30419	1.28909	4	0	0
5	2000001	1.30201	1.28909	4	0	0
5	2500001	1.24122	1.28909	4	0	0
5	3000001	1.22945	1.28909	4	0	0
5	3500001	1.2448	1.28909	4	0	0
5	4000001	1.26906	1.28909	4	0	0
5	4500001	1.26218	1.28909	4	0	0
5	5000001	1.25429	1.28909	4	0	0
5	5500001	1.3175	1.28909	4	0	0
5	6000001	1.25397	1.28909	4	0	0
5	6500001	1.28501	1.28909	4	0	0
5	7000001	1.27149	1.28909	4	0	0
5	7500001	1.28166	1.28909	4	0	0
5	8000001	1.22365	1.28909	4	0	0
5	8500001	1.28177	1.28909	4	0	0
5	9000001	1.27857	1.28909	4	0	0
5	9500001	1.31345	1.28909	4	0	0
5	10000001	1.32027	1.28909	4	0	0
5	10500001	1.33306	1.28909	4	0	0
5	11000001	1.32827	1.28909	4	0	0
5	11500001	1.26695	1.28909	4	0	0
5	12000001	1.30626	1.28909	4	0	0
5	12500001	1.29277	1.28909	4	0	0
5	13000001	1.37913	1.28909	4	0	0
5	13500001	1.33072	1.28909	4	0	0
5	14000001	1.34293	1.28909	4	0	0
5	14500001	1.28909	1.28909	4	0	0
5	15000001	1.35008	1.28909	4	0	0
5	15500001	1.2857	1.28909	4	0	0
5	16000001	1.35832	1.28909	4	0	0
5	16500001	1.27981	1.28909	4	0	0
5	17000001	1.28053	1.28909	4	0	0
5	17500001	1.74238	1.74238	5	0	0
5	18000001	1.30588	1.30969	4	0	0
5	18500001	1.29069	1.30969	4	0	0
5	19000001	1.27524	1.30969	4	0	0
5	19500001	1.26683	1.30969	4	0	0
5	20000001	1.26598	1.30969	4	0	0
5	20500001	1.23545	1.30969	4	0	0
5	21000001	1.37572	1.30969	4	0	0
5	21500001	1.27623	1.30969	4	0	0
5	22000001	1.29606	1.30969	4	0	0
5	22500001	1.28014	1.30969	4	0	0
5	23000001	1.27849	1.30969	4	0	0
5	23500001	1.25854	1.30969	4	0	0
5	24000001	1.33797	1.30969	4	0	0
5	24500001	1.3039	1.30969	4	0	0
5	25000001	1.30492	1.30969	4	0	0
5	25500001	1.31776	1.30969	4	0	0
5	26000001	1.2677	1.30969	4	0	0
5	26500001	1.3204	1.30969	4	0	0
5	27000001	1.27644	1.30969	4	0	0
5	27500001	1.28096	1.30969	4	0	0
5	28000001	1.32391	1.30969	4	0	0
5	28500001	1.33372	1.30969	4	0	0
5	29000001	1.32626	1.30969	4	0	0
5	29500001	1.27275	1.30969	4	0	0
5	30000001	1.32615	1.30969	4	0	0
5	30500001	1.28672	1.30969	4	0	0
5	31000001	1.3361	1.30969	4	0	0
5	31500001	1.28221	1.30969	4	0	0
5	32000001	1.29334	1.30969	4	0	0
5	32500001	1.30871	1.30969	4	0	0
5	33000001	1.30969	1.30969	4	0	0
5	33500001	1.35629	1.30969	4	0	0
5	34000001	1.45725	1.30969	4	0	0
5	34500001	1.30834	1.30969	4	0	0
5	35000001	1.34141	1.30969	4	0	0
5	35500001	1.34718	1.30969	4	0	0
5	36000001	1.37355	1.30969	4	0	0
5	36500001	1.35799	1.30969	4	0	0
5	37000001	1.2849	1.30969	4	0	0
5	37500001	1.34978	1.30969	4	0	0
5	38000001	1.34492	1.30969	4	0	0
5	38500001	1.25664	1.30969	4	0	0
5	39000001	1.35104	1.30969	4	0	0
5	39500001	1.32635	1.30969	4	0	0
5	40000001	1.31385	1.30969	4	0	0
5	40500001	1.32918	1.30969	4	0	0
5	41000001	1.34569	1.30969	4	0	0
5	41500001	1.29289	1.30969	4	0	0
5	42000001	1.31527	1.30969	4	0	0
5	42500001	1.34901	1.30969	4	0	0
5	43000001	1.28323	1.30969	4	0	0
5	43500001	1.36432	1.30969	4	0	0
5	44000001	1.33428	1.30969	4	0	0
5	44500001	1.02284	1.01381	3	0	0
5	45000001	0.980016	1.01381	3	0	0
5	45500001	1.00563	1.01381	3	0	0
5	46000001	1.022	1.01381	3	0	0
5	46500001	0.487029	0.487029	1	0	0
5	47000001	1.03886	1.03886	3	0	0
5	47500001	1.36327	1.35397	4	0	0
5	48000001	1.34467	1.35397	4	0	0
5	48500001	1.65067	1.65067	5	0	0
5	49000001	2.46045	2.46045	7	0	0
5	49500001	6.01068	6.01068	18	0	0
5	50000001	0.871666	0.674728	2	0	0
5	50500001	0.668749	0.674728	2	0	0
5	51000001	0.678742	0.674728	2	0	0
5	51500001	0.685396	0.674728	2	0	0
5	52000001	0.686249	0.674728	2	0	0
5	52500001	0.72207	0.674728	2	0	0
5	53000001	0.710693	0.674728	2	0	0
5	53500001	0.670607	0.674728	2	0	0
5	54000001	0.678691	0.674728	2	0	0
5	54500001	0.662795	0.674728	2	0	0
5	55000001	0.680393	0.674728	2	0	0
5	55500001	0.659596	0.674728	2	0	0
5	56000001	0.636532	0.674728	2	0	0
5	56500001	0.653435	0.674728	2	0	0
5	57000001	0.677456	0.674728	2	0	0
5	57500001	0.681021	0.674728	2	0	0
5	58000001	0.699822	0.674728	2	0	0
5	58500001	0.694449	0.674728	2	0	0
5	59000001	0.673017	0.674728	2	0	0
5	59500001	0.668821	0.674728	2	0	0
5	60000001	0.691846	0.674728	2	0	0
5	60500001	0.661532	0.674728	2	0	0
5	61000001	0.68151	0.674728	2	0	0
5	61500001	0.668236	0.674728	2	0	0
5	62000001	0.674857	0.674728	2	0	0
5	62500001	0.67245	0.674728	2	0	0
5	63000001	0.671294	0.674728	2	0	0
5	63500001	0.695851	0.674728	2	0	0
5	64000001	0.673604	0.674728	2	0	0
5	64500001	0.670593	0.674728	2	0	0
5	65000001	0.672611	0.674728	2	0	0
5	65500001	0.691216	0.674728	2	0	0
5	66000001	0.713731	0.674728	2	0	0
5	66500001	0.66047	0.674728	2	0	0
5	67000001	0.679126	0.674728	2	0	0
5	67500001	0.692314	0.674728	2	0	0
5	68000001	0.658441	0.674728	2	0	0
5	68500001	0.719955	0.674728	2	0	0
5	69000001	0.661749	0.674728	2	0	0
5	69500001	0.59553	0.674728	2	0	0
5	70000001	0.601016	0.674728	2	0	0
5	70500001	0.645358	0.674728	2	0	0
5	71000001	0.671215	0.674728	2	0	0
5	71500001	0.663563	0.674728	2	0	0
5	72000001	0.671037	0.674728	2	0	0
5	72500001	0.704664	0.674728	2	0	0
5	73000001	0.690274	0.674728	2	0	0
5	73500001	0.699003	0.674728	2	0	0
5	74000001	0.722892	0.674728	2	0	0
5	74500001	0.66294	0.674728	2	0	0
5	75000001	0.655825	0.674728	2	0	0
5	75500001	0.69296	0.674728	2	0	0
5	76000001	0.639855	0.674728	2	0	0
5	76500001	0.688665	0.674728	2	0	0
5	77000001	0.676234	0.674728	2	0	0
5	77500001	0.666773	0.674728	2	0	0
5	78000001	0.689151	0.674728	2	0	0
5	78500001	0.674859	0.674728	2	0	0
5	79000001	0.656072	0.674728	2	0	0
5	79500001	0.648159	0.674728	2	0	0
5	80000001	0.644845	0.674728	2	0	0
5	80500001	0.660979	0.674728	2	0	0
5	81000001	0.676835	0.674728	2	0	0
5	81500001	0.673444	0.674728	2	0	0
5	82000001	0.689079	0.674728	2	0	0
5	82500001	0.689087	0.674728	2	0	0
5	83000001	0.699562	0.674728	2	0	0
5	83500001	0.671193	0.674728	2	0	0
5	84000001	0.669532	0.674728	2	0	0
5	84500001	0.691946	0.674728	2	0	0
5	85000001	0.674813	0.674728	2	0	0
5	85500001	0.671463	0.674728	2	0	0
5	86000001	0.669006	0.674728	2	0	0
5	86500001	0.711679	0.674728	2	0	0
5	87000001	0.696693	0.674728	2	0	0
5	87500001	0.709139	0.674728	2	0	0
5	88000001	0.666198	0.674728	2	0	0
5	88500001	0.674035	0.674728	2	0	0
5	89000001	0.679381	0.674728	2	0	0
5	89500001	0.688689	0.674728	2	0	0
5	90000001	0.704075	0.674728	2	0	0
5	90500001	0.676459	0.674728	2	0	0
5	91000001	0.701053	0.674728	2	0	0
5	91500001	0.709185	0.674728	2	0	0
5	92000001	0.657929	0.674728	2	0	0
5	92500001	0.696804	0.674728	2	0	0
5	93000001	0.693532	0.674728	2	0	0
5	93500001	0.658153	0.674728	2	0	0
5	94000001	0.675282	0.674728	2	0	0
5	94500001	0.674877	0.674728	2	0	0
5	95000001	0.705684	0.674728	2	0	0
5	95500001	0.7009	0.674728	2	0	0
5	96000001	0.710217	0.674728	2	0	0
5	96500001	0.659688	0.674728	2	0	0
5	97000001	0.68424	0.674728	2	0	0
5	97500001	0.706804	0.674728	2	0	0
5	98000001	0.682962	0.674728	2	0	0
5	98500001	0.666266	0.674728	2	0	0
5	99000001	0.650115	0.674728	2	0	0
5	99500001	0.657846	0.674728	2	0	0
5	100000001	0.664185	0.674728	2	0	0
5	100500001	0.643128	0.674728	2	0	0
5	101000001	0.691567	0.674728	2	0	0
5	101500001	0.684061	0.674728	2	0	0
5	102000001	0.669168	0.674728	2	0	0
5	102500001	0.691359	0.674728	2	0	0
5	103000001	0.702501	0.674728	2	0	0
5	103500001	0.682373	0.674728	2	0	0
5	104000001	0.697357	0.674728	2	0	0
5	104500001	0.679235	0.674728	2	0	0
5	105000001	0.66579	0.674728	2	0	0
5	105500001	0.70281	0.674728	2	0	0
5	106000001	0.68635	0.674728	2	0	0
5	106500001	0.688339	0.674728	2	0	0
5	107000001	0.710476	0.674728	2	0	0
5	107500001	0.650718	0.674728	2	0	0
5	108000001	0.687433	0.674728	2	0	0
5	108500001	0.670969	0.674728	2	0	0
5	109000001	0.663789	0.674728	2	0	0
5	109500001	0.670406	0.674728	2	0	0
5	110000001	0.651234	0.674728	2	0	0
5	110500001	0.644309	0.674728	2	0	0
5	111000001	0.639088	0.674728	2	0	0
5	111500001	0.700696	0.674728	2	0	0
5	112000001	0.725457	0.674728	2	0	0
5	112500001	0.691894	0.674728	2	0	0
5	113000001	0.692152	0.674728	2	0	0
5	113500001	0.677691	0.674728	2	0	0
5	114000001	0.681608	0.674728	2	0	0
5	114500001	0.674868	0.674728	2	0	0
5	115000001	0.719934	0.674728	2	0	0
5	115500001	0.67222	0.674728	2	0	0
5	116000001	0.665881	0.674728	2	0	0
5	116500001	0.654773	0.674728	2	0	0
5	117000001	0.657529	0.674728	2	0	0
5	117500001	0.634979	0.674728	2	0	0
5	118000001	0.657624	0.674728	2	0	0
5	118500001	0.658263	0.674728	2	0	0
5	119000001	0.653405	0.674728	2	0	0
5	119500001	0.673834	0.674728	2	0	0
5	120000001	0.676865	0.674728	2	0	0
5	120500001	0.696444	0.674728	2	0	0
5	121000001	0.691505	0.674728	2	0	0
5	121500001	0.68114	0.674728	2	0	0
5	122000001	0.675888	0.674728	2	0	0
5	122500001	0.668873	0.674728	2	0	0
5	123000001	0.680355	0.674728	2	0	0
5	123500001	0.698907	0.674728	2	0	0
5	124000001	0.658262	0.674728	2	0	0
5	124500001	0.623633	0.674728	2	0	0
5	125000001	0.696207	0.674728	2	0	0
5	125500001	0.670857	0.674728	2	0	0
5	126000001	0.710525	0.674728	2	0	0
5	126500001	0.64013	0.674728	2	0	0
5	127000001	0.665903	0.674728	2	0	0
5	127500001	0.665511	0.674728	2	0	0
5	128000001	0.652999	0.674728	2	0	0
5	128500001	0.649274	0.674728	2	0	0
5	129000001	0.665115	0.674728	2	0	0
5	129500001	0.676797	0.674728	2	0	0
5	130000001	0.643913	0.674728	2	0	0
5	130500001	0.70339	0.674728	2	0	0
5	131000001	0.667293	0.674728	2	0	0
5	131500001	0.674111	0.674728	2	0	0
5	132000001	0.712595	0.674728	2	0	0
5	132500001	0.682672	0.674728	2	0	0
5	133000001	0.672993	0.674728	2	0	0
5	133500001	0.691379	0.674728	2	0	0
5	134000001	0.667973	0.674728	2	0	0
5	134500001	0.69294	0.674728	2	0	0
5	135000001	0.695536	0.674728	2	0	0
5	135500001	0.691311	0.674728	2	0	0
5	136000001	0.688532	0.674728	2	0	0
5	136500001	0.693414	0.674728	2	0	0
5	137000001	0.661005	0.674728	2	0	0
5	137500001	0.686311	0.674728	2	0	0
5	138000001	0.632725	0.674728	2	0	0
5	138500001	0.694821	0.674728	2	0	0
5	139000001	0.676631	0.674728	2	0	0
5	139500001	0.713439	0.674728	2	0	0
5	140000001	0.649238	0.674728	2	0	0
5	140500001	0.674097	0.674728	2	0	0
5	141000001	0.686949	0.674728	2	0	0
5	141500001	0.665223	0.674728	2	0	0
5	142000001	0.647591	0.674728	2	0	0
5	142500001	0.699931	0.674728	2	0	0
5	143000001	0.662868	0.674728	2	0	0
5	143500001	0.672166	0.674728	2	0	0
5	144000001	0.68773	0.674728	2	0	0
5	144500001	0.690924	0.674728	2	0	0
5	145000001	0.700282	0.674728	2	0	0
5	145500001	0.686029	0.674728	2	0	0
5	146000001	0.663716	0.674728	2	0	0
5	146500001	0.690543	0.674728	2	0	0
5	147000001	0.651608	0.674728	2	0	0
5	147500001	0.6547	0.674728	2	0	0
5	148000001	0.675886	0.674728	2	0	0
5	148500001	0.707306	0.674728	2	0	0
5	149000001	0.726038	0.674728	2	0	0
5	149500001	0.63676	0.674728	2	0	0
5	150000001	0.69681	0.674728	2	0	0
5	150500001	0.717781	0.674728	2	0	0
5	151000001	0.670208	0.674728	2	0	0
5	151500001	0.701242	0.674728	2	0	0
5	152000001	0.653938	0.674728	2	0	0
5	152500001	0.686851	0.674728	2	0	0
5	153000001	0.645391	0.674728	2	0	0
5	153500001	0.666556	0.674728	2	0	0
5	154000001	0.674728	0.674728	2	0	0
5	154500001	0.669109	0.674728	2	0	0
5	155000001	0.681298	0.674728	2	0	0
5	155500001	0.650224	0.674728	2	0	0
5	156000001	0.660313	0.674728	2	0	0
5	156500001	0.65111	0.674728	2	0	0
5	157000001	0.655518	0.674728	2	0	0
5	157500001	0.656166	0.674728	2	0	0
5	158000001	0.662017	0.674728	2	0	0
5	158500001	0.657687	0.674728	2	0	0
5	159000001	0.668488	0.674728	2	0	0
5	159500001	0.705278	0.674728	2	0	0
5	160000001	0.672604	0.674728	2	0	0
5	160500001	0.710233	0.674728	2	0	0
5	161000001	0.658843	0.674728	2	0	0
5	161500001	0.68035	0.674728	2	0	0
5	162000001	0.63396	0.674728	2	0	0
5	162500001	0.661901	0.674728	2	0	0
5	163000001	0.69062	0.674728	2	0	0
5	163500001	0.683752	0.674728	2	0	0
5	164000001	0.658936	0.674728	2	0	0
5	164500001	0.677431	0.674728	2	0	0
5	165000001	0.631283	0.674728	2	0	0
5	165500001	0.651912	0.674728	2	0	0
5	166000001	0.641515	0.674728	2	0	0
5	166500001	0.645861	0.674728	2	0	0
5	167000001	0.677093	0.674728	2	0	0
5	167500001	0.634055	0.674728	2	0	0
5	168000001	0.681935	0.674728	2	0	0
5	168500001	0.678117	0.674728	2	0	0
5	169000001	0.706255	0.674728	2	0	0
5	169500001	0.6765	0.674728	2	0	0
5	170000001	0.710687	0.674728	2	0	0
5	170500001	0.669346	0.674728	2	0	0
5	171000001	0.65724	0.674728	2	0	0
5	171500001	0.678286	0.674728	2	0	0
5	172000001	0.666161	0.674728	2	0	0
5	172500001	0.691403	0.674728	2	0	0
5	173000001	0.68615	0.674728	2	0	0
5	173500001	0.692109	0.674728	2	0	0
5	174000001	0.672001	0.674728	2	0	0
5	174500001	0.643415	0.674728	2	0	0
5	175000001	0.652746	0.674728	2	0	0
5	175500001	0.716558	0.674728	2	0	0
5	176000001	0.664546	0.674728	2	0	0
5	176500001	0.643601	0.674728	2	0	0
5	177000001	0.661284	0.674728	2	0	0
5	177500001	0.646013	0.674728	2	0	0
5	178000001	0.661849	0.674728	2	0	0
5	178500001	0.652084	0.674728	2	0	0
5	179000001	0.672973	0.674728	2	0	0
5	179500001	0.84355	0.674728	2	0	0
5	180000001	0.641435	0.674728	2	0	0
5	180500001	0.648204	0.674728	2	0	0
5	181000001	0.658662	0.674728	2	0	0
5	181500001	-1	-1	-1	0	0
6	1	1.17769	1.32203	4	0	0
6	500001	1.28506	1.32203	4	0	0
6	1000001	1.31086	1.32203	4	0	0
6	1500001	1.33249	1.32203	4	0	0
6	2000001	1.32146	1.32203	4	0	0
6	2500001	1.38157	1.32203	4	0	0
6	3000001	1.31117	1.32203	4	0	0
6	3500001	1.37827	1.32203	4	0	0
6	4000001	1.38494	1.32203	4	0	0
6	4500001	1.29732	1.32203	4	0	0
6	5000001	1.28057	1.32203	4	0	0
6	5500001	1.31664	1.32203	4	0	0
6	6000001	1.3226	1.32203	4	0	0
6	6500001	1.33623	1.32203	4	0	0
6	7000001	1.2767	1.32203	4	0	0
6	7500001	1.31371	1.32203	4	0	0
6	8000001	1.30201	1.32203	4	0	0
6	8500001	1.39073	1.32203	4	0	0
6	9000001	1.3935	1.32203	4	0	0
6	9500001	1.31079	1.32203	4	0	0
6	10000001	1.31081	1.32203	4	0	0
6	10500001	1.34349	1.32203	4	0	0
6	11000001	1.4727	1.32203	4	0	0
6	11500001	1.37688	1.32203	4	0	0
6	12000001	1.35914	1.32203	4	0	0
6	12500001	1.35946	1.32203	4	0	0
6	13000001	1.37598	1.32203	4	0	0
6	13500001	1.2754	1.32203	4	0	0
6	14000001	1.36453	1.32203	4	0	0
6	14500001	1.32658	1.32203	4	0	0
6	15000001	1.26465	1.32203	4	0	0
6	15500001	1.32909	1.32203	4	0	0
6	16000001	1.31084	1.32203	4	0	0
6	16500001	1.36674	1.32203	4	0	0
6	17000001	1.32265	1.32203	4	0	0
6	17500001	1.31408	1.32203	4	0	0
6	18000001	1.32283	1.32203	4	0	0
6	18500001	1.39551	1.32203	4	0	0
6	19000001	1.33356	1.32203	4	0	0
6	19500001	1.26472	1.32203	4	0	0
6	20000001	1.30307	1.32203	4	0	0
6	20500001	1.28628	1.32203	4	0	0
6	21000001	1.30362	1.32203	4	0	0
6	21500001	1.25363	1.32203	4	0	0
6	22000001	1.35037	1.32203	4	0	0
6	22500001	1.30826	1.32203	4	0	0
6	23000001	1.29779	1.32203	4	0	0
6	23500001	1.34491	1.32203	4	0	0
6	24000001	1.31593	1.32203	4	0	0
6	24500001	1.31441	1.32203	4	0	0
6	25000001	1.2929	1.32203	4	0	0
6	25500001	1.33346	1.32203	4	0	0
6	26000001	1.31148	1.32203	4	0	0
6	26500001	1.30906	1.32203	4	0	0
6	27000001	1.23686	1.32203	4	0	0
6	27500001	1.27953	1.32203	4	0	0
6	28000001	1.32871	1.32203	4	0	0
6	28500001	1.27758	1.32203	4	0	0
6	29000001	1.3933	1.32203	4	0	0
6	29500001	1.30107	1.32203	4	0	0
6	30000001	1.39084	1.32203	4	0	0
6	30500001	1.41014	1.32203	4	0	0
6	31000001	1.34895	1.32203	4	0	0
6	31500001	1.42442	1.32203	4	0	0
6	32000001	1.37405	1.32203	4	0	0
6	32500001	1.21881	1.32203	4	0	0
6	33000001	1.31761	1.32203	4	0	0
6	33500001	1.41418	1.32203	4	0	0
6	34000001	1.34731	1.32203	4	0	0
6	34500001	1.4206	1.32203	4	0	0
6	35000001	2.12358	2.0173	6	0	0
6	35500001	1.99562	2.0173	6	0	0
6	36000001	2.07589	2.0173	6	0	0
6	36500001	2.04228	2.0173	6	0	0
6	37000001	2.00612	2.0173	6	0	0
6	37500001	2.0173	2.0173	6	0	0
6	38000001	2.00819	2.0173	6	0	0
6	38500001	1.39259	1.39259	4	0	0
6	39000001	1.31898	1.39259	4	0	0
6	39500001	1.62927	1.39259	4	0	0
6	40000001	2.05579	2.0325	6	0	0
6	40500001	2.13565	2.0325	6	0	0
6	41000001	2.05216	2.0325	6	0	0
6	41500001	1.98988	2.0325	6	0	0
6	42000001	2.01284	2.0325	6	0	0
6	42500001	1.95137	2.0325	6	0	0
6	43000001	1.65052	1.65052	5	0	0
6	43500001	1.37485	1.35548	4	0	0
6	44000001	1.35524	1.35548	4	0	0
6	44500001	1.34243	1.35548	4	0	0
6	45000001	1.32228	1.35548	4	0	0
6	45500001	1.38293	1.35548	4	0	0
6	46000001	1.42145	1.35548	4	0	0
6	46500001	1.38498	1.35548	4	0	0
6	47000001	1.3823	1.35548	4	0	0
6	47500001	1.31702	1.35548	4	0	0
6	48000001	1.33922	1.35548	4	0	0
6	48500001	1.3268	1.35548	4	0	0
6	49000001	1.34898	1.35548	4	0	0
6	49500001	1.30372	1.35548	4	0	0
6	50000001	1.35134	1.35548	4	0	0
6	50500001	1.30802	1.35548	4	0	0
6	51000001	1.33355	1.35548	4	0	0
6	51500001	1.36964	1.35548	4	0	0
6	52000001	1.35572	1.35548	4	0	0
6	52500001	1.41088	1.35548	4	0	0
6	53000001	1.36423	1.35548	4	0	0
6	53500001	1.38194	1.35548	4	0	0
6	54000001	1.3512	1.35548	4	0	0
6	54500001	1.3389	1.35548	4	0	0
6	55000001	1.39374	1.35548	4	0	0
6	55500001	1.37856	1.35548	4	0	0
6	56000001	1.45012	1.35548	4	0	0
6	56500001	1.37602	1.35548	4	0	0
6	57000001	1.41327	1.35548	4	0	0
6	57500001	1.34064	1.35548	4	0	0
6	58000001	1.34985	1.35548	4	0	0
6	58500001	2.41584	2.34843	7	0	0
6	59000001	2.28102	2.34843	7	0	0
6	59500001	-1	-1	-1	0	0
6	60000001	-1	-1	-1	0	0
6	60500001	1.32888	1.3501	4	0	0
6	61000001	1.25807	1.3501	4	0	0
6	61500001	1.34839	1.3501	4	0	0
6	62000001	1.41891	1.3501	4	0	0
6	62500001	1.32919	1.3501	4	0	0
6	63000001	1.34658	1.3501	4	0	0
6	63500001	1.38482	1.3501	4	0	0
6	64000001	1.38173	1.3501	4	0	0
6	64500001	1.39646	1.3501	4	0	0
6	65000001	1.3184	1.3501	4	0	0
6	65500001	1.37738	1.3501	4	0	0
6	66000001	1.36464	1.3501	4	0	0
6	66500001	1.3681	1.3501	4	0	0
6	67000001	1.37574	1.3501	4	0	0
6	67500001	1.3315	1.3501	4	0	0
6	68000001	1.38656	1.3501	4	0	0
6	68500001	1.35489	1.3501	4	0	0
6	69000001	1.33268	1.3501	4	0	0
6	69500001	1.34683	1.3501	4	0	0
6	70000001	1.34203	1.3501	4	0	0
6	70500001	1.34963	1.3501	4	0	0
6	71000001	1.43149	1.3501	4	0	0
6	71500001	1.40311	1.3501	4	0	0
6	72000001	1.3645	1.3501	4	0	0
6	72500001	1.35058	1.3501	4	0	0
6	73000001	1.31049	1.3501	4	0	0
6	73500001	1.33616	1.3501	4	0	0
6	74000001	1.20831	1.3501	4	0	0
6	74500001	1.04492	1.02461	3	0	0
6	75000001	1.0318	1.02461	3	0	0
6	75500001	1.01742	1.02461	3	0	0
6	76000001	0.978764	1.02461	3	0	0
6	76500001	0.985365	1.02461	3	0	0
6	77000001	1.03965	1.02461	3	0	0
6	77500001	0.689657	0.678205	2	0	0
6	78000001	0.565289	0.678205	2	0	0
6	78500001	0.677083	0.678205	2	0	0
6	79000001	0.70226	0.678205	2	0	0
6	79500001	0.681972	0.678205	2	0	0
6	80000001	0.681302	0.678205	2	0	0
6	80500001	0.723294	0.678205	2	0	0
6	81000001	0.672394	0.678205	2	0	0
6	81500001	0.706055	0.678205	2	0	0
6	82000001	0.695008	0.678205	2	0	0
6	82500001	0.687141	0.678205	2	0	0
6	83000001	0.70192	0.678205	2	0	0
6	83500001	0.683936	0.678205	2	0	0
6	84000001	0.707982	0.678205	2	0	0
6	84500001	0.673392	0.678205	2	0	0
6	85000001	0.693121	0.678205	2	0	0
6	85500001	0.668774	0.678205	2	0	0
6	86000001	0.670004	0.678205	2	0	0
6	86500001	0.725046	0.678205	2	0	0
6	87000001	0.669901	0.678205	2	0	0
6	87500001	0.66058	0.678205	2	0	0
6	88000001	0.684242	0.678205	2	0	0
6	88500001	0.665198	0.678205	2	0	0
6	89000001	0.673305	0.678205	2	0	0
6	89500001	0.681532	0.678205	2	0	0
6	90000001	0.694203	0.678205	2	0	0
6	90500001	0.687422	0.678205	2	0	0
6	91000001	0.665754	0.678205	2	0	0
6	91500001	0.699502	0.678205	2	0	0
6	92000001	0.667387	0.678205	2	0	0
6	92500001	0.644799	0.678205	2	0	0
6	93000001	0.71977	0.678205	2	0	0
6	93500001	0.674621	0.678205	2	0	0
6	94000001	0.674367	0.678205	2	0	0
6	94500001	0.659054	0.678205	2	0	0
6	95000001	0.669562	0.678205	2	0	0
6	95500001	0.69226	0.678205	2	0	0
6	96000001	0.636602	0.678205	2	0	0
6	96500001	0.684958	0.678205	2	0	0
6	97000001	0.66222	0.678205	2	0	0
6	97500001	0.669363	0.678205	2	0	0
6	98000001	0.67619	0.678205	2	0	0
6	98500001	0.698339	0.678205	2	0	0
6	99000001	0.654287	0.678205	2	0	0
6	99500001	0.667386	0.678205	2	0	0
6	100000001	0.677197	0.678205	2	0	0
6	100500001	0.73005	0.678205	2	0	0
6	101000001	0.680209	0.678205	2	0	0
6	101500001	0.69552	0.678205	2	0	0
6	102000001	0.679324	0.678205	2	0	0
6	102500001	0.712108	0.678205	2	0	0
6	103000001	0.690487	0.678205	2	0	0
6	103500001	0.665223	0.678205	2	0	0
6	104000001	0.701961	0.678205	2	0	0
6	104500001	0.667509	0.678205	2	0	0
6	105000001	0.669217	0.678205	2	0	0
6	105500001	0.685451	0.678205	2	0	0
6	106000001	0.670992	0.678205	2	0	0
6	106500001	0.667814	0.678205	2	0	0
6	107000001	0.656894	0.678205	2	0	0
6	107500001	0.67203	0.678205	2	0	0
6	108000001	0.642974	0.678205	2	0	0
6	108500001	0.680629	0.678205	2	0	0
6	109000001	0.655157	0.678205	2	0	0
6	109500001	0.690894	0.678205	2	0	0
6	110000001	0.678583	0.678205	2	0	0
6	110500001	0.674274	0.678205	2	0	0
6	111000001	0.668182	0.678205	2	0	0
6	111500001	0.69682	0.678205	2	0	0
6	112000001	0.688327	0.678205	2	0	0
6	112500001	0.679742	0.678205	2	0	0
6	113000001	0.683115	0.678205	2	0	0
6	113500001	0.635937	0.678205	2	0	0
6	114000001	0.702966	0.678205	2	0	0
6	114500001	0.70614	0.678205	2	0	0
6	115000001	0.666707	0.678205	2	0	0
6	115500001	0.69429	0.678205	2	0	0
6	116000001	0.693204	0.678205	2	0	0
6	116500001	0.722151	0.678205	2	0	0
6	117000001	0.686315	0.678205	2	0	0
6	117500001	0.696998	0.678205	2	0	0
6	118000001	0.682711	0.678205	2	0	0
6	118500001	0.671277	0.678205	2	0	0
6	119000001	0.692931	0.678205	2	0	0
6	119500001	0.665395	0.678205	2	0	0
6	120000001	0.655906	0.678205	2	0	0
6	120500001	0.665062	0.678205	2	0	0
6	121000001	0.655262	0.678205	2	0	0
6	121500001	0.6257	0.678205	2	0	0
6	122000001	0.672808	0.678205	2	0	0
6	122500001	0.665978	0.678205	2	0	0
6	123000001	0.655973	0.678205	2	0	0
6	123500001	0.673901	0.678205	2	0	0
6	124000001	0.664445	0.678205	2	0	0
6	124500001	0.678297	0.678205	2	0	0
6	125000001	0.699132	0.678205	2	0	0
6	125500001	0.694766	0.678205	2	0	0
6	126000001	0.695905	0.678205	2	0	0
6	126500001	0.714684	0.678205	2	0	0
6	127000001	0.665714	0.678205	2	0	0
6	127500001	0.723732	0.678205	2	0	0
6	128000001	0.686555	0.678205	2	0	0
6	128500001	0.660128	0.678205	2	0	0
6	129000001	0.705527	0.678205	2	0	0
6	129500001	0.690515	0.678205	2	0	0
6	130000001	0.689398	0.678205	2	0	0
6	130500001	0.684221	0.678205	2	0	0
6	131000001	0.681768	0.678205	2	0	0
6	131500001	0.703081	0.678205	2	0	0
6	132000001	0.663282	0.678205	2	0	0
6	132500001	0.687186	0.678205	2	0	0
6	133000001	0.714558	0.678205	2	0	0
6	133500001	0.676736	0.678205	2	0	0
6	134000001	0.689559	0.678205	2	0	0
6	134500001	0.69526	0.678205	2	0	0
6	135000001	0.691883	0.678205	2	0	0
6	135500001	0.700539	0.678205	2	0	0
6	136000001	0.685075	0.678205	2	0	0
6	136500001	0.632475	0.678205	2	0	0
6	137000001	0.659519	0.678205	2	0	0
6	137500001	0.696676	0.678205	2	0	0
6	138000001	0.674162	0.678205	2	0	0
6	138500001	0.677135	0.678205	2	0	0
6	139000001	0.654654	0.678205	2	0	0
6	139500001	0.687151	0.678205	2	0	0
6	140000001	0.691153	0.678205	2	0	0
6	140500001	0.72521	0.678205	2	0	0
6	141000001	0.658937	0.678205	2	0	0
6	141500001	0.717367	0.678205	2	0	0
6	142000001	0.692378	0.678205	2	0	0
6	142500001	0.679288	0.678205	2	0	0
6	143000001	0.701739	0.678205	2	0	0
6	143500001	0.697526	0.678205	2	0	0
6	144000001	0.689873	0.678205	2	0	0
6	144500001	0.710852	0.678205	2	0	0
6	145000001	0.686091	0.678205	2	0	0
6	145500001	0.667216	0.678205	2	0	0
6	146000001	0.694427	0.678205	2	0	0
6	146500001	0.670311	0.678205	2	0	0
6	147000001	0.692858	0.678205	2	0	0
6	147500001	0.661752	0.678205	2	0	0
6	148000001	0.636699	0.678205	2	0	0
6	148500001	0.657692	0.678205	2	0	0
6	149000001	0.65701	0.678205	2	0	0
6	149500001	0.698284	0.678205	2	0	0
6	150000001	0.667034	0.678205	2	0	0
6	150500001	0.642061	0.678205	2	0	0
6	151000001	0.655471	0.678205	2	0	0
6	151500001	0.671741	0.678205	2	0	0
6	152000001	0.639667	0.678205	2	0	0
6	152500001	0.66575	0.678205	2	0	0
6	153000001	0.697759	0.678205	2	0	0
6	153500001	0.662953	0.678205	2	0	0
6	154000001	0.649657	0.678205	2	0	0
6	154500001	0.646769	0.678205	2	0	0
6	155000001	0.683347	0.678205	2	0	0
6	155500001	0.656184	0.678205	2	0	0
6	156000001	0.660722	0.678205	2	0	0
6	156500001	0.671918	0.678205	2	0	0
6	157000001	0.676431	0.678205	2	0	0
6	157500001	0.688117	0.678205	2	0	0
6	158000001	0.676367	0.678205	2	0	0
6	158500001	0.686213	0.678205	2	0	0
6	159000001	0.678113	0.678205	2	0	0
6	159500001	0.6684	0.678205	2	0	0
6	160000001	0.681754	0.678205	2	0	0
6	160500001	0.73527	0.678205	2	0	0
6	161000001	0.665605	0.678205	2	0	0
6	161500001	0.670789	0.678205	2	0	0
6	162000001	0.633892	0.678205	2	0	0
6	162500001	0.632299	0.678205	2	0	0
6	163000001	0.65168	0.678205	2	0	0
6	163500001	0.648129	0.678205	2	0	0
6	164000001	0.651523	0.678205	2	0	0
6	164500001	0.633449	0.972855	3	0	0
6	165000001	0.676934	0.972855	3	0	0
6	165500001	0.721609	0.972855	3	0	0
6	166000001	0.990772	0.972855	3	0	0
6	166500001	0.972335	0.972855	3	0	0
6	167000001	1.06108	0.972855	3	0	0
6	167500001	0.967815	0.972855	3	0	0
6	168000001	0.985346	0.972855	3	0	0
6	168500001	0.973376	0.972855	3	0	0
6	169000001	0.97619	0.972855	3	0	0
6	169500001	0.960854	0.972855	3	0	0
6	170000001	1.02143	0.972855	3	0	0
6	170500001	-1	-1	-1	0	0
7	1	1.03287	1.0167	3	0	0
7	500001	1.00683	1.0167	3	0	0
7	1000001	0.959671	1.0167	3	0	0
7	1500001	1.00745	1.0167	3	0	0
7	2000001	1.03555	1.0167	3	0	0
7	2500001	1.04232	1.0167	3	0	0
7	3000001	0.997002	1.0167	3	0	0
7	3500001	0.984672	1.0167	3	0	0
7	4000001	1.01353	1.0167	3	0	0
7	4500001	0.98359	1.0167	3	0	0
7	5000001	1.02068	1.0167	3	0	0
7	5500001	0.982211	1.0167	3	0	0
7	6000001	0.978813	1.0167	3	0	0
7	6500001	1.0061	1.0167	3	0	0
7	7000001	1.02972	1.0167	3	0	0
7	7500001	1.0237	1.0167	3	0	0
7	8000001	1.03609	1.0167	3	0	0
7	8500001	1.0735	1.0167	3	0	0
7	9000001	1.01989	1.0167	3	0	0
7	9500001	1.0298	1.0167	3	0	0
7	10000001	1.00991	1.0167	3	0	0
7	10500001	1.02583	1.0167	3	0	0
7	11000001	0.988329	1.0167	3	0	0
7	11500001	1.02042	1.0167	3	0	0
7	12000001	1.00263	1.0167	3	0	0
7	12500001	1.01015	1.0167	3	0	0
7	13000001	1.0167	1.0167	3	0	0
7	13500001	1.03357	1.0167	3	0	0
7	14000001	1.00323	1.0167	3	0	0
7	14500001	1.07093	1.0167	3	0	0
7	15000001	0.983446	1.0167	3	0	0
7	15500001	1.01294	1.0167	3	0	0
7	16000001	1.03614	1.0167	3	0	0
7	16500001	1.03598	1.0167	3	0	0
7	17000001	1.06969	1.0167	3	0	0
7	17500001	1.00003	1.0167	3	0	0
7	18000001	1.04294	1.0167	3	0	0
7	18500001	1.11618	1.0167	3	0	0
7	19000001	1.01031	1.0167	3	0	0
7	19500001	1.05023	1.0167	3	0	0
7	20000001	1.05176	1.0167	3	0	0
7	20500001	0.964008	1.0167	3	0	0
7	21000001	0.976337	1.0167	3	0	0
7	21500001	1.43095	1.43095	4	0	0
7	22000001	1.0482	1.01752	3	0	0
7	22500001	1.03736	1.01752	3	0	0
7	23000001	0.999356	1.01752	3	0	0
7	23500001	1.02868	1.01752	3	0	0
7	24000001	0.987299	1.01752	3	0	0
7	24500001	1.01939	1.01752	3	0	0
7	25000001	1.07402	1.01752	3	0	0
7	25500001	1.04871	1.01752	3	0	0
7	26000001	0.978589	1.01752	3	0	0
7	26500001	1.04314	1.01752	3	0	0
7	27000001	1.01049	1.01752	3	0	0
7	27500001	1.06352	1.01752	3	0	0
7	28000001	1.00073	1.01752	3	0	0
7	28500001	0.983645	1.01752	3	0	0
7	29000001	1.00709	1.01752	3	0	0
7	29500001	1.00113	1.01752	3	0	0
7	30000001	1.04665	1.01752	3	0	0
7	30500001	1.06783	1.01752	3	0	0
7	31000001	1.00867	1.01752	3	0	0
7	31500001	0.987219	1.01752	3	0	0
7	32000001	1.01554	1.01752	3	0	0
7	32500001	0.973522	1.01752	3	0	0
7	33000001	1.02716	1.01752	3	0	0
7	33500001	1.01912	1.01752	3	0	0
7	34000001	1.0301	1.01752	3	0	0
7	34500001	1.03	1.01752	3	0	0
7	35000001	1.03467	1.01752	3	0	0
7	35500001	1.00851	1.01752	3	0	0
7	36000001	1.02732	1.01752	3	0	0
7	36500001	1.04662	1.01752	3	0	0
7	37000001	1.01511	1.01752	3	0	0
7	37500001	0.965877	1.01752	3	0	0
7	38000001	0.973326	1.01752	3	0	0
7	38500001	0.99685	1.01752	3	0	0
7	39000001	1.01624	1.01752	3	0	0
7	39500001	1.02268	1.01752	3	0	0
7	40000001	0.856405	1.01752	3	0	0
7	40500001	1.02367	1.01752	3	0	0
7	41000001	1.01274	1.01752	3	0	0
7	41500001	0.997343	1.01752	3	0	0
7	42000001	0.979822	1.01752	3	0	0
7	42500001	1.05177	1.01752	3	0	0
7	43000001	1.0019	1.01752	3	0	0
7	43500001	1.0376	1.01752	3	0	0
7	44000001	1.0688	1.01752	3	0	0
7	44500001	0.995492	1.01752	3	0	0
7	45000001	1.01505	1.01752	3	0	0
7	45500001	1.01752	1.01752	3	0	0
7	46000001	1.02887	1.01752	3	0	0
7	46500001	1.03359	1.01752	3	0	0
7	47000001	1.03511	1.01752	3	0	0
7	47500001	1.04789	1.01752	3	0	0
7	48000001	1.07064	1.01752	3	0	0
7	48500001	1.06042	1.01752	3	0	0
7	49000001	0.99902	1.01752	3	0	0
7	49500001	0.977941	1.01752	3	0	0
7	50000001	1.00937	1.01752	3	0	0
7	50500001	1.02842	1.01752	3	0	0
7	51000001	1.02286	1.01752	3	0	0
7	51500001	1.05218	1.01752	3	0	0
7	52000001	0.990245	1.01752	3	0	0
7	52500001	1.0041	1.01752	3	0	0
7	53000001	0.981567	1.01752	3	0	0
7	53500001	1.00804	1.01752	3	0	0
7	54000001	1.01077	1.01752	3	0	0
7	54500001	1.03041	1.01752	3	0	0
7	55000001	1.17132	1.01752	3	0	0
7	55500001	1.79526	1.79526	5	0	0
7	56000001	2.43169	2.43169	7	0	0
7	56500001	0.936624	0.936624	3	0	0
7	57000001	0.889882	0.936624	3	0	0
7	57500001	1.01778	0.936624	3	0	0
7	58000001	1.87983	1.87983	6	0	0
7	58500001	1.44612	1.35331	4	0	0
7	59000001	1.29375	1.35331	4	0	0
7	59500001	1.41286	1.35331	4	0	0
7	60000001	1.16941	1.35331	4	0	0
7	60500001	1.89742	1.89742	6	0	0
7	61000001	1.30833	1.2994	4	0	0
7	61500001	-1	1.2994	4	0	0
7	62000001	1.2994	1.2994	4	0	0
7	62500001	1.12526	1.2994	4	0	0
7	63000001	0.960651	0.956907	3	0	0
7	63500001	1.00014	0.956907	3	0	0
7	64000001	0.942508	0.956907	3	0	0
7	64500001	0.942141	0.956907	3	0	0
7	65000001	0.999727	0.956907	3	0	0
7	65500001	1.26936	0.956907	3	0	0
7	66000001	0.979868	0.956907	3	0	0
7	66500001	0.968408	0.956907	3	0	0
7	67000001	0.950852	0.956907	3	0	0
7	67500001	0.97775	0.956907	3	0	0
7	68000001	0.920381	0.956907	3	0	0
7	68500001	0.911668	0.956907	3	0	0
7	69000001	0.938392	0.956907	3	0	0
7	69500001	0.94433	0.956907	3	0	0
7	70000001	0.95723	0.956907	3	0	0
7	70500001	0.95321	0.956907	3	0	0
7	71000001	0.943383	0.956907	3	0	0
7	71500001	0.941922	0.956907	3	0	0
7	72000001	0.956583	0.956907	3	0	0
7	72500001	0.93363	0.956907	3	0	0
7	73000001	0.971891	0.956907	3	0	0
7	73500001	0.972333	0.956907	3	0	0
7	74000001	0.948329	0.956907	3	0	0
7	74500001	0.918373	0.956907	3	0	0
7	75000001	0.945729	0.956907	3	0	0
7	75500001	0.931168	0.956907	3	0	0
7	76000001	0.99276	0.956907	3	0	0
7	76500001	0.995115	0.956907	3	0	0
7	77000001	1.01131	0.956907	3	0	0
7	77500001	0.936103	0.956907	3	0	0
7	78000001	1.0113	0.956907	3	0	0
7	78500001	0.999098	0.956907	3	0	0
7	79000001	0.966869	0.956907	3	0	0
7	79500001	0.978021	0.956907	3	0	0
7	80000001	1.00257	1.01362	3	0	0
7	80500001	1.02418	1.01362	3	0	0
7	81000001	1.03043	1.01362	3	0	0
7	81500001	1.03093	1.01362	3	0	0
7	82000001	1.02876	1.01362	3	0	0
7	82500001	1.06465	1.01362	3	0	0
7	83000001	1.02935	1.01362	3	0	0
7	83500001	1.02201	1.01362	3	0	0
7	84000001	1.02844	1.01362	3	0	0
7	84500001	1.02708	1.01362	3	0	0
7	85000001	1.04816	1.01362	3	0	0
7	85500001	1.02059	1.01362	3	0	0
7	86000001	1.0057	1.01362	3	0	0
7	86500001	1.03066	1.01362	3	0	0
7	87000001	1.02175	1.01362	3	0	0
7	87500001	0.974029	1.01362	3	0	0
7	88000001	1.01216	1.01362	3	0	0
7	88500001	1.01435	1.01362	3	0	0
7	89000001	0.979029	1.01362	3	0	0
7	89500001	0.986693	1.01362	3	0	0
7	90000001	1.02718	1.01362	3	0	0
7	90500001	0.998505	1.01362	3	0	0
7	91000001	0.988807	1.01362	3	0	0
7	91500001	0.997164	1.01362	3	0	0
7	92000001	1.02854	1.01362	3	0	0
7	92500001	1.03835	1.01362	3	0	0
7	93000001	1.04297	1.01362	3	0	0
7	93500001	1.01145	1.01362	3	0	0
7	94000001	1.06359	1.01362	3	0	0
7	94500001	1.03131	1.01362	3	0	0
7	95000001	1.00294	1.01362	3	0	0
7	95500001	1.03401	1.01362	3	0	0
7	96000001	0.948354	1.01362	3	0	0
7	96500001	0.965769	1.01362	3	0	0
7	97000001	0.961923	1.01362	3	0	0
7	97500001	0.998583	1.01362	3	0	0
7	98000001	0.982675	1.01362	3	0	0
7	98500001	1.00193	1.01362	3	0	0
7	99000001	0.982429	1.01362	3	0	0
7	99500001	1.05306	1.01362	3	0	0
7	100000001	1.02375	1.01362	3	0	0
7	100500001	1.06325	1.01362	3	0	0
7	101000001	0.997109	1.01362	3	0	0
7	101500001	0.983267	1.01362	3	0	0
7	102000001	1.01362	1.01362	3	0	0
7	102500001	1.20866	1.01362	3	0	0
7	103000001	1.00659	1.01362	3	0	0
7	103500001	1.01964	1.01362	3	0	0
7	104000001	1.02125	1.01362	3	0	0
7	104500001	1.04701	1.01362	3	0	0
7	105000001	0.942881	1.01362	3	0	0
7	105500001	1.00061	1.01362	3	0	0
7	106000001	1.03414	1.01362	3	0	0
7	106500001	1.00262	1.01362	3	0	0
7	107000001	0.962307	1.01362	3	0	0
7	107500001	1.00922	1.01362	3	0	0
7	108000001	1.01583	1.01362	3	0	0
7	108500001	0.989522	1.01362	3	0	0
7	109000001	0.987996	1.01362	3	0	0
7	109500001	0.982867	1.01362	3	0	0
7	110000001	0.968096	1.01362	3	0	0
7	110500001	1.00178	1.01362	3	0	0
7	111000001	1.01329	1.01362	3	0	0
7	111500001	0.959364	1.01362	3	0	0
7	112000001	1.01698	1.01362	3	0	0
7	112500001	1.00801	1.01362	3	0	0
7	113000001	1.00048	1.01362	3	0	0
7	113500001	1.00416	1.01362	3	0	0
7	114000001	1.00141	1.01362	3	0	0
7	114500001	1.02517	1.01362	3	0	0
7	115000001	1.04707	1.01362	3	0	0
7	115500001	1.0454	1.01362	3	0	0
7	116000001	1.06002	1.01362	3	0	0
7	116500001	1.03408	1.01362	3	0	0
7	117000001	1.0048	1.01362	3	0	0
7	117500001	0.985771	1.01362	3	0	0
7	118000001	1.02391	1.01362	3	0	0
7	118500001	1.00599	1.01362	3	0	0
7	119000001	0.995036	1.01362	3	0	0
7	119500001	1.0043	1.01362	3	0	0
7	120000001	1.02768	1.01362	3	0	0
7	120500001	1.01327	1.01362	3	0	0
7	121000001	1.01938	1.01362	3	0	0
7	121500001	1.02293	1.01362	3	0	0
7	122000001	0.979672	1.01362	3	0	0
7	122500001	1.01498	1.01362	3	0	0
7	123000001	1.06547	1.01362	3	0	0
7	123500001	1.03034	1.01362	3	0	0
7	124000001	1.02316	1.01362	3	0	0
7	124500001	1.00947	1.01362	3	0	0
7	125000001	1.02599	1.01362	3	0	0
7	125500001	0.996143	1.01362	3	0	0
7	126000001	1.01074	1.01362	3	0	0
7	126500001	1.05707	1.01362	3	0	0
7	127000001	1.02582	1.01362	3	0	0
7	127500001	0.999121	1.01362	3	0	0
7	128000001	1.00678	1.01362	3	0	0
7	128500001	1.00583	1.01362	3	0	0
7	129000001	1.01685	1.01362	3	0	0
7	129500001	0.995167	1.01362	3	0	0
7	130000001	1.02404	1.01362	3	0	0
7	130500001	1.01962	1.01362	3	0	0
7	131000001	1.06969	1.01362	3	0	0
7	131500001	1.38061	1.33422	4	0	0
7	132000001	1.38176	1.33422	4	0	0
7	132500001	1.32228	1.33422	4	0	0
7	133000001	1.304	1.33422	4	0	0
7	133500001	1.26362	1.33422	4	0	0
7	134000001	1.35346	1.33422	4	0	0
7	134500001	1.33909	1.33422	4	0	0
7	135000001	1.35906	1.33422	4	0	0
7	135500001	1.33314	1.33422	4	0	0
7	136000001	1.33422	1.33422	4	0	0
7	136500001	1.28173	1.33422	4	0	0
7	137000001	1.3721	1.33422	4	0	0
7	137500001	1.32874	1.33422	4	0	0
7	138000001	1.32173	1.33422	4	0	0
7	138500001	1.31938	1.33422	4	0	0
7	139000001	1.34956	1.33422	4	0	0
7	139500001	1.3389	1.33422	4	0	0
7	140000001	1.2743	1.33422	4	0	0
7	140500001	1.30989	1.33422	4	0	0
7	141000001	1.34758	1.33422	4	0	0
7	141500001	1.3515	1.33422	4	0	0
7	142000001	1.44531	1.33422	4	0	0
7	142500001	1.44202	1.33422	4	0	0
7	143000001	1.31515	1.33422	4	0	0
7	143500001	1.27173	1.33422	4	0	0
7	144000001	1.67527	1.67527	5	0	0
7	144500001	1.29729	1.30993	4	0	0
7	145000001	1.29363	1.30993	4	0	0
7	145500001	1.28039	1.30993	4	0	0
7	146000001	1.26664	1.30993	4	0	0
7	146500001	1.29987	1.30993	4	0	0
7	147000001	1.27678	1.30993	4	0	0
7	147500001	1.31471	1.30993	4	0	0
7	148000001	1.25563	1.30993	4	0	0
7	148500001	1.26898	1.30993	4	0	0
7	149000001	1.35199	1.30993	4	0	0
7	149500001	1.33366	1.30993	4	0	0
7	150000001	1.34643	1.30993	4	0	0
7	150500001	1.3853	1.30993	4	0	0
7	151000001	1.36327	1.30993	4	0	0
7	151500001	1.37852	1.30993	4	0	0
7	152000001	1.34932	1.30993	4	0	0
7	152500001	1.22322	1.30993	4	0	0
7	153000001	1.32257	1.30993	4	0	0
7	153500001	1.30493	1.30993	4	0	0
7	154000001	1.28186	1.30993	4	0	0
7	154500001	1.30429	1.30993	4	0	0
7	155000001	1.33161	1.30993	4	0	0
7	155500001	1.32411	1.30993	4	0	0
7	156000001	1.29209	1.30993	4	0	0
7	156500001	1.31815	1.30993	4	0	0
7	157000001	1.33688	1.30993	4	0	0
7	157500001	1.30516	1.30993	4	0	0
7	158000001	1.3808	1.30993	4	0	0
7	158500001	1.33251	1.30993	4	0	0
7	159000001	0.927368	1.30993	4	0	0
8	1	0.60908	0.668957	2	0	0
8	500001	0.653426	0.668957	2	0	0
8	1000001	0.639029	0.668957	2	0	0
8	1500001	0.646915	0.668957	2	0	0
8	2000001	0.676723	0.668957	2	0	0
8	2500001	0.627187	0.668957	2	0	0
8	3000001	0.638113	0.668957	2	0	0
8	3500001	0.630741	0.668957	2	0	0
8	4000001	0.64285	0.668957	2	0	0
8	4500001	0.645441	0.668957	2	0	0
8	5000001	0.656476	0.668957	2	0	0
8	5500001	0.662231	0.668957	2	0	0
8	6000001	0.612257	0.668957	2	0	0
8	6500001	0.683287	0.668957	2	0	0
8	7000001	0.670644	0.668957	2	0	0
8	7500001	0.704423	0.668957	2	0	0
8	8000001	0.768761	0.668957	2	0	0
8	8500001	0.667131	0.668957	2	0	0
8	9000001	0.684127	0.668957	2	0	0
8	9500001	0.685314	0.668957	2	0	0
8	10000001	0.6653	0.668957	2	0	0
8	10500001	0.708604	0.668957	2	0	0
8	11000001	0.660045	0.668957	2	0	0
8	11500001	0.693657	0.668957	2	0	0
8	12000001	0.634664	0.668957	2	0	0
8	12500001	0.871294	0.668957	2	0	0
8	13000001	0.659899	0.668957	2	0	0
8	13500001	0.702092	0.668957	2	0	0
8	14000001	0.665942	0.668957	2	0	0
8	14500001	0.679173	0.668957	2	0	0
8	15000001	0.677994	0.668957	2	0	0
8	15500001	0.668463	0.668957	2	0	0
8	16000001	0.654918	0.668957	2	0	0
8	16500001	0.665476	0.668957	2	0	0
8	17000001	0.662976	0.668957	2	0	0
8	17500001	0.643313	0.668957	2	0	0
8	18000001	0.671399	0.668957	2	0	0
8	18500001	0.672298	0.668957	2	0	0
8	19000001	0.654791	0.668957	2	0	0
8	19500001	0.688252	0.668957	2	0	0
8	20000001	0.661436	0.668957	2	0	0
8	20500001	0.690379	0.668957	2	0	0
8	21000001	0.664519	0.668957	2	0	0
8	21500001	0.699741	0.668957	2	0	0
8	22000001	0.669202	0.668957	2	0	0
8	22500001	0.682079	0.668957	2	0	0
8	23000001	0.666744	0.668957	2	0	0
8	23500001	0.650197	0.668957	2	0	0
8	24000001	0.658829	0.668957	2	0	0
8	24500001	0.714396	0.668957	2	0	0
8	25000001	0.649237	0.668957	2	0	0
8	25500001	0.668217	0.668957	2	0	0
8	26000001	0.676147	0.668957	2	0	0
8	26500001	0.683604	0.668957	2	0	0
8	27000001	0.693938	0.668957	2	0	0
8	27500001	0.685582	0.668957	2	0	0
8	28000001	0.683417	0.668957	2	0	0
8	28500001	0.669092	0.668957	2	0	0
8	29000001	0.670619	0.668957	2	0	0
8	29500001	0.712464	0.668957	2	0	0
8	30000001	0.673195	0.668957	2	0	0
8	30500001	0.641389	0.668957	2	0	0
8	31000001	0.660415	0.668957	2	0	0
8	31500001	0.684058	0.668957	2	0	0
8	32000001	0.706937	0.668957	2	0	0
8	32500001	0.662704	0.668957	2	0	0
8	33000001	0.641644	0.668957	2	0	0
8	33500001	0.676846	0.668957	2	0	0
8	34000001	0.653164	0.668957	2	0	0
8	34500001	0.634484	0.668957	2	0	0
8	35000001	0.678696	0.668957	2	0	0
8	35500001	0.701881	0.668957	2	0	0
8	36000001	0.646185	0.668957	2	0	0
8	36500001	0.668322	0.668957	2	0	0
8	37000001	0.713018	0.668957	2	0	0
8	37500001	0.687288	0.668957	2	0	0
8	38000001	0.649103	0.668957	2	0	0
8	38500001	0.68937	0.668957	2	0	0
8	39000001	0.620067	0.668957	2	0	0
8	39500001	0.643507	0.668957	2	0	0
8	40000001	0.663958	0.668957	2	0	0
8	40500001	0.676883	0.668957	2	0	0
8	41000001	0.683886	0.668957	2	0	0
8	41500001	0.663945	0.668957	2	0	0
8	42000001	0.668821	0.668957	2	0	0
8	42500001	0.662698	0.668957	2	0	0
8	43000001	0.686366	0.668957	2	0	0
8	43500001	0.712193	0.668957	2	0	0
8	44000001	0.846555	0.668957	2	0	0
8	44500001	0.853595	0.668957	2	0	0
8	45000001	0.776595	0.668957	2	0	0
8	45500001	0.80652	0.668957	2	0	0
8	46000001	0.683357	0.668957	2	0	0
8	46500001	0.709172	0.668957	2	0	0
8	47000001	0.656106	0.668957	2	0	0
8	47500001	0.654424	0.668957	2	0	0
8	48000001	0.689092	0.668957	2	0	0
8	48500001	0.676253	0.668957	2	0	0
8	49000001	0.689906	0.668957	2	0	0
8	49500001	0.618243	0.668957	2	0	0
8	50000001	0.666958	0.668957	2	0	0
8	50500001	0.666036	0.668957	2	0	0
8	51000001	0.649536	0.668957	2	0	0
8	51500001	0.647542	0.668957	2	0	0
8	52000001	0.662368	0.668957	2	0	0
8	52500001	0.660199	0.668957	2	0	0
8	53000001	0.664405	0.668957	2	0	0
8	53500001	0.665716	0.668957	2	0	0
8	54000001	0.660196	0.668957	2	0	0
8	54500001	0.676513	0.668957	2	0	0
8	55000001	0.683723	0.668957	2	0	0
8	55500001	0.652106	0.668957	2	0	0
8	56000001	0.626347	0.668957	2	0	0
8	56500001	0.655639	0.668957	2	0	0
8	57000001	0.683047	0.668957	2	0	0
8	57500001	0.6699	0.668957	2	0	0
8	58000001	0.657987	0.668957	2	0	0
8	58500001	0.703065	0.668957	2	0	0
8	59000001	0.654527	0.668957	2	0	0
8	59500001	0.690592	0.668957	2	0	0
8	60000001	0.697732	0.668957	2	0	0
8	60500001	0.689496	0.668957	2	0	0
8	61000001	0.699277	0.668957	2	0	0
8	61500001	0.693618	0.668957	2	0	0
8	62000001	0.684603	0.668957	2	0	0
8	62500001	0.680597	0.668957	2	0	0
8	63000001	0.644852	0.668957	2	0	0
8	63500001	0.661601	0.668957	2	0	0
8	64000001	0.711765	0.668957	2	0	0
8	64500001	0.682304	0.668957	2	0	0
8	65000001	0.689111	0.668957	2	0	0
8	65500001	0.667854	0.668957	2	0	0
8	66000001	0.722879	0.668957	2	0	0
8	66500001	0.690059	0.668957	2	0	0
8	67000001	0.658529	0.668957	2	0	0
8	67500001	0.665884	0.668957	2	0	0
8	68000001	0.658013	0.668957	2	0	0
8	68500001	0.677909	0.668957	2	0	0
8	69000001	0.652466	0.668957	2	0	0
8	69500001	0.63486	0.668957	2	0	0
8	70000001	0.671208	0.668957	2	0	0
8	70500001	0.659327	0.668957	2	0	0
8	71000001	0.691676	0.668957	2	0	0
8	71500001	0.661842	0.668957	2	0	0
8	72000001	0.651404	0.668957	2	0	0
8	72500001	0.674867	0.668957	2	0	0
8	73000001	0.666355	0.668957	2	0	0
8	73500001	0.621998	0.668957	2	0	0
8	74000001	0.676446	0.668957	2	0	0
8	74500001	0.679478	0.668957	2	0	0
8	75000001	0.688128	0.668957	2	0	0
8	75500001	0.674861	0.668957	2	0	0
8	76000001	0.697498	0.668957	2	0	0
8	76500001	0.681891	0.668957	2	0	0
8	77000001	0.696237	0.668957	2	0	0
8	77500001	0.653518	0.668957	2	0	0
8	78000001	0.663866	0.668957	2	0	0
8	78500001	0.663993	0.668957	2	0	0
8	79000001	0.68905	0.668957	2	0	0
8	79500001	0.664905	0.668957	2	0	0
8	80000001	0.967048	0.967048	3	0	0
8	80500001	1.29865	1.33037	4	0	0
8	81000001	1.33867	1.33037	4	0	0
8	81500001	1.32533	1.33037	4	0	0
8	82000001	1.34846	1.33037	4	0	0
8	82500001	1.3567	1.33037	4	0	0
8	83000001	1.33205	1.33037	4	0	0
8	83500001	1.33292	1.33037	4	0	0
8	84000001	1.28293	1.33037	4	0	0
8	84500001	1.32869	1.33037	4	0	0
8	85000001	1.30163	1.33037	4	0	0
8	85500001	3.44093	3.44093	10	0	0
8	86000001	1.30995	1.32942	4	0	0
8	86500001	1.32549	1.32942	4	0	0
8	87000001	1.33478	1.32942	4	0	0
8	87500001	1.35889	1.32942	4	0	0
8	88000001	1.3443	1.32942	4	0	0
8	88500001	1.32748	1.32942	4	0	0
8	89000001	1.30467	1.32942	4	0	0
8	89500001	1.30815	1.32942	4	0	0
8	90000001	1.34658	1.32942	4	0	0
8	90500001	1.35828	1.32942	4	0	0
8	91000001	1.31283	1.32942	4	0	0
8	91500001	1.36145	1.32942	4	0	0
8	92000001	1.26582	1.32942	4	0	0
8	92500001	1.31742	1.32942	4	0	0
8	93000001	1.32358	1.32942	4	0	0
8	93500001	1.4027	1.32942	4	0	0
8	94000001	1.37772	1.32942	4	0	0
8	94500001	1.28416	1.32942	4	0	0
8	95000001	1.36439	1.32942	4	0	0
8	95500001	1.30268	1.32942	4	0	0
8	96000001	1.31099	1.32942	4	0	0
8	96500001	1.33136	1.32942	4	0	0
8	97000001	1.35516	1.32942	4	0	0
8	97500001	1.30825	1.32942	4	0	0
8	98000001	1.32452	1.32942	4	0	0
8	98500001	1.34452	1.32942	4	0	0
8	99000001	1.32406	1.32942	4	0	0
8	99500001	1.31613	1.32942	4	0	0
8	100000001	1.35209	1.32942	4	0	0
8	100500001	1.29515	1.32942	4	0	0
8	101000001	1.37221	1.32942	4	0	0
8	101500001	1.32444	1.32942	4	0	0
8	102000001	1.29388	1.32942	4	0	0
8	102500001	1.38904	1.32942	4	0	0
8	103000001	1.33842	1.32942	4	0	0
8	103500001	1.37057	1.32942	4	0	0
8	104000001	1.3476	1.32942	4	0	0
8	104500001	1.35252	1.32942	4	0	0
8	105000001	1.30852	1.32942	4	0	0
8	105500001	1.36284	1.32942	4	0	0
8	106000001	1.65343	1.65979	5	0	0
8	106500001	1.71102	1.65979	5	0	0
8	107000001	1.7498	1.65979	5	0	0
8	107500001	1.61229	1.65979	5	0	0
8	108000001	1.66194	1.65979	5	0	0
8	108500001	1.68648	1.65979	5	0	0
8	109000001	1.65252	1.65979	5	0	0
8	109500001	1.63582	1.65979	5	0	0
8	110000001	1.63844	1.65979	5	0	0
8	110500001	1.65979	1.65979	5	0	0
8	111000001	1.68699	1.65979	5	0	0
8	111500001	1.723	1.65979	5	0	0
8	112000001	1.51905	1.65979	5	0	0
8	112500001	1.01499	1.01499	3	0	0
8	113000001	1.01666	1.01499	3	0	0
8	113500001	0.995161	1.01499	3	0	0
8	114000001	0.985079	1.01499	3	0	0
8	114500001	1.05738	1.01499	3	0	0
8	115000001	1.32798	1.343	4	0	0
8	115500001	1.36142	1.343	4	0	0
8	116000001	1.29074	1.343	4	0	0
8	116500001	1.35717	1.343	4	0	0
8	117000001	1.34262	1.343	4	0	0
8	117500001	1.39989	1.343	4	0	0
8	118000001	1.33248	1.343	4	0	0
8	118500001	1.4132	1.343	4	0	0
8	119000001	1.33716	1.343	4	0	0
8	119500001	1.29029	1.343	4	0	0
8	120000001	1.287	1.343	4	0	0
8	120500001	1.38856	1.343	4	0	0
8	121000001	1.39872	1.343	4	0	0
8	121500001	1.30773	1.343	4	0	0
8	122000001	1.34338	1.343	4	0	0
8	122500001	1.39412	1.343	4	0	0
8	123000001	1.32015	1.343	4	0	0
8	123500001	1.37546	1.343	4	0	0
8	124000001	1.16068	1.16068	3	0	0
8	124500001	0.323556	0.396405	1	0	0
8	125000001	0.469255	0.396405	1	0	0
8	125500001	1.35981	1.31987	4	0	0
8	126000001	1.31397	1.31987	4	0	0
8	126500001	1.28325	1.31987	4	0	0
8	127000001	1.37599	1.31987	4	0	0
8	127500001	1.36381	1.31987	4	0	0
8	128000001	1.34559	1.31987	4	0	0
8	128500001	1.3302	1.31987	4	0	0
8	129000001	1.34039	1.31987	4	0	0
8	129500001	1.38883	1.31987	4	0	0
8	130000001	1.34119	1.31987	4	0	0
8	130500001	1.36131	1.31987	4	0	0
8	131000001	1.32117	1.31987	4	0	0
8	131500001	1.36608	1.31987	4	0	0
8	132000001	1.34063	1.31987	4	0	0
8	132500001	1.29016	1.31987	4	0	0
8	133000001	1.34605	1.31987	4	0	0
8	133500001	1.25942	1.31987	4	0	0
8	134000001	1.26755	1.31987	4	0	0
8	134500001	1.27427	1.31987	4	0	0
8	135000001	1.30422	1.31987	4	0	0
8	135500001	1.27132	1.31987	4	0	0
8	136000001	1.27103	1.31987	4	0	0
8	136500001	1.29738	1.31987	4	0	0
8	137000001	1.28333	1.31987	4	0	0
8	137500001	1.30352	1.31987	4	0	0
8	138000001	1.316	1.31987	4	0	0
8	138500001	1.26155	1.31987	4	0	0
8	139000001	1.2756	1.31987	4	0	0
8	139500001	1.33614	1.31987	4	0	0
8	140000001	1.28124	1.31987	4	0	0
8	140500001	1.2884	1.31987	4	0	0
8	141000001	1.36483	1.31987	4	0	0
8	141500001	1.38762	1.31987	4	0	0
8	142000001	1.30367	1.31987	4	0	0
8	142500001	1.33581	1.31987	4	0	0
8	143000001	1.33003	1.31987	4	0	0
8	143500001	1.33656	1.31987	4	0	0
8	144000001	1.31788	1.31987	4	0	0
8	144500001	1.31987	1.31987	4	0	0
8	145000001	-1	-1	-1	0	0
9	1	0.941527	0.977354	3	0	0
9	500001	0.977354	0.977354	3	0	0
9	1000001	0.968272	0.977354	3	0	0
9	1500001	0.999138	0.977354	3	0	0
9	2000001	0.996177	0.977354	3	0	0
9	2500001	0.989049	0.977354	3	0	0
9	3000001	0.977181	0.977354	3	0	0
9	3500001	0.499503	0.33781	1	0	0
9	4000001	0.338299	0.33781	1	0	0
9	4500001	0.331224	0.33781	1	0	0
9	5000001	0.362397	0.33781	1	0	0
9	5500001	0.344318	0.33781	1	0	0
9	6000001	0.34713	0.33781	1	0	0
9	6500001	0.314963	0.33781	1	0	0
9	7000001	0.33732	0.33781	1	0	0
9	7500001	0.347367	0.33781	1	0	0
9	8000001	0.346297	0.33781	1	0	0
9	8500001	0.313891	0.33781	1	0	0
9	9000001	0.320408	0.33781	1	0	0
9	9500001	0.328505	0.33781	1	0	0
9	10000001	0.329577	0.33781	1	0	0
9	10500001	0.325524	0.33781	1	0	0
9	11000001	0.319029	0.33781	1	0	0
9	11500001	0.345588	0.33781	1	0	0
9	12000001	0.334979	0.33781	1	0	0
9	12500001	0.330305	0.33781	1	0	0
9	13000001	0.340314	0.33781	1	0	0
9	13500001	0.340762	0.33781	1	0	0
9	14000001	0.352019	0.33781	1	0	0
9	14500001	0.342682	0.33781	1	0	0
9	15000001	0.323111	0.33781	1	0	0
9	15500001	0.349438	0.33781	1	0	0
9	16000001	0.311345	0.33781	1	0	0
9	16500001	0.000566504	0.00375424	0	0	0
9	17000001	0.00375424	0.00375424	0	0	0
9	17500001	0.00568006	0.00375424	0	0	0
9	18000001	0.591465	0.65449	2	0	0
9	18500001	0.686116	0.65449	2	0	0
9	19000001	0.640936	0.65449	2	0	0
9	19500001	0.671399	0.65449	2	0	0
9	20000001	0.668044	0.65449	2	0	0
9	20500001	0.43758	0.65449	2	0	0
9	21000001	0.000286946	0.00175161	0	0	0
9	21500001	0.00426864	0.00175161	0	0	0
9	22000001	0.00229839	0.00175161	0	0	0
9	22500001	0.00204838	0.00175161	0	0	0
9	23000001	0	0.00175161	0	0	0
9	23500001	0.00142533	0.00175161	0	0	0
9	24000001	0.00145484	0.00175161	0	0	0
9	24500001	0.0808171	0.00175161	0	0	0
9	25000001	0.341001	0.341825	1	0	0
9	25500001	0.34265	0.341825	1	0	0
9	26000001	0.992039	1.00007	3	0	0
9	26500001	0.97937	1.00007	3	0	0
9	27000001	1.00146	1.00007	3	0	0
9	27500001	0.993514	1.00007	3	0	0
9	28000001	0.998366	1.00007	3	0	0
9	28500001	1.01358	1.00007	3	0	0
9	29000001	1.02166	1.00007	3	0	0
9	29500001	0.995053	1.00007	3	0	0
9	30000001	1.00821	1.00007	3	0	0
9	30500001	0.992254	1.00007	3	0	0
9	31000001	1.01009	1.00007	3	0	0
9	31500001	0.992384	1.00007	3	0	0
9	32000001	1.04913	1.00007	3	0	0
9	32500001	1.04933	1.00007	3	0	0
9	33000001	1.01409	1.00007	3	0	0
9	33500001	1.03427	1.00007	3	0	0
9	34000001	0.998677	1.00007	3	0	0
9	34500001	1.024	1.00007	3	0	0
9	35000001	1.04051	1.00007	3	0	0
9	35500001	0.962114	1.00007	3	0	0
9	36000001	0.991093	1.00007	3	0	0
9	36500001	1.01007	1.00007	3	0	0
9	37000001	0.986153	1.00007	3	0	0
9	37500001	0.979352	1.00007	3	0	0
9	38000001	1.04573	1.00007	3	0	0
9	38500001	1.06582	1.00007	3	0	0
9	39000001	0.920562	1.00007	3	0	0
9	39500001	0.932618	1.00007	3	0	0
9	40000001	0.903417	1.00007	3	0	0
9	40500001	1.11067	1.00007	3	0	0
9	41000001	1.11714	1.00007	3	0	0
9	41500001	0.889095	1.00007	3	0	0
9	42000001	0.446745	0.446745	1	0	0
9	42500001	0.738702	0.738702	2	0	0
9	43000001	1.35351	1.35351	4	0	0
9	43500001	3.04967	3.04967	9	0	0
9	44000001	2.43488	2.43488	7	0	0
9	44500001	1.59402	1.59402	5	0	0
9	45000001	1.09633	-1	-1	0	0
9	45500001	-1	-1	-1	0	0
9	46000001	-1	-1	-1	0	0
9	46500001	-1	-1	-1	0	0
9	47000001	-1	-1	-1	0	0
9	47500001	-1	-1	-1	0	0
9	48000001	-1	-1	-1	0	0
9	48500001	-1	-1	-1	0	0
9	49000001	-1	-1	-1	0	0
9	49500001	-1	-1	-1	0	0
9	50000001	-1	-1	-1	0	0
9	50500001	-1	-1	-1	0	0
9	51000001	-1	-1	-1	0	0
9	51500001	-1	-1	-1	0	0
9	52000001	-1	-1	-1	0	0
9	52500001	-1	-1	-1	0	0
9	53000001	-1	-1	-1	0	0
9	53500001	-1	-1	-1	0	0
9	54000001	-1	-1	-1	0	0
9	54500001	-1	-1	-1	0	0
9	55000001	-1	-1	-1	0	0
9	55500001	-1	-1	-1	0	0
9	56000001	-1	-1	-1	0	0
9	56500001	-1	-1	-1	0	0
9	57000001	-1	-1	-1	0	0
9	57500001	-1	-1	-1	0	0
9	58000001	-1	-1	-1	0	0
9	58500001	-1	-1	-1	0	0
9	59000001	-1	-1	-1	0	0
9	59500001	-1	-1	-1	0	0
9	60000001	-1	-1	-1	0	0
9	60500001	-1	-1	-1	0	0
9	61000001	-1	-1	-1	0	0
9	61500001	1.11128	-1	-1	0	0
9	62000001	-1	-1	-1	0	0
9	62500001	-1	-1	-1	0	0
9	63000001	0.751327	0.70921	2	0	0
9	63500001	-1	0.70921	2	0	0
9	64000001	-1	0.70921	2	0	0
9	64500001	0.667093	0.70921	2	0	0
9	65000001	-1	-1	-1	0	0
9	65500001	1.0076	1.00363	3	0	0
9	66000001	-1	1.00363	3	0	0
9	66500001	-1	1.00363	3	0	0
9	67000001	0.882789	1.00363	3	0	0
9	67500001	-1	1.00363	3	0	0
9	68000001	-1	1.00363	3	0	0
9	68500001	0.985875	1.00363	3	0	0
9	69000001	0.966525	1.00363	3	0	0
9	69500001	1.01572	1.00363	3	0	0
9	70000001	1.03902	1.00363	3	0	0
9	70500001	0.923215	1.00363	3	0	0
9	71000001	0.992017	1.00363	3	0	0
9	71500001	0.941327	1.00363	3	0	0
9	72000001	0.992567	1.00363	3	0	0
9	72500001	1.02156	1.00363	3	0	0
9	73000001	1.03073	1.00363	3	0	0
9	73500001	1.01109	1.00363	3	0	0
9	74000001	0.975273	1.00363	3	0	0
9	74500001	0.998039	1.00363	3	0	0
9	75000001	0.983624	1.00363	3	0	0
9	75500001	0.991015	1.00363	3	0	0
9	76000001	1.01982	1.00363	3	0	0
9	76500001	0.993438	1.00363	3	0	0
9	77000001	0.981981	1.00363	3	0	0
9	77500001	0.991978	1.00363	3	0	0
9	78000001	0.991416	1.00363	3	0	0
9	78500001	1.01448	1.00363	3	0	0
9	79000001	1.00316	1.00363	3	0	0
9	79500001	1.02925	1.00363	3	0	0
9	80000001	1.02629	1.00363	3	0	0
9	80500001	0.950784	1.00363	3	0	0
9	81000001	1.0305	1.00363	3	0	0
9	81500001	0.955355	1.00363	3	0	0
9	82000001	1.02209	1.00363	3	0	0
9	82500001	1.04871	1.00363	3	0	0
9	83000001	1.00088	1.00363	3	0	0
9	83500001	0.976079	1.00363	3	0	0
9	84000001	0.998163	1.00363	3	0	0
9	84500001	1.03671	1.00363	3	0	0
9	85000001	0.986717	1.00363	3	0	0
9	85500001	1.0283	1.00363	3	0	0
9	86000001	1.01551	1.00363	3	0	0
9	86500001	1.00518	1.00363	3	0	0
9	87000001	0.968513	1.00363	3	0	0
9	87500001	0.95079	1.00363	3	0	0
9	88000001	0.914029	1.00363	3	0	0
9	88500001	1.00442	1.00363	3	0	0
9	89000001	1.02012	1.00363	3	0	0
9	89500001	0.998413	1.00363	3	0	0
9	90000001	0.973326	1.00363	3	0	0
9	90500001	1.00699	1.00363	3	0	0
9	91000001	0.982202	1.00363	3	0	0
9	91500001	0.998117	1.00363	3	0	0
9	92000001	1.00754	1.00363	3	0	0
9	92500001	0.98207	1.00363	3	0	0
9	93000001	0.99682	1.00363	3	0	0
9	93500001	0.999618	1.00363	3	0	0
9	94000001	0.985575	1.00363	3	0	0
9	94500001	1.03778	1.00363	3	0	0
9	95000001	0.983196	1.00363	3	0	0
9	95500001	0.999276	1.00363	3	0	0
9	96000001	0.98809	1.00363	3	0	0
9	96500001	0.998173	1.00363	3	0	0
9	97000001	1.02545	1.00363	3	0	0
9	97500001	1.00762	1.00363	3	0	0
9	98000001	1.01983	1.00363	3	0	0
9	98500001	1.05219	1.00363	3	0	0
9	99000001	1.04048	1.00363	3	0	0
9	99500001	1.03407	1.00363	3	0	0
9	100000001	0.965406	1.00363	3	0	0
9	100500001	1.03638	1.00363	3	0	0
9	101000001	1.02337	1.00363	3	0	0
9	101500001	1.01779	1.00363	3	0	0
9	102000001	1.02486	1.00363	3	0	0
9	102500001	0.997178	1.00363	3	0	0
9	103000001	1.00013	1.00363	3	0	0
9	103500001	1.0197	1.00363	3	0	0
9	104000001	1.01705	1.00363	3	0	0
9	104500001	1.00835	1.00363	3	0	0
9	105000001	1.01414	1.00363	3	0	0
9	105500001	1.0381	1.00363	3	0	0
9	106000001	1.02076	1.00363	3	0	0
9	106500001	1.04326	1.00363	3	0	0
9	107000001	0.993154	1.00363	3	0	0
9	107500001	0.963476	1.00363	3	0	0
9	108000001	1.0166	1.00363	3	0	0
9	108500001	1.0359	1.00363	3	0	0
9	109000001	1.00047	1.00363	3	0	0
9	109500001	1.03233	1.00363	3	0	0
9	110000001	0.997234	1.00363	3	0	0
9	110500001	1.05535	1.00363	3	0	0
9	111000001	0.990533	1.00363	3	0	0
9	111500001	0.9783	1.00363	3	0	0
9	112000001	1.01289	1.00363	3	0	0
9	112500001	0.976874	1.00363	3	0	0
9	113000001	1.05489	1.00363	3	0	0
9	113500001	1.0323	1.00363	3	0	0
9	114000001	1.02983	1.00363	3	0	0
9	114500001	1.04404	1.00363	3	0	0
9	115000001	1.03184	1.00363	3	0	0
9	115500001	1.00139	1.00363	3	0	0
9	116000001	1.02767	1.00363	3	0	0
9	116500001	0.944768	1.00363	3	0	0
9	117000001	0.982674	1.00363	3	0	0
9	117500001	0.991086	1.00363	3	0	0
9	118000001	0.966698	1.00363	3	0	0
9	118500001	0.968506	1.00363	3	0	0
9	119000001	0.992845	1.00363	3	0	0
9	119500001	0.986646	1.00363	3	0	0
9	120000001	1.05623	1.00363	3	0	0
9	120500001	1.01125	1.00363	3	0	0
9	121000001	1.06658	1.00363	3	0	0
9	121500001	1.05398	1.00363	3	0	0
9	122000001	0.995846	1.00363	3	0	0
9	122500001	1.00464	1.00363	3	0	0
9	123000001	1.01933	1.00363	3	0	0
9	123500001	1.0272	1.00363	3	0	0
9	124000001	1.02506	1.00363	3	0	0
9	124500001	1.00641	1.00363	3	0	0
9	125000001	0.961679	1.00363	3	0	0
9	125500001	0.964636	1.00363	3	0	0
9	126000001	1.00016	1.00363	3	0	0
9	126500001	0.985863	1.00363	3	0	0
9	127000001	1.00883	1.00363	3	0	0
9	127500001	1.01834	1.00363	3	0	0
9	128000001	0.968463	1.00363	3	0	0
9	128500001	1.00789	1.00363	3	0	0
9	129000001	1.04148	1.00363	3	0	0
9	129500001	0.977494	1.00363	3	0	0
9	130000001	0.990547	1.00363	3	0	0
9	130500001	1.01194	1.00363	3	0	0
9	131000001	0.973943	1.00363	3	0	0
9	131500001	1.00449	1.00363	3	0	0
9	132000001	0.985218	1.00363	3	0	0
9	132500001	0.997012	1.00363	3	0	0
9	133000001	0.997581	1.00363	3	0	0
9	133500001	1.01258	1.00363	3	0	0
9	134000001	1.0048	1.00363	3	0	0
9	134500001	1.03057	1.00363	3	0	0
9	135000001	1.00967	1.00363	3	0	0
9	135500001	0.974661	1.00363	3	0	0
9	136000001	0.979009	1.00363	3	0	0
9	136500001	0.996551	1.00363	3	0	0
9	137000001	1.00583	1.00363	3	0	0
9	137500001	1.00363	1.00363	3	0	0
9	138000001	-1	-1	-1	0	0
GL000008.2	1	0.526097	0.526097	2	0	0
GL000009.2	1	0.262047	0.262047	1	0	0
GL000194.1	1	0.550614	0.550614	2	0	0
GL000195.1	1	0.319331	0.319331	1	0	0
GL000205.2	1	0.34908	0.34908	1	0	0
GL000208.1	1	-1	-1	-1	0	0
GL000213.1	1	2.98498	2.98498	9	0	0
GL000214.1	1	0.134554	0.134554	0	0	0
GL000216.2	1	0.340309	0.340309	1	0	0
GL000218.1	1	0.394994	0.394994	1	0	0
GL000219.1	1	0.430385	0.430385	1	0	0
GL000220.1	1	0.400401	0.400401	1	0	0
GL000221.1	1	0.284787	0.284787	1	0	0
GL000224.1	1	0.292427	0.292427	1	0	0
GL000225.1	1	0.521045	0.521045	2	0	0
GL000226.1	1	-1	-1	-1	0	0
KI270302.1	1	0.00934502	0.00934502	0	0	0
KI270303.1	1	0.00286944	0.00286944	0	0	0
KI270304.1	1	0.00963026	0.00963026	0	0	0
KI270305.1	1	0.000854907	0.000854907	0	0	0
KI270310.1	1	0.00628803	0.00628803	0	0	0
KI270311.1	1	0.015166	0.015166	0	0	0
KI270312.1	1	0	0	0	0	0
KI270315.1	1	0.00225505	0.00225505	0	0	0
KI270316.1	1	0.00113122	0.00113122	0	0	0
KI270317.1	1	0	0	0	0	0
KI270320.1	1	0.0103981	0.0103981	0	0	0
KI270322.1	1	0.83617	0.83617	3	0	0
KI270329.1	1	0.00284828	0.00284828	0	0	0
KI270330.1	1	0.0014722	0.0014722	0	0	0
KI270333.1	1	0.00145047	0.00145047	0	0	0
KI270334.1	1	0.0040599	0.0040599	0	0	0
KI270335.1	1	0.00057049	0.00057049	0	0	0
KI270336.1	1	0.000867349	0.000867349	0	0	0
KI270337.1	1	0.00197813	0.00197813	0	0	0
KI270338.1	1	0.00557479	0.00557479	0	0	0
KI270340.1	1	0.00113017	0.00113017	0	0	0
KI270362.1	1	0.0187591	0.0187591	0	0	0
KI270363.1	1	0.000577653	0.000577653	0	0	0
KI270364.1	1	0.00317701	0.00317701	0	0	0
KI270366.1	1	0.0250196	0.0250196	0	0	0
KI270371.1	1	0.249702	0.249702	1	0	0
KI270372.1	1	0.00141922	0.00141922	0	0	0
KI270373.1	1	0.00198106	0.00198106	0	0	0
KI270374.1	1	0.00832859	0.00832859	0	0	0
KI270375.1	1	0.0169538	0.0169538	0	0	0
KI270376.1	1	0.320935	0.320935	1	0	0
KI270378.1	1	0	0	0	0	0
KI270379.1	1	0.00547983	0.00547983	0	0	0
KI270381.1	1	0.00341713	0.00341713	0	0	0
KI270382.1	1	0.016556	0.016556	0	0	0
KI270383.1	1	0.00144498	0.00144498	0	0	0
KI270384.1	1	0.0401618	0.0401618	0	0	0
KI270385.1	1	0.00510763	0.00510763	0	0	0
KI270386.1	1	0.028512	0.028512	0	0	0
KI270387.1	1	0.000577505	0.000577505	0	0	0
KI270388.1	1	0.0173471	0.0173471	0	0	0
KI270389.1	1	0.278653	0.278653	1	0	0
KI270390.1	1	0.00263274	0.00263274	0	0	0
KI270391.1	1	0.00592171	0.00592171	0	0	0
KI270392.1	1	0	0	0	0	0
KI270393.1	1	0.00963713	0.00963713	0	0	0
KI270395.1	1	0.0011643	0.0011643	0	0	0
KI270396.1	1	0.00171426	0.00171426	0	0	0
KI270411.1	1	0.0066009	0.0066009	0	0	0
KI270412.1	1	0.0124487	0.0124487	0	0	0
KI270414.1	1	0.010831	0.010831	0	0	0
KI270417.1	1	0.012121	0.012121	0	0	0
KI270418.1	1	0.00347996	0.00347996	0	0	0
KI270419.1	1	0.0587152	0.0587152	0	0	0
KI270420.1	1	0.0134831	0.0134831	0	0	0
KI270422.1	1	0.000285834	0.000285834	0	0	0
KI270423.1	1	0.000872329	0.000872329	0	0	0
KI270424.1	1	0.006116	0.006116	0	0	0
KI270425.1	1	0.00605259	0.00605259	0	0	0
KI270429.1	1	0	0	0	0	0
KI270435.1	1	0.286664	0.286664	1	0	0
KI270438.1	1	0.1651	0.1651	0	0	0
KI270442.1	1	1.9333	1.9333	6	0	0
KI270448.1	1	0.0104895	0.0104895	0	0	0
KI270465.1	1	0.00114903	0.00114903	0	0	0
KI270466.1	1	0	0	0	0	0
KI270467.1	1	0.00758709	0.00758709	0	0	0
KI270468.1	1	0.971934	0.971934	3	0	0
KI270507.1	1	0.0411909	0.0411909	0	0	0
KI270508.1	1	0.00567634	0.00567634	0	0	0
KI270509.1	1	0.00200174	0.00200174	0	0	0
KI270510.1	1	0.00636363	0.00636363	0	0	0
KI270511.1	1	0.0193111	0.0193111	0	0	0
KI270512.1	1	-1	-1	-1	0	0
KI270515.1	1	0.0391491	0.0391491	0	0	0
KI270516.1	1	0	0	0	0	0
KI270517.1	1	0.0124592	0.0124592	0	0	0
KI270518.1	1	0.000570041	0.000570041	0	0	0
KI270519.1	1	0.588794	0.588794	2	0	0
KI270521.1	1	0.00877281	0.00877281	0	0	0
KI270522.1	1	0.0269505	0.0269505	0	0	0
KI270528.1	1	0.108762	0.108762	0	0	0
KI270529.1	1	0.00170925	0.00170925	0	0	0
KI270530.1	1	0.000852626	0.000852626	0	0	0
KI270538.1	1	0.128722	0.128722	0	0	0
KI270539.1	1	0.00173852	0.00173852	0	0	0
KI270544.1	1	0.00852189	0.00852189	0	0	0
KI270548.1	1	0.00458865	0.00458865	0	0	0
KI270579.1	1	0	0	0	0	0
KI270580.1	1	0.00174842	0.00174842	0	0	0
KI270581.1	1	0.00992797	0.00992797	0	0	0
KI270582.1	1	0.0405934	0.0405934	0	0	0
KI270583.1	1	0.00113246	0.00113246	0	0	0
KI270584.1	1	0.0569317	0.0569317	0	0	0
KI270587.1	1	0.00408281	0.00408281	0	0	0
KI270588.1	1	0.0465742	0.0465742	0	0	0
KI270589.1	1	0.00704284	0.00704284	0	0	0
KI270590.1	1	0.0204183	0.0204183	0	0	0
KI270591.1	1	0.00723187	0.00723187	0	0	0
KI270593.1	1	0.00176826	0.00176826	0	0	0
KI270706.1	1	0.303976	0.303976	1	0	0
KI270707.1	1	0.0355238	0.0355238	0	0	0
KI270708.1	1	0.297216	0.297216	1	0	0
KI270709.1	1	0.154014	0.154014	0	0	0
KI270710.1	1	0.0669239	0.0669239	0	0	0
KI270711.1	1	0.0854048	0.0854048	0	0	0
KI270712.1	1	0.403158	0.403158	1	0	0
KI270713.1	1	0.176212	0.176212	1	0	0
KI270714.1	1	0.149343	0.149343	0	0	0
KI270715.1	1	0.552936	0.552936	2	0	0
KI270716.1	1	0.133018	0.133018	0	0	0
KI270717.1	1	0.0759352	0.0759352	0	0	0
KI270718.1	1	-1	-1	-1	0	0
KI270719.1	1	1.76231	1.76231	5	0	0
KI270720.1	1	0.100829	0.100829	0	0	0
KI270721.1	1	0.195899	0.195899	1	0	0
KI270722.1	1	0.581203	0.581203	2	0	0
KI270723.1	1	0.0788108	0.0788108	0	0	0
KI270724.1	1	0.0651019	0.0651019	0	0	0
KI270725.1	1	0.780108	0.780108	2	0	0
KI270726.1	1	0.329103	0.329103	1	0	0
KI270727.1	1	1.07536	1.07536	3	0	0
KI270728.1	1	0.354886	0.354886	1	0	0
KI270729.1	1	2.96722	2.96722	9	0	0
KI270730.1	1	-1	-1	-1	0	0
KI270731.1	1	0.557655	0.557655	2	0	0
KI270732.1	1	0.148989	0.148989	0	0	0
KI270733.1	1	1.07972	1.07972	3	0	0
KI270734.1	1	0.0674342	0.0674342	0	0	0
KI270735.1	1	0.128484	0.128484	0	0	0
KI270736.1	1	2.5147	2.5147	8	0	0
KI270737.1	1	0.0935816	0.0935816	0	0	0
KI270738.1	1	0.0600173	0.0600173	0	0	0
KI270739.1	1	0.324385	0.324385	1	0	0
KI270740.1	1	0.0340914	0.0340914	0	0	0
KI270741.1	1	0.444959	0.444959	1	0	0
KI270742.1	1	0.595383	0.595383	2	0	0
KI270743.1	1	0.650649	0.650649	2	0	0
KI270744.1	1	0.176624	0.176624	1	0	0
KI270745.1	1	0.0497681	0.0497681	0	0	0
KI270746.1	1	0.120863	0.120863	0	0	0
KI270747.1	1	0.283301	0.283301	1	0	0
KI270748.1	1	0.213721	0.213721	1	0	0
KI270749.1	1	0.145347	0.145347	0	0	0
KI270750.1	1	0.28966	0.28966	1	0	0
KI270751.1	1	0.373836	0.373836	1	0	0
KI270752.1	1	0.0219357	0.0219357	0	0	0
KI270753.1	1	-1	-1	-1	0	0
KI270754.1	1	0.0715971	0.0715971	0	0	0
KI270755.1	1	0.069028	0.069028	0	0	0
KI270756.1	1	0.048233	0.048233	0	0	0
KI270757.1	1	2.82189	2.82189	8	0	0
MT	1	11.1536	11.1536	33	0	0
X	1	-1	-1	-1	0	0
X	500001	0.875404	0.875404	3	0	0
X	1000001	0.906872	0.875404	3	0	0
X	1500001	0.86648	0.875404	3	0	0
X	2000001	-1	-1	3	0	0
X	2500001	0.969666	0.978294	3	0	0
X	3000001	0.992306	0.978294	3	0	0
X	3500001	0.872231	0.978294	3	0	0
X	4000001	0.986698	0.978294	3	0	0
X	4500001	0.965101	0.978294	3	0	0
X	5000001	0.980248	0.978294	3	0	0
X	5500001	0.991886	0.978294	3	0	0
X	6000001	0.976341	0.978294	3	0	0
X	6500001	0.969167	0.978294	3	0	0
X	7000001	1.03622	0.978294	3	0	0
X	7500001	1.34284	1.34284	4	0	0
X	8000001	1.12003	0.995472	3	0	0
X	8500001	1.01857	0.995472	3	0	0
X	9000001	1.01389	0.995472	3	0	0
X	9500001	0.924056	0.995472	3	0	0
X	10000001	1.03939	0.995472	3	0	0
X	10500001	1.02818	0.995472	3	0	0
X	11000001	1.0194	0.995472	3	0	0
X	11500001	1.02198	0.995472	3	0	0
X	12000001	0.991286	0.995472	3	0	0
X	12500001	1.02445	0.995472	3	0	0
X	13000001	1.0732	0.995472	3	0	0
X	13500001	1.01741	0.995472	3	0	0
X	14000001	1.01426	0.995472	3	0	0
X	14500001	1.01216	0.995472	3	0	0
X	15000001	1.03991	0.995472	3	0	0
X	15500001	1.03382	0.995472	3	0	0
X	16000001	1.03461	0.995472	3	0	0
X	16500001	0.995703	0.995472	3	0	0
X	17000001	0.990662	0.995472	3	0	0
X	17500001	1.02181	0.995472	3	0	0
X	18000001	0.966213	0.995472	3	0	0
X	18500001	0.951951	0.995472	3	0	0
X	19000001	0.979831	0.995472	3	0	0
X	19500001	0.973197	0.995472	3	0	0
X	20000001	0.982379	0.995472	3	0	0
X	20500001	1.02534	0.995472	3	0	0
X	21000001	1.04081	0.995472	3	0	0
X	21500001	0.986342	0.995472	3	0	0
X	22000001	0.982352	0.995472	3	0	0
X	22500001	0.992438	0.995472	3	0	0
X	23000001	0.987284	0.995472	3	0	0
X	23500001	0.995472	0.995472	3	0	0
X	24000001	0.959132	0.995472	3	0	0
X	24500001	0.976513	0.995472	3	0	0
X	25000001	0.977521	0.995472	3	0	0
X	25500001	1.04293	0.995472	3	0	0
X	26000001	1.01781	0.995472	3	0	0
X	26500001	0.982341	0.995472	3	0	0
X	27000001	0.972119	0.995472	3	0	0
X	27500001	0.961581	0.995472	3	0	0
X	28000001	1.00037	0.995472	3	0	0
X	28500001	0.996883	0.995472	3	0	0
X	29000001	0.965688	0.995472	3	0	0
X	29500001	0.996832	0.995472	3	0	0
X	30000001	0.991382	0.995472	3	0	0
X	30500001	0.984553	0.995472	3	0	0
X	31000001	0.982777	0.995472	3	0	0
X	31500001	0.999833	0.995472	3	0	0
X	32000001	0.992766	0.995472	3	0	0
X	32500001	0.980086	0.995472	3	0	0
X	33000001	0.997954	0.995472	3	0	0
X	33500001	0.977491	0.995472	3	0	0
X	34000001	0.999882	0.995472	3	0	0
X	34500001	0.974979	0.995472	3	0	0
X	35000001	0.975206	0.995472	3	0	0
X	35500001	0.963691	0.995472	3	0	0
X	36000001	0.964055	0.995472	3	0	0
X	36500001	1.00407	0.995472	3	0	0
X	37000001	-1	0.995472	3	0	0
X	37500001	1.02559	0.995472	3	0	0
X	38000001	1.02268	0.995472	3	0	0
X	38500001	0.996475	0.995472	3	0	0
X	39000001	0.979102	0.995472	3	0	0
X	39500001	0.973484	0.995472	3	0	0
X	40000001	1.02679	0.995472	3	0	0
X	40500001	0.97882	0.995472	3	0	0
X	41000001	0.915493	0.995472	3	0	0
X	41500001	1.00713	0.995472	3	0	0
X	42000001	1.01847	0.995472	3	0	0
X	42500001	1.02227	0.995472	3	0	0
X	43000001	0.972254	0.995472	3	0	0
X	43500001	1.05688	0.995472	3	0	0
X	44000001	0.957481	0.995472	3	0	0
X	44500001	0.936239	0.995472	3	0	0
X	45000001	1.04821	0.995472	3	0	0
X	45500001	1.03461	0.995472	3	0	0
X	46000001	1.00685	0.995472	3	0	0
X	46500001	0.986946	0.995472	3	0	0
X	47000001	0.954576	0.995472	3	0	0
X	47500001	1.02697	0.995472	3	0	0
X	48000001	0.959504	0.995472	3	0	0
X	48500001	0.958028	0.995472	3	0	0
X	49000001	-1	0.995472	3	0	0
X	49500001	1.10491	0.995472	3	0	0
X	50000001	0.939756	0.995472	3	0	0
X	50500001	0.963436	0.995472	3	0	0
X	51000001	1.00538	0.995472	3	0	0
X	51500001	0.810137	0.669202	2	0	0
X	52000001	0.677996	0.669202	2	0	0
X	52500001	0.676379	0.669202	2	0	0
X	53000001	0.667727	0.669202	2	0	0
X	53500001	0.669202	0.669202	2	0	0
X	54000001	0.66115	0.669202	2	0	0
X	54500001	0.658881	0.669202	2	0	0
X	55000001	0.694938	0.669202	2	0	0
X	55500001	0.666522	0.669202	2	0	0
X	56000001	0.680089	0.669202	2	0	0
X	56500001	0.667842	0.669202	2	0	0
X	57000001	0.635371	0.669202	2	0	0
X	57500001	0.681624	0.669202	2	0	0
X	58000001	0.683935	0.669202	2	0	0
X	58500001	0.633562	0.669202	2	0	0
X	59000001	0.58479	0.535644	2	0	0
X	59500001	0.514102	0.535644	2	0	0
X	60000001	0.535644	0.535644	2	0	0
X	60500001	0.516666	0.535644	2	0	0
X	61000001	0.542888	0.535644	2	0	0
X	61500001	0.517544	0.535644	2	0	0
X	62000001	0.547964	0.535644	2	0	0
X	62500001	0.701249	0.668389	2	0	0
X	63000001	0.700581	0.668389	2	0	0
X	63500001	0.70254	0.668389	2	0	0
X	64000001	0.690447	0.668389	2	0	0
X	64500001	0.670592	0.668389	2	0	0
X	65000001	0.665788	0.668389	2	0	0
X	65500001	0.667146	0.668389	2	0	0
X	66000001	0.6887	0.668389	2	0	0
X	66500001	0.669177	0.668389	2	0	0
X	67000001	0.662596	0.668389	2	0	0
X	67500001	0.665668	0.668389	2	0	0
X	68000001	0.664099	0.668389	2	0	0
X	68500001	0.676272	0.668389	2	0	0
X	69000001	0.678631	0.668389	2	0	0
X	69500001	0.660735	0.668389	2	0	0
X	70000001	0.684528	0.668389	2	0	0
X	70500001	0.647411	0.668389	2	0	0
X	71000001	0.631954	0.668389	2	0	0
X	71500001	0.637818	0.668389	2	0	0
X	72000001	0.697596	0.668389	2	0	0
X	72500001	0.660279	0.668389	2	0	0
X	73000001	0.686564	0.668389	2	0	0
X	73500001	0.703068	0.668389	2	0	0
X	74000001	0.681676	0.668389	2	0	0
X	74500001	0.706983	0.668389	2	0	0
X	75000001	0.662438	0.668389	2	0	0
X	75500001	0.710397	0.668389	2	0	0
X	76000001	0.701164	0.668389	2	0	0
X	76500001	0.684839	0.668389	2	0	0
X	77000001	0.63816	0.668389	2	0	0
X	77500001	0.599496	0.668389	2	0	0
X	78000001	0.691157	0.668389	2	0	0
X	78500001	0.684605	0.668389	2	0	0
X	79000001	0.673209	0.668389	2	0	0
X	79500001	0.65135	0.668389	2	0	0
X	80000001	0.677811	0.668389	2	0	0
X	80500001	0.67211	0.668389	2	0	0
X	81000001	0.695877	0.668389	2	0	0
X	81500001	0.685301	0.668389	2	0	0
X	82000001	0.650292	0.668389	2	0	0
X	82500001	0.683334	0.668389	2	0	0
X	83000001	0.692962	0.668389	2	0	0
X	83500001	0.661772	0.668389	2	0	0
X	84000001	0.691471	0.668389	2	0	0
X	84500001	0.673436	0.668389	2	0	0
X	85000001	0.685437	0.668389	2	0	0
X	85500001	0.663028	0.668389	2	0	0
X	86000001	0.660875	0.668389	2	0	0
X	86500001	0.685222	0.668389	2	0	0
X	87000001	0.664283	0.668389	2	0	0
X	87500001	0.669413	0.668389	2	0	0
X	88000001	0.667977	0.668389	2	0	0
X	88500001	0.68645	0.668389	2	0	0
X	89000001	0.638746	0.668389	2	0	0
X	89500001	0.606335	0.668389	2	0	0
X	90000001	0.644103	0.668389	2	0	0
X	90500001	0.646358	0.668389	2	0	0
X	91000001	0.624817	0.668389	2	0	0
X	91500001	0.666272	0.668389	2	0	0
X	92000001	0.631131	0.668389	2	0	0
X	92500001	0.64519	0.668389	2	0	0
X	93000001	0.64018	0.668389	2	0	0
X	93500001	0.647577	0.668389	2	0	0
X	94000001	0.676566	0.668389	2	0	0
X	94500001	0.669807	0.668389	2	0	0
X	95000001	0.659145	0.668389	2	0	0
X	95500001	0.652584	0.668389	2	0	0
X	96000001	0.691111	0.668389	2	0	0
X	96500001	0.665136	0.668389	2	0	0
X	97000001	0.627792	0.668389	2	0	0
X	97500001	0.700306	0.668389	2	0	0
X	98000001	0.67378	0.668389	2	0	0
X	98500001	0.692263	0.668389	2	0	0
X	99000001	0.667442	0.668389	2	0	0
X	99500001	0.664831	0.668389	2	0	0
X	100000001	0.704766	0.668389	2	0	0
X	100500001	0.680249	0.668389	2	0	0
X	101000001	0.649779	0.668389	2	0	0
X	101500001	0.683136	0.668389	2	0	0
X	102000001	0.649955	0.668389	2	0	0
X	102500001	0.676705	0.668389	2	0	0
X	103000001	0.665033	0.668389	2	0	0
X	103500001	0.665244	0.668389	2	0	0
X	104000001	0.675508	0.668389	2	0	0
X	104500001	0.693313	0.668389	2	0	0
X	105000001	0.656225	0.668389	2	0	0
X	105500001	0.672047	0.668389	2	0	0
X	106000001	0.674745	0.668389	2	0	0
X	106500001	0.683637	0.668389	2	0	0
X	107000001	0.701313	0.668389	2	0	0
X	107500001	0.64614	0.668389	2	0	0
X	108000001	0.693961	0.668389	2	0	0
X	108500001	0.668348	0.668389	2	0	0
X	109000001	0.687318	0.668389	2	0	0
X	109500001	0.667024	0.668389	2	0	0
X	110000001	0.691464	0.668389	2	0	0
X	110500001	0.697351	0.668389	2	0	0
X	111000001	0.686191	0.668389	2	0	0
X	111500001	0.668431	0.668389	2	0	0
X	112000001	0.615191	0.668389	2	0	0
X	112500001	0.681108	0.668389	2	0	0
X	113000001	0.63494	0.668389	2	0	0
X	113500001	0.649752	0.668389	2	0	0
X	114000001	0.652997	0.668389	2	0	0
X	114500001	0.663673	0.668389	2	0	0
X	115000001	0.66532	0.668389	2	0	0
X	115500001	-1	0.668389	2	0	0
X	116000001	0.670473	0.668389	2	0	0
X	116500001	0.673891	0.668389	2	0	0
X	117000001	0.666283	0.668389	2	0	0
X	117500001	0.669595	0.668389	2	0	0
X	118000001	0.655778	0.668389	2	0	0
X	118500001	0.654493	0.668389	2	0	0
X	119000001	0.657139	0.668389	2	0	0
X	119500001	0.636565	0.668389	2	0	0
X	120000001	0.648234	0.668389	2	0	0
X	120500001	0.620333	0.668389	2	0	0
X	121000001	0.643494	0.668389	2	0	0
X	121500001	0.675737	0.668389	2	0	0
X	122000001	0.682901	0.668389	2	0	0
X	122500001	0.652786	0.668389	2	0	0
X	123000001	0.696813	0.668389	2	0	0
X	123500001	0.651608	0.668389	2	0	0
X	124000001	0.653503	0.668389	2	0	0
X	124500001	0.630982	0.668389	2	0	0
X	125000001	0.637443	0.668389	2	0	0
X	125500001	0.671756	0.668389	2	0	0
X	126000001	0.636772	0.668389	2	0	0
X	126500001	0.687902	0.668389	2	0	0
X	127000001	0.691761	0.668389	2	0	0
X	127500001	0.676133	0.668389	2	0	0
X	128000001	0.651464	0.668389	2	0	0
X	128500001	0.657518	0.668389	2	0	0
X	129000001	0.675337	0.668389	2	0	0
X	129500001	0.655175	0.668389	2	0	0
X	130000001	0.674157	0.668389	2	0	0
X	130500001	0.662592	0.668389	2	0	0
X	131000001	0.653313	0.668389	2	0	0
X	131500001	0.681551	0.668389	2	0	0
X	132000001	0.679559	0.668389	2	0	0
X	132500001	0.653743	0.668389	2	0	0
X	133000001	0.623078	0.668389	2	0	0
X	133500001	0.656362	0.668389	2	0	0
X	134000001	0.711604	0.668389	2	0	0
X	134500001	0.648504	0.668389	2	0	0
X	135000001	0.693574	0.668389	2	0	0
X	135500001	0.687843	0.668389	2	0	0
X	136000001	0.679254	0.668389	2	0	0
X	136500001	0.667419	0.668389	2	0	0
X	137000001	0.687955	0.668389	2	0	0
X	137500001	0.635817	0.668389	2	0	0
X	138000001	0.650633	0.668389	2	0	0
X	138500001	0.698033	0.668389	2	0	0
X	139000001	0.681294	0.668389	2	0	0
X	139500001	0.659089	0.668389	2	0	0
X	140000001	0.671963	0.668389	2	0	0
X	140500001	0.599871	0.668389	2	0	0
X	141000001	0.692924	0.668389	2	0	0
X	141500001	0.63716	0.668389	2	0	0
X	142000001	0.647364	0.668389	2	0	0
X	142500001	0.613405	0.668389	2	0	0
X	143000001	0.692499	0.668389	2	0	0
X	143500001	0.649564	0.668389	2	0	0
X	144000001	0.693979	0.668389	2	0	0
X	144500001	0.651392	0.668389	2	0	0
X	145000001	0.668607	0.668389	2	0	0
X	145500001	0.63808	0.668389	2	0	0
X	146000001	0.62281	0.668389	2	0	0
X	146500001	0.630251	0.668389	2	0	0
X	147000001	0.676524	0.668389	2	0	0
X	147500001	0.656678	0.668389	2	0	0
X	148000001	0.665834	0.668389	2	0	0
X	148500001	0.64001	0.668389	2	0	0
X	149000001	0.689249	0.668389	2	0	0
X	149500001	0.682098	0.668389	2	0	0
X	150000001	0.704043	0.668389	2	0	0
X	150500001	0.684399	0.668389	2	0	0
X	151000001	0.669234	0.668389	2	0	0
X	151500001	0.652243	0.668389	2	0	0
X	152000001	0.679766	0.668389	2	0	0
X	152500001	0.682829	0.668389	2	0	0
X	153000001	0.637947	0.668389	2	0	0
X	153500001	0.668571	0.668389	2	0	0
X	154000001	0.916948	0.916948	3	0	0
X	154500001	0.688721	0.64614	2	0	0
X	155000001	0.642229	0.64614	2	0	0
X	155500001	0.64614	0.64614	2	0	0
X	156000001	-1	-1	-1	0	0
