Chromosome	Start	Ratio	MedianRatio	CopyNumber	Subclone_CN	Subclone_Population
1	1	-1	-1	-1	0	0
1	500001	0.966116	0.827947	5	0	0
1	1000001	0.463933	0.827947	5	0	0
1	1500001	0.790986	0.827947	5	0	0
1	2000001	0.559514	0.827947	5	0	0
1	2500001	0.797014	0.827947	5	0	0
1	3000001	0.646212	0.827947	5	0	0
1	3500001	0.711929	0.827947	5	0	0
1	4000001	0.808567	0.827947	5	0	0
1	4500001	0.835853	0.827947	5	0	0
1	5000001	0.812525	0.827947	5	0	0
1	5500001	0.887386	0.827947	5	0	0
1	6000001	0.723522	0.827947	5	0	0
1	6500001	0.825859	0.827947	5	0	0
1	7000001	0.825315	0.827947	5	0	0
1	7500001	0.870183	0.827947	5	0	0
1	8000001	0.821282	0.827947	5	0	0
1	8500001	0.826742	0.827947	5	0	0
1	9000001	0.852468	0.827947	5	0	0
1	9500001	0.801227	0.827947	5	0	0
1	10000001	0.792518	0.827947	5	0	0
1	10500001	0.827947	0.827947	5	0	0
1	11000001	0.853571	0.827947	5	0	0
1	11500001	0.837136	0.827947	5	0	0
1	12000001	0.832503	0.827947	5	0	0
1	12500001	0.827778	0.827947	5	0	0
1	13000001	0.792662	0.827947	5	0	0
1	13500001	0.775438	0.827947	5	0	0
1	14000001	0.804924	0.827947	5	0	0
1	14500001	0.839546	0.827947	5	0	0
1	15000001	0.863925	0.827947	5	0	0
1	15500001	0.834042	0.827947	5	0	0
1	16000001	0.852509	0.827947	5	0	0
1	16500001	1.34032	0.827947	5	0	0
1	17000001	0.883744	0.827947	5	0	0
1	17500001	0.813517	0.827947	5	0	0
1	18000001	0.881503	0.827947	5	0	0
1	18500001	0.858125	0.827947	5	0	0
1	19000001	0.878525	0.827947	5	0	0
1	19500001	0.825645	0.827947	5	0	0
1	20000001	0.891918	0.827947	5	0	0
1	20500001	0.768019	0.827947	5	0	0
1	21000001	0.729284	0.827947	5	0	0
1	21500001	0.823255	0.827947	5	0	0
1	22000001	0.903544	0.827947	5	0	0
1	22500001	0.871825	0.827947	5	0	0
1	23000001	0.828746	0.827947	5	0	0
1	23500001	0.829161	0.827947	5	0	0
1	24000001	0.829576	0.827947	5	0	0
1	24500001	0.790047	0.827947	5	0	0
1	25000001	0.769577	0.827947	5	0	0
1	25500001	0.866503	0.827947	5	0	0
1	26000001	0.848598	0.827947	5	0	0
1	26500001	0.829209	0.827947	5	0	0
1	27000001	0.805727	0.827947	5	0	0
1	27500001	0.844482	0.827947	5	0	0
1	28000001	0.781588	0.827947	5	0	0
1	28500001	0.785741	0.827947	5	0	0
1	29000001	0.848065	0.827947	5	0	0
1	29500001	0.863905	0.827947	5	0	0
1	30000001	0.881953	0.827947	5	0	0
1	30500001	0.879655	0.827947	5	0	0
1	31000001	0.806735	0.827947	5	0	0
1	31500001	0.867129	0.827947	5	0	0
1	32000001	0.811166	0.827947	5	0	0
1	32500001	0.826124	0.827947	5	0	0
1	33000001	0.88933	0.827947	5	0	0
1	33500001	0.848257	0.827947	5	0	0
1	34000001	0.843165	0.827947	5	0	0
1	34500001	0.820544	0.827947	5	0	0
1	35000001	0.820087	0.827947	5	0	0
1	35500001	0.801915	0.827947	5	0	0
1	36000001	0.833509	0.827947	5	0	0
1	36500001	0.87977	0.827947	5	0	0
1	37000001	0.816625	0.827947	5	0	0
1	37500001	0.833882	0.827947	5	0	0
1	38000001	0.841692	0.827947	5	0	0
1	38500001	0.839024	0.827947	5	0	0
1	39000001	0.805818	0.827947	5	0	0
1	39500001	0.856157	0.827947	5	0	0
1	40000001	0.804185	0.827947	5	0	0
1	40500001	0.834593	0.827947	5	0	0
1	41000001	0.861019	0.827947	5	0	0
1	41500001	0.8815	0.827947	5	0	0
1	42000001	0.789923	0.827947	5	0	0
1	42500001	0.80516	0.827947	5	0	0
1	43000001	0.841105	0.827947	5	0	0
1	43500001	0.847661	0.827947	5	0	0
1	44000001	0.826766	0.827947	5	0	0
1	44500001	0.776113	0.827947	5	0	0
1	45000001	0.789108	0.827947	5	0	0
1	45500001	0.808549	0.827947	5	0	0
1	46000001	0.885522	0.827947	5	0	0
1	46500001	0.8545	0.827947	5	0	0
1	47000001	0.820492	0.827947	5	0	0
1	47500001	0.884845	0.827947	5	0	0
1	48000001	0.772842	0.827947	5	0	0
1	48500001	0.793887	0.827947	5	0	0
1	49000001	0.805117	0.827947	5	0	0
1	49500001	0.849527	0.827947	5	0	0
1	50000001	0.780913	0.827947	5	0	0
1	50500001	0.846641	0.827947	5	0	0
1	51000001	0.754294	0.827947	5	0	0
1	51500001	0.798165	0.827947	5	0	0
1	52000001	0.759185	0.827947	5	0	0
1	52500001	0.790695	0.827947	5	0	0
1	53000001	0.900245	0.827947	5	0	0
1	53500001	0.891116	0.827947	5	0	0
1	54000001	0.887172	0.827947	5	0	0
1	54500001	0.846801	0.827947	5	0	0
1	55000001	0.822838	0.827947	5	0	0
1	55500001	0.807078	0.827947	5	0	0
1	56000001	0.78928	0.827947	5	0	0
1	56500001	0.813743	0.827947	5	0	0
1	57000001	0.790917	0.827947	5	0	0
1	57500001	0.772939	0.827947	5	0	0
1	58000001	0.84611	0.827947	5	0	0
1	58500001	0.837839	0.827947	5	0	0
1	59000001	0.830875	0.827947	5	0	0
1	59500001	0.802696	0.827947	5	0	0
1	60000001	0.855606	0.827947	5	0	0
1	60500001	0.799471	0.827947	5	0	0
1	61000001	0.795561	0.827947	5	0	0
1	61500001	0.771714	0.827947	5	0	0
1	62000001	0.749528	0.827947	5	0	0
1	62500001	0.808832	0.827947	5	0	0
1	63000001	0.78342	0.827947	5	0	0
1	63500001	0.840066	0.827947	5	0	0
1	64000001	0.768922	0.827947	5	0	0
1	64500001	0.868945	0.827947	5	0	0
1	65000001	0.795619	0.827947	5	0	0
1	65500001	0.864136	0.827947	5	0	0
1	66000001	0.857134	0.827947	5	0	0
1	66500001	0.921018	0.827947	5	0	0
1	67000001	0.814312	0.827947	5	0	0
1	67500001	0.870547	0.827947	5	0	0
1	68000001	0.813996	0.827947	5	0	0
1	68500001	0.858169	0.827947	5	0	0
1	69000001	0.862788	0.827947	5	0	0
1	69500001	0.901936	0.827947	5	0	0
1	70000001	0.864839	0.827947	5	0	0
1	70500001	0.85303	0.827947	5	0	0
1	71000001	0.753832	0.827947	5	0	0
1	71500001	0.972421	0.827947	5	0	0
1	72000001	1.27966	1.53053	9	0	0
1	72500001	1.49175	1.53053	9	0	0
1	73000001	1.53605	1.53053	9	0	0
1	73500001	1.49198	1.53053	9	0	0
1	74000001	1.63145	1.53053	9	0	0
1	74500001	1.61802	1.53053	9	0	0
1	75000001	1.525	1.53053	9	0	0
1	75500001	1.52053	1.53053	9	0	0
1	76000001	1.49573	1.53053	9	0	0
1	76500001	1.49114	1.53053	9	0	0
1	77000001	1.59406	1.53053	9	0	0
1	77500001	1.46112	1.53053	9	0	0
1	78000001	1.5467	1.53053	9	0	0
1	78500001	1.72655	1.53053	9	0	0
1	79000001	1.65027	1.53053	9	0	0
1	79500001	1.62382	1.53053	9	0	0
1	80000001	1.69517	1.53053	9	0	0
1	80500001	1.4278	1.53053	9	0	0
1	81000001	1.24069	1.14466	7	0	0
1	81500001	1.21724	1.14466	7	0	0
1	82000001	1.01119	1.14466	7	0	0
1	82500001	1.22779	1.14466	7	0	0
1	83000001	1.22659	1.14466	7	0	0
1	83500001	1.23112	1.14466	7	0	0
1	84000001	1.2052	1.14466	7	0	0
1	84500001	1.18035	1.14466	7	0	0
1	85000001	1.02751	1.14466	7	0	0
1	85500001	1.0073	1.14466	7	0	0
1	86000001	1.06553	1.14466	7	0	0
1	86500001	1.03382	1.14466	7	0	0
1	87000001	1.14754	1.14466	7	0	0
1	87500001	1.16077	1.14466	7	0	0
1	88000001	1.23719	1.14466	7	0	0
1	88500001	1.19634	1.14466	7	0	0
1	89000001	1.21862	1.14466	7	0	0
1	89500001	1.15417	1.14466	7	0	0
1	90000001	1.18352	1.14466	7	0	0
1	90500001	1.14852	1.14466	7	0	0
1	91000001	1.15363	1.14466	7	0	0
1	91500001	1.11825	1.14466	7	0	0
1	92000001	1.13058	1.14466	7	0	0
1	92500001	1.0733	1.14466	7	0	0
1	93000001	1.00192	1.14466	7	0	0
1	93500001	0.996143	1.14466	7	0	0
1	94000001	1.04973	1.14466	7	0	0
1	94500001	1.03494	1.14466	7	0	0
1	95000001	1.03298	1.14466	7	0	0
1	95500001	1.06377	1.14466	7	0	0
1	96000001	1.04554	1.14466	7	0	0
1	96500001	1.14178	1.14466	7	0	0
1	97000001	1.18341	1.18455	7	0	0
1	97500001	1.42118	1.18455	7	0	0
1	98000001	1.33269	1.18455	7	0	0
1	98500001	1.25095	1.18455	7	0	0
1	99000001	1.24797	1.18455	7	0	0
1	99500001	1.18629	1.18455	7	0	0
1	100000001	1.13502	1.18455	7	0	0
1	100500001	1.26627	1.18455	7	0	0
1	101000001	1.19488	1.18455	7	0	0
1	101500001	1.3327	1.18455	7	0	0
1	102000001	1.15993	1.18455	7	0	0
1	102500001	1.11247	1.18455	7	0	0
1	103000001	1.18455	1.18455	7	0	0
1	103500001	1.21997	1.18455	7	0	0
1	104000001	1.08392	1.18455	7	0	0
1	104500001	1.16511	1.18455	7	0	0
1	105000001	1.17647	1.18455	7	0	0
1	105500001	1.15888	1.18455	7	0	0
1	106000001	1.12691	1.18455	7	0	0
1	106500001	1.0913	1.00851	6	0	0
1	107000001	1.01173	1.00851	6	0	0
1	107500001	1.04589	1.00851	6	0	0
1	108000001	0.989382	1.00851	6	0	0
1	108500001	1.00681	1.00851	6	0	0
1	109000001	1.00784	1.00851	6	0	0
1	109500001	1.02203	1.00851	6	0	0
1	110000001	1.07837	1.00851	6	0	0
1	110500001	1.00989	1.00851	6	0	0
1	111000001	1.00917	1.00851	6	0	0
1	111500001	1.0837	1.00851	6	0	0
1	112000001	0.994453	1.00851	6	0	0
1	112500001	0.969152	1.00851	6	0	0
1	113000001	0.997815	1.00851	6	0	0
1	113500001	1.01051	1.00851	6	0	0
1	114000001	0.977368	1.00851	6	0	0
1	114500001	1.02385	1.00851	6	0	0
1	115000001	1.01381	1.00851	6	0	0
1	115500001	1.01078	1.00851	6	0	0
1	116000001	0.998347	1.00851	6	0	0
1	116500001	0.978733	1.00851	6	0	0
1	117000001	0.943354	1.00851	6	0	0
1	117500001	1.03654	1.00851	6	0	0
1	118000001	1.00347	1.00851	6	0	0
1	118500001	0.991672	1.00851	6	0	0
1	119000001	1.0231	1.00851	6	0	0
1	119500001	1.01977	1.00851	6	0	0
1	120000001	0.889615	1.00851	6	0	0
1	120500001	0.658125	1.00851	6	0	0
1	121000001	0.969802	1.00851	6	0	0
1	121500001	1.05241	1.00851	6	0	0
1	122000001	0.932999	1.00851	6	0	0
1	122500001	1.2365	1.37177	8	0	0
1	123000001	1.37177	1.37177	8	0	0
1	123500001	1.5785	1.37177	8	0	0
1	124000001	2.05133	2.05133	12	0	0
1	124500001	2.84468	2.84468	17	0	0
1	125000001	-1	-1	-1	0	0
1	125500001	-1	-1	-1	0	0
1	126000001	-1	-1	-1	0	0
1	126500001	-1	-1	-1	0	0
1	127000001	-1	-1	-1	0	0
1	127500001	-1	-1	-1	0	0
1	128000001	-1	-1	-1	0	0
1	128500001	-1	-1	-1	0	0
1	129000001	-1	-1	-1	0	0
1	129500001	-1	-1	-1	0	0
1	130000001	-1	-1	-1	0	0
1	130500001	-1	-1	-1	0	0
1	131000001	-1	-1	-1	0	0
1	131500001	-1	-1	-1	0	0
1	132000001	-1	-1	-1	0	0
1	132500001	-1	-1	-1	0	0
1	133000001	-1	-1	-1	0	0
1	133500001	-1	-1	-1	0	0
1	134000001	-1	-1	-1	0	0
1	134500001	-1	-1	-1	0	0
1	135000001	-1	-1	-1	0	0
1	135500001	-1	-1	-1	0	0
1	136000001	-1	-1	-1	0	0
1	136500001	-1	-1	-1	0	0
1	137000001	-1	-1	-1	0	0
1	137500001	-1	-1	-1	0	0
1	138000001	-1	-1	-1	0	0
1	138500001	-1	-1	-1	0	0
1	139000001	-1	-1	-1	0	0
1	139500001	-1	-1	-1	0	0
1	140000001	-1	-1	-1	0	0
1	140500001	-1	-1	-1	0	0
1	141000001	-1	-1	-1	0	0
1	141500001	-1	-1	-1	0	0
1	142000001	-1	-1	-1	0	0
1	142500001	-1	-1	-1	0	0
1	143000001	-1	-1	-1	0	0
1	143500001	0.9887	0.998123	6	0	0
1	144000001	0.992182	0.998123	6	0	0
1	144500001	0.977291	0.998123	6	0	0
1	145000001	1.09665	0.998123	6	0	0
1	145500001	0.990165	0.998123	6	0	0
1	146000001	0.950365	0.998123	6	0	0
1	146500001	0.945429	0.998123	6	0	0
1	147000001	1.01374	0.998123	6	0	0
1	147500001	0.998123	0.998123	6	0	0
1	148000001	1.04227	0.998123	6	0	0
1	148500001	1.02833	0.998123	6	0	0
1	149000001	1.10609	0.998123	6	0	0
1	149500001	1.06082	0.998123	6	0	0
1	150000001	0.950637	0.998123	6	0	0
1	150500001	0.973605	0.998123	6	0	0
1	151000001	0.993357	0.998123	6	0	0
1	151500001	1.03863	0.998123	6	0	0
1	152000001	1.05315	0.998123	6	0	0
1	152500001	0.9886	0.998123	6	0	0
1	153000001	1.01475	0.998123	6	0	0
1	153500001	1.01494	0.998123	6	0	0
1	154000001	0.974224	0.998123	6	0	0
1	154500001	1.03479	0.998123	6	0	0
1	155000001	0.982429	0.998123	6	0	0
1	155500001	0.942888	0.998123	6	0	0
1	156000001	1.03927	0.998123	6	0	0
1	156500001	1.08724	0.998123	6	0	0
1	157000001	1.02696	0.998123	6	0	0
1	157500001	0.986321	0.998123	6	0	0
1	158000001	0.960872	0.998123	6	0	0
1	158500001	1.00074	0.998123	6	0	0
1	159000001	0.997924	0.998123	6	0	0
1	159500001	0.987926	0.998123	6	0	0
1	160000001	1.00974	0.998123	6	0	0
1	160500001	1.06062	0.998123	6	0	0
1	161000001	1.13056	0.998123	6	0	0
1	161500001	1.0927	0.998123	6	0	0
1	162000001	1.05543	0.998123	6	0	0
1	162500001	1.03917	0.998123	6	0	0
1	163000001	1.07207	0.998123	6	0	0
1	163500001	1.01407	0.998123	6	0	0
1	164000001	1.03269	0.998123	6	0	0
1	164500001	0.986078	0.998123	6	0	0
1	165000001	1.01059	0.998123	6	0	0
1	165500001	0.945568	0.998123	6	0	0
1	166000001	0.993472	0.998123	6	0	0
1	166500001	1.04168	0.998123	6	0	0
1	167000001	0.998097	0.998123	6	0	0
1	167500001	0.983628	0.998123	6	0	0
1	168000001	0.995729	0.998123	6	0	0
1	168500001	1.02976	0.998123	6	0	0
1	169000001	0.983393	0.998123	6	0	0
1	169500001	1.01758	0.998123	6	0	0
1	170000001	0.999361	0.998123	6	0	0
1	170500001	0.998426	0.998123	6	0	0
1	171000001	0.999177	0.998123	6	0	0
1	171500001	0.995731	0.998123	6	0	0
1	172000001	1.02694	0.998123	6	0	0
1	172500001	1.02035	0.998123	6	0	0
1	173000001	0.991909	0.998123	6	0	0
1	173500001	0.97684	0.998123	6	0	0
1	174000001	1.01788	0.998123	6	0	0
1	174500001	0.944681	0.998123	6	0	0
1	175000001	1.00602	0.998123	6	0	0
1	175500001	0.965617	0.998123	6	0	0
1	176000001	0.991828	0.998123	6	0	0
1	176500001	0.978841	0.998123	6	0	0
1	177000001	0.971833	0.998123	6	0	0
1	177500001	1.01102	0.998123	6	0	0
1	178000001	1.06057	0.998123	6	0	0
1	178500001	1.02544	0.998123	6	0	0
1	179000001	0.952044	0.998123	6	0	0
1	179500001	0.993064	0.998123	6	0	0
1	180000001	0.969887	0.998123	6	0	0
1	180500001	0.950236	0.998123	6	0	0
1	181000001	0.991214	0.998123	6	0	0
1	181500001	0.96779	0.998123	6	0	0
1	182000001	0.962735	0.998123	6	0	0
1	182500001	0.981669	0.998123	6	0	0
1	183000001	0.979789	0.998123	6	0	0
1	183500001	1.05949	0.998123	6	0	0
1	184000001	1.00408	0.998123	6	0	0
1	184500001	0.981703	0.998123	6	0	0
1	185000001	0.989039	0.998123	6	0	0
1	185500001	1.02224	0.998123	6	0	0
1	186000001	1.04228	0.998123	6	0	0
1	186500001	1.03137	0.998123	6	0	0
1	187000001	1.08585	1.17349	7	0	0
1	187500001	1.0747	1.17349	7	0	0
1	188000001	1.15708	1.17349	7	0	0
1	188500001	1.20833	1.17349	7	0	0
1	189000001	1.18281	1.17349	7	0	0
1	189500001	1.23382	1.17349	7	0	0
1	190000001	1.33753	1.17349	7	0	0
1	190500001	1.1964	1.17349	7	0	0
1	191000001	1.20908	1.17349	7	0	0
1	191500001	1.17001	1.17349	7	0	0
1	192000001	1.22847	1.17349	7	0	0
1	192500001	1.00289	1.17349	7	0	0
1	193000001	1.01035	1.17349	7	0	0
1	193500001	1.03774	1.17349	7	0	0
1	194000001	1.11277	1.17349	7	0	0
1	194500001	1.23374	1.17349	7	0	0
1	195000001	1.19631	1.17349	7	0	0
1	195500001	1.17587	1.17349	7	0	0
1	196000001	1.17663	1.17349	7	0	0
1	196500001	1.17411	1.17349	7	0	0
1	197000001	1.10742	1.17349	7	0	0
1	197500001	1.07074	1.17349	7	0	0
1	198000001	1.08574	1.17349	7	0	0
1	198500001	1.17349	1.17349	7	0	0
1	199000001	1.09993	1.17349	7	0	0
1	199500001	0.995785	0.990445	6	0	0
1	200000001	0.951942	0.990445	6	0	0
1	200500001	0.914714	0.990445	6	0	0
1	201000001	1.0837	0.990445	6	0	0
1	201500001	0.987082	0.990445	6	0	0
1	202000001	1.04342	0.990445	6	0	0
1	202500001	0.991314	0.990445	6	0	0
1	203000001	1.08207	0.990445	6	0	0
1	203500001	0.96895	0.990445	6	0	0
1	204000001	1.10726	0.990445	6	0	0
1	204500001	1.08685	0.990445	6	0	0
1	205000001	1.05411	0.990445	6	0	0
1	205500001	1.004	0.990445	6	0	0
1	206000001	1.01382	0.990445	6	0	0
1	206500001	1.09494	0.990445	6	0	0
1	207000001	1.03524	0.990445	6	0	0
1	207500001	1.02492	0.990445	6	0	0
1	208000001	1.02039	0.990445	6	0	0
1	208500001	0.99379	0.990445	6	0	0
1	209000001	1.00434	0.990445	6	0	0
1	209500001	0.99444	0.990445	6	0	0
1	210000001	0.969377	0.990445	6	0	0
1	210500001	0.986151	0.990445	6	0	0
1	211000001	0.986704	0.990445	6	0	0
1	211500001	0.946902	0.990445	6	0	0
1	212000001	0.941375	0.990445	6	0	0
1	212500001	0.960704	0.990445	6	0	0
1	213000001	1.00238	0.990445	6	0	0
1	213500001	0.990367	0.990445	6	0	0
1	214000001	0.968933	0.990445	6	0	0
1	214500001	1.01689	0.990445	6	0	0
1	215000001	1.06683	0.990445	6	0	0
1	215500001	1.06854	0.990445	6	0	0
1	216000001	1.06104	0.990445	6	0	0
1	216500001	0.985912	0.990445	6	0	0
1	217000001	1.01946	0.990445	6	0	0
1	217500001	0.965771	0.990445	6	0	0
1	218000001	1.01662	0.990445	6	0	0
1	218500001	0.998058	0.990445	6	0	0
1	219000001	1.13813	0.990445	6	0	0
1	219500001	1.05047	0.990445	6	0	0
1	220000001	0.990394	0.990445	6	0	0
1	220500001	0.979198	0.990445	6	0	0
1	221000001	1.03016	0.990445	6	0	0
1	221500001	0.978397	0.990445	6	0	0
1	222000001	1.01396	0.990445	6	0	0
1	222500001	0.999956	0.990445	6	0	0
1	223000001	1.0201	0.990445	6	0	0
1	223500001	1.0122	0.990445	6	0	0
1	224000001	0.973864	0.990445	6	0	0
1	224500001	1.0248	0.990445	6	0	0
1	225000001	1.04517	0.990445	6	0	0
1	225500001	1.06148	0.990445	6	0	0
1	226000001	0.990445	0.990445	6	0	0
1	226500001	1.03506	0.990445	6	0	0
1	227000001	1.02426	0.990445	6	0	0
1	227500001	1.00058	0.990445	6	0	0
1	228000001	0.993288	0.990445	6	0	0
1	228500001	1.25054	0.990445	6	0	0
1	229000001	0.964769	0.990445	6	0	0
1	229500001	0.982086	0.990445	6	0	0
1	230000001	1.03127	0.990445	6	0	0
1	230500001	1.01668	0.990445	6	0	0
1	231000001	0.997831	0.990445	6	0	0
1	231500001	0.937971	0.990445	6	0	0
1	232000001	0.936898	0.990445	6	0	0
1	232500001	0.96654	0.990445	6	0	0
1	233000001	0.93301	0.990445	6	0	0
1	233500001	0.992146	0.990445	6	0	0
1	234000001	0.972853	0.990445	6	0	0
1	234500001	1.0741	0.990445	6	0	0
1	235000001	0.941084	0.990445	6	0	0
1	235500001	0.993036	0.990445	6	0	0
1	236000001	0.942601	0.990445	6	0	0
1	236500001	0.926968	0.990445	6	0	0
1	237000001	0.901776	0.990445	6	0	0
1	237500001	0.937356	0.990445	6	0	0
1	238000001	0.981346	0.990445	6	0	0
1	238500001	1.08478	0.990445	6	0	0
1	239000001	0.978131	0.990445	6	0	0
1	239500001	1.00691	0.990445	6	0	0
1	240000001	0.911182	0.990445	6	0	0
1	240500001	0.96397	0.990445	6	0	0
1	241000001	0.941793	0.990445	6	0	0
1	241500001	0.941843	0.990445	6	0	0
1	242000001	0.939498	0.990445	6	0	0
1	242500001	0.933137	0.990445	6	0	0
1	243000001	0.922118	0.990445	6	0	0
1	243500001	0.972882	0.990445	6	0	0
1	244000001	0.972008	0.990445	6	0	0
1	244500001	0.941042	0.990445	6	0	0
1	245000001	0.978775	0.990445	6	0	0
1	245500001	0.93291	0.990445	6	0	0
1	246000001	0.982405	0.990445	6	0	0
1	246500001	0.954758	0.990445	6	0	0
1	247000001	0.927904	0.990445	6	0	0
1	247500001	0.95774	0.990445	6	0	0
1	248000001	1.03495	0.990445	6	0	0
1	248500001	0.791243	0.990445	6	0	0
10	1	0.950424	0.992305	6	0	0
10	500001	1.058	0.992305	6	0	0
10	1000001	1.04147	0.992305	6	0	0
10	1500001	0.971633	0.992305	6	0	0
10	2000001	0.966487	0.992305	6	0	0
10	2500001	0.999583	0.992305	6	0	0
10	3000001	1.03115	0.992305	6	0	0
10	3500001	0.982291	0.992305	6	0	0
10	4000001	0.995151	0.992305	6	0	0
10	4500001	1.02021	0.992305	6	0	0
10	5000001	1.02239	0.992305	6	0	0
10	5500001	1.02793	0.992305	6	0	0
10	6000001	1.01584	0.992305	6	0	0
10	6500001	0.956668	0.992305	6	0	0
10	7000001	0.937493	0.992305	6	0	0
10	7500001	0.946042	0.992305	6	0	0
10	8000001	0.981845	0.992305	6	0	0
10	8500001	1.05626	0.992305	6	0	0
10	9000001	1.12956	0.992305	6	0	0
10	9500001	1.04961	0.992305	6	0	0
10	10000001	0.980971	0.992305	6	0	0
10	10500001	0.937638	0.992305	6	0	0
10	11000001	1.02969	0.992305	6	0	0
10	11500001	1.0126	0.992305	6	0	0
10	12000001	0.942975	0.992305	6	0	0
10	12500001	0.97581	0.992305	6	0	0
10	13000001	0.953837	0.992305	6	0	0
10	13500001	1.04018	0.992305	6	0	0
10	14000001	1.01875	0.992305	6	0	0
10	14500001	0.960259	0.992305	6	0	0
10	15000001	0.950804	0.992305	6	0	0
10	15500001	1.00058	0.992305	6	0	0
10	16000001	0.971846	0.992305	6	0	0
10	16500001	0.973538	0.992305	6	0	0
10	17000001	1.01294	0.992305	6	0	0
10	17500001	0.98052	0.992305	6	0	0
10	18000001	0.955333	0.992305	6	0	0
10	18500001	0.993389	0.992305	6	0	0
10	19000001	1.10052	0.992305	6	0	0
10	19500001	1.01282	0.992305	6	0	0
10	20000001	0.97953	0.992305	6	0	0
10	20500001	1.03583	0.992305	6	0	0
10	21000001	0.966335	0.992305	6	0	0
10	21500001	0.958607	0.992305	6	0	0
10	22000001	0.956443	0.992305	6	0	0
10	22500001	0.995587	0.992305	6	0	0
10	23000001	0.963252	0.992305	6	0	0
10	23500001	1.00391	0.992305	6	0	0
10	24000001	0.997791	0.992305	6	0	0
10	24500001	0.992305	0.992305	6	0	0
10	25000001	1.06683	0.992305	6	0	0
10	25500001	0.982789	0.992305	6	0	0
10	26000001	0.99305	0.992305	6	0	0
10	26500001	0.973715	0.992305	6	0	0
10	27000001	0.943031	0.992305	6	0	0
10	27500001	0.963136	0.992305	6	0	0
10	28000001	0.96703	0.992305	6	0	0
10	28500001	0.96336	0.992305	6	0	0
10	29000001	0.97507	0.992305	6	0	0
10	29500001	1.02827	0.992305	6	0	0
10	30000001	0.959787	0.992305	6	0	0
10	30500001	0.983901	0.992305	6	0	0
10	31000001	1.05248	0.992305	6	0	0
10	31500001	1.00676	0.992305	6	0	0
10	32000001	0.976724	0.992305	6	0	0
10	32500001	1.05697	0.992305	6	0	0
10	33000001	1.00012	0.992305	6	0	0
10	33500001	1.00942	0.992305	6	0	0
10	34000001	1.00198	0.992305	6	0	0
10	34500001	0.920451	0.992305	6	0	0
10	35000001	0.931009	0.992305	6	0	0
10	35500001	0.996558	0.992305	6	0	0
10	36000001	1.00723	0.992305	6	0	0
10	36500001	0.938686	0.992305	6	0	0
10	37000001	0.990533	0.992305	6	0	0
10	37500001	0.947011	0.992305	6	0	0
10	38000001	0.994366	0.992305	6	0	0
10	38500001	1.18223	0.992305	6	0	0
10	39000001	1.17768	0.992305	6	0	0
10	39500001	0.444928	0.444928	3	0	0
10	40000001	1.22183	1.31835	8	0	0
10	40500001	1.41486	1.31835	8	0	0
10	41000001	0.732781	0.732781	4	0	0
10	41500001	-1	-1	-1	0	0
10	42000001	2.96241	2.96241	18	0	0
10	42500001	0.937267	1.07099	6	0	0
10	43000001	1.02844	1.07099	6	0	0
10	43500001	0.995224	1.07099	6	0	0
10	44000001	1.00011	1.07099	6	0	0
10	44500001	0.996443	1.07099	6	0	0
10	45000001	1.03199	1.07099	6	0	0
10	45500001	1.0343	1.07099	6	0	0
10	46000001	0.950143	1.07099	6	0	0
10	46500001	1.12548	1.07099	6	0	0
10	47000001	1.08526	1.07099	6	0	0
10	47500001	-1	1.07099	6	0	0
10	48000001	0.962435	1.07099	6	0	0
10	48500001	1.09892	1.07099	6	0	0
10	49000001	1.04643	1.07099	6	0	0
10	49500001	0.94375	1.07099	6	0	0
10	50000001	0.999533	1.07099	6	0	0
10	50500001	1.02567	1.07099	6	0	0
10	51000001	1.10315	1.07099	6	0	0
10	51500001	1.08931	1.07099	6	0	0
10	52000001	1.07922	1.07099	6	0	0
10	52500001	1.09911	1.07099	6	0	0
10	53000001	1.09578	1.07099	6	0	0
10	53500001	1.09544	1.07099	6	0	0
10	54000001	1.1235	1.07099	6	0	0
10	54500001	1.1754	1.07099	6	0	0
10	55000001	1.19626	1.07099	6	0	0
10	55500001	1.17541	1.07099	6	0	0
10	56000001	1.18978	1.07099	6	0	0
10	56500001	1.14305	1.07099	6	0	0
10	57000001	1.14796	1.07099	6	0	0
10	57500001	1.12564	1.07099	6	0	0
10	58000001	1.00924	1.07099	6	0	0
10	58500001	1.02334	1.07099	6	0	0
10	59000001	1.01604	1.07099	6	0	0
10	59500001	0.956969	1.07099	6	0	0
10	60000001	1.04438	1.07099	6	0	0
10	60500001	1.03125	1.07099	6	0	0
10	61000001	1.03319	1.07099	6	0	0
10	61500001	1.02882	1.07099	6	0	0
10	62000001	1.03577	1.07099	6	0	0
10	62500001	0.979683	1.07099	6	0	0
10	63000001	0.973695	1.07099	6	0	0
10	63500001	1.07099	1.07099	6	0	0
10	64000001	1.10598	1.07099	6	0	0
10	64500001	1.07715	1.07099	6	0	0
10	65000001	1.11498	1.07099	6	0	0
10	65500001	1.07377	1.07099	6	0	0
10	66000001	1.11589	1.07099	6	0	0
10	66500001	1.08375	1.07099	6	0	0
10	67000001	1.12393	1.07099	6	0	0
10	67500001	1.02429	1.00698	6	0	0
10	68000001	0.976681	1.00698	6	0	0
10	68500001	0.984966	1.00698	6	0	0
10	69000001	1.03446	1.00698	6	0	0
10	69500001	1.05971	1.00698	6	0	0
10	70000001	1.01588	1.00698	6	0	0
10	70500001	1.06043	1.00698	6	0	0
10	71000001	1.10409	1.00698	6	0	0
10	71500001	1.02391	1.00698	6	0	0
10	72000001	1.00637	1.00698	6	0	0
10	72500001	0.985176	1.00698	6	0	0
10	73000001	1.01367	1.00698	6	0	0
10	73500001	1.01248	1.00698	6	0	0
10	74000001	0.99106	1.00698	6	0	0
10	74500001	0.98434	1.00698	6	0	0
10	75000001	1.0087	1.00698	6	0	0
10	75500001	1.04533	1.00698	6	0	0
10	76000001	0.903409	1.00698	6	0	0
10	76500001	1.01161	1.00698	6	0	0
10	77000001	1.03681	1.00698	6	0	0
10	77500001	1.03391	1.00698	6	0	0
10	78000001	1.06476	1.00698	6	0	0
10	78500001	1.05094	1.00698	6	0	0
10	79000001	1.03934	1.00698	6	0	0
10	79500001	0.85982	1.00698	6	0	0
10	80000001	0.966897	1.00698	6	0	0
10	80500001	1.02361	1.00698	6	0	0
10	81000001	1.10735	1.00698	6	0	0
10	81500001	0.970351	1.00698	6	0	0
10	82000001	0.987214	1.00698	6	0	0
10	82500001	0.979102	1.00698	6	0	0
10	83000001	0.993674	1.00698	6	0	0
10	83500001	0.96375	1.00698	6	0	0
10	84000001	0.998005	1.00698	6	0	0
10	84500001	1.00536	1.00698	6	0	0
10	85000001	1.01349	1.00698	6	0	0
10	85500001	0.992543	1.00698	6	0	0
10	86000001	1.08451	1.00698	6	0	0
10	86500001	1.00291	1.00698	6	0	0
10	87000001	0.968871	1.00698	6	0	0
10	87500001	1.07738	1.00698	6	0	0
10	88000001	1.0841	1.00698	6	0	0
10	88500001	1.05692	1.00698	6	0	0
10	89000001	1.04444	1.00698	6	0	0
10	89500001	1.03294	1.00698	6	0	0
10	90000001	1.04542	1.00698	6	0	0
10	90500001	1.03463	1.00698	6	0	0
10	91000001	1.02923	1.00698	6	0	0
10	91500001	1.04091	1.00698	6	0	0
10	92000001	0.950182	1.00698	6	0	0
10	92500001	0.942655	1.00698	6	0	0
10	93000001	1.04204	1.00698	6	0	0
10	93500001	1.03449	1.00698	6	0	0
10	94000001	0.984286	1.00698	6	0	0
10	94500001	1.02095	1.00698	6	0	0
10	95000001	1.04212	1.00698	6	0	0
10	95500001	0.950896	1.00698	6	0	0
10	96000001	0.926813	1.00698	6	0	0
10	96500001	0.934419	1.00698	6	0	0
10	97000001	1.01789	1.00698	6	0	0
10	97500001	1.01878	1.00698	6	0	0
10	98000001	1.11064	1.00698	6	0	0
10	98500001	1.0569	1.00698	6	0	0
10	99000001	0.999447	1.00698	6	0	0
10	99500001	1.01623	1.00698	6	0	0
10	100000001	1.01501	1.00698	6	0	0
10	100500001	1.07499	1.00698	6	0	0
10	101000001	1.05159	1.00698	6	0	0
10	101500001	0.97924	1.00698	6	0	0
10	102000001	1.06328	1.00698	6	0	0
10	102500001	0.962874	1.00698	6	0	0
10	103000001	0.991711	1.00698	6	0	0
10	103500001	1.1246	1.00698	6	0	0
10	104000001	1.09156	1.00698	6	0	0
10	104500001	0.988768	1.00698	6	0	0
10	105000001	1.01241	1.00698	6	0	0
10	105500001	0.981286	1.00698	6	0	0
10	106000001	1.03176	1.00698	6	0	0
10	106500001	0.957913	1.00698	6	0	0
10	107000001	0.970848	1.00698	6	0	0
10	107500001	0.997817	1.00698	6	0	0
10	108000001	1.04872	1.00698	6	0	0
10	108500001	1.04706	1.00698	6	0	0
10	109000001	0.998595	1.00698	6	0	0
10	109500001	1.0248	1.00698	6	0	0
10	110000001	0.968931	1.00698	6	0	0
10	110500001	1.00831	1.00698	6	0	0
10	111000001	0.98029	1.00698	6	0	0
10	111500001	1.04286	1.00698	6	0	0
10	112000001	1.04118	1.00698	6	0	0
10	112500001	0.972233	1.00698	6	0	0
10	113000001	1.04021	1.00698	6	0	0
10	113500001	1.00181	1.00698	6	0	0
10	114000001	0.981104	1.00698	6	0	0
10	114500001	0.992872	1.00698	6	0	0
10	115000001	1.12819	1.00698	6	0	0
10	115500001	1.08424	1.00698	6	0	0
10	116000001	0.953337	1.00698	6	0	0
10	116500001	0.979607	1.00698	6	0	0
10	117000001	0.970275	1.00698	6	0	0
10	117500001	1.00707	1.00698	6	0	0
10	118000001	0.981778	1.00698	6	0	0
10	118500001	1.00202	1.00698	6	0	0
10	119000001	1.03931	1.00698	6	0	0
10	119500001	0.975528	1.00698	6	0	0
10	120000001	0.996376	1.00698	6	0	0
10	120500001	0.988602	1.00698	6	0	0
10	121000001	0.92251	1.00698	6	0	0
10	121500001	1.0039	1.00698	6	0	0
10	122000001	1.04824	1.00698	6	0	0
10	122500001	0.999507	1.00698	6	0	0
10	123000001	0.989562	1.00698	6	0	0
10	123500001	1.00112	1.00698	6	0	0
10	124000001	1.05285	1.00698	6	0	0
10	124500001	1.03078	1.00698	6	0	0
10	125000001	1.02699	1.00698	6	0	0
10	125500001	1.03442	1.00698	6	0	0
10	126000001	1.04997	1.00698	6	0	0
10	126500001	1.03014	1.00698	6	0	0
10	127000001	0.962222	1.00698	6	0	0
10	127500001	1.00688	1.00698	6	0	0
10	128000001	1.02366	1.00698	6	0	0
10	128500001	0.949671	1.00698	6	0	0
10	129000001	0.937705	1.00698	6	0	0
10	129500001	0.987153	1.00698	6	0	0
10	130000001	0.974137	1.00698	6	0	0
10	130500001	0.9721	1.00698	6	0	0
10	131000001	0.995972	1.00698	6	0	0
10	131500001	0.974506	1.00698	6	0	0
10	132000001	0.912503	1.00698	6	0	0
10	132500001	0.908368	1.00698	6	0	0
10	133000001	0.904916	1.00698	6	0	0
10	133500001	-1	-1	-1	0	0
11	1	0.973302	0.842114	5	0	0
11	500001	0.755927	0.842114	5	0	0
11	1000001	0.73633	0.842114	5	0	0
11	1500001	0.842114	0.842114	5	0	0
11	2000001	0.89952	0.842114	5	0	0
11	2500001	1.05046	1.04337	6	0	0
11	3000001	0.986815	1.04337	6	0	0
11	3500001	1.0248	1.04337	6	0	0
11	4000001	1.01913	1.04337	6	0	0
11	4500001	1.04579	1.04337	6	0	0
11	5000001	1.04998	1.04337	6	0	0
11	5500001	0.952604	1.04337	6	0	0
11	6000001	1.00988	1.04337	6	0	0
11	6500001	1.06364	1.04337	6	0	0
11	7000001	1.02083	1.04337	6	0	0
11	7500001	1.01697	1.04337	6	0	0
11	8000001	1.05439	1.04337	6	0	0
11	8500001	0.987265	1.04337	6	0	0
11	9000001	0.938564	1.04337	6	0	0
11	9500001	0.993331	1.04337	6	0	0
11	10000001	0.999148	1.04337	6	0	0
11	10500001	1.05765	1.04337	6	0	0
11	11000001	1.03275	1.04337	6	0	0
11	11500001	0.989842	1.04337	6	0	0
11	12000001	1.11855	1.04337	6	0	0
11	12500001	1.08083	1.04337	6	0	0
11	13000001	1.02635	1.04337	6	0	0
11	13500001	1.00737	1.04337	6	0	0
11	14000001	1.01813	1.04337	6	0	0
11	14500001	1.06089	1.04337	6	0	0
11	15000001	1.01736	1.04337	6	0	0
11	15500001	0.989011	1.04337	6	0	0
11	16000001	1.17668	1.04337	6	0	0
11	16500001	1.00275	1.04337	6	0	0
11	17000001	1.03471	1.04337	6	0	0
11	17500001	1.0272	1.04337	6	0	0
11	18000001	0.940332	1.04337	6	0	0
11	18500001	1.0731	1.04337	6	0	0
11	19000001	1.07306	1.04337	6	0	0
11	19500001	1.07232	1.04337	6	0	0
11	20000001	0.993501	1.04337	6	0	0
11	20500001	0.985964	1.04337	6	0	0
11	21000001	1.0397	1.04337	6	0	0
11	21500001	1.0521	1.04337	6	0	0
11	22000001	1.06924	1.04337	6	0	0
11	22500001	1.08407	1.04337	6	0	0
11	23000001	1.0739	1.04337	6	0	0
11	23500001	1.11197	1.04337	6	0	0
11	24000001	1.11999	1.04337	6	0	0
11	24500001	1.17276	1.04337	6	0	0
11	25000001	1.15167	1.04337	6	0	0
11	25500001	1.06751	1.04337	6	0	0
11	26000001	1.04012	1.04337	6	0	0
11	26500001	1.12557	1.04337	6	0	0
11	27000001	1.05657	1.04337	6	0	0
11	27500001	1.04396	1.04337	6	0	0
11	28000001	1.1328	1.04337	6	0	0
11	28500001	1.10197	1.04337	6	0	0
11	29000001	1.03609	1.04337	6	0	0
11	29500001	1.04278	1.04337	6	0	0
11	30000001	0.996207	1.04337	6	0	0
11	30500001	1.02858	1.04337	6	0	0
11	31000001	1.12717	1.04337	6	0	0
11	31500001	1.01152	1.04337	6	0	0
11	32000001	1.01672	1.04337	6	0	0
11	32500001	0.996514	1.04337	6	0	0
11	33000001	1.02298	1.04337	6	0	0
11	33500001	1.04012	1.04337	6	0	0
11	34000001	1.02473	1.04337	6	0	0
11	34500001	1.06801	1.04337	6	0	0
11	35000001	1.05148	1.04337	6	0	0
11	35500001	1.07306	1.04337	6	0	0
11	36000001	0.993518	1.04337	6	0	0
11	36500001	1.07637	1.04337	6	0	0
11	37000001	1.10957	1.04337	6	0	0
11	37500001	1.1871	1.04337	6	0	0
11	38000001	1.10161	1.04337	6	0	0
11	38500001	1.11889	1.04337	6	0	0
11	39000001	1.04656	1.04337	6	0	0
11	39500001	1.06952	1.04337	6	0	0
11	40000001	1.01195	1.04337	6	0	0
11	40500001	1.0398	1.04337	6	0	0
11	41000001	1.06094	1.04337	6	0	0
11	41500001	1.03684	1.04337	6	0	0
11	42000001	1.02572	1.04337	6	0	0
11	42500001	1.00541	1.04337	6	0	0
11	43000001	1.02225	1.04337	6	0	0
11	43500001	1.00941	1.04337	6	0	0
11	44000001	1.09012	1.04337	6	0	0
11	44500001	1.11674	1.04337	6	0	0
11	45000001	1.10976	1.04337	6	0	0
11	45500001	1.07751	1.04337	6	0	0
11	46000001	1.0572	1.04337	6	0	0
11	46500001	1.01283	1.04337	6	0	0
11	47000001	1.01326	1.04337	6	0	0
11	47500001	1.04209	1.04337	6	0	0
11	48000001	1.05213	1.04337	6	0	0
11	48500001	1.05543	1.04337	6	0	0
11	49000001	1.07785	1.04337	6	0	0
11	49500001	1.0492	1.04337	6	0	0
11	50000001	0.963255	1.04337	6	0	0
11	50500001	-1	-1	-1	0	0
11	51000001	-1	-1	-1	0	0
11	51500001	1.34908	1.25706	8	0	0
11	52000001	1.16505	1.25706	8	0	0
11	52500001	0.929968	0.8932	5	0	0
11	53000001	0.8932	0.8932	5	0	0
11	53500001	0.848986	0.8932	5	0	0
11	54000001	-1	-1	-1	0	0
11	54500001	1.14423	1.03765	6	0	0
11	55000001	1.14399	1.03765	6	0	0
11	55500001	0.997226	1.03765	6	0	0
11	56000001	1.10772	1.03765	6	0	0
11	56500001	1.04964	1.03765	6	0	0
11	57000001	1.03765	1.03765	6	0	0
11	57500001	1.00287	1.03765	6	0	0
11	58000001	1.07882	1.03765	6	0	0
11	58500001	1.0241	1.03765	6	0	0
11	59000001	1.0616	1.03765	6	0	0
11	59500001	1.02659	1.03765	6	0	0
11	60000001	0.978951	1.03765	6	0	0
11	60500001	1.04363	1.03765	6	0	0
11	61000001	1.04511	1.03765	6	0	0
11	61500001	1.01309	1.03765	6	0	0
11	62000001	1.02924	1.03765	6	0	0
11	62500001	1.03335	1.03765	6	0	0
11	63000001	1.17492	1.20005	7	0	0
11	63500001	1.19983	1.20005	7	0	0
11	64000001	1.07358	1.20005	7	0	0
11	64500001	1.17237	1.20005	7	0	0
11	65000001	1.19509	1.20005	7	0	0
11	65500001	1.22606	1.20005	7	0	0
11	66000001	1.19009	1.20005	7	0	0
11	66500001	1.20862	1.20005	7	0	0
11	67000001	1.21028	1.20005	7	0	0
11	67500001	1.24961	1.20005	7	0	0
11	68000001	1.20028	1.20005	7	0	0
11	68500001	1.15284	1.20005	7	0	0
11	69000001	1.26722	1.20005	7	0	0
11	69500001	1.22846	1.20005	7	0	0
11	70000001	1.24694	1.20005	7	0	0
11	70500001	1.12943	1.20005	7	0	0
11	71000001	1.2025	1.20005	7	0	0
11	71500001	1.12366	1.20005	7	0	0
11	72000001	1.07065	1.04287	6	0	0
11	72500001	1.06422	1.04287	6	0	0
11	73000001	1.09665	1.04287	6	0	0
11	73500001	0.968745	1.04287	6	0	0
11	74000001	1.0291	1.04287	6	0	0
11	74500001	1.04789	1.04287	6	0	0
11	75000001	1.1046	1.04287	6	0	0
11	75500001	1.02982	1.04287	6	0	0
11	76000001	1.04287	1.04287	6	0	0
11	76500001	1.04688	1.04287	6	0	0
11	77000001	1.01567	1.04287	6	0	0
11	77500001	0.989447	1.04287	6	0	0
11	78000001	0.999074	1.04287	6	0	0
11	78500001	1.03228	1.04287	6	0	0
11	79000001	0.981136	1.04287	6	0	0
11	79500001	1.01439	1.04287	6	0	0
11	80000001	0.988521	1.04287	6	0	0
11	80500001	1.08758	1.04287	6	0	0
11	81000001	1.07057	1.04287	6	0	0
11	81500001	1.07241	1.04287	6	0	0
11	82000001	1.08195	1.04287	6	0	0
11	82500001	1.04443	1.04287	6	0	0
11	83000001	1.00353	1.04287	6	0	0
11	83500001	0.97988	1.04287	6	0	0
11	84000001	1.07517	1.04287	6	0	0
11	84500001	1.08085	1.04287	6	0	0
11	85000001	1.11641	1.04287	6	0	0
11	85500001	1.08778	1.04287	6	0	0
11	86000001	1.04732	1.04287	6	0	0
11	86500001	0.994582	1.04287	6	0	0
11	87000001	1.0197	1.04287	6	0	0
11	87500001	1.02168	1.04287	6	0	0
11	88000001	1.04211	1.04287	6	0	0
11	88500001	1.21944	1.21079	7	0	0
11	89000001	1.31308	1.21079	7	0	0
11	89500001	1.20214	1.21079	7	0	0
11	90000001	1.18542	1.21079	7	0	0
11	90500001	1.30882	1.21079	7	0	0
11	91000001	1.30748	1.21079	7	0	0
11	91500001	1.24329	1.21079	7	0	0
11	92000001	1.15559	1.21079	7	0	0
11	92500001	1.16229	1.21079	7	0	0
11	93000001	1.182	1.21079	7	0	0
11	93500001	1.12917	1.21079	7	0	0
11	94000001	1.23061	1.21079	7	0	0
11	94500001	1.13694	1.21079	7	0	0
11	95000001	1.17193	1.21079	7	0	0
11	95500001	1.244	1.21079	7	0	0
11	96000001	1.2271	1.21079	7	0	0
11	96500001	1.29155	1.27594	8	0	0
11	97000001	1.22063	1.27594	8	0	0
11	97500001	1.26465	1.27594	8	0	0
11	98000001	1.25077	1.27594	8	0	0
11	98500001	1.30285	1.27594	8	0	0
11	99000001	1.37431	1.27594	8	0	0
11	99500001	1.32397	1.27594	8	0	0
11	100000001	1.29066	1.27594	8	0	0
11	100500001	1.22395	1.27594	8	0	0
11	101000001	1.20387	1.27594	8	0	0
11	101500001	1.27594	1.27594	8	0	0
11	102000001	1.18087	1.27594	8	0	0
11	102500001	1.16417	1.27594	8	0	0
11	103000001	1.32439	1.27594	8	0	0
11	103500001	1.18802	1.27594	8	0	0
11	104000001	1.28116	1.27594	8	0	0
11	104500001	1.27033	1.27594	8	0	0
11	105000001	1.28358	1.27594	8	0	0
11	105500001	1.38633	1.27594	8	0	0
11	106000001	1.22707	1.27594	8	0	0
11	106500001	1.33692	1.27594	8	0	0
11	107000001	1.17891	1.1931	7	0	0
11	107500001	1.12082	1.1931	7	0	0
11	108000001	1.19291	1.1931	7	0	0
11	108500001	1.19329	1.1931	7	0	0
11	109000001	1.22609	1.1931	7	0	0
11	109500001	1.21413	1.1931	7	0	0
11	110000001	1.14207	1.1931	7	0	0
11	110500001	1.19511	1.1931	7	0	0
11	111000001	1.14548	1.1931	7	0	0
11	111500001	1.17541	1.1931	7	0	0
11	112000001	1.15017	1.1931	7	0	0
11	112500001	1.21396	1.1931	7	0	0
11	113000001	1.17367	1.1931	7	0	0
11	113500001	1.18344	1.1931	7	0	0
11	114000001	1.1063	1.1931	7	0	0
11	114500001	1.1759	1.1931	7	0	0
11	115000001	1.10658	1.1931	7	0	0
11	115500001	1.13711	1.1931	7	0	0
11	116000001	1.20293	1.1931	7	0	0
11	116500001	1.19754	1.1931	7	0	0
11	117000001	1.23078	1.1931	7	0	0
11	117500001	1.23134	1.1931	7	0	0
11	118000001	1.19167	1.1931	7	0	0
11	118500001	1.19579	1.1931	7	0	0
11	119000001	1.19854	1.1931	7	0	0
11	119500001	1.25751	1.1931	7	0	0
11	120000001	1.26058	1.1931	7	0	0
11	120500001	1.20926	1.1931	7	0	0
11	121000001	1.19933	1.1931	7	0	0
11	121500001	1.13217	1.1931	7	0	0
11	122000001	1.1953	1.1931	7	0	0
11	122500001	1.1906	1.1931	7	0	0
11	123000001	1.22832	1.1931	7	0	0
11	123500001	1.20514	1.1931	7	0	0
11	124000001	1.21771	1.1931	7	0	0
11	124500001	1.16209	1.1931	7	0	0
11	125000001	1.22958	1.1931	7	0	0
11	125500001	1.13672	1.1931	7	0	0
11	126000001	1.18604	1.1931	7	0	0
11	126500001	1.17811	1.1931	7	0	0
11	127000001	1.12784	1.1931	7	0	0
11	127500001	1.21861	1.1931	7	0	0
11	128000001	1.2661	1.1931	7	0	0
11	128500001	1.20688	1.1931	7	0	0
11	129000001	1.17941	1.1931	7	0	0
11	129500001	1.17685	1.1931	7	0	0
11	130000001	1.17273	1.1931	7	0	0
11	130500001	1.19554	1.1931	7	0	0
11	131000001	1.16024	1.14532	7	0	0
11	131500001	1.12638	1.14532	7	0	0
11	132000001	1.13913	1.14532	7	0	0
11	132500001	1.14532	1.14532	7	0	0
11	133000001	1.13624	1.14532	7	0	0
11	133500001	1.15525	1.14532	7	0	0
11	134000001	1.19179	1.14532	7	0	0
11	134500001	1.2439	1.14532	7	0	0
11	135000001	0.206156	1.14532	7	0	0
12	1	0.961562	0.853895	5	0	0
12	500001	0.857658	0.853895	5	0	0
12	1000001	0.841545	0.853895	5	0	0
12	1500001	0.839776	0.853895	5	0	0
12	2000001	0.905432	0.853895	5	0	0
12	2500001	0.903599	0.853895	5	0	0
12	3000001	0.90144	0.853895	5	0	0
12	3500001	0.877097	0.853895	5	0	0
12	4000001	0.867102	0.853895	5	0	0
12	4500001	0.867419	0.853895	5	0	0
12	5000001	0.898691	0.853895	5	0	0
12	5500001	0.886747	0.853895	5	0	0
12	6000001	0.892715	0.853895	5	0	0
12	6500001	0.883767	0.853895	5	0	0
12	7000001	0.817272	0.853895	5	0	0
12	7500001	0.778742	0.853895	5	0	0
12	8000001	0.788389	0.853895	5	0	0
12	8500001	0.7845	0.853895	5	0	0
12	9000001	0.840978	0.853895	5	0	0
12	9500001	0.846245	0.853895	5	0	0
12	10000001	0.889718	0.853895	5	0	0
12	10500001	0.883087	0.853895	5	0	0
12	11000001	0.932812	0.853895	5	0	0
12	11500001	0.834079	0.853895	5	0	0
12	12000001	0.806233	0.853895	5	0	0
12	12500001	0.829827	0.853895	5	0	0
12	13000001	0.893967	0.853895	5	0	0
12	13500001	0.853049	0.853895	5	0	0
12	14000001	0.83742	0.853895	5	0	0
12	14500001	0.841598	0.853895	5	0	0
12	15000001	0.903277	0.853895	5	0	0
12	15500001	0.87721	0.853895	5	0	0
12	16000001	0.869752	0.853895	5	0	0
12	16500001	0.902261	0.853895	5	0	0
12	17000001	0.903209	0.853895	5	0	0
12	17500001	0.931711	0.853895	5	0	0
12	18000001	0.94753	0.853895	5	0	0
12	18500001	0.892391	0.853895	5	0	0
12	19000001	0.841695	0.853895	5	0	0
12	19500001	0.852791	0.853895	5	0	0
12	20000001	0.898325	0.853895	5	0	0
12	20500001	0.925522	0.853895	5	0	0
12	21000001	0.975518	0.853895	5	0	0
12	21500001	0.936276	0.853895	5	0	0
12	22000001	0.827037	0.853895	5	0	0
12	22500001	0.843723	0.853895	5	0	0
12	23000001	0.863605	0.853895	5	0	0
12	23500001	0.968641	0.853895	5	0	0
12	24000001	0.909826	0.853895	5	0	0
12	24500001	0.808607	0.853895	5	0	0
12	25000001	0.829538	0.853895	5	0	0
12	25500001	0.844209	0.853895	5	0	0
12	26000001	0.832803	0.853895	5	0	0
12	26500001	0.829286	0.853895	5	0	0
12	27000001	0.854166	0.853895	5	0	0
12	27500001	0.813109	0.853895	5	0	0
12	28000001	0.952224	0.853895	5	0	0
12	28500001	0.852605	0.853895	5	0	0
12	29000001	0.850914	0.853895	5	0	0
12	29500001	0.82828	0.853895	5	0	0
12	30000001	0.84058	0.853895	5	0	0
12	30500001	0.853625	0.853895	5	0	0
12	31000001	0.802655	0.853895	5	0	0
12	31500001	0.800704	0.853895	5	0	0
12	32000001	0.769632	0.853895	5	0	0
12	32500001	0.811969	0.853895	5	0	0
12	33000001	0.83204	0.853895	5	0	0
12	33500001	0.974748	0.853895	5	0	0
12	34000001	0.856457	0.853895	5	0	0
12	34500001	0.831015	0.853895	5	0	0
12	35000001	0.731163	0.666833	4	0	0
12	35500001	0.602504	0.666833	4	0	0
12	36000001	0.457697	0.452706	3	0	0
12	36500001	0.447715	0.452706	3	0	0
12	37000001	0.732693	0.878133	5	0	0
12	37500001	0.936701	0.878133	5	0	0
12	38000001	0.894876	0.878133	5	0	0
12	38500001	0.93668	0.878133	5	0	0
12	39000001	0.906174	0.878133	5	0	0
12	39500001	0.886456	0.878133	5	0	0
12	40000001	0.881867	0.878133	5	0	0
12	40500001	0.913007	0.878133	5	0	0
12	41000001	0.884979	0.878133	5	0	0
12	41500001	0.84253	0.878133	5	0	0
12	42000001	0.7987	0.878133	5	0	0
12	42500001	0.8397	0.878133	5	0	0
12	43000001	0.961814	0.878133	5	0	0
12	43500001	0.822832	0.878133	5	0	0
12	44000001	0.891344	0.878133	5	0	0
12	44500001	0.924075	0.878133	5	0	0
12	45000001	0.851409	0.878133	5	0	0
12	45500001	0.865053	0.878133	5	0	0
12	46000001	0.873397	0.878133	5	0	0
12	46500001	0.89626	0.878133	5	0	0
12	47000001	0.887627	0.878133	5	0	0
12	47500001	0.878133	0.878133	5	0	0
12	48000001	0.864982	0.878133	5	0	0
12	48500001	0.894308	0.878133	5	0	0
12	49000001	0.852327	0.878133	5	0	0
12	49500001	0.897214	0.878133	5	0	0
12	50000001	0.847007	0.878133	5	0	0
12	50500001	0.838927	0.878133	5	0	0
12	51000001	0.844694	0.878133	5	0	0
12	51500001	0.833356	0.878133	5	0	0
12	52000001	0.911681	0.878133	5	0	0
12	52500001	0.938139	0.878133	5	0	0
12	53000001	0.917222	0.878133	5	0	0
12	53500001	0.86073	0.878133	5	0	0
12	54000001	0.93851	0.878133	5	0	0
12	54500001	0.881853	0.878133	5	0	0
12	55000001	0.927796	0.878133	5	0	0
12	55500001	0.876451	0.878133	5	0	0
12	56000001	0.85589	0.878133	5	0	0
12	56500001	0.857018	0.878133	5	0	0
12	57000001	0.87373	0.878133	5	0	0
12	57500001	0.901824	0.878133	5	0	0
12	58000001	0.888664	0.878133	5	0	0
12	58500001	0.817336	0.878133	5	0	0
12	59000001	0.884803	0.878133	5	0	0
12	59500001	0.893464	0.878133	5	0	0
12	60000001	1.02115	0.878133	5	0	0
12	60500001	0.982219	0.878133	5	0	0
12	61000001	0.93836	0.878133	5	0	0
12	61500001	0.900482	0.878133	5	0	0
12	62000001	0.884711	0.878133	5	0	0
12	62500001	0.85111	0.878133	5	0	0
12	63000001	0.88317	0.878133	5	0	0
12	63500001	0.871577	0.878133	5	0	0
12	64000001	0.854523	0.878133	5	0	0
12	64500001	0.823747	0.878133	5	0	0
12	65000001	0.96319	0.878133	5	0	0
12	65500001	0.876121	0.878133	5	0	0
12	66000001	0.87449	0.878133	5	0	0
12	66500001	0.88754	0.878133	5	0	0
12	67000001	0.835977	0.878133	5	0	0
12	67500001	0.870613	0.878133	5	0	0
12	68000001	0.845476	0.878133	5	0	0
12	68500001	0.810421	0.878133	5	0	0
12	69000001	0.839135	0.878133	5	0	0
12	69500001	0.824701	0.878133	5	0	0
12	70000001	0.830439	0.878133	5	0	0
12	70500001	0.842454	0.878133	5	0	0
12	71000001	0.868432	0.878133	5	0	0
12	71500001	0.854434	0.878133	5	0	0
12	72000001	0.925264	0.878133	5	0	0
12	72500001	0.898296	0.878133	5	0	0
12	73000001	0.902156	0.878133	5	0	0
12	73500001	0.981997	1.01134	6	0	0
12	74000001	0.958379	1.01134	6	0	0
12	74500001	1.04069	1.01134	6	0	0
12	75000001	0.978267	1.01134	6	0	0
12	75500001	1.05109	1.01134	6	0	0
12	76000001	1.04992	1.01134	6	0	0
12	76500001	1.0806	1.13499	7	0	0
12	77000001	1.12073	1.13499	7	0	0
12	77500001	1.17768	1.13499	7	0	0
12	78000001	1.18097	1.13499	7	0	0
12	78500001	1.22725	1.13499	7	0	0
12	79000001	1.07887	1.13499	7	0	0
12	79500001	1.10194	1.13499	7	0	0
12	80000001	1.09284	1.13499	7	0	0
12	80500001	1.13109	1.13499	7	0	0
12	81000001	1.1607	1.13499	7	0	0
12	81500001	1.13499	1.13499	7	0	0
12	82000001	1.16083	1.13499	7	0	0
12	82500001	0.991192	1.13499	7	0	0
12	83000001	1.08387	1.13499	7	0	0
12	83500001	1.06725	1.13499	7	0	0
12	84000001	1.21585	1.13499	7	0	0
12	84500001	1.20619	1.13499	7	0	0
12	85000001	1.28609	1.13499	7	0	0
12	85500001	1.16727	1.13499	7	0	0
12	86000001	1.13489	1.13499	7	0	0
12	86500001	1.21145	1.13499	7	0	0
12	87000001	1.17736	1.13499	7	0	0
12	87500001	1.19217	1.13499	7	0	0
12	88000001	1.09674	1.13499	7	0	0
12	88500001	1.1438	1.13499	7	0	0
12	89000001	1.06563	1.13499	7	0	0
12	89500001	1.08925	1.13499	7	0	0
12	90000001	1.13058	1.13499	7	0	0
12	90500001	1.17079	1.13499	7	0	0
12	91000001	1.16981	1.13499	7	0	0
12	91500001	1.096	1.13499	7	0	0
12	92000001	1.02097	1.01282	6	0	0
12	92500001	1.03424	1.01282	6	0	0
12	93000001	1.01271	1.01282	6	0	0
12	93500001	1.02452	1.01282	6	0	0
12	94000001	1.02539	1.01282	6	0	0
12	94500001	0.937141	1.01282	6	0	0
12	95000001	0.9906	1.01282	6	0	0
12	95500001	0.99818	1.01282	6	0	0
12	96000001	1.00666	1.01282	6	0	0
12	96500001	1.06639	1.01282	6	0	0
12	97000001	0.991431	1.01282	6	0	0
12	97500001	1.02054	1.01282	6	0	0
12	98000001	1.03731	1.01282	6	0	0
12	98500001	0.965161	1.01282	6	0	0
12	99000001	1.06298	1.01282	6	0	0
12	99500001	1.07654	1.01282	6	0	0
12	100000001	0.965922	1.01282	6	0	0
12	100500001	1.06036	1.01282	6	0	0
12	101000001	1.00569	1.01282	6	0	0
12	101500001	0.983477	1.01282	6	0	0
12	102000001	1.05744	1.01282	6	0	0
12	102500001	1.03368	1.01282	6	0	0
12	103000001	1.02964	1.01282	6	0	0
12	103500001	1.07131	1.01282	6	0	0
12	104000001	1.01081	1.01282	6	0	0
12	104500001	1.03945	1.01282	6	0	0
12	105000001	1.07575	1.01282	6	0	0
12	105500001	1.03708	1.01282	6	0	0
12	106000001	1.06968	1.01282	6	0	0
12	106500001	1.00555	1.01282	6	0	0
12	107000001	0.994435	1.01282	6	0	0
12	107500001	0.960489	1.01282	6	0	0
12	108000001	1.13475	1.01282	6	0	0
12	108500001	1.05486	1.01282	6	0	0
12	109000001	1.00066	1.01282	6	0	0
12	109500001	1.08447	1.01282	6	0	0
12	110000001	0.975467	1.01282	6	0	0
12	110500001	0.995039	1.01282	6	0	0
12	111000001	1.05632	1.01282	6	0	0
12	111500001	0.953519	1.01282	6	0	0
12	112000001	0.962732	1.01282	6	0	0
12	112500001	1.06065	1.01282	6	0	0
12	113000001	1.05927	1.01282	6	0	0
12	113500001	1.03863	1.01282	6	0	0
12	114000001	0.996181	1.01282	6	0	0
12	114500001	0.970578	1.01282	6	0	0
12	115000001	0.977442	1.01282	6	0	0
12	115500001	0.990992	1.01282	6	0	0
12	116000001	0.904449	1.01282	6	0	0
12	116500001	0.996277	1.01282	6	0	0
12	117000001	1.05137	1.01282	6	0	0
12	117500001	0.966363	1.01282	6	0	0
12	118000001	0.932137	1.01282	6	0	0
12	118500001	1.01622	1.01282	6	0	0
12	119000001	1.02592	1.01282	6	0	0
12	119500001	1.03992	1.01282	6	0	0
12	120000001	1.02931	1.01282	6	0	0
12	120500001	0.98699	1.01282	6	0	0
12	121000001	1.00527	1.01282	6	0	0
12	121500001	0.980592	1.01282	6	0	0
12	122000001	1.00363	1.01282	6	0	0
12	122500001	1.01282	1.01282	6	0	0
12	123000001	0.982279	1.01282	6	0	0
12	123500001	1.0272	1.01282	6	0	0
12	124000001	1.09153	1.01282	6	0	0
12	124500001	0.856804	0.797755	5	0	0
12	125000001	0.880015	0.797755	5	0	0
12	125500001	0.826579	0.797755	5	0	0
12	126000001	0.777712	0.797755	5	0	0
12	126500001	0.779701	0.797755	5	0	0
12	127000001	0.77743	0.797755	5	0	0
12	127500001	0.799364	0.797755	5	0	0
12	128000001	0.791025	0.797755	5	0	0
12	128500001	0.828865	0.797755	5	0	0
12	129000001	0.790357	0.797755	5	0	0
12	129500001	0.765991	0.797755	5	0	0
12	130000001	0.82534	0.797755	5	0	0
12	130500001	0.796147	0.797755	5	0	0
12	131000001	0.885522	0.797755	5	0	0
12	131500001	0.869752	0.797755	5	0	0
12	132000001	0.730081	0.797755	5	0	0
12	132500001	0.813801	0.797755	5	0	0
12	133000001	0.446361	0.797755	5	0	0
13	1	-1	-1	-1	0	0
13	500001	-1	-1	-1	0	0
13	1000001	-1	-1	-1	0	0
13	1500001	-1	-1	-1	0	0
13	2000001	-1	-1	-1	0	0
13	2500001	-1	-1	-1	0	0
13	3000001	-1	-1	-1	0	0
13	3500001	-1	-1	-1	0	0
13	4000001	-1	-1	-1	0	0
13	4500001	-1	-1	-1	0	0
13	5000001	-1	-1	-1	0	0
13	5500001	-1	-1	-1	0	0
13	6000001	-1	-1	-1	0	0
13	6500001	-1	-1	-1	0	0
13	7000001	-1	-1	-1	0	0
13	7500001	-1	-1	-1	0	0
13	8000001	-1	-1	-1	0	0
13	8500001	-1	-1	-1	0	0
13	9000001	-1	-1	-1	0	0
13	9500001	-1	-1	-1	0	0
13	10000001	-1	-1	-1	0	0
13	10500001	-1	-1	-1	0	0
13	11000001	-1	-1	-1	0	0
13	11500001	-1	-1	-1	0	0
13	12000001	-1	-1	-1	0	0
13	12500001	-1	-1	-1	0	0
13	13000001	-1	-1	-1	0	0
13	13500001	-1	-1	-1	0	0
13	14000001	-1	-1	-1	0	0
13	14500001	-1	-1	-1	0	0
13	15000001	-1	-1	-1	0	0
13	15500001	-1	-1	-1	0	0
13	16000001	0.430996	0.430996	3	0	0
13	16500001	0.761441	0.761441	5	0	0
13	17000001	1.01179	1.10653	7	0	0
13	17500001	1.20127	1.10653	7	0	0
13	18000001	-1	-1	-1	0	0
13	18500001	0.669987	0.670458	4	0	0
13	19000001	0.641071	0.670458	4	0	0
13	19500001	0.623625	0.670458	4	0	0
13	20000001	0.72032	0.670458	4	0	0
13	20500001	0.62773	0.670458	4	0	0
13	21000001	0.641614	0.670458	4	0	0
13	21500001	0.632569	0.670458	4	0	0
13	22000001	0.675191	0.670458	4	0	0
13	22500001	0.610712	0.670458	4	0	0
13	23000001	0.668842	0.670458	4	0	0
13	23500001	0.690029	0.670458	4	0	0
13	24000001	0.648967	0.670458	4	0	0
13	24500001	0.65904	0.670458	4	0	0
13	25000001	0.677508	0.670458	4	0	0
13	25500001	0.649495	0.670458	4	0	0
13	26000001	0.684066	0.670458	4	0	0
13	26500001	0.653867	0.670458	4	0	0
13	27000001	0.690621	0.670458	4	0	0
13	27500001	0.667147	0.670458	4	0	0
13	28000001	0.65315	0.670458	4	0	0
13	28500001	0.69018	0.670458	4	0	0
13	29000001	0.661548	0.670458	4	0	0
13	29500001	0.651209	0.670458	4	0	0
13	30000001	0.681905	0.670458	4	0	0
13	30500001	0.673985	0.670458	4	0	0
13	31000001	0.666604	0.670458	4	0	0
13	31500001	0.670212	0.670458	4	0	0
13	32000001	0.649109	0.670458	4	0	0
13	32500001	0.658368	0.670458	4	0	0
13	33000001	0.704013	0.670458	4	0	0
13	33500001	0.696138	0.670458	4	0	0
13	34000001	0.720172	0.670458	4	0	0
13	34500001	0.673969	0.670458	4	0	0
13	35000001	0.819174	0.670458	4	0	0
13	35500001	0.632082	0.670458	4	0	0
13	36000001	0.688307	0.670458	4	0	0
13	36500001	0.651924	0.670458	4	0	0
13	37000001	0.704664	0.670458	4	0	0
13	37500001	0.744517	0.670458	4	0	0
13	38000001	0.736729	0.670458	4	0	0
13	38500001	0.699435	0.670458	4	0	0
13	39000001	0.693419	0.670458	4	0	0
13	39500001	0.663517	0.670458	4	0	0
13	40000001	0.665451	0.670458	4	0	0
13	40500001	0.632877	0.670458	4	0	0
13	41000001	0.646358	0.670458	4	0	0
13	41500001	0.71874	0.670458	4	0	0
13	42000001	0.670458	0.670458	4	0	0
13	42500001	0.677728	0.670458	4	0	0
13	43000001	0.672853	0.670458	4	0	0
13	43500001	0.695181	0.670458	4	0	0
13	44000001	0.683777	0.670458	4	0	0
13	44500001	0.677306	0.670458	4	0	0
13	45000001	0.643205	0.670458	4	0	0
13	45500001	0.691817	0.670458	4	0	0
13	46000001	0.67033	0.670458	4	0	0
13	46500001	0.645984	0.670458	4	0	0
13	47000001	0.715722	0.670458	4	0	0
13	47500001	0.62802	0.670458	4	0	0
13	48000001	0.687468	0.670458	4	0	0
13	48500001	0.698092	0.670458	4	0	0
13	49000001	0.654799	0.670458	4	0	0
13	49500001	0.635532	0.670458	4	0	0
13	50000001	0.678503	0.670458	4	0	0
13	50500001	0.681187	0.670458	4	0	0
13	51000001	0.687761	0.670458	4	0	0
13	51500001	0.623774	0.670458	4	0	0
13	52000001	0.629612	0.670458	4	0	0
13	52500001	0.64712	0.670458	4	0	0
13	53000001	0.636901	0.670458	4	0	0
13	53500001	0.71546	0.670458	4	0	0
13	54000001	0.718678	0.670458	4	0	0
13	54500001	0.719156	0.670458	4	0	0
13	55000001	0.803776	0.786204	5	0	0
13	55500001	0.814131	0.786204	5	0	0
13	56000001	0.78841	0.786204	5	0	0
13	56500001	0.854957	0.786204	5	0	0
13	57000001	0.852551	0.786204	5	0	0
13	57500001	0.851887	0.786204	5	0	0
13	58000001	0.784478	0.786204	5	0	0
13	58500001	0.731948	0.786204	5	0	0
13	59000001	0.67311	0.786204	5	0	0
13	59500001	0.688229	0.786204	5	0	0
13	60000001	0.724125	0.786204	5	0	0
13	60500001	0.688155	0.786204	5	0	0
13	61000001	0.694866	0.786204	5	0	0
13	61500001	0.795345	0.786204	5	0	0
13	62000001	0.772483	0.786204	5	0	0
13	62500001	0.869259	0.786204	5	0	0
13	63000001	0.862587	0.786204	5	0	0
13	63500001	0.774048	0.786204	5	0	0
13	64000001	0.867057	0.786204	5	0	0
13	64500001	0.786204	0.786204	5	0	0
13	65000001	0.748386	0.786204	5	0	0
13	65500001	0.807029	0.786204	5	0	0
13	66000001	0.751631	0.786204	5	0	0
13	66500001	0.781762	0.786204	5	0	0
13	67000001	0.797864	0.786204	5	0	0
13	67500001	0.757371	0.786204	5	0	0
13	68000001	0.793171	0.786204	5	0	0
13	68500001	0.81653	0.786204	5	0	0
13	69000001	0.814104	0.786204	5	0	0
13	69500001	0.79998	0.786204	5	0	0
13	70000001	0.759764	0.786204	5	0	0
13	70500001	0.849478	0.786204	5	0	0
13	71000001	0.773809	0.786204	5	0	0
13	71500001	0.774229	0.786204	5	0	0
13	72000001	0.753253	0.786204	5	0	0
13	72500001	0.699187	0.696601	4	0	0
13	73000001	0.648486	0.696601	4	0	0
13	73500001	0.674305	0.696601	4	0	0
13	74000001	0.719151	0.696601	4	0	0
13	74500001	0.692779	0.696601	4	0	0
13	75000001	0.69842	0.696601	4	0	0
13	75500001	0.690356	0.696601	4	0	0
13	76000001	0.746356	0.696601	4	0	0
13	76500001	0.664902	0.696601	4	0	0
13	77000001	0.741351	0.696601	4	0	0
13	77500001	0.694783	0.696601	4	0	0
13	78000001	0.685383	0.696601	4	0	0
13	78500001	0.661878	0.696601	4	0	0
13	79000001	0.708057	0.696601	4	0	0
13	79500001	0.698644	0.696601	4	0	0
13	80000001	0.724649	0.696601	4	0	0
13	80500001	0.930415	0.968857	6	0	0
13	81000001	0.957665	0.968857	6	0	0
13	81500001	0.957154	0.968857	6	0	0
13	82000001	1.00775	0.968857	6	0	0
13	82500001	1.00111	0.968857	6	0	0
13	83000001	1.04727	0.968857	6	0	0
13	83500001	0.906975	0.968857	6	0	0
13	84000001	0.968857	0.968857	6	0	0
13	84500001	0.989617	0.968857	6	0	0
13	85000001	0.949196	0.968857	6	0	0
13	85500001	0.950194	0.968857	6	0	0
13	86000001	0.983544	0.968857	6	0	0
13	86500001	0.984	0.968857	6	0	0
13	87000001	0.983789	0.968857	6	0	0
13	87500001	0.943061	0.968857	6	0	0
13	88000001	0.960925	0.968857	6	0	0
13	88500001	1.03897	0.968857	6	0	0
13	89000001	0.977551	0.968857	6	0	0
13	89500001	0.937413	0.968857	6	0	0
13	90000001	0.888434	0.897686	5	0	0
13	90500001	0.935434	0.897686	5	0	0
13	91000001	0.816849	0.897686	5	0	0
13	91500001	0.906938	0.897686	5	0	0
13	92000001	0.932694	0.897686	5	0	0
13	92500001	0.963692	0.897686	5	0	0
13	93000001	0.871575	0.897686	5	0	0
13	93500001	0.87793	0.897686	5	0	0
13	94000001	0.801472	0.839069	5	0	0
13	94500001	0.851252	0.839069	5	0	0
13	95000001	0.786475	0.839069	5	0	0
13	95500001	0.806346	0.839069	5	0	0
13	96000001	0.868144	0.839069	5	0	0
13	96500001	0.838666	0.839069	5	0	0
13	97000001	0.847583	0.839069	5	0	0
13	97500001	0.846684	0.839069	5	0	0
13	98000001	0.816518	0.839069	5	0	0
13	98500001	0.814742	0.839069	5	0	0
13	99000001	0.823461	0.839069	5	0	0
13	99500001	0.843132	0.839069	5	0	0
13	100000001	0.807209	0.839069	5	0	0
13	100500001	0.839473	0.839069	5	0	0
13	101000001	0.818089	0.839069	5	0	0
13	101500001	0.914405	0.839069	5	0	0
13	102000001	0.851099	0.839069	5	0	0
13	102500001	0.836317	0.839069	5	0	0
13	103000001	0.850247	0.839069	5	0	0
13	103500001	0.928216	0.839069	5	0	0
13	104000001	0.891945	0.839069	5	0	0
13	104500001	0.909431	0.839069	5	0	0
13	105000001	0.950601	0.839069	5	0	0
13	105500001	0.844103	0.839069	5	0	0
13	106000001	0.825923	0.839069	5	0	0
13	106500001	0.800771	0.839069	5	0	0
13	107000001	0.820633	0.839069	5	0	0
13	107500001	0.880853	0.839069	5	0	0
13	108000001	0.866679	0.839069	5	0	0
13	108500001	0.850286	0.839069	5	0	0
13	109000001	0.814118	0.839069	5	0	0
13	109500001	0.804441	0.839069	5	0	0
13	110000001	0.79888	0.839069	5	0	0
13	110500001	0.83548	0.839069	5	0	0
13	111000001	0.832165	0.839069	5	0	0
13	111500001	-1	0.839069	5	0	0
13	112000001	0.878083	0.839069	5	0	0
13	112500001	0.888837	0.839069	5	0	0
13	113000001	0.825031	0.839069	5	0	0
13	113500001	0.842968	0.839069	5	0	0
13	114000001	0.607172	0.839069	5	0	0
14	1	-1	-1	-1	0	0
14	500001	-1	-1	-1	0	0
14	1000001	-1	-1	-1	0	0
14	1500001	-1	-1	-1	0	0
14	2000001	-1	-1	-1	0	0
14	2500001	-1	-1	-1	0	0
14	3000001	-1	-1	-1	0	0
14	3500001	-1	-1	-1	0	0
14	4000001	-1	-1	-1	0	0
14	4500001	-1	-1	-1	0	0
14	5000001	-1	-1	-1	0	0
14	5500001	-1	-1	-1	0	0
14	6000001	-1	-1	-1	0	0
14	6500001	-1	-1	-1	0	0
14	7000001	-1	-1	-1	0	0
14	7500001	-1	-1	-1	0	0
14	8000001	-1	-1	-1	0	0
14	8500001	-1	-1	-1	0	0
14	9000001	-1	-1	-1	0	0
14	9500001	-1	-1	-1	0	0
14	10000001	-1	-1	-1	0	0
14	10500001	-1	-1	-1	0	0
14	11000001	-1	-1	-1	0	0
14	11500001	-1	-1	-1	0	0
14	12000001	-1	-1	-1	0	0
14	12500001	-1	-1	-1	0	0
14	13000001	-1	-1	-1	0	0
14	13500001	-1	-1	-1	0	0
14	14000001	-1	-1	-1	0	0
14	14500001	-1	-1	-1	0	0
14	15000001	-1	-1	-1	0	0
14	15500001	-1	-1	-1	0	0
14	16000001	0.474916	0.603515	4	0	0
14	16500001	0.603515	0.603515	4	0	0
14	17000001	0.781145	0.603515	4	0	0
14	17500001	1.02908	1.11871	7	0	0
14	18000001	1.20833	1.11871	7	0	0
14	18500001	-1	-1	-1	0	0
14	19000001	1.80631	1.80631	11	0	0
14	19500001	-1	-1	-1	0	0
14	20000001	0.986441	1.02453	6	0	0
14	20500001	1.02009	1.02453	6	0	0
14	21000001	0.981002	1.02453	6	0	0
14	21500001	1.06176	1.02453	6	0	0
14	22000001	1.06188	1.02453	6	0	0
14	22500001	1.01576	1.02453	6	0	0
14	23000001	1.07036	1.02453	6	0	0
14	23500001	1.01246	1.02453	6	0	0
14	24000001	1.05679	1.02453	6	0	0
14	24500001	1.03925	1.02453	6	0	0
14	25000001	1.00318	1.02453	6	0	0
14	25500001	1.04634	1.02453	6	0	0
14	26000001	1.02347	1.02453	6	0	0
14	26500001	1.15398	1.02453	6	0	0
14	27000001	1.17923	1.02453	6	0	0
14	27500001	1.17646	1.02453	6	0	0
14	28000001	1.10028	1.02453	6	0	0
14	28500001	1.08806	1.02453	6	0	0
14	29000001	1.0861	1.02453	6	0	0
14	29500001	1.03571	1.02453	6	0	0
14	30000001	0.992988	1.02453	6	0	0
14	30500001	1.0308	1.02453	6	0	0
14	31000001	0.957448	1.02453	6	0	0
14	31500001	1.01136	1.02453	6	0	0
14	32000001	1.05338	1.02453	6	0	0
14	32500001	1.02517	1.02453	6	0	0
14	33000001	1.00627	1.02453	6	0	0
14	33500001	0.98572	1.02453	6	0	0
14	34000001	0.980944	1.02453	6	0	0
14	34500001	0.942244	1.02453	6	0	0
14	35000001	0.951988	1.02453	6	0	0
14	35500001	1.02699	1.02453	6	0	0
14	36000001	1.02967	1.02453	6	0	0
14	36500001	0.981074	1.02453	6	0	0
14	37000001	1.0205	1.02453	6	0	0
14	37500001	0.996117	1.02453	6	0	0
14	38000001	1.06308	1.02453	6	0	0
14	38500001	1.0239	1.02453	6	0	0
14	39000001	0.99419	1.02453	6	0	0
14	39500001	1.06927	1.02453	6	0	0
14	40000001	1.10609	1.16013	7	0	0
14	40500001	1.24506	1.16013	7	0	0
14	41000001	1.16342	1.16013	7	0	0
14	41500001	1.15644	1.16013	7	0	0
14	42000001	1.16054	1.16013	7	0	0
14	42500001	1.13249	1.16013	7	0	0
14	43000001	1.24107	1.16013	7	0	0
14	43500001	1.17024	1.16013	7	0	0
14	44000001	1.16013	1.16013	7	0	0
14	44500001	1.07474	1.16013	7	0	0
14	45000001	0.997429	1.16013	7	0	0
14	45500001	1.0875	1.16013	7	0	0
14	46000001	1.16919	1.16013	7	0	0
14	46500001	1.34067	1.44094	9	0	0
14	47000001	1.46928	1.44094	9	0	0
14	47500001	1.43827	1.44094	9	0	0
14	48000001	1.44361	1.44094	9	0	0
14	48500001	1.5223	1.44094	9	0	0
14	49000001	1.39367	1.44094	9	0	0
14	49500001	1.27065	1.32207	8	0	0
14	50000001	1.28094	1.32207	8	0	0
14	50500001	1.30462	1.32207	8	0	0
14	51000001	1.34516	1.32207	8	0	0
14	51500001	1.32123	1.32207	8	0	0
14	52000001	1.37741	1.32207	8	0	0
14	52500001	1.29169	1.32207	8	0	0
14	53000001	1.35416	1.32207	8	0	0
14	53500001	1.34926	1.32207	8	0	0
14	54000001	1.38603	1.32207	8	0	0
14	54500001	1.30765	1.32207	8	0	0
14	55000001	1.34057	1.32207	8	0	0
14	55500001	1.32324	1.32207	8	0	0
14	56000001	1.32291	1.32207	8	0	0
14	56500001	1.31217	1.32207	8	0	0
14	57000001	1.23947	1.32207	8	0	0
14	57500001	1.00092	1.01282	6	0	0
14	58000001	1.0364	1.01282	6	0	0
14	58500001	1.17221	1.01282	6	0	0
14	59000001	1.19111	1.01282	6	0	0
14	59500001	1.09217	1.01282	6	0	0
14	60000001	1.09507	1.01282	6	0	0
14	60500001	0.993419	1.01282	6	0	0
14	61000001	1.05406	1.01282	6	0	0
14	61500001	1.08998	1.01282	6	0	0
14	62000001	1.06428	1.01282	6	0	0
14	62500001	1.04213	1.01282	6	0	0
14	63000001	1.00421	1.01282	6	0	0
14	63500001	0.953875	1.01282	6	0	0
14	64000001	0.978987	1.01282	6	0	0
14	64500001	1.05344	1.01282	6	0	0
14	65000001	0.996524	1.01282	6	0	0
14	65500001	0.970457	1.01282	6	0	0
14	66000001	1.04232	1.01282	6	0	0
14	66500001	1.07978	1.01282	6	0	0
14	67000001	0.962791	1.01282	6	0	0
14	67500001	1.01754	1.01282	6	0	0
14	68000001	1.02647	1.01282	6	0	0
14	68500001	1.07755	1.01282	6	0	0
14	69000001	1.01833	1.01282	6	0	0
14	69500001	1.01295	1.01282	6	0	0
14	70000001	0.991943	1.01282	6	0	0
14	70500001	0.979512	1.01282	6	0	0
14	71000001	1.02955	1.01282	6	0	0
14	71500001	1.02345	1.01282	6	0	0
14	72000001	1.01791	1.01282	6	0	0
14	72500001	1.01601	1.01282	6	0	0
14	73000001	0.970737	1.01282	6	0	0
14	73500001	0.948245	1.01282	6	0	0
14	74000001	1.03633	1.01282	6	0	0
14	74500001	1.02857	1.01282	6	0	0
14	75000001	0.967716	1.01282	6	0	0
14	75500001	0.979219	1.01282	6	0	0
14	76000001	1.06714	1.01282	6	0	0
14	76500001	1.0548	1.01282	6	0	0
14	77000001	1.02108	1.01282	6	0	0
14	77500001	0.961607	1.01282	6	0	0
14	78000001	0.980657	1.01282	6	0	0
14	78500001	0.959696	1.01282	6	0	0
14	79000001	0.965235	1.01282	6	0	0
14	79500001	0.965619	1.01282	6	0	0
14	80000001	1.05853	1.01282	6	0	0
14	80500001	1.0511	1.01282	6	0	0
14	81000001	0.985645	1.01282	6	0	0
14	81500001	1.00355	1.01282	6	0	0
14	82000001	1.08957	1.01282	6	0	0
14	82500001	1.10349	1.01282	6	0	0
14	83000001	1.1336	1.01282	6	0	0
14	83500001	1.09573	1.01282	6	0	0
14	84000001	1.08792	1.01282	6	0	0
14	84500001	1.00659	1.01282	6	0	0
14	85000001	1.01579	1.01282	6	0	0
14	85500001	1.02338	1.01282	6	0	0
14	86000001	1.05345	1.01282	6	0	0
14	86500001	1.0376	1.01282	6	0	0
14	87000001	1.01234	1.01282	6	0	0
14	87500001	0.991728	1.01282	6	0	0
14	88000001	0.960289	1.01282	6	0	0
14	88500001	0.999304	1.01282	6	0	0
14	89000001	0.983704	1.01282	6	0	0
14	89500001	0.95808	1.01282	6	0	0
14	90000001	0.993143	1.01282	6	0	0
14	90500001	0.980734	1.01282	6	0	0
14	91000001	0.991121	1.01282	6	0	0
14	91500001	1.00561	1.01282	6	0	0
14	92000001	0.993234	1.01282	6	0	0
14	92500001	1.04171	1.01282	6	0	0
14	93000001	0.990031	1.01282	6	0	0
14	93500001	1.05971	1.01282	6	0	0
14	94000001	1.04185	1.01282	6	0	0
14	94500001	1.03537	1.01282	6	0	0
14	95000001	1.00001	1.01282	6	0	0
14	95500001	0.995384	1.01282	6	0	0
14	96000001	0.996565	1.01282	6	0	0
14	96500001	0.968658	1.01282	6	0	0
14	97000001	0.999228	1.01282	6	0	0
14	97500001	0.99915	1.01282	6	0	0
14	98000001	0.936782	1.01282	6	0	0
14	98500001	0.925819	1.01282	6	0	0
14	99000001	1.04902	1.01282	6	0	0
14	99500001	0.977776	1.01282	6	0	0
14	100000001	1.01269	1.01282	6	0	0
14	100500001	1.02522	1.01282	6	0	0
14	101000001	0.973904	1.01282	6	0	0
14	101500001	1.05612	1.01282	6	0	0
14	102000001	0.995438	1.01282	6	0	0
14	102500001	0.984253	1.01282	6	0	0
14	103000001	1.02469	1.01282	6	0	0
14	103500001	1.02153	1.01282	6	0	0
14	104000001	1.01709	1.01282	6	0	0
14	104500001	0.841592	1.01282	6	0	0
14	105000001	0.774051	1.01282	6	0	0
14	105500001	1.01539	1.01282	6	0	0
14	106000001	1.07614	1.01282	6	0	0
14	106500001	-1	-1	-1	0	0
14	107000001	-1	-1	-1	0	0
15	1	-1	-1	-1	0	0
15	500001	-1	-1	-1	0	0
15	1000001	-1	-1	-1	0	0
15	1500001	-1	-1	-1	0	0
15	2000001	-1	-1	-1	0	0
15	2500001	-1	-1	-1	0	0
15	3000001	-1	-1	-1	0	0
15	3500001	-1	-1	-1	0	0
15	4000001	-1	-1	-1	0	0
15	4500001	-1	-1	-1	0	0
15	5000001	-1	-1	-1	0	0
15	5500001	-1	-1	-1	0	0
15	6000001	-1	-1	-1	0	0
15	6500001	-1	-1	-1	0	0
15	7000001	-1	-1	-1	0	0
15	7500001	-1	-1	-1	0	0
15	8000001	-1	-1	-1	0	0
15	8500001	-1	-1	-1	0	0
15	9000001	-1	-1	-1	0	0
15	9500001	-1	-1	-1	0	0
15	10000001	-1	-1	-1	0	0
15	10500001	-1	-1	-1	0	0
15	11000001	-1	-1	-1	0	0
15	11500001	-1	-1	-1	0	0
15	12000001	-1	-1	-1	0	0
15	12500001	-1	-1	-1	0	0
15	13000001	-1	-1	-1	0	0
15	13500001	-1	-1	-1	0	0
15	14000001	-1	-1	-1	0	0
15	14500001	-1	-1	-1	0	0
15	15000001	-1	-1	-1	0	0
15	15500001	-1	-1	-1	0	0
15	16000001	-1	-1	-1	0	0
15	16500001	-1	-1	-1	0	0
15	17000001	0.319489	0.319489	2	0	0
15	17500001	0.584111	0.678863	4	0	0
15	18000001	0.773615	0.678863	4	0	0
15	18500001	1.14615	1.06485	6	0	0
15	19000001	1.06485	1.06485	6	0	0
15	19500001	0.929895	1.06485	6	0	0
15	20000001	1.42537	1.42537	9	0	0
15	20500001	0.906113	0.853575	5	0	0
15	21000001	0.801038	0.853575	5	0	0
15	21500001	0.322136	0.322136	2	0	0
15	22000001	0.555709	0.582908	3	0	0
15	22500001	0.610107	0.582908	3	0	0
15	23000001	0.710915	0.685294	4	0	0
15	23500001	0.634083	0.685294	4	0	0
15	24000001	0.799851	0.685294	4	0	0
15	24500001	0.66059	0.685294	4	0	0
15	25000001	0.657751	0.685294	4	0	0
15	25500001	0.689049	0.685294	4	0	0
15	26000001	0.669627	0.685294	4	0	0
15	26500001	0.643545	0.685294	4	0	0
15	27000001	0.626098	0.685294	4	0	0
15	27500001	0.633871	0.685294	4	0	0
15	28000001	0.710272	0.685294	4	0	0
15	28500001	0.64399	0.685294	4	0	0
15	29000001	0.629838	0.685294	4	0	0
15	29500001	0.684967	0.685294	4	0	0
15	30000001	0.664245	0.685294	4	0	0
15	30500001	0.662594	0.685294	4	0	0
15	31000001	0.704483	0.685294	4	0	0
15	31500001	0.652171	0.685294	4	0	0
15	32000001	0.59375	0.685294	4	0	0
15	32500001	0.640026	0.685294	4	0	0
15	33000001	0.680113	0.685294	4	0	0
15	33500001	0.689454	0.685294	4	0	0
15	34000001	0.667668	0.685294	4	0	0
15	34500001	0.665972	0.685294	4	0	0
15	35000001	0.675426	0.685294	4	0	0
15	35500001	0.728673	0.685294	4	0	0
15	36000001	0.736021	0.685294	4	0	0
15	36500001	0.70253	0.685294	4	0	0
15	37000001	0.68854	0.685294	4	0	0
15	37500001	0.762501	0.685294	4	0	0
15	38000001	0.746329	0.685294	4	0	0
15	38500001	0.700177	0.685294	4	0	0
15	39000001	0.709306	0.685294	4	0	0
15	39500001	0.719825	0.685294	4	0	0
15	40000001	0.729973	0.685294	4	0	0
15	40500001	0.695304	0.685294	4	0	0
15	41000001	0.643313	0.685294	4	0	0
15	41500001	0.736983	0.685294	4	0	0
15	42000001	0.69692	0.685294	4	0	0
15	42500001	0.657675	0.685294	4	0	0
15	43000001	0.635976	0.685294	4	0	0
15	43500001	0.704137	0.685294	4	0	0
15	44000001	0.693194	0.685294	4	0	0
15	44500001	0.682064	0.685294	4	0	0
15	45000001	0.647452	0.685294	4	0	0
15	45500001	0.663874	0.685294	4	0	0
15	46000001	0.680403	0.685294	4	0	0
15	46500001	0.739659	0.685294	4	0	0
15	47000001	0.686236	0.685294	4	0	0
15	47500001	0.631914	0.685294	4	0	0
15	48000001	0.666241	0.685294	4	0	0
15	48500001	0.718556	0.685294	4	0	0
15	49000001	0.670957	0.685294	4	0	0
15	49500001	0.712966	0.685294	4	0	0
15	50000001	0.659887	0.685294	4	0	0
15	50500001	0.681399	0.685294	4	0	0
15	51000001	0.68145	0.685294	4	0	0
15	51500001	0.704601	0.685294	4	0	0
15	52000001	0.690391	0.685294	4	0	0
15	52500001	0.709444	0.685294	4	0	0
15	53000001	0.697237	0.685294	4	0	0
15	53500001	0.683306	0.685294	4	0	0
15	54000001	0.771496	0.685294	4	0	0
15	54500001	0.718052	0.685294	4	0	0
15	55000001	0.658	0.685294	4	0	0
15	55500001	0.673379	0.685294	4	0	0
15	56000001	0.72337	0.685294	4	0	0
15	56500001	0.734169	0.685294	4	0	0
15	57000001	0.683635	0.685294	4	0	0
15	57500001	0.692878	0.685294	4	0	0
15	58000001	0.710862	0.685294	4	0	0
15	58500001	0.653302	0.685294	4	0	0
15	59000001	0.659137	0.685294	4	0	0
15	59500001	0.669206	0.685294	4	0	0
15	60000001	0.718323	0.685294	4	0	0
15	60500001	0.685512	0.685294	4	0	0
15	61000001	0.685744	0.685294	4	0	0
15	61500001	0.704385	0.685294	4	0	0
15	62000001	0.697878	0.685294	4	0	0
15	62500001	0.662847	0.685294	4	0	0
15	63000001	0.716765	0.685294	4	0	0
15	63500001	0.66367	0.685294	4	0	0
15	64000001	0.626589	0.685294	4	0	0
15	64500001	0.669699	0.685294	4	0	0
15	65000001	0.701786	0.685294	4	0	0
15	65500001	0.6869	0.685294	4	0	0
15	66000001	0.677572	0.685294	4	0	0
15	66500001	0.714388	0.685294	4	0	0
15	67000001	0.665397	0.685294	4	0	0
15	67500001	0.678305	0.685294	4	0	0
15	68000001	0.653293	0.685294	4	0	0
15	68500001	0.678822	0.685294	4	0	0
15	69000001	0.713385	0.685294	4	0	0
15	69500001	0.694045	0.685294	4	0	0
15	70000001	0.735609	0.685294	4	0	0
15	70500001	0.672467	0.685294	4	0	0
15	71000001	0.686129	0.685294	4	0	0
15	71500001	0.68081	0.685294	4	0	0
15	72000001	0.672766	0.685294	4	0	0
15	72500001	0.697748	0.685294	4	0	0
15	73000001	0.650652	0.685294	4	0	0
15	73500001	0.694857	0.685294	4	0	0
15	74000001	0.711119	0.685294	4	0	0
15	74500001	0.682878	0.685294	4	0	0
15	75000001	0.759087	0.685294	4	0	0
15	75500001	0.728793	0.685294	4	0	0
15	76000001	0.708211	0.685294	4	0	0
15	76500001	0.691438	0.685294	4	0	0
15	77000001	0.685472	0.685294	4	0	0
15	77500001	0.676408	0.685294	4	0	0
15	78000001	0.694814	0.685294	4	0	0
15	78500001	0.694828	0.685294	4	0	0
15	79000001	0.696671	0.685294	4	0	0
15	79500001	0.654453	0.685294	4	0	0
15	80000001	0.701725	0.685294	4	0	0
15	80500001	0.701173	0.685294	4	0	0
15	81000001	0.671834	0.685294	4	0	0
15	81500001	0.679973	0.685294	4	0	0
15	82000001	0.72934	0.685294	4	0	0
15	82500001	0.685115	0.685294	4	0	0
15	83000001	0.665017	0.685294	4	0	0
15	83500001	0.669198	0.685294	4	0	0
15	84000001	0.622463	0.685294	4	0	0
15	84500001	0.702608	0.685294	4	0	0
15	85000001	0.692183	0.685294	4	0	0
15	85500001	0.676417	0.685294	4	0	0
15	86000001	0.696949	0.685294	4	0	0
15	86500001	0.682695	0.685294	4	0	0
15	87000001	0.703133	0.685294	4	0	0
15	87500001	0.686951	0.685294	4	0	0
15	88000001	0.707919	0.685294	4	0	0
15	88500001	0.700955	0.685294	4	0	0
15	89000001	0.712233	0.685294	4	0	0
15	89500001	0.711258	0.685294	4	0	0
15	90000001	0.679053	0.685294	4	0	0
15	90500001	0.693395	0.685294	4	0	0
15	91000001	0.684109	0.685294	4	0	0
15	91500001	0.633144	0.685294	4	0	0
15	92000001	0.696018	0.685294	4	0	0
15	92500001	0.676173	0.685294	4	0	0
15	93000001	0.692867	0.685294	4	0	0
15	93500001	0.664462	0.685294	4	0	0
15	94000001	0.672067	0.685294	4	0	0
15	94500001	0.679081	0.685294	4	0	0
15	95000001	0.656393	0.685294	4	0	0
15	95500001	0.676912	0.685294	4	0	0
15	96000001	0.663234	0.685294	4	0	0
15	96500001	0.64967	0.685294	4	0	0
15	97000001	0.709577	0.685294	4	0	0
15	97500001	0.655591	0.685294	4	0	0
15	98000001	0.655862	0.685294	4	0	0
15	98500001	0.654403	0.685294	4	0	0
15	99000001	0.650019	0.685294	4	0	0
15	99500001	0.641197	0.685294	4	0	0
15	100000001	0.685861	0.685294	4	0	0
15	100500001	0.714198	0.685294	4	0	0
15	101000001	0.73736	0.685294	4	0	0
15	101500001	0.829945	0.685294	4	0	0
16	1	0.670169	0.670169	4	0	0
16	500001	0.382491	0.366549	2	0	0
16	1000001	0.350607	0.366549	2	0	0
16	1500001	0.637997	0.667022	4	0	0
16	2000001	0.59317	0.667022	4	0	0
16	2500001	0.645923	0.667022	4	0	0
16	3000001	0.708868	0.667022	4	0	0
16	3500001	0.666476	0.667022	4	0	0
16	4000001	0.65729	0.667022	4	0	0
16	4500001	0.705177	0.667022	4	0	0
16	5000001	0.757135	0.667022	4	0	0
16	5500001	0.678114	0.667022	4	0	0
16	6000001	0.631825	0.667022	4	0	0
16	6500001	0.617257	0.667022	4	0	0
16	7000001	0.636978	0.667022	4	0	0
16	7500001	0.626738	0.667022	4	0	0
16	8000001	0.666229	0.667022	4	0	0
16	8500001	0.690398	0.667022	4	0	0
16	9000001	0.701099	0.667022	4	0	0
16	9500001	0.666117	0.667022	4	0	0
16	10000001	0.647574	0.667022	4	0	0
16	10500001	0.700471	0.667022	4	0	0
16	11000001	0.691907	0.667022	4	0	0
16	11500001	0.664656	0.667022	4	0	0
16	12000001	0.661715	0.667022	4	0	0
16	12500001	0.661418	0.667022	4	0	0
16	13000001	0.632827	0.667022	4	0	0
16	13500001	0.655392	0.667022	4	0	0
16	14000001	0.63983	0.667022	4	0	0
16	14500001	0.716832	0.667022	4	0	0
16	15000001	0.684409	0.667022	4	0	0
16	15500001	0.693033	0.667022	4	0	0
16	16000001	0.798861	0.667022	4	0	0
16	16500001	0.661228	0.667022	4	0	0
16	17000001	0.658894	0.667022	4	0	0
16	17500001	0.643368	0.667022	4	0	0
16	18000001	0.679502	0.667022	4	0	0
16	18500001	0.653732	0.667022	4	0	0
16	19000001	0.683057	0.667022	4	0	0
16	19500001	0.64322	0.667022	4	0	0
16	20000001	0.669729	0.667022	4	0	0
16	20500001	0.651326	0.667022	4	0	0
16	21000001	0.707081	0.667022	4	0	0
16	21500001	0.767933	0.667022	4	0	0
16	22000001	0.688489	0.667022	4	0	0
16	22500001	0.880522	0.667022	4	0	0
16	23000001	0.625866	0.667022	4	0	0
16	23500001	0.663699	0.667022	4	0	0
16	24000001	0.667568	0.667022	4	0	0
16	24500001	0.648189	0.667022	4	0	0
16	25000001	0.658944	0.667022	4	0	0
16	25500001	0.622172	0.667022	4	0	0
16	26000001	0.622271	0.667022	4	0	0
16	26500001	0.682655	0.667022	4	0	0
16	27000001	0.699295	0.667022	4	0	0
16	27500001	0.713477	0.667022	4	0	0
16	28000001	0.678828	0.667022	4	0	0
16	28500001	0.668365	0.667022	4	0	0
16	29000001	0.694817	0.667022	4	0	0
16	29500001	0.685798	0.667022	4	0	0
16	30000001	0.680124	0.667022	4	0	0
16	30500001	0.749916	0.667022	4	0	0
16	31000001	0.708654	0.667022	4	0	0
16	31500001	0.625026	0.588708	4	0	0
16	32000001	0.588708	0.588708	4	0	0
16	32500001	0.58498	0.588708	4	0	0
16	33000001	-1	0.588708	4	0	0
16	33500001	0.56756	0.588708	4	0	0
16	34000001	0.690404	0.588708	4	0	0
16	34500001	2.97801	2.97801	18	0	0
16	35000001	0.589217	0.679478	4	0	0
16	35500001	0.679478	0.679478	4	0	0
16	36000001	0.737555	0.679478	4	0	0
16	36500001	0.471547	0.436854	3	0	0
16	37000001	0.430029	0.436854	3	0	0
16	37500001	0.436854	0.436854	3	0	0
16	38000001	-1	-1	-1	0	0
16	38500001	-1	-1	-1	0	0
16	39000001	-1	-1	-1	0	0
16	39500001	-1	-1	-1	0	0
16	40000001	-1	-1	-1	0	0
16	40500001	-1	-1	-1	0	0
16	41000001	-1	-1	-1	0	0
16	41500001	-1	-1	-1	0	0
16	42000001	-1	-1	-1	0	0
16	42500001	-1	-1	-1	0	0
16	43000001	-1	-1	-1	0	0
16	43500001	-1	-1	-1	0	0
16	44000001	-1	-1	-1	0	0
16	44500001	-1	-1	-1	0	0
16	45000001	-1	-1	-1	0	0
16	45500001	-1	-1	-1	0	0
16	46000001	-1	-1	-1	0	0
16	46500001	0.686171	0.684396	4	0	0
16	47000001	0.670693	0.684396	4	0	0
16	47500001	0.686002	0.684396	4	0	0
16	48000001	0.71138	0.684396	4	0	0
16	48500001	0.679518	0.684396	4	0	0
16	49000001	0.699284	0.684396	4	0	0
16	49500001	0.690213	0.684396	4	0	0
16	50000001	0.642144	0.684396	4	0	0
16	50500001	0.711479	0.684396	4	0	0
16	51000001	0.66389	0.684396	4	0	0
16	51500001	0.701963	0.684396	4	0	0
16	52000001	0.680931	0.684396	4	0	0
16	52500001	0.656342	0.684396	4	0	0
16	53000001	0.644405	0.684396	4	0	0
16	53500001	0.681355	0.684396	4	0	0
16	54000001	0.687647	0.684396	4	0	0
16	54500001	0.655594	0.684396	4	0	0
16	55000001	0.667048	0.684396	4	0	0
16	55500001	0.676016	0.684396	4	0	0
16	56000001	0.690455	0.684396	4	0	0
16	56500001	0.700292	0.684396	4	0	0
16	57000001	0.706577	0.684396	4	0	0
16	57500001	0.687305	0.684396	4	0	0
16	58000001	0.686644	0.684396	4	0	0
16	58500001	0.688368	0.684396	4	0	0
16	59000001	0.681665	0.684396	4	0	0
16	59500001	0.71506	0.684396	4	0	0
16	60000001	0.65119	0.684396	4	0	0
16	60500001	0.733753	0.684396	4	0	0
16	61000001	0.741083	0.684396	4	0	0
16	61500001	0.773522	0.684396	4	0	0
16	62000001	0.706442	0.684396	4	0	0
16	62500001	0.703612	0.684396	4	0	0
16	63000001	0.755408	0.684396	4	0	0
16	63500001	0.686436	0.684396	4	0	0
16	64000001	0.70483	0.684396	4	0	0
16	64500001	0.694751	0.684396	4	0	0
16	65000001	0.686141	0.684396	4	0	0
16	65500001	0.691955	0.684396	4	0	0
16	66000001	0.745121	0.684396	4	0	0
16	66500001	0.730246	0.684396	4	0	0
16	67000001	0.712438	0.684396	4	0	0
16	67500001	0.655235	0.684396	4	0	0
16	68000001	0.685368	0.684396	4	0	0
16	68500001	0.694113	0.684396	4	0	0
16	69000001	0.670178	0.684396	4	0	0
16	69500001	0.637035	0.684396	4	0	0
16	70000001	0.667158	0.684396	4	0	0
16	70500001	0.717895	0.684396	4	0	0
16	71000001	0.696082	0.684396	4	0	0
16	71500001	0.667007	0.684396	4	0	0
16	72000001	0.683423	0.684396	4	0	0
16	72500001	0.645353	0.684396	4	0	0
16	73000001	0.657537	0.684396	4	0	0
16	73500001	0.64872	0.684396	4	0	0
16	74000001	0.638689	0.684396	4	0	0
16	74500001	0.630618	0.684396	4	0	0
16	75000001	0.678711	0.684396	4	0	0
16	75500001	0.654441	0.684396	4	0	0
16	76000001	0.670242	0.684396	4	0	0
16	76500001	0.688303	0.684396	4	0	0
16	77000001	0.643986	0.684396	4	0	0
16	77500001	0.664811	0.684396	4	0	0
16	78000001	0.494633	0.684396	4	0	0
16	78500001	0.65427	0.684396	4	0	0
16	79000001	0.63735	0.684396	4	0	0
16	79500001	0.671933	0.684396	4	0	0
16	80000001	0.668563	0.684396	4	0	0
16	80500001	0.666632	0.684396	4	0	0
16	81000001	0.669078	0.684396	4	0	0
16	81500001	0.675398	0.684396	4	0	0
16	82000001	0.706928	0.684396	4	0	0
16	82500001	0.677107	0.684396	4	0	0
16	83000001	0.674945	0.684396	4	0	0
16	83500001	0.714583	0.684396	4	0	0
16	84000001	0.738507	0.684396	4	0	0
16	84500001	0.693911	0.684396	4	0	0
16	85000001	0.622219	0.684396	4	0	0
16	85500001	0.66332	0.684396	4	0	0
16	86000001	0.717435	0.684396	4	0	0
16	86500001	0.7416	0.684396	4	0	0
16	87000001	0.721272	0.684396	4	0	0
16	87500001	0.611189	0.606205	4	0	0
16	88000001	0.600555	0.606205	4	0	0
16	88500001	0.423242	0.606205	4	0	0
16	89000001	0.612237	0.606205	4	0	0
16	89500001	0.606205	0.606205	4	0	0
16	90000001	-1	-1	-1	0	0
17	1	-1	-1	-1	0	0
17	500001	0.987569	0.990885	6	0	0
17	1000001	0.995095	0.990885	6	0	0
17	1500001	1.0059	0.990885	6	0	0
17	2000001	0.98747	0.990885	6	0	0
17	2500001	1.00202	0.990885	6	0	0
17	3000001	0.972694	0.990885	6	0	0
17	3500001	0.985406	0.990885	6	0	0
17	4000001	0.999787	0.990885	6	0	0
17	4500001	0.991936	0.990885	6	0	0
17	5000001	1.0114	0.990885	6	0	0
17	5500001	0.979406	0.990885	6	0	0
17	6000001	0.998839	0.990885	6	0	0
17	6500001	1.00416	0.990885	6	0	0
17	7000001	1.02924	0.990885	6	0	0
17	7500001	1.05525	0.990885	6	0	0
17	8000001	0.965994	0.990885	6	0	0
17	8500001	0.966626	0.990885	6	0	0
17	9000001	0.93804	0.990885	6	0	0
17	9500001	0.930627	0.990885	6	0	0
17	10000001	0.997394	0.990885	6	0	0
17	10500001	0.977805	0.990885	6	0	0
17	11000001	0.92778	0.990885	6	0	0
17	11500001	0.93351	0.990885	6	0	0
17	12000001	0.993106	0.990885	6	0	0
17	12500001	0.990885	0.990885	6	0	0
17	13000001	0.945868	0.990885	6	0	0
17	13500001	0.931359	0.990885	6	0	0
17	14000001	0.920808	0.990885	6	0	0
17	14500001	0.95193	0.990885	6	0	0
17	15000001	1.00501	0.990885	6	0	0
17	15500001	0.997255	0.990885	6	0	0
17	16000001	0.982559	0.990885	6	0	0
17	16500001	1.00682	0.990885	6	0	0
17	17000001	1.01845	0.990885	6	0	0
17	17500001	1.01734	0.990885	6	0	0
17	18000001	1.1244	0.990885	6	0	0
17	18500001	1.02325	0.990885	6	0	0
17	19000001	1.0721	0.990885	6	0	0
17	19500001	0.975289	0.990885	6	0	0
17	20000001	0.968232	0.990885	6	0	0
17	20500001	0.973479	0.990885	6	0	0
17	21000001	1.13696	1.13696	7	0	0
17	21500001	1.41819	1.13696	7	0	0
17	22000001	1.04828	1.13696	7	0	0
17	22500001	1.20436	1.13696	7	0	0
17	23000001	0.947201	1.13696	7	0	0
17	23500001	0.420551	0.433981	3	0	0
17	24000001	0.483915	0.433981	3	0	0
17	24500001	0.35763	0.433981	3	0	0
17	25000001	0.645771	0.433981	3	0	0
17	25500001	0.44741	0.433981	3	0	0
17	26000001	0.1981	0.433981	3	0	0
17	26500001	3.466	3.466	21	0	0
17	27000001	0.967253	1.00366	6	0	0
17	27500001	1.071	1.00366	6	0	0
17	28000001	1.00321	1.00366	6	0	0
17	28500001	1.07467	1.00366	6	0	0
17	29000001	0.989155	1.00366	6	0	0
17	29500001	0.966798	1.00366	6	0	0
17	30000001	1.00846	1.00366	6	0	0
17	30500001	0.999319	1.00366	6	0	0
17	31000001	1.00347	1.00366	6	0	0
17	31500001	0.996724	1.00366	6	0	0
17	32000001	0.94844	1.00366	6	0	0
17	32500001	0.98531	1.00366	6	0	0
17	33000001	0.988922	1.00366	6	0	0
17	33500001	0.991916	1.00366	6	0	0
17	34000001	1.01524	1.00366	6	0	0
17	34500001	1.04725	1.00366	6	0	0
17	35000001	0.994061	1.00366	6	0	0
17	35500001	1.03456	1.00366	6	0	0
17	36000001	1.01346	1.00366	6	0	0
17	36500001	1.04113	1.00366	6	0	0
17	37000001	0.938998	1.00366	6	0	0
17	37500001	0.956418	1.00366	6	0	0
17	38000001	0.809496	1.00366	6	0	0
17	38500001	0.998252	1.00366	6	0	0
17	39000001	1.00505	1.00366	6	0	0
17	39500001	1.03761	1.00366	6	0	0
17	40000001	1.01822	1.00366	6	0	0
17	40500001	1.01468	1.00366	6	0	0
17	41000001	1.0035	1.00366	6	0	0
17	41500001	1.01277	1.00366	6	0	0
17	42000001	1.02837	1.00366	6	0	0
17	42500001	1.04721	1.00366	6	0	0
17	43000001	0.938601	1.00366	6	0	0
17	43500001	1.00807	1.00366	6	0	0
17	44000001	1.03971	1.00366	6	0	0
17	44500001	0.986284	1.00366	6	0	0
17	45000001	1.03568	1.00366	6	0	0
17	45500001	1.1147	1.00366	6	0	0
17	46000001	0.722214	1.00366	6	0	0
17	46500001	0.836485	1.00366	6	0	0
17	47000001	0.996165	1.00366	6	0	0
17	47500001	1.02294	1.00366	6	0	0
17	48000001	1.00031	1.00366	6	0	0
17	48500001	0.966981	1.00366	6	0	0
17	49000001	1.03303	1.00366	6	0	0
17	49500001	1.06299	1.00366	6	0	0
17	50000001	1.09655	1.00366	6	0	0
17	50500001	1.09709	1.00366	6	0	0
17	51000001	1.00258	1.00366	6	0	0
17	51500001	0.999004	1.00366	6	0	0
17	52000001	1.00829	1.00366	6	0	0
17	52500001	1.05192	1.00366	6	0	0
17	53000001	1.1095	1.00366	6	0	0
17	53500001	1.05025	1.00366	6	0	0
17	54000001	1.08093	1.00366	6	0	0
17	54500001	0.991982	1.00366	6	0	0
17	55000001	0.975438	1.00366	6	0	0
17	55500001	0.983502	1.00366	6	0	0
17	56000001	0.980661	1.00366	6	0	0
17	56500001	1.02115	1.00366	6	0	0
17	57000001	1.05457	1.00366	6	0	0
17	57500001	1.04003	1.00366	6	0	0
17	58000001	1.04158	1.00366	6	0	0
17	58500001	0.95126	1.00366	6	0	0
17	59000001	0.919687	1.00366	6	0	0
17	59500001	0.956919	1.00366	6	0	0
17	60000001	1.00811	1.00366	6	0	0
17	60500001	0.931125	1.00366	6	0	0
17	61000001	0.938638	1.00366	6	0	0
17	61500001	0.982631	1.00366	6	0	0
17	62000001	0.916316	1.00366	6	0	0
17	62500001	0.95487	1.00366	6	0	0
17	63000001	0.977576	1.00366	6	0	0
17	63500001	1.09039	1.00366	6	0	0
17	64000001	0.973805	1.00366	6	0	0
17	64500001	1.02668	1.00366	6	0	0
17	65000001	1.03093	1.00366	6	0	0
17	65500001	1.0044	1.00366	6	0	0
17	66000001	1.00383	1.00366	6	0	0
17	66500001	1.01718	1.00366	6	0	0
17	67000001	0.967581	1.00366	6	0	0
17	67500001	0.928142	1.00366	6	0	0
17	68000001	0.947005	1.00366	6	0	0
17	68500001	0.958592	1.00366	6	0	0
17	69000001	1.04512	1.00366	6	0	0
17	69500001	0.996564	1.00366	6	0	0
17	70000001	1.01334	1.00366	6	0	0
17	70500001	1.0284	1.00366	6	0	0
17	71000001	1.0123	1.00366	6	0	0
17	71500001	0.935569	1.00366	6	0	0
17	72000001	1.04437	1.00366	6	0	0
17	72500001	1.01706	1.00366	6	0	0
17	73000001	1.00323	1.00366	6	0	0
17	73500001	1.03812	1.00366	6	0	0
17	74000001	1.09721	1.00366	6	0	0
17	74500001	1.02869	1.00366	6	0	0
17	75000001	0.99627	1.00366	6	0	0
17	75500001	0.975288	1.00366	6	0	0
17	76000001	1.08042	1.00366	6	0	0
17	76500001	0.99803	1.00366	6	0	0
17	77000001	0.995518	1.00366	6	0	0
17	77500001	0.994246	1.00366	6	0	0
17	78000001	1.0225	1.00366	6	0	0
17	78500001	1.04755	1.00366	6	0	0
17	79000001	0.928278	1.00366	6	0	0
17	79500001	1.0115	1.00366	6	0	0
17	80000001	1.00221	1.00366	6	0	0
17	80500001	1.03091	1.00366	6	0	0
17	81000001	0.652564	0.815766	5	0	0
17	81500001	0.815766	0.815766	5	0	0
17	82000001	0.861374	0.815766	5	0	0
17	82500001	0.996602	0.815766	5	0	0
17	83000001	0.4426	0.815766	5	0	0
18	1	2.14586	2.14586	13	0	0
18	500001	0.786724	0.804413	5	0	0
18	1000001	0.848525	0.804413	5	0	0
18	1500001	0.876312	0.804413	5	0	0
18	2000001	0.825326	0.804413	5	0	0
18	2500001	0.807944	0.804413	5	0	0
18	3000001	0.76979	0.804413	5	0	0
18	3500001	0.834271	0.804413	5	0	0
18	4000001	0.826737	0.804413	5	0	0
18	4500001	0.797827	0.804413	5	0	0
18	5000001	0.804072	0.804413	5	0	0
18	5500001	0.782498	0.804413	5	0	0
18	6000001	0.759098	0.804413	5	0	0
18	6500001	0.743657	0.804413	5	0	0
18	7000001	0.761287	0.804413	5	0	0
18	7500001	0.79178	0.804413	5	0	0
18	8000001	0.798603	0.804413	5	0	0
18	8500001	0.777435	0.804413	5	0	0
18	9000001	0.804413	0.804413	5	0	0
18	9500001	0.81212	0.804413	5	0	0
18	10000001	0.852225	0.804413	5	0	0
18	10500001	0.816887	0.804413	5	0	0
18	11000001	0.811052	0.804413	5	0	0
18	11500001	0.765857	0.804413	5	0	0
18	12000001	0.834118	0.804413	5	0	0
18	12500001	0.805462	0.804413	5	0	0
18	13000001	0.813916	0.804413	5	0	0
18	13500001	0.808364	0.804413	5	0	0
18	14000001	0.773886	0.804413	5	0	0
18	14500001	0.75638	0.804413	5	0	0
18	15000001	0.984317	1.00002	6	0	0
18	15500001	0.956996	1.00002	6	0	0
18	16000001	1.24478	1.00002	6	0	0
18	16500001	1.11547	1.00002	6	0	0
18	17000001	1.0963	1.00002	6	0	0
18	17500001	1.00002	1.00002	6	0	0
18	18000001	0.99915	1.00002	6	0	0
18	18500001	0.828962	0.806669	5	0	0
18	19000001	0.849663	0.806669	5	0	0
18	19500001	0.731652	0.806669	5	0	0
18	20000001	0.787509	0.806669	5	0	0
18	20500001	0.720659	0.806669	5	0	0
18	21000001	0.761897	0.806669	5	0	0
18	21500001	0.765036	0.806669	5	0	0
18	22000001	0.820101	0.806669	5	0	0
18	22500001	0.855203	0.806669	5	0	0
18	23000001	0.808285	0.806669	5	0	0
18	23500001	0.828426	0.806669	5	0	0
18	24000001	0.806669	0.806669	5	0	0
18	24500001	0.802715	0.806669	5	0	0
18	25000001	0.81475	0.806669	5	0	0
18	25500001	0.783592	0.806669	5	0	0
18	26000001	0.767602	0.806669	5	0	0
18	26500001	0.784569	0.806669	5	0	0
18	27000001	0.826756	0.806669	5	0	0
18	27500001	0.842898	0.806669	5	0	0
18	28000001	0.79414	0.806669	5	0	0
18	28500001	0.859368	0.806669	5	0	0
18	29000001	1.01448	1.01116	6	0	0
18	29500001	0.906555	1.01116	6	0	0
18	30000001	0.968515	1.01116	6	0	0
18	30500001	1.01829	1.01116	6	0	0
18	31000001	1.04296	1.01116	6	0	0
18	31500001	0.882527	1.01116	6	0	0
18	32000001	0.949483	1.01116	6	0	0
18	32500001	1.01086	1.01116	6	0	0
18	33000001	1.10387	1.01116	6	0	0
18	33500001	1.06732	1.01116	6	0	0
18	34000001	1.06721	1.01116	6	0	0
18	34500001	1.01146	1.01116	6	0	0
18	35000001	0.974562	1.01116	6	0	0
18	35500001	1.08387	1.01116	6	0	0
18	36000001	0.949179	1.01116	6	0	0
18	36500001	0.929497	1.01116	6	0	0
18	37000001	1.13005	1.16345	7	0	0
18	37500001	1.09263	1.16345	7	0	0
18	38000001	1.14103	1.16345	7	0	0
18	38500001	1.16139	1.16345	7	0	0
18	39000001	1.15876	1.16345	7	0	0
18	39500001	1.11436	1.16345	7	0	0
18	40000001	1.2464	1.16345	7	0	0
18	40500001	1.26669	1.16345	7	0	0
18	41000001	1.24047	1.16345	7	0	0
18	41500001	1.16551	1.16345	7	0	0
18	42000001	1.14075	1.16345	7	0	0
18	42500001	1.19408	1.16345	7	0	0
18	43000001	1.2354	1.16345	7	0	0
18	43500001	1.25982	1.16345	7	0	0
18	44000001	1.17201	1.16345	7	0	0
18	44500001	1.12881	1.16345	7	0	0
18	45000001	1.1381	1.16345	7	0	0
18	45500001	1.18426	1.16345	7	0	0
18	46000001	1.00593	1.00593	6	0	0
18	46500001	0.634735	0.64043	4	0	0
18	47000001	0.65248	0.64043	4	0	0
18	47500001	0.627284	0.64043	4	0	0
18	48000001	0.676831	0.64043	4	0	0
18	48500001	0.68049	0.64043	4	0	0
18	49000001	0.608323	0.64043	4	0	0
18	49500001	0.647239	0.64043	4	0	0
18	50000001	0.656068	0.64043	4	0	0
18	50500001	0.639376	0.64043	4	0	0
18	51000001	0.572839	0.64043	4	0	0
18	51500001	0.60468	0.64043	4	0	0
18	52000001	0.635907	0.64043	4	0	0
18	52500001	0.624092	0.64043	4	0	0
18	53000001	0.668049	0.64043	4	0	0
18	53500001	0.674274	0.64043	4	0	0
18	54000001	0.617362	0.64043	4	0	0
18	54500001	0.622473	0.64043	4	0	0
18	55000001	0.630976	0.64043	4	0	0
18	55500001	0.605619	0.64043	4	0	0
18	56000001	0.627358	0.64043	4	0	0
18	56500001	0.663205	0.64043	4	0	0
18	57000001	0.652521	0.64043	4	0	0
18	57500001	0.602351	0.64043	4	0	0
18	58000001	0.644555	0.64043	4	0	0
18	58500001	0.601817	0.64043	4	0	0
18	59000001	0.64402	0.64043	4	0	0
18	59500001	0.63397	0.64043	4	0	0
18	60000001	0.685932	0.64043	4	0	0
18	60500001	0.722821	0.64043	4	0	0
18	61000001	0.633031	0.64043	4	0	0
18	61500001	0.595767	0.64043	4	0	0
18	62000001	0.665064	0.64043	4	0	0
18	62500001	0.620483	0.64043	4	0	0
18	63000001	0.590868	0.64043	4	0	0
18	63500001	0.67152	0.64043	4	0	0
18	64000001	0.646975	0.64043	4	0	0
18	64500001	0.67603	0.64043	4	0	0
18	65000001	0.723435	0.64043	4	0	0
18	65500001	0.711756	0.64043	4	0	0
18	66000001	0.686902	0.64043	4	0	0
18	66500001	0.785017	0.64043	4	0	0
18	67000001	0.723793	0.64043	4	0	0
18	67500001	0.697012	0.64043	4	0	0
18	68000001	0.73216	0.64043	4	0	0
18	68500001	0.713346	0.64043	4	0	0
18	69000001	0.664698	0.64043	4	0	0
18	69500001	0.638084	0.64043	4	0	0
18	70000001	0.641166	0.64043	4	0	0
18	70500001	0.650941	0.64043	4	0	0
18	71000001	0.660551	0.64043	4	0	0
18	71500001	0.708789	0.64043	4	0	0
18	72000001	0.705781	0.64043	4	0	0
18	72500001	0.64043	0.64043	4	0	0
18	73000001	0.643037	0.64043	4	0	0
18	73500001	0.614795	0.64043	4	0	0
18	74000001	0.606566	0.64043	4	0	0
18	74500001	0.623054	0.64043	4	0	0
18	75000001	0.625171	0.64043	4	0	0
18	75500001	0.62414	0.64043	4	0	0
18	76000001	0.587433	0.64043	4	0	0
18	76500001	0.590754	0.64043	4	0	0
18	77000001	0.614461	0.64043	4	0	0
18	77500001	0.591605	0.64043	4	0	0
18	78000001	0.590415	0.64043	4	0	0
18	78500001	0.618732	0.64043	4	0	0
18	79000001	0.600628	0.64043	4	0	0
18	79500001	0.65509	0.64043	4	0	0
18	80000001	-1	-1	-1	0	0
19	1	0.980044	0.707538	4	0	0
19	500001	0.615806	0.707538	4	0	0
19	1000001	0.546516	0.707538	4	0	0
19	1500001	0.707538	0.707538	4	0	0
19	2000001	0.727293	0.707538	4	0	0
19	2500001	0.949294	0.946098	6	0	0
19	3000001	0.859815	0.946098	6	0	0
19	3500001	0.818128	0.946098	6	0	0
19	4000001	0.893538	0.946098	6	0	0
19	4500001	0.931068	0.946098	6	0	0
19	5000001	0.936319	0.946098	6	0	0
19	5500001	0.969166	0.946098	6	0	0
19	6000001	0.964249	0.946098	6	0	0
19	6500001	0.944298	0.946098	6	0	0
19	7000001	0.958066	0.946098	6	0	0
19	7500001	0.901224	0.946098	6	0	0
19	8000001	0.963502	0.946098	6	0	0
19	8500001	1.34677	0.946098	6	0	0
19	9000001	0.942231	0.946098	6	0	0
19	9500001	0.945727	0.946098	6	0	0
19	10000001	0.987553	0.946098	6	0	0
19	10500001	0.954988	0.946098	6	0	0
19	11000001	0.927623	0.946098	6	0	0
19	11500001	0.938192	0.946098	6	0	0
19	12000001	0.992822	0.946098	6	0	0
19	12500001	0.953676	0.946098	6	0	0
19	13000001	0.974727	0.946098	6	0	0
19	13500001	1.02699	0.946098	6	0	0
19	14000001	0.938379	0.946098	6	0	0
19	14500001	1.01738	0.946098	6	0	0
19	15000001	0.97615	0.946098	6	0	0
19	15500001	1.01843	0.946098	6	0	0
19	16000001	1.01341	0.946098	6	0	0
19	16500001	1.02145	0.946098	6	0	0
19	17000001	0.959608	0.946098	6	0	0
19	17500001	0.9425	0.946098	6	0	0
19	18000001	0.946098	0.946098	6	0	0
19	18500001	0.903595	0.946098	6	0	0
19	19000001	1.07456	0.946098	6	0	0
19	19500001	1.02336	0.946098	6	0	0
19	20000001	0.940639	0.946098	6	0	0
19	20500001	0.943678	0.946098	6	0	0
19	21000001	0.911322	0.946098	6	0	0
19	21500001	0.93501	0.946098	6	0	0
19	22000001	0.939697	0.946098	6	0	0
19	22500001	0.916339	0.946098	6	0	0
19	23000001	0.921107	0.946098	6	0	0
19	23500001	0.919691	0.946098	6	0	0
19	24000001	1.27409	0.946098	6	0	0
19	24500001	1.01593	0.946098	6	0	0
19	25000001	1.24269	1.42842	9	0	0
19	25500001	1.42842	1.42842	9	0	0
19	26000001	1.51041	1.42842	9	0	0
19	26500001	2.01242	2.01242	12	0	0
19	27000001	2.85163	2.85163	17	0	0
19	27500001	1.00517	1.00133	6	0	0
19	28000001	0.955597	1.00133	6	0	0
19	28500001	1.03981	1.00133	6	0	0
19	29000001	1.01925	1.00133	6	0	0
19	29500001	1.00881	1.00133	6	0	0
19	30000001	0.960807	1.00133	6	0	0
19	30500001	0.967182	1.00133	6	0	0
19	31000001	0.951655	1.00133	6	0	0
19	31500001	0.932616	1.00133	6	0	0
19	32000001	0.975992	1.00133	6	0	0
19	32500001	0.948471	1.00133	6	0	0
19	33000001	0.982614	1.00133	6	0	0
19	33500001	0.961405	1.00133	6	0	0
19	34000001	1.0242	1.00133	6	0	0
19	34500001	1.04211	1.00133	6	0	0
19	35000001	1.03465	1.00133	6	0	0
19	35500001	0.957715	1.00133	6	0	0
19	36000001	1.18301	1.00133	6	0	0
19	36500001	0.891595	1.00133	6	0	0
19	37000001	1.05807	1.00133	6	0	0
19	37500001	0.936901	1.00133	6	0	0
19	38000001	0.955859	1.00133	6	0	0
19	38500001	0.967527	1.00133	6	0	0
19	39000001	1.00382	1.00133	6	0	0
19	39500001	1.06294	1.00133	6	0	0
19	40000001	0.99051	1.00133	6	0	0
19	40500001	1.04984	1.00133	6	0	0
19	41000001	1.02681	1.00133	6	0	0
19	41500001	1.10728	1.00133	6	0	0
19	42000001	0.976473	1.00133	6	0	0
19	42500001	0.959852	1.00133	6	0	0
19	43000001	1.03828	1.00133	6	0	0
19	43500001	1.0455	1.00133	6	0	0
19	44000001	1.00133	1.00133	6	0	0
19	44500001	1.02203	1.00133	6	0	0
19	45000001	0.948009	1.00133	6	0	0
19	45500001	0.967589	1.00133	6	0	0
19	46000001	0.997157	1.00133	6	0	0
19	46500001	1.04663	1.00133	6	0	0
19	47000001	0.994937	1.00133	6	0	0
19	47500001	1.25941	1.00133	6	0	0
19	48000001	1.01298	1.00133	6	0	0
19	48500001	0.994398	1.00133	6	0	0
19	49000001	1.01269	1.00133	6	0	0
19	49500001	0.934659	1.00133	6	0	0
19	50000001	1.17617	1.00133	6	0	0
19	50500001	0.950314	1.00133	6	0	0
19	51000001	1.0417	1.00133	6	0	0
19	51500001	1.00439	1.00133	6	0	0
19	52000001	0.912666	0.946124	6	0	0
19	52500001	0.935926	0.946124	6	0	0
19	53000001	0.946152	0.946124	6	0	0
19	53500001	0.939131	0.946124	6	0	0
19	54000001	0.99451	0.946124	6	0	0
19	54500001	0.976537	0.946124	6	0	0
19	55000001	0.90489	0.946124	6	0	0
19	55500001	1.02689	0.946124	6	0	0
19	56000001	0.947001	0.946124	6	0	0
19	56500001	0.950086	0.946124	6	0	0
19	57000001	0.946097	0.946124	6	0	0
19	57500001	0.935939	0.946124	6	0	0
19	58000001	1.07044	0.946124	6	0	0
19	58500001	0.25743	0.946124	6	0	0
2	1	0.650014	0.67747	4	0	0
2	500001	0.648919	0.67747	4	0	0
2	1000001	0.616841	0.67747	4	0	0
2	1500001	0.70133	0.67747	4	0	0
2	2000001	0.687134	0.67747	4	0	0
2	2500001	0.693906	0.67747	4	0	0
2	3000001	0.629688	0.67747	4	0	0
2	3500001	0.647947	0.67747	4	0	0
2	4000001	0.64884	0.67747	4	0	0
2	4500001	0.664766	0.67747	4	0	0
2	5000001	0.644659	0.67747	4	0	0
2	5500001	0.608043	0.67747	4	0	0
2	6000001	0.655648	0.67747	4	0	0
2	6500001	0.626638	0.67747	4	0	0
2	7000001	0.658581	0.67747	4	0	0
2	7500001	0.687671	0.67747	4	0	0
2	8000001	0.678962	0.67747	4	0	0
2	8500001	0.676535	0.67747	4	0	0
2	9000001	0.676032	0.67747	4	0	0
2	9500001	0.680025	0.67747	4	0	0
2	10000001	0.703897	0.67747	4	0	0
2	10500001	0.694789	0.67747	4	0	0
2	11000001	0.631933	0.67747	4	0	0
2	11500001	0.717647	0.67747	4	0	0
2	12000001	0.678649	0.67747	4	0	0
2	12500001	0.699868	0.67747	4	0	0
2	13000001	0.757971	0.67747	4	0	0
2	13500001	0.771197	0.67747	4	0	0
2	14000001	0.678265	0.67747	4	0	0
2	14500001	0.644553	0.67747	4	0	0
2	15000001	0.644633	0.67747	4	0	0
2	15500001	0.656096	0.67747	4	0	0
2	16000001	0.636698	0.67747	4	0	0
2	16500001	0.654973	0.67747	4	0	0
2	17000001	0.682429	0.67747	4	0	0
2	17500001	0.624838	0.67747	4	0	0
2	18000001	0.700059	0.67747	4	0	0
2	18500001	0.724304	0.67747	4	0	0
2	19000001	0.670127	0.67747	4	0	0
2	19500001	0.680839	0.67747	4	0	0
2	20000001	0.70684	0.67747	4	0	0
2	20500001	0.6939	0.67747	4	0	0
2	21000001	0.663969	0.67747	4	0	0
2	21500001	0.714711	0.67747	4	0	0
2	22000001	0.667395	0.67747	4	0	0
2	22500001	0.675932	0.67747	4	0	0
2	23000001	0.66414	0.67747	4	0	0
2	23500001	0.657987	0.67747	4	0	0
2	24000001	0.648366	0.67747	4	0	0
2	24500001	0.628428	0.67747	4	0	0
2	25000001	0.683343	0.67747	4	0	0
2	25500001	0.624422	0.67747	4	0	0
2	26000001	0.67747	0.67747	4	0	0
2	26500001	0.732313	0.67747	4	0	0
2	27000001	0.683843	0.67747	4	0	0
2	27500001	0.659377	0.67747	4	0	0
2	28000001	0.71662	0.67747	4	0	0
2	28500001	0.702462	0.67747	4	0	0
2	29000001	0.690757	0.67747	4	0	0
2	29500001	0.670131	0.67747	4	0	0
2	30000001	0.701142	0.67747	4	0	0
2	30500001	0.634973	0.67747	4	0	0
2	31000001	0.708758	0.67747	4	0	0
2	31500001	0.670761	0.67747	4	0	0
2	32000001	0.618013	0.67747	4	0	0
2	32500001	0.630847	0.67747	4	0	0
2	33000001	0.689676	0.67747	4	0	0
2	33500001	0.680387	0.67747	4	0	0
2	34000001	0.652281	0.67747	4	0	0
2	34500001	0.674405	0.67747	4	0	0
2	35000001	0.803338	0.67747	4	0	0
2	35500001	0.749583	0.67747	4	0	0
2	36000001	0.726897	0.67747	4	0	0
2	36500001	0.689525	0.67747	4	0	0
2	37000001	0.684547	0.67747	4	0	0
2	37500001	0.6868	0.67747	4	0	0
2	38000001	0.630141	0.67747	4	0	0
2	38500001	0.612939	0.67747	4	0	0
2	39000001	0.68437	0.67747	4	0	0
2	39500001	0.68263	0.67747	4	0	0
2	40000001	0.690604	0.67747	4	0	0
2	40500001	0.816598	0.67747	4	0	0
2	41000001	0.684786	0.67747	4	0	0
2	41500001	0.682121	0.67747	4	0	0
2	42000001	0.645322	0.67747	4	0	0
2	42500001	0.67974	0.67747	4	0	0
2	43000001	0.676141	0.67747	4	0	0
2	43500001	0.648431	0.67747	4	0	0
2	44000001	0.661818	0.67747	4	0	0
2	44500001	0.63709	0.67747	4	0	0
2	45000001	0.684156	0.67747	4	0	0
2	45500001	0.687343	0.67747	4	0	0
2	46000001	0.705227	0.67747	4	0	0
2	46500001	0.671047	0.67747	4	0	0
2	47000001	0.694616	0.67747	4	0	0
2	47500001	0.628298	0.67747	4	0	0
2	48000001	0.669376	0.67747	4	0	0
2	48500001	0.621151	0.67747	4	0	0
2	49000001	0.695806	0.67747	4	0	0
2	49500001	0.676363	0.67747	4	0	0
2	50000001	0.754138	0.67747	4	0	0
2	50500001	0.733647	0.67747	4	0	0
2	51000001	0.743578	0.67747	4	0	0
2	51500001	0.762007	0.67747	4	0	0
2	52000001	0.748094	0.67747	4	0	0
2	52500001	0.709028	0.67747	4	0	0
2	53000001	0.71051	0.67747	4	0	0
2	53500001	0.654913	0.67747	4	0	0
2	54000001	0.666621	0.67747	4	0	0
2	54500001	0.668034	0.67747	4	0	0
2	55000001	0.664667	0.67747	4	0	0
2	55500001	0.6755	0.67747	4	0	0
2	56000001	0.665628	0.67747	4	0	0
2	56500001	0.712924	0.67747	4	0	0
2	57000001	0.720549	0.67747	4	0	0
2	57500001	0.77602	0.67747	4	0	0
2	58000001	0.722756	0.67747	4	0	0
2	58500001	0.672752	0.67747	4	0	0
2	59000001	0.721204	0.67747	4	0	0
2	59500001	0.649294	0.67747	4	0	0
2	60000001	0.663405	0.67747	4	0	0
2	60500001	0.655229	0.67747	4	0	0
2	61000001	0.608676	0.67747	4	0	0
2	61500001	0.637373	0.67747	4	0	0
2	62000001	0.658982	0.67747	4	0	0
2	62500001	0.677068	0.67747	4	0	0
2	63000001	0.713113	0.67747	4	0	0
2	63500001	0.671752	0.67747	4	0	0
2	64000001	0.646493	0.67747	4	0	0
2	64500001	0.692608	0.67747	4	0	0
2	65000001	0.668088	0.67747	4	0	0
2	65500001	0.684105	0.67747	4	0	0
2	66000001	0.650573	0.67747	4	0	0
2	66500001	0.678915	0.67747	4	0	0
2	67000001	0.647881	0.67747	4	0	0
2	67500001	0.667403	0.67747	4	0	0
2	68000001	0.670673	0.67747	4	0	0
2	68500001	0.697637	0.67747	4	0	0
2	69000001	0.67726	0.67747	4	0	0
2	69500001	0.698486	0.67747	4	0	0
2	70000001	0.667952	0.67747	4	0	0
2	70500001	0.677431	0.67747	4	0	0
2	71000001	0.683966	0.67747	4	0	0
2	71500001	0.715723	0.67747	4	0	0
2	72000001	0.683527	0.67747	4	0	0
2	72500001	0.676725	0.67747	4	0	0
2	73000001	0.692279	0.67747	4	0	0
2	73500001	0.685767	0.67747	4	0	0
2	74000001	0.708972	0.67747	4	0	0
2	74500001	0.675256	0.67747	4	0	0
2	75000001	0.671747	0.67747	4	0	0
2	75500001	0.654118	0.67747	4	0	0
2	76000001	0.711961	0.67747	4	0	0
2	76500001	0.732013	0.67747	4	0	0
2	77000001	0.765271	0.67747	4	0	0
2	77500001	0.774378	0.67747	4	0	0
2	78000001	0.732491	0.67747	4	0	0
2	78500001	0.576289	0.570778	3	0	0
2	79000001	0.581107	0.570778	3	0	0
2	79500001	0.549234	0.570778	3	0	0
2	80000001	0.544613	0.570778	3	0	0
2	80500001	0.520239	0.570778	3	0	0
2	81000001	0.617669	0.570778	3	0	0
2	81500001	0.594586	0.570778	3	0	0
2	82000001	0.653731	0.570778	3	0	0
2	82500001	0.621416	0.570778	3	0	0
2	83000001	0.565268	0.570778	3	0	0
2	83500001	0.609351	0.570778	3	0	0
2	84000001	0.557926	0.570778	3	0	0
2	84500001	0.521025	0.570778	3	0	0
2	85000001	0.530328	0.570778	3	0	0
2	85500001	0.983425	0.984113	6	0	0
2	86000001	1.06733	0.984113	6	0	0
2	86500001	0.957831	0.984113	6	0	0
2	87000001	1.11637	0.984113	6	0	0
2	87500001	0.984113	0.984113	6	0	0
2	88000001	0.794042	0.750337	5	0	0
2	88500001	0.706632	0.750337	5	0	0
2	89000001	-1	-1	-1	0	0
2	89500001	-1	-1	-1	0	0
2	90000001	-1	-1	-1	0	0
2	90500001	-1	-1	-1	0	0
2	91000001	-1	-1	-1	0	0
2	91500001	0.967551	0.993423	6	0	0
2	92000001	0.99529	0.993423	6	0	0
2	92500001	0.993423	0.993423	6	0	0
2	93000001	0.489314	0.476977	3	0	0
2	93500001	0.46464	0.476977	3	0	0
2	94000001	-1	-1	-1	0	0
2	94500001	0.730024	0.689268	4	0	0
2	95000001	0.709197	0.689268	4	0	0
2	95500001	0.734975	0.689268	4	0	0
2	96000001	0.708446	0.689268	4	0	0
2	96500001	0.701273	0.689268	4	0	0
2	97000001	0.707212	0.689268	4	0	0
2	97500001	0.647413	0.689268	4	0	0
2	98000001	0.71418	0.689268	4	0	0
2	98500001	0.691048	0.689268	4	0	0
2	99000001	0.675174	0.689268	4	0	0
2	99500001	0.672937	0.689268	4	0	0
2	100000001	0.704111	0.689268	4	0	0
2	100500001	0.703386	0.689268	4	0	0
2	101000001	0.647322	0.689268	4	0	0
2	101500001	0.640085	0.689268	4	0	0
2	102000001	0.7243	0.689268	4	0	0
2	102500001	0.676889	0.689268	4	0	0
2	103000001	0.740357	0.689268	4	0	0
2	103500001	0.743941	0.689268	4	0	0
2	104000001	0.695749	0.689268	4	0	0
2	104500001	0.643856	0.689268	4	0	0
2	105000001	0.691907	0.689268	4	0	0
2	105500001	0.67027	0.689268	4	0	0
2	106000001	0.662562	0.689268	4	0	0
2	106500001	0.718524	0.689268	4	0	0
2	107000001	0.634248	0.689268	4	0	0
2	107500001	0.654168	0.689268	4	0	0
2	108000001	0.694028	0.689268	4	0	0
2	108500001	0.670676	0.689268	4	0	0
2	109000001	0.772948	0.689268	4	0	0
2	109500001	0.648174	0.689268	4	0	0
2	110000001	0.659408	0.689268	4	0	0
2	110500001	0.682514	0.689268	4	0	0
2	111000001	0.778838	0.689268	4	0	0
2	111500001	0.66605	0.689268	4	0	0
2	112000001	0.705424	0.689268	4	0	0
2	112500001	0.689454	0.689268	4	0	0
2	113000001	0.732022	0.689268	4	0	0
2	113500001	0.731436	0.689268	4	0	0
2	114000001	0.755871	0.689268	4	0	0
2	114500001	0.686339	0.689268	4	0	0
2	115000001	0.69391	0.689268	4	0	0
2	115500001	0.760487	0.689268	4	0	0
2	116000001	0.71076	0.689268	4	0	0
2	116500001	0.746372	0.689268	4	0	0
2	117000001	0.675401	0.689268	4	0	0
2	117500001	0.710625	0.689268	4	0	0
2	118000001	0.701928	0.689268	4	0	0
2	118500001	0.701407	0.689268	4	0	0
2	119000001	0.681358	0.689268	4	0	0
2	119500001	0.644778	0.689268	4	0	0
2	120000001	0.704906	0.689268	4	0	0
2	120500001	0.717396	0.689268	4	0	0
2	121000001	0.67639	0.689268	4	0	0
2	121500001	0.659798	0.689268	4	0	0
2	122000001	0.676336	0.689268	4	0	0
2	122500001	0.688019	0.689268	4	0	0
2	123000001	0.73687	0.689268	4	0	0
2	123500001	0.745329	0.689268	4	0	0
2	124000001	0.701604	0.689268	4	0	0
2	124500001	0.650365	0.689268	4	0	0
2	125000001	0.707096	0.689268	4	0	0
2	125500001	0.635923	0.689268	4	0	0
2	126000001	0.691134	0.689268	4	0	0
2	126500001	0.689268	0.689268	4	0	0
2	127000001	0.686208	0.689268	4	0	0
2	127500001	0.697877	0.689268	4	0	0
2	128000001	0.668795	0.689268	4	0	0
2	128500001	0.642892	0.689268	4	0	0
2	129000001	0.635605	0.689268	4	0	0
2	129500001	0.62745	0.689268	4	0	0
2	130000001	0.621065	0.689268	4	0	0
2	130500001	0.675	0.689268	4	0	0
2	131000001	0.704661	0.689268	4	0	0
2	131500001	0.627728	0.689268	4	0	0
2	132000001	0.674952	0.689268	4	0	0
2	132500001	0.663014	0.689268	4	0	0
2	133000001	0.669925	0.689268	4	0	0
2	133500001	0.646724	0.689268	4	0	0
2	134000001	0.674531	0.689268	4	0	0
2	134500001	0.681382	0.689268	4	0	0
2	135000001	0.681048	0.689268	4	0	0
2	135500001	0.667519	0.689268	4	0	0
2	136000001	0.682385	0.689268	4	0	0
2	136500001	0.720032	0.689268	4	0	0
2	137000001	0.72625	0.689268	4	0	0
2	137500001	0.716214	0.689268	4	0	0
2	138000001	0.710621	0.689268	4	0	0
2	138500001	0.6783	0.689268	4	0	0
2	139000001	0.799705	0.794373	5	0	0
2	139500001	0.73867	0.794373	5	0	0
2	140000001	0.826045	0.794373	5	0	0
2	140500001	0.792182	0.794373	5	0	0
2	141000001	0.794373	0.794373	5	0	0
2	141500001	0.794646	0.794373	5	0	0
2	142000001	0.779634	0.794373	5	0	0
2	142500001	0.739464	0.727136	4	0	0
2	143000001	0.758997	0.727136	4	0	0
2	143500001	0.727136	0.727136	4	0	0
2	144000001	0.702491	0.727136	4	0	0
2	144500001	0.716935	0.727136	4	0	0
2	145000001	0.748008	0.727136	4	0	0
2	145500001	0.776569	0.727136	4	0	0
2	146000001	0.788733	0.727136	4	0	0
2	146500001	0.781285	0.727136	4	0	0
2	147000001	0.736462	0.727136	4	0	0
2	147500001	0.658703	0.727136	4	0	0
2	148000001	0.724829	0.727136	4	0	0
2	148500001	0.650206	0.727136	4	0	0
2	149000001	0.699131	0.727136	4	0	0
2	149500001	0.712338	0.727136	4	0	0
2	150000001	0.695491	0.727136	4	0	0
2	150500001	0.708268	0.727136	4	0	0
2	151000001	0.686666	0.727136	4	0	0
2	151500001	0.675853	0.727136	4	0	0
2	152000001	0.66792	0.727136	4	0	0
2	152500001	0.682688	0.727136	4	0	0
2	153000001	0.721253	0.727136	4	0	0
2	153500001	0.768823	0.727136	4	0	0
2	154000001	0.813936	0.727136	4	0	0
2	154500001	0.796342	0.727136	4	0	0
2	155000001	0.836151	0.727136	4	0	0
2	155500001	0.806975	0.727136	4	0	0
2	156000001	0.678397	0.727136	4	0	0
2	156500001	0.778943	0.727136	4	0	0
2	157000001	0.695521	0.727136	4	0	0
2	157500001	0.679075	0.727136	4	0	0
2	158000001	0.71383	0.727136	4	0	0
2	158500001	0.674943	0.727136	4	0	0
2	159000001	0.671882	0.727136	4	0	0
2	159500001	0.684703	0.727136	4	0	0
2	160000001	0.687852	0.727136	4	0	0
2	160500001	0.727721	0.727136	4	0	0
2	161000001	0.719128	0.727136	4	0	0
2	161500001	0.787891	0.727136	4	0	0
2	162000001	0.759968	0.727136	4	0	0
2	162500001	0.797135	0.727136	4	0	0
2	163000001	0.787465	0.727136	4	0	0
2	163500001	0.747278	0.727136	4	0	0
2	164000001	0.744061	0.727136	4	0	0
2	164500001	0.735432	0.727136	4	0	0
2	165000001	0.766453	0.727136	4	0	0
2	165500001	0.704297	0.727136	4	0	0
2	166000001	0.756695	0.727136	4	0	0
2	166500001	0.778549	0.727136	4	0	0
2	167000001	0.74377	0.727136	4	0	0
2	167500001	0.71984	0.727136	4	0	0
2	168000001	0.66054	0.680082	4	0	0
2	168500001	0.724371	0.680082	4	0	0
2	169000001	0.680082	0.680082	4	0	0
2	169500001	0.640665	0.680082	4	0	0
2	170000001	0.70172	0.680082	4	0	0
2	170500001	0.654336	0.680082	4	0	0
2	171000001	0.641322	0.680082	4	0	0
2	171500001	0.690173	0.680082	4	0	0
2	172000001	0.670277	0.680082	4	0	0
2	172500001	0.686581	0.680082	4	0	0
2	173000001	0.641529	0.680082	4	0	0
2	173500001	0.6825	0.680082	4	0	0
2	174000001	0.664458	0.680082	4	0	0
2	174500001	0.694641	0.680082	4	0	0
2	175000001	0.726882	0.680082	4	0	0
2	175500001	0.671827	0.680082	4	0	0
2	176000001	0.676805	0.680082	4	0	0
2	176500001	0.713328	0.680082	4	0	0
2	177000001	0.705055	0.680082	4	0	0
2	177500001	0.710379	0.680082	4	0	0
2	178000001	0.671309	0.680082	4	0	0
2	178500001	0.731335	0.680082	4	0	0
2	179000001	0.673263	0.680082	4	0	0
2	179500001	0.728306	0.756506	5	0	0
2	180000001	0.766659	0.756506	5	0	0
2	180500001	0.782236	0.756506	5	0	0
2	181000001	0.748818	0.756506	5	0	0
2	181500001	0.739548	0.756506	5	0	0
2	182000001	0.752707	0.756506	5	0	0
2	182500001	0.695655	0.756506	5	0	0
2	183000001	0.685562	0.756506	5	0	0
2	183500001	0.726676	0.756506	5	0	0
2	184000001	0.827046	0.756506	5	0	0
2	184500001	0.824928	0.756506	5	0	0
2	185000001	0.859526	0.756506	5	0	0
2	185500001	0.794125	0.756506	5	0	0
2	186000001	0.739728	0.756506	5	0	0
2	186500001	0.700307	0.756506	5	0	0
2	187000001	0.782742	0.756506	5	0	0
2	187500001	0.77724	0.756506	5	0	0
2	188000001	0.799731	0.756506	5	0	0
2	188500001	0.799315	0.756506	5	0	0
2	189000001	0.724821	0.756506	5	0	0
2	189500001	0.723695	0.756506	5	0	0
2	190000001	0.723426	0.756506	5	0	0
2	190500001	0.683565	0.756506	5	0	0
2	191000001	0.697285	0.756506	5	0	0
2	191500001	0.721749	0.756506	5	0	0
2	192000001	0.756506	0.756506	5	0	0
2	192500001	0.791938	0.756506	5	0	0
2	193000001	0.850129	0.756506	5	0	0
2	193500001	0.816477	0.756506	5	0	0
2	194000001	0.809823	0.756506	5	0	0
2	194500001	0.816394	0.756506	5	0	0
2	195000001	0.713667	0.687409	4	0	0
2	195500001	0.687409	0.687409	4	0	0
2	196000001	0.739903	0.687409	4	0	0
2	196500001	0.706917	0.687409	4	0	0
2	197000001	0.663355	0.687409	4	0	0
2	197500001	0.692474	0.687409	4	0	0
2	198000001	0.726536	0.687409	4	0	0
2	198500001	0.745425	0.687409	4	0	0
2	199000001	0.678454	0.687409	4	0	0
2	199500001	0.671318	0.687409	4	0	0
2	200000001	0.717269	0.687409	4	0	0
2	200500001	0.692339	0.687409	4	0	0
2	201000001	0.662421	0.687409	4	0	0
2	201500001	0.669023	0.687409	4	0	0
2	202000001	0.623343	0.687409	4	0	0
2	202500001	0.64457	0.687409	4	0	0
2	203000001	0.664987	0.687409	4	0	0
2	203500001	0.663982	0.687409	4	0	0
2	204000001	0.704922	0.687409	4	0	0
2	204500001	0.69787	0.687409	4	0	0
2	205000001	0.644675	0.687409	4	0	0
2	205500001	0.545965	0.5198	3	0	0
2	206000001	0.503008	0.5198	3	0	0
2	206500001	0.514471	0.5198	3	0	0
2	207000001	0.499267	0.5198	3	0	0
2	207500001	0.508922	0.5198	3	0	0
2	208000001	0.496301	0.5198	3	0	0
2	208500001	0.539816	0.5198	3	0	0
2	209000001	0.572961	0.5198	3	0	0
2	209500001	0.559414	0.5198	3	0	0
2	210000001	0.513599	0.5198	3	0	0
2	210500001	0.544172	0.5198	3	0	0
2	211000001	0.572352	0.5198	3	0	0
2	211500001	0.56952	0.5198	3	0	0
2	212000001	0.654265	0.5198	3	0	0
2	212500001	0.578139	0.5198	3	0	0
2	213000001	0.57276	0.5198	3	0	0
2	213500001	0.560733	0.5198	3	0	0
2	214000001	0.572179	0.5198	3	0	0
2	214500001	0.527784	0.5198	3	0	0
2	215000001	0.491506	0.5198	3	0	0
2	215500001	0.520143	0.5198	3	0	0
2	216000001	0.498808	0.5198	3	0	0
2	216500001	0.52545	0.5198	3	0	0
2	217000001	0.512384	0.5198	3	0	0
2	217500001	0.542676	0.5198	3	0	0
2	218000001	0.501454	0.5198	3	0	0
2	218500001	0.508253	0.5198	3	0	0
2	219000001	0.544254	0.5198	3	0	0
2	219500001	0.534968	0.5198	3	0	0
2	220000001	0.504489	0.5198	3	0	0
2	220500001	0.496301	0.5198	3	0	0
2	221000001	0.517081	0.5198	3	0	0
2	221500001	0.519457	0.5198	3	0	0
2	222000001	0.5326	0.5198	3	0	0
2	222500001	0.514441	0.5198	3	0	0
2	223000001	0.532235	0.5198	3	0	0
2	223500001	0.527011	0.5198	3	0	0
2	224000001	0.512723	0.5198	3	0	0
2	224500001	0.481727	0.5198	3	0	0
2	225000001	0.522242	0.5198	3	0	0
2	225500001	0.582526	0.5198	3	0	0
2	226000001	0.531791	0.5198	3	0	0
2	226500001	0.511676	0.5198	3	0	0
2	227000001	0.492982	0.5198	3	0	0
2	227500001	0.529925	0.5198	3	0	0
2	228000001	0.549323	0.5198	3	0	0
2	228500001	0.533823	0.5198	3	0	0
2	229000001	0.486087	0.5198	3	0	0
2	229500001	0.513195	0.5198	3	0	0
2	230000001	0.501356	0.5198	3	0	0
2	230500001	0.511647	0.5198	3	0	0
2	231000001	0.546311	0.5198	3	0	0
2	231500001	0.533208	0.5198	3	0	0
2	232000001	0.563428	0.5198	3	0	0
2	232500001	0.503269	0.5198	3	0	0
2	233000001	0.541959	0.5198	3	0	0
2	233500001	0.504862	0.5198	3	0	0
2	234000001	0.490281	0.5198	3	0	0
2	234500001	0.486283	0.5198	3	0	0
2	235000001	0.519234	0.5198	3	0	0
2	235500001	0.486747	0.5198	3	0	0
2	236000001	0.518442	0.5198	3	0	0
2	236500001	0.526412	0.5198	3	0	0
2	237000001	0.545404	0.5198	3	0	0
2	237500001	0.564451	0.5198	3	0	0
2	238000001	0.533514	0.5198	3	0	0
2	238500001	0.498916	0.5198	3	0	0
2	239000001	0.502457	0.5198	3	0	0
2	239500001	0.512502	0.5198	3	0	0
2	240000001	0.513183	0.5198	3	0	0
2	240500001	0.455318	0.5198	3	0	0
2	241000001	0.543868	0.5198	3	0	0
2	241500001	0.538055	0.5198	3	0	0
2	242000001	0.241714	0.5198	3	0	0
20	1	1.03891	1.01392	6	0	0
20	500001	1.10571	1.01392	6	0	0
20	1000001	1.04741	1.01392	6	0	0
20	1500001	0.969588	1.01392	6	0	0
20	2000001	1.01092	1.01392	6	0	0
20	2500001	1.02912	1.01392	6	0	0
20	3000001	1.00474	1.01392	6	0	0
20	3500001	0.998106	1.01392	6	0	0
20	4000001	1.06635	1.01392	6	0	0
20	4500001	1.00731	1.01392	6	0	0
20	5000001	1.04859	1.01392	6	0	0
20	5500001	0.98021	1.01392	6	0	0
20	6000001	1.00751	1.01392	6	0	0
20	6500001	1.02016	1.01392	6	0	0
20	7000001	1.05971	1.01392	6	0	0
20	7500001	1.04445	1.01392	6	0	0
20	8000001	1.02441	1.01392	6	0	0
20	8500001	1.01124	1.01392	6	0	0
20	9000001	1.02258	1.01392	6	0	0
20	9500001	1.02204	1.01392	6	0	0
20	10000001	1.05551	1.01392	6	0	0
20	10500001	1.00579	1.01392	6	0	0
20	11000001	1.01251	1.01392	6	0	0
20	11500001	1.01392	1.01392	6	0	0
20	12000001	1.03625	1.01392	6	0	0
20	12500001	1.09383	1.01392	6	0	0
20	13000001	1.00692	1.01392	6	0	0
20	13500001	0.995163	1.01392	6	0	0
20	14000001	1.05378	1.01392	6	0	0
20	14500001	1.01121	1.01392	6	0	0
20	15000001	0.987224	1.01392	6	0	0
20	15500001	0.97538	1.01392	6	0	0
20	16000001	0.962189	1.01392	6	0	0
20	16500001	1.03692	1.01392	6	0	0
20	17000001	0.989719	1.01392	6	0	0
20	17500001	1.09129	1.01392	6	0	0
20	18000001	0.950131	1.01392	6	0	0
20	18500001	0.980152	1.01392	6	0	0
20	19000001	1.00036	1.01392	6	0	0
20	19500001	1.05483	1.01392	6	0	0
20	20000001	0.977478	1.01392	6	0	0
20	20500001	0.985621	1.01392	6	0	0
20	21000001	0.924862	1.01392	6	0	0
20	21500001	0.990526	1.01392	6	0	0
20	22000001	1.03089	1.01392	6	0	0
20	22500001	1.07321	1.01392	6	0	0
20	23000001	1.0214	1.01392	6	0	0
20	23500001	1.01622	1.01392	6	0	0
20	24000001	1.02357	1.01392	6	0	0
20	24500001	1.1086	1.08356	7	0	0
20	25000001	1.05851	1.08356	7	0	0
20	25500001	0.999775	1.08356	7	0	0
20	26000001	1.1248	1.08356	7	0	0
20	26500001	1.4475	1.4475	9	0	0
20	27000001	1.46691	1.4475	9	0	0
20	27500001	1.43097	1.4475	9	0	0
20	28000001	1.19636	1.19636	7	0	0
20	28500001	2.32121	2.32121	14	0	0
20	29000001	1.61406	1.55846	9	0	0
20	29500001	1.53322	1.55846	9	0	0
20	30000001	-1	1.55846	9	0	0
20	30500001	1.55846	1.55846	9	0	0
20	31000001	-1	-1	-1	0	0
20	31500001	1.44963	1.37933	8	0	0
20	32000001	1.38492	1.37933	8	0	0
20	32500001	1.37103	1.37933	8	0	0
20	33000001	1.41499	1.37933	8	0	0
20	33500001	1.39619	1.37933	8	0	0
20	34000001	1.28442	1.37933	8	0	0
20	34500001	1.40519	1.37933	8	0	0
20	35000001	1.35029	1.37933	8	0	0
20	35500001	1.33853	1.37933	8	0	0
20	36000001	1.42282	1.37933	8	0	0
20	36500001	1.34437	1.37933	8	0	0
20	37000001	1.4238	1.37933	8	0	0
20	37500001	1.3879	1.37933	8	0	0
20	38000001	1.37933	1.37933	8	0	0
20	38500001	1.39598	1.37933	8	0	0
20	39000001	1.34076	1.37933	8	0	0
20	39500001	1.34024	1.37933	8	0	0
20	40000001	1.32402	1.37933	8	0	0
20	40500001	1.395	1.37933	8	0	0
20	41000001	1.38341	1.37933	8	0	0
20	41500001	1.33962	1.37933	8	0	0
20	42000001	1.30368	1.37933	8	0	0
20	42500001	1.32348	1.37933	8	0	0
20	43000001	1.54633	1.54792	9	0	0
20	43500001	1.5644	1.54792	9	0	0
20	44000001	1.55491	1.54792	9	0	0
20	44500001	1.55238	1.54792	9	0	0
20	45000001	1.54782	1.54792	9	0	0
20	45500001	1.57122	1.54792	9	0	0
20	46000001	1.65248	1.54792	9	0	0
20	46500001	1.4951	1.54792	9	0	0
20	47000001	1.48361	1.54792	9	0	0
20	47500001	1.56118	1.54792	9	0	0
20	48000001	1.59047	1.54792	9	0	0
20	48500001	1.56826	1.54792	9	0	0
20	49000001	1.50252	1.54792	9	0	0
20	49500001	1.51024	1.54792	9	0	0
20	50000001	1.54387	1.54792	9	0	0
20	50500001	1.54792	1.54792	9	0	0
20	51000001	1.5472	1.54792	9	0	0
20	51500001	1.4042	1.33584	8	0	0
20	52000001	1.36874	1.33584	8	0	0
20	52500001	1.32093	1.33584	8	0	0
20	53000001	1.29986	1.33584	8	0	0
20	53500001	1.31126	1.33584	8	0	0
20	54000001	1.33584	1.33584	8	0	0
20	54500001	1.32141	1.33584	8	0	0
20	55000001	1.37106	1.33584	8	0	0
20	55500001	1.29385	1.33584	8	0	0
20	56000001	1.32613	1.33584	8	0	0
20	56500001	1.31643	1.33584	8	0	0
20	57000001	1.38169	1.33584	8	0	0
20	57500001	1.40424	1.33584	8	0	0
20	58000001	1.34412	1.33584	8	0	0
20	58500001	1.3524	1.33584	8	0	0
20	59000001	1.41229	1.33584	8	0	0
20	59500001	1.32461	1.33584	8	0	0
20	60000001	1.34452	1.33584	8	0	0
20	60500001	1.31444	1.33584	8	0	0
20	61000001	1.36595	1.33584	8	0	0
20	61500001	1.32653	1.33584	8	0	0
20	62000001	1.06389	1.07257	6	0	0
20	62500001	1.08124	1.07257	6	0	0
20	63000001	0.992331	1.07257	6	0	0
20	63500001	1.09615	1.07257	6	0	0
20	64000001	-1	-1	-1	0	0
21	1	-1	-1	-1	0	0
21	500001	-1	-1	-1	0	0
21	1000001	-1	-1	-1	0	0
21	1500001	-1	-1	-1	0	0
21	2000001	-1	-1	-1	0	0
21	2500001	-1	-1	-1	0	0
21	3000001	-1	-1	-1	0	0
21	3500001	-1	-1	-1	0	0
21	4000001	-1	-1	-1	0	0
21	4500001	-1	-1	-1	0	0
21	5000001	-1	-1	-1	0	0
21	5500001	-1	-1	-1	0	0
21	6000001	-1	-1	-1	0	0
21	6500001	-1	-1	-1	0	0
21	7000001	-1	-1	-1	0	0
21	7500001	-1	-1	-1	0	0
21	8000001	-1	-1	-1	0	0
21	8500001	-1	-1	-1	0	0
21	9000001	-1	-1	-1	0	0
21	9500001	1.5173	1.60448	10	0	0
21	10000001	-1	1.60448	10	0	0
21	10500001	1.69166	1.60448	10	0	0
21	11000001	0.461128	0.580181	3	0	0
21	11500001	0.699235	0.580181	3	0	0
21	12000001	0.912984	0.912984	5	0	0
21	12500001	1.37319	1.37319	8	0	0
21	13000001	0.713053	0.87152	5	0	0
21	13500001	0.71354	0.87152	5	0	0
21	14000001	0.842814	0.87152	5	0	0
21	14500001	0.828532	0.87152	5	0	0
21	15000001	0.831066	0.87152	5	0	0
21	15500001	0.894067	0.87152	5	0	0
21	16000001	0.961917	0.87152	5	0	0
21	16500001	0.929106	0.87152	5	0	0
21	17000001	0.919638	0.87152	5	0	0
21	17500001	0.818754	0.87152	5	0	0
21	18000001	0.825828	0.87152	5	0	0
21	18500001	0.75207	0.87152	5	0	0
21	19000001	0.741197	0.87152	5	0	0
21	19500001	0.833161	0.87152	5	0	0
21	20000001	0.947344	0.87152	5	0	0
21	20500001	0.894561	0.87152	5	0	0
21	21000001	1.00032	0.87152	5	0	0
21	21500001	0.943717	0.87152	5	0	0
21	22000001	0.913232	0.87152	5	0	0
21	22500001	0.913395	0.87152	5	0	0
21	23000001	0.999137	0.87152	5	0	0
21	23500001	0.845298	0.87152	5	0	0
21	24000001	0.96886	0.87152	5	0	0
21	24500001	0.895391	0.87152	5	0	0
21	25000001	0.86246	0.87152	5	0	0
21	25500001	0.798524	0.87152	5	0	0
21	26000001	0.80439	0.87152	5	0	0
21	26500001	0.866973	0.87152	5	0	0
21	27000001	0.917757	0.87152	5	0	0
21	27500001	0.91047	0.87152	5	0	0
21	28000001	0.90131	0.87152	5	0	0
21	28500001	0.858042	0.87152	5	0	0
21	29000001	0.972957	0.87152	5	0	0
21	29500001	1.02334	0.87152	5	0	0
21	30000001	1.07728	0.87152	5	0	0
21	30500001	1.02378	0.87152	5	0	0
21	31000001	0.966737	0.87152	5	0	0
21	31500001	0.94073	0.87152	5	0	0
21	32000001	0.980921	0.87152	5	0	0
21	32500001	1.01084	0.87152	5	0	0
21	33000001	1.01278	0.87152	5	0	0
21	33500001	0.973165	0.87152	5	0	0
21	34000001	0.812415	0.87152	5	0	0
21	34500001	0.843026	0.87152	5	0	0
21	35000001	0.838703	0.87152	5	0	0
21	35500001	0.861201	0.87152	5	0	0
21	36000001	0.799506	0.87152	5	0	0
21	36500001	0.87514	0.87152	5	0	0
21	37000001	0.836208	0.87152	5	0	0
21	37500001	0.876047	0.87152	5	0	0
21	38000001	0.842879	0.87152	5	0	0
21	38500001	0.814463	0.87152	5	0	0
21	39000001	0.834247	0.87152	5	0	0
21	39500001	0.876438	0.87152	5	0	0
21	40000001	0.769095	0.87152	5	0	0
21	40500001	0.795634	0.87152	5	0	0
21	41000001	0.860968	0.87152	5	0	0
21	41500001	0.853009	0.87152	5	0	0
21	42000001	0.8679	0.87152	5	0	0
21	42500001	0.857203	0.87152	5	0	0
21	43000001	0.598033	0.87152	5	0	0
21	43500001	0.949758	0.87152	5	0	0
21	44000001	0.739078	0.87152	5	0	0
21	44500001	1.05846	0.87152	5	0	0
21	45000001	1.03267	0.87152	5	0	0
21	45500001	1.06465	0.87152	5	0	0
21	46000001	1.04872	0.87152	5	0	0
21	46500001	0.422653	0.87152	5	0	0
22	1	-1	-1	-1	0	0
22	500001	-1	-1	-1	0	0
22	1000001	-1	-1	-1	0	0
22	1500001	-1	-1	-1	0	0
22	2000001	-1	-1	-1	0	0
22	2500001	-1	-1	-1	0	0
22	3000001	-1	-1	-1	0	0
22	3500001	-1	-1	-1	0	0
22	4000001	-1	-1	-1	0	0
22	4500001	-1	-1	-1	0	0
22	5000001	-1	-1	-1	0	0
22	5500001	-1	-1	-1	0	0
22	6000001	-1	-1	-1	0	0
22	6500001	-1	-1	-1	0	0
22	7000001	-1	-1	-1	0	0
22	7500001	-1	-1	-1	0	0
22	8000001	-1	-1	-1	0	0
22	8500001	-1	-1	-1	0	0
22	9000001	-1	-1	-1	0	0
22	9500001	-1	-1	-1	0	0
22	10000001	-1	-1	-1	0	0
22	10500001	-1	-1	-1	0	0
22	11000001	-1	-1	-1	0	0
22	11500001	-1	-1	-1	0	0
22	12000001	-1	-1	-1	0	0
22	12500001	-1	-1	-1	0	0
22	13000001	0.461684	0.461684	3	0	0
22	13500001	0.738472	0.738472	4	0	0
22	14000001	1.02345	1.02345	6	0	0
22	14500001	1.21261	1.25299	8	0	0
22	15000001	-1	1.25299	8	0	0
22	15500001	1.29337	1.25299	8	0	0
22	16000001	0.699438	0.678267	4	0	0
22	16500001	0.637581	0.678267	4	0	0
22	17000001	0.67825	0.678267	4	0	0
22	17500001	0.700412	0.678267	4	0	0
22	18000001	-1	0.678267	4	0	0
22	18500001	0.651781	0.678267	4	0	0
22	19000001	0.706442	0.678267	4	0	0
22	19500001	0.651813	0.678267	4	0	0
22	20000001	0.642633	0.678267	4	0	0
22	20500001	0.681598	0.678267	4	0	0
22	21000001	0.631332	0.678267	4	0	0
22	21500001	0.667566	0.678267	4	0	0
22	22000001	0.702529	0.678267	4	0	0
22	22500001	0.694687	0.678267	4	0	0
22	23000001	0.714146	0.678267	4	0	0
22	23500001	0.695004	0.678267	4	0	0
22	24000001	0.71365	0.678267	4	0	0
22	24500001	0.658972	0.678267	4	0	0
22	25000001	0.656274	0.678267	4	0	0
22	25500001	0.664345	0.678267	4	0	0
22	26000001	0.72077	0.678267	4	0	0
22	26500001	0.697529	0.678267	4	0	0
22	27000001	0.713028	0.678267	4	0	0
22	27500001	0.710031	0.678267	4	0	0
22	28000001	0.704563	0.678267	4	0	0
22	28500001	0.625482	0.678267	4	0	0
22	29000001	0.686531	0.678267	4	0	0
22	29500001	0.692384	0.678267	4	0	0
22	30000001	0.698348	0.678267	4	0	0
22	30500001	0.707556	0.678267	4	0	0
22	31000001	0.6681	0.678267	4	0	0
22	31500001	0.646582	0.678267	4	0	0
22	32000001	0.669388	0.678267	4	0	0
22	32500001	0.690255	0.678267	4	0	0
22	33000001	0.666284	0.678267	4	0	0
22	33500001	0.619568	0.678267	4	0	0
22	34000001	0.581487	0.678267	4	0	0
22	34500001	0.672689	0.678267	4	0	0
22	35000001	0.705072	0.678267	4	0	0
22	35500001	0.667837	0.678267	4	0	0
22	36000001	0.68991	0.678267	4	0	0
22	36500001	0.656233	0.678267	4	0	0
22	37000001	0.673004	0.678267	4	0	0
22	37500001	0.662772	0.678267	4	0	0
22	38000001	0.656174	0.678267	4	0	0
22	38500001	0.71768	0.678267	4	0	0
22	39000001	0.647467	0.678267	4	0	0
22	39500001	0.706571	0.678267	4	0	0
22	40000001	0.668907	0.678267	4	0	0
22	40500001	0.644048	0.678267	4	0	0
22	41000001	0.680487	0.678267	4	0	0
22	41500001	0.703382	0.678267	4	0	0
22	42000001	0.6995	0.678267	4	0	0
22	42500001	0.734652	0.678267	4	0	0
22	43000001	0.678952	0.678267	4	0	0
22	43500001	0.6791	0.678267	4	0	0
22	44000001	0.678283	0.678267	4	0	0
22	44500001	0.638298	0.678267	4	0	0
22	45000001	0.666634	0.678267	4	0	0
22	45500001	0.702509	0.678267	4	0	0
22	46000001	0.677861	0.678267	4	0	0
22	46500001	0.671413	0.678267	4	0	0
22	47000001	0.67175	0.678267	4	0	0
22	47500001	0.642158	0.651512	4	0	0
22	48000001	0.651512	0.651512	4	0	0
22	48500001	0.651608	0.651512	4	0	0
22	49000001	0.664334	0.651512	4	0	0
22	49500001	0.631933	0.651512	4	0	0
22	50000001	0.573069	0.512428	3	0	0
22	50500001	0.451787	0.512428	3	0	0
3	1	0.907223	0.901104	5	0	0
3	500001	0.883524	0.901104	5	0	0
3	1000001	0.909057	0.901104	5	0	0
3	1500001	0.88753	0.901104	5	0	0
3	2000001	0.880208	0.901104	5	0	0
3	2500001	0.927269	0.901104	5	0	0
3	3000001	0.856168	0.901104	5	0	0
3	3500001	0.839341	0.901104	5	0	0
3	4000001	0.932899	0.901104	5	0	0
3	4500001	0.908143	0.901104	5	0	0
3	5000001	0.871009	0.901104	5	0	0
3	5500001	0.888014	0.901104	5	0	0
3	6000001	0.858197	0.901104	5	0	0
3	6500001	0.919203	0.901104	5	0	0
3	7000001	0.926816	0.901104	5	0	0
3	7500001	0.887138	0.901104	5	0	0
3	8000001	0.899447	0.901104	5	0	0
3	8500001	0.908016	0.901104	5	0	0
3	9000001	0.885277	0.901104	5	0	0
3	9500001	0.928636	0.901104	5	0	0
3	10000001	0.946254	0.901104	5	0	0
3	10500001	0.941186	0.901104	5	0	0
3	11000001	0.869264	0.901104	5	0	0
3	11500001	0.917491	0.901104	5	0	0
3	12000001	0.937027	0.901104	5	0	0
3	12500001	0.915625	0.901104	5	0	0
3	13000001	0.910283	0.901104	5	0	0
3	13500001	0.939831	0.901104	5	0	0
3	14000001	0.948898	0.901104	5	0	0
3	14500001	0.96278	0.901104	5	0	0
3	15000001	0.873429	0.901104	5	0	0
3	15500001	0.937497	0.901104	5	0	0
3	16000001	0.867776	0.901104	5	0	0
3	16500001	0.899909	0.901104	5	0	0
3	17000001	0.895087	0.901104	5	0	0
3	17500001	0.89646	0.901104	5	0	0
3	18000001	0.941616	0.901104	5	0	0
3	18500001	0.934841	0.901104	5	0	0
3	19000001	0.968605	0.901104	5	0	0
3	19500001	0.889247	0.901104	5	0	0
3	20000001	0.852886	0.901104	5	0	0
3	20500001	0.932958	0.901104	5	0	0
3	21000001	0.922194	0.901104	5	0	0
3	21500001	0.9537	0.901104	5	0	0
3	22000001	0.953095	0.901104	5	0	0
3	22500001	0.952264	0.901104	5	0	0
3	23000001	0.905132	0.901104	5	0	0
3	23500001	0.867126	0.901104	5	0	0
3	24000001	0.936869	0.901104	5	0	0
3	24500001	0.925504	0.901104	5	0	0
3	25000001	0.891109	0.901104	5	0	0
3	25500001	0.912732	0.901104	5	0	0
3	26000001	0.893144	0.901104	5	0	0
3	26500001	0.900557	0.901104	5	0	0
3	27000001	0.904612	0.901104	5	0	0
3	27500001	0.908632	0.901104	5	0	0
3	28000001	0.91296	0.901104	5	0	0
3	28500001	0.941552	0.901104	5	0	0
3	29000001	0.976724	0.901104	5	0	0
3	29500001	0.914087	0.901104	5	0	0
3	30000001	0.967866	0.901104	5	0	0
3	30500001	0.868404	0.901104	5	0	0
3	31000001	0.922944	0.901104	5	0	0
3	31500001	0.851959	0.901104	5	0	0
3	32000001	0.856205	0.901104	5	0	0
3	32500001	0.813542	0.901104	5	0	0
3	33000001	0.846552	0.901104	5	0	0
3	33500001	0.895625	0.901104	5	0	0
3	34000001	0.857484	0.901104	5	0	0
3	34500001	0.942629	0.901104	5	0	0
3	35000001	0.94905	0.901104	5	0	0
3	35500001	0.966796	0.901104	5	0	0
3	36000001	0.909603	0.901104	5	0	0
3	36500001	0.901104	0.901104	5	0	0
3	37000001	0.906294	0.901104	5	0	0
3	37500001	0.962528	0.901104	5	0	0
3	38000001	0.925662	0.901104	5	0	0
3	38500001	0.912531	0.901104	5	0	0
3	39000001	0.879006	0.901104	5	0	0
3	39500001	0.900465	0.901104	5	0	0
3	40000001	0.921167	0.901104	5	0	0
3	40500001	0.919828	0.901104	5	0	0
3	41000001	0.88325	0.901104	5	0	0
3	41500001	0.895507	0.901104	5	0	0
3	42000001	0.900201	0.901104	5	0	0
3	42500001	0.902165	0.901104	5	0	0
3	43000001	0.929902	0.901104	5	0	0
3	43500001	0.927918	0.901104	5	0	0
3	44000001	0.895219	0.901104	5	0	0
3	44500001	0.928365	0.901104	5	0	0
3	45000001	0.875368	0.901104	5	0	0
3	45500001	0.911323	0.901104	5	0	0
3	46000001	0.955124	0.901104	5	0	0
3	46500001	0.953959	0.901104	5	0	0
3	47000001	0.881681	0.901104	5	0	0
3	47500001	0.830972	0.901104	5	0	0
3	48000001	0.866504	0.901104	5	0	0
3	48500001	0.88684	0.901104	5	0	0
3	49000001	0.882855	0.901104	5	0	0
3	49500001	0.89629	0.901104	5	0	0
3	50000001	0.91053	0.901104	5	0	0
3	50500001	0.903152	0.901104	5	0	0
3	51000001	0.859327	0.901104	5	0	0
3	51500001	0.948102	0.901104	5	0	0
3	52000001	0.882014	0.901104	5	0	0
3	52500001	0.898452	0.901104	5	0	0
3	53000001	0.941513	0.901104	5	0	0
3	53500001	0.891169	0.901104	5	0	0
3	54000001	0.827449	0.901104	5	0	0
3	54500001	0.887139	0.901104	5	0	0
3	55000001	0.8776	0.901104	5	0	0
3	55500001	0.872084	0.901104	5	0	0
3	56000001	0.89731	0.901104	5	0	0
3	56500001	0.871003	0.901104	5	0	0
3	57000001	0.856766	0.901104	5	0	0
3	57500001	0.845997	0.901104	5	0	0
3	58000001	0.92888	0.901104	5	0	0
3	58500001	0.908804	0.901104	5	0	0
3	59000001	0.887536	0.901104	5	0	0
3	59500001	0.895089	0.901104	5	0	0
3	60000001	0.852497	0.901104	5	0	0
3	60500001	0.848254	0.901104	5	0	0
3	61000001	0.91332	0.901104	5	0	0
3	61500001	0.866274	0.901104	5	0	0
3	62000001	0.855325	0.901104	5	0	0
3	62500001	0.920023	0.901104	5	0	0
3	63000001	0.896843	0.901104	5	0	0
3	63500001	0.904043	0.901104	5	0	0
3	64000001	0.910788	0.901104	5	0	0
3	64500001	0.913953	0.901104	5	0	0
3	65000001	0.875419	0.901104	5	0	0
3	65500001	0.859826	0.901104	5	0	0
3	66000001	0.870161	0.901104	5	0	0
3	66500001	0.872233	0.901104	5	0	0
3	67000001	0.899454	0.901104	5	0	0
3	67500001	0.896949	0.901104	5	0	0
3	68000001	0.927644	0.901104	5	0	0
3	68500001	0.938235	0.901104	5	0	0
3	69000001	0.845638	0.901104	5	0	0
3	69500001	0.903356	0.901104	5	0	0
3	70000001	0.939719	0.901104	5	0	0
3	70500001	0.914239	0.901104	5	0	0
3	71000001	0.841897	0.901104	5	0	0
3	71500001	0.894954	0.901104	5	0	0
3	72000001	0.917862	0.901104	5	0	0
3	72500001	0.858206	0.901104	5	0	0
3	73000001	0.841165	0.901104	5	0	0
3	73500001	0.861796	0.901104	5	0	0
3	74000001	0.908973	0.901104	5	0	0
3	74500001	0.95292	0.989074	6	0	0
3	75000001	0.868899	0.989074	6	0	0
3	75500001	1.05562	0.989074	6	0	0
3	76000001	0.98688	0.989074	6	0	0
3	76500001	0.961342	0.989074	6	0	0
3	77000001	0.931841	0.989074	6	0	0
3	77500001	0.981808	0.989074	6	0	0
3	78000001	0.909104	0.989074	6	0	0
3	78500001	0.966253	0.989074	6	0	0
3	79000001	0.997895	0.989074	6	0	0
3	79500001	1.00161	0.989074	6	0	0
3	80000001	1.02302	0.989074	6	0	0
3	80500001	0.995502	0.989074	6	0	0
3	81000001	0.977235	0.989074	6	0	0
3	81500001	0.961968	0.989074	6	0	0
3	82000001	0.991269	0.989074	6	0	0
3	82500001	1.02993	0.989074	6	0	0
3	83000001	1.12345	0.989074	6	0	0
3	83500001	1.09175	0.989074	6	0	0
3	84000001	1.11378	0.989074	6	0	0
3	84500001	0.966428	1.00691	6	0	0
3	85000001	1.16036	1.00691	6	0	0
3	85500001	1.10174	1.00691	6	0	0
3	86000001	1.00691	1.00691	6	0	0
3	86500001	0.993005	1.00691	6	0	0
3	87000001	1.00739	1.00691	6	0	0
3	87500001	0.936269	1.00691	6	0	0
3	88000001	0.948992	1.00691	6	0	0
3	88500001	1.01429	1.00691	6	0	0
3	89000001	1.06563	1.00691	6	0	0
3	89500001	0.990018	1.00691	6	0	0
3	90000001	0.975819	1.00691	6	0	0
3	90500001	1.88098	1.00691	6	0	0
3	91000001	1.02613	1.00691	6	0	0
3	91500001	1.00135	1.00691	6	0	0
3	92000001	0.913752	0.898443	5	0	0
3	92500001	0.823951	0.898443	5	0	0
3	93000001	7.65171	0.898443	5	0	0
3	93500001	0.883135	0.898443	5	0	0
3	94000001	0.920943	0.917771	6	0	0
3	94500001	0.950943	0.917771	6	0	0
3	95000001	0.999826	0.917771	6	0	0
3	95500001	1.01483	0.917771	6	0	0
3	96000001	0.964	0.917771	6	0	0
3	96500001	0.897279	0.917771	6	0	0
3	97000001	0.987759	0.917771	6	0	0
3	97500001	0.90747	0.917771	6	0	0
3	98000001	0.956407	0.917771	6	0	0
3	98500001	0.904917	0.917771	6	0	0
3	99000001	0.961681	0.917771	6	0	0
3	99500001	0.881073	0.917771	6	0	0
3	100000001	0.861751	0.917771	6	0	0
3	100500001	0.88002	0.917771	6	0	0
3	101000001	0.857845	0.917771	6	0	0
3	101500001	0.815246	0.917771	6	0	0
3	102000001	0.890319	0.917771	6	0	0
3	102500001	1.00166	0.917771	6	0	0
3	103000001	0.980383	0.917771	6	0	0
3	103500001	1.0328	0.917771	6	0	0
3	104000001	0.995831	0.917771	6	0	0
3	104500001	0.983266	0.917771	6	0	0
3	105000001	1.05041	0.917771	6	0	0
3	105500001	0.881092	0.917771	6	0	0
3	106000001	0.890803	0.917771	6	0	0
3	106500001	0.917771	0.917771	6	0	0
3	107000001	0.876386	0.917771	6	0	0
3	107500001	0.883067	0.917771	6	0	0
3	108000001	0.877877	0.917771	6	0	0
3	108500001	0.783705	0.695399	4	0	0
3	109000001	0.664008	0.695399	4	0	0
3	109500001	0.713192	0.695399	4	0	0
3	110000001	0.732215	0.695399	4	0	0
3	110500001	0.687176	0.695399	4	0	0
3	111000001	0.723165	0.695399	4	0	0
3	111500001	0.741095	0.695399	4	0	0
3	112000001	0.741161	0.695399	4	0	0
3	112500001	0.745439	0.695399	4	0	0
3	113000001	0.733977	0.695399	4	0	0
3	113500001	0.676591	0.695399	4	0	0
3	114000001	0.716958	0.695399	4	0	0
3	114500001	0.713167	0.695399	4	0	0
3	115000001	0.713115	0.695399	4	0	0
3	115500001	0.701768	0.695399	4	0	0
3	116000001	0.719259	0.695399	4	0	0
3	116500001	0.744514	0.695399	4	0	0
3	117000001	0.703702	0.695399	4	0	0
3	117500001	0.674879	0.695399	4	0	0
3	118000001	0.717133	0.695399	4	0	0
3	118500001	0.692505	0.695399	4	0	0
3	119000001	0.663935	0.695399	4	0	0
3	119500001	0.655035	0.695399	4	0	0
3	120000001	0.692422	0.695399	4	0	0
3	120500001	0.724456	0.695399	4	0	0
3	121000001	0.765978	0.695399	4	0	0
3	121500001	0.660649	0.695399	4	0	0
3	122000001	0.682439	0.695399	4	0	0
3	122500001	0.672161	0.695399	4	0	0
3	123000001	0.736871	0.695399	4	0	0
3	123500001	0.696952	0.695399	4	0	0
3	124000001	0.714936	0.695399	4	0	0
3	124500001	0.669476	0.695399	4	0	0
3	125000001	0.644469	0.695399	4	0	0
3	125500001	0.678491	0.695399	4	0	0
3	126000001	0.71011	0.695399	4	0	0
3	126500001	0.705784	0.695399	4	0	0
3	127000001	0.738367	0.695399	4	0	0
3	127500001	0.748436	0.695399	4	0	0
3	128000001	0.694891	0.695399	4	0	0
3	128500001	0.682324	0.695399	4	0	0
3	129000001	0.698978	0.695399	4	0	0
3	129500001	0.704241	0.695399	4	0	0
3	130000001	0.693107	0.695399	4	0	0
3	130500001	0.710755	0.695399	4	0	0
3	131000001	0.708831	0.695399	4	0	0
3	131500001	0.673179	0.695399	4	0	0
3	132000001	0.711181	0.695399	4	0	0
3	132500001	0.717068	0.695399	4	0	0
3	133000001	0.671206	0.695399	4	0	0
3	133500001	0.654896	0.695399	4	0	0
3	134000001	0.678608	0.695399	4	0	0
3	134500001	0.69489	0.695399	4	0	0
3	135000001	0.670478	0.695399	4	0	0
3	135500001	0.665587	0.695399	4	0	0
3	136000001	0.633804	0.695399	4	0	0
3	136500001	0.618567	0.695399	4	0	0
3	137000001	0.670668	0.695399	4	0	0
3	137500001	0.662976	0.695399	4	0	0
3	138000001	0.689415	0.695399	4	0	0
3	138500001	0.643589	0.695399	4	0	0
3	139000001	0.667838	0.695399	4	0	0
3	139500001	0.665887	0.695399	4	0	0
3	140000001	0.635335	0.695399	4	0	0
3	140500001	0.687044	0.695399	4	0	0
3	141000001	0.68184	0.695399	4	0	0
3	141500001	0.671769	0.695399	4	0	0
3	142000001	0.679561	0.695399	4	0	0
3	142500001	0.688562	0.695399	4	0	0
3	143000001	0.676267	0.695399	4	0	0
3	143500001	0.740361	0.695399	4	0	0
3	144000001	0.65423	0.695399	4	0	0
3	144500001	0.76286	0.695399	4	0	0
3	145000001	0.818821	0.695399	4	0	0
3	145500001	0.75851	0.695399	4	0	0
3	146000001	0.736899	0.695399	4	0	0
3	146500001	0.759649	0.695399	4	0	0
3	147000001	0.69242	0.695399	4	0	0
3	147500001	0.703774	0.695399	4	0	0
3	148000001	0.783233	0.695399	4	0	0
3	148500001	0.699044	0.695399	4	0	0
3	149000001	0.730508	0.695399	4	0	0
3	149500001	0.715823	0.695399	4	0	0
3	150000001	0.692346	0.695399	4	0	0
3	150500001	0.682837	0.695399	4	0	0
3	151000001	0.671372	0.695399	4	0	0
3	151500001	0.724378	0.695399	4	0	0
3	152000001	0.766976	0.695399	4	0	0
3	152500001	0.721262	0.695399	4	0	0
3	153000001	0.680782	0.695399	4	0	0
3	153500001	0.682384	0.695399	4	0	0
3	154000001	0.685062	0.695399	4	0	0
3	154500001	0.711597	0.695399	4	0	0
3	155000001	0.696155	0.695399	4	0	0
3	155500001	0.6361	0.695399	4	0	0
3	156000001	0.668982	0.695399	4	0	0
3	156500001	0.704031	0.695399	4	0	0
3	157000001	0.689538	0.695399	4	0	0
3	157500001	0.695907	0.695399	4	0	0
3	158000001	0.726062	0.695399	4	0	0
3	158500001	0.68746	0.695399	4	0	0
3	159000001	0.713301	0.695399	4	0	0
3	159500001	0.694426	0.695399	4	0	0
3	160000001	0.684676	0.695399	4	0	0
3	160500001	0.687697	0.695399	4	0	0
3	161000001	0.697199	0.695399	4	0	0
3	161500001	0.749056	0.695399	4	0	0
3	162000001	0.753492	0.695399	4	0	0
3	162500001	0.957297	0.965498	6	0	0
3	163000001	1.00815	0.965498	6	0	0
3	163500001	0.963923	0.965498	6	0	0
3	164000001	0.913077	0.965498	6	0	0
3	164500001	1.0564	0.965498	6	0	0
3	165000001	1.09867	0.965498	6	0	0
3	165500001	0.982672	0.965498	6	0	0
3	166000001	1.04232	0.965498	6	0	0
3	166500001	0.938511	0.965498	6	0	0
3	167000001	0.914477	0.965498	6	0	0
3	167500001	0.965498	0.965498	6	0	0
3	168000001	0.861296	0.858064	5	0	0
3	168500001	0.964577	0.858064	5	0	0
3	169000001	0.903283	0.858064	5	0	0
3	169500001	0.859391	0.858064	5	0	0
3	170000001	0.84967	0.858064	5	0	0
3	170500001	0.848941	0.858064	5	0	0
3	171000001	0.873674	0.858064	5	0	0
3	171500001	0.871177	0.858064	5	0	0
3	172000001	0.858742	0.858064	5	0	0
3	172500001	0.88385	0.858064	5	0	0
3	173000001	0.953058	0.858064	5	0	0
3	173500001	0.924515	0.858064	5	0	0
3	174000001	0.808996	0.858064	5	0	0
3	174500001	0.879787	0.858064	5	0	0
3	175000001	0.956443	0.858064	5	0	0
3	175500001	0.912479	0.858064	5	0	0
3	176000001	0.943658	0.858064	5	0	0
3	176500001	0.843298	0.858064	5	0	0
3	177000001	0.828212	0.858064	5	0	0
3	177500001	0.824248	0.858064	5	0	0
3	178000001	0.928569	0.858064	5	0	0
3	178500001	0.860996	0.858064	5	0	0
3	179000001	0.827103	0.858064	5	0	0
3	179500001	0.808475	0.858064	5	0	0
3	180000001	0.872143	0.858064	5	0	0
3	180500001	0.843167	0.858064	5	0	0
3	181000001	0.892798	0.858064	5	0	0
3	181500001	0.76617	0.858064	5	0	0
3	182000001	0.852224	0.858064	5	0	0
3	182500001	0.859879	0.858064	5	0	0
3	183000001	0.857386	0.858064	5	0	0
3	183500001	0.862188	0.858064	5	0	0
3	184000001	0.847241	0.858064	5	0	0
3	184500001	0.791397	0.858064	5	0	0
3	185000001	0.826354	0.858064	5	0	0
3	185500001	0.826018	0.858064	5	0	0
3	186000001	0.852121	0.858064	5	0	0
3	186500001	0.819019	0.858064	5	0	0
3	187000001	0.850274	0.858064	5	0	0
3	187500001	0.84288	0.858064	5	0	0
3	188000001	0.82192	0.858064	5	0	0
3	188500001	0.951341	0.858064	5	0	0
3	189000001	1.12994	1.21404	7	0	0
3	189500001	1.21404	1.21404	7	0	0
3	190000001	1.19612	1.21404	7	0	0
3	190500001	1.21532	1.21404	7	0	0
3	191000001	1.25552	1.21404	7	0	0
3	191500001	1.22814	1.21404	7	0	0
3	192000001	1.22307	1.21404	7	0	0
3	192500001	1.14411	1.21404	7	0	0
3	193000001	1.23045	1.21404	7	0	0
3	193500001	1.17656	1.21404	7	0	0
3	194000001	1.19753	1.21404	7	0	0
3	194500001	0.897834	0.982399	6	0	0
3	195000001	0.840311	0.982399	6	0	0
3	195500001	1.07595	0.982399	6	0	0
3	196000001	0.982399	0.982399	6	0	0
3	196500001	0.935767	0.982399	6	0	0
3	197000001	1.07344	0.982399	6	0	0
3	197500001	0.994714	0.982399	6	0	0
3	198000001	-1	-1	-1	0	0
4	1	0.890833	0.8454	5	0	0
4	500001	0.756077	0.8454	5	0	0
4	1000001	0.821188	0.8454	5	0	0
4	1500001	0.716164	0.8454	5	0	0
4	2000001	0.885603	0.8454	5	0	0
4	2500001	0.8454	0.8454	5	0	0
4	3000001	0.897735	0.8454	5	0	0
4	3500001	0.846587	0.8454	5	0	0
4	4000001	0.81628	0.8454	5	0	0
4	4500001	0.858514	0.8454	5	0	0
4	5000001	0.788727	0.8454	5	0	0
4	5500001	0.839311	0.8454	5	0	0
4	6000001	0.884853	0.8454	5	0	0
4	6500001	0.866309	0.8454	5	0	0
4	7000001	0.828689	0.8454	5	0	0
4	7500001	0.920043	0.8454	5	0	0
4	8000001	0.796597	0.8454	5	0	0
4	8500001	0.845429	0.8454	5	0	0
4	9000001	0.833473	0.8454	5	0	0
4	9500001	0.860718	0.8454	5	0	0
4	10000001	0.81481	0.8454	5	0	0
4	10500001	0.851573	0.8454	5	0	0
4	11000001	0.853549	0.8454	5	0	0
4	11500001	0.90257	0.8454	5	0	0
4	12000001	0.87203	0.8454	5	0	0
4	12500001	0.850617	0.8454	5	0	0
4	13000001	0.82927	0.8454	5	0	0
4	13500001	0.860093	0.8454	5	0	0
4	14000001	0.871668	0.8454	5	0	0
4	14500001	0.82689	0.8454	5	0	0
4	15000001	0.841524	0.8454	5	0	0
4	15500001	0.845985	0.8454	5	0	0
4	16000001	0.834584	0.8454	5	0	0
4	16500001	0.840031	0.8454	5	0	0
4	17000001	0.78248	0.8454	5	0	0
4	17500001	0.821691	0.8454	5	0	0
4	18000001	0.864262	0.8454	5	0	0
4	18500001	0.869367	0.8454	5	0	0
4	19000001	0.90961	0.8454	5	0	0
4	19500001	0.852697	0.8454	5	0	0
4	20000001	0.917663	0.8454	5	0	0
4	20500001	0.827176	0.8454	5	0	0
4	21000001	0.868721	0.8454	5	0	0
4	21500001	0.898556	0.8454	5	0	0
4	22000001	0.860801	0.8454	5	0	0
4	22500001	0.813608	0.8454	5	0	0
4	23000001	0.912021	0.8454	5	0	0
4	23500001	0.831265	0.8454	5	0	0
4	24000001	0.835527	0.8454	5	0	0
4	24500001	0.829631	0.8454	5	0	0
4	25000001	0.791698	0.8454	5	0	0
4	25500001	0.80793	0.8454	5	0	0
4	26000001	0.811074	0.8454	5	0	0
4	26500001	0.801429	0.8454	5	0	0
4	27000001	0.812936	0.8454	5	0	0
4	27500001	0.954766	0.954713	6	0	0
4	28000001	0.888872	0.954713	6	0	0
4	28500001	0.912454	0.954713	6	0	0
4	29000001	0.986923	0.954713	6	0	0
4	29500001	0.989229	0.954713	6	0	0
4	30000001	0.95466	0.954713	6	0	0
4	30500001	0.896148	0.954713	6	0	0
4	31000001	0.912688	0.954713	6	0	0
4	31500001	0.948299	0.954713	6	0	0
4	32000001	0.929308	0.954713	6	0	0
4	32500001	1.01412	0.954713	6	0	0
4	33000001	0.950052	0.954713	6	0	0
4	33500001	0.995153	0.954713	6	0	0
4	34000001	0.999624	0.954713	6	0	0
4	34500001	0.97524	0.954713	6	0	0
4	35000001	0.939001	0.954713	6	0	0
4	35500001	0.971738	0.954713	6	0	0
4	36000001	0.972728	0.954713	6	0	0
4	36500001	0.907579	0.864386	5	0	0
4	37000001	0.857617	0.864386	5	0	0
4	37500001	0.840702	0.864386	5	0	0
4	38000001	0.855917	0.864386	5	0	0
4	38500001	0.851287	0.864386	5	0	0
4	39000001	0.783548	0.864386	5	0	0
4	39500001	0.738104	0.864386	5	0	0
4	40000001	0.771827	0.864386	5	0	0
4	40500001	0.807466	0.864386	5	0	0
4	41000001	0.865934	0.864386	5	0	0
4	41500001	0.843299	0.864386	5	0	0
4	42000001	0.862266	0.864386	5	0	0
4	42500001	0.864386	0.864386	5	0	0
4	43000001	0.925297	0.864386	5	0	0
4	43500001	0.928819	0.864386	5	0	0
4	44000001	0.894538	0.864386	5	0	0
4	44500001	0.884116	0.864386	5	0	0
4	45000001	0.906295	0.864386	5	0	0
4	45500001	0.934097	0.864386	5	0	0
4	46000001	0.941958	0.864386	5	0	0
4	46500001	0.888044	0.864386	5	0	0
4	47000001	0.943246	0.864386	5	0	0
4	47500001	0.857591	0.864386	5	0	0
4	48000001	0.868828	0.864386	5	0	0
4	48500001	0.861771	0.864386	5	0	0
4	49000001	-1	-1	-1	0	0
4	49500001	2.53358	2.53358	15	0	0
4	50000001	1.4257	1.3018	8	0	0
4	50500001	1.17789	1.3018	8	0	0
4	51000001	0.938714	0.843751	5	0	0
4	51500001	0.831103	0.843751	5	0	0
4	52000001	0.842976	0.843751	5	0	0
4	52500001	0.857079	0.843751	5	0	0
4	53000001	0.818881	0.843751	5	0	0
4	53500001	0.860003	0.843751	5	0	0
4	54000001	0.814749	0.843751	5	0	0
4	54500001	0.845673	0.843751	5	0	0
4	55000001	0.82813	0.843751	5	0	0
4	55500001	0.874089	0.843751	5	0	0
4	56000001	0.811927	0.843751	5	0	0
4	56500001	0.803797	0.843751	5	0	0
4	57000001	0.869714	0.843751	5	0	0
4	57500001	0.866647	0.843751	5	0	0
4	58000001	0.843751	0.843751	5	0	0
4	58500001	1.03837	0.950307	6	0	0
4	59000001	0.937666	0.950307	6	0	0
4	59500001	0.926677	0.950307	6	0	0
4	60000001	0.963507	0.950307	6	0	0
4	60500001	0.929882	0.950307	6	0	0
4	61000001	0.908683	0.950307	6	0	0
4	61500001	0.922475	0.950307	6	0	0
4	62000001	0.933756	0.950307	6	0	0
4	62500001	0.950307	0.950307	6	0	0
4	63000001	0.939198	0.950307	6	0	0
4	63500001	1.03454	0.950307	6	0	0
4	64000001	0.971958	0.950307	6	0	0
4	64500001	1.00557	0.950307	6	0	0
4	65000001	1.00885	0.950307	6	0	0
4	65500001	0.995242	0.950307	6	0	0
4	66000001	0.983274	0.950307	6	0	0
4	66500001	0.933228	0.950307	6	0	0
4	67000001	0.805396	0.876068	5	0	0
4	67500001	0.920767	0.876068	5	0	0
4	68000001	0.881485	0.876068	5	0	0
4	68500001	0.806272	0.876068	5	0	0
4	69000001	0.941393	0.876068	5	0	0
4	69500001	0.936268	0.876068	5	0	0
4	70000001	0.980025	0.876068	5	0	0
4	70500001	0.832723	0.876068	5	0	0
4	71000001	0.860569	0.876068	5	0	0
4	71500001	0.905315	0.876068	5	0	0
4	72000001	0.877427	0.876068	5	0	0
4	72500001	0.869115	0.876068	5	0	0
4	73000001	0.885017	0.876068	5	0	0
4	73500001	0.892882	0.876068	5	0	0
4	74000001	0.931073	0.876068	5	0	0
4	74500001	0.923198	0.876068	5	0	0
4	75000001	0.85743	0.876068	5	0	0
4	75500001	0.774061	0.876068	5	0	0
4	76000001	0.814374	0.876068	5	0	0
4	76500001	0.823844	0.876068	5	0	0
4	77000001	0.89368	0.876068	5	0	0
4	77500001	0.865396	0.876068	5	0	0
4	78000001	0.868685	0.876068	5	0	0
4	78500001	0.839191	0.876068	5	0	0
4	79000001	0.89079	0.876068	5	0	0
4	79500001	0.957736	0.876068	5	0	0
4	80000001	0.933874	0.876068	5	0	0
4	80500001	0.967394	0.876068	5	0	0
4	81000001	0.859094	0.876068	5	0	0
4	81500001	0.849494	0.876068	5	0	0
4	82000001	0.855327	0.876068	5	0	0
4	82500001	0.795815	0.876068	5	0	0
4	83000001	0.848762	0.876068	5	0	0
4	83500001	0.828305	0.876068	5	0	0
4	84000001	0.854486	0.876068	5	0	0
4	84500001	0.830447	0.876068	5	0	0
4	85000001	0.931672	0.876068	5	0	0
4	85500001	0.875529	0.876068	5	0	0
4	86000001	0.89273	0.876068	5	0	0
4	86500001	0.847329	0.876068	5	0	0
4	87000001	0.831888	0.876068	5	0	0
4	87500001	0.822732	0.876068	5	0	0
4	88000001	0.804857	0.876068	5	0	0
4	88500001	0.890504	0.876068	5	0	0
4	89000001	0.860511	0.876068	5	0	0
4	89500001	0.882267	0.876068	5	0	0
4	90000001	0.930193	0.876068	5	0	0
4	90500001	0.938107	0.876068	5	0	0
4	91000001	0.943653	0.876068	5	0	0
4	91500001	0.914777	0.876068	5	0	0
4	92000001	0.857472	0.876068	5	0	0
4	92500001	1.01267	0.876068	5	0	0
4	93000001	0.994995	0.876068	5	0	0
4	93500001	0.875867	0.876068	5	0	0
4	94000001	0.853845	0.876068	5	0	0
4	94500001	0.835149	0.876068	5	0	0
4	95000001	0.853401	0.876068	5	0	0
4	95500001	0.893249	0.876068	5	0	0
4	96000001	0.937867	0.876068	5	0	0
4	96500001	0.902833	0.876068	5	0	0
4	97000001	0.901835	0.876068	5	0	0
4	97500001	0.945342	0.876068	5	0	0
4	98000001	0.891894	0.876068	5	0	0
4	98500001	0.845742	0.876068	5	0	0
4	99000001	0.844272	0.876068	5	0	0
4	99500001	0.864466	0.876068	5	0	0
4	100000001	0.857769	0.876068	5	0	0
4	100500001	0.879568	0.876068	5	0	0
4	101000001	0.892029	0.876068	5	0	0
4	101500001	0.898492	0.876068	5	0	0
4	102000001	0.882529	0.876068	5	0	0
4	102500001	0.84007	0.876068	5	0	0
4	103000001	0.876269	0.876068	5	0	0
4	103500001	0.950459	0.876068	5	0	0
4	104000001	1.02352	0.876068	5	0	0
4	104500001	0.899214	0.876068	5	0	0
4	105000001	0.84045	0.876068	5	0	0
4	105500001	0.914055	0.876068	5	0	0
4	106000001	0.894292	0.876068	5	0	0
4	106500001	0.913812	0.876068	5	0	0
4	107000001	0.888482	0.876068	5	0	0
4	107500001	0.856391	0.876068	5	0	0
4	108000001	0.850063	0.876068	5	0	0
4	108500001	0.834782	0.876068	5	0	0
4	109000001	0.863235	0.876068	5	0	0
4	109500001	0.842597	0.876068	5	0	0
4	110000001	0.829672	0.876068	5	0	0
4	110500001	0.835938	0.876068	5	0	0
4	111000001	0.94061	0.876068	5	0	0
4	111500001	0.919774	0.876068	5	0	0
4	112000001	0.853207	0.876068	5	0	0
4	112500001	0.809376	0.876068	5	0	0
4	113000001	0.929307	0.939735	6	0	0
4	113500001	0.946195	0.939735	6	0	0
4	114000001	0.931983	0.939735	6	0	0
4	114500001	0.94687	0.939735	6	0	0
4	115000001	1.04114	0.939735	6	0	0
4	115500001	1.0509	0.939735	6	0	0
4	116000001	1.0131	0.939735	6	0	0
4	116500001	1.05199	0.939735	6	0	0
4	117000001	1.0085	0.939735	6	0	0
4	117500001	0.942257	0.939735	6	0	0
4	118000001	0.894914	0.939735	6	0	0
4	118500001	0.819581	0.939735	6	0	0
4	119000001	0.837044	0.939735	6	0	0
4	119500001	0.921864	0.939735	6	0	0
4	120000001	0.949727	0.939735	6	0	0
4	120500001	0.860895	0.939735	6	0	0
4	121000001	0.864914	0.939735	6	0	0
4	121500001	0.875971	0.939735	6	0	0
4	122000001	0.961381	0.939735	6	0	0
4	122500001	0.860675	0.939735	6	0	0
4	123000001	0.840591	0.939735	6	0	0
4	123500001	0.867701	0.939735	6	0	0
4	124000001	0.927637	0.939735	6	0	0
4	124500001	0.892021	0.939735	6	0	0
4	125000001	0.960395	0.939735	6	0	0
4	125500001	0.923959	0.939735	6	0	0
4	126000001	0.9615	0.939735	6	0	0
4	126500001	0.998846	0.939735	6	0	0
4	127000001	0.84568	0.939735	6	0	0
4	127500001	0.871829	0.939735	6	0	0
4	128000001	0.843676	0.939735	6	0	0
4	128500001	0.796905	0.939735	6	0	0
4	129000001	0.870393	0.939735	6	0	0
4	129500001	0.917684	0.939735	6	0	0
4	130000001	0.92912	0.939735	6	0	0
4	130500001	0.989604	0.939735	6	0	0
4	131000001	0.985183	0.939735	6	0	0
4	131500001	0.819988	0.939735	6	0	0
4	132000001	0.991897	0.939735	6	0	0
4	132500001	0.937212	0.939735	6	0	0
4	133000001	1.00302	0.939735	6	0	0
4	133500001	0.944462	0.939735	6	0	0
4	134000001	0.997992	0.939735	6	0	0
4	134500001	0.962535	0.939735	6	0	0
4	135000001	0.961758	0.939735	6	0	0
4	135500001	1.04074	0.939735	6	0	0
4	136000001	1.00947	0.939735	6	0	0
4	136500001	0.919423	0.939735	6	0	0
4	137000001	0.948713	0.939735	6	0	0
4	137500001	0.978564	0.939735	6	0	0
4	138000001	0.885805	0.849938	5	0	0
4	138500001	0.818549	0.849938	5	0	0
4	139000001	0.844773	0.849938	5	0	0
4	139500001	0.846759	0.849938	5	0	0
4	140000001	0.845551	0.849938	5	0	0
4	140500001	0.802676	0.849938	5	0	0
4	141000001	0.868944	0.849938	5	0	0
4	141500001	0.859544	0.849938	5	0	0
4	142000001	0.927328	0.849938	5	0	0
4	142500001	0.912876	0.849938	5	0	0
4	143000001	0.851306	0.849938	5	0	0
4	143500001	0.832383	0.849938	5	0	0
4	144000001	0.881246	0.849938	5	0	0
4	144500001	0.883814	0.849938	5	0	0
4	145000001	0.822663	0.849938	5	0	0
4	145500001	0.828484	0.849938	5	0	0
4	146000001	0.832058	0.849938	5	0	0
4	146500001	0.855156	0.849938	5	0	0
4	147000001	0.861795	0.849938	5	0	0
4	147500001	0.800318	0.849938	5	0	0
4	148000001	0.78552	0.849938	5	0	0
4	148500001	0.852523	0.849938	5	0	0
4	149000001	0.93115	0.849938	5	0	0
4	149500001	0.934552	0.849938	5	0	0
4	150000001	0.851829	0.849938	5	0	0
4	150500001	0.906013	0.849938	5	0	0
4	151000001	0.804205	0.849938	5	0	0
4	151500001	0.849938	0.849938	5	0	0
4	152000001	0.833537	0.849938	5	0	0
4	152500001	0.846956	0.849938	5	0	0
4	153000001	0.80126	0.849938	5	0	0
4	153500001	0.857761	0.849938	5	0	0
4	154000001	0.836917	0.849938	5	0	0
4	154500001	0.870837	0.849938	5	0	0
4	155000001	0.847548	0.849938	5	0	0
4	155500001	0.887485	0.893545	5	0	0
4	156000001	0.925179	0.893545	5	0	0
4	156500001	0.893545	0.893545	5	0	0
4	157000001	1.03798	0.893545	5	0	0
4	157500001	0.95087	0.893545	5	0	0
4	158000001	0.890011	0.893545	5	0	0
4	158500001	0.817755	0.893545	5	0	0
4	159000001	0.803564	0.893545	5	0	0
4	159500001	0.859781	0.893545	5	0	0
4	160000001	0.918909	0.893545	5	0	0
4	160500001	1.02747	0.893545	5	0	0
4	161000001	0.936288	0.893545	5	0	0
4	161500001	1.08476	0.893545	5	0	0
4	162000001	1.01101	0.893545	5	0	0
4	162500001	0.876315	0.893545	5	0	0
4	163000001	0.849087	0.893545	5	0	0
4	163500001	0.922112	0.893545	5	0	0
4	164000001	0.957028	0.893545	5	0	0
4	164500001	0.818199	0.893545	5	0	0
4	165000001	0.804852	0.893545	5	0	0
4	165500001	0.860333	0.893545	5	0	0
4	166000001	1.00584	0.893545	5	0	0
4	166500001	0.961398	0.893545	5	0	0
4	167000001	0.933758	0.893545	5	0	0
4	167500001	0.913903	0.893545	5	0	0
4	168000001	0.966263	0.893545	5	0	0
4	168500001	0.86601	0.893545	5	0	0
4	169000001	0.848104	0.893545	5	0	0
4	169500001	0.843564	0.893545	5	0	0
4	170000001	0.850783	0.893545	5	0	0
4	170500001	0.963614	0.893545	5	0	0
4	171000001	0.989577	0.893545	5	0	0
4	171500001	0.899302	0.893545	5	0	0
4	172000001	0.848381	0.893545	5	0	0
4	172500001	0.84916	0.893545	5	0	0
4	173000001	0.807115	0.893545	5	0	0
4	173500001	0.822258	0.893545	5	0	0
4	174000001	0.90268	0.893545	5	0	0
4	174500001	0.899161	0.893545	5	0	0
4	175000001	0.878918	0.893545	5	0	0
4	175500001	0.918338	0.893545	5	0	0
4	176000001	0.881728	0.893545	5	0	0
4	176500001	0.928848	0.893545	5	0	0
4	177000001	0.847993	0.893545	5	0	0
4	177500001	0.866666	0.893545	5	0	0
4	178000001	0.941561	0.893545	5	0	0
4	178500001	0.931943	0.893545	5	0	0
4	179000001	0.92107	0.893545	5	0	0
4	179500001	0.881865	0.893545	5	0	0
4	180000001	0.884752	0.893545	5	0	0
4	180500001	0.878555	0.893545	5	0	0
4	181000001	0.820827	0.806634	5	0	0
4	181500001	0.812489	0.806634	5	0	0
4	182000001	0.807902	0.806634	5	0	0
4	182500001	0.812054	0.806634	5	0	0
4	183000001	0.842597	0.806634	5	0	0
4	183500001	0.827606	0.806634	5	0	0
4	184000001	0.811796	0.806634	5	0	0
4	184500001	0.851555	0.806634	5	0	0
4	185000001	0.783755	0.806634	5	0	0
4	185500001	0.82852	0.806634	5	0	0
4	186000001	0.762012	0.806634	5	0	0
4	186500001	0.78307	0.806634	5	0	0
4	187000001	0.774618	0.806634	5	0	0
4	187500001	0.757082	0.806634	5	0	0
4	188000001	0.743248	0.806634	5	0	0
4	188500001	0.805366	0.806634	5	0	0
4	189000001	0.789613	0.806634	5	0	0
4	189500001	0.794208	0.806634	5	0	0
4	190000001	-1	-1	-1	0	0
5	1	1.22973	1.15749	7	0	0
5	500001	1.17664	1.15749	7	0	0
5	1000001	0.963251	1.15749	7	0	0
5	1500001	1.20923	1.15749	7	0	0
5	2000001	1.23148	1.15749	7	0	0
5	2500001	1.13253	1.15749	7	0	0
5	3000001	1.08187	1.15749	7	0	0
5	3500001	1.124	1.15749	7	0	0
5	4000001	1.07867	1.15749	7	0	0
5	4500001	1.17575	1.15749	7	0	0
5	5000001	1.18304	1.15749	7	0	0
5	5500001	1.15331	1.15749	7	0	0
5	6000001	1.1731	1.15749	7	0	0
5	6500001	1.13771	1.15749	7	0	0
5	7000001	1.1193	1.15749	7	0	0
5	7500001	1.1262	1.15749	7	0	0
5	8000001	1.15749	1.15749	7	0	0
5	8500001	1.15433	1.15749	7	0	0
5	9000001	1.16514	1.15749	7	0	0
5	9500001	1.17232	1.15749	7	0	0
5	10000001	1.13955	1.15749	7	0	0
5	10500001	1.21978	1.15749	7	0	0
5	11000001	1.09422	1.15749	7	0	0
5	11500001	1.15758	1.15749	7	0	0
5	12000001	1.20054	1.15749	7	0	0
5	12500001	1.2792	1.15749	7	0	0
5	13000001	1.25532	1.15749	7	0	0
5	13500001	1.16365	1.15749	7	0	0
5	14000001	1.15647	1.15749	7	0	0
5	14500001	1.137	1.15749	7	0	0
5	15000001	1.18691	1.15749	7	0	0
5	15500001	1.15533	1.15749	7	0	0
5	16000001	1.18966	1.15749	7	0	0
5	16500001	1.12822	1.15749	7	0	0
5	17000001	1.12342	1.15749	7	0	0
5	17500001	1.47785	1.31629	8	0	0
5	18000001	1.28815	1.31629	8	0	0
5	18500001	1.32203	1.31629	8	0	0
5	19000001	1.30547	1.31629	8	0	0
5	19500001	1.33777	1.31629	8	0	0
5	20000001	1.36496	1.31629	8	0	0
5	20500001	1.31215	1.31629	8	0	0
5	21000001	1.32254	1.31629	8	0	0
5	21500001	1.33123	1.31629	8	0	0
5	22000001	1.27847	1.31629	8	0	0
5	22500001	1.30951	1.31629	8	0	0
5	23000001	1.26188	1.31629	8	0	0
5	23500001	1.26799	1.31629	8	0	0
5	24000001	1.27598	1.31629	8	0	0
5	24500001	1.28188	1.31629	8	0	0
5	25000001	1.28957	1.31629	8	0	0
5	25500001	1.28312	1.31629	8	0	0
5	26000001	1.27387	1.31629	8	0	0
5	26500001	1.35289	1.31629	8	0	0
5	27000001	1.38349	1.31629	8	0	0
5	27500001	1.37711	1.31629	8	0	0
5	28000001	1.36409	1.31629	8	0	0
5	28500001	1.28909	1.31629	8	0	0
5	29000001	1.37736	1.31629	8	0	0
5	29500001	1.32042	1.31629	8	0	0
5	30000001	1.33412	1.31629	8	0	0
5	30500001	1.25255	1.2061	7	0	0
5	31000001	1.20694	1.2061	7	0	0
5	31500001	1.12941	1.2061	7	0	0
5	32000001	1.14709	1.2061	7	0	0
5	32500001	1.16378	1.2061	7	0	0
5	33000001	1.19157	1.2061	7	0	0
5	33500001	1.22467	1.2061	7	0	0
5	34000001	1.38602	1.2061	7	0	0
5	34500001	1.20013	1.2061	7	0	0
5	35000001	1.20684	1.2061	7	0	0
5	35500001	1.21115	1.2061	7	0	0
5	36000001	1.22364	1.2061	7	0	0
5	36500001	1.18941	1.2061	7	0	0
5	37000001	1.116	1.2061	7	0	0
5	37500001	1.20739	1.2061	7	0	0
5	38000001	1.18325	1.2061	7	0	0
5	38500001	1.20536	1.2061	7	0	0
5	39000001	1.22989	1.2061	7	0	0
5	39500001	1.26461	1.2061	7	0	0
5	40000001	1.22577	1.2061	7	0	0
5	40500001	1.1865	1.2061	7	0	0
5	41000001	1.22566	1.2061	7	0	0
5	41500001	1.18447	1.2061	7	0	0
5	42000001	1.22441	1.2061	7	0	0
5	42500001	1.18768	1.2061	7	0	0
5	43000001	1.13318	1.2061	7	0	0
5	43500001	1.19843	1.2061	7	0	0
5	44000001	1.26754	1.2061	7	0	0
5	44500001	1.08916	1.11371	7	0	0
5	45000001	1.14039	1.11371	7	0	0
5	45500001	1.11748	1.11371	7	0	0
5	46000001	1.10995	1.11371	7	0	0
5	46500001	0.543704	0.543704	3	0	0
5	47000001	1.28966	1.30271	8	0	0
5	47500001	1.30271	1.30271	8	0	0
5	48000001	1.35773	1.30271	8	0	0
5	48500001	1.66458	1.66458	10	0	0
5	49000001	2.49558	2.49558	15	0	0
5	49500001	5.75974	5.75974	35	0	0
5	50000001	1.30973	1.16128	7	0	0
5	50500001	1.04664	1.16128	7	0	0
5	51000001	1.1374	1.16128	7	0	0
5	51500001	1.17957	1.16128	7	0	0
5	52000001	1.19039	1.16128	7	0	0
5	52500001	1.14299	1.16128	7	0	0
5	53000001	1.05296	1.00504	6	0	0
5	53500001	1.01931	1.00504	6	0	0
5	54000001	0.97661	1.00504	6	0	0
5	54500001	1.00411	1.00504	6	0	0
5	55000001	0.977796	1.00504	6	0	0
5	55500001	1.01241	1.00504	6	0	0
5	56000001	0.975534	1.00504	6	0	0
5	56500001	1.00454	1.00504	6	0	0
5	57000001	0.976593	1.00504	6	0	0
5	57500001	1.00237	1.00504	6	0	0
5	58000001	1.06743	1.00504	6	0	0
5	58500001	1.0317	1.00504	6	0	0
5	59000001	1.01068	1.00504	6	0	0
5	59500001	1.09143	1.00504	6	0	0
5	60000001	1.10256	1.00504	6	0	0
5	60500001	1.05615	1.00504	6	0	0
5	61000001	1.00554	1.00504	6	0	0
5	61500001	1.03139	1.00504	6	0	0
5	62000001	0.963508	1.00504	6	0	0
5	62500001	1.00007	1.00504	6	0	0
5	63000001	1.09326	1.00504	6	0	0
5	63500001	1.08815	1.00504	6	0	0
5	64000001	1.04369	1.00504	6	0	0
5	64500001	1.04517	1.00504	6	0	0
5	65000001	1.08116	1.00504	6	0	0
5	65500001	1.04122	1.00504	6	0	0
5	66000001	1.03429	1.00504	6	0	0
5	66500001	0.994886	1.00504	6	0	0
5	67000001	1.04005	1.00504	6	0	0
5	67500001	1.00361	1.00504	6	0	0
5	68000001	0.996071	1.00504	6	0	0
5	68500001	1.00791	1.00504	6	0	0
5	69000001	0.96165	1.00504	6	0	0
5	69500001	0.888048	1.00504	6	0	0
5	70000001	0.873857	1.00504	6	0	0
5	70500001	0.994875	1.00504	6	0	0
5	71000001	0.992233	1.00504	6	0	0
5	71500001	0.994242	1.00504	6	0	0
5	72000001	0.992586	1.00504	6	0	0
5	72500001	1.0186	1.00504	6	0	0
5	73000001	1.02162	1.00504	6	0	0
5	73500001	1.05672	1.00504	6	0	0
5	74000001	1.02808	1.00504	6	0	0
5	74500001	0.981307	1.00504	6	0	0
5	75000001	1.04967	1.00504	6	0	0
5	75500001	1.06026	1.00504	6	0	0
5	76000001	0.991378	1.00504	6	0	0
5	76500001	1.00739	1.00504	6	0	0
5	77000001	1.033	1.00504	6	0	0
5	77500001	0.968225	1.00504	6	0	0
5	78000001	1.02685	1.00504	6	0	0
5	78500001	0.989945	1.00504	6	0	0
5	79000001	0.929067	1.00504	6	0	0
5	79500001	1.00013	1.00504	6	0	0
5	80000001	0.909199	1.00504	6	0	0
5	80500001	0.971682	1.00504	6	0	0
5	81000001	0.984168	1.00504	6	0	0
5	81500001	0.997158	1.00504	6	0	0
5	82000001	0.98228	1.09042	7	0	0
5	82500001	1.04244	1.09042	7	0	0
5	83000001	1.08831	1.09042	7	0	0
5	83500001	1.12002	1.09042	7	0	0
5	84000001	1.11882	1.09042	7	0	0
5	84500001	1.13559	1.09042	7	0	0
5	85000001	1.26039	1.09042	7	0	0
5	85500001	1.23965	1.09042	7	0	0
5	86000001	1.15757	1.09042	7	0	0
5	86500001	1.18934	1.09042	7	0	0
5	87000001	1.09898	1.09042	7	0	0
5	87500001	1.16871	1.09042	7	0	0
5	88000001	1.045	1.09042	7	0	0
5	88500001	1.08161	1.09042	7	0	0
5	89000001	1.08138	1.09042	7	0	0
5	89500001	1.13723	1.09042	7	0	0
5	90000001	1.11364	1.09042	7	0	0
5	90500001	1.02454	1.09042	7	0	0
5	91000001	0.982001	1.09042	7	0	0
5	91500001	1.2554	1.09042	7	0	0
5	92000001	1.21518	1.09042	7	0	0
5	92500001	1.14617	1.09042	7	0	0
5	93000001	1.02647	1.09042	7	0	0
5	93500001	1.05063	1.09042	7	0	0
5	94000001	1.05192	1.09042	7	0	0
5	94500001	1.05844	1.09042	7	0	0
5	95000001	1.06633	1.09042	7	0	0
5	95500001	1.04742	1.09042	7	0	0
5	96000001	1.05874	1.09042	7	0	0
5	96500001	1.04438	1.09042	7	0	0
5	97000001	1.05012	1.09042	7	0	0
5	97500001	1.04944	1.09042	7	0	0
5	98000001	1.08213	1.09042	7	0	0
5	98500001	1.05321	1.09042	7	0	0
5	99000001	1.08733	1.09042	7	0	0
5	99500001	1.08208	1.09042	7	0	0
5	100000001	1.0977	1.09042	7	0	0
5	100500001	1.09042	1.09042	7	0	0
5	101000001	1.17339	1.09042	7	0	0
5	101500001	1.10059	1.09042	7	0	0
5	102000001	1.09981	1.09042	7	0	0
5	102500001	1.10042	1.09042	7	0	0
5	103000001	1.07891	1.09042	7	0	0
5	103500001	1.03475	1.09042	7	0	0
5	104000001	1.16113	1.09042	7	0	0
5	104500001	1.15809	1.09042	7	0	0
5	105000001	1.25819	1.09042	7	0	0
5	105500001	1.19754	1.09042	7	0	0
5	106000001	1.19782	1.09042	7	0	0
5	106500001	1.1552	1.09042	7	0	0
5	107000001	1.08787	1.09042	7	0	0
5	107500001	1.05823	1.09042	7	0	0
5	108000001	1.11487	1.09042	7	0	0
5	108500001	1.01305	1.01693	6	0	0
5	109000001	1.00966	1.01693	6	0	0
5	109500001	1.00737	1.01693	6	0	0
5	110000001	1.0779	1.01693	6	0	0
5	110500001	1.08336	1.01693	6	0	0
5	111000001	1.04379	1.01693	6	0	0
5	111500001	0.998214	1.01693	6	0	0
5	112000001	0.973463	1.01693	6	0	0
5	112500001	0.996455	1.01693	6	0	0
5	113000001	1.00279	1.01693	6	0	0
5	113500001	1.04707	1.01693	6	0	0
5	114000001	1.0176	1.01693	6	0	0
5	114500001	1.0369	1.01693	6	0	0
5	115000001	1.03078	1.01693	6	0	0
5	115500001	1.07759	1.01693	6	0	0
5	116000001	1.00941	1.01693	6	0	0
5	116500001	0.955976	1.01693	6	0	0
5	117000001	1.02987	1.01693	6	0	0
5	117500001	1.07477	1.01693	6	0	0
5	118000001	1.1261	1.01693	6	0	0
5	118500001	0.983818	1.01693	6	0	0
5	119000001	0.951361	1.01693	6	0	0
5	119500001	1.10024	1.01693	6	0	0
5	120000001	1.08816	1.01693	6	0	0
5	120500001	1.16244	1.01693	6	0	0
5	121000001	1.16562	1.01693	6	0	0
5	121500001	1.10541	1.01693	6	0	0
5	122000001	1.02117	1.01693	6	0	0
5	122500001	0.9547	1.01693	6	0	0
5	123000001	0.971194	1.01693	6	0	0
5	123500001	1.10842	1.01693	6	0	0
5	124000001	1.04027	1.01693	6	0	0
5	124500001	0.91331	1.01693	6	0	0
5	125000001	1.00454	1.01693	6	0	0
5	125500001	1.08968	1.01693	6	0	0
5	126000001	1.0897	1.01693	6	0	0
5	126500001	0.955704	1.01693	6	0	0
5	127000001	1.06299	1.01693	6	0	0
5	127500001	1.00246	1.01693	6	0	0
5	128000001	1.06053	1.01693	6	0	0
5	128500001	1.03964	1.01693	6	0	0
5	129000001	1.06577	1.01693	6	0	0
5	129500001	1.12882	1.01693	6	0	0
5	130000001	1.09738	1.01693	6	0	0
5	130500001	1.06414	1.01693	6	0	0
5	131000001	0.998867	1.01693	6	0	0
5	131500001	1.01893	1.01693	6	0	0
5	132000001	1.07282	1.01693	6	0	0
5	132500001	0.995484	1.01693	6	0	0
5	133000001	1.02916	1.01693	6	0	0
5	133500001	1.0558	1.01693	6	0	0
5	134000001	1.00409	1.01693	6	0	0
5	134500001	0.947587	1.01693	6	0	0
5	135000001	1.06435	1.01693	6	0	0
5	135500001	1.01437	1.01693	6	0	0
5	136000001	0.991313	1.01693	6	0	0
5	136500001	0.994518	1.01693	6	0	0
5	137000001	0.95256	1.01693	6	0	0
5	137500001	0.985597	1.01693	6	0	0
5	138000001	0.969803	1.01693	6	0	0
5	138500001	1.01964	1.01693	6	0	0
5	139000001	1.02198	1.01693	6	0	0
5	139500001	1.04239	1.01693	6	0	0
5	140000001	1.02313	1.01693	6	0	0
5	140500001	0.947225	1.01693	6	0	0
5	141000001	0.98314	1.01693	6	0	0
5	141500001	1.02721	1.01693	6	0	0
5	142000001	1.00415	1.01693	6	0	0
5	142500001	1.06127	1.01693	6	0	0
5	143000001	1.03132	1.01693	6	0	0
5	143500001	1.04443	1.01693	6	0	0
5	144000001	1.07245	1.01693	6	0	0
5	144500001	1.04368	1.01693	6	0	0
5	145000001	1.0622	1.01693	6	0	0
5	145500001	0.984511	1.01693	6	0	0
5	146000001	0.979724	1.01693	6	0	0
5	146500001	1.01282	1.01693	6	0	0
5	147000001	0.99552	1.01693	6	0	0
5	147500001	0.985453	1.01693	6	0	0
5	148000001	1.04999	1.01693	6	0	0
5	148500001	1.04204	1.01693	6	0	0
5	149000001	1.04883	1.01693	6	0	0
5	149500001	0.987829	1.01693	6	0	0
5	150000001	1.10009	1.01693	6	0	0
5	150500001	1.03892	1.01693	6	0	0
5	151000001	1.0445	1.01693	6	0	0
5	151500001	0.990592	1.01693	6	0	0
5	152000001	1.04592	1.01693	6	0	0
5	152500001	1.02359	1.01693	6	0	0
5	153000001	1.02911	1.01693	6	0	0
5	153500001	0.980892	1.01693	6	0	0
5	154000001	0.993939	1.01693	6	0	0
5	154500001	0.942403	1.01693	6	0	0
5	155000001	0.948776	1.01693	6	0	0
5	155500001	0.969927	1.01693	6	0	0
5	156000001	0.986631	1.01693	6	0	0
5	156500001	0.984857	1.01693	6	0	0
5	157000001	0.935986	1.01693	6	0	0
5	157500001	0.963594	1.01693	6	0	0
5	158000001	0.98942	1.01693	6	0	0
5	158500001	0.999255	1.01693	6	0	0
5	159000001	1.00635	1.01693	6	0	0
5	159500001	1.04075	1.01693	6	0	0
5	160000001	1.01495	1.01693	6	0	0
5	160500001	0.998279	1.01693	6	0	0
5	161000001	1.05324	1.01693	6	0	0
5	161500001	1.12351	1.01693	6	0	0
5	162000001	1.0718	1.01693	6	0	0
5	162500001	1.03996	1.01693	6	0	0
5	163000001	1.01317	1.01693	6	0	0
5	163500001	1.02471	1.01693	6	0	0
5	164000001	0.998596	1.01693	6	0	0
5	164500001	1.11605	1.01693	6	0	0
5	165000001	1.0948	1.01693	6	0	0
5	165500001	1.04248	1.01693	6	0	0
5	166000001	0.993337	1.01693	6	0	0
5	166500001	0.96661	1.01693	6	0	0
5	167000001	1.02564	1.01693	6	0	0
5	167500001	1.00615	1.01693	6	0	0
5	168000001	0.990194	1.01693	6	0	0
5	168500001	1.01997	1.01693	6	0	0
5	169000001	0.979863	1.01693	6	0	0
5	169500001	1.00121	1.01693	6	0	0
5	170000001	1.0442	1.01693	6	0	0
5	170500001	1.00735	1.01693	6	0	0
5	171000001	0.972379	1.01693	6	0	0
5	171500001	1.01801	1.01693	6	0	0
5	172000001	0.996247	1.01693	6	0	0
5	172500001	1.05466	1.01693	6	0	0
5	173000001	1.00683	1.01693	6	0	0
5	173500001	1.01626	1.01693	6	0	0
5	174000001	1.00311	1.01693	6	0	0
5	174500001	0.966415	1.01693	6	0	0
5	175000001	0.949865	1.01693	6	0	0
5	175500001	1.10419	1.01693	6	0	0
5	176000001	1.01409	1.01693	6	0	0
5	176500001	1.06116	1.01693	6	0	0
5	177000001	1.02287	1.01693	6	0	0
5	177500001	0.95023	1.01693	6	0	0
5	178000001	1.00397	1.01693	6	0	0
5	178500001	0.949836	1.01693	6	0	0
5	179000001	1.03894	1.01693	6	0	0
5	179500001	1.22448	1.01693	6	0	0
5	180000001	1.02165	1.01693	6	0	0
5	180500001	0.942884	1.01693	6	0	0
5	181000001	0.919716	1.01693	6	0	0
5	181500001	-1	-1	-1	0	0
6	1	1.20121	1.33074	8	0	0
6	500001	1.31512	1.33074	8	0	0
6	1000001	1.35257	1.33074	8	0	0
6	1500001	1.32059	1.33074	8	0	0
6	2000001	1.33183	1.33074	8	0	0
6	2500001	1.31091	1.33074	8	0	0
6	3000001	1.40803	1.33074	8	0	0
6	3500001	1.38997	1.33074	8	0	0
6	4000001	1.34011	1.33074	8	0	0
6	4500001	1.36267	1.33074	8	0	0
6	5000001	1.29963	1.33074	8	0	0
6	5500001	1.2932	1.33074	8	0	0
6	6000001	1.3226	1.33074	8	0	0
6	6500001	1.33408	1.33074	8	0	0
6	7000001	1.26631	1.33074	8	0	0
6	7500001	1.32366	1.33074	8	0	0
6	8000001	1.27277	1.33074	8	0	0
6	8500001	1.36867	1.33074	8	0	0
6	9000001	1.3626	1.33074	8	0	0
6	9500001	1.37364	1.33074	8	0	0
6	10000001	1.29186	1.33074	8	0	0
6	10500001	1.28914	1.33074	8	0	0
6	11000001	1.47634	1.33074	8	0	0
6	11500001	1.34768	1.33074	8	0	0
6	12000001	1.36104	1.33074	8	0	0
6	12500001	1.38626	1.33074	8	0	0
6	13000001	1.27378	1.33074	8	0	0
6	13500001	1.30442	1.33074	8	0	0
6	14000001	1.31843	1.33074	8	0	0
6	14500001	1.36336	1.33074	8	0	0
6	15000001	1.28093	1.33074	8	0	0
6	15500001	1.34171	1.33074	8	0	0
6	16000001	1.30752	1.33074	8	0	0
6	16500001	1.37871	1.33074	8	0	0
6	17000001	1.28101	1.33074	8	0	0
6	17500001	1.32132	1.33074	8	0	0
6	18000001	1.35834	1.33074	8	0	0
6	18500001	1.39599	1.33074	8	0	0
6	19000001	1.3903	1.33074	8	0	0
6	19500001	1.30952	1.33074	8	0	0
6	20000001	1.26859	1.33074	8	0	0
6	20500001	1.26442	1.33074	8	0	0
6	21000001	1.27565	1.33074	8	0	0
6	21500001	1.19746	1.33074	8	0	0
6	22000001	1.32965	1.33074	8	0	0
6	22500001	1.37654	1.33074	8	0	0
6	23000001	1.41259	1.33074	8	0	0
6	23500001	1.40046	1.33074	8	0	0
6	24000001	1.26494	1.33074	8	0	0
6	24500001	1.28401	1.33074	8	0	0
6	25000001	1.28113	1.33074	8	0	0
6	25500001	1.32613	1.33074	8	0	0
6	26000001	1.2758	1.33074	8	0	0
6	26500001	1.26948	1.33074	8	0	0
6	27000001	1.23427	1.33074	8	0	0
6	27500001	1.23575	1.33074	8	0	0
6	28000001	1.38474	1.33074	8	0	0
6	28500001	1.29824	1.33074	8	0	0
6	29000001	1.39082	1.33074	8	0	0
6	29500001	1.36764	1.33074	8	0	0
6	30000001	1.41944	1.33074	8	0	0
6	30500001	1.44659	1.33074	8	0	0
6	31000001	1.35612	1.33074	8	0	0
6	31500001	1.42986	1.33074	8	0	0
6	32000001	1.38014	1.33074	8	0	0
6	32500001	1.19767	1.33074	8	0	0
6	33000001	1.42579	1.33074	8	0	0
6	33500001	1.39254	1.33074	8	0	0
6	34000001	1.36579	1.33074	8	0	0
6	34500001	1.43889	1.33074	8	0	0
6	35000001	2.13645	2.03004	12	0	0
6	35500001	2.03004	2.03004	12	0	0
6	36000001	2.01873	2.03004	12	0	0
6	36500001	2.17887	2.03004	12	0	0
6	37000001	2.0275	2.03004	12	0	0
6	37500001	2.1001	2.03004	12	0	0
6	38000001	2.02395	2.03004	12	0	0
6	38500001	1.34994	1.35738	8	0	0
6	39000001	1.35738	1.35738	8	0	0
6	39500001	1.63446	1.35738	8	0	0
6	40000001	2.0331	2.14143	13	0	0
6	40500001	2.1515	2.14143	13	0	0
6	41000001	2.19208	2.14143	13	0	0
6	41500001	2.14143	2.14143	13	0	0
6	42000001	2.08719	2.14143	13	0	0
6	42500001	1.9396	1.84036	11	0	0
6	43000001	1.74111	1.84036	11	0	0
6	43500001	1.4488	1.39921	8	0	0
6	44000001	1.42142	1.39921	8	0	0
6	44500001	1.35013	1.39921	8	0	0
6	45000001	1.41849	1.39921	8	0	0
6	45500001	1.3696	1.39921	8	0	0
6	46000001	1.39301	1.39921	8	0	0
6	46500001	1.37583	1.39921	8	0	0
6	47000001	1.37239	1.39921	8	0	0
6	47500001	1.42954	1.39921	8	0	0
6	48000001	1.53137	1.39921	8	0	0
6	48500001	1.49181	1.39921	8	0	0
6	49000001	1.46094	1.39921	8	0	0
6	49500001	1.39724	1.39921	8	0	0
6	50000001	1.49694	1.39921	8	0	0
6	50500001	1.36243	1.39921	8	0	0
6	51000001	1.38814	1.39921	8	0	0
6	51500001	1.36822	1.39921	8	0	0
6	52000001	1.39684	1.39921	8	0	0
6	52500001	1.39762	1.39921	8	0	0
6	53000001	1.36443	1.39921	8	0	0
6	53500001	1.39242	1.39921	8	0	0
6	54000001	1.44169	1.39921	8	0	0
6	54500001	1.44987	1.39921	8	0	0
6	55000001	1.54855	1.39921	8	0	0
6	55500001	1.58792	1.39921	8	0	0
6	56000001	1.44749	1.39921	8	0	0
6	56500001	1.4008	1.39921	8	0	0
6	57000001	1.37245	1.39921	8	0	0
6	57500001	1.36536	1.39921	8	0	0
6	58000001	1.40911	1.39921	8	0	0
6	58500001	2.39389	2.3619	14	0	0
6	59000001	2.32992	2.3619	14	0	0
6	59500001	-1	-1	-1	0	0
6	60000001	-1	-1	-1	0	0
6	60500001	1.36045	1.50044	9	0	0
6	61000001	1.29334	1.50044	9	0	0
6	61500001	1.56434	1.50044	9	0	0
6	62000001	1.55243	1.50044	9	0	0
6	62500001	1.41934	1.50044	9	0	0
6	63000001	1.37942	1.50044	9	0	0
6	63500001	1.41891	1.50044	9	0	0
6	64000001	1.50044	1.50044	9	0	0
6	64500001	1.60154	1.50044	9	0	0
6	65000001	1.71787	1.50044	9	0	0
6	65500001	1.48674	1.50044	9	0	0
6	66000001	1.5458	1.50044	9	0	0
6	66500001	1.62012	1.50044	9	0	0
6	67000001	1.69873	1.50044	9	0	0
6	67500001	1.52963	1.50044	9	0	0
6	68000001	1.50237	1.50044	9	0	0
6	68500001	1.6149	1.50044	9	0	0
6	69000001	1.50869	1.50044	9	0	0
6	69500001	1.45244	1.50044	9	0	0
6	70000001	1.43692	1.50044	9	0	0
6	70500001	1.35132	1.50044	9	0	0
6	71000001	1.47061	1.50044	9	0	0
6	71500001	1.51118	1.50044	9	0	0
6	72000001	1.52773	1.50044	9	0	0
6	72500001	1.48261	1.50044	9	0	0
6	73000001	1.32113	1.50044	9	0	0
6	73500001	1.35119	1.50044	9	0	0
6	74000001	1.26979	1.08564	7	0	0
6	74500001	1.09493	1.08564	7	0	0
6	75000001	1.08564	1.08564	7	0	0
6	75500001	1.01996	1.08564	7	0	0
6	76000001	1.07171	1.08564	7	0	0
6	76500001	0.993208	1.08564	7	0	0
6	77000001	1.12239	1.08564	7	0	0
6	77500001	0.732506	0.700283	4	0	0
6	78000001	0.622331	0.700283	4	0	0
6	78500001	0.682293	0.700283	4	0	0
6	79000001	0.73545	0.700283	4	0	0
6	79500001	0.667633	0.700283	4	0	0
6	80000001	0.665096	0.700283	4	0	0
6	80500001	0.749869	0.700283	4	0	0
6	81000001	0.751182	0.700283	4	0	0
6	81500001	0.754777	0.700283	4	0	0
6	82000001	0.679113	0.700283	4	0	0
6	82500001	0.738968	0.700283	4	0	0
6	83000001	0.682718	0.700283	4	0	0
6	83500001	0.729952	0.700283	4	0	0
6	84000001	0.692736	0.700283	4	0	0
6	84500001	0.671214	0.700283	4	0	0
6	85000001	0.692972	0.700283	4	0	0
6	85500001	0.700773	0.700283	4	0	0
6	86000001	0.693392	0.700283	4	0	0
6	86500001	0.703734	0.700283	4	0	0
6	87000001	0.676852	0.700283	4	0	0
6	87500001	0.66972	0.700283	4	0	0
6	88000001	0.704736	0.700283	4	0	0
6	88500001	0.688815	0.700283	4	0	0
6	89000001	0.678908	0.700283	4	0	0
6	89500001	0.67985	0.700283	4	0	0
6	90000001	0.672089	0.700283	4	0	0
6	90500001	0.746422	0.700283	4	0	0
6	91000001	0.70758	0.700283	4	0	0
6	91500001	0.756014	0.700283	4	0	0
6	92000001	0.766209	0.700283	4	0	0
6	92500001	0.704842	0.700283	4	0	0
6	93000001	0.786648	0.700283	4	0	0
6	93500001	0.789137	0.700283	4	0	0
6	94000001	0.756363	0.700283	4	0	0
6	94500001	0.79511	0.700283	4	0	0
6	95000001	0.829379	0.700283	4	0	0
6	95500001	0.742069	0.700283	4	0	0
6	96000001	0.712783	0.700283	4	0	0
6	96500001	0.692831	0.700283	4	0	0
6	97000001	0.716868	0.700283	4	0	0
6	97500001	0.754544	0.700283	4	0	0
6	98000001	0.724703	0.700283	4	0	0
6	98500001	0.679285	0.700283	4	0	0
6	99000001	0.675209	0.700283	4	0	0
6	99500001	0.678616	0.700283	4	0	0
6	100000001	0.71531	0.700283	4	0	0
6	100500001	0.826535	0.700283	4	0	0
6	101000001	0.756491	0.700283	4	0	0
6	101500001	0.867541	0.700283	4	0	0
6	102000001	0.797845	0.700283	4	0	0
6	102500001	0.840926	0.700283	4	0	0
6	103000001	0.861797	0.700283	4	0	0
6	103500001	0.75572	0.700283	4	0	0
6	104000001	0.72574	0.700283	4	0	0
6	104500001	0.651073	0.700283	4	0	0
6	105000001	0.658482	0.700283	4	0	0
6	105500001	0.658649	0.700283	4	0	0
6	106000001	0.651071	0.700283	4	0	0
6	106500001	0.651633	0.700283	4	0	0
6	107000001	0.634354	0.700283	4	0	0
6	107500001	0.651104	0.700283	4	0	0
6	108000001	0.6555	0.700283	4	0	0
6	108500001	0.69416	0.700283	4	0	0
6	109000001	0.675441	0.700283	4	0	0
6	109500001	0.639699	0.700283	4	0	0
6	110000001	0.650353	0.700283	4	0	0
6	110500001	0.651198	0.700283	4	0	0
6	111000001	0.662912	0.700283	4	0	0
6	111500001	0.703932	0.700283	4	0	0
6	112000001	0.734256	0.700283	4	0	0
6	112500001	0.738442	0.700283	4	0	0
6	113000001	0.731344	0.700283	4	0	0
6	113500001	0.67054	0.700283	4	0	0
6	114000001	0.720443	0.700283	4	0	0
6	114500001	0.800206	0.700283	4	0	0
6	115000001	0.75585	0.700283	4	0	0
6	115500001	0.741786	0.700283	4	0	0
6	116000001	0.700283	0.700283	4	0	0
6	116500001	0.722105	0.700283	4	0	0
6	117000001	0.697992	0.700283	4	0	0
6	117500001	0.724894	0.700283	4	0	0
6	118000001	0.723052	0.700283	4	0	0
6	118500001	0.652281	0.700283	4	0	0
6	119000001	0.681746	0.700283	4	0	0
6	119500001	0.752185	0.700283	4	0	0
6	120000001	0.78653	0.700283	4	0	0
6	120500001	0.780747	0.700283	4	0	0
6	121000001	0.677399	0.700283	4	0	0
6	121500001	0.647986	0.700283	4	0	0
6	122000001	0.71638	0.700283	4	0	0
6	122500001	0.701214	0.700283	4	0	0
6	123000001	0.759432	0.700283	4	0	0
6	123500001	0.73762	0.700283	4	0	0
6	124000001	0.761944	0.700283	4	0	0
6	124500001	0.72947	0.700283	4	0	0
6	125000001	0.684731	0.700283	4	0	0
6	125500001	0.672604	0.700283	4	0	0
6	126000001	0.788636	0.700283	4	0	0
6	126500001	0.742403	0.700283	4	0	0
6	127000001	0.724901	0.700283	4	0	0
6	127500001	0.76254	0.700283	4	0	0
6	128000001	0.79974	0.700283	4	0	0
6	128500001	0.739682	0.700283	4	0	0
6	129000001	0.798126	0.700283	4	0	0
6	129500001	0.734038	0.700283	4	0	0
6	130000001	0.693441	0.700283	4	0	0
6	130500001	0.717213	0.700283	4	0	0
6	131000001	0.686124	0.700283	4	0	0
6	131500001	0.695417	0.700283	4	0	0
6	132000001	0.732826	0.700283	4	0	0
6	132500001	0.718288	0.700283	4	0	0
6	133000001	0.726958	0.700283	4	0	0
6	133500001	0.688162	0.700283	4	0	0
6	134000001	0.646032	0.700283	4	0	0
6	134500001	0.671955	0.700283	4	0	0
6	135000001	0.713545	0.700283	4	0	0
6	135500001	0.723736	0.700283	4	0	0
6	136000001	0.685776	0.700283	4	0	0
6	136500001	0.648133	0.700283	4	0	0
6	137000001	0.651334	0.700283	4	0	0
6	137500001	0.662615	0.700283	4	0	0
6	138000001	0.63894	0.700283	4	0	0
6	138500001	0.67326	0.700283	4	0	0
6	139000001	0.675279	0.700283	4	0	0
6	139500001	0.672204	0.700283	4	0	0
6	140000001	0.754846	0.700283	4	0	0
6	140500001	0.803491	0.700283	4	0	0
6	141000001	0.785622	0.700283	4	0	0
6	141500001	0.766718	0.700283	4	0	0
6	142000001	0.717952	0.700283	4	0	0
6	142500001	0.687265	0.700283	4	0	0
6	143000001	0.730675	0.700283	4	0	0
6	143500001	0.666898	0.700283	4	0	0
6	144000001	0.643475	0.700283	4	0	0
6	144500001	0.747965	0.700283	4	0	0
6	145000001	0.69116	0.700283	4	0	0
6	145500001	0.737662	0.700283	4	0	0
6	146000001	0.700585	0.700283	4	0	0
6	146500001	0.696066	0.700283	4	0	0
6	147000001	0.698244	0.700283	4	0	0
6	147500001	0.687984	0.700283	4	0	0
6	148000001	0.637813	0.700283	4	0	0
6	148500001	0.700622	0.700283	4	0	0
6	149000001	0.693046	0.700283	4	0	0
6	149500001	0.642045	0.700283	4	0	0
6	150000001	0.696579	0.700283	4	0	0
6	150500001	0.630535	0.700283	4	0	0
6	151000001	0.649845	0.700283	4	0	0
6	151500001	0.642952	0.700283	4	0	0
6	152000001	0.618628	0.700283	4	0	0
6	152500001	0.71535	0.700283	4	0	0
6	153000001	0.709236	0.700283	4	0	0
6	153500001	0.749171	0.700283	4	0	0
6	154000001	0.631292	0.700283	4	0	0
6	154500001	0.654556	0.700283	4	0	0
6	155000001	0.688712	0.700283	4	0	0
6	155500001	0.688249	0.700283	4	0	0
6	156000001	0.654702	0.700283	4	0	0
6	156500001	0.646726	0.700283	4	0	0
6	157000001	0.657232	0.700283	4	0	0
6	157500001	0.689591	0.700283	4	0	0
6	158000001	0.634895	0.700283	4	0	0
6	158500001	0.672285	0.700283	4	0	0
6	159000001	0.676529	0.700283	4	0	0
6	159500001	0.667333	0.700283	4	0	0
6	160000001	0.70581	0.700283	4	0	0
6	160500001	0.738663	0.700283	4	0	0
6	161000001	0.46961	0.489185	3	0	0
6	161500001	0.444801	0.489185	3	0	0
6	162000001	0.470429	0.489185	3	0	0
6	162500001	0.512369	0.489185	3	0	0
6	163000001	0.481784	0.489185	3	0	0
6	163500001	0.496586	0.489185	3	0	0
6	164000001	0.456207	0.489185	3	0	0
6	164500001	0.506591	0.489185	3	0	0
6	165000001	0.537753	0.489185	3	0	0
6	165500001	0.527219	0.489185	3	0	0
6	166000001	0.821693	0.853344	5	0	0
6	166500001	0.853344	0.853344	5	0	0
6	167000001	0.863306	0.853344	5	0	0
6	167500001	0.922241	0.853344	5	0	0
6	168000001	0.840029	0.853344	5	0	0
6	168500001	0.868316	0.853344	5	0	0
6	169000001	0.795734	0.853344	5	0	0
6	169500001	0.829408	0.853344	5	0	0
6	170000001	0.923312	0.853344	5	0	0
6	170500001	-1	-1	-1	0	0
7	1	0.915406	0.862349	5	0	0
7	500001	0.844719	0.862349	5	0	0
7	1000001	0.765786	0.862349	5	0	0
7	1500001	0.879979	0.862349	5	0	0
7	2000001	0.972412	0.984631	6	0	0
7	2500001	1.01946	0.984631	6	0	0
7	3000001	0.9405	0.984631	6	0	0
7	3500001	0.950009	0.984631	6	0	0
7	4000001	0.984631	0.984631	6	0	0
7	4500001	0.984487	0.984631	6	0	0
7	5000001	1.00197	0.984631	6	0	0
7	5500001	0.964129	0.984631	6	0	0
7	6000001	0.993587	0.984631	6	0	0
7	6500001	1.06282	0.984631	6	0	0
7	7000001	1.00768	0.984631	6	0	0
7	7500001	1.07702	1.08366	7	0	0
7	8000001	1.06119	1.08366	7	0	0
7	8500001	1.14513	1.08366	7	0	0
7	9000001	1.14241	1.08366	7	0	0
7	9500001	1.15039	1.08366	7	0	0
7	10000001	1.04953	1.08366	7	0	0
7	10500001	1.04863	1.08366	7	0	0
7	11000001	1.07878	1.08366	7	0	0
7	11500001	1.17216	1.08366	7	0	0
7	12000001	1.12014	1.08366	7	0	0
7	12500001	1.05037	1.08366	7	0	0
7	13000001	1.09675	1.08366	7	0	0
7	13500001	1.02608	1.08366	7	0	0
7	14000001	1.15575	1.08366	7	0	0
7	14500001	1.18327	1.08366	7	0	0
7	15000001	1.15782	1.08366	7	0	0
7	15500001	1.12074	1.08366	7	0	0
7	16000001	1.07477	1.08366	7	0	0
7	16500001	1.05548	1.08366	7	0	0
7	17000001	1.13641	1.08366	7	0	0
7	17500001	1.04206	1.08366	7	0	0
7	18000001	1.05242	1.08366	7	0	0
7	18500001	1.13242	1.08366	7	0	0
7	19000001	1.12858	1.08366	7	0	0
7	19500001	1.08853	1.08366	7	0	0
7	20000001	1.05564	1.08366	7	0	0
7	20500001	0.984335	1.08366	7	0	0
7	21000001	1.00214	1.08366	7	0	0
7	21500001	1.43064	1.43064	9	0	0
7	22000001	1.03983	1.00903	6	0	0
7	22500001	0.994616	1.00903	6	0	0
7	23000001	0.987601	1.00903	6	0	0
7	23500001	0.968518	1.00903	6	0	0
7	24000001	0.973367	1.00903	6	0	0
7	24500001	1.03116	1.00903	6	0	0
7	25000001	1.01467	1.00903	6	0	0
7	25500001	1.02094	1.00903	6	0	0
7	26000001	0.975573	1.00903	6	0	0
7	26500001	1.07199	1.00903	6	0	0
7	27000001	1.0364	1.00903	6	0	0
7	27500001	1.04471	1.00903	6	0	0
7	28000001	1.00903	1.00903	6	0	0
7	28500001	1.00948	1.00903	6	0	0
7	29000001	0.995998	1.00903	6	0	0
7	29500001	1.01428	1.00903	6	0	0
7	30000001	1.02344	1.00903	6	0	0
7	30500001	1.06895	1.00903	6	0	0
7	31000001	0.995045	1.00903	6	0	0
7	31500001	1.02449	1.00903	6	0	0
7	32000001	0.963456	1.00903	6	0	0
7	32500001	0.984979	1.00903	6	0	0
7	33000001	1.00979	1.00903	6	0	0
7	33500001	1.01466	1.00903	6	0	0
7	34000001	1.01287	1.00903	6	0	0
7	34500001	1.03432	1.00903	6	0	0
7	35000001	0.989843	1.00903	6	0	0
7	35500001	0.981658	1.00903	6	0	0
7	36000001	1.00157	1.00903	6	0	0
7	36500001	0.975012	1.00903	6	0	0
7	37000001	0.998767	1.00903	6	0	0
7	37500001	0.987584	1.00903	6	0	0
7	38000001	0.984054	1.00903	6	0	0
7	38500001	1.00767	1.00903	6	0	0
7	39000001	1.00802	1.00903	6	0	0
7	39500001	0.980032	1.00903	6	0	0
7	40000001	0.871295	1.00903	6	0	0
7	40500001	1.0504	1.00903	6	0	0
7	41000001	0.999253	1.00903	6	0	0
7	41500001	1.01388	1.00903	6	0	0
7	42000001	0.968634	1.00903	6	0	0
7	42500001	1.02358	1.00903	6	0	0
7	43000001	1.00213	1.00903	6	0	0
7	43500001	0.966633	1.00903	6	0	0
7	44000001	1.08793	1.00903	6	0	0
7	44500001	1.0323	1.00903	6	0	0
7	45000001	0.984779	1.00903	6	0	0
7	45500001	1.00145	1.00903	6	0	0
7	46000001	1.00903	1.00903	6	0	0
7	46500001	0.997281	1.00903	6	0	0
7	47000001	1.00984	1.00903	6	0	0
7	47500001	1.01569	1.00903	6	0	0
7	48000001	1.04966	1.00903	6	0	0
7	48500001	1.0558	1.00903	6	0	0
7	49000001	1.08773	1.00903	6	0	0
7	49500001	0.97214	1.00903	6	0	0
7	50000001	0.98118	1.00903	6	0	0
7	50500001	0.992922	1.00903	6	0	0
7	51000001	0.985131	1.00903	6	0	0
7	51500001	1.01211	1.00903	6	0	0
7	52000001	0.986606	1.00903	6	0	0
7	52500001	1.04954	1.00903	6	0	0
7	53000001	1.0335	1.00903	6	0	0
7	53500001	1.08266	1.00903	6	0	0
7	54000001	1.01388	1.00903	6	0	0
7	54500001	1.02076	1.00903	6	0	0
7	55000001	0.886091	0.829985	5	0	0
7	55500001	0.813403	0.829985	5	0	0
7	56000001	0.80232	0.829985	5	0	0
7	56500001	0.797876	0.829985	5	0	0
7	57000001	0.846567	0.829985	5	0	0
7	57500001	1.05366	0.829985	5	0	0
7	58000001	1.92932	1.92932	12	0	0
7	58500001	1.51411	1.38018	8	0	0
7	59000001	1.30681	1.38018	8	0	0
7	59500001	1.45355	1.38018	8	0	0
7	60000001	1.19321	1.38018	8	0	0
7	60500001	1.95061	1.95061	12	0	0
7	61000001	1.36872	1.36872	8	0	0
7	61500001	-1	1.36872	8	0	0
7	62000001	1.39064	1.36872	8	0	0
7	62500001	1.17504	1.36872	8	0	0
7	63000001	0.958118	0.958118	6	0	0
7	63500001	0.948365	0.958118	6	0	0
7	64000001	0.944397	0.958118	6	0	0
7	64500001	0.928071	0.958118	6	0	0
7	65000001	0.946449	0.958118	6	0	0
7	65500001	1.10524	0.958118	6	0	0
7	66000001	0.933816	0.958118	6	0	0
7	66500001	0.980172	0.958118	6	0	0
7	67000001	0.978259	0.958118	6	0	0
7	67500001	0.950843	0.958118	6	0	0
7	68000001	0.888391	0.958118	6	0	0
7	68500001	0.895072	0.958118	6	0	0
7	69000001	0.957769	0.958118	6	0	0
7	69500001	0.950143	0.958118	6	0	0
7	70000001	0.917074	0.958118	6	0	0
7	70500001	0.992449	0.958118	6	0	0
7	71000001	0.929946	0.958118	6	0	0
7	71500001	0.964686	0.958118	6	0	0
7	72000001	0.935147	0.958118	6	0	0
7	72500001	0.950698	0.958118	6	0	0
7	73000001	1.0219	0.958118	6	0	0
7	73500001	1.02829	0.958118	6	0	0
7	74000001	0.971497	0.958118	6	0	0
7	74500001	0.961781	0.958118	6	0	0
7	75000001	0.982648	0.958118	6	0	0
7	75500001	0.953826	0.958118	6	0	0
7	76000001	0.985541	0.958118	6	0	0
7	76500001	1.01015	0.958118	6	0	0
7	77000001	1.00679	0.958118	6	0	0
7	77500001	0.984232	0.958118	6	0	0
7	78000001	1.00547	0.958118	6	0	0
7	78500001	1.11009	1.17627	7	0	0
7	79000001	1.10084	1.17627	7	0	0
7	79500001	1.17943	1.17627	7	0	0
7	80000001	1.06752	1.17627	7	0	0
7	80500001	1.11914	1.17627	7	0	0
7	81000001	1.10685	1.17627	7	0	0
7	81500001	1.19955	1.17627	7	0	0
7	82000001	1.11207	1.17627	7	0	0
7	82500001	1.20107	1.17627	7	0	0
7	83000001	1.19394	1.17627	7	0	0
7	83500001	1.18037	1.17627	7	0	0
7	84000001	1.23248	1.17627	7	0	0
7	84500001	1.17627	1.17627	7	0	0
7	85000001	1.23083	1.17627	7	0	0
7	85500001	1.24113	1.17627	7	0	0
7	86000001	1.16597	1.17627	7	0	0
7	86500001	1.1249	1.17627	7	0	0
7	87000001	1.06739	1.05552	6	0	0
7	87500001	1.07002	1.05552	6	0	0
7	88000001	1.08548	1.05552	6	0	0
7	88500001	1.15819	1.05552	6	0	0
7	89000001	1.1285	1.05552	6	0	0
7	89500001	1.07124	1.05552	6	0	0
7	90000001	1.03295	1.05552	6	0	0
7	90500001	1.03996	1.05552	6	0	0
7	91000001	1.01094	1.05552	6	0	0
7	91500001	1.07153	1.05552	6	0	0
7	92000001	0.995476	1.05552	6	0	0
7	92500001	1.02728	1.05552	6	0	0
7	93000001	1.09482	1.05552	6	0	0
7	93500001	1.17645	1.05552	6	0	0
7	94000001	1.1126	1.05552	6	0	0
7	94500001	1.07869	1.05552	6	0	0
7	95000001	1.05291	1.05552	6	0	0
7	95500001	1.07719	1.05552	6	0	0
7	96000001	0.987253	1.05552	6	0	0
7	96500001	1.00141	1.05552	6	0	0
7	97000001	0.950098	1.05552	6	0	0
7	97500001	1.0222	1.05552	6	0	0
7	98000001	0.978489	1.05552	6	0	0
7	98500001	1.00091	1.05552	6	0	0
7	99000001	0.983976	1.05552	6	0	0
7	99500001	1.04901	1.05552	6	0	0
7	100000001	1.03879	1.05552	6	0	0
7	100500001	1.09771	1.05552	6	0	0
7	101000001	1.01363	1.05552	6	0	0
7	101500001	0.983355	1.05552	6	0	0
7	102000001	1.03555	1.05552	6	0	0
7	102500001	1.20643	1.05552	6	0	0
7	103000001	1.0255	1.05552	6	0	0
7	103500001	1.04679	1.05552	6	0	0
7	104000001	1.01441	1.05552	6	0	0
7	104500001	1.0515	1.05552	6	0	0
7	105000001	0.956142	1.05552	6	0	0
7	105500001	0.987926	1.05552	6	0	0
7	106000001	1.05468	1.05552	6	0	0
7	106500001	1.01412	1.05552	6	0	0
7	107000001	1.05948	1.05552	6	0	0
7	107500001	1.00026	1.05552	6	0	0
7	108000001	1.05711	1.05552	6	0	0
7	108500001	1.03288	1.05552	6	0	0
7	109000001	1.19665	1.05552	6	0	0
7	109500001	1.10669	1.05552	6	0	0
7	110000001	1.08533	1.05552	6	0	0
7	110500001	1.04612	1.05552	6	0	0
7	111000001	1.08202	1.05552	6	0	0
7	111500001	0.973868	1.05552	6	0	0
7	112000001	1.03149	1.05552	6	0	0
7	112500001	1.05552	1.05552	6	0	0
7	113000001	1.03253	1.05552	6	0	0
7	113500001	1.06489	1.05552	6	0	0
7	114000001	1.12299	1.05552	6	0	0
7	114500001	1.11503	1.05552	6	0	0
7	115000001	1.15038	1.05552	6	0	0
7	115500001	1.19139	1.05552	6	0	0
7	116000001	1.14312	1.05552	6	0	0
7	116500001	1.06723	1.05552	6	0	0
7	117000001	1.051	1.05552	6	0	0
7	117500001	1.04894	1.05552	6	0	0
7	118000001	1.05697	1.05552	6	0	0
7	118500001	1.19126	1.05552	6	0	0
7	119000001	1.18599	1.05552	6	0	0
7	119500001	1.22169	1.05552	6	0	0
7	120000001	1.17947	1.05552	6	0	0
7	120500001	1.10869	1.05552	6	0	0
7	121000001	1.10518	1.05552	6	0	0
7	121500001	1.13784	1.05552	6	0	0
7	122000001	1.0566	1.05552	6	0	0
7	122500001	1.02939	1.05552	6	0	0
7	123000001	1.12547	1.05552	6	0	0
7	123500001	1.06945	1.05552	6	0	0
7	124000001	1.07343	1.05552	6	0	0
7	124500001	1.09995	1.05552	6	0	0
7	125000001	1.11013	1.05552	6	0	0
7	125500001	1.18622	1.05552	6	0	0
7	126000001	1.12034	1.05552	6	0	0
7	126500001	1.03263	1.05552	6	0	0
7	127000001	1.0377	1.05552	6	0	0
7	127500001	1.0104	1.05552	6	0	0
7	128000001	1.11433	1.05552	6	0	0
7	128500001	1.04701	1.05552	6	0	0
7	129000001	0.94933	1.05552	6	0	0
7	129500001	0.971899	1.05552	6	0	0
7	130000001	0.984534	1.05552	6	0	0
7	130500001	1.04331	1.05552	6	0	0
7	131000001	1.0207	1.05552	6	0	0
7	131500001	1.28373	1.16849	7	0	0
7	132000001	1.26621	1.16849	7	0	0
7	132500001	1.16407	1.16849	7	0	0
7	133000001	1.14072	1.16849	7	0	0
7	133500001	1.17045	1.16849	7	0	0
7	134000001	1.18412	1.16849	7	0	0
7	134500001	1.16849	1.16849	7	0	0
7	135000001	1.15799	1.16849	7	0	0
7	135500001	1.14208	1.16849	7	0	0
7	136000001	1.15206	1.16849	7	0	0
7	136500001	1.26436	1.16849	7	0	0
7	137000001	1.25542	1.16849	7	0	0
7	137500001	1.16473	1.16849	7	0	0
7	138000001	1.08722	1.16849	7	0	0
7	138500001	1.14265	1.16849	7	0	0
7	139000001	1.11193	1.16849	7	0	0
7	139500001	1.23168	1.16849	7	0	0
7	140000001	1.17447	1.16849	7	0	0
7	140500001	1.1382	1.16849	7	0	0
7	141000001	1.22286	1.16849	7	0	0
7	141500001	1.12097	1.16849	7	0	0
7	142000001	1.21232	1.16849	7	0	0
7	142500001	1.21577	1.16849	7	0	0
7	143000001	1.18564	1.16849	7	0	0
7	143500001	1.05856	1.16849	7	0	0
7	144000001	1.46541	1.33314	8	0	0
7	144500001	1.20777	1.33314	8	0	0
7	145000001	1.31597	1.33314	8	0	0
7	145500001	1.46981	1.33314	8	0	0
7	146000001	1.37699	1.33314	8	0	0
7	146500001	1.41091	1.33314	8	0	0
7	147000001	1.35943	1.33314	8	0	0
7	147500001	1.27843	1.33314	8	0	0
7	148000001	1.3098	1.33314	8	0	0
7	148500001	1.2715	1.33314	8	0	0
7	149000001	1.33907	1.33314	8	0	0
7	149500001	1.36936	1.33314	8	0	0
7	150000001	1.33314	1.33314	8	0	0
7	150500001	1.39669	1.33314	8	0	0
7	151000001	1.43841	1.33314	8	0	0
7	151500001	1.34671	1.33314	8	0	0
7	152000001	1.29328	1.33314	8	0	0
7	152500001	1.30621	1.33314	8	0	0
7	153000001	1.23947	1.33314	8	0	0
7	153500001	1.30047	1.33314	8	0	0
7	154000001	1.25257	1.33314	8	0	0
7	154500001	1.31036	1.33314	8	0	0
7	155000001	1.3659	1.33314	8	0	0
7	155500001	1.36401	1.33314	8	0	0
7	156000001	1.2963	1.33314	8	0	0
7	156500001	1.28884	1.33314	8	0	0
7	157000001	1.35903	1.33314	8	0	0
7	157500001	1.30471	1.33314	8	0	0
7	158000001	1.41676	1.33314	8	0	0
7	158500001	1.38301	1.33314	8	0	0
7	159000001	0.95995	1.33314	8	0	0
8	1	0.572138	0.666057	4	0	0
8	500001	0.650414	0.666057	4	0	0
8	1000001	0.650412	0.666057	4	0	0
8	1500001	0.681596	0.666057	4	0	0
8	2000001	0.671026	0.666057	4	0	0
8	2500001	0.623441	0.666057	4	0	0
8	3000001	0.591731	0.666057	4	0	0
8	3500001	0.594324	0.666057	4	0	0
8	4000001	0.646482	0.666057	4	0	0
8	4500001	0.643441	0.666057	4	0	0
8	5000001	0.641038	0.666057	4	0	0
8	5500001	0.66048	0.666057	4	0	0
8	6000001	0.621311	0.666057	4	0	0
8	6500001	0.663463	0.666057	4	0	0
8	7000001	0.656669	0.666057	4	0	0
8	7500001	0.651796	0.666057	4	0	0
8	8000001	0.778688	0.666057	4	0	0
8	8500001	0.64771	0.666057	4	0	0
8	9000001	0.629464	0.666057	4	0	0
8	9500001	0.675911	0.666057	4	0	0
8	10000001	0.645024	0.666057	4	0	0
8	10500001	0.679916	0.666057	4	0	0
8	11000001	0.666057	0.666057	4	0	0
8	11500001	0.721906	0.666057	4	0	0
8	12000001	0.624433	0.666057	4	0	0
8	12500001	0.839621	0.666057	4	0	0
8	13000001	0.64567	0.666057	4	0	0
8	13500001	0.699784	0.666057	4	0	0
8	14000001	0.745615	0.666057	4	0	0
8	14500001	0.734313	0.666057	4	0	0
8	15000001	0.695142	0.666057	4	0	0
8	15500001	0.656494	0.666057	4	0	0
8	16000001	0.762227	0.666057	4	0	0
8	16500001	0.711379	0.666057	4	0	0
8	17000001	0.670458	0.666057	4	0	0
8	17500001	0.674278	0.666057	4	0	0
8	18000001	0.687338	0.666057	4	0	0
8	18500001	0.691788	0.666057	4	0	0
8	19000001	0.656417	0.666057	4	0	0
8	19500001	0.664411	0.666057	4	0	0
8	20000001	0.659394	0.666057	4	0	0
8	20500001	0.618822	0.666057	4	0	0
8	21000001	0.639642	0.666057	4	0	0
8	21500001	0.705197	0.666057	4	0	0
8	22000001	0.674779	0.666057	4	0	0
8	22500001	0.690227	0.666057	4	0	0
8	23000001	0.627233	0.666057	4	0	0
8	23500001	0.671357	0.666057	4	0	0
8	24000001	0.73613	0.666057	4	0	0
8	24500001	0.669158	0.666057	4	0	0
8	25000001	0.642364	0.666057	4	0	0
8	25500001	0.603246	0.666057	4	0	0
8	26000001	0.665665	0.666057	4	0	0
8	26500001	0.676699	0.666057	4	0	0
8	27000001	0.672549	0.666057	4	0	0
8	27500001	0.681907	0.666057	4	0	0
8	28000001	0.665064	0.666057	4	0	0
8	28500001	0.646365	0.666057	4	0	0
8	29000001	0.656503	0.666057	4	0	0
8	29500001	0.70597	0.666057	4	0	0
8	30000001	0.652195	0.666057	4	0	0
8	30500001	0.634761	0.666057	4	0	0
8	31000001	0.658612	0.666057	4	0	0
8	31500001	0.695814	0.666057	4	0	0
8	32000001	0.690259	0.666057	4	0	0
8	32500001	0.650004	0.666057	4	0	0
8	33000001	0.664056	0.666057	4	0	0
8	33500001	0.629109	0.666057	4	0	0
8	34000001	0.682348	0.666057	4	0	0
8	34500001	0.656552	0.666057	4	0	0
8	35000001	0.65904	0.666057	4	0	0
8	35500001	0.646224	0.666057	4	0	0
8	36000001	0.669654	0.666057	4	0	0
8	36500001	0.716787	0.666057	4	0	0
8	37000001	0.67181	0.666057	4	0	0
8	37500001	0.66912	0.666057	4	0	0
8	38000001	0.639881	0.666057	4	0	0
8	38500001	0.689603	0.666057	4	0	0
8	39000001	0.614756	0.666057	4	0	0
8	39500001	0.671184	0.666057	4	0	0
8	40000001	0.635195	0.666057	4	0	0
8	40500001	0.66692	0.666057	4	0	0
8	41000001	0.658557	0.666057	4	0	0
8	41500001	0.686301	0.666057	4	0	0
8	42000001	0.648017	0.666057	4	0	0
8	42500001	0.63964	0.666057	4	0	0
8	43000001	0.647163	0.666057	4	0	0
8	43500001	0.737358	0.666057	4	0	0
8	44000001	0.855917	0.666057	4	0	0
8	44500001	0.83915	0.666057	4	0	0
8	45000001	0.773304	0.666057	4	0	0
8	45500001	0.769882	0.666057	4	0	0
8	46000001	0.698495	0.666057	4	0	0
8	46500001	0.708201	0.666057	4	0	0
8	47000001	0.646775	0.666057	4	0	0
8	47500001	0.63188	0.666057	4	0	0
8	48000001	0.621854	0.666057	4	0	0
8	48500001	0.649671	0.666057	4	0	0
8	49000001	0.680692	0.666057	4	0	0
8	49500001	0.660912	0.666057	4	0	0
8	50000001	0.658757	0.666057	4	0	0
8	50500001	0.736722	0.666057	4	0	0
8	51000001	0.683564	0.666057	4	0	0
8	51500001	0.639688	0.666057	4	0	0
8	52000001	0.674007	0.666057	4	0	0
8	52500001	0.644901	0.666057	4	0	0
8	53000001	0.652505	0.666057	4	0	0
8	53500001	0.635007	0.666057	4	0	0
8	54000001	0.624841	0.666057	4	0	0
8	54500001	0.663243	0.666057	4	0	0
8	55000001	0.626688	0.666057	4	0	0
8	55500001	0.64521	0.666057	4	0	0
8	56000001	0.613914	0.666057	4	0	0
8	56500001	0.652814	0.666057	4	0	0
8	57000001	0.706191	0.666057	4	0	0
8	57500001	0.68454	0.666057	4	0	0
8	58000001	0.687219	0.666057	4	0	0
8	58500001	0.698242	0.666057	4	0	0
8	59000001	0.668073	0.666057	4	0	0
8	59500001	0.714657	0.666057	4	0	0
8	60000001	0.658411	0.666057	4	0	0
8	60500001	0.663063	0.666057	4	0	0
8	61000001	0.6851	0.666057	4	0	0
8	61500001	0.701714	0.666057	4	0	0
8	62000001	0.67893	0.666057	4	0	0
8	62500001	0.669261	0.666057	4	0	0
8	63000001	0.657413	0.666057	4	0	0
8	63500001	0.707809	0.666057	4	0	0
8	64000001	0.68581	0.666057	4	0	0
8	64500001	0.672807	0.666057	4	0	0
8	65000001	0.667025	0.666057	4	0	0
8	65500001	0.669428	0.666057	4	0	0
8	66000001	0.686297	0.666057	4	0	0
8	66500001	0.640092	0.666057	4	0	0
8	67000001	0.641204	0.666057	4	0	0
8	67500001	0.620394	0.666057	4	0	0
8	68000001	0.69282	0.666057	4	0	0
8	68500001	0.680873	0.666057	4	0	0
8	69000001	0.653503	0.666057	4	0	0
8	69500001	0.629445	0.666057	4	0	0
8	70000001	0.597275	0.666057	4	0	0
8	70500001	0.638314	0.666057	4	0	0
8	71000001	0.649749	0.666057	4	0	0
8	71500001	0.656319	0.666057	4	0	0
8	72000001	0.659296	0.666057	4	0	0
8	72500001	0.691035	0.666057	4	0	0
8	73000001	0.634015	0.666057	4	0	0
8	73500001	0.633283	0.666057	4	0	0
8	74000001	0.632902	0.666057	4	0	0
8	74500001	0.686968	0.666057	4	0	0
8	75000001	0.740948	0.666057	4	0	0
8	75500001	0.774397	0.666057	4	0	0
8	76000001	0.776424	0.666057	4	0	0
8	76500001	0.715583	0.666057	4	0	0
8	77000001	0.781692	0.666057	4	0	0
8	77500001	0.80796	0.666057	4	0	0
8	78000001	0.760768	0.666057	4	0	0
8	78500001	0.761958	0.666057	4	0	0
8	79000001	0.711745	0.666057	4	0	0
8	79500001	0.692018	0.666057	4	0	0
8	80000001	0.833381	0.666057	4	0	0
8	80500001	1.22484	1.27977	8	0	0
8	81000001	1.23638	1.27977	8	0	0
8	81500001	1.227	1.27977	8	0	0
8	82000001	1.34862	1.27977	8	0	0
8	82500001	1.49419	1.27977	8	0	0
8	83000001	1.35455	1.27977	8	0	0
8	83500001	1.28451	1.27977	8	0	0
8	84000001	1.31609	1.27977	8	0	0
8	84500001	1.27502	1.27977	8	0	0
8	85000001	1.19437	1.27977	8	0	0
8	85500001	2.86557	2.86557	17	0	0
8	86000001	1.19424	1.19466	7	0	0
8	86500001	1.26443	1.19466	7	0	0
8	87000001	1.34392	1.19466	7	0	0
8	87500001	1.22993	1.19466	7	0	0
8	88000001	1.33787	1.19466	7	0	0
8	88500001	1.33883	1.19466	7	0	0
8	89000001	1.3263	1.19466	7	0	0
8	89500001	1.22635	1.19466	7	0	0
8	90000001	1.25451	1.19466	7	0	0
8	90500001	1.1994	1.19466	7	0	0
8	91000001	1.28273	1.19466	7	0	0
8	91500001	1.19814	1.19466	7	0	0
8	92000001	1.14731	1.19466	7	0	0
8	92500001	1.28568	1.19466	7	0	0
8	93000001	1.20053	1.19466	7	0	0
8	93500001	1.17046	1.19466	7	0	0
8	94000001	1.18229	1.19466	7	0	0
8	94500001	1.07794	1.19466	7	0	0
8	95000001	1.16531	1.19466	7	0	0
8	95500001	1.21423	1.19466	7	0	0
8	96000001	1.1314	1.19466	7	0	0
8	96500001	1.18051	1.19466	7	0	0
8	97000001	1.18913	1.19466	7	0	0
8	97500001	1.13531	1.19466	7	0	0
8	98000001	1.16252	1.19466	7	0	0
8	98500001	1.15373	1.19466	7	0	0
8	99000001	1.20337	1.19466	7	0	0
8	99500001	1.24048	1.19466	7	0	0
8	100000001	1.15112	1.19466	7	0	0
8	100500001	1.18423	1.19466	7	0	0
8	101000001	1.18767	1.19466	7	0	0
8	101500001	1.15499	1.19466	7	0	0
8	102000001	1.15748	1.19466	7	0	0
8	102500001	1.16768	1.19466	7	0	0
8	103000001	1.19217	1.19466	7	0	0
8	103500001	1.32253	1.19466	7	0	0
8	104000001	1.19508	1.19466	7	0	0
8	104500001	1.17766	1.19466	7	0	0
8	105000001	1.26249	1.19466	7	0	0
8	105500001	1.23004	1.19466	7	0	0
8	106000001	1.43216	1.432	9	0	0
8	106500001	1.36137	1.432	9	0	0
8	107000001	1.41267	1.432	9	0	0
8	107500001	1.34698	1.432	9	0	0
8	108000001	1.34789	1.432	9	0	0
8	108500001	1.42445	1.432	9	0	0
8	109000001	1.432	1.432	9	0	0
8	109500001	1.43383	1.432	9	0	0
8	110000001	1.6133	1.432	9	0	0
8	110500001	1.58642	1.432	9	0	0
8	111000001	1.67848	1.432	9	0	0
8	111500001	1.54095	1.432	9	0	0
8	112000001	1.42449	1.432	9	0	0
8	112500001	1.0569	1.17913	7	0	0
8	113000001	1.06396	1.17913	7	0	0
8	113500001	1.01676	1.17913	7	0	0
8	114000001	0.967132	1.17913	7	0	0
8	114500001	1.02664	1.17913	7	0	0
8	115000001	1.17991	1.17913	7	0	0
8	115500001	1.27101	1.17913	7	0	0
8	116000001	1.18444	1.17913	7	0	0
8	116500001	1.17867	1.17913	7	0	0
8	117000001	1.28343	1.17913	7	0	0
8	117500001	1.19559	1.17913	7	0	0
8	118000001	1.17959	1.17913	7	0	0
8	118500001	1.20979	1.17913	7	0	0
8	119000001	1.22886	1.17913	7	0	0
8	119500001	1.10076	1.17913	7	0	0
8	120000001	1.1835	1.17913	7	0	0
8	120500001	1.1648	1.17913	7	0	0
8	121000001	1.27882	1.17913	7	0	0
8	121500001	1.15452	1.17913	7	0	0
8	122000001	1.2038	1.17913	7	0	0
8	122500001	1.19494	1.17913	7	0	0
8	123000001	1.13073	1.17913	7	0	0
8	123500001	1.16503	1.17913	7	0	0
8	124000001	1.00768	1.17913	7	0	0
8	124500001	0.345603	0.388544	2	0	0
8	125000001	0.431485	0.388544	2	0	0
8	125500001	1.21929	1.15838	7	0	0
8	126000001	1.15052	1.15838	7	0	0
8	126500001	1.10421	1.15838	7	0	0
8	127000001	1.21696	1.15838	7	0	0
8	127500001	1.16709	1.15838	7	0	0
8	128000001	1.16095	1.15838	7	0	0
8	128500001	1.23136	1.15838	7	0	0
8	129000001	1.19978	1.15838	7	0	0
8	129500001	1.18142	1.15838	7	0	0
8	130000001	1.20317	1.15838	7	0	0
8	130500001	1.20004	1.15838	7	0	0
8	131000001	1.15915	1.15838	7	0	0
8	131500001	1.18383	1.15838	7	0	0
8	132000001	1.15425	1.15838	7	0	0
8	132500001	1.15626	1.15838	7	0	0
8	133000001	1.24678	1.15838	7	0	0
8	133500001	1.14832	1.15838	7	0	0
8	134000001	1.13565	1.15838	7	0	0
8	134500001	1.09634	1.15838	7	0	0
8	135000001	1.1153	1.15838	7	0	0
8	135500001	1.13534	1.15838	7	0	0
8	136000001	1.13185	1.15838	7	0	0
8	136500001	1.17339	1.15838	7	0	0
8	137000001	1.15997	1.15838	7	0	0
8	137500001	1.11163	1.15838	7	0	0
8	138000001	1.13209	1.15838	7	0	0
8	138500001	1.13803	1.15838	7	0	0
8	139000001	1.15244	1.15838	7	0	0
8	139500001	1.28097	1.15838	7	0	0
8	140000001	1.14076	1.15838	7	0	0
8	140500001	1.15838	1.15838	7	0	0
8	141000001	1.11891	1.15838	7	0	0
8	141500001	1.16429	1.15838	7	0	0
8	142000001	0.953934	0.990592	6	0	0
8	142500001	1.17733	0.990592	6	0	0
8	143000001	1.02725	0.990592	6	0	0
8	143500001	0.835337	0.990592	6	0	0
8	144000001	0.943102	0.990592	6	0	0
8	144500001	1.19747	0.990592	6	0	0
8	145000001	-1	-1	-1	0	0
9	1	1.0017	1.0021	6	0	0
9	500001	1.00073	1.0021	6	0	0
9	1000001	1.00908	1.0021	6	0	0
9	1500001	1.00825	1.0021	6	0	0
9	2000001	1.00057	1.0021	6	0	0
9	2500001	1.0021	1.0021	6	0	0
9	3000001	1.07214	1.0021	6	0	0
9	3500001	0.492758	0.359392	2	0	0
9	4000001	0.335433	0.359392	2	0	0
9	4500001	0.327708	0.359392	2	0	0
9	5000001	0.359179	0.359392	2	0	0
9	5500001	0.347796	0.359392	2	0	0
9	6000001	0.332302	0.359392	2	0	0
9	6500001	0.295411	0.359392	2	0	0
9	7000001	0.330279	0.359392	2	0	0
9	7500001	0.365747	0.359392	2	0	0
9	8000001	0.334609	0.359392	2	0	0
9	8500001	0.324255	0.359392	2	0	0
9	9000001	0.410914	0.359392	2	0	0
9	9500001	0.378095	0.359392	2	0	0
9	10000001	0.420852	0.359392	2	0	0
9	10500001	0.362097	0.359392	2	0	0
9	11000001	0.359605	0.359392	2	0	0
9	11500001	0.398474	0.359392	2	0	0
9	12000001	0.371532	0.359392	2	0	0
9	12500001	0.395346	0.359392	2	0	0
9	13000001	0.37415	0.359392	2	0	0
9	13500001	0.361938	0.359392	2	0	0
9	14000001	0.335568	0.359392	2	0	0
9	14500001	0.366407	0.359392	2	0	0
9	15000001	0.317556	0.359392	2	0	0
9	15500001	0.353734	0.359392	2	0	0
9	16000001	0.31324	0.359392	2	0	0
9	16500001	0	0.00372889	0	0	0
9	17000001	0.00372889	0.00372889	0	0	0
9	17500001	0.00683335	0.00372889	0	0	0
9	18000001	0.596778	0.663463	4	0	0
9	18500001	0.696137	0.663463	4	0	0
9	19000001	0.649595	0.663463	4	0	0
9	19500001	0.711384	0.663463	4	0	0
9	20000001	0.677331	0.663463	4	0	0
9	20500001	0.485708	0.663463	4	0	0
9	21000001	0.000913755	0.00139565	0	0	0
9	21500001	0.00596473	0.00139565	0	0	0
9	22000001	0.00183417	0.00139565	0	0	0
9	22500001	0.00293414	0.00139565	0	0	0
9	23000001	0.000326368	0.00139565	0	0	0
9	23500001	0.00089807	0.00139565	0	0	0
9	24000001	0.000957138	0.00139565	0	0	0
9	24500001	0.0987418	0.00139565	0	0	0
9	25000001	0.408665	0.38717	2	0	0
9	25500001	0.365675	0.38717	2	0	0
9	26000001	1.03132	1.0394	6	0	0
9	26500001	1.0309	1.0394	6	0	0
9	27000001	0.995826	1.0394	6	0	0
9	27500001	0.96489	1.0394	6	0	0
9	28000001	1.03271	1.0394	6	0	0
9	28500001	1.09175	1.0394	6	0	0
9	29000001	1.09475	1.0394	6	0	0
9	29500001	1.15191	1.0394	6	0	0
9	30000001	1.16106	1.0394	6	0	0
9	30500001	1.21074	1.0394	6	0	0
9	31000001	1.08004	1.0394	6	0	0
9	31500001	1.1073	1.0394	6	0	0
9	32000001	1.08026	1.0394	6	0	0
9	32500001	1.02983	1.0394	6	0	0
9	33000001	1.04104	1.0394	6	0	0
9	33500001	1.02434	1.0394	6	0	0
9	34000001	1.02245	1.0394	6	0	0
9	34500001	1.08388	1.0394	6	0	0
9	35000001	1.00937	1.0394	6	0	0
9	35500001	1.05021	1.0394	6	0	0
9	36000001	1.03776	1.0394	6	0	0
9	36500001	1.03507	1.0394	6	0	0
9	37000001	1.00418	1.0394	6	0	0
9	37500001	1.05972	1.0394	6	0	0
9	38000001	1.08861	1.0394	6	0	0
9	38500001	1.0447	1.0394	6	0	0
9	39000001	0.907607	1.0394	6	0	0
9	39500001	0.908549	1.0394	6	0	0
9	40000001	0.878122	1.0394	6	0	0
9	40500001	1.15773	1.0394	6	0	0
9	41000001	1.14835	1.0394	6	0	0
9	41500001	0.907296	1.0394	6	0	0
9	42000001	0.431941	0.575837	3	0	0
9	42500001	0.719732	0.575837	3	0	0
9	43000001	1.40823	1.40823	8	0	0
9	43500001	3.21991	3.21991	19	0	0
9	44000001	2.59064	2.59064	16	0	0
9	44500001	1.65158	1.65158	10	0	0
9	45000001	1.07085	-1	-1	0	0
9	45500001	-1	-1	-1	0	0
9	46000001	-1	-1	-1	0	0
9	46500001	-1	-1	-1	0	0
9	47000001	-1	-1	-1	0	0
9	47500001	-1	-1	-1	0	0
9	48000001	-1	-1	-1	0	0
9	48500001	-1	-1	-1	0	0
9	49000001	-1	-1	-1	0	0
9	49500001	-1	-1	-1	0	0
9	50000001	-1	-1	-1	0	0
9	50500001	-1	-1	-1	0	0
9	51000001	-1	-1	-1	0	0
9	51500001	-1	-1	-1	0	0
9	52000001	-1	-1	-1	0	0
9	52500001	-1	-1	-1	0	0
9	53000001	-1	-1	-1	0	0
9	53500001	-1	-1	-1	0	0
9	54000001	-1	-1	-1	0	0
9	54500001	-1	-1	-1	0	0
9	55000001	-1	-1	-1	0	0
9	55500001	-1	-1	-1	0	0
9	56000001	-1	-1	-1	0	0
9	56500001	-1	-1	-1	0	0
9	57000001	-1	-1	-1	0	0
9	57500001	-1	-1	-1	0	0
9	58000001	-1	-1	-1	0	0
9	58500001	-1	-1	-1	0	0
9	59000001	-1	-1	-1	0	0
9	59500001	-1	-1	-1	0	0
9	60000001	-1	-1	-1	0	0
9	60500001	-1	-1	-1	0	0
9	61000001	-1	-1	-1	0	0
9	61500001	1.06492	-1	-1	0	0
9	62000001	-1	-1	-1	0	0
9	62500001	-1	-1	-1	0	0
9	63000001	0.732436	0.701686	4	0	0
9	63500001	-1	0.701686	4	0	0
9	64000001	-1	0.701686	4	0	0
9	64500001	0.670936	0.701686	4	0	0
9	65000001	-1	-1	-1	0	0
9	65500001	1.01651	1.009	6	0	0
9	66000001	-1	1.009	6	0	0
9	66500001	-1	1.009	6	0	0
9	67000001	0.858496	1.009	6	0	0
9	67500001	-1	1.009	6	0	0
9	68000001	-1	1.009	6	0	0
9	68500001	1.03847	1.009	6	0	0
9	69000001	0.95305	1.009	6	0	0
9	69500001	1.05483	1.009	6	0	0
9	70000001	1.02696	1.009	6	0	0
9	70500001	0.958841	1.009	6	0	0
9	71000001	1.03973	1.009	6	0	0
9	71500001	0.939234	1.009	6	0	0
9	72000001	0.920716	1.009	6	0	0
9	72500001	1.03371	1.009	6	0	0
9	73000001	1.12578	1.009	6	0	0
9	73500001	1.1603	1.009	6	0	0
9	74000001	1.09739	1.009	6	0	0
9	74500001	0.956745	1.009	6	0	0
9	75000001	1.01418	1.009	6	0	0
9	75500001	1.00183	1.009	6	0	0
9	76000001	0.969812	1.009	6	0	0
9	76500001	0.989815	1.009	6	0	0
9	77000001	0.977608	1.009	6	0	0
9	77500001	0.992598	1.009	6	0	0
9	78000001	0.965321	1.009	6	0	0
9	78500001	1.01756	1.009	6	0	0
9	79000001	1.03425	1.009	6	0	0
9	79500001	0.992172	1.009	6	0	0
9	80000001	1.00962	1.009	6	0	0
9	80500001	1.05525	1.009	6	0	0
9	81000001	1.02879	1.009	6	0	0
9	81500001	0.968506	1.009	6	0	0
9	82000001	0.988334	1.009	6	0	0
9	82500001	1.02243	1.009	6	0	0
9	83000001	1.0253	1.009	6	0	0
9	83500001	0.970704	1.009	6	0	0
9	84000001	0.968804	1.009	6	0	0
9	84500001	0.969819	1.009	6	0	0
9	85000001	1.0049	1.009	6	0	0
9	85500001	0.985807	1.009	6	0	0
9	86000001	1.00355	1.009	6	0	0
9	86500001	1.02809	1.009	6	0	0
9	87000001	0.965842	1.009	6	0	0
9	87500001	0.962513	1.009	6	0	0
9	88000001	0.947302	1.009	6	0	0
9	88500001	0.955445	1.009	6	0	0
9	89000001	1.01685	1.009	6	0	0
9	89500001	1.03089	1.009	6	0	0
9	90000001	0.947213	1.009	6	0	0
9	90500001	1.02093	1.009	6	0	0
9	91000001	1.02667	1.009	6	0	0
9	91500001	1.00964	1.009	6	0	0
9	92000001	0.998042	1.009	6	0	0
9	92500001	0.982225	1.009	6	0	0
9	93000001	1.00905	1.009	6	0	0
9	93500001	1.01931	1.009	6	0	0
9	94000001	0.959502	1.009	6	0	0
9	94500001	1.01188	1.009	6	0	0
9	95000001	0.99223	1.009	6	0	0
9	95500001	0.969636	1.009	6	0	0
9	96000001	0.984792	1.009	6	0	0
9	96500001	0.969238	1.009	6	0	0
9	97000001	1.0059	1.009	6	0	0
9	97500001	1.0405	1.009	6	0	0
9	98000001	1.02608	1.009	6	0	0
9	98500001	1.04844	1.009	6	0	0
9	99000001	0.9736	1.009	6	0	0
9	99500001	0.991341	1.009	6	0	0
9	100000001	1.00632	1.009	6	0	0
9	100500001	1.01793	1.009	6	0	0
9	101000001	1.0202	1.009	6	0	0
9	101500001	1.05257	1.009	6	0	0
9	102000001	1.09308	1.009	6	0	0
9	102500001	1.09952	1.009	6	0	0
9	103000001	1.14932	1.009	6	0	0
9	103500001	1.10141	1.009	6	0	0
9	104000001	1.03237	1.009	6	0	0
9	104500001	0.975504	1.009	6	0	0
9	105000001	0.995616	1.009	6	0	0
9	105500001	1.02709	1.009	6	0	0
9	106000001	1.0534	1.009	6	0	0
9	106500001	1.00768	1.009	6	0	0
9	107000001	1.01472	1.009	6	0	0
9	107500001	0.987777	1.009	6	0	0
9	108000001	1.00367	1.009	6	0	0
9	108500001	1.01783	1.009	6	0	0
9	109000001	1.00208	1.009	6	0	0
9	109500001	1.05137	1.009	6	0	0
9	110000001	0.962142	1.009	6	0	0
9	110500001	1.07024	1.009	6	0	0
9	111000001	1.03562	1.009	6	0	0
9	111500001	0.978977	1.009	6	0	0
9	112000001	0.989499	1.009	6	0	0
9	112500001	0.987831	1.009	6	0	0
9	113000001	0.979689	1.009	6	0	0
9	113500001	1.06278	1.009	6	0	0
9	114000001	1.0169	1.009	6	0	0
9	114500001	0.985972	1.009	6	0	0
9	115000001	0.966748	1.009	6	0	0
9	115500001	1.04857	1.009	6	0	0
9	116000001	1.01597	1.009	6	0	0
9	116500001	0.983468	1.009	6	0	0
9	117000001	0.974951	1.009	6	0	0
9	117500001	0.993745	1.009	6	0	0
9	118000001	1.02143	1.009	6	0	0
9	118500001	1.04065	1.009	6	0	0
9	119000001	0.984652	1.009	6	0	0
9	119500001	0.970336	1.009	6	0	0
9	120000001	1.02993	1.009	6	0	0
9	120500001	0.972974	1.009	6	0	0
9	121000001	1.02916	1.009	6	0	0
9	121500001	1.10928	1.009	6	0	0
9	122000001	1.06302	1.009	6	0	0
9	122500001	0.985005	1.009	6	0	0
9	123000001	0.994284	1.009	6	0	0
9	123500001	0.972376	1.009	6	0	0
9	124000001	1.07897	1.009	6	0	0
9	124500001	1.00896	1.009	6	0	0
9	125000001	0.978638	1.009	6	0	0
9	125500001	1.00222	1.009	6	0	0
9	126000001	1.07765	1.009	6	0	0
9	126500001	1.06191	1.009	6	0	0
9	127000001	1.10161	1.009	6	0	0
9	127500001	1.01173	1.009	6	0	0
9	128000001	1.05055	1.009	6	0	0
9	128500001	0.984456	1.009	6	0	0
9	129000001	0.982798	1.009	6	0	0
9	129500001	0.988851	1.009	6	0	0
9	130000001	1.02811	1.009	6	0	0
9	130500001	0.994627	1.009	6	0	0
9	131000001	1.07562	1.009	6	0	0
9	131500001	1.08113	1.009	6	0	0
9	132000001	1.01817	1.009	6	0	0
9	132500001	1.02375	1.009	6	0	0
9	133000001	1.05663	1.009	6	0	0
9	133500001	0.813035	0.978757	6	0	0
9	134000001	0.832719	0.978757	6	0	0
9	134500001	0.978757	0.978757	6	0	0
9	135000001	0.99716	0.978757	6	0	0
9	135500001	1.01073	0.978757	6	0	0
9	136000001	0.726986	0.695265	4	0	0
9	136500001	0.663545	0.695265	4	0	0
9	137000001	0.625201	0.695265	4	0	0
9	137500001	0.98654	0.695265	4	0	0
9	138000001	-1	-1	-1	0	0
GL000008.2	1	0.606211	0.606211	4	0	0
GL000009.2	1	0.272166	0.272166	2	0	0
GL000194.1	1	0.593743	0.593743	4	0	0
GL000195.1	1	0.31074	0.31074	2	0	0
GL000205.2	1	0.376799	0.376799	2	0	0
GL000208.1	1	-1	-1	-1	0	0
GL000213.1	1	2.8606	2.8606	17	0	0
GL000214.1	1	0.122978	0.122978	1	0	0
GL000216.2	1	0.31782	0.31782	2	0	0
GL000218.1	1	0.432663	0.432663	3	0	0
GL000219.1	1	0.414855	0.414855	2	0	0
GL000220.1	1	0.275378	0.275378	2	0	0
GL000221.1	1	0.196438	0.196438	1	0	0
GL000224.1	1	0.280531	0.280531	2	0	0
GL000225.1	1	0.469393	0.469393	3	0	0
GL000226.1	1	-1	-1	-1	0	0
KI270302.1	1	0.00970378	0.00970378	0	0	0
KI270303.1	1	0.00609158	0.00609158	0	0	0
KI270304.1	1	0.0127282	0.0127282	0	0	0
KI270305.1	1	0.000299126	0.000299126	0	0	0
KI270310.1	1	0.00271168	0.00271168	0	0	0
KI270311.1	1	0.0186684	0.0186684	0	0	0
KI270312.1	1	0	0	0	0	0
KI270315.1	1	0.00416102	0.00416102	0	0	0
KI270316.1	1	0.00147849	0.00147849	0	0	0
KI270317.1	1	0	0	0	0	0
KI270320.1	1	0.0124366	0.0124366	0	0	0
KI270322.1	1	0.939513	0.939513	6	0	0
KI270329.1	1	0.00448197	0.00448197	0	0	0
KI270330.1	1	0.00100276	0.00100276	0	0	0
KI270333.1	1	0.000315597	0.000315597	0	0	0
KI270334.1	1	0.00441292	0.00441292	0	0	0
KI270335.1	1	0.000299798	0.000299798	0	0	0
KI270336.1	1	0.00249542	0.00249542	0	0	0
KI270337.1	1	0.00177411	0.00177411	0	0	0
KI270338.1	1	0.00626052	0.00626052	0	0	0
KI270340.1	1	0.000591397	0.000591397	0	0	0
KI270362.1	1	0.0239558	0.0239558	0	0	0
KI270363.1	1	0.00124352	0.00124352	0	0	0
KI270364.1	1	0.000932567	0.000932567	0	0	0
KI270366.1	1	0.0277425	0.0277425	0	0	0
KI270371.1	1	0	0	0	0	0
KI270372.1	1	0.00148414	0.00148414	0	0	0
KI270373.1	1	0.00798664	0.00798664	0	0	0
KI270374.1	1	0.00580181	0.00580181	0	0	0
KI270375.1	1	0.00916644	0.00916644	0	0	0
KI270376.1	1	0	0	0	0	0
KI270378.1	1	0.000917566	0.000917566	0	0	0
KI270379.1	1	0.00402244	0.00402244	0	0	0
KI270381.1	1	0.00477832	0.00477832	0	0	0
KI270382.1	1	0.0101443	0.0101443	0	0	0
KI270383.1	1	0.00373786	0.00373786	0	0	0
KI270384.1	1	0.0600559	0.0600559	0	0	0
KI270385.1	1	0.00178012	0.00178012	0	0	0
KI270386.1	1	0.0400403	0.0400403	0	0	0
KI270387.1	1	0.00217432	0.00217432	0	0	0
KI270388.1	1	0.00893471	0.00893471	0	0	0
KI270389.1	1	0	0	0	0	0
KI270390.1	1	0.00293029	0.00293029	0	0	0
KI270391.1	1	0.0041534	0.0041534	0	0	0
KI270392.1	1	0.00126052	0.00126052	0	0	0
KI270393.1	1	0.0129387	0.0129387	0	0	0
KI270395.1	1	0.000958439	0.000958439	0	0	0
KI270396.1	1	0.00301003	0.00301003	0	0	0
KI270411.1	1	0.00700901	0.00700901	0	0	0
KI270412.1	1	0.00689402	0.00689402	0	0	0
KI270414.1	1	0.0111001	0.0111001	0	0	0
KI270417.1	1	0.0101048	0.0101048	0	0	0
KI270418.1	1	0.00315225	0.00315225	0	0	0
KI270419.1	1	0	0	0	0	0
KI270420.1	1	0.0147669	0.0147669	0	0	0
KI270422.1	1	0.000602676	0.000602676	0	0	0
KI270423.1	1	0.000318279	0.000318279	0	0	0
KI270424.1	1	0.00352163	0.00352163	0	0	0
KI270425.1	1	0.00679244	0.00679244	0	0	0
KI270429.1	1	0	0	0	0	0
KI270435.1	1	0.347246	0.347246	2	0	0
KI270438.1	1	0.160677	0.160677	1	0	0
KI270442.1	1	1.88734	1.88734	11	0	0
KI270448.1	1	0.0160008	0.0160008	0	0	0
KI270465.1	1	0.00244452	0.00244452	0	0	0
KI270466.1	1	0.00062639	0.00062639	0	0	0
KI270467.1	1	0.0125785	0.0125785	0	0	0
KI270468.1	1	0	0	0	0	0
KI270507.1	1	0.0596357	0.0596357	0	0	0
KI270508.1	1	0.00504532	0.00504532	0	0	0
KI270509.1	1	0.00301691	0.00301691	0	0	0
KI270510.1	1	0.00218708	0.00218708	0	0	0
KI270511.1	1	0.028407	0.028407	0	0	0
KI270512.1	1	-1	-1	-1	0	0
KI270515.1	1	0.0421191	0.0421191	0	0	0
KI270516.1	1	0	0	0	0	0
KI270517.1	1	0.0106856	0.0106856	0	0	0
KI270518.1	1	0.00239399	0.00239399	0	0	0
KI270519.1	1	0.565367	0.565367	3	0	0
KI270521.1	1	0.00739478	0.00739478	0	0	0
KI270522.1	1	0.0248404	0.0248404	0	0	0
KI270528.1	1	0.11132	0.11132	1	0	0
KI270529.1	1	0.00149454	0.00149454	0	0	0
KI270530.1	1	0.000594968	0.000594968	0	0	0
KI270538.1	1	0.127898	0.127898	1	0	0
KI270539.1	1	0.00125718	0.00125718	0	0	0
KI270544.1	1	0.0127801	0.0127801	0	0	0
KI270548.1	1	0.00425752	0.00425752	0	0	0
KI270579.1	1	0	0	0	0	0
KI270580.1	1	0.00256661	0.00256661	0	0	0
KI270581.1	1	0.0142335	0.0142335	0	0	0
KI270582.1	1	0.0545984	0.0545984	0	0	0
KI270583.1	1	0.000295883	0.000295883	0	0	0
KI270584.1	1	0.0609918	0.0609918	0	0	0
KI270587.1	1	0.00418293	0.00418293	0	0	0
KI270588.1	1	0.0408293	0.0408293	0	0	0
KI270589.1	1	0.00660827	0.00660827	0	0	0
KI270590.1	1	0.0215752	0.0215752	0	0	0
KI270591.1	1	0.00843775	0.00843775	0	0	0
KI270593.1	1	0.000671067	0.000671067	0	0	0
KI270706.1	1	0.343277	0.343277	2	0	0
KI270707.1	1	0.0419074	0.0419074	0	0	0
KI270708.1	1	0.262803	0.262803	2	0	0
KI270709.1	1	0.212739	0.212739	1	0	0
KI270710.1	1	0.0678869	0.0678869	0	0	0
KI270711.1	1	0.0814728	0.0814728	0	0	0
KI270712.1	1	0.393224	0.393224	2	0	0
KI270713.1	1	0.154006	0.154006	1	0	0
KI270714.1	1	0.151591	0.151591	1	0	0
KI270715.1	1	0.539084	0.539084	3	0	0
KI270716.1	1	0.131202	0.131202	1	0	0
KI270717.1	1	0.0991442	0.0991442	1	0	0
KI270718.1	1	-1	-1	-1	0	0
KI270719.1	1	1.63081	1.63081	10	0	0
KI270720.1	1	0.118112	0.118112	1	0	0
KI270721.1	1	0.198076	0.198076	1	0	0
KI270722.1	1	0.508258	0.508258	3	0	0
KI270723.1	1	0.0876867	0.0876867	1	0	0
KI270724.1	1	0.045313	0.045313	0	0	0
KI270725.1	1	0.865484	0.865484	5	0	0
KI270726.1	1	0.331702	0.331702	2	0	0
KI270727.1	1	0.938547	0.938547	6	0	0
KI270728.1	1	0.350868	0.350868	2	0	0
KI270729.1	1	2.9989	2.9989	18	0	0
KI270730.1	1	-1	-1	-1	0	0
KI270731.1	1	0.645874	0.645874	4	0	0
KI270732.1	1	0.17681	0.17681	1	0	0
KI270733.1	1	1.23763	1.23763	7	0	0
KI270734.1	1	0.0734472	0.0734472	0	0	0
KI270735.1	1	0.158156	0.158156	1	0	0
KI270736.1	1	2.37138	2.37138	14	0	0
KI270737.1	1	0.0451256	0.0451256	0	0	0
KI270738.1	1	0.0544458	0.0544458	0	0	0
KI270739.1	1	0.29302	0.29302	2	0	0
KI270740.1	1	0.0298658	0.0298658	0	0	0
KI270741.1	1	0.499134	0.499134	3	0	0
KI270742.1	1	0.682248	0.682248	4	0	0
KI270743.1	1	0.582948	0.582948	3	0	0
KI270744.1	1	0.18313	0.18313	1	0	0
KI270745.1	1	0.0570965	0.0570965	0	0	0
KI270746.1	1	0.120311	0.120311	1	0	0
KI270747.1	1	0.416319	0.416319	2	0	0
KI270748.1	1	0.175207	0.175207	1	0	0
KI270749.1	1	0.13707	0.13707	1	0	0
KI270750.1	1	0.222406	0.222406	1	0	0
KI270751.1	1	0.373161	0.373161	2	0	0
KI270752.1	1	0.0155437	0.0155437	0	0	0
KI270753.1	1	-1	-1	-1	0	0
KI270754.1	1	0.0767954	0.0767954	0	0	0
KI270755.1	1	0.0748946	0.0748946	0	0	0
KI270756.1	1	0.0615997	0.0615997	0	0	0
KI270757.1	1	2.93841	2.93841	18	0	0
MT	1	13.2906	13.2906	80	0	0
X	1	-1	-1	-1	0	0
X	500001	0.745737	0.793053	5	0	0
X	1000001	0.724878	0.793053	5	0	0
X	1500001	0.769258	0.793053	5	0	0
X	2000001	-1	0.793053	5	0	0
X	2500001	0.847257	0.793053	5	0	0
X	3000001	0.814864	0.793053	5	0	0
X	3500001	0.697692	0.793053	5	0	0
X	4000001	0.813978	0.793053	5	0	0
X	4500001	0.809949	0.793053	5	0	0
X	5000001	0.842248	0.793053	5	0	0
X	5500001	0.793053	0.793053	5	0	0
X	6000001	0.791902	0.793053	5	0	0
X	6500001	0.778523	0.793053	5	0	0
X	7000001	0.797013	0.793053	5	0	0
X	7500001	0.848984	0.850416	5	0	0
X	8000001	0.84332	0.850416	5	0	0
X	8500001	0.850251	0.850416	5	0	0
X	9000001	0.815035	0.850416	5	0	0
X	9500001	0.838355	0.850416	5	0	0
X	10000001	0.85604	0.850416	5	0	0
X	10500001	0.857809	0.850416	5	0	0
X	11000001	0.887188	0.850416	5	0	0
X	11500001	0.797085	0.850416	5	0	0
X	12000001	0.812919	0.850416	5	0	0
X	12500001	0.863069	0.850416	5	0	0
X	13000001	0.850727	0.850416	5	0	0
X	13500001	0.849851	0.850416	5	0	0
X	14000001	0.862735	0.850416	5	0	0
X	14500001	0.880953	0.850416	5	0	0
X	15000001	0.823907	0.850416	5	0	0
X	15500001	0.814055	0.850416	5	0	0
X	16000001	0.867865	0.850416	5	0	0
X	16500001	0.822086	0.850416	5	0	0
X	17000001	0.877451	0.850416	5	0	0
X	17500001	0.824706	0.850416	5	0	0
X	18000001	0.830266	0.850416	5	0	0
X	18500001	0.80463	0.850416	5	0	0
X	19000001	0.805962	0.850416	5	0	0
X	19500001	0.815072	0.850416	5	0	0
X	20000001	0.804562	0.850416	5	0	0
X	20500001	0.868968	0.850416	5	0	0
X	21000001	0.872892	0.850416	5	0	0
X	21500001	0.823372	0.850416	5	0	0
X	22000001	0.805209	0.850416	5	0	0
X	22500001	0.866442	0.850416	5	0	0
X	23000001	0.837197	0.850416	5	0	0
X	23500001	0.815564	0.850416	5	0	0
X	24000001	0.812069	0.850416	5	0	0
X	24500001	0.797108	0.850416	5	0	0
X	25000001	0.81709	0.850416	5	0	0
X	25500001	0.892679	0.850416	5	0	0
X	26000001	0.878528	0.850416	5	0	0
X	26500001	0.93044	0.850416	5	0	0
X	27000001	0.849744	0.850416	5	0	0
X	27500001	0.865507	0.850416	5	0	0
X	28000001	0.86184	0.850416	5	0	0
X	28500001	0.898874	0.850416	5	0	0
X	29000001	0.896311	0.850416	5	0	0
X	29500001	0.870959	0.850416	5	0	0
X	30000001	0.829946	0.850416	5	0	0
X	30500001	0.829128	0.850416	5	0	0
X	31000001	0.816914	0.850416	5	0	0
X	31500001	0.872573	0.850416	5	0	0
X	32000001	0.927985	0.850416	5	0	0
X	32500001	0.873273	0.850416	5	0	0
X	33000001	0.907198	0.850416	5	0	0
X	33500001	0.907782	0.850416	5	0	0
X	34000001	0.885151	0.850416	5	0	0
X	34500001	0.86403	0.850416	5	0	0
X	35000001	0.851867	0.850416	5	0	0
X	35500001	0.844632	0.850416	5	0	0
X	36000001	0.944522	0.850416	5	0	0
X	36500001	0.861586	0.850416	5	0	0
X	37000001	-1	0.850416	5	0	0
X	37500001	0.8466	0.850416	5	0	0
X	38000001	0.855232	0.850416	5	0	0
X	38500001	0.824272	0.850416	5	0	0
X	39000001	0.833586	0.850416	5	0	0
X	39500001	0.860128	0.850416	5	0	0
X	40000001	0.862475	0.850416	5	0	0
X	40500001	0.832541	0.850416	5	0	0
X	41000001	0.81879	0.850416	5	0	0
X	41500001	0.865533	0.850416	5	0	0
X	42000001	0.850337	0.850416	5	0	0
X	42500001	0.871743	0.850416	5	0	0
X	43000001	0.875436	0.850416	5	0	0
X	43500001	0.850495	0.850416	5	0	0
X	44000001	0.862637	0.850416	5	0	0
X	44500001	0.78112	0.850416	5	0	0
X	45000001	0.867769	0.850416	5	0	0
X	45500001	0.890384	0.850416	5	0	0
X	46000001	0.874109	0.850416	5	0	0
X	46500001	0.808734	0.850416	5	0	0
X	47000001	0.804174	0.850416	5	0	0
X	47500001	0.83324	0.850416	5	0	0
X	48000001	0.829533	0.850416	5	0	0
X	48500001	0.874747	0.850416	5	0	0
X	49000001	-1	0.850416	5	0	0
X	49500001	0.898929	0.850416	5	0	0
X	50000001	0.791952	0.850416	5	0	0
X	50500001	0.832588	0.850416	5	0	0
X	51000001	0.827996	0.850416	5	0	0
X	51500001	0.745197	0.669721	4	0	0
X	52000001	0.655468	0.669721	4	0	0
X	52500001	0.643479	0.669721	4	0	0
X	53000001	0.661597	0.669721	4	0	0
X	53500001	0.620432	0.669721	4	0	0
X	54000001	0.600686	0.669721	4	0	0
X	54500001	0.687496	0.669721	4	0	0
X	55000001	0.684922	0.669721	4	0	0
X	55500001	0.649548	0.669721	4	0	0
X	56000001	0.672724	0.669721	4	0	0
X	56500001	0.669721	0.669721	4	0	0
X	57000001	0.678012	0.669721	4	0	0
X	57500001	0.706821	0.669721	4	0	0
X	58000001	0.718538	0.669721	4	0	0
X	58500001	0.629627	0.669721	4	0	0
X	59000001	0.614843	0.559059	3	0	0
X	59500001	0.569615	0.559059	3	0	0
X	60000001	0.553478	0.559059	3	0	0
X	60500001	0.530236	0.559059	3	0	0
X	61000001	0.559059	0.559059	3	0	0
X	61500001	0.525847	0.559059	3	0	0
X	62000001	0.576518	0.559059	3	0	0
X	62500001	0.767675	0.690722	4	0	0
X	63000001	0.681953	0.690722	4	0	0
X	63500001	0.647742	0.690722	4	0	0
X	64000001	0.682059	0.690722	4	0	0
X	64500001	0.660265	0.690722	4	0	0
X	65000001	0.698917	0.690722	4	0	0
X	65500001	0.67342	0.690722	4	0	0
X	66000001	0.700525	0.690722	4	0	0
X	66500001	0.663937	0.690722	4	0	0
X	67000001	0.703114	0.690722	4	0	0
X	67500001	0.700321	0.690722	4	0	0
X	68000001	0.651149	0.690722	4	0	0
X	68500001	0.691055	0.690722	4	0	0
X	69000001	0.725633	0.690722	4	0	0
X	69500001	0.672913	0.690722	4	0	0
X	70000001	0.650688	0.690722	4	0	0
X	70500001	0.657268	0.690722	4	0	0
X	71000001	0.645181	0.690722	4	0	0
X	71500001	0.669482	0.690722	4	0	0
X	72000001	0.690494	0.690722	4	0	0
X	72500001	0.666261	0.690722	4	0	0
X	73000001	0.626453	0.690722	4	0	0
X	73500001	0.68825	0.690722	4	0	0
X	74000001	0.657179	0.690722	4	0	0
X	74500001	0.666153	0.690722	4	0	0
X	75000001	0.66598	0.690722	4	0	0
X	75500001	0.634036	0.690722	4	0	0
X	76000001	0.662582	0.690722	4	0	0
X	76500001	0.657593	0.690722	4	0	0
X	77000001	0.677876	0.690722	4	0	0
X	77500001	0.626674	0.690722	4	0	0
X	78000001	0.688394	0.690722	4	0	0
X	78500001	0.747275	0.690722	4	0	0
X	79000001	0.741789	0.690722	4	0	0
X	79500001	0.70641	0.690722	4	0	0
X	80000001	0.684634	0.690722	4	0	0
X	80500001	0.687815	0.690722	4	0	0
X	81000001	0.702605	0.690722	4	0	0
X	81500001	0.706405	0.690722	4	0	0
X	82000001	0.715165	0.690722	4	0	0
X	82500001	0.703871	0.690722	4	0	0
X	83000001	0.727908	0.690722	4	0	0
X	83500001	0.729964	0.690722	4	0	0
X	84000001	0.745399	0.690722	4	0	0
X	84500001	0.668784	0.690722	4	0	0
X	85000001	0.725487	0.690722	4	0	0
X	85500001	0.737871	0.690722	4	0	0
X	86000001	0.693038	0.690722	4	0	0
X	86500001	0.757472	0.690722	4	0	0
X	87000001	0.768562	0.690722	4	0	0
X	87500001	0.727142	0.690722	4	0	0
X	88000001	0.710858	0.690722	4	0	0
X	88500001	0.769641	0.690722	4	0	0
X	89000001	0.679656	0.690722	4	0	0
X	89500001	0.632738	0.690722	4	0	0
X	90000001	0.692407	0.690722	4	0	0
X	90500001	0.708698	0.690722	4	0	0
X	91000001	0.716241	0.690722	4	0	0
X	91500001	0.665537	0.690722	4	0	0
X	92000001	0.709637	0.690722	4	0	0
X	92500001	0.694106	0.690722	4	0	0
X	93000001	0.711535	0.690722	4	0	0
X	93500001	0.70925	0.690722	4	0	0
X	94000001	0.702328	0.690722	4	0	0
X	94500001	0.732192	0.690722	4	0	0
X	95000001	0.737154	0.690722	4	0	0
X	95500001	0.707699	0.690722	4	0	0
X	96000001	0.702203	0.690722	4	0	0
X	96500001	0.689267	0.690722	4	0	0
X	97000001	0.629207	0.690722	4	0	0
X	97500001	0.70305	0.690722	4	0	0
X	98000001	0.692264	0.690722	4	0	0
X	98500001	0.724838	0.690722	4	0	0
X	99000001	0.712476	0.690722	4	0	0
X	99500001	0.682937	0.690722	4	0	0
X	100000001	0.68077	0.690722	4	0	0
X	100500001	0.66056	0.690722	4	0	0
X	101000001	0.642783	0.690722	4	0	0
X	101500001	0.681101	0.690722	4	0	0
X	102000001	0.688602	0.690722	4	0	0
X	102500001	0.661384	0.690722	4	0	0
X	103000001	0.694033	0.690722	4	0	0
X	103500001	0.667809	0.690722	4	0	0
X	104000001	0.682156	0.690722	4	0	0
X	104500001	0.7015	0.690722	4	0	0
X	105000001	0.69376	0.690722	4	0	0
X	105500001	0.711842	0.690722	4	0	0
X	106000001	0.688809	0.690722	4	0	0
X	106500001	0.737813	0.690722	4	0	0
X	107000001	0.692062	0.690722	4	0	0
X	107500001	0.661837	0.690722	4	0	0
X	108000001	0.70511	0.690722	4	0	0
X	108500001	0.720592	0.690722	4	0	0
X	109000001	0.692245	0.690722	4	0	0
X	109500001	0.675326	0.690722	4	0	0
X	110000001	0.703737	0.690722	4	0	0
X	110500001	0.701667	0.690722	4	0	0
X	111000001	0.720129	0.690722	4	0	0
X	111500001	0.690949	0.690722	4	0	0
X	112000001	0.680528	0.690722	4	0	0
X	112500001	0.645567	0.690722	4	0	0
X	113000001	0.68787	0.690722	4	0	0
X	113500001	0.685688	0.690722	4	0	0
X	114000001	0.683592	0.690722	4	0	0
X	114500001	0.737716	0.690722	4	0	0
X	115000001	0.680154	0.690722	4	0	0
X	115500001	-1	0.690722	4	0	0
X	116000001	0.746649	0.690722	4	0	0
X	116500001	0.69298	0.690722	4	0	0
X	117000001	0.659871	0.690722	4	0	0
X	117500001	0.683256	0.690722	4	0	0
X	118000001	0.6763	0.690722	4	0	0
X	118500001	0.665676	0.690722	4	0	0
X	119000001	0.646754	0.690722	4	0	0
X	119500001	0.630335	0.690722	4	0	0
X	120000001	0.665161	0.690722	4	0	0
X	120500001	0.642913	0.690722	4	0	0
X	121000001	0.685469	0.690722	4	0	0
X	121500001	0.702852	0.690722	4	0	0
X	122000001	0.715282	0.690722	4	0	0
X	122500001	0.67795	0.690722	4	0	0
X	123000001	0.723281	0.690722	4	0	0
X	123500001	0.617395	0.690722	4	0	0
X	124000001	0.681132	0.690722	4	0	0
X	124500001	0.74007	0.690722	4	0	0
X	125000001	0.685731	0.690722	4	0	0
X	125500001	0.700791	0.690722	4	0	0
X	126000001	0.695009	0.690722	4	0	0
X	126500001	0.711044	0.690722	4	0	0
X	127000001	0.733553	0.690722	4	0	0
X	127500001	0.74868	0.690722	4	0	0
X	128000001	0.72039	0.690722	4	0	0
X	128500001	0.625183	0.690722	4	0	0
X	129000001	0.723309	0.690722	4	0	0
X	129500001	0.698495	0.690722	4	0	0
X	130000001	0.677717	0.690722	4	0	0
X	130500001	0.677437	0.690722	4	0	0
X	131000001	0.685663	0.690722	4	0	0
X	131500001	0.684999	0.690722	4	0	0
X	132000001	0.662992	0.668401	4	0	0
X	132500001	0.652038	0.668401	4	0	0
X	133000001	0.616711	0.668401	4	0	0
X	133500001	0.641173	0.668401	4	0	0
X	134000001	0.664195	0.668401	4	0	0
X	134500001	0.677554	0.668401	4	0	0
X	135000001	0.682934	0.668401	4	0	0
X	135500001	0.690899	0.668401	4	0	0
X	136000001	0.676472	0.668401	4	0	0
X	136500001	0.639874	0.668401	4	0	0
X	137000001	0.661153	0.668401	4	0	0
X	137500001	0.647443	0.668401	4	0	0
X	138000001	0.684743	0.668401	4	0	0
X	138500001	0.70016	0.668401	4	0	0
X	139000001	0.662935	0.668401	4	0	0
X	139500001	0.666531	0.668401	4	0	0
X	140000001	0.627204	0.668401	4	0	0
X	140500001	0.659226	0.668401	4	0	0
X	141000001	0.681731	0.668401	4	0	0
X	141500001	0.662575	0.668401	4	0	0
X	142000001	0.645094	0.668401	4	0	0
X	142500001	0.666155	0.668401	4	0	0
X	143000001	0.679865	0.668401	4	0	0
X	143500001	0.645483	0.668401	4	0	0
X	144000001	0.713046	0.668401	4	0	0
X	144500001	0.707043	0.668401	4	0	0
X	145000001	0.670272	0.668401	4	0	0
X	145500001	0.654239	0.668401	4	0	0
X	146000001	0.653858	0.668401	4	0	0
X	146500001	0.689627	0.668401	4	0	0
X	147000001	0.71076	0.668401	4	0	0
X	147500001	0.671254	0.668401	4	0	0
X	148000001	0.682368	0.668401	4	0	0
X	148500001	0.690389	0.668401	4	0	0
X	149000001	0.655874	0.668401	4	0	0
X	149500001	0.690678	0.668401	4	0	0
X	150000001	0.70224	0.668401	4	0	0
X	150500001	0.679645	0.668401	4	0	0
X	151000001	0.664714	0.668401	4	0	0
X	151500001	0.660431	0.668401	4	0	0
X	152000001	0.678633	0.668401	4	0	0
X	152500001	0.690589	0.668401	4	0	0
X	153000001	0.739295	0.668401	4	0	0
X	153500001	0.586851	0.668401	4	0	0
X	154000001	0.884132	0.884132	5	0	0
X	154500001	0.712953	0.67247	4	0	0
X	155000001	0.655678	0.67247	4	0	0
X	155500001	0.67247	0.67247	4	0	0
X	156000001	-1	-1	-1	0	0
