Chromosome	Start	Ratio	MedianRatio	CopyNumber	Subclone_CN	Subclone_Population
1	1	-1	-1	-1	0	0
1	500001	1.05014	1.05014	6	0	0
1	1000001	2.62544	2.62544	16	0	0
1	1500001	0.996971	0.996971	6	0	0
1	2000001	1.45165	1.6346	10	0	0
1	2500001	1.81755	1.6346	10	0	0
1	3000001	1.30182	1.30182	8	0	0
1	3500001	0.986913	0.985169	6	0	0
1	4000001	0.946652	0.985169	6	0	0
1	4500001	0.950519	0.985169	6	0	0
1	5000001	0.987348	0.985169	6	0	0
1	5500001	1.00775	0.985169	6	0	0
1	6000001	1.09062	0.985169	6	0	0
1	6500001	0.95313	0.985169	6	0	0
1	7000001	0.996009	0.985169	6	0	0
1	7500001	0.990372	0.985169	6	0	0
1	8000001	1.01494	0.985169	6	0	0
1	8500001	0.990947	0.985169	6	0	0
1	9000001	0.954597	0.985169	6	0	0
1	9500001	0.935542	0.985169	6	0	0
1	10000001	0.971631	0.985169	6	0	0
1	10500001	1.01867	0.985169	6	0	0
1	11000001	0.984018	0.985169	6	0	0
1	11500001	0.952724	0.985169	6	0	0
1	12000001	0.978087	0.985169	6	0	0
1	12500001	0.943231	0.985169	6	0	0
1	13000001	0.943152	0.985169	6	0	0
1	13500001	0.997846	0.985169	6	0	0
1	14000001	1.01518	0.985169	6	0	0
1	14500001	0.98632	0.985169	6	0	0
1	15000001	1.0001	0.985169	6	0	0
1	15500001	0.927423	0.985169	6	0	0
1	16000001	0.955655	0.985169	6	0	0
1	16500001	1.64533	1.64533	10	0	0
1	17000001	0.980359	1.02553	6	0	0
1	17500001	0.981399	1.02553	6	0	0
1	18000001	0.986978	1.02553	6	0	0
1	18500001	1.0058	1.02553	6	0	0
1	19000001	1.03664	1.02553	6	0	0
1	19500001	0.965369	1.02553	6	0	0
1	20000001	1.01862	1.02553	6	0	0
1	20500001	1.00857	1.02553	6	0	0
1	21000001	0.940663	1.02553	6	0	0
1	21500001	0.946898	1.02553	6	0	0
1	22000001	1.00239	1.02553	6	0	0
1	22500001	0.976787	1.02553	6	0	0
1	23000001	0.96601	1.02553	6	0	0
1	23500001	0.94411	1.02553	6	0	0
1	24000001	1.01873	1.02553	6	0	0
1	24500001	0.96036	1.02553	6	0	0
1	25000001	0.885969	1.02553	6	0	0
1	25500001	1.00297	1.02553	6	0	0
1	26000001	0.984259	1.02553	6	0	0
1	26500001	0.959738	1.02553	6	0	0
1	27000001	0.94299	1.02553	6	0	0
1	27500001	0.958139	1.02553	6	0	0
1	28000001	0.981835	1.02553	6	0	0
1	28500001	0.94994	1.02553	6	0	0
1	29000001	0.995763	1.02553	6	0	0
1	29500001	1.03913	1.02553	6	0	0
1	30000001	1.04125	1.02553	6	0	0
1	30500001	1.02112	1.02553	6	0	0
1	31000001	0.970454	1.02553	6	0	0
1	31500001	0.983866	1.02553	6	0	0
1	32000001	0.962539	1.02553	6	0	0
1	32500001	0.960763	1.02553	6	0	0
1	33000001	1.06285	1.02553	6	0	0
1	33500001	1.05797	1.02553	6	0	0
1	34000001	1.0138	1.02553	6	0	0
1	34500001	1.02954	1.02553	6	0	0
1	35000001	0.997229	1.02553	6	0	0
1	35500001	0.98831	1.02553	6	0	0
1	36000001	0.942926	1.02553	6	0	0
1	36500001	0.982008	1.02553	6	0	0
1	37000001	1.03832	1.02553	6	0	0
1	37500001	0.986839	1.02553	6	0	0
1	38000001	1.01655	1.02553	6	0	0
1	38500001	1.00135	1.02553	6	0	0
1	39000001	1.0362	1.02553	6	0	0
1	39500001	1.00295	1.02553	6	0	0
1	40000001	1.00797	1.02553	6	0	0
1	40500001	0.982443	1.02553	6	0	0
1	41000001	1.05287	1.02553	6	0	0
1	41500001	1.04389	1.02553	6	0	0
1	42000001	1.01287	1.02553	6	0	0
1	42500001	1.06439	1.02553	6	0	0
1	43000001	0.996112	1.02553	6	0	0
1	43500001	1.01024	1.02553	6	0	0
1	44000001	1.03834	1.02553	6	0	0
1	44500001	0.999344	1.02553	6	0	0
1	45000001	0.996194	1.02553	6	0	0
1	45500001	1.02553	1.02553	6	0	0
1	46000001	0.996812	1.02553	6	0	0
1	46500001	1.10913	1.02553	6	0	0
1	47000001	0.985482	1.02553	6	0	0
1	47500001	0.99736	1.02553	6	0	0
1	48000001	0.977233	1.02553	6	0	0
1	48500001	1.00326	1.02553	6	0	0
1	49000001	1.02526	1.02553	6	0	0
1	49500001	1.01985	1.02553	6	0	0
1	50000001	1.07469	1.02553	6	0	0
1	50500001	1.00226	1.02553	6	0	0
1	51000001	1.02196	1.02553	6	0	0
1	51500001	1.04347	1.02553	6	0	0
1	52000001	0.949301	1.02553	6	0	0
1	52500001	0.962585	1.02553	6	0	0
1	53000001	1.01881	1.02553	6	0	0
1	53500001	0.991268	1.02553	6	0	0
1	54000001	1.00538	1.02553	6	0	0
1	54500001	0.990324	1.02553	6	0	0
1	55000001	1.08264	1.02553	6	0	0
1	55500001	1.08747	1.02553	6	0	0
1	56000001	1.06868	1.02553	6	0	0
1	56500001	1.03837	1.02553	6	0	0
1	57000001	1.01187	1.02553	6	0	0
1	57500001	1.00143	1.02553	6	0	0
1	58000001	1.0679	1.02553	6	0	0
1	58500001	1.0401	1.02553	6	0	0
1	59000001	1.06979	1.02553	6	0	0
1	59500001	1.02317	1.02553	6	0	0
1	60000001	1.01327	1.02553	6	0	0
1	60500001	1.04606	1.02553	6	0	0
1	61000001	1.03302	1.02553	6	0	0
1	61500001	0.980202	1.02553	6	0	0
1	62000001	0.942241	1.02553	6	0	0
1	62500001	1.02831	1.02553	6	0	0
1	63000001	0.991109	1.02553	6	0	0
1	63500001	1.045	1.02553	6	0	0
1	64000001	1.07588	1.02553	6	0	0
1	64500001	1.02573	1.02553	6	0	0
1	65000001	1.02495	1.02553	6	0	0
1	65500001	1.05318	1.02553	6	0	0
1	66000001	1.01525	1.02553	6	0	0
1	66500001	1.01242	1.02553	6	0	0
1	67000001	1.03305	1.02553	6	0	0
1	67500001	1.0205	1.02553	6	0	0
1	68000001	1.02739	1.02553	6	0	0
1	68500001	1.05167	1.02553	6	0	0
1	69000001	1.07208	1.02553	6	0	0
1	69500001	1.0872	1.02553	6	0	0
1	70000001	0.995945	1.02553	6	0	0
1	70500001	1.02836	1.02553	6	0	0
1	71000001	0.880073	1.02553	6	0	0
1	71500001	1.02732	1.02553	6	0	0
1	72000001	0.982692	1.02553	6	0	0
1	72500001	1.05809	1.02553	6	0	0
1	73000001	1.04407	1.02553	6	0	0
1	73500001	1.0385	1.02553	6	0	0
1	74000001	1.05197	1.02553	6	0	0
1	74500001	1.01642	1.02553	6	0	0
1	75000001	1.01539	1.02553	6	0	0
1	75500001	1.07439	1.02553	6	0	0
1	76000001	1.03637	1.02553	6	0	0
1	76500001	1.04064	1.02553	6	0	0
1	77000001	1.02488	1.02553	6	0	0
1	77500001	1.01369	1.02553	6	0	0
1	78000001	1.11051	1.02553	6	0	0
1	78500001	1.03087	1.02553	6	0	0
1	79000001	1.06477	1.02553	6	0	0
1	79500001	1.00756	1.02553	6	0	0
1	80000001	1.04957	1.02553	6	0	0
1	80500001	1.07493	1.02553	6	0	0
1	81000001	1.02244	1.02553	6	0	0
1	81500001	1.04449	1.02553	6	0	0
1	82000001	0.98964	1.02553	6	0	0
1	82500001	1.05942	1.02553	6	0	0
1	83000001	1.07429	1.02553	6	0	0
1	83500001	0.998808	1.02553	6	0	0
1	84000001	1.0611	1.02553	6	0	0
1	84500001	1.03521	1.02553	6	0	0
1	85000001	1.07692	1.02553	6	0	0
1	85500001	1.0153	1.02553	6	0	0
1	86000001	1.04327	1.02553	6	0	0
1	86500001	1.03054	1.02553	6	0	0
1	87000001	1.0656	1.02553	6	0	0
1	87500001	0.965015	1.02553	6	0	0
1	88000001	1.06587	1.02553	6	0	0
1	88500001	1.03298	1.02553	6	0	0
1	89000001	1.05745	1.02553	6	0	0
1	89500001	1.10992	1.02553	6	0	0
1	90000001	1.03683	1.02553	6	0	0
1	90500001	1.01809	1.02553	6	0	0
1	91000001	1.01628	1.02553	6	0	0
1	91500001	1.07113	1.02553	6	0	0
1	92000001	0.99932	1.02553	6	0	0
1	92500001	1.0314	1.02553	6	0	0
1	93000001	1.029	1.02553	6	0	0
1	93500001	1.11115	1.02553	6	0	0
1	94000001	1.08051	1.02553	6	0	0
1	94500001	1.12489	1.02553	6	0	0
1	95000001	1.06014	1.02553	6	0	0
1	95500001	1.0984	1.02553	6	0	0
1	96000001	1.04066	1.02553	6	0	0
1	96500001	1.07182	1.02553	6	0	0
1	97000001	1.06027	1.02553	6	0	0
1	97500001	1.07279	1.02553	6	0	0
1	98000001	1.0947	1.02553	6	0	0
1	98500001	1.09245	1.02553	6	0	0
1	99000001	1.05687	1.02553	6	0	0
1	99500001	1.05422	1.02553	6	0	0
1	100000001	1.06183	1.02553	6	0	0
1	100500001	1.01987	1.02553	6	0	0
1	101000001	1.00863	1.02553	6	0	0
1	101500001	1.05514	1.02553	6	0	0
1	102000001	1.04482	1.02553	6	0	0
1	102500001	1.0547	1.02553	6	0	0
1	103000001	1.04619	1.02553	6	0	0
1	103500001	1.14717	1.02553	6	0	0
1	104000001	1.01326	1.02553	6	0	0
1	104500001	1.05606	1.02553	6	0	0
1	105000001	1.01649	1.02553	6	0	0
1	105500001	1.01001	1.02553	6	0	0
1	106000001	1.02442	1.02553	6	0	0
1	106500001	1.03908	1.02553	6	0	0
1	107000001	1.0542	1.02553	6	0	0
1	107500001	0.999041	1.02553	6	0	0
1	108000001	1.03556	1.02553	6	0	0
1	108500001	0.982077	1.02553	6	0	0
1	109000001	0.995722	1.02553	6	0	0
1	109500001	1.04886	1.02553	6	0	0
1	110000001	1.05042	1.02553	6	0	0
1	110500001	1.05472	1.02553	6	0	0
1	111000001	1.05644	1.02553	6	0	0
1	111500001	1.10556	1.02553	6	0	0
1	112000001	1.04152	1.02553	6	0	0
1	112500001	1.03602	1.02553	6	0	0
1	113000001	1.03472	1.02553	6	0	0
1	113500001	1.03279	1.02553	6	0	0
1	114000001	1.02286	1.02553	6	0	0
1	114500001	1.00936	1.02553	6	0	0
1	115000001	1.1076	1.02553	6	0	0
1	115500001	1.036	1.02553	6	0	0
1	116000001	1.05056	1.02553	6	0	0
1	116500001	1.06225	1.02553	6	0	0
1	117000001	1.02892	1.02553	6	0	0
1	117500001	1.10537	1.02553	6	0	0
1	118000001	1.01219	1.02553	6	0	0
1	118500001	1.02519	1.02553	6	0	0
1	119000001	1.00002	1.02553	6	0	0
1	119500001	1.05687	1.02553	6	0	0
1	120000001	0.919889	1.02553	6	0	0
1	120500001	0.717527	1.02553	6	0	0
1	121000001	1.01174	1.02553	6	0	0
1	121500001	1.03922	1.02553	6	0	0
1	122000001	0.945686	1.02553	6	0	0
1	122500001	1.38208	1.57111	9	0	0
1	123000001	1.57111	1.57111	9	0	0
1	123500001	1.79833	1.57111	9	0	0
1	124000001	2.33923	2.33923	14	0	0
1	124500001	3.22096	3.22096	19	0	0
1	125000001	-1	-1	-1	0	0
1	125500001	-1	-1	-1	0	0
1	126000001	-1	-1	-1	0	0
1	126500001	-1	-1	-1	0	0
1	127000001	-1	-1	-1	0	0
1	127500001	-1	-1	-1	0	0
1	128000001	-1	-1	-1	0	0
1	128500001	-1	-1	-1	0	0
1	129000001	-1	-1	-1	0	0
1	129500001	-1	-1	-1	0	0
1	130000001	-1	-1	-1	0	0
1	130500001	-1	-1	-1	0	0
1	131000001	-1	-1	-1	0	0
1	131500001	-1	-1	-1	0	0
1	132000001	-1	-1	-1	0	0
1	132500001	-1	-1	-1	0	0
1	133000001	-1	-1	-1	0	0
1	133500001	-1	-1	-1	0	0
1	134000001	-1	-1	-1	0	0
1	134500001	-1	-1	-1	0	0
1	135000001	-1	-1	-1	0	0
1	135500001	-1	-1	-1	0	0
1	136000001	-1	-1	-1	0	0
1	136500001	-1	-1	-1	0	0
1	137000001	-1	-1	-1	0	0
1	137500001	-1	-1	-1	0	0
1	138000001	-1	-1	-1	0	0
1	138500001	-1	-1	-1	0	0
1	139000001	-1	-1	-1	0	0
1	139500001	-1	-1	-1	0	0
1	140000001	-1	-1	-1	0	0
1	140500001	-1	-1	-1	0	0
1	141000001	-1	-1	-1	0	0
1	141500001	-1	-1	-1	0	0
1	142000001	-1	-1	-1	0	0
1	142500001	-1	-1	-1	0	0
1	143000001	-1	-1	-1	0	0
1	143500001	1.09705	1.0093	6	0	0
1	144000001	1.00141	1.0093	6	0	0
1	144500001	1.04779	1.0093	6	0	0
1	145000001	1.11936	1.0093	6	0	0
1	145500001	1.06597	1.0093	6	0	0
1	146000001	0.979424	1.0093	6	0	0
1	146500001	0.99557	1.0093	6	0	0
1	147000001	0.996424	1.0093	6	0	0
1	147500001	1.00181	1.0093	6	0	0
1	148000001	0.999561	1.0093	6	0	0
1	148500001	1.13375	1.0093	6	0	0
1	149000001	1.1377	1.0093	6	0	0
1	149500001	1.05811	1.0093	6	0	0
1	150000001	0.96021	1.0093	6	0	0
1	150500001	0.945052	1.0093	6	0	0
1	151000001	0.964712	1.0093	6	0	0
1	151500001	1.00802	1.0093	6	0	0
1	152000001	1.102	1.0093	6	0	0
1	152500001	1.01892	1.0093	6	0	0
1	153000001	1.05959	1.0093	6	0	0
1	153500001	0.984967	1.0093	6	0	0
1	154000001	0.960731	1.0093	6	0	0
1	154500001	1.02993	1.0093	6	0	0
1	155000001	0.931871	1.0093	6	0	0
1	155500001	0.967589	1.0093	6	0	0
1	156000001	0.967549	1.0093	6	0	0
1	156500001	0.99036	1.0093	6	0	0
1	157000001	1.01661	1.0093	6	0	0
1	157500001	0.97692	1.0093	6	0	0
1	158000001	1.02758	1.0093	6	0	0
1	158500001	1.05788	1.0093	6	0	0
1	159000001	1.02373	1.0093	6	0	0
1	159500001	0.990556	1.0093	6	0	0
1	160000001	1.01801	1.0093	6	0	0
1	160500001	1.02114	1.0093	6	0	0
1	161000001	1.11033	1.0093	6	0	0
1	161500001	1.14847	1.0093	6	0	0
1	162000001	1.02624	1.0093	6	0	0
1	162500001	1.04474	1.0093	6	0	0
1	163000001	1.01679	1.0093	6	0	0
1	163500001	1.03086	1.0093	6	0	0
1	164000001	1.02691	1.0093	6	0	0
1	164500001	1.02925	1.0093	6	0	0
1	165000001	1.03252	1.0093	6	0	0
1	165500001	1.0084	1.0093	6	0	0
1	166000001	1.00926	1.0093	6	0	0
1	166500001	1.04176	1.0093	6	0	0
1	167000001	1.02899	1.0093	6	0	0
1	167500001	1.0495	1.0093	6	0	0
1	168000001	0.993885	1.0093	6	0	0
1	168500001	1.01663	1.0093	6	0	0
1	169000001	0.938195	1.0093	6	0	0
1	169500001	1.03178	1.0093	6	0	0
1	170000001	1.05135	1.0093	6	0	0
1	170500001	1.02144	1.0093	6	0	0
1	171000001	1.02044	1.0093	6	0	0
1	171500001	1.00192	1.0093	6	0	0
1	172000001	1.06162	1.0093	6	0	0
1	172500001	1.07294	1.0093	6	0	0
1	173000001	1.08388	1.0093	6	0	0
1	173500001	0.995341	1.0093	6	0	0
1	174000001	1.02513	1.0093	6	0	0
1	174500001	0.959146	1.0093	6	0	0
1	175000001	0.999908	1.0093	6	0	0
1	175500001	1.01678	1.0093	6	0	0
1	176000001	0.98166	1.0093	6	0	0
1	176500001	0.984531	1.0093	6	0	0
1	177000001	1.03543	1.0093	6	0	0
1	177500001	1.06845	1.0093	6	0	0
1	178000001	1.04774	1.0093	6	0	0
1	178500001	1.07218	1.0093	6	0	0
1	179000001	0.984663	1.0093	6	0	0
1	179500001	1.02238	1.0093	6	0	0
1	180000001	1.04763	1.0093	6	0	0
1	180500001	0.989269	1.0093	6	0	0
1	181000001	1.05447	1.0093	6	0	0
1	181500001	1.00685	1.0093	6	0	0
1	182000001	0.99991	1.0093	6	0	0
1	182500001	0.975456	1.0093	6	0	0
1	183000001	1.02729	1.0093	6	0	0
1	183500001	1.03675	1.0093	6	0	0
1	184000001	1.05143	1.0093	6	0	0
1	184500001	1.00285	1.0093	6	0	0
1	185000001	1.00554	1.0093	6	0	0
1	185500001	1.02007	1.0093	6	0	0
1	186000001	1.00368	1.0093	6	0	0
1	186500001	1.00438	1.0093	6	0	0
1	187000001	1.01742	1.0093	6	0	0
1	187500001	1.01023	1.0093	6	0	0
1	188000001	1.00227	1.0093	6	0	0
1	188500001	1.0293	1.0093	6	0	0
1	189000001	0.98997	1.0093	6	0	0
1	189500001	0.973009	1.0093	6	0	0
1	190000001	1.05569	1.0093	6	0	0
1	190500001	1.00854	1.0093	6	0	0
1	191000001	0.956839	1.0093	6	0	0
1	191500001	1.00467	1.0093	6	0	0
1	192000001	1.10038	1.0093	6	0	0
1	192500001	1.04994	1.0093	6	0	0
1	193000001	0.995434	1.0093	6	0	0
1	193500001	1.0269	1.0093	6	0	0
1	194000001	1.01943	1.0093	6	0	0
1	194500001	1.02554	1.0093	6	0	0
1	195000001	1.0104	1.0093	6	0	0
1	195500001	1.0093	1.0093	6	0	0
1	196000001	0.996425	1.0093	6	0	0
1	196500001	1.03411	1.0093	6	0	0
1	197000001	0.993627	1.0093	6	0	0
1	197500001	1.01633	1.0093	6	0	0
1	198000001	1.05398	1.0093	6	0	0
1	198500001	1.12772	1.0093	6	0	0
1	199000001	1.04357	1.0093	6	0	0
1	199500001	1.01086	1.0093	6	0	0
1	200000001	0.958182	1.0093	6	0	0
1	200500001	1.02114	1.0093	6	0	0
1	201000001	0.961178	1.0093	6	0	0
1	201500001	1.01445	1.0093	6	0	0
1	202000001	0.987248	1.0093	6	0	0
1	202500001	1.00004	1.0093	6	0	0
1	203000001	1.01145	1.0093	6	0	0
1	203500001	0.916995	1.0093	6	0	0
1	204000001	0.991495	1.0093	6	0	0
1	204500001	1.04723	1.0093	6	0	0
1	205000001	0.974949	1.0093	6	0	0
1	205500001	1.02985	1.0093	6	0	0
1	206000001	1.01009	1.0093	6	0	0
1	206500001	1.04694	1.0093	6	0	0
1	207000001	1.04018	1.0093	6	0	0
1	207500001	1.03856	1.0093	6	0	0
1	208000001	1.01198	1.0093	6	0	0
1	208500001	1.0189	1.0093	6	0	0
1	209000001	1.05749	1.0093	6	0	0
1	209500001	1.06451	1.0093	6	0	0
1	210000001	1.07416	1.0093	6	0	0
1	210500001	1.0547	1.0093	6	0	0
1	211000001	0.996401	1.0093	6	0	0
1	211500001	0.974413	1.0093	6	0	0
1	212000001	1.00008	1.0093	6	0	0
1	212500001	1.00568	1.0093	6	0	0
1	213000001	1.01141	1.0093	6	0	0
1	213500001	1.04718	1.0093	6	0	0
1	214000001	1.03662	1.0093	6	0	0
1	214500001	1.07243	1.0093	6	0	0
1	215000001	1.00282	1.0093	6	0	0
1	215500001	1.04479	1.0093	6	0	0
1	216000001	0.969973	1.0093	6	0	0
1	216500001	0.982796	1.0093	6	0	0
1	217000001	0.977071	1.0093	6	0	0
1	217500001	0.990829	1.0093	6	0	0
1	218000001	1.01475	1.0093	6	0	0
1	218500001	0.992084	1.0093	6	0	0
1	219000001	1.06641	1.0093	6	0	0
1	219500001	1.04763	1.0093	6	0	0
1	220000001	0.986392	1.0093	6	0	0
1	220500001	0.978456	1.0093	6	0	0
1	221000001	1.00688	1.0093	6	0	0
1	221500001	1.07831	1.0093	6	0	0
1	222000001	0.988034	1.0093	6	0	0
1	222500001	0.977034	1.0093	6	0	0
1	223000001	0.992526	1.0093	6	0	0
1	223500001	1.03706	1.0093	6	0	0
1	224000001	1.00205	1.0093	6	0	0
1	224500001	1.03205	1.0093	6	0	0
1	225000001	1.0869	1.0093	6	0	0
1	225500001	1.01353	1.0093	6	0	0
1	226000001	0.952523	1.0093	6	0	0
1	226500001	0.98864	1.0093	6	0	0
1	227000001	1.0307	1.0093	6	0	0
1	227500001	0.986142	1.0093	6	0	0
1	228000001	0.965064	1.0093	6	0	0
1	228500001	1.22468	1.0093	6	0	0
1	229000001	0.964925	1.0093	6	0	0
1	229500001	0.970631	1.0093	6	0	0
1	230000001	0.985796	1.0093	6	0	0
1	230500001	1.00306	1.0093	6	0	0
1	231000001	1.02203	1.0093	6	0	0
1	231500001	0.990698	1.0093	6	0	0
1	232000001	1.02706	1.0093	6	0	0
1	232500001	0.98025	1.0093	6	0	0
1	233000001	0.99197	1.0093	6	0	0
1	233500001	1.05406	1.0093	6	0	0
1	234000001	0.895258	1.0093	6	0	0
1	234500001	1.07791	1.0093	6	0	0
1	235000001	0.993338	1.0093	6	0	0
1	235500001	1.02074	1.0093	6	0	0
1	236000001	0.9718	1.0093	6	0	0
1	236500001	0.997233	1.0093	6	0	0
1	237000001	0.963917	1.0093	6	0	0
1	237500001	0.976497	1.0093	6	0	0
1	238000001	1.00464	1.0093	6	0	0
1	238500001	0.98367	1.0093	6	0	0
1	239000001	0.973721	1.0093	6	0	0
1	239500001	0.987693	1.0093	6	0	0
1	240000001	0.985868	1.0093	6	0	0
1	240500001	0.951192	1.0093	6	0	0
1	241000001	0.940008	1.0093	6	0	0
1	241500001	0.96487	1.0093	6	0	0
1	242000001	0.996072	1.0093	6	0	0
1	242500001	0.992581	1.0093	6	0	0
1	243000001	1.02292	1.0093	6	0	0
1	243500001	1.0228	1.0093	6	0	0
1	244000001	0.962467	1.0093	6	0	0
1	244500001	0.981181	1.0093	6	0	0
1	245000001	0.965454	1.0093	6	0	0
1	245500001	0.979756	1.0093	6	0	0
1	246000001	0.951442	1.0093	6	0	0
1	246500001	0.984705	1.0093	6	0	0
1	247000001	0.941656	1.0093	6	0	0
1	247500001	1.00978	1.0093	6	0	0
1	248000001	1.06486	1.0093	6	0	0
1	248500001	0.848048	1.0093	6	0	0
10	1	0.980876	0.991453	6	0	0
10	500001	0.944132	0.991453	6	0	0
10	1000001	0.967809	0.991453	6	0	0
10	1500001	0.989404	0.991453	6	0	0
10	2000001	0.994692	0.991453	6	0	0
10	2500001	0.9423	0.991453	6	0	0
10	3000001	0.991725	0.991453	6	0	0
10	3500001	1.01369	0.991453	6	0	0
10	4000001	1.01292	0.991453	6	0	0
10	4500001	1.02467	0.991453	6	0	0
10	5000001	1.06123	0.991453	6	0	0
10	5500001	0.988873	0.991453	6	0	0
10	6000001	0.976574	0.991453	6	0	0
10	6500001	0.987162	0.991453	6	0	0
10	7000001	0.960614	0.991453	6	0	0
10	7500001	0.968326	0.991453	6	0	0
10	8000001	0.949194	0.991453	6	0	0
10	8500001	0.984856	0.991453	6	0	0
10	9000001	1.00603	0.991453	6	0	0
10	9500001	0.976029	0.991453	6	0	0
10	10000001	0.948631	0.991453	6	0	0
10	10500001	1.00055	0.991453	6	0	0
10	11000001	1.03082	0.991453	6	0	0
10	11500001	0.955573	0.991453	6	0	0
10	12000001	0.949863	0.991453	6	0	0
10	12500001	0.968285	0.991453	6	0	0
10	13000001	0.992378	0.991453	6	0	0
10	13500001	0.95985	0.991453	6	0	0
10	14000001	1.08219	0.991453	6	0	0
10	14500001	1.00608	0.991453	6	0	0
10	15000001	0.963628	0.991453	6	0	0
10	15500001	1.01048	0.991453	6	0	0
10	16000001	0.959559	0.991453	6	0	0
10	16500001	0.997021	0.991453	6	0	0
10	17000001	1.01363	0.991453	6	0	0
10	17500001	0.999323	0.991453	6	0	0
10	18000001	0.951729	0.991453	6	0	0
10	18500001	0.973964	0.991453	6	0	0
10	19000001	0.973667	0.991453	6	0	0
10	19500001	1.00072	0.991453	6	0	0
10	20000001	0.939436	0.991453	6	0	0
10	20500001	1.04987	0.991453	6	0	0
10	21000001	1.01045	0.991453	6	0	0
10	21500001	0.966056	0.991453	6	0	0
10	22000001	0.997189	0.991453	6	0	0
10	22500001	1.02857	0.991453	6	0	0
10	23000001	1.02138	0.991453	6	0	0
10	23500001	1.00146	0.991453	6	0	0
10	24000001	1.01222	0.991453	6	0	0
10	24500001	1.01688	0.991453	6	0	0
10	25000001	1.03524	0.991453	6	0	0
10	25500001	0.999175	0.991453	6	0	0
10	26000001	0.961985	0.991453	6	0	0
10	26500001	1.01952	0.991453	6	0	0
10	27000001	0.922612	0.991453	6	0	0
10	27500001	1.01805	0.991453	6	0	0
10	28000001	0.966443	0.991453	6	0	0
10	28500001	0.991453	0.991453	6	0	0
10	29000001	0.979942	0.991453	6	0	0
10	29500001	1.0138	0.991453	6	0	0
10	30000001	0.956391	0.991453	6	0	0
10	30500001	1.02159	0.991453	6	0	0
10	31000001	1.06285	0.991453	6	0	0
10	31500001	1.07906	0.991453	6	0	0
10	32000001	0.989334	0.991453	6	0	0
10	32500001	1.07803	0.991453	6	0	0
10	33000001	1.05556	0.991453	6	0	0
10	33500001	1.05038	0.991453	6	0	0
10	34000001	0.996198	0.991453	6	0	0
10	34500001	0.98128	0.991453	6	0	0
10	35000001	0.956444	0.991453	6	0	0
10	35500001	0.981936	0.991453	6	0	0
10	36000001	0.991343	0.991453	6	0	0
10	36500001	0.973885	0.991453	6	0	0
10	37000001	0.990026	0.991453	6	0	0
10	37500001	0.954433	0.991453	6	0	0
10	38000001	0.998625	0.991453	6	0	0
10	38500001	1.2825	1.22819	7	0	0
10	39000001	1.17389	1.22819	7	0	0
10	39500001	0.444767	0.444767	3	0	0
10	40000001	1.16958	1.16958	7	0	0
10	40500001	1.40933	1.40933	8	0	0
10	41000001	0.74761	0.74761	4	0	0
10	41500001	-1	-1	-1	0	0
10	42000001	2.92404	2.92404	18	0	0
10	42500001	1.00016	1.0465	6	0	0
10	43000001	0.94201	1.0465	6	0	0
10	43500001	1.05422	1.0465	6	0	0
10	44000001	1.04122	1.0465	6	0	0
10	44500001	1.05616	1.0465	6	0	0
10	45000001	1.05764	1.0465	6	0	0
10	45500001	1.04448	1.0465	6	0	0
10	46000001	1.04098	1.0465	6	0	0
10	46500001	1.24083	1.0465	6	0	0
10	47000001	1.11413	1.0465	6	0	0
10	47500001	-1	1.0465	6	0	0
10	48000001	1.04392	1.0465	6	0	0
10	48500001	0.986379	1.0465	6	0	0
10	49000001	1.03497	1.0465	6	0	0
10	49500001	1.04878	1.0465	6	0	0
10	50000001	1.05481	1.0465	6	0	0
10	50500001	1.09415	1.0465	6	0	0
10	51000001	1.08112	1.0465	6	0	0
10	51500001	1.01452	1.0465	6	0	0
10	52000001	1.03644	1.0465	6	0	0
10	52500001	1.02821	1.0465	6	0	0
10	53000001	1.0285	1.0465	6	0	0
10	53500001	1.07579	1.0465	6	0	0
10	54000001	1.04656	1.0465	6	0	0
10	54500001	1.05933	1.0465	6	0	0
10	55000001	1.03608	1.0465	6	0	0
10	55500001	1.06804	1.0465	6	0	0
10	56000001	0.989405	1.0465	6	0	0
10	56500001	1.05604	1.0465	6	0	0
10	57000001	1.03064	1.0465	6	0	0
10	57500001	1.08353	1.0465	6	0	0
10	58000001	1.07511	1.0465	6	0	0
10	58500001	1.12517	1.0465	6	0	0
10	59000001	1.05876	1.0465	6	0	0
10	59500001	1.01983	1.0465	6	0	0
10	60000001	1.05491	1.0465	6	0	0
10	60500001	1.05779	1.0465	6	0	0
10	61000001	1.07479	1.0465	6	0	0
10	61500001	1.05359	1.0465	6	0	0
10	62000001	1.07167	1.0465	6	0	0
10	62500001	1.13478	1.0465	6	0	0
10	63000001	1.01524	1.0465	6	0	0
10	63500001	1.09142	1.0465	6	0	0
10	64000001	1.03093	1.0465	6	0	0
10	64500001	1.0264	1.0465	6	0	0
10	65000001	0.995617	1.0465	6	0	0
10	65500001	1.01374	1.0465	6	0	0
10	66000001	1.03164	1.0465	6	0	0
10	66500001	1.03883	1.0465	6	0	0
10	67000001	1.06867	1.0465	6	0	0
10	67500001	1.02251	1.0465	6	0	0
10	68000001	1.02962	1.0465	6	0	0
10	68500001	1.0218	1.0465	6	0	0
10	69000001	1.03264	1.0465	6	0	0
10	69500001	1.05439	1.0465	6	0	0
10	70000001	1.06896	1.0465	6	0	0
10	70500001	1.01106	1.0465	6	0	0
10	71000001	1.05385	1.0465	6	0	0
10	71500001	1.03283	1.0465	6	0	0
10	72000001	1.03307	1.0465	6	0	0
10	72500001	1.04719	1.0465	6	0	0
10	73000001	1.03378	1.0465	6	0	0
10	73500001	1.00341	1.0465	6	0	0
10	74000001	1.0797	1.0465	6	0	0
10	74500001	1.01845	1.0465	6	0	0
10	75000001	1.02981	1.0465	6	0	0
10	75500001	1.07471	1.0465	6	0	0
10	76000001	0.983618	1.0465	6	0	0
10	76500001	1.01887	1.0465	6	0	0
10	77000001	1.0745	1.0465	6	0	0
10	77500001	1.03899	1.0465	6	0	0
10	78000001	1.09024	1.0465	6	0	0
10	78500001	1.09546	1.0465	6	0	0
10	79000001	1.07577	1.0465	6	0	0
10	79500001	0.842626	1.0465	6	0	0
10	80000001	0.991541	1.0465	6	0	0
10	80500001	1.00866	1.0465	6	0	0
10	81000001	1.0157	1.0465	6	0	0
10	81500001	0.96608	1.0465	6	0	0
10	82000001	1.0037	1.0465	6	0	0
10	82500001	1.02089	1.0465	6	0	0
10	83000001	1.02779	1.0465	6	0	0
10	83500001	1.05915	1.0465	6	0	0
10	84000001	1.0396	1.0465	6	0	0
10	84500001	1.0615	1.0465	6	0	0
10	85000001	1.00374	1.0465	6	0	0
10	85500001	1.04297	1.0465	6	0	0
10	86000001	1.01728	1.0465	6	0	0
10	86500001	1.03473	1.0465	6	0	0
10	87000001	1.05645	1.0465	6	0	0
10	87500001	1.11999	1.0465	6	0	0
10	88000001	1.07943	1.0465	6	0	0
10	88500001	1.07648	1.0465	6	0	0
10	89000001	1.07604	1.0465	6	0	0
10	89500001	1.06788	1.0465	6	0	0
10	90000001	1.11532	1.0465	6	0	0
10	90500001	1.07161	1.0465	6	0	0
10	91000001	1.10164	1.0465	6	0	0
10	91500001	1.09891	1.0465	6	0	0
10	92000001	1.00731	1.0465	6	0	0
10	92500001	1.05509	1.0465	6	0	0
10	93000001	1.00841	1.0465	6	0	0
10	93500001	1.05201	1.0465	6	0	0
10	94000001	1.05043	1.0465	6	0	0
10	94500001	1.08179	1.0465	6	0	0
10	95000001	1.07835	1.0465	6	0	0
10	95500001	1.05519	1.0465	6	0	0
10	96000001	1.01797	1.0465	6	0	0
10	96500001	1.05626	1.0465	6	0	0
10	97000001	1.0147	1.0465	6	0	0
10	97500001	1.01228	1.0465	6	0	0
10	98000001	1.0911	1.0465	6	0	0
10	98500001	1.07606	1.0465	6	0	0
10	99000001	1.08683	1.0465	6	0	0
10	99500001	0.994981	1.0465	6	0	0
10	100000001	1.05995	1.0465	6	0	0
10	100500001	1.06816	1.0465	6	0	0
10	101000001	1.00081	1.0465	6	0	0
10	101500001	1.04634	1.0465	6	0	0
10	102000001	0.978302	1.0465	6	0	0
10	102500001	0.942736	1.0465	6	0	0
10	103000001	1.06577	1.0465	6	0	0
10	103500001	1.05164	1.0465	6	0	0
10	104000001	1.0792	1.0465	6	0	0
10	104500001	1.06929	1.0465	6	0	0
10	105000001	1.03139	1.0465	6	0	0
10	105500001	1.01826	1.0465	6	0	0
10	106000001	0.980416	1.0465	6	0	0
10	106500001	1.02049	1.0465	6	0	0
10	107000001	0.999729	1.0465	6	0	0
10	107500001	1.02402	1.0465	6	0	0
10	108000001	1.03995	1.0465	6	0	0
10	108500001	0.973038	1.0465	6	0	0
10	109000001	1.05819	1.0465	6	0	0
10	109500001	1.04582	1.0465	6	0	0
10	110000001	1.05703	1.0465	6	0	0
10	110500001	1.13885	1.0465	6	0	0
10	111000001	1.02509	1.0465	6	0	0
10	111500001	1.08664	1.0465	6	0	0
10	112000001	1.07063	1.0465	6	0	0
10	112500001	1.06637	1.0465	6	0	0
10	113000001	1.06105	1.0465	6	0	0
10	113500001	1.0918	1.0465	6	0	0
10	114000001	1.08003	1.0465	6	0	0
10	114500001	1.07891	1.0465	6	0	0
10	115000001	1.10517	1.0465	6	0	0
10	115500001	1.04416	1.0465	6	0	0
10	116000001	1.03824	1.0465	6	0	0
10	116500001	1.00085	1.0465	6	0	0
10	117000001	1.05351	1.0465	6	0	0
10	117500001	1.01959	1.0465	6	0	0
10	118000001	1.06039	1.0465	6	0	0
10	118500001	1.0392	1.0465	6	0	0
10	119000001	1.03063	1.0465	6	0	0
10	119500001	1.00128	1.0465	6	0	0
10	120000001	1.10103	1.0465	6	0	0
10	120500001	1.05937	1.0465	6	0	0
10	121000001	1.03121	1.0465	6	0	0
10	121500001	1.0721	1.0465	6	0	0
10	122000001	1.03313	1.0465	6	0	0
10	122500001	1.09688	1.0465	6	0	0
10	123000001	1.06788	1.0465	6	0	0
10	123500001	1.05828	1.0465	6	0	0
10	124000001	1.02143	1.0465	6	0	0
10	124500001	0.993233	1.0465	6	0	0
10	125000001	1.06542	1.0465	6	0	0
10	125500001	1.12629	1.0465	6	0	0
10	126000001	1.06181	1.0465	6	0	0
10	126500001	1.02647	1.0465	6	0	0
10	127000001	0.966467	1.0465	6	0	0
10	127500001	1.07792	1.0465	6	0	0
10	128000001	1.01726	1.0465	6	0	0
10	128500001	1.05739	1.0465	6	0	0
10	129000001	0.99272	1.0465	6	0	0
10	129500001	0.973742	1.0465	6	0	0
10	130000001	0.956636	1.0465	6	0	0
10	130500001	1.00404	1.0465	6	0	0
10	131000001	1.05483	1.0465	6	0	0
10	131500001	0.926387	1.0465	6	0	0
10	132000001	1.0465	1.0465	6	0	0
10	132500001	0.99654	1.0465	6	0	0
10	133000001	1.17384	1.0465	6	0	0
10	133500001	-1	-1	-1	0	0
11	1	1.10868	1.10868	7	0	0
11	500001	1.57022	1.59088	10	0	0
11	1000001	1.61154	1.59088	10	0	0
11	1500001	1.22749	1.2413	7	0	0
11	2000001	1.21418	1.2413	7	0	0
11	2500001	1.21194	1.2413	7	0	0
11	3000001	1.12434	1.2413	7	0	0
11	3500001	1.22101	1.2413	7	0	0
11	4000001	1.28071	1.2413	7	0	0
11	4500001	1.21246	1.2413	7	0	0
11	5000001	1.21659	1.2413	7	0	0
11	5500001	1.21038	1.2413	7	0	0
11	6000001	1.25176	1.2413	7	0	0
11	6500001	1.25726	1.2413	7	0	0
11	7000001	1.25908	1.2413	7	0	0
11	7500001	1.27754	1.2413	7	0	0
11	8000001	1.2602	1.2413	7	0	0
11	8500001	1.21327	1.2413	7	0	0
11	9000001	1.19513	1.2413	7	0	0
11	9500001	1.21965	1.2413	7	0	0
11	10000001	1.31493	1.2413	7	0	0
11	10500001	1.2756	1.2413	7	0	0
11	11000001	1.24008	1.2413	7	0	0
11	11500001	1.2875	1.2413	7	0	0
11	12000001	1.25951	1.2413	7	0	0
11	12500001	1.25788	1.2413	7	0	0
11	13000001	1.32463	1.2413	7	0	0
11	13500001	1.29819	1.2413	7	0	0
11	14000001	1.29389	1.2413	7	0	0
11	14500001	1.25433	1.2413	7	0	0
11	15000001	1.27297	1.2413	7	0	0
11	15500001	1.25453	1.2413	7	0	0
11	16000001	1.25584	1.2413	7	0	0
11	16500001	1.29302	1.2413	7	0	0
11	17000001	1.23427	1.2413	7	0	0
11	17500001	1.27759	1.2413	7	0	0
11	18000001	1.20486	1.2413	7	0	0
11	18500001	1.305	1.2413	7	0	0
11	19000001	1.32371	1.2413	7	0	0
11	19500001	1.29176	1.2413	7	0	0
11	20000001	1.22893	1.2413	7	0	0
11	20500001	1.21764	1.2413	7	0	0
11	21000001	1.22045	1.2413	7	0	0
11	21500001	1.21032	1.2413	7	0	0
11	22000001	1.23772	1.2413	7	0	0
11	22500001	1.21745	1.2413	7	0	0
11	23000001	1.21437	1.2413	7	0	0
11	23500001	1.19098	1.2413	7	0	0
11	24000001	1.26471	1.2413	7	0	0
11	24500001	1.23018	1.2413	7	0	0
11	25000001	1.22584	1.2413	7	0	0
11	25500001	1.22278	1.2413	7	0	0
11	26000001	1.2011	1.2413	7	0	0
11	26500001	1.19736	1.2413	7	0	0
11	27000001	1.23593	1.2413	7	0	0
11	27500001	1.38245	1.2413	7	0	0
11	28000001	1.26306	1.2413	7	0	0
11	28500001	1.31867	1.2413	7	0	0
11	29000001	1.29025	1.2413	7	0	0
11	29500001	1.24429	1.2413	7	0	0
11	30000001	1.24177	1.2413	7	0	0
11	30500001	1.24309	1.2413	7	0	0
11	31000001	1.23315	1.2413	7	0	0
11	31500001	1.16224	1.2413	7	0	0
11	32000001	1.27768	1.2413	7	0	0
11	32500001	1.26194	1.2413	7	0	0
11	33000001	1.22714	1.2413	7	0	0
11	33500001	1.29018	1.2413	7	0	0
11	34000001	1.20788	1.2413	7	0	0
11	34500001	1.35655	1.2413	7	0	0
11	35000001	1.30797	1.2413	7	0	0
11	35500001	1.25439	1.2413	7	0	0
11	36000001	1.27691	1.2413	7	0	0
11	36500001	1.2979	1.2413	7	0	0
11	37000001	1.26907	1.2413	7	0	0
11	37500001	1.23525	1.2413	7	0	0
11	38000001	1.21111	1.2413	7	0	0
11	38500001	1.19362	1.2413	7	0	0
11	39000001	1.15624	1.2413	7	0	0
11	39500001	1.23018	1.2413	7	0	0
11	40000001	1.22491	1.2413	7	0	0
11	40500001	1.21101	1.2413	7	0	0
11	41000001	1.1932	1.2413	7	0	0
11	41500001	1.23459	1.2413	7	0	0
11	42000001	1.24454	1.2413	7	0	0
11	42500001	1.20257	1.2413	7	0	0
11	43000001	1.27809	1.2413	7	0	0
11	43500001	1.2402	1.2413	7	0	0
11	44000001	1.26166	1.2413	7	0	0
11	44500001	1.26432	1.2413	7	0	0
11	45000001	1.22614	1.2413	7	0	0
11	45500001	1.21054	1.2413	7	0	0
11	46000001	1.24084	1.2413	7	0	0
11	46500001	1.29894	1.2413	7	0	0
11	47000001	1.31584	1.2413	7	0	0
11	47500001	1.33856	1.40633	8	0	0
11	48000001	1.46565	1.40633	8	0	0
11	48500001	1.44915	1.40633	8	0	0
11	49000001	1.41598	1.40633	8	0	0
11	49500001	1.37015	1.40633	8	0	0
11	50000001	1.39667	1.40633	8	0	0
11	50500001	-1	-1	-1	0	0
11	51000001	-1	-1	-1	0	0
11	51500001	1.81709	1.81709	11	0	0
11	52000001	1.50546	1.50546	9	0	0
11	52500001	1.18931	1.16133	7	0	0
11	53000001	1.16133	1.16133	7	0	0
11	53500001	1.12719	1.16133	7	0	0
11	54000001	-1	-1	-1	0	0
11	54500001	1.30488	1.25696	8	0	0
11	55000001	1.30938	1.25696	8	0	0
11	55500001	1.16976	1.25696	8	0	0
11	56000001	1.24153	1.25696	8	0	0
11	56500001	1.27845	1.25696	8	0	0
11	57000001	1.29781	1.25696	8	0	0
11	57500001	1.21564	1.25696	8	0	0
11	58000001	1.25488	1.25696	8	0	0
11	58500001	1.25696	1.25696	8	0	0
11	59000001	1.26659	1.25696	8	0	0
11	59500001	1.21333	1.25696	8	0	0
11	60000001	1.31969	1.25696	8	0	0
11	60500001	1.28365	1.25696	8	0	0
11	61000001	1.13576	1.25696	8	0	0
11	61500001	1.27428	1.25696	8	0	0
11	62000001	1.16636	1.25696	8	0	0
11	62500001	1.14648	1.25696	8	0	0
11	63000001	1.37204	1.37258	8	0	0
11	63500001	1.33288	1.37258	8	0	0
11	64000001	1.42899	1.37258	8	0	0
11	64500001	1.40171	1.37258	8	0	0
11	65000001	1.35859	1.37258	8	0	0
11	65500001	1.37311	1.37258	8	0	0
11	66000001	1.36856	1.37258	8	0	0
11	66500001	1.3437	1.37258	8	0	0
11	67000001	1.34163	1.37258	8	0	0
11	67500001	1.38921	1.37258	8	0	0
11	68000001	1.32973	1.37258	8	0	0
11	68500001	1.38422	1.37258	8	0	0
11	69000001	1.43669	1.37258	8	0	0
11	69500001	1.37978	1.37258	8	0	0
11	70000001	1.33392	1.37258	8	0	0
11	70500001	1.37559	1.37258	8	0	0
11	71000001	1.38676	1.37258	8	0	0
11	71500001	1.34264	1.37258	8	0	0
11	72000001	1.27979	1.23048	7	0	0
11	72500001	1.20758	1.23048	7	0	0
11	73000001	1.27706	1.23048	7	0	0
11	73500001	1.20686	1.23048	7	0	0
11	74000001	1.23859	1.23048	7	0	0
11	74500001	1.313	1.23048	7	0	0
11	75000001	1.23593	1.23048	7	0	0
11	75500001	1.24333	1.23048	7	0	0
11	76000001	1.25552	1.23048	7	0	0
11	76500001	1.21748	1.23048	7	0	0
11	77000001	1.2553	1.23048	7	0	0
11	77500001	1.19562	1.23048	7	0	0
11	78000001	1.17013	1.23048	7	0	0
11	78500001	1.20952	1.23048	7	0	0
11	79000001	1.19606	1.23048	7	0	0
11	79500001	1.22504	1.23048	7	0	0
11	80000001	1.18041	1.23048	7	0	0
11	80500001	1.20036	1.23048	7	0	0
11	81000001	1.16074	1.23048	7	0	0
11	81500001	1.22077	1.23048	7	0	0
11	82000001	1.22984	1.23048	7	0	0
11	82500001	1.23113	1.23048	7	0	0
11	83000001	1.26869	1.23048	7	0	0
11	83500001	1.23606	1.23048	7	0	0
11	84000001	1.17146	1.23048	7	0	0
11	84500001	1.2081	1.23048	7	0	0
11	85000001	1.26237	1.23048	7	0	0
11	85500001	1.27931	1.23048	7	0	0
11	86000001	1.26413	1.23048	7	0	0
11	86500001	1.28658	1.23048	7	0	0
11	87000001	1.21933	1.23048	7	0	0
11	87500001	1.1833	1.23048	7	0	0
11	88000001	1.23956	1.23048	7	0	0
11	88500001	1.31677	1.23048	7	0	0
11	89000001	1.41879	1.44043	9	0	0
11	89500001	1.40273	1.44043	9	0	0
11	90000001	1.3454	1.44043	9	0	0
11	90500001	1.40845	1.44043	9	0	0
11	91000001	1.38966	1.44043	9	0	0
11	91500001	1.44043	1.44043	9	0	0
11	92000001	1.4652	1.44043	9	0	0
11	92500001	1.42694	1.44043	9	0	0
11	93000001	1.4257	1.44043	9	0	0
11	93500001	1.43509	1.44043	9	0	0
11	94000001	1.56638	1.44043	9	0	0
11	94500001	1.43314	1.44043	9	0	0
11	95000001	1.48114	1.44043	9	0	0
11	95500001	1.46334	1.44043	9	0	0
11	96000001	1.51228	1.44043	9	0	0
11	96500001	1.37141	1.44043	9	0	0
11	97000001	1.46267	1.44043	9	0	0
11	97500001	1.44212	1.44043	9	0	0
11	98000001	1.40087	1.44043	9	0	0
11	98500001	1.44879	1.44043	9	0	0
11	99000001	1.44047	1.44043	9	0	0
11	99500001	1.46285	1.44043	9	0	0
11	100000001	1.43091	1.44043	9	0	0
11	100500001	1.41502	1.44043	9	0	0
11	101000001	1.40565	1.44043	9	0	0
11	101500001	1.46318	1.44043	9	0	0
11	102000001	1.44697	1.44043	9	0	0
11	102500001	1.42652	1.44043	9	0	0
11	103000001	1.47516	1.44043	9	0	0
11	103500001	1.5198	1.44043	9	0	0
11	104000001	1.43127	1.44043	9	0	0
11	104500001	1.37922	1.44043	9	0	0
11	105000001	1.42605	1.44043	9	0	0
11	105500001	1.44701	1.44043	9	0	0
11	106000001	1.42498	1.44043	9	0	0
11	106500001	1.50323	1.44043	9	0	0
11	107000001	1.44647	1.44043	9	0	0
11	107500001	1.37688	1.44043	9	0	0
11	108000001	1.4637	1.44043	9	0	0
11	108500001	1.46558	1.44043	9	0	0
11	109000001	1.4438	1.44043	9	0	0
11	109500001	1.54561	1.44043	9	0	0
11	110000001	1.43315	1.44043	9	0	0
11	110500001	1.50182	1.44043	9	0	0
11	111000001	1.44043	1.44043	9	0	0
11	111500001	1.4697	1.44043	9	0	0
11	112000001	1.43274	1.44043	9	0	0
11	112500001	1.44335	1.44043	9	0	0
11	113000001	1.49647	1.44043	9	0	0
11	113500001	1.4395	1.44043	9	0	0
11	114000001	1.39805	1.44043	9	0	0
11	114500001	1.41851	1.44043	9	0	0
11	115000001	1.41436	1.44043	9	0	0
11	115500001	1.37514	1.44043	9	0	0
11	116000001	1.41893	1.44043	9	0	0
11	116500001	1.46504	1.44043	9	0	0
11	117000001	1.4228	1.44043	9	0	0
11	117500001	1.39362	1.44043	9	0	0
11	118000001	1.45511	1.44043	9	0	0
11	118500001	1.3695	1.44043	9	0	0
11	119000001	1.36793	1.44043	9	0	0
11	119500001	1.37784	1.44043	9	0	0
11	120000001	1.49603	1.44043	9	0	0
11	120500001	1.4403	1.44043	9	0	0
11	121000001	1.48282	1.44043	9	0	0
11	121500001	1.45037	1.44043	9	0	0
11	122000001	1.49263	1.44043	9	0	0
11	122500001	1.49457	1.44043	9	0	0
11	123000001	1.371	1.44043	9	0	0
11	123500001	1.46792	1.44043	9	0	0
11	124000001	1.42651	1.44043	9	0	0
11	124500001	1.50337	1.44043	9	0	0
11	125000001	1.42257	1.44043	9	0	0
11	125500001	1.49878	1.44043	9	0	0
11	126000001	1.44646	1.44043	9	0	0
11	126500001	1.42695	1.44043	9	0	0
11	127000001	1.45367	1.44043	9	0	0
11	127500001	1.42169	1.44043	9	0	0
11	128000001	1.50222	1.44043	9	0	0
11	128500001	1.43453	1.44043	9	0	0
11	129000001	1.41493	1.44043	9	0	0
11	129500001	1.45059	1.44043	9	0	0
11	130000001	1.40822	1.44043	9	0	0
11	130500001	1.51299	1.44043	9	0	0
11	131000001	1.51517	1.44043	9	0	0
11	131500001	1.4435	1.44043	9	0	0
11	132000001	1.4163	1.44043	9	0	0
11	132500001	1.44179	1.44043	9	0	0
11	133000001	1.38238	1.36728	8	0	0
11	133500001	1.36363	1.36728	8	0	0
11	134000001	1.36728	1.36728	8	0	0
11	134500001	1.42476	1.36728	8	0	0
11	135000001	0.259148	1.36728	8	0	0
12	1	1.0376	0.967683	6	0	0
12	500001	0.862665	0.967683	6	0	0
12	1000001	0.872466	0.967683	6	0	0
12	1500001	0.904402	0.967683	6	0	0
12	2000001	0.877409	0.967683	6	0	0
12	2500001	0.873969	0.967683	6	0	0
12	3000001	0.883069	0.967683	6	0	0
12	3500001	0.883714	0.967683	6	0	0
12	4000001	0.901283	0.967683	6	0	0
12	4500001	0.928275	0.967683	6	0	0
12	5000001	0.997939	0.967683	6	0	0
12	5500001	0.943493	0.967683	6	0	0
12	6000001	0.941155	0.967683	6	0	0
12	6500001	0.879691	0.967683	6	0	0
12	7000001	0.936743	0.967683	6	0	0
12	7500001	0.883264	0.967683	6	0	0
12	8000001	0.959226	0.967683	6	0	0
12	8500001	0.935589	0.967683	6	0	0
12	9000001	0.945001	0.967683	6	0	0
12	9500001	0.976559	0.967683	6	0	0
12	10000001	0.9274	0.967683	6	0	0
12	10500001	1.01806	0.967683	6	0	0
12	11000001	0.979033	0.967683	6	0	0
12	11500001	0.979007	0.967683	6	0	0
12	12000001	0.976614	0.967683	6	0	0
12	12500001	0.984439	0.967683	6	0	0
12	13000001	1.06107	0.967683	6	0	0
12	13500001	0.96759	0.967683	6	0	0
12	14000001	0.930258	0.967683	6	0	0
12	14500001	0.962095	0.967683	6	0	0
12	15000001	1.01801	0.967683	6	0	0
12	15500001	1.04631	0.967683	6	0	0
12	16000001	0.944224	0.967683	6	0	0
12	16500001	0.942898	0.967683	6	0	0
12	17000001	0.948828	0.967683	6	0	0
12	17500001	0.968395	0.967683	6	0	0
12	18000001	0.991512	0.967683	6	0	0
12	18500001	0.986727	0.967683	6	0	0
12	19000001	0.982056	0.967683	6	0	0
12	19500001	0.977771	0.967683	6	0	0
12	20000001	0.999679	0.967683	6	0	0
12	20500001	0.966519	0.967683	6	0	0
12	21000001	1.01168	0.967683	6	0	0
12	21500001	0.991723	0.967683	6	0	0
12	22000001	0.967776	0.967683	6	0	0
12	22500001	0.917919	0.967683	6	0	0
12	23000001	0.955905	0.967683	6	0	0
12	23500001	0.969393	0.967683	6	0	0
12	24000001	0.958967	0.967683	6	0	0
12	24500001	0.972701	0.967683	6	0	0
12	25000001	0.984843	0.967683	6	0	0
12	25500001	0.971216	0.967683	6	0	0
12	26000001	0.952125	0.967683	6	0	0
12	26500001	0.984035	0.967683	6	0	0
12	27000001	1.04202	0.967683	6	0	0
12	27500001	1.01189	0.967683	6	0	0
12	28000001	0.98736	0.967683	6	0	0
12	28500001	1.02819	0.967683	6	0	0
12	29000001	0.978583	0.967683	6	0	0
12	29500001	0.971718	0.967683	6	0	0
12	30000001	0.966851	0.967683	6	0	0
12	30500001	0.976247	0.967683	6	0	0
12	31000001	0.949176	0.967683	6	0	0
12	31500001	0.926154	0.967683	6	0	0
12	32000001	0.924615	0.967683	6	0	0
12	32500001	0.934712	0.967683	6	0	0
12	33000001	0.995616	0.967683	6	0	0
12	33500001	0.974976	0.967683	6	0	0
12	34000001	0.9739	0.967683	6	0	0
12	34500001	0.961512	0.967683	6	0	0
12	35000001	0.852305	0.72574	4	0	0
12	35500001	0.72574	0.72574	4	0	0
12	36000001	0.528014	0.72574	4	0	0
12	36500001	0.520196	0.520196	3	0	0
12	37000001	0.857514	0.980029	6	0	0
12	37500001	1.08054	0.980029	6	0	0
12	38000001	0.950834	0.980029	6	0	0
12	38500001	0.980029	0.980029	6	0	0
12	39000001	0.977947	0.980029	6	0	0
12	39500001	0.981211	0.980029	6	0	0
12	40000001	0.969266	0.980029	6	0	0
12	40500001	0.96235	0.980029	6	0	0
12	41000001	0.97483	0.980029	6	0	0
12	41500001	0.956239	0.980029	6	0	0
12	42000001	0.936297	0.980029	6	0	0
12	42500001	0.989159	0.980029	6	0	0
12	43000001	1.01557	0.980029	6	0	0
12	43500001	0.969439	0.980029	6	0	0
12	44000001	0.968096	0.980029	6	0	0
12	44500001	0.956578	0.980029	6	0	0
12	45000001	0.958569	0.980029	6	0	0
12	45500001	1.00611	0.980029	6	0	0
12	46000001	1.06369	0.980029	6	0	0
12	46500001	1.03875	0.980029	6	0	0
12	47000001	0.98975	0.980029	6	0	0
12	47500001	0.98501	0.980029	6	0	0
12	48000001	0.981473	0.980029	6	0	0
12	48500001	0.966144	0.980029	6	0	0
12	49000001	0.923238	0.980029	6	0	0
12	49500001	0.944038	0.980029	6	0	0
12	50000001	0.925873	0.980029	6	0	0
12	50500001	0.989195	0.980029	6	0	0
12	51000001	0.920615	0.980029	6	0	0
12	51500001	0.95588	0.980029	6	0	0
12	52000001	1.05215	0.980029	6	0	0
12	52500001	0.980257	0.980029	6	0	0
12	53000001	0.90015	0.980029	6	0	0
12	53500001	0.937292	0.980029	6	0	0
12	54000001	0.948168	0.980029	6	0	0
12	54500001	1.00965	0.980029	6	0	0
12	55000001	1.04837	0.980029	6	0	0
12	55500001	1.0047	0.980029	6	0	0
12	56000001	0.894293	0.980029	6	0	0
12	56500001	0.983895	0.980029	6	0	0
12	57000001	0.924822	0.980029	6	0	0
12	57500001	0.993718	0.980029	6	0	0
12	58000001	0.998123	0.980029	6	0	0
12	58500001	1.02376	0.980029	6	0	0
12	59000001	0.988181	0.980029	6	0	0
12	59500001	0.983805	0.980029	6	0	0
12	60000001	1.00421	0.980029	6	0	0
12	60500001	0.953946	0.980029	6	0	0
12	61000001	0.955793	0.980029	6	0	0
12	61500001	0.959289	0.980029	6	0	0
12	62000001	0.923642	0.980029	6	0	0
12	62500001	0.951158	0.980029	6	0	0
12	63000001	1.00453	0.980029	6	0	0
12	63500001	0.945602	0.980029	6	0	0
12	64000001	0.995262	0.980029	6	0	0
12	64500001	0.984937	0.980029	6	0	0
12	65000001	1.05003	0.980029	6	0	0
12	65500001	1.03882	0.980029	6	0	0
12	66000001	0.969617	0.980029	6	0	0
12	66500001	1.00345	0.980029	6	0	0
12	67000001	0.988597	0.980029	6	0	0
12	67500001	1.02076	0.980029	6	0	0
12	68000001	1.00434	0.980029	6	0	0
12	68500001	0.966269	0.980029	6	0	0
12	69000001	0.938236	0.980029	6	0	0
12	69500001	1.00928	0.980029	6	0	0
12	70000001	0.970794	0.980029	6	0	0
12	70500001	1.00491	0.980029	6	0	0
12	71000001	0.970095	0.980029	6	0	0
12	71500001	0.98287	0.980029	6	0	0
12	72000001	0.978971	0.980029	6	0	0
12	72500001	0.97365	0.980029	6	0	0
12	73000001	0.949739	0.980029	6	0	0
12	73500001	0.994358	0.980029	6	0	0
12	74000001	0.959001	0.980029	6	0	0
12	74500001	1.01156	0.980029	6	0	0
12	75000001	1.00227	0.980029	6	0	0
12	75500001	1.24018	1.172	7	0	0
12	76000001	1.1804	1.172	7	0	0
12	76500001	1.14382	1.172	7	0	0
12	77000001	1.1972	1.172	7	0	0
12	77500001	1.21143	1.172	7	0	0
12	78000001	1.18277	1.172	7	0	0
12	78500001	1.1664	1.172	7	0	0
12	79000001	1.19335	1.172	7	0	0
12	79500001	1.17533	1.172	7	0	0
12	80000001	1.17259	1.172	7	0	0
12	80500001	1.19733	1.172	7	0	0
12	81000001	1.14207	1.172	7	0	0
12	81500001	1.16205	1.172	7	0	0
12	82000001	1.13724	1.172	7	0	0
12	82500001	1.10703	1.172	7	0	0
12	83000001	1.14993	1.172	7	0	0
12	83500001	1.17142	1.172	7	0	0
12	84000001	1.15191	1.172	7	0	0
12	84500001	1.11888	1.172	7	0	0
12	85000001	1.19756	1.172	7	0	0
12	85500001	1.16718	1.172	7	0	0
12	86000001	1.16024	1.172	7	0	0
12	86500001	1.16767	1.172	7	0	0
12	87000001	1.13408	1.172	7	0	0
12	87500001	1.22191	1.172	7	0	0
12	88000001	1.24302	1.172	7	0	0
12	88500001	1.17913	1.172	7	0	0
12	89000001	1.21232	1.172	7	0	0
12	89500001	1.1592	1.172	7	0	0
12	90000001	1.2104	1.172	7	0	0
12	90500001	1.15571	1.172	7	0	0
12	91000001	1.19365	1.172	7	0	0
12	91500001	1.19139	1.172	7	0	0
12	92000001	1.1317	1.172	7	0	0
12	92500001	1.15769	1.172	7	0	0
12	93000001	1.17864	1.172	7	0	0
12	93500001	1.18347	1.172	7	0	0
12	94000001	1.1995	1.172	7	0	0
12	94500001	1.18213	1.172	7	0	0
12	95000001	1.16419	1.172	7	0	0
12	95500001	1.16202	1.172	7	0	0
12	96000001	1.21162	1.172	7	0	0
12	96500001	1.17753	1.172	7	0	0
12	97000001	1.19501	1.172	7	0	0
12	97500001	1.1251	1.172	7	0	0
12	98000001	1.18643	1.172	7	0	0
12	98500001	1.17799	1.172	7	0	0
12	99000001	1.15941	1.172	7	0	0
12	99500001	1.17859	1.172	7	0	0
12	100000001	1.12974	1.172	7	0	0
12	100500001	1.18541	1.172	7	0	0
12	101000001	1.12596	1.172	7	0	0
12	101500001	1.10847	1.172	7	0	0
12	102000001	1.1492	1.172	7	0	0
12	102500001	1.15751	1.172	7	0	0
12	103000001	1.18972	1.172	7	0	0
12	103500001	1.2209	1.172	7	0	0
12	104000001	1.14953	1.172	7	0	0
12	104500001	1.16387	1.172	7	0	0
12	105000001	1.24307	1.172	7	0	0
12	105500001	1.19323	1.172	7	0	0
12	106000001	1.16828	1.172	7	0	0
12	106500001	1.18955	1.172	7	0	0
12	107000001	1.14801	1.172	7	0	0
12	107500001	1.15784	1.172	7	0	0
12	108000001	1.16999	1.172	7	0	0
12	108500001	1.10446	1.11066	7	0	0
12	109000001	1.05994	1.11066	7	0	0
12	109500001	1.15403	1.11066	7	0	0
12	110000001	1.12676	1.11066	7	0	0
12	110500001	1.03172	1.11066	7	0	0
12	111000001	1.13692	1.11066	7	0	0
12	111500001	1.12637	1.11066	7	0	0
12	112000001	1.15901	1.11066	7	0	0
12	112500001	1.16397	1.11066	7	0	0
12	113000001	1.10697	1.11066	7	0	0
12	113500001	1.0915	1.11066	7	0	0
12	114000001	1.13481	1.11066	7	0	0
12	114500001	1.08916	1.11066	7	0	0
12	115000001	1.11208	1.11066	7	0	0
12	115500001	1.09392	1.11066	7	0	0
12	116000001	1.14036	1.11066	7	0	0
12	116500001	1.06551	1.11066	7	0	0
12	117000001	1.06687	1.11066	7	0	0
12	117500001	1.09469	1.11066	7	0	0
12	118000001	1.07507	1.11066	7	0	0
12	118500001	1.1473	1.11066	7	0	0
12	119000001	1.14293	1.11066	7	0	0
12	119500001	1.11909	1.11066	7	0	0
12	120000001	1.13112	1.11066	7	0	0
12	120500001	1.07736	1.11066	7	0	0
12	121000001	1.06039	1.11066	7	0	0
12	121500001	1.10135	1.11066	7	0	0
12	122000001	1.07226	1.11066	7	0	0
12	122500001	1.12996	1.11066	7	0	0
12	123000001	1.14422	1.11066	7	0	0
12	123500001	1.10925	1.11066	7	0	0
12	124000001	1.12173	1.11066	7	0	0
12	124500001	0.918697	0.96215	6	0	0
12	125000001	0.973709	0.96215	6	0	0
12	125500001	0.942945	0.96215	6	0	0
12	126000001	0.993481	0.96215	6	0	0
12	126500001	0.929999	0.96215	6	0	0
12	127000001	0.969304	0.96215	6	0	0
12	127500001	0.965364	0.96215	6	0	0
12	128000001	0.962336	0.96215	6	0	0
12	128500001	0.878242	0.96215	6	0	0
12	129000001	0.987901	0.96215	6	0	0
12	129500001	0.961964	0.96215	6	0	0
12	130000001	0.875665	0.96215	6	0	0
12	130500001	0.898928	0.96215	6	0	0
12	131000001	0.894545	0.96215	6	0	0
12	131500001	0.963353	0.96215	6	0	0
12	132000001	0.991732	0.96215	6	0	0
12	132500001	0.886186	0.691497	4	0	0
12	133000001	0.496809	0.691497	4	0	0
13	1	-1	-1	-1	0	0
13	500001	-1	-1	-1	0	0
13	1000001	-1	-1	-1	0	0
13	1500001	-1	-1	-1	0	0
13	2000001	-1	-1	-1	0	0
13	2500001	-1	-1	-1	0	0
13	3000001	-1	-1	-1	0	0
13	3500001	-1	-1	-1	0	0
13	4000001	-1	-1	-1	0	0
13	4500001	-1	-1	-1	0	0
13	5000001	-1	-1	-1	0	0
13	5500001	-1	-1	-1	0	0
13	6000001	-1	-1	-1	0	0
13	6500001	-1	-1	-1	0	0
13	7000001	-1	-1	-1	0	0
13	7500001	-1	-1	-1	0	0
13	8000001	-1	-1	-1	0	0
13	8500001	-1	-1	-1	0	0
13	9000001	-1	-1	-1	0	0
13	9500001	-1	-1	-1	0	0
13	10000001	-1	-1	-1	0	0
13	10500001	-1	-1	-1	0	0
13	11000001	-1	-1	-1	0	0
13	11500001	-1	-1	-1	0	0
13	12000001	-1	-1	-1	0	0
13	12500001	-1	-1	-1	0	0
13	13000001	-1	-1	-1	0	0
13	13500001	-1	-1	-1	0	0
13	14000001	-1	-1	-1	0	0
13	14500001	-1	-1	-1	0	0
13	15000001	-1	-1	-1	0	0
13	15500001	-1	-1	-1	0	0
13	16000001	0.47899	0.47899	3	0	0
13	16500001	0.819453	0.819453	5	0	0
13	17000001	1.08524	1.08524	7	0	0
13	17500001	1.40229	1.40229	8	0	0
13	18000001	-1	-1	-1	0	0
13	18500001	0.857801	0.816771	5	0	0
13	19000001	0.776966	0.816771	5	0	0
13	19500001	0.799427	0.816771	5	0	0
13	20000001	0.812549	0.816771	5	0	0
13	20500001	0.787862	0.816771	5	0	0
13	21000001	0.810031	0.816771	5	0	0
13	21500001	0.83055	0.816771	5	0	0
13	22000001	0.827848	0.816771	5	0	0
13	22500001	0.76615	0.816771	5	0	0
13	23000001	0.78927	0.816771	5	0	0
13	23500001	0.81175	0.816771	5	0	0
13	24000001	0.819751	0.816771	5	0	0
13	24500001	0.771427	0.816771	5	0	0
13	25000001	0.798027	0.816771	5	0	0
13	25500001	0.834839	0.816771	5	0	0
13	26000001	0.789151	0.816771	5	0	0
13	26500001	0.847345	0.816771	5	0	0
13	27000001	0.809066	0.816771	5	0	0
13	27500001	0.824872	0.816771	5	0	0
13	28000001	0.781399	0.816771	5	0	0
13	28500001	0.80911	0.816771	5	0	0
13	29000001	0.81313	0.816771	5	0	0
13	29500001	0.814434	0.816771	5	0	0
13	30000001	0.824653	0.816771	5	0	0
13	30500001	0.812328	0.816771	5	0	0
13	31000001	0.838066	0.816771	5	0	0
13	31500001	0.818423	0.816771	5	0	0
13	32000001	0.780989	0.816771	5	0	0
13	32500001	0.827558	0.816771	5	0	0
13	33000001	0.878419	0.816771	5	0	0
13	33500001	0.831539	0.816771	5	0	0
13	34000001	0.803151	0.816771	5	0	0
13	34500001	0.806872	0.816771	5	0	0
13	35000001	0.860245	0.816771	5	0	0
13	35500001	0.876587	0.816771	5	0	0
13	36000001	0.860091	0.816771	5	0	0
13	36500001	0.814972	0.816771	5	0	0
13	37000001	0.819794	0.816771	5	0	0
13	37500001	0.821708	0.816771	5	0	0
13	38000001	0.800713	0.816771	5	0	0
13	38500001	0.806147	0.816771	5	0	0
13	39000001	0.796745	0.816771	5	0	0
13	39500001	0.820683	0.816771	5	0	0
13	40000001	0.830428	0.816771	5	0	0
13	40500001	0.781253	0.816771	5	0	0
13	41000001	0.787862	0.816771	5	0	0
13	41500001	0.818834	0.816771	5	0	0
13	42000001	0.81785	0.816771	5	0	0
13	42500001	0.834833	0.816771	5	0	0
13	43000001	0.812623	0.816771	5	0	0
13	43500001	0.853193	0.816771	5	0	0
13	44000001	0.849797	0.816771	5	0	0
13	44500001	0.862832	0.816771	5	0	0
13	45000001	0.82276	0.816771	5	0	0
13	45500001	0.872336	0.816771	5	0	0
13	46000001	0.773247	0.816771	5	0	0
13	46500001	0.809025	0.816771	5	0	0
13	47000001	0.804248	0.816771	5	0	0
13	47500001	0.834701	0.816771	5	0	0
13	48000001	0.78745	0.816771	5	0	0
13	48500001	0.857834	0.816771	5	0	0
13	49000001	0.859484	0.816771	5	0	0
13	49500001	0.790136	0.816771	5	0	0
13	50000001	0.767618	0.816771	5	0	0
13	50500001	0.80558	0.816771	5	0	0
13	51000001	0.841938	0.816771	5	0	0
13	51500001	0.856017	0.816771	5	0	0
13	52000001	0.783944	0.816771	5	0	0
13	52500001	0.781762	0.816771	5	0	0
13	53000001	0.826935	0.816771	5	0	0
13	53500001	0.808701	0.816771	5	0	0
13	54000001	0.793915	0.816771	5	0	0
13	54500001	0.821896	0.816771	5	0	0
13	55000001	0.84616	0.816771	5	0	0
13	55500001	0.832531	0.816771	5	0	0
13	56000001	0.821629	0.816771	5	0	0
13	56500001	0.817265	0.816771	5	0	0
13	57000001	0.896884	0.816771	5	0	0
13	57500001	0.807215	0.816771	5	0	0
13	58000001	0.806219	0.816771	5	0	0
13	58500001	0.802129	0.816771	5	0	0
13	59000001	0.787631	0.816771	5	0	0
13	59500001	0.836389	0.816771	5	0	0
13	60000001	0.809526	0.816771	5	0	0
13	60500001	0.835236	0.816771	5	0	0
13	61000001	0.816252	0.816771	5	0	0
13	61500001	0.76855	0.816771	5	0	0
13	62000001	0.776973	0.816771	5	0	0
13	62500001	0.824414	0.816771	5	0	0
13	63000001	0.874095	0.816771	5	0	0
13	63500001	0.803622	0.816771	5	0	0
13	64000001	0.824379	0.816771	5	0	0
13	64500001	0.828459	0.816771	5	0	0
13	65000001	0.83811	0.816771	5	0	0
13	65500001	0.845615	0.816771	5	0	0
13	66000001	0.784532	0.816771	5	0	0
13	66500001	0.816757	0.816771	5	0	0
13	67000001	0.810487	0.816771	5	0	0
13	67500001	0.814375	0.816771	5	0	0
13	68000001	0.816786	0.816771	5	0	0
13	68500001	0.80536	0.816771	5	0	0
13	69000001	0.829103	0.816771	5	0	0
13	69500001	0.854553	0.816771	5	0	0
13	70000001	0.80939	0.816771	5	0	0
13	70500001	0.829919	0.816771	5	0	0
13	71000001	0.810176	0.816771	5	0	0
13	71500001	0.823624	0.816771	5	0	0
13	72000001	0.812313	0.816771	5	0	0
13	72500001	0.775609	0.816771	5	0	0
13	73000001	0.785352	0.816771	5	0	0
13	73500001	0.814239	0.816771	5	0	0
13	74000001	0.841251	0.816771	5	0	0
13	74500001	0.805368	0.816771	5	0	0
13	75000001	0.832979	0.816771	5	0	0
13	75500001	0.834689	0.816771	5	0	0
13	76000001	0.848625	0.816771	5	0	0
13	76500001	0.808123	0.816771	5	0	0
13	77000001	0.859279	0.816771	5	0	0
13	77500001	0.834412	0.816771	5	0	0
13	78000001	0.815506	0.816771	5	0	0
13	78500001	0.811172	0.816771	5	0	0
13	79000001	0.820587	0.816771	5	0	0
13	79500001	0.829196	0.816771	5	0	0
13	80000001	0.883611	0.816771	5	0	0
13	80500001	1.03226	1.04213	6	0	0
13	81000001	1.04035	1.04213	6	0	0
13	81500001	1.04392	1.04213	6	0	0
13	82000001	1.01418	1.04213	6	0	0
13	82500001	1.07229	1.04213	6	0	0
13	83000001	1.0577	1.04213	6	0	0
13	83500001	0.985324	1.00891	6	0	0
13	84000001	0.989616	1.00891	6	0	0
13	84500001	1.01018	1.00891	6	0	0
13	85000001	0.97725	1.00891	6	0	0
13	85500001	1.01873	1.00891	6	0	0
13	86000001	0.964979	1.00891	6	0	0
13	86500001	1.00218	1.00891	6	0	0
13	87000001	1.02178	1.00891	6	0	0
13	87500001	0.992817	1.00891	6	0	0
13	88000001	1.07667	1.00891	6	0	0
13	88500001	1.07773	1.00891	6	0	0
13	89000001	0.94235	1.00891	6	0	0
13	89500001	0.994724	1.00891	6	0	0
13	90000001	0.997453	1.00891	6	0	0
13	90500001	1.00995	1.00891	6	0	0
13	91000001	0.98619	1.00891	6	0	0
13	91500001	1.03644	1.00891	6	0	0
13	92000001	0.976034	1.00891	6	0	0
13	92500001	1.02011	1.00891	6	0	0
13	93000001	0.977684	1.00891	6	0	0
13	93500001	1.01197	1.00891	6	0	0
13	94000001	1.04977	1.00891	6	0	0
13	94500001	1.00263	1.00891	6	0	0
13	95000001	0.96677	1.00891	6	0	0
13	95500001	1.03826	1.00891	6	0	0
13	96000001	0.980003	1.00891	6	0	0
13	96500001	1.0425	1.00891	6	0	0
13	97000001	1.10278	1.00891	6	0	0
13	97500001	1.05155	1.00891	6	0	0
13	98000001	0.991884	1.00891	6	0	0
13	98500001	1.02022	1.00891	6	0	0
13	99000001	0.985488	1.00891	6	0	0
13	99500001	0.977815	1.00891	6	0	0
13	100000001	0.970082	1.00891	6	0	0
13	100500001	1.00736	1.00891	6	0	0
13	101000001	1.00626	1.00891	6	0	0
13	101500001	0.972109	1.00891	6	0	0
13	102000001	1.05056	1.00891	6	0	0
13	102500001	1.0571	1.00891	6	0	0
13	103000001	1.07006	1.00891	6	0	0
13	103500001	1.02432	1.00891	6	0	0
13	104000001	1.03636	1.00891	6	0	0
13	104500001	1.00461	1.00891	6	0	0
13	105000001	1.01518	1.00891	6	0	0
13	105500001	1.00753	1.00891	6	0	0
13	106000001	1.0223	1.00891	6	0	0
13	106500001	0.979483	1.00891	6	0	0
13	107000001	0.999369	1.00891	6	0	0
13	107500001	1.0518	1.00891	6	0	0
13	108000001	1.01561	1.00891	6	0	0
13	108500001	0.9958	1.00891	6	0	0
13	109000001	1.07652	1.00891	6	0	0
13	109500001	1.0407	1.00891	6	0	0
13	110000001	1.00891	1.00891	6	0	0
13	110500001	1.02183	1.00891	6	0	0
13	111000001	0.990186	1.00891	6	0	0
13	111500001	-1	1.00891	6	0	0
13	112000001	1.02903	1.00891	6	0	0
13	112500001	0.986001	0.967257	6	0	0
13	113000001	0.953569	0.967257	6	0	0
13	113500001	0.980945	0.967257	6	0	0
13	114000001	0.705339	0.967257	6	0	0
14	1	-1	-1	-1	0	0
14	500001	-1	-1	-1	0	0
14	1000001	-1	-1	-1	0	0
14	1500001	-1	-1	-1	0	0
14	2000001	-1	-1	-1	0	0
14	2500001	-1	-1	-1	0	0
14	3000001	-1	-1	-1	0	0
14	3500001	-1	-1	-1	0	0
14	4000001	-1	-1	-1	0	0
14	4500001	-1	-1	-1	0	0
14	5000001	-1	-1	-1	0	0
14	5500001	-1	-1	-1	0	0
14	6000001	-1	-1	-1	0	0
14	6500001	-1	-1	-1	0	0
14	7000001	-1	-1	-1	0	0
14	7500001	-1	-1	-1	0	0
14	8000001	-1	-1	-1	0	0
14	8500001	-1	-1	-1	0	0
14	9000001	-1	-1	-1	0	0
14	9500001	-1	-1	-1	0	0
14	10000001	-1	-1	-1	0	0
14	10500001	-1	-1	-1	0	0
14	11000001	-1	-1	-1	0	0
14	11500001	-1	-1	-1	0	0
14	12000001	-1	-1	-1	0	0
14	12500001	-1	-1	-1	0	0
14	13000001	-1	-1	-1	0	0
14	13500001	-1	-1	-1	0	0
14	14000001	-1	-1	-1	0	0
14	14500001	-1	-1	-1	0	0
14	15000001	-1	-1	-1	0	0
14	15500001	-1	-1	-1	0	0
14	16000001	0.510163	0.582921	3	0	0
14	16500001	0.655679	0.582921	3	0	0
14	17000001	0.883229	0.883229	5	0	0
14	17500001	1.17986	1.26472	8	0	0
14	18000001	1.34958	1.26472	8	0	0
14	18500001	-1	-1	-1	0	0
14	19000001	1.77672	1.77672	11	0	0
14	19500001	-1	-1	-1	0	0
14	20000001	0.942377	0.952328	6	0	0
14	20500001	1.00491	0.952328	6	0	0
14	21000001	0.974704	0.952328	6	0	0
14	21500001	0.965454	0.952328	6	0	0
14	22000001	1.06669	0.952328	6	0	0
14	22500001	0.963256	0.952328	6	0	0
14	23000001	0.926549	0.952328	6	0	0
14	23500001	0.986676	0.952328	6	0	0
14	24000001	0.951646	0.952328	6	0	0
14	24500001	0.96925	0.952328	6	0	0
14	25000001	0.951411	0.952328	6	0	0
14	25500001	1.0018	0.952328	6	0	0
14	26000001	0.909286	0.952328	6	0	0
14	26500001	0.938323	0.952328	6	0	0
14	27000001	0.979571	0.952328	6	0	0
14	27500001	0.926441	0.952328	6	0	0
14	28000001	0.921479	0.952328	6	0	0
14	28500001	0.95867	0.952328	6	0	0
14	29000001	0.970804	0.952328	6	0	0
14	29500001	0.930614	0.952328	6	0	0
14	30000001	0.941256	0.952328	6	0	0
14	30500001	0.982314	0.952328	6	0	0
14	31000001	0.95137	0.952328	6	0	0
14	31500001	1.02059	0.952328	6	0	0
14	32000001	0.990817	0.952328	6	0	0
14	32500001	0.944411	0.952328	6	0	0
14	33000001	0.925412	0.952328	6	0	0
14	33500001	0.92366	0.952328	6	0	0
14	34000001	0.973244	0.952328	6	0	0
14	34500001	0.919703	0.952328	6	0	0
14	35000001	0.949661	0.952328	6	0	0
14	35500001	0.924338	0.952328	6	0	0
14	36000001	0.944957	0.952328	6	0	0
14	36500001	0.960608	0.952328	6	0	0
14	37000001	0.906962	0.952328	6	0	0
14	37500001	0.968691	0.952328	6	0	0
14	38000001	0.997041	0.952328	6	0	0
14	38500001	0.939915	0.952328	6	0	0
14	39000001	0.96965	0.952328	6	0	0
14	39500001	0.979386	0.952328	6	0	0
14	40000001	0.967709	0.952328	6	0	0
14	40500001	1.04039	0.952328	6	0	0
14	41000001	0.95301	0.952328	6	0	0
14	41500001	0.911761	0.952328	6	0	0
14	42000001	0.974396	0.952328	6	0	0
14	42500001	0.983162	0.952328	6	0	0
14	43000001	0.980704	0.952328	6	0	0
14	43500001	0.93223	0.952328	6	0	0
14	44000001	0.934859	0.952328	6	0	0
14	44500001	0.936107	0.952328	6	0	0
14	45000001	0.951628	0.952328	6	0	0
14	45500001	0.89838	0.952328	6	0	0
14	46000001	0.941481	0.952328	6	0	0
14	46500001	1.09268	0.952328	6	0	0
14	47000001	1.31207	1.37053	8	0	0
14	47500001	1.32043	1.37053	8	0	0
14	48000001	1.34991	1.37053	8	0	0
14	48500001	1.34869	1.37053	8	0	0
14	49000001	1.36324	1.37053	8	0	0
14	49500001	1.37376	1.37053	8	0	0
14	50000001	1.37603	1.37053	8	0	0
14	50500001	1.43528	1.37053	8	0	0
14	51000001	1.3978	1.37053	8	0	0
14	51500001	1.45708	1.37053	8	0	0
14	52000001	1.4524	1.37053	8	0	0
14	52500001	1.32969	1.37053	8	0	0
14	53000001	1.38174	1.37053	8	0	0
14	53500001	1.43642	1.37053	8	0	0
14	54000001	1.46709	1.37053	8	0	0
14	54500001	1.37053	1.37053	8	0	0
14	55000001	1.36422	1.37053	8	0	0
14	55500001	1.39175	1.37053	8	0	0
14	56000001	1.32637	1.37053	8	0	0
14	56500001	1.32753	1.37053	8	0	0
14	57000001	1.3214	1.37053	8	0	0
14	57500001	1.26763	1.37053	8	0	0
14	58000001	1.28882	1.37053	8	0	0
14	58500001	1.43238	1.37053	8	0	0
14	59000001	1.42571	1.37053	8	0	0
14	59500001	1.268	1.1843	7	0	0
14	60000001	1.22388	1.1843	7	0	0
14	60500001	1.22165	1.1843	7	0	0
14	61000001	1.25194	1.1843	7	0	0
14	61500001	1.29333	1.1843	7	0	0
14	62000001	1.20071	1.1843	7	0	0
14	62500001	1.20635	1.1843	7	0	0
14	63000001	1.23421	1.1843	7	0	0
14	63500001	1.15165	1.1843	7	0	0
14	64000001	1.20789	1.1843	7	0	0
14	64500001	1.19296	1.1843	7	0	0
14	65000001	1.20795	1.1843	7	0	0
14	65500001	1.20686	1.1843	7	0	0
14	66000001	1.26343	1.1843	7	0	0
14	66500001	1.17256	1.1843	7	0	0
14	67000001	1.25744	1.1843	7	0	0
14	67500001	1.19238	1.1843	7	0	0
14	68000001	1.20651	1.1843	7	0	0
14	68500001	1.24871	1.1843	7	0	0
14	69000001	1.21236	1.1843	7	0	0
14	69500001	1.16667	1.1843	7	0	0
14	70000001	1.22129	1.1843	7	0	0
14	70500001	1.19716	1.1843	7	0	0
14	71000001	1.23493	1.1843	7	0	0
14	71500001	1.18111	1.1843	7	0	0
14	72000001	1.2293	1.1843	7	0	0
14	72500001	1.22194	1.1843	7	0	0
14	73000001	1.12988	1.1843	7	0	0
14	73500001	1.12647	1.1843	7	0	0
14	74000001	1.15929	1.1843	7	0	0
14	74500001	1.23207	1.1843	7	0	0
14	75000001	1.20957	1.1843	7	0	0
14	75500001	1.18545	1.1843	7	0	0
14	76000001	1.1468	1.1843	7	0	0
14	76500001	1.16954	1.1843	7	0	0
14	77000001	1.17431	1.1843	7	0	0
14	77500001	1.13191	1.1843	7	0	0
14	78000001	1.21898	1.1843	7	0	0
14	78500001	1.2125	1.1843	7	0	0
14	79000001	1.16713	1.1843	7	0	0
14	79500001	1.18711	1.1843	7	0	0
14	80000001	1.22981	1.1843	7	0	0
14	80500001	1.18931	1.1843	7	0	0
14	81000001	1.18283	1.1843	7	0	0
14	81500001	1.1861	1.1843	7	0	0
14	82000001	1.16946	1.1843	7	0	0
14	82500001	1.1718	1.1843	7	0	0
14	83000001	1.20873	1.1843	7	0	0
14	83500001	1.23076	1.1843	7	0	0
14	84000001	1.20907	1.1843	7	0	0
14	84500001	1.16456	1.1843	7	0	0
14	85000001	1.16934	1.1843	7	0	0
14	85500001	1.20546	1.1843	7	0	0
14	86000001	1.13136	1.1843	7	0	0
14	86500001	1.17771	1.1843	7	0	0
14	87000001	1.20889	1.1843	7	0	0
14	87500001	1.16859	1.1843	7	0	0
14	88000001	1.15757	1.1843	7	0	0
14	88500001	1.20436	1.1843	7	0	0
14	89000001	1.14982	1.1843	7	0	0
14	89500001	1.176	1.1843	7	0	0
14	90000001	1.16214	1.1843	7	0	0
14	90500001	1.24277	1.1843	7	0	0
14	91000001	1.15092	1.1843	7	0	0
14	91500001	1.17332	1.1843	7	0	0
14	92000001	1.16476	1.1843	7	0	0
14	92500001	1.17662	1.1843	7	0	0
14	93000001	1.13344	1.1843	7	0	0
14	93500001	1.22081	1.1843	7	0	0
14	94000001	1.22424	1.1843	7	0	0
14	94500001	1.13162	1.1843	7	0	0
14	95000001	1.13309	1.1843	7	0	0
14	95500001	1.24163	1.1843	7	0	0
14	96000001	1.13952	1.1843	7	0	0
14	96500001	1.20304	1.1843	7	0	0
14	97000001	1.14731	1.1843	7	0	0
14	97500001	1.18908	1.1843	7	0	0
14	98000001	1.16854	1.1843	7	0	0
14	98500001	1.16483	1.1843	7	0	0
14	99000001	1.18415	1.1843	7	0	0
14	99500001	1.16643	1.1843	7	0	0
14	100000001	1.13284	1.1843	7	0	0
14	100500001	1.11252	1.1843	7	0	0
14	101000001	1.17094	1.1843	7	0	0
14	101500001	1.13262	1.1843	7	0	0
14	102000001	1.15251	1.1843	7	0	0
14	102500001	1.12595	1.1843	7	0	0
14	103000001	1.14278	1.1843	7	0	0
14	103500001	1.06761	1.1843	7	0	0
14	104000001	1.14831	1.1843	7	0	0
14	104500001	1.35723	1.1843	7	0	0
14	105000001	1.40538	1.1843	7	0	0
14	105500001	1.18444	1.1843	7	0	0
14	106000001	1.1315	1.1843	7	0	0
14	106500001	-1	-1	-1	0	0
14	107000001	-1	-1	-1	0	0
15	1	-1	-1	-1	0	0
15	500001	-1	-1	-1	0	0
15	1000001	-1	-1	-1	0	0
15	1500001	-1	-1	-1	0	0
15	2000001	-1	-1	-1	0	0
15	2500001	-1	-1	-1	0	0
15	3000001	-1	-1	-1	0	0
15	3500001	-1	-1	-1	0	0
15	4000001	-1	-1	-1	0	0
15	4500001	-1	-1	-1	0	0
15	5000001	-1	-1	-1	0	0
15	5500001	-1	-1	-1	0	0
15	6000001	-1	-1	-1	0	0
15	6500001	-1	-1	-1	0	0
15	7000001	-1	-1	-1	0	0
15	7500001	-1	-1	-1	0	0
15	8000001	-1	-1	-1	0	0
15	8500001	-1	-1	-1	0	0
15	9000001	-1	-1	-1	0	0
15	9500001	-1	-1	-1	0	0
15	10000001	-1	-1	-1	0	0
15	10500001	-1	-1	-1	0	0
15	11000001	-1	-1	-1	0	0
15	11500001	-1	-1	-1	0	0
15	12000001	-1	-1	-1	0	0
15	12500001	-1	-1	-1	0	0
15	13000001	-1	-1	-1	0	0
15	13500001	-1	-1	-1	0	0
15	14000001	-1	-1	-1	0	0
15	14500001	-1	-1	-1	0	0
15	15000001	-1	-1	-1	0	0
15	15500001	-1	-1	-1	0	0
15	16000001	-1	-1	-1	0	0
15	16500001	-1	-1	-1	0	0
15	17000001	0.367217	0.516312	3	0	0
15	17500001	0.665407	0.516312	3	0	0
15	18000001	0.966296	0.966296	6	0	0
15	18500001	1.42012	1.27813	8	0	0
15	19000001	1.27813	1.27813	8	0	0
15	19500001	1.0646	1.27813	8	0	0
15	20000001	1.70901	1.70901	10	0	0
15	20500001	1.11925	1.04811	6	0	0
15	21000001	0.976981	1.04811	6	0	0
15	21500001	0.410319	0.410319	2	0	0
15	22000001	0.66206	0.819806	5	0	0
15	22500001	0.791447	0.819806	5	0	0
15	23000001	0.836287	0.819806	5	0	0
15	23500001	0.775395	0.819806	5	0	0
15	24000001	0.972574	0.819806	5	0	0
15	24500001	0.858863	0.819806	5	0	0
15	25000001	0.785312	0.819806	5	0	0
15	25500001	0.807801	0.819806	5	0	0
15	26000001	0.739388	0.819806	5	0	0
15	26500001	0.767791	0.819806	5	0	0
15	27000001	0.800119	0.819806	5	0	0
15	27500001	0.764828	0.819806	5	0	0
15	28000001	0.813369	0.819806	5	0	0
15	28500001	0.790288	0.819806	5	0	0
15	29000001	0.7671	0.819806	5	0	0
15	29500001	0.813629	0.819806	5	0	0
15	30000001	0.77338	0.819806	5	0	0
15	30500001	0.876875	0.819806	5	0	0
15	31000001	0.791888	0.819806	5	0	0
15	31500001	0.82892	0.819806	5	0	0
15	32000001	0.756695	0.819806	5	0	0
15	32500001	0.8104	0.819806	5	0	0
15	33000001	0.875325	0.819806	5	0	0
15	33500001	0.794111	0.819806	5	0	0
15	34000001	0.812002	0.819806	5	0	0
15	34500001	0.829118	0.819806	5	0	0
15	35000001	0.797877	0.819806	5	0	0
15	35500001	0.838734	0.819806	5	0	0
15	36000001	0.823745	0.819806	5	0	0
15	36500001	0.808029	0.819806	5	0	0
15	37000001	0.80877	0.819806	5	0	0
15	37500001	0.844864	0.819806	5	0	0
15	38000001	0.839973	0.819806	5	0	0
15	38500001	0.924548	0.819806	5	0	0
15	39000001	0.873371	0.819806	5	0	0
15	39500001	0.833501	0.819806	5	0	0
15	40000001	0.849884	0.819806	5	0	0
15	40500001	0.795833	0.819806	5	0	0
15	41000001	0.777624	0.819806	5	0	0
15	41500001	0.78491	0.819806	5	0	0
15	42000001	0.805603	0.819806	5	0	0
15	42500001	0.772519	0.819806	5	0	0
15	43000001	0.811246	0.819806	5	0	0
15	43500001	0.809593	0.819806	5	0	0
15	44000001	0.834459	0.819806	5	0	0
15	44500001	0.824908	0.819806	5	0	0
15	45000001	0.802783	0.819806	5	0	0
15	45500001	0.800776	0.819806	5	0	0
15	46000001	0.831442	0.819806	5	0	0
15	46500001	0.797228	0.819806	5	0	0
15	47000001	0.830556	0.819806	5	0	0
15	47500001	0.813115	0.819806	5	0	0
15	48000001	0.860349	0.819806	5	0	0
15	48500001	0.839716	0.819806	5	0	0
15	49000001	0.841253	0.819806	5	0	0
15	49500001	0.86592	0.819806	5	0	0
15	50000001	0.824854	0.819806	5	0	0
15	50500001	0.784087	0.819806	5	0	0
15	51000001	0.882201	0.819806	5	0	0
15	51500001	0.842135	0.819806	5	0	0
15	52000001	0.827581	0.819806	5	0	0
15	52500001	0.796147	0.819806	5	0	0
15	53000001	0.821487	0.819806	5	0	0
15	53500001	0.850143	0.819806	5	0	0
15	54000001	0.829264	0.819806	5	0	0
15	54500001	0.831578	0.819806	5	0	0
15	55000001	0.817844	0.819806	5	0	0
15	55500001	0.839171	0.819806	5	0	0
15	56000001	0.894725	0.819806	5	0	0
15	56500001	0.856453	0.819806	5	0	0
15	57000001	0.829004	0.819806	5	0	0
15	57500001	0.875528	0.819806	5	0	0
15	58000001	0.865787	0.819806	5	0	0
15	58500001	0.77006	0.819806	5	0	0
15	59000001	0.818125	0.819806	5	0	0
15	59500001	0.777441	0.819806	5	0	0
15	60000001	0.848528	0.819806	5	0	0
15	60500001	0.813519	0.819806	5	0	0
15	61000001	0.838517	0.819806	5	0	0
15	61500001	0.772312	0.819806	5	0	0
15	62000001	0.815611	0.819806	5	0	0
15	62500001	0.855315	0.819806	5	0	0
15	63000001	0.845344	0.819806	5	0	0
15	63500001	0.824276	0.819806	5	0	0
15	64000001	0.802248	0.819806	5	0	0
15	64500001	0.805778	0.819806	5	0	0
15	65000001	0.77327	0.819806	5	0	0
15	65500001	0.838372	0.819806	5	0	0
15	66000001	0.768693	0.819806	5	0	0
15	66500001	0.818106	0.819806	5	0	0
15	67000001	0.863618	0.819806	5	0	0
15	67500001	0.822999	0.819806	5	0	0
15	68000001	0.799501	0.819806	5	0	0
15	68500001	0.840056	0.819806	5	0	0
15	69000001	0.829231	0.819806	5	0	0
15	69500001	0.835662	0.819806	5	0	0
15	70000001	0.826058	0.819806	5	0	0
15	70500001	0.843577	0.819806	5	0	0
15	71000001	0.843292	0.819806	5	0	0
15	71500001	0.85456	0.819806	5	0	0
15	72000001	0.817219	0.819806	5	0	0
15	72500001	0.788636	0.819806	5	0	0
15	73000001	0.828042	0.819806	5	0	0
15	73500001	0.814296	0.819806	5	0	0
15	74000001	0.8292	0.819806	5	0	0
15	74500001	0.795283	0.819806	5	0	0
15	75000001	0.817208	0.819806	5	0	0
15	75500001	0.811457	0.819806	5	0	0
15	76000001	0.860161	0.819806	5	0	0
15	76500001	0.860212	0.819806	5	0	0
15	77000001	0.8556	0.819806	5	0	0
15	77500001	0.862616	0.819806	5	0	0
15	78000001	0.813519	0.819806	5	0	0
15	78500001	0.776636	0.819806	5	0	0
15	79000001	0.803381	0.819806	5	0	0
15	79500001	0.826228	0.819806	5	0	0
15	80000001	0.824458	0.819806	5	0	0
15	80500001	0.847349	0.819806	5	0	0
15	81000001	0.8388	0.819806	5	0	0
15	81500001	0.832454	0.819806	5	0	0
15	82000001	0.895476	0.819806	5	0	0
15	82500001	0.755527	0.819806	5	0	0
15	83000001	0.817587	0.819806	5	0	0
15	83500001	0.831218	0.819806	5	0	0
15	84000001	0.786048	0.819806	5	0	0
15	84500001	0.834197	0.819806	5	0	0
15	85000001	0.87595	0.819806	5	0	0
15	85500001	0.86839	0.819806	5	0	0
15	86000001	0.795478	0.819806	5	0	0
15	86500001	0.788597	0.819806	5	0	0
15	87000001	0.8287	0.819806	5	0	0
15	87500001	0.803916	0.819806	5	0	0
15	88000001	0.828461	0.819806	5	0	0
15	88500001	0.816357	0.819806	5	0	0
15	89000001	0.809357	0.819806	5	0	0
15	89500001	0.815962	0.819806	5	0	0
15	90000001	0.77942	0.819806	5	0	0
15	90500001	0.779742	0.819806	5	0	0
15	91000001	0.840215	0.819806	5	0	0
15	91500001	0.822327	0.819806	5	0	0
15	92000001	0.834997	0.819806	5	0	0
15	92500001	0.815503	0.819806	5	0	0
15	93000001	0.793708	0.819806	5	0	0
15	93500001	0.807578	0.819806	5	0	0
15	94000001	0.823044	0.819806	5	0	0
15	94500001	0.848258	0.819806	5	0	0
15	95000001	0.774874	0.819806	5	0	0
15	95500001	0.83899	0.819806	5	0	0
15	96000001	0.807948	0.819806	5	0	0
15	96500001	0.798972	0.819806	5	0	0
15	97000001	0.811648	0.819806	5	0	0
15	97500001	0.788044	0.819806	5	0	0
15	98000001	0.814577	0.819806	5	0	0
15	98500001	0.784291	0.819806	5	0	0
15	99000001	0.817987	0.819806	5	0	0
15	99500001	0.835249	0.819806	5	0	0
15	100000001	0.839911	0.819806	5	0	0
15	100500001	0.831787	0.819806	5	0	0
15	101000001	0.784915	0.819806	5	0	0
15	101500001	1.01905	0.819806	5	0	0
16	1	0.812106	0.812106	5	0	0
16	500001	2.08782	2.08782	13	0	0
16	1000001	2.7733	2.7733	17	0	0
16	1500001	0.782217	0.777591	5	0	0
16	2000001	0.871233	0.777591	5	0	0
16	2500001	0.814468	0.777591	5	0	0
16	3000001	0.757478	0.777591	5	0	0
16	3500001	0.750814	0.777591	5	0	0
16	4000001	0.779374	0.777591	5	0	0
16	4500001	0.765099	0.777591	5	0	0
16	5000001	0.815615	0.777591	5	0	0
16	5500001	0.767564	0.777591	5	0	0
16	6000001	0.743631	0.777591	5	0	0
16	6500001	0.743949	0.777591	5	0	0
16	7000001	0.722341	0.777591	5	0	0
16	7500001	0.815385	0.777591	5	0	0
16	8000001	0.830049	0.777591	5	0	0
16	8500001	0.749937	0.777591	5	0	0
16	9000001	0.788428	0.777591	5	0	0
16	9500001	0.829746	0.777591	5	0	0
16	10000001	0.832434	0.777591	5	0	0
16	10500001	0.781082	0.777591	5	0	0
16	11000001	0.775478	0.777591	5	0	0
16	11500001	0.788861	0.777591	5	0	0
16	12000001	0.756494	0.777591	5	0	0
16	12500001	0.777591	0.777591	5	0	0
16	13000001	0.767897	0.777591	5	0	0
16	13500001	0.802018	0.777591	5	0	0
16	14000001	0.840608	0.777591	5	0	0
16	14500001	0.812496	0.777591	5	0	0
16	15000001	0.84124	0.777591	5	0	0
16	15500001	0.733572	0.777591	5	0	0
16	16000001	0.844574	0.777591	5	0	0
16	16500001	0.779289	0.777591	5	0	0
16	17000001	0.743902	0.777591	5	0	0
16	17500001	0.778409	0.777591	5	0	0
16	18000001	0.767564	0.777591	5	0	0
16	18500001	0.796887	0.777591	5	0	0
16	19000001	0.77339	0.777591	5	0	0
16	19500001	0.772498	0.777591	5	0	0
16	20000001	0.759858	0.777591	5	0	0
16	20500001	0.814324	0.777591	5	0	0
16	21000001	0.868545	0.777591	5	0	0
16	21500001	0.933397	0.777591	5	0	0
16	22000001	0.82831	0.777591	5	0	0
16	22500001	1.07323	0.777591	5	0	0
16	23000001	0.762958	0.777591	5	0	0
16	23500001	0.775138	0.777591	5	0	0
16	24000001	0.781871	0.777591	5	0	0
16	24500001	0.805652	0.777591	5	0	0
16	25000001	0.751947	0.777591	5	0	0
16	25500001	0.809978	0.777591	5	0	0
16	26000001	0.783127	0.777591	5	0	0
16	26500001	0.770927	0.777591	5	0	0
16	27000001	0.791575	0.777591	5	0	0
16	27500001	0.758352	0.777591	5	0	0
16	28000001	0.766242	0.777591	5	0	0
16	28500001	0.713624	0.777591	5	0	0
16	29000001	0.740319	0.777591	5	0	0
16	29500001	0.753702	0.777591	5	0	0
16	30000001	0.76762	0.777591	5	0	0
16	30500001	0.740466	0.777591	5	0	0
16	31000001	0.718985	0.777591	5	0	0
16	31500001	0.792548	0.777591	5	0	0
16	32000001	0.711463	0.777591	5	0	0
16	32500001	0.693069	0.777591	5	0	0
16	33000001	-1	0.777591	5	0	0
16	33500001	0.671962	0.777591	5	0	0
16	34000001	0.780153	0.777591	5	0	0
16	34500001	3.25938	3.25938	20	0	0
16	35000001	0.756264	0.844064	5	0	0
16	35500001	0.844143	0.844064	5	0	0
16	36000001	0.844064	0.844064	5	0	0
16	36500001	0.570653	0.530588	3	0	0
16	37000001	0.51511	0.530588	3	0	0
16	37500001	0.530588	0.530588	3	0	0
16	38000001	-1	-1	-1	0	0
16	38500001	-1	-1	-1	0	0
16	39000001	-1	-1	-1	0	0
16	39500001	-1	-1	-1	0	0
16	40000001	-1	-1	-1	0	0
16	40500001	-1	-1	-1	0	0
16	41000001	-1	-1	-1	0	0
16	41500001	-1	-1	-1	0	0
16	42000001	-1	-1	-1	0	0
16	42500001	-1	-1	-1	0	0
16	43000001	-1	-1	-1	0	0
16	43500001	-1	-1	-1	0	0
16	44000001	-1	-1	-1	0	0
16	44500001	-1	-1	-1	0	0
16	45000001	-1	-1	-1	0	0
16	45500001	-1	-1	-1	0	0
16	46000001	-1	-1	-1	0	0
16	46500001	0.774114	0.815752	5	0	0
16	47000001	0.835788	0.815752	5	0	0
16	47500001	0.901151	0.815752	5	0	0
16	48000001	0.837509	0.815752	5	0	0
16	48500001	0.83891	0.815752	5	0	0
16	49000001	0.851782	0.815752	5	0	0
16	49500001	0.770539	0.815752	5	0	0
16	50000001	0.829529	0.815752	5	0	0
16	50500001	0.796639	0.815752	5	0	0
16	51000001	0.812048	0.815752	5	0	0
16	51500001	0.813616	0.815752	5	0	0
16	52000001	0.792707	0.815752	5	0	0
16	52500001	0.807112	0.815752	5	0	0
16	53000001	0.8026	0.815752	5	0	0
16	53500001	0.815752	0.815752	5	0	0
16	54000001	0.82285	0.815752	5	0	0
16	54500001	0.811483	0.815752	5	0	0
16	55000001	0.832781	0.815752	5	0	0
16	55500001	0.862539	0.815752	5	0	0
16	56000001	0.851123	0.815752	5	0	0
16	56500001	0.81456	0.815752	5	0	0
16	57000001	0.773593	0.796843	5	0	0
16	57500001	0.799389	0.796843	5	0	0
16	58000001	0.819329	0.796843	5	0	0
16	58500001	0.773641	0.796843	5	0	0
16	59000001	0.834789	0.796843	5	0	0
16	59500001	0.829277	0.796843	5	0	0
16	60000001	0.818945	0.796843	5	0	0
16	60500001	0.78845	0.796843	5	0	0
16	61000001	0.795138	0.796843	5	0	0
16	61500001	0.821556	0.796843	5	0	0
16	62000001	0.763749	0.796843	5	0	0
16	62500001	0.776258	0.796843	5	0	0
16	63000001	0.79648	0.796843	5	0	0
16	63500001	0.818858	0.796843	5	0	0
16	64000001	0.758597	0.796843	5	0	0
16	64500001	0.841289	0.796843	5	0	0
16	65000001	0.845913	0.796843	5	0	0
16	65500001	0.796843	0.796843	5	0	0
16	66000001	0.788218	0.796843	5	0	0
16	66500001	0.818752	0.796843	5	0	0
16	67000001	0.764512	0.796843	5	0	0
16	67500001	0.787521	0.796843	5	0	0
16	68000001	0.787814	0.796843	5	0	0
16	68500001	0.805888	0.796843	5	0	0
16	69000001	0.783267	0.796843	5	0	0
16	69500001	0.809135	0.796843	5	0	0
16	70000001	0.795919	0.796843	5	0	0
16	70500001	0.790504	0.796843	5	0	0
16	71000001	0.825621	0.796843	5	0	0
16	71500001	0.772923	0.796843	5	0	0
16	72000001	0.801781	0.796843	5	0	0
16	72500001	0.830346	0.796843	5	0	0
16	73000001	0.808881	0.796843	5	0	0
16	73500001	0.812142	0.796843	5	0	0
16	74000001	0.771545	0.796843	5	0	0
16	74500001	0.775168	0.796843	5	0	0
16	75000001	0.792442	0.796843	5	0	0
16	75500001	0.796111	0.796843	5	0	0
16	76000001	0.850611	0.796843	5	0	0
16	76500001	0.798106	0.796843	5	0	0
16	77000001	0.814618	0.796843	5	0	0
16	77500001	0.772663	0.796843	5	0	0
16	78000001	0.652266	0.796843	5	0	0
16	78500001	0.717999	0.796843	5	0	0
16	79000001	0.780388	0.796843	5	0	0
16	79500001	0.800216	0.796843	5	0	0
16	80000001	0.824728	0.796843	5	0	0
16	80500001	0.823069	0.796843	5	0	0
16	81000001	0.795058	0.796843	5	0	0
16	81500001	0.797955	0.796843	5	0	0
16	82000001	0.847054	0.796843	5	0	0
16	82500001	0.77851	0.796843	5	0	0
16	83000001	0.790419	0.796843	5	0	0
16	83500001	0.797447	0.796843	5	0	0
16	84000001	0.758448	0.796843	5	0	0
16	84500001	0.791387	0.796843	5	0	0
16	85000001	0.821011	0.796843	5	0	0
16	85500001	0.801799	0.796843	5	0	0
16	86000001	0.777078	0.796843	5	0	0
16	86500001	0.802765	0.796843	5	0	0
16	87000001	0.761953	0.796843	5	0	0
16	87500001	0.801742	0.796843	5	0	0
16	88000001	0.830667	0.796843	5	0	0
16	88500001	1.31372	1.31372	8	0	0
16	89000001	0.81776	0.811597	5	0	0
16	89500001	0.805435	0.811597	5	0	0
16	90000001	-1	-1	-1	0	0
17	1	-1	-1	-1	0	0
17	500001	1.06872	1.09834	7	0	0
17	1000001	1.08399	1.09834	7	0	0
17	1500001	1.08609	1.09834	7	0	0
17	2000001	1.07662	1.09834	7	0	0
17	2500001	1.06223	1.09834	7	0	0
17	3000001	1.15675	1.09834	7	0	0
17	3500001	1.05559	1.09834	7	0	0
17	4000001	1.05202	1.09834	7	0	0
17	4500001	1.06707	1.09834	7	0	0
17	5000001	1.12492	1.09834	7	0	0
17	5500001	1.13896	1.09834	7	0	0
17	6000001	1.09604	1.09834	7	0	0
17	6500001	1.10899	1.09834	7	0	0
17	7000001	1.08444	1.09834	7	0	0
17	7500001	1.10068	1.09834	7	0	0
17	8000001	1.02865	1.09834	7	0	0
17	8500001	1.09763	1.09834	7	0	0
17	9000001	1.01818	1.09834	7	0	0
17	9500001	1.07519	1.09834	7	0	0
17	10000001	1.07438	1.09834	7	0	0
17	10500001	1.08315	1.09834	7	0	0
17	11000001	1.09587	1.09834	7	0	0
17	11500001	1.13092	1.09834	7	0	0
17	12000001	1.11881	1.09834	7	0	0
17	12500001	1.05154	1.09834	7	0	0
17	13000001	1.07105	1.09834	7	0	0
17	13500001	1.13908	1.09834	7	0	0
17	14000001	1.09905	1.09834	7	0	0
17	14500001	1.15853	1.09834	7	0	0
17	15000001	1.11777	1.09834	7	0	0
17	15500001	1.10073	1.09834	7	0	0
17	16000001	1.1277	1.09834	7	0	0
17	16500001	1.1637	1.09834	7	0	0
17	17000001	1.08269	1.09834	7	0	0
17	17500001	1.08685	1.09834	7	0	0
17	18000001	1.16067	1.09834	7	0	0
17	18500001	1.14827	1.09834	7	0	0
17	19000001	1.12464	1.09834	7	0	0
17	19500001	1.15767	1.09834	7	0	0
17	20000001	1.15135	1.09834	7	0	0
17	20500001	1.10077	1.09834	7	0	0
17	21000001	1.17295	1.09834	7	0	0
17	21500001	1.69479	1.69479	10	0	0
17	22000001	1.3113	1.33773	8	0	0
17	22500001	1.36416	1.33773	8	0	0
17	23000001	1.12684	1.12684	7	0	0
17	23500001	0.467536	0.56771	3	0	0
17	24000001	0.582196	0.56771	3	0	0
17	24500001	0.460498	0.56771	3	0	0
17	25000001	0.741147	0.56771	3	0	0
17	25500001	0.56771	0.56771	3	0	0
17	26000001	0.243267	0.243267	1	0	0
17	26500001	4.06416	4.06416	24	0	0
17	27000001	1.14769	1.10093	7	0	0
17	27500001	1.13394	1.10093	7	0	0
17	28000001	1.1115	1.10093	7	0	0
17	28500001	1.10598	1.10093	7	0	0
17	29000001	1.05816	1.10093	7	0	0
17	29500001	1.13224	1.10093	7	0	0
17	30000001	1.12696	1.10093	7	0	0
17	30500001	1.07065	1.10093	7	0	0
17	31000001	1.11354	1.10093	7	0	0
17	31500001	1.09219	1.10093	7	0	0
17	32000001	1.06274	1.10093	7	0	0
17	32500001	1.14889	1.10093	7	0	0
17	33000001	1.12633	1.10093	7	0	0
17	33500001	1.09017	1.10093	7	0	0
17	34000001	1.13208	1.10093	7	0	0
17	34500001	1.09358	1.10093	7	0	0
17	35000001	1.10779	1.10093	7	0	0
17	35500001	1.077	1.10093	7	0	0
17	36000001	1.06786	1.10093	7	0	0
17	36500001	1.08227	1.10093	7	0	0
17	37000001	1.05554	1.10093	7	0	0
17	37500001	1.10844	1.10093	7	0	0
17	38000001	0.846961	1.10093	7	0	0
17	38500001	1.06433	1.10093	7	0	0
17	39000001	1.03764	1.10093	7	0	0
17	39500001	1.07215	1.10093	7	0	0
17	40000001	1.06043	1.10093	7	0	0
17	40500001	1.15851	1.10093	7	0	0
17	41000001	1.12197	1.10093	7	0	0
17	41500001	1.06638	1.10093	7	0	0
17	42000001	1.08103	1.10093	7	0	0
17	42500001	1.10535	1.10093	7	0	0
17	43000001	1.02092	1.10093	7	0	0
17	43500001	1.10642	1.10093	7	0	0
17	44000001	1.01741	1.10093	7	0	0
17	44500001	1.0684	1.10093	7	0	0
17	45000001	1.05365	1.10093	7	0	0
17	45500001	1.19303	1.10093	7	0	0
17	46000001	0.860876	1.10093	7	0	0
17	46500001	0.943343	1.10093	7	0	0
17	47000001	1.09844	1.10093	7	0	0
17	47500001	1.0973	1.10093	7	0	0
17	48000001	1.16932	1.10093	7	0	0
17	48500001	1.06597	1.10093	7	0	0
17	49000001	1.0537	1.10093	7	0	0
17	49500001	1.16157	1.10093	7	0	0
17	50000001	1.12998	1.10093	7	0	0
17	50500001	1.09084	1.10093	7	0	0
17	51000001	1.10114	1.10093	7	0	0
17	51500001	1.1055	1.10093	7	0	0
17	52000001	1.09225	1.10093	7	0	0
17	52500001	1.1411	1.10093	7	0	0
17	53000001	1.16648	1.10093	7	0	0
17	53500001	1.11805	1.10093	7	0	0
17	54000001	1.1528	1.10093	7	0	0
17	54500001	1.13033	1.10093	7	0	0
17	55000001	1.16587	1.10093	7	0	0
17	55500001	1.09991	1.10093	7	0	0
17	56000001	1.13254	1.10093	7	0	0
17	56500001	1.13315	1.10093	7	0	0
17	57000001	1.11039	1.10093	7	0	0
17	57500001	1.12501	1.10093	7	0	0
17	58000001	1.14117	1.10093	7	0	0
17	58500001	1.06558	1.10093	7	0	0
17	59000001	1.0643	1.10093	7	0	0
17	59500001	1.12833	1.10093	7	0	0
17	60000001	1.12896	1.10093	7	0	0
17	60500001	1.07973	1.10093	7	0	0
17	61000001	1.09222	1.10093	7	0	0
17	61500001	1.09934	1.10093	7	0	0
17	62000001	1.07365	1.10093	7	0	0
17	62500001	1.09051	1.10093	7	0	0
17	63000001	1.15624	1.10093	7	0	0
17	63500001	1.06696	1.10093	7	0	0
17	64000001	1.12051	1.10093	7	0	0
17	64500001	1.14075	1.10093	7	0	0
17	65000001	1.13476	1.10093	7	0	0
17	65500001	1.13265	1.10093	7	0	0
17	66000001	1.1699	1.10093	7	0	0
17	66500001	1.11028	1.10093	7	0	0
17	67000001	1.11203	1.10093	7	0	0
17	67500001	1.0846	1.10093	7	0	0
17	68000001	1.02753	1.10093	7	0	0
17	68500001	1.11138	1.10093	7	0	0
17	69000001	1.1077	1.10093	7	0	0
17	69500001	1.15689	1.10093	7	0	0
17	70000001	1.12505	1.10093	7	0	0
17	70500001	1.10635	1.10093	7	0	0
17	71000001	1.14193	1.10093	7	0	0
17	71500001	1.08033	1.10093	7	0	0
17	72000001	1.10159	1.10093	7	0	0
17	72500001	1.12727	1.10093	7	0	0
17	73000001	1.05563	1.10093	7	0	0
17	73500001	1.10442	1.10093	7	0	0
17	74000001	1.04855	1.10093	7	0	0
17	74500001	1.13339	1.10093	7	0	0
17	75000001	1.05833	1.10093	7	0	0
17	75500001	1.10072	1.10093	7	0	0
17	76000001	1.03675	1.10093	7	0	0
17	76500001	1.09649	1.10093	7	0	0
17	77000001	1.06183	1.10093	7	0	0
17	77500001	1.07608	1.10093	7	0	0
17	78000001	1.07626	1.10093	7	0	0
17	78500001	1.07673	1.10093	7	0	0
17	79000001	1.15743	1.10093	7	0	0
17	79500001	1.0189	1.10093	7	0	0
17	80000001	0.977833	1.10093	7	0	0
17	80500001	1.03019	1.10093	7	0	0
17	81000001	1.69602	1.69602	10	0	0
17	81500001	1.13419	1.15655	7	0	0
17	82000001	1.17891	1.15655	7	0	0
17	82500001	0.955003	0.736144	4	0	0
17	83000001	0.517285	0.736144	4	0	0
18	1	2.55582	2.55582	15	0	0
18	500001	0.989925	1.00369	6	0	0
18	1000001	1.02842	1.00369	6	0	0
18	1500001	0.995195	1.00369	6	0	0
18	2000001	1.03142	1.00369	6	0	0
18	2500001	0.993145	1.00369	6	0	0
18	3000001	1.01324	1.00369	6	0	0
18	3500001	1.03577	1.00369	6	0	0
18	4000001	1.07414	1.00369	6	0	0
18	4500001	0.996377	1.00369	6	0	0
18	5000001	0.988046	1.00369	6	0	0
18	5500001	0.970789	1.00369	6	0	0
18	6000001	0.959073	1.00369	6	0	0
18	6500001	0.977056	1.00369	6	0	0
18	7000001	1.01053	1.00369	6	0	0
18	7500001	1.02629	1.00369	6	0	0
18	8000001	1.00567	1.00369	6	0	0
18	8500001	1.06821	1.00369	6	0	0
18	9000001	0.993613	1.00369	6	0	0
18	9500001	1.04411	1.00369	6	0	0
18	10000001	1.01428	1.00369	6	0	0
18	10500001	0.988426	1.00369	6	0	0
18	11000001	1.02409	1.00369	6	0	0
18	11500001	0.962983	1.00369	6	0	0
18	12000001	1.02262	1.00369	6	0	0
18	12500001	1.00369	1.00369	6	0	0
18	13000001	0.996478	1.00369	6	0	0
18	13500001	0.992254	1.00369	6	0	0
18	14000001	0.966854	1.00369	6	0	0
18	14500001	1.01976	1.00369	6	0	0
18	15000001	1.19227	1.19379	7	0	0
18	15500001	1.19531	1.19379	7	0	0
18	16000001	1.57929	1.57929	9	0	0
18	16500001	1.37453	1.29703	8	0	0
18	17000001	1.36443	1.29703	8	0	0
18	17500001	1.21945	1.29703	8	0	0
18	18000001	1.22963	1.29703	8	0	0
18	18500001	1.04003	1.01682	6	0	0
18	19000001	1.11449	1.01682	6	0	0
18	19500001	0.939606	1.01682	6	0	0
18	20000001	0.995306	1.01682	6	0	0
18	20500001	0.876563	1.01682	6	0	0
18	21000001	1.02946	1.01682	6	0	0
18	21500001	0.951872	1.01682	6	0	0
18	22000001	1.01844	1.01682	6	0	0
18	22500001	1.06629	1.01682	6	0	0
18	23000001	0.962063	1.01682	6	0	0
18	23500001	1.02604	1.01682	6	0	0
18	24000001	1.01389	1.01682	6	0	0
18	24500001	1.04823	1.01682	6	0	0
18	25000001	0.968205	1.01682	6	0	0
18	25500001	1.02157	1.01682	6	0	0
18	26000001	1.0152	1.01682	6	0	0
18	26500001	1.02322	1.01682	6	0	0
18	27000001	0.98231	1.01682	6	0	0
18	27500001	0.985526	1.01682	6	0	0
18	28000001	0.977179	1.01682	6	0	0
18	28500001	1.02363	1.01682	6	0	0
18	29000001	1.07565	1.01682	6	0	0
18	29500001	0.972654	1.01682	6	0	0
18	30000001	1.03064	1.01682	6	0	0
18	30500001	1.24727	1.22652	7	0	0
18	31000001	1.22006	1.22652	7	0	0
18	31500001	1.14897	1.22652	7	0	0
18	32000001	1.20001	1.22652	7	0	0
18	32500001	1.20043	1.22652	7	0	0
18	33000001	1.23249	1.22652	7	0	0
18	33500001	1.22652	1.22652	7	0	0
18	34000001	1.24789	1.22652	7	0	0
18	34500001	1.23936	1.22652	7	0	0
18	35000001	1.2384	1.22652	7	0	0
18	35500001	1.24632	1.22652	7	0	0
18	36000001	1.19854	1.22652	7	0	0
18	36500001	1.19502	1.22652	7	0	0
18	37000001	1.34512	1.38607	8	0	0
18	37500001	1.39308	1.38607	8	0	0
18	38000001	1.36694	1.38607	8	0	0
18	38500001	1.39132	1.38607	8	0	0
18	39000001	1.33737	1.38607	8	0	0
18	39500001	1.35048	1.38607	8	0	0
18	40000001	1.41671	1.38607	8	0	0
18	40500001	1.38082	1.38607	8	0	0
18	41000001	1.35242	1.38607	8	0	0
18	41500001	1.33268	1.38607	8	0	0
18	42000001	1.36647	1.38607	8	0	0
18	42500001	1.33271	1.38607	8	0	0
18	43000001	1.40285	1.38607	8	0	0
18	43500001	1.39565	1.38607	8	0	0
18	44000001	1.41771	1.38607	8	0	0
18	44500001	1.40249	1.38607	8	0	0
18	45000001	1.41367	1.38607	8	0	0
18	45500001	1.45008	1.38607	8	0	0
18	46000001	1.21794	1.21794	7	0	0
18	46500001	0.854458	0.801057	5	0	0
18	47000001	0.928496	0.801057	5	0	0
18	47500001	0.832422	0.801057	5	0	0
18	48000001	0.831127	0.801057	5	0	0
18	48500001	0.799104	0.801057	5	0	0
18	49000001	0.810427	0.801057	5	0	0
18	49500001	0.768486	0.801057	5	0	0
18	50000001	0.83906	0.801057	5	0	0
18	50500001	0.837661	0.801057	5	0	0
18	51000001	0.799636	0.801057	5	0	0
18	51500001	0.809609	0.801057	5	0	0
18	52000001	0.741443	0.801057	5	0	0
18	52500001	0.787736	0.801057	5	0	0
18	53000001	0.752985	0.801057	5	0	0
18	53500001	0.795181	0.801057	5	0	0
18	54000001	0.792224	0.801057	5	0	0
18	54500001	0.812842	0.801057	5	0	0
18	55000001	0.800625	0.801057	5	0	0
18	55500001	0.820455	0.801057	5	0	0
18	56000001	0.812943	0.801057	5	0	0
18	56500001	0.786593	0.801057	5	0	0
18	57000001	0.818369	0.801057	5	0	0
18	57500001	0.82042	0.801057	5	0	0
18	58000001	0.819119	0.801057	5	0	0
18	58500001	0.786605	0.801057	5	0	0
18	59000001	0.81504	0.801057	5	0	0
18	59500001	0.793347	0.801057	5	0	0
18	60000001	0.831494	0.801057	5	0	0
18	60500001	0.773493	0.801057	5	0	0
18	61000001	0.806274	0.801057	5	0	0
18	61500001	0.825715	0.801057	5	0	0
18	62000001	0.842279	0.801057	5	0	0
18	62500001	0.811459	0.801057	5	0	0
18	63000001	0.773901	0.801057	5	0	0
18	63500001	0.850675	0.801057	5	0	0
18	64000001	0.790127	0.801057	5	0	0
18	64500001	0.753719	0.801057	5	0	0
18	65000001	0.791175	0.801057	5	0	0
18	65500001	0.789847	0.801057	5	0	0
18	66000001	0.809032	0.801057	5	0	0
18	66500001	0.806708	0.801057	5	0	0
18	67000001	0.86386	0.801057	5	0	0
18	67500001	0.819816	0.801057	5	0	0
18	68000001	0.797183	0.801057	5	0	0
18	68500001	0.829681	0.801057	5	0	0
18	69000001	0.832439	0.801057	5	0	0
18	69500001	0.814211	0.801057	5	0	0
18	70000001	0.838569	0.801057	5	0	0
18	70500001	0.825709	0.801057	5	0	0
18	71000001	0.792378	0.801057	5	0	0
18	71500001	0.747636	0.801057	5	0	0
18	72000001	0.78298	0.801057	5	0	0
18	72500001	0.769996	0.801057	5	0	0
18	73000001	0.801057	0.801057	5	0	0
18	73500001	0.797948	0.801057	5	0	0
18	74000001	0.777399	0.801057	5	0	0
18	74500001	0.77482	0.801057	5	0	0
18	75000001	0.793063	0.801057	5	0	0
18	75500001	0.802984	0.801057	5	0	0
18	76000001	0.76788	0.801057	5	0	0
18	76500001	0.760665	0.801057	5	0	0
18	77000001	0.833425	0.801057	5	0	0
18	77500001	0.801399	0.801057	5	0	0
18	78000001	0.752095	0.801057	5	0	0
18	78500001	0.733228	0.801057	5	0	0
18	79000001	0.769607	0.801057	5	0	0
18	79500001	0.735092	0.801057	5	0	0
18	80000001	-1	-1	-1	0	0
19	1	0.961294	0.961294	6	0	0
19	500001	1.67599	1.67599	10	0	0
19	1000001	2.20908	2.20908	13	0	0
19	1500001	1.26105	0.9581	6	0	0
19	2000001	1.14317	0.9581	6	0	0
19	2500001	0.94709	0.9581	6	0	0
19	3000001	1.00101	0.9581	6	0	0
19	3500001	1.05396	0.9581	6	0	0
19	4000001	1.00827	0.9581	6	0	0
19	4500001	0.975443	0.9581	6	0	0
19	5000001	0.928914	0.9581	6	0	0
19	5500001	0.946319	0.9581	6	0	0
19	6000001	0.915752	0.9581	6	0	0
19	6500001	0.93994	0.9581	6	0	0
19	7000001	0.916571	0.9581	6	0	0
19	7500001	0.993008	0.9581	6	0	0
19	8000001	0.903058	0.9581	6	0	0
19	8500001	1.32015	0.9581	6	0	0
19	9000001	0.956649	0.9581	6	0	0
19	9500001	0.944952	0.9581	6	0	0
19	10000001	0.983491	0.9581	6	0	0
19	10500001	0.94256	0.9581	6	0	0
19	11000001	0.925415	0.9581	6	0	0
19	11500001	0.966855	0.9581	6	0	0
19	12000001	0.956421	0.9581	6	0	0
19	12500001	0.957397	0.9581	6	0	0
19	13000001	0.930329	0.9581	6	0	0
19	13500001	0.940278	0.9581	6	0	0
19	14000001	0.932696	0.9581	6	0	0
19	14500001	0.940345	0.9581	6	0	0
19	15000001	0.945994	0.9581	6	0	0
19	15500001	1.03622	0.9581	6	0	0
19	16000001	0.9581	0.9581	6	0	0
19	16500001	0.99456	0.9581	6	0	0
19	17000001	0.90934	0.9581	6	0	0
19	17500001	0.959113	0.9581	6	0	0
19	18000001	1.01136	0.9581	6	0	0
19	18500001	1.00645	0.9581	6	0	0
19	19000001	0.949319	0.9581	6	0	0
19	19500001	1.00071	0.9581	6	0	0
19	20000001	0.996199	0.9581	6	0	0
19	20500001	0.956705	0.9581	6	0	0
19	21000001	0.946709	0.9581	6	0	0
19	21500001	0.961413	0.9581	6	0	0
19	22000001	0.980586	0.9581	6	0	0
19	22500001	0.975045	0.9581	6	0	0
19	23000001	0.954907	0.9581	6	0	0
19	23500001	1.01223	0.9581	6	0	0
19	24000001	1.24767	0.9581	6	0	0
19	24500001	1.11191	0.9581	6	0	0
19	25000001	1.40237	1.64746	10	0	0
19	25500001	1.64746	1.64746	10	0	0
19	26000001	1.74276	1.64746	10	0	0
19	26500001	2.27173	2.27173	14	0	0
19	27000001	3.18263	3.18263	19	0	0
19	27500001	1.24516	1.19946	7	0	0
19	28000001	1.23922	1.19946	7	0	0
19	28500001	1.22183	1.19946	7	0	0
19	29000001	1.1806	1.19946	7	0	0
19	29500001	1.13052	1.19946	7	0	0
19	30000001	1.17357	1.19946	7	0	0
19	30500001	1.17589	1.19946	7	0	0
19	31000001	1.17311	1.19946	7	0	0
19	31500001	1.19946	1.19946	7	0	0
19	32000001	1.20268	1.19946	7	0	0
19	32500001	1.15014	1.19946	7	0	0
19	33000001	1.17279	1.19946	7	0	0
19	33500001	1.18694	1.19946	7	0	0
19	34000001	1.27496	1.19946	7	0	0
19	34500001	1.32975	1.19946	7	0	0
19	35000001	1.18579	1.19946	7	0	0
19	35500001	1.16829	1.19946	7	0	0
19	36000001	1.45356	1.19946	7	0	0
19	36500001	1.20245	1.19946	7	0	0
19	37000001	1.33697	1.19946	7	0	0
19	37500001	1.187	1.19946	7	0	0
19	38000001	1.1888	1.19946	7	0	0
19	38500001	1.15431	1.19946	7	0	0
19	39000001	1.17206	1.19946	7	0	0
19	39500001	1.31063	1.19946	7	0	0
19	40000001	1.18442	1.19946	7	0	0
19	40500001	1.14134	1.19946	7	0	0
19	41000001	1.2566	1.19946	7	0	0
19	41500001	1.24439	1.19946	7	0	0
19	42000001	1.18723	1.19946	7	0	0
19	42500001	1.28132	1.19946	7	0	0
19	43000001	1.32172	1.19946	7	0	0
19	43500001	1.24077	1.19946	7	0	0
19	44000001	1.27777	1.19946	7	0	0
19	44500001	1.20897	1.19946	7	0	0
19	45000001	1.2085	1.19946	7	0	0
19	45500001	1.14226	1.19946	7	0	0
19	46000001	1.25456	1.19946	7	0	0
19	46500001	1.20802	1.19946	7	0	0
19	47000001	1.14261	1.19946	7	0	0
19	47500001	1.51621	1.19946	7	0	0
19	48000001	1.1628	1.19946	7	0	0
19	48500001	1.15367	1.19946	7	0	0
19	49000001	1.12599	1.19946	7	0	0
19	49500001	1.28037	1.19946	7	0	0
19	50000001	1.36447	1.19946	7	0	0
19	50500001	1.11072	1.19946	7	0	0
19	51000001	1.21308	1.19946	7	0	0
19	51500001	1.32655	1.19946	7	0	0
19	52000001	1.18646	1.19946	7	0	0
19	52500001	1.17162	1.19946	7	0	0
19	53000001	1.16879	1.19946	7	0	0
19	53500001	1.12886	1.19946	7	0	0
19	54000001	1.16121	1.19946	7	0	0
19	54500001	1.1654	1.19946	7	0	0
19	55000001	1.23707	1.19946	7	0	0
19	55500001	1.22383	1.19946	7	0	0
19	56000001	1.18881	1.19946	7	0	0
19	56500001	1.22191	1.19946	7	0	0
19	57000001	1.2063	1.19946	7	0	0
19	57500001	1.21275	1.19946	7	0	0
19	58000001	1.25584	1.19946	7	0	0
19	58500001	0.28915	1.19946	7	0	0
2	1	0.906422	0.951305	6	0	0
2	500001	0.945083	0.951305	6	0	0
2	1000001	0.945396	0.951305	6	0	0
2	1500001	0.919742	0.951305	6	0	0
2	2000001	0.90792	0.951305	6	0	0
2	2500001	0.93117	0.951305	6	0	0
2	3000001	0.869531	0.951305	6	0	0
2	3500001	0.930246	0.951305	6	0	0
2	4000001	0.915001	0.951305	6	0	0
2	4500001	0.917625	0.951305	6	0	0
2	5000001	0.86944	0.951305	6	0	0
2	5500001	0.91786	0.951305	6	0	0
2	6000001	0.929343	0.951305	6	0	0
2	6500001	0.942816	0.951305	6	0	0
2	7000001	0.979973	0.951305	6	0	0
2	7500001	0.92218	0.951305	6	0	0
2	8000001	0.946601	0.951305	6	0	0
2	8500001	0.923596	0.951305	6	0	0
2	9000001	0.963338	0.951305	6	0	0
2	9500001	0.966982	0.951305	6	0	0
2	10000001	0.875822	0.951305	6	0	0
2	10500001	0.941209	0.951305	6	0	0
2	11000001	0.955728	0.951305	6	0	0
2	11500001	0.931197	0.951305	6	0	0
2	12000001	0.957548	0.951305	6	0	0
2	12500001	1.00098	0.951305	6	0	0
2	13000001	0.99767	0.951305	6	0	0
2	13500001	0.933217	0.951305	6	0	0
2	14000001	0.948158	0.951305	6	0	0
2	14500001	0.961903	0.951305	6	0	0
2	15000001	0.965398	0.951305	6	0	0
2	15500001	0.920478	0.951305	6	0	0
2	16000001	0.906642	0.951305	6	0	0
2	16500001	0.93395	0.951305	6	0	0
2	17000001	0.928385	0.951305	6	0	0
2	17500001	0.951305	0.951305	6	0	0
2	18000001	0.967609	0.951305	6	0	0
2	18500001	0.971553	0.951305	6	0	0
2	19000001	0.997694	0.951305	6	0	0
2	19500001	0.975463	0.951305	6	0	0
2	20000001	0.983206	0.951305	6	0	0
2	20500001	0.98583	0.951305	6	0	0
2	21000001	0.950479	0.951305	6	0	0
2	21500001	0.92809	0.951305	6	0	0
2	22000001	0.948312	0.951305	6	0	0
2	22500001	0.956673	0.951305	6	0	0
2	23000001	0.920862	0.951305	6	0	0
2	23500001	0.867572	0.951305	6	0	0
2	24000001	0.918906	0.951305	6	0	0
2	24500001	0.94038	0.951305	6	0	0
2	25000001	0.871667	0.951305	6	0	0
2	25500001	0.95844	0.951305	6	0	0
2	26000001	0.912884	0.951305	6	0	0
2	26500001	0.929208	0.951305	6	0	0
2	27000001	0.920794	0.951305	6	0	0
2	27500001	0.99319	0.951305	6	0	0
2	28000001	0.999331	0.951305	6	0	0
2	28500001	0.941346	0.951305	6	0	0
2	29000001	1.01607	0.951305	6	0	0
2	29500001	0.981975	0.951305	6	0	0
2	30000001	0.947642	0.951305	6	0	0
2	30500001	1.00591	0.951305	6	0	0
2	31000001	0.969426	0.951305	6	0	0
2	31500001	0.981993	0.951305	6	0	0
2	32000001	0.877026	0.951305	6	0	0
2	32500001	0.926631	0.951305	6	0	0
2	33000001	0.920072	0.951305	6	0	0
2	33500001	0.918703	0.951305	6	0	0
2	34000001	0.897357	0.951305	6	0	0
2	34500001	0.943365	0.951305	6	0	0
2	35000001	0.962652	0.951305	6	0	0
2	35500001	0.911029	0.951305	6	0	0
2	36000001	0.982972	0.951305	6	0	0
2	36500001	0.990551	0.951305	6	0	0
2	37000001	0.962097	0.951305	6	0	0
2	37500001	1.06509	0.951305	6	0	0
2	38000001	1.01566	0.951305	6	0	0
2	38500001	0.977428	0.951305	6	0	0
2	39000001	0.988466	0.951305	6	0	0
2	39500001	0.985545	0.951305	6	0	0
2	40000001	0.98468	0.951305	6	0	0
2	40500001	0.981565	0.951305	6	0	0
2	41000001	0.959907	0.951305	6	0	0
2	41500001	0.98541	0.951305	6	0	0
2	42000001	0.918496	0.951305	6	0	0
2	42500001	0.907967	0.951305	6	0	0
2	43000001	0.944409	0.951305	6	0	0
2	43500001	0.986704	0.951305	6	0	0
2	44000001	0.943075	0.951305	6	0	0
2	44500001	0.975506	0.951305	6	0	0
2	45000001	0.963173	0.951305	6	0	0
2	45500001	0.998037	0.951305	6	0	0
2	46000001	0.980849	0.951305	6	0	0
2	46500001	0.984509	0.951305	6	0	0
2	47000001	0.948071	0.951305	6	0	0
2	47500001	0.960217	0.951305	6	0	0
2	48000001	0.955757	0.951305	6	0	0
2	48500001	0.944582	0.951305	6	0	0
2	49000001	0.97005	0.951305	6	0	0
2	49500001	0.955534	0.951305	6	0	0
2	50000001	0.911989	0.951305	6	0	0
2	50500001	0.917828	0.951305	6	0	0
2	51000001	0.907432	0.951305	6	0	0
2	51500001	0.929551	0.951305	6	0	0
2	52000001	0.958524	0.951305	6	0	0
2	52500001	0.950721	0.951305	6	0	0
2	53000001	0.953952	0.951305	6	0	0
2	53500001	0.939882	0.951305	6	0	0
2	54000001	0.955274	0.951305	6	0	0
2	54500001	0.987006	0.951305	6	0	0
2	55000001	0.95931	0.951305	6	0	0
2	55500001	0.979167	0.951305	6	0	0
2	56000001	0.976984	0.951305	6	0	0
2	56500001	0.902457	0.951305	6	0	0
2	57000001	1.01325	0.951305	6	0	0
2	57500001	0.963576	0.951305	6	0	0
2	58000001	1.054	0.951305	6	0	0
2	58500001	0.979856	0.951305	6	0	0
2	59000001	0.922726	0.951305	6	0	0
2	59500001	0.924568	0.951305	6	0	0
2	60000001	0.948323	0.951305	6	0	0
2	60500001	0.970172	0.951305	6	0	0
2	61000001	0.9023	0.951305	6	0	0
2	61500001	0.900084	0.951305	6	0	0
2	62000001	0.919848	0.951305	6	0	0
2	62500001	0.957704	0.951305	6	0	0
2	63000001	0.994103	0.951305	6	0	0
2	63500001	0.945332	0.951305	6	0	0
2	64000001	0.959848	0.951305	6	0	0
2	64500001	0.994916	0.951305	6	0	0
2	65000001	0.961569	0.951305	6	0	0
2	65500001	0.995665	0.951305	6	0	0
2	66000001	0.943848	0.951305	6	0	0
2	66500001	0.938316	0.951305	6	0	0
2	67000001	0.89903	0.951305	6	0	0
2	67500001	0.996681	0.951305	6	0	0
2	68000001	0.96461	0.951305	6	0	0
2	68500001	1.05226	0.951305	6	0	0
2	69000001	0.989305	0.951305	6	0	0
2	69500001	0.964586	0.951305	6	0	0
2	70000001	0.929972	0.951305	6	0	0
2	70500001	0.97629	0.951305	6	0	0
2	71000001	0.965699	0.951305	6	0	0
2	71500001	0.97739	0.951305	6	0	0
2	72000001	0.972047	0.951305	6	0	0
2	72500001	0.987163	0.951305	6	0	0
2	73000001	0.944452	0.951305	6	0	0
2	73500001	0.965571	0.951305	6	0	0
2	74000001	0.924901	0.951305	6	0	0
2	74500001	0.983788	0.951305	6	0	0
2	75000001	0.971143	0.951305	6	0	0
2	75500001	0.972053	0.951305	6	0	0
2	76000001	0.954339	0.951305	6	0	0
2	76500001	0.894804	0.951305	6	0	0
2	77000001	0.965931	0.951305	6	0	0
2	77500001	0.946811	0.951305	6	0	0
2	78000001	0.94617	0.951305	6	0	0
2	78500001	0.975643	0.951305	6	0	0
2	79000001	0.930207	0.951305	6	0	0
2	79500001	0.900995	0.951305	6	0	0
2	80000001	0.947502	0.951305	6	0	0
2	80500001	0.904598	0.951305	6	0	0
2	81000001	0.944006	0.951305	6	0	0
2	81500001	0.922661	0.951305	6	0	0
2	82000001	0.935518	0.951305	6	0	0
2	82500001	0.961965	0.951305	6	0	0
2	83000001	0.995439	0.951305	6	0	0
2	83500001	0.934934	0.951305	6	0	0
2	84000001	0.920699	0.951305	6	0	0
2	84500001	0.95618	0.951305	6	0	0
2	85000001	0.92188	0.951305	6	0	0
2	85500001	1.29384	1.29384	8	0	0
2	86000001	1.37362	1.29384	8	0	0
2	86500001	1.28318	1.29384	8	0	0
2	87000001	1.60886	1.60886	10	0	0
2	87500001	1.33149	1.33149	8	0	0
2	88000001	1.07164	1.0434	6	0	0
2	88500001	1.01517	1.0434	6	0	0
2	89000001	-1	-1	-1	0	0
2	89500001	-1	-1	-1	0	0
2	90000001	-1	-1	-1	0	0
2	90500001	-1	-1	-1	0	0
2	91000001	-1	-1	-1	0	0
2	91500001	1.39867	1.45076	9	0	0
2	92000001	1.45076	1.45076	9	0	0
2	92500001	1.47873	1.45076	9	0	0
2	93000001	0.71077	0.678704	4	0	0
2	93500001	0.646638	0.678704	4	0	0
2	94000001	-1	-1	-1	0	0
2	94500001	1.0775	1.0775	6	0	0
2	95000001	1.01398	1.0775	6	0	0
2	95500001	1.12663	1.0775	6	0	0
2	96000001	0.987526	0.989505	6	0	0
2	96500001	0.895176	0.989505	6	0	0
2	97000001	1.03556	0.989505	6	0	0
2	97500001	0.9662	0.989505	6	0	0
2	98000001	0.965551	0.989505	6	0	0
2	98500001	1.00971	0.989505	6	0	0
2	99000001	0.977346	0.989505	6	0	0
2	99500001	0.987852	0.989505	6	0	0
2	100000001	0.98048	0.989505	6	0	0
2	100500001	1.01372	0.989505	6	0	0
2	101000001	1.01099	0.989505	6	0	0
2	101500001	1.02791	0.989505	6	0	0
2	102000001	1.03037	0.989505	6	0	0
2	102500001	0.963308	0.989505	6	0	0
2	103000001	0.945085	0.989505	6	0	0
2	103500001	0.958529	0.989505	6	0	0
2	104000001	0.928682	0.989505	6	0	0
2	104500001	0.966172	0.989505	6	0	0
2	105000001	1.00632	0.989505	6	0	0
2	105500001	0.961871	0.989505	6	0	0
2	106000001	0.958111	0.989505	6	0	0
2	106500001	0.96933	0.989505	6	0	0
2	107000001	0.919763	0.989505	6	0	0
2	107500001	0.929212	0.989505	6	0	0
2	108000001	0.994642	0.989505	6	0	0
2	108500001	0.976989	0.989505	6	0	0
2	109000001	1.01595	0.989505	6	0	0
2	109500001	0.933974	0.989505	6	0	0
2	110000001	0.917343	0.989505	6	0	0
2	110500001	1.02288	0.989505	6	0	0
2	111000001	1.08979	0.989505	6	0	0
2	111500001	1.03547	0.989505	6	0	0
2	112000001	1.01983	0.989505	6	0	0
2	112500001	1.03832	0.989505	6	0	0
2	113000001	1.04816	0.989505	6	0	0
2	113500001	1.03772	0.989505	6	0	0
2	114000001	0.999378	0.989505	6	0	0
2	114500001	0.912639	0.989505	6	0	0
2	115000001	0.956157	0.989505	6	0	0
2	115500001	0.92513	0.989505	6	0	0
2	116000001	1.00641	0.989505	6	0	0
2	116500001	0.931614	0.989505	6	0	0
2	117000001	0.977242	0.989505	6	0	0
2	117500001	0.982292	0.989505	6	0	0
2	118000001	0.986431	0.989505	6	0	0
2	118500001	1.01141	0.989505	6	0	0
2	119000001	0.950441	0.989505	6	0	0
2	119500001	0.96553	0.989505	6	0	0
2	120000001	0.975103	0.989505	6	0	0
2	120500001	0.995435	0.989505	6	0	0
2	121000001	0.962672	0.989505	6	0	0
2	121500001	0.997926	0.989505	6	0	0
2	122000001	0.940253	0.989505	6	0	0
2	122500001	0.947186	0.989505	6	0	0
2	123000001	0.977458	0.989505	6	0	0
2	123500001	0.954246	0.989505	6	0	0
2	124000001	0.950088	0.989505	6	0	0
2	124500001	0.970482	0.989505	6	0	0
2	125000001	0.930447	0.989505	6	0	0
2	125500001	0.971494	0.989505	6	0	0
2	126000001	0.983872	0.989505	6	0	0
2	126500001	0.991098	0.989505	6	0	0
2	127000001	0.99238	0.989505	6	0	0
2	127500001	0.985509	0.989505	6	0	0
2	128000001	0.960834	0.989505	6	0	0
2	128500001	0.959428	0.989505	6	0	0
2	129000001	0.947565	0.989505	6	0	0
2	129500001	0.956977	0.989505	6	0	0
2	130000001	0.962459	0.989505	6	0	0
2	130500001	0.932172	0.989505	6	0	0
2	131000001	0.93898	0.989505	6	0	0
2	131500001	0.932931	0.989505	6	0	0
2	132000001	0.977065	0.989505	6	0	0
2	132500001	0.996519	0.989505	6	0	0
2	133000001	1.00554	0.989505	6	0	0
2	133500001	0.992062	0.989505	6	0	0
2	134000001	1.00016	0.989505	6	0	0
2	134500001	1.0037	0.989505	6	0	0
2	135000001	0.987757	0.989505	6	0	0
2	135500001	0.898529	0.989505	6	0	0
2	136000001	0.999275	0.989505	6	0	0
2	136500001	0.975254	0.989505	6	0	0
2	137000001	1.01091	0.989505	6	0	0
2	137500001	1.0088	0.989505	6	0	0
2	138000001	0.989122	0.989505	6	0	0
2	138500001	0.962366	0.989505	6	0	0
2	139000001	1.00673	0.989505	6	0	0
2	139500001	0.982495	0.989505	6	0	0
2	140000001	0.976987	0.989505	6	0	0
2	140500001	1.01453	0.989505	6	0	0
2	141000001	0.957212	0.989505	6	0	0
2	141500001	0.972389	0.989505	6	0	0
2	142000001	1.00502	0.989505	6	0	0
2	142500001	0.973024	0.989505	6	0	0
2	143000001	1.00795	0.989505	6	0	0
2	143500001	0.998644	0.989505	6	0	0
2	144000001	0.985572	0.989505	6	0	0
2	144500001	0.991549	0.989505	6	0	0
2	145000001	0.982587	0.989505	6	0	0
2	145500001	0.984797	0.989505	6	0	0
2	146000001	0.971286	0.989505	6	0	0
2	146500001	0.979408	0.989505	6	0	0
2	147000001	0.986555	0.989505	6	0	0
2	147500001	0.950045	0.989505	6	0	0
2	148000001	1.0177	0.989505	6	0	0
2	148500001	0.95757	0.989505	6	0	0
2	149000001	0.997842	0.989505	6	0	0
2	149500001	1.01913	0.989505	6	0	0
2	150000001	0.9857	0.989505	6	0	0
2	150500001	1.00656	0.989505	6	0	0
2	151000001	0.960958	0.989505	6	0	0
2	151500001	0.961727	0.989505	6	0	0
2	152000001	0.975599	0.989505	6	0	0
2	152500001	0.950858	0.989505	6	0	0
2	153000001	0.979874	0.989505	6	0	0
2	153500001	0.991382	0.989505	6	0	0
2	154000001	1.00226	0.989505	6	0	0
2	154500001	1.02412	0.989505	6	0	0
2	155000001	1.00232	0.989505	6	0	0
2	155500001	1.0349	0.989505	6	0	0
2	156000001	0.989505	0.989505	6	0	0
2	156500001	0.979808	0.989505	6	0	0
2	157000001	1.0147	0.989505	6	0	0
2	157500001	1.00425	0.989505	6	0	0
2	158000001	1.03979	0.989505	6	0	0
2	158500001	1.00632	0.989505	6	0	0
2	159000001	0.986615	0.989505	6	0	0
2	159500001	1.01205	0.989505	6	0	0
2	160000001	1.03003	0.989505	6	0	0
2	160500001	1.00813	0.989505	6	0	0
2	161000001	0.937967	0.989505	6	0	0
2	161500001	0.999894	0.989505	6	0	0
2	162000001	0.941357	0.989505	6	0	0
2	162500001	0.982041	0.989505	6	0	0
2	163000001	0.952401	0.989505	6	0	0
2	163500001	1.00369	0.989505	6	0	0
2	164000001	1.00425	0.989505	6	0	0
2	164500001	0.98862	0.989505	6	0	0
2	165000001	1.00617	0.989505	6	0	0
2	165500001	1.00352	0.989505	6	0	0
2	166000001	1.0073	0.989505	6	0	0
2	166500001	0.997666	0.989505	6	0	0
2	167000001	1.0191	0.989505	6	0	0
2	167500001	1.01146	0.989505	6	0	0
2	168000001	0.955103	0.989505	6	0	0
2	168500001	0.997772	0.989505	6	0	0
2	169000001	0.992188	0.989505	6	0	0
2	169500001	0.973088	0.989505	6	0	0
2	170000001	0.996482	0.989505	6	0	0
2	170500001	0.946908	0.989505	6	0	0
2	171000001	1.00635	0.989505	6	0	0
2	171500001	1.00538	0.989505	6	0	0
2	172000001	1.01134	0.989505	6	0	0
2	172500001	1.03723	0.989505	6	0	0
2	173000001	0.966085	0.989505	6	0	0
2	173500001	0.984756	0.989505	6	0	0
2	174000001	0.95417	0.989505	6	0	0
2	174500001	0.959188	0.989505	6	0	0
2	175000001	1.00991	0.989505	6	0	0
2	175500001	0.966028	0.989505	6	0	0
2	176000001	0.971119	0.989505	6	0	0
2	176500001	1.01235	0.989505	6	0	0
2	177000001	1.00722	0.989505	6	0	0
2	177500001	0.994401	0.989505	6	0	0
2	178000001	1.00141	0.989505	6	0	0
2	178500001	0.93546	0.989505	6	0	0
2	179000001	0.934231	0.989505	6	0	0
2	179500001	0.999036	0.989505	6	0	0
2	180000001	1.02731	0.989505	6	0	0
2	180500001	1.04262	0.989505	6	0	0
2	181000001	0.985898	0.989505	6	0	0
2	181500001	1.01984	0.989505	6	0	0
2	182000001	1.03323	0.989505	6	0	0
2	182500001	1.01846	0.989505	6	0	0
2	183000001	0.960515	0.989505	6	0	0
2	183500001	1.00424	0.989505	6	0	0
2	184000001	1.02123	0.989505	6	0	0
2	184500001	1.0109	0.989505	6	0	0
2	185000001	1.02288	0.989505	6	0	0
2	185500001	0.988725	0.989505	6	0	0
2	186000001	1.02238	0.989505	6	0	0
2	186500001	0.973223	0.989505	6	0	0
2	187000001	1.03001	0.989505	6	0	0
2	187500001	1.01936	0.989505	6	0	0
2	188000001	1.00569	0.989505	6	0	0
2	188500001	1.00596	0.989505	6	0	0
2	189000001	1.01155	0.989505	6	0	0
2	189500001	0.990113	0.989505	6	0	0
2	190000001	1.0398	0.989505	6	0	0
2	190500001	1.06178	0.989505	6	0	0
2	191000001	0.983906	0.989505	6	0	0
2	191500001	0.989441	0.989505	6	0	0
2	192000001	0.990567	0.989505	6	0	0
2	192500001	1.01158	0.989505	6	0	0
2	193000001	1.01471	0.989505	6	0	0
2	193500001	0.970665	0.989505	6	0	0
2	194000001	1.0008	0.989505	6	0	0
2	194500001	0.994248	0.989505	6	0	0
2	195000001	1.01064	0.989505	6	0	0
2	195500001	0.992152	0.989505	6	0	0
2	196000001	0.968398	0.989505	6	0	0
2	196500001	0.983821	0.989505	6	0	0
2	197000001	0.967962	0.989505	6	0	0
2	197500001	0.963409	0.989505	6	0	0
2	198000001	1.00145	0.989505	6	0	0
2	198500001	1.01673	0.989505	6	0	0
2	199000001	0.966168	0.989505	6	0	0
2	199500001	1.00328	0.989505	6	0	0
2	200000001	1.03667	0.989505	6	0	0
2	200500001	1.02081	0.989505	6	0	0
2	201000001	0.98624	0.989505	6	0	0
2	201500001	0.995169	0.989505	6	0	0
2	202000001	0.944976	0.989505	6	0	0
2	202500001	0.990243	0.989505	6	0	0
2	203000001	0.989768	0.989505	6	0	0
2	203500001	0.977169	0.989505	6	0	0
2	204000001	0.976578	0.989505	6	0	0
2	204500001	1.00234	0.989505	6	0	0
2	205000001	0.918438	0.989505	6	0	0
2	205500001	0.829012	0.79068	5	0	0
2	206000001	0.769258	0.79068	5	0	0
2	206500001	0.774969	0.79068	5	0	0
2	207000001	0.803798	0.79068	5	0	0
2	207500001	0.787205	0.79068	5	0	0
2	208000001	0.782125	0.79068	5	0	0
2	208500001	0.797143	0.79068	5	0	0
2	209000001	0.81032	0.79068	5	0	0
2	209500001	0.796135	0.79068	5	0	0
2	210000001	0.785821	0.79068	5	0	0
2	210500001	0.790638	0.79068	5	0	0
2	211000001	0.824293	0.79068	5	0	0
2	211500001	0.781865	0.79068	5	0	0
2	212000001	0.790275	0.79068	5	0	0
2	212500001	0.827085	0.79068	5	0	0
2	213000001	0.842548	0.79068	5	0	0
2	213500001	0.798371	0.79068	5	0	0
2	214000001	0.768629	0.79068	5	0	0
2	214500001	0.750879	0.79068	5	0	0
2	215000001	0.789804	0.79068	5	0	0
2	215500001	0.790423	0.79068	5	0	0
2	216000001	0.830944	0.79068	5	0	0
2	216500001	0.812741	0.79068	5	0	0
2	217000001	0.812801	0.79068	5	0	0
2	217500001	0.762682	0.79068	5	0	0
2	218000001	0.748365	0.79068	5	0	0
2	218500001	0.777218	0.79068	5	0	0
2	219000001	0.765851	0.79068	5	0	0
2	219500001	0.757378	0.79068	5	0	0
2	220000001	0.810504	0.79068	5	0	0
2	220500001	0.767553	0.79068	5	0	0
2	221000001	0.762165	0.79068	5	0	0
2	221500001	0.802944	0.79068	5	0	0
2	222000001	0.78097	0.79068	5	0	0
2	222500001	0.793547	0.79068	5	0	0
2	223000001	0.798143	0.79068	5	0	0
2	223500001	0.815194	0.79068	5	0	0
2	224000001	0.842148	0.79068	5	0	0
2	224500001	0.745076	0.79068	5	0	0
2	225000001	0.840591	0.79068	5	0	0
2	225500001	0.819062	0.79068	5	0	0
2	226000001	0.829818	0.79068	5	0	0
2	226500001	0.843937	0.79068	5	0	0
2	227000001	0.777351	0.79068	5	0	0
2	227500001	0.795176	0.79068	5	0	0
2	228000001	0.796169	0.79068	5	0	0
2	228500001	0.770955	0.79068	5	0	0
2	229000001	0.794824	0.79068	5	0	0
2	229500001	0.765848	0.79068	5	0	0
2	230000001	0.774723	0.79068	5	0	0
2	230500001	0.790721	0.79068	5	0	0
2	231000001	0.828155	0.79068	5	0	0
2	231500001	0.718908	0.79068	5	0	0
2	232000001	0.772143	0.79068	5	0	0
2	232500001	0.771327	0.79068	5	0	0
2	233000001	0.781883	0.79068	5	0	0
2	233500001	0.804705	0.79068	5	0	0
2	234000001	0.803451	0.79068	5	0	0
2	234500001	0.809381	0.79068	5	0	0
2	235000001	0.78662	0.79068	5	0	0
2	235500001	0.733114	0.79068	5	0	0
2	236000001	0.756682	0.79068	5	0	0
2	236500001	0.797673	0.79068	5	0	0
2	237000001	0.829314	0.79068	5	0	0
2	237500001	0.824134	0.79068	5	0	0
2	238000001	0.776867	0.79068	5	0	0
2	238500001	0.761519	0.752658	5	0	0
2	239000001	0.73747	0.752658	5	0	0
2	239500001	0.75009	0.752658	5	0	0
2	240000001	0.766464	0.752658	5	0	0
2	240500001	0.856887	0.752658	5	0	0
2	241000001	0.744001	0.752658	5	0	0
2	241500001	0.755226	0.752658	5	0	0
2	242000001	0.333437	0.752658	5	0	0
20	1	1.24347	1.22762	7	0	0
20	500001	1.21156	1.22762	7	0	0
20	1000001	1.27829	1.22762	7	0	0
20	1500001	1.20385	1.22762	7	0	0
20	2000001	1.2485	1.22762	7	0	0
20	2500001	1.17554	1.22762	7	0	0
20	3000001	1.16872	1.22762	7	0	0
20	3500001	1.17581	1.22762	7	0	0
20	4000001	1.26126	1.22762	7	0	0
20	4500001	1.22557	1.22762	7	0	0
20	5000001	1.14634	1.22762	7	0	0
20	5500001	1.17242	1.22762	7	0	0
20	6000001	1.26096	1.22762	7	0	0
20	6500001	1.18053	1.22762	7	0	0
20	7000001	1.2026	1.22762	7	0	0
20	7500001	1.22762	1.22762	7	0	0
20	8000001	1.19556	1.22762	7	0	0
20	8500001	1.23315	1.22762	7	0	0
20	9000001	1.27997	1.22762	7	0	0
20	9500001	1.28169	1.22762	7	0	0
20	10000001	1.22671	1.22762	7	0	0
20	10500001	1.25452	1.22762	7	0	0
20	11000001	1.31205	1.22762	7	0	0
20	11500001	1.25277	1.22762	7	0	0
20	12000001	1.22673	1.22762	7	0	0
20	12500001	1.27543	1.22762	7	0	0
20	13000001	1.22457	1.22762	7	0	0
20	13500001	1.20528	1.22762	7	0	0
20	14000001	1.22391	1.22762	7	0	0
20	14500001	1.19588	1.22762	7	0	0
20	15000001	1.21442	1.22762	7	0	0
20	15500001	1.19376	1.22762	7	0	0
20	16000001	1.15394	1.22762	7	0	0
20	16500001	1.22488	1.22762	7	0	0
20	17000001	1.25196	1.22762	7	0	0
20	17500001	1.22983	1.22762	7	0	0
20	18000001	1.21013	1.22762	7	0	0
20	18500001	1.20329	1.22762	7	0	0
20	19000001	1.24289	1.22762	7	0	0
20	19500001	1.30863	1.22762	7	0	0
20	20000001	1.2166	1.22762	7	0	0
20	20500001	1.21584	1.22762	7	0	0
20	21000001	1.18458	1.22762	7	0	0
20	21500001	1.23835	1.22762	7	0	0
20	22000001	1.30353	1.22762	7	0	0
20	22500001	1.28472	1.22762	7	0	0
20	23000001	1.2359	1.22762	7	0	0
20	23500001	1.24587	1.22762	7	0	0
20	24000001	1.26181	1.22762	7	0	0
20	24500001	1.23202	1.22762	7	0	0
20	25000001	1.26475	1.22762	7	0	0
20	25500001	1.23157	1.22762	7	0	0
20	26000001	1.36662	1.22762	7	0	0
20	26500001	1.84393	1.78286	11	0	0
20	27000001	1.78286	1.78286	11	0	0
20	27500001	1.71643	1.78286	11	0	0
20	28000001	1.45094	1.45094	9	0	0
20	28500001	2.62764	2.62764	16	0	0
20	29000001	1.89177	1.89742	11	0	0
20	29500001	1.89742	1.89742	11	0	0
20	30000001	-1	1.89742	11	0	0
20	30500001	1.91609	1.89742	11	0	0
20	31000001	-1	-1	-1	0	0
20	31500001	1.56178	1.57762	9	0	0
20	32000001	1.57007	1.57762	9	0	0
20	32500001	1.54554	1.57762	9	0	0
20	33000001	1.58517	1.57762	9	0	0
20	33500001	1.50845	1.57762	9	0	0
20	34000001	1.62328	1.57762	9	0	0
20	34500001	1.68638	1.57762	9	0	0
20	35000001	1.63481	1.57762	9	0	0
20	35500001	1.58553	1.57762	9	0	0
20	36000001	1.61871	1.57762	9	0	0
20	36500001	1.54181	1.57762	9	0	0
20	37000001	1.5433	1.57762	9	0	0
20	37500001	1.68964	1.66011	10	0	0
20	38000001	1.66011	1.66011	10	0	0
20	38500001	1.62805	1.66011	10	0	0
20	39000001	1.68118	1.66011	10	0	0
20	39500001	1.64702	1.66011	10	0	0
20	40000001	1.62627	1.66011	10	0	0
20	40500001	1.67402	1.66011	10	0	0
20	41000001	1.61679	1.66011	10	0	0
20	41500001	1.70778	1.66011	10	0	0
20	42000001	1.58489	1.66011	10	0	0
20	42500001	1.68958	1.66011	10	0	0
20	43000001	1.83812	1.78798	11	0	0
20	43500001	1.74041	1.78798	11	0	0
20	44000001	1.78796	1.78798	11	0	0
20	44500001	1.81521	1.78798	11	0	0
20	45000001	1.87149	1.78798	11	0	0
20	45500001	1.84153	1.78798	11	0	0
20	46000001	1.80456	1.78798	11	0	0
20	46500001	1.77784	1.78798	11	0	0
20	47000001	1.78617	1.78798	11	0	0
20	47500001	1.78798	1.78798	11	0	0
20	48000001	1.76892	1.78798	11	0	0
20	48500001	1.79382	1.78798	11	0	0
20	49000001	1.76729	1.78798	11	0	0
20	49500001	1.75064	1.78798	11	0	0
20	50000001	1.79187	1.78798	11	0	0
20	50500001	1.76421	1.78798	11	0	0
20	51000001	1.85865	1.78798	11	0	0
20	51500001	1.65682	1.60608	10	0	0
20	52000001	1.62949	1.60608	10	0	0
20	52500001	1.63668	1.60608	10	0	0
20	53000001	1.63685	1.60608	10	0	0
20	53500001	1.58001	1.60608	10	0	0
20	54000001	1.64699	1.60608	10	0	0
20	54500001	1.56213	1.60608	10	0	0
20	55000001	1.54276	1.60608	10	0	0
20	55500001	1.60608	1.60608	10	0	0
20	56000001	1.62311	1.60608	10	0	0
20	56500001	1.52684	1.60608	10	0	0
20	57000001	1.59092	1.60608	10	0	0
20	57500001	1.6123	1.60608	10	0	0
20	58000001	1.6853	1.60608	10	0	0
20	58500001	1.58809	1.60608	10	0	0
20	59000001	1.62141	1.60608	10	0	0
20	59500001	1.59468	1.60608	10	0	0
20	60000001	1.62057	1.60608	10	0	0
20	60500001	1.5588	1.60608	10	0	0
20	61000001	1.53421	1.60608	10	0	0
20	61500001	1.51083	1.60608	10	0	0
20	62000001	1.86733	1.83155	11	0	0
20	62500001	1.79576	1.83155	11	0	0
20	63000001	2.19058	1.83155	11	0	0
20	63500001	1.7602	1.83155	11	0	0
20	64000001	-1	-1	-1	0	0
21	1	-1	-1	-1	0	0
21	500001	-1	-1	-1	0	0
21	1000001	-1	-1	-1	0	0
21	1500001	-1	-1	-1	0	0
21	2000001	-1	-1	-1	0	0
21	2500001	-1	-1	-1	0	0
21	3000001	-1	-1	-1	0	0
21	3500001	-1	-1	-1	0	0
21	4000001	-1	-1	-1	0	0
21	4500001	-1	-1	-1	0	0
21	5000001	-1	-1	-1	0	0
21	5500001	-1	-1	-1	0	0
21	6000001	-1	-1	-1	0	0
21	6500001	-1	-1	-1	0	0
21	7000001	-1	-1	-1	0	0
21	7500001	-1	-1	-1	0	0
21	8000001	-1	-1	-1	0	0
21	8500001	-1	-1	-1	0	0
21	9000001	-1	-1	-1	0	0
21	9500001	1.89118	1.99011	12	0	0
21	10000001	-1	1.99011	12	0	0
21	10500001	2.08903	1.99011	12	0	0
21	11000001	0.521934	0.870417	5	0	0
21	11500001	0.739442	0.870417	5	0	0
21	12000001	1.00139	0.870417	5	0	0
21	12500001	1.60229	0.870417	5	0	0
21	13000001	0.717185	0.86774	5	0	0
21	13500001	0.804289	0.86774	5	0	0
21	14000001	0.882644	0.86774	5	0	0
21	14500001	0.903673	0.86774	5	0	0
21	15000001	0.848074	0.86774	5	0	0
21	15500001	0.918422	0.86774	5	0	0
21	16000001	0.888929	0.86774	5	0	0
21	16500001	0.882418	0.86774	5	0	0
21	17000001	0.961677	0.86774	5	0	0
21	17500001	0.933384	0.86774	5	0	0
21	18000001	0.764453	0.86774	5	0	0
21	18500001	0.726897	0.86774	5	0	0
21	19000001	0.688329	0.86774	5	0	0
21	19500001	0.747283	0.86774	5	0	0
21	20000001	0.924998	0.86774	5	0	0
21	20500001	0.879654	0.86774	5	0	0
21	21000001	0.848927	0.86774	5	0	0
21	21500001	0.871316	0.86774	5	0	0
21	22000001	0.868278	0.86774	5	0	0
21	22500001	0.855756	0.86774	5	0	0
21	23000001	0.867201	0.86774	5	0	0
21	23500001	0.813387	0.86774	5	0	0
21	24000001	0.835108	0.86774	5	0	0
21	24500001	0.856439	0.86774	5	0	0
21	25000001	0.897152	0.86774	5	0	0
21	25500001	0.84254	0.86774	5	0	0
21	26000001	0.881734	0.86774	5	0	0
21	26500001	0.852024	0.86774	5	0	0
21	27000001	0.851227	0.86774	5	0	0
21	27500001	0.891005	0.86774	5	0	0
21	28000001	0.930603	0.86774	5	0	0
21	28500001	0.941141	0.86774	5	0	0
21	29000001	1.15163	1.08077	6	0	0
21	29500001	1.12744	1.08077	6	0	0
21	30000001	1.05616	1.08077	6	0	0
21	30500001	1.08261	1.08077	6	0	0
21	31000001	1.02567	1.08077	6	0	0
21	31500001	1.05182	1.08077	6	0	0
21	32000001	1.07893	1.08077	6	0	0
21	32500001	1.08956	1.08077	6	0	0
21	33000001	1.07355	1.08077	6	0	0
21	33500001	1.10544	1.08077	6	0	0
21	34000001	0.888713	0.874225	5	0	0
21	34500001	0.914127	0.874225	5	0	0
21	35000001	0.908732	0.874225	5	0	0
21	35500001	0.875648	0.874225	5	0	0
21	36000001	0.837376	0.874225	5	0	0
21	36500001	0.853365	0.874225	5	0	0
21	37000001	0.87651	0.874225	5	0	0
21	37500001	0.851984	0.874225	5	0	0
21	38000001	0.906703	0.874225	5	0	0
21	38500001	0.872802	0.874225	5	0	0
21	39000001	0.875807	0.874225	5	0	0
21	39500001	0.872565	0.874225	5	0	0
21	40000001	0.856293	0.874225	5	0	0
21	40500001	0.887595	0.874225	5	0	0
21	41000001	0.862109	0.874225	5	0	0
21	41500001	0.799435	0.874225	5	0	0
21	42000001	0.818422	0.874225	5	0	0
21	42500001	0.814221	0.874225	5	0	0
21	43000001	0.657392	0.874225	5	0	0
21	43500001	0.925514	0.874225	5	0	0
21	44000001	0.816819	0.874225	5	0	0
21	44500001	1.03856	0.874225	5	0	0
21	45000001	1.0666	0.874225	5	0	0
21	45500001	1.04181	0.874225	5	0	0
21	46000001	1.00249	0.874225	5	0	0
21	46500001	0.443071	0.874225	5	0	0
22	1	-1	-1	-1	0	0
22	500001	-1	-1	-1	0	0
22	1000001	-1	-1	-1	0	0
22	1500001	-1	-1	-1	0	0
22	2000001	-1	-1	-1	0	0
22	2500001	-1	-1	-1	0	0
22	3000001	-1	-1	-1	0	0
22	3500001	-1	-1	-1	0	0
22	4000001	-1	-1	-1	0	0
22	4500001	-1	-1	-1	0	0
22	5000001	-1	-1	-1	0	0
22	5500001	-1	-1	-1	0	0
22	6000001	-1	-1	-1	0	0
22	6500001	-1	-1	-1	0	0
22	7000001	-1	-1	-1	0	0
22	7500001	-1	-1	-1	0	0
22	8000001	-1	-1	-1	0	0
22	8500001	-1	-1	-1	0	0
22	9000001	-1	-1	-1	0	0
22	9500001	-1	-1	-1	0	0
22	10000001	-1	-1	-1	0	0
22	10500001	-1	-1	-1	0	0
22	11000001	-1	-1	-1	0	0
22	11500001	-1	-1	-1	0	0
22	12000001	-1	-1	-1	0	0
22	12500001	-1	-1	-1	0	0
22	13000001	0.497379	0.497379	3	0	0
22	13500001	0.834696	0.834696	5	0	0
22	14000001	1.09794	1.09794	7	0	0
22	14500001	1.3706	1.4086	8	0	0
22	15000001	-1	1.4086	8	0	0
22	15500001	1.4466	1.4086	8	0	0
22	16000001	0.829347	0.783601	5	0	0
22	16500001	0.83338	0.783601	5	0	0
22	17000001	0.801529	0.783601	5	0	0
22	17500001	0.744472	0.783601	5	0	0
22	18000001	-1	0.783601	5	0	0
22	18500001	0.724506	0.783601	5	0	0
22	19000001	0.783601	0.783601	5	0	0
22	19500001	0.77559	0.783601	5	0	0
22	20000001	0.869416	0.783601	5	0	0
22	20500001	0.772374	0.783601	5	0	0
22	21000001	0.676474	0.783601	5	0	0
22	21500001	0.736916	0.783601	5	0	0
22	22000001	0.846695	0.783601	5	0	0
22	22500001	0.828062	0.783601	5	0	0
22	23000001	0.76002	0.783601	5	0	0
22	23500001	0.770347	0.783601	5	0	0
22	24000001	0.840005	0.783601	5	0	0
22	24500001	0.762872	0.783601	5	0	0
22	25000001	0.758298	0.783601	5	0	0
22	25500001	0.81532	0.783601	5	0	0
22	26000001	0.811604	0.783601	5	0	0
22	26500001	0.80964	0.783601	5	0	0
22	27000001	0.815731	0.783601	5	0	0
22	27500001	0.799541	0.783601	5	0	0
22	28000001	0.856009	0.783601	5	0	0
22	28500001	0.818987	0.783601	5	0	0
22	29000001	0.776255	0.783601	5	0	0
22	29500001	0.81179	0.783601	5	0	0
22	30000001	0.808684	0.783601	5	0	0
22	30500001	0.759555	0.783601	5	0	0
22	31000001	0.771625	0.783601	5	0	0
22	31500001	0.756637	0.783601	5	0	0
22	32000001	0.795004	0.783601	5	0	0
22	32500001	0.808592	0.783601	5	0	0
22	33000001	0.812271	0.783601	5	0	0
22	33500001	0.752732	0.783601	5	0	0
22	34000001	0.805451	0.783601	5	0	0
22	34500001	0.847114	0.783601	5	0	0
22	35000001	0.785324	0.783601	5	0	0
22	35500001	0.813676	0.783601	5	0	0
22	36000001	0.797781	0.783601	5	0	0
22	36500001	0.781489	0.783601	5	0	0
22	37000001	0.914261	0.783601	5	0	0
22	37500001	0.784321	0.783601	5	0	0
22	38000001	0.75164	0.783601	5	0	0
22	38500001	0.779497	0.783601	5	0	0
22	39000001	0.776071	0.783601	5	0	0
22	39500001	0.791506	0.783601	5	0	0
22	40000001	0.809248	0.783601	5	0	0
22	40500001	0.786797	0.783601	5	0	0
22	41000001	0.758538	0.783601	5	0	0
22	41500001	0.798945	0.783601	5	0	0
22	42000001	0.771541	0.783601	5	0	0
22	42500001	0.876951	0.783601	5	0	0
22	43000001	0.760776	0.783601	5	0	0
22	43500001	0.798291	0.783601	5	0	0
22	44000001	0.782514	0.783601	5	0	0
22	44500001	0.78329	0.783601	5	0	0
22	45000001	0.765792	0.783601	5	0	0
22	45500001	0.780918	0.783601	5	0	0
22	46000001	0.774344	0.783601	5	0	0
22	46500001	0.770677	0.783601	5	0	0
22	47000001	0.755827	0.783601	5	0	0
22	47500001	0.759973	0.783601	5	0	0
22	48000001	0.734859	0.783601	5	0	0
22	48500001	0.761584	0.783601	5	0	0
22	49000001	0.737902	0.783601	5	0	0
22	49500001	0.797541	0.783601	5	0	0
22	50000001	0.819109	0.783601	5	0	0
22	50500001	0.522867	0.783601	5	0	0
3	1	1.10929	1.14638	7	0	0
3	500001	1.07782	1.14638	7	0	0
3	1000001	1.13448	1.14638	7	0	0
3	1500001	1.04747	1.14638	7	0	0
3	2000001	1.09143	1.14638	7	0	0
3	2500001	1.11622	1.14638	7	0	0
3	3000001	1.09402	1.14638	7	0	0
3	3500001	1.12278	1.14638	7	0	0
3	4000001	1.15621	1.14638	7	0	0
3	4500001	1.16934	1.14638	7	0	0
3	5000001	1.14635	1.14638	7	0	0
3	5500001	1.12786	1.14638	7	0	0
3	6000001	1.10883	1.14638	7	0	0
3	6500001	1.13641	1.14638	7	0	0
3	7000001	1.10277	1.14638	7	0	0
3	7500001	1.12764	1.14638	7	0	0
3	8000001	1.18546	1.14638	7	0	0
3	8500001	1.1776	1.14638	7	0	0
3	9000001	1.1619	1.14638	7	0	0
3	9500001	1.05764	1.14638	7	0	0
3	10000001	1.10286	1.14638	7	0	0
3	10500001	1.17219	1.14638	7	0	0
3	11000001	1.16112	1.14638	7	0	0
3	11500001	1.1234	1.14638	7	0	0
3	12000001	1.22734	1.14638	7	0	0
3	12500001	1.07554	1.14638	7	0	0
3	13000001	1.07214	1.14638	7	0	0
3	13500001	1.16947	1.14638	7	0	0
3	14000001	1.19072	1.14638	7	0	0
3	14500001	1.14038	1.14638	7	0	0
3	15000001	1.11636	1.14638	7	0	0
3	15500001	1.15754	1.14638	7	0	0
3	16000001	1.19089	1.14638	7	0	0
3	16500001	1.14626	1.14638	7	0	0
3	17000001	1.1623	1.14638	7	0	0
3	17500001	1.15957	1.14638	7	0	0
3	18000001	1.14984	1.14638	7	0	0
3	18500001	1.16278	1.14638	7	0	0
3	19000001	1.17464	1.14638	7	0	0
3	19500001	1.1738	1.14638	7	0	0
3	20000001	1.11702	1.14638	7	0	0
3	20500001	1.15306	1.14638	7	0	0
3	21000001	1.08377	1.14638	7	0	0
3	21500001	1.10858	1.14638	7	0	0
3	22000001	1.17668	1.14638	7	0	0
3	22500001	1.22308	1.14638	7	0	0
3	23000001	1.18377	1.14638	7	0	0
3	23500001	1.17701	1.14638	7	0	0
3	24000001	1.17015	1.14638	7	0	0
3	24500001	1.14872	1.14638	7	0	0
3	25000001	1.14516	1.14638	7	0	0
3	25500001	1.14491	1.14638	7	0	0
3	26000001	1.15406	1.14638	7	0	0
3	26500001	1.12327	1.14638	7	0	0
3	27000001	1.16275	1.14638	7	0	0
3	27500001	1.1491	1.14638	7	0	0
3	28000001	1.13898	1.14638	7	0	0
3	28500001	1.16286	1.14638	7	0	0
3	29000001	1.18681	1.14638	7	0	0
3	29500001	1.15282	1.14638	7	0	0
3	30000001	1.18396	1.14638	7	0	0
3	30500001	1.13908	1.14638	7	0	0
3	31000001	1.17057	1.14638	7	0	0
3	31500001	1.09615	1.14638	7	0	0
3	32000001	1.13546	1.14638	7	0	0
3	32500001	1.11366	1.14638	7	0	0
3	33000001	1.10334	1.14638	7	0	0
3	33500001	1.14644	1.14638	7	0	0
3	34000001	1.14275	1.14638	7	0	0
3	34500001	1.13962	1.14638	7	0	0
3	35000001	1.12694	1.14638	7	0	0
3	35500001	1.18052	1.14638	7	0	0
3	36000001	1.17354	1.14638	7	0	0
3	36500001	1.16461	1.14638	7	0	0
3	37000001	1.19544	1.14638	7	0	0
3	37500001	1.18772	1.14638	7	0	0
3	38000001	1.13445	1.14638	7	0	0
3	38500001	1.17184	1.14638	7	0	0
3	39000001	1.12114	1.14638	7	0	0
3	39500001	1.163	1.14638	7	0	0
3	40000001	1.15326	1.14638	7	0	0
3	40500001	1.18799	1.14638	7	0	0
3	41000001	1.15943	1.14638	7	0	0
3	41500001	1.1129	1.14638	7	0	0
3	42000001	1.17759	1.14638	7	0	0
3	42500001	1.06935	1.14638	7	0	0
3	43000001	1.19623	1.14638	7	0	0
3	43500001	1.19241	1.14638	7	0	0
3	44000001	1.1758	1.14638	7	0	0
3	44500001	1.12752	1.14638	7	0	0
3	45000001	1.22205	1.14638	7	0	0
3	45500001	1.18248	1.14638	7	0	0
3	46000001	1.20071	1.14638	7	0	0
3	46500001	1.13568	1.14638	7	0	0
3	47000001	1.06549	1.14638	7	0	0
3	47500001	1.09287	1.14638	7	0	0
3	48000001	1.11624	1.14638	7	0	0
3	48500001	1.0539	1.14638	7	0	0
3	49000001	1.09204	1.14638	7	0	0
3	49500001	1.12597	1.14638	7	0	0
3	50000001	1.16504	1.14638	7	0	0
3	50500001	1.13077	1.14638	7	0	0
3	51000001	1.12638	1.14638	7	0	0
3	51500001	1.14582	1.14638	7	0	0
3	52000001	1.2024	1.14638	7	0	0
3	52500001	1.12542	1.14638	7	0	0
3	53000001	1.17297	1.14638	7	0	0
3	53500001	1.1711	1.14638	7	0	0
3	54000001	1.14389	1.14638	7	0	0
3	54500001	1.12579	1.14638	7	0	0
3	55000001	1.16113	1.14638	7	0	0
3	55500001	1.13267	1.14638	7	0	0
3	56000001	1.15251	1.14638	7	0	0
3	56500001	1.15081	1.14638	7	0	0
3	57000001	1.08279	1.14638	7	0	0
3	57500001	1.09827	1.14638	7	0	0
3	58000001	1.14638	1.14638	7	0	0
3	58500001	1.19592	1.14638	7	0	0
3	59000001	1.16511	1.14638	7	0	0
3	59500001	1.14898	1.14638	7	0	0
3	60000001	1.08733	1.14638	7	0	0
3	60500001	1.15314	1.14638	7	0	0
3	61000001	1.16553	1.14638	7	0	0
3	61500001	1.10756	1.14638	7	0	0
3	62000001	1.14579	1.14638	7	0	0
3	62500001	1.18708	1.14638	7	0	0
3	63000001	1.13074	1.14638	7	0	0
3	63500001	1.16317	1.14638	7	0	0
3	64000001	1.21264	1.14638	7	0	0
3	64500001	1.1795	1.14638	7	0	0
3	65000001	1.18148	1.14638	7	0	0
3	65500001	1.15491	1.14638	7	0	0
3	66000001	1.15985	1.14638	7	0	0
3	66500001	1.13377	1.14638	7	0	0
3	67000001	1.07842	1.14638	7	0	0
3	67500001	1.12883	1.14638	7	0	0
3	68000001	1.1519	1.14638	7	0	0
3	68500001	1.13025	1.14638	7	0	0
3	69000001	1.13335	1.14638	7	0	0
3	69500001	1.15004	1.14638	7	0	0
3	70000001	1.14789	1.14638	7	0	0
3	70500001	1.15251	1.14638	7	0	0
3	71000001	1.07944	1.14638	7	0	0
3	71500001	1.11341	1.14638	7	0	0
3	72000001	1.12119	1.14638	7	0	0
3	72500001	1.13417	1.14638	7	0	0
3	73000001	1.11687	1.14638	7	0	0
3	73500001	1.1146	1.14638	7	0	0
3	74000001	1.09283	1.14638	7	0	0
3	74500001	1.08171	1.14638	7	0	0
3	75000001	1.16067	1.14638	7	0	0
3	75500001	1.39226	1.39226	8	0	0
3	76000001	1.13761	1.21152	7	0	0
3	76500001	1.15108	1.21152	7	0	0
3	77000001	1.13346	1.21152	7	0	0
3	77500001	1.13173	1.21152	7	0	0
3	78000001	1.14132	1.21152	7	0	0
3	78500001	1.14198	1.21152	7	0	0
3	79000001	1.16007	1.21152	7	0	0
3	79500001	1.18856	1.21152	7	0	0
3	80000001	1.21289	1.21152	7	0	0
3	80500001	1.25693	1.21152	7	0	0
3	81000001	1.24512	1.21152	7	0	0
3	81500001	1.21323	1.21152	7	0	0
3	82000001	1.22457	1.21152	7	0	0
3	82500001	1.22837	1.21152	7	0	0
3	83000001	1.24085	1.21152	7	0	0
3	83500001	1.23198	1.21152	7	0	0
3	84000001	1.24065	1.21152	7	0	0
3	84500001	1.19871	1.21152	7	0	0
3	85000001	1.21603	1.21152	7	0	0
3	85500001	1.20418	1.21152	7	0	0
3	86000001	1.20681	1.21152	7	0	0
3	86500001	1.2003	1.21152	7	0	0
3	87000001	1.24881	1.21152	7	0	0
3	87500001	1.21152	1.21152	7	0	0
3	88000001	1.16667	1.21152	7	0	0
3	88500001	1.25228	1.21152	7	0	0
3	89000001	1.20992	1.21152	7	0	0
3	89500001	1.23203	1.21152	7	0	0
3	90000001	1.25986	1.21152	7	0	0
3	90500001	2.28717	2.28717	14	0	0
3	91000001	1.28818	1.28392	8	0	0
3	91500001	1.32885	1.28392	8	0	0
3	92000001	1.27966	1.28392	8	0	0
3	92500001	1.16874	1.28392	8	0	0
3	93000001	9.15673	9.15673	55	0	0
3	93500001	1.19665	1.24863	7	0	0
3	94000001	1.20094	1.24863	7	0	0
3	94500001	1.23186	1.24863	7	0	0
3	95000001	1.24882	1.24863	7	0	0
3	95500001	1.26634	1.24863	7	0	0
3	96000001	1.20437	1.24863	7	0	0
3	96500001	1.19589	1.24863	7	0	0
3	97000001	1.24349	1.24863	7	0	0
3	97500001	1.24832	1.24863	7	0	0
3	98000001	1.28211	1.24863	7	0	0
3	98500001	1.26374	1.24863	7	0	0
3	99000001	1.2775	1.24863	7	0	0
3	99500001	1.28423	1.24863	7	0	0
3	100000001	1.27921	1.24863	7	0	0
3	100500001	1.24845	1.24863	7	0	0
3	101000001	1.25956	1.24863	7	0	0
3	101500001	1.27215	1.24863	7	0	0
3	102000001	1.27316	1.24863	7	0	0
3	102500001	1.24113	1.24863	7	0	0
3	103000001	1.22701	1.24863	7	0	0
3	103500001	1.22012	1.24863	7	0	0
3	104000001	1.23535	1.24863	7	0	0
3	104500001	1.2615	1.24863	7	0	0
3	105000001	1.25069	1.24863	7	0	0
3	105500001	1.25889	1.24863	7	0	0
3	106000001	1.28098	1.24863	7	0	0
3	106500001	1.22131	1.24863	7	0	0
3	107000001	1.28297	1.24863	7	0	0
3	107500001	1.2225	1.24863	7	0	0
3	108000001	1.21101	1.24863	7	0	0
3	108500001	0.980055	0.831903	5	0	0
3	109000001	0.785054	0.831903	5	0	0
3	109500001	0.795617	0.831903	5	0	0
3	110000001	0.848082	0.831903	5	0	0
3	110500001	0.83968	0.831903	5	0	0
3	111000001	0.852573	0.831903	5	0	0
3	111500001	0.894208	0.831903	5	0	0
3	112000001	0.870379	0.831903	5	0	0
3	112500001	0.868968	0.831903	5	0	0
3	113000001	0.817402	0.831903	5	0	0
3	113500001	0.825706	0.831903	5	0	0
3	114000001	0.831585	0.831903	5	0	0
3	114500001	0.833493	0.831903	5	0	0
3	115000001	0.858645	0.831903	5	0	0
3	115500001	0.804572	0.831903	5	0	0
3	116000001	0.835581	0.831903	5	0	0
3	116500001	0.775624	0.831903	5	0	0
3	117000001	0.790539	0.831903	5	0	0
3	117500001	0.8066	0.831903	5	0	0
3	118000001	0.825882	0.831903	5	0	0
3	118500001	0.816291	0.831903	5	0	0
3	119000001	0.829292	0.831903	5	0	0
3	119500001	0.795957	0.831903	5	0	0
3	120000001	0.845219	0.831903	5	0	0
3	120500001	0.881201	0.831903	5	0	0
3	121000001	0.775628	0.831903	5	0	0
3	121500001	0.830996	0.831903	5	0	0
3	122000001	0.86679	0.831903	5	0	0
3	122500001	0.821413	0.831903	5	0	0
3	123000001	0.797025	0.831903	5	0	0
3	123500001	0.871697	0.831903	5	0	0
3	124000001	0.852879	0.831903	5	0	0
3	124500001	0.794594	0.831903	5	0	0
3	125000001	0.810523	0.831903	5	0	0
3	125500001	0.817783	0.831903	5	0	0
3	126000001	0.806313	0.831903	5	0	0
3	126500001	0.850776	0.831903	5	0	0
3	127000001	0.79074	0.831903	5	0	0
3	127500001	0.841926	0.831903	5	0	0
3	128000001	0.772088	0.831903	5	0	0
3	128500001	0.813676	0.831903	5	0	0
3	129000001	0.791796	0.831903	5	0	0
3	129500001	0.836053	0.831903	5	0	0
3	130000001	0.817379	0.831903	5	0	0
3	130500001	0.811784	0.831903	5	0	0
3	131000001	0.82711	0.831903	5	0	0
3	131500001	0.847561	0.831903	5	0	0
3	132000001	0.857478	0.831903	5	0	0
3	132500001	0.809338	0.831903	5	0	0
3	133000001	0.806852	0.831903	5	0	0
3	133500001	0.834655	0.831903	5	0	0
3	134000001	0.873198	0.831903	5	0	0
3	134500001	0.837609	0.831903	5	0	0
3	135000001	0.829038	0.831903	5	0	0
3	135500001	0.812277	0.831903	5	0	0
3	136000001	0.788002	0.831903	5	0	0
3	136500001	0.788222	0.831903	5	0	0
3	137000001	0.848208	0.831903	5	0	0
3	137500001	0.861338	0.831903	5	0	0
3	138000001	0.832222	0.831903	5	0	0
3	138500001	0.780793	0.831903	5	0	0
3	139000001	0.878135	0.831903	5	0	0
3	139500001	0.836461	0.831903	5	0	0
3	140000001	0.824428	0.831903	5	0	0
3	140500001	0.834511	0.831903	5	0	0
3	141000001	0.887848	0.831903	5	0	0
3	141500001	0.813497	0.831903	5	0	0
3	142000001	0.802622	0.831903	5	0	0
3	142500001	0.826734	0.831903	5	0	0
3	143000001	0.877147	0.831903	5	0	0
3	143500001	0.851905	0.831903	5	0	0
3	144000001	0.768153	0.831903	5	0	0
3	144500001	0.830674	0.831903	5	0	0
3	145000001	0.859639	0.831903	5	0	0
3	145500001	0.839294	0.831903	5	0	0
3	146000001	0.845066	0.831903	5	0	0
3	146500001	0.845844	0.831903	5	0	0
3	147000001	0.792988	0.831903	5	0	0
3	147500001	0.809425	0.831903	5	0	0
3	148000001	0.82026	0.831903	5	0	0
3	148500001	0.845566	0.831903	5	0	0
3	149000001	0.814886	0.831903	5	0	0
3	149500001	0.850457	0.831903	5	0	0
3	150000001	0.894121	0.831903	5	0	0
3	150500001	0.859607	0.831903	5	0	0
3	151000001	0.83359	0.831903	5	0	0
3	151500001	0.799745	0.831903	5	0	0
3	152000001	0.880224	0.831903	5	0	0
3	152500001	0.848877	0.831903	5	0	0
3	153000001	0.778886	0.831903	5	0	0
3	153500001	0.849024	0.831903	5	0	0
3	154000001	0.845643	0.831903	5	0	0
3	154500001	0.811627	0.831903	5	0	0
3	155000001	0.809678	0.831903	5	0	0
3	155500001	0.799825	0.831903	5	0	0
3	156000001	0.830768	0.831903	5	0	0
3	156500001	0.884021	0.831903	5	0	0
3	157000001	0.84284	0.831903	5	0	0
3	157500001	0.870308	0.831903	5	0	0
3	158000001	0.835387	0.831903	5	0	0
3	158500001	0.835003	0.831903	5	0	0
3	159000001	0.833172	0.831903	5	0	0
3	159500001	0.866939	0.831903	5	0	0
3	160000001	0.810816	0.831903	5	0	0
3	160500001	0.817274	0.831903	5	0	0
3	161000001	0.827601	0.831903	5	0	0
3	161500001	0.851671	0.831903	5	0	0
3	162000001	0.841557	0.831903	5	0	0
3	162500001	1.19536	1.21097	7	0	0
3	163000001	1.24969	1.21097	7	0	0
3	163500001	1.21889	1.21097	7	0	0
3	164000001	1.20009	1.21097	7	0	0
3	164500001	1.22192	1.21097	7	0	0
3	165000001	1.26687	1.21097	7	0	0
3	165500001	1.22649	1.21097	7	0	0
3	166000001	1.24806	1.21097	7	0	0
3	166500001	1.19725	1.21097	7	0	0
3	167000001	1.20732	1.21097	7	0	0
3	167500001	1.21373	1.21097	7	0	0
3	168000001	1.20657	1.21097	7	0	0
3	168500001	1.20144	1.21097	7	0	0
3	169000001	1.24077	1.21097	7	0	0
3	169500001	1.25275	1.21097	7	0	0
3	170000001	1.20891	1.21097	7	0	0
3	170500001	1.2882	1.21097	7	0	0
3	171000001	1.24224	1.21097	7	0	0
3	171500001	1.23126	1.21097	7	0	0
3	172000001	1.25192	1.21097	7	0	0
3	172500001	1.27015	1.21097	7	0	0
3	173000001	1.23241	1.21097	7	0	0
3	173500001	1.22621	1.21097	7	0	0
3	174000001	1.08491	1.21097	7	0	0
3	174500001	1.1676	1.21097	7	0	0
3	175000001	1.19777	1.21097	7	0	0
3	175500001	1.18249	1.21097	7	0	0
3	176000001	1.25684	1.21097	7	0	0
3	176500001	1.24277	1.21097	7	0	0
3	177000001	1.20865	1.21097	7	0	0
3	177500001	1.20878	1.21097	7	0	0
3	178000001	1.24899	1.21097	7	0	0
3	178500001	1.17141	1.21097	7	0	0
3	179000001	1.18357	1.21097	7	0	0
3	179500001	1.22379	1.21097	7	0	0
3	180000001	1.18444	1.21097	7	0	0
3	180500001	1.15886	1.21097	7	0	0
3	181000001	1.24426	1.21097	7	0	0
3	181500001	1.14009	1.21097	7	0	0
3	182000001	1.21069	1.21097	7	0	0
3	182500001	1.23372	1.21097	7	0	0
3	183000001	1.23363	1.21097	7	0	0
3	183500001	1.18294	1.21097	7	0	0
3	184000001	1.12863	1.21097	7	0	0
3	184500001	1.19794	1.21097	7	0	0
3	185000001	1.22211	1.21097	7	0	0
3	185500001	1.19439	1.21097	7	0	0
3	186000001	1.24523	1.21097	7	0	0
3	186500001	1.18355	1.21097	7	0	0
3	187000001	1.195	1.21097	7	0	0
3	187500001	1.26489	1.21097	7	0	0
3	188000001	1.21097	1.21097	7	0	0
3	188500001	1.20178	1.21097	7	0	0
3	189000001	1.29743	1.21097	7	0	0
3	189500001	1.19422	1.21097	7	0	0
3	190000001	1.26362	1.21097	7	0	0
3	190500001	1.18894	1.21097	7	0	0
3	191000001	1.20643	1.21097	7	0	0
3	191500001	1.27278	1.21097	7	0	0
3	192000001	1.24461	1.21097	7	0	0
3	192500001	1.14021	1.21097	7	0	0
3	193000001	1.18641	1.21097	7	0	0
3	193500001	1.25239	1.21097	7	0	0
3	194000001	1.23294	1.21097	7	0	0
3	194500001	1.18323	1.21097	7	0	0
3	195000001	1.24969	1.21097	7	0	0
3	195500001	1.25455	1.21097	7	0	0
3	196000001	1.12396	1.21097	7	0	0
3	196500001	1.20091	1.21097	7	0	0
3	197000001	1.2424	1.21097	7	0	0
3	197500001	1.20688	1.21097	7	0	0
3	198000001	-1	-1	-1	0	0
4	1	1.09906	0.993499	6	0	0
4	500001	0.974299	0.993499	6	0	0
4	1000001	0.979149	0.993499	6	0	0
4	1500001	1.01899	0.993499	6	0	0
4	2000001	0.977943	0.993499	6	0	0
4	2500001	0.932511	0.993499	6	0	0
4	3000001	0.95218	0.993499	6	0	0
4	3500001	0.961431	0.993499	6	0	0
4	4000001	0.913304	0.993499	6	0	0
4	4500001	0.995963	0.993499	6	0	0
4	5000001	1.01391	0.993499	6	0	0
4	5500001	0.94786	0.993499	6	0	0
4	6000001	0.975764	0.993499	6	0	0
4	6500001	0.956093	0.993499	6	0	0
4	7000001	0.967359	0.993499	6	0	0
4	7500001	0.960275	0.993499	6	0	0
4	8000001	1.03081	0.993499	6	0	0
4	8500001	0.973495	0.993499	6	0	0
4	9000001	0.912506	0.993499	6	0	0
4	9500001	0.955962	0.993499	6	0	0
4	10000001	0.971597	0.993499	6	0	0
4	10500001	0.968175	0.993499	6	0	0
4	11000001	1.03412	0.993499	6	0	0
4	11500001	1.03004	0.993499	6	0	0
4	12000001	1.0167	0.993499	6	0	0
4	12500001	1.00252	0.993499	6	0	0
4	13000001	1.04707	0.993499	6	0	0
4	13500001	1.04341	0.993499	6	0	0
4	14000001	1.0656	0.993499	6	0	0
4	14500001	1.05004	0.993499	6	0	0
4	15000001	1.00874	0.993499	6	0	0
4	15500001	0.999255	0.993499	6	0	0
4	16000001	1.04638	0.993499	6	0	0
4	16500001	0.995578	0.993499	6	0	0
4	17000001	0.965049	0.993499	6	0	0
4	17500001	0.999961	0.993499	6	0	0
4	18000001	1.02571	0.993499	6	0	0
4	18500001	1.01869	0.993499	6	0	0
4	19000001	1.00419	0.993499	6	0	0
4	19500001	0.94793	0.993499	6	0	0
4	20000001	0.99897	0.993499	6	0	0
4	20500001	1.01734	0.993499	6	0	0
4	21000001	0.982991	0.993499	6	0	0
4	21500001	1.00875	0.993499	6	0	0
4	22000001	1.02378	0.993499	6	0	0
4	22500001	1.03082	0.993499	6	0	0
4	23000001	0.987747	0.993499	6	0	0
4	23500001	0.982702	0.993499	6	0	0
4	24000001	0.990932	0.993499	6	0	0
4	24500001	0.96103	0.993499	6	0	0
4	25000001	0.96584	0.993499	6	0	0
4	25500001	0.946577	0.993499	6	0	0
4	26000001	1.00111	0.993499	6	0	0
4	26500001	0.996199	0.993499	6	0	0
4	27000001	0.982087	0.993499	6	0	0
4	27500001	1.00813	0.993499	6	0	0
4	28000001	0.967306	0.993499	6	0	0
4	28500001	0.990158	0.993499	6	0	0
4	29000001	1.02812	0.993499	6	0	0
4	29500001	0.966691	0.993499	6	0	0
4	30000001	1.02435	0.993499	6	0	0
4	30500001	0.970222	0.993499	6	0	0
4	31000001	0.960318	0.993499	6	0	0
4	31500001	1.00898	0.993499	6	0	0
4	32000001	0.993007	0.993499	6	0	0
4	32500001	1.01635	0.993499	6	0	0
4	33000001	0.968856	0.993499	6	0	0
4	33500001	1.00194	0.993499	6	0	0
4	34000001	0.998863	0.993499	6	0	0
4	34500001	0.957445	0.993499	6	0	0
4	35000001	1.02314	0.993499	6	0	0
4	35500001	1.05261	0.993499	6	0	0
4	36000001	1.03048	0.993499	6	0	0
4	36500001	0.95741	0.993499	6	0	0
4	37000001	1.06244	0.993499	6	0	0
4	37500001	0.984191	0.993499	6	0	0
4	38000001	1.02767	0.993499	6	0	0
4	38500001	1.00027	0.993499	6	0	0
4	39000001	1.01076	0.993499	6	0	0
4	39500001	0.934202	0.993499	6	0	0
4	40000001	0.968559	0.993499	6	0	0
4	40500001	0.988949	0.993499	6	0	0
4	41000001	1.03154	0.993499	6	0	0
4	41500001	1.03267	0.993499	6	0	0
4	42000001	0.984906	0.993499	6	0	0
4	42500001	0.994179	0.993499	6	0	0
4	43000001	0.983559	0.993499	6	0	0
4	43500001	0.948631	0.993499	6	0	0
4	44000001	0.990174	0.993499	6	0	0
4	44500001	0.993991	0.993499	6	0	0
4	45000001	0.994314	0.993499	6	0	0
4	45500001	0.971714	0.993499	6	0	0
4	46000001	0.981287	0.993499	6	0	0
4	46500001	0.97724	0.993499	6	0	0
4	47000001	0.984833	0.993499	6	0	0
4	47500001	1.07746	0.993499	6	0	0
4	48000001	0.978627	0.993499	6	0	0
4	48500001	1.03695	0.993499	6	0	0
4	49000001	-1	-1	-1	0	0
4	49500001	3.13239	3.13239	19	0	0
4	50000001	1.68013	1.68013	10	0	0
4	50500001	1.34647	1.34647	8	0	0
4	51000001	1.06331	0.996402	6	0	0
4	51500001	0.993359	0.996402	6	0	0
4	52000001	1.03165	0.996402	6	0	0
4	52500001	1.00538	0.996402	6	0	0
4	53000001	0.996293	0.996402	6	0	0
4	53500001	1.04708	0.996402	6	0	0
4	54000001	1.00971	0.996402	6	0	0
4	54500001	1.01745	0.996402	6	0	0
4	55000001	1.03627	0.996402	6	0	0
4	55500001	1.01599	0.996402	6	0	0
4	56000001	0.992854	0.996402	6	0	0
4	56500001	0.958205	0.996402	6	0	0
4	57000001	1.01652	0.996402	6	0	0
4	57500001	0.992128	0.996402	6	0	0
4	58000001	0.93781	0.996402	6	0	0
4	58500001	1.00413	0.996402	6	0	0
4	59000001	1.00299	0.996402	6	0	0
4	59500001	0.978533	0.996402	6	0	0
4	60000001	0.973624	0.996402	6	0	0
4	60500001	0.95645	0.996402	6	0	0
4	61000001	1.0059	0.996402	6	0	0
4	61500001	0.94859	0.996402	6	0	0
4	62000001	0.992835	0.996402	6	0	0
4	62500001	0.98858	0.996402	6	0	0
4	63000001	0.99651	0.996402	6	0	0
4	63500001	1.01712	0.996402	6	0	0
4	64000001	0.968673	0.996402	6	0	0
4	64500001	1.01008	0.996402	6	0	0
4	65000001	0.994916	0.996402	6	0	0
4	65500001	0.984397	0.996402	6	0	0
4	66000001	1.02994	0.996402	6	0	0
4	66500001	0.987621	0.996402	6	0	0
4	67000001	0.982247	0.996402	6	0	0
4	67500001	1.0044	0.996402	6	0	0
4	68000001	0.996694	0.996402	6	0	0
4	68500001	0.858977	0.996402	6	0	0
4	69000001	1.04854	0.996402	6	0	0
4	69500001	0.957218	0.996402	6	0	0
4	70000001	0.997253	0.996402	6	0	0
4	70500001	0.921738	0.996402	6	0	0
4	71000001	1.0231	0.996402	6	0	0
4	71500001	0.994774	0.996402	6	0	0
4	72000001	0.966399	0.996402	6	0	0
4	72500001	1.01758	0.996402	6	0	0
4	73000001	1.00193	0.996402	6	0	0
4	73500001	1.04641	0.996402	6	0	0
4	74000001	1.03469	0.996402	6	0	0
4	74500001	1.05342	0.996402	6	0	0
4	75000001	0.977236	0.996402	6	0	0
4	75500001	0.984279	0.996402	6	0	0
4	76000001	1.01222	0.996402	6	0	0
4	76500001	1.02322	0.996402	6	0	0
4	77000001	0.986774	0.996402	6	0	0
4	77500001	0.992887	0.996402	6	0	0
4	78000001	1.03364	0.996402	6	0	0
4	78500001	1.04523	0.996402	6	0	0
4	79000001	0.946922	0.996402	6	0	0
4	79500001	1.0434	0.996402	6	0	0
4	80000001	1.03737	0.996402	6	0	0
4	80500001	1.00053	0.996402	6	0	0
4	81000001	1.01187	0.996402	6	0	0
4	81500001	0.979375	0.996402	6	0	0
4	82000001	1.05717	0.996402	6	0	0
4	82500001	0.97483	0.996402	6	0	0
4	83000001	0.970579	0.996402	6	0	0
4	83500001	1.04554	0.996402	6	0	0
4	84000001	0.989751	0.996402	6	0	0
4	84500001	0.960394	0.996402	6	0	0
4	85000001	0.981889	0.996402	6	0	0
4	85500001	0.978529	0.996402	6	0	0
4	86000001	0.960593	0.996402	6	0	0
4	86500001	0.968143	0.996402	6	0	0
4	87000001	0.977992	0.996402	6	0	0
4	87500001	1.01031	0.996402	6	0	0
4	88000001	0.991284	0.996402	6	0	0
4	88500001	0.97236	0.996402	6	0	0
4	89000001	1.02677	0.996402	6	0	0
4	89500001	0.980108	0.996402	6	0	0
4	90000001	0.960969	0.996402	6	0	0
4	90500001	1.01638	0.996402	6	0	0
4	91000001	0.978469	0.996402	6	0	0
4	91500001	1.01873	0.996402	6	0	0
4	92000001	0.978823	0.996402	6	0	0
4	92500001	1.00429	0.996402	6	0	0
4	93000001	0.984552	0.996402	6	0	0
4	93500001	1.00756	0.996402	6	0	0
4	94000001	1.00008	0.996402	6	0	0
4	94500001	0.997783	0.996402	6	0	0
4	95000001	0.982546	0.996402	6	0	0
4	95500001	0.957019	0.996402	6	0	0
4	96000001	0.965455	0.996402	6	0	0
4	96500001	1.00643	0.996402	6	0	0
4	97000001	0.998415	0.996402	6	0	0
4	97500001	1.02423	0.996402	6	0	0
4	98000001	0.991659	0.996402	6	0	0
4	98500001	0.959871	0.996402	6	0	0
4	99000001	1.02287	0.996402	6	0	0
4	99500001	0.999373	0.996402	6	0	0
4	100000001	1.01405	0.996402	6	0	0
4	100500001	1.03508	0.996402	6	0	0
4	101000001	1.05927	0.996402	6	0	0
4	101500001	1.0244	0.996402	6	0	0
4	102000001	1.00085	0.996402	6	0	0
4	102500001	1.05535	0.996402	6	0	0
4	103000001	1.00437	0.996402	6	0	0
4	103500001	1.00929	0.996402	6	0	0
4	104000001	1.06074	0.996402	6	0	0
4	104500001	1.01438	0.996402	6	0	0
4	105000001	1.02656	0.996402	6	0	0
4	105500001	0.99367	0.996402	6	0	0
4	106000001	0.995093	0.996402	6	0	0
4	106500001	1.00913	0.996402	6	0	0
4	107000001	1.01456	0.996402	6	0	0
4	107500001	1.04041	0.996402	6	0	0
4	108000001	0.990406	0.996402	6	0	0
4	108500001	0.994432	0.996402	6	0	0
4	109000001	0.976794	0.996402	6	0	0
4	109500001	0.983026	0.996402	6	0	0
4	110000001	1.00346	0.996402	6	0	0
4	110500001	0.989588	0.996402	6	0	0
4	111000001	1.0187	0.996402	6	0	0
4	111500001	0.984869	0.996402	6	0	0
4	112000001	1.06668	0.996402	6	0	0
4	112500001	0.915264	0.996402	6	0	0
4	113000001	0.974353	0.996402	6	0	0
4	113500001	1.0456	0.996402	6	0	0
4	114000001	1.02311	0.996402	6	0	0
4	114500001	1.0105	0.996402	6	0	0
4	115000001	0.999543	0.996402	6	0	0
4	115500001	1.01451	0.996402	6	0	0
4	116000001	1.00128	0.996402	6	0	0
4	116500001	1.00806	0.996402	6	0	0
4	117000001	1.03749	0.996402	6	0	0
4	117500001	0.972032	0.996402	6	0	0
4	118000001	0.972446	0.996402	6	0	0
4	118500001	0.989071	0.996402	6	0	0
4	119000001	0.972228	0.996402	6	0	0
4	119500001	1.02275	0.996402	6	0	0
4	120000001	1.0202	0.996402	6	0	0
4	120500001	0.987646	0.996402	6	0	0
4	121000001	1.03003	0.996402	6	0	0
4	121500001	1.03311	0.996402	6	0	0
4	122000001	1.06237	0.996402	6	0	0
4	122500001	1.05703	0.996402	6	0	0
4	123000001	1.00709	0.996402	6	0	0
4	123500001	1.0382	0.996402	6	0	0
4	124000001	1.04842	0.996402	6	0	0
4	124500001	0.997832	0.996402	6	0	0
4	125000001	1.03493	0.996402	6	0	0
4	125500001	1.00305	0.996402	6	0	0
4	126000001	0.982305	0.996402	6	0	0
4	126500001	0.954462	0.996402	6	0	0
4	127000001	1.03052	0.996402	6	0	0
4	127500001	0.955598	0.996402	6	0	0
4	128000001	0.977917	0.996402	6	0	0
4	128500001	1.01721	0.996402	6	0	0
4	129000001	1.03963	0.996402	6	0	0
4	129500001	1.01197	0.996402	6	0	0
4	130000001	0.923344	0.996402	6	0	0
4	130500001	1.01093	0.996402	6	0	0
4	131000001	1.04428	0.996402	6	0	0
4	131500001	0.978522	0.996402	6	0	0
4	132000001	0.975974	0.996402	6	0	0
4	132500001	0.966504	0.996402	6	0	0
4	133000001	0.963349	0.996402	6	0	0
4	133500001	1.01513	0.996402	6	0	0
4	134000001	1.02508	0.996402	6	0	0
4	134500001	0.965337	0.996402	6	0	0
4	135000001	1.01503	0.996402	6	0	0
4	135500001	1.03145	0.996402	6	0	0
4	136000001	1.02081	0.996402	6	0	0
4	136500001	0.98848	0.996402	6	0	0
4	137000001	1.00485	0.996402	6	0	0
4	137500001	0.998367	0.996402	6	0	0
4	138000001	1.01061	0.996402	6	0	0
4	138500001	0.991486	0.996402	6	0	0
4	139000001	0.977505	0.996402	6	0	0
4	139500001	1.00509	0.996402	6	0	0
4	140000001	0.925365	0.996402	6	0	0
4	140500001	0.976411	0.996402	6	0	0
4	141000001	1.03371	0.996402	6	0	0
4	141500001	0.974589	0.996402	6	0	0
4	142000001	1.03042	0.996402	6	0	0
4	142500001	1.04259	0.996402	6	0	0
4	143000001	0.991053	0.996402	6	0	0
4	143500001	1.003	0.996402	6	0	0
4	144000001	0.98744	0.996402	6	0	0
4	144500001	1.00907	0.996402	6	0	0
4	145000001	0.995767	0.996402	6	0	0
4	145500001	0.985793	0.996402	6	0	0
4	146000001	0.995393	0.996402	6	0	0
4	146500001	0.967548	0.996402	6	0	0
4	147000001	1.04933	0.996402	6	0	0
4	147500001	0.959509	0.996402	6	0	0
4	148000001	1.01332	0.996402	6	0	0
4	148500001	1.02795	0.996402	6	0	0
4	149000001	0.960928	0.996402	6	0	0
4	149500001	1.03819	0.996402	6	0	0
4	150000001	0.977912	0.996402	6	0	0
4	150500001	0.95309	0.996402	6	0	0
4	151000001	0.98018	0.996402	6	0	0
4	151500001	0.971475	0.996402	6	0	0
4	152000001	0.953469	0.996402	6	0	0
4	152500001	1.02736	0.996402	6	0	0
4	153000001	0.932553	0.996402	6	0	0
4	153500001	1.0066	0.996402	6	0	0
4	154000001	0.973462	0.996402	6	0	0
4	154500001	1.01639	0.996402	6	0	0
4	155000001	0.949457	0.996402	6	0	0
4	155500001	1.03457	0.996402	6	0	0
4	156000001	1.02474	0.996402	6	0	0
4	156500001	1.0486	0.996402	6	0	0
4	157000001	0.997159	0.996402	6	0	0
4	157500001	1.01103	0.996402	6	0	0
4	158000001	1.00958	0.996402	6	0	0
4	158500001	0.989074	0.996402	6	0	0
4	159000001	0.994013	0.996402	6	0	0
4	159500001	0.979779	0.996402	6	0	0
4	160000001	0.981964	0.996402	6	0	0
4	160500001	1.00524	0.996402	6	0	0
4	161000001	0.977605	0.996402	6	0	0
4	161500001	0.99505	0.996402	6	0	0
4	162000001	0.994104	0.996402	6	0	0
4	162500001	0.961187	0.996402	6	0	0
4	163000001	0.965836	0.996402	6	0	0
4	163500001	0.962659	0.996402	6	0	0
4	164000001	0.976063	0.996402	6	0	0
4	164500001	0.950101	0.996402	6	0	0
4	165000001	0.970143	0.996402	6	0	0
4	165500001	0.998249	0.996402	6	0	0
4	166000001	0.981956	0.996402	6	0	0
4	166500001	1.03769	0.996402	6	0	0
4	167000001	0.96592	0.996402	6	0	0
4	167500001	0.958726	0.996402	6	0	0
4	168000001	0.996551	0.996402	6	0	0
4	168500001	0.983986	0.996402	6	0	0
4	169000001	0.990566	0.996402	6	0	0
4	169500001	0.9734	0.996402	6	0	0
4	170000001	0.945127	0.996402	6	0	0
4	170500001	1.01211	0.996402	6	0	0
4	171000001	1.03322	0.996402	6	0	0
4	171500001	0.981804	0.996402	6	0	0
4	172000001	0.961011	0.996402	6	0	0
4	172500001	0.997649	0.996402	6	0	0
4	173000001	0.970004	0.996402	6	0	0
4	173500001	1.01021	0.996402	6	0	0
4	174000001	1.0345	0.996402	6	0	0
4	174500001	0.98182	0.996402	6	0	0
4	175000001	0.994286	0.996402	6	0	0
4	175500001	0.974823	0.996402	6	0	0
4	176000001	0.989946	0.996402	6	0	0
4	176500001	1.04872	0.996402	6	0	0
4	177000001	1.00379	0.996402	6	0	0
4	177500001	1.01304	0.996402	6	0	0
4	178000001	1.00389	0.996402	6	0	0
4	178500001	0.98529	0.996402	6	0	0
4	179000001	0.989029	0.996402	6	0	0
4	179500001	0.983958	0.996402	6	0	0
4	180000001	0.967489	0.996402	6	0	0
4	180500001	0.990953	0.996402	6	0	0
4	181000001	0.974868	0.996402	6	0	0
4	181500001	0.948074	0.996402	6	0	0
4	182000001	0.977394	0.996402	6	0	0
4	182500001	0.944744	0.996402	6	0	0
4	183000001	1.00244	0.996402	6	0	0
4	183500001	1.01276	0.996402	6	0	0
4	184000001	0.98628	0.996402	6	0	0
4	184500001	0.984482	0.996402	6	0	0
4	185000001	0.952895	0.996402	6	0	0
4	185500001	1.02608	0.996402	6	0	0
4	186000001	0.936629	0.949797	6	0	0
4	186500001	0.916495	0.949797	6	0	0
4	187000001	0.996379	0.949797	6	0	0
4	187500001	0.936327	0.949797	6	0	0
4	188000001	0.894694	0.949797	6	0	0
4	188500001	0.963989	0.949797	6	0	0
4	189000001	0.962965	0.949797	6	0	0
4	189500001	0.982958	0.949797	6	0	0
4	190000001	-1	-1	-1	0	0
5	1	1.16888	1.20999	7	0	0
5	500001	1.1656	1.20999	7	0	0
5	1000001	1.36901	1.20999	7	0	0
5	1500001	1.18349	1.20999	7	0	0
5	2000001	1.14199	1.20999	7	0	0
5	2500001	1.18698	1.20999	7	0	0
5	3000001	1.12526	1.20999	7	0	0
5	3500001	1.16225	1.20999	7	0	0
5	4000001	1.19833	1.20999	7	0	0
5	4500001	1.20426	1.20999	7	0	0
5	5000001	1.26778	1.20999	7	0	0
5	5500001	1.31219	1.20999	7	0	0
5	6000001	1.25912	1.20999	7	0	0
5	6500001	1.21953	1.20999	7	0	0
5	7000001	1.20462	1.20999	7	0	0
5	7500001	1.20999	1.20999	7	0	0
5	8000001	1.20679	1.20999	7	0	0
5	8500001	1.17831	1.20999	7	0	0
5	9000001	1.16814	1.20999	7	0	0
5	9500001	1.25432	1.20999	7	0	0
5	10000001	1.22124	1.20999	7	0	0
5	10500001	1.27064	1.20999	7	0	0
5	11000001	1.27691	1.20999	7	0	0
5	11500001	1.15106	1.20999	7	0	0
5	12000001	1.18874	1.20999	7	0	0
5	12500001	1.22407	1.20999	7	0	0
5	13000001	1.25416	1.20999	7	0	0
5	13500001	1.30786	1.20999	7	0	0
5	14000001	1.26875	1.20999	7	0	0
5	14500001	1.1886	1.20999	7	0	0
5	15000001	1.25354	1.20999	7	0	0
5	15500001	1.19152	1.20999	7	0	0
5	16000001	1.26684	1.20999	7	0	0
5	16500001	1.21171	1.20999	7	0	0
5	17000001	1.25279	1.20999	7	0	0
5	17500001	1.64242	1.64242	10	0	0
5	18000001	1.2087	1.20815	7	0	0
5	18500001	1.24441	1.20815	7	0	0
5	19000001	1.2396	1.20815	7	0	0
5	19500001	1.27608	1.20815	7	0	0
5	20000001	1.23342	1.20815	7	0	0
5	20500001	1.22076	1.20815	7	0	0
5	21000001	1.23506	1.20815	7	0	0
5	21500001	1.20278	1.20815	7	0	0
5	22000001	1.15491	1.20815	7	0	0
5	22500001	1.20241	1.20815	7	0	0
5	23000001	1.21907	1.20815	7	0	0
5	23500001	1.18827	1.20815	7	0	0
5	24000001	1.17316	1.20815	7	0	0
5	24500001	1.22699	1.20815	7	0	0
5	25000001	1.17342	1.20815	7	0	0
5	25500001	1.17162	1.20815	7	0	0
5	26000001	1.19616	1.20815	7	0	0
5	26500001	1.20815	1.20815	7	0	0
5	27000001	1.20183	1.20815	7	0	0
5	27500001	1.18074	1.20815	7	0	0
5	28000001	1.19417	1.20815	7	0	0
5	28500001	1.20857	1.20815	7	0	0
5	29000001	1.21617	1.20815	7	0	0
5	29500001	1.19235	1.20815	7	0	0
5	30000001	1.2583	1.20815	7	0	0
5	30500001	1.15815	1.20815	7	0	0
5	31000001	1.21706	1.20815	7	0	0
5	31500001	1.19219	1.20815	7	0	0
5	32000001	1.20665	1.20815	7	0	0
5	32500001	1.21655	1.20815	7	0	0
5	33000001	1.30361	1.20815	7	0	0
5	33500001	1.35273	1.42983	9	0	0
5	34000001	1.50693	1.42983	9	0	0
5	34500001	1.2479	1.25121	8	0	0
5	35000001	1.24805	1.25121	8	0	0
5	35500001	1.25954	1.25121	8	0	0
5	36000001	1.26929	1.25121	8	0	0
5	36500001	1.25894	1.25121	8	0	0
5	37000001	1.19091	1.25121	8	0	0
5	37500001	1.25502	1.25121	8	0	0
5	38000001	1.23403	1.25121	8	0	0
5	38500001	1.27528	1.25121	8	0	0
5	39000001	1.26071	1.25121	8	0	0
5	39500001	1.19228	1.25121	8	0	0
5	40000001	1.23495	1.25121	8	0	0
5	40500001	1.23194	1.25121	8	0	0
5	41000001	1.21999	1.25121	8	0	0
5	41500001	1.29994	1.25121	8	0	0
5	42000001	1.21755	1.25121	8	0	0
5	42500001	1.25438	1.25121	8	0	0
5	43000001	1.25951	1.25121	8	0	0
5	43500001	1.27092	1.25121	8	0	0
5	44000001	1.27442	1.25121	8	0	0
5	44500001	1.22718	1.25121	8	0	0
5	45000001	1.2297	1.25121	8	0	0
5	45500001	1.24472	1.25121	8	0	0
5	46000001	1.292	1.25121	8	0	0
5	46500001	0.607636	0.607636	4	0	0
5	47000001	1.39416	1.49654	9	0	0
5	47500001	1.49654	1.49654	9	0	0
5	48000001	1.55756	1.49654	9	0	0
5	48500001	1.91719	1.91719	12	0	0
5	49000001	2.77866	2.77866	17	0	0
5	49500001	6.54898	6.54898	39	0	0
5	50000001	1.53749	1.53749	9	0	0
5	50500001	1.18942	1.24198	7	0	0
5	51000001	1.22304	1.24198	7	0	0
5	51500001	1.25082	1.24198	7	0	0
5	52000001	1.28771	1.24198	7	0	0
5	52500001	1.29259	1.24198	7	0	0
5	53000001	1.31569	1.24198	7	0	0
5	53500001	1.22123	1.24198	7	0	0
5	54000001	1.23472	1.24198	7	0	0
5	54500001	1.23216	1.24198	7	0	0
5	55000001	1.27431	1.24198	7	0	0
5	55500001	1.22369	1.24198	7	0	0
5	56000001	1.24305	1.24198	7	0	0
5	56500001	1.27663	1.24198	7	0	0
5	57000001	1.26899	1.24198	7	0	0
5	57500001	1.31115	1.24198	7	0	0
5	58000001	1.2116	1.24198	7	0	0
5	58500001	1.24295	1.24198	7	0	0
5	59000001	1.25106	1.24198	7	0	0
5	59500001	1.27187	1.24198	7	0	0
5	60000001	1.24934	1.24198	7	0	0
5	60500001	1.22994	1.24198	7	0	0
5	61000001	1.30512	1.24198	7	0	0
5	61500001	1.26202	1.24198	7	0	0
5	62000001	1.22651	1.24198	7	0	0
5	62500001	1.21007	1.24198	7	0	0
5	63000001	1.27105	1.24198	7	0	0
5	63500001	1.18764	1.24198	7	0	0
5	64000001	1.17619	1.24198	7	0	0
5	64500001	1.22898	1.24198	7	0	0
5	65000001	1.26219	1.24198	7	0	0
5	65500001	1.2353	1.24198	7	0	0
5	66000001	1.25519	1.24198	7	0	0
5	66500001	1.21526	1.24198	7	0	0
5	67000001	1.22746	1.24198	7	0	0
5	67500001	1.27578	1.24198	7	0	0
5	68000001	1.20396	1.24198	7	0	0
5	68500001	1.22512	1.24198	7	0	0
5	69000001	1.13106	1.24198	7	0	0
5	69500001	1.06477	1.24198	7	0	0
5	70000001	1.13172	1.24198	7	0	0
5	70500001	1.20051	1.24198	7	0	0
5	71000001	1.23101	1.24198	7	0	0
5	71500001	1.22756	1.24198	7	0	0
5	72000001	1.25067	1.24198	7	0	0
5	72500001	1.24522	1.24198	7	0	0
5	73000001	1.20477	1.24198	7	0	0
5	73500001	1.26935	1.24198	7	0	0
5	74000001	1.30464	1.24198	7	0	0
5	74500001	1.24182	1.24198	7	0	0
5	75000001	1.23325	1.24198	7	0	0
5	75500001	1.30033	1.24198	7	0	0
5	76000001	1.23351	1.24198	7	0	0
5	76500001	1.24444	1.24198	7	0	0
5	77000001	1.27158	1.24198	7	0	0
5	77500001	1.23682	1.24198	7	0	0
5	78000001	1.24491	1.24198	7	0	0
5	78500001	1.21042	1.24198	7	0	0
5	79000001	1.15298	1.24198	7	0	0
5	79500001	1.23227	1.24198	7	0	0
5	80000001	1.18085	1.24198	7	0	0
5	80500001	1.16761	1.24198	7	0	0
5	81000001	1.2514	1.24198	7	0	0
5	81500001	1.21423	1.24198	7	0	0
5	82000001	1.22452	1.24198	7	0	0
5	82500001	1.25549	1.24198	7	0	0
5	83000001	1.23192	1.24198	7	0	0
5	83500001	1.25953	1.24198	7	0	0
5	84000001	1.23937	1.24198	7	0	0
5	84500001	1.27457	1.24198	7	0	0
5	85000001	1.26006	1.24198	7	0	0
5	85500001	1.21656	1.24198	7	0	0
5	86000001	1.2854	1.24198	7	0	0
5	86500001	1.2656	1.24198	7	0	0
5	87000001	1.3586	1.24198	7	0	0
5	87500001	1.30355	1.24198	7	0	0
5	88000001	1.22553	1.24198	7	0	0
5	88500001	1.2608	1.24198	7	0	0
5	89000001	1.26155	1.24198	7	0	0
5	89500001	1.29547	1.24198	7	0	0
5	90000001	1.24901	1.24198	7	0	0
5	90500001	1.29976	1.24198	7	0	0
5	91000001	1.27957	1.24198	7	0	0
5	91500001	1.27825	1.24198	7	0	0
5	92000001	1.22648	1.24198	7	0	0
5	92500001	1.25064	1.24198	7	0	0
5	93000001	1.21823	1.24198	7	0	0
5	93500001	1.2713	1.24198	7	0	0
5	94000001	1.2873	1.24198	7	0	0
5	94500001	1.21266	1.24198	7	0	0
5	95000001	1.27101	1.24198	7	0	0
5	95500001	1.27053	1.24198	7	0	0
5	96000001	1.32256	1.24198	7	0	0
5	96500001	1.33066	1.24198	7	0	0
5	97000001	1.26225	1.24198	7	0	0
5	97500001	1.24214	1.24198	7	0	0
5	98000001	1.2499	1.24198	7	0	0
5	98500001	1.23209	1.24198	7	0	0
5	99000001	1.23716	1.24198	7	0	0
5	99500001	1.23812	1.24198	7	0	0
5	100000001	1.17065	1.24198	7	0	0
5	100500001	1.22578	1.24198	7	0	0
5	101000001	1.18587	1.24198	7	0	0
5	101500001	1.20729	1.24198	7	0	0
5	102000001	1.20408	1.24198	7	0	0
5	102500001	1.2554	1.24198	7	0	0
5	103000001	1.27887	1.24198	7	0	0
5	103500001	1.27107	1.24198	7	0	0
5	104000001	1.25407	1.24198	7	0	0
5	104500001	1.25898	1.24198	7	0	0
5	105000001	1.27891	1.24198	7	0	0
5	105500001	1.22369	1.24198	7	0	0
5	106000001	1.23429	1.24198	7	0	0
5	106500001	1.23417	1.24198	7	0	0
5	107000001	1.28087	1.24198	7	0	0
5	107500001	1.21163	1.24198	7	0	0
5	108000001	1.20634	1.24198	7	0	0
5	108500001	1.23377	1.24198	7	0	0
5	109000001	1.23808	1.24198	7	0	0
5	109500001	1.21204	1.24198	7	0	0
5	110000001	1.22809	1.24198	7	0	0
5	110500001	1.23514	1.24198	7	0	0
5	111000001	1.20655	1.24198	7	0	0
5	111500001	1.28864	1.24198	7	0	0
5	112000001	1.20703	1.24198	7	0	0
5	112500001	1.27063	1.24198	7	0	0
5	113000001	1.26119	1.24198	7	0	0
5	113500001	1.24726	1.24198	7	0	0
5	114000001	1.22319	1.24198	7	0	0
5	114500001	1.21749	1.24198	7	0	0
5	115000001	1.24794	1.24198	7	0	0
5	115500001	1.23825	1.24198	7	0	0
5	116000001	1.26478	1.24198	7	0	0
5	116500001	1.17344	1.22542	7	0	0
5	117000001	1.17387	1.22542	7	0	0
5	117500001	1.19502	1.22542	7	0	0
5	118000001	1.195	1.22542	7	0	0
5	118500001	1.23437	1.22542	7	0	0
5	119000001	1.23196	1.22542	7	0	0
5	119500001	1.22744	1.22542	7	0	0
5	120000001	1.20575	1.22542	7	0	0
5	120500001	1.24704	1.22542	7	0	0
5	121000001	1.2394	1.22542	7	0	0
5	121500001	1.2532	1.22542	7	0	0
5	122000001	1.22278	1.22542	7	0	0
5	122500001	1.18746	1.22542	7	0	0
5	123000001	1.22461	1.22542	7	0	0
5	123500001	1.25905	1.22542	7	0	0
5	124000001	1.246	1.22542	7	0	0
5	124500001	1.19711	1.22542	7	0	0
5	125000001	1.25187	1.22542	7	0	0
5	125500001	1.23412	1.22542	7	0	0
5	126000001	1.2819	1.22542	7	0	0
5	126500001	1.15507	1.22542	7	0	0
5	127000001	1.26538	1.22542	7	0	0
5	127500001	1.27301	1.22542	7	0	0
5	128000001	1.2185	1.22542	7	0	0
5	128500001	1.21416	1.22542	7	0	0
5	129000001	1.21831	1.22542	7	0	0
5	129500001	1.24401	1.22542	7	0	0
5	130000001	1.21599	1.22542	7	0	0
5	130500001	1.25193	1.22542	7	0	0
5	131000001	1.19965	1.22542	7	0	0
5	131500001	1.23394	1.22542	7	0	0
5	132000001	1.24242	1.22542	7	0	0
5	132500001	1.18723	1.22542	7	0	0
5	133000001	1.27296	1.22542	7	0	0
5	133500001	1.20775	1.22542	7	0	0
5	134000001	1.17163	1.22542	7	0	0
5	134500001	1.18528	1.22542	7	0	0
5	135000001	1.21154	1.22542	7	0	0
5	135500001	1.23865	1.22542	7	0	0
5	136000001	1.23438	1.22542	7	0	0
5	136500001	1.24147	1.22542	7	0	0
5	137000001	1.20402	1.22542	7	0	0
5	137500001	1.27117	1.22542	7	0	0
5	138000001	1.12574	1.22542	7	0	0
5	138500001	1.20406	1.22542	7	0	0
5	139000001	1.2365	1.22542	7	0	0
5	139500001	1.18588	1.22542	7	0	0
5	140000001	1.25864	1.22542	7	0	0
5	140500001	1.20784	1.22542	7	0	0
5	141000001	1.15712	1.22542	7	0	0
5	141500001	1.18387	1.22542	7	0	0
5	142000001	1.21633	1.22542	7	0	0
5	142500001	1.2307	1.22542	7	0	0
5	143000001	1.2445	1.22542	7	0	0
5	143500001	1.27522	1.22542	7	0	0
5	144000001	1.24371	1.22542	7	0	0
5	144500001	1.21584	1.22542	7	0	0
5	145000001	1.22425	1.22542	7	0	0
5	145500001	1.2629	1.22542	7	0	0
5	146000001	1.2089	1.22542	7	0	0
5	146500001	1.23896	1.22542	7	0	0
5	147000001	1.18189	1.22542	7	0	0
5	147500001	1.21971	1.22542	7	0	0
5	148000001	1.22623	1.22542	7	0	0
5	148500001	1.31463	1.22542	7	0	0
5	149000001	1.30847	1.22542	7	0	0
5	149500001	1.1893	1.22542	7	0	0
5	150000001	1.17513	1.22542	7	0	0
5	150500001	1.22113	1.22542	7	0	0
5	151000001	1.25658	1.22542	7	0	0
5	151500001	1.27628	1.22542	7	0	0
5	152000001	1.24005	1.22542	7	0	0
5	152500001	1.17882	1.22542	7	0	0
5	153000001	1.16625	1.22542	7	0	0
5	153500001	1.24184	1.22542	7	0	0
5	154000001	1.2743	1.22542	7	0	0
5	154500001	1.1639	1.19039	7	0	0
5	155000001	1.18357	1.19039	7	0	0
5	155500001	1.19098	1.19039	7	0	0
5	156000001	1.18441	1.19039	7	0	0
5	156500001	1.19014	1.19039	7	0	0
5	157000001	1.16303	1.19039	7	0	0
5	157500001	1.17078	1.19039	7	0	0
5	158000001	1.23753	1.19039	7	0	0
5	158500001	1.197	1.19039	7	0	0
5	159000001	1.237	1.19039	7	0	0
5	159500001	1.26604	1.19039	7	0	0
5	160000001	1.17683	1.19039	7	0	0
5	160500001	1.262	1.19039	7	0	0
5	161000001	1.16666	1.19039	7	0	0
5	161500001	1.18277	1.19039	7	0	0
5	162000001	1.20797	1.19039	7	0	0
5	162500001	1.2408	1.19039	7	0	0
5	163000001	1.13727	1.19039	7	0	0
5	163500001	1.18624	1.19039	7	0	0
5	164000001	1.19408	1.19039	7	0	0
5	164500001	1.14245	1.19039	7	0	0
5	165000001	1.19367	1.19039	7	0	0
5	165500001	1.13386	1.19039	7	0	0
5	166000001	1.19064	1.19039	7	0	0
5	166500001	1.13405	1.19039	7	0	0
5	167000001	1.20665	1.19039	7	0	0
5	167500001	1.25206	1.19039	7	0	0
5	168000001	1.24164	1.19039	7	0	0
5	168500001	1.19176	1.19039	7	0	0
5	169000001	1.20334	1.19039	7	0	0
5	169500001	1.17841	1.19039	7	0	0
5	170000001	1.25716	1.19039	7	0	0
5	170500001	1.23503	1.19039	7	0	0
5	171000001	1.20363	1.19039	7	0	0
5	171500001	1.24473	1.19039	7	0	0
5	172000001	1.15253	1.19039	7	0	0
5	172500001	1.20799	1.19039	7	0	0
5	173000001	1.13972	1.19039	7	0	0
5	173500001	1.1721	1.19039	7	0	0
5	174000001	1.21534	1.19039	7	0	0
5	174500001	1.16936	1.19039	7	0	0
5	175000001	1.21812	1.19039	7	0	0
5	175500001	1.25222	1.19039	7	0	0
5	176000001	1.20193	1.19039	7	0	0
5	176500001	1.18532	1.19039	7	0	0
5	177000001	1.12503	1.19039	7	0	0
5	177500001	1.0937	1.19039	7	0	0
5	178000001	1.09944	1.19039	7	0	0
5	178500001	1.13148	1.19039	7	0	0
5	179000001	1.12996	1.19039	7	0	0
5	179500001	1.30882	1.19039	7	0	0
5	180000001	1.17621	1.19039	7	0	0
5	180500001	1.22659	1.19039	7	0	0
5	181000001	1.09987	1.19039	7	0	0
5	181500001	-1	-1	-1	0	0
6	1	1.44366	1.60523	10	0	0
6	500001	1.63725	1.60523	10	0	0
6	1000001	1.65554	1.60523	10	0	0
6	1500001	1.59422	1.60523	10	0	0
6	2000001	1.64481	1.60523	10	0	0
6	2500001	1.64359	1.60523	10	0	0
6	3000001	1.55585	1.60523	10	0	0
6	3500001	1.62966	1.60523	10	0	0
6	4000001	1.71394	1.60523	10	0	0
6	4500001	1.66008	1.60523	10	0	0
6	5000001	1.64544	1.60523	10	0	0
6	5500001	1.60219	1.60523	10	0	0
6	6000001	1.69877	1.60523	10	0	0
6	6500001	1.6599	1.60523	10	0	0
6	7000001	1.50379	1.60523	10	0	0
6	7500001	1.6498	1.60523	10	0	0
6	8000001	1.61781	1.60523	10	0	0
6	8500001	1.59059	1.60523	10	0	0
6	9000001	1.63853	1.60523	10	0	0
6	9500001	1.62987	1.60523	10	0	0
6	10000001	1.55429	1.60523	10	0	0
6	10500001	1.55913	1.60523	10	0	0
6	11000001	1.83403	1.60523	10	0	0
6	11500001	1.65542	1.60523	10	0	0
6	12000001	1.66655	1.60523	10	0	0
6	12500001	1.64429	1.60523	10	0	0
6	13000001	1.59087	1.60523	10	0	0
6	13500001	1.60615	1.60523	10	0	0
6	14000001	1.61983	1.60523	10	0	0
6	14500001	1.61092	1.60523	10	0	0
6	15000001	1.52064	1.60523	10	0	0
6	15500001	1.61349	1.60523	10	0	0
6	16000001	1.55454	1.60523	10	0	0
6	16500001	1.68083	1.60523	10	0	0
6	17000001	1.65517	1.60523	10	0	0
6	17500001	1.58637	1.60523	10	0	0
6	18000001	1.62457	1.60523	10	0	0
6	18500001	1.65557	1.60523	10	0	0
6	19000001	1.65897	1.60523	10	0	0
6	19500001	1.60431	1.60523	10	0	0
6	20000001	1.68081	1.60523	10	0	0
6	20500001	1.51045	1.60523	10	0	0
6	21000001	1.57776	1.60523	10	0	0
6	21500001	1.50274	1.60523	10	0	0
6	22000001	1.60327	1.60523	10	0	0
6	22500001	1.57289	1.60523	10	0	0
6	23000001	1.58919	1.60523	10	0	0
6	23500001	1.57593	1.60523	10	0	0
6	24000001	1.55285	1.60523	10	0	0
6	24500001	1.58948	1.60523	10	0	0
6	25000001	1.59356	1.60523	10	0	0
6	25500001	1.65149	1.60523	10	0	0
6	26000001	1.51933	1.60523	10	0	0
6	26500001	1.56523	1.60523	10	0	0
6	27000001	1.5666	1.60523	10	0	0
6	27500001	1.52727	1.60523	10	0	0
6	28000001	1.64469	1.60523	10	0	0
6	28500001	1.57178	1.60523	10	0	0
6	29000001	1.62714	1.60523	10	0	0
6	29500001	1.57634	1.60523	10	0	0
6	30000001	1.66043	1.60523	10	0	0
6	30500001	1.58408	1.60523	10	0	0
6	31000001	1.58118	1.60523	10	0	0
6	31500001	1.61725	1.60523	10	0	0
6	32000001	1.65078	1.60523	10	0	0
6	32500001	1.50168	1.60523	10	0	0
6	33000001	1.59196	1.60523	10	0	0
6	33500001	1.58254	1.60523	10	0	0
6	34000001	1.55315	1.60523	10	0	0
6	34500001	1.69564	1.60523	10	0	0
6	35000001	2.34531	2.40278	14	0	0
6	35500001	2.39944	2.40278	14	0	0
6	36000001	2.48517	2.40278	14	0	0
6	36500001	2.40442	2.40278	14	0	0
6	37000001	2.36674	2.40278	14	0	0
6	37500001	2.40278	2.40278	14	0	0
6	38000001	2.44779	2.40278	14	0	0
6	38500001	1.59182	1.56897	9	0	0
6	39000001	1.54613	1.56897	9	0	0
6	39500001	1.9824	1.9824	12	0	0
6	40000001	2.45551	2.4239	15	0	0
6	40500001	2.52215	2.4239	15	0	0
6	41000001	2.46636	2.4239	15	0	0
6	41500001	2.39229	2.4239	15	0	0
6	42000001	2.34964	2.4239	15	0	0
6	42500001	2.3032	2.4239	15	0	0
6	43000001	1.87853	1.87853	11	0	0
6	43500001	1.57161	1.63752	10	0	0
6	44000001	1.59832	1.63752	10	0	0
6	44500001	1.6455	1.63752	10	0	0
6	45000001	1.64026	1.63752	10	0	0
6	45500001	1.65047	1.63752	10	0	0
6	46000001	1.71069	1.63752	10	0	0
6	46500001	1.6613	1.63752	10	0	0
6	47000001	1.7356	1.63752	10	0	0
6	47500001	1.65206	1.63752	10	0	0
6	48000001	1.61924	1.63752	10	0	0
6	48500001	1.62073	1.63752	10	0	0
6	49000001	1.60602	1.63752	10	0	0
6	49500001	1.60766	1.63752	10	0	0
6	50000001	1.60581	1.63752	10	0	0
6	50500001	1.60157	1.63752	10	0	0
6	51000001	1.68637	1.63752	10	0	0
6	51500001	1.62834	1.63752	10	0	0
6	52000001	1.6378	1.63752	10	0	0
6	52500001	1.74048	1.63752	10	0	0
6	53000001	1.64048	1.63752	10	0	0
6	53500001	1.59769	1.63752	10	0	0
6	54000001	1.63351	1.63752	10	0	0
6	54500001	1.60833	1.63752	10	0	0
6	55000001	1.62867	1.63752	10	0	0
6	55500001	1.64106	1.63752	10	0	0
6	56000001	1.70268	1.63752	10	0	0
6	56500001	1.703	1.63752	10	0	0
6	57000001	1.66936	1.63752	10	0	0
6	57500001	1.61326	1.63752	10	0	0
6	58000001	1.63724	1.63752	10	0	0
6	58500001	2.93305	2.84465	17	0	0
6	59000001	2.75625	2.84465	17	0	0
6	59500001	-1	-1	-1	0	0
6	60000001	-1	-1	-1	0	0
6	60500001	1.60289	1.66001	10	0	0
6	61000001	1.5936	1.66001	10	0	0
6	61500001	1.62861	1.66001	10	0	0
6	62000001	1.60908	1.66001	10	0	0
6	62500001	1.58885	1.66001	10	0	0
6	63000001	1.61266	1.66001	10	0	0
6	63500001	1.64524	1.66001	10	0	0
6	64000001	1.677	1.66001	10	0	0
6	64500001	1.69345	1.66001	10	0	0
6	65000001	1.68719	1.66001	10	0	0
6	65500001	1.66896	1.66001	10	0	0
6	66000001	1.65891	1.66001	10	0	0
6	66500001	1.67747	1.66001	10	0	0
6	67000001	1.69835	1.66001	10	0	0
6	67500001	1.6334	1.66001	10	0	0
6	68000001	1.66701	1.66001	10	0	0
6	68500001	1.61308	1.66001	10	0	0
6	69000001	1.59628	1.66001	10	0	0
6	69500001	1.60087	1.66001	10	0	0
6	70000001	1.70556	1.66001	10	0	0
6	70500001	1.62056	1.66001	10	0	0
6	71000001	1.76055	1.66001	10	0	0
6	71500001	1.71477	1.66001	10	0	0
6	72000001	1.66111	1.66001	10	0	0
6	72500001	1.71864	1.66001	10	0	0
6	73000001	1.66141	1.66001	10	0	0
6	73500001	1.66395	1.66001	10	0	0
6	74000001	1.44621	1.66001	10	0	0
6	74500001	1.23075	1.21277	7	0	0
6	75000001	1.21956	1.21277	7	0	0
6	75500001	1.18095	1.21277	7	0	0
6	76000001	1.21923	1.21277	7	0	0
6	76500001	1.18005	1.21277	7	0	0
6	77000001	1.20632	1.21277	7	0	0
6	77500001	0.843317	0.829857	5	0	0
6	78000001	0.709814	0.829857	5	0	0
6	78500001	0.830171	0.829857	5	0	0
6	79000001	0.858415	0.829857	5	0	0
6	79500001	0.846218	0.829857	5	0	0
6	80000001	0.847093	0.829857	5	0	0
6	80500001	0.841006	0.829857	5	0	0
6	81000001	0.805593	0.829857	5	0	0
6	81500001	0.83086	0.829857	5	0	0
6	82000001	0.820242	0.829857	5	0	0
6	82500001	0.892065	0.829857	5	0	0
6	83000001	0.848593	0.829857	5	0	0
6	83500001	0.848105	0.829857	5	0	0
6	84000001	0.880446	0.829857	5	0	0
6	84500001	0.865188	0.829857	5	0	0
6	85000001	0.851296	0.829857	5	0	0
6	85500001	0.842791	0.829857	5	0	0
6	86000001	0.805965	0.829857	5	0	0
6	86500001	0.84969	0.829857	5	0	0
6	87000001	0.816241	0.829857	5	0	0
6	87500001	0.804858	0.829857	5	0	0
6	88000001	0.835869	0.829857	5	0	0
6	88500001	0.802715	0.829857	5	0	0
6	89000001	0.81294	0.829857	5	0	0
6	89500001	0.820928	0.829857	5	0	0
6	90000001	0.837441	0.829857	5	0	0
6	90500001	0.846417	0.829857	5	0	0
6	91000001	0.800399	0.829857	5	0	0
6	91500001	0.832038	0.829857	5	0	0
6	92000001	0.832148	0.829857	5	0	0
6	92500001	0.775217	0.829857	5	0	0
6	93000001	0.781312	0.829857	5	0	0
6	93500001	0.813566	0.829857	5	0	0
6	94000001	0.82065	0.829857	5	0	0
6	94500001	0.826608	0.829857	5	0	0
6	95000001	0.809982	0.829857	5	0	0
6	95500001	0.810077	0.829857	5	0	0
6	96000001	0.770077	0.829857	5	0	0
6	96500001	0.867795	0.829857	5	0	0
6	97000001	0.792524	0.829857	5	0	0
6	97500001	0.825491	0.829857	5	0	0
6	98000001	0.829857	0.829857	5	0	0
6	98500001	0.838515	0.829857	5	0	0
6	99000001	0.835318	0.829857	5	0	0
6	99500001	0.795605	0.829857	5	0	0
6	100000001	0.856238	0.829857	5	0	0
6	100500001	0.865916	0.829857	5	0	0
6	101000001	0.844127	0.829857	5	0	0
6	101500001	0.804213	0.829857	5	0	0
6	102000001	0.840579	0.829857	5	0	0
6	102500001	0.82915	0.829857	5	0	0
6	103000001	0.855989	0.829857	5	0	0
6	103500001	0.862337	0.829857	5	0	0
6	104000001	0.796838	0.829857	5	0	0
6	104500001	0.797178	0.829857	5	0	0
6	105000001	0.830159	0.829857	5	0	0
6	105500001	0.847823	0.829857	5	0	0
6	106000001	0.834358	0.829857	5	0	0
6	106500001	0.811565	0.829857	5	0	0
6	107000001	0.78071	0.829857	5	0	0
6	107500001	0.837613	0.829857	5	0	0
6	108000001	0.817805	0.829857	5	0	0
6	108500001	0.834886	0.829857	5	0	0
6	109000001	0.85531	0.829857	5	0	0
6	109500001	0.829649	0.829857	5	0	0
6	110000001	0.802769	0.829857	5	0	0
6	110500001	0.81698	0.829857	5	0	0
6	111000001	0.787367	0.829857	5	0	0
6	111500001	0.89038	0.829857	5	0	0
6	112000001	0.852383	0.829857	5	0	0
6	112500001	0.873204	0.829857	5	0	0
6	113000001	0.831604	0.829857	5	0	0
6	113500001	0.786735	0.829857	5	0	0
6	114000001	0.852949	0.829857	5	0	0
6	114500001	0.807559	0.829857	5	0	0
6	115000001	0.846512	0.829857	5	0	0
6	115500001	0.848534	0.829857	5	0	0
6	116000001	0.797302	0.829857	5	0	0
6	116500001	0.871556	0.829857	5	0	0
6	117000001	0.843605	0.829857	5	0	0
6	117500001	0.8297	0.829857	5	0	0
6	118000001	0.856902	0.829857	5	0	0
6	118500001	0.840823	0.829857	5	0	0
6	119000001	0.773071	0.829857	5	0	0
6	119500001	0.8272	0.829857	5	0	0
6	120000001	0.827574	0.829857	5	0	0
6	120500001	0.809367	0.829857	5	0	0
6	121000001	0.841574	0.829857	5	0	0
6	121500001	0.854111	0.829857	5	0	0
6	122000001	0.819371	0.829857	5	0	0
6	122500001	0.803896	0.829857	5	0	0
6	123000001	0.788309	0.829857	5	0	0
6	123500001	0.826852	0.829857	5	0	0
6	124000001	0.803847	0.829857	5	0	0
6	124500001	0.854126	0.829857	5	0	0
6	125000001	0.847115	0.829857	5	0	0
6	125500001	0.849772	0.829857	5	0	0
6	126000001	0.89648	0.829857	5	0	0
6	126500001	0.859488	0.829857	5	0	0
6	127000001	0.791224	0.829857	5	0	0
6	127500001	0.857267	0.829857	5	0	0
6	128000001	0.840631	0.829857	5	0	0
6	128500001	0.832545	0.829857	5	0	0
6	129000001	0.840103	0.829857	5	0	0
6	129500001	0.860528	0.829857	5	0	0
6	130000001	0.839154	0.829857	5	0	0
6	130500001	0.831919	0.829857	5	0	0
6	131000001	0.873664	0.829857	5	0	0
6	131500001	0.827458	0.829857	5	0	0
6	132000001	0.873187	0.829857	5	0	0
6	132500001	0.827295	0.829857	5	0	0
6	133000001	0.844487	0.829857	5	0	0
6	133500001	0.809073	0.829857	5	0	0
6	134000001	0.814759	0.829857	5	0	0
6	134500001	0.791903	0.829857	5	0	0
6	135000001	0.80663	0.829857	5	0	0
6	135500001	0.865255	0.829857	5	0	0
6	136000001	0.847279	0.829857	5	0	0
6	136500001	0.79044	0.829857	5	0	0
6	137000001	0.863473	0.829857	5	0	0
6	137500001	0.832231	0.829857	5	0	0
6	138000001	0.812735	0.829857	5	0	0
6	138500001	0.774802	0.829857	5	0	0
6	139000001	0.808264	0.829857	5	0	0
6	139500001	0.825006	0.829857	5	0	0
6	140000001	0.877393	0.829857	5	0	0
6	140500001	0.850223	0.829857	5	0	0
6	141000001	0.824889	0.829857	5	0	0
6	141500001	0.843986	0.829857	5	0	0
6	142000001	0.874365	0.829857	5	0	0
6	142500001	0.849591	0.829857	5	0	0
6	143000001	0.850228	0.829857	5	0	0
6	143500001	0.827317	0.829857	5	0	0
6	144000001	0.817339	0.829857	5	0	0
6	144500001	0.833687	0.829857	5	0	0
6	145000001	0.847515	0.829857	5	0	0
6	145500001	0.855009	0.829857	5	0	0
6	146000001	0.802372	0.829857	5	0	0
6	146500001	0.841686	0.829857	5	0	0
6	147000001	0.818545	0.829857	5	0	0
6	147500001	0.847917	0.829857	5	0	0
6	148000001	0.786137	0.829857	5	0	0
6	148500001	0.772473	0.829857	5	0	0
6	149000001	0.842683	0.829857	5	0	0
6	149500001	0.791849	0.829857	5	0	0
6	150000001	0.823104	0.829857	5	0	0
6	150500001	0.783786	0.829857	5	0	0
6	151000001	0.7746	0.829857	5	0	0
6	151500001	0.795829	0.829857	5	0	0
6	152000001	0.792403	0.829857	5	0	0
6	152500001	0.832102	0.829857	5	0	0
6	153000001	0.819877	0.829857	5	0	0
6	153500001	0.821332	0.829857	5	0	0
6	154000001	0.804102	0.829857	5	0	0
6	154500001	0.789601	0.829857	5	0	0
6	155000001	0.848243	0.829857	5	0	0
6	155500001	0.821739	0.829857	5	0	0
6	156000001	0.822574	0.829857	5	0	0
6	156500001	0.812915	0.829857	5	0	0
6	157000001	0.796336	0.829857	5	0	0
6	157500001	0.844897	0.829857	5	0	0
6	158000001	0.768492	0.829857	5	0	0
6	158500001	0.806706	0.829857	5	0	0
6	159000001	0.858167	0.829857	5	0	0
6	159500001	0.850025	0.829857	5	0	0
6	160000001	0.855127	0.829857	5	0	0
6	160500001	0.873768	0.829857	5	0	0
6	161000001	0.771047	0.829857	5	0	0
6	161500001	0.769159	0.829857	5	0	0
6	162000001	0.764206	0.829857	5	0	0
6	162500001	0.802161	0.829857	5	0	0
6	163000001	0.772273	0.829857	5	0	0
6	163500001	0.851819	0.829857	5	0	0
6	164000001	0.815351	0.829857	5	0	0
6	164500001	0.772002	0.829857	5	0	0
6	165000001	0.807937	0.829857	5	0	0
6	165500001	0.859657	0.829857	5	0	0
6	166000001	1.14787	1.18758	7	0	0
6	166500001	1.16804	1.18758	7	0	0
6	167000001	1.20924	1.18758	7	0	0
6	167500001	1.19173	1.18758	7	0	0
6	168000001	1.12416	1.18758	7	0	0
6	168500001	1.18758	1.18758	7	0	0
6	169000001	1.19332	1.18758	7	0	0
6	169500001	1.21097	1.18758	7	0	0
6	170000001	1.17137	1.18758	7	0	0
6	170500001	-1	-1	-1	0	0
7	1	1.07968	1.1435	7	0	0
7	500001	1.11889	1.1435	7	0	0
7	1000001	1.32327	1.1435	7	0	0
7	1500001	1.12923	1.1435	7	0	0
7	2000001	1.0703	1.1435	7	0	0
7	2500001	1.08236	1.1435	7	0	0
7	3000001	1.11493	1.1435	7	0	0
7	3500001	1.0935	1.1435	7	0	0
7	4000001	1.04184	1.1435	7	0	0
7	4500001	1.03829	1.1435	7	0	0
7	5000001	1.04191	1.1435	7	0	0
7	5500001	1.01431	1.1435	7	0	0
7	6000001	1.11162	1.1435	7	0	0
7	6500001	1.12333	1.1435	7	0	0
7	7000001	1.17608	1.1435	7	0	0
7	7500001	1.15751	1.1435	7	0	0
7	8000001	1.18049	1.1435	7	0	0
7	8500001	1.17761	1.1435	7	0	0
7	9000001	1.05204	1.1435	7	0	0
7	9500001	1.16868	1.1435	7	0	0
7	10000001	1.10527	1.1435	7	0	0
7	10500001	1.11076	1.1435	7	0	0
7	11000001	1.14083	1.1435	7	0	0
7	11500001	1.15061	1.1435	7	0	0
7	12000001	1.18985	1.1435	7	0	0
7	12500001	1.16641	1.1435	7	0	0
7	13000001	1.20288	1.1435	7	0	0
7	13500001	1.15935	1.1435	7	0	0
7	14000001	1.19284	1.1435	7	0	0
7	14500001	1.17559	1.1435	7	0	0
7	15000001	1.10599	1.1435	7	0	0
7	15500001	1.17436	1.1435	7	0	0
7	16000001	1.19487	1.1435	7	0	0
7	16500001	1.14683	1.1435	7	0	0
7	17000001	1.25179	1.1435	7	0	0
7	17500001	1.14181	1.1435	7	0	0
7	18000001	1.1774	1.1435	7	0	0
7	18500001	1.15827	1.1435	7	0	0
7	19000001	1.21194	1.1435	7	0	0
7	19500001	1.21873	1.1435	7	0	0
7	20000001	1.12006	1.1435	7	0	0
7	20500001	1.11688	1.1435	7	0	0
7	21000001	1.15743	1.1435	7	0	0
7	21500001	1.58253	1.1435	7	0	0
7	22000001	1.21756	1.1435	7	0	0
7	22500001	1.16535	1.1435	7	0	0
7	23000001	1.11549	1.1435	7	0	0
7	23500001	1.11563	1.1435	7	0	0
7	24000001	1.12484	1.1435	7	0	0
7	24500001	1.19782	1.1435	7	0	0
7	25000001	1.22082	1.1435	7	0	0
7	25500001	1.15098	1.1435	7	0	0
7	26000001	1.10201	1.1435	7	0	0
7	26500001	1.19861	1.1435	7	0	0
7	27000001	1.107	1.1435	7	0	0
7	27500001	1.17901	1.1435	7	0	0
7	28000001	1.14342	1.1435	7	0	0
7	28500001	1.13735	1.1435	7	0	0
7	29000001	1.18199	1.1435	7	0	0
7	29500001	1.19935	1.1435	7	0	0
7	30000001	1.18287	1.1435	7	0	0
7	30500001	1.16164	1.1435	7	0	0
7	31000001	1.13875	1.1435	7	0	0
7	31500001	1.13566	1.1435	7	0	0
7	32000001	1.17502	1.1435	7	0	0
7	32500001	1.13552	1.1435	7	0	0
7	33000001	1.16399	1.1435	7	0	0
7	33500001	1.15418	1.1435	7	0	0
7	34000001	1.14357	1.1435	7	0	0
7	34500001	1.18078	1.1435	7	0	0
7	35000001	1.1518	1.1435	7	0	0
7	35500001	1.16259	1.1435	7	0	0
7	36000001	1.13187	1.1435	7	0	0
7	36500001	1.17087	1.1435	7	0	0
7	37000001	1.1371	1.1435	7	0	0
7	37500001	1.1161	1.1435	7	0	0
7	38000001	1.16731	1.1435	7	0	0
7	38500001	1.13147	1.1435	7	0	0
7	39000001	1.16488	1.1435	7	0	0
7	39500001	1.1661	1.1435	7	0	0
7	40000001	0.97409	1.1435	7	0	0
7	40500001	1.15513	1.1435	7	0	0
7	41000001	1.18614	1.1435	7	0	0
7	41500001	1.14009	1.1435	7	0	0
7	42000001	1.13594	1.1435	7	0	0
7	42500001	1.16912	1.1435	7	0	0
7	43000001	1.11869	1.1435	7	0	0
7	43500001	1.18403	1.1435	7	0	0
7	44000001	1.14259	1.1435	7	0	0
7	44500001	1.11092	1.1435	7	0	0
7	45000001	1.19367	1.1435	7	0	0
7	45500001	1.17597	1.1435	7	0	0
7	46000001	1.13441	1.1435	7	0	0
7	46500001	1.14818	1.1435	7	0	0
7	47000001	1.10952	1.1435	7	0	0
7	47500001	1.10072	1.1435	7	0	0
7	48000001	1.14259	1.1435	7	0	0
7	48500001	1.12404	1.1435	7	0	0
7	49000001	1.11383	1.1435	7	0	0
7	49500001	1.12523	1.1435	7	0	0
7	50000001	1.17939	1.1435	7	0	0
7	50500001	1.14831	1.1435	7	0	0
7	51000001	1.14712	1.1435	7	0	0
7	51500001	1.11802	1.1435	7	0	0
7	52000001	1.10607	1.1435	7	0	0
7	52500001	1.12662	1.1435	7	0	0
7	53000001	1.12011	1.1435	7	0	0
7	53500001	1.12281	1.1435	7	0	0
7	54000001	1.15654	1.1435	7	0	0
7	54500001	1.17095	1.1435	7	0	0
7	55000001	1.1322	1.1435	7	0	0
7	55500001	1.06319	1.1435	7	0	0
7	56000001	1.0911	1.1435	7	0	0
7	56500001	1.08803	1.1435	7	0	0
7	57000001	1.01738	1.1435	7	0	0
7	57500001	1.19193	1.1435	7	0	0
7	58000001	2.10727	2.10727	13	0	0
7	58500001	1.73054	1.54793	9	0	0
7	59000001	1.49459	1.54793	9	0	0
7	59500001	1.60127	1.54793	9	0	0
7	60000001	1.4062	1.54793	9	0	0
7	60500001	2.21105	2.21105	13	0	0
7	61000001	1.56746	1.50586	9	0	0
7	61500001	-1	1.50586	9	0	0
7	62000001	1.44426	1.50586	9	0	0
7	62500001	1.23461	1.09174	7	0	0
7	63000001	1.12023	1.09174	7	0	0
7	63500001	1.1008	1.09174	7	0	0
7	64000001	1.13152	1.09174	7	0	0
7	64500001	1.09692	1.09174	7	0	0
7	65000001	1.14647	1.09174	7	0	0
7	65500001	1.31941	1.09174	7	0	0
7	66000001	1.12071	1.09174	7	0	0
7	66500001	1.0894	1.09174	7	0	0
7	67000001	1.15813	1.09174	7	0	0
7	67500001	1.13806	1.09174	7	0	0
7	68000001	1.09417	1.09174	7	0	0
7	68500001	1.09408	1.09174	7	0	0
7	69000001	1.04503	1.09174	7	0	0
7	69500001	1.0588	1.09174	7	0	0
7	70000001	1.13413	1.09174	7	0	0
7	70500001	1.08514	1.09174	7	0	0
7	71000001	1.06884	1.09174	7	0	0
7	71500001	1.02931	1.09174	7	0	0
7	72000001	1.03575	1.09174	7	0	0
7	72500001	1.11364	1.09174	7	0	0
7	73000001	1.08201	1.09174	7	0	0
7	73500001	1.03669	1.09174	7	0	0
7	74000001	1.05477	1.09174	7	0	0
7	74500001	0.997732	1.09174	7	0	0
7	75000001	1.0276	1.09174	7	0	0
7	75500001	1.06811	1.09174	7	0	0
7	76000001	1.06719	1.09174	7	0	0
7	76500001	1.13393	1.16382	7	0	0
7	77000001	1.23567	1.16382	7	0	0
7	77500001	1.15049	1.16382	7	0	0
7	78000001	1.19379	1.16382	7	0	0
7	78500001	1.18077	1.16382	7	0	0
7	79000001	1.12442	1.16382	7	0	0
7	79500001	1.1752	1.16382	7	0	0
7	80000001	1.20412	1.16382	7	0	0
7	80500001	1.21248	1.16382	7	0	0
7	81000001	1.23839	1.16382	7	0	0
7	81500001	1.19131	1.16382	7	0	0
7	82000001	1.17195	1.16382	7	0	0
7	82500001	1.17791	1.16382	7	0	0
7	83000001	1.17999	1.16382	7	0	0
7	83500001	1.15056	1.16382	7	0	0
7	84000001	1.17967	1.16382	7	0	0
7	84500001	1.18241	1.16382	7	0	0
7	85000001	1.1849	1.16382	7	0	0
7	85500001	1.20435	1.16382	7	0	0
7	86000001	1.13555	1.16382	7	0	0
7	86500001	1.14011	1.16382	7	0	0
7	87000001	1.1672	1.16382	7	0	0
7	87500001	1.1789	1.16382	7	0	0
7	88000001	1.15531	1.16382	7	0	0
7	88500001	1.12279	1.16382	7	0	0
7	89000001	1.17578	1.16382	7	0	0
7	89500001	1.18206	1.16382	7	0	0
7	90000001	1.16279	1.16382	7	0	0
7	90500001	1.09095	1.16382	7	0	0
7	91000001	1.19895	1.16382	7	0	0
7	91500001	1.15933	1.16382	7	0	0
7	92000001	1.15053	1.16382	7	0	0
7	92500001	1.17148	1.16382	7	0	0
7	93000001	1.2311	1.16382	7	0	0
7	93500001	1.19763	1.16382	7	0	0
7	94000001	1.15947	1.16382	7	0	0
7	94500001	1.19184	1.16382	7	0	0
7	95000001	1.17282	1.16382	7	0	0
7	95500001	1.18937	1.16382	7	0	0
7	96000001	1.17063	1.16382	7	0	0
7	96500001	1.18726	1.16382	7	0	0
7	97000001	1.09446	1.16382	7	0	0
7	97500001	1.12264	1.16382	7	0	0
7	98000001	1.03452	1.16382	7	0	0
7	98500001	1.07805	1.16382	7	0	0
7	99000001	1.04652	1.16382	7	0	0
7	99500001	1.18139	1.16382	7	0	0
7	100000001	1.05609	1.16382	7	0	0
7	100500001	1.18481	1.16382	7	0	0
7	101000001	1.02264	1.16382	7	0	0
7	101500001	1.04308	1.16382	7	0	0
7	102000001	1.08074	1.16382	7	0	0
7	102500001	1.34683	1.16382	7	0	0
7	103000001	1.17521	1.16382	7	0	0
7	103500001	1.12806	1.16382	7	0	0
7	104000001	1.13681	1.16382	7	0	0
7	104500001	1.1981	1.16382	7	0	0
7	105000001	1.12668	1.16382	7	0	0
7	105500001	1.11622	1.16382	7	0	0
7	106000001	1.20312	1.16382	7	0	0
7	106500001	1.13863	1.16382	7	0	0
7	107000001	1.09421	1.16382	7	0	0
7	107500001	1.21954	1.16382	7	0	0
7	108000001	1.18057	1.16382	7	0	0
7	108500001	1.17085	1.16382	7	0	0
7	109000001	1.13647	1.16382	7	0	0
7	109500001	1.11708	1.16382	7	0	0
7	110000001	1.16169	1.16382	7	0	0
7	110500001	1.10964	1.16382	7	0	0
7	111000001	1.16485	1.16382	7	0	0
7	111500001	1.11876	1.16382	7	0	0
7	112000001	1.13417	1.16382	7	0	0
7	112500001	1.15403	1.16382	7	0	0
7	113000001	1.15011	1.16382	7	0	0
7	113500001	1.15371	1.16382	7	0	0
7	114000001	1.1224	1.16382	7	0	0
7	114500001	1.1473	1.16382	7	0	0
7	115000001	1.18788	1.16382	7	0	0
7	115500001	1.16718	1.16382	7	0	0
7	116000001	1.21595	1.16382	7	0	0
7	116500001	1.21555	1.16382	7	0	0
7	117000001	1.1719	1.16382	7	0	0
7	117500001	1.1742	1.16382	7	0	0
7	118000001	1.14369	1.16382	7	0	0
7	118500001	1.14868	1.16382	7	0	0
7	119000001	1.12267	1.16382	7	0	0
7	119500001	1.1843	1.16382	7	0	0
7	120000001	1.14617	1.16382	7	0	0
7	120500001	1.16736	1.16382	7	0	0
7	121000001	1.21962	1.16382	7	0	0
7	121500001	1.14832	1.16382	7	0	0
7	122000001	1.12744	1.16382	7	0	0
7	122500001	1.16565	1.16382	7	0	0
7	123000001	1.17675	1.16382	7	0	0
7	123500001	1.22575	1.16382	7	0	0
7	124000001	1.18674	1.16382	7	0	0
7	124500001	1.12871	1.16382	7	0	0
7	125000001	1.10115	1.16382	7	0	0
7	125500001	1.1254	1.16382	7	0	0
7	126000001	1.14552	1.16382	7	0	0
7	126500001	1.15591	1.16382	7	0	0
7	127000001	1.18449	1.16382	7	0	0
7	127500001	1.15607	1.16382	7	0	0
7	128000001	1.15556	1.16382	7	0	0
7	128500001	1.14791	1.16382	7	0	0
7	129000001	1.1337	1.16382	7	0	0
7	129500001	1.1346	1.16382	7	0	0
7	130000001	1.18277	1.16382	7	0	0
7	130500001	1.18443	1.16382	7	0	0
7	131000001	1.16613	1.16382	7	0	0
7	131500001	1.34451	1.32085	8	0	0
7	132000001	1.39768	1.32085	8	0	0
7	132500001	1.38767	1.32085	8	0	0
7	133000001	1.32085	1.32085	8	0	0
7	133500001	1.31442	1.32085	8	0	0
7	134000001	1.41107	1.32085	8	0	0
7	134500001	1.41478	1.32085	8	0	0
7	135000001	1.34856	1.32085	8	0	0
7	135500001	1.30395	1.32085	8	0	0
7	136000001	1.30907	1.32085	8	0	0
7	136500001	1.31585	1.32085	8	0	0
7	137000001	1.33494	1.32085	8	0	0
7	137500001	1.30051	1.32085	8	0	0
7	138000001	1.2049	1.32085	8	0	0
7	138500001	1.27446	1.32085	8	0	0
7	139000001	1.288	1.32085	8	0	0
7	139500001	1.33781	1.32085	8	0	0
7	140000001	1.30898	1.32085	8	0	0
7	140500001	1.25868	1.32085	8	0	0
7	141000001	1.29859	1.32085	8	0	0
7	141500001	1.36492	1.32085	8	0	0
7	142000001	1.43503	1.32085	8	0	0
7	142500001	1.45631	1.32085	8	0	0
7	143000001	1.40559	1.32085	8	0	0
7	143500001	1.24059	1.32085	8	0	0
7	144000001	1.67799	1.49243	9	0	0
7	144500001	1.29759	1.49243	9	0	0
7	145000001	1.39458	1.49243	9	0	0
7	145500001	1.55106	1.49243	9	0	0
7	146000001	1.5093	1.49243	9	0	0
7	146500001	1.52501	1.49243	9	0	0
7	147000001	1.48157	1.49243	9	0	0
7	147500001	1.48639	1.49243	9	0	0
7	148000001	1.50147	1.49243	9	0	0
7	148500001	1.5029	1.49243	9	0	0
7	149000001	1.45811	1.49243	9	0	0
7	149500001	1.4934	1.49243	9	0	0
7	150000001	1.56669	1.49243	9	0	0
7	150500001	1.61002	1.49243	9	0	0
7	151000001	1.49268	1.49243	9	0	0
7	151500001	1.49444	1.49243	9	0	0
7	152000001	1.55842	1.49243	9	0	0
7	152500001	1.39637	1.49243	9	0	0
7	153000001	1.49243	1.49243	9	0	0
7	153500001	1.48909	1.49243	9	0	0
7	154000001	1.47277	1.49243	9	0	0
7	154500001	1.43607	1.49243	9	0	0
7	155000001	1.50433	1.49243	9	0	0
7	155500001	1.4465	1.49243	9	0	0
7	156000001	1.52181	1.49243	9	0	0
7	156500001	1.52686	1.49243	9	0	0
7	157000001	1.45181	1.49243	9	0	0
7	157500001	1.41479	1.49243	9	0	0
7	158000001	1.46671	1.49243	9	0	0
7	158500001	1.48235	1.49243	9	0	0
7	159000001	1.03418	1.49243	9	0	0
8	1	0.692144	0.759139	5	0	0
8	500001	0.727499	0.759139	5	0	0
8	1000001	0.707744	0.759139	5	0	0
8	1500001	0.767774	0.759139	5	0	0
8	2000001	0.768534	0.759139	5	0	0
8	2500001	0.719764	0.759139	5	0	0
8	3000001	0.712752	0.759139	5	0	0
8	3500001	0.712516	0.759139	5	0	0
8	4000001	0.710633	0.759139	5	0	0
8	4500001	0.707553	0.759139	5	0	0
8	5000001	0.730673	0.759139	5	0	0
8	5500001	0.773765	0.759139	5	0	0
8	6000001	0.755388	0.759139	5	0	0
8	6500001	0.748817	0.759139	5	0	0
8	7000001	0.734174	0.759139	5	0	0
8	7500001	0.754109	0.759139	5	0	0
8	8000001	0.90077	0.759139	5	0	0
8	8500001	0.755608	0.759139	5	0	0
8	9000001	0.768431	0.759139	5	0	0
8	9500001	0.751295	0.759139	5	0	0
8	10000001	0.747168	0.759139	5	0	0
8	10500001	0.792991	0.759139	5	0	0
8	11000001	0.759817	0.759139	5	0	0
8	11500001	0.722589	0.759139	5	0	0
8	12000001	0.685838	0.759139	5	0	0
8	12500001	1.02931	0.759139	5	0	0
8	13000001	0.799734	0.759139	5	0	0
8	13500001	0.749128	0.759139	5	0	0
8	14000001	0.863698	0.759139	5	0	0
8	14500001	0.758391	0.759139	5	0	0
8	15000001	0.749577	0.759139	5	0	0
8	15500001	0.802445	0.759139	5	0	0
8	16000001	0.775566	0.759139	5	0	0
8	16500001	0.753247	0.759139	5	0	0
8	17000001	0.751019	0.759139	5	0	0
8	17500001	0.770342	0.759139	5	0	0
8	18000001	0.784234	0.759139	5	0	0
8	18500001	0.801216	0.759139	5	0	0
8	19000001	0.780781	0.759139	5	0	0
8	19500001	0.786955	0.759139	5	0	0
8	20000001	0.771095	0.759139	5	0	0
8	20500001	0.778464	0.759139	5	0	0
8	21000001	0.755373	0.759139	5	0	0
8	21500001	0.783531	0.759139	5	0	0
8	22000001	0.729634	0.759139	5	0	0
8	22500001	0.798734	0.759139	5	0	0
8	23000001	0.718853	0.759139	5	0	0
8	23500001	0.805873	0.759139	5	0	0
8	24000001	0.811604	0.759139	5	0	0
8	24500001	0.75584	0.759139	5	0	0
8	25000001	0.757078	0.759139	5	0	0
8	25500001	0.737936	0.759139	5	0	0
8	26000001	0.811713	0.759139	5	0	0
8	26500001	0.766239	0.759139	5	0	0
8	27000001	0.77181	0.759139	5	0	0
8	27500001	0.791326	0.759139	5	0	0
8	28000001	0.750309	0.759139	5	0	0
8	28500001	0.777858	0.759139	5	0	0
8	29000001	0.803684	0.759139	5	0	0
8	29500001	0.786114	0.759139	5	0	0
8	30000001	0.751322	0.759139	5	0	0
8	30500001	0.735928	0.759139	5	0	0
8	31000001	0.774433	0.759139	5	0	0
8	31500001	0.781357	0.759139	5	0	0
8	32000001	0.790689	0.759139	5	0	0
8	32500001	0.780073	0.759139	5	0	0
8	33000001	0.764915	0.759139	5	0	0
8	33500001	0.739644	0.759139	5	0	0
8	34000001	0.757765	0.759139	5	0	0
8	34500001	0.721892	0.759139	5	0	0
8	35000001	0.765359	0.759139	5	0	0
8	35500001	0.785519	0.759139	5	0	0
8	36000001	0.755384	0.759139	5	0	0
8	36500001	0.73218	0.759139	5	0	0
8	37000001	0.818363	0.759139	5	0	0
8	37500001	0.741674	0.759139	5	0	0
8	38000001	0.733047	0.759139	5	0	0
8	38500001	0.778499	0.759139	5	0	0
8	39000001	0.716241	0.759139	5	0	0
8	39500001	0.743765	0.759139	5	0	0
8	40000001	0.784348	0.759139	5	0	0
8	40500001	0.782889	0.759139	5	0	0
8	41000001	0.750039	0.759139	5	0	0
8	41500001	0.788196	0.759139	5	0	0
8	42000001	0.766266	0.759139	5	0	0
8	42500001	0.746462	0.759139	5	0	0
8	43000001	0.78012	0.759139	5	0	0
8	43500001	0.838122	0.759139	5	0	0
8	44000001	0.992859	0.759139	5	0	0
8	44500001	0.97935	0.759139	5	0	0
8	45000001	0.896178	0.759139	5	0	0
8	45500001	0.960305	0.759139	5	0	0
8	46000001	0.788391	0.759139	5	0	0
8	46500001	0.78789	0.759139	5	0	0
8	47000001	0.738432	0.759139	5	0	0
8	47500001	0.744834	0.759139	5	0	0
8	48000001	0.76228	0.759139	5	0	0
8	48500001	0.773185	0.759139	5	0	0
8	49000001	0.795962	0.759139	5	0	0
8	49500001	0.744274	0.759139	5	0	0
8	50000001	0.744362	0.759139	5	0	0
8	50500001	0.750967	0.759139	5	0	0
8	51000001	0.687461	0.759139	5	0	0
8	51500001	0.731151	0.759139	5	0	0
8	52000001	0.739134	0.759139	5	0	0
8	52500001	0.72673	0.759139	5	0	0
8	53000001	0.803278	0.759139	5	0	0
8	53500001	0.770877	0.759139	5	0	0
8	54000001	0.764014	0.759139	5	0	0
8	54500001	0.737944	0.759139	5	0	0
8	55000001	0.760593	0.759139	5	0	0
8	55500001	0.704016	0.759139	5	0	0
8	56000001	0.73196	0.759139	5	0	0
8	56500001	0.743033	0.759139	5	0	0
8	57000001	0.763839	0.759139	5	0	0
8	57500001	0.745542	0.759139	5	0	0
8	58000001	0.752007	0.759139	5	0	0
8	58500001	0.769447	0.759139	5	0	0
8	59000001	0.759735	0.759139	5	0	0
8	59500001	0.744197	0.759139	5	0	0
8	60000001	0.791871	0.759139	5	0	0
8	60500001	0.768343	0.759139	5	0	0
8	61000001	0.75597	0.759139	5	0	0
8	61500001	0.764057	0.759139	5	0	0
8	62000001	0.739374	0.759139	5	0	0
8	62500001	0.79718	0.759139	5	0	0
8	63000001	0.772474	0.759139	5	0	0
8	63500001	0.742918	0.759139	5	0	0
8	64000001	0.733028	0.759139	5	0	0
8	64500001	0.728515	0.759139	5	0	0
8	65000001	0.770676	0.759139	5	0	0
8	65500001	0.777821	0.759139	5	0	0
8	66000001	0.76835	0.759139	5	0	0
8	66500001	0.708446	0.759139	5	0	0
8	67000001	0.739832	0.759139	5	0	0
8	67500001	0.7428	0.759139	5	0	0
8	68000001	0.727266	0.759139	5	0	0
8	68500001	0.76665	0.759139	5	0	0
8	69000001	0.748397	0.759139	5	0	0
8	69500001	0.681398	0.759139	5	0	0
8	70000001	0.739867	0.759139	5	0	0
8	70500001	0.768193	0.759139	5	0	0
8	71000001	0.792209	0.759139	5	0	0
8	71500001	0.729081	0.759139	5	0	0
8	72000001	0.741383	0.759139	5	0	0
8	72500001	0.733101	0.759139	5	0	0
8	73000001	0.731972	0.759139	5	0	0
8	73500001	0.746708	0.759139	5	0	0
8	74000001	0.748625	0.759139	5	0	0
8	74500001	0.797998	0.759139	5	0	0
8	75000001	0.767608	0.759139	5	0	0
8	75500001	0.777362	0.759139	5	0	0
8	76000001	0.718495	0.759139	5	0	0
8	76500001	0.765574	0.759139	5	0	0
8	77000001	0.752248	0.759139	5	0	0
8	77500001	0.817446	0.759139	5	0	0
8	78000001	0.759139	0.759139	5	0	0
8	78500001	0.788518	0.759139	5	0	0
8	79000001	0.74407	0.759139	5	0	0
8	79500001	0.78344	0.759139	5	0	0
8	80000001	0.987891	0.759139	5	0	0
8	80500001	1.25898	1.20583	7	0	0
8	81000001	1.186	1.20583	7	0	0
8	81500001	1.20589	1.20583	7	0	0
8	82000001	1.19902	1.20583	7	0	0
8	82500001	1.25057	1.20583	7	0	0
8	83000001	1.23869	1.20583	7	0	0
8	83500001	1.18512	1.20583	7	0	0
8	84000001	1.14001	1.20583	7	0	0
8	84500001	1.21558	1.20583	7	0	0
8	85000001	1.25401	1.20583	7	0	0
8	85500001	2.98568	1.20583	7	0	0
8	86000001	1.18336	1.20583	7	0	0
8	86500001	1.20211	1.20583	7	0	0
8	87000001	1.17101	1.20583	7	0	0
8	87500001	1.21185	1.20583	7	0	0
8	88000001	1.21334	1.20583	7	0	0
8	88500001	1.1505	1.20583	7	0	0
8	89000001	1.20255	1.20583	7	0	0
8	89500001	1.22092	1.20583	7	0	0
8	90000001	1.19908	1.20583	7	0	0
8	90500001	1.24941	1.20583	7	0	0
8	91000001	1.24285	1.20583	7	0	0
8	91500001	1.16799	1.20583	7	0	0
8	92000001	1.19354	1.20583	7	0	0
8	92500001	1.19228	1.20583	7	0	0
8	93000001	1.23018	1.20583	7	0	0
8	93500001	1.18372	1.20583	7	0	0
8	94000001	1.21208	1.20583	7	0	0
8	94500001	1.13499	1.20583	7	0	0
8	95000001	1.2477	1.20583	7	0	0
8	95500001	1.22204	1.20583	7	0	0
8	96000001	1.21323	1.20583	7	0	0
8	96500001	1.21297	1.20583	7	0	0
8	97000001	1.15838	1.20583	7	0	0
8	97500001	1.13623	1.20583	7	0	0
8	98000001	1.17968	1.20583	7	0	0
8	98500001	1.27238	1.20583	7	0	0
8	99000001	1.223	1.20583	7	0	0
8	99500001	1.13154	1.20583	7	0	0
8	100000001	1.20577	1.20583	7	0	0
8	100500001	1.18246	1.20583	7	0	0
8	101000001	1.25257	1.20583	7	0	0
8	101500001	1.25772	1.20583	7	0	0
8	102000001	1.232	1.20583	7	0	0
8	102500001	1.19476	1.20583	7	0	0
8	103000001	1.23267	1.20583	7	0	0
8	103500001	1.25163	1.20583	7	0	0
8	104000001	1.20448	1.20583	7	0	0
8	104500001	1.17642	1.20583	7	0	0
8	105000001	1.20568	1.20583	7	0	0
8	105500001	1.21909	1.40588	8	0	0
8	106000001	1.42526	1.40588	8	0	0
8	106500001	1.38927	1.40588	8	0	0
8	107000001	1.4256	1.40588	8	0	0
8	107500001	1.36791	1.40588	8	0	0
8	108000001	1.36305	1.40588	8	0	0
8	108500001	1.44374	1.40588	8	0	0
8	109000001	1.43324	1.40588	8	0	0
8	109500001	1.40588	1.40588	8	0	0
8	110000001	1.35029	1.40588	8	0	0
8	110500001	1.42122	1.40588	8	0	0
8	111000001	1.38609	1.40588	8	0	0
8	111500001	1.41552	1.40588	8	0	0
8	112000001	1.25559	0.847772	5	0	0
8	112500001	0.836077	0.847772	5	0	0
8	113000001	0.822825	0.847772	5	0	0
8	113500001	0.847461	0.847772	5	0	0
8	114000001	0.848082	0.847772	5	0	0
8	114500001	0.79657	0.847772	5	0	0
8	115000001	1.12115	0.847772	5	0	0
8	115500001	1.19262	0.847772	5	0	0
8	116000001	1.16618	1.23344	7	0	0
8	116500001	1.17582	1.23344	7	0	0
8	117000001	1.26057	1.23344	7	0	0
8	117500001	1.30038	1.23344	7	0	0
8	118000001	1.22003	1.23344	7	0	0
8	118500001	1.24686	1.23344	7	0	0
8	119000001	1.44202	1.4089	8	0	0
8	119500001	1.32943	1.4089	8	0	0
8	120000001	1.4089	1.4089	8	0	0
8	120500001	1.39615	1.4089	8	0	0
8	121000001	1.44812	1.4089	8	0	0
8	121500001	1.3723	1.4089	8	0	0
8	122000001	1.43233	1.4089	8	0	0
8	122500001	1.42277	1.4089	8	0	0
8	123000001	1.33306	1.4089	8	0	0
8	123500001	1.44249	1.4089	8	0	0
8	124000001	1.25063	1.4089	8	0	0
8	124500001	0.371209	0.442947	3	0	0
8	125000001	0.514686	0.442947	3	0	0
8	125500001	1.43416	1.41203	8	0	0
8	126000001	1.42195	1.41203	8	0	0
8	126500001	1.35683	1.41203	8	0	0
8	127000001	1.4264	1.41203	8	0	0
8	127500001	1.38949	1.41203	8	0	0
8	128000001	1.41203	1.41203	8	0	0
8	128500001	1.40368	1.41203	8	0	0
8	129000001	1.43079	1.41203	8	0	0
8	129500001	1.42965	1.41203	8	0	0
8	130000001	1.44123	1.41203	8	0	0
8	130500001	1.45317	1.41203	8	0	0
8	131000001	1.42115	1.41203	8	0	0
8	131500001	1.50891	1.41203	8	0	0
8	132000001	1.39811	1.41203	8	0	0
8	132500001	1.41673	1.41203	8	0	0
8	133000001	1.38894	1.41203	8	0	0
8	133500001	1.35271	1.41203	8	0	0
8	134000001	1.38418	1.41203	8	0	0
8	134500001	1.35299	1.41203	8	0	0
8	135000001	1.37373	1.41203	8	0	0
8	135500001	1.34878	1.41203	8	0	0
8	136000001	1.247	1.19013	7	0	0
8	136500001	1.18317	1.19013	7	0	0
8	137000001	1.15681	1.19013	7	0	0
8	137500001	1.19516	1.19013	7	0	0
8	138000001	1.17186	1.19013	7	0	0
8	138500001	1.19342	1.19013	7	0	0
8	139000001	1.21782	1.19013	7	0	0
8	139500001	1.13418	1.19013	7	0	0
8	140000001	1.12445	1.19013	7	0	0
8	140500001	1.24253	1.19013	7	0	0
8	141000001	1.17175	1.19013	7	0	0
8	141500001	1.20046	1.19013	7	0	0
8	142000001	1.29622	1.19013	7	0	0
8	142500001	1.1573	1.19013	7	0	0
8	143000001	1.18684	1.19013	7	0	0
8	143500001	1.52544	1.19013	7	0	0
8	144000001	1.33221	1.19013	7	0	0
8	144500001	1.06732	1.19013	7	0	0
8	145000001	-1	-1	-1	0	0
9	1	1.18375	1.22141	7	0	0
9	500001	1.14698	1.22141	7	0	0
9	1000001	1.19661	1.22141	7	0	0
9	1500001	1.24156	1.22141	7	0	0
9	2000001	1.22141	1.22141	7	0	0
9	2500001	1.24531	1.22141	7	0	0
9	3000001	1.23634	1.22141	7	0	0
9	3500001	0.605858	0.412107	2	0	0
9	4000001	0.424272	0.412107	2	0	0
9	4500001	0.436486	0.412107	2	0	0
9	5000001	0.43959	0.412107	2	0	0
9	5500001	0.398436	0.412107	2	0	0
9	6000001	0.436544	0.412107	2	0	0
9	6500001	0.379142	0.412107	2	0	0
9	7000001	0.417904	0.412107	2	0	0
9	7500001	0.405012	0.412107	2	0	0
9	8000001	0.399521	0.412107	2	0	0
9	8500001	0.37213	0.412107	2	0	0
9	9000001	0.408147	0.412107	2	0	0
9	9500001	0.391516	0.412107	2	0	0
9	10000001	0.387345	0.412107	2	0	0
9	10500001	0.4162	0.412107	2	0	0
9	11000001	0.398585	0.412107	2	0	0
9	11500001	0.400106	0.412107	2	0	0
9	12000001	0.406116	0.412107	2	0	0
9	12500001	0.41766	0.412107	2	0	0
9	13000001	0.426726	0.412107	2	0	0
9	13500001	0.421757	0.412107	2	0	0
9	14000001	0.416068	0.412107	2	0	0
9	14500001	0.434685	0.412107	2	0	0
9	15000001	0.397596	0.412107	2	0	0
9	15500001	0.423639	0.412107	2	0	0
9	16000001	0.391217	0.412107	2	0	0
9	16500001	0.00031872	0.00220901	0	0	0
9	17000001	0.00220901	0.00220901	0	0	0
9	17500001	0.00286039	0.00220901	0	0	0
9	18000001	0.716412	0.806034	5	0	0
9	18500001	0.843389	0.806034	5	0	0
9	19000001	0.792257	0.806034	5	0	0
9	19500001	0.819811	0.806034	5	0	0
9	20000001	0.860095	0.806034	5	0	0
9	20500001	0.528942	0.806034	5	0	0
9	21000001	0.00126375	0.00158148	0	0	0
9	21500001	0.00412469	0.00158148	0	0	0
9	22000001	0.00378996	0.00158148	0	0	0
9	22500001	0.00126442	0.00158148	0	0	0
9	23000001	0.00031613	0.00158148	0	0	0
9	23500001	0.00158451	0.00158148	0	0	0
9	24000001	0.00157844	0.00158148	0	0	0
9	24500001	0.102513	0.00158148	0	0	0
9	25000001	0.404715	0.398549	2	0	0
9	25500001	0.392382	0.398549	2	0	0
9	26000001	1.16785	1.21187	7	0	0
9	26500001	1.21687	1.21187	7	0	0
9	27000001	1.22884	1.21187	7	0	0
9	27500001	1.19377	1.21187	7	0	0
9	28000001	1.19677	1.21187	7	0	0
9	28500001	1.22756	1.21187	7	0	0
9	29000001	1.19301	1.21187	7	0	0
9	29500001	1.19483	1.21187	7	0	0
9	30000001	1.20434	1.21187	7	0	0
9	30500001	1.23788	1.21187	7	0	0
9	31000001	1.2546	1.21187	7	0	0
9	31500001	1.2256	1.21187	7	0	0
9	32000001	1.20687	1.21187	7	0	0
9	32500001	1.25644	1.21187	7	0	0
9	33000001	1.22097	1.21187	7	0	0
9	33500001	1.25757	1.21187	7	0	0
9	34000001	1.145	1.21187	7	0	0
9	34500001	1.25619	1.21187	7	0	0
9	35000001	1.22439	1.21187	7	0	0
9	35500001	1.18342	1.21187	7	0	0
9	36000001	1.2368	1.21187	7	0	0
9	36500001	1.20127	1.21187	7	0	0
9	37000001	1.1984	1.21187	7	0	0
9	37500001	1.19313	1.21187	7	0	0
9	38000001	1.22779	1.21187	7	0	0
9	38500001	1.24041	1.21187	7	0	0
9	39000001	1.10165	1.21187	7	0	0
9	39500001	1.04428	1.21187	7	0	0
9	40000001	1.02279	1.21187	7	0	0
9	40500001	1.26042	1.21187	7	0	0
9	41000001	1.29884	1.21187	7	0	0
9	41500001	1.07772	1.21187	7	0	0
9	42000001	0.497126	0.696273	4	0	0
9	42500001	0.895419	0.696273	4	0	0
9	43000001	1.65079	1.65079	10	0	0
9	43500001	3.77602	3.77602	23	0	0
9	44000001	3.04305	3.04305	18	0	0
9	44500001	1.89092	1.89092	11	0	0
9	45000001	1.28448	1.00857	6	0	0
9	45500001	-1	1.00857	6	0	0
9	46000001	-1	1.00857	6	0	0
9	46500001	-1	1.00857	6	0	0
9	47000001	-1	1.00857	6	0	0
9	47500001	-1	1.00857	6	0	0
9	48000001	-1	1.00857	6	0	0
9	48500001	-1	1.00857	6	0	0
9	49000001	-1	1.00857	6	0	0
9	49500001	-1	1.00857	6	0	0
9	50000001	-1	1.00857	6	0	0
9	50500001	-1	1.00857	6	0	0
9	51000001	-1	1.00857	6	0	0
9	51500001	-1	1.00857	6	0	0
9	52000001	-1	1.00857	6	0	0
9	52500001	-1	1.00857	6	0	0
9	53000001	-1	1.00857	6	0	0
9	53500001	-1	1.00857	6	0	0
9	54000001	-1	1.00857	6	0	0
9	54500001	-1	1.00857	6	0	0
9	55000001	-1	1.00857	6	0	0
9	55500001	-1	1.00857	6	0	0
9	56000001	-1	1.00857	6	0	0
9	56500001	-1	1.00857	6	0	0
9	57000001	-1	1.00857	6	0	0
9	57500001	-1	1.00857	6	0	0
9	58000001	-1	1.00857	6	0	0
9	58500001	-1	1.00857	6	0	0
9	59000001	-1	1.00857	6	0	0
9	59500001	-1	1.00857	6	0	0
9	60000001	-1	1.00857	6	0	0
9	60500001	-1	1.00857	6	0	0
9	61000001	-1	1.00857	6	0	0
9	61500001	1.28779	1.00857	6	0	0
9	62000001	-1	1.00857	6	0	0
9	62500001	-1	1.00857	6	0	0
9	63000001	0.849161	1.00857	6	0	0
9	63500001	-1	1.00857	6	0	0
9	64000001	-1	1.00857	6	0	0
9	64500001	0.777772	1.00857	6	0	0
9	65000001	-1	1.00857	6	0	0
9	65500001	1.22391	1.00857	6	0	0
9	66000001	-1	1.00857	6	0	0
9	66500001	-1	1.00857	6	0	0
9	67000001	0.95758	1.00857	6	0	0
9	67500001	-1	1.00857	6	0	0
9	68000001	-1	1.00857	6	0	0
9	68500001	1.01297	1.00857	6	0	0
9	69000001	0.97781	1.00857	6	0	0
9	69500001	1.05941	1.00857	6	0	0
9	70000001	1.05763	1.00857	6	0	0
9	70500001	0.980501	1.00857	6	0	0
9	71000001	1.00051	1.00857	6	0	0
9	71500001	1.02954	1.00857	6	0	0
9	72000001	0.989391	1.00857	6	0	0
9	72500001	1.0632	1.00857	6	0	0
9	73000001	1.02309	1.00857	6	0	0
9	73500001	1.00833	1.00857	6	0	0
9	74000001	1.02025	1.00857	6	0	0
9	74500001	0.962409	1.00857	6	0	0
9	75000001	1.01399	1.00857	6	0	0
9	75500001	1.01614	1.00857	6	0	0
9	76000001	1.00344	1.00857	6	0	0
9	76500001	1.08188	1.00857	6	0	0
9	77000001	0.993467	1.00857	6	0	0
9	77500001	0.989605	1.00857	6	0	0
9	78000001	1.01798	1.00857	6	0	0
9	78500001	1.00917	1.00857	6	0	0
9	79000001	1.01528	1.00857	6	0	0
9	79500001	0.97173	1.00857	6	0	0
9	80000001	0.99055	1.00857	6	0	0
9	80500001	1.03541	1.00857	6	0	0
9	81000001	1.00881	1.00857	6	0	0
9	81500001	0.957359	1.00857	6	0	0
9	82000001	0.979755	1.00857	6	0	0
9	82500001	1.00135	1.00857	6	0	0
9	83000001	1.01591	1.00857	6	0	0
9	83500001	0.979987	1.00857	6	0	0
9	84000001	1.03138	1.00857	6	0	0
9	84500001	1.00777	1.00857	6	0	0
9	85000001	1.01861	1.00857	6	0	0
9	85500001	0.987727	1.00857	6	0	0
9	86000001	1.01091	1.00857	6	0	0
9	86500001	1.01486	1.00857	6	0	0
9	87000001	0.987162	1.00857	6	0	0
9	87500001	0.993389	1.00857	6	0	0
9	88000001	0.947916	1.00857	6	0	0
9	88500001	0.997708	1.00857	6	0	0
9	89000001	1.02491	1.00857	6	0	0
9	89500001	1.00046	1.00857	6	0	0
9	90000001	1.00472	1.00857	6	0	0
9	90500001	1.06017	1.00857	6	0	0
9	91000001	1.06177	1.00857	6	0	0
9	91500001	0.956963	1.00857	6	0	0
9	92000001	1.04041	1.00857	6	0	0
9	92500001	0.990546	1.00857	6	0	0
9	93000001	0.942736	1.00857	6	0	0
9	93500001	0.948652	1.00857	6	0	0
9	94000001	1.00446	1.00857	6	0	0
9	94500001	1.02533	1.00857	6	0	0
9	95000001	1.01764	1.00857	6	0	0
9	95500001	1.02981	1.00857	6	0	0
9	96000001	0.992147	1.00857	6	0	0
9	96500001	1.01352	1.00857	6	0	0
9	97000001	0.97516	1.00857	6	0	0
9	97500001	1.01521	1.00857	6	0	0
9	98000001	1.01765	1.00857	6	0	0
9	98500001	0.981051	1.00857	6	0	0
9	99000001	1.02541	1.00857	6	0	0
9	99500001	1.00683	1.00857	6	0	0
9	100000001	0.999028	1.00857	6	0	0
9	100500001	0.980868	1.00857	6	0	0
9	101000001	0.973821	1.00857	6	0	0
9	101500001	1.00508	1.00857	6	0	0
9	102000001	0.958305	1.00857	6	0	0
9	102500001	1.01997	1.00857	6	0	0
9	103000001	0.977115	1.00857	6	0	0
9	103500001	1.0381	1.00857	6	0	0
9	104000001	1.02016	1.00857	6	0	0
9	104500001	0.977398	1.00857	6	0	0
9	105000001	1.0093	1.00857	6	0	0
9	105500001	1.00416	1.00857	6	0	0
9	106000001	1.03061	1.00857	6	0	0
9	106500001	1.02722	1.00857	6	0	0
9	107000001	1.01705	1.00857	6	0	0
9	107500001	0.985581	1.00857	6	0	0
9	108000001	1.01414	1.00857	6	0	0
9	108500001	1.0365	1.00857	6	0	0
9	109000001	1.04291	1.00857	6	0	0
9	109500001	1.09023	1.00857	6	0	0
9	110000001	0.978715	1.00857	6	0	0
9	110500001	1.00034	1.00857	6	0	0
9	111000001	1.00817	1.00857	6	0	0
9	111500001	1.04176	1.00857	6	0	0
9	112000001	1.00357	1.00857	6	0	0
9	112500001	0.987649	1.00857	6	0	0
9	113000001	0.975895	1.00857	6	0	0
9	113500001	0.997491	1.00857	6	0	0
9	114000001	1.01268	1.00857	6	0	0
9	114500001	1.02175	1.00857	6	0	0
9	115000001	1.02882	1.00857	6	0	0
9	115500001	1.07747	1.00857	6	0	0
9	116000001	1.04218	1.00857	6	0	0
9	116500001	0.95133	1.00857	6	0	0
9	117000001	0.980455	1.00857	6	0	0
9	117500001	1.01602	1.00857	6	0	0
9	118000001	1.06246	1.00857	6	0	0
9	118500001	1.16486	1.17465	7	0	0
9	119000001	1.17238	1.17465	7	0	0
9	119500001	1.20022	1.17465	7	0	0
9	120000001	1.24379	1.17465	7	0	0
9	120500001	1.22023	1.17465	7	0	0
9	121000001	1.25636	1.17465	7	0	0
9	121500001	1.14995	1.17465	7	0	0
9	122000001	1.2494	1.17465	7	0	0
9	122500001	1.20123	1.17465	7	0	0
9	123000001	1.15748	1.17465	7	0	0
9	123500001	1.23154	1.17465	7	0	0
9	124000001	1.14283	1.17465	7	0	0
9	124500001	1.18274	1.17465	7	0	0
9	125000001	1.22675	1.17465	7	0	0
9	125500001	1.21853	1.17465	7	0	0
9	126000001	1.16749	1.17465	7	0	0
9	126500001	1.12898	1.17465	7	0	0
9	127000001	1.17465	1.17465	7	0	0
9	127500001	1.18519	1.17465	7	0	0
9	128000001	1.13489	1.17465	7	0	0
9	128500001	1.10692	1.17465	7	0	0
9	129000001	1.19201	1.17465	7	0	0
9	129500001	1.09787	1.17465	7	0	0
9	130000001	1.118	1.17465	7	0	0
9	130500001	1.15527	1.17465	7	0	0
9	131000001	1.17716	1.17465	7	0	0
9	131500001	1.15199	1.17465	7	0	0
9	132000001	1.15845	1.17465	7	0	0
9	132500001	1.18283	1.17465	7	0	0
9	133000001	1.16113	1.17465	7	0	0
9	133500001	1.34813	1.17465	7	0	0
9	134000001	1.31851	1.17465	7	0	0
9	134500001	1.13252	1.17465	7	0	0
9	135000001	1.16839	1.17465	7	0	0
9	135500001	1.18351	1.17465	7	0	0
9	136000001	1.56242	1.77057	11	0	0
9	136500001	1.97873	1.77057	11	0	0
9	137000001	2.08506	1.77057	11	0	0
9	137500001	1.09057	1.77057	11	0	0
9	138000001	-1	-1	-1	0	0
GL000008.2	1	0.72584	0.72584	4	0	0
GL000009.2	1	0.326094	0.326094	2	0	0
GL000194.1	1	0.670199	0.670199	4	0	0
GL000195.1	1	0.352553	0.352553	2	0	0
GL000205.2	1	0.420006	0.420006	3	0	0
GL000208.1	1	-1	-1	-1	0	0
GL000213.1	1	2.54762	2.54762	15	0	0
GL000214.1	1	0.160481	0.160481	1	0	0
GL000216.2	1	0.364327	0.364327	2	0	0
GL000218.1	1	0.423214	0.423214	3	0	0
GL000219.1	1	0.535897	0.535897	3	0	0
GL000220.1	1	0.409012	0.409012	2	0	0
GL000221.1	1	0.27443	0.27443	2	0	0
GL000224.1	1	0.346298	0.346298	2	0	0
GL000225.1	1	0.488551	0.488551	3	0	0
GL000226.1	1	-1	-1	-1	0	0
KI270302.1	1	0.0132689	0.0132689	0	0	0
KI270303.1	1	0.00252751	0.00252751	0	0	0
KI270304.1	1	0.0213551	0.0213551	0	0	0
KI270305.1	1	0.00126789	0.00126789	0	0	0
KI270310.1	1	0.00284787	0.00284787	0	0	0
KI270311.1	1	0.0211606	0.0211606	0	0	0
KI270312.1	1	0	0	0	0	0
KI270315.1	1	0.000643313	0.000643313	0	0	0
KI270316.1	1	0.00159702	0.00159702	0	0	0
KI270317.1	1	0	0	0	0	0
KI270320.1	1	0.0148317	0.0148317	0	0	0
KI270322.1	1	0.956949	0.956949	6	0	0
KI270329.1	1	0.00792698	0.00792698	0	0	0
KI270330.1	1	0.000950502	0.000950502	0	0	0
KI270333.1	1	0.000631158	0.000631158	0	0	0
KI270334.1	1	0.00284014	0.00284014	0	0	0
KI270335.1	1	0	0	0	0	0
KI270336.1	1	0.00157777	0.00157777	0	0	0
KI270337.1	1	0.00191874	0.00191874	0	0	0
KI270338.1	1	0.00569495	0.00569495	0	0	0
KI270340.1	1	0.00127953	0.00127953	0	0	0
KI270362.1	1	0.0237205	0.0237205	0	0	0
KI270363.1	1	0.000631139	0.000631139	0	0	0
KI270364.1	1	0.00094671	0.00094671	0	0	0
KI270366.1	1	0.0258859	0.0258859	0	0	0
KI270371.1	1	0	0	0	0	0
KI270372.1	1	0.000635982	0.000635982	0	0	0
KI270373.1	1	0.00638147	0.00638147	0	0	0
KI270374.1	1	0.00979167	0.00979167	0	0	0
KI270375.1	1	0.0207897	0.0207897	0	0	0
KI270376.1	1	0.961614	0.961614	6	0	0
KI270378.1	1	0.000947448	0.000947448	0	0	0
KI270379.1	1	0.00536535	0.00536535	0	0	0
KI270381.1	1	0.00348845	0.00348845	0	0	0
KI270382.1	1	0.0151495	0.0151495	0	0	0
KI270383.1	1	0.00252448	0.00252448	0	0	0
KI270384.1	1	0.0527338	0.0527338	0	0	0
KI270385.1	1	0.00190853	0.00190853	0	0	0
KI270386.1	1	0.0416684	0.0416684	0	0	0
KI270387.1	1	0.000946724	0.000946724	0	0	0
KI270388.1	1	0.0165077	0.0165077	0	0	0
KI270389.1	1	0	0	0	0	0
KI270390.1	1	0.00189643	0.00189643	0	0	0
KI270391.1	1	0.0019276	0.0019276	0	0	0
KI270392.1	1	0.00126228	0.00126228	0	0	0
KI270393.1	1	0.00821409	0.00821409	0	0	0
KI270395.1	1	0.000315708	0.000315708	0	0	0
KI270396.1	1	0.00316491	0.00316491	0	0	0
KI270411.1	1	0.0056866	0.0056866	0	0	0
KI270412.1	1	0.00915099	0.00915099	0	0	0
KI270414.1	1	0.0154908	0.0154908	0	0	0
KI270417.1	1	0.0141524	0.0141524	0	0	0
KI270418.1	1	0.00378686	0.00378686	0	0	0
KI270419.1	1	1.00023	1.00023	6	0	0
KI270420.1	1	0.0113858	0.0113858	0	0	0
KI270422.1	1	0.000949266	0.000949266	0	0	0
KI270423.1	1	0.00126263	0.00126263	0	0	0
KI270424.1	1	0.0056833	0.0056833	0	0	0
KI270425.1	1	0.00883777	0.00883777	0	0	0
KI270429.1	1	0.000315893	0.000315893	0	0	0
KI270435.1	1	0.342791	0.342791	2	0	0
KI270438.1	1	0.172196	0.172196	1	0	0
KI270442.1	1	2.09384	2.09384	13	0	0
KI270448.1	1	0.0171933	0.0171933	0	0	0
KI270465.1	1	0.00126337	0.00126337	0	0	0
KI270466.1	1	0	0	0	0	0
KI270467.1	1	0.00726496	0.00726496	0	0	0
KI270468.1	1	34.9383	34.9383	210	0	0
KI270507.1	1	0.0659557	0.0659557	0	0	0
KI270508.1	1	0.00540635	0.00540635	0	0	0
KI270509.1	1	0.00253083	0.00253083	0	0	0
KI270510.1	1	0.00410217	0.00410217	0	0	0
KI270511.1	1	0.0328259	0.0328259	0	0	0
KI270512.1	1	-1	-1	-1	0	0
KI270515.1	1	0.0385472	0.0385472	0	0	0
KI270516.1	1	0	0	0	0	0
KI270517.1	1	0.0138846	0.0138846	0	0	0
KI270518.1	1	0.00253548	0.00253548	0	0	0
KI270519.1	1	0.614909	0.614909	4	0	0
KI270521.1	1	0.0149976	0.0149976	0	0	0
KI270522.1	1	0.0309249	0.0309249	0	0	0
KI270528.1	1	0.140115	0.140115	1	0	0
KI270529.1	1	0.00253634	0.00253634	0	0	0
KI270530.1	1	0.000635231	0.000635231	0	0	0
KI270538.1	1	0.126993	0.126993	1	0	0
KI270539.1	1	0.000315558	0.000315558	0	0	0
KI270544.1	1	0.0162057	0.0162057	0	0	0
KI270548.1	1	0.00758383	0.00758383	0	0	0
KI270579.1	1	0	0	0	0	0
KI270580.1	1	0.00284196	0.00284196	0	0	0
KI270581.1	1	0.0111372	0.0111372	0	0	0
KI270582.1	1	0.0345205	0.0345205	0	0	0
KI270583.1	1	0.000956748	0.000956748	0	0	0
KI270584.1	1	0.0585751	0.0585751	0	0	0
KI270587.1	1	0.00489527	0.00489527	0	0	0
KI270588.1	1	0.0406138	0.0406138	0	0	0
KI270589.1	1	0.0038765	0.0038765	0	0	0
KI270590.1	1	0.0208453	0.0208453	0	0	0
KI270591.1	1	0.0107287	0.0107287	0	0	0
KI270593.1	1	0.000633931	0.000633931	0	0	0
KI270706.1	1	0.359863	0.359863	2	0	0
KI270707.1	1	0.0391502	0.0391502	0	0	0
KI270708.1	1	0.353213	0.353213	2	0	0
KI270709.1	1	0.222313	0.222313	1	0	0
KI270710.1	1	0.0661258	0.0661258	0	0	0
KI270711.1	1	0.0885349	0.0885349	1	0	0
KI270712.1	1	0.444167	0.444167	3	0	0
KI270713.1	1	0.233992	0.233992	1	0	0
KI270714.1	1	0.141083	0.141083	1	0	0
KI270715.1	1	0.59138	0.59138	4	0	0
KI270716.1	1	0.159842	0.159842	1	0	0
KI270717.1	1	0.123216	0.123216	1	0	0
KI270718.1	1	-1	-1	-1	0	0
KI270719.1	1	1.86291	1.86291	11	0	0
KI270720.1	1	0.124249	0.124249	1	0	0
KI270721.1	1	0.224116	0.224116	1	0	0
KI270722.1	1	0.534131	0.534131	3	0	0
KI270723.1	1	0.0979306	0.0979306	1	0	0
KI270724.1	1	0.0546666	0.0546666	0	0	0
KI270725.1	1	0.96972	0.96972	6	0	0
KI270726.1	1	0.370079	0.370079	2	0	0
KI270727.1	1	1.09688	1.09688	7	0	0
KI270728.1	1	0.433166	0.433166	3	0	0
KI270729.1	1	3.28852	3.28852	20	0	0
KI270730.1	1	-1	-1	-1	0	0
KI270731.1	1	0.719459	0.719459	4	0	0
KI270732.1	1	0.221687	0.221687	1	0	0
KI270733.1	1	1.45461	1.45461	9	0	0
KI270734.1	1	0.0782688	0.0782688	0	0	0
KI270735.1	1	0.188982	0.188982	1	0	0
KI270736.1	1	2.11527	2.11527	13	0	0
KI270737.1	1	0.992196	0.992196	6	0	0
KI270738.1	1	0.0868343	0.0868343	1	0	0
KI270739.1	1	0.312977	0.312977	2	0	0
KI270740.1	1	0.0373991	0.0373991	0	0	0
KI270741.1	1	0.515208	0.515208	3	0	0
KI270742.1	1	0.759404	0.759404	5	0	0
KI270743.1	1	0.661455	0.661455	4	0	0
KI270744.1	1	0.227052	0.227052	1	0	0
KI270745.1	1	0.0692457	0.0692457	0	0	0
KI270746.1	1	0.140346	0.140346	1	0	0
KI270747.1	1	0.470338	0.470338	3	0	0
KI270748.1	1	0.204183	0.204183	1	0	0
KI270749.1	1	0.166351	0.166351	1	0	0
KI270750.1	1	0.270696	0.270696	2	0	0
KI270751.1	1	0.40395	0.40395	2	0	0
KI270752.1	1	0.0313869	0.0313869	0	0	0
KI270753.1	1	-1	-1	-1	0	0
KI270754.1	1	0.0974495	0.0974495	1	0	0
KI270755.1	1	0.0818453	0.0818453	0	0	0
KI270756.1	1	0.0586945	0.0586945	0	0	0
KI270757.1	1	3.24649	3.24649	19	0	0
MT	1	8.1711	8.1711	49	0	0
X	1	-1	-1	-1	0	0
X	500001	0.388639	0.375851	2	0	0
X	1000001	0.355371	0.375851	2	0	0
X	1500001	0.368649	0.375851	2	0	0
X	2000001	-1	0.375851	2	0	0
X	2500001	0.383054	0.375851	2	0	0
X	3000001	0.425586	0.375851	2	0	0
X	3500001	0.358637	0.375851	2	0	0
X	4000001	0.424598	0.421557	3	0	0
X	4500001	0.398886	0.421557	3	0	0
X	5000001	0.412679	0.421557	3	0	0
X	5500001	0.413073	0.421557	3	0	0
X	6000001	0.448125	0.421557	3	0	0
X	6500001	0.422124	0.421557	3	0	0
X	7000001	0.418228	0.421557	3	0	0
X	7500001	0.426373	0.421557	3	0	0
X	8000001	0.411061	0.421557	3	0	0
X	8500001	0.434907	0.421557	3	0	0
X	9000001	0.412057	0.421557	3	0	0
X	9500001	0.416502	0.421557	3	0	0
X	10000001	0.434194	0.421557	3	0	0
X	10500001	0.396731	0.421557	3	0	0
X	11000001	0.412915	0.421557	3	0	0
X	11500001	0.441652	0.421557	3	0	0
X	12000001	0.425035	0.421557	3	0	0
X	12500001	0.455052	0.421557	3	0	0
X	13000001	0.424222	0.421557	3	0	0
X	13500001	0.430871	0.421557	3	0	0
X	14000001	0.418862	0.421557	3	0	0
X	14500001	0.414332	0.421557	3	0	0
X	15000001	0.422055	0.421557	3	0	0
X	15500001	0.420706	0.421557	3	0	0
X	16000001	0.435165	0.421557	3	0	0
X	16500001	0.425426	0.421557	3	0	0
X	17000001	0.45017	0.421557	3	0	0
X	17500001	0.431733	0.421557	3	0	0
X	18000001	0.399297	0.421557	3	0	0
X	18500001	0.401701	0.421557	3	0	0
X	19000001	0.399328	0.421557	3	0	0
X	19500001	0.412242	0.421557	3	0	0
X	20000001	0.452111	0.421557	3	0	0
X	20500001	0.444784	0.421557	3	0	0
X	21000001	0.413873	0.421557	3	0	0
X	21500001	0.422812	0.421557	3	0	0
X	22000001	0.437106	0.421557	3	0	0
X	22500001	0.399171	0.421557	3	0	0
X	23000001	0.424785	0.421557	3	0	0
X	23500001	0.383409	0.421557	3	0	0
X	24000001	0.416722	0.421557	3	0	0
X	24500001	0.415523	0.421557	3	0	0
X	25000001	0.417794	0.421557	3	0	0
X	25500001	0.403754	0.421557	3	0	0
X	26000001	0.431366	0.421557	3	0	0
X	26500001	0.433062	0.421557	3	0	0
X	27000001	0.403796	0.421557	3	0	0
X	27500001	0.41654	0.421557	3	0	0
X	28000001	0.398328	0.421557	3	0	0
X	28500001	0.427802	0.421557	3	0	0
X	29000001	0.431173	0.421557	3	0	0
X	29500001	0.454162	0.421557	3	0	0
X	30000001	0.391674	0.421557	3	0	0
X	30500001	0.408377	0.421557	3	0	0
X	31000001	0.413119	0.421557	3	0	0
X	31500001	0.436546	0.421557	3	0	0
X	32000001	0.398974	0.421557	3	0	0
X	32500001	0.427105	0.421557	3	0	0
X	33000001	0.439093	0.421557	3	0	0
X	33500001	0.405838	0.421557	3	0	0
X	34000001	0.420434	0.421557	3	0	0
X	34500001	0.406213	0.421557	3	0	0
X	35000001	0.42908	0.421557	3	0	0
X	35500001	0.382235	0.421557	3	0	0
X	36000001	0.40931	0.421557	3	0	0
X	36500001	0.407957	0.421557	3	0	0
X	37000001	-1	0.421557	3	0	0
X	37500001	0.434437	0.421557	3	0	0
X	38000001	0.415984	0.421557	3	0	0
X	38500001	0.415914	0.421557	3	0	0
X	39000001	0.451044	0.421557	3	0	0
X	39500001	0.43488	0.421557	3	0	0
X	40000001	0.366255	0.421557	3	0	0
X	40500001	0.390484	0.421557	3	0	0
X	41000001	0.445678	0.421557	3	0	0
X	41500001	0.440363	0.421557	3	0	0
X	42000001	0.421557	0.421557	3	0	0
X	42500001	0.405339	0.421557	3	0	0
X	43000001	0.425679	0.421557	3	0	0
X	43500001	0.44807	0.421557	3	0	0
X	44000001	0.39071	0.421557	3	0	0
X	44500001	0.383367	0.421557	3	0	0
X	45000001	0.43956	0.421557	3	0	0
X	45500001	0.427998	0.421557	3	0	0
X	46000001	0.454398	0.421557	3	0	0
X	46500001	0.432644	0.421557	3	0	0
X	47000001	0.410514	0.421557	3	0	0
X	47500001	0.408584	0.421557	3	0	0
X	48000001	0.422652	0.421557	3	0	0
X	48500001	0.385759	0.421557	3	0	0
X	49000001	-1	0.421557	3	0	0
X	49500001	0.436662	0.421557	3	0	0
X	50000001	0.443846	0.421557	3	0	0
X	50500001	0.410247	0.421557	3	0	0
X	51000001	0.412256	0.421557	3	0	0
X	51500001	0.401987	0.421557	3	0	0
X	52000001	0.41676	0.421557	3	0	0
X	52500001	0.404604	0.421557	3	0	0
X	53000001	0.437311	0.421557	3	0	0
X	53500001	0.429866	0.421557	3	0	0
X	54000001	0.412202	0.421557	3	0	0
X	54500001	0.449386	0.421557	3	0	0
X	55000001	0.446311	0.421557	3	0	0
X	55500001	0.428616	0.421557	3	0	0
X	56000001	0.446125	0.421557	3	0	0
X	56500001	0.437246	0.421557	3	0	0
X	57000001	0.409335	0.421557	3	0	0
X	57500001	0.428813	0.421557	3	0	0
X	58000001	0.470748	0.421557	3	0	0
X	58500001	0.432034	0.421557	3	0	0
X	59000001	0.405441	0.421557	3	0	0
X	59500001	0.370352	0.371942	2	0	0
X	60000001	0.380785	0.371942	2	0	0
X	60500001	0.357507	0.371942	2	0	0
X	61000001	0.38707	0.371942	2	0	0
X	61500001	0.335665	0.371942	2	0	0
X	62000001	0.373531	0.371942	2	0	0
X	62500001	0.499273	0.480336	3	0	0
X	63000001	0.45965	0.480336	3	0	0
X	63500001	0.473441	0.480336	3	0	0
X	64000001	0.496892	0.480336	3	0	0
X	64500001	0.457456	0.480336	3	0	0
X	65000001	0.473282	0.480336	3	0	0
X	65500001	0.480074	0.480336	3	0	0
X	66000001	0.483158	0.480336	3	0	0
X	66500001	0.480599	0.480336	3	0	0
X	67000001	0.486017	0.480336	3	0	0
X	67500001	0.465709	0.457215	3	0	0
X	68000001	0.455395	0.457215	3	0	0
X	68500001	0.475324	0.457215	3	0	0
X	69000001	0.464341	0.457215	3	0	0
X	69500001	0.455653	0.457215	3	0	0
X	70000001	0.456779	0.457215	3	0	0
X	70500001	0.449065	0.457215	3	0	0
X	71000001	0.419653	0.457215	3	0	0
X	71500001	0.453461	0.457215	3	0	0
X	72000001	0.504887	0.457215	3	0	0
X	72500001	0.502574	0.457215	3	0	0
X	73000001	0.472175	0.457215	3	0	0
X	73500001	0.450513	0.457215	3	0	0
X	74000001	0.4462	0.457215	3	0	0
X	74500001	0.443418	0.457215	3	0	0
X	75000001	0.457962	0.457215	3	0	0
X	75500001	0.471399	0.457215	3	0	0
X	76000001	0.496562	0.457215	3	0	0
X	76500001	0.457652	0.457215	3	0	0
X	77000001	0.496407	0.457215	3	0	0
X	77500001	0.445763	0.457215	3	0	0
X	78000001	0.474788	0.457215	3	0	0
X	78500001	0.45515	0.457215	3	0	0
X	79000001	0.442182	0.457215	3	0	0
X	79500001	0.428993	0.457215	3	0	0
X	80000001	0.490578	0.457215	3	0	0
X	80500001	0.460887	0.457215	3	0	0
X	81000001	0.41787	0.457215	3	0	0
X	81500001	0.486687	0.457215	3	0	0
X	82000001	0.436778	0.457215	3	0	0
X	82500001	0.479266	0.457215	3	0	0
X	83000001	0.452838	0.457215	3	0	0
X	83500001	0.442522	0.457215	3	0	0
X	84000001	0.439245	0.457215	3	0	0
X	84500001	0.433252	0.457215	3	0	0
X	85000001	0.451564	0.457215	3	0	0
X	85500001	0.458867	0.457215	3	0	0
X	86000001	0.479955	0.457215	3	0	0
X	86500001	0.475807	0.457215	3	0	0
X	87000001	0.476946	0.457215	3	0	0
X	87500001	0.464867	0.457215	3	0	0
X	88000001	0.439888	0.457215	3	0	0
X	88500001	0.452265	0.457215	3	0	0
X	89000001	0.470164	0.457215	3	0	0
X	89500001	0.410261	0.431584	3	0	0
X	90000001	0.431677	0.431584	3	0	0
X	90500001	0.417087	0.431584	3	0	0
X	91000001	0.455915	0.431584	3	0	0
X	91500001	0.43752	0.431584	3	0	0
X	92000001	0.433994	0.431584	3	0	0
X	92500001	0.399078	0.431584	3	0	0
X	93000001	0.421327	0.431584	3	0	0
X	93500001	0.453317	0.431584	3	0	0
X	94000001	0.422179	0.431584	3	0	0
X	94500001	0.449204	0.431584	3	0	0
X	95000001	0.431491	0.431584	3	0	0
X	95500001	0.460238	0.460696	3	0	0
X	96000001	0.498581	0.460696	3	0	0
X	96500001	0.448476	0.460696	3	0	0
X	97000001	0.400736	0.460696	3	0	0
X	97500001	0.448437	0.460696	3	0	0
X	98000001	0.452817	0.460696	3	0	0
X	98500001	0.44893	0.460696	3	0	0
X	99000001	0.456477	0.460696	3	0	0
X	99500001	0.464521	0.460696	3	0	0
X	100000001	0.45955	0.460696	3	0	0
X	100500001	0.470806	0.460696	3	0	0
X	101000001	0.453699	0.460696	3	0	0
X	101500001	0.494053	0.460696	3	0	0
X	102000001	0.497969	0.460696	3	0	0
X	102500001	0.453887	0.460696	3	0	0
X	103000001	0.466318	0.460696	3	0	0
X	103500001	0.464796	0.460696	3	0	0
X	104000001	0.45559	0.460696	3	0	0
X	104500001	0.498091	0.460696	3	0	0
X	105000001	0.420554	0.460696	3	0	0
X	105500001	0.46292	0.460696	3	0	0
X	106000001	0.4687	0.460696	3	0	0
X	106500001	0.484879	0.460696	3	0	0
X	107000001	0.482239	0.460696	3	0	0
X	107500001	0.476859	0.460696	3	0	0
X	108000001	0.482629	0.460696	3	0	0
X	108500001	0.458412	0.460696	3	0	0
X	109000001	0.46888	0.460696	3	0	0
X	109500001	0.474274	0.460696	3	0	0
X	110000001	0.486761	0.460696	3	0	0
X	110500001	0.515935	0.460696	3	0	0
X	111000001	0.474928	0.460696	3	0	0
X	111500001	0.464375	0.460696	3	0	0
X	112000001	0.467472	0.460696	3	0	0
X	112500001	0.47046	0.460696	3	0	0
X	113000001	0.459249	0.460696	3	0	0
X	113500001	0.469697	0.460696	3	0	0
X	114000001	0.442922	0.460696	3	0	0
X	114500001	0.439505	0.460696	3	0	0
X	115000001	0.466501	0.460696	3	0	0
X	115500001	-1	0.460696	3	0	0
X	116000001	0.480315	0.460696	3	0	0
X	116500001	0.466302	0.460696	3	0	0
X	117000001	0.451709	0.460696	3	0	0
X	117500001	0.461155	0.460696	3	0	0
X	118000001	0.458399	0.460696	3	0	0
X	118500001	0.476909	0.460696	3	0	0
X	119000001	0.445483	0.460696	3	0	0
X	119500001	0.441979	0.460696	3	0	0
X	120000001	0.454262	0.460696	3	0	0
X	120500001	0.42128	0.460696	3	0	0
X	121000001	0.464162	0.460696	3	0	0
X	121500001	0.455032	0.460696	3	0	0
X	122000001	0.46798	0.460696	3	0	0
X	122500001	0.469009	0.460696	3	0	0
X	123000001	0.445522	0.460696	3	0	0
X	123500001	0.48206	0.460696	3	0	0
X	124000001	0.442296	0.460696	3	0	0
X	124500001	0.426317	0.460696	3	0	0
X	125000001	0.422856	0.460696	3	0	0
X	125500001	0.458606	0.460696	3	0	0
X	126000001	0.427715	0.460696	3	0	0
X	126500001	0.445901	0.460696	3	0	0
X	127000001	0.448763	0.460696	3	0	0
X	127500001	0.488878	0.460696	3	0	0
X	128000001	0.457128	0.460696	3	0	0
X	128500001	0.499179	0.460696	3	0	0
X	129000001	0.489547	0.460696	3	0	0
X	129500001	0.48211	0.460696	3	0	0
X	130000001	0.457183	0.460696	3	0	0
X	130500001	0.463222	0.460696	3	0	0
X	131000001	0.455747	0.460696	3	0	0
X	131500001	0.453775	0.460696	3	0	0
X	132000001	0.472835	0.460696	3	0	0
X	132500001	0.433831	0.460696	3	0	0
X	133000001	0.424968	0.460696	3	0	0
X	133500001	0.423448	0.460696	3	0	0
X	134000001	0.470485	0.460696	3	0	0
X	134500001	0.458316	0.460696	3	0	0
X	135000001	0.472243	0.460696	3	0	0
X	135500001	0.480153	0.460696	3	0	0
X	136000001	0.462408	0.460696	3	0	0
X	136500001	0.472065	0.460696	3	0	0
X	137000001	0.434174	0.460696	3	0	0
X	137500001	0.471697	0.460696	3	0	0
X	138000001	0.450289	0.460696	3	0	0
X	138500001	0.441509	0.460696	3	0	0
X	139000001	0.460223	0.460696	3	0	0
X	139500001	0.440051	0.460696	3	0	0
X	140000001	0.477649	0.460696	3	0	0
X	140500001	0.475503	0.460696	3	0	0
X	141000001	0.504491	0.460696	3	0	0
X	141500001	0.417442	0.460696	3	0	0
X	142000001	0.451124	0.460696	3	0	0
X	142500001	0.431674	0.460696	3	0	0
X	143000001	0.539306	0.531861	3	0	0
X	143500001	0.518341	0.531861	3	0	0
X	144000001	0.547467	0.531861	3	0	0
X	144500001	0.506503	0.531861	3	0	0
X	145000001	0.486652	0.531861	3	0	0
X	145500001	0.508622	0.531861	3	0	0
X	146000001	0.503619	0.531861	3	0	0
X	146500001	0.543933	0.531861	3	0	0
X	147000001	0.518225	0.531861	3	0	0
X	147500001	0.53618	0.531861	3	0	0
X	148000001	0.535289	0.531861	3	0	0
X	148500001	0.524017	0.531861	3	0	0
X	149000001	0.542603	0.531861	3	0	0
X	149500001	0.551464	0.531861	3	0	0
X	150000001	0.535156	0.531861	3	0	0
X	150500001	0.482024	0.531861	3	0	0
X	151000001	0.534276	0.531861	3	0	0
X	151500001	0.513572	0.531861	3	0	0
X	152000001	0.530067	0.531861	3	0	0
X	152500001	0.533655	0.531861	3	0	0
X	153000001	0.496593	0.531861	3	0	0
X	153500001	0.561904	0.531861	3	0	0
X	154000001	0.65316	0.65316	4	0	0
X	154500001	0.541474	0.530261	3	0	0
X	155000001	0.530261	0.530261	3	0	0
X	155500001	0.499973	0.530261	3	0	0
X	156000001	-1	-1	-1	0	0
