Chromosome	Start	Ratio	MedianRatio	CopyNumber	Subclone_CN	Subclone_Population
1	1	-1	-1	-1	0	0
1	500001	0.81933	0.696263	4	0	0
1	1000001	0.702138	0.696263	4	0	0
1	1500001	0.690387	0.696263	4	0	0
1	2000001	0.676128	0.696263	4	0	0
1	2500001	0.957987	0.957987	6	0	0
1	3000001	0.742706	0.675132	4	0	0
1	3500001	0.726806	0.675132	4	0	0
1	4000001	0.706217	0.675132	4	0	0
1	4500001	0.692601	0.675132	4	0	0
1	5000001	0.663642	0.675132	4	0	0
1	5500001	0.68217	0.675132	4	0	0
1	6000001	0.681072	0.675132	4	0	0
1	6500001	0.658655	0.675132	4	0	0
1	7000001	0.676452	0.675132	4	0	0
1	7500001	0.698727	0.675132	4	0	0
1	8000001	0.646792	0.675132	4	0	0
1	8500001	0.655982	0.675132	4	0	0
1	9000001	0.667053	0.675132	4	0	0
1	9500001	0.661735	0.675132	4	0	0
1	10000001	0.638133	0.675132	4	0	0
1	10500001	0.652943	0.675132	4	0	0
1	11000001	0.659947	0.675132	4	0	0
1	11500001	0.675427	0.675132	4	0	0
1	12000001	0.660352	0.675132	4	0	0
1	12500001	0.7115	0.675132	4	0	0
1	13000001	0.642708	0.675132	4	0	0
1	13500001	0.647541	0.675132	4	0	0
1	14000001	0.739994	0.675132	4	0	0
1	14500001	0.694382	0.675132	4	0	0
1	15000001	0.675132	0.675132	4	0	0
1	15500001	0.613687	0.675132	4	0	0
1	16000001	0.693863	0.675132	4	0	0
1	16500001	1.13606	1.13606	7	0	0
1	17000001	0.677182	0.677182	4	0	0
1	17500001	0.688811	0.677182	4	0	0
1	18000001	0.747313	0.677182	4	0	0
1	18500001	0.709899	0.677182	4	0	0
1	19000001	0.679324	0.677182	4	0	0
1	19500001	0.660356	0.677182	4	0	0
1	20000001	0.721148	0.677182	4	0	0
1	20500001	0.629049	0.677182	4	0	0
1	21000001	0.63431	0.677182	4	0	0
1	21500001	0.650537	0.677182	4	0	0
1	22000001	0.649656	0.677182	4	0	0
1	22500001	0.720703	0.677182	4	0	0
1	23000001	0.633531	0.677182	4	0	0
1	23500001	0.765695	0.768617	5	0	0
1	24000001	0.839414	0.768617	5	0	0
1	24500001	0.761493	0.768617	5	0	0
1	25000001	0.724339	0.768617	5	0	0
1	25500001	0.814138	0.768617	5	0	0
1	26000001	0.768617	0.768617	5	0	0
1	26500001	0.799593	0.768617	5	0	0
1	27000001	0.752229	0.768617	5	0	0
1	27500001	0.798077	0.768617	5	0	0
1	28000001	0.778927	0.768617	5	0	0
1	28500001	0.765294	0.768617	5	0	0
1	29000001	0.842006	0.842006	5	0	0
1	29500001	0.823758	0.842006	5	0	0
1	30000001	0.901629	0.842006	5	0	0
1	30500001	0.812405	0.842006	5	0	0
1	31000001	0.90577	0.842006	5	0	0
1	31500001	0.979855	0.986171	6	0	0
1	32000001	0.975522	0.986171	6	0	0
1	32500001	0.943379	0.986171	6	0	0
1	33000001	1.00231	0.986171	6	0	0
1	33500001	1.03069	0.986171	6	0	0
1	34000001	0.980487	0.986171	6	0	0
1	34500001	0.966165	0.986171	6	0	0
1	35000001	0.937215	0.986171	6	0	0
1	35500001	0.936365	0.986171	6	0	0
1	36000001	0.935143	0.986171	6	0	0
1	36500001	1.0342	0.986171	6	0	0
1	37000001	1.01843	0.986171	6	0	0
1	37500001	0.982556	0.986171	6	0	0
1	38000001	0.987165	0.986171	6	0	0
1	38500001	0.988843	0.986171	6	0	0
1	39000001	0.930887	0.986171	6	0	0
1	39500001	0.961574	0.986171	6	0	0
1	40000001	0.964837	0.986171	6	0	0
1	40500001	0.969279	0.986171	6	0	0
1	41000001	1.0134	0.986171	6	0	0
1	41500001	1.00949	0.986171	6	0	0
1	42000001	1.02478	0.986171	6	0	0
1	42500001	0.996572	0.986171	6	0	0
1	43000001	0.982135	0.986171	6	0	0
1	43500001	0.961352	0.986171	6	0	0
1	44000001	0.933187	0.986171	6	0	0
1	44500001	0.982069	0.986171	6	0	0
1	45000001	0.971669	0.986171	6	0	0
1	45500001	0.964105	0.986171	6	0	0
1	46000001	0.960151	0.986171	6	0	0
1	46500001	1.03145	0.986171	6	0	0
1	47000001	1.02407	0.986171	6	0	0
1	47500001	1.01441	0.986171	6	0	0
1	48000001	0.974098	0.986171	6	0	0
1	48500001	1.00436	0.986171	6	0	0
1	49000001	0.959639	0.986171	6	0	0
1	49500001	0.966539	0.986171	6	0	0
1	50000001	0.990484	0.986171	6	0	0
1	50500001	0.952092	0.986171	6	0	0
1	51000001	1.02084	0.986171	6	0	0
1	51500001	0.965736	0.986171	6	0	0
1	52000001	0.923211	0.986171	6	0	0
1	52500001	0.91432	0.986171	6	0	0
1	53000001	0.986788	0.986171	6	0	0
1	53500001	0.921032	0.986171	6	0	0
1	54000001	1.00349	0.986171	6	0	0
1	54500001	0.982892	0.986171	6	0	0
1	55000001	1.02543	0.986171	6	0	0
1	55500001	1.0235	0.986171	6	0	0
1	56000001	0.997979	0.986171	6	0	0
1	56500001	1.0154	0.986171	6	0	0
1	57000001	1.05221	0.986171	6	0	0
1	57500001	1.02598	0.986171	6	0	0
1	58000001	1.0423	0.986171	6	0	0
1	58500001	0.977088	0.986171	6	0	0
1	59000001	1.01955	0.986171	6	0	0
1	59500001	1.01393	0.986171	6	0	0
1	60000001	0.94549	0.986171	6	0	0
1	60500001	0.998251	0.986171	6	0	0
1	61000001	0.948017	0.986171	6	0	0
1	61500001	0.89358	0.986171	6	0	0
1	62000001	0.960149	0.986171	6	0	0
1	62500001	0.940114	0.986171	6	0	0
1	63000001	0.986187	0.986171	6	0	0
1	63500001	0.993782	0.986171	6	0	0
1	64000001	0.967393	0.986171	6	0	0
1	64500001	0.976483	0.986171	6	0	0
1	65000001	0.970464	0.986171	6	0	0
1	65500001	1.03689	0.986171	6	0	0
1	66000001	1.00272	0.986171	6	0	0
1	66500001	0.975638	0.986171	6	0	0
1	67000001	0.978356	0.986171	6	0	0
1	67500001	0.956515	0.986171	6	0	0
1	68000001	0.964514	0.986171	6	0	0
1	68500001	1.01735	0.986171	6	0	0
1	69000001	0.987139	0.986171	6	0	0
1	69500001	1.02275	0.986171	6	0	0
1	70000001	0.962906	0.986171	6	0	0
1	70500001	0.973546	0.986171	6	0	0
1	71000001	1.03945	0.986171	6	0	0
1	71500001	0.978748	0.986171	6	0	0
1	72000001	0.952274	0.986171	6	0	0
1	72500001	0.979379	0.986171	6	0	0
1	73000001	1.00313	0.986171	6	0	0
1	73500001	0.986953	0.986171	6	0	0
1	74000001	0.994898	0.986171	6	0	0
1	74500001	0.972225	0.986171	6	0	0
1	75000001	0.986726	0.986171	6	0	0
1	75500001	0.981247	0.986171	6	0	0
1	76000001	1.00379	0.986171	6	0	0
1	76500001	1.01725	0.986171	6	0	0
1	77000001	0.982674	0.986171	6	0	0
1	77500001	0.907481	0.986171	6	0	0
1	78000001	0.984286	0.986171	6	0	0
1	78500001	1.01369	0.986171	6	0	0
1	79000001	0.993843	0.986171	6	0	0
1	79500001	0.979858	0.986171	6	0	0
1	80000001	0.926642	0.986171	6	0	0
1	80500001	0.992141	0.986171	6	0	0
1	81000001	0.986155	0.986171	6	0	0
1	81500001	0.940187	0.986171	6	0	0
1	82000001	0.971501	0.986171	6	0	0
1	82500001	0.989256	0.986171	6	0	0
1	83000001	0.994004	0.986171	6	0	0
1	83500001	0.992447	0.986171	6	0	0
1	84000001	1.00597	0.986171	6	0	0
1	84500001	0.993223	0.986171	6	0	0
1	85000001	0.961735	0.986171	6	0	0
1	85500001	0.988537	0.986171	6	0	0
1	86000001	1.05465	0.986171	6	0	0
1	86500001	0.972109	0.986171	6	0	0
1	87000001	0.997879	0.986171	6	0	0
1	87500001	0.978818	0.986171	6	0	0
1	88000001	0.997381	0.986171	6	0	0
1	88500001	0.958526	0.986171	6	0	0
1	89000001	1.0375	0.986171	6	0	0
1	89500001	0.985593	0.986171	6	0	0
1	90000001	0.99504	0.986171	6	0	0
1	90500001	0.965429	0.986171	6	0	0
1	91000001	0.985651	0.986171	6	0	0
1	91500001	0.995	0.986171	6	0	0
1	92000001	0.960363	0.986171	6	0	0
1	92500001	0.957277	0.986171	6	0	0
1	93000001	0.958674	0.986171	6	0	0
1	93500001	0.986727	0.986171	6	0	0
1	94000001	1.01457	0.986171	6	0	0
1	94500001	1.02182	0.986171	6	0	0
1	95000001	1.01184	0.986171	6	0	0
1	95500001	0.997865	0.986171	6	0	0
1	96000001	1.02834	0.986171	6	0	0
1	96500001	0.969415	0.986171	6	0	0
1	97000001	0.97093	0.986171	6	0	0
1	97500001	1.00297	0.986171	6	0	0
1	98000001	1.00093	0.986171	6	0	0
1	98500001	1.02424	0.986171	6	0	0
1	99000001	1.01245	0.986171	6	0	0
1	99500001	0.974593	0.986171	6	0	0
1	100000001	0.968672	0.986171	6	0	0
1	100500001	0.995129	0.986171	6	0	0
1	101000001	0.987041	0.986171	6	0	0
1	101500001	0.985701	0.986171	6	0	0
1	102000001	1.01293	0.986171	6	0	0
1	102500001	0.952793	0.986171	6	0	0
1	103000001	0.98505	0.986171	6	0	0
1	103500001	1.08398	0.986171	6	0	0
1	104000001	1.00331	0.986171	6	0	0
1	104500001	0.971284	0.986171	6	0	0
1	105000001	0.938939	0.986171	6	0	0
1	105500001	0.968333	0.986171	6	0	0
1	106000001	0.961923	0.986171	6	0	0
1	106500001	0.979592	0.986171	6	0	0
1	107000001	0.966459	0.986171	6	0	0
1	107500001	0.989079	0.986171	6	0	0
1	108000001	0.999898	0.986171	6	0	0
1	108500001	0.945152	0.986171	6	0	0
1	109000001	0.972104	0.986171	6	0	0
1	109500001	0.968491	0.986171	6	0	0
1	110000001	1.02782	0.986171	6	0	0
1	110500001	0.990397	0.986171	6	0	0
1	111000001	1.00383	0.986171	6	0	0
1	111500001	1.07138	0.986171	6	0	0
1	112000001	1.01147	0.986171	6	0	0
1	112500001	0.949477	0.986171	6	0	0
1	113000001	0.967993	0.986171	6	0	0
1	113500001	0.999914	0.986171	6	0	0
1	114000001	0.959407	0.986171	6	0	0
1	114500001	0.945465	0.986171	6	0	0
1	115000001	1.008	0.986171	6	0	0
1	115500001	1.04546	0.986171	6	0	0
1	116000001	1.03395	0.986171	6	0	0
1	116500001	0.997961	0.986171	6	0	0
1	117000001	0.964964	0.986171	6	0	0
1	117500001	1.01924	0.986171	6	0	0
1	118000001	1.01235	0.986171	6	0	0
1	118500001	1.01154	0.986171	6	0	0
1	119000001	1.01836	0.986171	6	0	0
1	119500001	1.02063	0.986171	6	0	0
1	120000001	0.87327	0.986171	6	0	0
1	120500001	0.643118	0.643118	4	0	0
1	121000001	0.958182	0.959988	6	0	0
1	121500001	1.01151	0.959988	6	0	0
1	122000001	0.959988	0.959988	6	0	0
1	122500001	1.19838	1.24199	7	0	0
1	123000001	1.2856	1.24199	7	0	0
1	123500001	1.52614	1.52614	9	0	0
1	124000001	1.92075	1.92075	12	0	0
1	124500001	2.74717	2.74717	16	0	0
1	125000001	-1	-1	-1	0	0
1	125500001	-1	-1	-1	0	0
1	126000001	-1	-1	-1	0	0
1	126500001	-1	-1	-1	0	0
1	127000001	-1	-1	-1	0	0
1	127500001	-1	-1	-1	0	0
1	128000001	-1	-1	-1	0	0
1	128500001	-1	-1	-1	0	0
1	129000001	-1	-1	-1	0	0
1	129500001	-1	-1	-1	0	0
1	130000001	-1	-1	-1	0	0
1	130500001	-1	-1	-1	0	0
1	131000001	-1	-1	-1	0	0
1	131500001	-1	-1	-1	0	0
1	132000001	-1	-1	-1	0	0
1	132500001	-1	-1	-1	0	0
1	133000001	-1	-1	-1	0	0
1	133500001	-1	-1	-1	0	0
1	134000001	-1	-1	-1	0	0
1	134500001	-1	-1	-1	0	0
1	135000001	-1	-1	-1	0	0
1	135500001	-1	-1	-1	0	0
1	136000001	-1	-1	-1	0	0
1	136500001	-1	-1	-1	0	0
1	137000001	-1	-1	-1	0	0
1	137500001	-1	-1	-1	0	0
1	138000001	-1	-1	-1	0	0
1	138500001	-1	-1	-1	0	0
1	139000001	-1	-1	-1	0	0
1	139500001	-1	-1	-1	0	0
1	140000001	-1	-1	-1	0	0
1	140500001	-1	-1	-1	0	0
1	141000001	-1	-1	-1	0	0
1	141500001	-1	-1	-1	0	0
1	142000001	-1	-1	-1	0	0
1	142500001	-1	-1	-1	0	0
1	143000001	-1	-1	-1	0	0
1	143500001	1.01159	0.986109	6	0	0
1	144000001	0.998032	0.986109	6	0	0
1	144500001	0.978178	0.986109	6	0	0
1	145000001	1.08202	0.986109	6	0	0
1	145500001	0.966579	0.986109	6	0	0
1	146000001	0.954531	0.986109	6	0	0
1	146500001	0.947306	0.986109	6	0	0
1	147000001	0.974086	0.986109	6	0	0
1	147500001	0.954493	0.986109	6	0	0
1	148000001	0.987491	0.986109	6	0	0
1	148500001	1.0888	0.986109	6	0	0
1	149000001	1.06342	0.986109	6	0	0
1	149500001	1.01677	0.986109	6	0	0
1	150000001	0.930935	0.986109	6	0	0
1	150500001	0.94063	0.986109	6	0	0
1	151000001	0.969649	0.986109	6	0	0
1	151500001	0.999453	0.986109	6	0	0
1	152000001	1.05025	0.986109	6	0	0
1	152500001	0.951488	0.986109	6	0	0
1	153000001	1.05259	0.986109	6	0	0
1	153500001	0.949185	0.986109	6	0	0
1	154000001	0.942019	0.986109	6	0	0
1	154500001	0.960035	0.986109	6	0	0
1	155000001	0.967112	0.986109	6	0	0
1	155500001	0.940552	0.986109	6	0	0
1	156000001	0.986109	0.986109	6	0	0
1	156500001	1.0031	0.986109	6	0	0
1	157000001	1.02808	0.986109	6	0	0
1	157500001	1.01937	0.986109	6	0	0
1	158000001	0.969919	0.986109	6	0	0
1	158500001	1.04106	0.986109	6	0	0
1	159000001	0.981355	0.986109	6	0	0
1	159500001	1.01786	0.986109	6	0	0
1	160000001	0.970669	0.986109	6	0	0
1	160500001	1.01114	0.986109	6	0	0
1	161000001	1.03845	0.986109	6	0	0
1	161500001	1.06173	0.986109	6	0	0
1	162000001	0.967244	0.95484	6	0	0
1	162500001	0.963972	0.95484	6	0	0
1	163000001	0.987599	0.95484	6	0	0
1	163500001	0.957577	0.95484	6	0	0
1	164000001	0.964988	0.95484	6	0	0
1	164500001	0.917373	0.95484	6	0	0
1	165000001	0.996223	0.95484	6	0	0
1	165500001	0.897225	0.95484	6	0	0
1	166000001	0.951866	0.95484	6	0	0
1	166500001	0.985463	0.95484	6	0	0
1	167000001	0.954661	0.95484	6	0	0
1	167500001	0.941032	0.95484	6	0	0
1	168000001	0.970737	0.95484	6	0	0
1	168500001	0.972413	0.95484	6	0	0
1	169000001	0.937801	0.95484	6	0	0
1	169500001	0.968983	0.95484	6	0	0
1	170000001	0.973709	0.95484	6	0	0
1	170500001	0.954825	0.95484	6	0	0
1	171000001	0.941787	0.95484	6	0	0
1	171500001	0.913103	0.95484	6	0	0
1	172000001	0.986329	0.95484	6	0	0
1	172500001	0.994601	0.95484	6	0	0
1	173000001	0.974403	0.95484	6	0	0
1	173500001	0.926493	0.95484	6	0	0
1	174000001	0.925496	0.95484	6	0	0
1	174500001	0.929142	0.95484	6	0	0
1	175000001	0.952058	0.95484	6	0	0
1	175500001	0.950475	0.95484	6	0	0
1	176000001	0.904457	0.95484	6	0	0
1	176500001	0.998577	0.95484	6	0	0
1	177000001	0.971813	0.95484	6	0	0
1	177500001	0.954856	0.95484	6	0	0
1	178000001	0.928751	0.95484	6	0	0
1	178500001	0.933897	0.95484	6	0	0
1	179000001	0.908578	0.95484	6	0	0
1	179500001	0.919621	0.95484	6	0	0
1	180000001	0.941029	0.95484	6	0	0
1	180500001	0.936724	0.95484	6	0	0
1	181000001	1.01682	0.95484	6	0	0
1	181500001	0.981972	0.95484	6	0	0
1	182000001	0.916808	0.95484	6	0	0
1	182500001	0.933109	0.95484	6	0	0
1	183000001	0.959564	0.95484	6	0	0
1	183500001	0.970108	0.95484	6	0	0
1	184000001	0.950531	0.95484	6	0	0
1	184500001	0.929986	0.95484	6	0	0
1	185000001	0.955421	0.95484	6	0	0
1	185500001	0.954528	0.95484	6	0	0
1	186000001	0.995698	0.95484	6	0	0
1	186500001	0.924515	0.95484	6	0	0
1	187000001	0.982983	0.95484	6	0	0
1	187500001	0.930241	0.95484	6	0	0
1	188000001	0.972365	0.95484	6	0	0
1	188500001	0.912763	0.95484	6	0	0
1	189000001	0.904768	0.95484	6	0	0
1	189500001	0.909091	0.95484	6	0	0
1	190000001	0.944376	0.95484	6	0	0
1	190500001	0.957322	0.95484	6	0	0
1	191000001	0.930088	0.95484	6	0	0
1	191500001	0.974318	0.95484	6	0	0
1	192000001	0.966501	0.95484	6	0	0
1	192500001	0.929217	0.95484	6	0	0
1	193000001	0.925195	0.95484	6	0	0
1	193500001	0.952107	0.95484	6	0	0
1	194000001	0.948043	0.95484	6	0	0
1	194500001	0.953722	0.95484	6	0	0
1	195000001	0.965676	0.95484	6	0	0
1	195500001	0.944434	0.95484	6	0	0
1	196000001	0.944256	0.95484	6	0	0
1	196500001	0.964387	0.95484	6	0	0
1	197000001	0.930143	0.95484	6	0	0
1	197500001	0.928066	0.95484	6	0	0
1	198000001	0.984046	0.95484	6	0	0
1	198500001	0.964533	0.95484	6	0	0
1	199000001	0.997796	0.95484	6	0	0
1	199500001	0.977079	0.95484	6	0	0
1	200000001	0.955435	0.95484	6	0	0
1	200500001	0.928963	0.95484	6	0	0
1	201000001	0.989455	0.95484	6	0	0
1	201500001	0.971055	0.95484	6	0	0
1	202000001	0.944324	0.95484	6	0	0
1	202500001	0.931272	0.95484	6	0	0
1	203000001	0.975583	0.95484	6	0	0
1	203500001	0.924113	0.95484	6	0	0
1	204000001	0.973893	0.95484	6	0	0
1	204500001	1.00516	0.95484	6	0	0
1	205000001	0.969236	0.95484	6	0	0
1	205500001	0.9589	0.95484	6	0	0
1	206000001	0.982523	0.95484	6	0	0
1	206500001	0.960509	0.95484	6	0	0
1	207000001	0.949575	0.95484	6	0	0
1	207500001	0.911696	0.95484	6	0	0
1	208000001	0.969089	0.95484	6	0	0
1	208500001	0.930335	0.95484	6	0	0
1	209000001	0.924512	0.95484	6	0	0
1	209500001	0.980667	0.95484	6	0	0
1	210000001	0.944098	0.95484	6	0	0
1	210500001	0.958914	0.95484	6	0	0
1	211000001	0.959303	0.95484	6	0	0
1	211500001	0.936525	0.95484	6	0	0
1	212000001	0.993838	0.95484	6	0	0
1	212500001	0.924287	0.95484	6	0	0
1	213000001	0.901099	0.95484	6	0	0
1	213500001	0.985652	0.95484	6	0	0
1	214000001	0.963438	0.95484	6	0	0
1	214500001	0.978186	0.95484	6	0	0
1	215000001	0.976519	0.95484	6	0	0
1	215500001	0.993676	0.95484	6	0	0
1	216000001	0.906658	0.95484	6	0	0
1	216500001	0.948851	0.95484	6	0	0
1	217000001	0.958824	0.95484	6	0	0
1	217500001	0.911078	0.95484	6	0	0
1	218000001	0.93762	0.95484	6	0	0
1	218500001	0.954984	0.95484	6	0	0
1	219000001	0.972598	0.95484	6	0	0
1	219500001	0.982863	0.95484	6	0	0
1	220000001	0.935236	0.95484	6	0	0
1	220500001	0.966846	0.95484	6	0	0
1	221000001	0.969811	0.95484	6	0	0
1	221500001	0.952651	0.95484	6	0	0
1	222000001	0.960033	0.95484	6	0	0
1	222500001	0.907499	0.95484	6	0	0
1	223000001	0.995292	0.95484	6	0	0
1	223500001	0.949488	0.95484	6	0	0
1	224000001	0.892597	0.95484	6	0	0
1	224500001	0.970021	0.95484	6	0	0
1	225000001	1.14025	1.12439	7	0	0
1	225500001	1.06729	1.12439	7	0	0
1	226000001	1.06457	1.12439	7	0	0
1	226500001	1.13793	1.12439	7	0	0
1	227000001	1.10112	1.12439	7	0	0
1	227500001	1.12439	1.12439	7	0	0
1	228000001	1.15123	1.12439	7	0	0
1	228500001	1.39218	1.39218	8	0	0
1	229000001	1.08202	1.09404	7	0	0
1	229500001	1.12214	1.09404	7	0	0
1	230000001	1.07408	1.09404	7	0	0
1	230500001	1.12093	1.09404	7	0	0
1	231000001	1.1149	1.09404	7	0	0
1	231500001	1.13587	1.09404	7	0	0
1	232000001	1.12186	1.09404	7	0	0
1	232500001	1.09373	1.09404	7	0	0
1	233000001	1.06702	1.09404	7	0	0
1	233500001	1.09379	1.09404	7	0	0
1	234000001	1.146	1.09404	7	0	0
1	234500001	1.19027	1.09404	7	0	0
1	235000001	1.02557	1.09404	7	0	0
1	235500001	1.11005	1.09404	7	0	0
1	236000001	1.08824	1.09404	7	0	0
1	236500001	1.11224	1.09404	7	0	0
1	237000001	1.06071	1.09404	7	0	0
1	237500001	1.11214	1.09404	7	0	0
1	238000001	1.09178	1.09404	7	0	0
1	238500001	1.09454	1.09404	7	0	0
1	239000001	1.10215	1.09404	7	0	0
1	239500001	1.07997	1.09404	7	0	0
1	240000001	1.0943	1.09404	7	0	0
1	240500001	1.09071	1.09404	7	0	0
1	241000001	1.09233	1.09404	7	0	0
1	241500001	1.07926	1.09404	7	0	0
1	242000001	1.06079	1.09404	7	0	0
1	242500001	1.06814	1.09404	7	0	0
1	243000001	1.09708	1.09404	7	0	0
1	243500001	1.10559	1.09404	7	0	0
1	244000001	1.0976	1.09404	7	0	0
1	244500001	1.06698	1.09404	7	0	0
1	245000001	1.06459	1.09404	7	0	0
1	245500001	1.10604	1.09404	7	0	0
1	246000001	1.09686	1.09404	7	0	0
1	246500001	1.04701	1.09404	7	0	0
1	247000001	1.07606	1.09404	7	0	0
1	247500001	1.09667	1.09404	7	0	0
1	248000001	1.18898	1.09404	7	0	0
1	248500001	0.875701	1.09404	7	0	0
10	1	0.810255	0.850421	5	0	0
10	500001	0.840389	0.850421	5	0	0
10	1000001	0.844422	0.850421	5	0	0
10	1500001	0.82513	0.850421	5	0	0
10	2000001	0.848622	0.850421	5	0	0
10	2500001	0.853259	0.850421	5	0	0
10	3000001	0.8341	0.850421	5	0	0
10	3500001	0.826467	0.850421	5	0	0
10	4000001	0.833363	0.850421	5	0	0
10	4500001	0.88676	0.850421	5	0	0
10	5000001	0.878353	0.850421	5	0	0
10	5500001	0.85222	0.850421	5	0	0
10	6000001	0.839422	0.850421	5	0	0
10	6500001	0.83921	0.850421	5	0	0
10	7000001	0.863531	0.850421	5	0	0
10	7500001	0.784667	0.850421	5	0	0
10	8000001	0.804181	0.850421	5	0	0
10	8500001	0.864681	0.850421	5	0	0
10	9000001	0.859976	0.850421	5	0	0
10	9500001	0.881193	0.850421	5	0	0
10	10000001	0.831111	0.850421	5	0	0
10	10500001	0.875901	0.850421	5	0	0
10	11000001	0.844865	0.850421	5	0	0
10	11500001	0.816524	0.850421	5	0	0
10	12000001	0.808213	0.850421	5	0	0
10	12500001	0.869607	0.850421	5	0	0
10	13000001	0.829559	0.850421	5	0	0
10	13500001	0.869896	0.850421	5	0	0
10	14000001	0.874922	0.850421	5	0	0
10	14500001	0.865644	0.850421	5	0	0
10	15000001	0.870827	0.850421	5	0	0
10	15500001	0.876906	0.850421	5	0	0
10	16000001	0.858734	0.850421	5	0	0
10	16500001	0.826786	0.850421	5	0	0
10	17000001	0.885757	0.850421	5	0	0
10	17500001	0.791157	0.850421	5	0	0
10	18000001	0.8596	0.850421	5	0	0
10	18500001	0.834586	0.850421	5	0	0
10	19000001	0.861802	0.850421	5	0	0
10	19500001	0.854451	0.850421	5	0	0
10	20000001	0.836105	0.832266	5	0	0
10	20500001	0.831242	0.832266	5	0	0
10	21000001	0.820536	0.832266	5	0	0
10	21500001	0.82692	0.832266	5	0	0
10	22000001	0.832523	0.832266	5	0	0
10	22500001	0.87891	0.832266	5	0	0
10	23000001	0.818936	0.832266	5	0	0
10	23500001	0.82629	0.832266	5	0	0
10	24000001	0.841618	0.832266	5	0	0
10	24500001	0.787873	0.832266	5	0	0
10	25000001	0.853197	0.832266	5	0	0
10	25500001	0.861154	0.832266	5	0	0
10	26000001	0.807862	0.832266	5	0	0
10	26500001	0.821565	0.832266	5	0	0
10	27000001	0.811025	0.832266	5	0	0
10	27500001	0.876471	0.832266	5	0	0
10	28000001	0.833571	0.832266	5	0	0
10	28500001	0.780959	0.832266	5	0	0
10	29000001	0.83636	0.832266	5	0	0
10	29500001	0.824005	0.832266	5	0	0
10	30000001	0.810936	0.832266	5	0	0
10	30500001	0.803669	0.832266	5	0	0
10	31000001	0.876203	0.832266	5	0	0
10	31500001	0.87343	0.832266	5	0	0
10	32000001	0.832266	0.832266	5	0	0
10	32500001	0.836034	0.832266	5	0	0
10	33000001	0.857916	0.832266	5	0	0
10	33500001	0.835022	0.832266	5	0	0
10	34000001	0.835117	0.832266	5	0	0
10	34500001	0.8408	0.832266	5	0	0
10	35000001	0.803237	0.832266	5	0	0
10	35500001	0.845194	0.832266	5	0	0
10	36000001	0.798929	0.832266	5	0	0
10	36500001	0.804267	0.832266	5	0	0
10	37000001	0.8495	0.832266	5	0	0
10	37500001	0.800412	0.832266	5	0	0
10	38000001	0.817558	0.832266	5	0	0
10	38500001	1.06014	1.03351	6	0	0
10	39000001	1.00689	1.03351	6	0	0
10	39500001	0.353372	0.353372	2	0	0
10	40000001	0.944184	0.944184	6	0	0
10	40500001	1.18574	1.18574	7	0	0
10	41000001	0.598849	0.598849	4	0	0
10	41500001	-1	-1	-1	0	0
10	42000001	2.66533	2.66533	16	0	0
10	42500001	0.82311	0.849893	5	0	0
10	43000001	0.841775	0.849893	5	0	0
10	43500001	0.860562	0.849893	5	0	0
10	44000001	0.862321	0.849893	5	0	0
10	44500001	0.849199	0.849893	5	0	0
10	45000001	0.89936	0.849893	5	0	0
10	45500001	0.864216	0.849893	5	0	0
10	46000001	0.807659	0.849893	5	0	0
10	46500001	0.960746	0.849893	5	0	0
10	47000001	0.898989	0.849893	5	0	0
10	47500001	-1	0.849893	5	0	0
10	48000001	0.757192	0.849893	5	0	0
10	48500001	0.852868	0.849893	5	0	0
10	49000001	0.845325	0.849893	5	0	0
10	49500001	0.837008	0.849893	5	0	0
10	50000001	0.826773	0.849893	5	0	0
10	50500001	0.887626	0.849893	5	0	0
10	51000001	0.817968	0.849893	5	0	0
10	51500001	0.860175	0.849893	5	0	0
10	52000001	0.849893	0.849893	5	0	0
10	52500001	0.846642	0.849893	5	0	0
10	53000001	0.817083	0.849893	5	0	0
10	53500001	0.86235	0.849893	5	0	0
10	54000001	0.821949	0.849893	5	0	0
10	54500001	0.865875	0.849893	5	0	0
10	55000001	0.869872	0.849893	5	0	0
10	55500001	0.832689	0.849893	5	0	0
10	56000001	0.86866	0.849893	5	0	0
10	56500001	0.884816	0.849893	5	0	0
10	57000001	0.826875	0.849893	5	0	0
10	57500001	0.832965	0.849893	5	0	0
10	58000001	0.864087	0.849893	5	0	0
10	58500001	0.874614	0.849893	5	0	0
10	59000001	0.849297	0.849893	5	0	0
10	59500001	0.836271	0.849893	5	0	0
10	60000001	0.872335	0.849893	5	0	0
10	60500001	0.840405	0.849893	5	0	0
10	61000001	0.857269	0.849893	5	0	0
10	61500001	0.864118	0.849893	5	0	0
10	62000001	0.821217	0.849893	5	0	0
10	62500001	0.855987	0.849893	5	0	0
10	63000001	0.815781	0.849893	5	0	0
10	63500001	0.904366	0.849893	5	0	0
10	64000001	0.887189	0.849893	5	0	0
10	64500001	0.845149	0.849893	5	0	0
10	65000001	0.864824	0.849893	5	0	0
10	65500001	0.839473	0.849893	5	0	0
10	66000001	0.799857	0.849893	5	0	0
10	66500001	0.865681	0.849893	5	0	0
10	67000001	0.828995	0.849893	5	0	0
10	67500001	0.813998	0.849893	5	0	0
10	68000001	0.800976	0.849893	5	0	0
10	68500001	0.770227	0.849893	5	0	0
10	69000001	0.839927	0.849893	5	0	0
10	69500001	0.886326	0.849893	5	0	0
10	70000001	0.818683	0.849893	5	0	0
10	70500001	0.857613	0.849893	5	0	0
10	71000001	0.905628	0.849893	5	0	0
10	71500001	0.875824	0.849893	5	0	0
10	72000001	0.826612	0.849893	5	0	0
10	72500001	0.827504	0.849893	5	0	0
10	73000001	0.760648	0.849893	5	0	0
10	73500001	0.821684	0.849893	5	0	0
10	74000001	0.809678	0.849893	5	0	0
10	74500001	0.858523	0.849893	5	0	0
10	75000001	0.857313	0.849893	5	0	0
10	75500001	0.87976	0.849893	5	0	0
10	76000001	0.80647	0.849893	5	0	0
10	76500001	0.870632	0.849893	5	0	0
10	77000001	0.860629	0.849893	5	0	0
10	77500001	0.828533	0.849893	5	0	0
10	78000001	0.866594	0.849893	5	0	0
10	78500001	0.896446	0.849893	5	0	0
10	79000001	0.866184	0.849893	5	0	0
10	79500001	0.670201	0.670201	4	0	0
10	80000001	0.865493	0.847424	5	0	0
10	80500001	0.84033	0.847424	5	0	0
10	81000001	0.847424	0.847424	5	0	0
10	81500001	0.812731	0.847424	5	0	0
10	82000001	0.859931	0.847424	5	0	0
10	82500001	0.838634	0.847424	5	0	0
10	83000001	0.884735	0.847424	5	0	0
10	83500001	0.861255	0.847424	5	0	0
10	84000001	0.815819	0.847424	5	0	0
10	84500001	0.826227	0.847424	5	0	0
10	85000001	0.883695	0.847424	5	0	0
10	85500001	0.827964	0.847424	5	0	0
10	86000001	0.878664	0.847424	5	0	0
10	86500001	0.834205	0.847424	5	0	0
10	87000001	0.818384	0.847424	5	0	0
10	87500001	0.830485	0.847424	5	0	0
10	88000001	0.837474	0.847424	5	0	0
10	88500001	0.851651	0.847424	5	0	0
10	89000001	0.868501	0.847424	5	0	0
10	89500001	0.833378	0.847424	5	0	0
10	90000001	0.911563	0.847424	5	0	0
10	90500001	0.860134	0.847424	5	0	0
10	91000001	0.889046	0.847424	5	0	0
10	91500001	0.872387	0.847424	5	0	0
10	92000001	0.825311	0.847424	5	0	0
10	92500001	0.834695	0.847424	5	0	0
10	93000001	0.848927	0.847424	5	0	0
10	93500001	0.847745	0.847424	5	0	0
10	94000001	0.838084	0.847424	5	0	0
10	94500001	1.01626	1.0153	6	0	0
10	95000001	1.08337	1.0153	6	0	0
10	95500001	1.01578	1.0153	6	0	0
10	96000001	1.06534	1.0153	6	0	0
10	96500001	0.959337	1.0153	6	0	0
10	97000001	1.00984	1.0153	6	0	0
10	97500001	1.05424	1.0153	6	0	0
10	98000001	1.03487	1.0153	6	0	0
10	98500001	1.06737	1.0153	6	0	0
10	99000001	1.006	1.0153	6	0	0
10	99500001	0.998231	1.0153	6	0	0
10	100000001	0.99172	1.0153	6	0	0
10	100500001	1.01404	1.0153	6	0	0
10	101000001	1.00441	1.0153	6	0	0
10	101500001	0.975678	1.0153	6	0	0
10	102000001	0.978861	1.0153	6	0	0
10	102500001	0.993442	1.0153	6	0	0
10	103000001	0.986862	1.0153	6	0	0
10	103500001	1.01754	1.0153	6	0	0
10	104000001	1.02582	1.0153	6	0	0
10	104500001	1.07039	1.0153	6	0	0
10	105000001	1.01532	1.0153	6	0	0
10	105500001	1.02282	1.0153	6	0	0
10	106000001	1.0153	1.0153	6	0	0
10	106500001	0.988562	1.0153	6	0	0
10	107000001	0.887104	0.847172	5	0	0
10	107500001	0.835485	0.847172	5	0	0
10	108000001	0.864122	0.847172	5	0	0
10	108500001	0.864234	0.847172	5	0	0
10	109000001	0.856422	0.847172	5	0	0
10	109500001	0.836703	0.847172	5	0	0
10	110000001	0.8366	0.847172	5	0	0
10	110500001	0.837921	0.847172	5	0	0
10	111000001	0.906667	0.847172	5	0	0
10	111500001	0.785848	0.847172	5	0	0
10	112000001	0.708077	0.682876	4	0	0
10	112500001	0.673907	0.682876	4	0	0
10	113000001	0.691172	0.682876	4	0	0
10	113500001	0.680495	0.682876	4	0	0
10	114000001	0.69073	0.682876	4	0	0
10	114500001	0.700948	0.682876	4	0	0
10	115000001	0.72043	0.682876	4	0	0
10	115500001	0.687597	0.682876	4	0	0
10	116000001	0.670247	0.682876	4	0	0
10	116500001	0.662222	0.682876	4	0	0
10	117000001	0.660052	0.682876	4	0	0
10	117500001	0.682876	0.682876	4	0	0
10	118000001	0.654033	0.682876	4	0	0
10	118500001	0.694671	0.682876	4	0	0
10	119000001	0.669394	0.682876	4	0	0
10	119500001	0.670694	0.682876	4	0	0
10	120000001	0.695246	0.682876	4	0	0
10	120500001	0.699765	0.682876	4	0	0
10	121000001	0.690588	0.682876	4	0	0
10	121500001	0.685847	0.682876	4	0	0
10	122000001	0.649729	0.682876	4	0	0
10	122500001	0.692471	0.682876	4	0	0
10	123000001	0.675955	0.682876	4	0	0
10	123500001	0.660099	0.682876	4	0	0
10	124000001	0.727067	0.682876	4	0	0
10	124500001	0.669796	0.682876	4	0	0
10	125000001	0.696209	0.682876	4	0	0
10	125500001	0.693952	0.682876	4	0	0
10	126000001	0.711168	0.682876	4	0	0
10	126500001	0.686325	0.682876	4	0	0
10	127000001	0.662919	0.682876	4	0	0
10	127500001	0.648139	0.682876	4	0	0
10	128000001	0.700294	0.682876	4	0	0
10	128500001	0.652735	0.682876	4	0	0
10	129000001	0.650434	0.682876	4	0	0
10	129500001	0.676757	0.682876	4	0	0
10	130000001	0.654243	0.682876	4	0	0
10	130500001	0.662447	0.682876	4	0	0
10	131000001	0.673781	0.682876	4	0	0
10	131500001	0.694583	0.682876	4	0	0
10	132000001	0.695415	0.682876	4	0	0
10	132500001	0.663686	0.682876	4	0	0
10	133000001	0.791285	0.682876	4	0	0
10	133500001	-1	-1	-1	0	0
11	1	0.994712	1.03118	6	0	0
11	500001	1.0871	1.03118	6	0	0
11	1000001	1.03658	1.03118	6	0	0
11	1500001	0.970054	1.03118	6	0	0
11	2000001	0.995735	1.03118	6	0	0
11	2500001	1.03613	1.03118	6	0	0
11	3000001	0.943847	1.03118	6	0	0
11	3500001	1.01841	1.03118	6	0	0
11	4000001	1.05484	1.03118	6	0	0
11	4500001	1.02662	1.03118	6	0	0
11	5000001	1.00603	1.03118	6	0	0
11	5500001	0.965639	1.03118	6	0	0
11	6000001	1.0142	1.03118	6	0	0
11	6500001	1.01656	1.03118	6	0	0
11	7000001	1.04789	1.03118	6	0	0
11	7500001	1.056	1.03118	6	0	0
11	8000001	1.07473	1.03118	6	0	0
11	8500001	1.01529	1.03118	6	0	0
11	9000001	0.964814	1.03118	6	0	0
11	9500001	0.998879	1.03118	6	0	0
11	10000001	1.03718	1.03118	6	0	0
11	10500001	1.06335	1.03118	6	0	0
11	11000001	1.06702	1.03118	6	0	0
11	11500001	1.04084	1.03118	6	0	0
11	12000001	1.08438	1.03118	6	0	0
11	12500001	1.06384	1.03118	6	0	0
11	13000001	1.05118	1.03118	6	0	0
11	13500001	1.06066	1.03118	6	0	0
11	14000001	1.03777	1.03118	6	0	0
11	14500001	1.03324	1.03118	6	0	0
11	15000001	1.05569	1.03118	6	0	0
11	15500001	1.02623	1.03118	6	0	0
11	16000001	1.0442	1.03118	6	0	0
11	16500001	1.08828	1.03118	6	0	0
11	17000001	0.986682	1.03118	6	0	0
11	17500001	1.07005	1.03118	6	0	0
11	18000001	1.00545	1.03118	6	0	0
11	18500001	1.07714	1.03118	6	0	0
11	19000001	1.0935	1.03118	6	0	0
11	19500001	1.1003	1.03118	6	0	0
11	20000001	1.0006	1.03118	6	0	0
11	20500001	1.00405	1.03118	6	0	0
11	21000001	1.02076	1.03118	6	0	0
11	21500001	1.03152	1.03118	6	0	0
11	22000001	1.02902	1.03118	6	0	0
11	22500001	1.01652	1.03118	6	0	0
11	23000001	1.04064	1.03118	6	0	0
11	23500001	1.01475	1.03118	6	0	0
11	24000001	0.962168	1.03118	6	0	0
11	24500001	0.978219	1.03118	6	0	0
11	25000001	0.993075	1.03118	6	0	0
11	25500001	1.03118	1.03118	6	0	0
11	26000001	0.978128	1.03118	6	0	0
11	26500001	1.01708	1.03118	6	0	0
11	27000001	1.07011	1.03118	6	0	0
11	27500001	0.993429	1.03118	6	0	0
11	28000001	1.05661	1.03118	6	0	0
11	28500001	1.05718	1.03118	6	0	0
11	29000001	1.03986	1.03118	6	0	0
11	29500001	1.04257	1.03118	6	0	0
11	30000001	1.0644	1.03118	6	0	0
11	30500001	1.03361	1.03118	6	0	0
11	31000001	1.04859	1.03118	6	0	0
11	31500001	0.972514	1.03118	6	0	0
11	32000001	1.00711	1.03118	6	0	0
11	32500001	1.02278	1.03118	6	0	0
11	33000001	1.01035	1.03118	6	0	0
11	33500001	1.04435	1.03118	6	0	0
11	34000001	1.00331	1.03118	6	0	0
11	34500001	1.08209	1.03118	6	0	0
11	35000001	1.02802	1.03118	6	0	0
11	35500001	1.04723	1.03118	6	0	0
11	36000001	1.03144	1.03118	6	0	0
11	36500001	1.09887	1.03118	6	0	0
11	37000001	1.04625	1.03118	6	0	0
11	37500001	1.02809	1.03118	6	0	0
11	38000001	1.02926	1.03118	6	0	0
11	38500001	1.04436	1.03118	6	0	0
11	39000001	1.03291	1.03118	6	0	0
11	39500001	0.978921	1.03118	6	0	0
11	40000001	0.994624	1.03118	6	0	0
11	40500001	1.04023	1.03118	6	0	0
11	41000001	1.01078	1.03118	6	0	0
11	41500001	0.981195	1.03118	6	0	0
11	42000001	1.01671	1.03118	6	0	0
11	42500001	1.01683	1.03118	6	0	0
11	43000001	1.08414	1.03118	6	0	0
11	43500001	1.07558	1.03118	6	0	0
11	44000001	1.06673	1.03118	6	0	0
11	44500001	1.09947	1.03118	6	0	0
11	45000001	1.1102	1.03118	6	0	0
11	45500001	1.05798	1.03118	6	0	0
11	46000001	0.991478	1.03118	6	0	0
11	46500001	0.954693	1.03118	6	0	0
11	47000001	0.986655	1.03118	6	0	0
11	47500001	0.959774	1.03118	6	0	0
11	48000001	1.02429	1.03118	6	0	0
11	48500001	1.06762	1.03118	6	0	0
11	49000001	1.00787	1.03118	6	0	0
11	49500001	0.981203	1.03118	6	0	0
11	50000001	1.03023	1.03118	6	0	0
11	50500001	-1	-1	-1	0	0
11	51000001	-1	-1	-1	0	0
11	51500001	1.37371	1.37371	8	0	0
11	52000001	1.15072	1.15072	7	0	0
11	52500001	0.877061	0.871388	5	0	0
11	53000001	0.871388	0.871388	5	0	0
11	53500001	0.829682	0.871388	5	0	0
11	54000001	-1	-1	-1	0	0
11	54500001	1.08961	1.01822	6	0	0
11	55000001	1.10556	1.01822	6	0	0
11	55500001	0.942466	1.01822	6	0	0
11	56000001	1.01755	1.01822	6	0	0
11	56500001	1.05139	1.01822	6	0	0
11	57000001	1.01822	1.01822	6	0	0
11	57500001	0.988812	1.01822	6	0	0
11	58000001	1.05189	1.01822	6	0	0
11	58500001	1.01944	1.01822	6	0	0
11	59000001	1.07852	1.01822	6	0	0
11	59500001	1.03295	1.01822	6	0	0
11	60000001	1.01711	1.01822	6	0	0
11	60500001	1.01781	1.01822	6	0	0
11	61000001	1.00208	1.01822	6	0	0
11	61500001	1.07592	1.01822	6	0	0
11	62000001	0.99667	1.01822	6	0	0
11	62500001	1.0108	1.01822	6	0	0
11	63000001	1.25616	1.27597	8	0	0
11	63500001	1.27597	1.27597	8	0	0
11	64000001	1.32872	1.27597	8	0	0
11	64500001	1.35734	1.27597	8	0	0
11	65000001	1.30172	1.27597	8	0	0
11	65500001	1.27115	1.27597	8	0	0
11	66000001	1.27009	1.27597	8	0	0
11	66500001	1.24123	1.27597	8	0	0
11	67000001	1.30465	1.27597	8	0	0
11	67500001	1.29941	1.27597	8	0	0
11	68000001	1.2575	1.27597	8	0	0
11	68500001	1.24757	1.27597	8	0	0
11	69000001	1.37955	1.27597	8	0	0
11	69500001	1.25132	1.27597	8	0	0
11	70000001	1.25567	1.27597	8	0	0
11	70500001	1.29091	1.27597	8	0	0
11	71000001	1.35544	1.27597	8	0	0
11	71500001	1.15236	1.03098	6	0	0
11	72000001	1.04417	1.03098	6	0	0
11	72500001	1.0426	1.03098	6	0	0
11	73000001	1.02556	1.03098	6	0	0
11	73500001	0.977643	1.03098	6	0	0
11	74000001	1.03093	1.03098	6	0	0
11	74500001	1.0267	1.03098	6	0	0
11	75000001	1.07918	1.03098	6	0	0
11	75500001	1.04805	1.03098	6	0	0
11	76000001	1.0187	1.03098	6	0	0
11	76500001	1.03746	1.03098	6	0	0
11	77000001	1.02316	1.03098	6	0	0
11	77500001	0.961071	1.03098	6	0	0
11	78000001	1.03103	1.03098	6	0	0
11	78500001	1.09301	1.03098	6	0	0
11	79000001	1.04455	1.03098	6	0	0
11	79500001	1.00995	1.03098	6	0	0
11	80000001	0.987131	1.03098	6	0	0
11	80500001	0.996694	1.03098	6	0	0
11	81000001	0.991837	1.03098	6	0	0
11	81500001	1.03301	1.03098	6	0	0
11	82000001	1.02116	1.03098	6	0	0
11	82500001	1.04131	1.03098	6	0	0
11	83000001	0.983667	1.03098	6	0	0
11	83500001	1.05876	1.03098	6	0	0
11	84000001	0.975441	1.03098	6	0	0
11	84500001	1.04673	1.03098	6	0	0
11	85000001	1.0556	1.03098	6	0	0
11	85500001	1.05526	1.03098	6	0	0
11	86000001	0.996876	1.03098	6	0	0
11	86500001	1.02953	1.03098	6	0	0
11	87000001	1.02613	1.03098	6	0	0
11	87500001	1.04361	1.03098	6	0	0
11	88000001	1.04208	1.03098	6	0	0
11	88500001	1.26555	1.3754	8	0	0
11	89000001	1.36089	1.3754	8	0	0
11	89500001	1.33709	1.3754	8	0	0
11	90000001	1.24115	1.3754	8	0	0
11	90500001	1.40115	1.3754	8	0	0
11	91000001	1.33899	1.3754	8	0	0
11	91500001	1.36909	1.3754	8	0	0
11	92000001	1.35315	1.3754	8	0	0
11	92500001	1.35755	1.3754	8	0	0
11	93000001	1.36192	1.3754	8	0	0
11	93500001	1.36087	1.3754	8	0	0
11	94000001	1.41861	1.3754	8	0	0
11	94500001	1.42817	1.3754	8	0	0
11	95000001	1.402	1.3754	8	0	0
11	95500001	1.43364	1.3754	8	0	0
11	96000001	1.36824	1.3754	8	0	0
11	96500001	1.35184	1.3754	8	0	0
11	97000001	1.31888	1.3754	8	0	0
11	97500001	1.3368	1.3754	8	0	0
11	98000001	1.36376	1.3754	8	0	0
11	98500001	1.29788	1.3754	8	0	0
11	99000001	1.38409	1.3754	8	0	0
11	99500001	1.37701	1.3754	8	0	0
11	100000001	1.44552	1.3754	8	0	0
11	100500001	1.36848	1.3754	8	0	0
11	101000001	1.42674	1.3754	8	0	0
11	101500001	1.36552	1.3754	8	0	0
11	102000001	1.34456	1.3754	8	0	0
11	102500001	1.35682	1.3754	8	0	0
11	103000001	1.35073	1.3754	8	0	0
11	103500001	1.4161	1.3754	8	0	0
11	104000001	1.33209	1.3754	8	0	0
11	104500001	1.39826	1.3754	8	0	0
11	105000001	1.32732	1.3754	8	0	0
11	105500001	1.36938	1.3754	8	0	0
11	106000001	1.36439	1.3754	8	0	0
11	106500001	1.39219	1.3754	8	0	0
11	107000001	1.37814	1.3754	8	0	0
11	107500001	1.32657	1.3754	8	0	0
11	108000001	1.28722	1.3754	8	0	0
11	108500001	1.42052	1.3754	8	0	0
11	109000001	1.38689	1.3754	8	0	0
11	109500001	1.43111	1.3754	8	0	0
11	110000001	1.33706	1.3754	8	0	0
11	110500001	1.39381	1.3754	8	0	0
11	111000001	1.38171	1.3754	8	0	0
11	111500001	1.3789	1.3754	8	0	0
11	112000001	1.35866	1.3754	8	0	0
11	112500001	1.33679	1.3754	8	0	0
11	113000001	1.43761	1.3754	8	0	0
11	113500001	1.35284	1.3754	8	0	0
11	114000001	1.38086	1.3754	8	0	0
11	114500001	1.3277	1.3754	8	0	0
11	115000001	1.28351	1.3754	8	0	0
11	115500001	1.38327	1.3754	8	0	0
11	116000001	1.39224	1.3754	8	0	0
11	116500001	1.38842	1.3754	8	0	0
11	117000001	1.33563	1.3754	8	0	0
11	117500001	1.40865	1.3754	8	0	0
11	118000001	1.39361	1.3754	8	0	0
11	118500001	1.30925	1.3754	8	0	0
11	119000001	1.36485	1.3754	8	0	0
11	119500001	1.44447	1.3754	8	0	0
11	120000001	1.37597	1.3754	8	0	0
11	120500001	1.40963	1.3754	8	0	0
11	121000001	1.39004	1.3754	8	0	0
11	121500001	1.37482	1.3754	8	0	0
11	122000001	1.39531	1.3754	8	0	0
11	122500001	1.33627	1.3754	8	0	0
11	123000001	1.34683	1.3754	8	0	0
11	123500001	1.41274	1.3754	8	0	0
11	124000001	1.37468	1.3754	8	0	0
11	124500001	1.34898	1.3754	8	0	0
11	125000001	1.4191	1.3754	8	0	0
11	125500001	1.38929	1.3754	8	0	0
11	126000001	1.37653	1.3754	8	0	0
11	126500001	1.45127	1.3754	8	0	0
11	127000001	1.37662	1.3754	8	0	0
11	127500001	1.40598	1.3754	8	0	0
11	128000001	1.3994	1.3754	8	0	0
11	128500001	1.38974	1.3754	8	0	0
11	129000001	1.3706	1.3754	8	0	0
11	129500001	1.36823	1.3754	8	0	0
11	130000001	1.34522	1.3754	8	0	0
11	130500001	1.43457	1.3754	8	0	0
11	131000001	1.39545	1.3754	8	0	0
11	131500001	1.38805	1.3754	8	0	0
11	132000001	1.37721	1.3754	8	0	0
11	132500001	1.32153	1.32593	8	0	0
11	133000001	1.34701	1.32593	8	0	0
11	133500001	1.33033	1.32593	8	0	0
11	134000001	1.31326	1.32593	8	0	0
11	134500001	1.37095	1.32593	8	0	0
11	135000001	0.258469	1.32593	8	0	0
12	1	0.995512	0.864494	5	0	0
12	500001	0.836191	0.864494	5	0	0
12	1000001	0.826505	0.864494	5	0	0
12	1500001	0.857265	0.864494	5	0	0
12	2000001	0.928379	0.864494	5	0	0
12	2500001	0.867064	0.864494	5	0	0
12	3000001	0.876048	0.864494	5	0	0
12	3500001	0.868686	0.864494	5	0	0
12	4000001	0.893573	0.864494	5	0	0
12	4500001	0.86475	0.864494	5	0	0
12	5000001	0.892078	0.864494	5	0	0
12	5500001	0.944173	0.864494	5	0	0
12	6000001	0.849434	0.864494	5	0	0
12	6500001	0.860693	0.864494	5	0	0
12	7000001	0.883786	0.864494	5	0	0
12	7500001	0.794224	0.864494	5	0	0
12	8000001	0.829051	0.864494	5	0	0
12	8500001	0.784331	0.864494	5	0	0
12	9000001	0.860511	0.864494	5	0	0
12	9500001	0.850732	0.864494	5	0	0
12	10000001	0.869854	0.864494	5	0	0
12	10500001	0.89362	0.864494	5	0	0
12	11000001	0.890969	0.864494	5	0	0
12	11500001	0.879578	0.864494	5	0	0
12	12000001	0.823245	0.864494	5	0	0
12	12500001	0.83004	0.864494	5	0	0
12	13000001	0.885965	0.864494	5	0	0
12	13500001	0.850591	0.864494	5	0	0
12	14000001	0.825783	0.864494	5	0	0
12	14500001	0.853684	0.864494	5	0	0
12	15000001	0.895433	0.864494	5	0	0
12	15500001	0.887172	0.864494	5	0	0
12	16000001	0.897571	0.864494	5	0	0
12	16500001	0.897806	0.864494	5	0	0
12	17000001	0.876697	0.864494	5	0	0
12	17500001	0.85766	0.864494	5	0	0
12	18000001	0.859263	0.864494	5	0	0
12	18500001	0.830103	0.864494	5	0	0
12	19000001	0.819951	0.864494	5	0	0
12	19500001	0.880313	0.864494	5	0	0
12	20000001	0.854627	0.864494	5	0	0
12	20500001	0.856752	0.864494	5	0	0
12	21000001	0.894702	0.864494	5	0	0
12	21500001	0.869554	0.864494	5	0	0
12	22000001	0.880817	0.864494	5	0	0
12	22500001	0.859052	0.864494	5	0	0
12	23000001	0.844251	0.864494	5	0	0
12	23500001	0.835517	0.864494	5	0	0
12	24000001	0.837628	0.864494	5	0	0
12	24500001	0.864238	0.864494	5	0	0
12	25000001	0.867633	0.864494	5	0	0
12	25500001	0.890766	0.864494	5	0	0
12	26000001	0.853867	0.864494	5	0	0
12	26500001	0.870498	0.864494	5	0	0
12	27000001	0.854832	0.864494	5	0	0
12	27500001	0.819373	0.864494	5	0	0
12	28000001	0.870735	0.864494	5	0	0
12	28500001	0.903738	0.864494	5	0	0
12	29000001	0.875867	0.864494	5	0	0
12	29500001	0.862446	0.864494	5	0	0
12	30000001	0.895953	0.864494	5	0	0
12	30500001	0.844751	0.864494	5	0	0
12	31000001	0.866936	0.864494	5	0	0
12	31500001	0.806137	0.864494	5	0	0
12	32000001	0.795547	0.864494	5	0	0
12	32500001	0.807237	0.864494	5	0	0
12	33000001	0.900643	0.864494	5	0	0
12	33500001	0.907173	0.864494	5	0	0
12	34000001	0.868401	0.864494	5	0	0
12	34500001	0.802899	0.864494	5	0	0
12	35000001	0.750089	0.692614	4	0	0
12	35500001	0.635138	0.692614	4	0	0
12	36000001	0.443673	0.427845	3	0	0
12	36500001	0.412017	0.427845	3	0	0
12	37000001	0.720104	0.720104	4	0	0
12	37500001	0.9112	0.861626	5	0	0
12	38000001	0.850956	0.861626	5	0	0
12	38500001	0.86795	0.861626	5	0	0
12	39000001	0.840691	0.861626	5	0	0
12	39500001	0.878434	0.861626	5	0	0
12	40000001	0.875758	0.861626	5	0	0
12	40500001	0.873789	0.861626	5	0	0
12	41000001	0.861278	0.861626	5	0	0
12	41500001	0.880502	0.861626	5	0	0
12	42000001	0.829762	0.861626	5	0	0
12	42500001	0.827414	0.861626	5	0	0
12	43000001	0.862768	0.861626	5	0	0
12	43500001	0.905087	0.861626	5	0	0
12	44000001	0.84989	0.861626	5	0	0
12	44500001	0.844165	0.861626	5	0	0
12	45000001	0.858135	0.861626	5	0	0
12	45500001	0.814625	0.861626	5	0	0
12	46000001	0.889114	0.861626	5	0	0
12	46500001	0.887055	0.861626	5	0	0
12	47000001	0.88604	0.861626	5	0	0
12	47500001	0.863465	0.861626	5	0	0
12	48000001	0.861974	0.861626	5	0	0
12	48500001	0.823629	0.861626	5	0	0
12	49000001	0.815825	0.861626	5	0	0
12	49500001	0.848786	0.861626	5	0	0
12	50000001	0.801548	0.861626	5	0	0
12	50500001	0.849562	0.861626	5	0	0
12	51000001	0.832329	0.861626	5	0	0
12	51500001	0.863892	0.861626	5	0	0
12	52000001	0.912041	0.861626	5	0	0
12	52500001	0.874299	0.861626	5	0	0
12	53000001	0.838155	0.861626	5	0	0
12	53500001	0.850055	0.861626	5	0	0
12	54000001	0.86397	0.861626	5	0	0
12	54500001	0.70302	0.701468	4	0	0
12	55000001	0.726215	0.701468	4	0	0
12	55500001	0.677124	0.701468	4	0	0
12	56000001	0.676128	0.701468	4	0	0
12	56500001	0.671982	0.701468	4	0	0
12	57000001	0.705113	0.701468	4	0	0
12	57500001	0.71674	0.701468	4	0	0
12	58000001	0.717643	0.701468	4	0	0
12	58500001	0.717913	0.701468	4	0	0
12	59000001	0.701746	0.701468	4	0	0
12	59500001	0.704682	0.701468	4	0	0
12	60000001	0.702995	0.701468	4	0	0
12	60500001	0.683578	0.701468	4	0	0
12	61000001	0.692437	0.701468	4	0	0
12	61500001	0.689151	0.701468	4	0	0
12	62000001	0.722756	0.701468	4	0	0
12	62500001	0.679353	0.701468	4	0	0
12	63000001	0.696142	0.701468	4	0	0
12	63500001	0.715513	0.701468	4	0	0
12	64000001	0.682881	0.701468	4	0	0
12	64500001	0.683499	0.701468	4	0	0
12	65000001	0.716261	0.701468	4	0	0
12	65500001	0.755041	0.701468	4	0	0
12	66000001	0.666728	0.701468	4	0	0
12	66500001	0.677849	0.701468	4	0	0
12	67000001	0.695645	0.701468	4	0	0
12	67500001	0.711703	0.701468	4	0	0
12	68000001	0.711677	0.701468	4	0	0
12	68500001	0.676515	0.701468	4	0	0
12	69000001	0.687722	0.701468	4	0	0
12	69500001	0.700667	0.701468	4	0	0
12	70000001	0.722596	0.701468	4	0	0
12	70500001	0.699138	0.701468	4	0	0
12	71000001	0.682822	0.701468	4	0	0
12	71500001	0.71014	0.701468	4	0	0
12	72000001	0.701191	0.701468	4	0	0
12	72500001	0.714873	0.701468	4	0	0
12	73000001	0.683024	0.701468	4	0	0
12	73500001	0.722642	0.701468	4	0	0
12	74000001	0.708533	0.701468	4	0	0
12	74500001	0.682781	0.701468	4	0	0
12	75000001	0.722031	0.701468	4	0	0
12	75500001	0.77657	0.795474	5	0	0
12	76000001	0.798952	0.795474	5	0	0
12	76500001	0.805243	0.795474	5	0	0
12	77000001	0.833099	0.795474	5	0	0
12	77500001	0.805415	0.795474	5	0	0
12	78000001	0.795522	0.795474	5	0	0
12	78500001	0.800935	0.795474	5	0	0
12	79000001	0.822176	0.795474	5	0	0
12	79500001	0.758005	0.795474	5	0	0
12	80000001	0.775214	0.795474	5	0	0
12	80500001	0.792481	0.795474	5	0	0
12	81000001	0.816001	0.795474	5	0	0
12	81500001	0.798045	0.795474	5	0	0
12	82000001	0.787854	0.795474	5	0	0
12	82500001	0.773227	0.795474	5	0	0
12	83000001	0.786619	0.795474	5	0	0
12	83500001	0.81781	0.795474	5	0	0
12	84000001	0.797159	0.795474	5	0	0
12	84500001	0.800577	0.795474	5	0	0
12	85000001	0.815615	0.795474	5	0	0
12	85500001	0.78255	0.795474	5	0	0
12	86000001	0.791049	0.795474	5	0	0
12	86500001	0.788143	0.795474	5	0	0
12	87000001	0.790886	0.795474	5	0	0
12	87500001	0.828619	0.795474	5	0	0
12	88000001	0.808059	0.795474	5	0	0
12	88500001	0.799795	0.795474	5	0	0
12	89000001	0.800516	0.795474	5	0	0
12	89500001	0.828966	0.795474	5	0	0
12	90000001	0.822984	0.795474	5	0	0
12	90500001	0.795474	0.795474	5	0	0
12	91000001	0.837296	0.795474	5	0	0
12	91500001	0.815697	0.795474	5	0	0
12	92000001	0.788612	0.795474	5	0	0
12	92500001	0.810289	0.795474	5	0	0
12	93000001	0.748331	0.795474	5	0	0
12	93500001	0.809163	0.795474	5	0	0
12	94000001	0.769889	0.795474	5	0	0
12	94500001	0.810804	0.795474	5	0	0
12	95000001	0.756386	0.795474	5	0	0
12	95500001	0.764767	0.795474	5	0	0
12	96000001	0.782884	0.795474	5	0	0
12	96500001	0.795651	0.795474	5	0	0
12	97000001	0.797027	0.795474	5	0	0
12	97500001	0.77864	0.795474	5	0	0
12	98000001	0.792256	0.795474	5	0	0
12	98500001	0.78276	0.795474	5	0	0
12	99000001	0.815835	0.795474	5	0	0
12	99500001	0.808064	0.795474	5	0	0
12	100000001	0.740352	0.795474	5	0	0
12	100500001	0.862962	0.795474	5	0	0
12	101000001	0.765964	0.795474	5	0	0
12	101500001	0.762143	0.795474	5	0	0
12	102000001	0.801712	0.795474	5	0	0
12	102500001	0.821998	0.795474	5	0	0
12	103000001	0.80512	0.795474	5	0	0
12	103500001	0.810543	0.795474	5	0	0
12	104000001	0.766147	0.795474	5	0	0
12	104500001	0.771114	0.795474	5	0	0
12	105000001	0.779408	0.795474	5	0	0
12	105500001	0.797447	0.795474	5	0	0
12	106000001	0.765596	0.795474	5	0	0
12	106500001	0.796358	0.795474	5	0	0
12	107000001	0.789428	0.795474	5	0	0
12	107500001	0.783525	0.795474	5	0	0
12	108000001	0.847935	0.795474	5	0	0
12	108500001	0.757352	0.795474	5	0	0
12	109000001	0.7661	0.795474	5	0	0
12	109500001	0.763205	0.795474	5	0	0
12	110000001	0.729735	0.795474	5	0	0
12	110500001	0.777164	0.795474	5	0	0
12	111000001	0.793647	0.795474	5	0	0
12	111500001	0.729027	0.795474	5	0	0
12	112000001	0.941829	1.03708	6	0	0
12	112500001	1.06101	1.03708	6	0	0
12	113000001	1.07205	1.03708	6	0	0
12	113500001	1.01192	1.03708	6	0	0
12	114000001	1.07255	1.03708	6	0	0
12	114500001	0.991488	1.03708	6	0	0
12	115000001	1.04015	1.03708	6	0	0
12	115500001	1.05396	1.03708	6	0	0
12	116000001	1.05194	1.03708	6	0	0
12	116500001	1.01638	1.03708	6	0	0
12	117000001	1.05126	1.03708	6	0	0
12	117500001	1.05486	1.03708	6	0	0
12	118000001	1.002	1.03708	6	0	0
12	118500001	1.08666	1.03708	6	0	0
12	119000001	1.08407	1.03708	6	0	0
12	119500001	1.02761	1.03708	6	0	0
12	120000001	0.993387	1.03708	6	0	0
12	120500001	0.988161	1.03708	6	0	0
12	121000001	1.03708	1.03708	6	0	0
12	121500001	1.00906	1.03708	6	0	0
12	122000001	1.01517	1.03708	6	0	0
12	122500001	1.04402	1.03708	6	0	0
12	123000001	1.00219	1.03708	6	0	0
12	123500001	1.03432	1.03708	6	0	0
12	124000001	1.0974	1.03708	6	0	0
12	124500001	0.655402	0.683499	4	0	0
12	125000001	0.713854	0.683499	4	0	0
12	125500001	0.69048	0.683499	4	0	0
12	126000001	0.659809	0.683499	4	0	0
12	126500001	0.686733	0.683499	4	0	0
12	127000001	0.683771	0.683499	4	0	0
12	127500001	0.700818	0.683499	4	0	0
12	128000001	0.686081	0.683499	4	0	0
12	128500001	0.668716	0.683499	4	0	0
12	129000001	0.691774	0.683499	4	0	0
12	129500001	0.641719	0.683499	4	0	0
12	130000001	0.663654	0.683499	4	0	0
12	130500001	0.678124	0.683499	4	0	0
12	131000001	0.673036	0.683499	4	0	0
12	131500001	0.683226	0.683499	4	0	0
12	132000001	0.715824	0.683499	4	0	0
12	132500001	0.714557	0.683499	4	0	0
12	133000001	0.369673	0.683499	4	0	0
13	1	-1	-1	-1	0	0
13	500001	-1	-1	-1	0	0
13	1000001	-1	-1	-1	0	0
13	1500001	-1	-1	-1	0	0
13	2000001	-1	-1	-1	0	0
13	2500001	-1	-1	-1	0	0
13	3000001	-1	-1	-1	0	0
13	3500001	-1	-1	-1	0	0
13	4000001	-1	-1	-1	0	0
13	4500001	-1	-1	-1	0	0
13	5000001	-1	-1	-1	0	0
13	5500001	-1	-1	-1	0	0
13	6000001	-1	-1	-1	0	0
13	6500001	-1	-1	-1	0	0
13	7000001	-1	-1	-1	0	0
13	7500001	-1	-1	-1	0	0
13	8000001	-1	-1	-1	0	0
13	8500001	-1	-1	-1	0	0
13	9000001	-1	-1	-1	0	0
13	9500001	-1	-1	-1	0	0
13	10000001	-1	-1	-1	0	0
13	10500001	-1	-1	-1	0	0
13	11000001	-1	-1	-1	0	0
13	11500001	-1	-1	-1	0	0
13	12000001	-1	-1	-1	0	0
13	12500001	-1	-1	-1	0	0
13	13000001	-1	-1	-1	0	0
13	13500001	-1	-1	-1	0	0
13	14000001	-1	-1	-1	0	0
13	14500001	-1	-1	-1	0	0
13	15000001	-1	-1	-1	0	0
13	15500001	-1	-1	-1	0	0
13	16000001	0.35126	0.35126	2	0	0
13	16500001	0.643049	0.643049	4	0	0
13	17000001	0.827314	0.827314	5	0	0
13	17500001	0.971585	0.971585	6	0	0
13	18000001	-1	-1	-1	0	0
13	18500001	0.701538	0.655503	4	0	0
13	19000001	0.684574	0.655503	4	0	0
13	19500001	0.637398	0.655503	4	0	0
13	20000001	0.66224	0.655503	4	0	0
13	20500001	0.652083	0.655503	4	0	0
13	21000001	0.646	0.655503	4	0	0
13	21500001	0.663761	0.655503	4	0	0
13	22000001	0.663817	0.655503	4	0	0
13	22500001	0.651066	0.655503	4	0	0
13	23000001	0.655776	0.655503	4	0	0
13	23500001	0.655954	0.655503	4	0	0
13	24000001	0.666406	0.655503	4	0	0
13	24500001	0.697157	0.655503	4	0	0
13	25000001	0.654417	0.655503	4	0	0
13	25500001	0.653502	0.655503	4	0	0
13	26000001	0.650105	0.655503	4	0	0
13	26500001	0.65523	0.655503	4	0	0
13	27000001	0.639316	0.655503	4	0	0
13	27500001	0.666078	0.655503	4	0	0
13	28000001	0.648389	0.655503	4	0	0
13	28500001	0.690224	0.679453	4	0	0
13	29000001	0.668923	0.679453	4	0	0
13	29500001	0.691082	0.679453	4	0	0
13	30000001	0.68036	0.679453	4	0	0
13	30500001	0.667952	0.679453	4	0	0
13	31000001	0.691105	0.679453	4	0	0
13	31500001	0.692395	0.679453	4	0	0
13	32000001	0.683723	0.679453	4	0	0
13	32500001	0.673151	0.679453	4	0	0
13	33000001	0.676685	0.679453	4	0	0
13	33500001	0.687898	0.679453	4	0	0
13	34000001	0.707643	0.679453	4	0	0
13	34500001	0.706836	0.679453	4	0	0
13	35000001	0.679518	0.679453	4	0	0
13	35500001	0.661534	0.679453	4	0	0
13	36000001	0.659452	0.679453	4	0	0
13	36500001	0.666243	0.679453	4	0	0
13	37000001	0.707834	0.679453	4	0	0
13	37500001	0.676328	0.679453	4	0	0
13	38000001	0.662559	0.679453	4	0	0
13	38500001	0.708122	0.679453	4	0	0
13	39000001	0.675077	0.679453	4	0	0
13	39500001	0.694775	0.679453	4	0	0
13	40000001	0.679786	0.679453	4	0	0
13	40500001	0.686751	0.679453	4	0	0
13	41000001	0.643217	0.679453	4	0	0
13	41500001	0.708914	0.679453	4	0	0
13	42000001	0.658792	0.679453	4	0	0
13	42500001	0.717268	0.679453	4	0	0
13	43000001	0.69728	0.679453	4	0	0
13	43500001	0.68941	0.679453	4	0	0
13	44000001	0.705689	0.679453	4	0	0
13	44500001	0.692884	0.679453	4	0	0
13	45000001	0.642075	0.679453	4	0	0
13	45500001	0.684271	0.679453	4	0	0
13	46000001	0.6533	0.679453	4	0	0
13	46500001	0.666305	0.679453	4	0	0
13	47000001	0.683576	0.679453	4	0	0
13	47500001	0.662822	0.679453	4	0	0
13	48000001	0.67171	0.679453	4	0	0
13	48500001	0.69166	0.679453	4	0	0
13	49000001	0.672792	0.679453	4	0	0
13	49500001	0.668945	0.679453	4	0	0
13	50000001	0.691596	0.679453	4	0	0
13	50500001	0.681012	0.679453	4	0	0
13	51000001	0.701306	0.679453	4	0	0
13	51500001	0.664561	0.679453	4	0	0
13	52000001	0.666305	0.679453	4	0	0
13	52500001	0.703078	0.679453	4	0	0
13	53000001	0.707485	0.679453	4	0	0
13	53500001	0.673476	0.679453	4	0	0
13	54000001	0.678784	0.679453	4	0	0
13	54500001	0.687165	0.679453	4	0	0
13	55000001	0.675649	0.679453	4	0	0
13	55500001	0.640424	0.679453	4	0	0
13	56000001	0.648495	0.679453	4	0	0
13	56500001	0.679389	0.679453	4	0	0
13	57000001	0.76144	0.679453	4	0	0
13	57500001	0.653359	0.679453	4	0	0
13	58000001	0.717885	0.679453	4	0	0
13	58500001	0.638615	0.679453	4	0	0
13	59000001	0.660666	0.679453	4	0	0
13	59500001	0.712547	0.679453	4	0	0
13	60000001	0.678847	0.679453	4	0	0
13	60500001	0.655614	0.679453	4	0	0
13	61000001	0.650723	0.679453	4	0	0
13	61500001	0.686731	0.679453	4	0	0
13	62000001	0.672629	0.679453	4	0	0
13	62500001	0.682087	0.679453	4	0	0
13	63000001	0.739691	0.679453	4	0	0
13	63500001	0.677913	0.679453	4	0	0
13	64000001	0.701886	0.679453	4	0	0
13	64500001	0.67872	0.679453	4	0	0
13	65000001	0.682309	0.679453	4	0	0
13	65500001	0.705209	0.679453	4	0	0
13	66000001	0.67348	0.679453	4	0	0
13	66500001	0.689165	0.679453	4	0	0
13	67000001	0.651451	0.679453	4	0	0
13	67500001	0.644005	0.679453	4	0	0
13	68000001	0.666186	0.679453	4	0	0
13	68500001	0.661651	0.679453	4	0	0
13	69000001	0.681537	0.679453	4	0	0
13	69500001	0.67064	0.679453	4	0	0
13	70000001	0.669057	0.679453	4	0	0
13	70500001	0.708431	0.679453	4	0	0
13	71000001	0.694095	0.679453	4	0	0
13	71500001	0.669694	0.679453	4	0	0
13	72000001	0.688675	0.679453	4	0	0
13	72500001	0.636522	0.679453	4	0	0
13	73000001	0.664937	0.679453	4	0	0
13	73500001	0.703241	0.679453	4	0	0
13	74000001	0.691718	0.679453	4	0	0
13	74500001	0.685932	0.679453	4	0	0
13	75000001	0.716137	0.679453	4	0	0
13	75500001	0.691798	0.679453	4	0	0
13	76000001	0.691468	0.679453	4	0	0
13	76500001	0.694073	0.679453	4	0	0
13	77000001	0.689595	0.679453	4	0	0
13	77500001	0.689995	0.679453	4	0	0
13	78000001	0.71655	0.679453	4	0	0
13	78500001	0.704135	0.679453	4	0	0
13	79000001	0.706655	0.679453	4	0	0
13	79500001	0.675427	0.679453	4	0	0
13	80000001	0.682731	0.679453	4	0	0
13	80500001	0.683298	0.679453	4	0	0
13	81000001	0.669311	0.679453	4	0	0
13	81500001	0.6639	0.679453	4	0	0
13	82000001	0.664899	0.679453	4	0	0
13	82500001	0.657749	0.679453	4	0	0
13	83000001	0.667474	0.679453	4	0	0
13	83500001	0.664347	0.679453	4	0	0
13	84000001	0.666991	0.679453	4	0	0
13	84500001	0.697629	0.679453	4	0	0
13	85000001	0.661372	0.679453	4	0	0
13	85500001	0.704972	0.679453	4	0	0
13	86000001	0.644263	0.679453	4	0	0
13	86500001	0.679944	0.679453	4	0	0
13	87000001	0.656402	0.679453	4	0	0
13	87500001	0.682343	0.679453	4	0	0
13	88000001	0.661422	0.679453	4	0	0
13	88500001	0.681586	0.679453	4	0	0
13	89000001	0.678197	0.679453	4	0	0
13	89500001	0.671933	0.679453	4	0	0
13	90000001	0.669482	0.679453	4	0	0
13	90500001	0.645705	0.679453	4	0	0
13	91000001	0.678264	0.679453	4	0	0
13	91500001	0.686112	0.679453	4	0	0
13	92000001	0.677565	0.679453	4	0	0
13	92500001	0.68551	0.679453	4	0	0
13	93000001	0.698726	0.679453	4	0	0
13	93500001	0.663769	0.679453	4	0	0
13	94000001	0.718545	0.679453	4	0	0
13	94500001	0.717993	0.679453	4	0	0
13	95000001	0.665879	0.679453	4	0	0
13	95500001	0.661524	0.679453	4	0	0
13	96000001	0.655005	0.679453	4	0	0
13	96500001	0.73191	0.723917	4	0	0
13	97000001	0.715923	0.723917	4	0	0
13	97500001	0.669256	0.670361	4	0	0
13	98000001	0.666823	0.670361	4	0	0
13	98500001	0.644899	0.670361	4	0	0
13	99000001	0.670361	0.670361	4	0	0
13	99500001	0.681511	0.670361	4	0	0
13	100000001	0.632792	0.670361	4	0	0
13	100500001	0.688987	0.670361	4	0	0
13	101000001	0.691385	0.670361	4	0	0
13	101500001	0.693213	0.670361	4	0	0
13	102000001	0.692769	0.670361	4	0	0
13	102500001	0.669335	0.670361	4	0	0
13	103000001	0.674818	0.670361	4	0	0
13	103500001	0.678315	0.670361	4	0	0
13	104000001	0.652384	0.670361	4	0	0
13	104500001	0.664758	0.670361	4	0	0
13	105000001	0.650754	0.670361	4	0	0
13	105500001	0.677051	0.670361	4	0	0
13	106000001	0.657834	0.670361	4	0	0
13	106500001	0.683567	0.670361	4	0	0
13	107000001	0.663356	0.670361	4	0	0
13	107500001	0.645106	0.670361	4	0	0
13	108000001	0.645395	0.670361	4	0	0
13	108500001	0.670791	0.670361	4	0	0
13	109000001	0.680212	0.670361	4	0	0
13	109500001	0.652468	0.670361	4	0	0
13	110000001	0.655273	0.670361	4	0	0
13	110500001	0.681623	0.670361	4	0	0
13	111000001	0.698394	0.670361	4	0	0
13	111500001	-1	0.670361	4	0	0
13	112000001	0.682755	0.670361	4	0	0
13	112500001	0.679035	0.670361	4	0	0
13	113000001	0.666964	0.670361	4	0	0
13	113500001	0.696502	0.670361	4	0	0
13	114000001	0.496073	0.670361	4	0	0
14	1	-1	-1	-1	0	0
14	500001	-1	-1	-1	0	0
14	1000001	-1	-1	-1	0	0
14	1500001	-1	-1	-1	0	0
14	2000001	-1	-1	-1	0	0
14	2500001	-1	-1	-1	0	0
14	3000001	-1	-1	-1	0	0
14	3500001	-1	-1	-1	0	0
14	4000001	-1	-1	-1	0	0
14	4500001	-1	-1	-1	0	0
14	5000001	-1	-1	-1	0	0
14	5500001	-1	-1	-1	0	0
14	6000001	-1	-1	-1	0	0
14	6500001	-1	-1	-1	0	0
14	7000001	-1	-1	-1	0	0
14	7500001	-1	-1	-1	0	0
14	8000001	-1	-1	-1	0	0
14	8500001	-1	-1	-1	0	0
14	9000001	-1	-1	-1	0	0
14	9500001	-1	-1	-1	0	0
14	10000001	-1	-1	-1	0	0
14	10500001	-1	-1	-1	0	0
14	11000001	-1	-1	-1	0	0
14	11500001	-1	-1	-1	0	0
14	12000001	-1	-1	-1	0	0
14	12500001	-1	-1	-1	0	0
14	13000001	-1	-1	-1	0	0
14	13500001	-1	-1	-1	0	0
14	14000001	-1	-1	-1	0	0
14	14500001	-1	-1	-1	0	0
14	15000001	-1	-1	-1	0	0
14	15500001	-1	-1	-1	0	0
14	16000001	0.385109	0.446661	3	0	0
14	16500001	0.508213	0.446661	3	0	0
14	17000001	0.656083	0.656083	4	0	0
14	17500001	0.831206	0.904921	5	0	0
14	18000001	0.978637	0.904921	5	0	0
14	18500001	-1	-1	-1	0	0
14	19000001	1.44489	1.44489	9	0	0
14	19500001	-1	-1	-1	0	0
14	20000001	0.778658	0.777655	5	0	0
14	20500001	0.753345	0.777655	5	0	0
14	21000001	0.774522	0.777655	5	0	0
14	21500001	0.779849	0.777655	5	0	0
14	22000001	0.794651	0.777655	5	0	0
14	22500001	0.763977	0.777655	5	0	0
14	23000001	0.81079	0.777655	5	0	0
14	23500001	0.787507	0.777655	5	0	0
14	24000001	0.784858	0.777655	5	0	0
14	24500001	0.798559	0.777655	5	0	0
14	25000001	0.777456	0.777655	5	0	0
14	25500001	0.75728	0.777655	5	0	0
14	26000001	0.805576	0.777655	5	0	0
14	26500001	0.745395	0.777655	5	0	0
14	27000001	0.777853	0.777655	5	0	0
14	27500001	0.808755	0.777655	5	0	0
14	28000001	0.771839	0.777655	5	0	0
14	28500001	0.77738	0.777655	5	0	0
14	29000001	0.771602	0.777655	5	0	0
14	29500001	0.800712	0.777655	5	0	0
14	30000001	0.794877	0.777655	5	0	0
14	30500001	0.757265	0.777655	5	0	0
14	31000001	0.751542	0.777655	5	0	0
14	31500001	0.792631	0.777655	5	0	0
14	32000001	0.794626	0.777655	5	0	0
14	32500001	0.795378	0.777655	5	0	0
14	33000001	0.769087	0.777655	5	0	0
14	33500001	0.787075	0.777655	5	0	0
14	34000001	0.750535	0.777655	5	0	0
14	34500001	0.70388	0.777655	5	0	0
14	35000001	0.728244	0.777655	5	0	0
14	35500001	0.768594	0.777655	5	0	0
14	36000001	0.798894	0.777655	5	0	0
14	36500001	0.753376	0.777655	5	0	0
14	37000001	0.747131	0.777655	5	0	0
14	37500001	0.754108	0.777655	5	0	0
14	38000001	0.779144	0.777655	5	0	0
14	38500001	0.793078	0.777655	5	0	0
14	39000001	0.728853	0.777655	5	0	0
14	39500001	0.793653	0.777655	5	0	0
14	40000001	0.797222	0.777655	5	0	0
14	40500001	0.742671	0.777655	5	0	0
14	41000001	0.765022	0.777655	5	0	0
14	41500001	0.762653	0.777655	5	0	0
14	42000001	0.752971	0.777655	5	0	0
14	42500001	0.783427	0.777655	5	0	0
14	43000001	0.784926	0.777655	5	0	0
14	43500001	0.7575	0.777655	5	0	0
14	44000001	0.758939	0.777655	5	0	0
14	44500001	0.775425	0.777655	5	0	0
14	45000001	0.779094	0.777655	5	0	0
14	45500001	0.791114	0.777655	5	0	0
14	46000001	0.807515	0.777655	5	0	0
14	46500001	0.83511	0.777655	5	0	0
14	47000001	0.96072	0.942132	6	0	0
14	47500001	0.927705	0.942132	6	0	0
14	48000001	0.942132	0.942132	6	0	0
14	48500001	0.964984	0.942132	6	0	0
14	49000001	0.923263	0.942132	6	0	0
14	49500001	0.883265	0.942132	6	0	0
14	50000001	0.925169	0.942132	6	0	0
14	50500001	0.928563	0.942132	6	0	0
14	51000001	0.949001	0.942132	6	0	0
14	51500001	0.943916	0.942132	6	0	0
14	52000001	0.966879	0.942132	6	0	0
14	52500001	0.897164	0.942132	6	0	0
14	53000001	0.985269	0.942132	6	0	0
14	53500001	0.9358	0.942132	6	0	0
14	54000001	0.95304	0.942132	6	0	0
14	54500001	0.943053	0.942132	6	0	0
14	55000001	0.952451	0.942132	6	0	0
14	55500001	0.975729	0.942132	6	0	0
14	56000001	0.954913	0.942132	6	0	0
14	56500001	0.927233	0.942132	6	0	0
14	57000001	0.904548	0.942132	6	0	0
14	57500001	0.79195	0.942132	6	0	0
14	58000001	0.890934	0.942132	6	0	0
14	58500001	1.14342	1.12435	7	0	0
14	59000001	1.10528	1.12435	7	0	0
14	59500001	0.889211	0.889211	5	0	0
14	60000001	0.773816	0.767868	5	0	0
14	60500001	0.745604	0.767868	5	0	0
14	61000001	0.786985	0.767868	5	0	0
14	61500001	0.774472	0.767868	5	0	0
14	62000001	0.794103	0.767868	5	0	0
14	62500001	0.750933	0.767868	5	0	0
14	63000001	0.752054	0.767868	5	0	0
14	63500001	0.726077	0.767868	5	0	0
14	64000001	0.751876	0.767868	5	0	0
14	64500001	0.755577	0.767868	5	0	0
14	65000001	0.754153	0.767868	5	0	0
14	65500001	0.801151	0.767868	5	0	0
14	66000001	0.775823	0.767868	5	0	0
14	66500001	0.784187	0.767868	5	0	0
14	67000001	0.750712	0.767868	5	0	0
14	67500001	0.765861	0.767868	5	0	0
14	68000001	0.805723	0.767868	5	0	0
14	68500001	0.807821	0.767868	5	0	0
14	69000001	0.764493	0.767868	5	0	0
14	69500001	0.809268	0.767868	5	0	0
14	70000001	0.765901	0.767868	5	0	0
14	70500001	0.773852	0.767868	5	0	0
14	71000001	0.785132	0.767868	5	0	0
14	71500001	0.803785	0.767868	5	0	0
14	72000001	0.786376	0.767868	5	0	0
14	72500001	0.78691	0.767868	5	0	0
14	73000001	0.747962	0.767868	5	0	0
14	73500001	0.751251	0.767868	5	0	0
14	74000001	0.769416	0.767868	5	0	0
14	74500001	0.784228	0.767868	5	0	0
14	75000001	0.752134	0.767868	5	0	0
14	75500001	0.782086	0.767868	5	0	0
14	76000001	0.77026	0.767868	5	0	0
14	76500001	0.787851	0.767868	5	0	0
14	77000001	0.799239	0.767868	5	0	0
14	77500001	0.734389	0.767868	5	0	0
14	78000001	0.759504	0.767868	5	0	0
14	78500001	0.768887	0.767868	5	0	0
14	79000001	0.758039	0.767868	5	0	0
14	79500001	0.769165	0.767868	5	0	0
14	80000001	0.760397	0.767868	5	0	0
14	80500001	0.75715	0.767868	5	0	0
14	81000001	0.801932	0.767868	5	0	0
14	81500001	0.783451	0.767868	5	0	0
14	82000001	0.757269	0.767868	5	0	0
14	82500001	0.773535	0.767868	5	0	0
14	83000001	0.785623	0.767868	5	0	0
14	83500001	0.762601	0.767868	5	0	0
14	84000001	0.740613	0.767868	5	0	0
14	84500001	0.787114	0.767868	5	0	0
14	85000001	0.75522	0.767868	5	0	0
14	85500001	0.79588	0.767868	5	0	0
14	86000001	0.734295	0.767868	5	0	0
14	86500001	0.750471	0.767868	5	0	0
14	87000001	0.725139	0.767868	5	0	0
14	87500001	0.758921	0.767868	5	0	0
14	88000001	0.764198	0.767868	5	0	0
14	88500001	0.756677	0.767868	5	0	0
14	89000001	0.72849	0.767868	5	0	0
14	89500001	0.763161	0.767868	5	0	0
14	90000001	0.762864	0.767868	5	0	0
14	90500001	0.767868	0.767868	5	0	0
14	91000001	0.714035	0.767868	5	0	0
14	91500001	0.781106	0.767868	5	0	0
14	92000001	0.772595	0.767868	5	0	0
14	92500001	0.791254	0.767868	5	0	0
14	93000001	0.738884	0.767868	5	0	0
14	93500001	0.780362	0.767868	5	0	0
14	94000001	0.803059	0.767868	5	0	0
14	94500001	0.762523	0.767868	5	0	0
14	95000001	0.766291	0.767868	5	0	0
14	95500001	0.783991	0.767868	5	0	0
14	96000001	0.764076	0.767868	5	0	0
14	96500001	0.747984	0.767868	5	0	0
14	97000001	0.800518	0.767868	5	0	0
14	97500001	0.76828	0.767868	5	0	0
14	98000001	0.772142	0.767868	5	0	0
14	98500001	0.791685	0.767868	5	0	0
14	99000001	0.74449	0.767868	5	0	0
14	99500001	0.767476	0.767868	5	0	0
14	100000001	0.730833	0.767868	5	0	0
14	100500001	0.782542	0.767868	5	0	0
14	101000001	0.796686	0.767868	5	0	0
14	101500001	0.754745	0.767868	5	0	0
14	102000001	0.772045	0.767868	5	0	0
14	102500001	0.714341	0.767868	5	0	0
14	103000001	0.781149	0.767868	5	0	0
14	103500001	0.721385	0.767868	5	0	0
14	104000001	0.741079	0.767868	5	0	0
14	104500001	0.817983	0.767868	5	0	0
14	105000001	0.828538	0.767868	5	0	0
14	105500001	0.831693	0.767868	5	0	0
14	106000001	0.705761	0.767868	5	0	0
14	106500001	-1	-1	-1	0	0
14	107000001	-1	-1	-1	0	0
15	1	-1	-1	-1	0	0
15	500001	-1	-1	-1	0	0
15	1000001	-1	-1	-1	0	0
15	1500001	-1	-1	-1	0	0
15	2000001	-1	-1	-1	0	0
15	2500001	-1	-1	-1	0	0
15	3000001	-1	-1	-1	0	0
15	3500001	-1	-1	-1	0	0
15	4000001	-1	-1	-1	0	0
15	4500001	-1	-1	-1	0	0
15	5000001	-1	-1	-1	0	0
15	5500001	-1	-1	-1	0	0
15	6000001	-1	-1	-1	0	0
15	6500001	-1	-1	-1	0	0
15	7000001	-1	-1	-1	0	0
15	7500001	-1	-1	-1	0	0
15	8000001	-1	-1	-1	0	0
15	8500001	-1	-1	-1	0	0
15	9000001	-1	-1	-1	0	0
15	9500001	-1	-1	-1	0	0
15	10000001	-1	-1	-1	0	0
15	10500001	-1	-1	-1	0	0
15	11000001	-1	-1	-1	0	0
15	11500001	-1	-1	-1	0	0
15	12000001	-1	-1	-1	0	0
15	12500001	-1	-1	-1	0	0
15	13000001	-1	-1	-1	0	0
15	13500001	-1	-1	-1	0	0
15	14000001	-1	-1	-1	0	0
15	14500001	-1	-1	-1	0	0
15	15000001	-1	-1	-1	0	0
15	15500001	-1	-1	-1	0	0
15	16000001	-1	-1	-1	0	0
15	16500001	-1	-1	-1	0	0
15	17000001	0.549988	0.614201	4	0	0
15	17500001	0.614201	0.614201	4	0	0
15	18000001	0.803517	0.614201	4	0	0
15	18500001	1.14471	1.03674	6	0	0
15	19000001	1.03674	1.03674	6	0	0
15	19500001	0.892436	1.03674	6	0	0
15	20000001	1.44282	1.44282	9	0	0
15	20500001	0.982989	0.909189	5	0	0
15	21000001	0.83539	0.909189	5	0	0
15	21500001	0.312043	0.312043	2	0	0
15	22000001	0.534091	0.679299	4	0	0
15	22500001	0.647199	0.679299	4	0	0
15	23000001	0.693464	0.679299	4	0	0
15	23500001	0.671497	0.679299	4	0	0
15	24000001	0.813816	0.679299	4	0	0
15	24500001	0.695216	0.679299	4	0	0
15	25000001	0.666664	0.679299	4	0	0
15	25500001	0.652341	0.679299	4	0	0
15	26000001	0.681929	0.679299	4	0	0
15	26500001	0.648111	0.679299	4	0	0
15	27000001	0.693466	0.679299	4	0	0
15	27500001	0.683166	0.679299	4	0	0
15	28000001	0.67716	0.679299	4	0	0
15	28500001	0.661143	0.679299	4	0	0
15	29000001	0.651559	0.679299	4	0	0
15	29500001	0.633352	0.679299	4	0	0
15	30000001	0.648734	0.679299	4	0	0
15	30500001	0.692425	0.679299	4	0	0
15	31000001	0.69348	0.679299	4	0	0
15	31500001	0.666311	0.679299	4	0	0
15	32000001	0.604164	0.679299	4	0	0
15	32500001	0.674448	0.679299	4	0	0
15	33000001	0.659362	0.679299	4	0	0
15	33500001	0.695415	0.679299	4	0	0
15	34000001	0.630486	0.679299	4	0	0
15	34500001	0.65996	0.679299	4	0	0
15	35000001	0.674833	0.679299	4	0	0
15	35500001	0.708043	0.679299	4	0	0
15	36000001	0.68603	0.679299	4	0	0
15	36500001	0.698111	0.679299	4	0	0
15	37000001	0.700726	0.679299	4	0	0
15	37500001	0.669706	0.679299	4	0	0
15	38000001	0.68571	0.679299	4	0	0
15	38500001	0.701853	0.679299	4	0	0
15	39000001	0.688092	0.679299	4	0	0
15	39500001	0.705914	0.679299	4	0	0
15	40000001	0.689802	0.679299	4	0	0
15	40500001	0.703026	0.679299	4	0	0
15	41000001	0.656143	0.679299	4	0	0
15	41500001	0.651465	0.679299	4	0	0
15	42000001	0.672714	0.679299	4	0	0
15	42500001	0.662598	0.679299	4	0	0
15	43000001	0.689023	0.679299	4	0	0
15	43500001	0.680145	0.679299	4	0	0
15	44000001	0.659847	0.679299	4	0	0
15	44500001	0.686372	0.679299	4	0	0
15	45000001	0.673268	0.679299	4	0	0
15	45500001	0.678453	0.679299	4	0	0
15	46000001	0.712283	0.679299	4	0	0
15	46500001	0.694111	0.679299	4	0	0
15	47000001	0.687852	0.679299	4	0	0
15	47500001	0.714858	0.679299	4	0	0
15	48000001	0.698908	0.679299	4	0	0
15	48500001	0.698263	0.679299	4	0	0
15	49000001	0.67736	0.679299	4	0	0
15	49500001	0.710215	0.679299	4	0	0
15	50000001	0.639802	0.679299	4	0	0
15	50500001	0.654785	0.679299	4	0	0
15	51000001	0.72201	0.679299	4	0	0
15	51500001	0.672034	0.679299	4	0	0
15	52000001	0.686964	0.679299	4	0	0
15	52500001	0.691007	0.679299	4	0	0
15	53000001	0.656593	0.679299	4	0	0
15	53500001	0.689364	0.679299	4	0	0
15	54000001	0.699935	0.679299	4	0	0
15	54500001	0.708717	0.679299	4	0	0
15	55000001	0.689568	0.679299	4	0	0
15	55500001	0.663408	0.679299	4	0	0
15	56000001	0.69487	0.679299	4	0	0
15	56500001	0.699246	0.679299	4	0	0
15	57000001	0.669082	0.679299	4	0	0
15	57500001	0.731483	0.679299	4	0	0
15	58000001	0.712475	0.679299	4	0	0
15	58500001	0.671006	0.679299	4	0	0
15	59000001	0.663503	0.679299	4	0	0
15	59500001	0.654893	0.679299	4	0	0
15	60000001	0.66196	0.679299	4	0	0
15	60500001	0.670088	0.679299	4	0	0
15	61000001	0.674573	0.679299	4	0	0
15	61500001	0.701377	0.679299	4	0	0
15	62000001	0.663173	0.679299	4	0	0
15	62500001	0.714959	0.679299	4	0	0
15	63000001	0.672478	0.679299	4	0	0
15	63500001	0.675345	0.679299	4	0	0
15	64000001	0.669283	0.679299	4	0	0
15	64500001	0.672556	0.679299	4	0	0
15	65000001	0.68491	0.679299	4	0	0
15	65500001	0.683104	0.679299	4	0	0
15	66000001	0.67203	0.679299	4	0	0
15	66500001	0.712446	0.679299	4	0	0
15	67000001	0.649045	0.679299	4	0	0
15	67500001	0.683435	0.679299	4	0	0
15	68000001	0.642496	0.679299	4	0	0
15	68500001	0.648813	0.679299	4	0	0
15	69000001	0.692344	0.679299	4	0	0
15	69500001	0.693631	0.679299	4	0	0
15	70000001	0.703792	0.679299	4	0	0
15	70500001	0.690598	0.679299	4	0	0
15	71000001	0.652593	0.679299	4	0	0
15	71500001	0.681641	0.679299	4	0	0
15	72000001	0.686145	0.679299	4	0	0
15	72500001	0.717479	0.679299	4	0	0
15	73000001	0.674641	0.679299	4	0	0
15	73500001	0.717597	0.679299	4	0	0
15	74000001	0.723805	0.679299	4	0	0
15	74500001	0.689602	0.679299	4	0	0
15	75000001	0.657222	0.679299	4	0	0
15	75500001	0.685334	0.679299	4	0	0
15	76000001	0.684758	0.679299	4	0	0
15	76500001	0.639672	0.679299	4	0	0
15	77000001	0.674354	0.679299	4	0	0
15	77500001	0.695979	0.679299	4	0	0
15	78000001	0.664804	0.679299	4	0	0
15	78500001	0.687483	0.679299	4	0	0
15	79000001	0.643978	0.679299	4	0	0
15	79500001	0.673549	0.679299	4	0	0
15	80000001	0.691035	0.679299	4	0	0
15	80500001	0.694585	0.679299	4	0	0
15	81000001	0.706028	0.679299	4	0	0
15	81500001	0.709424	0.679299	4	0	0
15	82000001	0.708619	0.679299	4	0	0
15	82500001	0.662239	0.679299	4	0	0
15	83000001	0.686522	0.679299	4	0	0
15	83500001	0.704633	0.679299	4	0	0
15	84000001	0.622671	0.679299	4	0	0
15	84500001	0.719041	0.679299	4	0	0
15	85000001	0.654853	0.679299	4	0	0
15	85500001	0.693828	0.679299	4	0	0
15	86000001	0.70394	0.679299	4	0	0
15	86500001	0.674812	0.679299	4	0	0
15	87000001	0.698722	0.679299	4	0	0
15	87500001	0.670875	0.679299	4	0	0
15	88000001	0.723629	0.679299	4	0	0
15	88500001	0.693866	0.679299	4	0	0
15	89000001	0.683097	0.679299	4	0	0
15	89500001	0.620453	0.679299	4	0	0
15	90000001	0.659228	0.679299	4	0	0
15	90500001	0.659053	0.679299	4	0	0
15	91000001	0.667095	0.679299	4	0	0
15	91500001	0.700669	0.679299	4	0	0
15	92000001	0.70882	0.679299	4	0	0
15	92500001	0.649375	0.679299	4	0	0
15	93000001	0.664104	0.679299	4	0	0
15	93500001	0.689248	0.679299	4	0	0
15	94000001	0.671173	0.679299	4	0	0
15	94500001	0.671951	0.679299	4	0	0
15	95000001	0.669818	0.679299	4	0	0
15	95500001	0.686737	0.679299	4	0	0
15	96000001	0.678263	0.679299	4	0	0
15	96500001	0.633967	0.679299	4	0	0
15	97000001	0.663889	0.679299	4	0	0
15	97500001	0.667558	0.679299	4	0	0
15	98000001	0.654403	0.679299	4	0	0
15	98500001	0.657577	0.679299	4	0	0
15	99000001	0.682294	0.679299	4	0	0
15	99500001	0.661683	0.679299	4	0	0
15	100000001	0.671123	0.679299	4	0	0
15	100500001	0.664202	0.679299	4	0	0
15	101000001	0.724266	0.811906	5	0	0
15	101500001	0.899546	0.811906	5	0	0
16	1	0.640181	0.637137	4	0	0
16	500001	0.680502	0.637137	4	0	0
16	1000001	0.68404	0.637137	4	0	0
16	1500001	0.639801	0.637137	4	0	0
16	2000001	0.669136	0.637137	4	0	0
16	2500001	0.641697	0.637137	4	0	0
16	3000001	0.60714	0.637137	4	0	0
16	3500001	0.637866	0.637137	4	0	0
16	4000001	0.620306	0.637137	4	0	0
16	4500001	0.62944	0.637137	4	0	0
16	5000001	0.641161	0.637137	4	0	0
16	5500001	0.619551	0.637137	4	0	0
16	6000001	0.606297	0.637137	4	0	0
16	6500001	0.636862	0.637137	4	0	0
16	7000001	0.610572	0.637137	4	0	0
16	7500001	0.643865	0.637137	4	0	0
16	8000001	0.612325	0.637137	4	0	0
16	8500001	0.621321	0.637137	4	0	0
16	9000001	0.605779	0.637137	4	0	0
16	9500001	0.63127	0.637137	4	0	0
16	10000001	0.598084	0.637137	4	0	0
16	10500001	0.650902	0.637137	4	0	0
16	11000001	0.650216	0.637137	4	0	0
16	11500001	0.615051	0.637137	4	0	0
16	12000001	0.654012	0.637137	4	0	0
16	12500001	0.631118	0.637137	4	0	0
16	13000001	0.655399	0.637137	4	0	0
16	13500001	0.675545	0.637137	4	0	0
16	14000001	0.621669	0.637137	4	0	0
16	14500001	0.705055	0.637137	4	0	0
16	15000001	0.637412	0.637137	4	0	0
16	15500001	0.62832	0.637137	4	0	0
16	16000001	0.712827	0.637137	4	0	0
16	16500001	0.64567	0.637137	4	0	0
16	17000001	0.612557	0.637137	4	0	0
16	17500001	0.640652	0.637137	4	0	0
16	18000001	0.658503	0.637137	4	0	0
16	18500001	0.629651	0.637137	4	0	0
16	19000001	0.620101	0.637137	4	0	0
16	19500001	0.617503	0.637137	4	0	0
16	20000001	0.649489	0.637137	4	0	0
16	20500001	0.634519	0.637137	4	0	0
16	21000001	0.701694	0.701694	4	0	0
16	21500001	0.778869	0.701694	4	0	0
16	22000001	0.688063	0.701694	4	0	0
16	22500001	0.901219	0.901219	5	0	0
16	23000001	0.623425	0.639804	4	0	0
16	23500001	0.634705	0.639804	4	0	0
16	24000001	0.679393	0.639804	4	0	0
16	24500001	0.617099	0.639804	4	0	0
16	25000001	0.649345	0.639804	4	0	0
16	25500001	0.695267	0.639804	4	0	0
16	26000001	0.638824	0.639804	4	0	0
16	26500001	0.66516	0.639804	4	0	0
16	27000001	0.650983	0.639804	4	0	0
16	27500001	0.669387	0.639804	4	0	0
16	28000001	0.636953	0.639804	4	0	0
16	28500001	0.594823	0.639804	4	0	0
16	29000001	0.632253	0.639804	4	0	0
16	29500001	0.643056	0.639804	4	0	0
16	30000001	0.640733	0.639804	4	0	0
16	30500001	0.640113	0.639804	4	0	0
16	31000001	0.639494	0.639804	4	0	0
16	31500001	0.641017	0.639804	4	0	0
16	32000001	0.609853	0.639804	4	0	0
16	32500001	0.597779	0.639804	4	0	0
16	33000001	-1	0.639804	4	0	0
16	33500001	0.537584	0.639804	4	0	0
16	34000001	0.647606	0.639804	4	0	0
16	34500001	2.61691	2.61691	16	0	0
16	35000001	0.600229	0.663553	4	0	0
16	35500001	0.663553	0.663553	4	0	0
16	36000001	0.680108	0.663553	4	0	0
16	36500001	0.467533	-1	-1	0	0
16	37000001	0.409511	-1	-1	0	0
16	37500001	0.428118	-1	-1	0	0
16	38000001	-1	-1	-1	0	0
16	38500001	-1	-1	-1	0	0
16	39000001	-1	-1	-1	0	0
16	39500001	-1	-1	-1	0	0
16	40000001	-1	-1	-1	0	0
16	40500001	-1	-1	-1	0	0
16	41000001	-1	-1	-1	0	0
16	41500001	-1	-1	-1	0	0
16	42000001	-1	-1	-1	0	0
16	42500001	-1	-1	-1	0	0
16	43000001	-1	-1	-1	0	0
16	43500001	-1	-1	-1	0	0
16	44000001	-1	-1	-1	0	0
16	44500001	-1	-1	-1	0	0
16	45000001	-1	-1	-1	0	0
16	45500001	-1	-1	-1	0	0
16	46000001	-1	-1	-1	0	0
16	46500001	0.609941	-1	-1	0	0
16	47000001	0.645442	0.632759	4	0	0
16	47500001	0.65454	0.632759	4	0	0
16	48000001	0.609518	0.632759	4	0	0
16	48500001	0.661469	0.632759	4	0	0
16	49000001	0.637558	0.632759	4	0	0
16	49500001	0.649304	0.632759	4	0	0
16	50000001	0.609322	0.632759	4	0	0
16	50500001	0.647038	0.632759	4	0	0
16	51000001	0.60565	0.632759	4	0	0
16	51500001	0.65894	0.632759	4	0	0
16	52000001	0.672634	0.632759	4	0	0
16	52500001	0.648445	0.632759	4	0	0
16	53000001	0.626042	0.632759	4	0	0
16	53500001	0.633505	0.632759	4	0	0
16	54000001	0.618941	0.632759	4	0	0
16	54500001	0.619154	0.632759	4	0	0
16	55000001	0.661425	0.632759	4	0	0
16	55500001	0.684323	0.632759	4	0	0
16	56000001	0.663001	0.632759	4	0	0
16	56500001	0.615552	0.632759	4	0	0
16	57000001	0.634136	0.632759	4	0	0
16	57500001	0.657009	0.632759	4	0	0
16	58000001	0.644102	0.632759	4	0	0
16	58500001	0.617385	0.632759	4	0	0
16	59000001	0.63329	0.632759	4	0	0
16	59500001	0.635762	0.632759	4	0	0
16	60000001	0.638454	0.632759	4	0	0
16	60500001	0.615529	0.632759	4	0	0
16	61000001	0.633709	0.632759	4	0	0
16	61500001	0.651606	0.632759	4	0	0
16	62000001	0.65639	0.632759	4	0	0
16	62500001	0.632228	0.632759	4	0	0
16	63000001	0.65909	0.632759	4	0	0
16	63500001	0.63987	0.632759	4	0	0
16	64000001	0.625805	0.632759	4	0	0
16	64500001	0.613431	0.632759	4	0	0
16	65000001	0.628981	0.632759	4	0	0
16	65500001	0.657689	0.632759	4	0	0
16	66000001	0.681807	0.632759	4	0	0
16	66500001	0.628792	0.632759	4	0	0
16	67000001	0.612136	0.632759	4	0	0
16	67500001	0.620345	0.632759	4	0	0
16	68000001	0.625592	0.632759	4	0	0
16	68500001	0.623107	0.632759	4	0	0
16	69000001	0.611292	0.632759	4	0	0
16	69500001	0.602164	0.632759	4	0	0
16	70000001	0.625832	0.632759	4	0	0
16	70500001	0.671317	0.632759	4	0	0
16	71000001	0.665693	0.632759	4	0	0
16	71500001	0.627809	0.632759	4	0	0
16	72000001	0.676128	0.632759	4	0	0
16	72500001	0.622098	0.632759	4	0	0
16	73000001	0.63817	0.632759	4	0	0
16	73500001	0.612234	0.632759	4	0	0
16	74000001	0.615938	0.632759	4	0	0
16	74500001	0.62839	0.632759	4	0	0
16	75000001	0.619798	0.632759	4	0	0
16	75500001	0.651693	0.632759	4	0	0
16	76000001	0.618306	0.632759	4	0	0
16	76500001	0.63878	0.632759	4	0	0
16	77000001	0.615338	0.632759	4	0	0
16	77500001	0.603269	0.632759	4	0	0
16	78000001	0.499833	0.632759	4	0	0
16	78500001	0.617457	0.632759	4	0	0
16	79000001	0.616304	0.632759	4	0	0
16	79500001	0.625365	0.632759	4	0	0
16	80000001	0.625803	0.632759	4	0	0
16	80500001	0.625373	0.632759	4	0	0
16	81000001	0.625798	0.632759	4	0	0
16	81500001	0.639784	0.632759	4	0	0
16	82000001	0.616829	0.632759	4	0	0
16	82500001	0.644898	0.632759	4	0	0
16	83000001	0.632129	0.632759	4	0	0
16	83500001	0.692542	0.632759	4	0	0
16	84000001	0.650033	0.632759	4	0	0
16	84500001	0.628035	0.632759	4	0	0
16	85000001	0.693093	0.632759	4	0	0
16	85500001	0.667403	0.632759	4	0	0
16	86000001	0.671618	0.632759	4	0	0
16	86500001	0.603837	0.632759	4	0	0
16	87000001	0.620468	0.632759	4	0	0
16	87500001	0.645093	0.632759	4	0	0
16	88000001	0.647183	0.632759	4	0	0
16	88500001	0.672324	0.632759	4	0	0
16	89000001	0.65263	0.632759	4	0	0
16	89500001	0.618502	0.632759	4	0	0
16	90000001	-1	-1	-1	0	0
17	1	-1	-1	-1	0	0
17	500001	1.03871	1.04055	6	0	0
17	1000001	1.07187	1.04055	6	0	0
17	1500001	1.00705	1.04055	6	0	0
17	2000001	1.01748	1.04055	6	0	0
17	2500001	0.952379	1.04055	6	0	0
17	3000001	1.01332	1.04055	6	0	0
17	3500001	1.04271	1.04055	6	0	0
17	4000001	1.01271	1.04055	6	0	0
17	4500001	1.06179	1.04055	6	0	0
17	5000001	0.994859	1.04055	6	0	0
17	5500001	1.10939	1.04055	6	0	0
17	6000001	1.08137	1.04055	6	0	0
17	6500001	1.0489	1.04055	6	0	0
17	7000001	1.06727	1.04055	6	0	0
17	7500001	1.0179	1.04055	6	0	0
17	8000001	1.0336	1.04055	6	0	0
17	8500001	1.0258	1.04055	6	0	0
17	9000001	1.03876	1.04055	6	0	0
17	9500001	1.01042	1.04055	6	0	0
17	10000001	1.02991	1.04055	6	0	0
17	10500001	1.01663	1.04055	6	0	0
17	11000001	1.06326	1.04055	6	0	0
17	11500001	1.04055	1.04055	6	0	0
17	12000001	1.04235	1.04055	6	0	0
17	12500001	1.00824	1.04055	6	0	0
17	13000001	1.06574	1.04055	6	0	0
17	13500001	1.04085	1.04055	6	0	0
17	14000001	1.02877	1.04055	6	0	0
17	14500001	1.07812	1.04055	6	0	0
17	15000001	1.08496	1.04055	6	0	0
17	15500001	1.06969	1.04055	6	0	0
17	16000001	0.996881	1.04055	6	0	0
17	16500001	1.04004	1.04055	6	0	0
17	17000001	1.09539	1.04055	6	0	0
17	17500001	1.11321	1.04055	6	0	0
17	18000001	1.15015	1.04055	6	0	0
17	18500001	1.04322	1.04055	6	0	0
17	19000001	1.07212	1.04055	6	0	0
17	19500001	0.994333	1.04055	6	0	0
17	20000001	1.04329	1.04055	6	0	0
17	20500001	1.01278	1.04055	6	0	0
17	21000001	1.14161	1.15185	7	0	0
17	21500001	1.5057	1.15185	7	0	0
17	22000001	1.15185	1.15185	7	0	0
17	22500001	1.27192	1.15185	7	0	0
17	23000001	1.00697	1.15185	7	0	0
17	23500001	0.441091	0.45358	3	0	0
17	24000001	0.551609	0.45358	3	0	0
17	24500001	0.38815	0.45358	3	0	0
17	25000001	0.681091	0.45358	3	0	0
17	25500001	0.466068	0.45358	3	0	0
17	26000001	0.206565	0.45358	3	0	0
17	26500001	3.66659	3.66659	22	0	0
17	27000001	1.04264	1.04921	6	0	0
17	27500001	1.09691	1.04921	6	0	0
17	28000001	1.03135	1.04921	6	0	0
17	28500001	1.04167	1.04921	6	0	0
17	29000001	1.01153	1.04921	6	0	0
17	29500001	1.00586	1.04921	6	0	0
17	30000001	1.04594	1.04921	6	0	0
17	30500001	0.98567	1.04921	6	0	0
17	31000001	1.03682	1.04921	6	0	0
17	31500001	1.00499	1.04921	6	0	0
17	32000001	1.05902	1.04921	6	0	0
17	32500001	1.05925	1.04921	6	0	0
17	33000001	1.07475	1.04921	6	0	0
17	33500001	1.11737	1.04921	6	0	0
17	34000001	1.10601	1.04921	6	0	0
17	34500001	1.11102	1.04921	6	0	0
17	35000001	1.06148	1.04921	6	0	0
17	35500001	0.99561	1.04921	6	0	0
17	36000001	1.01116	1.04921	6	0	0
17	36500001	1.11488	1.04921	6	0	0
17	37000001	1.05091	1.04921	6	0	0
17	37500001	0.980292	1.04921	6	0	0
17	38000001	0.797836	1.04921	6	0	0
17	38500001	1.00944	1.04921	6	0	0
17	39000001	1.01636	1.04921	6	0	0
17	39500001	1.01966	1.04921	6	0	0
17	40000001	1.06738	1.04921	6	0	0
17	40500001	1.07784	1.04921	6	0	0
17	41000001	1.02285	1.04921	6	0	0
17	41500001	1.11332	1.04921	6	0	0
17	42000001	1.04999	1.04921	6	0	0
17	42500001	1.01056	1.04921	6	0	0
17	43000001	0.989316	1.04921	6	0	0
17	43500001	1.06982	1.04921	6	0	0
17	44000001	1.04316	1.04921	6	0	0
17	44500001	1.03882	1.04921	6	0	0
17	45000001	1.04545	1.04921	6	0	0
17	45500001	1.16614	1.04921	6	0	0
17	46000001	0.779118	1.04921	6	0	0
17	46500001	0.89761	1.04921	6	0	0
17	47000001	1.01143	1.04921	6	0	0
17	47500001	1.05524	1.04921	6	0	0
17	48000001	1.06824	1.04921	6	0	0
17	48500001	1.02529	1.04921	6	0	0
17	49000001	1.04407	1.04921	6	0	0
17	49500001	1.09493	1.04921	6	0	0
17	50000001	1.10046	1.04921	6	0	0
17	50500001	1.03128	1.04921	6	0	0
17	51000001	1.02361	1.04921	6	0	0
17	51500001	1.10314	1.04921	6	0	0
17	52000001	1.05207	1.04921	6	0	0
17	52500001	1.03812	1.04921	6	0	0
17	53000001	1.07209	1.04921	6	0	0
17	53500001	1.08964	1.04921	6	0	0
17	54000001	1.11515	1.04921	6	0	0
17	54500001	1.06606	1.04921	6	0	0
17	55000001	1.06958	1.04921	6	0	0
17	55500001	1.0759	1.04921	6	0	0
17	56000001	1.09219	1.04921	6	0	0
17	56500001	1.04921	1.04921	6	0	0
17	57000001	1.06386	1.04921	6	0	0
17	57500001	1.08091	1.04921	6	0	0
17	58000001	1.04607	1.04921	6	0	0
17	58500001	1.01109	1.04921	6	0	0
17	59000001	0.981161	1.04921	6	0	0
17	59500001	0.98897	1.04921	6	0	0
17	60000001	1.02693	1.04921	6	0	0
17	60500001	1.0192	1.04921	6	0	0
17	61000001	1.05983	1.04921	6	0	0
17	61500001	1.00334	1.04921	6	0	0
17	62000001	1.00499	1.04921	6	0	0
17	62500001	1.02966	1.04921	6	0	0
17	63000001	1.06662	1.04921	6	0	0
17	63500001	1.08205	1.04921	6	0	0
17	64000001	1.04484	1.04921	6	0	0
17	64500001	1.01083	1.04921	6	0	0
17	65000001	1.0706	1.04921	6	0	0
17	65500001	1.02841	1.04921	6	0	0
17	66000001	1.0179	1.04921	6	0	0
17	66500001	1.0681	1.04921	6	0	0
17	67000001	0.979675	1.04921	6	0	0
17	67500001	1.02528	1.04921	6	0	0
17	68000001	1.04306	1.04921	6	0	0
17	68500001	1.04714	1.04921	6	0	0
17	69000001	1.05971	1.04921	6	0	0
17	69500001	1.07333	1.04921	6	0	0
17	70000001	1.07566	1.04921	6	0	0
17	70500001	1.05306	1.04921	6	0	0
17	71000001	1.07981	1.04921	6	0	0
17	71500001	1.08394	1.04921	6	0	0
17	72000001	1.08599	1.04921	6	0	0
17	72500001	1.0351	1.04921	6	0	0
17	73000001	1.05665	1.04921	6	0	0
17	73500001	1.11227	1.04921	6	0	0
17	74000001	1.10562	1.04921	6	0	0
17	74500001	1.09674	1.04921	6	0	0
17	75000001	1.05457	1.04921	6	0	0
17	75500001	1.06739	1.04921	6	0	0
17	76000001	1.04644	1.04921	6	0	0
17	76500001	1.04588	1.04921	6	0	0
17	77000001	1.0039	1.04921	6	0	0
17	77500001	1.08105	1.04921	6	0	0
17	78000001	1.02519	1.04921	6	0	0
17	78500001	1.04793	1.04921	6	0	0
17	79000001	1.12371	1.04921	6	0	0
17	79500001	1.08074	1.04921	6	0	0
17	80000001	1.02425	1.04921	6	0	0
17	80500001	1.11468	1.04921	6	0	0
17	81000001	1.1506	1.04921	6	0	0
17	81500001	1.04469	1.04921	6	0	0
17	82000001	1.12588	1.04921	6	0	0
17	82500001	1.05637	1.04921	6	0	0
17	83000001	0.561055	1.04921	6	0	0
18	1	2.13331	2.13331	13	0	0
18	500001	0.807873	0.831068	5	0	0
18	1000001	0.832547	0.831068	5	0	0
18	1500001	0.835474	0.831068	5	0	0
18	2000001	0.873847	0.831068	5	0	0
18	2500001	0.830173	0.831068	5	0	0
18	3000001	0.824889	0.831068	5	0	0
18	3500001	0.81831	0.831068	5	0	0
18	4000001	0.881114	0.831068	5	0	0
18	4500001	0.846486	0.831068	5	0	0
18	5000001	0.830798	0.831068	5	0	0
18	5500001	0.842768	0.831068	5	0	0
18	6000001	0.85843	0.831068	5	0	0
18	6500001	0.793177	0.831068	5	0	0
18	7000001	0.829981	0.831068	5	0	0
18	7500001	0.810455	0.831068	5	0	0
18	8000001	0.853735	0.831068	5	0	0
18	8500001	0.873739	0.831068	5	0	0
18	9000001	0.838703	0.831068	5	0	0
18	9500001	0.805178	0.831068	5	0	0
18	10000001	0.918766	0.831068	5	0	0
18	10500001	0.831068	0.831068	5	0	0
18	11000001	0.828062	0.831068	5	0	0
18	11500001	0.820191	0.831068	5	0	0
18	12000001	0.83829	0.831068	5	0	0
18	12500001	0.81637	0.831068	5	0	0
18	13000001	0.846754	0.831068	5	0	0
18	13500001	0.825283	0.831068	5	0	0
18	14000001	0.812967	0.831068	5	0	0
18	14500001	0.81017	0.831068	5	0	0
18	15000001	0.927197	0.831068	5	0	0
18	15500001	0.962399	0.831068	5	0	0
18	16000001	1.31606	1.31606	8	0	0
18	16500001	1.15069	1.0867	7	0	0
18	17000001	1.11984	1.0867	7	0	0
18	17500001	1.05356	1.0867	7	0	0
18	18000001	1.00842	1.0867	7	0	0
18	18500001	0.890397	0.827479	5	0	0
18	19000001	0.872743	0.827479	5	0	0
18	19500001	0.785028	0.827479	5	0	0
18	20000001	0.854031	0.827479	5	0	0
18	20500001	0.711083	0.827479	5	0	0
18	21000001	0.802389	0.827479	5	0	0
18	21500001	0.793504	0.827479	5	0	0
18	22000001	0.846538	0.827479	5	0	0
18	22500001	0.876869	0.827479	5	0	0
18	23000001	0.806263	0.827479	5	0	0
18	23500001	0.818966	0.827479	5	0	0
18	24000001	0.795514	0.827479	5	0	0
18	24500001	0.903033	0.827479	5	0	0
18	25000001	0.828102	0.827479	5	0	0
18	25500001	0.856041	0.827479	5	0	0
18	26000001	0.827479	0.827479	5	0	0
18	26500001	0.840882	0.827479	5	0	0
18	27000001	0.790988	0.827479	5	0	0
18	27500001	0.822344	0.827479	5	0	0
18	28000001	0.851089	0.827479	5	0	0
18	28500001	0.807963	0.827479	5	0	0
18	29000001	0.850534	0.827479	5	0	0
18	29500001	0.82718	0.827479	5	0	0
18	30000001	0.855882	0.827479	5	0	0
18	30500001	0.813518	0.827479	5	0	0
18	31000001	0.856164	0.827479	5	0	0
18	31500001	0.799034	0.827479	5	0	0
18	32000001	0.808967	0.827479	5	0	0
18	32500001	0.783616	0.827479	5	0	0
18	33000001	0.817905	0.827479	5	0	0
18	33500001	0.836907	0.827479	5	0	0
18	34000001	0.863625	0.827479	5	0	0
18	34500001	0.877234	0.827479	5	0	0
18	35000001	0.853498	0.827479	5	0	0
18	35500001	0.826768	0.827479	5	0	0
18	36000001	0.847913	0.827479	5	0	0
18	36500001	0.822157	0.827479	5	0	0
18	37000001	1.28419	1.12455	7	0	0
18	37500001	1.14215	1.12455	7	0	0
18	38000001	1.13099	1.12455	7	0	0
18	38500001	1.10074	1.12455	7	0	0
18	39000001	1.09861	1.12455	7	0	0
18	39500001	1.12455	1.12455	7	0	0
18	40000001	1.126	1.12455	7	0	0
18	40500001	1.13155	1.12455	7	0	0
18	41000001	1.08867	1.12455	7	0	0
18	41500001	1.14506	1.12455	7	0	0
18	42000001	1.1117	1.12455	7	0	0
18	42500001	1.08118	1.12455	7	0	0
18	43000001	1.11607	1.12455	7	0	0
18	43500001	1.11346	1.12455	7	0	0
18	44000001	1.12698	1.12455	7	0	0
18	44500001	1.12454	1.12455	7	0	0
18	45000001	1.18043	1.12455	7	0	0
18	45500001	1.15529	1.12455	7	0	0
18	46000001	0.927855	1.12455	7	0	0
18	46500001	0.554891	0.514287	3	0	0
18	47000001	0.604645	0.514287	3	0	0
18	47500001	0.519148	0.514287	3	0	0
18	48000001	0.560978	0.514287	3	0	0
18	48500001	0.540469	0.514287	3	0	0
18	49000001	0.50056	0.514287	3	0	0
18	49500001	0.534906	0.514287	3	0	0
18	50000001	0.501607	0.514287	3	0	0
18	50500001	0.533206	0.514287	3	0	0
18	51000001	0.52355	0.514287	3	0	0
18	51500001	0.54474	0.514287	3	0	0
18	52000001	0.523816	0.514287	3	0	0
18	52500001	0.489442	0.514287	3	0	0
18	53000001	0.511475	0.514287	3	0	0
18	53500001	0.513559	0.514287	3	0	0
18	54000001	0.523318	0.514287	3	0	0
18	54500001	0.495843	0.514287	3	0	0
18	55000001	0.513252	0.514287	3	0	0
18	55500001	0.52553	0.514287	3	0	0
18	56000001	0.516989	0.514287	3	0	0
18	56500001	0.525264	0.514287	3	0	0
18	57000001	0.525178	0.514287	3	0	0
18	57500001	0.514287	0.514287	3	0	0
18	58000001	0.509991	0.514287	3	0	0
18	58500001	0.4749	0.514287	3	0	0
18	59000001	0.517528	0.514287	3	0	0
18	59500001	0.496602	0.514287	3	0	0
18	60000001	0.521312	0.514287	3	0	0
18	60500001	0.54132	0.514287	3	0	0
18	61000001	0.5022	0.514287	3	0	0
18	61500001	0.513106	0.514287	3	0	0
18	62000001	0.529885	0.514287	3	0	0
18	62500001	0.534184	0.514287	3	0	0
18	63000001	0.513202	0.514287	3	0	0
18	63500001	0.51572	0.514287	3	0	0
18	64000001	0.526501	0.514287	3	0	0
18	64500001	0.500573	0.514287	3	0	0
18	65000001	0.486276	0.514287	3	0	0
18	65500001	0.504524	0.514287	3	0	0
18	66000001	0.530567	0.514287	3	0	0
18	66500001	0.536084	0.514287	3	0	0
18	67000001	0.50969	0.514287	3	0	0
18	67500001	0.502797	0.514287	3	0	0
18	68000001	0.500494	0.514287	3	0	0
18	68500001	0.498765	0.514287	3	0	0
18	69000001	0.497711	0.514287	3	0	0
18	69500001	0.503809	0.514287	3	0	0
18	70000001	0.514709	0.514287	3	0	0
18	70500001	0.543174	0.514287	3	0	0
18	71000001	0.503735	0.514287	3	0	0
18	71500001	0.524668	0.514287	3	0	0
18	72000001	0.506751	0.514287	3	0	0
18	72500001	0.489022	0.514287	3	0	0
18	73000001	0.499938	0.514287	3	0	0
18	73500001	0.508466	0.514287	3	0	0
18	74000001	0.527106	0.514287	3	0	0
18	74500001	0.490688	0.514287	3	0	0
18	75000001	0.515124	0.514287	3	0	0
18	75500001	0.517177	0.514287	3	0	0
18	76000001	0.520878	0.514287	3	0	0
18	76500001	0.494667	0.514287	3	0	0
18	77000001	0.534474	0.514287	3	0	0
18	77500001	0.485475	0.514287	3	0	0
18	78000001	0.539092	0.514287	3	0	0
18	78500001	0.513883	0.514287	3	0	0
18	79000001	0.485959	0.514287	3	0	0
18	79500001	0.492575	0.514287	3	0	0
18	80000001	-1	-1	-1	0	0
19	1	0.944551	0.977325	6	0	0
19	500001	1.05994	0.977325	6	0	0
19	1000001	1.02292	0.977325	6	0	0
19	1500001	0.961013	0.977325	6	0	0
19	2000001	0.986589	0.977325	6	0	0
19	2500001	0.940524	0.977325	6	0	0
19	3000001	0.964769	0.977325	6	0	0
19	3500001	0.979155	0.977325	6	0	0
19	4000001	1.02457	0.977325	6	0	0
19	4500001	0.941902	0.977325	6	0	0
19	5000001	1.01353	0.977325	6	0	0
19	5500001	0.981161	0.977325	6	0	0
19	6000001	0.977325	0.977325	6	0	0
19	6500001	0.947145	0.977325	6	0	0
19	7000001	0.986141	0.977325	6	0	0
19	7500001	0.970783	0.977325	6	0	0
19	8000001	0.905344	0.977325	6	0	0
19	8500001	1.38104	1.38104	8	0	0
19	9000001	0.974469	0.97783	6	0	0
19	9500001	0.950488	0.97783	6	0	0
19	10000001	0.951757	0.97783	6	0	0
19	10500001	0.949967	0.97783	6	0	0
19	11000001	0.963361	0.97783	6	0	0
19	11500001	0.981406	0.97783	6	0	0
19	12000001	0.946848	0.97783	6	0	0
19	12500001	0.96717	0.97783	6	0	0
19	13000001	0.965926	0.97783	6	0	0
19	13500001	0.988606	0.97783	6	0	0
19	14000001	0.980827	0.97783	6	0	0
19	14500001	0.973734	0.97783	6	0	0
19	15000001	0.987536	0.97783	6	0	0
19	15500001	1.04308	0.97783	6	0	0
19	16000001	0.982547	0.97783	6	0	0
19	16500001	0.97472	0.97783	6	0	0
19	17000001	0.963527	0.97783	6	0	0
19	17500001	0.972197	0.97783	6	0	0
19	18000001	1.00051	0.97783	6	0	0
19	18500001	1.01233	0.97783	6	0	0
19	19000001	1.02107	0.97783	6	0	0
19	19500001	0.969637	0.97783	6	0	0
19	20000001	0.98588	0.97783	6	0	0
19	20500001	0.996617	0.97783	6	0	0
19	21000001	0.978519	0.97783	6	0	0
19	21500001	0.987697	0.97783	6	0	0
19	22000001	1.00445	0.97783	6	0	0
19	22500001	0.974984	0.97783	6	0	0
19	23000001	0.97714	0.97783	6	0	0
19	23500001	0.980891	0.97783	6	0	0
19	24000001	1.20136	1.20136	7	0	0
19	24500001	0.970767	1.20136	7	0	0
19	25000001	1.20246	1.20136	7	0	0
19	25500001	1.37088	1.39388	8	0	0
19	26000001	1.41688	1.39388	8	0	0
19	26500001	1.9225	1.9225	12	0	0
19	27000001	2.60991	2.60991	16	0	0
19	27500001	1.06345	0.996525	6	0	0
19	28000001	1.02147	0.996525	6	0	0
19	28500001	1.0167	0.996525	6	0	0
19	29000001	1.02611	0.996525	6	0	0
19	29500001	0.999352	0.996525	6	0	0
19	30000001	1.04621	0.996525	6	0	0
19	30500001	1.02177	0.996525	6	0	0
19	31000001	1.01156	0.996525	6	0	0
19	31500001	1.05797	0.996525	6	0	0
19	32000001	0.962335	0.996525	6	0	0
19	32500001	0.967296	0.996525	6	0	0
19	33000001	1.02106	0.996525	6	0	0
19	33500001	1.0386	0.996525	6	0	0
19	34000001	0.987703	0.996525	6	0	0
19	34500001	1.02177	0.996525	6	0	0
19	35000001	1.03203	0.996525	6	0	0
19	35500001	1.00056	0.996525	6	0	0
19	36000001	1.16349	0.996525	6	0	0
19	36500001	0.933577	0.996525	6	0	0
19	37000001	1.06538	0.996525	6	0	0
19	37500001	0.958141	0.996525	6	0	0
19	38000001	0.99275	0.996525	6	0	0
19	38500001	0.964592	0.996525	6	0	0
19	39000001	0.971818	0.996525	6	0	0
19	39500001	1.07122	0.996525	6	0	0
19	40000001	0.944947	0.996525	6	0	0
19	40500001	0.969684	0.996525	6	0	0
19	41000001	1.01711	0.996525	6	0	0
19	41500001	0.98288	0.996525	6	0	0
19	42000001	1.01803	0.996525	6	0	0
19	42500001	0.978059	0.996525	6	0	0
19	43000001	1.04916	0.996525	6	0	0
19	43500001	0.985735	0.996525	6	0	0
19	44000001	1.03379	0.996525	6	0	0
19	44500001	1.00168	0.996525	6	0	0
19	45000001	0.981296	0.996525	6	0	0
19	45500001	0.978375	0.996525	6	0	0
19	46000001	0.973897	0.996525	6	0	0
19	46500001	0.953318	0.996525	6	0	0
19	47000001	1.0015	0.996525	6	0	0
19	47500001	1.21568	0.996525	6	0	0
19	48000001	0.976775	0.996525	6	0	0
19	48500001	0.977527	0.996525	6	0	0
19	49000001	0.995306	0.996525	6	0	0
19	49500001	0.985301	0.996525	6	0	0
19	50000001	1.22368	0.996525	6	0	0
19	50500001	0.973516	0.996525	6	0	0
19	51000001	1.01696	0.996525	6	0	0
19	51500001	1.02011	0.996525	6	0	0
19	52000001	0.985421	0.996525	6	0	0
19	52500001	0.963152	0.996525	6	0	0
19	53000001	0.994476	0.996525	6	0	0
19	53500001	0.997525	0.996525	6	0	0
19	54000001	0.999968	0.996525	6	0	0
19	54500001	0.981477	0.996525	6	0	0
19	55000001	0.992874	0.996525	6	0	0
19	55500001	1.02131	0.996525	6	0	0
19	56000001	0.972744	0.996525	6	0	0
19	56500001	0.98705	0.996525	6	0	0
19	57000001	0.996525	0.996525	6	0	0
19	57500001	0.991158	0.996525	6	0	0
19	58000001	1.09894	0.664838	4	0	0
19	58500001	0.230739	0.664838	4	0	0
2	1	0.911246	0.907023	5	0	0
2	500001	0.906733	0.907023	5	0	0
2	1000001	0.926814	0.907023	5	0	0
2	1500001	0.93373	0.907023	5	0	0
2	2000001	0.879349	0.907023	5	0	0
2	2500001	0.892088	0.907023	5	0	0
2	3000001	0.9067	0.907023	5	0	0
2	3500001	0.910148	0.907023	5	0	0
2	4000001	0.912631	0.907023	5	0	0
2	4500001	0.916888	0.907023	5	0	0
2	5000001	0.889141	0.907023	5	0	0
2	5500001	0.913313	0.907023	5	0	0
2	6000001	0.870749	0.907023	5	0	0
2	6500001	0.884081	0.907023	5	0	0
2	7000001	0.910561	0.907023	5	0	0
2	7500001	0.90964	0.907023	5	0	0
2	8000001	0.89048	0.907023	5	0	0
2	8500001	0.899005	0.907023	5	0	0
2	9000001	0.934302	0.907023	5	0	0
2	9500001	0.893872	0.907023	5	0	0
2	10000001	0.932981	0.907023	5	0	0
2	10500001	0.915568	0.907023	5	0	0
2	11000001	0.902409	0.907023	5	0	0
2	11500001	0.924453	0.907023	5	0	0
2	12000001	0.944007	0.907023	5	0	0
2	12500001	0.929239	0.907023	5	0	0
2	13000001	0.903893	0.907023	5	0	0
2	13500001	0.943266	0.907023	5	0	0
2	14000001	0.896237	0.907023	5	0	0
2	14500001	0.953143	0.907023	5	0	0
2	15000001	0.882757	0.907023	5	0	0
2	15500001	0.881024	0.907023	5	0	0
2	16000001	0.863028	0.907023	5	0	0
2	16500001	0.940637	0.907023	5	0	0
2	17000001	0.90881	0.907023	5	0	0
2	17500001	0.916034	0.907023	5	0	0
2	18000001	0.943464	0.907023	5	0	0
2	18500001	0.90659	0.907023	5	0	0
2	19000001	0.896869	0.907023	5	0	0
2	19500001	0.928962	0.907023	5	0	0
2	20000001	0.913687	0.907023	5	0	0
2	20500001	0.985567	0.907023	5	0	0
2	21000001	0.929348	0.907023	5	0	0
2	21500001	0.89651	0.907023	5	0	0
2	22000001	0.85522	0.907023	5	0	0
2	22500001	0.933533	0.907023	5	0	0
2	23000001	0.965988	0.907023	5	0	0
2	23500001	0.870427	0.907023	5	0	0
2	24000001	0.861726	0.907023	5	0	0
2	24500001	0.896754	0.907023	5	0	0
2	25000001	0.85431	0.907023	5	0	0
2	25500001	0.878972	0.907023	5	0	0
2	26000001	0.874983	0.907023	5	0	0
2	26500001	0.964988	0.907023	5	0	0
2	27000001	0.902996	0.907023	5	0	0
2	27500001	0.870084	0.907023	5	0	0
2	28000001	0.923424	0.907023	5	0	0
2	28500001	0.943272	0.907023	5	0	0
2	29000001	0.921586	0.907023	5	0	0
2	29500001	0.945801	0.907023	5	0	0
2	30000001	0.907023	0.907023	5	0	0
2	30500001	0.921752	0.907023	5	0	0
2	31000001	0.923802	0.907023	5	0	0
2	31500001	0.864649	0.907023	5	0	0
2	32000001	0.834132	0.907023	5	0	0
2	32500001	0.83077	0.907023	5	0	0
2	33000001	0.916542	0.907023	5	0	0
2	33500001	0.863738	0.907023	5	0	0
2	34000001	0.887474	0.907023	5	0	0
2	34500001	0.895141	0.907023	5	0	0
2	35000001	0.924388	0.907023	5	0	0
2	35500001	0.925962	0.907023	5	0	0
2	36000001	0.899584	0.907023	5	0	0
2	36500001	0.917117	0.907023	5	0	0
2	37000001	0.86926	0.907023	5	0	0
2	37500001	0.948149	0.907023	5	0	0
2	38000001	0.878405	0.907023	5	0	0
2	38500001	0.87735	0.907023	5	0	0
2	39000001	0.848988	0.907023	5	0	0
2	39500001	0.941975	0.907023	5	0	0
2	40000001	0.966494	0.907023	5	0	0
2	40500001	0.910953	0.907023	5	0	0
2	41000001	0.935329	0.907023	5	0	0
2	41500001	0.924457	0.907023	5	0	0
2	42000001	0.892221	0.907023	5	0	0
2	42500001	0.934543	0.907023	5	0	0
2	43000001	0.887973	0.907023	5	0	0
2	43500001	0.886074	0.907023	5	0	0
2	44000001	0.876289	0.907023	5	0	0
2	44500001	0.903325	0.907023	5	0	0
2	45000001	0.909309	0.907023	5	0	0
2	45500001	0.966954	0.907023	5	0	0
2	46000001	0.937414	0.907023	5	0	0
2	46500001	0.905869	0.907023	5	0	0
2	47000001	0.903377	0.907023	5	0	0
2	47500001	0.923192	0.907023	5	0	0
2	48000001	0.934472	0.907023	5	0	0
2	48500001	0.9135	0.907023	5	0	0
2	49000001	0.902224	0.907023	5	0	0
2	49500001	0.904877	0.907023	5	0	0
2	50000001	0.893848	0.907023	5	0	0
2	50500001	0.917055	0.907023	5	0	0
2	51000001	0.873436	0.907023	5	0	0
2	51500001	0.895602	0.907023	5	0	0
2	52000001	0.912393	0.907023	5	0	0
2	52500001	0.88767	0.907023	5	0	0
2	53000001	0.929815	0.907023	5	0	0
2	53500001	0.889943	0.907023	5	0	0
2	54000001	0.933724	0.907023	5	0	0
2	54500001	0.925664	0.907023	5	0	0
2	55000001	0.869554	0.907023	5	0	0
2	55500001	0.87515	0.907023	5	0	0
2	56000001	0.915455	0.907023	5	0	0
2	56500001	0.898561	0.907023	5	0	0
2	57000001	0.902893	0.907023	5	0	0
2	57500001	0.918171	0.907023	5	0	0
2	58000001	0.911278	0.907023	5	0	0
2	58500001	0.901355	0.907023	5	0	0
2	59000001	0.915894	0.907023	5	0	0
2	59500001	0.893249	0.907023	5	0	0
2	60000001	0.960497	0.907023	5	0	0
2	60500001	0.857318	0.907023	5	0	0
2	61000001	0.880212	0.907023	5	0	0
2	61500001	0.863789	0.907023	5	0	0
2	62000001	0.905532	0.907023	5	0	0
2	62500001	0.894705	0.907023	5	0	0
2	63000001	0.908752	0.907023	5	0	0
2	63500001	0.92182	0.907023	5	0	0
2	64000001	0.925667	0.907023	5	0	0
2	64500001	0.905017	0.907023	5	0	0
2	65000001	0.909088	0.907023	5	0	0
2	65500001	0.872123	0.907023	5	0	0
2	66000001	0.919984	0.907023	5	0	0
2	66500001	0.926134	0.907023	5	0	0
2	67000001	0.843356	0.907023	5	0	0
2	67500001	0.920301	0.907023	5	0	0
2	68000001	0.886009	0.907023	5	0	0
2	68500001	0.91766	0.907023	5	0	0
2	69000001	0.885297	0.907023	5	0	0
2	69500001	0.901471	0.907023	5	0	0
2	70000001	0.855421	0.907023	5	0	0
2	70500001	0.929735	0.907023	5	0	0
2	71000001	0.90319	0.907023	5	0	0
2	71500001	0.928753	0.907023	5	0	0
2	72000001	0.882361	0.907023	5	0	0
2	72500001	0.921892	0.907023	5	0	0
2	73000001	0.913592	0.907023	5	0	0
2	73500001	0.969367	0.950903	6	0	0
2	74000001	0.94733	0.950903	6	0	0
2	74500001	0.941351	0.950903	6	0	0
2	75000001	1.01938	0.950903	6	0	0
2	75500001	0.965711	0.950903	6	0	0
2	76000001	0.970869	0.950903	6	0	0
2	76500001	0.960703	0.950903	6	0	0
2	77000001	0.962635	0.950903	6	0	0
2	77500001	0.958078	0.950903	6	0	0
2	78000001	0.980179	0.950903	6	0	0
2	78500001	0.940228	0.950903	6	0	0
2	79000001	0.930174	0.950903	6	0	0
2	79500001	0.926853	0.950903	6	0	0
2	80000001	0.908333	0.950903	6	0	0
2	80500001	0.901098	0.950903	6	0	0
2	81000001	0.954475	0.950903	6	0	0
2	81500001	0.91509	0.950903	6	0	0
2	82000001	0.926879	0.950903	6	0	0
2	82500001	0.962813	0.950903	6	0	0
2	83000001	0.909942	0.950903	6	0	0
2	83500001	0.91486	0.950903	6	0	0
2	84000001	0.990111	0.950903	6	0	0
2	84500001	0.975045	0.950903	6	0	0
2	85000001	0.919551	0.950903	6	0	0
2	85500001	0.997862	1.01755	6	0	0
2	86000001	1.04724	1.01755	6	0	0
2	86500001	0.995665	1.01755	6	0	0
2	87000001	1.15225	1.01755	6	0	0
2	87500001	0.965704	1.01755	6	0	0
2	88000001	1.04749	1.01755	6	0	0
2	88500001	1.01755	1.01755	6	0	0
2	89000001	-1	-1	-1	0	0
2	89500001	-1	-1	-1	0	0
2	90000001	-1	-1	-1	0	0
2	90500001	-1	-1	-1	0	0
2	91000001	-1	-1	-1	0	0
2	91500001	1.3804	1.4329	9	0	0
2	92000001	1.4383	1.4329	9	0	0
2	92500001	1.4329	1.4329	9	0	0
2	93000001	0.673546	0.722028	4	0	0
2	93500001	0.645401	0.722028	4	0	0
2	94000001	-1	0.722028	4	0	0
2	94500001	0.756557	0.722028	4	0	0
2	95000001	0.743415	0.722028	4	0	0
2	95500001	0.778742	0.722028	4	0	0
2	96000001	0.748158	0.722028	4	0	0
2	96500001	0.738515	0.722028	4	0	0
2	97000001	0.788983	0.722028	4	0	0
2	97500001	0.667412	0.722028	4	0	0
2	98000001	0.693295	0.722028	4	0	0
2	98500001	0.724954	0.722028	4	0	0
2	99000001	0.733522	0.722028	4	0	0
2	99500001	0.71388	0.722028	4	0	0
2	100000001	0.728749	0.722028	4	0	0
2	100500001	0.736784	0.722028	4	0	0
2	101000001	0.693386	0.722028	4	0	0
2	101500001	0.731684	0.722028	4	0	0
2	102000001	0.717921	0.722028	4	0	0
2	102500001	0.706544	0.722028	4	0	0
2	103000001	0.737283	0.722028	4	0	0
2	103500001	0.711259	0.722028	4	0	0
2	104000001	0.722193	0.722028	4	0	0
2	104500001	0.683522	0.722028	4	0	0
2	105000001	0.691202	0.722028	4	0	0
2	105500001	0.758085	0.722028	4	0	0
2	106000001	0.732865	0.722028	4	0	0
2	106500001	0.717667	0.722028	4	0	0
2	107000001	0.701107	0.722028	4	0	0
2	107500001	0.684885	0.722028	4	0	0
2	108000001	0.71628	0.722028	4	0	0
2	108500001	0.725217	0.722028	4	0	0
2	109000001	0.798917	0.722028	4	0	0
2	109500001	0.671712	0.722028	4	0	0
2	110000001	0.728378	0.722028	4	0	0
2	110500001	0.709875	0.722028	4	0	0
2	111000001	0.807616	0.722028	4	0	0
2	111500001	0.729413	0.722028	4	0	0
2	112000001	0.692824	0.722028	4	0	0
2	112500001	0.734941	0.722028	4	0	0
2	113000001	0.762659	0.722028	4	0	0
2	113500001	0.755478	0.722028	4	0	0
2	114000001	0.740294	0.722028	4	0	0
2	114500001	0.710542	0.722028	4	0	0
2	115000001	0.730047	0.722028	4	0	0
2	115500001	0.684319	0.722028	4	0	0
2	116000001	0.701421	0.722028	4	0	0
2	116500001	0.662062	0.722028	4	0	0
2	117000001	0.723361	0.722028	4	0	0
2	117500001	0.743585	0.722028	4	0	0
2	118000001	0.756157	0.722028	4	0	0
2	118500001	0.748556	0.722028	4	0	0
2	119000001	0.72663	0.722028	4	0	0
2	119500001	0.704677	0.722028	4	0	0
2	120000001	0.714548	0.722028	4	0	0
2	120500001	0.779098	0.722028	4	0	0
2	121000001	0.681396	0.722028	4	0	0
2	121500001	0.707934	0.722028	4	0	0
2	122000001	0.726599	0.722028	4	0	0
2	122500001	0.723842	0.722028	4	0	0
2	123000001	0.708959	0.722028	4	0	0
2	123500001	0.74069	0.722028	4	0	0
2	124000001	0.687279	0.722028	4	0	0
2	124500001	0.717428	0.722028	4	0	0
2	125000001	0.726992	0.722028	4	0	0
2	125500001	0.708216	0.722028	4	0	0
2	126000001	0.728028	0.722028	4	0	0
2	126500001	0.72693	0.722028	4	0	0
2	127000001	0.706438	0.722028	4	0	0
2	127500001	0.707134	0.722028	4	0	0
2	128000001	0.698329	0.722028	4	0	0
2	128500001	0.691637	0.722028	4	0	0
2	129000001	0.694119	0.722028	4	0	0
2	129500001	0.692751	0.722028	4	0	0
2	130000001	0.728078	0.722028	4	0	0
2	130500001	0.719229	0.722028	4	0	0
2	131000001	0.712727	0.722028	4	0	0
2	131500001	0.729068	0.722028	4	0	0
2	132000001	0.746293	0.722028	4	0	0
2	132500001	0.700848	0.722028	4	0	0
2	133000001	0.715386	0.722028	4	0	0
2	133500001	0.745861	0.722028	4	0	0
2	134000001	0.744365	0.722028	4	0	0
2	134500001	0.735519	0.722028	4	0	0
2	135000001	0.693255	0.722028	4	0	0
2	135500001	0.691573	0.722028	4	0	0
2	136000001	0.713889	0.722028	4	0	0
2	136500001	0.730458	0.722028	4	0	0
2	137000001	0.719221	0.722028	4	0	0
2	137500001	0.702796	0.722028	4	0	0
2	138000001	0.723512	0.722028	4	0	0
2	138500001	0.749113	0.722028	4	0	0
2	139000001	0.726512	0.722028	4	0	0
2	139500001	0.721862	0.722028	4	0	0
2	140000001	0.695792	0.722028	4	0	0
2	140500001	0.711237	0.722028	4	0	0
2	141000001	0.748085	0.722028	4	0	0
2	141500001	0.894732	0.898893	5	0	0
2	142000001	0.890847	0.898893	5	0	0
2	142500001	0.887729	0.898893	5	0	0
2	143000001	0.894497	0.898893	5	0	0
2	143500001	0.879117	0.898893	5	0	0
2	144000001	0.870293	0.898893	5	0	0
2	144500001	0.891453	0.898893	5	0	0
2	145000001	0.897058	0.898893	5	0	0
2	145500001	0.867291	0.898893	5	0	0
2	146000001	0.875807	0.898893	5	0	0
2	146500001	0.905492	0.898893	5	0	0
2	147000001	0.867642	0.898893	5	0	0
2	147500001	0.860276	0.898893	5	0	0
2	148000001	0.849684	0.898893	5	0	0
2	148500001	0.88524	0.898893	5	0	0
2	149000001	0.945344	0.898893	5	0	0
2	149500001	0.919176	0.898893	5	0	0
2	150000001	0.907995	0.898893	5	0	0
2	150500001	0.921345	0.898893	5	0	0
2	151000001	0.870363	0.898893	5	0	0
2	151500001	0.929484	0.898893	5	0	0
2	152000001	0.845654	0.898893	5	0	0
2	152500001	0.878939	0.898893	5	0	0
2	153000001	0.917925	0.898893	5	0	0
2	153500001	0.867777	0.898893	5	0	0
2	154000001	0.841216	0.898893	5	0	0
2	154500001	0.871427	0.898893	5	0	0
2	155000001	0.903897	0.898893	5	0	0
2	155500001	0.925816	0.898893	5	0	0
2	156000001	0.884638	0.898893	5	0	0
2	156500001	0.916453	0.898893	5	0	0
2	157000001	0.903572	0.898893	5	0	0
2	157500001	0.884989	0.898893	5	0	0
2	158000001	0.901395	0.898893	5	0	0
2	158500001	0.922815	0.898893	5	0	0
2	159000001	0.881317	0.898893	5	0	0
2	159500001	0.881325	0.898893	5	0	0
2	160000001	0.915057	0.898893	5	0	0
2	160500001	0.910146	0.898893	5	0	0
2	161000001	0.873393	0.898893	5	0	0
2	161500001	0.902489	0.898893	5	0	0
2	162000001	0.910866	0.898893	5	0	0
2	162500001	0.905765	0.898893	5	0	0
2	163000001	0.938701	0.898893	5	0	0
2	163500001	0.924314	0.898893	5	0	0
2	164000001	0.909126	0.898893	5	0	0
2	164500001	0.869039	0.898893	5	0	0
2	165000001	0.925686	0.898893	5	0	0
2	165500001	0.861527	0.898893	5	0	0
2	166000001	0.899595	0.898893	5	0	0
2	166500001	0.892563	0.898893	5	0	0
2	167000001	0.933028	0.898893	5	0	0
2	167500001	0.916934	0.898893	5	0	0
2	168000001	0.865307	0.898893	5	0	0
2	168500001	0.887631	0.898893	5	0	0
2	169000001	0.924972	0.898893	5	0	0
2	169500001	0.866977	0.898893	5	0	0
2	170000001	0.873866	0.898893	5	0	0
2	170500001	0.890167	0.898893	5	0	0
2	171000001	0.876194	0.898893	5	0	0
2	171500001	0.878334	0.898893	5	0	0
2	172000001	0.925371	0.898893	5	0	0
2	172500001	0.904581	0.898893	5	0	0
2	173000001	0.902075	0.898893	5	0	0
2	173500001	0.927856	0.898893	5	0	0
2	174000001	0.904548	0.898893	5	0	0
2	174500001	0.877479	0.898893	5	0	0
2	175000001	0.902746	0.898893	5	0	0
2	175500001	0.881284	0.898893	5	0	0
2	176000001	0.877077	0.898893	5	0	0
2	176500001	0.942089	0.898893	5	0	0
2	177000001	0.932876	0.898893	5	0	0
2	177500001	0.916289	0.898893	5	0	0
2	178000001	0.899405	0.898893	5	0	0
2	178500001	0.936796	0.898893	5	0	0
2	179000001	0.876282	0.898893	5	0	0
2	179500001	0.898917	0.898893	5	0	0
2	180000001	0.906678	0.898893	5	0	0
2	180500001	0.900342	0.898893	5	0	0
2	181000001	0.893754	0.898893	5	0	0
2	181500001	0.941894	0.898893	5	0	0
2	182000001	0.93858	0.898893	5	0	0
2	182500001	0.8925	0.898893	5	0	0
2	183000001	0.886887	0.898893	5	0	0
2	183500001	0.89767	0.898893	5	0	0
2	184000001	0.908705	0.898893	5	0	0
2	184500001	0.890142	0.898893	5	0	0
2	185000001	0.911026	0.898893	5	0	0
2	185500001	0.919305	0.898893	5	0	0
2	186000001	0.887179	0.898893	5	0	0
2	186500001	0.907864	0.898893	5	0	0
2	187000001	0.944924	0.898893	5	0	0
2	187500001	0.950677	0.898893	5	0	0
2	188000001	0.892747	0.898893	5	0	0
2	188500001	0.903529	0.898893	5	0	0
2	189000001	0.874122	0.898893	5	0	0
2	189500001	0.902543	0.898893	5	0	0
2	190000001	0.914677	0.898893	5	0	0
2	190500001	0.890103	0.898893	5	0	0
2	191000001	0.883805	0.898893	5	0	0
2	191500001	0.90064	0.898893	5	0	0
2	192000001	0.892166	0.898893	5	0	0
2	192500001	0.910665	0.898893	5	0	0
2	193000001	0.889673	0.898893	5	0	0
2	193500001	0.861382	0.898893	5	0	0
2	194000001	0.891574	0.898893	5	0	0
2	194500001	0.899209	0.898893	5	0	0
2	195000001	0.920347	0.898893	5	0	0
2	195500001	0.860915	0.898893	5	0	0
2	196000001	0.874735	0.898893	5	0	0
2	196500001	0.914368	0.898893	5	0	0
2	197000001	0.901345	0.898893	5	0	0
2	197500001	0.942544	0.898893	5	0	0
2	198000001	0.913489	0.898893	5	0	0
2	198500001	0.892806	0.898893	5	0	0
2	199000001	0.903477	0.898893	5	0	0
2	199500001	0.914135	0.898893	5	0	0
2	200000001	0.918312	0.898893	5	0	0
2	200500001	0.898868	0.898893	5	0	0
2	201000001	0.866032	0.898893	5	0	0
2	201500001	0.920691	0.898893	5	0	0
2	202000001	0.812758	0.898893	5	0	0
2	202500001	0.885511	0.898893	5	0	0
2	203000001	0.84753	0.898893	5	0	0
2	203500001	0.899588	0.898893	5	0	0
2	204000001	0.885927	0.898893	5	0	0
2	204500001	0.888636	0.898893	5	0	0
2	205000001	0.864222	0.898893	5	0	0
2	205500001	0.583829	0.608857	4	0	0
2	206000001	0.575877	0.608857	4	0	0
2	206500001	0.646884	0.608857	4	0	0
2	207000001	0.623945	0.608857	4	0	0
2	207500001	0.607351	0.608857	4	0	0
2	208000001	0.608857	0.608857	4	0	0
2	208500001	0.627122	0.608857	4	0	0
2	209000001	0.663274	0.65286	4	0	0
2	209500001	0.645887	0.65286	4	0	0
2	210000001	0.64066	0.65286	4	0	0
2	210500001	0.677366	0.65286	4	0	0
2	211000001	0.656555	0.65286	4	0	0
2	211500001	0.645754	0.65286	4	0	0
2	212000001	0.655868	0.65286	4	0	0
2	212500001	0.667258	0.65286	4	0	0
2	213000001	0.700699	0.65286	4	0	0
2	213500001	0.657606	0.65286	4	0	0
2	214000001	0.631578	0.65286	4	0	0
2	214500001	0.629189	0.65286	4	0	0
2	215000001	0.636407	0.65286	4	0	0
2	215500001	0.677122	0.65286	4	0	0
2	216000001	0.660819	0.65286	4	0	0
2	216500001	0.651191	0.65286	4	0	0
2	217000001	0.660894	0.65286	4	0	0
2	217500001	0.699728	0.65286	4	0	0
2	218000001	0.648694	0.65286	4	0	0
2	218500001	0.647158	0.65286	4	0	0
2	219000001	0.65479	0.65286	4	0	0
2	219500001	0.688911	0.65286	4	0	0
2	220000001	0.625027	0.65286	4	0	0
2	220500001	0.658115	0.65286	4	0	0
2	221000001	0.639279	0.65286	4	0	0
2	221500001	0.619341	0.65286	4	0	0
2	222000001	0.620732	0.65286	4	0	0
2	222500001	0.639045	0.65286	4	0	0
2	223000001	0.668452	0.65286	4	0	0
2	223500001	0.673511	0.65286	4	0	0
2	224000001	0.64739	0.65286	4	0	0
2	224500001	0.640151	0.65286	4	0	0
2	225000001	0.666415	0.65286	4	0	0
2	225500001	0.666198	0.65286	4	0	0
2	226000001	0.645243	0.65286	4	0	0
2	226500001	0.651221	0.65286	4	0	0
2	227000001	0.644699	0.65286	4	0	0
2	227500001	0.65042	0.65286	4	0	0
2	228000001	0.635931	0.65286	4	0	0
2	228500001	0.606655	0.65286	4	0	0
2	229000001	0.655071	0.65286	4	0	0
2	229500001	0.630493	0.65286	4	0	0
2	230000001	0.633633	0.65286	4	0	0
2	230500001	0.622128	0.65286	4	0	0
2	231000001	0.685926	0.65286	4	0	0
2	231500001	0.631552	0.65286	4	0	0
2	232000001	0.701672	0.65286	4	0	0
2	232500001	0.665925	0.65286	4	0	0
2	233000001	0.608618	0.65286	4	0	0
2	233500001	0.67909	0.65286	4	0	0
2	234000001	0.646825	0.65286	4	0	0
2	234500001	0.681962	0.65286	4	0	0
2	235000001	0.66217	0.65286	4	0	0
2	235500001	0.629891	0.65286	4	0	0
2	236000001	0.658518	0.65286	4	0	0
2	236500001	0.651123	0.65286	4	0	0
2	237000001	0.658436	0.65286	4	0	0
2	237500001	0.656325	0.65286	4	0	0
2	238000001	0.656977	0.65286	4	0	0
2	238500001	0.651365	0.65286	4	0	0
2	239000001	0.643921	0.65286	4	0	0
2	239500001	0.670274	0.65286	4	0	0
2	240000001	0.654356	0.65286	4	0	0
2	240500001	0.700319	0.65286	4	0	0
2	241000001	0.599824	0.599824	4	0	0
2	241500001	0.638853	0.599824	4	0	0
2	242000001	0.273938	0.599824	4	0	0
20	1	1.00876	1.01161	6	0	0
20	500001	1.05284	1.01161	6	0	0
20	1000001	0.997594	1.01161	6	0	0
20	1500001	0.963823	1.01161	6	0	0
20	2000001	1.07039	1.01161	6	0	0
20	2500001	1.00998	1.01161	6	0	0
20	3000001	0.982815	1.01161	6	0	0
20	3500001	1.01049	1.01161	6	0	0
20	4000001	1.0521	1.01161	6	0	0
20	4500001	1.00996	1.01161	6	0	0
20	5000001	0.993846	1.01161	6	0	0
20	5500001	0.959356	1.01161	6	0	0
20	6000001	1.01246	1.01161	6	0	0
20	6500001	1.01	1.01161	6	0	0
20	7000001	1.01792	1.01161	6	0	0
20	7500001	0.993108	1.01161	6	0	0
20	8000001	1.00049	1.01161	6	0	0
20	8500001	0.998196	1.01161	6	0	0
20	9000001	1.0213	1.01161	6	0	0
20	9500001	1.04806	1.01161	6	0	0
20	10000001	1.00528	1.01161	6	0	0
20	10500001	1.01567	1.01161	6	0	0
20	11000001	1.00805	1.01161	6	0	0
20	11500001	1.02366	1.01161	6	0	0
20	12000001	1.02499	1.01161	6	0	0
20	12500001	1.06883	1.01161	6	0	0
20	13000001	1.04219	1.01161	6	0	0
20	13500001	0.959749	1.01161	6	0	0
20	14000001	0.960406	1.01161	6	0	0
20	14500001	1.04354	1.01161	6	0	0
20	15000001	0.981907	1.01161	6	0	0
20	15500001	1.00836	1.01161	6	0	0
20	16000001	1.03909	1.01161	6	0	0
20	16500001	0.999489	1.01161	6	0	0
20	17000001	1.03843	1.01161	6	0	0
20	17500001	1.00965	1.01161	6	0	0
20	18000001	0.960924	1.01161	6	0	0
20	18500001	1.00618	1.01161	6	0	0
20	19000001	1.02742	1.01161	6	0	0
20	19500001	1.01134	1.01161	6	0	0
20	20000001	0.981564	1.01161	6	0	0
20	20500001	1.01705	1.01161	6	0	0
20	21000001	0.977677	1.01161	6	0	0
20	21500001	1.04623	1.01161	6	0	0
20	22000001	1.0395	1.01161	6	0	0
20	22500001	1.0687	1.01161	6	0	0
20	23000001	1.01188	1.01161	6	0	0
20	23500001	1.05847	1.01161	6	0	0
20	24000001	1.06279	1.01161	6	0	0
20	24500001	1.06084	1.01161	6	0	0
20	25000001	1.02298	1.01161	6	0	0
20	25500001	1.01626	1.01161	6	0	0
20	26000001	1.1727	1.1727	7	0	0
20	26500001	1.50089	1.50089	9	0	0
20	27000001	1.53937	1.50089	9	0	0
20	27500001	1.41459	1.50089	9	0	0
20	28000001	1.1718	1.1718	7	0	0
20	28500001	2.15114	2.15114	13	0	0
20	29000001	1.61105	1.61331	10	0	0
20	29500001	1.61331	1.61331	10	0	0
20	30000001	-1	1.61331	10	0	0
20	30500001	1.65941	1.61331	10	0	0
20	31000001	-1	-1	-1	0	0
20	31500001	1.35824	1.36017	8	0	0
20	32000001	1.33952	1.36017	8	0	0
20	32500001	1.34764	1.36017	8	0	0
20	33000001	1.38707	1.36017	8	0	0
20	33500001	1.34667	1.36017	8	0	0
20	34000001	1.33063	1.36017	8	0	0
20	34500001	1.31393	1.36017	8	0	0
20	35000001	1.27563	1.36017	8	0	0
20	35500001	1.32952	1.36017	8	0	0
20	36000001	1.38424	1.36017	8	0	0
20	36500001	1.31982	1.36017	8	0	0
20	37000001	1.31905	1.36017	8	0	0
20	37500001	1.41956	1.36017	8	0	0
20	38000001	1.37022	1.36017	8	0	0
20	38500001	1.41269	1.36017	8	0	0
20	39000001	1.40027	1.36017	8	0	0
20	39500001	1.37853	1.36017	8	0	0
20	40000001	1.42392	1.36017	8	0	0
20	40500001	1.4153	1.36017	8	0	0
20	41000001	1.36129	1.36017	8	0	0
20	41500001	1.4318	1.36017	8	0	0
20	42000001	1.42871	1.36017	8	0	0
20	42500001	1.37662	1.36017	8	0	0
20	43000001	1.35168	1.36017	8	0	0
20	43500001	1.37476	1.36017	8	0	0
20	44000001	1.36447	1.36017	8	0	0
20	44500001	1.34008	1.36017	8	0	0
20	45000001	1.35512	1.36017	8	0	0
20	45500001	1.36275	1.36017	8	0	0
20	46000001	1.36133	1.36017	8	0	0
20	46500001	1.41368	1.36017	8	0	0
20	47000001	1.35113	1.36017	8	0	0
20	47500001	1.38499	1.36017	8	0	0
20	48000001	1.39342	1.36017	8	0	0
20	48500001	1.34072	1.36017	8	0	0
20	49000001	1.30751	1.36017	8	0	0
20	49500001	1.32455	1.36017	8	0	0
20	50000001	1.4	1.36017	8	0	0
20	50500001	1.3598	1.36017	8	0	0
20	51000001	1.36524	1.36017	8	0	0
20	51500001	1.26158	1.36017	8	0	0
20	52000001	1.33476	1.36017	8	0	0
20	52500001	1.37404	1.36017	8	0	0
20	53000001	1.38524	1.36017	8	0	0
20	53500001	1.25032	1.36017	8	0	0
20	54000001	1.33426	1.36017	8	0	0
20	54500001	1.35198	1.36017	8	0	0
20	55000001	1.36017	1.36017	8	0	0
20	55500001	1.29078	1.36017	8	0	0
20	56000001	1.41156	1.36017	8	0	0
20	56500001	1.31844	1.36017	8	0	0
20	57000001	1.38425	1.36017	8	0	0
20	57500001	1.41122	1.36017	8	0	0
20	58000001	1.35708	1.36017	8	0	0
20	58500001	1.35007	1.36017	8	0	0
20	59000001	1.41396	1.36017	8	0	0
20	59500001	1.35078	1.36017	8	0	0
20	60000001	1.32891	1.36017	8	0	0
20	60500001	1.30961	1.36017	8	0	0
20	61000001	1.32787	1.36017	8	0	0
20	61500001	1.39399	1.36017	8	0	0
20	62000001	1.39532	1.36017	8	0	0
20	62500001	1.43121	1.36017	8	0	0
20	63000001	1.48563	1.36017	8	0	0
20	63500001	1.35714	1.36017	8	0	0
20	64000001	-1	-1	-1	0	0
21	1	-1	-1	-1	0	0
21	500001	-1	-1	-1	0	0
21	1000001	-1	-1	-1	0	0
21	1500001	-1	-1	-1	0	0
21	2000001	-1	-1	-1	0	0
21	2500001	-1	-1	-1	0	0
21	3000001	-1	-1	-1	0	0
21	3500001	-1	-1	-1	0	0
21	4000001	-1	-1	-1	0	0
21	4500001	-1	-1	-1	0	0
21	5000001	-1	-1	-1	0	0
21	5500001	-1	-1	-1	0	0
21	6000001	-1	-1	-1	0	0
21	6500001	-1	-1	-1	0	0
21	7000001	-1	-1	-1	0	0
21	7500001	-1	-1	-1	0	0
21	8000001	-1	-1	-1	0	0
21	8500001	-1	-1	-1	0	0
21	9000001	-1	-1	-1	0	0
21	9500001	1.40093	1.51476	9	0	0
21	10000001	-1	1.51476	9	0	0
21	10500001	1.62859	1.51476	9	0	0
21	11000001	0.408226	0.657164	4	0	0
21	11500001	0.562139	0.657164	4	0	0
21	12000001	0.752189	0.657164	4	0	0
21	12500001	1.13699	0.657164	4	0	0
21	13000001	0.474647	0.499097	3	0	0
21	13500001	0.455368	0.499097	3	0	0
21	14000001	0.506037	0.499097	3	0	0
21	14500001	0.508288	0.499097	3	0	0
21	15000001	0.491314	0.499097	3	0	0
21	15500001	0.499097	0.499097	3	0	0
21	16000001	0.490355	0.499097	3	0	0
21	16500001	0.513285	0.499097	3	0	0
21	17000001	0.503564	0.499097	3	0	0
21	17500001	0.486279	0.499097	3	0	0
21	18000001	0.522017	0.499097	3	0	0
21	18500001	0.514559	0.499097	3	0	0
21	19000001	0.495537	0.499097	3	0	0
21	19500001	0.610073	0.610073	4	0	0
21	20000001	0.774164	0.772682	5	0	0
21	20500001	0.738409	0.772682	5	0	0
21	21000001	0.791648	0.772682	5	0	0
21	21500001	0.78795	0.772682	5	0	0
21	22000001	0.761033	0.772682	5	0	0
21	22500001	0.752624	0.772682	5	0	0
21	23000001	0.801732	0.772682	5	0	0
21	23500001	0.755684	0.772682	5	0	0
21	24000001	0.779609	0.772682	5	0	0
21	24500001	0.749151	0.772682	5	0	0
21	25000001	0.790153	0.772682	5	0	0
21	25500001	0.749026	0.772682	5	0	0
21	26000001	0.791759	0.772682	5	0	0
21	26500001	0.75603	0.772682	5	0	0
21	27000001	0.771201	0.772682	5	0	0
21	27500001	0.761471	0.772682	5	0	0
21	28000001	0.787936	0.772682	5	0	0
21	28500001	0.802498	0.772682	5	0	0
21	29000001	0.77619	0.772682	5	0	0
21	29500001	0.827861	0.772682	5	0	0
21	30000001	0.797213	0.772682	5	0	0
21	30500001	0.775033	0.772682	5	0	0
21	31000001	0.750973	0.772682	5	0	0
21	31500001	0.733066	0.772682	5	0	0
21	32000001	0.826234	0.772682	5	0	0
21	32500001	0.764566	0.772682	5	0	0
21	33000001	0.743327	0.772682	5	0	0
21	33500001	0.737956	0.772682	5	0	0
21	34000001	0.711583	0.772682	5	0	0
21	34500001	0.798225	0.772682	5	0	0
21	35000001	0.784904	0.772682	5	0	0
21	35500001	0.787847	0.772682	5	0	0
21	36000001	0.767376	0.772682	5	0	0
21	36500001	0.756132	0.772682	5	0	0
21	37000001	0.745409	0.772682	5	0	0
21	37500001	0.792282	0.772682	5	0	0
21	38000001	0.800656	0.772682	5	0	0
21	38500001	0.788287	0.772682	5	0	0
21	39000001	0.746353	0.772682	5	0	0
21	39500001	0.763307	0.772682	5	0	0
21	40000001	0.776341	0.772682	5	0	0
21	40500001	0.749759	0.772682	5	0	0
21	41000001	0.792235	0.772682	5	0	0
21	41500001	0.741821	0.772682	5	0	0
21	42000001	0.799743	0.772682	5	0	0
21	42500001	0.746891	0.772682	5	0	0
21	43000001	0.550189	0.7315	4	0	0
21	43500001	0.701505	0.7315	4	0	0
21	44000001	0.623638	0.7315	4	0	0
21	44500001	0.769222	0.7315	4	0	0
21	45000001	0.788772	0.7315	4	0	0
21	45500001	0.800085	0.7315	4	0	0
21	46000001	0.761495	0.7315	4	0	0
21	46500001	0.345363	0.7315	4	0	0
22	1	-1	-1	-1	0	0
22	500001	-1	-1	-1	0	0
22	1000001	-1	-1	-1	0	0
22	1500001	-1	-1	-1	0	0
22	2000001	-1	-1	-1	0	0
22	2500001	-1	-1	-1	0	0
22	3000001	-1	-1	-1	0	0
22	3500001	-1	-1	-1	0	0
22	4000001	-1	-1	-1	0	0
22	4500001	-1	-1	-1	0	0
22	5000001	-1	-1	-1	0	0
22	5500001	-1	-1	-1	0	0
22	6000001	-1	-1	-1	0	0
22	6500001	-1	-1	-1	0	0
22	7000001	-1	-1	-1	0	0
22	7500001	-1	-1	-1	0	0
22	8000001	-1	-1	-1	0	0
22	8500001	-1	-1	-1	0	0
22	9000001	-1	-1	-1	0	0
22	9500001	-1	-1	-1	0	0
22	10000001	-1	-1	-1	0	0
22	10500001	-1	-1	-1	0	0
22	11000001	-1	-1	-1	0	0
22	11500001	-1	-1	-1	0	0
22	12000001	-1	-1	-1	0	0
22	12500001	-1	-1	-1	0	0
22	13000001	0.36917	0.36917	2	0	0
22	13500001	0.617864	0.617864	4	0	0
22	14000001	0.838283	0.838283	5	0	0
22	14500001	1.00476	1.06851	6	0	0
22	15000001	-1	1.06851	6	0	0
22	15500001	1.13226	1.06851	6	0	0
22	16000001	0.621789	0.621789	4	0	0
22	16500001	0.576277	0.588624	4	0	0
22	17000001	0.564809	0.588624	4	0	0
22	17500001	0.559711	0.588624	4	0	0
22	18000001	-1	0.588624	4	0	0
22	18500001	0.564914	0.588624	4	0	0
22	19000001	0.580872	0.588624	4	0	0
22	19500001	0.616146	0.588624	4	0	0
22	20000001	0.593454	0.588624	4	0	0
22	20500001	0.591024	0.588624	4	0	0
22	21000001	0.497362	0.588624	4	0	0
22	21500001	0.587446	0.588624	4	0	0
22	22000001	0.613305	0.588624	4	0	0
22	22500001	0.623189	0.588624	4	0	0
22	23000001	0.593216	0.588624	4	0	0
22	23500001	0.578886	0.588624	4	0	0
22	24000001	0.615262	0.588624	4	0	0
22	24500001	0.608857	0.588624	4	0	0
22	25000001	0.587711	0.588624	4	0	0
22	25500001	0.588811	0.588624	4	0	0
22	26000001	0.603919	0.588624	4	0	0
22	26500001	0.578577	0.588624	4	0	0
22	27000001	0.631272	0.588624	4	0	0
22	27500001	0.581593	0.588624	4	0	0
22	28000001	0.592413	0.588624	4	0	0
22	28500001	0.570109	0.588624	4	0	0
22	29000001	0.610031	0.588624	4	0	0
22	29500001	0.570783	0.588624	4	0	0
22	30000001	0.615867	0.588624	4	0	0
22	30500001	0.559907	0.588624	4	0	0
22	31000001	0.577888	0.588624	4	0	0
22	31500001	0.531936	0.588624	4	0	0
22	32000001	0.593301	0.588624	4	0	0
22	32500001	0.615123	0.588624	4	0	0
22	33000001	0.614304	0.588624	4	0	0
22	33500001	0.600644	0.588624	4	0	0
22	34000001	0.594961	0.588624	4	0	0
22	34500001	0.583272	0.588624	4	0	0
22	35000001	0.596818	0.588624	4	0	0
22	35500001	0.569852	0.588624	4	0	0
22	36000001	0.584237	0.588624	4	0	0
22	36500001	0.602562	0.588624	4	0	0
22	37000001	0.611745	0.588624	4	0	0
22	37500001	0.582583	0.588624	4	0	0
22	38000001	0.572171	0.588624	4	0	0
22	38500001	0.564308	0.588624	4	0	0
22	39000001	0.599026	0.588624	4	0	0
22	39500001	0.56603	0.588624	4	0	0
22	40000001	0.572392	0.588624	4	0	0
22	40500001	0.536482	0.588624	4	0	0
22	41000001	0.552844	0.588624	4	0	0
22	41500001	0.557727	0.588624	4	0	0
22	42000001	0.584129	0.588624	4	0	0
22	42500001	0.645479	0.588624	4	0	0
22	43000001	0.617837	0.588624	4	0	0
22	43500001	0.59318	0.588624	4	0	0
22	44000001	0.583998	0.588624	4	0	0
22	44500001	0.594789	0.588624	4	0	0
22	45000001	0.590287	0.588624	4	0	0
22	45500001	0.57152	0.588624	4	0	0
22	46000001	0.623406	0.588624	4	0	0
22	46500001	0.582578	0.588624	4	0	0
22	47000001	0.592632	0.588624	4	0	0
22	47500001	0.571962	0.588624	4	0	0
22	48000001	0.59986	0.588624	4	0	0
22	48500001	0.604437	0.588624	4	0	0
22	49000001	0.596506	0.588624	4	0	0
22	49500001	0.588437	0.588624	4	0	0
22	50000001	0.628263	0.588624	4	0	0
22	50500001	0.40711	0.588624	4	0	0
3	1	1.03302	1.01553	6	0	0
3	500001	1.02662	1.01553	6	0	0
3	1000001	0.996237	1.01553	6	0	0
3	1500001	0.976624	1.01553	6	0	0
3	2000001	1.00024	1.01553	6	0	0
3	2500001	1.01119	1.01553	6	0	0
3	3000001	1.00398	1.01553	6	0	0
3	3500001	1.02613	1.01553	6	0	0
3	4000001	1.00875	1.01553	6	0	0
3	4500001	1.02652	1.01553	6	0	0
3	5000001	0.990957	1.01553	6	0	0
3	5500001	1.01754	1.01553	6	0	0
3	6000001	1.01587	1.01553	6	0	0
3	6500001	1.00095	1.01553	6	0	0
3	7000001	1.02614	1.01553	6	0	0
3	7500001	0.996455	1.01553	6	0	0
3	8000001	1.03379	1.01553	6	0	0
3	8500001	1.04627	1.01553	6	0	0
3	9000001	1.01293	1.01553	6	0	0
3	9500001	0.964079	1.01553	6	0	0
3	10000001	1.00358	1.01553	6	0	0
3	10500001	1.07255	1.01553	6	0	0
3	11000001	1.00055	1.01553	6	0	0
3	11500001	0.996021	1.01553	6	0	0
3	12000001	1.04997	1.01553	6	0	0
3	12500001	1.00489	1.01553	6	0	0
3	13000001	1.05881	1.01553	6	0	0
3	13500001	1.06342	1.01553	6	0	0
3	14000001	1.02528	1.01553	6	0	0
3	14500001	1.01546	1.01553	6	0	0
3	15000001	1.04839	1.01553	6	0	0
3	15500001	1.02924	1.01553	6	0	0
3	16000001	1.04746	1.01553	6	0	0
3	16500001	1.02169	1.01553	6	0	0
3	17000001	1.03344	1.01553	6	0	0
3	17500001	1.00259	1.01553	6	0	0
3	18000001	1.05227	1.01553	6	0	0
3	18500001	1.03289	1.01553	6	0	0
3	19000001	1.03038	1.01553	6	0	0
3	19500001	1.02547	1.01553	6	0	0
3	20000001	0.917117	1.01553	6	0	0
3	20500001	1.02252	1.01553	6	0	0
3	21000001	1.01236	1.01553	6	0	0
3	21500001	1.06251	1.01553	6	0	0
3	22000001	1.05465	1.01553	6	0	0
3	22500001	1.03412	1.01553	6	0	0
3	23000001	1.06349	1.01553	6	0	0
3	23500001	0.952004	1.01553	6	0	0
3	24000001	1.03807	1.01553	6	0	0
3	24500001	1.05434	1.01553	6	0	0
3	25000001	1.03442	1.01553	6	0	0
3	25500001	1.0183	1.01553	6	0	0
3	26000001	1.04103	1.01553	6	0	0
3	26500001	1.00634	1.01553	6	0	0
3	27000001	1.00234	1.01553	6	0	0
3	27500001	0.983844	1.01553	6	0	0
3	28000001	1.01854	1.01553	6	0	0
3	28500001	1.01344	1.01553	6	0	0
3	29000001	1.02191	1.01553	6	0	0
3	29500001	1.00362	1.01553	6	0	0
3	30000001	1.03836	1.01553	6	0	0
3	30500001	1.04685	1.01553	6	0	0
3	31000001	1.0554	1.01553	6	0	0
3	31500001	1.00224	1.01553	6	0	0
3	32000001	0.99445	1.01553	6	0	0
3	32500001	1.00922	1.01553	6	0	0
3	33000001	1.00932	1.01553	6	0	0
3	33500001	1.00427	1.01553	6	0	0
3	34000001	1.04858	1.01553	6	0	0
3	34500001	0.987262	1.01553	6	0	0
3	35000001	0.992653	1.01553	6	0	0
3	35500001	1.05101	1.01553	6	0	0
3	36000001	1.1063	1.01553	6	0	0
3	36500001	1.03951	1.01553	6	0	0
3	37000001	1.00872	1.01553	6	0	0
3	37500001	1.04001	1.01553	6	0	0
3	38000001	1.00719	1.01553	6	0	0
3	38500001	1.02966	1.01553	6	0	0
3	39000001	1.001	1.01553	6	0	0
3	39500001	1.05751	1.01553	6	0	0
3	40000001	1.01551	1.01553	6	0	0
3	40500001	1.02418	1.01553	6	0	0
3	41000001	1.03831	1.01553	6	0	0
3	41500001	1.02925	1.01553	6	0	0
3	42000001	1.01531	1.01553	6	0	0
3	42500001	0.996524	1.01553	6	0	0
3	43000001	1.02088	1.01553	6	0	0
3	43500001	1.05777	1.01553	6	0	0
3	44000001	1.0179	1.01553	6	0	0
3	44500001	1.00854	1.01553	6	0	0
3	45000001	1.00173	1.01553	6	0	0
3	45500001	0.984703	1.01553	6	0	0
3	46000001	1.03799	1.01553	6	0	0
3	46500001	1.0121	1.01553	6	0	0
3	47000001	0.973004	1.01553	6	0	0
3	47500001	0.972848	1.01553	6	0	0
3	48000001	0.984191	1.01553	6	0	0
3	48500001	0.976311	1.01553	6	0	0
3	49000001	0.992485	1.01553	6	0	0
3	49500001	0.979678	1.01553	6	0	0
3	50000001	1.05547	1.01553	6	0	0
3	50500001	0.999081	1.01553	6	0	0
3	51000001	1.0369	1.01553	6	0	0
3	51500001	1.01553	1.01553	6	0	0
3	52000001	1.07998	1.01553	6	0	0
3	52500001	1.02092	1.01553	6	0	0
3	53000001	0.96605	1.01553	6	0	0
3	53500001	1.03281	1.01553	6	0	0
3	54000001	0.991515	1.01553	6	0	0
3	54500001	1.04157	1.01553	6	0	0
3	55000001	1.01231	1.01553	6	0	0
3	55500001	0.965114	1.01553	6	0	0
3	56000001	1.01668	1.01553	6	0	0
3	56500001	1.00097	1.01553	6	0	0
3	57000001	0.942381	1.01553	6	0	0
3	57500001	0.978424	1.01553	6	0	0
3	58000001	1.00418	1.01553	6	0	0
3	58500001	1.03575	1.01553	6	0	0
3	59000001	1.04832	1.01553	6	0	0
3	59500001	1.03228	1.01553	6	0	0
3	60000001	0.971931	1.01553	6	0	0
3	60500001	0.999688	1.01553	6	0	0
3	61000001	0.984226	1.01553	6	0	0
3	61500001	1.01764	1.01553	6	0	0
3	62000001	0.967613	1.01553	6	0	0
3	62500001	1.00487	1.01553	6	0	0
3	63000001	1.02442	1.01553	6	0	0
3	63500001	1.02358	1.01553	6	0	0
3	64000001	1.03124	1.01553	6	0	0
3	64500001	0.992921	1.01553	6	0	0
3	65000001	0.933872	1.01553	6	0	0
3	65500001	1.01483	1.01553	6	0	0
3	66000001	1.03029	1.01553	6	0	0
3	66500001	1.00102	1.01553	6	0	0
3	67000001	1.00751	1.01553	6	0	0
3	67500001	1.01798	1.01553	6	0	0
3	68000001	1.02956	1.01553	6	0	0
3	68500001	1.0426	1.01553	6	0	0
3	69000001	0.945852	1.01553	6	0	0
3	69500001	0.969272	1.01553	6	0	0
3	70000001	1.02392	1.01553	6	0	0
3	70500001	1.02213	1.01553	6	0	0
3	71000001	0.979048	1.01553	6	0	0
3	71500001	0.99889	1.01553	6	0	0
3	72000001	1.05836	1.01553	6	0	0
3	72500001	0.997618	1.01553	6	0	0
3	73000001	0.974753	1.01553	6	0	0
3	73500001	1.03916	1.01553	6	0	0
3	74000001	1.00938	1.01553	6	0	0
3	74500001	1.01641	1.01553	6	0	0
3	75000001	0.988966	1.01553	6	0	0
3	75500001	1.21496	1.21496	7	0	0
3	76000001	0.997663	1.00045	6	0	0
3	76500001	1.00634	1.00045	6	0	0
3	77000001	0.974039	1.00045	6	0	0
3	77500001	1.0602	1.00045	6	0	0
3	78000001	1.024	1.00045	6	0	0
3	78500001	1.00617	1.00045	6	0	0
3	79000001	0.989081	1.00045	6	0	0
3	79500001	1.03665	1.00045	6	0	0
3	80000001	0.994605	1.00045	6	0	0
3	80500001	1.0106	1.00045	6	0	0
3	81000001	0.983734	1.00045	6	0	0
3	81500001	0.990745	1.00045	6	0	0
3	82000001	1.03819	1.00045	6	0	0
3	82500001	0.968449	1.00045	6	0	0
3	83000001	1.0076	1.00045	6	0	0
3	83500001	0.998274	1.00045	6	0	0
3	84000001	1.01453	1.00045	6	0	0
3	84500001	1.03886	1.00045	6	0	0
3	85000001	0.987489	1.00045	6	0	0
3	85500001	0.994565	1.00045	6	0	0
3	86000001	0.985479	1.00045	6	0	0
3	86500001	1.00045	1.00045	6	0	0
3	87000001	1.01109	1.00045	6	0	0
3	87500001	0.993535	1.00045	6	0	0
3	88000001	0.972584	1.00045	6	0	0
3	88500001	0.99784	1.00045	6	0	0
3	89000001	1.01793	1.00045	6	0	0
3	89500001	1.04456	1.00045	6	0	0
3	90000001	1.05845	1.00045	6	0	0
3	90500001	1.93465	1.93465	12	0	0
3	91000001	1.08001	1.08001	6	0	0
3	91500001	1.09446	1.08001	6	0	0
3	92000001	1.05345	1.08001	6	0	0
3	92500001	0.957795	0.957795	6	0	0
3	93000001	6.73614	6.73614	40	0	0
3	93500001	1.00038	1.02399	6	0	0
3	94000001	0.9887	1.02399	6	0	0
3	94500001	0.991788	1.02399	6	0	0
3	95000001	1.00198	1.02399	6	0	0
3	95500001	0.985933	1.02399	6	0	0
3	96000001	1.005	1.02399	6	0	0
3	96500001	1.00449	1.02399	6	0	0
3	97000001	1.01778	1.02399	6	0	0
3	97500001	1.0218	1.02399	6	0	0
3	98000001	1.05041	1.02399	6	0	0
3	98500001	1.03369	1.02399	6	0	0
3	99000001	1.05238	1.02399	6	0	0
3	99500001	1.06446	1.02399	6	0	0
3	100000001	1.0095	1.02399	6	0	0
3	100500001	0.994397	1.02399	6	0	0
3	101000001	1.04615	1.02399	6	0	0
3	101500001	0.98404	1.02399	6	0	0
3	102000001	1.06063	1.02399	6	0	0
3	102500001	1.04666	1.02399	6	0	0
3	103000001	1.05073	1.02399	6	0	0
3	103500001	1.02619	1.02399	6	0	0
3	104000001	1.04926	1.02399	6	0	0
3	104500001	1.01467	1.02399	6	0	0
3	105000001	1.02877	1.02399	6	0	0
3	105500001	1.04249	1.02399	6	0	0
3	106000001	1.00284	1.02399	6	0	0
3	106500001	1.04589	1.02399	6	0	0
3	107000001	1.06142	1.02399	6	0	0
3	107500001	1.0035	1.02399	6	0	0
3	108000001	1.03172	1.02399	6	0	0
3	108500001	0.766713	0.686648	4	0	0
3	109000001	0.626026	0.686648	4	0	0
3	109500001	0.669563	0.686648	4	0	0
3	110000001	0.686568	0.686648	4	0	0
3	110500001	0.712475	0.686648	4	0	0
3	111000001	0.696601	0.686648	4	0	0
3	111500001	0.701	0.686648	4	0	0
3	112000001	0.694069	0.686648	4	0	0
3	112500001	0.686727	0.686648	4	0	0
3	113000001	0.705368	0.686648	4	0	0
3	113500001	0.656619	0.686648	4	0	0
3	114000001	0.673015	0.686648	4	0	0
3	114500001	0.688601	0.686648	4	0	0
3	115000001	0.690669	0.686648	4	0	0
3	115500001	0.685709	0.686648	4	0	0
3	116000001	0.670394	0.686648	4	0	0
3	116500001	0.674892	0.686648	4	0	0
3	117000001	0.675348	0.686648	4	0	0
3	117500001	0.683953	0.686648	4	0	0
3	118000001	0.662793	0.686648	4	0	0
3	118500001	0.672856	0.686648	4	0	0
3	119000001	0.649123	0.686648	4	0	0
3	119500001	0.680475	0.686648	4	0	0
3	120000001	0.653028	0.686648	4	0	0
3	120500001	0.689428	0.686648	4	0	0
3	121000001	0.714507	0.686648	4	0	0
3	121500001	0.661858	0.686648	4	0	0
3	122000001	0.661451	0.686648	4	0	0
3	122500001	0.692712	0.686648	4	0	0
3	123000001	0.712632	0.686648	4	0	0
3	123500001	0.643821	0.686648	4	0	0
3	124000001	0.718367	0.686648	4	0	0
3	124500001	0.671688	0.686648	4	0	0
3	125000001	0.654301	0.686648	4	0	0
3	125500001	0.697298	0.686648	4	0	0
3	126000001	0.708369	0.686648	4	0	0
3	126500001	0.685483	0.686648	4	0	0
3	127000001	0.669105	0.686648	4	0	0
3	127500001	0.671167	0.686648	4	0	0
3	128000001	0.712298	0.686648	4	0	0
3	128500001	0.668317	0.686648	4	0	0
3	129000001	0.645894	0.686648	4	0	0
3	129500001	0.675738	0.686648	4	0	0
3	130000001	0.687602	0.686648	4	0	0
3	130500001	0.702172	0.686648	4	0	0
3	131000001	0.654783	0.686648	4	0	0
3	131500001	0.692564	0.686648	4	0	0
3	132000001	0.68485	0.686648	4	0	0
3	132500001	0.694702	0.686648	4	0	0
3	133000001	0.701322	0.686648	4	0	0
3	133500001	0.692252	0.686648	4	0	0
3	134000001	0.668029	0.686648	4	0	0
3	134500001	0.705735	0.686648	4	0	0
3	135000001	0.695923	0.686648	4	0	0
3	135500001	0.724759	0.686648	4	0	0
3	136000001	0.66815	0.686648	4	0	0
3	136500001	0.641752	0.686648	4	0	0
3	137000001	0.69837	0.686648	4	0	0
3	137500001	0.701205	0.686648	4	0	0
3	138000001	0.689888	0.686648	4	0	0
3	138500001	0.635416	0.686648	4	0	0
3	139000001	0.715376	0.686648	4	0	0
3	139500001	0.717194	0.686648	4	0	0
3	140000001	0.668384	0.686648	4	0	0
3	140500001	0.716858	0.686648	4	0	0
3	141000001	0.669923	0.686648	4	0	0
3	141500001	0.66961	0.686648	4	0	0
3	142000001	0.65529	0.686648	4	0	0
3	142500001	0.683276	0.686648	4	0	0
3	143000001	0.679667	0.686648	4	0	0
3	143500001	0.684258	0.686648	4	0	0
3	144000001	0.673601	0.686648	4	0	0
3	144500001	0.688	0.686648	4	0	0
3	145000001	0.707701	0.686648	4	0	0
3	145500001	0.681464	0.686648	4	0	0
3	146000001	0.686799	0.686648	4	0	0
3	146500001	0.687203	0.686648	4	0	0
3	147000001	0.671677	0.686648	4	0	0
3	147500001	0.688138	0.686648	4	0	0
3	148000001	0.690453	0.686648	4	0	0
3	148500001	0.697027	0.686648	4	0	0
3	149000001	0.66837	0.686648	4	0	0
3	149500001	0.661591	0.686648	4	0	0
3	150000001	0.688651	0.686648	4	0	0
3	150500001	0.677839	0.686648	4	0	0
3	151000001	0.664313	0.686648	4	0	0
3	151500001	0.697223	0.686648	4	0	0
3	152000001	0.707549	0.686648	4	0	0
3	152500001	0.69954	0.686648	4	0	0
3	153000001	0.667931	0.686648	4	0	0
3	153500001	0.7052	0.686648	4	0	0
3	154000001	0.688887	0.686648	4	0	0
3	154500001	0.714502	0.686648	4	0	0
3	155000001	0.707099	0.686648	4	0	0
3	155500001	0.663699	0.686648	4	0	0
3	156000001	0.720475	0.686648	4	0	0
3	156500001	0.711204	0.686648	4	0	0
3	157000001	0.683825	0.686648	4	0	0
3	157500001	0.693394	0.686648	4	0	0
3	158000001	0.646576	0.686648	4	0	0
3	158500001	0.682253	0.686648	4	0	0
3	159000001	0.736579	0.686648	4	0	0
3	159500001	0.669665	0.686648	4	0	0
3	160000001	0.666224	0.686648	4	0	0
3	160500001	0.671147	0.686648	4	0	0
3	161000001	0.711253	0.686648	4	0	0
3	161500001	0.691168	0.686648	4	0	0
3	162000001	0.696626	0.686648	4	0	0
3	162500001	1.01229	1.01087	6	0	0
3	163000001	1.0137	1.01087	6	0	0
3	163500001	1.02999	1.01087	6	0	0
3	164000001	1.03524	1.01087	6	0	0
3	164500001	1.0376	1.01087	6	0	0
3	165000001	0.985814	1.01087	6	0	0
3	165500001	1.01101	1.01087	6	0	0
3	166000001	0.996005	1.01087	6	0	0
3	166500001	1.0483	1.01087	6	0	0
3	167000001	1.00213	1.01087	6	0	0
3	167500001	1.04011	1.01087	6	0	0
3	168000001	1.02955	1.01087	6	0	0
3	168500001	1.03514	1.01087	6	0	0
3	169000001	1.03212	1.01087	6	0	0
3	169500001	1.02686	1.01087	6	0	0
3	170000001	0.937155	1.01087	6	0	0
3	170500001	1.00898	1.01087	6	0	0
3	171000001	1.01452	1.01087	6	0	0
3	171500001	1.04532	1.01087	6	0	0
3	172000001	1.01234	1.01087	6	0	0
3	172500001	1.03814	1.01087	6	0	0
3	173000001	1.01087	1.01087	6	0	0
3	173500001	1.01233	1.01087	6	0	0
3	174000001	0.966255	1.01087	6	0	0
3	174500001	0.99485	1.01087	6	0	0
3	175000001	0.998957	1.01087	6	0	0
3	175500001	0.963411	1.01087	6	0	0
3	176000001	1.00954	1.01087	6	0	0
3	176500001	1.05028	1.01087	6	0	0
3	177000001	0.996764	1.01087	6	0	0
3	177500001	0.985808	1.01087	6	0	0
3	178000001	1.03885	1.01087	6	0	0
3	178500001	1.02972	1.01087	6	0	0
3	179000001	0.96158	1.01087	6	0	0
3	179500001	0.976345	1.01087	6	0	0
3	180000001	1.02094	1.01087	6	0	0
3	180500001	0.983869	1.01087	6	0	0
3	181000001	0.98676	1.01087	6	0	0
3	181500001	0.940357	1.01087	6	0	0
3	182000001	1.00976	1.01087	6	0	0
3	182500001	1.02811	1.01087	6	0	0
3	183000001	1.03938	1.01087	6	0	0
3	183500001	0.926364	1.01087	6	0	0
3	184000001	0.987333	1.01087	6	0	0
3	184500001	0.977751	1.01087	6	0	0
3	185000001	0.986071	1.01087	6	0	0
3	185500001	0.992661	1.01087	6	0	0
3	186000001	1.009	1.01087	6	0	0
3	186500001	1.00286	1.01087	6	0	0
3	187000001	1.01623	1.01087	6	0	0
3	187500001	1.04199	1.01087	6	0	0
3	188000001	0.95509	1.01087	6	0	0
3	188500001	1.0198	1.01087	6	0	0
3	189000001	1.02377	1.01087	6	0	0
3	189500001	1.01884	1.01087	6	0	0
3	190000001	0.995334	1.01087	6	0	0
3	190500001	1.01978	1.01087	6	0	0
3	191000001	0.972358	1.01087	6	0	0
3	191500001	1.04731	1.01087	6	0	0
3	192000001	1.02371	1.01087	6	0	0
3	192500001	1.00541	1.01087	6	0	0
3	193000001	1.0087	1.01087	6	0	0
3	193500001	0.989684	1.01087	6	0	0
3	194000001	1.02851	1.01087	6	0	0
3	194500001	1.01924	1.01087	6	0	0
3	195000001	0.951572	1.01087	6	0	0
3	195500001	1.06392	1.01087	6	0	0
3	196000001	0.929083	1.01087	6	0	0
3	196500001	0.964846	1.01087	6	0	0
3	197000001	1.05871	1.01087	6	0	0
3	197500001	1.00449	1.01087	6	0	0
3	198000001	-1	-1	-1	0	0
4	1	1.05399	1.01162	6	0	0
4	500001	1.01527	1.01162	6	0	0
4	1000001	1.07957	1.01162	6	0	0
4	1500001	0.973343	1.01162	6	0	0
4	2000001	1.00709	1.01162	6	0	0
4	2500001	0.905913	1.01162	6	0	0
4	3000001	0.959052	1.01162	6	0	0
4	3500001	1.08339	1.01162	6	0	0
4	4000001	1.02823	1.01162	6	0	0
4	4500001	1.01476	1.01162	6	0	0
4	5000001	1.04658	1.01162	6	0	0
4	5500001	1.00292	1.01162	6	0	0
4	6000001	1.04768	1.01162	6	0	0
4	6500001	1.02317	1.01162	6	0	0
4	7000001	1.04244	1.01162	6	0	0
4	7500001	1.02082	1.01162	6	0	0
4	8000001	1.10103	1.01162	6	0	0
4	8500001	1.00331	1.01162	6	0	0
4	9000001	0.992913	1.01162	6	0	0
4	9500001	1.00295	1.01162	6	0	0
4	10000001	1.01584	1.01162	6	0	0
4	10500001	1.00859	1.01162	6	0	0
4	11000001	1.06209	1.01162	6	0	0
4	11500001	1.05244	1.01162	6	0	0
4	12000001	1.07757	1.01162	6	0	0
4	12500001	0.99703	1.01162	6	0	0
4	13000001	0.957442	1.01162	6	0	0
4	13500001	1.01039	1.01162	6	0	0
4	14000001	1.02169	1.01162	6	0	0
4	14500001	1.04923	1.01162	6	0	0
4	15000001	1.03624	1.01162	6	0	0
4	15500001	1.01153	1.01162	6	0	0
4	16000001	1.02598	1.01162	6	0	0
4	16500001	0.994685	1.01162	6	0	0
4	17000001	0.991513	1.01162	6	0	0
4	17500001	0.953421	1.01162	6	0	0
4	18000001	0.995712	1.01162	6	0	0
4	18500001	1.00312	1.01162	6	0	0
4	19000001	1.02262	1.01162	6	0	0
4	19500001	1.0435	1.01162	6	0	0
4	20000001	1.02874	1.01162	6	0	0
4	20500001	1.02328	1.01162	6	0	0
4	21000001	1.01327	1.01162	6	0	0
4	21500001	1.00922	1.01162	6	0	0
4	22000001	1.00405	1.01162	6	0	0
4	22500001	1.01317	1.01162	6	0	0
4	23000001	1.04362	1.01162	6	0	0
4	23500001	0.972702	1.01162	6	0	0
4	24000001	1.01754	1.01162	6	0	0
4	24500001	0.997651	1.01162	6	0	0
4	25000001	0.992536	1.01162	6	0	0
4	25500001	1.00137	1.01162	6	0	0
4	26000001	1.00989	1.01162	6	0	0
4	26500001	1.01361	1.01162	6	0	0
4	27000001	0.979741	1.01162	6	0	0
4	27500001	1.02555	1.01162	6	0	0
4	28000001	0.980555	1.01162	6	0	0
4	28500001	1.00541	1.01162	6	0	0
4	29000001	1.01171	1.01162	6	0	0
4	29500001	1.00845	1.01162	6	0	0
4	30000001	0.976346	1.01162	6	0	0
4	30500001	0.987608	1.01162	6	0	0
4	31000001	1.00787	1.01162	6	0	0
4	31500001	0.969006	1.01162	6	0	0
4	32000001	1.01287	1.01162	6	0	0
4	32500001	1.01666	1.01162	6	0	0
4	33000001	1.03484	1.01162	6	0	0
4	33500001	1.01492	1.01162	6	0	0
4	34000001	1.04382	1.01162	6	0	0
4	34500001	0.925873	1.01162	6	0	0
4	35000001	1.04	1.01162	6	0	0
4	35500001	1.02722	1.01162	6	0	0
4	36000001	1.07697	1.01162	6	0	0
4	36500001	1.02726	1.01162	6	0	0
4	37000001	1.02384	1.01162	6	0	0
4	37500001	0.976738	1.01162	6	0	0
4	38000001	1.03152	1.01162	6	0	0
4	38500001	1.00028	1.01162	6	0	0
4	39000001	0.950608	1.01162	6	0	0
4	39500001	0.924068	1.01162	6	0	0
4	40000001	0.992249	1.01162	6	0	0
4	40500001	0.946779	1.01162	6	0	0
4	41000001	1.0223	1.01162	6	0	0
4	41500001	0.994645	1.01162	6	0	0
4	42000001	0.97872	1.01162	6	0	0
4	42500001	1.02673	1.01162	6	0	0
4	43000001	0.993068	1.01162	6	0	0
4	43500001	0.984593	1.01162	6	0	0
4	44000001	0.999979	1.01162	6	0	0
4	44500001	1.04437	1.01162	6	0	0
4	45000001	1.01661	1.01162	6	0	0
4	45500001	0.988756	1.01162	6	0	0
4	46000001	1.02485	1.01162	6	0	0
4	46500001	1.01577	1.01162	6	0	0
4	47000001	1.02713	1.01162	6	0	0
4	47500001	1.00264	1.01162	6	0	0
4	48000001	1.00521	1.01162	6	0	0
4	48500001	0.98351	1.01162	6	0	0
4	49000001	-1	-1	-1	0	0
4	49500001	2.87049	2.87049	17	0	0
4	50000001	1.68705	1.68705	10	0	0
4	50500001	1.34391	1.34391	8	0	0
4	51000001	1.07238	1.00385	6	0	0
4	51500001	0.957948	1.00385	6	0	0
4	52000001	0.991473	1.00385	6	0	0
4	52500001	0.942396	1.00385	6	0	0
4	53000001	0.996877	1.00385	6	0	0
4	53500001	0.991655	1.00385	6	0	0
4	54000001	1.01269	1.00385	6	0	0
4	54500001	1.01201	1.00385	6	0	0
4	55000001	1.04632	1.00385	6	0	0
4	55500001	1.01804	1.00385	6	0	0
4	56000001	0.968909	1.00385	6	0	0
4	56500001	0.930341	1.00385	6	0	0
4	57000001	0.988989	1.00385	6	0	0
4	57500001	1.03335	1.00385	6	0	0
4	58000001	1.01891	1.00385	6	0	0
4	58500001	0.999882	1.00385	6	0	0
4	59000001	1.01825	1.00385	6	0	0
4	59500001	1.00435	1.00385	6	0	0
4	60000001	0.988516	1.00385	6	0	0
4	60500001	1.02955	1.00385	6	0	0
4	61000001	1.01115	1.00385	6	0	0
4	61500001	0.952447	1.00385	6	0	0
4	62000001	0.969636	1.00385	6	0	0
4	62500001	0.979698	1.00385	6	0	0
4	63000001	0.975432	1.00385	6	0	0
4	63500001	0.992182	1.00385	6	0	0
4	64000001	0.989139	1.00385	6	0	0
4	64500001	1.02081	1.00385	6	0	0
4	65000001	1.02941	1.00385	6	0	0
4	65500001	0.999438	1.00385	6	0	0
4	66000001	0.988953	1.00385	6	0	0
4	66500001	0.987299	1.00385	6	0	0
4	67000001	1.0078	1.00385	6	0	0
4	67500001	0.977635	1.00385	6	0	0
4	68000001	0.983388	1.00385	6	0	0
4	68500001	0.840844	1.00385	6	0	0
4	69000001	1.03091	1.00385	6	0	0
4	69500001	1.00901	1.00385	6	0	0
4	70000001	1.03021	1.00385	6	0	0
4	70500001	0.937005	1.00385	6	0	0
4	71000001	1.00546	1.00385	6	0	0
4	71500001	1.01821	1.00385	6	0	0
4	72000001	1.01384	1.00385	6	0	0
4	72500001	0.971913	1.00385	6	0	0
4	73000001	0.957133	1.00385	6	0	0
4	73500001	1.05498	1.00385	6	0	0
4	74000001	1.03301	1.00385	6	0	0
4	74500001	1.04438	1.00385	6	0	0
4	75000001	1.02933	1.00385	6	0	0
4	75500001	0.990242	1.00385	6	0	0
4	76000001	1.02847	1.00385	6	0	0
4	76500001	1.02127	1.00385	6	0	0
4	77000001	1.00054	1.00385	6	0	0
4	77500001	1.0266	1.00385	6	0	0
4	78000001	1.05099	1.00385	6	0	0
4	78500001	1.01784	1.00385	6	0	0
4	79000001	1.07424	1.00385	6	0	0
4	79500001	1.00371	1.00385	6	0	0
4	80000001	1.01293	1.00385	6	0	0
4	80500001	1.03519	1.00385	6	0	0
4	81000001	1.01321	1.00385	6	0	0
4	81500001	0.95106	1.00385	6	0	0
4	82000001	0.987146	1.00385	6	0	0
4	82500001	1.01133	1.00385	6	0	0
4	83000001	0.972465	1.00385	6	0	0
4	83500001	1.00628	1.00385	6	0	0
4	84000001	1.03913	1.00385	6	0	0
4	84500001	0.987604	1.00385	6	0	0
4	85000001	1.01765	1.00385	6	0	0
4	85500001	1.02363	1.00385	6	0	0
4	86000001	0.99266	1.00385	6	0	0
4	86500001	0.998437	1.00385	6	0	0
4	87000001	0.963829	1.00385	6	0	0
4	87500001	0.997581	1.00385	6	0	0
4	88000001	0.965323	1.00385	6	0	0
4	88500001	1.02972	1.00385	6	0	0
4	89000001	0.992739	1.00385	6	0	0
4	89500001	1.00217	1.00385	6	0	0
4	90000001	1.02025	1.00385	6	0	0
4	90500001	0.996091	1.00385	6	0	0
4	91000001	1.00044	1.00385	6	0	0
4	91500001	1.02613	1.00385	6	0	0
4	92000001	0.96381	1.00385	6	0	0
4	92500001	1.00881	1.00385	6	0	0
4	93000001	1.00758	1.00385	6	0	0
4	93500001	1.02362	1.00385	6	0	0
4	94000001	1.03431	1.00385	6	0	0
4	94500001	0.977551	1.00385	6	0	0
4	95000001	1.00228	1.00385	6	0	0
4	95500001	0.987618	1.00385	6	0	0
4	96000001	1.01522	1.00385	6	0	0
4	96500001	1.0128	1.00385	6	0	0
4	97000001	1.01996	1.00385	6	0	0
4	97500001	1.00385	1.00385	6	0	0
4	98000001	0.988948	1.00385	6	0	0
4	98500001	0.993042	1.00385	6	0	0
4	99000001	1.01839	1.00385	6	0	0
4	99500001	0.965792	1.00385	6	0	0
4	100000001	1.02595	1.00385	6	0	0
4	100500001	1.03236	1.00385	6	0	0
4	101000001	0.996921	1.00385	6	0	0
4	101500001	0.985084	1.00385	6	0	0
4	102000001	1.00184	1.00385	6	0	0
4	102500001	1.03491	1.00385	6	0	0
4	103000001	1.03112	1.00385	6	0	0
4	103500001	1.03062	1.00385	6	0	0
4	104000001	0.99354	1.00385	6	0	0
4	104500001	1.03136	1.00385	6	0	0
4	105000001	1.01619	1.00385	6	0	0
4	105500001	1.00845	1.00385	6	0	0
4	106000001	1.01651	1.00385	6	0	0
4	106500001	1.02642	1.00385	6	0	0
4	107000001	1.02658	1.00385	6	0	0
4	107500001	1.02308	1.00385	6	0	0
4	108000001	0.976683	1.00385	6	0	0
4	108500001	0.991417	1.00385	6	0	0
4	109000001	1.04872	1.00385	6	0	0
4	109500001	0.974713	1.00385	6	0	0
4	110000001	0.998884	1.00385	6	0	0
4	110500001	0.979184	1.00385	6	0	0
4	111000001	0.970198	1.00385	6	0	0
4	111500001	1.00542	1.00385	6	0	0
4	112000001	1.04709	1.00385	6	0	0
4	112500001	0.918747	1.00385	6	0	0
4	113000001	0.997642	1.00385	6	0	0
4	113500001	0.997271	1.00385	6	0	0
4	114000001	1.03082	1.00385	6	0	0
4	114500001	0.997332	1.00385	6	0	0
4	115000001	1.00422	1.00385	6	0	0
4	115500001	1.00461	1.00385	6	0	0
4	116000001	0.958517	1.00385	6	0	0
4	116500001	1.02254	1.00385	6	0	0
4	117000001	1.00023	1.00385	6	0	0
4	117500001	1.01907	1.00385	6	0	0
4	118000001	1.02475	1.00385	6	0	0
4	118500001	0.999762	1.00385	6	0	0
4	119000001	0.979438	1.00385	6	0	0
4	119500001	1.02715	1.00385	6	0	0
4	120000001	1.00155	1.00385	6	0	0
4	120500001	0.988979	1.00385	6	0	0
4	121000001	1.03225	1.00385	6	0	0
4	121500001	1.03736	1.00385	6	0	0
4	122000001	0.997908	1.00385	6	0	0
4	122500001	1.03989	1.00385	6	0	0
4	123000001	0.991834	1.00385	6	0	0
4	123500001	1.00768	1.00385	6	0	0
4	124000001	1.00534	1.00385	6	0	0
4	124500001	1.00775	1.00385	6	0	0
4	125000001	0.997803	1.00385	6	0	0
4	125500001	1.02954	1.00385	6	0	0
4	126000001	1.03284	1.00385	6	0	0
4	126500001	1.02771	1.00385	6	0	0
4	127000001	1.03723	1.00385	6	0	0
4	127500001	0.980855	1.00385	6	0	0
4	128000001	0.972787	1.00385	6	0	0
4	128500001	0.993309	1.00385	6	0	0
4	129000001	1.00761	1.00385	6	0	0
4	129500001	1.03342	1.00385	6	0	0
4	130000001	0.99513	1.00385	6	0	0
4	130500001	1.00879	1.00385	6	0	0
4	131000001	0.964716	1.00385	6	0	0
4	131500001	0.997532	1.00385	6	0	0
4	132000001	1.00109	1.00385	6	0	0
4	132500001	0.954348	1.00385	6	0	0
4	133000001	0.978513	1.00385	6	0	0
4	133500001	1.01708	1.00385	6	0	0
4	134000001	1.00149	1.00385	6	0	0
4	134500001	1.00233	1.00385	6	0	0
4	135000001	1.01402	1.00385	6	0	0
4	135500001	1.02652	1.00385	6	0	0
4	136000001	0.987245	1.00385	6	0	0
4	136500001	0.97687	1.00385	6	0	0
4	137000001	1.03214	1.00385	6	0	0
4	137500001	1.02172	1.00385	6	0	0
4	138000001	1.00181	1.00385	6	0	0
4	138500001	1.00376	1.00385	6	0	0
4	139000001	0.939865	1.00385	6	0	0
4	139500001	0.987041	1.00385	6	0	0
4	140000001	0.998562	1.00385	6	0	0
4	140500001	0.968525	1.00385	6	0	0
4	141000001	0.998984	1.00385	6	0	0
4	141500001	1.01417	1.00385	6	0	0
4	142000001	1.02524	1.00385	6	0	0
4	142500001	1.04939	1.00385	6	0	0
4	143000001	0.997409	1.00385	6	0	0
4	143500001	1.00016	1.00385	6	0	0
4	144000001	1.02532	1.00385	6	0	0
4	144500001	1.03379	1.00385	6	0	0
4	145000001	1.00557	1.00385	6	0	0
4	145500001	1.02835	1.00385	6	0	0
4	146000001	1.01173	1.00385	6	0	0
4	146500001	1.0444	1.00385	6	0	0
4	147000001	1.00893	1.00385	6	0	0
4	147500001	0.965537	1.00385	6	0	0
4	148000001	0.964452	1.00385	6	0	0
4	148500001	0.965594	1.00385	6	0	0
4	149000001	1.06006	1.00385	6	0	0
4	149500001	0.992655	1.00385	6	0	0
4	150000001	0.974022	1.00385	6	0	0
4	150500001	0.979785	1.00385	6	0	0
4	151000001	0.935862	1.00385	6	0	0
4	151500001	1.03363	1.00385	6	0	0
4	152000001	0.98796	1.00385	6	0	0
4	152500001	0.971159	1.00385	6	0	0
4	153000001	0.957113	1.00385	6	0	0
4	153500001	0.999338	1.00385	6	0	0
4	154000001	1.00404	1.00385	6	0	0
4	154500001	0.993046	1.00385	6	0	0
4	155000001	1.03218	1.00385	6	0	0
4	155500001	0.970068	1.00385	6	0	0
4	156000001	1.00857	1.00385	6	0	0
4	156500001	1.00126	1.00385	6	0	0
4	157000001	1.02425	1.00385	6	0	0
4	157500001	1.0314	1.00385	6	0	0
4	158000001	0.999312	1.00385	6	0	0
4	158500001	1.00716	1.00385	6	0	0
4	159000001	1.0145	1.00385	6	0	0
4	159500001	1.01056	1.00385	6	0	0
4	160000001	0.987154	1.00385	6	0	0
4	160500001	1.00566	1.00385	6	0	0
4	161000001	1.02526	1.00385	6	0	0
4	161500001	0.977846	1.00385	6	0	0
4	162000001	0.981869	1.00385	6	0	0
4	162500001	0.991438	1.00385	6	0	0
4	163000001	0.98948	1.00385	6	0	0
4	163500001	1.01771	1.00385	6	0	0
4	164000001	0.959631	1.00385	6	0	0
4	164500001	0.949115	1.00385	6	0	0
4	165000001	0.941613	1.00385	6	0	0
4	165500001	1.01191	1.00385	6	0	0
4	166000001	1.00063	1.00385	6	0	0
4	166500001	1.02276	1.00385	6	0	0
4	167000001	1.01662	1.00385	6	0	0
4	167500001	1.02266	1.00385	6	0	0
4	168000001	1.03113	1.00385	6	0	0
4	168500001	1.00087	1.00385	6	0	0
4	169000001	1.00953	1.00385	6	0	0
4	169500001	0.973021	0.987018	6	0	0
4	170000001	0.992358	0.987018	6	0	0
4	170500001	0.99655	0.987018	6	0	0
4	171000001	0.967061	0.987018	6	0	0
4	171500001	1.01204	0.987018	6	0	0
4	172000001	1.00435	0.987018	6	0	0
4	172500001	0.952264	0.987018	6	0	0
4	173000001	0.998775	0.987018	6	0	0
4	173500001	0.988279	0.987018	6	0	0
4	174000001	1.00224	0.987018	6	0	0
4	174500001	0.982511	0.987018	6	0	0
4	175000001	0.987018	0.987018	6	0	0
4	175500001	0.986994	0.987018	6	0	0
4	176000001	0.983608	0.987018	6	0	0
4	176500001	0.99501	0.987018	6	0	0
4	177000001	1.03494	0.987018	6	0	0
4	177500001	0.964045	0.987018	6	0	0
4	178000001	1.00798	0.987018	6	0	0
4	178500001	0.98097	0.987018	6	0	0
4	179000001	0.967338	0.987018	6	0	0
4	179500001	0.971192	0.987018	6	0	0
4	180000001	0.991815	0.987018	6	0	0
4	180500001	0.966548	0.987018	6	0	0
4	181000001	0.993835	0.987018	6	0	0
4	181500001	1.00908	0.987018	6	0	0
4	182000001	0.984978	0.987018	6	0	0
4	182500001	0.979136	0.987018	6	0	0
4	183000001	0.956926	0.987018	6	0	0
4	183500001	0.987172	0.987018	6	0	0
4	184000001	1.0327	0.987018	6	0	0
4	184500001	1.00295	0.987018	6	0	0
4	185000001	0.95096	0.987018	6	0	0
4	185500001	0.971127	0.987018	6	0	0
4	186000001	0.982735	0.987018	6	0	0
4	186500001	0.972239	0.987018	6	0	0
4	187000001	1.00893	0.987018	6	0	0
4	187500001	0.976161	0.987018	6	0	0
4	188000001	0.87695	0.987018	6	0	0
4	188500001	0.990329	0.987018	6	0	0
4	189000001	0.999158	0.987018	6	0	0
4	189500001	0.993351	0.987018	6	0	0
4	190000001	-1	-1	-1	0	0
5	1	1.40453	1.315	8	0	0
5	500001	1.35598	1.315	8	0	0
5	1000001	1.41774	1.315	8	0	0
5	1500001	1.34862	1.315	8	0	0
5	2000001	1.26553	1.315	8	0	0
5	2500001	1.259	1.315	8	0	0
5	3000001	1.27288	1.315	8	0	0
5	3500001	1.29908	1.315	8	0	0
5	4000001	1.30105	1.315	8	0	0
5	4500001	1.3667	1.315	8	0	0
5	5000001	1.32003	1.315	8	0	0
5	5500001	1.40931	1.315	8	0	0
5	6000001	1.30566	1.315	8	0	0
5	6500001	1.32889	1.315	8	0	0
5	7000001	1.2934	1.315	8	0	0
5	7500001	1.30389	1.315	8	0	0
5	8000001	1.34389	1.315	8	0	0
5	8500001	1.28045	1.315	8	0	0
5	9000001	1.27687	1.315	8	0	0
5	9500001	1.315	1.315	8	0	0
5	10000001	1.30002	1.315	8	0	0
5	10500001	1.33174	1.315	8	0	0
5	11000001	1.33366	1.315	8	0	0
5	11500001	1.32118	1.315	8	0	0
5	12000001	1.34754	1.315	8	0	0
5	12500001	1.2739	1.315	8	0	0
5	13000001	1.34029	1.315	8	0	0
5	13500001	1.36048	1.315	8	0	0
5	14000001	1.30514	1.315	8	0	0
5	14500001	1.2794	1.315	8	0	0
5	15000001	1.38119	1.315	8	0	0
5	15500001	1.35482	1.315	8	0	0
5	16000001	1.30619	1.315	8	0	0
5	16500001	1.26808	1.315	8	0	0
5	17000001	1.27962	1.315	8	0	0
5	17500001	1.71496	1.71496	10	0	0
5	18000001	1.33459	1.31422	8	0	0
5	18500001	1.30421	1.31422	8	0	0
5	19000001	1.28353	1.31422	8	0	0
5	19500001	1.30722	1.31422	8	0	0
5	20000001	1.27301	1.31422	8	0	0
5	20500001	1.31978	1.31422	8	0	0
5	21000001	1.36458	1.31422	8	0	0
5	21500001	1.30862	1.31422	8	0	0
5	22000001	1.3024	1.31422	8	0	0
5	22500001	1.31358	1.31422	8	0	0
5	23000001	1.28909	1.31422	8	0	0
5	23500001	1.31392	1.31422	8	0	0
5	24000001	1.29177	1.31422	8	0	0
5	24500001	1.33286	1.31422	8	0	0
5	25000001	1.29338	1.31422	8	0	0
5	25500001	1.31452	1.31422	8	0	0
5	26000001	1.27016	1.31422	8	0	0
5	26500001	1.28046	1.31422	8	0	0
5	27000001	1.29821	1.31422	8	0	0
5	27500001	1.28328	1.31422	8	0	0
5	28000001	1.32639	1.31422	8	0	0
5	28500001	1.28141	1.31422	8	0	0
5	29000001	1.29146	1.31422	8	0	0
5	29500001	1.30823	1.31422	8	0	0
5	30000001	1.30708	1.31422	8	0	0
5	30500001	1.34204	1.31422	8	0	0
5	31000001	1.31244	1.31422	8	0	0
5	31500001	1.30857	1.31422	8	0	0
5	32000001	1.26565	1.31422	8	0	0
5	32500001	1.30215	1.31422	8	0	0
5	33000001	1.39105	1.31422	8	0	0
5	33500001	1.39772	1.31422	8	0	0
5	34000001	1.46338	1.31422	8	0	0
5	34500001	1.3262	1.31422	8	0	0
5	35000001	1.34402	1.31422	8	0	0
5	35500001	1.32638	1.31422	8	0	0
5	36000001	1.36254	1.31422	8	0	0
5	36500001	1.35115	1.31422	8	0	0
5	37000001	1.24073	1.31422	8	0	0
5	37500001	1.38814	1.31422	8	0	0
5	38000001	1.32129	1.31422	8	0	0
5	38500001	1.38301	1.31422	8	0	0
5	39000001	1.32828	1.31422	8	0	0
5	39500001	1.33708	1.31422	8	0	0
5	40000001	1.40383	1.31422	8	0	0
5	40500001	1.32175	1.31422	8	0	0
5	41000001	1.35411	1.31422	8	0	0
5	41500001	1.35162	1.31422	8	0	0
5	42000001	1.39909	1.31422	8	0	0
5	42500001	1.30557	1.31422	8	0	0
5	43000001	1.26896	1.21225	7	0	0
5	43500001	1.1921	1.21225	7	0	0
5	44000001	1.21225	1.21225	7	0	0
5	44500001	0.885896	0.881004	5	0	0
5	45000001	0.864366	0.881004	5	0	0
5	45500001	0.876112	0.881004	5	0	0
5	46000001	0.906744	0.881004	5	0	0
5	46500001	0.512421	0.512421	3	0	0
5	47000001	1.08397	1.24875	7	0	0
5	47500001	1.24875	1.24875	7	0	0
5	48000001	1.31628	1.24875	7	0	0
5	48500001	1.56504	1.56504	9	0	0
5	49000001	2.3425	2.3425	14	0	0
5	49500001	5.8061	5.8061	35	0	0
5	50000001	1.1606	1.1606	7	0	0
5	50500001	0.849964	0.857576	5	0	0
5	51000001	0.871101	0.857576	5	0	0
5	51500001	0.847563	0.857576	5	0	0
5	52000001	0.865097	0.857576	5	0	0
5	52500001	0.903546	0.857576	5	0	0
5	53000001	0.852275	0.857576	5	0	0
5	53500001	0.858572	0.857576	5	0	0
5	54000001	0.857458	0.857576	5	0	0
5	54500001	0.880188	0.857576	5	0	0
5	55000001	0.864873	0.857576	5	0	0
5	55500001	0.850246	0.857576	5	0	0
5	56000001	0.831038	0.857576	5	0	0
5	56500001	0.825723	0.857576	5	0	0
5	57000001	0.827145	0.857576	5	0	0
5	57500001	0.896494	0.857576	5	0	0
5	58000001	0.841831	0.857576	5	0	0
5	58500001	0.852031	0.857576	5	0	0
5	59000001	0.877541	0.857576	5	0	0
5	59500001	0.904827	0.857576	5	0	0
5	60000001	0.884489	0.857576	5	0	0
5	60500001	0.802724	0.857576	5	0	0
5	61000001	0.840288	0.857576	5	0	0
5	61500001	0.936604	0.857576	5	0	0
5	62000001	0.854382	0.857576	5	0	0
5	62500001	0.838325	0.857576	5	0	0
5	63000001	0.812824	0.857576	5	0	0
5	63500001	0.836655	0.857576	5	0	0
5	64000001	0.887609	0.857576	5	0	0
5	64500001	0.883329	0.857576	5	0	0
5	65000001	0.875022	0.857576	5	0	0
5	65500001	0.852084	0.857576	5	0	0
5	66000001	0.906939	0.857576	5	0	0
5	66500001	0.856305	0.857576	5	0	0
5	67000001	0.843272	0.857576	5	0	0
5	67500001	0.908398	0.857576	5	0	0
5	68000001	0.814607	0.857576	5	0	0
5	68500001	0.871004	0.857576	5	0	0
5	69000001	0.825692	0.857576	5	0	0
5	69500001	0.729599	0.857576	5	0	0
5	70000001	0.783596	0.857576	5	0	0
5	70500001	0.85557	0.857576	5	0	0
5	71000001	0.862263	0.857576	5	0	0
5	71500001	0.851224	0.857576	5	0	0
5	72000001	0.904851	0.857576	5	0	0
5	72500001	0.879201	0.857576	5	0	0
5	73000001	0.883147	0.857576	5	0	0
5	73500001	0.888245	0.857576	5	0	0
5	74000001	0.851152	0.857576	5	0	0
5	74500001	0.830285	0.857576	5	0	0
5	75000001	0.894125	0.857576	5	0	0
5	75500001	0.890965	0.857576	5	0	0
5	76000001	0.857686	0.857576	5	0	0
5	76500001	0.865334	0.857576	5	0	0
5	77000001	0.861967	0.857576	5	0	0
5	77500001	0.85302	0.857576	5	0	0
5	78000001	0.836551	0.857576	5	0	0
5	78500001	0.874976	0.857576	5	0	0
5	79000001	0.828335	0.857576	5	0	0
5	79500001	0.857466	0.857576	5	0	0
5	80000001	0.835181	0.857576	5	0	0
5	80500001	0.830448	0.857576	5	0	0
5	81000001	0.865468	0.857576	5	0	0
5	81500001	0.872429	0.857576	5	0	0
5	82000001	0.868214	0.857576	5	0	0
5	82500001	0.849465	0.857576	5	0	0
5	83000001	0.836917	0.857576	5	0	0
5	83500001	0.837575	0.857576	5	0	0
5	84000001	0.858532	0.857576	5	0	0
5	84500001	0.816383	0.857576	5	0	0
5	85000001	0.901228	0.857576	5	0	0
5	85500001	0.866811	0.857576	5	0	0
5	86000001	0.86045	0.857576	5	0	0
5	86500001	0.894949	0.857576	5	0	0
5	87000001	0.875106	0.857576	5	0	0
5	87500001	0.859406	0.857576	5	0	0
5	88000001	0.870695	0.857576	5	0	0
5	88500001	0.870065	0.857576	5	0	0
5	89000001	0.884899	0.857576	5	0	0
5	89500001	0.903089	0.857576	5	0	0
5	90000001	0.878597	0.857576	5	0	0
5	90500001	0.851992	0.857576	5	0	0
5	91000001	0.843617	0.857576	5	0	0
5	91500001	0.888048	0.857576	5	0	0
5	92000001	0.874071	0.857576	5	0	0
5	92500001	0.864391	0.857576	5	0	0
5	93000001	0.870874	0.857576	5	0	0
5	93500001	0.855241	0.857576	5	0	0
5	94000001	0.829643	0.857576	5	0	0
5	94500001	0.886259	0.857576	5	0	0
5	95000001	0.880133	0.857576	5	0	0
5	95500001	0.859197	0.857576	5	0	0
5	96000001	0.902587	0.857576	5	0	0
5	96500001	0.866827	0.857576	5	0	0
5	97000001	0.864082	0.857576	5	0	0
5	97500001	0.899777	0.857576	5	0	0
5	98000001	0.911632	0.857576	5	0	0
5	98500001	0.86099	0.857576	5	0	0
5	99000001	0.838468	0.857576	5	0	0
5	99500001	0.846846	0.857576	5	0	0
5	100000001	0.847363	0.857576	5	0	0
5	100500001	0.879261	0.857576	5	0	0
5	101000001	0.84885	0.857576	5	0	0
5	101500001	0.869099	0.857576	5	0	0
5	102000001	0.86727	0.857576	5	0	0
5	102500001	0.883356	0.857576	5	0	0
5	103000001	0.841094	0.857576	5	0	0
5	103500001	0.872149	0.857576	5	0	0
5	104000001	0.863784	0.857576	5	0	0
5	104500001	0.868876	0.857576	5	0	0
5	105000001	0.882238	0.857576	5	0	0
5	105500001	0.873646	0.857576	5	0	0
5	106000001	0.871215	0.857576	5	0	0
5	106500001	0.855914	0.857576	5	0	0
5	107000001	0.888992	0.857576	5	0	0
5	107500001	0.890827	0.857576	5	0	0
5	108000001	0.874822	0.857576	5	0	0
5	108500001	0.854118	0.857576	5	0	0
5	109000001	0.827518	0.857576	5	0	0
5	109500001	0.822065	0.857576	5	0	0
5	110000001	0.856097	0.857576	5	0	0
5	110500001	0.875587	0.857576	5	0	0
5	111000001	0.840015	0.857576	5	0	0
5	111500001	0.891884	0.857576	5	0	0
5	112000001	0.891307	0.857576	5	0	0
5	112500001	0.826514	0.857576	5	0	0
5	113000001	0.876289	0.857576	5	0	0
5	113500001	0.867163	0.857576	5	0	0
5	114000001	0.853783	0.857576	5	0	0
5	114500001	0.891125	0.857576	5	0	0
5	115000001	0.875224	0.857576	5	0	0
5	115500001	0.877487	0.857576	5	0	0
5	116000001	0.831064	0.857576	5	0	0
5	116500001	0.854908	0.857576	5	0	0
5	117000001	0.843362	0.857576	5	0	0
5	117500001	0.845578	0.857576	5	0	0
5	118000001	0.826726	0.857576	5	0	0
5	118500001	0.868089	0.857576	5	0	0
5	119000001	0.809488	0.857576	5	0	0
5	119500001	0.848433	0.857576	5	0	0
5	120000001	0.884361	0.857576	5	0	0
5	120500001	0.829675	0.857576	5	0	0
5	121000001	0.897028	0.857576	5	0	0
5	121500001	0.888244	0.857576	5	0	0
5	122000001	0.867393	0.857576	5	0	0
5	122500001	0.823273	0.857576	5	0	0
5	123000001	0.841148	0.857576	5	0	0
5	123500001	0.861644	0.857576	5	0	0
5	124000001	0.833118	0.857576	5	0	0
5	124500001	0.834799	0.857576	5	0	0
5	125000001	0.832868	0.857576	5	0	0
5	125500001	0.845891	0.857576	5	0	0
5	126000001	0.909267	0.857576	5	0	0
5	126500001	0.797278	0.857576	5	0	0
5	127000001	0.875077	0.857576	5	0	0
5	127500001	0.881578	0.857576	5	0	0
5	128000001	0.868735	0.857576	5	0	0
5	128500001	0.875906	0.857576	5	0	0
5	129000001	0.864492	0.857576	5	0	0
5	129500001	0.883454	0.857576	5	0	0
5	130000001	0.857903	0.857576	5	0	0
5	130500001	0.875905	0.857576	5	0	0
5	131000001	0.827956	0.857576	5	0	0
5	131500001	0.841552	0.857576	5	0	0
5	132000001	0.898421	0.857576	5	0	0
5	132500001	0.827703	0.857576	5	0	0
5	133000001	0.852563	0.857576	5	0	0
5	133500001	0.872205	0.857576	5	0	0
5	134000001	0.801675	0.857576	5	0	0
5	134500001	0.814006	0.857576	5	0	0
5	135000001	0.908999	0.857576	5	0	0
5	135500001	0.862282	0.857576	5	0	0
5	136000001	0.873073	0.857576	5	0	0
5	136500001	0.825106	0.857576	5	0	0
5	137000001	0.866255	0.857576	5	0	0
5	137500001	0.828754	0.857576	5	0	0
5	138000001	0.81308	0.857576	5	0	0
5	138500001	0.831842	0.857576	5	0	0
5	139000001	0.860304	0.857576	5	0	0
5	139500001	0.853792	0.857576	5	0	0
5	140000001	0.876533	0.857576	5	0	0
5	140500001	0.844314	0.857576	5	0	0
5	141000001	0.841294	0.857576	5	0	0
5	141500001	0.894273	0.857576	5	0	0
5	142000001	0.802553	0.857576	5	0	0
5	142500001	0.862553	0.857576	5	0	0
5	143000001	0.855177	0.857576	5	0	0
5	143500001	0.870039	0.857576	5	0	0
5	144000001	0.888197	0.857576	5	0	0
5	144500001	0.862035	0.857576	5	0	0
5	145000001	0.88185	0.857576	5	0	0
5	145500001	0.831148	0.857576	5	0	0
5	146000001	0.835959	0.857576	5	0	0
5	146500001	0.869789	0.857576	5	0	0
5	147000001	0.8263	0.857576	5	0	0
5	147500001	0.832402	0.857576	5	0	0
5	148000001	0.865934	0.857576	5	0	0
5	148500001	0.899345	0.857576	5	0	0
5	149000001	0.867779	0.857576	5	0	0
5	149500001	0.834312	0.857576	5	0	0
5	150000001	0.913398	0.857576	5	0	0
5	150500001	0.844093	0.857576	5	0	0
5	151000001	0.865242	0.857576	5	0	0
5	151500001	0.862776	0.857576	5	0	0
5	152000001	0.873873	0.857576	5	0	0
5	152500001	0.881272	0.857576	5	0	0
5	153000001	0.889136	0.857576	5	0	0
5	153500001	0.892807	0.857576	5	0	0
5	154000001	0.858319	0.857576	5	0	0
5	154500001	0.810986	0.857576	5	0	0
5	155000001	0.86779	0.857576	5	0	0
5	155500001	0.806566	0.857576	5	0	0
5	156000001	0.852788	0.857576	5	0	0
5	156500001	0.81351	0.857576	5	0	0
5	157000001	0.884698	0.857576	5	0	0
5	157500001	0.818754	0.857576	5	0	0
5	158000001	0.84744	0.857576	5	0	0
5	158500001	0.865991	0.857576	5	0	0
5	159000001	0.869106	0.857576	5	0	0
5	159500001	0.849102	0.857576	5	0	0
5	160000001	0.823648	0.857576	5	0	0
5	160500001	0.882057	0.857576	5	0	0
5	161000001	0.850183	0.857576	5	0	0
5	161500001	0.867259	0.857576	5	0	0
5	162000001	0.820112	0.857576	5	0	0
5	162500001	0.802695	0.857576	5	0	0
5	163000001	0.857089	0.857576	5	0	0
5	163500001	0.857802	0.857576	5	0	0
5	164000001	0.843565	0.857576	5	0	0
5	164500001	0.850659	0.857576	5	0	0
5	165000001	0.823278	0.857576	5	0	0
5	165500001	0.844541	0.857576	5	0	0
5	166000001	0.823529	0.857576	5	0	0
5	166500001	0.843802	0.857576	5	0	0
5	167000001	0.8384	0.857576	5	0	0
5	167500001	0.838461	0.857576	5	0	0
5	168000001	0.82349	0.857576	5	0	0
5	168500001	0.836901	0.857576	5	0	0
5	169000001	0.844475	0.857576	5	0	0
5	169500001	0.834932	0.857576	5	0	0
5	170000001	0.875715	0.857576	5	0	0
5	170500001	0.848368	0.857576	5	0	0
5	171000001	0.823788	0.857576	5	0	0
5	171500001	0.797277	0.857576	5	0	0
5	172000001	0.820041	0.857576	5	0	0
5	172500001	0.85874	0.857576	5	0	0
5	173000001	0.823997	0.857576	5	0	0
5	173500001	0.869338	0.857576	5	0	0
5	174000001	0.83275	0.857576	5	0	0
5	174500001	0.824177	0.857576	5	0	0
5	175000001	0.826875	0.857576	5	0	0
5	175500001	0.851631	0.857576	5	0	0
5	176000001	0.881646	0.857576	5	0	0
5	176500001	0.85307	0.857576	5	0	0
5	177000001	0.804334	0.857576	5	0	0
5	177500001	0.76715	0.857576	5	0	0
5	178000001	0.842991	0.857576	5	0	0
5	178500001	0.822789	0.857576	5	0	0
5	179000001	0.909433	0.857576	5	0	0
5	179500001	0.954804	0.857576	5	0	0
5	180000001	0.838478	0.857576	5	0	0
5	180500001	0.821499	0.857576	5	0	0
5	181000001	0.810909	0.857576	5	0	0
5	181500001	-1	-1	-1	0	0
6	1	1.26156	1.39235	8	0	0
6	500001	1.42136	1.39235	8	0	0
6	1000001	1.40646	1.39235	8	0	0
6	1500001	1.45141	1.39235	8	0	0
6	2000001	1.41444	1.39235	8	0	0
6	2500001	1.42336	1.39235	8	0	0
6	3000001	1.42534	1.39235	8	0	0
6	3500001	1.46112	1.39235	8	0	0
6	4000001	1.41472	1.39235	8	0	0
6	4500001	1.39308	1.39235	8	0	0
6	5000001	1.36556	1.39235	8	0	0
6	5500001	1.45007	1.39235	8	0	0
6	6000001	1.40063	1.39235	8	0	0
6	6500001	1.40292	1.39235	8	0	0
6	7000001	1.35682	1.39235	8	0	0
6	7500001	1.43401	1.39235	8	0	0
6	8000001	1.45475	1.39235	8	0	0
6	8500001	1.39734	1.39235	8	0	0
6	9000001	1.45974	1.39235	8	0	0
6	9500001	1.44132	1.39235	8	0	0
6	10000001	1.34799	1.39235	8	0	0
6	10500001	1.36739	1.39235	8	0	0
6	11000001	1.52409	1.39235	8	0	0
6	11500001	1.38874	1.39235	8	0	0
6	12000001	1.3381	1.39235	8	0	0
6	12500001	1.45041	1.39235	8	0	0
6	13000001	1.39157	1.39235	8	0	0
6	13500001	1.35	1.39235	8	0	0
6	14000001	1.41146	1.39235	8	0	0
6	14500001	1.3714	1.39235	8	0	0
6	15000001	1.32504	1.39235	8	0	0
6	15500001	1.44394	1.39235	8	0	0
6	16000001	1.38334	1.39235	8	0	0
6	16500001	1.45436	1.39235	8	0	0
6	17000001	1.34657	1.39235	8	0	0
6	17500001	1.32269	1.39235	8	0	0
6	18000001	1.35208	1.39235	8	0	0
6	18500001	1.3779	1.39235	8	0	0
6	19000001	1.40096	1.39235	8	0	0
6	19500001	1.34054	1.39235	8	0	0
6	20000001	1.41339	1.39235	8	0	0
6	20500001	1.35323	1.39235	8	0	0
6	21000001	1.39162	1.39235	8	0	0
6	21500001	1.34149	1.39235	8	0	0
6	22000001	1.32653	1.39235	8	0	0
6	22500001	1.38176	1.39235	8	0	0
6	23000001	1.38302	1.39235	8	0	0
6	23500001	1.36438	1.39235	8	0	0
6	24000001	1.36338	1.39235	8	0	0
6	24500001	1.37466	1.39235	8	0	0
6	25000001	1.4225	1.39235	8	0	0
6	25500001	1.38191	1.39235	8	0	0
6	26000001	1.37226	1.39235	8	0	0
6	26500001	1.41363	1.39235	8	0	0
6	27000001	1.32467	1.39235	8	0	0
6	27500001	1.31875	1.39235	8	0	0
6	28000001	1.41547	1.39235	8	0	0
6	28500001	1.32454	1.39235	8	0	0
6	29000001	1.43581	1.39235	8	0	0
6	29500001	1.40769	1.39235	8	0	0
6	30000001	1.4951	1.39235	8	0	0
6	30500001	1.47553	1.39235	8	0	0
6	31000001	1.42092	1.39235	8	0	0
6	31500001	1.37409	1.39235	8	0	0
6	32000001	1.40184	1.39235	8	0	0
6	32500001	1.35468	1.39235	8	0	0
6	33000001	1.31521	1.39235	8	0	0
6	33500001	1.49933	1.39235	8	0	0
6	34000001	1.37093	1.39235	8	0	0
6	34500001	1.5499	1.39235	8	0	0
6	35000001	2.1809	2.11711	13	0	0
6	35500001	2.08763	2.11711	13	0	0
6	36000001	2.18985	2.11711	13	0	0
6	36500001	2.11711	2.11711	13	0	0
6	37000001	2.08277	2.11711	13	0	0
6	37500001	2.20822	2.11711	13	0	0
6	38000001	2.02398	2.11711	13	0	0
6	38500001	1.40303	1.42098	9	0	0
6	39000001	1.42098	1.42098	9	0	0
6	39500001	1.7209	1.42098	9	0	0
6	40000001	2.28446	2.13346	13	0	0
6	40500001	2.28262	2.13346	13	0	0
6	41000001	2.13664	2.13346	13	0	0
6	41500001	2.11827	2.13346	13	0	0
6	42000001	2.13028	2.13346	13	0	0
6	42500001	2.05752	2.13346	13	0	0
6	43000001	1.7113	1.7113	10	0	0
6	43500001	1.4323	1.42216	9	0	0
6	44000001	1.48835	1.42216	9	0	0
6	44500001	1.43801	1.42216	9	0	0
6	45000001	1.41828	1.42216	9	0	0
6	45500001	1.43732	1.42216	9	0	0
6	46000001	1.43358	1.42216	9	0	0
6	46500001	1.43101	1.42216	9	0	0
6	47000001	1.4021	1.42216	9	0	0
6	47500001	1.40991	1.42216	9	0	0
6	48000001	1.42325	1.42216	9	0	0
6	48500001	1.35598	1.42216	9	0	0
6	49000001	1.37877	1.42216	9	0	0
6	49500001	1.41854	1.42216	9	0	0
6	50000001	1.3881	1.42216	9	0	0
6	50500001	1.41388	1.42216	9	0	0
6	51000001	1.40219	1.42216	9	0	0
6	51500001	1.41671	1.42216	9	0	0
6	52000001	1.46284	1.42216	9	0	0
6	52500001	1.44681	1.42216	9	0	0
6	53000001	1.38483	1.42216	9	0	0
6	53500001	1.43788	1.42216	9	0	0
6	54000001	1.39524	1.42216	9	0	0
6	54500001	1.42107	1.42216	9	0	0
6	55000001	1.43124	1.42216	9	0	0
6	55500001	1.4438	1.42216	9	0	0
6	56000001	1.43478	1.42216	9	0	0
6	56500001	1.40207	1.42216	9	0	0
6	57000001	1.46398	1.42216	9	0	0
6	57500001	1.43507	1.42216	9	0	0
6	58000001	1.39796	1.42216	9	0	0
6	58500001	2.53383	2.4729	15	0	0
6	59000001	2.41197	2.4729	15	0	0
6	59500001	-1	-1	-1	0	0
6	60000001	-1	-1	-1	0	0
6	60500001	1.39525	1.37859	8	0	0
6	61000001	1.37969	1.37859	8	0	0
6	61500001	1.43502	1.37859	8	0	0
6	62000001	1.41506	1.37859	8	0	0
6	62500001	1.41322	1.37859	8	0	0
6	63000001	1.3775	1.37859	8	0	0
6	63500001	1.44932	1.37859	8	0	0
6	64000001	1.44074	1.37859	8	0	0
6	64500001	1.3261	1.37859	8	0	0
6	65000001	1.35544	1.37859	8	0	0
6	65500001	1.32987	1.37859	8	0	0
6	66000001	1.35394	1.37859	8	0	0
6	66500001	1.33177	1.37859	8	0	0
6	67000001	1.33507	1.37859	8	0	0
6	67500001	1.28856	1.37859	8	0	0
6	68000001	1.34274	1.37859	8	0	0
6	68500001	1.3488	1.37859	8	0	0
6	69000001	1.33806	1.37859	8	0	0
6	69500001	1.42511	1.37859	8	0	0
6	70000001	1.49644	1.37859	8	0	0
6	70500001	1.42811	1.37859	8	0	0
6	71000001	1.53623	1.37859	8	0	0
6	71500001	1.47389	1.37859	8	0	0
6	72000001	1.44887	1.37859	8	0	0
6	72500001	1.45208	1.37859	8	0	0
6	73000001	1.43455	1.37859	8	0	0
6	73500001	1.44539	1.37859	8	0	0
6	74000001	1.43978	1.37859	8	0	0
6	74500001	1.30723	1.37859	8	0	0
6	75000001	1.34149	1.37859	8	0	0
6	75500001	1.28585	1.37859	8	0	0
6	76000001	1.34338	1.37859	8	0	0
6	76500001	1.30734	1.37859	8	0	0
6	77000001	1.25554	1.37859	8	0	0
6	77500001	0.664626	0.674245	4	0	0
6	78000001	0.554566	0.674245	4	0	0
6	78500001	0.687408	0.674245	4	0	0
6	79000001	0.677662	0.674245	4	0	0
6	79500001	0.658969	0.674245	4	0	0
6	80000001	0.693932	0.674245	4	0	0
6	80500001	0.697525	0.674245	4	0	0
6	81000001	0.646546	0.674245	4	0	0
6	81500001	0.704418	0.674245	4	0	0
6	82000001	0.662891	0.674245	4	0	0
6	82500001	0.679206	0.674245	4	0	0
6	83000001	0.65577	0.674245	4	0	0
6	83500001	0.674092	0.674245	4	0	0
6	84000001	0.698428	0.674245	4	0	0
6	84500001	0.669589	0.674245	4	0	0
6	85000001	0.66668	0.674245	4	0	0
6	85500001	0.659476	0.674245	4	0	0
6	86000001	0.692911	0.674245	4	0	0
6	86500001	0.702265	0.674245	4	0	0
6	87000001	0.657539	0.674245	4	0	0
6	87500001	0.699192	0.674245	4	0	0
6	88000001	0.663267	0.674245	4	0	0
6	88500001	0.623726	0.674245	4	0	0
6	89000001	0.652862	0.674245	4	0	0
6	89500001	0.626733	0.674245	4	0	0
6	90000001	0.664966	0.674245	4	0	0
6	90500001	0.707011	0.674245	4	0	0
6	91000001	0.667149	0.674245	4	0	0
6	91500001	0.683228	0.674245	4	0	0
6	92000001	0.689788	0.674245	4	0	0
6	92500001	0.678601	0.674245	4	0	0
6	93000001	0.676113	0.674245	4	0	0
6	93500001	0.69	0.674245	4	0	0
6	94000001	0.65519	0.674245	4	0	0
6	94500001	0.638826	0.674245	4	0	0
6	95000001	0.684651	0.674245	4	0	0
6	95500001	0.691211	0.674245	4	0	0
6	96000001	0.670187	0.674245	4	0	0
6	96500001	0.684059	0.674245	4	0	0
6	97000001	0.664892	0.674245	4	0	0
6	97500001	0.654543	0.674245	4	0	0
6	98000001	0.690899	0.674245	4	0	0
6	98500001	0.654086	0.674245	4	0	0
6	99000001	0.698487	0.674245	4	0	0
6	99500001	0.6768	0.674245	4	0	0
6	100000001	0.670613	0.674245	4	0	0
6	100500001	0.670419	0.674245	4	0	0
6	101000001	0.676927	0.674245	4	0	0
6	101500001	0.648103	0.674245	4	0	0
6	102000001	0.671181	0.674245	4	0	0
6	102500001	0.669511	0.674245	4	0	0
6	103000001	0.652801	0.674245	4	0	0
6	103500001	0.690451	0.674245	4	0	0
6	104000001	0.686601	0.674245	4	0	0
6	104500001	0.679143	0.674245	4	0	0
6	105000001	0.657136	0.674245	4	0	0
6	105500001	0.652765	0.674245	4	0	0
6	106000001	0.692351	0.674245	4	0	0
6	106500001	0.65681	0.674245	4	0	0
6	107000001	0.625998	0.674245	4	0	0
6	107500001	0.670945	0.674245	4	0	0
6	108000001	0.651194	0.674245	4	0	0
6	108500001	0.655382	0.674245	4	0	0
6	109000001	0.669472	0.674245	4	0	0
6	109500001	0.689134	0.674245	4	0	0
6	110000001	0.668759	0.674245	4	0	0
6	110500001	0.688565	0.674245	4	0	0
6	111000001	0.664215	0.674245	4	0	0
6	111500001	0.696457	0.674245	4	0	0
6	112000001	0.681062	0.674245	4	0	0
6	112500001	0.70521	0.674245	4	0	0
6	113000001	0.666808	0.674245	4	0	0
6	113500001	0.637222	0.674245	4	0	0
6	114000001	0.688019	0.674245	4	0	0
6	114500001	0.698605	0.674245	4	0	0
6	115000001	0.683886	0.674245	4	0	0
6	115500001	0.666233	0.674245	4	0	0
6	116000001	0.641851	0.674245	4	0	0
6	116500001	0.676325	0.674245	4	0	0
6	117000001	0.700175	0.674245	4	0	0
6	117500001	0.65621	0.674245	4	0	0
6	118000001	0.70123	0.674245	4	0	0
6	118500001	0.66735	0.674245	4	0	0
6	119000001	0.709351	0.674245	4	0	0
6	119500001	0.688868	0.674245	4	0	0
6	120000001	0.72051	0.674245	4	0	0
6	120500001	0.690109	0.674245	4	0	0
6	121000001	0.657694	0.674245	4	0	0
6	121500001	0.655475	0.674245	4	0	0
6	122000001	0.660086	0.674245	4	0	0
6	122500001	0.682204	0.674245	4	0	0
6	123000001	0.703197	0.674245	4	0	0
6	123500001	0.667336	0.674245	4	0	0
6	124000001	0.611977	0.674245	4	0	0
6	124500001	0.674245	0.674245	4	0	0
6	125000001	0.673901	0.674245	4	0	0
6	125500001	0.647654	0.674245	4	0	0
6	126000001	0.705831	0.674245	4	0	0
6	126500001	0.692088	0.674245	4	0	0
6	127000001	0.679419	0.674245	4	0	0
6	127500001	0.703003	0.674245	4	0	0
6	128000001	0.689118	0.674245	4	0	0
6	128500001	0.682199	0.674245	4	0	0
6	129000001	0.680584	0.674245	4	0	0
6	129500001	0.666256	0.674245	4	0	0
6	130000001	0.702918	0.674245	4	0	0
6	130500001	0.678736	0.674245	4	0	0
6	131000001	0.690501	0.674245	4	0	0
6	131500001	0.711599	0.674245	4	0	0
6	132000001	0.704011	0.674245	4	0	0
6	132500001	0.680846	0.674245	4	0	0
6	133000001	0.668106	0.674245	4	0	0
6	133500001	0.687077	0.674245	4	0	0
6	134000001	0.646148	0.674245	4	0	0
6	134500001	0.648842	0.674245	4	0	0
6	135000001	0.705439	0.674245	4	0	0
6	135500001	0.691255	0.674245	4	0	0
6	136000001	0.677939	0.674245	4	0	0
6	136500001	0.647841	0.674245	4	0	0
6	137000001	0.661954	0.674245	4	0	0
6	137500001	0.713845	0.674245	4	0	0
6	138000001	0.661943	0.674245	4	0	0
6	138500001	0.687365	0.674245	4	0	0
6	139000001	0.696486	0.674245	4	0	0
6	139500001	0.664452	0.674245	4	0	0
6	140000001	0.654056	0.674245	4	0	0
6	140500001	0.68773	0.674245	4	0	0
6	141000001	0.683209	0.674245	4	0	0
6	141500001	0.68239	0.674245	4	0	0
6	142000001	0.679834	0.674245	4	0	0
6	142500001	0.687955	0.674245	4	0	0
6	143000001	0.68179	0.674245	4	0	0
6	143500001	0.680657	0.674245	4	0	0
6	144000001	0.666003	0.674245	4	0	0
6	144500001	0.716704	0.674245	4	0	0
6	145000001	0.708218	0.674245	4	0	0
6	145500001	0.665252	0.674245	4	0	0
6	146000001	0.689206	0.674245	4	0	0
6	146500001	0.667643	0.674245	4	0	0
6	147000001	0.703993	0.674245	4	0	0
6	147500001	0.691185	0.674245	4	0	0
6	148000001	0.648672	0.674245	4	0	0
6	148500001	0.677408	0.674245	4	0	0
6	149000001	0.678697	0.674245	4	0	0
6	149500001	0.637762	0.674245	4	0	0
6	150000001	0.694786	0.674245	4	0	0
6	150500001	0.647132	0.674245	4	0	0
6	151000001	0.641595	0.674245	4	0	0
6	151500001	0.643216	0.674245	4	0	0
6	152000001	0.678608	0.674245	4	0	0
6	152500001	0.655598	0.674245	4	0	0
6	153000001	0.652862	0.674245	4	0	0
6	153500001	0.687075	0.674245	4	0	0
6	154000001	0.652492	0.674245	4	0	0
6	154500001	0.648284	0.674245	4	0	0
6	155000001	0.617626	0.674245	4	0	0
6	155500001	0.705754	0.674245	4	0	0
6	156000001	0.687003	0.674245	4	0	0
6	156500001	0.65964	0.674245	4	0	0
6	157000001	0.679464	0.674245	4	0	0
6	157500001	0.655545	0.674245	4	0	0
6	158000001	0.650938	0.674245	4	0	0
6	158500001	0.664874	0.674245	4	0	0
6	159000001	0.717244	0.674245	4	0	0
6	159500001	0.651983	0.674245	4	0	0
6	160000001	0.694313	0.674245	4	0	0
6	160500001	0.733947	0.674245	4	0	0
6	161000001	0.629192	0.674245	4	0	0
6	161500001	0.637924	0.674245	4	0	0
6	162000001	0.656125	0.674245	4	0	0
6	162500001	0.668651	0.674245	4	0	0
6	163000001	0.674061	0.674245	4	0	0
6	163500001	0.653941	0.674245	4	0	0
6	164000001	0.664348	0.674245	4	0	0
6	164500001	0.643325	0.674245	4	0	0
6	165000001	0.641254	0.674245	4	0	0
6	165500001	0.747023	0.674245	4	0	0
6	166000001	1.27109	1.30487	8	0	0
6	166500001	1.26193	1.30487	8	0	0
6	167000001	1.26091	1.30487	8	0	0
6	167500001	1.30487	1.30487	8	0	0
6	168000001	1.32553	1.30487	8	0	0
6	168500001	1.38816	1.30487	8	0	0
6	169000001	1.35399	1.30487	8	0	0
6	169500001	1.29837	1.30487	8	0	0
6	170000001	1.33938	1.30487	8	0	0
6	170500001	-1	-1	-1	0	0
7	1	1.01369	0.993181	6	0	0
7	500001	0.932141	0.993181	6	0	0
7	1000001	0.997003	0.993181	6	0	0
7	1500001	1.01907	0.993181	6	0	0
7	2000001	0.996822	0.993181	6	0	0
7	2500001	0.985174	0.993181	6	0	0
7	3000001	0.982751	0.993181	6	0	0
7	3500001	0.972251	0.993181	6	0	0
7	4000001	1.015	0.993181	6	0	0
7	4500001	0.921521	0.993181	6	0	0
7	5000001	0.878536	0.993181	6	0	0
7	5500001	0.954625	0.993181	6	0	0
7	6000001	0.919999	0.993181	6	0	0
7	6500001	0.993181	0.993181	6	0	0
7	7000001	0.958266	0.993181	6	0	0
7	7500001	1.01471	0.993181	6	0	0
7	8000001	0.993481	0.993181	6	0	0
7	8500001	0.971646	0.993181	6	0	0
7	9000001	0.96408	0.993181	6	0	0
7	9500001	0.981095	0.993181	6	0	0
7	10000001	0.998892	0.993181	6	0	0
7	10500001	0.975486	0.993181	6	0	0
7	11000001	0.972424	0.993181	6	0	0
7	11500001	0.954587	0.993181	6	0	0
7	12000001	1.00508	0.993181	6	0	0
7	12500001	0.973631	0.993181	6	0	0
7	13000001	0.984434	0.993181	6	0	0
7	13500001	1.00246	0.993181	6	0	0
7	14000001	0.958553	0.993181	6	0	0
7	14500001	1.01522	0.993181	6	0	0
7	15000001	1.04564	0.993181	6	0	0
7	15500001	0.994876	0.993181	6	0	0
7	16000001	0.998253	0.993181	6	0	0
7	16500001	1.00257	0.993181	6	0	0
7	17000001	1.03359	0.993181	6	0	0
7	17500001	1.04991	0.993181	6	0	0
7	18000001	1.03147	0.993181	6	0	0
7	18500001	1.02569	0.993181	6	0	0
7	19000001	1.03415	0.993181	6	0	0
7	19500001	0.975361	0.993181	6	0	0
7	20000001	1.00294	0.993181	6	0	0
7	20500001	0.930009	0.993181	6	0	0
7	21000001	0.953158	0.993181	6	0	0
7	21500001	1.38602	1.38602	8	0	0
7	22000001	1.0452	0.988553	6	0	0
7	22500001	0.978612	0.988553	6	0	0
7	23000001	0.998765	0.988553	6	0	0
7	23500001	0.955717	0.988553	6	0	0
7	24000001	0.99047	0.988553	6	0	0
7	24500001	1.04349	0.988553	6	0	0
7	25000001	1.00176	0.988553	6	0	0
7	25500001	1.00764	0.988553	6	0	0
7	26000001	0.934831	0.988553	6	0	0
7	26500001	1.01357	0.988553	6	0	0
7	27000001	0.988938	0.988553	6	0	0
7	27500001	1.01242	0.988553	6	0	0
7	28000001	1.01956	0.988553	6	0	0
7	28500001	0.971528	0.988553	6	0	0
7	29000001	1.00055	0.988553	6	0	0
7	29500001	0.970239	0.988553	6	0	0
7	30000001	0.980061	0.988553	6	0	0
7	30500001	1.02655	0.988553	6	0	0
7	31000001	1.00336	0.988553	6	0	0
7	31500001	1.00361	0.988553	6	0	0
7	32000001	1.01316	0.988553	6	0	0
7	32500001	0.95165	0.988553	6	0	0
7	33000001	0.990507	0.988553	6	0	0
7	33500001	1.01376	0.988553	6	0	0
7	34000001	0.991547	0.988553	6	0	0
7	34500001	1.00949	0.988553	6	0	0
7	35000001	0.993474	0.988553	6	0	0
7	35500001	0.950603	0.988553	6	0	0
7	36000001	0.992814	0.988553	6	0	0
7	36500001	1.0059	0.988553	6	0	0
7	37000001	0.946973	0.988553	6	0	0
7	37500001	0.961249	0.988553	6	0	0
7	38000001	0.998682	0.988553	6	0	0
7	38500001	0.953355	0.988553	6	0	0
7	39000001	0.9942	0.988553	6	0	0
7	39500001	0.966401	0.988553	6	0	0
7	40000001	0.863377	0.988553	6	0	0
7	40500001	0.973211	0.988553	6	0	0
7	41000001	0.956973	0.988553	6	0	0
7	41500001	0.96645	0.988553	6	0	0
7	42000001	0.940257	0.988553	6	0	0
7	42500001	1.00583	0.988553	6	0	0
7	43000001	1.00069	0.988553	6	0	0
7	43500001	0.965954	0.988553	6	0	0
7	44000001	1.02425	0.988553	6	0	0
7	44500001	0.963092	0.988553	6	0	0
7	45000001	1.00151	0.988553	6	0	0
7	45500001	1.00012	0.988553	6	0	0
7	46000001	1.05246	0.988553	6	0	0
7	46500001	1.00822	0.988553	6	0	0
7	47000001	0.96314	0.988553	6	0	0
7	47500001	0.988169	0.988553	6	0	0
7	48000001	1.01239	0.988553	6	0	0
7	48500001	0.986697	0.988553	6	0	0
7	49000001	0.945941	0.988553	6	0	0
7	49500001	0.963011	0.988553	6	0	0
7	50000001	0.999919	0.988553	6	0	0
7	50500001	0.979818	0.988553	6	0	0
7	51000001	0.972708	0.988553	6	0	0
7	51500001	0.972379	0.988553	6	0	0
7	52000001	0.954891	0.988553	6	0	0
7	52500001	0.968752	0.988553	6	0	0
7	53000001	0.948299	0.988553	6	0	0
7	53500001	0.947435	0.988553	6	0	0
7	54000001	1.02699	0.988553	6	0	0
7	54500001	0.987332	0.988553	6	0	0
7	55000001	0.969262	0.988553	6	0	0
7	55500001	0.899013	0.988553	6	0	0
7	56000001	1.00439	0.988553	6	0	0
7	56500001	0.981312	0.988553	6	0	0
7	57000001	0.926555	0.988553	6	0	0
7	57500001	1.01519	0.988553	6	0	0
7	58000001	1.91486	1.91486	11	0	0
7	58500001	1.5017	1.5017	9	0	0
7	59000001	1.27978	1.27978	8	0	0
7	59500001	1.36874	1.27978	8	0	0
7	60000001	1.15678	1.27978	8	0	0
7	60500001	1.86397	1.86397	11	0	0
7	61000001	1.306	1.2602	8	0	0
7	61500001	-1	1.2602	8	0	0
7	62000001	1.2144	1.2602	8	0	0
7	62500001	1.09063	0.978336	6	0	0
7	63000001	0.941886	0.978336	6	0	0
7	63500001	0.971762	0.978336	6	0	0
7	64000001	0.939695	0.978336	6	0	0
7	64500001	0.947726	0.978336	6	0	0
7	65000001	0.970074	0.978336	6	0	0
7	65500001	1.09965	0.978336	6	0	0
7	66000001	0.909445	0.978336	6	0	0
7	66500001	0.902111	0.978336	6	0	0
7	67000001	0.927636	0.978336	6	0	0
7	67500001	0.947434	0.978336	6	0	0
7	68000001	0.913044	0.978336	6	0	0
7	68500001	0.934912	0.978336	6	0	0
7	69000001	0.923787	0.978336	6	0	0
7	69500001	0.956817	0.978336	6	0	0
7	70000001	0.928373	0.978336	6	0	0
7	70500001	0.945081	0.978336	6	0	0
7	71000001	0.937071	0.978336	6	0	0
7	71500001	0.912273	0.978336	6	0	0
7	72000001	0.951096	0.978336	6	0	0
7	72500001	0.992914	0.978336	6	0	0
7	73000001	0.987518	0.978336	6	0	0
7	73500001	0.978684	0.978336	6	0	0
7	74000001	0.95841	0.978336	6	0	0
7	74500001	0.882094	0.978336	6	0	0
7	75000001	0.88422	0.978336	6	0	0
7	75500001	0.952005	0.978336	6	0	0
7	76000001	0.969178	0.978336	6	0	0
7	76500001	0.985056	0.978336	6	0	0
7	77000001	0.977988	0.978336	6	0	0
7	77500001	0.921815	0.978336	6	0	0
7	78000001	0.993103	0.978336	6	0	0
7	78500001	0.983681	0.978336	6	0	0
7	79000001	1.02573	0.978336	6	0	0
7	79500001	0.988484	0.978336	6	0	0
7	80000001	0.958855	0.978336	6	0	0
7	80500001	1.02029	0.978336	6	0	0
7	81000001	1.04257	0.978336	6	0	0
7	81500001	1.01372	0.978336	6	0	0
7	82000001	0.940434	0.978336	6	0	0
7	82500001	0.961032	0.978336	6	0	0
7	83000001	1.02465	0.978336	6	0	0
7	83500001	0.962434	0.978336	6	0	0
7	84000001	0.975634	0.978336	6	0	0
7	84500001	0.96881	0.978336	6	0	0
7	85000001	0.984334	0.978336	6	0	0
7	85500001	1.04314	0.978336	6	0	0
7	86000001	0.994453	0.978336	6	0	0
7	86500001	0.96226	0.978336	6	0	0
7	87000001	0.977904	0.978336	6	0	0
7	87500001	0.995147	0.978336	6	0	0
7	88000001	0.965567	0.978336	6	0	0
7	88500001	1.03043	0.978336	6	0	0
7	89000001	0.998092	0.978336	6	0	0
7	89500001	1.00846	0.978336	6	0	0
7	90000001	0.991981	0.978336	6	0	0
7	90500001	0.966686	0.978336	6	0	0
7	91000001	1.00668	0.978336	6	0	0
7	91500001	0.998071	0.978336	6	0	0
7	92000001	0.939359	0.978336	6	0	0
7	92500001	1.00086	0.978336	6	0	0
7	93000001	0.997335	0.978336	6	0	0
7	93500001	0.972581	0.978336	6	0	0
7	94000001	1.02297	0.978336	6	0	0
7	94500001	0.971421	0.978336	6	0	0
7	95000001	1.04474	0.978336	6	0	0
7	95500001	0.998732	0.978336	6	0	0
7	96000001	0.986853	0.978336	6	0	0
7	96500001	0.975262	0.978336	6	0	0
7	97000001	0.929539	0.978336	6	0	0
7	97500001	0.987269	0.978336	6	0	0
7	98000001	0.903869	0.978336	6	0	0
7	98500001	0.953513	0.978336	6	0	0
7	99000001	0.943026	0.978336	6	0	0
7	99500001	0.997002	0.978336	6	0	0
7	100000001	0.976582	0.978336	6	0	0
7	100500001	1.05955	0.978336	6	0	0
7	101000001	0.965449	0.978336	6	0	0
7	101500001	0.932636	0.978336	6	0	0
7	102000001	0.996179	0.978336	6	0	0
7	102500001	1.13969	0.978336	6	0	0
7	103000001	1.03182	0.978336	6	0	0
7	103500001	1.00286	0.978336	6	0	0
7	104000001	0.967324	0.978336	6	0	0
7	104500001	1.03433	0.978336	6	0	0
7	105000001	0.932741	0.978336	6	0	0
7	105500001	0.952187	0.978336	6	0	0
7	106000001	1.0262	0.978336	6	0	0
7	106500001	1.01037	0.978336	6	0	0
7	107000001	0.968989	0.978336	6	0	0
7	107500001	0.974094	0.978336	6	0	0
7	108000001	0.98541	0.978336	6	0	0
7	108500001	1.02561	0.978336	6	0	0
7	109000001	1.00739	0.978336	6	0	0
7	109500001	0.986408	0.978336	6	0	0
7	110000001	0.976707	0.978336	6	0	0
7	110500001	0.99273	0.978336	6	0	0
7	111000001	1.00398	0.978336	6	0	0
7	111500001	0.938442	0.978336	6	0	0
7	112000001	1.00196	0.978336	6	0	0
7	112500001	1.03222	0.978336	6	0	0
7	113000001	1.00543	0.978336	6	0	0
7	113500001	1.01541	0.978336	6	0	0
7	114000001	1.02316	0.978336	6	0	0
7	114500001	1.00664	0.978336	6	0	0
7	115000001	1.03742	0.978336	6	0	0
7	115500001	1.05424	0.978336	6	0	0
7	116000001	1.00681	0.978336	6	0	0
7	116500001	0.954133	0.978336	6	0	0
7	117000001	0.995272	0.978336	6	0	0
7	117500001	1.0146	0.978336	6	0	0
7	118000001	0.995274	0.978336	6	0	0
7	118500001	0.974888	0.978336	6	0	0
7	119000001	0.963365	0.978336	6	0	0
7	119500001	0.960833	0.978336	6	0	0
7	120000001	0.959364	0.978336	6	0	0
7	120500001	0.962544	0.978336	6	0	0
7	121000001	0.968759	0.978336	6	0	0
7	121500001	0.960936	0.978336	6	0	0
7	122000001	1.00541	0.978336	6	0	0
7	122500001	0.961168	0.978336	6	0	0
7	123000001	0.94559	0.978336	6	0	0
7	123500001	1.03763	0.978336	6	0	0
7	124000001	0.997774	0.978336	6	0	0
7	124500001	1.00017	0.978336	6	0	0
7	125000001	0.961436	0.978336	6	0	0
7	125500001	0.979094	0.978336	6	0	0
7	126000001	0.983659	0.978336	6	0	0
7	126500001	0.999166	0.978336	6	0	0
7	127000001	1.03219	0.978336	6	0	0
7	127500001	1.01215	0.978336	6	0	0
7	128000001	0.982601	0.978336	6	0	0
7	128500001	0.927994	0.978336	6	0	0
7	129000001	0.975317	0.978336	6	0	0
7	129500001	0.916886	0.978336	6	0	0
7	130000001	0.961535	0.978336	6	0	0
7	130500001	0.979879	0.978336	6	0	0
7	131000001	0.957704	0.978336	6	0	0
7	131500001	1.26905	1.26416	8	0	0
7	132000001	1.33454	1.26416	8	0	0
7	132500001	1.28352	1.26416	8	0	0
7	133000001	1.26882	1.26416	8	0	0
7	133500001	1.23296	1.26416	8	0	0
7	134000001	1.22405	1.26416	8	0	0
7	134500001	1.26612	1.26416	8	0	0
7	135000001	1.26416	1.26416	8	0	0
7	135500001	1.23327	1.26416	8	0	0
7	136000001	1.32355	1.26416	8	0	0
7	136500001	1.30776	1.26416	8	0	0
7	137000001	1.26891	1.26416	8	0	0
7	137500001	1.25874	1.26416	8	0	0
7	138000001	1.23272	1.26416	8	0	0
7	138500001	1.21936	1.26416	8	0	0
7	139000001	1.22191	1.26416	8	0	0
7	139500001	1.26093	1.26416	8	0	0
7	140000001	1.18841	1.26416	8	0	0
7	140500001	1.22375	1.26416	8	0	0
7	141000001	1.2584	1.26416	8	0	0
7	141500001	1.28059	1.26416	8	0	0
7	142000001	1.34489	1.26416	8	0	0
7	142500001	1.36759	1.26416	8	0	0
7	143000001	1.30235	1.26416	8	0	0
7	143500001	1.18896	1.26416	8	0	0
7	144000001	1.61392	1.61392	10	0	0
7	144500001	1.23397	1.15871	7	0	0
7	145000001	1.21899	1.15871	7	0	0
7	145500001	1.15763	1.15871	7	0	0
7	146000001	1.10689	1.15871	7	0	0
7	146500001	1.14137	1.15871	7	0	0
7	147000001	1.18392	1.15871	7	0	0
7	147500001	1.16304	1.15871	7	0	0
7	148000001	1.13083	1.15871	7	0	0
7	148500001	1.12286	1.15871	7	0	0
7	149000001	1.09201	1.15871	7	0	0
7	149500001	1.21089	1.15871	7	0	0
7	150000001	1.12391	1.15871	7	0	0
7	150500001	1.16621	1.15871	7	0	0
7	151000001	1.25111	1.15871	7	0	0
7	151500001	1.19905	1.15871	7	0	0
7	152000001	1.15413	1.15871	7	0	0
7	152500001	1.10521	1.15871	7	0	0
7	153000001	1.1863	1.15871	7	0	0
7	153500001	1.18561	1.15871	7	0	0
7	154000001	1.15979	1.15871	7	0	0
7	154500001	1.11103	1.15871	7	0	0
7	155000001	1.15313	1.15871	7	0	0
7	155500001	1.12669	1.15871	7	0	0
7	156000001	1.16322	1.15871	7	0	0
7	156500001	1.18565	1.15871	7	0	0
7	157000001	1.15357	1.15871	7	0	0
7	157500001	1.18824	1.15871	7	0	0
7	158000001	1.24701	1.15871	7	0	0
7	158500001	1.13809	1.15871	7	0	0
7	159000001	0.840652	1.15871	7	0	0
8	1	0.612011	0.658737	4	0	0
8	500001	0.6181	0.658737	4	0	0
8	1000001	0.629517	0.658737	4	0	0
8	1500001	0.651859	0.658737	4	0	0
8	2000001	0.643712	0.658737	4	0	0
8	2500001	0.618091	0.658737	4	0	0
8	3000001	0.632775	0.658737	4	0	0
8	3500001	0.623976	0.658737	4	0	0
8	4000001	0.624376	0.658737	4	0	0
8	4500001	0.610812	0.658737	4	0	0
8	5000001	0.648204	0.658737	4	0	0
8	5500001	0.651467	0.658737	4	0	0
8	6000001	0.626712	0.658737	4	0	0
8	6500001	0.640633	0.658737	4	0	0
8	7000001	0.62375	0.658737	4	0	0
8	7500001	0.603745	0.658737	4	0	0
8	8000001	0.726941	0.658737	4	0	0
8	8500001	0.620703	0.658737	4	0	0
8	9000001	0.668983	0.658737	4	0	0
8	9500001	0.652244	0.658737	4	0	0
8	10000001	0.66885	0.658737	4	0	0
8	10500001	0.66279	0.658737	4	0	0
8	11000001	0.66424	0.658737	4	0	0
8	11500001	0.658884	0.658737	4	0	0
8	12000001	0.557749	0.658737	4	0	0
8	12500001	0.810132	0.658737	4	0	0
8	13000001	0.672873	0.658737	4	0	0
8	13500001	0.675733	0.658737	4	0	0
8	14000001	0.657692	0.658737	4	0	0
8	14500001	0.67192	0.658737	4	0	0
8	15000001	0.664337	0.658737	4	0	0
8	15500001	0.658154	0.658737	4	0	0
8	16000001	0.662897	0.658737	4	0	0
8	16500001	0.661212	0.658737	4	0	0
8	17000001	0.702452	0.658737	4	0	0
8	17500001	0.679988	0.658737	4	0	0
8	18000001	0.652452	0.658737	4	0	0
8	18500001	0.659162	0.658737	4	0	0
8	19000001	0.678988	0.658737	4	0	0
8	19500001	0.699565	0.658737	4	0	0
8	20000001	0.650196	0.658737	4	0	0
8	20500001	0.654985	0.658737	4	0	0
8	21000001	0.704149	0.658737	4	0	0
8	21500001	0.718403	0.658737	4	0	0
8	22000001	0.639719	0.658737	4	0	0
8	22500001	0.658906	0.658737	4	0	0
8	23000001	0.661267	0.658737	4	0	0
8	23500001	0.654591	0.658737	4	0	0
8	24000001	0.65826	0.658737	4	0	0
8	24500001	0.681463	0.658737	4	0	0
8	25000001	0.626592	0.658737	4	0	0
8	25500001	0.671969	0.658737	4	0	0
8	26000001	0.663792	0.658737	4	0	0
8	26500001	0.677064	0.658737	4	0	0
8	27000001	0.683924	0.658737	4	0	0
8	27500001	0.64129	0.658737	4	0	0
8	28000001	0.648792	0.658737	4	0	0
8	28500001	0.65377	0.658737	4	0	0
8	29000001	0.658543	0.658737	4	0	0
8	29500001	0.670918	0.658737	4	0	0
8	30000001	0.671887	0.658737	4	0	0
8	30500001	0.65193	0.658737	4	0	0
8	31000001	0.638675	0.658737	4	0	0
8	31500001	0.683566	0.658737	4	0	0
8	32000001	0.645647	0.658737	4	0	0
8	32500001	0.643683	0.658737	4	0	0
8	33000001	0.648719	0.658737	4	0	0
8	33500001	0.663375	0.658737	4	0	0
8	34000001	0.686591	0.658737	4	0	0
8	34500001	0.685634	0.658737	4	0	0
8	35000001	0.677643	0.658737	4	0	0
8	35500001	0.657169	0.658737	4	0	0
8	36000001	0.658591	0.658737	4	0	0
8	36500001	0.674122	0.658737	4	0	0
8	37000001	0.66413	0.658737	4	0	0
8	37500001	0.613808	0.658737	4	0	0
8	38000001	0.611294	0.658737	4	0	0
8	38500001	0.66082	0.658737	4	0	0
8	39000001	0.69102	0.658737	4	0	0
8	39500001	0.662423	0.658737	4	0	0
8	40000001	0.657189	0.658737	4	0	0
8	40500001	0.664203	0.658737	4	0	0
8	41000001	0.685933	0.658737	4	0	0
8	41500001	0.644374	0.658737	4	0	0
8	42000001	0.666154	0.658737	4	0	0
8	42500001	0.632246	0.658737	4	0	0
8	43000001	0.692639	0.658737	4	0	0
8	43500001	0.71495	0.658737	4	0	0
8	44000001	0.854378	0.834355	5	0	0
8	44500001	0.814333	0.834355	5	0	0
8	45000001	0.799171	0.834355	5	0	0
8	45500001	0.938982	0.834355	5	0	0
8	46000001	0.714585	0.669457	4	0	0
8	46500001	0.726026	0.669457	4	0	0
8	47000001	0.647127	0.669457	4	0	0
8	47500001	0.644649	0.669457	4	0	0
8	48000001	0.659856	0.669457	4	0	0
8	48500001	0.709863	0.669457	4	0	0
8	49000001	0.689936	0.669457	4	0	0
8	49500001	0.657545	0.669457	4	0	0
8	50000001	0.699487	0.669457	4	0	0
8	50500001	0.648086	0.669457	4	0	0
8	51000001	0.626453	0.669457	4	0	0
8	51500001	0.677071	0.669457	4	0	0
8	52000001	0.666397	0.669457	4	0	0
8	52500001	0.633482	0.669457	4	0	0
8	53000001	0.671779	0.669457	4	0	0
8	53500001	0.649512	0.669457	4	0	0
8	54000001	0.622982	0.669457	4	0	0
8	54500001	0.643985	0.669457	4	0	0
8	55000001	0.655468	0.669457	4	0	0
8	55500001	0.67575	0.669457	4	0	0
8	56000001	0.64105	0.669457	4	0	0
8	56500001	0.683229	0.669457	4	0	0
8	57000001	0.662044	0.669457	4	0	0
8	57500001	0.707064	0.669457	4	0	0
8	58000001	0.675784	0.669457	4	0	0
8	58500001	0.674777	0.669457	4	0	0
8	59000001	0.668644	0.669457	4	0	0
8	59500001	0.680393	0.669457	4	0	0
8	60000001	0.689693	0.669457	4	0	0
8	60500001	0.659548	0.669457	4	0	0
8	61000001	0.697579	0.669457	4	0	0
8	61500001	0.672025	0.669457	4	0	0
8	62000001	0.69728	0.669457	4	0	0
8	62500001	0.71171	0.669457	4	0	0
8	63000001	0.634588	0.669457	4	0	0
8	63500001	0.64519	0.669457	4	0	0
8	64000001	0.656496	0.669457	4	0	0
8	64500001	0.64598	0.669457	4	0	0
8	65000001	0.681815	0.669457	4	0	0
8	65500001	0.656252	0.669457	4	0	0
8	66000001	0.673027	0.669457	4	0	0
8	66500001	0.630916	0.669457	4	0	0
8	67000001	0.64574	0.669457	4	0	0
8	67500001	0.690664	0.669457	4	0	0
8	68000001	0.671299	0.669457	4	0	0
8	68500001	0.673777	0.669457	4	0	0
8	69000001	0.639055	0.669457	4	0	0
8	69500001	0.677563	0.669457	4	0	0
8	70000001	0.628779	0.669457	4	0	0
8	70500001	0.653348	0.669457	4	0	0
8	71000001	0.687269	0.669457	4	0	0
8	71500001	0.641662	0.669457	4	0	0
8	72000001	0.669457	0.669457	4	0	0
8	72500001	0.670278	0.669457	4	0	0
8	73000001	0.647237	0.669457	4	0	0
8	73500001	0.656622	0.669457	4	0	0
8	74000001	0.674212	0.669457	4	0	0
8	74500001	0.684759	0.669457	4	0	0
8	75000001	0.637083	0.669457	4	0	0
8	75500001	0.678295	0.669457	4	0	0
8	76000001	0.667927	0.669457	4	0	0
8	76500001	0.654282	0.669457	4	0	0
8	77000001	0.676094	0.669457	4	0	0
8	77500001	0.69062	0.669457	4	0	0
8	78000001	0.657113	0.669457	4	0	0
8	78500001	0.694191	0.669457	4	0	0
8	79000001	0.66869	0.669457	4	0	0
8	79500001	0.695624	0.669457	4	0	0
8	80000001	0.686051	0.669457	4	0	0
8	80500001	0.774233	0.77402	5	0	0
8	81000001	0.773808	0.77402	5	0	0
8	81500001	0.833415	0.77402	5	0	0
8	82000001	0.892135	0.77402	5	0	0
8	82500001	0.768494	0.77402	5	0	0
8	83000001	0.763659	0.77402	5	0	0
8	83500001	0.722986	0.77402	5	0	0
8	84000001	0.77924	0.77402	5	0	0
8	84500001	0.776811	0.77402	5	0	0
8	85000001	0.731555	0.77402	5	0	0
8	85500001	1.94969	1.94969	12	0	0
8	86000001	0.74807	0.785458	5	0	0
8	86500001	0.774702	0.785458	5	0	0
8	87000001	0.77497	0.785458	5	0	0
8	87500001	0.789739	0.785458	5	0	0
8	88000001	0.778296	0.785458	5	0	0
8	88500001	0.798248	0.785458	5	0	0
8	89000001	0.775493	0.785458	5	0	0
8	89500001	0.780073	0.785458	5	0	0
8	90000001	0.810811	0.785458	5	0	0
8	90500001	0.794107	0.785458	5	0	0
8	91000001	0.794438	0.785458	5	0	0
8	91500001	0.825089	0.785458	5	0	0
8	92000001	0.763314	0.785458	5	0	0
8	92500001	0.808347	0.785458	5	0	0
8	93000001	0.789424	0.785458	5	0	0
8	93500001	0.788229	0.785458	5	0	0
8	94000001	0.755948	0.785458	5	0	0
8	94500001	0.738542	0.785458	5	0	0
8	95000001	0.786741	0.785458	5	0	0
8	95500001	0.79245	0.785458	5	0	0
8	96000001	0.772471	0.785458	5	0	0
8	96500001	0.789017	0.785458	5	0	0
8	97000001	0.837256	0.785458	5	0	0
8	97500001	0.740901	0.785458	5	0	0
8	98000001	0.746804	0.785458	5	0	0
8	98500001	0.771455	0.785458	5	0	0
8	99000001	0.760896	0.785458	5	0	0
8	99500001	0.805068	0.785458	5	0	0
8	100000001	0.797212	0.785458	5	0	0
8	100500001	0.755785	0.785458	5	0	0
8	101000001	0.772026	0.785458	5	0	0
8	101500001	0.785467	0.785458	5	0	0
8	102000001	0.785458	0.785458	5	0	0
8	102500001	0.77831	0.785458	5	0	0
8	103000001	0.778797	0.785458	5	0	0
8	103500001	0.78813	0.785458	5	0	0
8	104000001	0.802892	0.785458	5	0	0
8	104500001	0.939433	0.939433	6	0	0
8	105000001	0.92981	0.939433	6	0	0
8	105500001	0.963992	0.939433	6	0	0
8	106000001	1.23459	1.21699	7	0	0
8	106500001	1.23648	1.21699	7	0	0
8	107000001	1.22407	1.21699	7	0	0
8	107500001	1.24482	1.21699	7	0	0
8	108000001	1.19875	1.21699	7	0	0
8	108500001	1.28747	1.21699	7	0	0
8	109000001	1.18704	1.21699	7	0	0
8	109500001	1.22242	1.21699	7	0	0
8	110000001	1.19303	1.21699	7	0	0
8	110500001	1.19076	1.21699	7	0	0
8	111000001	1.21097	1.21699	7	0	0
8	111500001	1.21156	1.21699	7	0	0
8	112000001	1.05034	1.05034	6	0	0
8	112500001	0.645618	0.622827	4	0	0
8	113000001	0.620884	0.622827	4	0	0
8	113500001	0.624366	0.622827	4	0	0
8	114000001	0.612441	0.622827	4	0	0
8	114500001	0.622827	0.622827	4	0	0
8	115000001	0.858947	0.964393	6	0	0
8	115500001	0.933111	0.964393	6	0	0
8	116000001	0.953231	0.964393	6	0	0
8	116500001	0.96503	0.964393	6	0	0
8	117000001	0.987999	0.964393	6	0	0
8	117500001	1.02241	0.964393	6	0	0
8	118000001	0.963755	0.964393	6	0	0
8	118500001	0.99537	0.964393	6	0	0
8	119000001	1.12707	1.11382	7	0	0
8	119500001	1.11382	1.11382	7	0	0
8	120000001	1.11416	1.11382	7	0	0
8	120500001	1.13561	1.11382	7	0	0
8	121000001	1.09755	1.11382	7	0	0
8	121500001	1.12932	1.11382	7	0	0
8	122000001	1.06382	1.11382	7	0	0
8	122500001	1.09869	1.11382	7	0	0
8	123000001	1.03341	1.11382	7	0	0
8	123500001	1.11766	1.11382	7	0	0
8	124000001	1.03217	1.11382	7	0	0
8	124500001	0.33873	0.393857	2	0	0
8	125000001	0.448984	0.393857	2	0	0
8	125500001	1.16332	1.13848	7	0	0
8	126000001	1.17539	1.13848	7	0	0
8	126500001	1.0744	1.13848	7	0	0
8	127000001	1.13848	1.13848	7	0	0
8	127500001	1.08798	1.13848	7	0	0
8	128000001	1.1622	1.13848	7	0	0
8	128500001	1.11931	1.13848	7	0	0
8	129000001	1.14152	1.13848	7	0	0
8	129500001	1.1474	1.13848	7	0	0
8	130000001	1.12166	1.13848	7	0	0
8	130500001	1.1562	1.13848	7	0	0
8	131000001	1.11453	1.13848	7	0	0
8	131500001	1.10124	1.13848	7	0	0
8	132000001	1.10764	1.13848	7	0	0
8	132500001	1.12985	1.13848	7	0	0
8	133000001	1.103	1.13848	7	0	0
8	133500001	1.17125	1.13848	7	0	0
8	134000001	1.14109	1.13848	7	0	0
8	134500001	1.14376	1.13848	7	0	0
8	135000001	1.14427	1.13848	7	0	0
8	135500001	1.05553	1.13848	7	0	0
8	136000001	0.968248	0.965259	6	0	0
8	136500001	0.937655	0.965259	6	0	0
8	137000001	0.90997	0.965259	6	0	0
8	137500001	0.92462	0.965259	6	0	0
8	138000001	0.979631	0.965259	6	0	0
8	138500001	0.962269	0.965259	6	0	0
8	139000001	0.947219	0.965259	6	0	0
8	139500001	0.980028	0.965259	6	0	0
8	140000001	0.925494	0.965259	6	0	0
8	140500001	0.915172	0.965259	6	0	0
8	141000001	0.950574	0.965259	6	0	0
8	141500001	0.996008	0.965259	6	0	0
8	142000001	1.00013	0.965259	6	0	0
8	142500001	0.984734	0.965259	6	0	0
8	143000001	0.941171	0.965259	6	0	0
8	143500001	0.984061	0.965259	6	0	0
8	144000001	0.989444	0.965259	6	0	0
8	144500001	0.978295	0.965259	6	0	0
8	145000001	-1	-1	-1	0	0
9	1	0.996501	1.00964	6	0	0
9	500001	1.00964	1.00964	6	0	0
9	1000001	0.994743	1.00964	6	0	0
9	1500001	1.06526	1.00964	6	0	0
9	2000001	1.01192	1.00964	6	0	0
9	2500001	1.00245	1.00964	6	0	0
9	3000001	1.04994	1.00964	6	0	0
9	3500001	0.494398	0.339096	2	0	0
9	4000001	0.339153	0.339096	2	0	0
9	4500001	0.324367	0.339096	2	0	0
9	5000001	0.339039	0.339096	2	0	0
9	5500001	0.328505	0.339096	2	0	0
9	6000001	0.341013	0.339096	2	0	0
9	6500001	0.341273	0.339096	2	0	0
9	7000001	0.338758	0.339096	2	0	0
9	7500001	0.353433	0.339096	2	0	0
9	8000001	0.354373	0.339096	2	0	0
9	8500001	0.335877	0.339096	2	0	0
9	9000001	0.319188	0.339096	2	0	0
9	9500001	0.351382	0.339096	2	0	0
9	10000001	0.323427	0.339096	2	0	0
9	10500001	0.320476	0.339096	2	0	0
9	11000001	0.329614	0.339096	2	0	0
9	11500001	0.339189	0.339096	2	0	0
9	12000001	0.34918	0.339096	2	0	0
9	12500001	0.359465	0.339096	2	0	0
9	13000001	0.367247	0.339096	2	0	0
9	13500001	0.342162	0.339096	2	0	0
9	14000001	0.34084	0.339096	2	0	0
9	14500001	0.314585	0.339096	2	0	0
9	15000001	0.32813	0.339096	2	0	0
9	15500001	0.326398	0.339096	2	0	0
9	16000001	0.319797	0.339096	2	0	0
9	16500001	0.000593926	0.00295954	0	0	0
9	17000001	0.00295954	0.00295954	0	0	0
9	17500001	0.00622699	0.00295954	0	0	0
9	18000001	0.596571	0.657239	4	0	0
9	18500001	0.691634	0.657239	4	0	0
9	19000001	0.622845	0.657239	4	0	0
9	19500001	0.706446	0.657239	4	0	0
9	20000001	0.708284	0.657239	4	0	0
9	20500001	0.436477	0.657239	4	0	0
9	21000001	0.000295926	0.000740691	0	0	0
9	21500001	0.00770386	0.000740691	0	0	0
9	22000001	0.00325507	0.000740691	0	0	0
9	22500001	0.000592884	0.000740691	0	0	0
9	23000001	0.000296456	0.000740691	0	0	0
9	23500001	0.000888497	0.000740691	0	0	0
9	24000001	0.00059236	0.000740691	0	0	0
9	24500001	0.079007	0.000740691	0	0	0
9	25000001	0.355219	0.345684	2	0	0
9	25500001	0.33615	0.345684	2	0	0
9	26000001	0.969685	1.02424	6	0	0
9	26500001	1.02256	1.02424	6	0	0
9	27000001	1.03534	1.02424	6	0	0
9	27500001	1.02893	1.02424	6	0	0
9	28000001	1.01799	1.02424	6	0	0
9	28500001	0.989382	1.02424	6	0	0
9	29000001	1.02657	1.02424	6	0	0
9	29500001	1.03	1.02424	6	0	0
9	30000001	1.01719	1.02424	6	0	0
9	30500001	0.994308	1.02424	6	0	0
9	31000001	1.03436	1.02424	6	0	0
9	31500001	1.0481	1.02424	6	0	0
9	32000001	1.02877	1.02424	6	0	0
9	32500001	1.02593	1.02424	6	0	0
9	33000001	0.996265	1.02424	6	0	0
9	33500001	1.05418	1.02424	6	0	0
9	34000001	0.99403	1.02424	6	0	0
9	34500001	1.04757	1.02424	6	0	0
9	35000001	1.04246	1.02424	6	0	0
9	35500001	1.0394	1.02424	6	0	0
9	36000001	1.00712	1.02424	6	0	0
9	36500001	1.04659	1.02424	6	0	0
9	37000001	0.9954	1.02424	6	0	0
9	37500001	1.00125	1.02424	6	0	0
9	38000001	0.986651	1.02424	6	0	0
9	38500001	1.05544	1.02424	6	0	0
9	39000001	0.945568	1.02424	6	0	0
9	39500001	0.93409	1.02424	6	0	0
9	40000001	0.960748	1.02424	6	0	0
9	40500001	1.09773	1.02424	6	0	0
9	41000001	1.17202	1.02424	6	0	0
9	41500001	0.918925	1.02424	6	0	0
9	42000001	0.436052	0.436052	3	0	0
9	42500001	0.766424	0.766424	5	0	0
9	43000001	1.38231	1.38231	8	0	0
9	43500001	3.15193	3.15193	19	0	0
9	44000001	2.5348	2.5348	15	0	0
9	44500001	1.56763	1.56763	9	0	0
9	45000001	1.06707	-1	-1	0	0
9	45500001	-1	-1	-1	0	0
9	46000001	-1	-1	-1	0	0
9	46500001	-1	-1	-1	0	0
9	47000001	-1	-1	-1	0	0
9	47500001	-1	-1	-1	0	0
9	48000001	-1	-1	-1	0	0
9	48500001	-1	-1	-1	0	0
9	49000001	-1	-1	-1	0	0
9	49500001	-1	-1	-1	0	0
9	50000001	-1	-1	-1	0	0
9	50500001	-1	-1	-1	0	0
9	51000001	-1	-1	-1	0	0
9	51500001	-1	-1	-1	0	0
9	52000001	-1	-1	-1	0	0
9	52500001	-1	-1	-1	0	0
9	53000001	-1	-1	-1	0	0
9	53500001	-1	-1	-1	0	0
9	54000001	-1	-1	-1	0	0
9	54500001	-1	-1	-1	0	0
9	55000001	-1	-1	-1	0	0
9	55500001	-1	-1	-1	0	0
9	56000001	-1	-1	-1	0	0
9	56500001	-1	-1	-1	0	0
9	57000001	-1	-1	-1	0	0
9	57500001	-1	-1	-1	0	0
9	58000001	-1	-1	-1	0	0
9	58500001	-1	-1	-1	0	0
9	59000001	-1	-1	-1	0	0
9	59500001	-1	-1	-1	0	0
9	60000001	-1	-1	-1	0	0
9	60500001	-1	-1	-1	0	0
9	61000001	-1	-1	-1	0	0
9	61500001	1.13254	-1	-1	0	0
9	62000001	-1	-1	-1	0	0
9	62500001	-1	-1	-1	0	0
9	63000001	0.756445	0.727933	4	0	0
9	63500001	-1	0.727933	4	0	0
9	64000001	-1	0.727933	4	0	0
9	64500001	0.699421	0.727933	4	0	0
9	65000001	-1	-1	-1	0	0
9	65500001	1.05774	1.01813	6	0	0
9	66000001	-1	1.01813	6	0	0
9	66500001	-1	1.01813	6	0	0
9	67000001	0.923147	1.01813	6	0	0
9	67500001	-1	1.01813	6	0	0
9	68000001	-1	1.01813	6	0	0
9	68500001	1.01848	1.01813	6	0	0
9	69000001	0.978767	1.01813	6	0	0
9	69500001	1.03685	1.01813	6	0	0
9	70000001	1.05268	1.01813	6	0	0
9	70500001	0.992046	1.01813	6	0	0
9	71000001	1.03556	1.01813	6	0	0
9	71500001	1.00559	1.01813	6	0	0
9	72000001	0.995038	1.01813	6	0	0
9	72500001	1.0899	1.01813	6	0	0
9	73000001	1.01962	1.01813	6	0	0
9	73500001	1.03007	1.01813	6	0	0
9	74000001	1.04102	1.01813	6	0	0
9	74500001	1.01738	1.01813	6	0	0
9	75000001	0.975157	1.01813	6	0	0
9	75500001	0.988067	1.01813	6	0	0
9	76000001	1.07228	1.01813	6	0	0
9	76500001	0.984402	1.01813	6	0	0
9	77000001	0.977034	1.01813	6	0	0
9	77500001	0.967713	1.01813	6	0	0
9	78000001	0.995672	1.01813	6	0	0
9	78500001	1.01627	1.01813	6	0	0
9	79000001	1.04344	1.01813	6	0	0
9	79500001	1.01274	1.01813	6	0	0
9	80000001	0.987782	1.01813	6	0	0
9	80500001	1.01758	1.01813	6	0	0
9	81000001	1.03005	1.01813	6	0	0
9	81500001	0.959277	1.01813	6	0	0
9	82000001	1.05399	1.01813	6	0	0
9	82500001	1.03502	1.01813	6	0	0
9	83000001	1.03038	1.01813	6	0	0
9	83500001	0.990828	1.01813	6	0	0
9	84000001	0.977537	1.01813	6	0	0
9	84500001	1.01808	1.01813	6	0	0
9	85000001	1.02624	1.01813	6	0	0
9	85500001	0.976442	1.01813	6	0	0
9	86000001	0.974554	1.01813	6	0	0
9	86500001	1.02085	1.01813	6	0	0
9	87000001	1.01	1.01813	6	0	0
9	87500001	1.00124	1.01813	6	0	0
9	88000001	0.973679	1.01813	6	0	0
9	88500001	1.00352	1.01813	6	0	0
9	89000001	0.983457	1.01813	6	0	0
9	89500001	1.0185	1.01813	6	0	0
9	90000001	1.01535	1.01813	6	0	0
9	90500001	1.04843	1.01813	6	0	0
9	91000001	0.966759	1.01813	6	0	0
9	91500001	1.03622	1.01813	6	0	0
9	92000001	1.00914	1.01813	6	0	0
9	92500001	1.02159	1.01813	6	0	0
9	93000001	0.992773	1.01813	6	0	0
9	93500001	1.01818	1.01813	6	0	0
9	94000001	0.982129	1.01813	6	0	0
9	94500001	1.00352	1.01813	6	0	0
9	95000001	0.973251	1.01813	6	0	0
9	95500001	0.981208	1.01813	6	0	0
9	96000001	1.03074	1.01813	6	0	0
9	96500001	0.971452	1.01813	6	0	0
9	97000001	1.02392	1.01813	6	0	0
9	97500001	0.999018	1.01813	6	0	0
9	98000001	1.06054	1.01813	6	0	0
9	98500001	1.06405	1.01813	6	0	0
9	99000001	1.03441	1.01813	6	0	0
9	99500001	1.06731	1.01813	6	0	0
9	100000001	0.98646	1.01813	6	0	0
9	100500001	1.02602	1.01813	6	0	0
9	101000001	1.08509	1.01813	6	0	0
9	101500001	1.04446	1.01813	6	0	0
9	102000001	1.05639	1.01813	6	0	0
9	102500001	1.00462	1.01813	6	0	0
9	103000001	1.03163	1.01813	6	0	0
9	103500001	1.03365	1.01813	6	0	0
9	104000001	1.03928	1.01813	6	0	0
9	104500001	1.01945	1.01813	6	0	0
9	105000001	1.03017	1.01813	6	0	0
9	105500001	0.985054	1.01813	6	0	0
9	106000001	1.06292	1.01813	6	0	0
9	106500001	1.02007	1.01813	6	0	0
9	107000001	1.01582	1.01813	6	0	0
9	107500001	1.00551	1.01813	6	0	0
9	108000001	1.01885	1.01813	6	0	0
9	108500001	1.08368	1.01813	6	0	0
9	109000001	1.04945	1.01813	6	0	0
9	109500001	1.03879	1.01813	6	0	0
9	110000001	1.01131	1.01813	6	0	0
9	110500001	0.996807	1.01813	6	0	0
9	111000001	0.99406	1.01813	6	0	0
9	111500001	0.962649	1.01813	6	0	0
9	112000001	0.994638	1.01813	6	0	0
9	112500001	0.995273	1.01813	6	0	0
9	113000001	1.03376	1.01813	6	0	0
9	113500001	1.0159	1.01813	6	0	0
9	114000001	1.07485	1.01813	6	0	0
9	114500001	1.02081	1.01813	6	0	0
9	115000001	1.0128	1.01813	6	0	0
9	115500001	1.03502	1.01813	6	0	0
9	116000001	1.0813	1.01813	6	0	0
9	116500001	0.997707	1.01813	6	0	0
9	117000001	1.03977	1.01813	6	0	0
9	117500001	1.02205	1.01813	6	0	0
9	118000001	1.02088	1.01813	6	0	0
9	118500001	1.25158	1.19318	7	0	0
9	119000001	1.1514	1.19318	7	0	0
9	119500001	1.21603	1.19318	7	0	0
9	120000001	1.25351	1.19318	7	0	0
9	120500001	1.19355	1.19318	7	0	0
9	121000001	1.18401	1.19318	7	0	0
9	121500001	1.19318	1.19318	7	0	0
9	122000001	1.23796	1.19318	7	0	0
9	122500001	1.21056	1.19318	7	0	0
9	123000001	1.21331	1.19318	7	0	0
9	123500001	1.17361	1.19318	7	0	0
9	124000001	1.20991	1.19318	7	0	0
9	124500001	1.19942	1.19318	7	0	0
9	125000001	1.14388	1.19318	7	0	0
9	125500001	1.17612	1.19318	7	0	0
9	126000001	1.21691	1.19318	7	0	0
9	126500001	1.15261	1.19318	7	0	0
9	127000001	1.1927	1.19318	7	0	0
9	127500001	1.18983	1.19318	7	0	0
9	128000001	1.16468	1.19318	7	0	0
9	128500001	1.15372	1.19318	7	0	0
9	129000001	1.21351	1.19318	7	0	0
9	129500001	1.1566	1.19318	7	0	0
9	130000001	1.15607	1.19318	7	0	0
9	130500001	1.16921	1.19318	7	0	0
9	131000001	1.1739	1.19318	7	0	0
9	131500001	1.16059	1.19318	7	0	0
9	132000001	1.1625	1.19318	7	0	0
9	132500001	1.18577	1.19318	7	0	0
9	133000001	1.17053	1.19318	7	0	0
9	133500001	1.23924	1.19318	7	0	0
9	134000001	1.19332	1.19318	7	0	0
9	134500001	1.26557	1.19318	7	0	0
9	135000001	1.25976	1.19318	7	0	0
9	135500001	1.18566	1.19318	7	0	0
9	136000001	1.22104	1.19318	7	0	0
9	136500001	1.22925	1.19318	7	0	0
9	137000001	1.27788	1.19318	7	0	0
9	137500001	1.20799	1.19318	7	0	0
9	138000001	-1	-1	-1	0	0
GL000008.2	1	0.539624	0.539624	3	0	0
GL000009.2	1	0.261592	0.261592	2	0	0
GL000194.1	1	0.537569	0.537569	3	0	0
GL000195.1	1	0.277077	0.277077	2	0	0
GL000205.2	1	0.290566	0.290566	2	0	0
GL000208.1	1	-1	-1	-1	0	0
GL000213.1	1	2.23457	2.23457	13	0	0
GL000214.1	1	0.127156	0.127156	1	0	0
GL000216.2	1	0.332072	0.332072	2	0	0
GL000218.1	1	0.340035	0.340035	2	0	0
GL000219.1	1	0.398126	0.398126	2	0	0
GL000220.1	1	0.391791	0.391791	2	0	0
GL000221.1	1	0.279472	0.279472	2	0	0
GL000224.1	1	0.262293	0.262293	2	0	0
GL000225.1	1	0.403913	0.403913	2	0	0
GL000226.1	1	-1	-1	-1	0	0
KI270302.1	1	0.00800121	0.00800121	0	0	0
KI270303.1	1	0.00443889	0.00443889	0	0	0
KI270304.1	1	0.0106909	0.0106909	0	0	0
KI270305.1	1	0.00177714	0.00177714	0	0	0
KI270310.1	1	0.00532844	0.00532844	0	0	0
KI270311.1	1	0.0145178	0.0145178	0	0	0
KI270312.1	1	0.00108727	0.00108727	0	0	0
KI270315.1	1	0.00388865	0.00388865	0	0	0
KI270316.1	1	0.00297359	0.00297359	0	0	0
KI270317.1	1	0	0	0	0	0
KI270320.1	1	0.0156858	0.0156858	0	0	0
KI270322.1	1	0.758864	0.758864	5	0	0
KI270329.1	1	0.00622076	0.00622076	0	0	0
KI270330.1	1	0.00118717	0.00118717	0	0	0
KI270333.1	1	0.000592141	0.000592141	0	0	0
KI270334.1	1	0.00384877	0.00384877	0	0	0
KI270335.1	1	0	0	0	0	0
KI270336.1	1	0.000887932	0.000887932	0	0	0
KI270337.1	1	0.00238085	0.00238085	0	0	0
KI270338.1	1	0.00415221	0.00415221	0	0	0
KI270340.1	1	0.000297668	0.000297668	0	0	0
KI270362.1	1	0.0198675	0.0198675	0	0	0
KI270363.1	1	0.00118383	0.00118383	0	0	0
KI270364.1	1	0.00266361	0.00266361	0	0	0
KI270366.1	1	0.018659	0.018659	0	0	0
KI270371.1	1	0.207358	0.207358	1	0	0
KI270372.1	1	0.0008898	0.0008898	0	0	0
KI270373.1	1	0.00386309	0.00386309	0	0	0
KI270374.1	1	0.0032551	0.0032551	0	0	0
KI270375.1	1	0.0122033	0.0122033	0	0	0
KI270376.1	1	0.294344	0.294344	2	0	0
KI270378.1	1	0	0	0	0	0
KI270379.1	1	0.00621461	0.00621461	0	0	0
KI270381.1	1	0.0038512	0.0038512	0	0	0
KI270382.1	1	0.0118445	0.0118445	0	0	0
KI270383.1	1	0.00118387	0.00118387	0	0	0
KI270384.1	1	0.0362619	0.0362619	0	0	0
KI270385.1	1	0.00415303	0.00415303	0	0	0
KI270386.1	1	0.025745	0.025745	0	0	0
KI270387.1	1	0.000591905	0.000591905	0	0	0
KI270388.1	1	0.0133366	0.0133366	0	0	0
KI270389.1	1	0.186904	0.186904	1	0	0
KI270390.1	1	0.0023714	0.0023714	0	0	0
KI270391.1	1	0.00448136	0.00448136	0	0	0
KI270392.1	1	0.000296057	0.000296057	0	0	0
KI270393.1	1	0.00711219	0.00711219	0	0	0
KI270395.1	1	0.000592389	0.000592389	0	0	0
KI270396.1	1	0.00414457	0.00414457	0	0	0
KI270411.1	1	0.00532663	0.00532663	0	0	0
KI270412.1	1	0.0103604	0.0103604	0	0	0
KI270414.1	1	0.0151195	0.0151195	0	0	0
KI270417.1	1	0.0107682	0.0107682	0	0	0
KI270418.1	1	0.00355272	0.00355272	0	0	0
KI270419.1	1	0.0417221	0.0417221	0	0	0
KI270420.1	1	0.0103785	0.0103785	0	0	0
KI270422.1	1	0	0	0	0	0
KI270423.1	1	0	0	0	0	0
KI270424.1	1	0.00296218	0.00296218	0	0	0
KI270425.1	1	0.0106533	0.0106533	0	0	0
KI270429.1	1	0	0	0	0	0
KI270435.1	1	0.293558	0.293558	2	0	0
KI270438.1	1	0.12811	0.12811	1	0	0
KI270442.1	1	2.0238	2.0238	12	0	0
KI270448.1	1	0.00741984	0.00741984	0	0	0
KI270465.1	1	0.0017755	0.0017755	0	0	0
KI270466.1	1	0.000592012	0.000592012	0	0	0
KI270467.1	1	0.00800025	0.00800025	0	0	0
KI270468.1	1	0.814362	0.814362	5	0	0
KI270507.1	1	0.0313833	0.0313833	0	0	0
KI270508.1	1	0.00326275	0.00326275	0	0	0
KI270509.1	1	0.00148003	0.00148003	0	0	0
KI270510.1	1	0.00355186	0.00355186	0	0	0
KI270511.1	1	0.0174596	0.0174596	0	0	0
KI270512.1	1	-1	-1	-1	0	0
KI270515.1	1	0.0281544	0.0281544	0	0	0
KI270516.1	1	0	0	0	0	0
KI270517.1	1	0.00917705	0.00917705	0	0	0
KI270518.1	1	0.00562736	0.00562736	0	0	0
KI270519.1	1	0.457696	0.457696	3	0	0
KI270521.1	1	0.00683501	0.00683501	0	0	0
KI270522.1	1	0.0254593	0.0254593	0	0	0
KI270528.1	1	0.110136	0.110136	1	0	0
KI270529.1	1	0.00236971	0.00236971	0	0	0
KI270530.1	1	0.000889305	0.000889305	0	0	0
KI270538.1	1	0.0995856	0.0995856	1	0	0
KI270539.1	1	0	0	0	0	0
KI270544.1	1	0.0115634	0.0115634	0	0	0
KI270548.1	1	0.00680646	0.00680646	0	0	0
KI270579.1	1	0	0	0	0	0
KI270580.1	1	0.00177745	0.00177745	0	0	0
KI270581.1	1	0.0112746	0.0112746	0	0	0
KI270582.1	1	0.035608	0.035608	0	0	0
KI270583.1	1	0.000891213	0.000891213	0	0	0
KI270584.1	1	0.0652508	0.0652508	0	0	0
KI270587.1	1	0.00444415	0.00444415	0	0	0
KI270588.1	1	0.03137	0.03137	0	0	0
KI270589.1	1	0.00481278	0.00481278	0	0	0
KI270590.1	1	0.0195549	0.0195549	0	0	0
KI270591.1	1	0.0088797	0.0088797	0	0	0
KI270593.1	1	0.00178109	0.00178109	0	0	0
KI270706.1	1	0.276737	0.276737	2	0	0
KI270707.1	1	0.0385072	0.0385072	0	0	0
KI270708.1	1	0.263328	0.263328	2	0	0
KI270709.1	1	0.175183	0.175183	1	0	0
KI270710.1	1	0.06405	0.06405	0	0	0
KI270711.1	1	0.0991447	0.0991447	1	0	0
KI270712.1	1	0.415846	0.415846	2	0	0
KI270713.1	1	0.153533	0.153533	1	0	0
KI270714.1	1	0.12429	0.12429	1	0	0
KI270715.1	1	0.47845	0.47845	3	0	0
KI270716.1	1	0.120985	0.120985	1	0	0
KI270717.1	1	0.0984178	0.0984178	1	0	0
KI270718.1	1	-1	-1	-1	0	0
KI270719.1	1	1.52844	1.52844	9	0	0
KI270720.1	1	0.110857	0.110857	1	0	0
KI270721.1	1	0.177242	0.177242	1	0	0
KI270722.1	1	0.447172	0.447172	3	0	0
KI270723.1	1	0.0814479	0.0814479	0	0	0
KI270724.1	1	0.0411347	0.0411347	0	0	0
KI270725.1	1	0.647948	0.647948	4	0	0
KI270726.1	1	0.301165	0.301165	2	0	0
KI270727.1	1	0.997495	0.997495	6	0	0
KI270728.1	1	0.35813	0.35813	2	0	0
KI270729.1	1	2.74643	2.74643	16	0	0
KI270730.1	1	-1	-1	-1	0	0
KI270731.1	1	0.507959	0.507959	3	0	0
KI270732.1	1	0.14109	0.14109	1	0	0
KI270733.1	1	1.0528	1.0528	6	0	0
KI270734.1	1	0.0492248	0.0492248	0	0	0
KI270735.1	1	0.148444	0.148444	1	0	0
KI270736.1	1	1.78932	1.78932	11	0	0
KI270737.1	1	0.116173	0.116173	1	0	0
KI270738.1	1	0.0735017	0.0735017	0	0	0
KI270739.1	1	0.269692	0.269692	2	0	0
KI270740.1	1	0.0332944	0.0332944	0	0	0
KI270741.1	1	0.430995	0.430995	3	0	0
KI270742.1	1	0.565723	0.565723	3	0	0
KI270743.1	1	0.624831	0.624831	4	0	0
KI270744.1	1	0.170704	0.170704	1	0	0
KI270745.1	1	0.0493775	0.0493775	0	0	0
KI270746.1	1	0.100042	0.100042	1	0	0
KI270747.1	1	0.372386	0.372386	2	0	0
KI270748.1	1	0.191666	0.191666	1	0	0
KI270749.1	1	0.132686	0.132686	1	0	0
KI270750.1	1	0.285233	0.285233	2	0	0
KI270751.1	1	0.340346	0.340346	2	0	0
KI270752.1	1	0.0256224	0.0256224	0	0	0
KI270753.1	1	-1	-1	-1	0	0
KI270754.1	1	0.0794863	0.0794863	0	0	0
KI270755.1	1	0.0744795	0.0744795	0	0	0
KI270756.1	1	0.0453447	0.0453447	0	0	0
KI270757.1	1	2.74953	2.74953	16	0	0
MT	1	8.01922	8.01922	48	0	0
X	1	-1	-1	-1	0	0
X	500001	0.755273	0.769576	5	0	0
X	1000001	0.769576	0.769576	5	0	0
X	1500001	0.762125	0.769576	5	0	0
X	2000001	-1	0.769576	5	0	0
X	2500001	0.812715	0.769576	5	0	0
X	3000001	0.81666	0.769576	5	0	0
X	3500001	0.701264	0.769576	5	0	0
X	4000001	0.787176	0.769576	5	0	0
X	4500001	0.768197	0.769576	5	0	0
X	5000001	0.806365	0.769576	5	0	0
X	5500001	0.821964	0.837774	5	0	0
X	6000001	0.80548	0.837774	5	0	0
X	6500001	0.88506	0.837774	5	0	0
X	7000001	0.800871	0.837774	5	0	0
X	7500001	0.801983	0.837774	5	0	0
X	8000001	0.79976	0.837774	5	0	0
X	8500001	0.842472	0.837774	5	0	0
X	9000001	0.850497	0.837774	5	0	0
X	9500001	0.85051	0.837774	5	0	0
X	10000001	0.816467	0.837774	5	0	0
X	10500001	0.837012	0.837774	5	0	0
X	11000001	0.852124	0.837774	5	0	0
X	11500001	0.850171	0.837774	5	0	0
X	12000001	0.886727	0.837774	5	0	0
X	12500001	0.813862	0.837774	5	0	0
X	13000001	0.872631	0.837774	5	0	0
X	13500001	0.821252	0.837774	5	0	0
X	14000001	0.863453	0.837774	5	0	0
X	14500001	0.861548	0.837774	5	0	0
X	15000001	0.858424	0.837774	5	0	0
X	15500001	0.816207	0.837774	5	0	0
X	16000001	0.874441	0.837774	5	0	0
X	16500001	0.824946	0.837774	5	0	0
X	17000001	0.87179	0.837774	5	0	0
X	17500001	0.861613	0.837774	5	0	0
X	18000001	0.833343	0.837774	5	0	0
X	18500001	0.827399	0.837774	5	0	0
X	19000001	0.857204	0.837774	5	0	0
X	19500001	0.837774	0.837774	5	0	0
X	20000001	0.822477	0.837774	5	0	0
X	20500001	0.809734	0.837774	5	0	0
X	21000001	0.863607	0.837774	5	0	0
X	21500001	0.815873	0.837774	5	0	0
X	22000001	1.03831	1.01609	6	0	0
X	22500001	0.974134	1.01609	6	0	0
X	23000001	1.02814	1.01609	6	0	0
X	23500001	1.00785	1.01609	6	0	0
X	24000001	0.992557	1.01609	6	0	0
X	24500001	1.03916	1.01609	6	0	0
X	25000001	0.991369	1.01609	6	0	0
X	25500001	1.01375	1.01609	6	0	0
X	26000001	0.989737	1.01609	6	0	0
X	26500001	1.00805	1.01609	6	0	0
X	27000001	0.988413	1.01609	6	0	0
X	27500001	1.02104	1.01609	6	0	0
X	28000001	1.06237	1.01609	6	0	0
X	28500001	0.973033	1.01609	6	0	0
X	29000001	1.00629	1.01609	6	0	0
X	29500001	0.999955	1.01609	6	0	0
X	30000001	1.06751	1.01609	6	0	0
X	30500001	1.00555	1.01609	6	0	0
X	31000001	0.986478	1.01609	6	0	0
X	31500001	1.01609	1.01609	6	0	0
X	32000001	1.01875	1.01609	6	0	0
X	32500001	1.01792	1.01609	6	0	0
X	33000001	0.996359	1.01609	6	0	0
X	33500001	1.03482	1.01609	6	0	0
X	34000001	0.997385	1.01609	6	0	0
X	34500001	1.0169	1.01609	6	0	0
X	35000001	0.938546	1.01609	6	0	0
X	35500001	1.00685	1.01609	6	0	0
X	36000001	1.00037	1.01609	6	0	0
X	36500001	1.02143	1.01609	6	0	0
X	37000001	-1	1.01609	6	0	0
X	37500001	1.02086	1.01609	6	0	0
X	38000001	1.03322	1.01609	6	0	0
X	38500001	1.00684	1.01609	6	0	0
X	39000001	1.03887	1.01609	6	0	0
X	39500001	1.04429	1.01609	6	0	0
X	40000001	1.00951	1.01609	6	0	0
X	40500001	1.01316	1.01609	6	0	0
X	41000001	0.924539	1.01609	6	0	0
X	41500001	1.01038	1.01609	6	0	0
X	42000001	1.05202	1.01609	6	0	0
X	42500001	1.01625	1.01609	6	0	0
X	43000001	1.03084	1.01609	6	0	0
X	43500001	1.07562	1.01609	6	0	0
X	44000001	1.0101	1.01609	6	0	0
X	44500001	0.956173	1.01609	6	0	0
X	45000001	1.02843	1.01609	6	0	0
X	45500001	1.04734	1.01609	6	0	0
X	46000001	1.04918	1.01609	6	0	0
X	46500001	1.04487	1.01609	6	0	0
X	47000001	0.938895	1.01609	6	0	0
X	47500001	1.02555	1.01609	6	0	0
X	48000001	0.961836	1.01609	6	0	0
X	48500001	0.943148	1.01609	6	0	0
X	49000001	-1	1.01609	6	0	0
X	49500001	1.10659	1.01609	6	0	0
X	50000001	1.02892	1.01609	6	0	0
X	50500001	1.01673	1.01609	6	0	0
X	51000001	1.02781	1.01609	6	0	0
X	51500001	0.844765	0.844765	5	0	0
X	52000001	0.632932	0.691211	4	0	0
X	52500001	0.700046	0.691211	4	0	0
X	53000001	0.665135	0.691211	4	0	0
X	53500001	0.69692	0.691211	4	0	0
X	54000001	0.661922	0.691211	4	0	0
X	54500001	0.683943	0.691211	4	0	0
X	55000001	0.695152	0.691211	4	0	0
X	55500001	0.681558	0.691211	4	0	0
X	56000001	0.665213	0.691211	4	0	0
X	56500001	0.691211	0.691211	4	0	0
X	57000001	0.696049	0.691211	4	0	0
X	57500001	0.722968	0.691211	4	0	0
X	58000001	0.711306	0.691211	4	0	0
X	58500001	0.623622	0.566156	3	0	0
X	59000001	0.618669	0.566156	3	0	0
X	59500001	0.564471	0.566156	3	0	0
X	60000001	0.555793	0.566156	3	0	0
X	60500001	0.537314	0.566156	3	0	0
X	61000001	0.56784	0.566156	3	0	0
X	61500001	0.554946	0.566156	3	0	0
X	62000001	0.584647	0.566156	3	0	0
X	62500001	0.729194	0.694692	4	0	0
X	63000001	0.649946	0.694692	4	0	0
X	63500001	0.701575	0.694692	4	0	0
X	64000001	0.714756	0.694692	4	0	0
X	64500001	0.698047	0.694692	4	0	0
X	65000001	0.707743	0.694692	4	0	0
X	65500001	0.715254	0.694692	4	0	0
X	66000001	0.682307	0.694692	4	0	0
X	66500001	0.691432	0.694692	4	0	0
X	67000001	0.671339	0.694692	4	0	0
X	67500001	0.706159	0.694692	4	0	0
X	68000001	0.708527	0.694692	4	0	0
X	68500001	0.694251	0.694692	4	0	0
X	69000001	0.666168	0.694692	4	0	0
X	69500001	0.700421	0.694692	4	0	0
X	70000001	0.70168	0.694692	4	0	0
X	70500001	0.654555	0.694692	4	0	0
X	71000001	0.649499	0.694692	4	0	0
X	71500001	0.697412	0.694692	4	0	0
X	72000001	0.701268	0.694692	4	0	0
X	72500001	0.699493	0.694692	4	0	0
X	73000001	0.721485	0.694692	4	0	0
X	73500001	0.668181	0.694692	4	0	0
X	74000001	0.681992	0.694692	4	0	0
X	74500001	0.695133	0.694692	4	0	0
X	75000001	0.671268	0.694692	4	0	0
X	75500001	0.710755	0.694692	4	0	0
X	76000001	0.684442	0.694692	4	0	0
X	76500001	0.715357	0.694692	4	0	0
X	77000001	0.690986	0.694692	4	0	0
X	77500001	0.64489	0.694692	4	0	0
X	78000001	0.702675	0.694692	4	0	0
X	78500001	0.696312	0.694692	4	0	0
X	79000001	0.701501	0.694692	4	0	0
X	79500001	0.680242	0.694692	4	0	0
X	80000001	0.669949	0.694692	4	0	0
X	80500001	0.669072	0.694692	4	0	0
X	81000001	0.688752	0.694692	4	0	0
X	81500001	0.673671	0.694692	4	0	0
X	82000001	0.670163	0.694692	4	0	0
X	82500001	0.681866	0.694692	4	0	0
X	83000001	0.707598	0.694692	4	0	0
X	83500001	0.665789	0.694692	4	0	0
X	84000001	0.706581	0.694692	4	0	0
X	84500001	0.670714	0.667008	4	0	0
X	85000001	0.656606	0.667008	4	0	0
X	85500001	0.680372	0.667008	4	0	0
X	86000001	0.658865	0.667008	4	0	0
X	86500001	0.675798	0.667008	4	0	0
X	87000001	0.673896	0.667008	4	0	0
X	87500001	0.679633	0.667008	4	0	0
X	88000001	0.665398	0.667008	4	0	0
X	88500001	0.668619	0.667008	4	0	0
X	89000001	0.640596	0.667008	4	0	0
X	89500001	0.639075	0.667008	4	0	0
X	90000001	0.657082	0.667008	4	0	0
X	90500001	0.515091	0.513191	3	0	0
X	91000001	0.518207	0.513191	3	0	0
X	91500001	0.523179	0.513191	3	0	0
X	92000001	0.445637	0.513191	3	0	0
X	92500001	0.490071	0.513191	3	0	0
X	93000001	0.537418	0.513191	3	0	0
X	93500001	0.510898	0.513191	3	0	0
X	94000001	0.500049	0.513191	3	0	0
X	94500001	0.526862	0.513191	3	0	0
X	95000001	0.513341	0.513191	3	0	0
X	95500001	0.510578	0.513191	3	0	0
X	96000001	0.516176	0.513191	3	0	0
X	96500001	0.489773	0.513191	3	0	0
X	97000001	0.513707	0.513191	3	0	0
X	97500001	0.521563	0.513191	3	0	0
X	98000001	0.495232	0.513191	3	0	0
X	98500001	0.49849	0.513191	3	0	0
X	99000001	0.500853	0.513191	3	0	0
X	99500001	0.529402	0.513191	3	0	0
X	100000001	0.509849	0.513191	3	0	0
X	100500001	0.540922	0.513191	3	0	0
X	101000001	0.488455	0.513191	3	0	0
X	101500001	0.499353	0.513191	3	0	0
X	102000001	0.548154	0.513191	3	0	0
X	102500001	0.513981	0.513191	3	0	0
X	103000001	0.540641	0.513191	3	0	0
X	103500001	0.497947	0.513191	3	0	0
X	104000001	0.524643	0.513191	3	0	0
X	104500001	0.493334	0.513191	3	0	0
X	105000001	0.512671	0.513191	3	0	0
X	105500001	0.53418	0.513191	3	0	0
X	106000001	0.533988	0.513191	3	0	0
X	106500001	0.519339	0.513191	3	0	0
X	107000001	0.528011	0.513191	3	0	0
X	107500001	0.530566	0.513191	3	0	0
X	108000001	0.507669	0.513191	3	0	0
X	108500001	0.499981	0.513191	3	0	0
X	109000001	0.53584	0.513191	3	0	0
X	109500001	0.512254	0.513191	3	0	0
X	110000001	0.512806	0.513191	3	0	0
X	110500001	0.534425	0.513191	3	0	0
X	111000001	0.536811	0.513191	3	0	0
X	111500001	0.532692	0.513191	3	0	0
X	112000001	0.516365	0.513191	3	0	0
X	112500001	0.485153	0.513191	3	0	0
X	113000001	0.510324	0.513191	3	0	0
X	113500001	0.488987	0.513191	3	0	0
X	114000001	0.496494	0.513191	3	0	0
X	114500001	0.536199	0.513191	3	0	0
X	115000001	0.515513	0.513191	3	0	0
X	115500001	-1	0.513191	3	0	0
X	116000001	0.52405	0.513191	3	0	0
X	116500001	0.513041	0.513191	3	0	0
X	117000001	0.495667	0.513191	3	0	0
X	117500001	0.534724	0.513191	3	0	0
X	118000001	0.502215	0.513191	3	0	0
X	118500001	0.497775	0.513191	3	0	0
X	119000001	0.520359	0.513191	3	0	0
X	119500001	0.49363	0.513191	3	0	0
X	120000001	0.52413	0.513191	3	0	0
X	120500001	0.472015	0.513191	3	0	0
X	121000001	0.526319	0.513191	3	0	0
X	121500001	0.517482	0.513191	3	0	0
X	122000001	0.511861	0.513191	3	0	0
X	122500001	0.519358	0.513191	3	0	0
X	123000001	0.54315	0.513191	3	0	0
X	123500001	0.47999	0.513191	3	0	0
X	124000001	0.528468	0.513191	3	0	0
X	124500001	0.494961	0.513191	3	0	0
X	125000001	0.48907	0.513191	3	0	0
X	125500001	0.518219	0.513191	3	0	0
X	126000001	0.525077	0.513191	3	0	0
X	126500001	0.483419	0.513191	3	0	0
X	127000001	0.50705	0.513191	3	0	0
X	127500001	0.505734	0.513191	3	0	0
X	128000001	0.514548	0.513191	3	0	0
X	128500001	0.512765	0.513191	3	0	0
X	129000001	0.538668	0.513191	3	0	0
X	129500001	0.508258	0.513191	3	0	0
X	130000001	0.50014	0.513191	3	0	0
X	130500001	0.522629	0.513191	3	0	0
X	131000001	0.52057	0.513191	3	0	0
X	131500001	0.521515	0.513191	3	0	0
X	132000001	0.506154	0.513191	3	0	0
X	132500001	0.506989	0.513191	3	0	0
X	133000001	0.511471	0.513191	3	0	0
X	133500001	0.524939	0.513191	3	0	0
X	134000001	0.489428	0.513191	3	0	0
X	134500001	0.505804	0.513191	3	0	0
X	135000001	0.526966	0.513191	3	0	0
X	135500001	0.524957	0.513191	3	0	0
X	136000001	0.525332	0.513191	3	0	0
X	136500001	0.502008	0.513191	3	0	0
X	137000001	0.533546	0.513191	3	0	0
X	137500001	0.504055	0.513191	3	0	0
X	138000001	0.518156	0.513191	3	0	0
X	138500001	0.533513	0.513191	3	0	0
X	139000001	0.537014	0.513191	3	0	0
X	139500001	0.516387	0.513191	3	0	0
X	140000001	0.512299	0.513191	3	0	0
X	140500001	0.48771	0.513191	3	0	0
X	141000001	0.516311	0.513191	3	0	0
X	141500001	0.509187	0.513191	3	0	0
X	142000001	0.499462	0.513191	3	0	0
X	142500001	0.477165	0.513191	3	0	0
X	143000001	0.507716	0.513191	3	0	0
X	143500001	0.475097	0.513191	3	0	0
X	144000001	0.514889	0.513191	3	0	0
X	144500001	0.492956	0.513191	3	0	0
X	145000001	0.502207	0.513191	3	0	0
X	145500001	0.473819	0.513191	3	0	0
X	146000001	0.539223	0.513191	3	0	0
X	146500001	0.501584	0.513191	3	0	0
X	147000001	0.490364	0.513191	3	0	0
X	147500001	0.50024	0.513191	3	0	0
X	148000001	0.512554	0.513191	3	0	0
X	148500001	0.526605	0.513191	3	0	0
X	149000001	0.566571	0.513191	3	0	0
X	149500001	0.539988	0.513191	3	0	0
X	150000001	0.534199	0.513191	3	0	0
X	150500001	0.515699	0.513191	3	0	0
X	151000001	0.523492	0.513191	3	0	0
X	151500001	0.504868	0.513191	3	0	0
X	152000001	0.503733	0.513191	3	0	0
X	152500001	0.544912	0.513191	3	0	0
X	153000001	0.532758	0.513191	3	0	0
X	153500001	0.512947	0.513191	3	0	0
X	154000001	0.693594	0.693594	4	0	0
X	154500001	0.50861	0.505267	3	0	0
X	155000001	0.505267	0.505267	3	0	0
X	155500001	0.490609	0.505267	3	0	0
X	156000001	-1	-1	-1	0	0
