Chromosome	Start	Ratio	MedianRatio	CopyNumber	Subclone_CN	Subclone_Population
1	1	-1	-1	-1	0	0
1	500001	0.817568	0.658588	4	0	0
1	1000001	0.57991	0.658588	4	0	0
1	1500001	0.710402	0.658588	4	0	0
1	2000001	0.629603	0.658588	4	0	0
1	2500001	0.856551	0.658588	4	0	0
1	3000001	0.681669	0.658588	4	0	0
1	3500001	0.66101	0.658588	4	0	0
1	4000001	0.649937	0.658588	4	0	0
1	4500001	0.616637	0.658588	4	0	0
1	5000001	0.654299	0.658588	4	0	0
1	5500001	0.680126	0.658588	4	0	0
1	6000001	0.656035	0.658588	4	0	0
1	6500001	0.648812	0.658588	4	0	0
1	7000001	0.634728	0.658588	4	0	0
1	7500001	0.687056	0.658588	4	0	0
1	8000001	0.654119	0.658588	4	0	0
1	8500001	0.703172	0.658588	4	0	0
1	9000001	0.683354	0.658588	4	0	0
1	9500001	0.657191	0.658588	4	0	0
1	10000001	0.616743	0.658588	4	0	0
1	10500001	0.6766	0.658588	4	0	0
1	11000001	0.638331	0.658588	4	0	0
1	11500001	0.687626	0.658588	4	0	0
1	12000001	0.708383	0.658588	4	0	0
1	12500001	0.653453	0.658588	4	0	0
1	13000001	0.623832	0.658588	4	0	0
1	13500001	0.636027	0.658588	4	0	0
1	14000001	0.659984	0.658588	4	0	0
1	14500001	0.668543	0.658588	4	0	0
1	15000001	0.665593	0.658588	4	0	0
1	15500001	0.651071	0.658588	4	0	0
1	16000001	0.680695	0.658588	4	0	0
1	16500001	1.19016	1.19016	7	0	0
1	17000001	0.718306	0.68202	4	0	0
1	17500001	0.703541	0.68202	4	0	0
1	18000001	0.651424	0.68202	4	0	0
1	18500001	0.719639	0.68202	4	0	0
1	19000001	0.702766	0.68202	4	0	0
1	19500001	0.710975	0.68202	4	0	0
1	20000001	0.709387	0.68202	4	0	0
1	20500001	0.647668	0.68202	4	0	0
1	21000001	0.657	0.68202	4	0	0
1	21500001	0.667819	0.68202	4	0	0
1	22000001	0.662838	0.68202	4	0	0
1	22500001	0.709062	0.68202	4	0	0
1	23000001	0.674001	0.68202	4	0	0
1	23500001	0.682002	0.68202	4	0	0
1	24000001	0.70242	0.68202	4	0	0
1	24500001	0.674307	0.68202	4	0	0
1	25000001	0.629805	0.68202	4	0	0
1	25500001	0.707552	0.68202	4	0	0
1	26000001	0.684495	0.68202	4	0	0
1	26500001	0.648823	0.68202	4	0	0
1	27000001	0.674275	0.68202	4	0	0
1	27500001	0.703683	0.68202	4	0	0
1	28000001	0.638295	0.68202	4	0	0
1	28500001	0.663124	0.68202	4	0	0
1	29000001	0.687961	0.68202	4	0	0
1	29500001	0.696437	0.68202	4	0	0
1	30000001	0.706984	0.68202	4	0	0
1	30500001	0.722329	0.68202	4	0	0
1	31000001	0.651668	0.68202	4	0	0
1	31500001	0.693208	0.68202	4	0	0
1	32000001	0.700206	0.68202	4	0	0
1	32500001	0.667231	0.68202	4	0	0
1	33000001	0.707541	0.68202	4	0	0
1	33500001	0.710546	0.68202	4	0	0
1	34000001	0.682037	0.68202	4	0	0
1	34500001	0.641959	0.68202	4	0	0
1	35000001	0.665946	0.68202	4	0	0
1	35500001	0.685572	0.68202	4	0	0
1	36000001	0.685218	0.68202	4	0	0
1	36500001	0.67601	0.68202	4	0	0
1	37000001	0.698761	0.68202	4	0	0
1	37500001	0.688294	0.68202	4	0	0
1	38000001	0.686771	0.68202	4	0	0
1	38500001	0.645599	0.68202	4	0	0
1	39000001	0.675458	0.68202	4	0	0
1	39500001	0.709918	0.68202	4	0	0
1	40000001	0.677156	0.68202	4	0	0
1	40500001	0.656168	0.68202	4	0	0
1	41000001	0.647839	0.68202	4	0	0
1	41500001	0.709542	0.68202	4	0	0
1	42000001	0.669914	0.68202	4	0	0
1	42500001	0.673293	0.68202	4	0	0
1	43000001	0.69629	0.68202	4	0	0
1	43500001	0.68579	0.68202	4	0	0
1	44000001	0.673746	0.68202	4	0	0
1	44500001	0.687256	0.68202	4	0	0
1	45000001	0.656146	0.68202	4	0	0
1	45500001	0.642044	0.68202	4	0	0
1	46000001	0.685484	0.68202	4	0	0
1	46500001	0.66094	0.68202	4	0	0
1	47000001	0.669263	0.68202	4	0	0
1	47500001	0.718767	0.68202	4	0	0
1	48000001	0.632362	0.68202	4	0	0
1	48500001	0.631982	0.68202	4	0	0
1	49000001	0.621798	0.68202	4	0	0
1	49500001	0.648435	0.68202	4	0	0
1	50000001	0.670476	0.68202	4	0	0
1	50500001	0.66624	0.68202	4	0	0
1	51000001	0.686669	0.68202	4	0	0
1	51500001	0.694934	0.68202	4	0	0
1	52000001	0.644756	0.68202	4	0	0
1	52500001	0.669875	0.68202	4	0	0
1	53000001	0.695392	0.68202	4	0	0
1	53500001	0.683443	0.68202	4	0	0
1	54000001	0.721915	0.68202	4	0	0
1	54500001	0.673418	0.68202	4	0	0
1	55000001	0.662612	0.68202	4	0	0
1	55500001	0.705422	0.68202	4	0	0
1	56000001	0.699735	0.68202	4	0	0
1	56500001	0.651872	0.68202	4	0	0
1	57000001	0.646773	0.68202	4	0	0
1	57500001	0.624234	0.68202	4	0	0
1	58000001	0.666571	0.68202	4	0	0
1	58500001	0.70222	0.68202	4	0	0
1	59000001	0.696553	0.68202	4	0	0
1	59500001	0.686389	0.68202	4	0	0
1	60000001	0.655837	0.68202	4	0	0
1	60500001	0.69469	0.68202	4	0	0
1	61000001	0.679792	0.68202	4	0	0
1	61500001	0.656679	0.68202	4	0	0
1	62000001	0.652221	0.68202	4	0	0
1	62500001	0.678165	0.68202	4	0	0
1	63000001	0.687129	0.68202	4	0	0
1	63500001	0.70004	0.68202	4	0	0
1	64000001	0.740858	0.68202	4	0	0
1	64500001	0.708926	0.68202	4	0	0
1	65000001	0.648939	0.68202	4	0	0
1	65500001	0.678058	0.68202	4	0	0
1	66000001	0.691874	0.68202	4	0	0
1	66500001	0.683053	0.68202	4	0	0
1	67000001	0.704487	0.68202	4	0	0
1	67500001	0.682164	0.68202	4	0	0
1	68000001	0.662323	0.68202	4	0	0
1	68500001	0.693387	0.68202	4	0	0
1	69000001	0.671577	0.68202	4	0	0
1	69500001	0.691631	0.68202	4	0	0
1	70000001	0.699019	0.68202	4	0	0
1	70500001	0.654241	0.68202	4	0	0
1	71000001	0.663197	0.68202	4	0	0
1	71500001	0.773592	0.68202	4	0	0
1	72000001	1.29744	1.29744	8	0	0
1	72500001	1.66952	1.73985	10	0	0
1	73000001	1.75716	1.73985	10	0	0
1	73500001	1.73985	1.73985	10	0	0
1	74000001	1.91762	2.07298	12	0	0
1	74500001	2.10442	2.07298	12	0	0
1	75000001	2.06181	2.07298	12	0	0
1	75500001	2.0049	2.07298	12	0	0
1	76000001	1.96075	2.07298	12	0	0
1	76500001	2.13354	2.07298	12	0	0
1	77000001	2.16142	2.07298	12	0	0
1	77500001	2.00281	2.07298	12	0	0
1	78000001	2.2257	2.07298	12	0	0
1	78500001	2.09463	2.07298	12	0	0
1	79000001	2.07298	2.07298	12	0	0
1	79500001	2.06395	2.07298	12	0	0
1	80000001	2.13621	2.07298	12	0	0
1	80500001	1.5252	1.35213	8	0	0
1	81000001	1.35213	1.35213	8	0	0
1	81500001	1.26438	1.35213	8	0	0
1	82000001	0.981689	1.35213	8	0	0
1	82500001	1.33792	1.35213	8	0	0
1	83000001	1.34076	1.35213	8	0	0
1	83500001	1.37816	1.35213	8	0	0
1	84000001	1.40343	1.35213	8	0	0
1	84500001	1.42278	1.35213	8	0	0
1	85000001	1.10783	1.0951	7	0	0
1	85500001	1.08238	1.0951	7	0	0
1	86000001	1.03724	1.0951	7	0	0
1	86500001	1.16432	1.0951	7	0	0
1	87000001	1.42425	1.39537	8	0	0
1	87500001	1.37631	1.39537	8	0	0
1	88000001	1.42726	1.39537	8	0	0
1	88500001	1.39537	1.39537	8	0	0
1	89000001	1.42527	1.39537	8	0	0
1	89500001	1.40815	1.39537	8	0	0
1	90000001	1.41398	1.39537	8	0	0
1	90500001	1.30291	1.39537	8	0	0
1	91000001	1.38191	1.39537	8	0	0
1	91500001	1.36927	1.39537	8	0	0
1	92000001	1.36654	1.39537	8	0	0
1	92500001	1.19053	1.06942	6	0	0
1	93000001	1.0247	1.06942	6	0	0
1	93500001	1.03896	1.06942	6	0	0
1	94000001	1.11278	1.06942	6	0	0
1	94500001	1.09691	1.06942	6	0	0
1	95000001	1.08668	1.06942	6	0	0
1	95500001	1.04823	1.06942	6	0	0
1	96000001	1.05215	1.06942	6	0	0
1	96500001	1.28016	1.41619	8	0	0
1	97000001	1.35629	1.41619	8	0	0
1	97500001	1.48345	1.41619	8	0	0
1	98000001	1.5099	1.41619	8	0	0
1	98500001	1.45923	1.41619	8	0	0
1	99000001	1.37707	1.41619	8	0	0
1	99500001	1.40414	1.41619	8	0	0
1	100000001	1.35097	1.41619	8	0	0
1	100500001	1.45823	1.41619	8	0	0
1	101000001	1.41619	1.41619	8	0	0
1	101500001	1.42223	1.41619	8	0	0
1	102000001	1.10773	1.04384	6	0	0
1	102500001	0.989979	1.04384	6	0	0
1	103000001	1.02146	1.04384	6	0	0
1	103500001	1.13182	1.04384	6	0	0
1	104000001	0.954023	1.04384	6	0	0
1	104500001	0.977352	1.04384	6	0	0
1	105000001	0.997828	1.04384	6	0	0
1	105500001	0.957659	1.04384	6	0	0
1	106000001	1.02181	1.04384	6	0	0
1	106500001	0.977186	1.04384	6	0	0
1	107000001	0.97873	1.04384	6	0	0
1	107500001	1.04589	1.04384	6	0	0
1	108000001	1.05556	1.04384	6	0	0
1	108500001	0.998371	1.04384	6	0	0
1	109000001	1.04207	1.04384	6	0	0
1	109500001	1.07982	1.04384	6	0	0
1	110000001	1.08454	1.04384	6	0	0
1	110500001	1.04561	1.04384	6	0	0
1	111000001	1.0713	1.04384	6	0	0
1	111500001	1.15518	1.04384	6	0	0
1	112000001	1.03482	1.04384	6	0	0
1	112500001	1.05103	1.04384	6	0	0
1	113000001	1.05867	1.04384	6	0	0
1	113500001	1.1455	1.04384	6	0	0
1	114000001	1.0259	1.04384	6	0	0
1	114500001	1.00485	1.04384	6	0	0
1	115000001	1.07443	1.04384	6	0	0
1	115500001	1.06999	1.04384	6	0	0
1	116000001	1.11064	1.04384	6	0	0
1	116500001	1.03685	1.04384	6	0	0
1	117000001	1.06053	1.04384	6	0	0
1	117500001	1.0581	1.04384	6	0	0
1	118000001	1.01212	1.04384	6	0	0
1	118500001	1.03101	1.04384	6	0	0
1	119000001	1.02883	1.04384	6	0	0
1	119500001	1.08387	1.04384	6	0	0
1	120000001	0.910177	0.910177	5	0	0
1	120500001	0.664283	0.910177	5	0	0
1	121000001	0.961306	0.910177	5	0	0
1	121500001	1.00133	0.910177	5	0	0
1	122000001	0.783078	0.910177	5	0	0
1	122500001	1.26685	1.30807	8	0	0
1	123000001	1.30807	1.30807	8	0	0
1	123500001	1.55811	1.30807	8	0	0
1	124000001	1.99059	1.99059	12	0	0
1	124500001	2.71411	2.71411	16	0	0
1	125000001	-1	-1	-1	0	0
1	125500001	-1	-1	-1	0	0
1	126000001	-1	-1	-1	0	0
1	126500001	-1	-1	-1	0	0
1	127000001	-1	-1	-1	0	0
1	127500001	-1	-1	-1	0	0
1	128000001	-1	-1	-1	0	0
1	128500001	-1	-1	-1	0	0
1	129000001	-1	-1	-1	0	0
1	129500001	-1	-1	-1	0	0
1	130000001	-1	-1	-1	0	0
1	130500001	-1	-1	-1	0	0
1	131000001	-1	-1	-1	0	0
1	131500001	-1	-1	-1	0	0
1	132000001	-1	-1	-1	0	0
1	132500001	-1	-1	-1	0	0
1	133000001	-1	-1	-1	0	0
1	133500001	-1	-1	-1	0	0
1	134000001	-1	-1	-1	0	0
1	134500001	-1	-1	-1	0	0
1	135000001	-1	-1	-1	0	0
1	135500001	-1	-1	-1	0	0
1	136000001	-1	-1	-1	0	0
1	136500001	-1	-1	-1	0	0
1	137000001	-1	-1	-1	0	0
1	137500001	-1	-1	-1	0	0
1	138000001	-1	-1	-1	0	0
1	138500001	-1	-1	-1	0	0
1	139000001	-1	-1	-1	0	0
1	139500001	-1	-1	-1	0	0
1	140000001	-1	-1	-1	0	0
1	140500001	-1	-1	-1	0	0
1	141000001	-1	-1	-1	0	0
1	141500001	-1	-1	-1	0	0
1	142000001	-1	-1	-1	0	0
1	142500001	-1	-1	-1	0	0
1	143000001	-1	-1	-1	0	0
1	143500001	0.884041	0.878168	5	0	0
1	144000001	0.87843	0.878168	5	0	0
1	144500001	0.875157	0.878168	5	0	0
1	145000001	0.976852	0.878168	5	0	0
1	145500001	0.939276	0.878168	5	0	0
1	146000001	0.839031	0.878168	5	0	0
1	146500001	0.824381	0.878168	5	0	0
1	147000001	0.878404	0.878168	5	0	0
1	147500001	0.911113	0.878168	5	0	0
1	148000001	0.895828	0.878168	5	0	0
1	148500001	0.990256	0.878168	5	0	0
1	149000001	0.981578	0.878168	5	0	0
1	149500001	0.926592	0.878168	5	0	0
1	150000001	0.853462	0.878168	5	0	0
1	150500001	0.821762	0.878168	5	0	0
1	151000001	0.85897	0.878168	5	0	0
1	151500001	0.916249	0.878168	5	0	0
1	152000001	0.933065	0.878168	5	0	0
1	152500001	0.822756	0.878168	5	0	0
1	153000001	0.961613	0.878168	5	0	0
1	153500001	0.879126	0.878168	5	0	0
1	154000001	0.853311	0.878168	5	0	0
1	154500001	0.901804	0.878168	5	0	0
1	155000001	0.919797	0.878168	5	0	0
1	155500001	0.878549	0.878168	5	0	0
1	156000001	0.916263	0.878168	5	0	0
1	156500001	0.948562	0.878168	5	0	0
1	157000001	0.852553	0.878168	5	0	0
1	157500001	0.883242	0.878168	5	0	0
1	158000001	0.863219	0.878168	5	0	0
1	158500001	0.878167	0.878168	5	0	0
1	159000001	0.870078	0.878168	5	0	0
1	159500001	0.879708	0.878168	5	0	0
1	160000001	0.892053	0.878168	5	0	0
1	160500001	0.888525	0.878168	5	0	0
1	161000001	1.00235	0.878168	5	0	0
1	161500001	0.973149	0.878168	5	0	0
1	162000001	0.924151	0.878168	5	0	0
1	162500001	0.915328	0.878168	5	0	0
1	163000001	0.941705	0.878168	5	0	0
1	163500001	0.861506	0.878168	5	0	0
1	164000001	0.867657	0.878168	5	0	0
1	164500001	0.878168	0.878168	5	0	0
1	165000001	0.840139	0.878168	5	0	0
1	165500001	0.84099	0.878168	5	0	0
1	166000001	0.901708	0.878168	5	0	0
1	166500001	0.843771	0.878168	5	0	0
1	167000001	0.889298	0.878168	5	0	0
1	167500001	0.882177	0.878168	5	0	0
1	168000001	0.860918	0.878168	5	0	0
1	168500001	0.921582	0.878168	5	0	0
1	169000001	0.827479	0.878168	5	0	0
1	169500001	0.888558	0.878168	5	0	0
1	170000001	0.838207	0.878168	5	0	0
1	170500001	0.843974	0.878168	5	0	0
1	171000001	0.87063	0.878168	5	0	0
1	171500001	0.889183	0.878168	5	0	0
1	172000001	0.918866	0.878168	5	0	0
1	172500001	0.933025	0.878168	5	0	0
1	173000001	0.956249	0.878168	5	0	0
1	173500001	0.832934	0.878168	5	0	0
1	174000001	0.923859	0.878168	5	0	0
1	174500001	0.843718	0.878168	5	0	0
1	175000001	0.864847	0.878168	5	0	0
1	175500001	0.861199	0.878168	5	0	0
1	176000001	0.825954	0.878168	5	0	0
1	176500001	0.842998	0.878168	5	0	0
1	177000001	0.871644	0.878168	5	0	0
1	177500001	0.93073	0.878168	5	0	0
1	178000001	0.896974	0.878168	5	0	0
1	178500001	0.826597	0.878168	5	0	0
1	179000001	0.876877	0.878168	5	0	0
1	179500001	0.878974	0.878168	5	0	0
1	180000001	0.890664	0.878168	5	0	0
1	180500001	0.912019	0.878168	5	0	0
1	181000001	0.91471	0.878168	5	0	0
1	181500001	0.877622	0.878168	5	0	0
1	182000001	0.841238	0.878168	5	0	0
1	182500001	0.864151	0.878168	5	0	0
1	183000001	0.903056	0.878168	5	0	0
1	183500001	0.853916	0.878168	5	0	0
1	184000001	0.846468	0.878168	5	0	0
1	184500001	0.887068	0.878168	5	0	0
1	185000001	0.852143	0.878168	5	0	0
1	185500001	0.846669	0.878168	5	0	0
1	186000001	0.867271	0.878168	5	0	0
1	186500001	0.839703	0.878168	5	0	0
1	187000001	0.850113	0.878168	5	0	0
1	187500001	0.81411	0.878168	5	0	0
1	188000001	0.831173	0.878168	5	0	0
1	188500001	0.844976	0.878168	5	0	0
1	189000001	0.846352	0.878168	5	0	0
1	189500001	0.844247	0.878168	5	0	0
1	190000001	0.82466	0.878168	5	0	0
1	190500001	0.87296	0.878168	5	0	0
1	191000001	0.85603	0.878168	5	0	0
1	191500001	0.817481	0.878168	5	0	0
1	192000001	0.891721	0.878168	5	0	0
1	192500001	0.896214	0.878168	5	0	0
1	193000001	0.841808	0.878168	5	0	0
1	193500001	0.886012	0.878168	5	0	0
1	194000001	0.852434	0.878168	5	0	0
1	194500001	0.817151	0.878168	5	0	0
1	195000001	0.868951	0.878168	5	0	0
1	195500001	0.842409	0.878168	5	0	0
1	196000001	0.857881	0.878168	5	0	0
1	196500001	0.886136	0.878168	5	0	0
1	197000001	0.887655	0.878168	5	0	0
1	197500001	0.856108	0.878168	5	0	0
1	198000001	0.922269	0.878168	5	0	0
1	198500001	0.921105	0.878168	5	0	0
1	199000001	0.910963	0.878168	5	0	0
1	199500001	0.842384	0.878168	5	0	0
1	200000001	0.825678	0.878168	5	0	0
1	200500001	0.883379	0.878168	5	0	0
1	201000001	0.942682	0.878168	5	0	0
1	201500001	0.982174	0.878168	5	0	0
1	202000001	0.878403	0.878168	5	0	0
1	202500001	0.864817	0.878168	5	0	0
1	203000001	0.918851	0.878168	5	0	0
1	203500001	0.849048	0.878168	5	0	0
1	204000001	0.90264	0.878168	5	0	0
1	204500001	0.897593	0.878168	5	0	0
1	205000001	0.901359	0.878168	5	0	0
1	205500001	0.938011	0.878168	5	0	0
1	206000001	0.896925	0.878168	5	0	0
1	206500001	0.932537	0.878168	5	0	0
1	207000001	0.927637	0.878168	5	0	0
1	207500001	0.859609	0.878168	5	0	0
1	208000001	0.906044	0.878168	5	0	0
1	208500001	0.828726	0.878168	5	0	0
1	209000001	0.893941	0.878168	5	0	0
1	209500001	0.907038	0.878168	5	0	0
1	210000001	0.823487	0.878168	5	0	0
1	210500001	0.842089	0.878168	5	0	0
1	211000001	0.865279	0.878168	5	0	0
1	211500001	0.862695	0.878168	5	0	0
1	212000001	0.868382	0.878168	5	0	0
1	212500001	0.821599	0.878168	5	0	0
1	213000001	0.864877	0.878168	5	0	0
1	213500001	0.8609	0.878168	5	0	0
1	214000001	0.901613	0.878168	5	0	0
1	214500001	0.894498	0.878168	5	0	0
1	215000001	0.878681	0.878168	5	0	0
1	215500001	0.891262	0.878168	5	0	0
1	216000001	0.88381	0.878168	5	0	0
1	216500001	0.785123	0.878168	5	0	0
1	217000001	0.828109	0.878168	5	0	0
1	217500001	0.854532	0.878168	5	0	0
1	218000001	0.869852	0.878168	5	0	0
1	218500001	0.898171	0.878168	5	0	0
1	219000001	0.932646	0.878168	5	0	0
1	219500001	0.889449	0.878168	5	0	0
1	220000001	0.899644	0.878168	5	0	0
1	220500001	0.826664	0.878168	5	0	0
1	221000001	0.869652	0.878168	5	0	0
1	221500001	0.90617	0.878168	5	0	0
1	222000001	0.863817	0.878168	5	0	0
1	222500001	0.874913	0.878168	5	0	0
1	223000001	0.905973	0.878168	5	0	0
1	223500001	0.880665	0.878168	5	0	0
1	224000001	0.890754	0.878168	5	0	0
1	224500001	0.903934	0.878168	5	0	0
1	225000001	0.924084	0.878168	5	0	0
1	225500001	0.88114	0.878168	5	0	0
1	226000001	0.862006	0.878168	5	0	0
1	226500001	0.924283	0.878168	5	0	0
1	227000001	0.886305	0.878168	5	0	0
1	227500001	0.840186	0.878168	5	0	0
1	228000001	0.870542	0.878168	5	0	0
1	228500001	0.999516	0.878168	5	0	0
1	229000001	0.829809	0.878168	5	0	0
1	229500001	0.841353	0.878168	5	0	0
1	230000001	0.833727	0.878168	5	0	0
1	230500001	0.847043	0.878168	5	0	0
1	231000001	0.863322	0.878168	5	0	0
1	231500001	0.848855	0.878168	5	0	0
1	232000001	0.830853	0.878168	5	0	0
1	232500001	0.83406	0.878168	5	0	0
1	233000001	0.827103	0.878168	5	0	0
1	233500001	0.898578	0.878168	5	0	0
1	234000001	0.90609	0.878168	5	0	0
1	234500001	0.990754	0.878168	5	0	0
1	235000001	0.815864	0.825357	5	0	0
1	235500001	0.836502	0.825357	5	0	0
1	236000001	0.858707	0.825357	5	0	0
1	236500001	0.840941	0.825357	5	0	0
1	237000001	0.804697	0.825357	5	0	0
1	237500001	0.804229	0.825357	5	0	0
1	238000001	0.812154	0.825357	5	0	0
1	238500001	0.809917	0.825357	5	0	0
1	239000001	0.824704	0.825357	5	0	0
1	239500001	0.810213	0.825357	5	0	0
1	240000001	0.843648	0.825357	5	0	0
1	240500001	0.811989	0.825357	5	0	0
1	241000001	0.826011	0.825357	5	0	0
1	241500001	0.84135	0.825357	5	0	0
1	242000001	0.809758	0.825357	5	0	0
1	242500001	0.820949	0.825357	5	0	0
1	243000001	0.881821	0.825357	5	0	0
1	243500001	0.841613	0.825357	5	0	0
1	244000001	0.880629	0.825357	5	0	0
1	244500001	0.822891	0.825357	5	0	0
1	245000001	0.826541	0.825357	5	0	0
1	245500001	0.819515	0.825357	5	0	0
1	246000001	0.814569	0.825357	5	0	0
1	246500001	0.826443	0.825357	5	0	0
1	247000001	0.859656	0.825357	5	0	0
1	247500001	0.85836	0.825357	5	0	0
1	248000001	0.880333	0.825357	5	0	0
1	248500001	0.687909	0.825357	5	0	0
10	1	0.99356	0.997631	6	0	0
10	500001	0.991809	0.997631	6	0	0
10	1000001	1.02406	0.997631	6	0	0
10	1500001	0.913615	0.997631	6	0	0
10	2000001	0.967694	0.997631	6	0	0
10	2500001	0.957201	0.997631	6	0	0
10	3000001	1.01711	0.997631	6	0	0
10	3500001	1.0314	0.997631	6	0	0
10	4000001	1.03689	0.997631	6	0	0
10	4500001	1.08267	0.997631	6	0	0
10	5000001	1.06107	0.997631	6	0	0
10	5500001	1.01028	0.997631	6	0	0
10	6000001	1.00213	0.997631	6	0	0
10	6500001	0.992714	0.997631	6	0	0
10	7000001	0.977294	0.997631	6	0	0
10	7500001	0.965317	0.997631	6	0	0
10	8000001	0.979339	0.997631	6	0	0
10	8500001	1.00641	0.997631	6	0	0
10	9000001	0.998777	0.997631	6	0	0
10	9500001	0.982481	0.997631	6	0	0
10	10000001	0.935957	0.997631	6	0	0
10	10500001	0.977704	0.997631	6	0	0
10	11000001	0.998821	0.997631	6	0	0
10	11500001	0.994515	0.997631	6	0	0
10	12000001	0.986625	0.997631	6	0	0
10	12500001	1.02895	0.997631	6	0	0
10	13000001	1.00122	0.997631	6	0	0
10	13500001	1.00994	0.997631	6	0	0
10	14000001	1.07491	0.997631	6	0	0
10	14500001	0.984606	0.997631	6	0	0
10	15000001	1.00514	0.997631	6	0	0
10	15500001	1.03798	0.997631	6	0	0
10	16000001	0.99214	0.997631	6	0	0
10	16500001	1.0282	0.997631	6	0	0
10	17000001	1.05934	0.997631	6	0	0
10	17500001	0.960906	0.997631	6	0	0
10	18000001	0.982886	0.997631	6	0	0
10	18500001	0.936675	0.997631	6	0	0
10	19000001	0.936334	0.997631	6	0	0
10	19500001	0.937584	0.997631	6	0	0
10	20000001	0.960908	0.997631	6	0	0
10	20500001	1.04611	0.997631	6	0	0
10	21000001	1.05191	0.997631	6	0	0
10	21500001	0.98073	0.997631	6	0	0
10	22000001	1.05515	0.997631	6	0	0
10	22500001	1.01804	0.997631	6	0	0
10	23000001	0.936716	0.997631	6	0	0
10	23500001	0.997707	0.997631	6	0	0
10	24000001	1.02033	0.997631	6	0	0
10	24500001	1.02121	0.997631	6	0	0
10	25000001	1.00699	0.997631	6	0	0
10	25500001	0.968442	0.997631	6	0	0
10	26000001	0.997631	0.997631	6	0	0
10	26500001	1.0486	0.997631	6	0	0
10	27000001	0.95092	0.997631	6	0	0
10	27500001	0.990274	0.997631	6	0	0
10	28000001	1.01581	0.997631	6	0	0
10	28500001	0.982155	0.997631	6	0	0
10	29000001	0.985279	0.997631	6	0	0
10	29500001	1.05048	0.997631	6	0	0
10	30000001	0.979458	0.997631	6	0	0
10	30500001	1.02691	0.997631	6	0	0
10	31000001	1.00865	0.997631	6	0	0
10	31500001	1.04193	0.997631	6	0	0
10	32000001	1.02402	0.997631	6	0	0
10	32500001	1.07369	0.997631	6	0	0
10	33000001	1.02429	0.997631	6	0	0
10	33500001	0.992721	0.997631	6	0	0
10	34000001	1.00282	0.997631	6	0	0
10	34500001	0.905399	0.997631	6	0	0
10	35000001	0.975509	0.997631	6	0	0
10	35500001	0.967207	0.997631	6	0	0
10	36000001	0.918004	0.997631	6	0	0
10	36500001	0.921432	0.997631	6	0	0
10	37000001	0.969757	0.997631	6	0	0
10	37500001	0.999572	0.997631	6	0	0
10	38000001	0.972366	0.997631	6	0	0
10	38500001	1.16916	1.1572	7	0	0
10	39000001	1.14525	1.1572	7	0	0
10	39500001	0.398173	0.398173	2	0	0
10	40000001	1.17009	1.27228	8	0	0
10	40500001	1.37447	1.27228	8	0	0
10	41000001	0.719447	0.719447	4	0	0
10	41500001	-1	-1	-1	0	0
10	42000001	2.74116	2.74116	16	0	0
10	42500001	0.969313	0.996284	6	0	0
10	43000001	0.947099	0.996284	6	0	0
10	43500001	0.949889	0.996284	6	0	0
10	44000001	0.943574	0.996284	6	0	0
10	44500001	0.955335	0.996284	6	0	0
10	45000001	1.03804	0.996284	6	0	0
10	45500001	0.983472	0.996284	6	0	0
10	46000001	0.998152	0.996284	6	0	0
10	46500001	1.14805	0.996284	6	0	0
10	47000001	1.08617	0.996284	6	0	0
10	47500001	-1	0.996284	6	0	0
10	48000001	0.949455	0.996284	6	0	0
10	48500001	1.0258	0.996284	6	0	0
10	49000001	0.995378	0.996284	6	0	0
10	49500001	0.995875	0.996284	6	0	0
10	50000001	1.05479	0.996284	6	0	0
10	50500001	1.06123	0.996284	6	0	0
10	51000001	0.996284	0.996284	6	0	0
10	51500001	0.984015	0.996284	6	0	0
10	52000001	1.06701	0.996284	6	0	0
10	52500001	1.05701	0.996284	6	0	0
10	53000001	1.00773	0.996284	6	0	0
10	53500001	0.979849	0.996284	6	0	0
10	54000001	0.96958	0.996284	6	0	0
10	54500001	1.05489	0.996284	6	0	0
10	55000001	1.02474	0.996284	6	0	0
10	55500001	1.0017	0.996284	6	0	0
10	56000001	0.987157	0.996284	6	0	0
10	56500001	0.986149	0.996284	6	0	0
10	57000001	1.01436	0.996284	6	0	0
10	57500001	0.974271	0.996284	6	0	0
10	58000001	1.03642	0.996284	6	0	0
10	58500001	1.01563	0.996284	6	0	0
10	59000001	0.971972	0.996284	6	0	0
10	59500001	0.958283	0.996284	6	0	0
10	60000001	0.997414	0.996284	6	0	0
10	60500001	1.00107	0.996284	6	0	0
10	61000001	0.996826	0.996284	6	0	0
10	61500001	1.01886	0.996284	6	0	0
10	62000001	0.996847	0.996284	6	0	0
10	62500001	1.01061	0.996284	6	0	0
10	63000001	0.908954	0.996284	6	0	0
10	63500001	1.04621	0.996284	6	0	0
10	64000001	0.960031	0.996284	6	0	0
10	64500001	0.931127	0.996284	6	0	0
10	65000001	0.995022	0.996284	6	0	0
10	65500001	0.959151	0.996284	6	0	0
10	66000001	0.94553	0.996284	6	0	0
10	66500001	1.02375	0.996284	6	0	0
10	67000001	0.993672	0.996284	6	0	0
10	67500001	0.995642	0.996284	6	0	0
10	68000001	0.978776	0.996284	6	0	0
10	68500001	0.900322	0.996284	6	0	0
10	69000001	0.984044	0.996284	6	0	0
10	69500001	1.03382	0.996284	6	0	0
10	70000001	1.00484	0.996284	6	0	0
10	70500001	1.00573	0.996284	6	0	0
10	71000001	1.05501	0.996284	6	0	0
10	71500001	1.04423	0.996284	6	0	0
10	72000001	0.980025	0.996284	6	0	0
10	72500001	0.972568	0.996284	6	0	0
10	73000001	0.979319	0.996284	6	0	0
10	73500001	1.04965	0.996284	6	0	0
10	74000001	1.05484	0.996284	6	0	0
10	74500001	1.01675	0.996284	6	0	0
10	75000001	1.01058	0.996284	6	0	0
10	75500001	0.949492	0.996284	6	0	0
10	76000001	0.90878	0.996284	6	0	0
10	76500001	0.978697	0.996284	6	0	0
10	77000001	1.09644	0.996284	6	0	0
10	77500001	1.0432	0.996284	6	0	0
10	78000001	1.05859	0.996284	6	0	0
10	78500001	1.05744	0.996284	6	0	0
10	79000001	1.08628	0.996284	6	0	0
10	79500001	0.840546	0.996284	6	0	0
10	80000001	0.985155	0.996284	6	0	0
10	80500001	0.99733	0.996284	6	0	0
10	81000001	0.957254	0.996284	6	0	0
10	81500001	0.963689	0.996284	6	0	0
10	82000001	0.977568	0.996284	6	0	0
10	82500001	0.944503	0.996284	6	0	0
10	83000001	0.946681	0.996284	6	0	0
10	83500001	0.993162	0.996284	6	0	0
10	84000001	1.03898	0.996284	6	0	0
10	84500001	0.974776	0.996284	6	0	0
10	85000001	0.938953	0.996284	6	0	0
10	85500001	0.91871	0.996284	6	0	0
10	86000001	0.982468	0.996284	6	0	0
10	86500001	1.01137	0.996284	6	0	0
10	87000001	0.978963	0.996284	6	0	0
10	87500001	1.04067	0.996284	6	0	0
10	88000001	1.03039	0.996284	6	0	0
10	88500001	1.0565	0.996284	6	0	0
10	89000001	1.04117	0.996284	6	0	0
10	89500001	1.03098	0.996284	6	0	0
10	90000001	1.01468	0.996284	6	0	0
10	90500001	0.969882	0.996284	6	0	0
10	91000001	1.01894	0.996284	6	0	0
10	91500001	0.956338	0.961716	6	0	0
10	92000001	0.956071	0.961716	6	0	0
10	92500001	0.934939	0.961716	6	0	0
10	93000001	0.952482	0.961716	6	0	0
10	93500001	1.01414	0.961716	6	0	0
10	94000001	0.941336	0.961716	6	0	0
10	94500001	0.977435	0.961716	6	0	0
10	95000001	1.01886	0.961716	6	0	0
10	95500001	0.929387	0.961716	6	0	0
10	96000001	0.959433	0.961716	6	0	0
10	96500001	0.944854	0.961716	6	0	0
10	97000001	1.00486	0.961716	6	0	0
10	97500001	1.00676	0.961716	6	0	0
10	98000001	0.969961	0.961716	6	0	0
10	98500001	0.925857	0.961716	6	0	0
10	99000001	0.961854	0.961716	6	0	0
10	99500001	0.992581	0.961716	6	0	0
10	100000001	0.94475	0.961716	6	0	0
10	100500001	0.963138	0.961716	6	0	0
10	101000001	0.938518	0.961716	6	0	0
10	101500001	0.927338	0.961716	6	0	0
10	102000001	0.94816	0.961716	6	0	0
10	102500001	0.906566	0.961716	6	0	0
10	103000001	0.977535	0.961716	6	0	0
10	103500001	1.04713	0.961716	6	0	0
10	104000001	1.0414	0.961716	6	0	0
10	104500001	0.991511	0.961716	6	0	0
10	105000001	0.976861	0.961716	6	0	0
10	105500001	0.943229	0.961716	6	0	0
10	106000001	0.929759	0.961716	6	0	0
10	106500001	0.944895	0.961716	6	0	0
10	107000001	0.959167	0.961716	6	0	0
10	107500001	0.971054	0.961716	6	0	0
10	108000001	0.942525	0.961716	6	0	0
10	108500001	0.906409	0.961716	6	0	0
10	109000001	0.918524	0.961716	6	0	0
10	109500001	0.962411	0.961716	6	0	0
10	110000001	0.961549	0.961716	6	0	0
10	110500001	0.991193	0.961716	6	0	0
10	111000001	0.917269	0.961716	6	0	0
10	111500001	0.933127	0.961716	6	0	0
10	112000001	0.965816	0.961716	6	0	0
10	112500001	0.993502	0.961716	6	0	0
10	113000001	1.00343	0.961716	6	0	0
10	113500001	1.0022	0.961716	6	0	0
10	114000001	0.953559	0.961716	6	0	0
10	114500001	0.974799	0.961716	6	0	0
10	115000001	0.960165	0.961716	6	0	0
10	115500001	0.967637	0.961716	6	0	0
10	116000001	0.989537	0.961716	6	0	0
10	116500001	0.883643	0.961716	6	0	0
10	117000001	0.916776	0.961716	6	0	0
10	117500001	0.917034	0.961716	6	0	0
10	118000001	1.00025	0.961716	6	0	0
10	118500001	0.996197	0.961716	6	0	0
10	119000001	1.01224	0.961716	6	0	0
10	119500001	0.949176	0.961716	6	0	0
10	120000001	0.961716	0.961716	6	0	0
10	120500001	0.986264	0.961716	6	0	0
10	121000001	0.939101	0.961716	6	0	0
10	121500001	0.946984	0.961716	6	0	0
10	122000001	0.971422	0.961716	6	0	0
10	122500001	1.01692	0.961716	6	0	0
10	123000001	0.955173	0.961716	6	0	0
10	123500001	0.985454	0.961716	6	0	0
10	124000001	0.971265	0.961716	6	0	0
10	124500001	0.972789	0.961716	6	0	0
10	125000001	0.944153	0.961716	6	0	0
10	125500001	0.973397	0.961716	6	0	0
10	126000001	0.94924	0.961716	6	0	0
10	126500001	0.982049	0.961716	6	0	0
10	127000001	0.854359	0.903715	5	0	0
10	127500001	0.944634	0.903715	5	0	0
10	128000001	0.982357	0.903715	5	0	0
10	128500001	0.88767	0.903715	5	0	0
10	129000001	0.882661	0.903715	5	0	0
10	129500001	0.850114	0.903715	5	0	0
10	130000001	0.904711	0.903715	5	0	0
10	130500001	0.903576	0.903715	5	0	0
10	131000001	0.920111	0.903715	5	0	0
10	131500001	0.903715	0.903715	5	0	0
10	132000001	0.975718	0.903715	5	0	0
10	132500001	0.891279	0.903715	5	0	0
10	133000001	1.0458	0.903715	5	0	0
10	133500001	-1	-1	-1	0	0
11	1	0.87367	0.894525	5	0	0
11	500001	0.86828	0.894525	5	0	0
11	1000001	0.881725	0.894525	5	0	0
11	1500001	0.826907	0.894525	5	0	0
11	2000001	0.879671	0.894525	5	0	0
11	2500001	0.904931	0.894525	5	0	0
11	3000001	0.816932	0.894525	5	0	0
11	3500001	0.883816	0.894525	5	0	0
11	4000001	0.890095	0.894525	5	0	0
11	4500001	0.860269	0.894525	5	0	0
11	5000001	0.898188	0.894525	5	0	0
11	5500001	0.868901	0.894525	5	0	0
11	6000001	0.938235	0.894525	5	0	0
11	6500001	0.906082	0.894525	5	0	0
11	7000001	0.888843	0.894525	5	0	0
11	7500001	0.874944	0.894525	5	0	0
11	8000001	0.874422	0.894525	5	0	0
11	8500001	0.896242	0.894525	5	0	0
11	9000001	0.873567	0.894525	5	0	0
11	9500001	0.884863	0.894525	5	0	0
11	10000001	0.894525	0.894525	5	0	0
11	10500001	0.908317	0.894525	5	0	0
11	11000001	0.912319	0.894525	5	0	0
11	11500001	0.924161	0.894525	5	0	0
11	12000001	0.970217	0.894525	5	0	0
11	12500001	0.919253	0.894525	5	0	0
11	13000001	0.956233	0.894525	5	0	0
11	13500001	0.885574	0.894525	5	0	0
11	14000001	0.897446	0.894525	5	0	0
11	14500001	0.925234	0.894525	5	0	0
11	15000001	0.892018	0.894525	5	0	0
11	15500001	0.83195	0.894525	5	0	0
11	16000001	0.926901	0.894525	5	0	0
11	16500001	0.877573	0.894525	5	0	0
11	17000001	0.836053	0.894525	5	0	0
11	17500001	0.921712	0.894525	5	0	0
11	18000001	0.901043	0.894525	5	0	0
11	18500001	0.955608	0.894525	5	0	0
11	19000001	0.924533	0.894525	5	0	0
11	19500001	0.934421	0.894525	5	0	0
11	20000001	0.888802	0.894525	5	0	0
11	20500001	0.809778	0.894525	5	0	0
11	21000001	0.828186	0.894525	5	0	0
11	21500001	0.848411	0.894525	5	0	0
11	22000001	0.879891	0.894525	5	0	0
11	22500001	0.866445	0.894525	5	0	0
11	23000001	0.847264	0.894525	5	0	0
11	23500001	0.871031	0.894525	5	0	0
11	24000001	0.881469	0.894525	5	0	0
11	24500001	0.823684	0.894525	5	0	0
11	25000001	0.812637	0.894525	5	0	0
11	25500001	0.831168	0.894525	5	0	0
11	26000001	0.839532	0.894525	5	0	0
11	26500001	0.827201	0.894525	5	0	0
11	27000001	0.889387	0.894525	5	0	0
11	27500001	0.916331	0.894525	5	0	0
11	28000001	0.969782	0.894525	5	0	0
11	28500001	0.911722	0.894525	5	0	0
11	29000001	0.912888	0.894525	5	0	0
11	29500001	0.865414	0.894525	5	0	0
11	30000001	0.826223	0.894525	5	0	0
11	30500001	0.869351	0.894525	5	0	0
11	31000001	0.880661	0.894525	5	0	0
11	31500001	0.886284	0.894525	5	0	0
11	32000001	0.898973	0.894525	5	0	0
11	32500001	0.896089	0.894525	5	0	0
11	33000001	0.857635	0.894525	5	0	0
11	33500001	0.871006	0.894525	5	0	0
11	34000001	0.926639	0.894525	5	0	0
11	34500001	0.969533	0.894525	5	0	0
11	35000001	0.980924	0.894525	5	0	0
11	35500001	0.961036	0.894525	5	0	0
11	36000001	0.953685	0.894525	5	0	0
11	36500001	0.925986	0.894525	5	0	0
11	37000001	0.90833	0.894525	5	0	0
11	37500001	0.932625	0.894525	5	0	0
11	38000001	0.910868	0.894525	5	0	0
11	38500001	0.897143	0.894525	5	0	0
11	39000001	0.887019	0.894525	5	0	0
11	39500001	0.822198	0.894525	5	0	0
11	40000001	0.892807	0.894525	5	0	0
11	40500001	0.827691	0.894525	5	0	0
11	41000001	0.883619	0.894525	5	0	0
11	41500001	0.837207	0.894525	5	0	0
11	42000001	0.849537	0.894525	5	0	0
11	42500001	0.902873	0.894525	5	0	0
11	43000001	0.894666	0.894525	5	0	0
11	43500001	0.910776	0.894525	5	0	0
11	44000001	0.937932	0.894525	5	0	0
11	44500001	0.959258	0.894525	5	0	0
11	45000001	0.954655	0.894525	5	0	0
11	45500001	0.950193	0.894525	5	0	0
11	46000001	0.906344	0.894525	5	0	0
11	46500001	0.925992	0.894525	5	0	0
11	47000001	0.901094	0.894525	5	0	0
11	47500001	0.867715	0.894525	5	0	0
11	48000001	0.991006	0.894525	5	0	0
11	48500001	0.944388	0.894525	5	0	0
11	49000001	0.902762	0.894525	5	0	0
11	49500001	0.933799	0.894525	5	0	0
11	50000001	1.08433	0.894525	5	0	0
11	50500001	-1	-1	-1	0	0
11	51000001	-1	-1	-1	0	0
11	51500001	1.50042	1.50042	9	0	0
11	52000001	1.20802	1.20802	7	0	0
11	52500001	0.9133	0.951128	6	0	0
11	53000001	0.925723	0.951128	6	0	0
11	53500001	0.938753	0.951128	6	0	0
11	54000001	-1	0.951128	6	0	0
11	54500001	1.11217	0.951128	6	0	0
11	55000001	1.07446	0.951128	6	0	0
11	55500001	0.952444	0.951128	6	0	0
11	56000001	1.06979	0.951128	6	0	0
11	56500001	0.994056	0.951128	6	0	0
11	57000001	0.960033	0.951128	6	0	0
11	57500001	0.946679	0.951128	6	0	0
11	58000001	0.924308	0.951128	6	0	0
11	58500001	0.953057	0.951128	6	0	0
11	59000001	0.980026	0.951128	6	0	0
11	59500001	0.950315	0.951128	6	0	0
11	60000001	0.928021	0.951128	6	0	0
11	60500001	0.929055	0.951128	6	0	0
11	61000001	0.951128	0.951128	6	0	0
11	61500001	0.977598	0.951128	6	0	0
11	62000001	0.918139	0.951128	6	0	0
11	62500001	0.922795	0.951128	6	0	0
11	63000001	1.12218	0.951128	6	0	0
11	63500001	1.29914	1.30503	8	0	0
11	64000001	1.27653	1.30503	8	0	0
11	64500001	1.36322	1.30503	8	0	0
11	65000001	1.29231	1.30503	8	0	0
11	65500001	1.32586	1.30503	8	0	0
11	66000001	1.34622	1.30503	8	0	0
11	66500001	1.31016	1.30503	8	0	0
11	67000001	1.31467	1.30503	8	0	0
11	67500001	1.29965	1.30503	8	0	0
11	68000001	1.27738	1.30503	8	0	0
11	68500001	1.30503	1.30503	8	0	0
11	69000001	1.38239	1.30503	8	0	0
11	69500001	1.33642	1.30503	8	0	0
11	70000001	1.28174	1.30503	8	0	0
11	70500001	1.31179	1.30503	8	0	0
11	71000001	1.29472	1.30503	8	0	0
11	71500001	1.17125	1.30503	8	0	0
11	72000001	0.984827	0.934827	6	0	0
11	72500001	0.986892	0.934827	6	0	0
11	73000001	0.989444	0.934827	6	0	0
11	73500001	0.910921	0.934827	6	0	0
11	74000001	0.99131	0.934827	6	0	0
11	74500001	0.939743	0.934827	6	0	0
11	75000001	0.980861	0.934827	6	0	0
11	75500001	0.965841	0.934827	6	0	0
11	76000001	0.97059	0.934827	6	0	0
11	76500001	0.907185	0.934827	6	0	0
11	77000001	0.932686	0.934827	6	0	0
11	77500001	0.944997	0.934827	6	0	0
11	78000001	0.910784	0.934827	6	0	0
11	78500001	0.909809	0.934827	6	0	0
11	79000001	0.846848	0.934827	6	0	0
11	79500001	0.89634	0.934827	6	0	0
11	80000001	0.868415	0.934827	6	0	0
11	80500001	0.865164	0.934827	6	0	0
11	81000001	0.891831	0.934827	6	0	0
11	81500001	0.953519	0.934827	6	0	0
11	82000001	0.936969	0.934827	6	0	0
11	82500001	0.953465	0.934827	6	0	0
11	83000001	0.932408	0.934827	6	0	0
11	83500001	0.976101	0.934827	6	0	0
11	84000001	0.851433	0.934827	6	0	0
11	84500001	0.918701	0.934827	6	0	0
11	85000001	0.920853	0.934827	6	0	0
11	85500001	0.965787	0.934827	6	0	0
11	86000001	0.921562	0.934827	6	0	0
11	86500001	0.986983	0.934827	6	0	0
11	87000001	0.905387	0.934827	6	0	0
11	87500001	0.91545	0.934827	6	0	0
11	88000001	0.945084	0.934827	6	0	0
11	88500001	1.08692	0.934827	6	0	0
11	89000001	1.26759	1.2774	8	0	0
11	89500001	1.25512	1.2774	8	0	0
11	90000001	1.17451	1.2774	8	0	0
11	90500001	1.24914	1.2774	8	0	0
11	91000001	1.22029	1.2774	8	0	0
11	91500001	1.20936	1.2774	8	0	0
11	92000001	1.21007	1.2774	8	0	0
11	92500001	1.19987	1.2774	8	0	0
11	93000001	1.27893	1.2774	8	0	0
11	93500001	1.24225	1.2774	8	0	0
11	94000001	1.37875	1.2774	8	0	0
11	94500001	1.3275	1.2774	8	0	0
11	95000001	1.29793	1.2774	8	0	0
11	95500001	1.35298	1.2774	8	0	0
11	96000001	1.34182	1.2774	8	0	0
11	96500001	1.29478	1.2774	8	0	0
11	97000001	1.30453	1.2774	8	0	0
11	97500001	1.22774	1.2774	8	0	0
11	98000001	1.19673	1.2774	8	0	0
11	98500001	1.24353	1.2774	8	0	0
11	99000001	1.25687	1.2774	8	0	0
11	99500001	1.26351	1.2774	8	0	0
11	100000001	1.2963	1.2774	8	0	0
11	100500001	1.21825	1.2774	8	0	0
11	101000001	1.26299	1.2774	8	0	0
11	101500001	1.25525	1.2774	8	0	0
11	102000001	1.23739	1.2774	8	0	0
11	102500001	1.29732	1.2774	8	0	0
11	103000001	1.30953	1.2774	8	0	0
11	103500001	1.26242	1.2774	8	0	0
11	104000001	1.25535	1.2774	8	0	0
11	104500001	1.23322	1.2774	8	0	0
11	105000001	1.20216	1.2774	8	0	0
11	105500001	1.2774	1.2774	8	0	0
11	106000001	1.27251	1.2774	8	0	0
11	106500001	1.38342	1.2774	8	0	0
11	107000001	1.28232	1.2774	8	0	0
11	107500001	1.25192	1.2774	8	0	0
11	108000001	1.30525	1.2774	8	0	0
11	108500001	1.29336	1.2774	8	0	0
11	109000001	1.29411	1.2774	8	0	0
11	109500001	1.30221	1.2774	8	0	0
11	110000001	1.27175	1.2774	8	0	0
11	110500001	1.25466	1.2774	8	0	0
11	111000001	1.31143	1.2774	8	0	0
11	111500001	1.31587	1.2774	8	0	0
11	112000001	1.29723	1.2774	8	0	0
11	112500001	1.23578	1.2774	8	0	0
11	113000001	1.26412	1.2774	8	0	0
11	113500001	1.22573	1.2774	8	0	0
11	114000001	1.28804	1.2774	8	0	0
11	114500001	1.17383	1.2774	8	0	0
11	115000001	1.26279	1.2774	8	0	0
11	115500001	1.22141	1.2774	8	0	0
11	116000001	1.25363	1.2774	8	0	0
11	116500001	1.29842	1.2774	8	0	0
11	117000001	1.26286	1.2774	8	0	0
11	117500001	1.31706	1.2774	8	0	0
11	118000001	1.28916	1.2774	8	0	0
11	118500001	1.33549	1.2774	8	0	0
11	119000001	1.32081	1.2774	8	0	0
11	119500001	1.29065	1.2774	8	0	0
11	120000001	1.33534	1.2774	8	0	0
11	120500001	1.33963	1.2774	8	0	0
11	121000001	1.2683	1.2774	8	0	0
11	121500001	1.2804	1.2774	8	0	0
11	122000001	1.33598	1.2774	8	0	0
11	122500001	1.23929	1.2774	8	0	0
11	123000001	1.28931	1.2774	8	0	0
11	123500001	1.22165	1.2774	8	0	0
11	124000001	1.2979	1.2774	8	0	0
11	124500001	1.26085	1.2774	8	0	0
11	125000001	1.30939	1.2774	8	0	0
11	125500001	1.24032	1.2774	8	0	0
11	126000001	1.22969	1.2774	8	0	0
11	126500001	1.33325	1.2774	8	0	0
11	127000001	1.23888	1.2774	8	0	0
11	127500001	1.2965	1.2774	8	0	0
11	128000001	1.36646	1.2774	8	0	0
11	128500001	1.32848	1.2774	8	0	0
11	129000001	1.31717	1.2774	8	0	0
11	129500001	1.33914	1.2774	8	0	0
11	130000001	1.3043	1.2774	8	0	0
11	130500001	1.38539	1.2774	8	0	0
11	131000001	1.30625	1.2774	8	0	0
11	131500001	1.27616	1.2774	8	0	0
11	132000001	1.26597	1.2774	8	0	0
11	132500001	1.22637	1.21155	7	0	0
11	133000001	1.19673	1.21155	7	0	0
11	133500001	1.19348	1.21155	7	0	0
11	134000001	1.22892	1.21155	7	0	0
11	134500001	1.27306	1.21155	7	0	0
11	135000001	0.229514	1.21155	7	0	0
12	1	0.816921	0.707164	4	0	0
12	500001	0.70275	0.707164	4	0	0
12	1000001	0.709608	0.707164	4	0	0
12	1500001	0.71309	0.707164	4	0	0
12	2000001	0.732296	0.707164	4	0	0
12	2500001	0.751498	0.707164	4	0	0
12	3000001	0.717421	0.707164	4	0	0
12	3500001	0.68977	0.707164	4	0	0
12	4000001	0.695983	0.707164	4	0	0
12	4500001	0.693585	0.707164	4	0	0
12	5000001	0.70092	0.707164	4	0	0
12	5500001	0.724576	0.707164	4	0	0
12	6000001	0.731308	0.707164	4	0	0
12	6500001	0.743922	0.707164	4	0	0
12	7000001	0.679143	0.707164	4	0	0
12	7500001	0.680367	0.707164	4	0	0
12	8000001	0.6576	0.707164	4	0	0
12	8500001	0.629024	0.707164	4	0	0
12	9000001	0.715164	0.707164	4	0	0
12	9500001	0.743286	0.707164	4	0	0
12	10000001	0.696426	0.707164	4	0	0
12	10500001	0.744856	0.707164	4	0	0
12	11000001	0.749988	0.707164	4	0	0
12	11500001	0.750992	0.707164	4	0	0
12	12000001	0.69803	0.707164	4	0	0
12	12500001	0.727579	0.707164	4	0	0
12	13000001	0.782879	0.707164	4	0	0
12	13500001	0.722173	0.707164	4	0	0
12	14000001	0.687495	0.707164	4	0	0
12	14500001	0.687168	0.707164	4	0	0
12	15000001	0.755661	0.707164	4	0	0
12	15500001	0.728692	0.707164	4	0	0
12	16000001	0.711995	0.707164	4	0	0
12	16500001	0.724879	0.707164	4	0	0
12	17000001	0.649331	0.707164	4	0	0
12	17500001	0.721786	0.707164	4	0	0
12	18000001	0.745035	0.707164	4	0	0
12	18500001	0.726991	0.707164	4	0	0
12	19000001	0.661911	0.707164	4	0	0
12	19500001	0.671781	0.707164	4	0	0
12	20000001	0.719423	0.707164	4	0	0
12	20500001	0.7028	0.707164	4	0	0
12	21000001	0.750038	0.707164	4	0	0
12	21500001	0.655151	0.707164	4	0	0
12	22000001	0.683428	0.707164	4	0	0
12	22500001	0.728767	0.707164	4	0	0
12	23000001	0.684502	0.707164	4	0	0
12	23500001	0.683483	0.707164	4	0	0
12	24000001	0.658758	0.707164	4	0	0
12	24500001	0.684669	0.707164	4	0	0
12	25000001	0.667257	0.707164	4	0	0
12	25500001	0.711522	0.707164	4	0	0
12	26000001	0.701161	0.707164	4	0	0
12	26500001	0.707485	0.707164	4	0	0
12	27000001	0.707216	0.707164	4	0	0
12	27500001	0.707164	0.707164	4	0	0
12	28000001	0.75021	0.707164	4	0	0
12	28500001	0.7222	0.707164	4	0	0
12	29000001	0.656524	0.707164	4	0	0
12	29500001	0.676703	0.707164	4	0	0
12	30000001	0.680155	0.707164	4	0	0
12	30500001	0.679354	0.707164	4	0	0
12	31000001	0.688325	0.707164	4	0	0
12	31500001	0.700302	0.707164	4	0	0
12	32000001	0.680398	0.707164	4	0	0
12	32500001	0.727745	0.707164	4	0	0
12	33000001	0.71109	0.707164	4	0	0
12	33500001	0.718851	0.707164	4	0	0
12	34000001	0.6817	0.707164	4	0	0
12	34500001	0.667633	0.707164	4	0	0
12	35000001	0.699332	0.707164	4	0	0
12	35500001	0.545717	0.415176	2	0	0
12	36000001	0.415176	0.415176	2	0	0
12	36500001	0.374403	0.415176	2	0	0
12	37000001	0.615829	0.710428	4	0	0
12	37500001	0.726745	0.710428	4	0	0
12	38000001	0.702673	0.710428	4	0	0
12	38500001	0.691357	0.710428	4	0	0
12	39000001	0.713798	0.710428	4	0	0
12	39500001	0.734358	0.710428	4	0	0
12	40000001	0.682457	0.710428	4	0	0
12	40500001	0.678191	0.710428	4	0	0
12	41000001	0.706971	0.710428	4	0	0
12	41500001	0.681006	0.710428	4	0	0
12	42000001	0.694851	0.710428	4	0	0
12	42500001	0.683232	0.710428	4	0	0
12	43000001	0.755811	0.710428	4	0	0
12	43500001	0.6975	0.710428	4	0	0
12	44000001	0.711567	0.710428	4	0	0
12	44500001	0.733623	0.710428	4	0	0
12	45000001	0.682238	0.710428	4	0	0
12	45500001	0.701543	0.710428	4	0	0
12	46000001	0.777948	0.710428	4	0	0
12	46500001	0.804607	0.710428	4	0	0
12	47000001	0.768004	0.710428	4	0	0
12	47500001	0.740794	0.710428	4	0	0
12	48000001	0.732184	0.710428	4	0	0
12	48500001	0.695717	0.710428	4	0	0
12	49000001	0.672986	0.710428	4	0	0
12	49500001	0.739542	0.710428	4	0	0
12	50000001	0.690637	0.710428	4	0	0
12	50500001	0.719824	0.710428	4	0	0
12	51000001	0.710696	0.710428	4	0	0
12	51500001	0.713127	0.710428	4	0	0
12	52000001	0.79004	0.710428	4	0	0
12	52500001	0.777596	0.710428	4	0	0
12	53000001	0.712696	0.710428	4	0	0
12	53500001	0.741011	0.710428	4	0	0
12	54000001	0.73581	0.710428	4	0	0
12	54500001	0.764554	0.710428	4	0	0
12	55000001	0.69137	0.710428	4	0	0
12	55500001	0.739986	0.710428	4	0	0
12	56000001	0.69994	0.710428	4	0	0
12	56500001	0.739216	0.710428	4	0	0
12	57000001	0.736108	0.710428	4	0	0
12	57500001	0.746001	0.710428	4	0	0
12	58000001	0.746696	0.710428	4	0	0
12	58500001	0.710428	0.710428	4	0	0
12	59000001	0.706617	0.710428	4	0	0
12	59500001	0.68196	0.710428	4	0	0
12	60000001	0.683768	0.710428	4	0	0
12	60500001	0.683885	0.710428	4	0	0
12	61000001	0.670485	0.710428	4	0	0
12	61500001	0.701824	0.710428	4	0	0
12	62000001	0.70654	0.710428	4	0	0
12	62500001	0.736218	0.710428	4	0	0
12	63000001	0.693272	0.710428	4	0	0
12	63500001	0.708179	0.710428	4	0	0
12	64000001	0.702925	0.710428	4	0	0
12	64500001	0.702997	0.710428	4	0	0
12	65000001	0.76267	0.710428	4	0	0
12	65500001	0.721205	0.710428	4	0	0
12	66000001	0.686244	0.710428	4	0	0
12	66500001	0.716239	0.710428	4	0	0
12	67000001	0.705239	0.710428	4	0	0
12	67500001	0.734672	0.710428	4	0	0
12	68000001	0.702492	0.710428	4	0	0
12	68500001	0.713621	0.710428	4	0	0
12	69000001	0.701576	0.710428	4	0	0
12	69500001	0.715922	0.710428	4	0	0
12	70000001	0.66565	0.710428	4	0	0
12	70500001	0.699879	0.710428	4	0	0
12	71000001	0.720342	0.710428	4	0	0
12	71500001	0.701699	0.710428	4	0	0
12	72000001	0.70122	0.710428	4	0	0
12	72500001	0.726352	0.710428	4	0	0
12	73000001	0.7084	0.710428	4	0	0
12	73500001	0.670381	0.710428	4	0	0
12	74000001	0.715033	0.710428	4	0	0
12	74500001	0.76482	0.710428	4	0	0
12	75000001	0.736488	0.710428	4	0	0
12	75500001	1.13126	1.0537	6	0	0
12	76000001	1.07952	1.0537	6	0	0
12	76500001	1.08417	1.0537	6	0	0
12	77000001	1.0805	1.0537	6	0	0
12	77500001	1.12978	1.0537	6	0	0
12	78000001	1.08997	1.0537	6	0	0
12	78500001	1.08469	1.0537	6	0	0
12	79000001	1.04621	1.0537	6	0	0
12	79500001	1.0751	1.0537	6	0	0
12	80000001	1.05839	1.0537	6	0	0
12	80500001	1.05962	1.0537	6	0	0
12	81000001	1.08389	1.0537	6	0	0
12	81500001	1.03607	1.0537	6	0	0
12	82000001	1.00796	1.0537	6	0	0
12	82500001	1.00043	1.0537	6	0	0
12	83000001	1.02662	1.0537	6	0	0
12	83500001	1.05623	1.0537	6	0	0
12	84000001	1.00322	1.0537	6	0	0
12	84500001	1.0537	1.0537	6	0	0
12	85000001	1.07572	1.0537	6	0	0
12	85500001	1.06692	1.0537	6	0	0
12	86000001	1.08276	1.0537	6	0	0
12	86500001	1.03956	1.0537	6	0	0
12	87000001	1.017	1.0537	6	0	0
12	87500001	1.0909	1.0537	6	0	0
12	88000001	1.08664	1.0537	6	0	0
12	88500001	1.05808	1.0537	6	0	0
12	89000001	1.06228	1.0537	6	0	0
12	89500001	1.04911	1.0537	6	0	0
12	90000001	1.06117	1.0537	6	0	0
12	90500001	1.10899	1.0537	6	0	0
12	91000001	1.08328	1.0537	6	0	0
12	91500001	1.04675	1.0537	6	0	0
12	92000001	1.04611	1.0537	6	0	0
12	92500001	1.05489	1.0537	6	0	0
12	93000001	1.04116	1.0537	6	0	0
12	93500001	1.05905	1.0537	6	0	0
12	94000001	1.10184	1.0537	6	0	0
12	94500001	1.02432	1.0537	6	0	0
12	95000001	0.986937	1.0537	6	0	0
12	95500001	1.01648	1.0537	6	0	0
12	96000001	1.06172	1.0537	6	0	0
12	96500001	1.08858	1.0537	6	0	0
12	97000001	1.03638	1.0537	6	0	0
12	97500001	1.01127	1.0537	6	0	0
12	98000001	1.03284	1.0537	6	0	0
12	98500001	1.02489	1.0537	6	0	0
12	99000001	1.02938	1.0537	6	0	0
12	99500001	1.0361	1.0537	6	0	0
12	100000001	0.97394	1.0537	6	0	0
12	100500001	1.01773	1.0537	6	0	0
12	101000001	1.00439	1.0537	6	0	0
12	101500001	1.0106	1.0537	6	0	0
12	102000001	1.10216	1.0537	6	0	0
12	102500001	1.05378	1.0537	6	0	0
12	103000001	1.01043	1.0537	6	0	0
12	103500001	1.0519	1.0537	6	0	0
12	104000001	1.06445	1.0537	6	0	0
12	104500001	1.04858	1.0537	6	0	0
12	105000001	1.09026	1.0537	6	0	0
12	105500001	1.07808	1.0537	6	0	0
12	106000001	1.01286	1.0537	6	0	0
12	106500001	1.0539	1.0537	6	0	0
12	107000001	1.04769	1.0537	6	0	0
12	107500001	1.00694	1.0537	6	0	0
12	108000001	1.09582	1.0537	6	0	0
12	108500001	1.05275	1.0537	6	0	0
12	109000001	1.02931	1.0537	6	0	0
12	109500001	1.06148	1.0537	6	0	0
12	110000001	1.04969	1.0537	6	0	0
12	110500001	1.0295	1.0537	6	0	0
12	111000001	1.07833	1.0537	6	0	0
12	111500001	1.00947	1.0537	6	0	0
12	112000001	0.987519	1.00403	6	0	0
12	112500001	1.0815	1.00403	6	0	0
12	113000001	1.07767	1.00403	6	0	0
12	113500001	1.07702	1.00403	6	0	0
12	114000001	1.00021	1.00403	6	0	0
12	114500001	0.927333	1.00403	6	0	0
12	115000001	0.996751	1.00403	6	0	0
12	115500001	0.977083	1.00403	6	0	0
12	116000001	1.00303	1.00403	6	0	0
12	116500001	1.0208	1.00403	6	0	0
12	117000001	0.970601	1.00403	6	0	0
12	117500001	0.948782	1.00403	6	0	0
12	118000001	0.954308	1.00403	6	0	0
12	118500001	1.00578	1.00403	6	0	0
12	119000001	1.00403	1.00403	6	0	0
12	119500001	1.04291	1.00403	6	0	0
12	120000001	1.02872	1.00403	6	0	0
12	120500001	0.983118	1.00403	6	0	0
12	121000001	1.02555	1.00403	6	0	0
12	121500001	0.969502	1.00403	6	0	0
12	122000001	0.982372	1.00403	6	0	0
12	122500001	1.05777	1.00403	6	0	0
12	123000001	1.07443	1.00403	6	0	0
12	123500001	1.03182	1.00403	6	0	0
12	124000001	1.04873	1.00403	6	0	0
12	124500001	0.745372	0.669765	4	0	0
12	125000001	0.720951	0.669765	4	0	0
12	125500001	0.660599	0.669765	4	0	0
12	126000001	0.657643	0.669765	4	0	0
12	126500001	0.65292	0.669765	4	0	0
12	127000001	0.620873	0.669765	4	0	0
12	127500001	0.649877	0.669765	4	0	0
12	128000001	0.684098	0.669765	4	0	0
12	128500001	0.65576	0.669765	4	0	0
12	129000001	0.704821	0.669765	4	0	0
12	129500001	0.684626	0.669765	4	0	0
12	130000001	0.683455	0.669765	4	0	0
12	130500001	0.62164	0.669765	4	0	0
12	131000001	0.690337	0.669765	4	0	0
12	131500001	0.748891	0.669765	4	0	0
12	132000001	0.663075	0.669765	4	0	0
12	132500001	0.676455	0.669765	4	0	0
12	133000001	0.369814	0.669765	4	0	0
13	1	-1	-1	-1	0	0
13	500001	-1	-1	-1	0	0
13	1000001	-1	-1	-1	0	0
13	1500001	-1	-1	-1	0	0
13	2000001	-1	-1	-1	0	0
13	2500001	-1	-1	-1	0	0
13	3000001	-1	-1	-1	0	0
13	3500001	-1	-1	-1	0	0
13	4000001	-1	-1	-1	0	0
13	4500001	-1	-1	-1	0	0
13	5000001	-1	-1	-1	0	0
13	5500001	-1	-1	-1	0	0
13	6000001	-1	-1	-1	0	0
13	6500001	-1	-1	-1	0	0
13	7000001	-1	-1	-1	0	0
13	7500001	-1	-1	-1	0	0
13	8000001	-1	-1	-1	0	0
13	8500001	-1	-1	-1	0	0
13	9000001	-1	-1	-1	0	0
13	9500001	-1	-1	-1	0	0
13	10000001	-1	-1	-1	0	0
13	10500001	-1	-1	-1	0	0
13	11000001	-1	-1	-1	0	0
13	11500001	-1	-1	-1	0	0
13	12000001	-1	-1	-1	0	0
13	12500001	-1	-1	-1	0	0
13	13000001	-1	-1	-1	0	0
13	13500001	-1	-1	-1	0	0
13	14000001	-1	-1	-1	0	0
13	14500001	-1	-1	-1	0	0
13	15000001	-1	-1	-1	0	0
13	15500001	-1	-1	-1	0	0
13	16000001	0.373179	0.373179	2	0	0
13	16500001	0.654616	0.654616	4	0	0
13	17000001	0.790542	0.799773	5	0	0
13	17500001	0.809004	0.799773	5	0	0
13	18000001	-1	-1	-1	0	0
13	18500001	0.655415	0.651837	4	0	0
13	19000001	0.640912	0.651837	4	0	0
13	19500001	0.650502	0.651837	4	0	0
13	20000001	0.668657	0.651837	4	0	0
13	20500001	0.651837	0.651837	4	0	0
13	21000001	0.670879	0.651837	4	0	0
13	21500001	0.659815	0.651837	4	0	0
13	22000001	0.589846	0.651837	4	0	0
13	22500001	0.625501	0.651837	4	0	0
13	23000001	0.648605	0.651837	4	0	0
13	23500001	0.657231	0.651837	4	0	0
13	24000001	0.686123	0.674909	4	0	0
13	24500001	0.674464	0.674909	4	0	0
13	25000001	0.660155	0.674909	4	0	0
13	25500001	0.657663	0.674909	4	0	0
13	26000001	0.652585	0.674909	4	0	0
13	26500001	0.685922	0.674909	4	0	0
13	27000001	0.677944	0.674909	4	0	0
13	27500001	0.672748	0.674909	4	0	0
13	28000001	0.648305	0.674909	4	0	0
13	28500001	0.66651	0.674909	4	0	0
13	29000001	0.675981	0.674909	4	0	0
13	29500001	0.65862	0.674909	4	0	0
13	30000001	0.689644	0.674909	4	0	0
13	30500001	0.704772	0.674909	4	0	0
13	31000001	0.707586	0.674909	4	0	0
13	31500001	0.683772	0.674909	4	0	0
13	32000001	0.671686	0.674909	4	0	0
13	32500001	0.694617	0.674909	4	0	0
13	33000001	0.677115	0.674909	4	0	0
13	33500001	0.676773	0.674909	4	0	0
13	34000001	0.667326	0.674909	4	0	0
13	34500001	0.635498	0.674909	4	0	0
13	35000001	0.686996	0.674909	4	0	0
13	35500001	0.629742	0.674909	4	0	0
13	36000001	0.655543	0.674909	4	0	0
13	36500001	0.666469	0.674909	4	0	0
13	37000001	0.664553	0.674909	4	0	0
13	37500001	0.67662	0.674909	4	0	0
13	38000001	0.675525	0.674909	4	0	0
13	38500001	0.655115	0.674909	4	0	0
13	39000001	0.644402	0.674909	4	0	0
13	39500001	0.678087	0.674909	4	0	0
13	40000001	0.688769	0.674909	4	0	0
13	40500001	0.641387	0.674909	4	0	0
13	41000001	0.684948	0.674909	4	0	0
13	41500001	0.708777	0.674909	4	0	0
13	42000001	0.711107	0.674909	4	0	0
13	42500001	0.680303	0.674909	4	0	0
13	43000001	0.723982	0.674909	4	0	0
13	43500001	0.712101	0.674909	4	0	0
13	44000001	0.697159	0.674909	4	0	0
13	44500001	0.661777	0.674909	4	0	0
13	45000001	0.668136	0.674909	4	0	0
13	45500001	0.71882	0.674909	4	0	0
13	46000001	0.642714	0.674909	4	0	0
13	46500001	0.679608	0.674909	4	0	0
13	47000001	0.671631	0.674909	4	0	0
13	47500001	0.672934	0.674909	4	0	0
13	48000001	0.650052	0.674909	4	0	0
13	48500001	0.68265	0.674909	4	0	0
13	49000001	0.678785	0.674909	4	0	0
13	49500001	0.617166	0.674909	4	0	0
13	50000001	0.707551	0.674909	4	0	0
13	50500001	0.704395	0.674909	4	0	0
13	51000001	0.698053	0.674909	4	0	0
13	51500001	0.705532	0.674909	4	0	0
13	52000001	0.670893	0.674909	4	0	0
13	52500001	0.676558	0.674909	4	0	0
13	53000001	0.638617	0.674909	4	0	0
13	53500001	0.705529	0.674909	4	0	0
13	54000001	0.669093	0.674909	4	0	0
13	54500001	0.672952	0.674909	4	0	0
13	55000001	0.661682	0.674909	4	0	0
13	55500001	0.619482	0.674909	4	0	0
13	56000001	0.651609	0.674909	4	0	0
13	56500001	0.659233	0.674909	4	0	0
13	57000001	0.745811	0.674909	4	0	0
13	57500001	0.663929	0.674909	4	0	0
13	58000001	0.661123	0.674909	4	0	0
13	58500001	0.637759	0.674909	4	0	0
13	59000001	0.671618	0.674909	4	0	0
13	59500001	0.69296	0.674909	4	0	0
13	60000001	0.707278	0.674909	4	0	0
13	60500001	0.638434	0.674909	4	0	0
13	61000001	0.682062	0.674909	4	0	0
13	61500001	0.640503	0.674909	4	0	0
13	62000001	0.668094	0.674909	4	0	0
13	62500001	0.690123	0.674909	4	0	0
13	63000001	0.706272	0.674909	4	0	0
13	63500001	0.715071	0.674909	4	0	0
13	64000001	0.665334	0.674909	4	0	0
13	64500001	0.678143	0.674909	4	0	0
13	65000001	0.692619	0.674909	4	0	0
13	65500001	0.647563	0.674909	4	0	0
13	66000001	0.618753	0.674909	4	0	0
13	66500001	0.661919	0.674909	4	0	0
13	67000001	0.597449	0.674909	4	0	0
13	67500001	0.678291	0.674909	4	0	0
13	68000001	0.657131	0.674909	4	0	0
13	68500001	0.64254	0.674909	4	0	0
13	69000001	0.683099	0.674909	4	0	0
13	69500001	0.677228	0.674909	4	0	0
13	70000001	0.661698	0.674909	4	0	0
13	70500001	0.696214	0.674909	4	0	0
13	71000001	0.675945	0.674909	4	0	0
13	71500001	0.685071	0.674909	4	0	0
13	72000001	0.66689	0.674909	4	0	0
13	72500001	0.655373	0.674909	4	0	0
13	73000001	0.663445	0.674909	4	0	0
13	73500001	0.669639	0.674909	4	0	0
13	74000001	0.704114	0.674909	4	0	0
13	74500001	0.686005	0.674909	4	0	0
13	75000001	0.720258	0.674909	4	0	0
13	75500001	0.722863	0.674909	4	0	0
13	76000001	0.704943	0.674909	4	0	0
13	76500001	0.700973	0.674909	4	0	0
13	77000001	0.683095	0.674909	4	0	0
13	77500001	0.681435	0.674909	4	0	0
13	78000001	0.690985	0.674909	4	0	0
13	78500001	0.660367	0.674909	4	0	0
13	79000001	0.703122	0.674909	4	0	0
13	79500001	0.708715	0.674909	4	0	0
13	80000001	0.688402	0.674909	4	0	0
13	80500001	0.687256	0.674909	4	0	0
13	81000001	0.709628	0.674909	4	0	0
13	81500001	0.67562	0.674909	4	0	0
13	82000001	0.622093	0.674909	4	0	0
13	82500001	0.659924	0.674909	4	0	0
13	83000001	0.649329	0.674909	4	0	0
13	83500001	0.706259	0.674909	4	0	0
13	84000001	0.611685	0.674909	4	0	0
13	84500001	0.682309	0.674909	4	0	0
13	85000001	0.659225	0.674909	4	0	0
13	85500001	0.677428	0.674909	4	0	0
13	86000001	0.632227	0.674909	4	0	0
13	86500001	0.67504	0.674909	4	0	0
13	87000001	0.619697	0.674909	4	0	0
13	87500001	0.618109	0.674909	4	0	0
13	88000001	0.630147	0.674909	4	0	0
13	88500001	0.701502	0.674909	4	0	0
13	89000001	0.644097	0.674909	4	0	0
13	89500001	0.645109	0.674909	4	0	0
13	90000001	0.661662	0.674909	4	0	0
13	90500001	0.675067	0.674909	4	0	0
13	91000001	0.631522	0.674909	4	0	0
13	91500001	0.709987	0.674909	4	0	0
13	92000001	0.6405	0.674909	4	0	0
13	92500001	0.721155	0.674909	4	0	0
13	93000001	0.644867	0.674909	4	0	0
13	93500001	0.672821	0.674909	4	0	0
13	94000001	0.665743	0.674909	4	0	0
13	94500001	0.645289	0.674909	4	0	0
13	95000001	0.648819	0.674909	4	0	0
13	95500001	0.660018	0.674909	4	0	0
13	96000001	0.673442	0.674909	4	0	0
13	96500001	0.647065	0.674909	4	0	0
13	97000001	0.665012	0.674909	4	0	0
13	97500001	0.68278	0.674909	4	0	0
13	98000001	0.6504	0.674909	4	0	0
13	98500001	0.707314	0.674909	4	0	0
13	99000001	0.680506	0.674909	4	0	0
13	99500001	0.653396	0.674909	4	0	0
13	100000001	0.669748	0.674909	4	0	0
13	100500001	0.691019	0.674909	4	0	0
13	101000001	0.688593	0.674909	4	0	0
13	101500001	0.706327	0.674909	4	0	0
13	102000001	0.63096	0.674909	4	0	0
13	102500001	0.708136	0.674909	4	0	0
13	103000001	0.655076	0.674909	4	0	0
13	103500001	0.677308	0.674909	4	0	0
13	104000001	0.644465	0.674909	4	0	0
13	104500001	0.664083	0.674909	4	0	0
13	105000001	0.714426	0.674909	4	0	0
13	105500001	0.636858	0.674909	4	0	0
13	106000001	0.683922	0.674909	4	0	0
13	106500001	0.674778	0.674909	4	0	0
13	107000001	0.663443	0.674909	4	0	0
13	107500001	0.647276	0.674909	4	0	0
13	108000001	0.670626	0.674909	4	0	0
13	108500001	0.724597	0.674909	4	0	0
13	109000001	0.720492	0.674909	4	0	0
13	109500001	0.677345	0.674909	4	0	0
13	110000001	0.677304	0.674909	4	0	0
13	110500001	0.680126	0.674909	4	0	0
13	111000001	0.6861	0.674909	4	0	0
13	111500001	-1	0.674909	4	0	0
13	112000001	0.651118	0.674909	4	0	0
13	112500001	0.681244	0.674909	4	0	0
13	113000001	0.679168	0.674909	4	0	0
13	113500001	0.740834	0.674909	4	0	0
13	114000001	0.50388	0.674909	4	0	0
14	1	-1	-1	-1	0	0
14	500001	-1	-1	-1	0	0
14	1000001	-1	-1	-1	0	0
14	1500001	-1	-1	-1	0	0
14	2000001	-1	-1	-1	0	0
14	2500001	-1	-1	-1	0	0
14	3000001	-1	-1	-1	0	0
14	3500001	-1	-1	-1	0	0
14	4000001	-1	-1	-1	0	0
14	4500001	-1	-1	-1	0	0
14	5000001	-1	-1	-1	0	0
14	5500001	-1	-1	-1	0	0
14	6000001	-1	-1	-1	0	0
14	6500001	-1	-1	-1	0	0
14	7000001	-1	-1	-1	0	0
14	7500001	-1	-1	-1	0	0
14	8000001	-1	-1	-1	0	0
14	8500001	-1	-1	-1	0	0
14	9000001	-1	-1	-1	0	0
14	9500001	-1	-1	-1	0	0
14	10000001	-1	-1	-1	0	0
14	10500001	-1	-1	-1	0	0
14	11000001	-1	-1	-1	0	0
14	11500001	-1	-1	-1	0	0
14	12000001	-1	-1	-1	0	0
14	12500001	-1	-1	-1	0	0
14	13000001	-1	-1	-1	0	0
14	13500001	-1	-1	-1	0	0
14	14000001	-1	-1	-1	0	0
14	14500001	-1	-1	-1	0	0
14	15000001	-1	-1	-1	0	0
14	15500001	-1	-1	-1	0	0
14	16000001	0.387777	0.453856	3	0	0
14	16500001	0.519935	0.453856	3	0	0
14	17000001	0.658276	0.708649	4	0	0
14	17500001	0.708649	0.708649	4	0	0
14	18000001	0.843388	0.708649	4	0	0
14	18500001	-1	-1	-1	0	0
14	19000001	1.25243	1.25243	8	0	0
14	19500001	-1	-1	-1	0	0
14	20000001	0.628011	0.648506	4	0	0
14	20500001	0.648168	0.648506	4	0	0
14	21000001	0.664662	0.648506	4	0	0
14	21500001	0.632872	0.648506	4	0	0
14	22000001	0.714504	0.648506	4	0	0
14	22500001	0.666078	0.648506	4	0	0
14	23000001	0.693227	0.648506	4	0	0
14	23500001	0.670671	0.648506	4	0	0
14	24000001	0.683619	0.648506	4	0	0
14	24500001	0.648713	0.648506	4	0	0
14	25000001	0.632477	0.648506	4	0	0
14	25500001	0.653593	0.648506	4	0	0
14	26000001	0.638913	0.648506	4	0	0
14	26500001	0.646622	0.648506	4	0	0
14	27000001	0.637834	0.648506	4	0	0
14	27500001	0.681735	0.648506	4	0	0
14	28000001	0.611339	0.648506	4	0	0
14	28500001	0.650365	0.648506	4	0	0
14	29000001	0.636936	0.648506	4	0	0
14	29500001	0.608479	0.648506	4	0	0
14	30000001	0.648299	0.648506	4	0	0
14	30500001	0.63347	0.648506	4	0	0
14	31000001	0.651735	0.648506	4	0	0
14	31500001	0.665941	0.648506	4	0	0
14	32000001	0.694886	0.648506	4	0	0
14	32500001	0.673371	0.648506	4	0	0
14	33000001	0.595371	0.648506	4	0	0
14	33500001	0.612883	0.648506	4	0	0
14	34000001	0.638668	0.648506	4	0	0
14	34500001	0.638516	0.648506	4	0	0
14	35000001	0.66445	0.648506	4	0	0
14	35500001	0.685799	0.648506	4	0	0
14	36000001	0.63519	0.648506	4	0	0
14	36500001	0.649449	0.648506	4	0	0
14	37000001	0.609357	0.648506	4	0	0
14	37500001	0.641456	0.648506	4	0	0
14	38000001	0.64445	0.648506	4	0	0
14	38500001	0.679335	0.648506	4	0	0
14	39000001	0.676482	0.648506	4	0	0
14	39500001	0.694628	0.648506	4	0	0
14	40000001	0.637457	0.648506	4	0	0
14	40500001	0.62798	0.648506	4	0	0
14	41000001	0.668206	0.648506	4	0	0
14	41500001	0.66189	0.648506	4	0	0
14	42000001	0.675435	0.648506	4	0	0
14	42500001	0.636338	0.648506	4	0	0
14	43000001	0.642675	0.648506	4	0	0
14	43500001	0.650181	0.648506	4	0	0
14	44000001	0.687953	0.648506	4	0	0
14	44500001	0.642914	0.648506	4	0	0
14	45000001	0.653782	0.648506	4	0	0
14	45500001	0.629042	0.648506	4	0	0
14	46000001	0.631972	0.648506	4	0	0
14	46500001	0.779385	0.648506	4	0	0
14	47000001	0.978106	1.00113	6	0	0
14	47500001	0.932709	1.00113	6	0	0
14	48000001	0.973112	1.00113	6	0	0
14	48500001	0.973321	1.00113	6	0	0
14	49000001	0.988985	1.00113	6	0	0
14	49500001	0.951661	1.00113	6	0	0
14	50000001	0.997139	1.00113	6	0	0
14	50500001	1.00779	1.00113	6	0	0
14	51000001	1.04351	1.00113	6	0	0
14	51500001	1.01958	1.00113	6	0	0
14	52000001	1.05428	1.00113	6	0	0
14	52500001	0.980382	1.00113	6	0	0
14	53000001	1.04461	1.00113	6	0	0
14	53500001	1.02405	1.00113	6	0	0
14	54000001	1.09017	1.00113	6	0	0
14	54500001	0.974081	1.00113	6	0	0
14	55000001	1.00513	1.00113	6	0	0
14	55500001	1.02134	1.00113	6	0	0
14	56000001	0.989055	1.00113	6	0	0
14	56500001	0.961224	1.00113	6	0	0
14	57000001	1.00864	1.00113	6	0	0
14	57500001	1.00789	1.00113	6	0	0
14	58000001	1.16264	1.16264	7	0	0
14	58500001	1.31806	1.37142	8	0	0
14	59000001	1.42477	1.37142	8	0	0
14	59500001	1.07421	0.998105	6	0	0
14	60000001	1.04263	0.998105	6	0	0
14	60500001	1.03733	0.998105	6	0	0
14	61000001	1.06319	0.998105	6	0	0
14	61500001	1.08286	0.998105	6	0	0
14	62000001	1.03213	0.998105	6	0	0
14	62500001	0.999746	0.998105	6	0	0
14	63000001	1.01643	0.998105	6	0	0
14	63500001	0.927596	0.998105	6	0	0
14	64000001	0.986109	0.998105	6	0	0
14	64500001	1.01471	0.998105	6	0	0
14	65000001	0.955947	0.998105	6	0	0
14	65500001	0.993828	0.998105	6	0	0
14	66000001	1.04334	0.998105	6	0	0
14	66500001	0.996448	0.998105	6	0	0
14	67000001	1.00681	0.998105	6	0	0
14	67500001	1.01163	0.998105	6	0	0
14	68000001	1.07766	0.998105	6	0	0
14	68500001	1.09248	0.998105	6	0	0
14	69000001	1.0461	0.998105	6	0	0
14	69500001	0.961508	0.998105	6	0	0
14	70000001	0.974901	0.998105	6	0	0
14	70500001	1.01392	0.998105	6	0	0
14	71000001	0.992031	0.998105	6	0	0
14	71500001	0.942925	0.998105	6	0	0
14	72000001	1.00042	0.998105	6	0	0
14	72500001	1.05106	0.998105	6	0	0
14	73000001	0.940123	0.998105	6	0	0
14	73500001	1.02833	0.998105	6	0	0
14	74000001	1.00899	0.998105	6	0	0
14	74500001	1.01507	0.998105	6	0	0
14	75000001	0.984666	0.998105	6	0	0
14	75500001	1.02712	0.998105	6	0	0
14	76000001	0.999793	0.998105	6	0	0
14	76500001	0.980308	0.998105	6	0	0
14	77000001	1.03215	0.998105	6	0	0
14	77500001	0.98655	0.998105	6	0	0
14	78000001	0.98046	0.998105	6	0	0
14	78500001	0.96636	0.998105	6	0	0
14	79000001	0.958272	0.998105	6	0	0
14	79500001	0.977662	0.998105	6	0	0
14	80000001	1.05045	0.998105	6	0	0
14	80500001	1.0452	0.998105	6	0	0
14	81000001	0.991513	0.998105	6	0	0
14	81500001	1.00229	0.998105	6	0	0
14	82000001	0.947537	0.998105	6	0	0
14	82500001	0.951242	0.998105	6	0	0
14	83000001	1.00195	0.998105	6	0	0
14	83500001	0.964915	0.998105	6	0	0
14	84000001	0.988929	0.998105	6	0	0
14	84500001	0.962981	0.998105	6	0	0
14	85000001	1.03025	0.998105	6	0	0
14	85500001	0.976473	0.998105	6	0	0
14	86000001	0.946715	0.998105	6	0	0
14	86500001	0.956441	0.998105	6	0	0
14	87000001	0.908096	0.998105	6	0	0
14	87500001	0.957286	0.998105	6	0	0
14	88000001	0.986048	0.998105	6	0	0
14	88500001	1.00541	0.998105	6	0	0
14	89000001	0.982178	0.998105	6	0	0
14	89500001	0.983408	0.998105	6	0	0
14	90000001	0.991457	0.998105	6	0	0
14	90500001	0.989761	0.998105	6	0	0
14	91000001	0.961294	0.998105	6	0	0
14	91500001	0.960227	0.998105	6	0	0
14	92000001	0.981025	0.998105	6	0	0
14	92500001	1.03976	0.998105	6	0	0
14	93000001	1.01786	0.998105	6	0	0
14	93500001	1.05381	0.998105	6	0	0
14	94000001	1.03458	0.998105	6	0	0
14	94500001	0.993668	0.998105	6	0	0
14	95000001	1.02595	0.998105	6	0	0
14	95500001	1.00701	0.998105	6	0	0
14	96000001	0.966982	0.998105	6	0	0
14	96500001	0.946392	0.998105	6	0	0
14	97000001	0.97626	0.998105	6	0	0
14	97500001	0.986026	0.998105	6	0	0
14	98000001	0.902911	0.998105	6	0	0
14	98500001	0.926809	0.998105	6	0	0
14	99000001	0.944534	0.998105	6	0	0
14	99500001	1.02521	0.998105	6	0	0
14	100000001	0.996078	0.998105	6	0	0
14	100500001	1.01486	0.998105	6	0	0
14	101000001	1.02534	0.998105	6	0	0
14	101500001	0.998009	0.998105	6	0	0
14	102000001	0.97923	0.998105	6	0	0
14	102500001	1.00073	0.998105	6	0	0
14	103000001	1.00396	0.998105	6	0	0
14	103500001	0.998201	0.998105	6	0	0
14	104000001	1.00774	0.998105	6	0	0
14	104500001	1.00372	0.998105	6	0	0
14	105000001	1.02887	0.998105	6	0	0
14	105500001	1.03009	0.998105	6	0	0
14	106000001	1.062	0.998105	6	0	0
14	106500001	-1	-1	-1	0	0
14	107000001	-1	-1	-1	0	0
15	1	-1	-1	-1	0	0
15	500001	-1	-1	-1	0	0
15	1000001	-1	-1	-1	0	0
15	1500001	-1	-1	-1	0	0
15	2000001	-1	-1	-1	0	0
15	2500001	-1	-1	-1	0	0
15	3000001	-1	-1	-1	0	0
15	3500001	-1	-1	-1	0	0
15	4000001	-1	-1	-1	0	0
15	4500001	-1	-1	-1	0	0
15	5000001	-1	-1	-1	0	0
15	5500001	-1	-1	-1	0	0
15	6000001	-1	-1	-1	0	0
15	6500001	-1	-1	-1	0	0
15	7000001	-1	-1	-1	0	0
15	7500001	-1	-1	-1	0	0
15	8000001	-1	-1	-1	0	0
15	8500001	-1	-1	-1	0	0
15	9000001	-1	-1	-1	0	0
15	9500001	-1	-1	-1	0	0
15	10000001	-1	-1	-1	0	0
15	10500001	-1	-1	-1	0	0
15	11000001	-1	-1	-1	0	0
15	11500001	-1	-1	-1	0	0
15	12000001	-1	-1	-1	0	0
15	12500001	-1	-1	-1	0	0
15	13000001	-1	-1	-1	0	0
15	13500001	-1	-1	-1	0	0
15	14000001	-1	-1	-1	0	0
15	14500001	-1	-1	-1	0	0
15	15000001	-1	-1	-1	0	0
15	15500001	-1	-1	-1	0	0
15	16000001	-1	-1	-1	0	0
15	16500001	-1	-1	-1	0	0
15	17000001	0.552812	0.621355	4	0	0
15	17500001	0.621355	0.621355	4	0	0
15	18000001	0.776715	0.621355	4	0	0
15	18500001	1.13305	1.05639	6	0	0
15	19000001	1.05639	1.05639	6	0	0
15	19500001	0.916875	1.05639	6	0	0
15	20000001	1.37964	1.37964	8	0	0
15	20500001	0.963228	0.886346	5	0	0
15	21000001	0.809464	0.886346	5	0	0
15	21500001	0.306739	0.306739	2	0	0
15	22000001	0.536833	0.666006	4	0	0
15	22500001	0.686184	0.666006	4	0	0
15	23000001	0.706982	0.666006	4	0	0
15	23500001	0.632267	0.666006	4	0	0
15	24000001	0.800088	0.666006	4	0	0
15	24500001	0.663976	0.666006	4	0	0
15	25000001	0.651765	0.666006	4	0	0
15	25500001	0.644787	0.666006	4	0	0
15	26000001	0.630832	0.666006	4	0	0
15	26500001	0.692236	0.666006	4	0	0
15	27000001	0.629274	0.666006	4	0	0
15	27500001	0.667124	0.666006	4	0	0
15	28000001	0.690136	0.666006	4	0	0
15	28500001	0.645781	0.666006	4	0	0
15	29000001	0.669487	0.666006	4	0	0
15	29500001	0.706184	0.666006	4	0	0
15	30000001	0.650521	0.666006	4	0	0
15	30500001	0.69636	0.666006	4	0	0
15	31000001	0.666006	0.666006	4	0	0
15	31500001	0.678495	0.666006	4	0	0
15	32000001	0.62159	0.666006	4	0	0
15	32500001	0.708718	0.70838	4	0	0
15	33000001	0.735647	0.70838	4	0	0
15	33500001	0.725622	0.70838	4	0	0
15	34000001	0.698257	0.70838	4	0	0
15	34500001	0.719901	0.70838	4	0	0
15	35000001	0.677658	0.70838	4	0	0
15	35500001	0.695746	0.70838	4	0	0
15	36000001	0.698385	0.70838	4	0	0
15	36500001	0.721078	0.70838	4	0	0
15	37000001	0.703154	0.70838	4	0	0
15	37500001	0.751758	0.70838	4	0	0
15	38000001	0.712036	0.70838	4	0	0
15	38500001	0.722126	0.70838	4	0	0
15	39000001	0.740176	0.70838	4	0	0
15	39500001	0.728132	0.70838	4	0	0
15	40000001	0.726429	0.70838	4	0	0
15	40500001	0.711528	0.70838	4	0	0
15	41000001	0.661895	0.70838	4	0	0
15	41500001	0.721929	0.70838	4	0	0
15	42000001	0.70838	0.70838	4	0	0
15	42500001	0.711793	0.70838	4	0	0
15	43000001	0.740107	0.70838	4	0	0
15	43500001	0.72656	0.70838	4	0	0
15	44000001	0.697247	0.70838	4	0	0
15	44500001	0.71444	0.70838	4	0	0
15	45000001	0.72731	0.70838	4	0	0
15	45500001	0.740019	0.70838	4	0	0
15	46000001	0.644655	0.70838	4	0	0
15	46500001	0.694681	0.70838	4	0	0
15	47000001	0.652178	0.70838	4	0	0
15	47500001	0.660579	0.70838	4	0	0
15	48000001	0.699372	0.70838	4	0	0
15	48500001	0.70686	0.70838	4	0	0
15	49000001	0.701231	0.70838	4	0	0
15	49500001	0.716841	0.70838	4	0	0
15	50000001	0.659894	0.70838	4	0	0
15	50500001	0.634447	0.70838	4	0	0
15	51000001	0.731727	0.70838	4	0	0
15	51500001	0.723869	0.70838	4	0	0
15	52000001	0.70643	0.70838	4	0	0
15	52500001	0.674774	0.70838	4	0	0
15	53000001	0.703565	0.70838	4	0	0
15	53500001	0.702782	0.70838	4	0	0
15	54000001	0.680264	0.70838	4	0	0
15	54500001	0.691899	0.70838	4	0	0
15	55000001	0.69499	0.70838	4	0	0
15	55500001	0.716668	0.70838	4	0	0
15	56000001	0.769126	0.70838	4	0	0
15	56500001	0.701244	0.70838	4	0	0
15	57000001	0.719276	0.70838	4	0	0
15	57500001	0.682525	0.70838	4	0	0
15	58000001	0.76677	0.70838	4	0	0
15	58500001	0.699924	0.70838	4	0	0
15	59000001	0.713939	0.70838	4	0	0
15	59500001	0.676222	0.70838	4	0	0
15	60000001	0.696697	0.70838	4	0	0
15	60500001	0.712516	0.70838	4	0	0
15	61000001	0.679359	0.70838	4	0	0
15	61500001	0.715515	0.70838	4	0	0
15	62000001	0.722643	0.70838	4	0	0
15	62500001	0.715675	0.70838	4	0	0
15	63000001	0.726022	0.70838	4	0	0
15	63500001	0.706268	0.70838	4	0	0
15	64000001	0.690907	0.70838	4	0	0
15	64500001	0.656616	0.70838	4	0	0
15	65000001	0.683393	0.70838	4	0	0
15	65500001	0.745308	0.70838	4	0	0
15	66000001	0.716511	0.70838	4	0	0
15	66500001	0.763376	0.70838	4	0	0
15	67000001	0.748572	0.70838	4	0	0
15	67500001	0.719112	0.70838	4	0	0
15	68000001	0.711029	0.70838	4	0	0
15	68500001	0.717548	0.70838	4	0	0
15	69000001	0.69826	0.70838	4	0	0
15	69500001	0.758103	0.70838	4	0	0
15	70000001	0.747874	0.70838	4	0	0
15	70500001	0.765336	0.70838	4	0	0
15	71000001	0.709702	0.70838	4	0	0
15	71500001	0.698458	0.70838	4	0	0
15	72000001	0.721366	0.70838	4	0	0
15	72500001	0.703535	0.70838	4	0	0
15	73000001	0.713378	0.70838	4	0	0
15	73500001	0.726962	0.70838	4	0	0
15	74000001	0.76272	0.70838	4	0	0
15	74500001	0.721441	0.70838	4	0	0
15	75000001	0.739169	0.70838	4	0	0
15	75500001	0.709806	0.70838	4	0	0
15	76000001	0.693672	0.70838	4	0	0
15	76500001	0.70334	0.70838	4	0	0
15	77000001	0.724961	0.70838	4	0	0
15	77500001	0.781717	0.70838	4	0	0
15	78000001	0.726846	0.70838	4	0	0
15	78500001	0.670134	0.70838	4	0	0
15	79000001	0.703254	0.70838	4	0	0
15	79500001	0.733948	0.70838	4	0	0
15	80000001	0.717635	0.70838	4	0	0
15	80500001	0.762966	0.70838	4	0	0
15	81000001	0.696827	0.70838	4	0	0
15	81500001	0.657388	0.70838	4	0	0
15	82000001	0.750781	0.70838	4	0	0
15	82500001	0.713396	0.70838	4	0	0
15	83000001	0.723634	0.70838	4	0	0
15	83500001	0.676968	0.70838	4	0	0
15	84000001	0.652046	0.70838	4	0	0
15	84500001	0.72845	0.70838	4	0	0
15	85000001	0.734506	0.70838	4	0	0
15	85500001	0.690082	0.70838	4	0	0
15	86000001	0.680011	0.70838	4	0	0
15	86500001	0.689292	0.70838	4	0	0
15	87000001	0.699937	0.70838	4	0	0
15	87500001	0.717011	0.70838	4	0	0
15	88000001	0.698	0.70838	4	0	0
15	88500001	0.712048	0.70838	4	0	0
15	89000001	0.695498	0.70838	4	0	0
15	89500001	0.715818	0.70838	4	0	0
15	90000001	0.711209	0.70838	4	0	0
15	90500001	0.701262	0.70838	4	0	0
15	91000001	0.693765	0.70838	4	0	0
15	91500001	0.665951	0.70838	4	0	0
15	92000001	0.621208	0.70838	4	0	0
15	92500001	0.718691	0.70838	4	0	0
15	93000001	0.703324	0.70838	4	0	0
15	93500001	0.680652	0.70838	4	0	0
15	94000001	0.694394	0.70838	4	0	0
15	94500001	0.652177	0.70838	4	0	0
15	95000001	0.664873	0.70838	4	0	0
15	95500001	0.673381	0.70838	4	0	0
15	96000001	0.692929	0.70838	4	0	0
15	96500001	0.680439	0.70838	4	0	0
15	97000001	0.652231	0.70838	4	0	0
15	97500001	0.691885	0.70838	4	0	0
15	98000001	0.691694	0.70838	4	0	0
15	98500001	0.687201	0.70838	4	0	0
15	99000001	0.70649	0.70838	4	0	0
15	99500001	0.713255	0.70838	4	0	0
15	100000001	0.679303	0.70838	4	0	0
15	100500001	0.727589	0.70838	4	0	0
15	101000001	0.691099	0.70838	4	0	0
15	101500001	0.839188	0.70838	4	0	0
16	1	0.581027	0.536234	3	0	0
16	500001	0.514236	0.536234	3	0	0
16	1000001	0.500118	0.536234	3	0	0
16	1500001	0.548741	0.536234	3	0	0
16	2000001	0.5344	0.536234	3	0	0
16	2500001	0.577191	0.536234	3	0	0
16	3000001	0.522264	0.536234	3	0	0
16	3500001	0.536931	0.536234	3	0	0
16	4000001	0.558047	0.536234	3	0	0
16	4500001	0.579206	0.536234	3	0	0
16	5000001	0.547032	0.536234	3	0	0
16	5500001	0.527484	0.536234	3	0	0
16	6000001	0.517353	0.536234	3	0	0
16	6500001	0.473654	0.536234	3	0	0
16	7000001	0.500404	0.536234	3	0	0
16	7500001	0.538038	0.536234	3	0	0
16	8000001	0.517241	0.536234	3	0	0
16	8500001	0.487843	0.536234	3	0	0
16	9000001	0.534338	0.536234	3	0	0
16	9500001	0.557251	0.536234	3	0	0
16	10000001	0.49703	0.536234	3	0	0
16	10500001	0.546465	0.536234	3	0	0
16	11000001	0.570535	0.536234	3	0	0
16	11500001	0.527017	0.536234	3	0	0
16	12000001	0.536467	0.536234	3	0	0
16	12500001	0.520864	0.536234	3	0	0
16	13000001	0.519363	0.536234	3	0	0
16	13500001	0.544994	0.536234	3	0	0
16	14000001	0.526076	0.536234	3	0	0
16	14500001	0.587345	0.536234	3	0	0
16	15000001	0.551451	0.536234	3	0	0
16	15500001	0.545817	0.536234	3	0	0
16	16000001	0.636607	0.536234	3	0	0
16	16500001	0.517315	0.536234	3	0	0
16	17000001	0.499203	0.536234	3	0	0
16	17500001	0.506747	0.536234	3	0	0
16	18000001	0.513269	0.536234	3	0	0
16	18500001	0.518308	0.536234	3	0	0
16	19000001	0.54702	0.536234	3	0	0
16	19500001	0.515134	0.536234	3	0	0
16	20000001	0.50743	0.536234	3	0	0
16	20500001	0.536001	0.536234	3	0	0
16	21000001	0.570825	0.536234	3	0	0
16	21500001	0.648099	0.536234	3	0	0
16	22000001	0.541363	0.536234	3	0	0
16	22500001	0.716989	0.536234	3	0	0
16	23000001	0.524909	0.536234	3	0	0
16	23500001	0.526581	0.536234	3	0	0
16	24000001	0.546166	0.536234	3	0	0
16	24500001	0.537066	0.536234	3	0	0
16	25000001	0.551226	0.536234	3	0	0
16	25500001	0.510755	0.536234	3	0	0
16	26000001	0.521205	0.536234	3	0	0
16	26500001	0.533794	0.536234	3	0	0
16	27000001	0.560349	0.536234	3	0	0
16	27500001	0.542085	0.536234	3	0	0
16	28000001	0.564348	0.536234	3	0	0
16	28500001	0.512313	0.536234	3	0	0
16	29000001	0.538041	0.536234	3	0	0
16	29500001	0.52275	0.536234	3	0	0
16	30000001	0.545832	0.536234	3	0	0
16	30500001	0.5403	0.536234	3	0	0
16	31000001	0.566215	0.536234	3	0	0
16	31500001	0.532003	0.536234	3	0	0
16	32000001	0.48896	0.476237	3	0	0
16	32500001	0.463513	0.476237	3	0	0
16	33000001	-1	0.476237	3	0	0
16	33500001	0.441505	0.476237	3	0	0
16	34000001	0.569963	0.476237	3	0	0
16	34500001	2.41079	2.41079	14	0	0
16	35000001	0.556982	0.61201	4	0	0
16	35500001	0.622627	0.61201	4	0	0
16	36000001	0.61201	0.61201	4	0	0
16	36500001	0.402233	0.355757	2	0	0
16	37000001	0.349332	0.355757	2	0	0
16	37500001	0.355757	0.355757	2	0	0
16	38000001	-1	-1	-1	0	0
16	38500001	-1	-1	-1	0	0
16	39000001	-1	-1	-1	0	0
16	39500001	-1	-1	-1	0	0
16	40000001	-1	-1	-1	0	0
16	40500001	-1	-1	-1	0	0
16	41000001	-1	-1	-1	0	0
16	41500001	-1	-1	-1	0	0
16	42000001	-1	-1	-1	0	0
16	42500001	-1	-1	-1	0	0
16	43000001	-1	-1	-1	0	0
16	43500001	-1	-1	-1	0	0
16	44000001	-1	-1	-1	0	0
16	44500001	-1	-1	-1	0	0
16	45000001	-1	-1	-1	0	0
16	45500001	-1	-1	-1	0	0
16	46000001	-1	-1	-1	0	0
16	46500001	0.603697	0.605282	4	0	0
16	47000001	0.611587	0.605282	4	0	0
16	47500001	0.643609	0.605282	4	0	0
16	48000001	0.616281	0.605282	4	0	0
16	48500001	0.653552	0.605282	4	0	0
16	49000001	0.61554	0.605282	4	0	0
16	49500001	0.624893	0.605282	4	0	0
16	50000001	0.620541	0.605282	4	0	0
16	50500001	0.584761	0.605282	4	0	0
16	51000001	0.581335	0.605282	4	0	0
16	51500001	0.617642	0.605282	4	0	0
16	52000001	0.58742	0.605282	4	0	0
16	52500001	0.597094	0.605282	4	0	0
16	53000001	0.598675	0.605282	4	0	0
16	53500001	0.611151	0.605282	4	0	0
16	54000001	0.596508	0.605282	4	0	0
16	54500001	0.587818	0.605282	4	0	0
16	55000001	0.622186	0.605282	4	0	0
16	55500001	0.605282	0.605282	4	0	0
16	56000001	0.645555	0.605282	4	0	0
16	56500001	0.660245	0.605282	4	0	0
16	57000001	0.642022	0.605282	4	0	0
16	57500001	0.663828	0.605282	4	0	0
16	58000001	0.616719	0.605282	4	0	0
16	58500001	0.609814	0.605282	4	0	0
16	59000001	0.647199	0.605282	4	0	0
16	59500001	0.583213	0.605282	4	0	0
16	60000001	0.572333	0.605282	4	0	0
16	60500001	0.601136	0.605282	4	0	0
16	61000001	0.592671	0.605282	4	0	0
16	61500001	0.615864	0.605282	4	0	0
16	62000001	0.585446	0.605282	4	0	0
16	62500001	0.596444	0.605282	4	0	0
16	63000001	0.562201	0.605282	4	0	0
16	63500001	0.600948	0.605282	4	0	0
16	64000001	0.571662	0.605282	4	0	0
16	64500001	0.60554	0.605282	4	0	0
16	65000001	0.6131	0.605282	4	0	0
16	65500001	0.634038	0.605282	4	0	0
16	66000001	0.660186	0.605282	4	0	0
16	66500001	0.609097	0.605282	4	0	0
16	67000001	0.667112	0.605282	4	0	0
16	67500001	0.631678	0.605282	4	0	0
16	68000001	0.637264	0.605282	4	0	0
16	68500001	0.631844	0.605282	4	0	0
16	69000001	0.59658	0.605282	4	0	0
16	69500001	0.608855	0.605282	4	0	0
16	70000001	0.596714	0.605282	4	0	0
16	70500001	0.672225	0.605282	4	0	0
16	71000001	0.641474	0.605282	4	0	0
16	71500001	0.579741	0.605282	4	0	0
16	72000001	0.608884	0.605282	4	0	0
16	72500001	0.584085	0.605282	4	0	0
16	73000001	0.576207	0.605282	4	0	0
16	73500001	0.600423	0.605282	4	0	0
16	74000001	0.602049	0.605282	4	0	0
16	74500001	0.598387	0.605282	4	0	0
16	75000001	0.615134	0.605282	4	0	0
16	75500001	0.59841	0.605282	4	0	0
16	76000001	0.562997	0.605282	4	0	0
16	76500001	0.604515	0.605282	4	0	0
16	77000001	0.543689	0.605282	4	0	0
16	77500001	0.579929	0.605282	4	0	0
16	78000001	0.454608	0.605282	4	0	0
16	78500001	0.534926	0.605282	4	0	0
16	79000001	0.55651	0.605282	4	0	0
16	79500001	0.575379	0.605282	4	0	0
16	80000001	0.635702	0.605282	4	0	0
16	80500001	0.614131	0.605282	4	0	0
16	81000001	0.625371	0.605282	4	0	0
16	81500001	0.63315	0.605282	4	0	0
16	82000001	0.59258	0.605282	4	0	0
16	82500001	0.592073	0.605282	4	0	0
16	83000001	0.592013	0.605282	4	0	0
16	83500001	0.578065	0.605282	4	0	0
16	84000001	0.590356	0.605282	4	0	0
16	84500001	0.619662	0.605282	4	0	0
16	85000001	0.599104	0.605282	4	0	0
16	85500001	0.653602	0.605282	4	0	0
16	86000001	0.625364	0.605282	4	0	0
16	86500001	0.6082	0.605282	4	0	0
16	87000001	0.595849	0.605282	4	0	0
16	87500001	0.618855	0.605282	4	0	0
16	88000001	0.590394	0.605282	4	0	0
16	88500001	0.596178	0.605282	4	0	0
16	89000001	0.636261	0.605282	4	0	0
16	89500001	0.620388	0.605282	4	0	0
16	90000001	-1	-1	-1	0	0
17	1	-1	-1	-1	0	0
17	500001	0.930177	0.921285	6	0	0
17	1000001	0.969509	0.921285	6	0	0
17	1500001	0.972941	0.921285	6	0	0
17	2000001	0.921216	0.921285	6	0	0
17	2500001	0.864449	0.921285	6	0	0
17	3000001	0.915217	0.921285	6	0	0
17	3500001	0.937971	0.921285	6	0	0
17	4000001	0.878425	0.921285	6	0	0
17	4500001	0.914257	0.921285	6	0	0
17	5000001	0.897619	0.921285	6	0	0
17	5500001	0.950037	0.921285	6	0	0
17	6000001	0.939762	0.921285	6	0	0
17	6500001	0.977654	0.921285	6	0	0
17	7000001	0.954907	0.921285	6	0	0
17	7500001	0.932802	0.921285	6	0	0
17	8000001	0.930533	0.921285	6	0	0
17	8500001	0.90443	0.921285	6	0	0
17	9000001	0.869494	0.921285	6	0	0
17	9500001	0.843557	0.921285	6	0	0
17	10000001	0.918068	0.921285	6	0	0
17	10500001	0.89957	0.921285	6	0	0
17	11000001	0.866241	0.921285	6	0	0
17	11500001	0.878132	0.921285	6	0	0
17	12000001	0.879099	0.921285	6	0	0
17	12500001	0.893755	0.921285	6	0	0
17	13000001	0.874229	0.921285	6	0	0
17	13500001	0.88286	0.921285	6	0	0
17	14000001	0.861145	0.921285	6	0	0
17	14500001	0.890819	0.921285	6	0	0
17	15000001	0.92226	0.921285	6	0	0
17	15500001	0.938383	0.921285	6	0	0
17	16000001	0.942291	0.921285	6	0	0
17	16500001	0.950406	0.921285	6	0	0
17	17000001	1.00127	0.921285	6	0	0
17	17500001	0.98424	0.921285	6	0	0
17	18000001	1.01026	0.921285	6	0	0
17	18500001	0.928654	0.921285	6	0	0
17	19000001	0.951308	0.921285	6	0	0
17	19500001	0.921285	0.921285	6	0	0
17	20000001	0.933775	0.921285	6	0	0
17	20500001	0.896019	0.921285	6	0	0
17	21000001	1.06691	1.06691	6	0	0
17	21500001	1.30776	1.06691	6	0	0
17	22000001	1.05449	1.06691	6	0	0
17	22500001	1.10815	1.06691	6	0	0
17	23000001	0.901196	1.06691	6	0	0
17	23500001	0.382885	0.394348	2	0	0
17	24000001	0.458806	0.394348	2	0	0
17	24500001	0.359992	0.394348	2	0	0
17	25000001	0.56983	0.394348	2	0	0
17	25500001	0.40581	0.394348	2	0	0
17	26000001	0.158731	0.394348	2	0	0
17	26500001	3.27776	3.27776	20	0	0
17	27000001	0.956319	0.970897	6	0	0
17	27500001	0.961628	0.970897	6	0	0
17	28000001	0.961891	0.970897	6	0	0
17	28500001	1.00176	0.970897	6	0	0
17	29000001	1.00163	0.970897	6	0	0
17	29500001	1.00693	0.970897	6	0	0
17	30000001	1.02643	0.970897	6	0	0
17	30500001	0.933899	0.970897	6	0	0
17	31000001	0.952258	0.970897	6	0	0
17	31500001	0.978174	0.970897	6	0	0
17	32000001	0.944321	0.970897	6	0	0
17	32500001	0.977882	0.970897	6	0	0
17	33000001	0.978761	0.970897	6	0	0
17	33500001	0.929109	0.970897	6	0	0
17	34000001	0.950932	0.970897	6	0	0
17	34500001	0.959725	0.970897	6	0	0
17	35000001	0.997037	0.970897	6	0	0
17	35500001	0.969456	0.970897	6	0	0
17	36000001	0.919488	0.970897	6	0	0
17	36500001	0.980914	0.970897	6	0	0
17	37000001	0.898667	0.970897	6	0	0
17	37500001	0.94246	0.970897	6	0	0
17	38000001	0.766078	0.970897	6	0	0
17	38500001	1.01519	0.970897	6	0	0
17	39000001	0.964868	0.970897	6	0	0
17	39500001	1.0079	0.970897	6	0	0
17	40000001	1.0073	0.970897	6	0	0
17	40500001	0.958961	0.970897	6	0	0
17	41000001	0.961447	0.970897	6	0	0
17	41500001	1.00021	0.970897	6	0	0
17	42000001	0.982351	0.970897	6	0	0
17	42500001	1.0191	0.970897	6	0	0
17	43000001	0.960395	0.970897	6	0	0
17	43500001	1.0422	0.970897	6	0	0
17	44000001	0.998967	0.970897	6	0	0
17	44500001	1.00091	0.970897	6	0	0
17	45000001	0.959664	0.970897	6	0	0
17	45500001	1.11031	0.970897	6	0	0
17	46000001	0.695261	0.970897	6	0	0
17	46500001	0.844094	0.970897	6	0	0
17	47000001	0.95733	0.970897	6	0	0
17	47500001	1.01863	0.970897	6	0	0
17	48000001	0.96123	0.970897	6	0	0
17	48500001	0.978538	0.970897	6	0	0
17	49000001	0.972064	0.970897	6	0	0
17	49500001	1.05253	0.970897	6	0	0
17	50000001	1.05618	0.970897	6	0	0
17	50500001	1.00633	0.970897	6	0	0
17	51000001	0.989427	0.970897	6	0	0
17	51500001	0.9493	0.970897	6	0	0
17	52000001	0.92165	0.970897	6	0	0
17	52500001	0.926956	0.970897	6	0	0
17	53000001	0.935841	0.970897	6	0	0
17	53500001	0.952919	0.970897	6	0	0
17	54000001	0.944249	0.970897	6	0	0
17	54500001	0.974566	0.970897	6	0	0
17	55000001	0.962218	0.970897	6	0	0
17	55500001	0.921708	0.970897	6	0	0
17	56000001	0.971612	0.970897	6	0	0
17	56500001	0.996079	0.970897	6	0	0
17	57000001	0.948984	0.970897	6	0	0
17	57500001	1.00104	0.970897	6	0	0
17	58000001	1.0035	0.970897	6	0	0
17	58500001	0.913481	0.970897	6	0	0
17	59000001	0.924261	0.970897	6	0	0
17	59500001	0.973475	0.970897	6	0	0
17	60000001	0.998538	0.970897	6	0	0
17	60500001	0.939249	0.970897	6	0	0
17	61000001	1.01082	0.970897	6	0	0
17	61500001	0.92942	0.970897	6	0	0
17	62000001	0.940742	0.970897	6	0	0
17	62500001	0.94268	0.970897	6	0	0
17	63000001	1.03779	0.970897	6	0	0
17	63500001	1.00609	0.970897	6	0	0
17	64000001	0.991708	0.970897	6	0	0
17	64500001	0.991359	0.970897	6	0	0
17	65000001	1.01862	0.970897	6	0	0
17	65500001	0.914645	0.970897	6	0	0
17	66000001	0.998155	0.970897	6	0	0
17	66500001	0.950115	0.970897	6	0	0
17	67000001	0.924346	0.970897	6	0	0
17	67500001	0.903025	0.970897	6	0	0
17	68000001	0.958272	0.970897	6	0	0
17	68500001	0.961888	0.970897	6	0	0
17	69000001	0.939311	0.970897	6	0	0
17	69500001	0.962146	0.970897	6	0	0
17	70000001	0.917668	0.970897	6	0	0
17	70500001	0.952172	0.970897	6	0	0
17	71000001	0.972689	0.970897	6	0	0
17	71500001	0.928562	0.970897	6	0	0
17	72000001	0.970897	0.970897	6	0	0
17	72500001	0.959915	0.970897	6	0	0
17	73000001	0.982304	0.970897	6	0	0
17	73500001	0.992862	0.970897	6	0	0
17	74000001	0.975539	0.970897	6	0	0
17	74500001	1.01137	0.970897	6	0	0
17	75000001	0.964656	0.970897	6	0	0
17	75500001	1.03068	0.970897	6	0	0
17	76000001	1.0268	0.970897	6	0	0
17	76500001	0.990656	0.970897	6	0	0
17	77000001	0.991908	0.970897	6	0	0
17	77500001	0.999935	0.970897	6	0	0
17	78000001	0.961928	0.970897	6	0	0
17	78500001	0.997533	0.970897	6	0	0
17	79000001	0.993162	0.970897	6	0	0
17	79500001	0.980996	0.970897	6	0	0
17	80000001	0.987959	0.970897	6	0	0
17	80500001	1.00628	0.970897	6	0	0
17	81000001	0.984215	0.970897	6	0	0
17	81500001	0.970393	0.970897	6	0	0
17	82000001	0.959128	0.970897	6	0	0
17	82500001	0.962551	0.970897	6	0	0
17	83000001	0.51481	0.970897	6	0	0
18	1	2.1401	2.1401	13	0	0
18	500001	0.997353	1.00348	6	0	0
18	1000001	1.03825	1.00348	6	0	0
18	1500001	0.966005	1.00348	6	0	0
18	2000001	0.999859	1.00348	6	0	0
18	2500001	1.02773	1.00348	6	0	0
18	3000001	1.02439	1.00348	6	0	0
18	3500001	1.03076	1.00348	6	0	0
18	4000001	1.00348	1.00348	6	0	0
18	4500001	0.943422	1.00348	6	0	0
18	5000001	0.971069	1.00348	6	0	0
18	5500001	0.973489	1.00348	6	0	0
18	6000001	0.93577	1.00348	6	0	0
18	6500001	0.995971	1.00348	6	0	0
18	7000001	0.990259	1.00348	6	0	0
18	7500001	1.05101	1.00348	6	0	0
18	8000001	0.998631	1.00348	6	0	0
18	8500001	1.02904	1.00348	6	0	0
18	9000001	1.02865	1.00348	6	0	0
18	9500001	1.05054	1.00348	6	0	0
18	10000001	1.02943	1.00348	6	0	0
18	10500001	0.993358	1.00348	6	0	0
18	11000001	1.00231	1.00348	6	0	0
18	11500001	1.03097	1.00348	6	0	0
18	12000001	1.02105	1.00348	6	0	0
18	12500001	1.03785	1.00348	6	0	0
18	13000001	1.02501	1.00348	6	0	0
18	13500001	1.02465	1.00348	6	0	0
18	14000001	0.993562	1.00348	6	0	0
18	14500001	0.948798	1.00348	6	0	0
18	15000001	1.12505	1.11747	7	0	0
18	15500001	1.1099	1.11747	7	0	0
18	16000001	1.53813	1.35848	8	0	0
18	16500001	1.35292	1.35848	8	0	0
18	17000001	1.35848	1.35848	8	0	0
18	17500001	1.2124	1.1971	7	0	0
18	18000001	1.18179	1.1971	7	0	0
18	18500001	1.00664	1.00483	6	0	0
18	19000001	1.02422	1.00483	6	0	0
18	19500001	0.91678	1.00483	6	0	0
18	20000001	0.998038	1.00483	6	0	0
18	20500001	0.858396	1.00483	6	0	0
18	21000001	0.973033	1.00483	6	0	0
18	21500001	0.989063	1.00483	6	0	0
18	22000001	0.971982	1.00483	6	0	0
18	22500001	1.06881	1.00483	6	0	0
18	23000001	1.03636	1.00483	6	0	0
18	23500001	1.08163	1.00483	6	0	0
18	24000001	1.05087	1.00483	6	0	0
18	24500001	1.01416	1.00483	6	0	0
18	25000001	0.943445	1.00483	6	0	0
18	25500001	0.991833	1.00483	6	0	0
18	26000001	0.986654	1.00483	6	0	0
18	26500001	0.997989	1.00483	6	0	0
18	27000001	1.01715	1.00483	6	0	0
18	27500001	1.03193	1.00483	6	0	0
18	28000001	1.01266	1.00483	6	0	0
18	28500001	1.00483	1.00483	6	0	0
18	29000001	1.01732	1.00483	6	0	0
18	29500001	1.01395	1.00483	6	0	0
18	30000001	1.00746	1.00483	6	0	0
18	30500001	1.00024	1.00483	6	0	0
18	31000001	0.966061	1.00483	6	0	0
18	31500001	0.927435	1.00483	6	0	0
18	32000001	0.951609	1.00483	6	0	0
18	32500001	0.920892	1.00483	6	0	0
18	33000001	0.98998	1.00483	6	0	0
18	33500001	1.03216	1.00483	6	0	0
18	34000001	1.0183	1.00483	6	0	0
18	34500001	1.05345	1.00483	6	0	0
18	35000001	1.04964	1.00483	6	0	0
18	35500001	1.02367	1.00483	6	0	0
18	36000001	0.987952	1.00483	6	0	0
18	36500001	0.986925	1.00483	6	0	0
18	37000001	1.2648	1.30781	8	0	0
18	37500001	1.2318	1.30781	8	0	0
18	38000001	1.26523	1.30781	8	0	0
18	38500001	1.33371	1.30781	8	0	0
18	39000001	1.27591	1.30781	8	0	0
18	39500001	1.3032	1.30781	8	0	0
18	40000001	1.34936	1.30781	8	0	0
18	40500001	1.32213	1.30781	8	0	0
18	41000001	1.25358	1.30781	8	0	0
18	41500001	1.33235	1.30781	8	0	0
18	42000001	1.33843	1.30781	8	0	0
18	42500001	1.30781	1.30781	8	0	0
18	43000001	1.28737	1.30781	8	0	0
18	43500001	1.30837	1.30781	8	0	0
18	44000001	1.29933	1.30781	8	0	0
18	44500001	1.33182	1.30781	8	0	0
18	45000001	1.39888	1.30781	8	0	0
18	45500001	1.42752	1.30781	8	0	0
18	46000001	1.17649	1.30781	8	0	0
18	46500001	0.661096	0.670463	4	0	0
18	47000001	0.73167	0.670463	4	0	0
18	47500001	0.684715	0.670463	4	0	0
18	48000001	0.763301	0.670463	4	0	0
18	48500001	0.689834	0.670463	4	0	0
18	49000001	0.70134	0.670463	4	0	0
18	49500001	0.718889	0.670463	4	0	0
18	50000001	0.637253	0.670463	4	0	0
18	50500001	0.670463	0.670463	4	0	0
18	51000001	0.636522	0.670463	4	0	0
18	51500001	0.639864	0.670463	4	0	0
18	52000001	0.640513	0.670463	4	0	0
18	52500001	0.649209	0.670463	4	0	0
18	53000001	0.65569	0.670463	4	0	0
18	53500001	0.678528	0.670463	4	0	0
18	54000001	0.685177	0.670463	4	0	0
18	54500001	0.659421	0.670463	4	0	0
18	55000001	0.703619	0.670463	4	0	0
18	55500001	0.670909	0.670463	4	0	0
18	56000001	0.665035	0.670463	4	0	0
18	56500001	0.647066	0.670463	4	0	0
18	57000001	0.712614	0.670463	4	0	0
18	57500001	0.678359	0.670463	4	0	0
18	58000001	0.713252	0.670463	4	0	0
18	58500001	0.696885	0.670463	4	0	0
18	59000001	0.690997	0.670463	4	0	0
18	59500001	0.703883	0.670463	4	0	0
18	60000001	0.698527	0.670463	4	0	0
18	60500001	0.701418	0.670463	4	0	0
18	61000001	0.655901	0.670463	4	0	0
18	61500001	0.677285	0.670463	4	0	0
18	62000001	0.656856	0.670463	4	0	0
18	62500001	0.633512	0.670463	4	0	0
18	63000001	0.688569	0.670463	4	0	0
18	63500001	0.657773	0.670463	4	0	0
18	64000001	0.707482	0.670463	4	0	0
18	64500001	0.630315	0.670463	4	0	0
18	65000001	0.624597	0.670463	4	0	0
18	65500001	0.636556	0.670463	4	0	0
18	66000001	0.675758	0.670463	4	0	0
18	66500001	0.700156	0.670463	4	0	0
18	67000001	0.681822	0.670463	4	0	0
18	67500001	0.670567	0.670463	4	0	0
18	68000001	0.677185	0.670463	4	0	0
18	68500001	0.69384	0.670463	4	0	0
18	69000001	0.630702	0.670463	4	0	0
18	69500001	0.732025	0.670463	4	0	0
18	70000001	0.73193	0.670463	4	0	0
18	70500001	0.686119	0.670463	4	0	0
18	71000001	0.680575	0.670463	4	0	0
18	71500001	0.664116	0.670463	4	0	0
18	72000001	0.635285	0.670463	4	0	0
18	72500001	0.624261	0.670463	4	0	0
18	73000001	0.624732	0.670463	4	0	0
18	73500001	0.660511	0.670463	4	0	0
18	74000001	0.637017	0.670463	4	0	0
18	74500001	0.641918	0.670463	4	0	0
18	75000001	0.64783	0.670463	4	0	0
18	75500001	0.683046	0.670463	4	0	0
18	76000001	0.668605	0.670463	4	0	0
18	76500001	0.64818	0.670463	4	0	0
18	77000001	0.688323	0.670463	4	0	0
18	77500001	0.6492	0.670463	4	0	0
18	78000001	0.58603	0.670463	4	0	0
18	78500001	0.645407	0.670463	4	0	0
18	79000001	0.650183	0.670463	4	0	0
18	79500001	0.664748	0.670463	4	0	0
18	80000001	-1	-1	-1	0	0
19	1	0.983687	0.979715	6	0	0
19	500001	0.899396	0.979715	6	0	0
19	1000001	0.98065	0.979715	6	0	0
19	1500001	0.929219	0.979715	6	0	0
19	2000001	0.943321	0.979715	6	0	0
19	2500001	0.99939	0.979715	6	0	0
19	3000001	0.98828	0.979715	6	0	0
19	3500001	0.99927	0.979715	6	0	0
19	4000001	0.929353	0.979715	6	0	0
19	4500001	0.942413	0.979715	6	0	0
19	5000001	1.05301	0.979715	6	0	0
19	5500001	0.972875	0.979715	6	0	0
19	6000001	0.936185	0.979715	6	0	0
19	6500001	0.91972	0.979715	6	0	0
19	7000001	0.935633	0.979715	6	0	0
19	7500001	1.00961	0.979715	6	0	0
19	8000001	0.944641	0.979715	6	0	0
19	8500001	1.29303	0.979715	6	0	0
19	9000001	0.922853	0.979715	6	0	0
19	9500001	0.969617	0.979715	6	0	0
19	10000001	1.01395	0.979715	6	0	0
19	10500001	0.978103	0.979715	6	0	0
19	11000001	0.999628	0.979715	6	0	0
19	11500001	1.02452	0.979715	6	0	0
19	12000001	0.984506	0.979715	6	0	0
19	12500001	0.977096	0.979715	6	0	0
19	13000001	0.998975	0.979715	6	0	0
19	13500001	1.01785	0.979715	6	0	0
19	14000001	0.960508	0.979715	6	0	0
19	14500001	0.97878	0.979715	6	0	0
19	15000001	0.94889	0.979715	6	0	0
19	15500001	0.993274	0.979715	6	0	0
19	16000001	1.00604	0.979715	6	0	0
19	16500001	1.01444	0.979715	6	0	0
19	17000001	1.01313	0.979715	6	0	0
19	17500001	0.99134	0.979715	6	0	0
19	18000001	1.02928	0.979715	6	0	0
19	18500001	1.04834	0.979715	6	0	0
19	19000001	1.06462	0.979715	6	0	0
19	19500001	0.999311	0.979715	6	0	0
19	20000001	0.937367	0.979715	6	0	0
19	20500001	0.947723	0.979715	6	0	0
19	21000001	0.906871	0.979715	6	0	0
19	21500001	0.992963	0.979715	6	0	0
19	22000001	0.948847	0.979715	6	0	0
19	22500001	0.923568	0.979715	6	0	0
19	23000001	0.944397	0.979715	6	0	0
19	23500001	0.964846	0.979715	6	0	0
19	24000001	1.32651	1.27091	8	0	0
19	24500001	1.00004	1.27091	8	0	0
19	25000001	1.27091	1.27091	8	0	0
19	25500001	1.35634	1.40723	8	0	0
19	26000001	1.45812	1.40723	8	0	0
19	26500001	1.97018	1.97018	12	0	0
19	27000001	2.69776	2.69776	16	0	0
19	27500001	1.0246	1.00792	6	0	0
19	28000001	0.977068	1.00792	6	0	0
19	28500001	0.979356	1.00792	6	0	0
19	29000001	1.03803	1.00792	6	0	0
19	29500001	0.948915	1.00792	6	0	0
19	30000001	0.988211	1.00792	6	0	0
19	30500001	0.979568	1.00792	6	0	0
19	31000001	0.966113	1.00792	6	0	0
19	31500001	0.997596	1.00792	6	0	0
19	32000001	0.990963	1.00792	6	0	0
19	32500001	0.989655	1.00792	6	0	0
19	33000001	1.01973	1.00792	6	0	0
19	33500001	1.01761	1.00792	6	0	0
19	34000001	1.07009	1.00792	6	0	0
19	34500001	1.0136	1.00792	6	0	0
19	35000001	1.00184	1.00792	6	0	0
19	35500001	1.00091	1.00792	6	0	0
19	36000001	1.15992	1.00792	6	0	0
19	36500001	0.926079	1.00792	6	0	0
19	37000001	1.05702	1.00792	6	0	0
19	37500001	0.955687	1.00792	6	0	0
19	38000001	1.0285	1.00792	6	0	0
19	38500001	1.00244	1.00792	6	0	0
19	39000001	1.00792	1.00792	6	0	0
19	39500001	1.0678	1.00792	6	0	0
19	40000001	0.995088	1.00792	6	0	0
19	40500001	1.05732	1.00792	6	0	0
19	41000001	1.04597	1.00792	6	0	0
19	41500001	1.04524	1.00792	6	0	0
19	42000001	1.03988	1.00792	6	0	0
19	42500001	1.03444	1.00792	6	0	0
19	43000001	1.09314	1.00792	6	0	0
19	43500001	1.00106	1.00792	6	0	0
19	44000001	1.05001	1.00792	6	0	0
19	44500001	1.0584	1.00792	6	0	0
19	45000001	0.991893	1.00792	6	0	0
19	45500001	1.01014	1.00792	6	0	0
19	46000001	1.09519	1.00792	6	0	0
19	46500001	1.02782	1.00792	6	0	0
19	47000001	1.02692	1.00792	6	0	0
19	47500001	1.27969	1.00792	6	0	0
19	48000001	0.960123	1.00792	6	0	0
19	48500001	0.993688	1.00792	6	0	0
19	49000001	1.03311	1.00792	6	0	0
19	49500001	1.05865	1.00792	6	0	0
19	50000001	1.16582	1.00792	6	0	0
19	50500001	0.943309	1.00792	6	0	0
19	51000001	1.02004	1.00792	6	0	0
19	51500001	1.02665	1.00792	6	0	0
19	52000001	0.973146	1.00792	6	0	0
19	52500001	0.926027	1.00792	6	0	0
19	53000001	0.966764	1.00792	6	0	0
19	53500001	0.957463	1.00792	6	0	0
19	54000001	0.999644	1.00792	6	0	0
19	54500001	1.04189	1.00792	6	0	0
19	55000001	1.04549	1.00792	6	0	0
19	55500001	0.998721	1.00792	6	0	0
19	56000001	0.941202	1.00792	6	0	0
19	56500001	0.984927	1.00792	6	0	0
19	57000001	0.984986	1.00792	6	0	0
19	57500001	1.00596	1.00792	6	0	0
19	58000001	1.12316	0.703335	4	0	0
19	58500001	0.283511	0.703335	4	0	0
2	1	0.667531	0.687243	4	0	0
2	500001	0.687121	0.687243	4	0	0
2	1000001	0.623059	0.687243	4	0	0
2	1500001	0.628594	0.687243	4	0	0
2	2000001	0.667879	0.687243	4	0	0
2	2500001	0.643394	0.687243	4	0	0
2	3000001	0.682547	0.687243	4	0	0
2	3500001	0.647872	0.687243	4	0	0
2	4000001	0.634603	0.687243	4	0	0
2	4500001	0.653466	0.687243	4	0	0
2	5000001	0.62878	0.687243	4	0	0
2	5500001	0.616219	0.687243	4	0	0
2	6000001	0.635967	0.687243	4	0	0
2	6500001	0.673947	0.687243	4	0	0
2	7000001	0.663279	0.687243	4	0	0
2	7500001	0.6607	0.687243	4	0	0
2	8000001	0.6812	0.687243	4	0	0
2	8500001	0.679503	0.687243	4	0	0
2	9000001	0.702918	0.687243	4	0	0
2	9500001	0.699531	0.687243	4	0	0
2	10000001	0.754333	0.687243	4	0	0
2	10500001	0.720829	0.687243	4	0	0
2	11000001	0.723445	0.687243	4	0	0
2	11500001	0.726462	0.687243	4	0	0
2	12000001	0.709064	0.687243	4	0	0
2	12500001	0.729271	0.687243	4	0	0
2	13000001	0.718319	0.687243	4	0	0
2	13500001	0.658442	0.687243	4	0	0
2	14000001	0.688176	0.687243	4	0	0
2	14500001	0.641576	0.687243	4	0	0
2	15000001	0.679776	0.687243	4	0	0
2	15500001	0.662223	0.687243	4	0	0
2	16000001	0.655948	0.687243	4	0	0
2	16500001	0.678551	0.687243	4	0	0
2	17000001	0.653207	0.687243	4	0	0
2	17500001	0.619685	0.687243	4	0	0
2	18000001	0.714051	0.687243	4	0	0
2	18500001	0.693561	0.687243	4	0	0
2	19000001	0.695064	0.687243	4	0	0
2	19500001	0.682941	0.687243	4	0	0
2	20000001	0.735976	0.687243	4	0	0
2	20500001	0.707751	0.687243	4	0	0
2	21000001	0.693177	0.687243	4	0	0
2	21500001	0.674352	0.687243	4	0	0
2	22000001	0.671802	0.687243	4	0	0
2	22500001	0.682257	0.687243	4	0	0
2	23000001	0.697715	0.687243	4	0	0
2	23500001	0.66959	0.687243	4	0	0
2	24000001	0.687243	0.687243	4	0	0
2	24500001	0.681055	0.687243	4	0	0
2	25000001	0.69516	0.687243	4	0	0
2	25500001	0.665604	0.687243	4	0	0
2	26000001	0.733781	0.687243	4	0	0
2	26500001	0.686923	0.687243	4	0	0
2	27000001	0.688415	0.687243	4	0	0
2	27500001	0.730438	0.687243	4	0	0
2	28000001	0.730987	0.687243	4	0	0
2	28500001	0.708219	0.687243	4	0	0
2	29000001	0.757931	0.687243	4	0	0
2	29500001	0.740021	0.687243	4	0	0
2	30000001	0.674783	0.687243	4	0	0
2	30500001	0.678222	0.687243	4	0	0
2	31000001	0.716631	0.687243	4	0	0
2	31500001	0.707764	0.687243	4	0	0
2	32000001	0.669083	0.687243	4	0	0
2	32500001	0.683163	0.687243	4	0	0
2	33000001	0.674855	0.687243	4	0	0
2	33500001	0.66914	0.687243	4	0	0
2	34000001	0.637596	0.687243	4	0	0
2	34500001	0.670314	0.687243	4	0	0
2	35000001	0.677733	0.687243	4	0	0
2	35500001	0.657111	0.687243	4	0	0
2	36000001	0.720826	0.687243	4	0	0
2	36500001	0.719114	0.687243	4	0	0
2	37000001	0.703734	0.687243	4	0	0
2	37500001	0.75032	0.687243	4	0	0
2	38000001	0.714743	0.687243	4	0	0
2	38500001	0.696154	0.687243	4	0	0
2	39000001	0.717474	0.687243	4	0	0
2	39500001	0.737163	0.687243	4	0	0
2	40000001	0.706015	0.687243	4	0	0
2	40500001	0.69865	0.687243	4	0	0
2	41000001	0.684123	0.687243	4	0	0
2	41500001	0.689998	0.687243	4	0	0
2	42000001	0.692528	0.687243	4	0	0
2	42500001	0.668391	0.687243	4	0	0
2	43000001	0.719611	0.687243	4	0	0
2	43500001	0.707671	0.687243	4	0	0
2	44000001	0.709809	0.687243	4	0	0
2	44500001	0.69796	0.687243	4	0	0
2	45000001	0.693082	0.687243	4	0	0
2	45500001	0.719214	0.687243	4	0	0
2	46000001	0.756539	0.687243	4	0	0
2	46500001	0.736418	0.687243	4	0	0
2	47000001	0.705596	0.687243	4	0	0
2	47500001	0.688489	0.687243	4	0	0
2	48000001	0.720366	0.687243	4	0	0
2	48500001	0.678599	0.687243	4	0	0
2	49000001	0.668255	0.687243	4	0	0
2	49500001	0.658715	0.687243	4	0	0
2	50000001	0.642404	0.687243	4	0	0
2	50500001	0.644866	0.687243	4	0	0
2	51000001	0.664228	0.687243	4	0	0
2	51500001	0.644044	0.687243	4	0	0
2	52000001	0.655197	0.687243	4	0	0
2	52500001	0.66701	0.687243	4	0	0
2	53000001	0.673001	0.687243	4	0	0
2	53500001	0.615753	0.687243	4	0	0
2	54000001	0.708167	0.687243	4	0	0
2	54500001	0.749332	0.687243	4	0	0
2	55000001	0.75138	0.687243	4	0	0
2	55500001	0.711754	0.687243	4	0	0
2	56000001	0.698049	0.687243	4	0	0
2	56500001	0.712865	0.687243	4	0	0
2	57000001	0.668579	0.687243	4	0	0
2	57500001	0.745806	0.687243	4	0	0
2	58000001	0.643227	0.687243	4	0	0
2	58500001	0.654634	0.687243	4	0	0
2	59000001	0.6871	0.687243	4	0	0
2	59500001	0.661958	0.687243	4	0	0
2	60000001	0.69618	0.687243	4	0	0
2	60500001	0.66889	0.687243	4	0	0
2	61000001	0.663512	0.687243	4	0	0
2	61500001	0.688492	0.687243	4	0	0
2	62000001	0.683091	0.687243	4	0	0
2	62500001	0.745136	0.687243	4	0	0
2	63000001	0.718839	0.687243	4	0	0
2	63500001	0.729852	0.687243	4	0	0
2	64000001	0.718559	0.687243	4	0	0
2	64500001	0.711136	0.687243	4	0	0
2	65000001	0.681277	0.687243	4	0	0
2	65500001	0.706371	0.687243	4	0	0
2	66000001	0.639188	0.687243	4	0	0
2	66500001	0.665537	0.687243	4	0	0
2	67000001	0.692616	0.687243	4	0	0
2	67500001	0.678509	0.687243	4	0	0
2	68000001	0.724672	0.687243	4	0	0
2	68500001	0.743557	0.687243	4	0	0
2	69000001	0.718451	0.687243	4	0	0
2	69500001	0.741203	0.687243	4	0	0
2	70000001	0.710883	0.687243	4	0	0
2	70500001	0.724357	0.687243	4	0	0
2	71000001	0.696092	0.687243	4	0	0
2	71500001	0.742076	0.687243	4	0	0
2	72000001	0.708736	0.687243	4	0	0
2	72500001	0.677293	0.687243	4	0	0
2	73000001	0.694117	0.687243	4	0	0
2	73500001	0.719355	0.687243	4	0	0
2	74000001	0.722729	0.687243	4	0	0
2	74500001	0.701608	0.687243	4	0	0
2	75000001	0.698476	0.687243	4	0	0
2	75500001	0.640022	0.687243	4	0	0
2	76000001	0.653822	0.687243	4	0	0
2	76500001	0.673408	0.687243	4	0	0
2	77000001	0.683658	0.687243	4	0	0
2	77500001	0.689754	0.687243	4	0	0
2	78000001	0.660645	0.687243	4	0	0
2	78500001	0.708164	0.687243	4	0	0
2	79000001	0.668371	0.687243	4	0	0
2	79500001	0.631889	0.687243	4	0	0
2	80000001	0.676246	0.687243	4	0	0
2	80500001	0.659316	0.687243	4	0	0
2	81000001	0.675573	0.687243	4	0	0
2	81500001	0.682011	0.687243	4	0	0
2	82000001	0.722638	0.687243	4	0	0
2	82500001	0.670823	0.687243	4	0	0
2	83000001	0.639558	0.687243	4	0	0
2	83500001	0.653888	0.687243	4	0	0
2	84000001	0.647581	0.687243	4	0	0
2	84500001	0.705065	0.687243	4	0	0
2	85000001	0.724863	0.687243	4	0	0
2	85500001	1.26361	1.35429	8	0	0
2	86000001	1.39389	1.35429	8	0	0
2	86500001	1.35429	1.35429	8	0	0
2	87000001	1.416	1.35429	8	0	0
2	87500001	1.28102	1.35429	8	0	0
2	88000001	1.11793	1.07604	6	0	0
2	88500001	1.03416	1.07604	6	0	0
2	89000001	-1	-1	-1	0	0
2	89500001	-1	-1	-1	0	0
2	90000001	-1	-1	-1	0	0
2	90500001	-1	-1	-1	0	0
2	91000001	-1	-1	-1	0	0
2	91500001	1.40823	1.5024	9	0	0
2	92000001	1.5024	1.5024	9	0	0
2	92500001	1.51937	1.5024	9	0	0
2	93000001	0.719965	0.694223	4	0	0
2	93500001	0.66848	0.694223	4	0	0
2	94000001	-1	-1	-1	0	0
2	94500001	1.07841	1.09846	7	0	0
2	95000001	1.1185	1.09846	7	0	0
2	95500001	1.15556	1.09846	7	0	0
2	96000001	1.05752	1.09846	7	0	0
2	96500001	1.0378	1.09846	7	0	0
2	97000001	1.13766	1.09846	7	0	0
2	97500001	0.961009	1.02885	6	0	0
2	98000001	1.0649	1.02885	6	0	0
2	98500001	1.07749	1.02885	6	0	0
2	99000001	1.01129	1.02885	6	0	0
2	99500001	1.01146	1.02885	6	0	0
2	100000001	0.992112	1.02885	6	0	0
2	100500001	1.09526	1.02885	6	0	0
2	101000001	1.05722	1.02885	6	0	0
2	101500001	1.05645	1.02885	6	0	0
2	102000001	1.0613	1.02885	6	0	0
2	102500001	0.989974	1.02885	6	0	0
2	103000001	0.995754	1.02885	6	0	0
2	103500001	1.031	1.02885	6	0	0
2	104000001	0.965338	1.02885	6	0	0
2	104500001	0.978104	1.02885	6	0	0
2	105000001	1.02562	1.02885	6	0	0
2	105500001	0.962839	1.02885	6	0	0
2	106000001	0.999485	1.02885	6	0	0
2	106500001	0.988089	1.02885	6	0	0
2	107000001	0.956758	1.02885	6	0	0
2	107500001	0.997291	1.02885	6	0	0
2	108000001	1.06831	1.02885	6	0	0
2	108500001	0.992388	1.02885	6	0	0
2	109000001	1.11272	1.02885	6	0	0
2	109500001	0.976398	1.02885	6	0	0
2	110000001	1.02823	1.02885	6	0	0
2	110500001	1.13664	1.02885	6	0	0
2	111000001	1.19705	1.02885	6	0	0
2	111500001	1.10903	1.02885	6	0	0
2	112000001	1.0386	1.02885	6	0	0
2	112500001	1.11589	1.02885	6	0	0
2	113000001	1.1206	1.02885	6	0	0
2	113500001	1.03228	1.02885	6	0	0
2	114000001	1.09091	1.02885	6	0	0
2	114500001	0.987245	1.02885	6	0	0
2	115000001	0.981094	1.02885	6	0	0
2	115500001	0.964065	1.02885	6	0	0
2	116000001	1.00629	1.02885	6	0	0
2	116500001	1.0047	1.02885	6	0	0
2	117000001	0.92995	1.02885	6	0	0
2	117500001	1.03175	1.02885	6	0	0
2	118000001	1.02918	1.02885	6	0	0
2	118500001	1.03016	1.02885	6	0	0
2	119000001	1.02444	1.02885	6	0	0
2	119500001	0.994982	1.02885	6	0	0
2	120000001	0.991113	1.02885	6	0	0
2	120500001	1.08771	1.02885	6	0	0
2	121000001	1.01745	1.02885	6	0	0
2	121500001	1.05755	1.02885	6	0	0
2	122000001	0.981781	1.02885	6	0	0
2	122500001	0.983304	1.02885	6	0	0
2	123000001	0.964201	1.02885	6	0	0
2	123500001	0.980882	1.02885	6	0	0
2	124000001	0.967236	1.02885	6	0	0
2	124500001	0.983342	1.02885	6	0	0
2	125000001	0.951527	1.02885	6	0	0
2	125500001	0.952743	1.02885	6	0	0
2	126000001	1.00657	1.02885	6	0	0
2	126500001	1.02749	1.02885	6	0	0
2	127000001	1.00985	1.02885	6	0	0
2	127500001	0.994647	1.02885	6	0	0
2	128000001	0.972113	1.02885	6	0	0
2	128500001	0.968675	1.02885	6	0	0
2	129000001	0.981359	1.02885	6	0	0
2	129500001	0.970018	1.02885	6	0	0
2	130000001	0.992891	1.02885	6	0	0
2	130500001	1.00812	1.02885	6	0	0
2	131000001	1.04508	1.02885	6	0	0
2	131500001	0.999478	1.02885	6	0	0
2	132000001	1.02428	1.02885	6	0	0
2	132500001	0.989774	1.02885	6	0	0
2	133000001	0.994989	1.02885	6	0	0
2	133500001	1.01635	1.02885	6	0	0
2	134000001	1.02099	1.02885	6	0	0
2	134500001	1.00865	1.02885	6	0	0
2	135000001	0.967571	1.02885	6	0	0
2	135500001	1.00507	1.02885	6	0	0
2	136000001	1.00614	1.02885	6	0	0
2	136500001	0.984816	1.02885	6	0	0
2	137000001	0.982588	1.02885	6	0	0
2	137500001	1.08861	1.02885	6	0	0
2	138000001	1.07127	1.02885	6	0	0
2	138500001	1.02586	1.02885	6	0	0
2	139000001	1.08738	1.02885	6	0	0
2	139500001	1.05102	1.02885	6	0	0
2	140000001	1.11921	1.02885	6	0	0
2	140500001	1.04753	1.02885	6	0	0
2	141000001	1.0196	1.02885	6	0	0
2	141500001	1.0329	1.02885	6	0	0
2	142000001	1.03368	1.02885	6	0	0
2	142500001	0.979442	1.02885	6	0	0
2	143000001	1.03691	1.02885	6	0	0
2	143500001	0.993878	1.02885	6	0	0
2	144000001	0.961642	1.02885	6	0	0
2	144500001	0.944774	1.02885	6	0	0
2	145000001	1.03163	1.02885	6	0	0
2	145500001	0.9876	1.02885	6	0	0
2	146000001	1.07087	1.02885	6	0	0
2	146500001	1.02224	1.02885	6	0	0
2	147000001	1.00165	1.02885	6	0	0
2	147500001	1.01231	1.02885	6	0	0
2	148000001	1.01046	1.02885	6	0	0
2	148500001	1.02499	1.02885	6	0	0
2	149000001	0.986138	1.02885	6	0	0
2	149500001	1.06726	1.02885	6	0	0
2	150000001	1.05735	1.02885	6	0	0
2	150500001	1.06637	1.02885	6	0	0
2	151000001	1.02559	1.02885	6	0	0
2	151500001	1.07018	1.02885	6	0	0
2	152000001	1.03818	1.02885	6	0	0
2	152500001	1.04906	1.02885	6	0	0
2	153000001	1.04016	1.02885	6	0	0
2	153500001	1.01542	1.02885	6	0	0
2	154000001	0.999798	1.02885	6	0	0
2	154500001	1.02791	1.02885	6	0	0
2	155000001	1.09048	1.02885	6	0	0
2	155500001	1.02715	1.02885	6	0	0
2	156000001	0.996016	1.02885	6	0	0
2	156500001	1.04264	1.02885	6	0	0
2	157000001	1.04316	1.02885	6	0	0
2	157500001	0.978683	1.02885	6	0	0
2	158000001	1.06275	1.02885	6	0	0
2	158500001	1.04368	1.02885	6	0	0
2	159000001	1.01091	1.02885	6	0	0
2	159500001	1.05832	1.02885	6	0	0
2	160000001	1.09564	1.02885	6	0	0
2	160500001	1.05945	1.02885	6	0	0
2	161000001	1.09072	1.02885	6	0	0
2	161500001	1.06826	1.02885	6	0	0
2	162000001	1.06153	1.02885	6	0	0
2	162500001	1.02492	1.02885	6	0	0
2	163000001	1.04326	1.02885	6	0	0
2	163500001	1.04587	1.02885	6	0	0
2	164000001	1.00412	1.02885	6	0	0
2	164500001	1.06266	1.02885	6	0	0
2	165000001	0.991499	1.02885	6	0	0
2	165500001	1.02891	1.02885	6	0	0
2	166000001	1.03298	1.02885	6	0	0
2	166500001	0.998251	1.02885	6	0	0
2	167000001	0.995449	1.02885	6	0	0
2	167500001	0.968892	1.02885	6	0	0
2	168000001	1.00151	1.02885	6	0	0
2	168500001	1.06226	1.02885	6	0	0
2	169000001	1.04392	1.02885	6	0	0
2	169500001	0.96147	1.02885	6	0	0
2	170000001	1.02833	1.02885	6	0	0
2	170500001	0.979974	1.02885	6	0	0
2	171000001	1.0546	1.02885	6	0	0
2	171500001	1.03836	1.02885	6	0	0
2	172000001	1.04447	1.02885	6	0	0
2	172500001	1.11188	1.02885	6	0	0
2	173000001	1.05841	1.02885	6	0	0
2	173500001	1.03242	1.02885	6	0	0
2	174000001	1.00209	1.02885	6	0	0
2	174500001	1.06064	1.02885	6	0	0
2	175000001	1.05068	1.02885	6	0	0
2	175500001	1.03047	1.02885	6	0	0
2	176000001	0.983076	1.02885	6	0	0
2	176500001	1.11342	1.02885	6	0	0
2	177000001	1.03069	1.02885	6	0	0
2	177500001	1.07986	1.02885	6	0	0
2	178000001	1.01294	1.02885	6	0	0
2	178500001	1.09173	1.02885	6	0	0
2	179000001	1.01121	1.02885	6	0	0
2	179500001	1.00062	1.02885	6	0	0
2	180000001	1.05031	1.02885	6	0	0
2	180500001	1.0845	1.02885	6	0	0
2	181000001	1.05065	1.02885	6	0	0
2	181500001	1.10283	1.02885	6	0	0
2	182000001	1.02999	1.02885	6	0	0
2	182500001	1.05515	1.02885	6	0	0
2	183000001	1.046	1.02885	6	0	0
2	183500001	1.03609	1.02885	6	0	0
2	184000001	1.01386	1.02885	6	0	0
2	184500001	1.00492	1.02885	6	0	0
2	185000001	1.03547	1.02885	6	0	0
2	185500001	1.07243	1.02885	6	0	0
2	186000001	1.02601	1.02885	6	0	0
2	186500001	1.03222	1.02885	6	0	0
2	187000001	1.07701	1.02885	6	0	0
2	187500001	1.07193	1.02885	6	0	0
2	188000001	1.09744	1.02885	6	0	0
2	188500001	1.13325	1.02885	6	0	0
2	189000001	1.04691	1.02885	6	0	0
2	189500001	1.10023	1.02885	6	0	0
2	190000001	1.08876	1.02885	6	0	0
2	190500001	1.06215	1.02885	6	0	0
2	191000001	1.08842	1.02885	6	0	0
2	191500001	1.08765	1.02885	6	0	0
2	192000001	1.13438	1.02885	6	0	0
2	192500001	1.08433	1.02885	6	0	0
2	193000001	1.01842	1.02885	6	0	0
2	193500001	1.01229	1.02885	6	0	0
2	194000001	1.03407	1.02885	6	0	0
2	194500001	1.08382	1.02885	6	0	0
2	195000001	1.04608	1.02885	6	0	0
2	195500001	1.00922	1.02885	6	0	0
2	196000001	1.04047	1.02885	6	0	0
2	196500001	1.02991	1.02885	6	0	0
2	197000001	1.02054	1.02885	6	0	0
2	197500001	1.02879	1.02885	6	0	0
2	198000001	0.99207	1.02885	6	0	0
2	198500001	1.00641	1.02885	6	0	0
2	199000001	1.04676	1.02885	6	0	0
2	199500001	1.05199	1.02885	6	0	0
2	200000001	1.06879	1.02885	6	0	0
2	200500001	1.07868	1.02885	6	0	0
2	201000001	1.07525	1.02885	6	0	0
2	201500001	1.04651	1.02885	6	0	0
2	202000001	1.00254	1.02885	6	0	0
2	202500001	0.950621	1.02885	6	0	0
2	203000001	1.01174	1.02885	6	0	0
2	203500001	1.10238	1.02885	6	0	0
2	204000001	1.0767	1.02885	6	0	0
2	204500001	1.01806	1.02885	6	0	0
2	205000001	0.879775	1.02885	6	0	0
2	205500001	0.71521	0.679806	4	0	0
2	206000001	0.650771	0.679806	4	0	0
2	206500001	0.656363	0.679806	4	0	0
2	207000001	0.699775	0.679806	4	0	0
2	207500001	0.658102	0.679806	4	0	0
2	208000001	0.646304	0.679806	4	0	0
2	208500001	0.711658	0.679806	4	0	0
2	209000001	0.677142	0.679806	4	0	0
2	209500001	0.674807	0.679806	4	0	0
2	210000001	0.683874	0.679806	4	0	0
2	210500001	0.694222	0.679806	4	0	0
2	211000001	0.673982	0.679806	4	0	0
2	211500001	0.688953	0.679806	4	0	0
2	212000001	0.676132	0.679806	4	0	0
2	212500001	0.708263	0.679806	4	0	0
2	213000001	0.71959	0.679806	4	0	0
2	213500001	0.683169	0.679806	4	0	0
2	214000001	0.676451	0.679806	4	0	0
2	214500001	0.607605	0.679806	4	0	0
2	215000001	0.660237	0.679806	4	0	0
2	215500001	0.677464	0.679806	4	0	0
2	216000001	0.694572	0.679806	4	0	0
2	216500001	0.733522	0.679806	4	0	0
2	217000001	0.653801	0.679806	4	0	0
2	217500001	0.697583	0.679806	4	0	0
2	218000001	0.676585	0.679806	4	0	0
2	218500001	0.729408	0.679806	4	0	0
2	219000001	0.727468	0.679806	4	0	0
2	219500001	0.755031	0.679806	4	0	0
2	220000001	0.66606	0.679806	4	0	0
2	220500001	0.683757	0.679806	4	0	0
2	221000001	0.674964	0.679806	4	0	0
2	221500001	0.673082	0.679806	4	0	0
2	222000001	0.677862	0.679806	4	0	0
2	222500001	0.699803	0.679806	4	0	0
2	223000001	0.712321	0.679806	4	0	0
2	223500001	0.696305	0.679806	4	0	0
2	224000001	0.71751	0.679806	4	0	0
2	224500001	0.622664	0.679806	4	0	0
2	225000001	0.670326	0.679806	4	0	0
2	225500001	0.702312	0.679806	4	0	0
2	226000001	0.725103	0.679806	4	0	0
2	226500001	0.750631	0.679806	4	0	0
2	227000001	0.685229	0.679806	4	0	0
2	227500001	0.677985	0.679806	4	0	0
2	228000001	0.644548	0.679806	4	0	0
2	228500001	0.650555	0.679806	4	0	0
2	229000001	0.634424	0.679806	4	0	0
2	229500001	0.671709	0.679806	4	0	0
2	230000001	0.680271	0.679806	4	0	0
2	230500001	0.684912	0.679806	4	0	0
2	231000001	0.705673	0.679806	4	0	0
2	231500001	0.679342	0.679806	4	0	0
2	232000001	0.686958	0.679806	4	0	0
2	232500001	0.666087	0.679806	4	0	0
2	233000001	0.700205	0.679806	4	0	0
2	233500001	0.690303	0.679806	4	0	0
2	234000001	0.697551	0.679806	4	0	0
2	234500001	0.662014	0.679806	4	0	0
2	235000001	0.678983	0.679806	4	0	0
2	235500001	0.651056	0.679806	4	0	0
2	236000001	0.678054	0.679806	4	0	0
2	236500001	0.661561	0.679806	4	0	0
2	237000001	0.728462	0.679806	4	0	0
2	237500001	0.707997	0.679806	4	0	0
2	238000001	0.708966	0.679806	4	0	0
2	238500001	0.664936	0.679806	4	0	0
2	239000001	0.610783	0.679806	4	0	0
2	239500001	0.722231	0.679806	4	0	0
2	240000001	0.724405	0.679806	4	0	0
2	240500001	0.718378	0.679806	4	0	0
2	241000001	0.663855	0.679806	4	0	0
2	241500001	0.674825	0.679806	4	0	0
2	242000001	0.2967	0.679806	4	0	0
20	1	1.11363	1.05187	6	0	0
20	500001	1.11572	1.05187	6	0	0
20	1000001	1.09849	1.05187	6	0	0
20	1500001	1.0667	1.05187	6	0	0
20	2000001	1.06478	1.05187	6	0	0
20	2500001	1.086	1.05187	6	0	0
20	3000001	1.03248	1.05187	6	0	0
20	3500001	1.06429	1.05187	6	0	0
20	4000001	1.0996	1.05187	6	0	0
20	4500001	1.10779	1.05187	6	0	0
20	5000001	1.02549	1.05187	6	0	0
20	5500001	1.0175	1.05187	6	0	0
20	6000001	1.04078	1.05187	6	0	0
20	6500001	1.02377	1.05187	6	0	0
20	7000001	1.00369	1.05187	6	0	0
20	7500001	1.01227	1.05187	6	0	0
20	8000001	1.03388	1.05187	6	0	0
20	8500001	1.07628	1.05187	6	0	0
20	9000001	1.05746	1.05187	6	0	0
20	9500001	1.07716	1.05187	6	0	0
20	10000001	1.0563	1.05187	6	0	0
20	10500001	1.03031	1.05187	6	0	0
20	11000001	1.05187	1.05187	6	0	0
20	11500001	1.0183	1.05187	6	0	0
20	12000001	0.985075	1.05187	6	0	0
20	12500001	1.09586	1.05187	6	0	0
20	13000001	1.03457	1.05187	6	0	0
20	13500001	1.03923	1.05187	6	0	0
20	14000001	0.993661	1.05187	6	0	0
20	14500001	0.996602	1.05187	6	0	0
20	15000001	1.01681	1.05187	6	0	0
20	15500001	0.966786	1.05187	6	0	0
20	16000001	1.00023	1.05187	6	0	0
20	16500001	1.00686	1.05187	6	0	0
20	17000001	1.0745	1.05187	6	0	0
20	17500001	1.06204	1.05187	6	0	0
20	18000001	1.05369	1.05187	6	0	0
20	18500001	1.02104	1.05187	6	0	0
20	19000001	1.05593	1.05187	6	0	0
20	19500001	1.08397	1.05187	6	0	0
20	20000001	1.03468	1.05187	6	0	0
20	20500001	1.04791	1.05187	6	0	0
20	21000001	0.970783	1.05187	6	0	0
20	21500001	0.992179	1.05187	6	0	0
20	22000001	1.06468	1.05187	6	0	0
20	22500001	1.08046	1.05187	6	0	0
20	23000001	1.10045	1.05187	6	0	0
20	23500001	1.06628	1.05187	6	0	0
20	24000001	1.04279	1.05187	6	0	0
20	24500001	1.06927	1.05187	6	0	0
20	25000001	1.11397	1.05187	6	0	0
20	25500001	1.027	1.05187	6	0	0
20	26000001	1.11721	1.05187	6	0	0
20	26500001	1.54216	1.49624	9	0	0
20	27000001	1.49624	1.49624	9	0	0
20	27500001	1.40776	1.49624	9	0	0
20	28000001	1.14607	1.14607	7	0	0
20	28500001	2.12621	2.12621	13	0	0
20	29000001	1.52884	1.52884	9	0	0
20	29500001	1.48453	1.52884	9	0	0
20	30000001	-1	1.52884	9	0	0
20	30500001	1.54067	1.52884	9	0	0
20	31000001	-1	-1	-1	0	0
20	31500001	1.4097	1.36084	8	0	0
20	32000001	1.35323	1.36084	8	0	0
20	32500001	1.37282	1.36084	8	0	0
20	33000001	1.31729	1.36084	8	0	0
20	33500001	1.28899	1.36084	8	0	0
20	34000001	1.36843	1.36084	8	0	0
20	34500001	1.34798	1.36084	8	0	0
20	35000001	1.39243	1.36084	8	0	0
20	35500001	1.36362	1.36084	8	0	0
20	36000001	1.40754	1.36084	8	0	0
20	36500001	1.33522	1.36084	8	0	0
20	37000001	1.3314	1.36084	8	0	0
20	37500001	1.39684	1.36084	8	0	0
20	38000001	1.39726	1.36084	8	0	0
20	38500001	1.30863	1.36084	8	0	0
20	39000001	1.31108	1.36084	8	0	0
20	39500001	1.34554	1.36084	8	0	0
20	40000001	1.31114	1.36084	8	0	0
20	40500001	1.38458	1.36084	8	0	0
20	41000001	1.39028	1.36084	8	0	0
20	41500001	1.34752	1.36084	8	0	0
20	42000001	1.29719	1.36084	8	0	0
20	42500001	1.26051	1.36084	8	0	0
20	43000001	1.32261	1.36084	8	0	0
20	43500001	1.35206	1.36084	8	0	0
20	44000001	1.38824	1.36084	8	0	0
20	44500001	1.33652	1.36084	8	0	0
20	45000001	1.35577	1.36084	8	0	0
20	45500001	1.39513	1.36084	8	0	0
20	46000001	1.42623	1.36084	8	0	0
20	46500001	1.36529	1.36084	8	0	0
20	47000001	1.39176	1.36084	8	0	0
20	47500001	1.35633	1.36084	8	0	0
20	48000001	1.32287	1.36084	8	0	0
20	48500001	1.38368	1.36084	8	0	0
20	49000001	1.37147	1.36084	8	0	0
20	49500001	1.36084	1.36084	8	0	0
20	50000001	1.40774	1.36084	8	0	0
20	50500001	1.37603	1.36084	8	0	0
20	51000001	1.33519	1.32782	8	0	0
20	51500001	1.21442	1.32782	8	0	0
20	52000001	1.25969	1.32782	8	0	0
20	52500001	1.29749	1.32782	8	0	0
20	53000001	1.31121	1.32782	8	0	0
20	53500001	1.32856	1.32782	8	0	0
20	54000001	1.3103	1.32782	8	0	0
20	54500001	1.2894	1.32782	8	0	0
20	55000001	1.28768	1.32782	8	0	0
20	55500001	1.31268	1.32782	8	0	0
20	56000001	1.37393	1.32782	8	0	0
20	56500001	1.28756	1.32782	8	0	0
20	57000001	1.3483	1.32782	8	0	0
20	57500001	1.40681	1.32782	8	0	0
20	58000001	1.35669	1.32782	8	0	0
20	58500001	1.39785	1.32782	8	0	0
20	59000001	1.41	1.32782	8	0	0
20	59500001	1.32504	1.32782	8	0	0
20	60000001	1.32243	1.32782	8	0	0
20	60500001	1.32686	1.32782	8	0	0
20	61000001	1.3332	1.32782	8	0	0
20	61500001	1.35438	1.32782	8	0	0
20	62000001	1.34162	1.32782	8	0	0
20	62500001	1.38162	1.32782	8	0	0
20	63000001	1.37917	1.32782	8	0	0
20	63500001	1.32709	1.32782	8	0	0
20	64000001	-1	-1	-1	0	0
21	1	-1	-1	-1	0	0
21	500001	-1	-1	-1	0	0
21	1000001	-1	-1	-1	0	0
21	1500001	-1	-1	-1	0	0
21	2000001	-1	-1	-1	0	0
21	2500001	-1	-1	-1	0	0
21	3000001	-1	-1	-1	0	0
21	3500001	-1	-1	-1	0	0
21	4000001	-1	-1	-1	0	0
21	4500001	-1	-1	-1	0	0
21	5000001	-1	-1	-1	0	0
21	5500001	-1	-1	-1	0	0
21	6000001	-1	-1	-1	0	0
21	6500001	-1	-1	-1	0	0
21	7000001	-1	-1	-1	0	0
21	7500001	-1	-1	-1	0	0
21	8000001	-1	-1	-1	0	0
21	8500001	-1	-1	-1	0	0
21	9000001	-1	-1	-1	0	0
21	9500001	1.2637	1.37878	8	0	0
21	10000001	-1	1.37878	8	0	0
21	10500001	1.49387	1.37878	8	0	0
21	11000001	0.386546	0.629089	4	0	0
21	11500001	0.560688	0.629089	4	0	0
21	12000001	0.697491	0.629089	4	0	0
21	12500001	0.921906	0.629089	4	0	0
21	13000001	0.340413	0.349632	2	0	0
21	13500001	0.324282	0.349632	2	0	0
21	14000001	0.309346	0.349632	2	0	0
21	14500001	0.344582	0.349632	2	0	0
21	15000001	0.333911	0.349632	2	0	0
21	15500001	0.33272	0.349632	2	0	0
21	16000001	0.354905	0.349632	2	0	0
21	16500001	0.381026	0.349632	2	0	0
21	17000001	0.354681	0.349632	2	0	0
21	17500001	0.366105	0.349632	2	0	0
21	18000001	0.356064	0.349632	2	0	0
21	18500001	0.376894	0.349632	2	0	0
21	19000001	0.320586	0.349632	2	0	0
21	19500001	0.503416	0.349632	2	0	0
21	20000001	0.666666	0.689888	4	0	0
21	20500001	0.664624	0.689888	4	0	0
21	21000001	0.704026	0.689888	4	0	0
21	21500001	0.671721	0.689888	4	0	0
21	22000001	0.721203	0.689888	4	0	0
21	22500001	0.71103	0.689888	4	0	0
21	23000001	0.65314	0.689888	4	0	0
21	23500001	0.615661	0.689888	4	0	0
21	24000001	0.689721	0.689888	4	0	0
21	24500001	0.700437	0.689888	4	0	0
21	25000001	0.717165	0.689888	4	0	0
21	25500001	0.686804	0.689888	4	0	0
21	26000001	0.695569	0.689888	4	0	0
21	26500001	0.725267	0.689888	4	0	0
21	27000001	0.732958	0.689888	4	0	0
21	27500001	0.693399	0.689888	4	0	0
21	28000001	0.727594	0.689888	4	0	0
21	28500001	0.756852	0.689888	4	0	0
21	29000001	0.745277	0.689888	4	0	0
21	29500001	0.715238	0.689888	4	0	0
21	30000001	0.657246	0.689888	4	0	0
21	30500001	0.666661	0.689888	4	0	0
21	31000001	0.657722	0.689888	4	0	0
21	31500001	0.669186	0.689888	4	0	0
21	32000001	0.657406	0.689888	4	0	0
21	32500001	0.654594	0.689888	4	0	0
21	33000001	0.697334	0.689888	4	0	0
21	33500001	0.691373	0.689888	4	0	0
21	34000001	0.618586	0.689888	4	0	0
21	34500001	0.706829	0.689888	4	0	0
21	35000001	0.736247	0.689888	4	0	0
21	35500001	0.711661	0.689888	4	0	0
21	36000001	0.686552	0.689888	4	0	0
21	36500001	0.681116	0.689888	4	0	0
21	37000001	0.659253	0.689888	4	0	0
21	37500001	0.690056	0.689888	4	0	0
21	38000001	0.692195	0.689888	4	0	0
21	38500001	0.686479	0.689888	4	0	0
21	39000001	0.671006	0.689888	4	0	0
21	39500001	0.672354	0.689888	4	0	0
21	40000001	0.673719	0.689888	4	0	0
21	40500001	0.649012	0.689888	4	0	0
21	41000001	0.718933	0.689888	4	0	0
21	41500001	0.677072	0.689888	4	0	0
21	42000001	0.699001	0.689888	4	0	0
21	42500001	0.71406	0.689888	4	0	0
21	43000001	0.51809	0.660869	4	0	0
21	43500001	0.657742	0.660869	4	0	0
21	44000001	0.554022	0.660869	4	0	0
21	44500001	0.727104	0.660869	4	0	0
21	45000001	0.746633	0.660869	4	0	0
21	45500001	0.696793	0.660869	4	0	0
21	46000001	0.663997	0.660869	4	0	0
21	46500001	0.321741	0.660869	4	0	0
22	1	-1	-1	-1	0	0
22	500001	-1	-1	-1	0	0
22	1000001	-1	-1	-1	0	0
22	1500001	-1	-1	-1	0	0
22	2000001	-1	-1	-1	0	0
22	2500001	-1	-1	-1	0	0
22	3000001	-1	-1	-1	0	0
22	3500001	-1	-1	-1	0	0
22	4000001	-1	-1	-1	0	0
22	4500001	-1	-1	-1	0	0
22	5000001	-1	-1	-1	0	0
22	5500001	-1	-1	-1	0	0
22	6000001	-1	-1	-1	0	0
22	6500001	-1	-1	-1	0	0
22	7000001	-1	-1	-1	0	0
22	7500001	-1	-1	-1	0	0
22	8000001	-1	-1	-1	0	0
22	8500001	-1	-1	-1	0	0
22	9000001	-1	-1	-1	0	0
22	9500001	-1	-1	-1	0	0
22	10000001	-1	-1	-1	0	0
22	10500001	-1	-1	-1	0	0
22	11000001	-1	-1	-1	0	0
22	11500001	-1	-1	-1	0	0
22	12000001	-1	-1	-1	0	0
22	12500001	-1	-1	-1	0	0
22	13000001	0.355383	0.355383	2	0	0
22	13500001	0.63408	0.63408	4	0	0
22	14000001	0.80966	0.810446	5	0	0
22	14500001	0.811233	0.810446	5	0	0
22	15000001	-1	-1	-1	0	0
22	15500001	1.01355	1.01355	6	0	0
22	16000001	0.698262	0.712461	4	0	0
22	16500001	0.686906	0.712461	4	0	0
22	17000001	0.668125	0.712461	4	0	0
22	17500001	0.686537	0.712461	4	0	0
22	18000001	-1	0.712461	4	0	0
22	18500001	0.717361	0.712461	4	0	0
22	19000001	0.721939	0.712461	4	0	0
22	19500001	0.753173	0.712461	4	0	0
22	20000001	0.707959	0.712461	4	0	0
22	20500001	0.721339	0.712461	4	0	0
22	21000001	0.67147	0.712461	4	0	0
22	21500001	0.683751	0.712461	4	0	0
22	22000001	0.67722	0.712461	4	0	0
22	22500001	0.696244	0.712461	4	0	0
22	23000001	0.736094	0.712461	4	0	0
22	23500001	0.712461	0.712461	4	0	0
22	24000001	0.780192	0.712461	4	0	0
22	24500001	0.744719	0.712461	4	0	0
22	25000001	0.682524	0.712461	4	0	0
22	25500001	0.68377	0.712461	4	0	0
22	26000001	0.753619	0.712461	4	0	0
22	26500001	0.765481	0.712461	4	0	0
22	27000001	0.746557	0.712461	4	0	0
22	27500001	0.718871	0.712461	4	0	0
22	28000001	0.706632	0.712461	4	0	0
22	28500001	0.690262	0.712461	4	0	0
22	29000001	0.751125	0.712461	4	0	0
22	29500001	0.692492	0.712461	4	0	0
22	30000001	0.758618	0.712461	4	0	0
22	30500001	0.73398	0.712461	4	0	0
22	31000001	0.653983	0.647614	4	0	0
22	31500001	0.663386	0.647614	4	0	0
22	32000001	0.670496	0.647614	4	0	0
22	32500001	0.630765	0.647614	4	0	0
22	33000001	0.648383	0.647614	4	0	0
22	33500001	0.621476	0.647614	4	0	0
22	34000001	0.637909	0.647614	4	0	0
22	34500001	0.646845	0.647614	4	0	0
22	35000001	0.68447	0.68669	4	0	0
22	35500001	0.688434	0.68669	4	0	0
22	36000001	0.697953	0.68669	4	0	0
22	36500001	0.711622	0.68669	4	0	0
22	37000001	0.733234	0.68669	4	0	0
22	37500001	0.703207	0.68669	4	0	0
22	38000001	0.683079	0.68669	4	0	0
22	38500001	0.692857	0.68669	4	0	0
22	39000001	0.68669	0.68669	4	0	0
22	39500001	0.691887	0.68669	4	0	0
22	40000001	0.67705	0.68669	4	0	0
22	40500001	0.669612	0.68669	4	0	0
22	41000001	0.657563	0.68669	4	0	0
22	41500001	0.707948	0.68669	4	0	0
22	42000001	0.665865	0.68669	4	0	0
22	42500001	0.739157	0.68669	4	0	0
22	43000001	0.62781	0.68669	4	0	0
22	43500001	0.636387	0.68669	4	0	0
22	44000001	0.666249	0.68669	4	0	0
22	44500001	0.693133	0.68669	4	0	0
22	45000001	0.687099	0.68669	4	0	0
22	45500001	0.67777	0.68669	4	0	0
22	46000001	0.708484	0.68669	4	0	0
22	46500001	0.637522	0.68669	4	0	0
22	47000001	0.668192	0.68669	4	0	0
22	47500001	0.616413	0.624374	4	0	0
22	48000001	0.60466	0.624374	4	0	0
22	48500001	0.624374	0.624374	4	0	0
22	49000001	0.644383	0.624374	4	0	0
22	49500001	0.665873	0.624374	4	0	0
22	50000001	0.691344	0.624374	4	0	0
22	50500001	0.442436	0.624374	4	0	0
3	1	1.05697	1.03724	6	0	0
3	500001	1.05745	1.03724	6	0	0
3	1000001	0.947988	1.03724	6	0	0
3	1500001	1.00164	1.03724	6	0	0
3	2000001	0.973373	1.03724	6	0	0
3	2500001	0.972615	1.03724	6	0	0
3	3000001	0.977146	1.03724	6	0	0
3	3500001	1.03909	1.03724	6	0	0
3	4000001	1.02638	1.03724	6	0	0
3	4500001	1.0845	1.03724	6	0	0
3	5000001	0.980577	1.03724	6	0	0
3	5500001	1.00305	1.03724	6	0	0
3	6000001	0.974447	1.03724	6	0	0
3	6500001	0.951389	1.03724	6	0	0
3	7000001	0.973301	1.03724	6	0	0
3	7500001	1.03289	1.03724	6	0	0
3	8000001	1.06032	1.03724	6	0	0
3	8500001	1.064	1.03724	6	0	0
3	9000001	1.082	1.03724	6	0	0
3	9500001	1.04616	1.03724	6	0	0
3	10000001	1.08924	1.03724	6	0	0
3	10500001	1.12447	1.03724	6	0	0
3	11000001	1.01218	1.03724	6	0	0
3	11500001	1.05897	1.03724	6	0	0
3	12000001	1.05655	1.03724	6	0	0
3	12500001	0.99726	1.03724	6	0	0
3	13000001	1.04174	1.03724	6	0	0
3	13500001	1.07906	1.03724	6	0	0
3	14000001	1.06973	1.03724	6	0	0
3	14500001	1.08386	1.03724	6	0	0
3	15000001	1.06426	1.03724	6	0	0
3	15500001	1.07445	1.03724	6	0	0
3	16000001	1.09835	1.03724	6	0	0
3	16500001	1.06382	1.03724	6	0	0
3	17000001	1.08528	1.03724	6	0	0
3	17500001	1.06337	1.03724	6	0	0
3	18000001	1.02719	1.03724	6	0	0
3	18500001	1.05655	1.03724	6	0	0
3	19000001	1.02683	1.03724	6	0	0
3	19500001	1.07361	1.03724	6	0	0
3	20000001	1.0007	1.03724	6	0	0
3	20500001	1.04183	1.03724	6	0	0
3	21000001	1.10178	1.03724	6	0	0
3	21500001	1.04744	1.03724	6	0	0
3	22000001	1.08736	1.03724	6	0	0
3	22500001	1.02311	1.03724	6	0	0
3	23000001	1.08463	1.03724	6	0	0
3	23500001	1.01794	1.03724	6	0	0
3	24000001	1.07117	1.03724	6	0	0
3	24500001	1.02444	1.03724	6	0	0
3	25000001	1.02091	1.03724	6	0	0
3	25500001	1.0085	1.03724	6	0	0
3	26000001	0.989146	1.03724	6	0	0
3	26500001	0.978907	1.03724	6	0	0
3	27000001	1.05745	1.03724	6	0	0
3	27500001	0.975719	1.03724	6	0	0
3	28000001	1.04874	1.03724	6	0	0
3	28500001	1.08289	1.03724	6	0	0
3	29000001	1.04942	1.03724	6	0	0
3	29500001	0.976811	1.03724	6	0	0
3	30000001	1.10869	1.03724	6	0	0
3	30500001	1.04749	1.03724	6	0	0
3	31000001	1.07373	1.03724	6	0	0
3	31500001	0.986615	1.03724	6	0	0
3	32000001	1.0205	1.03724	6	0	0
3	32500001	1.00312	1.03724	6	0	0
3	33000001	1.01091	1.03724	6	0	0
3	33500001	1.06402	1.03724	6	0	0
3	34000001	1.02888	1.03724	6	0	0
3	34500001	1.0156	1.03724	6	0	0
3	35000001	1.01925	1.03724	6	0	0
3	35500001	1.05464	1.03724	6	0	0
3	36000001	1.03246	1.03724	6	0	0
3	36500001	1.04345	1.03724	6	0	0
3	37000001	1.03063	1.03724	6	0	0
3	37500001	1.07681	1.03724	6	0	0
3	38000001	1.07555	1.03724	6	0	0
3	38500001	1.08553	1.03724	6	0	0
3	39000001	1.03873	1.03724	6	0	0
3	39500001	1.0265	1.03724	6	0	0
3	40000001	0.979499	1.03724	6	0	0
3	40500001	1.04266	1.03724	6	0	0
3	41000001	1.04801	1.03724	6	0	0
3	41500001	1.02407	1.03724	6	0	0
3	42000001	1.0353	1.03724	6	0	0
3	42500001	1.06339	1.03724	6	0	0
3	43000001	1.07101	1.03724	6	0	0
3	43500001	1.11331	1.03724	6	0	0
3	44000001	1.04298	1.03724	6	0	0
3	44500001	1.04896	1.03724	6	0	0
3	45000001	1.11043	1.03724	6	0	0
3	45500001	1.10485	1.03724	6	0	0
3	46000001	1.08587	1.03724	6	0	0
3	46500001	1.08118	1.03724	6	0	0
3	47000001	1.03503	1.03724	6	0	0
3	47500001	1.05199	1.03724	6	0	0
3	48000001	1.04344	1.03724	6	0	0
3	48500001	1.04178	1.03724	6	0	0
3	49000001	1.06105	1.03724	6	0	0
3	49500001	1.04247	1.03724	6	0	0
3	50000001	1.09478	1.03724	6	0	0
3	50500001	1.01795	1.03724	6	0	0
3	51000001	1.08029	1.03724	6	0	0
3	51500001	1.05065	1.03724	6	0	0
3	52000001	1.15667	1.03724	6	0	0
3	52500001	1.08238	1.03724	6	0	0
3	53000001	1.07759	1.03724	6	0	0
3	53500001	1.0833	1.03724	6	0	0
3	54000001	0.972473	1.03724	6	0	0
3	54500001	0.967348	1.03724	6	0	0
3	55000001	0.984608	1.03724	6	0	0
3	55500001	0.941394	1.03724	6	0	0
3	56000001	1.01623	1.03724	6	0	0
3	56500001	1.01651	1.03724	6	0	0
3	57000001	1.03748	1.03724	6	0	0
3	57500001	1.03089	1.03724	6	0	0
3	58000001	1.05508	1.03724	6	0	0
3	58500001	1.08677	1.03724	6	0	0
3	59000001	1.01706	1.03724	6	0	0
3	59500001	1.00203	1.03724	6	0	0
3	60000001	0.945651	1.03724	6	0	0
3	60500001	1.01946	1.03724	6	0	0
3	61000001	1.03766	1.03724	6	0	0
3	61500001	1.03963	1.03724	6	0	0
3	62000001	1.00244	1.03724	6	0	0
3	62500001	1.00258	1.03724	6	0	0
3	63000001	1.06184	1.03724	6	0	0
3	63500001	1.08597	1.03724	6	0	0
3	64000001	1.09159	1.03724	6	0	0
3	64500001	1.05556	1.03724	6	0	0
3	65000001	1.00644	1.03724	6	0	0
3	65500001	0.991102	1.03724	6	0	0
3	66000001	1.05843	1.03724	6	0	0
3	66500001	0.989578	1.03724	6	0	0
3	67000001	1.02837	1.03724	6	0	0
3	67500001	0.966617	1.03724	6	0	0
3	68000001	0.990567	1.03724	6	0	0
3	68500001	1.03208	1.03724	6	0	0
3	69000001	1.01935	1.03724	6	0	0
3	69500001	1.02504	1.03724	6	0	0
3	70000001	1.03965	1.03724	6	0	0
3	70500001	1.0124	1.03724	6	0	0
3	71000001	0.944536	1.03724	6	0	0
3	71500001	1.00069	1.03724	6	0	0
3	72000001	1.04	1.03724	6	0	0
3	72500001	1.01999	1.03724	6	0	0
3	73000001	1.02458	1.03724	6	0	0
3	73500001	1.00673	1.03724	6	0	0
3	74000001	1.01388	1.03724	6	0	0
3	74500001	1.03155	1.03724	6	0	0
3	75000001	0.995715	1.03724	6	0	0
3	75500001	1.18774	1.03724	6	0	0
3	76000001	1.0805	1.03724	6	0	0
3	76500001	1.04662	1.03724	6	0	0
3	77000001	1.0194	1.03724	6	0	0
3	77500001	1.00451	1.03724	6	0	0
3	78000001	1.0037	1.03724	6	0	0
3	78500001	0.952098	1.03724	6	0	0
3	79000001	0.970651	1.03724	6	0	0
3	79500001	1.0265	1.03724	6	0	0
3	80000001	0.992419	1.03724	6	0	0
3	80500001	1.03859	1.03724	6	0	0
3	81000001	1.03724	1.03724	6	0	0
3	81500001	1.06911	1.03724	6	0	0
3	82000001	1.02078	1.03724	6	0	0
3	82500001	1.01854	1.03724	6	0	0
3	83000001	0.978077	1.03724	6	0	0
3	83500001	1.01517	1.03724	6	0	0
3	84000001	1.0134	1.03724	6	0	0
3	84500001	1.00143	1.03724	6	0	0
3	85000001	1.01005	1.03724	6	0	0
3	85500001	1.05543	1.03724	6	0	0
3	86000001	1.02332	1.03724	6	0	0
3	86500001	0.997182	1.03724	6	0	0
3	87000001	1.05536	1.03724	6	0	0
3	87500001	1.00405	1.03724	6	0	0
3	88000001	1.04401	1.03724	6	0	0
3	88500001	1.04876	1.03724	6	0	0
3	89000001	1.0204	1.03724	6	0	0
3	89500001	1.04287	1.03724	6	0	0
3	90000001	1.06869	1.03724	6	0	0
3	90500001	1.96071	1.96071	12	0	0
3	91000001	1.12463	1.05499	6	0	0
3	91500001	1.11137	1.05499	6	0	0
3	92000001	0.998619	1.05499	6	0	0
3	92500001	0.951353	1.05499	6	0	0
3	93000001	5.9023	5.9023	35	0	0
3	93500001	0.893614	0.893614	5	0	0
3	94000001	0.889074	0.893614	5	0	0
3	94500001	0.850245	0.893614	5	0	0
3	95000001	0.905333	0.893614	5	0	0
3	95500001	0.857198	0.893614	5	0	0
3	96000001	0.844671	0.893614	5	0	0
3	96500001	0.876922	0.893614	5	0	0
3	97000001	0.924658	0.893614	5	0	0
3	97500001	0.90934	0.893614	5	0	0
3	98000001	0.885109	0.893614	5	0	0
3	98500001	0.890839	0.893614	5	0	0
3	99000001	0.952335	0.893614	5	0	0
3	99500001	0.954504	0.893614	5	0	0
3	100000001	0.929844	0.893614	5	0	0
3	100500001	0.952255	0.893614	5	0	0
3	101000001	0.893782	0.893614	5	0	0
3	101500001	0.912955	0.893614	5	0	0
3	102000001	0.926794	0.893614	5	0	0
3	102500001	0.882255	0.893614	5	0	0
3	103000001	0.850031	0.893614	5	0	0
3	103500001	0.869331	0.893614	5	0	0
3	104000001	0.890069	0.893614	5	0	0
3	104500001	0.920326	0.893614	5	0	0
3	105000001	0.875313	0.893614	5	0	0
3	105500001	0.886753	0.893614	5	0	0
3	106000001	0.897891	0.893614	5	0	0
3	106500001	0.883252	0.893614	5	0	0
3	107000001	0.925306	0.893614	5	0	0
3	107500001	0.930101	0.893614	5	0	0
3	108000001	0.910892	0.893614	5	0	0
3	108500001	0.80713	0.893614	5	0	0
3	109000001	0.662179	0.705068	4	0	0
3	109500001	0.708834	0.705068	4	0	0
3	110000001	0.737706	0.705068	4	0	0
3	110500001	0.707378	0.705068	4	0	0
3	111000001	0.702931	0.705068	4	0	0
3	111500001	0.711502	0.705068	4	0	0
3	112000001	0.714169	0.705068	4	0	0
3	112500001	0.796168	0.705068	4	0	0
3	113000001	0.726115	0.705068	4	0	0
3	113500001	0.697575	0.705068	4	0	0
3	114000001	0.734811	0.705068	4	0	0
3	114500001	0.737188	0.705068	4	0	0
3	115000001	0.710208	0.705068	4	0	0
3	115500001	0.744058	0.705068	4	0	0
3	116000001	0.647592	0.705068	4	0	0
3	116500001	0.691108	0.705068	4	0	0
3	117000001	0.650153	0.705068	4	0	0
3	117500001	0.665363	0.705068	4	0	0
3	118000001	0.690765	0.705068	4	0	0
3	118500001	0.73109	0.705068	4	0	0
3	119000001	0.698571	0.705068	4	0	0
3	119500001	0.688542	0.705068	4	0	0
3	120000001	0.731437	0.705068	4	0	0
3	120500001	0.70808	0.705068	4	0	0
3	121000001	0.685362	0.705068	4	0	0
3	121500001	0.688214	0.705068	4	0	0
3	122000001	0.695245	0.705068	4	0	0
3	122500001	0.723738	0.705068	4	0	0
3	123000001	0.697748	0.705068	4	0	0
3	123500001	0.746512	0.705068	4	0	0
3	124000001	0.696236	0.705068	4	0	0
3	124500001	0.726282	0.705068	4	0	0
3	125000001	0.67798	0.705068	4	0	0
3	125500001	0.706031	0.705068	4	0	0
3	126000001	0.719742	0.705068	4	0	0
3	126500001	0.733262	0.705068	4	0	0
3	127000001	0.712356	0.705068	4	0	0
3	127500001	0.711933	0.705068	4	0	0
3	128000001	0.711443	0.705068	4	0	0
3	128500001	0.706821	0.705068	4	0	0
3	129000001	0.705068	0.705068	4	0	0
3	129500001	0.726261	0.705068	4	0	0
3	130000001	0.706547	0.705068	4	0	0
3	130500001	0.705563	0.705068	4	0	0
3	131000001	0.691928	0.705068	4	0	0
3	131500001	0.69861	0.705068	4	0	0
3	132000001	0.71332	0.705068	4	0	0
3	132500001	0.687443	0.705068	4	0	0
3	133000001	0.714282	0.705068	4	0	0
3	133500001	0.705485	0.705068	4	0	0
3	134000001	0.702436	0.705068	4	0	0
3	134500001	0.746012	0.705068	4	0	0
3	135000001	0.669309	0.705068	4	0	0
3	135500001	0.69345	0.705068	4	0	0
3	136000001	0.690155	0.705068	4	0	0
3	136500001	0.66325	0.705068	4	0	0
3	137000001	0.694392	0.705068	4	0	0
3	137500001	0.694771	0.705068	4	0	0
3	138000001	0.683721	0.705068	4	0	0
3	138500001	0.714678	0.705068	4	0	0
3	139000001	0.748625	0.705068	4	0	0
3	139500001	0.694776	0.705068	4	0	0
3	140000001	0.682278	0.705068	4	0	0
3	140500001	0.705072	0.705068	4	0	0
3	141000001	0.729939	0.705068	4	0	0
3	141500001	0.683993	0.705068	4	0	0
3	142000001	0.685646	0.705068	4	0	0
3	142500001	0.699904	0.705068	4	0	0
3	143000001	0.676815	0.705068	4	0	0
3	143500001	0.685154	0.705068	4	0	0
3	144000001	0.671669	0.705068	4	0	0
3	144500001	0.678645	0.705068	4	0	0
3	145000001	0.682768	0.705068	4	0	0
3	145500001	0.685728	0.705068	4	0	0
3	146000001	0.741108	0.705068	4	0	0
3	146500001	0.713353	0.705068	4	0	0
3	147000001	0.702571	0.705068	4	0	0
3	147500001	0.697132	0.705068	4	0	0
3	148000001	0.718371	0.705068	4	0	0
3	148500001	0.706497	0.705068	4	0	0
3	149000001	0.721975	0.705068	4	0	0
3	149500001	0.695576	0.705068	4	0	0
3	150000001	0.734229	0.705068	4	0	0
3	150500001	0.691	0.705068	4	0	0
3	151000001	0.662484	0.705068	4	0	0
3	151500001	0.673898	0.705068	4	0	0
3	152000001	0.715694	0.705068	4	0	0
3	152500001	0.734024	0.705068	4	0	0
3	153000001	0.686658	0.705068	4	0	0
3	153500001	0.691328	0.705068	4	0	0
3	154000001	0.662579	0.705068	4	0	0
3	154500001	0.692918	0.705068	4	0	0
3	155000001	0.660319	0.705068	4	0	0
3	155500001	0.711701	0.705068	4	0	0
3	156000001	0.725082	0.705068	4	0	0
3	156500001	0.744089	0.705068	4	0	0
3	157000001	0.723963	0.705068	4	0	0
3	157500001	0.72527	0.705068	4	0	0
3	158000001	0.689191	0.705068	4	0	0
3	158500001	0.699341	0.705068	4	0	0
3	159000001	0.747636	0.705068	4	0	0
3	159500001	0.744113	0.705068	4	0	0
3	160000001	0.716258	0.705068	4	0	0
3	160500001	0.698081	0.705068	4	0	0
3	161000001	0.704177	0.705068	4	0	0
3	161500001	0.728217	0.705068	4	0	0
3	162000001	0.711298	0.705068	4	0	0
3	162500001	0.849655	0.863176	5	0	0
3	163000001	0.886809	0.863176	5	0	0
3	163500001	0.874153	0.863176	5	0	0
3	164000001	0.891384	0.863176	5	0	0
3	164500001	0.910404	0.863176	5	0	0
3	165000001	0.885731	0.863176	5	0	0
3	165500001	0.852612	0.863176	5	0	0
3	166000001	0.850126	0.863176	5	0	0
3	166500001	0.847332	0.863176	5	0	0
3	167000001	0.851626	0.863176	5	0	0
3	167500001	0.866481	0.863176	5	0	0
3	168000001	0.864633	0.863176	5	0	0
3	168500001	0.870984	0.863176	5	0	0
3	169000001	0.885445	0.863176	5	0	0
3	169500001	0.861235	0.863176	5	0	0
3	170000001	0.784072	0.863176	5	0	0
3	170500001	0.955081	0.863176	5	0	0
3	171000001	0.943796	0.863176	5	0	0
3	171500001	0.866247	0.863176	5	0	0
3	172000001	0.907355	0.863176	5	0	0
3	172500001	0.918957	0.863176	5	0	0
3	173000001	0.909819	0.863176	5	0	0
3	173500001	0.861173	0.863176	5	0	0
3	174000001	0.808099	0.863176	5	0	0
3	174500001	0.861719	0.863176	5	0	0
3	175000001	0.843723	0.863176	5	0	0
3	175500001	0.832033	0.863176	5	0	0
3	176000001	0.866096	0.863176	5	0	0
3	176500001	0.86785	0.863176	5	0	0
3	177000001	0.842353	0.863176	5	0	0
3	177500001	0.828431	0.863176	5	0	0
3	178000001	0.880786	0.863176	5	0	0
3	178500001	0.858211	0.863176	5	0	0
3	179000001	0.875301	0.863176	5	0	0
3	179500001	0.851967	0.863176	5	0	0
3	180000001	0.882829	0.863176	5	0	0
3	180500001	0.810036	0.863176	5	0	0
3	181000001	0.825973	0.863176	5	0	0
3	181500001	0.786134	0.863176	5	0	0
3	182000001	0.855865	0.863176	5	0	0
3	182500001	0.851593	0.863176	5	0	0
3	183000001	0.907387	0.863176	5	0	0
3	183500001	0.85026	0.863176	5	0	0
3	184000001	0.870126	0.863176	5	0	0
3	184500001	0.84998	0.863176	5	0	0
3	185000001	0.873819	0.863176	5	0	0
3	185500001	0.846735	0.863176	5	0	0
3	186000001	0.880391	0.863176	5	0	0
3	186500001	0.876629	0.863176	5	0	0
3	187000001	0.845226	0.863176	5	0	0
3	187500001	0.898942	0.863176	5	0	0
3	188000001	0.828557	0.863176	5	0	0
3	188500001	1.17168	1.17168	7	0	0
3	189000001	1.71123	1.89859	11	0	0
3	189500001	1.94346	1.89859	11	0	0
3	190000001	2.02352	1.89859	11	0	0
3	190500001	1.93252	1.89859	11	0	0
3	191000001	1.8277	1.89859	11	0	0
3	191500001	1.89859	1.89859	11	0	0
3	192000001	1.83481	1.89859	11	0	0
3	192500001	1.86908	1.89859	11	0	0
3	193000001	1.91034	1.89859	11	0	0
3	193500001	1.89192	1.89859	11	0	0
3	194000001	1.99527	1.89859	11	0	0
3	194500001	1.06724	0.971896	6	0	0
3	195000001	0.876548	0.971896	6	0	0
3	195500001	1.44386	1.44386	9	0	0
3	196000001	1.1683	1.20757	7	0	0
3	196500001	1.20913	1.20757	7	0	0
3	197000001	1.28927	1.20757	7	0	0
3	197500001	1.20602	1.20757	7	0	0
3	198000001	-1	-1	-1	0	0
4	1	1.01049	1.02558	6	0	0
4	500001	1.05996	1.02558	6	0	0
4	1000001	0.976585	1.02558	6	0	0
4	1500001	1.034	1.02558	6	0	0
4	2000001	1.00386	1.02558	6	0	0
4	2500001	0.998749	1.02558	6	0	0
4	3000001	1.03456	1.02558	6	0	0
4	3500001	1.06879	1.02558	6	0	0
4	4000001	0.980987	1.02558	6	0	0
4	4500001	1.01912	1.02558	6	0	0
4	5000001	0.97913	1.02558	6	0	0
4	5500001	1.01359	1.02558	6	0	0
4	6000001	1.03203	1.02558	6	0	0
4	6500001	1.01363	1.02558	6	0	0
4	7000001	1.05252	1.02558	6	0	0
4	7500001	1.09143	1.02558	6	0	0
4	8000001	1.04837	1.02558	6	0	0
4	8500001	1.06645	1.02558	6	0	0
4	9000001	0.944311	0.993223	6	0	0
4	9500001	0.952142	0.993223	6	0	0
4	10000001	0.966157	0.993223	6	0	0
4	10500001	1.01571	0.993223	6	0	0
4	11000001	1.01602	0.993223	6	0	0
4	11500001	1.01236	0.993223	6	0	0
4	12000001	1.01551	0.993223	6	0	0
4	12500001	1.00402	0.993223	6	0	0
4	13000001	1.025	0.993223	6	0	0
4	13500001	1.00252	0.993223	6	0	0
4	14000001	1.04685	0.993223	6	0	0
4	14500001	0.978105	0.993223	6	0	0
4	15000001	1.03735	0.993223	6	0	0
4	15500001	1.04952	0.993223	6	0	0
4	16000001	1.03491	0.993223	6	0	0
4	16500001	0.949979	0.993223	6	0	0
4	17000001	0.979133	0.993223	6	0	0
4	17500001	0.960235	0.993223	6	0	0
4	18000001	1.01072	0.993223	6	0	0
4	18500001	0.953252	0.993223	6	0	0
4	19000001	1.00169	0.993223	6	0	0
4	19500001	1.03186	0.993223	6	0	0
4	20000001	1.02989	0.993223	6	0	0
4	20500001	1.00835	0.993223	6	0	0
4	21000001	1.01542	0.993223	6	0	0
4	21500001	1.05126	0.993223	6	0	0
4	22000001	1.00732	0.993223	6	0	0
4	22500001	1.00739	0.993223	6	0	0
4	23000001	1.02068	0.993223	6	0	0
4	23500001	0.958431	0.993223	6	0	0
4	24000001	0.985131	0.993223	6	0	0
4	24500001	1.00565	0.993223	6	0	0
4	25000001	1.02085	0.993223	6	0	0
4	25500001	0.947448	0.993223	6	0	0
4	26000001	0.985713	0.993223	6	0	0
4	26500001	1.01217	0.993223	6	0	0
4	27000001	0.98323	0.993223	6	0	0
4	27500001	1.00257	0.993223	6	0	0
4	28000001	0.946918	0.993223	6	0	0
4	28500001	0.96242	0.993223	6	0	0
4	29000001	0.960954	0.993223	6	0	0
4	29500001	0.983778	0.993223	6	0	0
4	30000001	0.944929	0.993223	6	0	0
4	30500001	0.954817	0.993223	6	0	0
4	31000001	0.955816	0.993223	6	0	0
4	31500001	0.958171	0.993223	6	0	0
4	32000001	0.937179	0.993223	6	0	0
4	32500001	1.01228	0.993223	6	0	0
4	33000001	0.988174	0.993223	6	0	0
4	33500001	1.02008	0.993223	6	0	0
4	34000001	0.9897	0.993223	6	0	0
4	34500001	0.94586	0.993223	6	0	0
4	35000001	1.03263	0.993223	6	0	0
4	35500001	1.07204	0.993223	6	0	0
4	36000001	1.03593	0.993223	6	0	0
4	36500001	0.979701	0.993223	6	0	0
4	37000001	0.997029	0.993223	6	0	0
4	37500001	0.979555	0.993223	6	0	0
4	38000001	0.992037	0.993223	6	0	0
4	38500001	1.04851	0.993223	6	0	0
4	39000001	1.00959	0.993223	6	0	0
4	39500001	0.937549	0.993223	6	0	0
4	40000001	0.972785	0.993223	6	0	0
4	40500001	0.943685	0.993223	6	0	0
4	41000001	1.05397	0.993223	6	0	0
4	41500001	1.04739	0.993223	6	0	0
4	42000001	0.970462	0.993223	6	0	0
4	42500001	0.994409	0.993223	6	0	0
4	43000001	0.922942	0.993223	6	0	0
4	43500001	0.986559	0.993223	6	0	0
4	44000001	0.983879	0.993223	6	0	0
4	44500001	0.98108	0.993223	6	0	0
4	45000001	0.955855	0.993223	6	0	0
4	45500001	0.958103	0.993223	6	0	0
4	46000001	0.953174	0.993223	6	0	0
4	46500001	0.959483	0.993223	6	0	0
4	47000001	1.02496	0.993223	6	0	0
4	47500001	1.07398	0.993223	6	0	0
4	48000001	1.01518	0.993223	6	0	0
4	48500001	1.02104	0.993223	6	0	0
4	49000001	-1	-1	-1	0	0
4	49500001	2.8396	2.8396	17	0	0
4	50000001	1.67616	1.67616	10	0	0
4	50500001	1.38207	1.38207	8	0	0
4	51000001	1.07582	0.983981	6	0	0
4	51500001	0.946783	0.983981	6	0	0
4	52000001	1.0233	0.983981	6	0	0
4	52500001	0.943387	0.983981	6	0	0
4	53000001	1.0136	0.983981	6	0	0
4	53500001	1.02891	0.983981	6	0	0
4	54000001	0.978795	0.983981	6	0	0
4	54500001	1.00971	0.983981	6	0	0
4	55000001	1.05575	0.983981	6	0	0
4	55500001	1.00641	0.983981	6	0	0
4	56000001	1.02516	0.983981	6	0	0
4	56500001	1.00063	0.983981	6	0	0
4	57000001	1.03598	0.983981	6	0	0
4	57500001	0.97269	0.983981	6	0	0
4	58000001	0.938415	0.983981	6	0	0
4	58500001	1.0008	0.983981	6	0	0
4	59000001	0.968962	0.983981	6	0	0
4	59500001	1.00191	0.983981	6	0	0
4	60000001	0.962899	0.983981	6	0	0
4	60500001	0.999939	0.983981	6	0	0
4	61000001	0.952039	0.983981	6	0	0
4	61500001	0.978009	0.983981	6	0	0
4	62000001	1.00394	0.983981	6	0	0
4	62500001	0.96735	0.983981	6	0	0
4	63000001	1.00338	0.983981	6	0	0
4	63500001	0.978464	0.983981	6	0	0
4	64000001	0.97539	0.983981	6	0	0
4	64500001	0.988416	0.983981	6	0	0
4	65000001	1.00967	0.983981	6	0	0
4	65500001	0.98567	0.983981	6	0	0
4	66000001	0.985569	0.983981	6	0	0
4	66500001	0.984643	0.983981	6	0	0
4	67000001	0.936628	0.983981	6	0	0
4	67500001	0.968195	0.983981	6	0	0
4	68000001	1.00841	0.983981	6	0	0
4	68500001	0.826897	0.983981	6	0	0
4	69000001	0.989277	0.983981	6	0	0
4	69500001	0.944733	0.983981	6	0	0
4	70000001	1.0188	0.983981	6	0	0
4	70500001	0.933526	0.983981	6	0	0
4	71000001	0.977203	0.983981	6	0	0
4	71500001	0.956057	0.983981	6	0	0
4	72000001	1.02035	0.983981	6	0	0
4	72500001	0.974848	0.983981	6	0	0
4	73000001	0.972917	0.983981	6	0	0
4	73500001	1.03688	0.983981	6	0	0
4	74000001	1.08019	0.983981	6	0	0
4	74500001	1.05628	0.983981	6	0	0
4	75000001	1.03825	0.983981	6	0	0
4	75500001	0.913046	0.983981	6	0	0
4	76000001	1.02765	0.983981	6	0	0
4	76500001	1.03809	0.983981	6	0	0
4	77000001	1.04364	0.983981	6	0	0
4	77500001	0.999718	0.983981	6	0	0
4	78000001	1.00168	0.983981	6	0	0
4	78500001	1.01776	0.983981	6	0	0
4	79000001	1.00481	0.983981	6	0	0
4	79500001	0.993699	0.983981	6	0	0
4	80000001	1.01032	0.983981	6	0	0
4	80500001	0.984657	0.983981	6	0	0
4	81000001	0.974558	0.983981	6	0	0
4	81500001	0.952983	0.983981	6	0	0
4	82000001	0.997166	0.983981	6	0	0
4	82500001	0.977462	0.983981	6	0	0
4	83000001	0.987239	0.983981	6	0	0
4	83500001	0.990344	0.983981	6	0	0
4	84000001	0.985349	0.983981	6	0	0
4	84500001	0.978493	0.983981	6	0	0
4	85000001	1.00497	0.983981	6	0	0
4	85500001	1.0033	0.983981	6	0	0
4	86000001	1.00294	0.983981	6	0	0
4	86500001	0.957712	0.983981	6	0	0
4	87000001	0.967619	0.983981	6	0	0
4	87500001	0.975587	0.983981	6	0	0
4	88000001	0.947681	0.983981	6	0	0
4	88500001	0.97266	0.983981	6	0	0
4	89000001	0.97093	0.983981	6	0	0
4	89500001	0.949629	0.983981	6	0	0
4	90000001	0.986248	0.983981	6	0	0
4	90500001	0.961927	0.983981	6	0	0
4	91000001	0.944264	0.983981	6	0	0
4	91500001	0.965002	0.983981	6	0	0
4	92000001	0.966135	0.983981	6	0	0
4	92500001	0.999123	0.983981	6	0	0
4	93000001	0.975088	0.983981	6	0	0
4	93500001	0.952981	0.983981	6	0	0
4	94000001	0.95882	0.983981	6	0	0
4	94500001	0.994062	0.983981	6	0	0
4	95000001	0.952133	0.983981	6	0	0
4	95500001	0.963241	0.983981	6	0	0
4	96000001	0.959091	0.983981	6	0	0
4	96500001	0.99131	0.983981	6	0	0
4	97000001	1.00223	0.983981	6	0	0
4	97500001	0.981938	0.983981	6	0	0
4	98000001	0.978357	0.983981	6	0	0
4	98500001	0.947404	0.983981	6	0	0
4	99000001	1.02377	0.983981	6	0	0
4	99500001	1.0273	0.983981	6	0	0
4	100000001	0.942357	0.983981	6	0	0
4	100500001	1.01486	0.983981	6	0	0
4	101000001	1.0577	0.983981	6	0	0
4	101500001	0.99723	0.983981	6	0	0
4	102000001	0.972012	0.983981	6	0	0
4	102500001	0.993135	0.983981	6	0	0
4	103000001	0.983158	0.983981	6	0	0
4	103500001	0.965763	0.983981	6	0	0
4	104000001	0.943269	0.983981	6	0	0
4	104500001	0.939421	0.983981	6	0	0
4	105000001	1.0071	0.983981	6	0	0
4	105500001	0.997817	0.983981	6	0	0
4	106000001	0.969691	0.983981	6	0	0
4	106500001	0.945273	0.983981	6	0	0
4	107000001	0.949103	0.983981	6	0	0
4	107500001	0.983482	0.983981	6	0	0
4	108000001	0.974611	0.983981	6	0	0
4	108500001	0.948277	0.983981	6	0	0
4	109000001	0.984493	0.983981	6	0	0
4	109500001	0.981297	0.983981	6	0	0
4	110000001	0.92545	0.983981	6	0	0
4	110500001	0.984624	0.983981	6	0	0
4	111000001	1.00816	0.983981	6	0	0
4	111500001	1.03891	0.983981	6	0	0
4	112000001	1.01635	0.983981	6	0	0
4	112500001	0.957999	0.983981	6	0	0
4	113000001	0.996414	0.983981	6	0	0
4	113500001	1.01028	0.983981	6	0	0
4	114000001	0.990695	0.983981	6	0	0
4	114500001	0.979009	0.983981	6	0	0
4	115000001	0.973133	0.983981	6	0	0
4	115500001	0.957539	0.983981	6	0	0
4	116000001	0.944783	0.983981	6	0	0
4	116500001	1.00225	0.983981	6	0	0
4	117000001	1.04059	0.983981	6	0	0
4	117500001	0.983981	0.983981	6	0	0
4	118000001	0.951129	0.983981	6	0	0
4	118500001	1.01273	0.983981	6	0	0
4	119000001	0.943202	0.983981	6	0	0
4	119500001	0.984265	0.983981	6	0	0
4	120000001	0.980679	0.983981	6	0	0
4	120500001	0.968726	0.983981	6	0	0
4	121000001	0.997788	0.983981	6	0	0
4	121500001	1.02111	0.983981	6	0	0
4	122000001	1.02993	0.983981	6	0	0
4	122500001	1.03719	0.983981	6	0	0
4	123000001	0.991644	0.983981	6	0	0
4	123500001	1.01122	0.983981	6	0	0
4	124000001	0.98135	0.983981	6	0	0
4	124500001	1.02534	0.983981	6	0	0
4	125000001	1.03641	0.983981	6	0	0
4	125500001	1.01828	0.983981	6	0	0
4	126000001	1.02832	0.983981	6	0	0
4	126500001	1.0064	0.983981	6	0	0
4	127000001	1.02099	0.983981	6	0	0
4	127500001	1.01813	0.983981	6	0	0
4	128000001	0.966278	0.983981	6	0	0
4	128500001	0.977893	0.983981	6	0	0
4	129000001	1.02587	0.983981	6	0	0
4	129500001	0.982493	0.983981	6	0	0
4	130000001	0.954918	0.983981	6	0	0
4	130500001	0.96799	0.983981	6	0	0
4	131000001	0.975162	0.983981	6	0	0
4	131500001	0.925079	0.983981	6	0	0
4	132000001	0.954562	0.983981	6	0	0
4	132500001	0.962718	0.983981	6	0	0
4	133000001	1.002	0.983981	6	0	0
4	133500001	1.00975	0.983981	6	0	0
4	134000001	1.00916	0.983981	6	0	0
4	134500001	0.987782	0.983981	6	0	0
4	135000001	0.984922	0.983981	6	0	0
4	135500001	1.01202	0.983981	6	0	0
4	136000001	1.02263	0.983981	6	0	0
4	136500001	0.993536	0.983981	6	0	0
4	137000001	0.956029	0.983981	6	0	0
4	137500001	1.01918	0.983981	6	0	0
4	138000001	0.972981	0.983981	6	0	0
4	138500001	0.974736	0.983981	6	0	0
4	139000001	0.968028	0.983981	6	0	0
4	139500001	0.964717	0.983981	6	0	0
4	140000001	0.959506	0.983981	6	0	0
4	140500001	0.953108	0.983981	6	0	0
4	141000001	0.987372	0.983981	6	0	0
4	141500001	0.991756	0.983981	6	0	0
4	142000001	1.0246	0.983981	6	0	0
4	142500001	1.01511	0.983981	6	0	0
4	143000001	1.002	0.983981	6	0	0
4	143500001	0.975598	0.983981	6	0	0
4	144000001	0.995515	0.983981	6	0	0
4	144500001	0.984844	0.983981	6	0	0
4	145000001	0.945594	0.983981	6	0	0
4	145500001	0.967449	0.983981	6	0	0
4	146000001	1.0134	0.983981	6	0	0
4	146500001	0.951813	0.983981	6	0	0
4	147000001	1.02447	0.983981	6	0	0
4	147500001	0.937376	0.983981	6	0	0
4	148000001	0.922434	0.983981	6	0	0
4	148500001	0.935466	0.983981	6	0	0
4	149000001	0.964797	0.983981	6	0	0
4	149500001	0.99782	0.983981	6	0	0
4	150000001	0.963865	0.983981	6	0	0
4	150500001	0.994974	0.983981	6	0	0
4	151000001	0.928289	0.983981	6	0	0
4	151500001	0.988254	0.983981	6	0	0
4	152000001	0.965061	0.983981	6	0	0
4	152500001	0.961448	0.983981	6	0	0
4	153000001	0.951954	0.983981	6	0	0
4	153500001	0.955921	0.983981	6	0	0
4	154000001	0.999255	0.983981	6	0	0
4	154500001	0.992986	0.983981	6	0	0
4	155000001	0.96552	0.983981	6	0	0
4	155500001	0.987926	0.983981	6	0	0
4	156000001	1.03764	0.983981	6	0	0
4	156500001	1.04494	0.983981	6	0	0
4	157000001	1.06677	0.983981	6	0	0
4	157500001	1.0206	0.983981	6	0	0
4	158000001	1.03489	0.983981	6	0	0
4	158500001	0.932118	0.983981	6	0	0
4	159000001	0.994062	0.983981	6	0	0
4	159500001	0.956873	0.983981	6	0	0
4	160000001	0.962771	0.983981	6	0	0
4	160500001	0.943087	0.983981	6	0	0
4	161000001	0.956374	0.983981	6	0	0
4	161500001	1.00453	0.983981	6	0	0
4	162000001	0.966473	0.983981	6	0	0
4	162500001	0.950868	0.983981	6	0	0
4	163000001	0.966904	0.983981	6	0	0
4	163500001	1.01082	0.983981	6	0	0
4	164000001	1.01533	0.983981	6	0	0
4	164500001	0.939195	0.983981	6	0	0
4	165000001	0.949393	0.983981	6	0	0
4	165500001	0.926161	0.983981	6	0	0
4	166000001	0.939272	0.983981	6	0	0
4	166500001	0.935805	0.983981	6	0	0
4	167000001	1.01041	0.983981	6	0	0
4	167500001	0.994213	0.983981	6	0	0
4	168000001	1.08826	0.983981	6	0	0
4	168500001	1.02092	0.983981	6	0	0
4	169000001	1.00109	0.983981	6	0	0
4	169500001	0.969374	0.983981	6	0	0
4	170000001	0.954527	0.983981	6	0	0
4	170500001	0.902198	0.983981	6	0	0
4	171000001	0.930295	0.983981	6	0	0
4	171500001	0.958084	0.983981	6	0	0
4	172000001	0.910089	0.983981	6	0	0
4	172500001	0.970235	0.983981	6	0	0
4	173000001	0.970438	0.983981	6	0	0
4	173500001	0.990518	0.983981	6	0	0
4	174000001	0.95822	0.983981	6	0	0
4	174500001	0.989468	0.983981	6	0	0
4	175000001	0.983483	0.983981	6	0	0
4	175500001	1.00194	0.983981	6	0	0
4	176000001	0.97167	0.983981	6	0	0
4	176500001	0.989896	0.983981	6	0	0
4	177000001	0.98922	0.983981	6	0	0
4	177500001	0.980154	0.983981	6	0	0
4	178000001	0.949978	0.983981	6	0	0
4	178500001	0.953127	0.983981	6	0	0
4	179000001	0.990065	0.983981	6	0	0
4	179500001	0.933158	0.933158	6	0	0
4	180000001	0.967739	0.933158	6	0	0
4	180500001	0.961552	0.933158	6	0	0
4	181000001	0.913685	0.933158	6	0	0
4	181500001	0.875706	0.933158	6	0	0
4	182000001	0.912091	0.933158	6	0	0
4	182500001	0.936905	0.933158	6	0	0
4	183000001	1.00729	0.933158	6	0	0
4	183500001	0.961399	0.933158	6	0	0
4	184000001	1.02043	0.933158	6	0	0
4	184500001	0.961976	0.933158	6	0	0
4	185000001	0.950501	0.933158	6	0	0
4	185500001	1.00639	0.933158	6	0	0
4	186000001	0.930095	0.933158	6	0	0
4	186500001	0.923465	0.933158	6	0	0
4	187000001	0.904341	0.933158	6	0	0
4	187500001	0.908743	0.933158	6	0	0
4	188000001	0.859717	0.933158	6	0	0
4	188500001	0.893709	0.933158	6	0	0
4	189000001	0.927346	0.933158	6	0	0
4	189500001	0.952725	0.933158	6	0	0
4	190000001	-1	-1	-1	0	0
5	1	1.45609	1.35145	8	0	0
5	500001	1.3821	1.35145	8	0	0
5	1000001	1.36292	1.35145	8	0	0
5	1500001	1.39765	1.35145	8	0	0
5	2000001	1.27304	1.35145	8	0	0
5	2500001	1.23994	1.35145	8	0	0
5	3000001	1.23966	1.35145	8	0	0
5	3500001	1.27779	1.35145	8	0	0
5	4000001	1.22392	1.35145	8	0	0
5	4500001	1.4211	1.35145	8	0	0
5	5000001	1.39249	1.35145	8	0	0
5	5500001	1.35696	1.35145	8	0	0
5	6000001	1.28606	1.35145	8	0	0
5	6500001	1.33636	1.35145	8	0	0
5	7000001	1.26748	1.35145	8	0	0
5	7500001	1.3146	1.35145	8	0	0
5	8000001	1.2527	1.35145	8	0	0
5	8500001	1.28895	1.35145	8	0	0
5	9000001	1.28634	1.35145	8	0	0
5	9500001	1.41124	1.35145	8	0	0
5	10000001	1.39776	1.35145	8	0	0
5	10500001	1.37743	1.35145	8	0	0
5	11000001	1.33338	1.35145	8	0	0
5	11500001	1.28836	1.35145	8	0	0
5	12000001	1.28814	1.35145	8	0	0
5	12500001	1.34414	1.35145	8	0	0
5	13000001	1.38641	1.35145	8	0	0
5	13500001	1.43041	1.35145	8	0	0
5	14000001	1.3802	1.35145	8	0	0
5	14500001	1.36727	1.35145	8	0	0
5	15000001	1.31082	1.35145	8	0	0
5	15500001	1.31941	1.35145	8	0	0
5	16000001	1.34355	1.35145	8	0	0
5	16500001	1.34058	1.35145	8	0	0
5	17000001	1.27435	1.35145	8	0	0
5	17500001	1.69266	1.35145	8	0	0
5	18000001	1.30884	1.35145	8	0	0
5	18500001	1.30208	1.35145	8	0	0
5	19000001	1.27005	1.35145	8	0	0
5	19500001	1.32067	1.35145	8	0	0
5	20000001	1.33525	1.35145	8	0	0
5	20500001	1.26227	1.35145	8	0	0
5	21000001	1.38232	1.35145	8	0	0
5	21500001	1.35161	1.35145	8	0	0
5	22000001	1.26685	1.35145	8	0	0
5	22500001	1.31511	1.35145	8	0	0
5	23000001	1.36474	1.35145	8	0	0
5	23500001	1.29392	1.35145	8	0	0
5	24000001	1.28469	1.35145	8	0	0
5	24500001	1.37789	1.35145	8	0	0
5	25000001	1.35145	1.35145	8	0	0
5	25500001	1.36661	1.35145	8	0	0
5	26000001	1.26401	1.35145	8	0	0
5	26500001	1.34941	1.35145	8	0	0
5	27000001	1.37368	1.35145	8	0	0
5	27500001	1.36642	1.35145	8	0	0
5	28000001	1.31801	1.35145	8	0	0
5	28500001	1.29572	1.35145	8	0	0
5	29000001	1.29379	1.35145	8	0	0
5	29500001	1.34753	1.35145	8	0	0
5	30000001	1.35025	1.35145	8	0	0
5	30500001	1.34416	1.35145	8	0	0
5	31000001	1.32184	1.35145	8	0	0
5	31500001	1.31829	1.35145	8	0	0
5	32000001	1.35234	1.35145	8	0	0
5	32500001	1.40379	1.35145	8	0	0
5	33000001	1.3912	1.35145	8	0	0
5	33500001	1.48151	1.35145	8	0	0
5	34000001	1.58045	1.35145	8	0	0
5	34500001	1.35933	1.35145	8	0	0
5	35000001	1.42329	1.35145	8	0	0
5	35500001	1.39419	1.35145	8	0	0
5	36000001	1.43219	1.35145	8	0	0
5	36500001	1.43398	1.35145	8	0	0
5	37000001	1.32192	1.35145	8	0	0
5	37500001	1.40113	1.35145	8	0	0
5	38000001	1.3483	1.35145	8	0	0
5	38500001	1.37874	1.35145	8	0	0
5	39000001	1.38293	1.35145	8	0	0
5	39500001	1.38225	1.35145	8	0	0
5	40000001	1.38728	1.35145	8	0	0
5	40500001	1.36477	1.35145	8	0	0
5	41000001	1.37369	1.35145	8	0	0
5	41500001	1.33616	1.35145	8	0	0
5	42000001	1.36237	1.35145	8	0	0
5	42500001	1.39659	1.35145	8	0	0
5	43000001	1.38451	1.35145	8	0	0
5	43500001	1.41427	1.35145	8	0	0
5	44000001	1.45202	1.35145	8	0	0
5	44500001	1.06489	1.04398	6	0	0
5	45000001	1.00815	1.04398	6	0	0
5	45500001	1.02307	1.04398	6	0	0
5	46000001	1.07542	1.04398	6	0	0
5	46500001	0.566761	0.566761	3	0	0
5	47000001	1.2415	1.27745	8	0	0
5	47500001	1.27745	1.27745	8	0	0
5	48000001	1.33386	1.27745	8	0	0
5	48500001	1.66691	1.66691	10	0	0
5	49000001	2.45068	2.45068	15	0	0
5	49500001	5.66492	5.66492	34	0	0
5	50000001	1.26545	1.03345	6	0	0
5	50500001	1.00281	1.03345	6	0	0
5	51000001	1.08546	1.03345	6	0	0
5	51500001	1.06027	1.03345	6	0	0
5	52000001	1.0863	1.03345	6	0	0
5	52500001	1.14762	1.03345	6	0	0
5	53000001	1.07421	1.03345	6	0	0
5	53500001	1.02805	1.03345	6	0	0
5	54000001	0.96161	1.03345	6	0	0
5	54500001	1.08424	1.03345	6	0	0
5	55000001	1.03264	1.03345	6	0	0
5	55500001	1.06333	1.03345	6	0	0
5	56000001	1.0022	1.03345	6	0	0
5	56500001	1.0703	1.03345	6	0	0
5	57000001	1.0043	1.03345	6	0	0
5	57500001	1.09387	1.03345	6	0	0
5	58000001	1.09616	1.03345	6	0	0
5	58500001	1.08934	1.03345	6	0	0
5	59000001	1.10428	1.03345	6	0	0
5	59500001	1.00883	1.03345	6	0	0
5	60000001	1.02327	1.03345	6	0	0
5	60500001	1.01088	1.03345	6	0	0
5	61000001	1.04876	1.03345	6	0	0
5	61500001	1.05445	1.03345	6	0	0
5	62000001	1.05337	1.03345	6	0	0
5	62500001	1.01385	1.03345	6	0	0
5	63000001	0.997685	1.03345	6	0	0
5	63500001	1.0542	1.03345	6	0	0
5	64000001	1.02657	1.03345	6	0	0
5	64500001	1.0964	1.03345	6	0	0
5	65000001	1.03197	1.03345	6	0	0
5	65500001	0.999617	1.03345	6	0	0
5	66000001	1.0867	1.03345	6	0	0
5	66500001	1.06834	1.03345	6	0	0
5	67000001	1.06304	1.03345	6	0	0
5	67500001	0.971312	1.03345	6	0	0
5	68000001	1.00008	1.03345	6	0	0
5	68500001	1.0408	1.03345	6	0	0
5	69000001	1.01049	1.03345	6	0	0
5	69500001	0.893485	1.03345	6	0	0
5	70000001	0.940226	1.03345	6	0	0
5	70500001	1.01211	1.03345	6	0	0
5	71000001	1.02168	1.03345	6	0	0
5	71500001	1.03362	1.03345	6	0	0
5	72000001	1.0787	1.03345	6	0	0
5	72500001	1.0405	1.03345	6	0	0
5	73000001	1.00151	1.03345	6	0	0
5	73500001	1.04241	1.03345	6	0	0
5	74000001	1.14305	1.03345	6	0	0
5	74500001	1.06027	1.03345	6	0	0
5	75000001	1.0278	1.03345	6	0	0
5	75500001	1.05512	1.03345	6	0	0
5	76000001	0.989102	1.03345	6	0	0
5	76500001	1.04681	1.03345	6	0	0
5	77000001	1.09455	1.03345	6	0	0
5	77500001	1.05616	1.03345	6	0	0
5	78000001	1.0512	1.03345	6	0	0
5	78500001	1.0084	1.03345	6	0	0
5	79000001	0.960275	1.03345	6	0	0
5	79500001	1.00122	1.03345	6	0	0
5	80000001	0.933767	1.03345	6	0	0
5	80500001	0.983865	1.03345	6	0	0
5	81000001	1.02179	1.03345	6	0	0
5	81500001	1.03241	1.03345	6	0	0
5	82000001	1.02328	1.03345	6	0	0
5	82500001	1.03348	1.03345	6	0	0
5	83000001	1.07581	1.03345	6	0	0
5	83500001	1.10971	1.03345	6	0	0
5	84000001	1.07392	1.03345	6	0	0
5	84500001	1.04612	1.03345	6	0	0
5	85000001	1.0641	1.03345	6	0	0
5	85500001	1.04755	1.03345	6	0	0
5	86000001	1.08225	1.03345	6	0	0
5	86500001	1.05851	1.03345	6	0	0
5	87000001	1.12412	1.03345	6	0	0
5	87500001	1.12087	1.03345	6	0	0
5	88000001	1.03716	1.03345	6	0	0
5	88500001	0.990414	1.03345	6	0	0
5	89000001	0.984276	1.03345	6	0	0
5	89500001	1.01828	1.03345	6	0	0
5	90000001	1.00877	1.03345	6	0	0
5	90500001	1.06404	1.03345	6	0	0
5	91000001	1.07986	1.03345	6	0	0
5	91500001	1.05996	1.03345	6	0	0
5	92000001	1.1245	1.03345	6	0	0
5	92500001	1.09016	1.03345	6	0	0
5	93000001	1.05285	1.03345	6	0	0
5	93500001	0.971246	1.03345	6	0	0
5	94000001	1.03347	1.03345	6	0	0
5	94500001	1.03345	1.03345	6	0	0
5	95000001	1.10808	1.03345	6	0	0
5	95500001	1.09185	1.03345	6	0	0
5	96000001	1.09803	1.03345	6	0	0
5	96500001	1.07913	1.03345	6	0	0
5	97000001	1.05864	1.03345	6	0	0
5	97500001	1.08279	1.03345	6	0	0
5	98000001	1.03732	1.03345	6	0	0
5	98500001	1.02756	1.03345	6	0	0
5	99000001	1.01764	1.03345	6	0	0
5	99500001	1.04688	1.03345	6	0	0
5	100000001	1.01105	1.03345	6	0	0
5	100500001	1.08635	1.03345	6	0	0
5	101000001	1.05422	1.03345	6	0	0
5	101500001	1.04688	1.03345	6	0	0
5	102000001	1.03271	1.03345	6	0	0
5	102500001	1.09632	1.03345	6	0	0
5	103000001	1.07131	1.03345	6	0	0
5	103500001	1.01147	1.03345	6	0	0
5	104000001	1.0596	1.03345	6	0	0
5	104500001	1.00244	1.03345	6	0	0
5	105000001	1.06131	1.03345	6	0	0
5	105500001	1.02881	1.03345	6	0	0
5	106000001	1.06872	1.03345	6	0	0
5	106500001	1.0789	1.03345	6	0	0
5	107000001	1.05275	1.03345	6	0	0
5	107500001	1.07156	1.03345	6	0	0
5	108000001	1.03353	1.03345	6	0	0
5	108500001	1.04817	1.03345	6	0	0
5	109000001	1.03693	1.03345	6	0	0
5	109500001	1.02053	1.03345	6	0	0
5	110000001	1.02935	1.03345	6	0	0
5	110500001	1.00646	1.03345	6	0	0
5	111000001	1.04509	1.03345	6	0	0
5	111500001	1.02518	1.03345	6	0	0
5	112000001	1.02801	1.03345	6	0	0
5	112500001	1.09866	1.03345	6	0	0
5	113000001	1.0782	1.03345	6	0	0
5	113500001	1.00807	1.03345	6	0	0
5	114000001	1.01636	1.03345	6	0	0
5	114500001	1.02091	1.03345	6	0	0
5	115000001	1.02461	1.03345	6	0	0
5	115500001	1.04004	1.03345	6	0	0
5	116000001	1.01776	1.03345	6	0	0
5	116500001	0.998643	1.03345	6	0	0
5	117000001	0.96849	1.03345	6	0	0
5	117500001	0.970277	1.03345	6	0	0
5	118000001	0.957786	1.03345	6	0	0
5	118500001	1.03275	1.03345	6	0	0
5	119000001	0.982741	1.03345	6	0	0
5	119500001	1.05141	1.03345	6	0	0
5	120000001	1.03636	1.03345	6	0	0
5	120500001	1.04563	1.03345	6	0	0
5	121000001	1.04582	1.03345	6	0	0
5	121500001	1.01175	1.03345	6	0	0
5	122000001	1.04238	1.03345	6	0	0
5	122500001	0.977702	1.03345	6	0	0
5	123000001	1.03037	1.03345	6	0	0
5	123500001	1.06126	1.03345	6	0	0
5	124000001	1.02256	1.03345	6	0	0
5	124500001	0.977442	1.03345	6	0	0
5	125000001	1.0693	1.03345	6	0	0
5	125500001	1.01361	1.03345	6	0	0
5	126000001	1.07918	1.03345	6	0	0
5	126500001	1.00054	1.03345	6	0	0
5	127000001	1.08529	1.03345	6	0	0
5	127500001	1.03936	1.03345	6	0	0
5	128000001	1.05036	1.03345	6	0	0
5	128500001	0.956992	1.03345	6	0	0
5	129000001	0.992163	1.03345	6	0	0
5	129500001	0.984144	1.03345	6	0	0
5	130000001	0.960333	1.03345	6	0	0
5	130500001	1.02156	1.03345	6	0	0
5	131000001	1.07299	1.03345	6	0	0
5	131500001	1.05248	1.03345	6	0	0
5	132000001	1.1381	1.03345	6	0	0
5	132500001	0.987983	1.03345	6	0	0
5	133000001	1.09974	1.03345	6	0	0
5	133500001	1.0579	1.03345	6	0	0
5	134000001	1.02171	1.03345	6	0	0
5	134500001	0.989719	1.03345	6	0	0
5	135000001	1.12219	1.03345	6	0	0
5	135500001	1.04531	1.03345	6	0	0
5	136000001	1.08587	1.03345	6	0	0
5	136500001	1.02709	1.03345	6	0	0
5	137000001	0.966184	1.03345	6	0	0
5	137500001	1.03042	1.03345	6	0	0
5	138000001	0.995159	1.03345	6	0	0
5	138500001	1.05309	1.03345	6	0	0
5	139000001	1.07087	1.03345	6	0	0
5	139500001	1.041	1.03345	6	0	0
5	140000001	1.03345	1.03345	6	0	0
5	140500001	0.990424	1.03345	6	0	0
5	141000001	1.01681	1.03345	6	0	0
5	141500001	1.05643	1.03345	6	0	0
5	142000001	1.04205	1.03345	6	0	0
5	142500001	1.10259	1.03345	6	0	0
5	143000001	1.05589	1.03345	6	0	0
5	143500001	1.0529	1.03345	6	0	0
5	144000001	1.04369	1.03345	6	0	0
5	144500001	0.978222	1.03345	6	0	0
5	145000001	1.01593	1.03345	6	0	0
5	145500001	1.05017	1.03345	6	0	0
5	146000001	1.05336	1.03345	6	0	0
5	146500001	1.01685	1.03345	6	0	0
5	147000001	0.985647	1.03345	6	0	0
5	147500001	1.01279	1.03345	6	0	0
5	148000001	1.02524	1.03345	6	0	0
5	148500001	1.12476	1.03345	6	0	0
5	149000001	1.11078	1.03345	6	0	0
5	149500001	1.04243	1.03345	6	0	0
5	150000001	1.09337	1.03345	6	0	0
5	150500001	1.06804	1.03345	6	0	0
5	151000001	1.04731	1.03345	6	0	0
5	151500001	1.04828	1.03345	6	0	0
5	152000001	0.999791	1.03345	6	0	0
5	152500001	0.958099	1.03345	6	0	0
5	153000001	0.971057	1.03345	6	0	0
5	153500001	1.01427	1.03345	6	0	0
5	154000001	1.06486	1.03345	6	0	0
5	154500001	1.03689	1.03345	6	0	0
5	155000001	1.03522	1.03345	6	0	0
5	155500001	0.947238	1.03345	6	0	0
5	156000001	0.933959	1.03345	6	0	0
5	156500001	1.00298	1.03345	6	0	0
5	157000001	0.99871	1.03345	6	0	0
5	157500001	0.961426	1.03345	6	0	0
5	158000001	1.00941	1.03345	6	0	0
5	158500001	1.00977	1.03345	6	0	0
5	159000001	1.07016	1.03345	6	0	0
5	159500001	1.08042	1.03345	6	0	0
5	160000001	0.9866	1.03345	6	0	0
5	160500001	1.03095	1.03345	6	0	0
5	161000001	0.849161	1.03345	6	0	0
5	161500001	0.943856	1.03345	6	0	0
5	162000001	0.984701	1.03345	6	0	0
5	162500001	0.954339	1.03345	6	0	0
5	163000001	1.01275	1.03345	6	0	0
5	163500001	0.997895	1.03345	6	0	0
5	164000001	0.997968	1.03345	6	0	0
5	164500001	0.977994	1.03345	6	0	0
5	165000001	0.999504	1.03345	6	0	0
5	165500001	0.950743	1.03345	6	0	0
5	166000001	0.988754	1.03345	6	0	0
5	166500001	0.905819	1.03345	6	0	0
5	167000001	1.02158	1.03345	6	0	0
5	167500001	1.00156	1.03345	6	0	0
5	168000001	1.07311	1.03345	6	0	0
5	168500001	1.02597	1.03345	6	0	0
5	169000001	0.976224	1.03345	6	0	0
5	169500001	1.05156	1.03345	6	0	0
5	170000001	1.06035	1.03345	6	0	0
5	170500001	1.01278	1.03345	6	0	0
5	171000001	1.00594	1.03345	6	0	0
5	171500001	1.03999	1.03345	6	0	0
5	172000001	0.98844	1.03345	6	0	0
5	172500001	1.0812	1.03345	6	0	0
5	173000001	1.00997	1.03345	6	0	0
5	173500001	1.05168	1.03345	6	0	0
5	174000001	1.03453	1.03345	6	0	0
5	174500001	1.02707	1.03345	6	0	0
5	175000001	0.985706	1.03345	6	0	0
5	175500001	1.11706	1.03345	6	0	0
5	176000001	1.03329	1.03345	6	0	0
5	176500001	1.06249	1.03345	6	0	0
5	177000001	0.990392	1.03345	6	0	0
5	177500001	0.959917	1.03345	6	0	0
5	178000001	1.00871	1.03345	6	0	0
5	178500001	0.950969	1.03345	6	0	0
5	179000001	1.02109	1.03345	6	0	0
5	179500001	1.17924	1.03345	6	0	0
5	180000001	0.963578	1.03345	6	0	0
5	180500001	1.01782	1.03345	6	0	0
5	181000001	0.876908	1.03345	6	0	0
5	181500001	-1	-1	-1	0	0
6	1	1.27363	1.38139	8	0	0
6	500001	1.36128	1.38139	8	0	0
6	1000001	1.37494	1.38139	8	0	0
6	1500001	1.30666	1.38139	8	0	0
6	2000001	1.39584	1.38139	8	0	0
6	2500001	1.41837	1.38139	8	0	0
6	3000001	1.40587	1.38139	8	0	0
6	3500001	1.43481	1.38139	8	0	0
6	4000001	1.46137	1.38139	8	0	0
6	4500001	1.34586	1.38139	8	0	0
6	5000001	1.33244	1.38139	8	0	0
6	5500001	1.35996	1.38139	8	0	0
6	6000001	1.39065	1.38139	8	0	0
6	6500001	1.40796	1.38139	8	0	0
6	7000001	1.34397	1.38139	8	0	0
6	7500001	1.43167	1.38139	8	0	0
6	8000001	1.32157	1.38139	8	0	0
6	8500001	1.3852	1.38139	8	0	0
6	9000001	1.44948	1.38139	8	0	0
6	9500001	1.4215	1.38139	8	0	0
6	10000001	1.38139	1.38139	8	0	0
6	10500001	1.38105	1.38139	8	0	0
6	11000001	1.59461	1.38139	8	0	0
6	11500001	1.41682	1.38139	8	0	0
6	12000001	1.36753	1.38139	8	0	0
6	12500001	1.41362	1.38139	8	0	0
6	13000001	1.34424	1.38139	8	0	0
6	13500001	1.38287	1.38139	8	0	0
6	14000001	1.40768	1.38139	8	0	0
6	14500001	1.37524	1.38139	8	0	0
6	15000001	1.28821	1.38139	8	0	0
6	15500001	1.38342	1.38139	8	0	0
6	16000001	1.38534	1.38139	8	0	0
6	16500001	1.39332	1.38139	8	0	0
6	17000001	1.347	1.38139	8	0	0
6	17500001	1.35671	1.38139	8	0	0
6	18000001	1.34275	1.38139	8	0	0
6	18500001	1.37269	1.38139	8	0	0
6	19000001	1.35082	1.38139	8	0	0
6	19500001	1.28144	1.28529	8	0	0
6	20000001	1.33732	1.28529	8	0	0
6	20500001	1.26782	1.28529	8	0	0
6	21000001	1.26403	1.28529	8	0	0
6	21500001	1.2667	1.28529	8	0	0
6	22000001	1.26445	1.28529	8	0	0
6	22500001	1.33716	1.28529	8	0	0
6	23000001	1.34274	1.28529	8	0	0
6	23500001	1.32363	1.28529	8	0	0
6	24000001	1.2524	1.28529	8	0	0
6	24500001	1.23946	1.28529	8	0	0
6	25000001	1.28035	1.28529	8	0	0
6	25500001	1.38616	1.28529	8	0	0
6	26000001	1.34321	1.28529	8	0	0
6	26500001	1.33675	1.28529	8	0	0
6	27000001	1.28529	1.28529	8	0	0
6	27500001	1.30207	1.28529	8	0	0
6	28000001	1.41947	1.28529	8	0	0
6	28500001	1.27783	1.28529	8	0	0
6	29000001	1.45184	1.43125	9	0	0
6	29500001	1.38293	1.43125	9	0	0
6	30000001	1.42116	1.43125	9	0	0
6	30500001	1.46971	1.43125	9	0	0
6	31000001	1.44265	1.43125	9	0	0
6	31500001	1.40564	1.43125	9	0	0
6	32000001	1.44134	1.43125	9	0	0
6	32500001	1.35286	1.43125	9	0	0
6	33000001	1.3857	1.43125	9	0	0
6	33500001	1.4667	1.43125	9	0	0
6	34000001	1.41835	1.43125	9	0	0
6	34500001	1.51238	1.43125	9	0	0
6	35000001	2.15326	2.11594	13	0	0
6	35500001	2.07112	2.11594	13	0	0
6	36000001	2.15401	2.11594	13	0	0
6	36500001	2.22259	2.11594	13	0	0
6	37000001	2.04506	2.11594	13	0	0
6	37500001	2.11594	2.11594	13	0	0
6	38000001	2.05564	2.11594	13	0	0
6	38500001	1.38988	1.38963	8	0	0
6	39000001	1.38939	1.38963	8	0	0
6	39500001	1.59212	1.59212	10	0	0
6	40000001	2.08359	2.11171	13	0	0
6	40500001	2.25422	2.11171	13	0	0
6	41000001	2.19188	2.11171	13	0	0
6	41500001	2.0944	2.11171	13	0	0
6	42000001	2.12902	2.11171	13	0	0
6	42500001	2.03875	2.11171	13	0	0
6	43000001	1.73403	1.73403	10	0	0
6	43500001	1.46239	1.41468	8	0	0
6	44000001	1.46243	1.41468	8	0	0
6	44500001	1.3972	1.41468	8	0	0
6	45000001	1.41944	1.41468	8	0	0
6	45500001	1.46113	1.41468	8	0	0
6	46000001	1.41281	1.41468	8	0	0
6	46500001	1.47362	1.41468	8	0	0
6	47000001	1.42107	1.41468	8	0	0
6	47500001	1.4329	1.41468	8	0	0
6	48000001	1.3415	1.41468	8	0	0
6	48500001	1.40956	1.41468	8	0	0
6	49000001	1.41424	1.41468	8	0	0
6	49500001	1.34139	1.41468	8	0	0
6	50000001	1.34221	1.41468	8	0	0
6	50500001	1.33478	1.41468	8	0	0
6	51000001	1.34521	1.41468	8	0	0
6	51500001	1.37712	1.41468	8	0	0
6	52000001	1.43752	1.41468	8	0	0
6	52500001	1.43942	1.41468	8	0	0
6	53000001	1.40905	1.41468	8	0	0
6	53500001	1.43369	1.41468	8	0	0
6	54000001	1.3892	1.41468	8	0	0
6	54500001	1.40075	1.41468	8	0	0
6	55000001	1.41512	1.41468	8	0	0
6	55500001	1.40827	1.41468	8	0	0
6	56000001	1.46026	1.41468	8	0	0
6	56500001	1.42874	1.41468	8	0	0
6	57000001	1.48062	1.41468	8	0	0
6	57500001	1.41068	1.41468	8	0	0
6	58000001	1.43004	1.41468	8	0	0
6	58500001	2.49777	2.38664	14	0	0
6	59000001	2.2755	2.38664	14	0	0
6	59500001	-1	-1	-1	0	0
6	60000001	-1	-1	-1	0	0
6	60500001	1.32738	1.40798	8	0	0
6	61000001	1.27888	1.40798	8	0	0
6	61500001	1.3648	1.40798	8	0	0
6	62000001	1.42344	1.40798	8	0	0
6	62500001	1.36321	1.40798	8	0	0
6	63000001	1.40032	1.40798	8	0	0
6	63500001	1.39961	1.40798	8	0	0
6	64000001	1.44996	1.40798	8	0	0
6	64500001	1.43562	1.40798	8	0	0
6	65000001	1.41719	1.40798	8	0	0
6	65500001	1.47465	1.40798	8	0	0
6	66000001	1.41675	1.40798	8	0	0
6	66500001	1.44388	1.40798	8	0	0
6	67000001	1.42109	1.40798	8	0	0
6	67500001	1.41812	1.40798	8	0	0
6	68000001	1.40417	1.40798	8	0	0
6	68500001	1.373	1.40798	8	0	0
6	69000001	1.34178	1.40798	8	0	0
6	69500001	1.36781	1.40798	8	0	0
6	70000001	1.39448	1.40798	8	0	0
6	70500001	1.40874	1.40798	8	0	0
6	71000001	1.44118	1.40798	8	0	0
6	71500001	1.46674	1.40798	8	0	0
6	72000001	1.46317	1.40798	8	0	0
6	72500001	1.41907	1.40798	8	0	0
6	73000001	1.32432	1.40798	8	0	0
6	73500001	1.40722	1.40798	8	0	0
6	74000001	1.28223	1.40798	8	0	0
6	74500001	1.04246	1.03741	6	0	0
6	75000001	1.04887	1.03741	6	0	0
6	75500001	1.01711	1.03741	6	0	0
6	76000001	1.03337	1.03741	6	0	0
6	76500001	1.03356	1.03741	6	0	0
6	77000001	1.04126	1.03741	6	0	0
6	77500001	0.745777	0.705124	4	0	0
6	78000001	0.60424	0.705124	4	0	0
6	78500001	0.688583	0.705124	4	0	0
6	79000001	0.720809	0.705124	4	0	0
6	79500001	0.729345	0.705124	4	0	0
6	80000001	0.692608	0.705124	4	0	0
6	80500001	0.776962	0.705124	4	0	0
6	81000001	0.723112	0.705124	4	0	0
6	81500001	0.715582	0.705124	4	0	0
6	82000001	0.727089	0.705124	4	0	0
6	82500001	0.705681	0.705124	4	0	0
6	83000001	0.690966	0.705124	4	0	0
6	83500001	0.72187	0.705124	4	0	0
6	84000001	0.699629	0.705124	4	0	0
6	84500001	0.741987	0.705124	4	0	0
6	85000001	0.77935	0.705124	4	0	0
6	85500001	0.717323	0.705124	4	0	0
6	86000001	0.699391	0.705124	4	0	0
6	86500001	0.692315	0.705124	4	0	0
6	87000001	0.703909	0.705124	4	0	0
6	87500001	0.714693	0.705124	4	0	0
6	88000001	0.673054	0.705124	4	0	0
6	88500001	0.688995	0.705124	4	0	0
6	89000001	0.673661	0.705124	4	0	0
6	89500001	0.716956	0.705124	4	0	0
6	90000001	0.7207	0.705124	4	0	0
6	90500001	0.70853	0.705124	4	0	0
6	91000001	0.702639	0.705124	4	0	0
6	91500001	0.69582	0.705124	4	0	0
6	92000001	0.708245	0.705124	4	0	0
6	92500001	0.641651	0.705124	4	0	0
6	93000001	0.708518	0.705124	4	0	0
6	93500001	0.696052	0.705124	4	0	0
6	94000001	0.687681	0.705124	4	0	0
6	94500001	0.693412	0.705124	4	0	0
6	95000001	0.682618	0.705124	4	0	0
6	95500001	0.661288	0.705124	4	0	0
6	96000001	0.66628	0.705124	4	0	0
6	96500001	0.696501	0.705124	4	0	0
6	97000001	0.738105	0.705124	4	0	0
6	97500001	0.654387	0.705124	4	0	0
6	98000001	0.699813	0.705124	4	0	0
6	98500001	0.666268	0.705124	4	0	0
6	99000001	0.666884	0.705124	4	0	0
6	99500001	0.712534	0.705124	4	0	0
6	100000001	0.730824	0.705124	4	0	0
6	100500001	0.744877	0.705124	4	0	0
6	101000001	0.714192	0.705124	4	0	0
6	101500001	0.683986	0.705124	4	0	0
6	102000001	0.751687	0.705124	4	0	0
6	102500001	0.738263	0.705124	4	0	0
6	103000001	0.750995	0.705124	4	0	0
6	103500001	0.694876	0.705124	4	0	0
6	104000001	0.729815	0.705124	4	0	0
6	104500001	0.701506	0.705124	4	0	0
6	105000001	0.698125	0.705124	4	0	0
6	105500001	0.722634	0.705124	4	0	0
6	106000001	0.686691	0.705124	4	0	0
6	106500001	0.683811	0.705124	4	0	0
6	107000001	0.615536	0.705124	4	0	0
6	107500001	0.67863	0.705124	4	0	0
6	108000001	0.674415	0.705124	4	0	0
6	108500001	0.741826	0.705124	4	0	0
6	109000001	0.69502	0.705124	4	0	0
6	109500001	0.720823	0.705124	4	0	0
6	110000001	0.686487	0.705124	4	0	0
6	110500001	0.684153	0.705124	4	0	0
6	111000001	0.715344	0.705124	4	0	0
6	111500001	0.74829	0.705124	4	0	0
6	112000001	0.721662	0.705124	4	0	0
6	112500001	0.699984	0.705124	4	0	0
6	113000001	0.740376	0.705124	4	0	0
6	113500001	0.666427	0.705124	4	0	0
6	114000001	0.706975	0.705124	4	0	0
6	114500001	0.676506	0.705124	4	0	0
6	115000001	0.720895	0.705124	4	0	0
6	115500001	0.695079	0.705124	4	0	0
6	116000001	0.71181	0.705124	4	0	0
6	116500001	0.728237	0.705124	4	0	0
6	117000001	0.741376	0.705124	4	0	0
6	117500001	0.678468	0.705124	4	0	0
6	118000001	0.709725	0.705124	4	0	0
6	118500001	0.668675	0.705124	4	0	0
6	119000001	0.683574	0.705124	4	0	0
6	119500001	0.712739	0.705124	4	0	0
6	120000001	0.706636	0.705124	4	0	0
6	120500001	0.71869	0.705124	4	0	0
6	121000001	0.714438	0.705124	4	0	0
6	121500001	0.670457	0.705124	4	0	0
6	122000001	0.695413	0.705124	4	0	0
6	122500001	0.686021	0.705124	4	0	0
6	123000001	0.670716	0.705124	4	0	0
6	123500001	0.691166	0.705124	4	0	0
6	124000001	0.682195	0.705124	4	0	0
6	124500001	0.731052	0.705124	4	0	0
6	125000001	0.719312	0.705124	4	0	0
6	125500001	0.703703	0.705124	4	0	0
6	126000001	0.690507	0.705124	4	0	0
6	126500001	0.729837	0.705124	4	0	0
6	127000001	0.730889	0.705124	4	0	0
6	127500001	0.770189	0.705124	4	0	0
6	128000001	0.710169	0.705124	4	0	0
6	128500001	0.740343	0.705124	4	0	0
6	129000001	0.723141	0.705124	4	0	0
6	129500001	0.744546	0.705124	4	0	0
6	130000001	0.695372	0.705124	4	0	0
6	130500001	0.712585	0.705124	4	0	0
6	131000001	0.685353	0.705124	4	0	0
6	131500001	0.704946	0.705124	4	0	0
6	132000001	0.726572	0.705124	4	0	0
6	132500001	0.732946	0.705124	4	0	0
6	133000001	0.681883	0.705124	4	0	0
6	133500001	0.723153	0.705124	4	0	0
6	134000001	0.717124	0.705124	4	0	0
6	134500001	0.711927	0.705124	4	0	0
6	135000001	0.710564	0.705124	4	0	0
6	135500001	0.746605	0.705124	4	0	0
6	136000001	0.725316	0.705124	4	0	0
6	136500001	0.64902	0.705124	4	0	0
6	137000001	0.711109	0.705124	4	0	0
6	137500001	0.704706	0.705124	4	0	0
6	138000001	0.717088	0.705124	4	0	0
6	138500001	0.681907	0.705124	4	0	0
6	139000001	0.692919	0.705124	4	0	0
6	139500001	0.728865	0.705124	4	0	0
6	140000001	0.759354	0.705124	4	0	0
6	140500001	0.711056	0.705124	4	0	0
6	141000001	0.691381	0.705124	4	0	0
6	141500001	0.760132	0.705124	4	0	0
6	142000001	0.777554	0.705124	4	0	0
6	142500001	0.76881	0.705124	4	0	0
6	143000001	0.718212	0.705124	4	0	0
6	143500001	0.73008	0.705124	4	0	0
6	144000001	0.71855	0.705124	4	0	0
6	144500001	0.715961	0.705124	4	0	0
6	145000001	0.712253	0.705124	4	0	0
6	145500001	0.727785	0.705124	4	0	0
6	146000001	0.709354	0.705124	4	0	0
6	146500001	0.743384	0.705124	4	0	0
6	147000001	0.675721	0.705124	4	0	0
6	147500001	0.690765	0.705124	4	0	0
6	148000001	0.698397	0.705124	4	0	0
6	148500001	0.703063	0.705124	4	0	0
6	149000001	0.687833	0.705124	4	0	0
6	149500001	0.683341	0.705124	4	0	0
6	150000001	0.70579	0.705124	4	0	0
6	150500001	0.677737	0.705124	4	0	0
6	151000001	0.66042	0.705124	4	0	0
6	151500001	0.629662	0.705124	4	0	0
6	152000001	0.64277	0.705124	4	0	0
6	152500001	0.741279	0.705124	4	0	0
6	153000001	0.724373	0.705124	4	0	0
6	153500001	0.691879	0.705124	4	0	0
6	154000001	0.707496	0.705124	4	0	0
6	154500001	0.666471	0.705124	4	0	0
6	155000001	0.705124	0.705124	4	0	0
6	155500001	0.675916	0.705124	4	0	0
6	156000001	0.689338	0.705124	4	0	0
6	156500001	0.693235	0.705124	4	0	0
6	157000001	0.675973	0.705124	4	0	0
6	157500001	0.642912	0.705124	4	0	0
6	158000001	0.708064	0.705124	4	0	0
6	158500001	0.68586	0.705124	4	0	0
6	159000001	0.711496	0.705124	4	0	0
6	159500001	0.721886	0.705124	4	0	0
6	160000001	0.699908	0.705124	4	0	0
6	160500001	0.761923	0.705124	4	0	0
6	161000001	0.673447	0.705124	4	0	0
6	161500001	0.671157	0.705124	4	0	0
6	162000001	0.628545	0.705124	4	0	0
6	162500001	0.632456	0.705124	4	0	0
6	163000001	0.707865	0.705124	4	0	0
6	163500001	0.653094	0.705124	4	0	0
6	164000001	0.665998	0.705124	4	0	0
6	164500001	0.642391	0.705124	4	0	0
6	165000001	0.689364	0.705124	4	0	0
6	165500001	0.758334	0.705124	4	0	0
6	166000001	0.985636	1.0316	6	0	0
6	166500001	1.02118	1.0316	6	0	0
6	167000001	1.03776	1.0316	6	0	0
6	167500001	1.02254	1.0316	6	0	0
6	168000001	1.08531	1.0316	6	0	0
6	168500001	0.989912	1.0316	6	0	0
6	169000001	1.0316	1.0316	6	0	0
6	169500001	1.03327	1.0316	6	0	0
6	170000001	1.10109	1.0316	6	0	0
6	170500001	-1	-1	-1	0	0
7	1	1.07892	1.06671	6	0	0
7	500001	1.0523	1.06671	6	0	0
7	1000001	0.984209	1.06671	6	0	0
7	1500001	1.05348	1.06671	6	0	0
7	2000001	1.06517	1.06671	6	0	0
7	2500001	1.09512	1.06671	6	0	0
7	3000001	1.03284	1.06671	6	0	0
7	3500001	1.01955	1.06671	6	0	0
7	4000001	1.01398	1.06671	6	0	0
7	4500001	1.00104	1.06671	6	0	0
7	5000001	1.06851	1.06671	6	0	0
7	5500001	1.01176	1.06671	6	0	0
7	6000001	1.0298	1.06671	6	0	0
7	6500001	1.10529	1.06671	6	0	0
7	7000001	1.12885	1.06671	6	0	0
7	7500001	1.07241	1.06671	6	0	0
7	8000001	1.05334	1.06671	6	0	0
7	8500001	1.04023	1.06671	6	0	0
7	9000001	1.02197	1.06671	6	0	0
7	9500001	0.999018	1.06671	6	0	0
7	10000001	1.02629	1.06671	6	0	0
7	10500001	1.0243	1.06671	6	0	0
7	11000001	1.07207	1.06671	6	0	0
7	11500001	1.08799	1.06671	6	0	0
7	12000001	1.06671	1.06671	6	0	0
7	12500001	1.07984	1.06671	6	0	0
7	13000001	1.08659	1.06671	6	0	0
7	13500001	1.08159	1.06671	6	0	0
7	14000001	1.03238	1.06671	6	0	0
7	14500001	1.09375	1.06671	6	0	0
7	15000001	1.05245	1.06671	6	0	0
7	15500001	1.03591	1.06671	6	0	0
7	16000001	1.09732	1.06671	6	0	0
7	16500001	1.07167	1.06671	6	0	0
7	17000001	1.12654	1.06671	6	0	0
7	17500001	1.07742	1.06671	6	0	0
7	18000001	1.07955	1.06671	6	0	0
7	18500001	1.10249	1.06671	6	0	0
7	19000001	1.0952	1.06671	6	0	0
7	19500001	1.10146	1.06671	6	0	0
7	20000001	1.06897	1.06671	6	0	0
7	20500001	1.00401	1.06671	6	0	0
7	21000001	1.03732	1.06671	6	0	0
7	21500001	1.4935	1.4935	9	0	0
7	22000001	1.12034	1.06377	6	0	0
7	22500001	1.12254	1.06377	6	0	0
7	23000001	1.06601	1.06377	6	0	0
7	23500001	1.06255	1.06377	6	0	0
7	24000001	1.0705	1.06377	6	0	0
7	24500001	1.13155	1.06377	6	0	0
7	25000001	1.10099	1.06377	6	0	0
7	25500001	1.11306	1.06377	6	0	0
7	26000001	1.09393	1.06377	6	0	0
7	26500001	1.05428	1.06377	6	0	0
7	27000001	1.02377	1.06377	6	0	0
7	27500001	1.13621	1.06377	6	0	0
7	28000001	1.02896	1.06377	6	0	0
7	28500001	1.0093	1.06377	6	0	0
7	29000001	1.04665	1.06377	6	0	0
7	29500001	1.04528	1.06377	6	0	0
7	30000001	1.08494	1.06377	6	0	0
7	30500001	1.0982	1.06377	6	0	0
7	31000001	0.998287	1.06377	6	0	0
7	31500001	1.06373	1.06377	6	0	0
7	32000001	1.06381	1.06377	6	0	0
7	32500001	1.08955	1.06377	6	0	0
7	33000001	1.04242	1.06377	6	0	0
7	33500001	1.08282	1.06377	6	0	0
7	34000001	1.07111	1.06377	6	0	0
7	34500001	1.04104	1.06377	6	0	0
7	35000001	1.06498	1.06377	6	0	0
7	35500001	1.0469	1.06377	6	0	0
7	36000001	1.06563	1.06377	6	0	0
7	36500001	1.04887	1.06377	6	0	0
7	37000001	1.00592	1.06377	6	0	0
7	37500001	1.01468	1.06377	6	0	0
7	38000001	1.04222	1.06377	6	0	0
7	38500001	0.991509	1.06377	6	0	0
7	39000001	1.08894	1.06377	6	0	0
7	39500001	1.0445	1.06377	6	0	0
7	40000001	0.889795	1.06377	6	0	0
7	40500001	1.07719	1.06377	6	0	0
7	41000001	1.05568	1.06377	6	0	0
7	41500001	1.10281	1.06377	6	0	0
7	42000001	1.0357	1.06377	6	0	0
7	42500001	1.04357	1.06377	6	0	0
7	43000001	1.04221	1.06377	6	0	0
7	43500001	1.10689	1.06377	6	0	0
7	44000001	1.13151	1.06377	6	0	0
7	44500001	1.08508	1.06377	6	0	0
7	45000001	1.05756	1.06377	6	0	0
7	45500001	1.12029	1.06377	6	0	0
7	46000001	1.06444	1.06377	6	0	0
7	46500001	1.08345	1.06377	6	0	0
7	47000001	1.10426	1.06377	6	0	0
7	47500001	1.0612	1.06377	6	0	0
7	48000001	1.07311	1.06377	6	0	0
7	48500001	1.06063	1.06377	6	0	0
7	49000001	1.01498	1.06377	6	0	0
7	49500001	1.07468	1.06377	6	0	0
7	50000001	1.02841	1.06377	6	0	0
7	50500001	1.09659	1.06377	6	0	0
7	51000001	1.07937	1.06377	6	0	0
7	51500001	0.998676	1.06377	6	0	0
7	52000001	0.999883	1.06377	6	0	0
7	52500001	1.00916	1.06377	6	0	0
7	53000001	0.992831	1.06377	6	0	0
7	53500001	1.04104	1.06377	6	0	0
7	54000001	1.08091	1.06377	6	0	0
7	54500001	1.10115	1.06377	6	0	0
7	55000001	0.816566	0.675387	4	0	0
7	55500001	0.653186	0.675387	4	0	0
7	56000001	0.678468	0.675387	4	0	0
7	56500001	0.661422	0.675387	4	0	0
7	57000001	0.675387	0.675387	4	0	0
7	57500001	0.908468	0.908468	5	0	0
7	58000001	1.65094	1.65094	10	0	0
7	58500001	1.31181	1.21128	7	0	0
7	59000001	1.16967	1.21128	7	0	0
7	59500001	1.25289	1.21128	7	0	0
7	60000001	1.02768	1.21128	7	0	0
7	60500001	1.68384	1.68384	10	0	0
7	61000001	1.09864	1.09864	7	0	0
7	61500001	-1	1.09864	7	0	0
7	62000001	1.09868	1.09864	7	0	0
7	62500001	1.01178	1.09864	7	0	0
7	63000001	0.833418	0.849501	5	0	0
7	63500001	0.84088	0.849501	5	0	0
7	64000001	0.838819	0.849501	5	0	0
7	64500001	0.829986	0.849501	5	0	0
7	65000001	0.89293	0.849501	5	0	0
7	65500001	1.0344	0.849501	5	0	0
7	66000001	0.904445	0.849501	5	0	0
7	66500001	0.884244	0.849501	5	0	0
7	67000001	0.901569	0.849501	5	0	0
7	67500001	0.843594	0.849501	5	0	0
7	68000001	0.860684	0.849501	5	0	0
7	68500001	0.821907	0.849501	5	0	0
7	69000001	0.807893	0.849501	5	0	0
7	69500001	0.789531	0.849501	5	0	0
7	70000001	0.855407	0.849501	5	0	0
7	70500001	0.85838	0.849501	5	0	0
7	71000001	0.816792	0.849501	5	0	0
7	71500001	0.83039	0.849501	5	0	0
7	72000001	0.82274	0.849501	5	0	0
7	72500001	0.836494	0.849501	5	0	0
7	73000001	0.919915	0.849501	5	0	0
7	73500001	0.902353	0.849501	5	0	0
7	74000001	0.900827	0.849501	5	0	0
7	74500001	0.857773	0.849501	5	0	0
7	75000001	0.817878	0.849501	5	0	0
7	75500001	0.880946	0.849501	5	0	0
7	76000001	0.890782	0.915298	5	0	0
7	76500001	0.984653	0.915298	5	0	0
7	77000001	0.881171	0.915298	5	0	0
7	77500001	0.893757	0.915298	5	0	0
7	78000001	0.886054	0.915298	5	0	0
7	78500001	0.902197	0.915298	5	0	0
7	79000001	0.918364	0.915298	5	0	0
7	79500001	0.934421	0.915298	5	0	0
7	80000001	0.961679	0.915298	5	0	0
7	80500001	0.929298	0.915298	5	0	0
7	81000001	0.910267	0.915298	5	0	0
7	81500001	0.914891	0.915298	5	0	0
7	82000001	0.913234	0.915298	5	0	0
7	82500001	0.945812	0.915298	5	0	0
7	83000001	0.96133	0.915298	5	0	0
7	83500001	0.909399	0.915298	5	0	0
7	84000001	0.959136	0.915298	5	0	0
7	84500001	0.928276	0.915298	5	0	0
7	85000001	0.947064	0.915298	5	0	0
7	85500001	0.904471	0.915298	5	0	0
7	86000001	0.861942	0.915298	5	0	0
7	86500001	0.904186	0.915298	5	0	0
7	87000001	0.930631	0.915298	5	0	0
7	87500001	0.919535	0.915298	5	0	0
7	88000001	0.913052	0.915298	5	0	0
7	88500001	0.916927	0.915298	5	0	0
7	89000001	0.889265	0.915298	5	0	0
7	89500001	0.919516	0.915298	5	0	0
7	90000001	0.93893	0.915298	5	0	0
7	90500001	0.914502	0.915298	5	0	0
7	91000001	0.964514	0.915298	5	0	0
7	91500001	0.885095	0.915298	5	0	0
7	92000001	0.948408	0.915298	5	0	0
7	92500001	0.924612	0.915298	5	0	0
7	93000001	0.971706	0.915298	5	0	0
7	93500001	0.969114	0.915298	5	0	0
7	94000001	0.985739	0.915298	5	0	0
7	94500001	0.902935	0.915298	5	0	0
7	95000001	0.927792	0.915298	5	0	0
7	95500001	0.958901	0.915298	5	0	0
7	96000001	0.858492	0.915298	5	0	0
7	96500001	0.880181	0.915298	5	0	0
7	97000001	0.83328	0.915298	5	0	0
7	97500001	0.920921	0.915298	5	0	0
7	98000001	0.868783	0.915298	5	0	0
7	98500001	0.865335	0.915298	5	0	0
7	99000001	0.91254	0.915298	5	0	0
7	99500001	0.954647	0.915298	5	0	0
7	100000001	0.950371	0.915298	5	0	0
7	100500001	1.01947	0.915298	5	0	0
7	101000001	0.889099	0.915298	5	0	0
7	101500001	0.849984	0.915298	5	0	0
7	102000001	0.910316	0.915298	5	0	0
7	102500001	1.05199	0.915298	5	0	0
7	103000001	0.942739	0.915298	5	0	0
7	103500001	0.992925	0.915298	5	0	0
7	104000001	0.934273	0.915298	5	0	0
7	104500001	0.940411	0.915298	5	0	0
7	105000001	0.879015	0.915298	5	0	0
7	105500001	0.905029	0.915298	5	0	0
7	106000001	0.941826	0.915298	5	0	0
7	106500001	0.93146	0.915298	5	0	0
7	107000001	0.867148	0.915298	5	0	0
7	107500001	0.906888	0.915298	5	0	0
7	108000001	0.882272	0.915298	5	0	0
7	108500001	0.866477	0.915298	5	0	0
7	109000001	0.886319	0.915298	5	0	0
7	109500001	0.894551	0.915298	5	0	0
7	110000001	0.909142	0.915298	5	0	0
7	110500001	0.877166	0.915298	5	0	0
7	111000001	0.91739	0.915298	5	0	0
7	111500001	0.918492	0.915298	5	0	0
7	112000001	0.935813	0.915298	5	0	0
7	112500001	0.918422	0.915298	5	0	0
7	113000001	0.883369	0.915298	5	0	0
7	113500001	0.930967	0.915298	5	0	0
7	114000001	0.912882	0.915298	5	0	0
7	114500001	0.939444	0.915298	5	0	0
7	115000001	0.926169	0.915298	5	0	0
7	115500001	0.949116	0.915298	5	0	0
7	116000001	1.01359	0.915298	5	0	0
7	116500001	0.959384	0.915298	5	0	0
7	117000001	0.924017	0.915298	5	0	0
7	117500001	0.866499	0.915298	5	0	0
7	118000001	0.851571	0.915298	5	0	0
7	118500001	0.895532	0.915298	5	0	0
7	119000001	0.869705	0.915298	5	0	0
7	119500001	0.894122	0.915298	5	0	0
7	120000001	0.882167	0.915298	5	0	0
7	120500001	0.901423	0.915298	5	0	0
7	121000001	0.922324	0.915298	5	0	0
7	121500001	0.916885	0.915298	5	0	0
7	122000001	0.892953	0.915298	5	0	0
7	122500001	0.909648	0.915298	5	0	0
7	123000001	0.946456	0.915298	5	0	0
7	123500001	0.886781	0.915298	5	0	0
7	124000001	0.916768	0.915298	5	0	0
7	124500001	0.915298	0.915298	5	0	0
7	125000001	0.867742	0.915298	5	0	0
7	125500001	0.913426	0.915298	5	0	0
7	126000001	0.965231	0.915298	5	0	0
7	126500001	0.884525	0.915298	5	0	0
7	127000001	0.835447	0.915298	5	0	0
7	127500001	0.89986	0.915298	5	0	0
7	128000001	0.936139	0.915298	5	0	0
7	128500001	0.978431	0.915298	5	0	0
7	129000001	0.878076	0.915298	5	0	0
7	129500001	0.910712	0.915298	5	0	0
7	130000001	0.9321	0.915298	5	0	0
7	130500001	0.968953	0.915298	5	0	0
7	131000001	0.937378	0.915298	5	0	0
7	131500001	1.2739	1.2472	7	0	0
7	132000001	1.27566	1.2472	7	0	0
7	132500001	1.24293	1.2472	7	0	0
7	133000001	1.208	1.2472	7	0	0
7	133500001	1.18019	1.2472	7	0	0
7	134000001	1.26932	1.2472	7	0	0
7	134500001	1.28817	1.2472	7	0	0
7	135000001	1.22346	1.2472	7	0	0
7	135500001	1.20811	1.2472	7	0	0
7	136000001	1.23186	1.2472	7	0	0
7	136500001	1.23548	1.2472	7	0	0
7	137000001	1.19607	1.2472	7	0	0
7	137500001	1.26638	1.2472	7	0	0
7	138000001	1.18078	1.2472	7	0	0
7	138500001	1.24841	1.2472	7	0	0
7	139000001	1.25827	1.2472	7	0	0
7	139500001	1.27709	1.2472	7	0	0
7	140000001	1.22478	1.2472	7	0	0
7	140500001	1.23177	1.2472	7	0	0
7	141000001	1.2472	1.2472	7	0	0
7	141500001	1.24845	1.2472	7	0	0
7	142000001	1.35663	1.2472	7	0	0
7	142500001	1.36627	1.2472	7	0	0
7	143000001	1.2733	1.2472	7	0	0
7	143500001	1.12961	1.2472	7	0	0
7	144000001	1.55102	1.55102	9	0	0
7	144500001	1.17804	1.20508	7	0	0
7	145000001	1.20258	1.20508	7	0	0
7	145500001	1.20308	1.20508	7	0	0
7	146000001	1.18684	1.20508	7	0	0
7	146500001	1.23153	1.20508	7	0	0
7	147000001	1.13329	1.20508	7	0	0
7	147500001	1.14095	1.20508	7	0	0
7	148000001	1.20708	1.20508	7	0	0
7	148500001	1.17233	1.20508	7	0	0
7	149000001	1.25162	1.20508	7	0	0
7	149500001	1.23016	1.20508	7	0	0
7	150000001	1.24651	1.20508	7	0	0
7	150500001	1.30795	1.20508	7	0	0
7	151000001	1.28258	1.20508	7	0	0
7	151500001	1.3328	1.20508	7	0	0
7	152000001	1.27103	1.20508	7	0	0
7	152500001	1.15552	1.20508	7	0	0
7	153000001	1.19471	1.20508	7	0	0
7	153500001	1.18857	1.20508	7	0	0
7	154000001	1.17832	1.20508	7	0	0
7	154500001	1.17991	1.20508	7	0	0
7	155000001	1.2235	1.20508	7	0	0
7	155500001	1.16305	1.20508	7	0	0
7	156000001	1.17917	1.20508	7	0	0
7	156500001	1.21308	1.20508	7	0	0
7	157000001	1.26401	1.20508	7	0	0
7	157500001	1.23715	1.20508	7	0	0
7	158000001	1.26543	1.20508	7	0	0
7	158500001	1.21525	1.20508	7	0	0
7	159000001	0.905578	1.20508	7	0	0
8	1	0.644677	0.689145	4	0	0
8	500001	0.680938	0.689145	4	0	0
8	1000001	0.647427	0.689145	4	0	0
8	1500001	0.679268	0.689145	4	0	0
8	2000001	0.701461	0.689145	4	0	0
8	2500001	0.618278	0.689145	4	0	0
8	3000001	0.636436	0.689145	4	0	0
8	3500001	0.667489	0.689145	4	0	0
8	4000001	0.667123	0.689145	4	0	0
8	4500001	0.666235	0.689145	4	0	0
8	5000001	0.635752	0.689145	4	0	0
8	5500001	0.671723	0.689145	4	0	0
8	6000001	0.687049	0.689145	4	0	0
8	6500001	0.722312	0.689145	4	0	0
8	7000001	0.687262	0.689145	4	0	0
8	7500001	0.742678	0.689145	4	0	0
8	8000001	0.861554	0.689145	4	0	0
8	8500001	0.682504	0.689145	4	0	0
8	9000001	0.709283	0.689145	4	0	0
8	9500001	0.687956	0.689145	4	0	0
8	10000001	0.66667	0.689145	4	0	0
8	10500001	0.755437	0.689145	4	0	0
8	11000001	0.699131	0.689145	4	0	0
8	11500001	0.730624	0.689145	4	0	0
8	12000001	0.620305	0.689145	4	0	0
8	12500001	0.970305	0.689145	4	0	0
8	13000001	0.724633	0.689145	4	0	0
8	13500001	0.72981	0.689145	4	0	0
8	14000001	0.675121	0.689145	4	0	0
8	14500001	0.660066	0.689145	4	0	0
8	15000001	0.734372	0.689145	4	0	0
8	15500001	0.681824	0.689145	4	0	0
8	16000001	0.694117	0.689145	4	0	0
8	16500001	0.721739	0.689145	4	0	0
8	17000001	0.733232	0.689145	4	0	0
8	17500001	0.722646	0.689145	4	0	0
8	18000001	0.709197	0.689145	4	0	0
8	18500001	0.668798	0.689145	4	0	0
8	19000001	0.70089	0.689145	4	0	0
8	19500001	0.699706	0.689145	4	0	0
8	20000001	0.686349	0.689145	4	0	0
8	20500001	0.648395	0.689145	4	0	0
8	21000001	0.640338	0.689145	4	0	0
8	21500001	0.691852	0.689145	4	0	0
8	22000001	0.689144	0.689145	4	0	0
8	22500001	0.753479	0.689145	4	0	0
8	23000001	0.713894	0.689145	4	0	0
8	23500001	0.714681	0.689145	4	0	0
8	24000001	0.712165	0.689145	4	0	0
8	24500001	0.683568	0.689145	4	0	0
8	25000001	0.703188	0.689145	4	0	0
8	25500001	0.710486	0.689145	4	0	0
8	26000001	0.758932	0.689145	4	0	0
8	26500001	0.690125	0.689145	4	0	0
8	27000001	0.712615	0.689145	4	0	0
8	27500001	0.746002	0.689145	4	0	0
8	28000001	0.69834	0.689145	4	0	0
8	28500001	0.698833	0.689145	4	0	0
8	29000001	0.665702	0.689145	4	0	0
8	29500001	0.758733	0.689145	4	0	0
8	30000001	0.65736	0.689145	4	0	0
8	30500001	0.657073	0.689145	4	0	0
8	31000001	0.67156	0.689145	4	0	0
8	31500001	0.699449	0.689145	4	0	0
8	32000001	0.747577	0.689145	4	0	0
8	32500001	0.721893	0.689145	4	0	0
8	33000001	0.705214	0.689145	4	0	0
8	33500001	0.677364	0.689145	4	0	0
8	34000001	0.66789	0.689145	4	0	0
8	34500001	0.673816	0.689145	4	0	0
8	35000001	0.6268	0.689145	4	0	0
8	35500001	0.659602	0.689145	4	0	0
8	36000001	0.700808	0.689145	4	0	0
8	36500001	0.722427	0.689145	4	0	0
8	37000001	0.720447	0.689145	4	0	0
8	37500001	0.714426	0.689145	4	0	0
8	38000001	0.664151	0.689145	4	0	0
8	38500001	0.708952	0.689145	4	0	0
8	39000001	0.627034	0.689145	4	0	0
8	39500001	0.730583	0.689145	4	0	0
8	40000001	0.66406	0.689145	4	0	0
8	40500001	0.681737	0.689145	4	0	0
8	41000001	0.676726	0.689145	4	0	0
8	41500001	0.713554	0.689145	4	0	0
8	42000001	0.700239	0.689145	4	0	0
8	42500001	0.656674	0.689145	4	0	0
8	43000001	0.768189	0.689145	4	0	0
8	43500001	0.758705	0.689145	4	0	0
8	44000001	0.961555	0.689145	4	0	0
8	44500001	0.865894	0.689145	4	0	0
8	45000001	0.79062	0.689145	4	0	0
8	45500001	0.851196	0.689145	4	0	0
8	46000001	0.677273	0.689145	4	0	0
8	46500001	0.736958	0.689145	4	0	0
8	47000001	0.704939	0.689145	4	0	0
8	47500001	0.650767	0.689145	4	0	0
8	48000001	0.700587	0.689145	4	0	0
8	48500001	0.719341	0.689145	4	0	0
8	49000001	0.701692	0.689145	4	0	0
8	49500001	0.676437	0.689145	4	0	0
8	50000001	0.682862	0.689145	4	0	0
8	50500001	0.700134	0.689145	4	0	0
8	51000001	0.678483	0.689145	4	0	0
8	51500001	0.6444	0.689145	4	0	0
8	52000001	0.667617	0.689145	4	0	0
8	52500001	0.709097	0.689145	4	0	0
8	53000001	0.722251	0.689145	4	0	0
8	53500001	0.666485	0.689145	4	0	0
8	54000001	0.687191	0.689145	4	0	0
8	54500001	0.683995	0.689145	4	0	0
8	55000001	0.709582	0.689145	4	0	0
8	55500001	0.685199	0.689145	4	0	0
8	56000001	0.713878	0.689145	4	0	0
8	56500001	0.671497	0.689145	4	0	0
8	57000001	0.687934	0.689145	4	0	0
8	57500001	0.666297	0.689145	4	0	0
8	58000001	0.684493	0.689145	4	0	0
8	58500001	0.706604	0.689145	4	0	0
8	59000001	0.736899	0.689145	4	0	0
8	59500001	0.681435	0.689145	4	0	0
8	60000001	0.687881	0.689145	4	0	0
8	60500001	0.772873	0.689145	4	0	0
8	61000001	0.761366	0.689145	4	0	0
8	61500001	0.743316	0.689145	4	0	0
8	62000001	0.675187	0.689145	4	0	0
8	62500001	0.678133	0.689145	4	0	0
8	63000001	0.657699	0.689145	4	0	0
8	63500001	0.675908	0.689145	4	0	0
8	64000001	0.663297	0.689145	4	0	0
8	64500001	0.702263	0.689145	4	0	0
8	65000001	0.657147	0.689145	4	0	0
8	65500001	0.688067	0.689145	4	0	0
8	66000001	0.707232	0.689145	4	0	0
8	66500001	0.701526	0.689145	4	0	0
8	67000001	0.675119	0.689145	4	0	0
8	67500001	0.650012	0.689145	4	0	0
8	68000001	0.656287	0.689145	4	0	0
8	68500001	0.695851	0.689145	4	0	0
8	69000001	0.684899	0.689145	4	0	0
8	69500001	0.635452	0.689145	4	0	0
8	70000001	0.681565	0.689145	4	0	0
8	70500001	0.698227	0.689145	4	0	0
8	71000001	0.67669	0.689145	4	0	0
8	71500001	0.67807	0.689145	4	0	0
8	72000001	0.695935	0.689145	4	0	0
8	72500001	0.683306	0.689145	4	0	0
8	73000001	0.678061	0.689145	4	0	0
8	73500001	0.662271	0.689145	4	0	0
8	74000001	0.729855	0.689145	4	0	0
8	74500001	0.709235	0.689145	4	0	0
8	75000001	0.698957	0.689145	4	0	0
8	75500001	0.720213	0.689145	4	0	0
8	76000001	0.678422	0.689145	4	0	0
8	76500001	0.696202	0.689145	4	0	0
8	77000001	0.689145	0.689145	4	0	0
8	77500001	0.675549	0.689145	4	0	0
8	78000001	0.678713	0.689145	4	0	0
8	78500001	0.729743	0.689145	4	0	0
8	79000001	0.692318	0.689145	4	0	0
8	79500001	0.685729	0.689145	4	0	0
8	80000001	0.948945	0.948945	6	0	0
8	80500001	1.35546	1.36115	8	0	0
8	81000001	1.40558	1.36115	8	0	0
8	81500001	1.37347	1.36115	8	0	0
8	82000001	1.42324	1.36115	8	0	0
8	82500001	1.36683	1.36115	8	0	0
8	83000001	1.34009	1.36115	8	0	0
8	83500001	1.35465	1.36115	8	0	0
8	84000001	1.39302	1.36115	8	0	0
8	84500001	1.31896	1.36115	8	0	0
8	85000001	1.29132	1.36115	8	0	0
8	85500001	3.30934	3.30934	20	0	0
8	86000001	1.27897	1.38326	8	0	0
8	86500001	1.34726	1.38326	8	0	0
8	87000001	1.40738	1.38326	8	0	0
8	87500001	1.40925	1.38326	8	0	0
8	88000001	1.41357	1.38326	8	0	0
8	88500001	1.43385	1.38326	8	0	0
8	89000001	1.39535	1.38326	8	0	0
8	89500001	1.42907	1.38326	8	0	0
8	90000001	1.4394	1.38326	8	0	0
8	90500001	1.34156	1.38326	8	0	0
8	91000001	1.35356	1.38326	8	0	0
8	91500001	1.33055	1.38326	8	0	0
8	92000001	1.31365	1.38326	8	0	0
8	92500001	1.39255	1.38326	8	0	0
8	93000001	1.32573	1.38326	8	0	0
8	93500001	1.38843	1.38326	8	0	0
8	94000001	1.4287	1.38326	8	0	0
8	94500001	1.32433	1.38326	8	0	0
8	95000001	1.34466	1.38326	8	0	0
8	95500001	1.34452	1.38326	8	0	0
8	96000001	1.41422	1.38326	8	0	0
8	96500001	1.34116	1.38326	8	0	0
8	97000001	1.38701	1.38326	8	0	0
8	97500001	1.31045	1.38326	8	0	0
8	98000001	1.3424	1.38326	8	0	0
8	98500001	1.40607	1.38326	8	0	0
8	99000001	1.37535	1.38326	8	0	0
8	99500001	1.39114	1.38326	8	0	0
8	100000001	1.36186	1.38326	8	0	0
8	100500001	1.40141	1.38326	8	0	0
8	101000001	1.41314	1.38326	8	0	0
8	101500001	1.38538	1.38326	8	0	0
8	102000001	1.34956	1.38326	8	0	0
8	102500001	1.38586	1.38326	8	0	0
8	103000001	1.36285	1.38326	8	0	0
8	103500001	1.37084	1.38326	8	0	0
8	104000001	1.3559	1.38326	8	0	0
8	104500001	1.41119	1.38326	8	0	0
8	105000001	1.38113	1.38326	8	0	0
8	105500001	1.4044	1.38326	8	0	0
8	106000001	1.76271	1.68664	10	0	0
8	106500001	1.66493	1.68664	10	0	0
8	107000001	1.75273	1.68664	10	0	0
8	107500001	1.65727	1.68664	10	0	0
8	108000001	1.65065	1.68664	10	0	0
8	108500001	1.69082	1.68664	10	0	0
8	109000001	1.78738	1.68664	10	0	0
8	109500001	1.64134	1.68664	10	0	0
8	110000001	1.68664	1.68664	10	0	0
8	110500001	1.73303	1.68664	10	0	0
8	111000001	1.71734	1.68664	10	0	0
8	111500001	1.66784	1.68664	10	0	0
8	112000001	1.52486	1.68664	10	0	0
8	112500001	1.08181	1.02711	6	0	0
8	113000001	1.02711	1.02711	6	0	0
8	113500001	1.00296	1.02711	6	0	0
8	114000001	1.00962	1.02711	6	0	0
8	114500001	1.04547	1.02711	6	0	0
8	115000001	1.26983	1.34721	8	0	0
8	115500001	1.34805	1.34721	8	0	0
8	116000001	1.34721	1.34721	8	0	0
8	116500001	1.3459	1.34721	8	0	0
8	117000001	1.43658	1.34721	8	0	0
8	117500001	1.4426	1.34721	8	0	0
8	118000001	1.36353	1.34721	8	0	0
8	118500001	1.40603	1.34721	8	0	0
8	119000001	1.38984	1.34721	8	0	0
8	119500001	1.29568	1.34721	8	0	0
8	120000001	1.29903	1.34721	8	0	0
8	120500001	1.34025	1.34721	8	0	0
8	121000001	1.34865	1.34721	8	0	0
8	121500001	1.33009	1.34721	8	0	0
8	122000001	1.34527	1.34721	8	0	0
8	122500001	1.40405	1.34721	8	0	0
8	123000001	1.28882	1.34721	8	0	0
8	123500001	1.40462	1.34721	8	0	0
8	124000001	1.21125	1.34721	8	0	0
8	124500001	0.360724	0.412288	2	0	0
8	125000001	0.463853	0.412288	2	0	0
8	125500001	1.26534	1.34256	8	0	0
8	126000001	1.3227	1.34256	8	0	0
8	126500001	1.32521	1.34256	8	0	0
8	127000001	1.36209	1.34256	8	0	0
8	127500001	1.4425	1.34256	8	0	0
8	128000001	1.46278	1.34256	8	0	0
8	128500001	1.3908	1.34256	8	0	0
8	129000001	1.40452	1.34256	8	0	0
8	129500001	1.40205	1.34256	8	0	0
8	130000001	1.3605	1.34256	8	0	0
8	130500001	1.42506	1.34256	8	0	0
8	131000001	1.35399	1.34256	8	0	0
8	131500001	1.3176	1.34256	8	0	0
8	132000001	1.34585	1.34256	8	0	0
8	132500001	1.32668	1.34256	8	0	0
8	133000001	1.37698	1.34256	8	0	0
8	133500001	1.29266	1.34256	8	0	0
8	134000001	1.2772	1.34256	8	0	0
8	134500001	1.28485	1.34256	8	0	0
8	135000001	1.28928	1.34256	8	0	0
8	135500001	1.25655	1.34256	8	0	0
8	136000001	1.23006	1.34256	8	0	0
8	136500001	1.29163	1.34256	8	0	0
8	137000001	1.28052	1.34256	8	0	0
8	137500001	1.28884	1.34256	8	0	0
8	138000001	1.25972	1.34256	8	0	0
8	138500001	1.31552	1.34256	8	0	0
8	139000001	1.31939	1.34256	8	0	0
8	139500001	1.35505	1.34256	8	0	0
8	140000001	1.30728	1.34256	8	0	0
8	140500001	1.3708	1.34256	8	0	0
8	141000001	1.43672	1.34256	8	0	0
8	141500001	1.42493	1.34256	8	0	0
8	142000001	1.34256	1.34256	8	0	0
8	142500001	1.381	1.34256	8	0	0
8	143000001	1.40318	1.34256	8	0	0
8	143500001	1.33692	1.34256	8	0	0
8	144000001	1.38722	1.34256	8	0	0
8	144500001	1.40015	1.34256	8	0	0
8	145000001	-1	-1	-1	0	0
9	1	0.977581	0.979801	6	0	0
9	500001	0.909842	0.979801	6	0	0
9	1000001	0.967207	0.979801	6	0	0
9	1500001	0.985801	0.979801	6	0	0
9	2000001	0.984146	0.979801	6	0	0
9	2500001	0.988375	0.979801	6	0	0
9	3000001	0.979801	0.979801	6	0	0
9	3500001	0.515195	0.352217	2	0	0
9	4000001	0.353433	0.352217	2	0	0
9	4500001	0.351979	0.352217	2	0	0
9	5000001	0.351853	0.352217	2	0	0
9	5500001	0.375775	0.352217	2	0	0
9	6000001	0.370564	0.352217	2	0	0
9	6500001	0.308178	0.352217	2	0	0
9	7000001	0.368778	0.352217	2	0	0
9	7500001	0.323792	0.352217	2	0	0
9	8000001	0.344024	0.352217	2	0	0
9	8500001	0.314321	0.352217	2	0	0
9	9000001	0.357246	0.352217	2	0	0
9	9500001	0.347005	0.352217	2	0	0
9	10000001	0.335484	0.352217	2	0	0
9	10500001	0.338153	0.352217	2	0	0
9	11000001	0.332634	0.352217	2	0	0
9	11500001	0.387739	0.352217	2	0	0
9	12000001	0.352455	0.352217	2	0	0
9	12500001	0.369799	0.352217	2	0	0
9	13000001	0.332232	0.352217	2	0	0
9	13500001	0.365726	0.352217	2	0	0
9	14000001	0.349134	0.352217	2	0	0
9	14500001	0.378872	0.352217	2	0	0
9	15000001	0.327991	0.352217	2	0	0
9	15500001	0.366069	0.352217	2	0	0
9	16000001	0.35504	0.352217	2	0	0
9	16500001	0	0.000959175	0	0	0
9	17000001	0.000959175	0.000959175	0	0	0
9	17500001	0.00477712	0.000959175	0	0	0
9	18000001	0.572146	0.652108	4	0	0
9	18500001	0.658713	0.652108	4	0	0
9	19000001	0.645504	0.652108	4	0	0
9	19500001	0.659629	0.652108	4	0	0
9	20000001	0.665732	0.652108	4	0	0
9	20500001	0.461006	0.652108	4	0	0
9	21000001	0.000637701	0.00111633	0	0	0
9	21500001	0.00318385	0.00111633	0	0	0
9	22000001	0.00159496	0.00111633	0	0	0
9	22500001	0	0.00111633	0	0	0
9	23000001	0	0.00111633	0	0	0
9	23500001	0	0.00111633	0	0	0
9	24000001	0.00160541	0.00111633	0	0	0
9	24500001	0.0774077	0.00111633	0	0	0
9	25000001	0.336787	0.352818	2	0	0
9	25500001	0.36885	0.352818	2	0	0
9	26000001	0.973657	0.991943	6	0	0
9	26500001	1.00885	0.991943	6	0	0
9	27000001	0.936562	0.991943	6	0	0
9	27500001	0.944155	0.991943	6	0	0
9	28000001	0.990868	0.991943	6	0	0
9	28500001	0.966112	0.991943	6	0	0
9	29000001	0.972105	0.991943	6	0	0
9	29500001	1.00451	0.991943	6	0	0
9	30000001	0.977718	0.991943	6	0	0
9	30500001	1.01808	0.991943	6	0	0
9	31000001	0.952741	0.991943	6	0	0
9	31500001	0.942976	0.991943	6	0	0
9	32000001	1.05646	0.991943	6	0	0
9	32500001	0.97858	0.991943	6	0	0
9	33000001	1.03383	0.991943	6	0	0
9	33500001	1.02007	0.991943	6	0	0
9	34000001	0.985356	0.991943	6	0	0
9	34500001	1.08986	0.991943	6	0	0
9	35000001	0.988225	0.991943	6	0	0
9	35500001	1.06033	0.991943	6	0	0
9	36000001	1.0026	0.991943	6	0	0
9	36500001	1.01768	0.991943	6	0	0
9	37000001	0.993018	0.991943	6	0	0
9	37500001	1.02968	0.991943	6	0	0
9	38000001	0.995084	0.991943	6	0	0
9	38500001	0.994402	0.991943	6	0	0
9	39000001	0.861646	0.991943	6	0	0
9	39500001	0.888602	0.991943	6	0	0
9	40000001	0.877975	0.991943	6	0	0
9	40500001	1.10874	0.991943	6	0	0
9	41000001	1.08836	0.991943	6	0	0
9	41500001	0.897079	0.991943	6	0	0
9	42000001	0.417461	0.417461	3	0	0
9	42500001	0.653116	0.653116	4	0	0
9	43000001	1.30638	1.30638	8	0	0
9	43500001	3.15656	3.15656	19	0	0
9	44000001	2.43479	2.43479	15	0	0
9	44500001	1.49735	1.49735	9	0	0
9	45000001	1.01153	-1	-1	0	0
9	45500001	-1	-1	-1	0	0
9	46000001	-1	-1	-1	0	0
9	46500001	-1	-1	-1	0	0
9	47000001	-1	-1	-1	0	0
9	47500001	-1	-1	-1	0	0
9	48000001	-1	-1	-1	0	0
9	48500001	-1	-1	-1	0	0
9	49000001	-1	-1	-1	0	0
9	49500001	-1	-1	-1	0	0
9	50000001	-1	-1	-1	0	0
9	50500001	-1	-1	-1	0	0
9	51000001	-1	-1	-1	0	0
9	51500001	-1	-1	-1	0	0
9	52000001	-1	-1	-1	0	0
9	52500001	-1	-1	-1	0	0
9	53000001	-1	-1	-1	0	0
9	53500001	-1	-1	-1	0	0
9	54000001	-1	-1	-1	0	0
9	54500001	-1	-1	-1	0	0
9	55000001	-1	-1	-1	0	0
9	55500001	-1	-1	-1	0	0
9	56000001	-1	-1	-1	0	0
9	56500001	-1	-1	-1	0	0
9	57000001	-1	-1	-1	0	0
9	57500001	-1	-1	-1	0	0
9	58000001	-1	-1	-1	0	0
9	58500001	-1	-1	-1	0	0
9	59000001	-1	-1	-1	0	0
9	59500001	-1	-1	-1	0	0
9	60000001	-1	-1	-1	0	0
9	60500001	-1	-1	-1	0	0
9	61000001	-1	-1	-1	0	0
9	61500001	1.07208	-1	-1	0	0
9	62000001	-1	-1	-1	0	0
9	62500001	-1	-1	-1	0	0
9	63000001	0.728746	0.699283	4	0	0
9	63500001	-1	0.699283	4	0	0
9	64000001	-1	0.699283	4	0	0
9	64500001	0.66982	0.699283	4	0	0
9	65000001	-1	-1	-1	0	0
9	65500001	0.949284	0.969385	6	0	0
9	66000001	-1	0.969385	6	0	0
9	66500001	-1	0.969385	6	0	0
9	67000001	0.841611	0.969385	6	0	0
9	67500001	-1	0.969385	6	0	0
9	68000001	-1	0.969385	6	0	0
9	68500001	0.962879	0.969385	6	0	0
9	69000001	0.936335	0.969385	6	0	0
9	69500001	0.962003	0.969385	6	0	0
9	70000001	1.01703	0.969385	6	0	0
9	70500001	0.925825	0.969385	6	0	0
9	71000001	0.916413	0.969385	6	0	0
9	71500001	0.929548	0.969385	6	0	0
9	72000001	0.970481	0.969385	6	0	0
9	72500001	1.02455	0.969385	6	0	0
9	73000001	1.04862	0.969385	6	0	0
9	73500001	0.948684	0.969385	6	0	0
9	74000001	0.939282	0.969385	6	0	0
9	74500001	0.950737	0.969385	6	0	0
9	75000001	0.912842	0.969385	6	0	0
9	75500001	0.939964	0.969385	6	0	0
9	76000001	0.95825	0.969385	6	0	0
9	76500001	0.965583	0.969385	6	0	0
9	77000001	0.942703	0.969385	6	0	0
9	77500001	0.931567	0.969385	6	0	0
9	78000001	0.971134	0.969385	6	0	0
9	78500001	0.998696	0.969385	6	0	0
9	79000001	0.88968	0.969385	6	0	0
9	79500001	0.90699	0.969385	6	0	0
9	80000001	0.973648	0.969385	6	0	0
9	80500001	0.967643	0.969385	6	0	0
9	81000001	0.996966	0.969385	6	0	0
9	81500001	0.91145	0.969385	6	0	0
9	82000001	0.990439	0.969385	6	0	0
9	82500001	0.96469	0.969385	6	0	0
9	83000001	1.00491	0.969385	6	0	0
9	83500001	0.976673	0.969385	6	0	0
9	84000001	0.897628	0.969385	6	0	0
9	84500001	0.958617	0.969385	6	0	0
9	85000001	0.969385	0.969385	6	0	0
9	85500001	0.990728	0.969385	6	0	0
9	86000001	0.942429	0.969385	6	0	0
9	86500001	0.945571	0.969385	6	0	0
9	87000001	0.916073	0.969385	6	0	0
9	87500001	0.887065	0.969385	6	0	0
9	88000001	0.848508	0.969385	6	0	0
9	88500001	0.944919	0.969385	6	0	0
9	89000001	0.959667	0.969385	6	0	0
9	89500001	1.02868	0.969385	6	0	0
9	90000001	0.932009	0.969385	6	0	0
9	90500001	0.94429	0.969385	6	0	0
9	91000001	0.976805	0.969385	6	0	0
9	91500001	0.948844	0.969385	6	0	0
9	92000001	0.956886	0.969385	6	0	0
9	92500001	0.957697	0.969385	6	0	0
9	93000001	0.939487	0.969385	6	0	0
9	93500001	0.955699	0.969385	6	0	0
9	94000001	0.940783	0.969385	6	0	0
9	94500001	0.99913	0.969385	6	0	0
9	95000001	0.945094	0.969385	6	0	0
9	95500001	0.940479	0.969385	6	0	0
9	96000001	0.970781	0.969385	6	0	0
9	96500001	0.977089	0.969385	6	0	0
9	97000001	0.968976	0.969385	6	0	0
9	97500001	0.995974	0.969385	6	0	0
9	98000001	0.969071	0.969385	6	0	0
9	98500001	1.00144	0.969385	6	0	0
9	99000001	0.949474	0.969385	6	0	0
9	99500001	0.986597	0.969385	6	0	0
9	100000001	0.962745	0.969385	6	0	0
9	100500001	0.994785	0.969385	6	0	0
9	101000001	0.972036	0.969385	6	0	0
9	101500001	0.951062	0.969385	6	0	0
9	102000001	0.901459	0.969385	6	0	0
9	102500001	0.924582	0.969385	6	0	0
9	103000001	0.936578	0.969385	6	0	0
9	103500001	0.909802	0.969385	6	0	0
9	104000001	0.977338	0.969385	6	0	0
9	104500001	0.973776	0.969385	6	0	0
9	105000001	0.970011	0.969385	6	0	0
9	105500001	0.992772	0.969385	6	0	0
9	106000001	0.996397	0.969385	6	0	0
9	106500001	0.985004	0.969385	6	0	0
9	107000001	0.982734	0.969385	6	0	0
9	107500001	0.977906	0.969385	6	0	0
9	108000001	0.960039	0.969385	6	0	0
9	108500001	1.02082	0.969385	6	0	0
9	109000001	0.976869	0.969385	6	0	0
9	109500001	1.05212	0.969385	6	0	0
9	110000001	0.982382	0.969385	6	0	0
9	110500001	0.984174	0.969385	6	0	0
9	111000001	0.97926	0.969385	6	0	0
9	111500001	0.950059	0.969385	6	0	0
9	112000001	1.03173	0.969385	6	0	0
9	112500001	1.00155	0.969385	6	0	0
9	113000001	0.957689	0.969385	6	0	0
9	113500001	1.03864	0.969385	6	0	0
9	114000001	0.995383	0.969385	6	0	0
9	114500001	1.03612	0.969385	6	0	0
9	115000001	0.967022	0.969385	6	0	0
9	115500001	0.977483	0.969385	6	0	0
9	116000001	0.988585	0.969385	6	0	0
9	116500001	0.908361	0.969385	6	0	0
9	117000001	0.969991	0.969385	6	0	0
9	117500001	0.947822	0.969385	6	0	0
9	118000001	0.942454	0.969385	6	0	0
9	118500001	0.913501	0.969385	6	0	0
9	119000001	0.909619	0.969385	6	0	0
9	119500001	0.9054	0.969385	6	0	0
9	120000001	1.00612	0.969385	6	0	0
9	120500001	1.00326	0.969385	6	0	0
9	121000001	1.02495	0.969385	6	0	0
9	121500001	1.02469	0.969385	6	0	0
9	122000001	1.01028	0.969385	6	0	0
9	122500001	1.00288	0.969385	6	0	0
9	123000001	1.00637	0.969385	6	0	0
9	123500001	1.02064	0.969385	6	0	0
9	124000001	0.999717	0.969385	6	0	0
9	124500001	0.95771	0.969385	6	0	0
9	125000001	0.989835	0.969385	6	0	0
9	125500001	0.950025	0.969385	6	0	0
9	126000001	0.972763	0.969385	6	0	0
9	126500001	0.954376	0.969385	6	0	0
9	127000001	1.01679	0.969385	6	0	0
9	127500001	1.00461	0.969385	6	0	0
9	128000001	1.02688	0.969385	6	0	0
9	128500001	0.95613	0.969385	6	0	0
9	129000001	0.987549	0.969385	6	0	0
9	129500001	0.972893	0.969385	6	0	0
9	130000001	0.999606	0.969385	6	0	0
9	130500001	0.955707	0.969385	6	0	0
9	131000001	0.931802	0.969385	6	0	0
9	131500001	0.978173	0.969385	6	0	0
9	132000001	0.960663	0.969385	6	0	0
9	132500001	0.982847	0.969385	6	0	0
9	133000001	1.01775	0.969385	6	0	0
9	133500001	0.990806	0.969385	6	0	0
9	134000001	0.978396	0.969385	6	0	0
9	134500001	0.99074	0.969385	6	0	0
9	135000001	1.01855	0.969385	6	0	0
9	135500001	0.941518	0.969385	6	0	0
9	136000001	1.00179	0.969385	6	0	0
9	136500001	0.965417	0.969385	6	0	0
9	137000001	0.905314	0.969385	6	0	0
9	137500001	0.999185	0.969385	6	0	0
9	138000001	-1	-1	-1	0	0
GL000008.2	1	0.554087	0.554087	3	0	0
GL000009.2	1	0.245538	0.245538	1	0	0
GL000194.1	1	0.497628	0.497628	3	0	0
GL000195.1	1	0.226704	0.226704	1	0	0
GL000205.2	1	0.24128	0.24128	1	0	0
GL000208.1	1	-1	-1	-1	0	0
GL000213.1	1	1.58025	1.58025	9	0	0
GL000214.1	1	0.126639	0.126639	1	0	0
GL000216.2	1	0.286879	0.286879	2	0	0
GL000218.1	1	0.351382	0.351382	2	0	0
GL000219.1	1	0.387503	0.387503	2	0	0
GL000220.1	1	0.403253	0.403253	2	0	0
GL000221.1	1	0.313053	0.313053	2	0	0
GL000224.1	1	0.266424	0.266424	2	0	0
GL000225.1	1	0.266247	0.266247	2	0	0
GL000226.1	1	-1	-1	-1	0	0
KI270302.1	1	0.0128733	0.0128733	0	0	0
KI270303.1	1	0.00159425	0.00159425	0	0	0
KI270304.1	1	0.0114777	0.0114777	0	0	0
KI270305.1	1	0.000636768	0.000636768	0	0	0
KI270310.1	1	0.00254803	0.00254803	0	0	0
KI270311.1	1	0.01029	0.01029	0	0	0
KI270312.1	1	0.000187255	0.000187255	0	0	0
KI270315.1	1	0.00289314	0.00289314	0	0	0
KI270316.1	1	0.00159612	0.00159612	0	0	0
KI270317.1	1	0	0	0	0	0
KI270320.1	1	0.00831355	0.00831355	0	0	0
KI270322.1	1	0.765817	0.765817	5	0	0
KI270329.1	1	0.00350218	0.00350218	0	0	0
KI270330.1	1	0.000323692	0.000323692	0	0	0
KI270333.1	1	0	0	0	0	0
KI270334.1	1	0.00320441	0.00320441	0	0	0
KI270335.1	1	0	0	0	0	0
KI270336.1	1	0.000319911	0.000319911	0	0	0
KI270337.1	1	0.00127801	0.00127801	0	0	0
KI270338.1	1	0.00419735	0.00419735	0	0	0
KI270340.1	1	0.00159788	0.00159788	0	0	0
KI270362.1	1	0.0203265	0.0203265	0	0	0
KI270363.1	1	0.00095924	0.00095924	0	0	0
KI270364.1	1	0	0	0	0	0
KI270366.1	1	0.0141263	0.0141263	0	0	0
KI270371.1	1	0.34693	0.34693	2	0	0
KI270372.1	1	0.000637045	0.000637045	0	0	0
KI270373.1	1	0.00319013	0.00319013	0	0	0
KI270374.1	1	0.00637897	0.00637897	0	0	0
KI270375.1	1	0.00990587	0.00990587	0	0	0
KI270376.1	1	0.413053	0.413053	2	0	0
KI270378.1	1	0.000319014	0.000319014	0	0	0
KI270379.1	1	0.00479284	0.00479284	0	0	0
KI270381.1	1	0.00191028	0.00191028	0	0	0
KI270382.1	1	0.0118674	0.0118674	0	0	0
KI270383.1	1	0.00319841	0.00319841	0	0	0
KI270384.1	1	0.0420823	0.0420823	0	0	0
KI270385.1	1	0.00350409	0.00350409	0	0	0
KI270386.1	1	0.0159657	0.0159657	0	0	0
KI270387.1	1	0.00127882	0.00127882	0	0	0
KI270388.1	1	0.0162386	0.0162386	0	0	0
KI270389.1	1	0.43656	0.43656	3	0	0
KI270390.1	1	0.00193319	0.00193319	0	0	0
KI270391.1	1	0.00320959	0.00320959	0	0	0
KI270392.1	1	0.000961283	0.000961283	0	0	0
KI270393.1	1	0.0106205	0.0106205	0	0	0
KI270395.1	1	0	0	0	0	0
KI270396.1	1	0.00382176	0.00382176	0	0	0
KI270411.1	1	0.00478305	0.00478305	0	0	0
KI270412.1	1	0.00448196	0.00448196	0	0	0
KI270414.1	1	0.0135387	0.0135387	0	0	0
KI270417.1	1	0.00900046	0.00900046	0	0	0
KI270418.1	1	0.00096133	0.00096133	0	0	0
KI270419.1	1	0.066403	0.066403	0	0	0
KI270420.1	1	0.00548489	0.00548489	0	0	0
KI270422.1	1	0	0	0	0	0
KI270423.1	1	0.000641904	0.000641904	0	0	0
KI270424.1	1	0.00353395	0.00353395	0	0	0
KI270425.1	1	0.0099021	0.0099021	0	0	0
KI270429.1	1	0	0	0	0	0
KI270435.1	1	0.315823	0.315823	2	0	0
KI270438.1	1	0.150573	0.150573	1	0	0
KI270442.1	1	1.71258	1.71258	10	0	0
KI270448.1	1	0.00764804	0.00764804	0	0	0
KI270465.1	1	0.0012759	0.0012759	0	0	0
KI270466.1	1	0.000320113	0.000320113	0	0	0
KI270467.1	1	0.00900685	0.00900685	0	0	0
KI270468.1	1	1.16019	1.16019	7	0	0
KI270507.1	1	0.0411835	0.0411835	0	0	0
KI270508.1	1	0.00350385	0.00350385	0	0	0
KI270509.1	1	0.000955612	0.000955612	0	0	0
KI270510.1	1	0.00255994	0.00255994	0	0	0
KI270511.1	1	0.0268318	0.0268318	0	0	0
KI270512.1	1	-1	-1	-1	0	0
KI270515.1	1	0.0292951	0.0292951	0	0	0
KI270516.1	1	0.000639461	0.000639461	0	0	0
KI270517.1	1	0.00672607	0.00672607	0	0	0
KI270518.1	1	0.00318387	0.00318387	0	0	0
KI270519.1	1	0.335291	0.335291	2	0	0
KI270521.1	1	0.0105279	0.0105279	0	0	0
KI270522.1	1	0.0259454	0.0259454	0	0	0
KI270528.1	1	0.0983827	0.0983827	1	0	0
KI270529.1	1	0.00286542	0.00286542	0	0	0
KI270530.1	1	0.000636858	0.000636858	0	0	0
KI270538.1	1	0.119339	0.119339	1	0	0
KI270539.1	1	0.000640583	0.000640583	0	0	0
KI270544.1	1	0.0121015	0.0121015	0	0	0
KI270548.1	1	0.0086074	0.0086074	0	0	0
KI270579.1	1	0	0	0	0	0
KI270580.1	1	0.00321383	0.00321383	0	0	0
KI270581.1	1	0.0130624	0.0130624	0	0	0
KI270582.1	1	0.0397858	0.0397858	0	0	0
KI270583.1	1	0.000637845	0.000637845	0	0	0
KI270584.1	1	0.0466492	0.0466492	0	0	0
KI270587.1	1	0.00498392	0.00498392	0	0	0
KI270588.1	1	0.0278888	0.0278888	0	0	0
KI270589.1	1	0.00518115	0.00518115	0	0	0
KI270590.1	1	0.0170441	0.0170441	0	0	0
KI270591.1	1	0.00544005	0.00544005	0	0	0
KI270593.1	1	0.00129565	0.00129565	0	0	0
KI270706.1	1	0.296306	0.296306	2	0	0
KI270707.1	1	0.0292316	0.0292316	0	0	0
KI270708.1	1	0.243301	0.243301	1	0	0
KI270709.1	1	0.155935	0.155935	1	0	0
KI270710.1	1	0.0639727	0.0639727	0	0	0
KI270711.1	1	0.0760543	0.0760543	0	0	0
KI270712.1	1	0.35549	0.35549	2	0	0
KI270713.1	1	0.111071	0.111071	1	0	0
KI270714.1	1	0.0988754	0.0988754	1	0	0
KI270715.1	1	0.381384	0.381384	2	0	0
KI270716.1	1	0.145549	0.145549	1	0	0
KI270717.1	1	0.0942323	0.0942323	1	0	0
KI270718.1	1	-1	-1	-1	0	0
KI270719.1	1	1.44422	1.44422	9	0	0
KI270720.1	1	0.107832	0.107832	1	0	0
KI270721.1	1	0.197333	0.197333	1	0	0
KI270722.1	1	0.3995	0.3995	2	0	0
KI270723.1	1	0.0936059	0.0936059	1	0	0
KI270724.1	1	0.0487754	0.0487754	0	0	0
KI270725.1	1	0.606158	0.606158	4	0	0
KI270726.1	1	0.262281	0.262281	2	0	0
KI270727.1	1	0.954403	0.954403	6	0	0
KI270728.1	1	0.358885	0.358885	2	0	0
KI270729.1	1	2.61077	2.61077	16	0	0
KI270730.1	1	-1	-1	-1	0	0
KI270731.1	1	0.455169	0.455169	3	0	0
KI270732.1	1	0.139186	0.139186	1	0	0
KI270733.1	1	1.03006	1.03006	6	0	0
KI270734.1	1	0.0339624	0.0339624	0	0	0
KI270735.1	1	0.128438	0.128438	1	0	0
KI270736.1	1	1.28264	1.28264	8	0	0
KI270737.1	1	0.0864822	0.0864822	1	0	0
KI270738.1	1	0.0647531	0.0647531	0	0	0
KI270739.1	1	0.247277	0.247277	1	0	0
KI270740.1	1	0.0277442	0.0277442	0	0	0
KI270741.1	1	0.403706	0.403706	2	0	0
KI270742.1	1	0.500452	0.500452	3	0	0
KI270743.1	1	0.546104	0.546104	3	0	0
KI270744.1	1	0.19954	0.19954	1	0	0
KI270745.1	1	0.0466052	0.0466052	0	0	0
KI270746.1	1	0.107603	0.107603	1	0	0
KI270747.1	1	0.383326	0.383326	2	0	0
KI270748.1	1	0.191804	0.191804	1	0	0
KI270749.1	1	0.131706	0.131706	1	0	0
KI270750.1	1	0.250368	0.250368	2	0	0
KI270751.1	1	0.306437	0.306437	2	0	0
KI270752.1	1	0.0187845	0.0187845	0	0	0
KI270753.1	1	-1	-1	-1	0	0
KI270754.1	1	0.087503	0.087503	1	0	0
KI270755.1	1	0.0614052	0.0614052	0	0	0
KI270756.1	1	0.044356	0.044356	0	0	0
KI270757.1	1	2.84047	2.84047	17	0	0
MT	1	9.9113	9.9113	59	0	0
X	1	-1	-1	-1	0	0
X	500001	0.923087	0.949547	6	0	0
X	1000001	0.947741	0.949547	6	0	0
X	1500001	0.931206	0.949547	6	0	0
X	2000001	-1	0.949547	6	0	0
X	2500001	0.938136	0.949547	6	0	0
X	3000001	0.956604	0.949547	6	0	0
X	3500001	0.829123	0.949547	6	0	0
X	4000001	0.964817	0.949547	6	0	0
X	4500001	0.931482	0.949547	6	0	0
X	5000001	0.951353	0.949547	6	0	0
X	5500001	0.925608	0.949547	6	0	0
X	6000001	0.965607	0.949547	6	0	0
X	6500001	0.97761	0.949547	6	0	0
X	7000001	0.981728	0.949547	6	0	0
X	7500001	0.958938	0.949547	6	0	0
X	8000001	0.983476	1.00891	6	0	0
X	8500001	1.03551	1.00891	6	0	0
X	9000001	1.04049	1.00891	6	0	0
X	9500001	1.00226	1.00891	6	0	0
X	10000001	1.02995	1.00891	6	0	0
X	10500001	0.999563	1.00891	6	0	0
X	11000001	0.976325	1.00891	6	0	0
X	11500001	0.966163	1.00891	6	0	0
X	12000001	0.981249	1.00891	6	0	0
X	12500001	1.07031	1.00891	6	0	0
X	13000001	1.06107	1.00891	6	0	0
X	13500001	1.0057	1.00891	6	0	0
X	14000001	0.979492	1.00891	6	0	0
X	14500001	1.01936	1.00891	6	0	0
X	15000001	0.992519	1.00891	6	0	0
X	15500001	1.03034	1.00891	6	0	0
X	16000001	1.02364	1.00891	6	0	0
X	16500001	1.00099	1.00891	6	0	0
X	17000001	1.07734	1.00891	6	0	0
X	17500001	1.01211	1.00891	6	0	0
X	18000001	0.95578	0.996142	6	0	0
X	18500001	0.914499	0.996142	6	0	0
X	19000001	0.97552	0.996142	6	0	0
X	19500001	1.01613	0.996142	6	0	0
X	20000001	1.03423	0.996142	6	0	0
X	20500001	1.01873	0.996142	6	0	0
X	21000001	0.981365	0.996142	6	0	0
X	21500001	1.01951	0.996142	6	0	0
X	22000001	0.992367	0.996142	6	0	0
X	22500001	0.961161	0.996142	6	0	0
X	23000001	0.994064	0.996142	6	0	0
X	23500001	1.00452	0.996142	6	0	0
X	24000001	1.01143	0.996142	6	0	0
X	24500001	1.00279	0.996142	6	0	0
X	25000001	0.978373	0.996142	6	0	0
X	25500001	1.03828	0.996142	6	0	0
X	26000001	0.955492	0.996142	6	0	0
X	26500001	1.01338	0.996142	6	0	0
X	27000001	0.940066	0.996142	6	0	0
X	27500001	0.97635	0.996142	6	0	0
X	28000001	0.983986	0.996142	6	0	0
X	28500001	0.962648	0.996142	6	0	0
X	29000001	1.00441	0.996142	6	0	0
X	29500001	1.033	0.996142	6	0	0
X	30000001	1.0249	0.996142	6	0	0
X	30500001	0.997444	0.996142	6	0	0
X	31000001	0.959217	0.996142	6	0	0
X	31500001	1.00289	0.996142	6	0	0
X	32000001	0.976194	0.996142	6	0	0
X	32500001	0.950847	0.996142	6	0	0
X	33000001	0.985544	0.996142	6	0	0
X	33500001	0.953394	0.996142	6	0	0
X	34000001	0.99406	0.996142	6	0	0
X	34500001	1.00894	0.996142	6	0	0
X	35000001	0.937067	0.996142	6	0	0
X	35500001	0.933182	0.996142	6	0	0
X	36000001	1.03296	0.996142	6	0	0
X	36500001	0.975698	0.996142	6	0	0
X	37000001	-1	0.996142	6	0	0
X	37500001	1.02133	0.996142	6	0	0
X	38000001	1.01728	0.996142	6	0	0
X	38500001	1.03784	0.996142	6	0	0
X	39000001	1.00702	0.996142	6	0	0
X	39500001	0.994665	0.996142	6	0	0
X	40000001	0.967135	0.996142	6	0	0
X	40500001	1.00045	0.996142	6	0	0
X	41000001	0.959156	0.996142	6	0	0
X	41500001	1.01779	0.996142	6	0	0
X	42000001	1.04398	0.996142	6	0	0
X	42500001	1.00584	0.996142	6	0	0
X	43000001	0.965607	0.996142	6	0	0
X	43500001	1.03239	0.996142	6	0	0
X	44000001	0.98794	0.996142	6	0	0
X	44500001	0.934214	0.996142	6	0	0
X	45000001	1.0392	0.996142	6	0	0
X	45500001	1.02555	0.996142	6	0	0
X	46000001	1.06513	0.996142	6	0	0
X	46500001	1.01487	0.996142	6	0	0
X	47000001	0.979365	0.996142	6	0	0
X	47500001	0.999243	0.996142	6	0	0
X	48000001	0.949397	0.996142	6	0	0
X	48500001	0.983334	0.996142	6	0	0
X	49000001	-1	0.996142	6	0	0
X	49500001	1.05567	0.996142	6	0	0
X	50000001	0.970237	0.996142	6	0	0
X	50500001	1.01799	0.996142	6	0	0
X	51000001	0.996142	0.996142	6	0	0
X	51500001	0.815605	0.815605	5	0	0
X	52000001	0.65145	0.652905	4	0	0
X	52500001	0.648307	0.652905	4	0	0
X	53000001	0.663293	0.652905	4	0	0
X	53500001	0.674305	0.652905	4	0	0
X	54000001	0.627959	0.652905	4	0	0
X	54500001	0.702113	0.652905	4	0	0
X	55000001	0.636966	0.652905	4	0	0
X	55500001	0.627792	0.652905	4	0	0
X	56000001	0.652374	0.652905	4	0	0
X	56500001	0.653437	0.652905	4	0	0
X	57000001	0.675595	0.652905	4	0	0
X	57500001	0.659379	0.652905	4	0	0
X	58000001	0.681963	0.652905	4	0	0
X	58500001	0.608406	0.652905	4	0	0
X	59000001	0.594179	0.525638	3	0	0
X	59500001	0.521932	0.525638	3	0	0
X	60000001	0.51951	0.525638	3	0	0
X	60500001	0.508133	0.525638	3	0	0
X	61000001	0.570341	0.525638	3	0	0
X	61500001	0.525638	0.525638	3	0	0
X	62000001	0.535644	0.525638	3	0	0
X	62500001	0.718895	0.655206	4	0	0
X	63000001	0.66605	0.655206	4	0	0
X	63500001	0.69458	0.655206	4	0	0
X	64000001	0.621508	0.655206	4	0	0
X	64500001	0.635651	0.655206	4	0	0
X	65000001	0.630217	0.655206	4	0	0
X	65500001	0.678786	0.655206	4	0	0
X	66000001	0.653832	0.655206	4	0	0
X	66500001	0.618029	0.655206	4	0	0
X	67000001	0.655463	0.655206	4	0	0
X	67500001	0.656184	0.655206	4	0	0
X	68000001	0.678114	0.655206	4	0	0
X	68500001	0.708117	0.655206	4	0	0
X	69000001	0.656384	0.655206	4	0	0
X	69500001	0.683706	0.655206	4	0	0
X	70000001	0.681321	0.655206	4	0	0
X	70500001	0.68002	0.655206	4	0	0
X	71000001	0.621447	0.655206	4	0	0
X	71500001	0.714648	0.655206	4	0	0
X	72000001	0.647215	0.655206	4	0	0
X	72500001	0.662639	0.655206	4	0	0
X	73000001	0.662271	0.655206	4	0	0
X	73500001	0.674276	0.655206	4	0	0
X	74000001	0.659389	0.655206	4	0	0
X	74500001	0.657372	0.655206	4	0	0
X	75000001	0.632698	0.655206	4	0	0
X	75500001	0.692212	0.655206	4	0	0
X	76000001	0.701299	0.655206	4	0	0
X	76500001	0.648859	0.655206	4	0	0
X	77000001	0.644374	0.655206	4	0	0
X	77500001	0.643455	0.655206	4	0	0
X	78000001	0.660708	0.655206	4	0	0
X	78500001	0.676511	0.655206	4	0	0
X	79000001	0.660126	0.655206	4	0	0
X	79500001	0.656987	0.655206	4	0	0
X	80000001	0.66077	0.655206	4	0	0
X	80500001	0.672119	0.655206	4	0	0
X	81000001	0.678972	0.655206	4	0	0
X	81500001	0.630957	0.655206	4	0	0
X	82000001	0.66466	0.655206	4	0	0
X	82500001	0.637116	0.655206	4	0	0
X	83000001	0.655391	0.655206	4	0	0
X	83500001	0.633018	0.655206	4	0	0
X	84000001	0.669944	0.655206	4	0	0
X	84500001	0.624168	0.655206	4	0	0
X	85000001	0.665899	0.655206	4	0	0
X	85500001	0.620054	0.655206	4	0	0
X	86000001	0.670663	0.655206	4	0	0
X	86500001	0.662812	0.655206	4	0	0
X	87000001	0.7016	0.655206	4	0	0
X	87500001	0.697957	0.655206	4	0	0
X	88000001	0.641852	0.655206	4	0	0
X	88500001	0.624182	0.655206	4	0	0
X	89000001	0.615939	0.655206	4	0	0
X	89500001	0.607419	0.655206	4	0	0
X	90000001	0.626788	0.655206	4	0	0
X	90500001	0.644564	0.655206	4	0	0
X	91000001	0.621959	0.655206	4	0	0
X	91500001	0.637057	0.655206	4	0	0
X	92000001	0.572545	0.655206	4	0	0
X	92500001	0.63746	0.655206	4	0	0
X	93000001	0.64869	0.655206	4	0	0
X	93500001	0.632139	0.655206	4	0	0
X	94000001	0.690284	0.655206	4	0	0
X	94500001	0.637388	0.655206	4	0	0
X	95000001	0.650766	0.655206	4	0	0
X	95500001	0.677582	0.655206	4	0	0
X	96000001	0.665011	0.655206	4	0	0
X	96500001	0.63348	0.655206	4	0	0
X	97000001	0.615941	0.655206	4	0	0
X	97500001	0.641212	0.655206	4	0	0
X	98000001	0.650578	0.655206	4	0	0
X	98500001	0.667646	0.655206	4	0	0
X	99000001	0.629146	0.655206	4	0	0
X	99500001	0.657638	0.655206	4	0	0
X	100000001	0.654998	0.655206	4	0	0
X	100500001	0.713221	0.655206	4	0	0
X	101000001	0.671437	0.655206	4	0	0
X	101500001	0.650445	0.655206	4	0	0
X	102000001	0.659661	0.655206	4	0	0
X	102500001	0.65608	0.655206	4	0	0
X	103000001	0.676968	0.655206	4	0	0
X	103500001	0.666818	0.655206	4	0	0
X	104000001	0.66571	0.655206	4	0	0
X	104500001	0.636355	0.655206	4	0	0
X	105000001	0.712539	0.655206	4	0	0
X	105500001	0.648973	0.655206	4	0	0
X	106000001	0.671483	0.655206	4	0	0
X	106500001	0.720439	0.655206	4	0	0
X	107000001	0.703326	0.655206	4	0	0
X	107500001	0.679271	0.655206	4	0	0
X	108000001	0.655021	0.655206	4	0	0
X	108500001	0.678947	0.655206	4	0	0
X	109000001	0.614157	0.655206	4	0	0
X	109500001	0.649088	0.655206	4	0	0
X	110000001	0.691451	0.655206	4	0	0
X	110500001	0.702564	0.655206	4	0	0
X	111000001	0.655947	0.655206	4	0	0
X	111500001	0.617977	0.655206	4	0	0
X	112000001	0.621158	0.655206	4	0	0
X	112500001	0.611417	0.655206	4	0	0
X	113000001	0.628621	0.655206	4	0	0
X	113500001	0.633382	0.655206	4	0	0
X	114000001	0.64119	0.655206	4	0	0
X	114500001	0.633165	0.655206	4	0	0
X	115000001	0.671071	0.655206	4	0	0
X	115500001	-1	0.655206	4	0	0
X	116000001	0.664444	0.655206	4	0	0
X	116500001	0.656393	0.655206	4	0	0
X	117000001	0.645232	0.655206	4	0	0
X	117500001	0.681595	0.655206	4	0	0
X	118000001	0.62494	0.655206	4	0	0
X	118500001	0.646857	0.655206	4	0	0
X	119000001	0.668104	0.655206	4	0	0
X	119500001	0.658602	0.655206	4	0	0
X	120000001	0.681008	0.655206	4	0	0
X	120500001	0.645055	0.655206	4	0	0
X	121000001	0.65646	0.655206	4	0	0
X	121500001	0.646275	0.655206	4	0	0
X	122000001	0.642953	0.655206	4	0	0
X	122500001	0.62858	0.655206	4	0	0
X	123000001	0.678963	0.655206	4	0	0
X	123500001	0.670693	0.655206	4	0	0
X	124000001	0.638415	0.655206	4	0	0
X	124500001	0.625794	0.655206	4	0	0
X	125000001	0.635612	0.655206	4	0	0
X	125500001	0.623479	0.655206	4	0	0
X	126000001	0.647008	0.655206	4	0	0
X	126500001	0.630931	0.655206	4	0	0
X	127000001	0.66004	0.655206	4	0	0
X	127500001	0.658941	0.655206	4	0	0
X	128000001	0.650449	0.655206	4	0	0
X	128500001	0.634062	0.655206	4	0	0
X	129000001	0.649663	0.655206	4	0	0
X	129500001	0.634785	0.655206	4	0	0
X	130000001	0.655916	0.655206	4	0	0
X	130500001	0.623611	0.655206	4	0	0
X	131000001	0.641533	0.655206	4	0	0
X	131500001	0.640621	0.655206	4	0	0
X	132000001	0.645374	0.655206	4	0	0
X	132500001	0.647866	0.655206	4	0	0
X	133000001	0.629659	0.655206	4	0	0
X	133500001	0.64459	0.655206	4	0	0
X	134000001	0.667327	0.655206	4	0	0
X	134500001	0.684631	0.655206	4	0	0
X	135000001	0.694942	0.655206	4	0	0
X	135500001	0.696127	0.655206	4	0	0
X	136000001	0.690414	0.655206	4	0	0
X	136500001	0.668544	0.655206	4	0	0
X	137000001	0.632485	0.655206	4	0	0
X	137500001	0.674485	0.655206	4	0	0
X	138000001	0.658991	0.655206	4	0	0
X	138500001	0.640192	0.655206	4	0	0
X	139000001	0.648262	0.655206	4	0	0
X	139500001	0.63813	0.655206	4	0	0
X	140000001	0.635776	0.655206	4	0	0
X	140500001	0.629132	0.655206	4	0	0
X	141000001	0.660651	0.655206	4	0	0
X	141500001	0.635691	0.655206	4	0	0
X	142000001	0.622255	0.655206	4	0	0
X	142500001	0.629044	0.655206	4	0	0
X	143000001	0.658057	0.655206	4	0	0
X	143500001	0.652863	0.655206	4	0	0
X	144000001	0.673953	0.655206	4	0	0
X	144500001	0.656706	0.655206	4	0	0
X	145000001	0.661352	0.655206	4	0	0
X	145500001	0.635518	0.655206	4	0	0
X	146000001	0.64383	0.655206	4	0	0
X	146500001	0.622684	0.655206	4	0	0
X	147000001	0.63875	0.655206	4	0	0
X	147500001	0.603491	0.655206	4	0	0
X	148000001	0.681018	0.655206	4	0	0
X	148500001	0.674202	0.655206	4	0	0
X	149000001	0.665527	0.655206	4	0	0
X	149500001	0.709298	0.655206	4	0	0
X	150000001	0.716764	0.655206	4	0	0
X	150500001	0.689756	0.655206	4	0	0
X	151000001	0.634167	0.655206	4	0	0
X	151500001	0.639169	0.655206	4	0	0
X	152000001	0.643336	0.655206	4	0	0
X	152500001	0.692647	0.655206	4	0	0
X	153000001	0.657594	0.655206	4	0	0
X	153500001	0.686805	0.655206	4	0	0
X	154000001	0.93284	0.670026	4	0	0
X	154500001	0.675	0.670026	4	0	0
X	155000001	0.662663	0.670026	4	0	0
X	155500001	0.665052	0.670026	4	0	0
X	156000001	-1	-1	-1	0	0
