Chromosome	Start	Ratio	MedianRatio	CopyNumber	Subclone_CN	Subclone_Population
1	1	-1	-1	-1	0	0
1	500001	0.896429	0.735796	2	0	0
1	1000001	0.69977	0.735796	2	0	0
1	1500001	0.755359	0.735796	2	0	0
1	2000001	0.702153	0.735796	2	0	0
1	2500001	0.964517	0.735796	2	0	0
1	3000001	0.764462	0.735796	2	0	0
1	3500001	0.701774	0.735796	2	0	0
1	4000001	0.718785	0.735796	2	0	0
1	4500001	0.764033	0.735796	2	0	0
1	5000001	0.696588	0.735796	2	0	0
1	5500001	0.723639	0.735796	2	0	0
1	6000001	0.688005	0.735796	2	0	0
1	6500001	0.71076	0.735796	2	0	0
1	7000001	0.742838	0.735796	2	0	0
1	7500001	0.688867	0.735796	2	0	0
1	8000001	0.695644	0.735796	2	0	0
1	8500001	0.718373	0.735796	2	0	0
1	9000001	0.703563	0.735796	2	0	0
1	9500001	0.715812	0.735796	2	0	0
1	10000001	0.66408	0.735796	2	0	0
1	10500001	0.698818	0.735796	2	0	0
1	11000001	0.724515	0.735796	2	0	0
1	11500001	0.748722	0.735796	2	0	0
1	12000001	0.696875	0.735796	2	0	0
1	12500001	0.709379	0.735796	2	0	0
1	13000001	0.698069	0.735796	2	0	0
1	13500001	0.715008	0.735796	2	0	0
1	14000001	0.723275	0.735796	2	0	0
1	14500001	0.772289	0.735796	2	0	0
1	15000001	0.699146	0.735796	2	0	0
1	15500001	0.689598	0.735796	2	0	0
1	16000001	0.742146	0.735796	2	0	0
1	16500001	1.22612	0.735796	2	0	0
1	17000001	0.715056	0.735796	2	0	0
1	17500001	0.755952	0.735796	2	0	0
1	18000001	0.723841	0.735796	2	0	0
1	18500001	0.744794	0.735796	2	0	0
1	19000001	0.719876	0.735796	2	0	0
1	19500001	0.687172	0.735796	2	0	0
1	20000001	0.754994	0.735796	2	0	0
1	20500001	0.716507	0.735796	2	0	0
1	21000001	0.746305	0.735796	2	0	0
1	21500001	0.71937	0.735796	2	0	0
1	22000001	0.733302	0.735796	2	0	0
1	22500001	0.770328	0.735796	2	0	0
1	23000001	0.714029	0.735796	2	0	0
1	23500001	0.764917	0.735796	2	0	0
1	24000001	0.728512	0.735796	2	0	0
1	24500001	0.695699	0.735796	2	0	0
1	25000001	0.684352	0.735796	2	0	0
1	25500001	0.715629	0.735796	2	0	0
1	26000001	0.715592	0.735796	2	0	0
1	26500001	0.736339	0.735796	2	0	0
1	27000001	0.716942	0.735796	2	0	0
1	27500001	0.718367	0.735796	2	0	0
1	28000001	0.696639	0.735796	2	0	0
1	28500001	0.704926	0.735796	2	0	0
1	29000001	0.737148	0.735796	2	0	0
1	29500001	0.759263	0.735796	2	0	0
1	30000001	0.799249	0.735796	2	0	0
1	30500001	0.768178	0.735796	2	0	0
1	31000001	0.724972	0.735796	2	0	0
1	31500001	0.739316	0.735796	2	0	0
1	32000001	0.717821	0.735796	2	0	0
1	32500001	0.732066	0.735796	2	0	0
1	33000001	0.772816	0.735796	2	0	0
1	33500001	0.767992	0.735796	2	0	0
1	34000001	0.735796	0.735796	2	0	0
1	34500001	0.719405	0.735796	2	0	0
1	35000001	0.710585	0.735796	2	0	0
1	35500001	0.719718	0.735796	2	0	0
1	36000001	0.732269	0.735796	2	0	0
1	36500001	0.776459	0.735796	2	0	0
1	37000001	0.759577	0.735796	2	0	0
1	37500001	0.709607	0.735796	2	0	0
1	38000001	0.749036	0.735796	2	0	0
1	38500001	0.716538	0.735796	2	0	0
1	39000001	0.726403	0.735796	2	0	0
1	39500001	0.757725	0.735796	2	0	0
1	40000001	0.751375	0.735796	2	0	0
1	40500001	0.733857	0.735796	2	0	0
1	41000001	0.793971	0.735796	2	0	0
1	41500001	0.770705	0.735796	2	0	0
1	42000001	0.780231	0.735796	2	0	0
1	42500001	0.785635	0.735796	2	0	0
1	43000001	0.753681	0.735796	2	0	0
1	43500001	0.724691	0.735796	2	0	0
1	44000001	0.71332	0.735796	2	0	0
1	44500001	0.744842	0.735796	2	0	0
1	45000001	0.712463	0.735796	2	0	0
1	45500001	0.733679	0.735796	2	0	0
1	46000001	0.726754	0.735796	2	0	0
1	46500001	0.771879	0.735796	2	0	0
1	47000001	0.702826	0.735796	2	0	0
1	47500001	0.750538	0.735796	2	0	0
1	48000001	0.712007	0.735796	2	0	0
1	48500001	0.740357	0.735796	2	0	0
1	49000001	0.771264	0.735796	2	0	0
1	49500001	0.761757	0.735796	2	0	0
1	50000001	0.752027	0.735796	2	0	0
1	50500001	0.723657	0.735796	2	0	0
1	51000001	0.732737	0.735796	2	0	0
1	51500001	0.742076	0.735796	2	0	0
1	52000001	0.746342	0.735796	2	0	0
1	52500001	0.695672	0.735796	2	0	0
1	53000001	0.764684	0.735796	2	0	0
1	53500001	0.735541	0.735796	2	0	0
1	54000001	0.756439	0.735796	2	0	0
1	54500001	0.745284	0.735796	2	0	0
1	55000001	0.735188	0.735796	2	0	0
1	55500001	0.788421	0.735796	2	0	0
1	56000001	0.732098	0.735796	2	0	0
1	56500001	0.726986	0.735796	2	0	0
1	57000001	0.738522	0.735796	2	0	0
1	57500001	0.735666	0.735796	2	0	0
1	58000001	0.754508	0.735796	2	0	0
1	58500001	0.773776	0.735796	2	0	0
1	59000001	0.771349	0.735796	2	0	0
1	59500001	0.74058	0.735796	2	0	0
1	60000001	0.747142	0.735796	2	0	0
1	60500001	0.753577	0.735796	2	0	0
1	61000001	0.718687	0.735796	2	0	0
1	61500001	0.689502	0.735796	2	0	0
1	62000001	0.704795	0.735796	2	0	0
1	62500001	0.744477	0.735796	2	0	0
1	63000001	0.735588	0.735796	2	0	0
1	63500001	0.779256	0.735796	2	0	0
1	64000001	0.749566	0.735796	2	0	0
1	64500001	0.74589	0.735796	2	0	0
1	65000001	0.720639	0.735796	2	0	0
1	65500001	0.750869	0.735796	2	0	0
1	66000001	0.779117	0.735796	2	0	0
1	66500001	0.746975	0.735796	2	0	0
1	67000001	0.769786	0.735796	2	0	0
1	67500001	0.74723	0.735796	2	0	0
1	68000001	0.760411	0.735796	2	0	0
1	68500001	0.761981	0.735796	2	0	0
1	69000001	0.745318	0.735796	2	0	0
1	69500001	0.777277	0.735796	2	0	0
1	70000001	0.768858	0.735796	2	0	0
1	70500001	0.754921	0.735796	2	0	0
1	71000001	0.740507	0.735796	2	0	0
1	71500001	0.844841	0.735796	2	0	0
1	72000001	1.1277	1.42517	4	0	0
1	72500001	1.42517	1.42517	4	0	0
1	73000001	1.50403	1.42517	4	0	0
1	73500001	1.56703	1.70778	5	0	0
1	74000001	1.61972	1.70778	5	0	0
1	74500001	1.73873	1.70778	5	0	0
1	75000001	1.72473	1.70778	5	0	0
1	75500001	1.63876	1.70778	5	0	0
1	76000001	1.6985	1.70778	5	0	0
1	76500001	1.71524	1.70778	5	0	0
1	77000001	1.76172	1.70778	5	0	0
1	77500001	1.70352	1.70778	5	0	0
1	78000001	1.77168	1.70778	5	0	0
1	78500001	1.76123	1.70778	5	0	0
1	79000001	1.71204	1.70778	5	0	0
1	79500001	1.68495	1.70778	5	0	0
1	80000001	1.70351	1.70778	5	0	0
1	80500001	1.36016	1.22522	4	0	0
1	81000001	1.23275	1.22522	4	0	0
1	81500001	1.21586	1.22522	4	0	0
1	82000001	1.00978	1.22522	4	0	0
1	82500001	1.21401	1.22522	4	0	0
1	83000001	1.23171	1.22522	4	0	0
1	83500001	1.24245	1.22522	4	0	0
1	84000001	1.30224	1.22522	4	0	0
1	84500001	1.27777	1.22522	4	0	0
1	85000001	1.06517	1.22522	4	0	0
1	85500001	1.056	1.22522	4	0	0
1	86000001	1.05357	1.22522	4	0	0
1	86500001	1.11665	1.22522	4	0	0
1	87000001	1.29641	1.22522	4	0	0
1	87500001	1.22811	1.22522	4	0	0
1	88000001	1.26302	1.22522	4	0	0
1	88500001	1.26654	1.22522	4	0	0
1	89000001	1.29633	1.22522	4	0	0
1	89500001	1.25487	1.22522	4	0	0
1	90000001	1.34227	1.22522	4	0	0
1	90500001	1.22522	1.22522	4	0	0
1	91000001	1.25655	1.22522	4	0	0
1	91500001	1.23425	1.22522	4	0	0
1	92000001	1.22962	1.22522	4	0	0
1	92500001	1.12661	1.22522	4	0	0
1	93000001	1.08571	1.22522	4	0	0
1	93500001	1.07087	1.22522	4	0	0
1	94000001	1.05542	1.22522	4	0	0
1	94500001	1.06157	1.22522	4	0	0
1	95000001	1.06335	1.22522	4	0	0
1	95500001	1.07452	1.22522	4	0	0
1	96000001	1.07455	1.22522	4	0	0
1	96500001	1.19913	1.22522	4	0	0
1	97000001	1.33587	1.31396	4	0	0
1	97500001	1.31369	1.31396	4	0	0
1	98000001	1.3638	1.31396	4	0	0
1	98500001	1.32161	1.31396	4	0	0
1	99000001	1.31577	1.31396	4	0	0
1	99500001	1.27827	1.31396	4	0	0
1	100000001	1.24223	1.31396	4	0	0
1	100500001	1.31423	1.31396	4	0	0
1	101000001	1.3049	1.31396	4	0	0
1	101500001	1.25902	1.31396	4	0	0
1	102000001	1.15615	1.03314	3	0	0
1	102500001	1.07328	1.03314	3	0	0
1	103000001	1.07822	1.03314	3	0	0
1	103500001	1.10151	1.03314	3	0	0
1	104000001	1.01283	1.03314	3	0	0
1	104500001	0.999191	1.03314	3	0	0
1	105000001	0.990546	1.03314	3	0	0
1	105500001	0.967665	1.03314	3	0	0
1	106000001	1.02793	1.03314	3	0	0
1	106500001	1.0532	1.03314	3	0	0
1	107000001	0.994438	1.03314	3	0	0
1	107500001	1.0185	1.03314	3	0	0
1	108000001	1.03314	1.03314	3	0	0
1	108500001	1.04054	1.03314	3	0	0
1	109000001	1.04176	1.03314	3	0	0
1	109500001	1.02862	1.03314	3	0	0
1	110000001	1.09163	1.03314	3	0	0
1	110500001	1.06648	1.03314	3	0	0
1	111000001	1.05373	1.03314	3	0	0
1	111500001	1.16212	1.03314	3	0	0
1	112000001	1.03038	1.03314	3	0	0
1	112500001	0.99217	1.03314	3	0	0
1	113000001	1.07812	1.03314	3	0	0
1	113500001	1.04997	1.03314	3	0	0
1	114000001	1.06227	1.03314	3	0	0
1	114500001	0.988272	1.03314	3	0	0
1	115000001	1.10979	1.03314	3	0	0
1	115500001	1.01967	1.03314	3	0	0
1	116000001	1.0246	1.03314	3	0	0
1	116500001	1.06554	1.03314	3	0	0
1	117000001	1.02826	1.03314	3	0	0
1	117500001	1.0262	1.03314	3	0	0
1	118000001	1.08954	1.03314	3	0	0
1	118500001	1.04662	1.03314	3	0	0
1	119000001	1.05083	1.03314	3	0	0
1	119500001	1.09164	1.03314	3	0	0
1	120000001	0.913375	1.03314	3	0	0
1	120500001	0.70195	1.03314	3	0	0
1	121000001	1.02316	1.03314	3	0	0
1	121500001	1.0212	1.03314	3	0	0
1	122000001	1.00658	1.03314	3	0	0
1	122500001	1.27053	1.41042	4	0	0
1	123000001	1.41042	1.41042	4	0	0
1	123500001	1.63965	1.41042	4	0	0
1	124000001	2.19172	2.19172	7	0	0
1	124500001	3.05512	3.05512	9	0	0
1	125000001	-1	-1	-1	0	0
1	125500001	-1	-1	-1	0	0
1	126000001	-1	-1	-1	0	0
1	126500001	-1	-1	-1	0	0
1	127000001	-1	-1	-1	0	0
1	127500001	-1	-1	-1	0	0
1	128000001	-1	-1	-1	0	0
1	128500001	-1	-1	-1	0	0
1	129000001	-1	-1	-1	0	0
1	129500001	-1	-1	-1	0	0
1	130000001	-1	-1	-1	0	0
1	130500001	-1	-1	-1	0	0
1	131000001	-1	-1	-1	0	0
1	131500001	-1	-1	-1	0	0
1	132000001	-1	-1	-1	0	0
1	132500001	-1	-1	-1	0	0
1	133000001	-1	-1	-1	0	0
1	133500001	-1	-1	-1	0	0
1	134000001	-1	-1	-1	0	0
1	134500001	-1	-1	-1	0	0
1	135000001	-1	-1	-1	0	0
1	135500001	-1	-1	-1	0	0
1	136000001	-1	-1	-1	0	0
1	136500001	-1	-1	-1	0	0
1	137000001	-1	-1	-1	0	0
1	137500001	-1	-1	-1	0	0
1	138000001	-1	-1	-1	0	0
1	138500001	-1	-1	-1	0	0
1	139000001	-1	-1	-1	0	0
1	139500001	-1	-1	-1	0	0
1	140000001	-1	-1	-1	0	0
1	140500001	-1	-1	-1	0	0
1	141000001	-1	-1	-1	0	0
1	141500001	-1	-1	-1	0	0
1	142000001	-1	-1	-1	0	0
1	142500001	-1	-1	-1	0	0
1	143000001	-1	-1	-1	0	0
1	143500001	1.06971	1.02879	3	0	0
1	144000001	0.997532	1.02879	3	0	0
1	144500001	1.02197	1.02879	3	0	0
1	145000001	1.1351	1.02879	3	0	0
1	145500001	1.03734	1.02879	3	0	0
1	146000001	0.995084	1.02879	3	0	0
1	146500001	0.998873	1.02879	3	0	0
1	147000001	1.0375	1.02879	3	0	0
1	147500001	1.02427	1.02879	3	0	0
1	148000001	1.06542	1.02879	3	0	0
1	148500001	1.1003	1.02879	3	0	0
1	149000001	1.10829	1.02879	3	0	0
1	149500001	1.03895	1.02879	3	0	0
1	150000001	1.0216	1.02879	3	0	0
1	150500001	0.984317	1.02879	3	0	0
1	151000001	1.00755	1.02879	3	0	0
1	151500001	1.03127	1.02879	3	0	0
1	152000001	1.06755	1.02879	3	0	0
1	152500001	0.994721	1.02879	3	0	0
1	153000001	1.06918	1.02879	3	0	0
1	153500001	1.00657	1.02879	3	0	0
1	154000001	0.995412	1.02879	3	0	0
1	154500001	1.01306	1.02879	3	0	0
1	155000001	0.980525	1.02879	3	0	0
1	155500001	1.02156	1.02879	3	0	0
1	156000001	1.06679	1.02879	3	0	0
1	156500001	1.02988	1.02879	3	0	0
1	157000001	1.05639	1.02879	3	0	0
1	157500001	0.993268	1.02879	3	0	0
1	158000001	1.00566	1.02879	3	0	0
1	158500001	1.03613	1.02879	3	0	0
1	159000001	1.0277	1.02879	3	0	0
1	159500001	1.0625	1.02879	3	0	0
1	160000001	1.00174	1.02879	3	0	0
1	160500001	1.03527	1.02879	3	0	0
1	161000001	1.16586	1.02879	3	0	0
1	161500001	1.18263	1.02879	3	0	0
1	162000001	1.09677	1.02879	3	0	0
1	162500001	1.05459	1.02879	3	0	0
1	163000001	1.07868	1.02879	3	0	0
1	163500001	1.04761	1.02879	3	0	0
1	164000001	1.04729	1.02879	3	0	0
1	164500001	0.962036	1.02879	3	0	0
1	165000001	1.03845	1.02879	3	0	0
1	165500001	1.006	1.02879	3	0	0
1	166000001	0.994349	1.02879	3	0	0
1	166500001	0.981924	1.02879	3	0	0
1	167000001	0.998794	1.02879	3	0	0
1	167500001	0.983494	1.02879	3	0	0
1	168000001	1.01576	1.02879	3	0	0
1	168500001	0.996757	1.02879	3	0	0
1	169000001	1.09372	1.02879	3	0	0
1	169500001	1.36407	1.27838	4	0	0
1	170000001	1.29712	1.27838	4	0	0
1	170500001	1.25964	1.27838	4	0	0
1	171000001	1.24999	1.27838	4	0	0
1	171500001	1.09894	1.01841	3	0	0
1	172000001	1.11591	1.01841	3	0	0
1	172500001	1.08385	1.01841	3	0	0
1	173000001	1.05983	1.01841	3	0	0
1	173500001	1.03618	1.01841	3	0	0
1	174000001	1.03025	1.01841	3	0	0
1	174500001	0.974389	1.01841	3	0	0
1	175000001	1.0001	1.01841	3	0	0
1	175500001	1.01029	1.01841	3	0	0
1	176000001	0.983331	1.01841	3	0	0
1	176500001	1.0268	1.01841	3	0	0
1	177000001	0.984537	1.01841	3	0	0
1	177500001	1.06456	1.01841	3	0	0
1	178000001	1.03928	1.01841	3	0	0
1	178500001	1.04799	1.01841	3	0	0
1	179000001	1.01594	1.01841	3	0	0
1	179500001	1.01675	1.01841	3	0	0
1	180000001	0.992764	1.01841	3	0	0
1	180500001	1.02039	1.01841	3	0	0
1	181000001	1.06393	1.01841	3	0	0
1	181500001	1.02244	1.01841	3	0	0
1	182000001	0.981098	1.01841	3	0	0
1	182500001	0.995655	1.01841	3	0	0
1	183000001	1.03822	1.01841	3	0	0
1	183500001	1.0753	1.01841	3	0	0
1	184000001	1.0716	1.01841	3	0	0
1	184500001	0.990886	1.01841	3	0	0
1	185000001	0.990414	1.01841	3	0	0
1	185500001	1.06035	1.01841	3	0	0
1	186000001	1.00576	1.01841	3	0	0
1	186500001	0.991464	1.01841	3	0	0
1	187000001	0.993875	1.01841	3	0	0
1	187500001	0.979127	1.01841	3	0	0
1	188000001	1.02366	1.01841	3	0	0
1	188500001	0.984314	1.01841	3	0	0
1	189000001	0.987969	1.01841	3	0	0
1	189500001	1.01061	1.01841	3	0	0
1	190000001	1.02728	1.01841	3	0	0
1	190500001	1.01858	1.01841	3	0	0
1	191000001	1.02267	1.01841	3	0	0
1	191500001	0.991621	1.01841	3	0	0
1	192000001	1.06858	1.01841	3	0	0
1	192500001	1.03451	1.01841	3	0	0
1	193000001	0.995937	1.01841	3	0	0
1	193500001	1.0472	1.01841	3	0	0
1	194000001	1.02924	1.01841	3	0	0
1	194500001	0.991479	1.01841	3	0	0
1	195000001	1.04721	1.01841	3	0	0
1	195500001	1.03356	1.01841	3	0	0
1	196000001	1.04885	1.01841	3	0	0
1	196500001	1.0375	1.01841	3	0	0
1	197000001	1.04963	1.01841	3	0	0
1	197500001	1.01841	1.01841	3	0	0
1	198000001	1.07137	1.01841	3	0	0
1	198500001	1.05032	1.01841	3	0	0
1	199000001	1.04045	1.01841	3	0	0
1	199500001	1.00372	1.01841	3	0	0
1	200000001	0.994347	1.01841	3	0	0
1	200500001	0.999911	1.01841	3	0	0
1	201000001	1.07632	1.01841	3	0	0
1	201500001	1.00926	1.01841	3	0	0
1	202000001	1.03252	1.01841	3	0	0
1	202500001	1.09038	1.01841	3	0	0
1	203000001	1.06425	1.01841	3	0	0
1	203500001	1.01812	1.01841	3	0	0
1	204000001	1.01514	1.01841	3	0	0
1	204500001	1.06212	1.01841	3	0	0
1	205000001	1.04828	1.01841	3	0	0
1	205500001	1.0569	1.01841	3	0	0
1	206000001	1.03664	1.01841	3	0	0
1	206500001	1.00399	1.01841	3	0	0
1	207000001	1.04547	1.01841	3	0	0
1	207500001	0.957147	1.01841	3	0	0
1	208000001	1.01913	1.01841	3	0	0
1	208500001	1.02441	1.01841	3	0	0
1	209000001	1.07364	1.01841	3	0	0
1	209500001	1.04918	1.01841	3	0	0
1	210000001	1.03549	1.01841	3	0	0
1	210500001	1.02915	1.01841	3	0	0
1	211000001	0.982731	1.01841	3	0	0
1	211500001	1.02643	1.01841	3	0	0
1	212000001	1.00322	1.01841	3	0	0
1	212500001	0.992067	1.01841	3	0	0
1	213000001	0.988455	1.01841	3	0	0
1	213500001	1.0642	1.01841	3	0	0
1	214000001	1.05134	1.01841	3	0	0
1	214500001	1.03125	1.01841	3	0	0
1	215000001	1.02711	1.01841	3	0	0
1	215500001	1.00722	1.01841	3	0	0
1	216000001	1.03614	1.01841	3	0	0
1	216500001	0.978719	1.01841	3	0	0
1	217000001	1.01638	1.01841	3	0	0
1	217500001	1.01316	1.01841	3	0	0
1	218000001	1.06841	1.01841	3	0	0
1	218500001	1.07432	1.01841	3	0	0
1	219000001	1.10593	1.01841	3	0	0
1	219500001	1.04697	1.01841	3	0	0
1	220000001	0.97851	1.01841	3	0	0
1	220500001	1.0013	1.01841	3	0	0
1	221000001	1.05546	1.01841	3	0	0
1	221500001	1.02126	1.01841	3	0	0
1	222000001	1.05075	1.01841	3	0	0
1	222500001	1.04696	1.01841	3	0	0
1	223000001	1.02403	1.01841	3	0	0
1	223500001	1.00332	1.01841	3	0	0
1	224000001	1.00665	1.01841	3	0	0
1	224500001	1.08045	1.01841	3	0	0
1	225000001	1.0518	1.01841	3	0	0
1	225500001	1.01936	1.01841	3	0	0
1	226000001	1.03095	1.01841	3	0	0
1	226500001	1.00919	1.01841	3	0	0
1	227000001	1.03146	1.01841	3	0	0
1	227500001	1.02917	1.01841	3	0	0
1	228000001	0.971763	1.01841	3	0	0
1	228500001	1.24547	1.01841	3	0	0
1	229000001	1.00041	1.01841	3	0	0
1	229500001	1.01635	1.01841	3	0	0
1	230000001	0.977249	1.01841	3	0	0
1	230500001	1.02067	1.01841	3	0	0
1	231000001	0.969545	1.01841	3	0	0
1	231500001	0.977667	1.01841	3	0	0
1	232000001	0.981883	1.01841	3	0	0
1	232500001	0.991618	1.01841	3	0	0
1	233000001	0.976684	1.01841	3	0	0
1	233500001	1.04637	1.01841	3	0	0
1	234000001	1.05274	1.01841	3	0	0
1	234500001	1.12378	1.01841	3	0	0
1	235000001	0.956873	1.01841	3	0	0
1	235500001	1.06139	1.01841	3	0	0
1	236000001	0.990402	1.01841	3	0	0
1	236500001	0.942361	1.01841	3	0	0
1	237000001	1.01188	1.01841	3	0	0
1	237500001	0.974921	1.01841	3	0	0
1	238000001	0.957105	1.01841	3	0	0
1	238500001	0.994516	1.01841	3	0	0
1	239000001	0.985339	1.01841	3	0	0
1	239500001	0.984627	1.01841	3	0	0
1	240000001	0.971188	1.01841	3	0	0
1	240500001	0.971136	1.01841	3	0	0
1	241000001	0.98631	1.01841	3	0	0
1	241500001	0.990612	1.01841	3	0	0
1	242000001	0.999527	1.01841	3	0	0
1	242500001	0.970649	1.01841	3	0	0
1	243000001	0.98094	1.01841	3	0	0
1	243500001	1.0296	1.01841	3	0	0
1	244000001	0.9922	1.01841	3	0	0
1	244500001	0.950861	1.01841	3	0	0
1	245000001	0.977081	1.01841	3	0	0
1	245500001	0.98626	1.01841	3	0	0
1	246000001	0.965424	1.01841	3	0	0
1	246500001	0.957227	1.01841	3	0	0
1	247000001	0.953674	1.01841	3	0	0
1	247500001	0.964468	1.01841	3	0	0
1	248000001	1.07904	1.01841	3	0	0
1	248500001	0.833793	1.01841	3	0	0
10	1	0.948428	0.988224	3	0	0
10	500001	0.981112	0.988224	3	0	0
10	1000001	1.01017	0.988224	3	0	0
10	1500001	0.975739	0.988224	3	0	0
10	2000001	0.950446	0.988224	3	0	0
10	2500001	0.98849	0.988224	3	0	0
10	3000001	0.983315	0.988224	3	0	0
10	3500001	1.01324	0.988224	3	0	0
10	4000001	0.985867	0.988224	3	0	0
10	4500001	1.03144	0.988224	3	0	0
10	5000001	1.06842	0.988224	3	0	0
10	5500001	0.990505	0.988224	3	0	0
10	6000001	1.00228	0.988224	3	0	0
10	6500001	1.0248	0.988224	3	0	0
10	7000001	1.021	0.988224	3	0	0
10	7500001	0.967051	0.988224	3	0	0
10	8000001	0.936788	0.988224	3	0	0
10	8500001	1.02607	0.988224	3	0	0
10	9000001	1.03215	0.988224	3	0	0
10	9500001	0.986684	0.988224	3	0	0
10	10000001	0.947076	0.988224	3	0	0
10	10500001	0.988224	0.988224	3	0	0
10	11000001	1.02336	0.988224	3	0	0
10	11500001	0.987695	0.988224	3	0	0
10	12000001	0.953516	0.988224	3	0	0
10	12500001	1.00263	0.988224	3	0	0
10	13000001	0.984848	0.988224	3	0	0
10	13500001	1.01894	0.988224	3	0	0
10	14000001	1.00874	0.988224	3	0	0
10	14500001	0.996428	0.988224	3	0	0
10	15000001	0.954205	0.988224	3	0	0
10	15500001	0.998679	0.988224	3	0	0
10	16000001	0.979506	0.988224	3	0	0
10	16500001	0.991321	0.988224	3	0	0
10	17000001	1.0608	0.988224	3	0	0
10	17500001	0.976325	0.988224	3	0	0
10	18000001	0.973924	0.988224	3	0	0
10	18500001	0.942722	0.988224	3	0	0
10	19000001	0.986487	0.988224	3	0	0
10	19500001	1.01209	0.988224	3	0	0
10	20000001	0.949519	0.988224	3	0	0
10	20500001	0.981208	0.988224	3	0	0
10	21000001	0.968554	0.988224	3	0	0
10	21500001	0.919766	0.988224	3	0	0
10	22000001	0.994428	0.988224	3	0	0
10	22500001	1.00147	0.988224	3	0	0
10	23000001	0.984471	0.988224	3	0	0
10	23500001	1.00057	0.988224	3	0	0
10	24000001	1.00764	0.988224	3	0	0
10	24500001	0.990858	0.988224	3	0	0
10	25000001	0.980544	0.988224	3	0	0
10	25500001	1.01269	0.988224	3	0	0
10	26000001	0.989558	0.988224	3	0	0
10	26500001	1.02115	0.988224	3	0	0
10	27000001	0.953176	0.988224	3	0	0
10	27500001	0.964591	0.988224	3	0	0
10	28000001	0.985772	0.988224	3	0	0
10	28500001	0.995371	0.988224	3	0	0
10	29000001	1.01364	0.988224	3	0	0
10	29500001	0.957876	0.988224	3	0	0
10	30000001	1.0052	0.988224	3	0	0
10	30500001	0.998676	0.988224	3	0	0
10	31000001	1.05663	0.988224	3	0	0
10	31500001	0.960886	0.988224	3	0	0
10	32000001	0.985954	0.988224	3	0	0
10	32500001	1.08037	0.988224	3	0	0
10	33000001	1.05613	0.988224	3	0	0
10	33500001	1.03693	0.988224	3	0	0
10	34000001	0.992927	0.988224	3	0	0
10	34500001	0.934297	0.988224	3	0	0
10	35000001	0.96883	0.988224	3	0	0
10	35500001	1.01876	0.988224	3	0	0
10	36000001	0.955971	0.988224	3	0	0
10	36500001	0.922401	0.988224	3	0	0
10	37000001	0.962615	0.988224	3	0	0
10	37500001	0.97592	0.988224	3	0	0
10	38000001	0.979538	0.988224	3	0	0
10	38500001	1.17398	1.16215	3	0	0
10	39000001	1.15032	1.16215	3	0	0
10	39500001	0.441568	0.441568	1	0	0
10	40000001	1.12289	1.2561	4	0	0
10	40500001	1.38932	1.2561	4	0	0
10	41000001	0.812565	0.812565	2	0	0
10	41500001	-1	-1	-1	0	0
10	42000001	2.84926	2.84926	9	0	0
10	42500001	0.958343	1.01292	3	0	0
10	43000001	0.938337	1.01292	3	0	0
10	43500001	0.972753	1.01292	3	0	0
10	44000001	1.00164	1.01292	3	0	0
10	44500001	0.974222	1.01292	3	0	0
10	45000001	1.01226	1.01292	3	0	0
10	45500001	1.00107	1.01292	3	0	0
10	46000001	0.992409	1.01292	3	0	0
10	46500001	1.1164	1.01292	3	0	0
10	47000001	1.0652	1.01292	3	0	0
10	47500001	-1	1.01292	3	0	0
10	48000001	0.95331	1.01292	3	0	0
10	48500001	1.03007	1.01292	3	0	0
10	49000001	1.01818	1.01292	3	0	0
10	49500001	1.01939	1.01292	3	0	0
10	50000001	1.00648	1.01292	3	0	0
10	50500001	1.04009	1.01292	3	0	0
10	51000001	1.0347	1.01292	3	0	0
10	51500001	0.997382	1.01292	3	0	0
10	52000001	1.06258	1.01292	3	0	0
10	52500001	1.02425	1.01292	3	0	0
10	53000001	1.03343	1.01292	3	0	0
10	53500001	0.984502	1.01292	3	0	0
10	54000001	0.953492	1.01292	3	0	0
10	54500001	0.978823	1.01292	3	0	0
10	55000001	0.959693	1.01292	3	0	0
10	55500001	0.935937	1.01292	3	0	0
10	56000001	1.02285	1.01292	3	0	0
10	56500001	1.01861	1.01292	3	0	0
10	57000001	1.02221	1.01292	3	0	0
10	57500001	1.04277	1.01292	3	0	0
10	58000001	1.0161	1.01292	3	0	0
10	58500001	1.03695	1.01292	3	0	0
10	59000001	1.05945	1.01292	3	0	0
10	59500001	0.971343	1.01292	3	0	0
10	60000001	0.969224	1.01292	3	0	0
10	60500001	1.03142	1.01292	3	0	0
10	61000001	1.03097	1.01292	3	0	0
10	61500001	1.01536	1.01292	3	0	0
10	62000001	1.00104	1.01292	3	0	0
10	62500001	1.0218	1.01292	3	0	0
10	63000001	1.00326	1.01292	3	0	0
10	63500001	1.05224	1.01292	3	0	0
10	64000001	1.01551	1.01292	3	0	0
10	64500001	1.02117	1.01292	3	0	0
10	65000001	1.04709	1.01292	3	0	0
10	65500001	0.99333	1.01292	3	0	0
10	66000001	1.01292	1.01292	3	0	0
10	66500001	1.02384	1.01292	3	0	0
10	67000001	0.992663	1.01292	3	0	0
10	67500001	1.05117	1.01292	3	0	0
10	68000001	0.943389	1.01292	3	0	0
10	68500001	0.906401	1.01292	3	0	0
10	69000001	1.0173	1.01292	3	0	0
10	69500001	1.04874	1.01292	3	0	0
10	70000001	1.01417	1.01292	3	0	0
10	70500001	1.02719	1.01292	3	0	0
10	71000001	1.02612	1.01292	3	0	0
10	71500001	1.02243	1.01292	3	0	0
10	72000001	1.02163	1.01292	3	0	0
10	72500001	1.02655	1.01292	3	0	0
10	73000001	1.02136	1.01292	3	0	0
10	73500001	0.966736	1.01292	3	0	0
10	74000001	1.02383	1.01292	3	0	0
10	74500001	1.0191	1.01292	3	0	0
10	75000001	1.00681	1.01292	3	0	0
10	75500001	0.993175	1.01292	3	0	0
10	76000001	0.935814	1.01292	3	0	0
10	76500001	0.959444	1.01292	3	0	0
10	77000001	1.0252	1.01292	3	0	0
10	77500001	1.01066	1.01292	3	0	0
10	78000001	1.05092	1.01292	3	0	0
10	78500001	1.07815	1.01292	3	0	0
10	79000001	1.0614	1.01292	3	0	0
10	79500001	0.845486	1.01292	3	0	0
10	80000001	0.917633	1.01292	3	0	0
10	80500001	1.00281	1.01292	3	0	0
10	81000001	0.98731	1.01292	3	0	0
10	81500001	0.977519	1.01292	3	0	0
10	82000001	1.01286	1.01292	3	0	0
10	82500001	0.995565	1.01292	3	0	0
10	83000001	0.958003	1.01292	3	0	0
10	83500001	0.969872	1.01292	3	0	0
10	84000001	1.00438	1.01292	3	0	0
10	84500001	1.0374	1.01292	3	0	0
10	85000001	0.974234	1.01292	3	0	0
10	85500001	0.990546	1.01292	3	0	0
10	86000001	1.00888	1.01292	3	0	0
10	86500001	0.998435	1.01292	3	0	0
10	87000001	0.969618	1.01292	3	0	0
10	87500001	1.02316	1.01292	3	0	0
10	88000001	1.0652	1.01292	3	0	0
10	88500001	1.02774	1.01292	3	0	0
10	89000001	1.08085	1.01292	3	0	0
10	89500001	1.08714	1.01292	3	0	0
10	90000001	1.03438	1.01292	3	0	0
10	90500001	1.04781	1.01292	3	0	0
10	91000001	1.04364	1.01292	3	0	0
10	91500001	1.0401	1.01292	3	0	0
10	92000001	0.9404	1.01292	3	0	0
10	92500001	0.980164	1.01292	3	0	0
10	93000001	0.986091	1.01292	3	0	0
10	93500001	0.973463	1.01292	3	0	0
10	94000001	1.01135	1.01292	3	0	0
10	94500001	1.09365	1.01292	3	0	0
10	95000001	1.04111	1.01292	3	0	0
10	95500001	1.03452	1.01292	3	0	0
10	96000001	1.0369	1.01292	3	0	0
10	96500001	0.992981	1.01292	3	0	0
10	97000001	1.00609	1.01292	3	0	0
10	97500001	1.05276	1.01292	3	0	0
10	98000001	1.12415	1.01292	3	0	0
10	98500001	1.04482	1.01292	3	0	0
10	99000001	1.01864	1.01292	3	0	0
10	99500001	1.04674	1.01292	3	0	0
10	100000001	1.02849	1.01292	3	0	0
10	100500001	1.00207	1.01292	3	0	0
10	101000001	1.01956	1.01292	3	0	0
10	101500001	1.01458	1.01292	3	0	0
10	102000001	1.03761	1.01292	3	0	0
10	102500001	1.01557	1.01292	3	0	0
10	103000001	1.0074	1.01292	3	0	0
10	103500001	1.03443	1.01292	3	0	0
10	104000001	1.08894	1.01292	3	0	0
10	104500001	1.03849	1.01292	3	0	0
10	105000001	1.02538	1.01292	3	0	0
10	105500001	0.980539	1.01292	3	0	0
10	106000001	1.03165	1.01292	3	0	0
10	106500001	0.995923	1.01292	3	0	0
10	107000001	1.02704	1.01292	3	0	0
10	107500001	0.966051	1.01292	3	0	0
10	108000001	0.979287	1.01292	3	0	0
10	108500001	0.980817	1.01292	3	0	0
10	109000001	1.01847	1.01292	3	0	0
10	109500001	1.05257	1.01292	3	0	0
10	110000001	1.01877	1.01292	3	0	0
10	110500001	0.995452	1.01292	3	0	0
10	111000001	1.01941	1.01292	3	0	0
10	111500001	0.994047	1.01292	3	0	0
10	112000001	1.04433	1.01292	3	0	0
10	112500001	0.98804	1.01292	3	0	0
10	113000001	1.04692	1.01292	3	0	0
10	113500001	0.99998	1.01292	3	0	0
10	114000001	0.969448	1.01292	3	0	0
10	114500001	0.989011	1.01292	3	0	0
10	115000001	1.03816	1.01292	3	0	0
10	115500001	0.985461	1.01292	3	0	0
10	116000001	0.961455	1.01292	3	0	0
10	116500001	0.930931	1.01292	3	0	0
10	117000001	0.967821	1.01292	3	0	0
10	117500001	0.984522	1.01292	3	0	0
10	118000001	1.01941	1.01292	3	0	0
10	118500001	1.023	1.01292	3	0	0
10	119000001	1.00523	1.01292	3	0	0
10	119500001	0.930203	1.01292	3	0	0
10	120000001	1.01836	1.01292	3	0	0
10	120500001	1.02906	1.01292	3	0	0
10	121000001	1.01961	1.01292	3	0	0
10	121500001	1.0124	1.01292	3	0	0
10	122000001	1.00429	1.01292	3	0	0
10	122500001	1.09014	1.01292	3	0	0
10	123000001	0.98325	1.01292	3	0	0
10	123500001	0.998245	1.01292	3	0	0
10	124000001	1.04951	1.01292	3	0	0
10	124500001	0.94331	1.01292	3	0	0
10	125000001	0.929237	1.01292	3	0	0
10	125500001	1.03085	1.01292	3	0	0
10	126000001	1.04692	1.01292	3	0	0
10	126500001	0.992481	1.01292	3	0	0
10	127000001	0.906745	1.01292	3	0	0
10	127500001	0.986473	1.01292	3	0	0
10	128000001	1.05444	1.01292	3	0	0
10	128500001	0.964256	1.01292	3	0	0
10	129000001	0.946957	1.01292	3	0	0
10	129500001	0.924058	1.01292	3	0	0
10	130000001	0.954866	1.01292	3	0	0
10	130500001	1.00195	1.01292	3	0	0
10	131000001	0.971601	1.01292	3	0	0
10	131500001	0.95427	1.01292	3	0	0
10	132000001	0.981974	1.01292	3	0	0
10	132500001	0.965248	1.01292	3	0	0
10	133000001	1.0481	1.01292	3	0	0
10	133500001	-1	-1	-1	0	0
11	1	0.930132	1.03306	3	0	0
11	500001	1.07018	1.03306	3	0	0
11	1000001	0.976256	1.03306	3	0	0
11	1500001	0.933177	1.03306	3	0	0
11	2000001	0.977773	1.03306	3	0	0
11	2500001	1.05602	1.03306	3	0	0
11	3000001	0.962855	1.03306	3	0	0
11	3500001	1.02427	1.03306	3	0	0
11	4000001	1.03068	1.03306	3	0	0
11	4500001	0.998575	1.03306	3	0	0
11	5000001	1.03072	1.03306	3	0	0
11	5500001	0.960076	1.03306	3	0	0
11	6000001	1.08951	1.03306	3	0	0
11	6500001	1.02273	1.03306	3	0	0
11	7000001	1.07016	1.03306	3	0	0
11	7500001	1.0678	1.03306	3	0	0
11	8000001	1.03338	1.03306	3	0	0
11	8500001	1.05086	1.03306	3	0	0
11	9000001	0.955019	1.03306	3	0	0
11	9500001	1.00913	1.03306	3	0	0
11	10000001	1.06524	1.03306	3	0	0
11	10500001	1.09017	1.03306	3	0	0
11	11000001	1.06983	1.03306	3	0	0
11	11500001	1.09553	1.03306	3	0	0
11	12000001	1.07756	1.03306	3	0	0
11	12500001	1.05448	1.03306	3	0	0
11	13000001	1.07604	1.03306	3	0	0
11	13500001	1.07423	1.03306	3	0	0
11	14000001	1.04968	1.03306	3	0	0
11	14500001	1.07123	1.03306	3	0	0
11	15000001	1.01628	1.03306	3	0	0
11	15500001	1.00537	1.03306	3	0	0
11	16000001	1.05044	1.03306	3	0	0
11	16500001	1.07465	1.03306	3	0	0
11	17000001	1.03323	1.03306	3	0	0
11	17500001	1.05141	1.03306	3	0	0
11	18000001	1.06853	1.03306	3	0	0
11	18500001	1.07352	1.03306	3	0	0
11	19000001	1.07803	1.03306	3	0	0
11	19500001	1.05787	1.03306	3	0	0
11	20000001	1.05397	1.03306	3	0	0
11	20500001	1.02781	1.03306	3	0	0
11	21000001	1.0065	1.03306	3	0	0
11	21500001	1.02884	1.03306	3	0	0
11	22000001	1.02089	1.03306	3	0	0
11	22500001	1.00527	1.03306	3	0	0
11	23000001	1.0081	1.03306	3	0	0
11	23500001	1.03209	1.03306	3	0	0
11	24000001	1.04977	1.03306	3	0	0
11	24500001	0.998637	1.03306	3	0	0
11	25000001	0.994641	1.03306	3	0	0
11	25500001	0.989931	1.03306	3	0	0
11	26000001	0.972329	1.03306	3	0	0
11	26500001	1.02562	1.03306	3	0	0
11	27000001	1.03549	1.03306	3	0	0
11	27500001	1.08924	1.03306	3	0	0
11	28000001	1.0575	1.03306	3	0	0
11	28500001	1.11377	1.03306	3	0	0
11	29000001	1.06098	1.03306	3	0	0
11	29500001	1.01336	1.03306	3	0	0
11	30000001	1.00933	1.03306	3	0	0
11	30500001	1.02536	1.03306	3	0	0
11	31000001	1.02492	1.03306	3	0	0
11	31500001	0.992521	1.03306	3	0	0
11	32000001	1.01639	1.03306	3	0	0
11	32500001	0.982174	1.03306	3	0	0
11	33000001	1.04702	1.03306	3	0	0
11	33500001	1.06741	1.03306	3	0	0
11	34000001	1.03209	1.03306	3	0	0
11	34500001	1.05121	1.03306	3	0	0
11	35000001	1.10983	1.03306	3	0	0
11	35500001	1.04217	1.03306	3	0	0
11	36000001	1.05039	1.03306	3	0	0
11	36500001	1.09032	1.03306	3	0	0
11	37000001	1.03986	1.03306	3	0	0
11	37500001	1.01764	1.03306	3	0	0
11	38000001	1.01991	1.03306	3	0	0
11	38500001	1.01512	1.03306	3	0	0
11	39000001	1.01863	1.03306	3	0	0
11	39500001	1.01558	1.03306	3	0	0
11	40000001	0.987864	1.03306	3	0	0
11	40500001	1.00089	1.03306	3	0	0
11	41000001	0.998119	1.03306	3	0	0
11	41500001	0.94302	1.03306	3	0	0
11	42000001	1.04538	1.03306	3	0	0
11	42500001	1.05252	1.03306	3	0	0
11	43000001	0.983993	1.03306	3	0	0
11	43500001	1.00724	1.03306	3	0	0
11	44000001	1.06943	1.03306	3	0	0
11	44500001	1.04444	1.03306	3	0	0
11	45000001	1.03175	1.03306	3	0	0
11	45500001	1.05158	1.03306	3	0	0
11	46000001	1.00345	1.03306	3	0	0
11	46500001	1.0365	1.03306	3	0	0
11	47000001	1.03306	1.03306	3	0	0
11	47500001	1.02739	1.03306	3	0	0
11	48000001	1.11097	1.03306	3	0	0
11	48500001	1.11003	1.03306	3	0	0
11	49000001	1.01205	1.03306	3	0	0
11	49500001	1.07251	1.03306	3	0	0
11	50000001	1.17224	1.03306	3	0	0
11	50500001	-1	-1	-1	0	0
11	51000001	-1	-1	-1	0	0
11	51500001	1.51787	1.4136	4	0	0
11	52000001	1.30933	1.4136	4	0	0
11	52500001	1.07502	1.03829	3	0	0
11	53000001	1.00056	1.03829	3	0	0
11	53500001	0.979568	1.03829	3	0	0
11	54000001	-1	1.03829	3	0	0
11	54500001	1.18513	1.03829	3	0	0
11	55000001	1.24069	1.03829	3	0	0
11	55500001	1.03941	1.03829	3	0	0
11	56000001	1.11356	1.03829	3	0	0
11	56500001	1.0643	1.03829	3	0	0
11	57000001	1.05842	1.03829	3	0	0
11	57500001	1.00516	1.03829	3	0	0
11	58000001	0.997142	1.03829	3	0	0
11	58500001	1.01081	1.03829	3	0	0
11	59000001	1.06748	1.03829	3	0	0
11	59500001	1.02138	1.03829	3	0	0
11	60000001	1.05329	1.03829	3	0	0
11	60500001	0.977438	1.03829	3	0	0
11	61000001	0.935835	1.03829	3	0	0
11	61500001	1.03717	1.03829	3	0	0
11	62000001	1.01729	1.03829	3	0	0
11	62500001	1.07484	1.03829	3	0	0
11	63000001	1.24643	1.3135	4	0	0
11	63500001	1.31499	1.3135	4	0	0
11	64000001	1.30799	1.3135	4	0	0
11	64500001	1.3476	1.3135	4	0	0
11	65000001	1.30412	1.3135	4	0	0
11	65500001	1.35839	1.3135	4	0	0
11	66000001	1.31731	1.3135	4	0	0
11	66500001	1.31724	1.3135	4	0	0
11	67000001	1.29507	1.3135	4	0	0
11	67500001	1.3508	1.3135	4	0	0
11	68000001	1.30647	1.3135	4	0	0
11	68500001	1.30663	1.3135	4	0	0
11	69000001	1.39057	1.3135	4	0	0
11	69500001	1.312	1.3135	4	0	0
11	70000001	1.31913	1.3135	4	0	0
11	70500001	1.28977	1.3135	4	0	0
11	71000001	1.358	1.3135	4	0	0
11	71500001	1.22055	1.3135	4	0	0
11	72000001	1.01321	1.0258	3	0	0
11	72500001	1.02947	1.0258	3	0	0
11	73000001	1.0466	1.0258	3	0	0
11	73500001	1.00562	1.0258	3	0	0
11	74000001	1.012	1.0258	3	0	0
11	74500001	1.05969	1.0258	3	0	0
11	75000001	1.06354	1.0258	3	0	0
11	75500001	1.06141	1.0258	3	0	0
11	76000001	0.990607	1.0258	3	0	0
11	76500001	1.01185	1.0258	3	0	0
11	77000001	1.0258	1.0258	3	0	0
11	77500001	1.02872	1.0258	3	0	0
11	78000001	0.965854	1.0258	3	0	0
11	78500001	1.04807	1.0258	3	0	0
11	79000001	1.04256	1.0258	3	0	0
11	79500001	1.07242	1.0258	3	0	0
11	80000001	0.968467	1.0258	3	0	0
11	80500001	1.00541	1.0258	3	0	0
11	81000001	0.99595	1.0258	3	0	0
11	81500001	1.01588	1.0258	3	0	0
11	82000001	1.00147	1.0258	3	0	0
11	82500001	1.05906	1.0258	3	0	0
11	83000001	1.03075	1.0258	3	0	0
11	83500001	1.03152	1.0258	3	0	0
11	84000001	1.0082	1.0258	3	0	0
11	84500001	1.00601	1.0258	3	0	0
11	85000001	1.02434	1.0258	3	0	0
11	85500001	1.07319	1.0258	3	0	0
11	86000001	1.01623	1.0258	3	0	0
11	86500001	1.07002	1.0258	3	0	0
11	87000001	0.987538	1.0258	3	0	0
11	87500001	1.04114	1.0258	3	0	0
11	88000001	1.03213	1.0258	3	0	0
11	88500001	1.20845	1.30768	4	0	0
11	89000001	1.35506	1.30768	4	0	0
11	89500001	1.27994	1.30768	4	0	0
11	90000001	1.25047	1.30768	4	0	0
11	90500001	1.30381	1.30768	4	0	0
11	91000001	1.30312	1.30768	4	0	0
11	91500001	1.3218	1.30768	4	0	0
11	92000001	1.32928	1.30768	4	0	0
11	92500001	1.31154	1.30768	4	0	0
11	93000001	1.31724	1.30768	4	0	0
11	93500001	1.33818	1.35998	4	0	0
11	94000001	1.48104	1.35998	4	0	0
11	94500001	1.37088	1.35998	4	0	0
11	95000001	1.39675	1.35998	4	0	0
11	95500001	1.40139	1.35998	4	0	0
11	96000001	1.3658	1.35998	4	0	0
11	96500001	1.40773	1.35998	4	0	0
11	97000001	1.38355	1.35998	4	0	0
11	97500001	1.25206	1.35998	4	0	0
11	98000001	1.31131	1.35998	4	0	0
11	98500001	1.32285	1.35998	4	0	0
11	99000001	1.30194	1.35998	4	0	0
11	99500001	1.28374	1.35998	4	0	0
11	100000001	1.34274	1.35998	4	0	0
11	100500001	1.35587	1.35998	4	0	0
11	101000001	1.34138	1.35998	4	0	0
11	101500001	1.37426	1.35998	4	0	0
11	102000001	1.35546	1.35998	4	0	0
11	102500001	1.34665	1.35998	4	0	0
11	103000001	1.37001	1.35998	4	0	0
11	103500001	1.36791	1.35998	4	0	0
11	104000001	1.27818	1.35998	4	0	0
11	104500001	1.31854	1.35998	4	0	0
11	105000001	1.28963	1.35998	4	0	0
11	105500001	1.34827	1.35998	4	0	0
11	106000001	1.35987	1.35998	4	0	0
11	106500001	1.40001	1.35998	4	0	0
11	107000001	1.32212	1.35998	4	0	0
11	107500001	1.29188	1.35998	4	0	0
11	108000001	1.3601	1.35998	4	0	0
11	108500001	1.35857	1.35998	4	0	0
11	109000001	1.35819	1.35998	4	0	0
11	109500001	1.44391	1.35998	4	0	0
11	110000001	1.36146	1.35998	4	0	0
11	110500001	1.36448	1.35998	4	0	0
11	111000001	1.33349	1.35998	4	0	0
11	111500001	1.3756	1.35998	4	0	0
11	112000001	1.29465	1.35998	4	0	0
11	112500001	1.30471	1.35998	4	0	0
11	113000001	1.32873	1.35998	4	0	0
11	113500001	1.35153	1.35998	4	0	0
11	114000001	1.34892	1.35998	4	0	0
11	114500001	1.36147	1.35998	4	0	0
11	115000001	1.32684	1.35998	4	0	0
11	115500001	1.29712	1.35998	4	0	0
11	116000001	1.30256	1.35998	4	0	0
11	116500001	1.37191	1.35998	4	0	0
11	117000001	1.31261	1.35998	4	0	0
11	117500001	1.3889	1.35998	4	0	0
11	118000001	1.26334	1.35998	4	0	0
11	118500001	1.3017	1.35998	4	0	0
11	119000001	1.35899	1.35998	4	0	0
11	119500001	1.41653	1.35998	4	0	0
11	120000001	1.38098	1.35998	4	0	0
11	120500001	1.4252	1.35998	4	0	0
11	121000001	1.38617	1.35998	4	0	0
11	121500001	1.39924	1.35998	4	0	0
11	122000001	1.40564	1.35998	4	0	0
11	122500001	1.38617	1.35998	4	0	0
11	123000001	1.29581	1.35998	4	0	0
11	123500001	1.31372	1.35998	4	0	0
11	124000001	1.33155	1.35998	4	0	0
11	124500001	1.36779	1.35998	4	0	0
11	125000001	1.36516	1.35998	4	0	0
11	125500001	1.37856	1.35998	4	0	0
11	126000001	1.37444	1.35998	4	0	0
11	126500001	1.39522	1.35998	4	0	0
11	127000001	1.32085	1.35998	4	0	0
11	127500001	1.35038	1.35998	4	0	0
11	128000001	1.39915	1.35998	4	0	0
11	128500001	1.37437	1.35998	4	0	0
11	129000001	1.37035	1.35998	4	0	0
11	129500001	1.38799	1.35998	4	0	0
11	130000001	1.37905	1.35998	4	0	0
11	130500001	1.44704	1.35998	4	0	0
11	131000001	1.39483	1.35998	4	0	0
11	131500001	1.26672	1.28142	4	0	0
11	132000001	1.35188	1.28142	4	0	0
11	132500001	1.28707	1.28142	4	0	0
11	133000001	1.28333	1.28142	4	0	0
11	133500001	1.27951	1.28142	4	0	0
11	134000001	1.27312	1.28142	4	0	0
11	134500001	1.37535	1.28142	4	0	0
11	135000001	0.233333	1.28142	4	0	0
12	1	0.885218	0.73135	2	0	0
12	500001	0.670977	0.73135	2	0	0
12	1000001	0.752819	0.73135	2	0	0
12	1500001	0.722287	0.73135	2	0	0
12	2000001	0.759591	0.73135	2	0	0
12	2500001	0.74495	0.73135	2	0	0
12	3000001	0.767429	0.73135	2	0	0
12	3500001	0.749339	0.73135	2	0	0
12	4000001	0.744955	0.73135	2	0	0
12	4500001	0.704036	0.73135	2	0	0
12	5000001	0.757841	0.73135	2	0	0
12	5500001	0.819876	0.73135	2	0	0
12	6000001	0.75807	0.73135	2	0	0
12	6500001	0.73123	0.73135	2	0	0
12	7000001	0.729844	0.73135	2	0	0
12	7500001	0.674611	0.73135	2	0	0
12	8000001	0.673159	0.73135	2	0	0
12	8500001	0.699226	0.73135	2	0	0
12	9000001	0.719917	0.73135	2	0	0
12	9500001	0.71678	0.73135	2	0	0
12	10000001	0.745524	0.73135	2	0	0
12	10500001	0.756889	0.73135	2	0	0
12	11000001	0.783849	0.73135	2	0	0
12	11500001	0.756974	0.73135	2	0	0
12	12000001	0.701482	0.73135	2	0	0
12	12500001	0.71087	0.73135	2	0	0
12	13000001	0.775926	0.73135	2	0	0
12	13500001	0.772019	0.73135	2	0	0
12	14000001	0.715208	0.73135	2	0	0
12	14500001	0.75041	0.73135	2	0	0
12	15000001	0.764733	0.73135	2	0	0
12	15500001	0.781618	0.73135	2	0	0
12	16000001	0.743643	0.73135	2	0	0
12	16500001	0.746849	0.73135	2	0	0
12	17000001	0.718727	0.73135	2	0	0
12	17500001	0.767636	0.73135	2	0	0
12	18000001	0.785598	0.73135	2	0	0
12	18500001	0.752662	0.73135	2	0	0
12	19000001	0.696452	0.73135	2	0	0
12	19500001	0.741677	0.73135	2	0	0
12	20000001	0.738435	0.73135	2	0	0
12	20500001	0.710881	0.73135	2	0	0
12	21000001	0.768618	0.73135	2	0	0
12	21500001	0.723531	0.73135	2	0	0
12	22000001	0.723755	0.73135	2	0	0
12	22500001	0.70782	0.73135	2	0	0
12	23000001	0.707165	0.73135	2	0	0
12	23500001	0.695931	0.73135	2	0	0
12	24000001	0.731159	0.73135	2	0	0
12	24500001	0.741922	0.73135	2	0	0
12	25000001	0.729337	0.73135	2	0	0
12	25500001	0.725202	0.73135	2	0	0
12	26000001	0.728319	0.73135	2	0	0
12	26500001	0.689698	0.73135	2	0	0
12	27000001	0.764211	0.73135	2	0	0
12	27500001	0.721856	0.73135	2	0	0
12	28000001	0.777416	0.73135	2	0	0
12	28500001	0.782935	0.73135	2	0	0
12	29000001	0.721967	0.73135	2	0	0
12	29500001	0.715504	0.73135	2	0	0
12	30000001	0.720528	0.73135	2	0	0
12	30500001	0.768726	0.73135	2	0	0
12	31000001	0.707437	0.73135	2	0	0
12	31500001	0.68975	0.73135	2	0	0
12	32000001	0.690778	0.73135	2	0	0
12	32500001	0.697192	0.73135	2	0	0
12	33000001	0.777067	0.73135	2	0	0
12	33500001	0.766399	0.73135	2	0	0
12	34000001	0.73147	0.73135	2	0	0
12	34500001	0.679983	0.73135	2	0	0
12	35000001	0.621268	0.56694	2	0	0
12	35500001	0.56694	0.56694	2	0	0
12	36000001	0.423629	0.56694	2	0	0
12	36500001	0.43619	0.56694	2	0	0
12	37000001	0.617649	0.56694	2	0	0
12	37500001	0.813741	0.73002	2	0	0
12	38000001	0.730954	0.73002	2	0	0
12	38500001	0.739426	0.73002	2	0	0
12	39000001	0.724561	0.73002	2	0	0
12	39500001	0.688222	0.73002	2	0	0
12	40000001	0.698596	0.73002	2	0	0
12	40500001	0.749455	0.73002	2	0	0
12	41000001	0.767423	0.73002	2	0	0
12	41500001	0.735515	0.73002	2	0	0
12	42000001	0.720997	0.73002	2	0	0
12	42500001	0.730441	0.73002	2	0	0
12	43000001	0.792199	0.73002	2	0	0
12	43500001	0.737718	0.73002	2	0	0
12	44000001	0.741595	0.73002	2	0	0
12	44500001	0.7641	0.73002	2	0	0
12	45000001	0.734288	0.73002	2	0	0
12	45500001	0.730644	0.73002	2	0	0
12	46000001	0.764351	0.73002	2	0	0
12	46500001	0.765023	0.73002	2	0	0
12	47000001	0.735816	0.73002	2	0	0
12	47500001	0.780673	0.73002	2	0	0
12	48000001	0.769979	0.73002	2	0	0
12	48500001	0.725185	0.73002	2	0	0
12	49000001	0.706812	0.73002	2	0	0
12	49500001	0.749629	0.73002	2	0	0
12	50000001	0.729614	0.73002	2	0	0
12	50500001	0.746837	0.73002	2	0	0
12	51000001	0.698477	0.73002	2	0	0
12	51500001	0.730956	0.73002	2	0	0
12	52000001	0.781039	0.73002	2	0	0
12	52500001	0.780338	0.73002	2	0	0
12	53000001	0.717877	0.73002	2	0	0
12	53500001	0.699792	0.73002	2	0	0
12	54000001	0.735963	0.73002	2	0	0
12	54500001	0.739365	0.73002	2	0	0
12	55000001	0.754129	0.73002	2	0	0
12	55500001	0.740153	0.73002	2	0	0
12	56000001	0.720705	0.73002	2	0	0
12	56500001	0.715451	0.73002	2	0	0
12	57000001	0.70489	0.73002	2	0	0
12	57500001	0.696535	0.73002	2	0	0
12	58000001	0.730427	0.73002	2	0	0
12	58500001	0.735202	0.73002	2	0	0
12	59000001	0.732711	0.73002	2	0	0
12	59500001	0.702552	0.73002	2	0	0
12	60000001	0.746883	0.73002	2	0	0
12	60500001	0.721449	0.73002	2	0	0
12	61000001	0.705041	0.73002	2	0	0
12	61500001	0.700975	0.73002	2	0	0
12	62000001	0.726927	0.73002	2	0	0
12	62500001	0.772292	0.73002	2	0	0
12	63000001	0.712982	0.73002	2	0	0
12	63500001	0.689936	0.73002	2	0	0
12	64000001	0.70457	0.73002	2	0	0
12	64500001	0.712486	0.73002	2	0	0
12	65000001	0.740952	0.73002	2	0	0
12	65500001	0.743417	0.73002	2	0	0
12	66000001	0.728514	0.73002	2	0	0
12	66500001	0.680079	0.73002	2	0	0
12	67000001	0.714408	0.73002	2	0	0
12	67500001	0.702017	0.73002	2	0	0
12	68000001	0.747546	0.73002	2	0	0
12	68500001	0.696712	0.73002	2	0	0
12	69000001	0.741006	0.73002	2	0	0
12	69500001	0.733582	0.73002	2	0	0
12	70000001	0.719993	0.73002	2	0	0
12	70500001	0.701239	0.73002	2	0	0
12	71000001	0.723632	0.73002	2	0	0
12	71500001	0.692956	0.73002	2	0	0
12	72000001	0.714763	0.73002	2	0	0
12	72500001	0.719843	0.73002	2	0	0
12	73000001	0.698769	0.73002	2	0	0
12	73500001	0.681052	0.73002	2	0	0
12	74000001	0.712471	0.73002	2	0	0
12	74500001	0.723335	0.73002	2	0	0
12	75000001	0.755194	0.73002	2	0	0
12	75500001	1.06513	1.00632	3	0	0
12	76000001	1.07659	1.00632	3	0	0
12	76500001	0.991414	1.00632	3	0	0
12	77000001	1.03741	1.00632	3	0	0
12	77500001	1.03309	1.00632	3	0	0
12	78000001	1.04818	1.00632	3	0	0
12	78500001	1.04466	1.00632	3	0	0
12	79000001	1.03959	1.00632	3	0	0
12	79500001	0.984512	1.00632	3	0	0
12	80000001	1.01603	1.00632	3	0	0
12	80500001	1.02323	1.00632	3	0	0
12	81000001	1.01837	1.00632	3	0	0
12	81500001	1.01001	1.00632	3	0	0
12	82000001	1.01329	1.00632	3	0	0
12	82500001	0.972312	1.00632	3	0	0
12	83000001	1.0151	1.00632	3	0	0
12	83500001	0.9961	1.00632	3	0	0
12	84000001	0.992595	1.00632	3	0	0
12	84500001	1.00605	1.00632	3	0	0
12	85000001	1.00991	1.00632	3	0	0
12	85500001	0.988482	1.00632	3	0	0
12	86000001	1.00303	1.00632	3	0	0
12	86500001	1.01468	1.00632	3	0	0
12	87000001	1.01564	1.00632	3	0	0
12	87500001	1.03829	1.00632	3	0	0
12	88000001	1.02986	1.00632	3	0	0
12	88500001	1.01407	1.00632	3	0	0
12	89000001	1.02349	1.00632	3	0	0
12	89500001	1.05098	1.00632	3	0	0
12	90000001	0.999128	1.00632	3	0	0
12	90500001	1.06018	1.00632	3	0	0
12	91000001	1.03256	1.00632	3	0	0
12	91500001	1.00187	1.00632	3	0	0
12	92000001	0.999331	1.00632	3	0	0
12	92500001	0.996134	1.00632	3	0	0
12	93000001	0.972642	1.00632	3	0	0
12	93500001	0.979878	1.00632	3	0	0
12	94000001	1.00752	1.00632	3	0	0
12	94500001	0.971984	1.00632	3	0	0
12	95000001	0.936569	1.00632	3	0	0
12	95500001	1.00665	1.00632	3	0	0
12	96000001	0.974573	1.00632	3	0	0
12	96500001	1.02532	1.00632	3	0	0
12	97000001	0.947223	1.00632	3	0	0
12	97500001	1.01807	1.00632	3	0	0
12	98000001	1.04098	1.00632	3	0	0
12	98500001	0.966392	1.00632	3	0	0
12	99000001	1.026	1.00632	3	0	0
12	99500001	1.04872	1.00632	3	0	0
12	100000001	0.951325	1.00632	3	0	0
12	100500001	0.971055	1.00632	3	0	0
12	101000001	0.96688	1.00632	3	0	0
12	101500001	0.938489	1.00632	3	0	0
12	102000001	1.06733	1.00632	3	0	0
12	102500001	0.951001	1.00632	3	0	0
12	103000001	1.06006	1.00632	3	0	0
12	103500001	1.0529	1.00632	3	0	0
12	104000001	1.01313	1.00632	3	0	0
12	104500001	1.01843	1.00632	3	0	0
12	105000001	0.98722	1.00632	3	0	0
12	105500001	1.04635	1.00632	3	0	0
12	106000001	1.0058	1.00632	3	0	0
12	106500001	0.999476	1.00632	3	0	0
12	107000001	0.989981	1.00632	3	0	0
12	107500001	0.990629	1.00632	3	0	0
12	108000001	1.06875	1.00632	3	0	0
12	108500001	0.996271	1.00632	3	0	0
12	109000001	0.96203	1.00632	3	0	0
12	109500001	0.99042	1.00632	3	0	0
12	110000001	0.960978	1.00632	3	0	0
12	110500001	0.940317	1.00632	3	0	0
12	111000001	1.01024	1.00632	3	0	0
12	111500001	0.968889	1.00632	3	0	0
12	112000001	0.948032	1.00632	3	0	0
12	112500001	1.03489	1.00632	3	0	0
12	113000001	1.00658	1.00632	3	0	0
12	113500001	1.0168	1.00632	3	0	0
12	114000001	1.01787	1.00632	3	0	0
12	114500001	0.911238	1.00632	3	0	0
12	115000001	1.00947	1.00632	3	0	0
12	115500001	1.0036	1.00632	3	0	0
12	116000001	0.957412	1.00632	3	0	0
12	116500001	0.998289	1.00632	3	0	0
12	117000001	1.01183	1.00632	3	0	0
12	117500001	1.01764	1.00632	3	0	0
12	118000001	0.959435	1.00632	3	0	0
12	118500001	1.02481	1.00632	3	0	0
12	119000001	1.01892	1.00632	3	0	0
12	119500001	1.00129	1.00632	3	0	0
12	120000001	1.01589	1.00632	3	0	0
12	120500001	0.916189	1.00632	3	0	0
12	121000001	0.913751	1.00632	3	0	0
12	121500001	0.926426	1.00632	3	0	0
12	122000001	0.946346	1.00632	3	0	0
12	122500001	0.993006	1.00632	3	0	0
12	123000001	0.927501	1.00632	3	0	0
12	123500001	0.988037	1.00632	3	0	0
12	124000001	1.03413	1.00632	3	0	0
12	124500001	0.722148	0.700564	2	0	0
12	125000001	0.711335	0.700564	2	0	0
12	125500001	0.700564	0.700564	2	0	0
12	126000001	0.681236	0.700564	2	0	0
12	126500001	0.693584	0.700564	2	0	0
12	127000001	0.735065	0.700564	2	0	0
12	127500001	0.670942	0.700564	2	0	0
12	128000001	0.680517	0.700564	2	0	0
12	128500001	0.672944	0.700564	2	0	0
12	129000001	0.669992	0.700564	2	0	0
12	129500001	0.705494	0.700564	2	0	0
12	130000001	0.700762	0.700564	2	0	0
12	130500001	0.697276	0.700564	2	0	0
12	131000001	0.702963	0.700564	2	0	0
12	131500001	0.70172	0.700564	2	0	0
12	132000001	0.657462	0.657462	2	0	0
12	132500001	0.662188	0.657462	2	0	0
12	133000001	0.381657	0.657462	2	0	0
13	1	-1	-1	-1	0	0
13	500001	-1	-1	-1	0	0
13	1000001	-1	-1	-1	0	0
13	1500001	-1	-1	-1	0	0
13	2000001	-1	-1	-1	0	0
13	2500001	-1	-1	-1	0	0
13	3000001	-1	-1	-1	0	0
13	3500001	-1	-1	-1	0	0
13	4000001	-1	-1	-1	0	0
13	4500001	-1	-1	-1	0	0
13	5000001	-1	-1	-1	0	0
13	5500001	-1	-1	-1	0	0
13	6000001	-1	-1	-1	0	0
13	6500001	-1	-1	-1	0	0
13	7000001	-1	-1	-1	0	0
13	7500001	-1	-1	-1	0	0
13	8000001	-1	-1	-1	0	0
13	8500001	-1	-1	-1	0	0
13	9000001	-1	-1	-1	0	0
13	9500001	-1	-1	-1	0	0
13	10000001	-1	-1	-1	0	0
13	10500001	-1	-1	-1	0	0
13	11000001	-1	-1	-1	0	0
13	11500001	-1	-1	-1	0	0
13	12000001	-1	-1	-1	0	0
13	12500001	-1	-1	-1	0	0
13	13000001	-1	-1	-1	0	0
13	13500001	-1	-1	-1	0	0
13	14000001	-1	-1	-1	0	0
13	14500001	-1	-1	-1	0	0
13	15000001	-1	-1	-1	0	0
13	15500001	-1	-1	-1	0	0
13	16000001	0.402388	0.402388	1	0	0
13	16500001	0.719785	0.719785	2	0	0
13	17000001	0.990424	1.0151	3	0	0
13	17500001	1.03978	1.0151	3	0	0
13	18000001	-1	-1	-1	0	0
13	18500001	0.727991	0.727991	2	0	0
13	19000001	0.635691	0.661266	2	0	0
13	19500001	0.639544	0.661266	2	0	0
13	20000001	0.634638	0.661266	2	0	0
13	20500001	0.6476	0.661266	2	0	0
13	21000001	0.645677	0.661266	2	0	0
13	21500001	0.708779	0.661266	2	0	0
13	22000001	0.652827	0.661266	2	0	0
13	22500001	0.647668	0.661266	2	0	0
13	23000001	0.628017	0.661266	2	0	0
13	23500001	0.693216	0.661266	2	0	0
13	24000001	0.683566	0.661266	2	0	0
13	24500001	0.679674	0.661266	2	0	0
13	25000001	0.676917	0.661266	2	0	0
13	25500001	0.677923	0.661266	2	0	0
13	26000001	0.670253	0.661266	2	0	0
13	26500001	0.678228	0.661266	2	0	0
13	27000001	0.695722	0.661266	2	0	0
13	27500001	0.661266	0.661266	2	0	0
13	28000001	0.650004	0.661266	2	0	0
13	28500001	0.702475	0.697273	2	0	0
13	29000001	0.700666	0.697273	2	0	0
13	29500001	0.703731	0.697273	2	0	0
13	30000001	0.710903	0.697273	2	0	0
13	30500001	0.667183	0.697273	2	0	0
13	31000001	0.714935	0.697273	2	0	0
13	31500001	0.704696	0.697273	2	0	0
13	32000001	0.721571	0.697273	2	0	0
13	32500001	0.707023	0.697273	2	0	0
13	33000001	0.739123	0.697273	2	0	0
13	33500001	0.697273	0.697273	2	0	0
13	34000001	0.698755	0.697273	2	0	0
13	34500001	0.689051	0.697273	2	0	0
13	35000001	0.674959	0.697273	2	0	0
13	35500001	0.711772	0.697273	2	0	0
13	36000001	0.691591	0.697273	2	0	0
13	36500001	0.685295	0.697273	2	0	0
13	37000001	0.685755	0.697273	2	0	0
13	37500001	0.6928	0.697273	2	0	0
13	38000001	0.680915	0.697273	2	0	0
13	38500001	0.688351	0.697273	2	0	0
13	39000001	0.682291	0.697273	2	0	0
13	39500001	0.698033	0.697273	2	0	0
13	40000001	0.683037	0.697273	2	0	0
13	40500001	0.68728	0.697273	2	0	0
13	41000001	0.678409	0.697273	2	0	0
13	41500001	0.677623	0.697273	2	0	0
13	42000001	0.708497	0.697273	2	0	0
13	42500001	0.703981	0.697273	2	0	0
13	43000001	0.71062	0.697273	2	0	0
13	43500001	0.713187	0.697273	2	0	0
13	44000001	0.739363	0.697273	2	0	0
13	44500001	0.710625	0.697273	2	0	0
13	45000001	0.693207	0.697273	2	0	0
13	45500001	0.694765	0.697273	2	0	0
13	46000001	0.679462	0.697273	2	0	0
13	46500001	0.681794	0.697273	2	0	0
13	47000001	0.674346	0.697273	2	0	0
13	47500001	0.697207	0.697273	2	0	0
13	48000001	0.699048	0.697273	2	0	0
13	48500001	0.666788	0.697273	2	0	0
13	49000001	0.693946	0.697273	2	0	0
13	49500001	0.666297	0.697273	2	0	0
13	50000001	0.658678	0.697273	2	0	0
13	50500001	0.686542	0.697273	2	0	0
13	51000001	0.703461	0.697273	2	0	0
13	51500001	0.681157	0.697273	2	0	0
13	52000001	0.685187	0.697273	2	0	0
13	52500001	0.666251	0.697273	2	0	0
13	53000001	0.70599	0.697273	2	0	0
13	53500001	0.708562	0.697273	2	0	0
13	54000001	0.669111	0.697273	2	0	0
13	54500001	0.687746	0.697273	2	0	0
13	55000001	0.687593	0.697273	2	0	0
13	55500001	0.68443	0.697273	2	0	0
13	56000001	0.705552	0.697273	2	0	0
13	56500001	0.693472	0.697273	2	0	0
13	57000001	0.787957	0.697273	2	0	0
13	57500001	0.675383	0.697273	2	0	0
13	58000001	0.673405	0.697273	2	0	0
13	58500001	0.71349	0.697273	2	0	0
13	59000001	0.703931	0.697273	2	0	0
13	59500001	0.73803	0.697273	2	0	0
13	60000001	0.69796	0.697273	2	0	0
13	60500001	0.709062	0.697273	2	0	0
13	61000001	0.697614	0.697273	2	0	0
13	61500001	0.645322	0.697273	2	0	0
13	62000001	0.659944	0.697273	2	0	0
13	62500001	0.717722	0.697273	2	0	0
13	63000001	0.73242	0.697273	2	0	0
13	63500001	0.703105	0.697273	2	0	0
13	64000001	0.702706	0.697273	2	0	0
13	64500001	0.68316	0.697273	2	0	0
13	65000001	0.711281	0.697273	2	0	0
13	65500001	0.734633	0.697273	2	0	0
13	66000001	0.67675	0.697273	2	0	0
13	66500001	0.687227	0.697273	2	0	0
13	67000001	0.702865	0.697273	2	0	0
13	67500001	0.711785	0.697273	2	0	0
13	68000001	0.660357	0.697273	2	0	0
13	68500001	0.641135	0.697273	2	0	0
13	69000001	0.70089	0.697273	2	0	0
13	69500001	0.679273	0.697273	2	0	0
13	70000001	0.708312	0.697273	2	0	0
13	70500001	0.703865	0.697273	2	0	0
13	71000001	0.690932	0.697273	2	0	0
13	71500001	0.683558	0.697273	2	0	0
13	72000001	0.711209	0.697273	2	0	0
13	72500001	0.646534	0.697273	2	0	0
13	73000001	0.68723	0.697273	2	0	0
13	73500001	0.686216	0.697273	2	0	0
13	74000001	0.72834	0.697273	2	0	0
13	74500001	0.690652	0.697273	2	0	0
13	75000001	0.708704	0.697273	2	0	0
13	75500001	0.728193	0.697273	2	0	0
13	76000001	0.685204	0.697273	2	0	0
13	76500001	0.720347	0.697273	2	0	0
13	77000001	0.716314	0.697273	2	0	0
13	77500001	0.716527	0.697273	2	0	0
13	78000001	0.697372	0.697273	2	0	0
13	78500001	0.676062	0.697273	2	0	0
13	79000001	0.720976	0.697273	2	0	0
13	79500001	0.693375	0.697273	2	0	0
13	80000001	0.66694	0.697273	2	0	0
13	80500001	0.721651	0.697273	2	0	0
13	81000001	0.688878	0.697273	2	0	0
13	81500001	0.70953	0.697273	2	0	0
13	82000001	0.689907	0.697273	2	0	0
13	82500001	0.685858	0.697273	2	0	0
13	83000001	0.709271	0.697273	2	0	0
13	83500001	0.670053	0.697273	2	0	0
13	84000001	0.682877	0.697273	2	0	0
13	84500001	0.683259	0.697273	2	0	0
13	85000001	0.677258	0.697273	2	0	0
13	85500001	0.717092	0.697273	2	0	0
13	86000001	0.690087	0.697273	2	0	0
13	86500001	0.714152	0.697273	2	0	0
13	87000001	0.678658	0.697273	2	0	0
13	87500001	0.698957	0.697273	2	0	0
13	88000001	0.694583	0.697273	2	0	0
13	88500001	0.720299	0.697273	2	0	0
13	89000001	0.676962	0.697273	2	0	0
13	89500001	0.687737	0.697273	2	0	0
13	90000001	0.684044	0.697273	2	0	0
13	90500001	0.702483	0.697273	2	0	0
13	91000001	0.696379	0.697273	2	0	0
13	91500001	0.743114	0.697273	2	0	0
13	92000001	0.678697	0.697273	2	0	0
13	92500001	0.729224	0.697273	2	0	0
13	93000001	0.6932	0.697273	2	0	0
13	93500001	0.674195	0.697273	2	0	0
13	94000001	0.704401	0.697273	2	0	0
13	94500001	0.694254	0.697273	2	0	0
13	95000001	0.6601	0.697273	2	0	0
13	95500001	0.7134	0.697273	2	0	0
13	96000001	0.713565	0.697273	2	0	0
13	96500001	0.761888	0.697273	2	0	0
13	97000001	0.721162	0.697273	2	0	0
13	97500001	0.721987	0.697273	2	0	0
13	98000001	0.679084	0.697273	2	0	0
13	98500001	0.683731	0.697273	2	0	0
13	99000001	0.700632	0.697273	2	0	0
13	99500001	0.650676	0.697273	2	0	0
13	100000001	0.637466	0.697273	2	0	0
13	100500001	0.71369	0.697273	2	0	0
13	101000001	0.697862	0.697273	2	0	0
13	101500001	0.729733	0.697273	2	0	0
13	102000001	0.694003	0.697273	2	0	0
13	102500001	0.722357	0.697273	2	0	0
13	103000001	0.705942	0.697273	2	0	0
13	103500001	0.709267	0.697273	2	0	0
13	104000001	0.691289	0.697273	2	0	0
13	104500001	0.69572	0.697273	2	0	0
13	105000001	0.728667	0.697273	2	0	0
13	105500001	0.700074	0.697273	2	0	0
13	106000001	0.712538	0.697273	2	0	0
13	106500001	0.722811	0.697273	2	0	0
13	107000001	0.70526	0.697273	2	0	0
13	107500001	0.673194	0.697273	2	0	0
13	108000001	0.681793	0.697273	2	0	0
13	108500001	0.711744	0.697273	2	0	0
13	109000001	0.720481	0.697273	2	0	0
13	109500001	0.677829	0.697273	2	0	0
13	110000001	0.737464	0.697273	2	0	0
13	110500001	0.731919	0.697273	2	0	0
13	111000001	0.638637	0.669994	2	0	0
13	111500001	-1	0.669994	2	0	0
13	112000001	0.7108	0.669994	2	0	0
13	112500001	0.677165	0.669994	2	0	0
13	113000001	0.662823	0.669994	2	0	0
13	113500001	0.691762	0.669994	2	0	0
13	114000001	0.527824	0.669994	2	0	0
14	1	-1	-1	-1	0	0
14	500001	-1	-1	-1	0	0
14	1000001	-1	-1	-1	0	0
14	1500001	-1	-1	-1	0	0
14	2000001	-1	-1	-1	0	0
14	2500001	-1	-1	-1	0	0
14	3000001	-1	-1	-1	0	0
14	3500001	-1	-1	-1	0	0
14	4000001	-1	-1	-1	0	0
14	4500001	-1	-1	-1	0	0
14	5000001	-1	-1	-1	0	0
14	5500001	-1	-1	-1	0	0
14	6000001	-1	-1	-1	0	0
14	6500001	-1	-1	-1	0	0
14	7000001	-1	-1	-1	0	0
14	7500001	-1	-1	-1	0	0
14	8000001	-1	-1	-1	0	0
14	8500001	-1	-1	-1	0	0
14	9000001	-1	-1	-1	0	0
14	9500001	-1	-1	-1	0	0
14	10000001	-1	-1	-1	0	0
14	10500001	-1	-1	-1	0	0
14	11000001	-1	-1	-1	0	0
14	11500001	-1	-1	-1	0	0
14	12000001	-1	-1	-1	0	0
14	12500001	-1	-1	-1	0	0
14	13000001	-1	-1	-1	0	0
14	13500001	-1	-1	-1	0	0
14	14000001	-1	-1	-1	0	0
14	14500001	-1	-1	-1	0	0
14	15000001	-1	-1	-1	0	0
14	15500001	-1	-1	-1	0	0
14	16000001	0.445637	0.933099	3	0	0
14	16500001	0.63598	0.933099	3	0	0
14	17000001	0.799492	0.933099	3	0	0
14	17500001	0.940773	0.933099	3	0	0
14	18000001	1.16079	0.933099	3	0	0
14	18500001	-1	0.933099	3	0	0
14	19000001	1.73043	0.933099	3	0	0
14	19500001	-1	0.933099	3	0	0
14	20000001	0.893277	0.933099	3	0	0
14	20500001	0.951601	0.933099	3	0	0
14	21000001	0.868606	0.933099	3	0	0
14	21500001	0.946407	0.933099	3	0	0
14	22000001	1.00623	0.933099	3	0	0
14	22500001	0.904911	0.933099	3	0	0
14	23000001	0.981156	0.933099	3	0	0
14	23500001	0.959569	0.933099	3	0	0
14	24000001	0.948395	0.933099	3	0	0
14	24500001	0.945848	0.933099	3	0	0
14	25000001	0.935825	0.933099	3	0	0
14	25500001	0.949999	0.933099	3	0	0
14	26000001	0.935593	0.933099	3	0	0
14	26500001	0.909518	0.933099	3	0	0
14	27000001	0.941561	0.933099	3	0	0
14	27500001	0.949251	0.933099	3	0	0
14	28000001	0.928474	0.933099	3	0	0
14	28500001	0.937177	0.933099	3	0	0
14	29000001	0.968058	0.933099	3	0	0
14	29500001	0.890189	0.933099	3	0	0
14	30000001	0.932254	0.933099	3	0	0
14	30500001	0.910232	0.933099	3	0	0
14	31000001	0.845846	0.933099	3	0	0
14	31500001	0.951711	0.933099	3	0	0
14	32000001	0.916723	0.933099	3	0	0
14	32500001	1.01908	0.933099	3	0	0
14	33000001	0.944367	0.933099	3	0	0
14	33500001	0.933099	0.933099	3	0	0
14	34000001	0.928141	0.933099	3	0	0
14	34500001	0.856822	0.933099	3	0	0
14	35000001	0.927476	0.933099	3	0	0
14	35500001	0.931941	0.933099	3	0	0
14	36000001	0.921362	0.933099	3	0	0
14	36500001	0.924794	0.933099	3	0	0
14	37000001	0.904411	0.933099	3	0	0
14	37500001	0.928238	0.933099	3	0	0
14	38000001	0.960792	0.933099	3	0	0
14	38500001	0.957216	0.933099	3	0	0
14	39000001	0.9247	0.933099	3	0	0
14	39500001	0.989909	0.933099	3	0	0
14	40000001	0.953915	0.933099	3	0	0
14	40500001	0.931084	0.933099	3	0	0
14	41000001	0.981473	0.933099	3	0	0
14	41500001	0.91614	0.933099	3	0	0
14	42000001	0.947503	0.933099	3	0	0
14	42500001	0.949278	0.933099	3	0	0
14	43000001	0.926088	0.933099	3	0	0
14	43500001	0.886662	0.933099	3	0	0
14	44000001	0.923767	0.933099	3	0	0
14	44500001	0.912812	0.933099	3	0	0
14	45000001	0.916364	0.933099	3	0	0
14	45500001	0.950935	0.933099	3	0	0
14	46000001	0.968753	0.933099	3	0	0
14	46500001	1.10356	1.10356	3	0	0
14	47000001	1.24551	1.26391	4	0	0
14	47500001	1.24778	1.26391	4	0	0
14	48000001	1.29592	1.26391	4	0	0
14	48500001	1.29417	1.26391	4	0	0
14	49000001	1.31183	1.26391	4	0	0
14	49500001	1.24585	1.26391	4	0	0
14	50000001	1.23798	1.26391	4	0	0
14	50500001	1.29526	1.26391	4	0	0
14	51000001	1.36209	1.26391	4	0	0
14	51500001	1.26391	1.26391	4	0	0
14	52000001	1.31004	1.26391	4	0	0
14	52500001	1.21083	1.26391	4	0	0
14	53000001	1.29884	1.26391	4	0	0
14	53500001	1.29735	1.26391	4	0	0
14	54000001	1.31389	1.26391	4	0	0
14	54500001	1.26706	1.26391	4	0	0
14	55000001	1.22683	1.26391	4	0	0
14	55500001	1.26187	1.26391	4	0	0
14	56000001	1.25069	1.26391	4	0	0
14	56500001	1.20627	1.26391	4	0	0
14	57000001	1.17686	1.26391	4	0	0
14	57500001	0.994031	1.03571	3	0	0
14	58000001	1.07739	1.03571	3	0	0
14	58500001	1.31305	1.30566	4	0	0
14	59000001	1.29828	1.30566	4	0	0
14	59500001	1.01862	0.943005	3	0	0
14	60000001	0.992401	0.943005	3	0	0
14	60500001	0.974649	0.943005	3	0	0
14	61000001	0.976512	0.943005	3	0	0
14	61500001	1.02477	0.943005	3	0	0
14	62000001	0.989409	0.943005	3	0	0
14	62500001	0.952106	0.943005	3	0	0
14	63000001	0.977464	0.943005	3	0	0
14	63500001	0.858657	0.943005	3	0	0
14	64000001	0.918211	0.943005	3	0	0
14	64500001	0.972321	0.943005	3	0	0
14	65000001	0.960946	0.943005	3	0	0
14	65500001	0.971416	0.943005	3	0	0
14	66000001	0.977779	0.943005	3	0	0
14	66500001	1.01464	0.943005	3	0	0
14	67000001	0.964667	0.943005	3	0	0
14	67500001	0.944026	0.943005	3	0	0
14	68000001	1.01291	0.943005	3	0	0
14	68500001	0.970612	0.943005	3	0	0
14	69000001	0.916944	0.943005	3	0	0
14	69500001	0.964495	0.943005	3	0	0
14	70000001	0.960005	0.943005	3	0	0
14	70500001	0.915886	0.943005	3	0	0
14	71000001	0.939243	0.943005	3	0	0
14	71500001	0.952903	0.943005	3	0	0
14	72000001	0.986226	0.943005	3	0	0
14	72500001	0.977481	0.943005	3	0	0
14	73000001	0.895599	0.943005	3	0	0
14	73500001	0.896567	0.943005	3	0	0
14	74000001	0.935492	0.943005	3	0	0
14	74500001	0.991004	0.943005	3	0	0
14	75000001	0.939777	0.943005	3	0	0
14	75500001	0.970601	0.943005	3	0	0
14	76000001	0.948551	0.943005	3	0	0
14	76500001	0.936042	0.943005	3	0	0
14	77000001	0.957631	0.943005	3	0	0
14	77500001	0.893363	0.943005	3	0	0
14	78000001	0.936711	0.943005	3	0	0
14	78500001	0.947214	0.943005	3	0	0
14	79000001	0.945455	0.943005	3	0	0
14	79500001	0.939786	0.943005	3	0	0
14	80000001	0.959053	0.943005	3	0	0
14	80500001	0.97285	0.943005	3	0	0
14	81000001	0.938024	0.943005	3	0	0
14	81500001	0.931981	0.943005	3	0	0
14	82000001	0.913445	0.943005	3	0	0
14	82500001	0.975193	0.943005	3	0	0
14	83000001	0.949133	0.943005	3	0	0
14	83500001	0.976608	0.943005	3	0	0
14	84000001	0.90143	0.943005	3	0	0
14	84500001	0.947311	0.943005	3	0	0
14	85000001	0.946322	0.943005	3	0	0
14	85500001	0.943518	0.943005	3	0	0
14	86000001	0.897574	0.943005	3	0	0
14	86500001	0.941905	0.943005	3	0	0
14	87000001	0.990679	0.943005	3	0	0
14	87500001	0.912253	0.943005	3	0	0
14	88000001	0.967526	0.943005	3	0	0
14	88500001	0.919891	0.943005	3	0	0
14	89000001	0.923227	0.943005	3	0	0
14	89500001	0.891715	0.943005	3	0	0
14	90000001	0.939772	0.943005	3	0	0
14	90500001	0.948244	0.943005	3	0	0
14	91000001	0.918751	0.943005	3	0	0
14	91500001	0.954394	0.943005	3	0	0
14	92000001	0.910115	0.943005	3	0	0
14	92500001	0.927364	0.943005	3	0	0
14	93000001	0.923948	0.943005	3	0	0
14	93500001	0.963262	0.943005	3	0	0
14	94000001	0.996777	0.943005	3	0	0
14	94500001	0.906445	0.943005	3	0	0
14	95000001	0.898307	0.943005	3	0	0
14	95500001	0.959657	0.943005	3	0	0
14	96000001	0.891788	0.943005	3	0	0
14	96500001	0.88568	0.943005	3	0	0
14	97000001	0.896554	0.943005	3	0	0
14	97500001	0.896937	0.943005	3	0	0
14	98000001	0.903617	0.943005	3	0	0
14	98500001	0.879611	0.943005	3	0	0
14	99000001	0.935608	0.943005	3	0	0
14	99500001	0.90612	0.943005	3	0	0
14	100000001	0.92748	0.943005	3	0	0
14	100500001	0.882989	0.943005	3	0	0
14	101000001	0.951265	0.943005	3	0	0
14	101500001	0.937421	0.943005	3	0	0
14	102000001	0.922726	0.943005	3	0	0
14	102500001	0.842926	0.943005	3	0	0
14	103000001	0.901428	0.943005	3	0	0
14	103500001	0.867071	0.943005	3	0	0
14	104000001	0.975767	0.943005	3	0	0
14	104500001	0.942491	0.943005	3	0	0
14	105000001	0.888258	0.943005	3	0	0
14	105500001	0.970586	0.943005	3	0	0
14	106000001	1.03025	0.943005	3	0	0
14	106500001	-1	-1	-1	0	0
14	107000001	-1	-1	-1	0	0
15	1	-1	-1	-1	0	0
15	500001	-1	-1	-1	0	0
15	1000001	-1	-1	-1	0	0
15	1500001	-1	-1	-1	0	0
15	2000001	-1	-1	-1	0	0
15	2500001	-1	-1	-1	0	0
15	3000001	-1	-1	-1	0	0
15	3500001	-1	-1	-1	0	0
15	4000001	-1	-1	-1	0	0
15	4500001	-1	-1	-1	0	0
15	5000001	-1	-1	-1	0	0
15	5500001	-1	-1	-1	0	0
15	6000001	-1	-1	-1	0	0
15	6500001	-1	-1	-1	0	0
15	7000001	-1	-1	-1	0	0
15	7500001	-1	-1	-1	0	0
15	8000001	-1	-1	-1	0	0
15	8500001	-1	-1	-1	0	0
15	9000001	-1	-1	-1	0	0
15	9500001	-1	-1	-1	0	0
15	10000001	-1	-1	-1	0	0
15	10500001	-1	-1	-1	0	0
15	11000001	-1	-1	-1	0	0
15	11500001	-1	-1	-1	0	0
15	12000001	-1	-1	-1	0	0
15	12500001	-1	-1	-1	0	0
15	13000001	-1	-1	-1	0	0
15	13500001	-1	-1	-1	0	0
15	14000001	-1	-1	-1	0	0
15	14500001	-1	-1	-1	0	0
15	15000001	-1	-1	-1	0	0
15	15500001	-1	-1	-1	0	0
15	16000001	-1	-1	-1	0	0
15	16500001	-1	-1	-1	0	0
15	17000001	0.555881	0.591532	2	0	0
15	17500001	0.627183	0.591532	2	0	0
15	18000001	0.79156	0.79156	2	0	0
15	18500001	1.17758	1.13161	3	0	0
15	19000001	1.13161	1.13161	3	0	0
15	19500001	0.982097	1.13161	3	0	0
15	20000001	1.38625	1.38625	4	0	0
15	20500001	0.92715	0.870521	3	0	0
15	21000001	0.813891	0.870521	3	0	0
15	21500001	0.335391	0.430914	1	0	0
15	22000001	0.526437	0.430914	1	0	0
15	22500001	0.630556	0.695099	2	0	0
15	23000001	0.709575	0.695099	2	0	0
15	23500001	0.651503	0.695099	2	0	0
15	24000001	0.803003	0.695099	2	0	0
15	24500001	0.712683	0.695099	2	0	0
15	25000001	0.624444	0.695099	2	0	0
15	25500001	0.646704	0.695099	2	0	0
15	26000001	0.653668	0.695099	2	0	0
15	26500001	0.655844	0.695099	2	0	0
15	27000001	0.646733	0.695099	2	0	0
15	27500001	0.684658	0.695099	2	0	0
15	28000001	0.687894	0.695099	2	0	0
15	28500001	0.643578	0.695099	2	0	0
15	29000001	0.639759	0.695099	2	0	0
15	29500001	0.684615	0.695099	2	0	0
15	30000001	0.64991	0.695099	2	0	0
15	30500001	0.66019	0.695099	2	0	0
15	31000001	0.65321	0.695099	2	0	0
15	31500001	0.691743	0.695099	2	0	0
15	32000001	0.593285	0.695099	2	0	0
15	32500001	0.652669	0.695099	2	0	0
15	33000001	0.689781	0.695099	2	0	0
15	33500001	0.716708	0.695099	2	0	0
15	34000001	0.676078	0.695099	2	0	0
15	34500001	0.6597	0.695099	2	0	0
15	35000001	0.675883	0.695099	2	0	0
15	35500001	0.699321	0.695099	2	0	0
15	36000001	0.69227	0.695099	2	0	0
15	36500001	0.673163	0.695099	2	0	0
15	37000001	0.679574	0.695099	2	0	0
15	37500001	0.738879	0.695099	2	0	0
15	38000001	0.709837	0.695099	2	0	0
15	38500001	0.692286	0.695099	2	0	0
15	39000001	0.73086	0.695099	2	0	0
15	39500001	0.744778	0.695099	2	0	0
15	40000001	0.698651	0.695099	2	0	0
15	40500001	0.649556	0.695099	2	0	0
15	41000001	0.642969	0.695099	2	0	0
15	41500001	0.666664	0.695099	2	0	0
15	42000001	0.714092	0.695099	2	0	0
15	42500001	0.695477	0.695099	2	0	0
15	43000001	0.667737	0.695099	2	0	0
15	43500001	0.678144	0.695099	2	0	0
15	44000001	0.691731	0.695099	2	0	0
15	44500001	0.675962	0.695099	2	0	0
15	45000001	0.684375	0.695099	2	0	0
15	45500001	0.695518	0.695099	2	0	0
15	46000001	0.708112	0.695099	2	0	0
15	46500001	0.697516	0.695099	2	0	0
15	47000001	0.684567	0.695099	2	0	0
15	47500001	0.645055	0.695099	2	0	0
15	48000001	0.675751	0.695099	2	0	0
15	48500001	0.689644	0.695099	2	0	0
15	49000001	0.672371	0.695099	2	0	0
15	49500001	0.695079	0.695099	2	0	0
15	50000001	0.638247	0.695099	2	0	0
15	50500001	0.665257	0.695099	2	0	0
15	51000001	0.707944	0.695099	2	0	0
15	51500001	0.703362	0.695099	2	0	0
15	52000001	0.689262	0.695099	2	0	0
15	52500001	0.70603	0.695099	2	0	0
15	53000001	0.660904	0.695099	2	0	0
15	53500001	0.685698	0.695099	2	0	0
15	54000001	0.705016	0.695099	2	0	0
15	54500001	0.707104	0.695099	2	0	0
15	55000001	0.702081	0.695099	2	0	0
15	55500001	0.708107	0.695099	2	0	0
15	56000001	0.738469	0.695099	2	0	0
15	56500001	0.698433	0.695099	2	0	0
15	57000001	0.714048	0.695099	2	0	0
15	57500001	0.7038	0.695099	2	0	0
15	58000001	0.697958	0.695099	2	0	0
15	58500001	0.676209	0.695099	2	0	0
15	59000001	0.665246	0.695099	2	0	0
15	59500001	0.706712	0.695099	2	0	0
15	60000001	0.704452	0.695099	2	0	0
15	60500001	0.722847	0.695099	2	0	0
15	61000001	0.680943	0.695099	2	0	0
15	61500001	0.706782	0.695099	2	0	0
15	62000001	0.676078	0.695099	2	0	0
15	62500001	0.707091	0.695099	2	0	0
15	63000001	0.720562	0.695099	2	0	0
15	63500001	0.68152	0.695099	2	0	0
15	64000001	0.693378	0.695099	2	0	0
15	64500001	0.662097	0.695099	2	0	0
15	65000001	0.657599	0.695099	2	0	0
15	65500001	0.677717	0.695099	2	0	0
15	66000001	0.720681	0.695099	2	0	0
15	66500001	0.696866	0.695099	2	0	0
15	67000001	0.712082	0.695099	2	0	0
15	67500001	0.689363	0.695099	2	0	0
15	68000001	0.65693	0.695099	2	0	0
15	68500001	0.647664	0.695099	2	0	0
15	69000001	0.678755	0.695099	2	0	0
15	69500001	0.76104	0.695099	2	0	0
15	70000001	0.750414	0.695099	2	0	0
15	70500001	0.737625	0.695099	2	0	0
15	71000001	0.736068	0.695099	2	0	0
15	71500001	0.721034	0.695099	2	0	0
15	72000001	0.688766	0.695099	2	0	0
15	72500001	0.68171	0.695099	2	0	0
15	73000001	0.698385	0.695099	2	0	0
15	73500001	0.761866	0.695099	2	0	0
15	74000001	0.751726	0.695099	2	0	0
15	74500001	0.685766	0.695099	2	0	0
15	75000001	0.724368	0.695099	2	0	0
15	75500001	0.723137	0.695099	2	0	0
15	76000001	0.706189	0.695099	2	0	0
15	76500001	0.704408	0.695099	2	0	0
15	77000001	0.693798	0.695099	2	0	0
15	77500001	0.71768	0.695099	2	0	0
15	78000001	0.723022	0.695099	2	0	0
15	78500001	0.680929	0.695099	2	0	0
15	79000001	0.724771	0.695099	2	0	0
15	79500001	0.696	0.695099	2	0	0
15	80000001	0.700289	0.695099	2	0	0
15	80500001	0.716692	0.695099	2	0	0
15	81000001	0.696256	0.695099	2	0	0
15	81500001	0.711655	0.695099	2	0	0
15	82000001	0.758513	0.695099	2	0	0
15	82500001	0.693888	0.695099	2	0	0
15	83000001	0.694188	0.695099	2	0	0
15	83500001	0.697568	0.695099	2	0	0
15	84000001	0.671957	0.695099	2	0	0
15	84500001	0.69764	0.695099	2	0	0
15	85000001	0.709023	0.695099	2	0	0
15	85500001	0.695392	0.695099	2	0	0
15	86000001	0.695099	0.695099	2	0	0
15	86500001	0.709477	0.695099	2	0	0
15	87000001	0.705098	0.695099	2	0	0
15	87500001	0.728783	0.695099	2	0	0
15	88000001	0.673202	0.695099	2	0	0
15	88500001	0.704056	0.695099	2	0	0
15	89000001	0.674056	0.695099	2	0	0
15	89500001	0.702069	0.695099	2	0	0
15	90000001	0.686202	0.695099	2	0	0
15	90500001	0.685244	0.695099	2	0	0
15	91000001	0.686737	0.695099	2	0	0
15	91500001	0.699237	0.695099	2	0	0
15	92000001	0.695712	0.695099	2	0	0
15	92500001	0.697511	0.695099	2	0	0
15	93000001	0.739393	0.695099	2	0	0
15	93500001	0.698356	0.695099	2	0	0
15	94000001	0.650724	0.695099	2	0	0
15	94500001	0.685762	0.695099	2	0	0
15	95000001	0.700254	0.695099	2	0	0
15	95500001	0.704682	0.695099	2	0	0
15	96000001	0.677756	0.695099	2	0	0
15	96500001	0.732212	0.695099	2	0	0
15	97000001	0.681033	0.695099	2	0	0
15	97500001	0.689708	0.695099	2	0	0
15	98000001	0.680628	0.695099	2	0	0
15	98500001	0.657965	0.695099	2	0	0
15	99000001	0.721045	0.695099	2	0	0
15	99500001	0.704434	0.695099	2	0	0
15	100000001	0.692485	0.695099	2	0	0
15	100500001	0.723279	0.695099	2	0	0
15	101000001	0.701974	0.695099	2	0	0
15	101500001	0.836821	0.695099	2	0	0
16	1	0.653976	0.670099	2	0	0
16	500001	0.657282	0.670099	2	0	0
16	1000001	0.649044	0.670099	2	0	0
16	1500001	0.655958	0.670099	2	0	0
16	2000001	0.64148	0.670099	2	0	0
16	2500001	0.649986	0.670099	2	0	0
16	3000001	0.654484	0.670099	2	0	0
16	3500001	0.652948	0.670099	2	0	0
16	4000001	0.678834	0.670099	2	0	0
16	4500001	0.683951	0.670099	2	0	0
16	5000001	0.699561	0.670099	2	0	0
16	5500001	0.713023	0.670099	2	0	0
16	6000001	0.642515	0.670099	2	0	0
16	6500001	0.631932	0.670099	2	0	0
16	7000001	0.647471	0.670099	2	0	0
16	7500001	0.663877	0.670099	2	0	0
16	8000001	0.661786	0.670099	2	0	0
16	8500001	0.679103	0.670099	2	0	0
16	9000001	0.704491	0.670099	2	0	0
16	9500001	0.708414	0.670099	2	0	0
16	10000001	0.673075	0.670099	2	0	0
16	10500001	0.67474	0.670099	2	0	0
16	11000001	0.681906	0.670099	2	0	0
16	11500001	0.686008	0.670099	2	0	0
16	12000001	0.641748	0.670099	2	0	0
16	12500001	0.657328	0.670099	2	0	0
16	13000001	0.657736	0.670099	2	0	0
16	13500001	0.669863	0.670099	2	0	0
16	14000001	0.699193	0.670099	2	0	0
16	14500001	0.707834	0.670099	2	0	0
16	15000001	0.718709	0.670099	2	0	0
16	15500001	0.680035	0.670099	2	0	0
16	16000001	0.784304	0.670099	2	0	0
16	16500001	0.670335	0.670099	2	0	0
16	17000001	0.696045	0.670099	2	0	0
16	17500001	0.648953	0.670099	2	0	0
16	18000001	0.676612	0.670099	2	0	0
16	18500001	0.660833	0.670099	2	0	0
16	19000001	0.65685	0.670099	2	0	0
16	19500001	0.651533	0.670099	2	0	0
16	20000001	0.695923	0.670099	2	0	0
16	20500001	0.67738	0.670099	2	0	0
16	21000001	0.722803	0.74863	2	0	0
16	21500001	0.774458	0.74863	2	0	0
16	22000001	0.696919	0.74863	2	0	0
16	22500001	0.885156	0.74863	2	0	0
16	23000001	0.621695	0.664516	2	0	0
16	23500001	0.68177	0.664516	2	0	0
16	24000001	0.682695	0.664516	2	0	0
16	24500001	0.663484	0.664516	2	0	0
16	25000001	0.681439	0.664516	2	0	0
16	25500001	0.693683	0.664516	2	0	0
16	26000001	0.650994	0.664516	2	0	0
16	26500001	0.662571	0.664516	2	0	0
16	27000001	0.662014	0.664516	2	0	0
16	27500001	0.692428	0.664516	2	0	0
16	28000001	0.657425	0.664516	2	0	0
16	28500001	0.650914	0.664516	2	0	0
16	29000001	0.647356	0.664516	2	0	0
16	29500001	0.683611	0.664516	2	0	0
16	30000001	0.665549	0.664516	2	0	0
16	30500001	0.668219	0.664516	2	0	0
16	31000001	0.670635	0.664516	2	0	0
16	31500001	0.672199	0.664516	2	0	0
16	32000001	0.587058	0.664516	2	0	0
16	32500001	0.579964	0.664516	2	0	0
16	33000001	-1	0.664516	2	0	0
16	33500001	0.561856	0.664516	2	0	0
16	34000001	0.742604	0.664516	2	0	0
16	34500001	2.78231	2.78231	8	0	0
16	35000001	0.603417	0.603417	2	0	0
16	35500001	0.717355	0.722678	2	0	0
16	36000001	0.728	0.722678	2	0	0
16	36500001	0.46802	0.449034	1	0	0
16	37000001	0.449034	0.449034	1	0	0
16	37500001	0.446627	0.449034	1	0	0
16	38000001	-1	-1	-1	0	0
16	38500001	-1	-1	-1	0	0
16	39000001	-1	-1	-1	0	0
16	39500001	-1	-1	-1	0	0
16	40000001	-1	-1	-1	0	0
16	40500001	-1	-1	-1	0	0
16	41000001	-1	-1	-1	0	0
16	41500001	-1	-1	-1	0	0
16	42000001	-1	-1	-1	0	0
16	42500001	-1	-1	-1	0	0
16	43000001	-1	-1	-1	0	0
16	43500001	-1	-1	-1	0	0
16	44000001	-1	-1	-1	0	0
16	44500001	-1	-1	-1	0	0
16	45000001	-1	-1	-1	0	0
16	45500001	-1	-1	-1	0	0
16	46000001	-1	-1	-1	0	0
16	46500001	0.656527	0.670833	2	0	0
16	47000001	0.683518	0.670833	2	0	0
16	47500001	0.728128	0.670833	2	0	0
16	48000001	0.692945	0.670833	2	0	0
16	48500001	0.6937	0.670833	2	0	0
16	49000001	0.716942	0.670833	2	0	0
16	49500001	0.660118	0.670833	2	0	0
16	50000001	0.625135	0.670833	2	0	0
16	50500001	0.672484	0.670833	2	0	0
16	51000001	0.662714	0.670833	2	0	0
16	51500001	0.654707	0.670833	2	0	0
16	52000001	0.685688	0.670833	2	0	0
16	52500001	0.654343	0.670833	2	0	0
16	53000001	0.644405	0.670833	2	0	0
16	53500001	0.680549	0.670833	2	0	0
16	54000001	0.656418	0.670833	2	0	0
16	54500001	0.667324	0.670833	2	0	0
16	55000001	0.724806	0.670833	2	0	0
16	55500001	0.711719	0.670833	2	0	0
16	56000001	0.678207	0.670833	2	0	0
16	56500001	0.661921	0.670833	2	0	0
16	57000001	0.683975	0.670833	2	0	0
16	57500001	0.666995	0.670833	2	0	0
16	58000001	0.670833	0.670833	2	0	0
16	58500001	0.658893	0.670833	2	0	0
16	59000001	0.7024	0.670833	2	0	0
16	59500001	0.665706	0.670833	2	0	0
16	60000001	0.676144	0.670833	2	0	0
16	60500001	0.669345	0.670833	2	0	0
16	61000001	0.669481	0.670833	2	0	0
16	61500001	0.700685	0.670833	2	0	0
16	62000001	0.636176	0.670833	2	0	0
16	62500001	0.691955	0.670833	2	0	0
16	63000001	0.650541	0.670833	2	0	0
16	63500001	0.67345	0.670833	2	0	0
16	64000001	0.652905	0.670833	2	0	0
16	64500001	0.686948	0.670833	2	0	0
16	65000001	0.649692	0.670833	2	0	0
16	65500001	0.66573	0.670833	2	0	0
16	66000001	0.689916	0.670833	2	0	0
16	66500001	0.691381	0.670833	2	0	0
16	67000001	0.683948	0.670833	2	0	0
16	67500001	0.664066	0.670833	2	0	0
16	68000001	0.654682	0.670833	2	0	0
16	68500001	0.667606	0.670833	2	0	0
16	69000001	0.636986	0.670833	2	0	0
16	69500001	0.649843	0.670833	2	0	0
16	70000001	0.664179	0.670833	2	0	0
16	70500001	0.722037	0.670833	2	0	0
16	71000001	0.732864	0.670833	2	0	0
16	71500001	0.650836	0.670833	2	0	0
16	72000001	0.709027	0.670833	2	0	0
16	72500001	0.664974	0.670833	2	0	0
16	73000001	0.668172	0.670833	2	0	0
16	73500001	0.670061	0.670833	2	0	0
16	74000001	0.69215	0.670833	2	0	0
16	74500001	0.653289	0.670833	2	0	0
16	75000001	0.612001	0.670833	2	0	0
16	75500001	0.677161	0.670833	2	0	0
16	76000001	0.66676	0.670833	2	0	0
16	76500001	0.68312	0.670833	2	0	0
16	77000001	0.674953	0.670833	2	0	0
16	77500001	0.675536	0.670833	2	0	0
16	78000001	0.519973	0.670833	2	0	0
16	78500001	0.619909	0.670833	2	0	0
16	79000001	0.663336	0.670833	2	0	0
16	79500001	0.713181	0.670833	2	0	0
16	80000001	0.698217	0.670833	2	0	0
16	80500001	0.688449	0.670833	2	0	0
16	81000001	0.660695	0.670833	2	0	0
16	81500001	0.694275	0.670833	2	0	0
16	82000001	0.73034	0.670833	2	0	0
16	82500001	0.666231	0.670833	2	0	0
16	83000001	0.659545	0.670833	2	0	0
16	83500001	0.704933	0.670833	2	0	0
16	84000001	0.678524	0.670833	2	0	0
16	84500001	0.672431	0.670833	2	0	0
16	85000001	0.686049	0.670833	2	0	0
16	85500001	0.702047	0.670833	2	0	0
16	86000001	0.71236	0.670833	2	0	0
16	86500001	0.689454	0.670833	2	0	0
16	87000001	0.642324	0.670833	2	0	0
16	87500001	0.661068	0.670833	2	0	0
16	88000001	0.694815	0.670833	2	0	0
16	88500001	0.645963	0.670833	2	0	0
16	89000001	0.646086	0.670833	2	0	0
16	89500001	0.671726	0.670833	2	0	0
16	90000001	-1	-1	-1	0	0
17	1	-1	-1	-1	0	0
17	500001	0.983927	1.00106	3	0	0
17	1000001	0.992326	1.00106	3	0	0
17	1500001	1.0111	1.00106	3	0	0
17	2000001	1.02813	1.00106	3	0	0
17	2500001	0.921141	1.00106	3	0	0
17	3000001	1.00262	1.00106	3	0	0
17	3500001	1.02321	1.00106	3	0	0
17	4000001	0.935223	1.00106	3	0	0
17	4500001	1.01963	1.00106	3	0	0
17	5000001	0.970638	1.00106	3	0	0
17	5500001	0.991159	1.00106	3	0	0
17	6000001	0.982303	1.00106	3	0	0
17	6500001	1.0142	1.00106	3	0	0
17	7000001	0.988285	1.00106	3	0	0
17	7500001	1.02329	1.00106	3	0	0
17	8000001	1.03201	1.00106	3	0	0
17	8500001	0.999054	1.00106	3	0	0
17	9000001	0.969856	1.00106	3	0	0
17	9500001	0.971149	1.00106	3	0	0
17	10000001	1.04158	1.00106	3	0	0
17	10500001	0.959298	1.00106	3	0	0
17	11000001	1.0164	1.00106	3	0	0
17	11500001	0.984679	1.00106	3	0	0
17	12000001	1.001	1.00106	3	0	0
17	12500001	0.920321	1.00106	3	0	0
17	13000001	1.01103	1.00106	3	0	0
17	13500001	1.01813	1.00106	3	0	0
17	14000001	1.00106	1.00106	3	0	0
17	14500001	1.05364	1.00106	3	0	0
17	15000001	1.01681	1.00106	3	0	0
17	15500001	1.04314	1.00106	3	0	0
17	16000001	0.968022	1.00106	3	0	0
17	16500001	1.01737	1.00106	3	0	0
17	17000001	1.04045	1.00106	3	0	0
17	17500001	1.0369	1.00106	3	0	0
17	18000001	1.03307	1.00106	3	0	0
17	18500001	0.967968	1.00106	3	0	0
17	19000001	1.04493	1.00106	3	0	0
17	19500001	0.968996	1.00106	3	0	0
17	20000001	0.973393	1.00106	3	0	0
17	20500001	0.976547	1.00106	3	0	0
17	21000001	1.12177	1.12177	3	0	0
17	21500001	1.46881	1.12177	3	0	0
17	22000001	1.06062	1.12177	3	0	0
17	22500001	1.24864	1.12177	3	0	0
17	23000001	1.04141	1.12177	3	0	0
17	23500001	0.428756	0.491956	1	0	0
17	24000001	0.53906	0.491956	1	0	0
17	24500001	0.444852	0.491956	1	0	0
17	25000001	0.712804	0.491956	1	0	0
17	25500001	0.539698	0.491956	1	0	0
17	26000001	0.280733	0.491956	1	0	0
17	26500001	3.59951	3.59951	11	0	0
17	27000001	1.01342	1.01536	3	0	0
17	27500001	1.02844	1.01536	3	0	0
17	28000001	0.999336	1.01536	3	0	0
17	28500001	1.03362	1.01536	3	0	0
17	29000001	0.980617	1.01536	3	0	0
17	29500001	1.01303	1.01536	3	0	0
17	30000001	1.04409	1.01536	3	0	0
17	30500001	0.940363	1.01536	3	0	0
17	31000001	1.03868	1.01536	3	0	0
17	31500001	1.0238	1.01536	3	0	0
17	32000001	0.964779	1.01536	3	0	0
17	32500001	1.01269	1.01536	3	0	0
17	33000001	1.06102	1.01536	3	0	0
17	33500001	1.02144	1.01536	3	0	0
17	34000001	1.02047	1.01536	3	0	0
17	34500001	1.06456	1.01536	3	0	0
17	35000001	1.04198	1.01536	3	0	0
17	35500001	0.971744	1.01536	3	0	0
17	36000001	1.00456	1.01536	3	0	0
17	36500001	0.99455	1.01536	3	0	0
17	37000001	0.962306	1.01536	3	0	0
17	37500001	0.983377	1.01536	3	0	0
17	38000001	0.818507	1.01536	3	0	0
17	38500001	0.981094	1.01536	3	0	0
17	39000001	0.966171	1.01536	3	0	0
17	39500001	0.999411	1.01536	3	0	0
17	40000001	1.01128	1.01536	3	0	0
17	40500001	1.01962	1.01536	3	0	0
17	41000001	0.996163	1.01536	3	0	0
17	41500001	1.02071	1.01536	3	0	0
17	42000001	0.981923	1.01536	3	0	0
17	42500001	0.98049	1.01536	3	0	0
17	43000001	0.964764	1.01536	3	0	0
17	43500001	1.06361	1.01536	3	0	0
17	44000001	0.968942	1.01536	3	0	0
17	44500001	1.00637	1.01536	3	0	0
17	45000001	1.04579	1.01536	3	0	0
17	45500001	1.1406	1.01536	3	0	0
17	46000001	0.737251	1.01536	3	0	0
17	46500001	0.874676	1.01536	3	0	0
17	47000001	1.01343	1.01536	3	0	0
17	47500001	1.04895	1.01536	3	0	0
17	48000001	1.02451	1.01536	3	0	0
17	48500001	0.989913	1.01536	3	0	0
17	49000001	0.991989	1.01536	3	0	0
17	49500001	1.0262	1.01536	3	0	0
17	50000001	1.05377	1.01536	3	0	0
17	50500001	1.05437	1.01536	3	0	0
17	51000001	1.0652	1.01536	3	0	0
17	51500001	1.06076	1.01536	3	0	0
17	52000001	1.00133	1.01536	3	0	0
17	52500001	0.983836	1.01536	3	0	0
17	53000001	1.01695	1.01536	3	0	0
17	53500001	1.0345	1.01536	3	0	0
17	54000001	1.03724	1.01536	3	0	0
17	54500001	1.02446	1.01536	3	0	0
17	55000001	1.01219	1.01536	3	0	0
17	55500001	1.03838	1.01536	3	0	0
17	56000001	1.09258	1.01536	3	0	0
17	56500001	1.05334	1.01536	3	0	0
17	57000001	1.04485	1.01536	3	0	0
17	57500001	1.04303	1.01536	3	0	0
17	58000001	1.00871	1.01536	3	0	0
17	58500001	0.948816	1.01536	3	0	0
17	59000001	0.949375	1.01536	3	0	0
17	59500001	0.967964	1.01536	3	0	0
17	60000001	1.00751	1.01536	3	0	0
17	60500001	0.983875	1.01536	3	0	0
17	61000001	0.98558	1.01536	3	0	0
17	61500001	1.03704	1.01536	3	0	0
17	62000001	1.01256	1.01536	3	0	0
17	62500001	1.0465	1.01536	3	0	0
17	63000001	1.08686	1.01536	3	0	0
17	63500001	1.04888	1.01536	3	0	0
17	64000001	1.02778	1.01536	3	0	0
17	64500001	1.03885	1.01536	3	0	0
17	65000001	1.01564	1.01536	3	0	0
17	65500001	1.01236	1.01536	3	0	0
17	66000001	1.03045	1.01536	3	0	0
17	66500001	1.01608	1.01536	3	0	0
17	67000001	0.981177	1.01536	3	0	0
17	67500001	0.980047	1.01536	3	0	0
17	68000001	0.970489	1.01536	3	0	0
17	68500001	1.04683	1.01536	3	0	0
17	69000001	1.02222	1.01536	3	0	0
17	69500001	0.98857	1.01536	3	0	0
17	70000001	1.04713	1.01536	3	0	0
17	70500001	1.04253	1.01536	3	0	0
17	71000001	1.02151	1.01536	3	0	0
17	71500001	1.02949	1.01536	3	0	0
17	72000001	1.04971	1.01536	3	0	0
17	72500001	1.03256	1.01536	3	0	0
17	73000001	1.00726	1.01536	3	0	0
17	73500001	1.04839	1.01536	3	0	0
17	74000001	1.05481	1.01536	3	0	0
17	74500001	1.04382	1.01536	3	0	0
17	75000001	1.00343	1.01536	3	0	0
17	75500001	0.999738	1.01536	3	0	0
17	76000001	1.01544	1.01536	3	0	0
17	76500001	0.988483	1.01536	3	0	0
17	77000001	1.00147	1.01536	3	0	0
17	77500001	1.05146	1.01536	3	0	0
17	78000001	1.0076	1.01536	3	0	0
17	78500001	1.00494	1.01536	3	0	0
17	79000001	1.08645	1.01536	3	0	0
17	79500001	1.01623	1.01536	3	0	0
17	80000001	1.00997	1.01536	3	0	0
17	80500001	0.979797	1.01536	3	0	0
17	81000001	1.01536	1.01536	3	0	0
17	81500001	0.988915	1.01536	3	0	0
17	82000001	1.0428	1.01536	3	0	0
17	82500001	1.00643	1.01536	3	0	0
17	83000001	0.509134	1.01536	3	0	0
18	1	2.31454	2.31454	7	0	0
18	500001	0.975008	0.9747	3	0	0
18	1000001	0.984224	0.9747	3	0	0
18	1500001	0.999964	0.9747	3	0	0
18	2000001	1.02115	0.9747	3	0	0
18	2500001	0.959027	0.9747	3	0	0
18	3000001	0.9747	0.9747	3	0	0
18	3500001	1.01648	0.9747	3	0	0
18	4000001	1.0553	0.9747	3	0	0
18	4500001	0.966707	0.9747	3	0	0
18	5000001	0.950561	0.9747	3	0	0
18	5500001	0.967336	0.9747	3	0	0
18	6000001	0.929094	0.9747	3	0	0
18	6500001	0.988056	0.9747	3	0	0
18	7000001	0.969326	0.9747	3	0	0
18	7500001	0.974206	0.9747	3	0	0
18	8000001	0.990985	0.9747	3	0	0
18	8500001	0.981568	0.9747	3	0	0
18	9000001	0.980758	0.9747	3	0	0
18	9500001	1.00857	0.9747	3	0	0
18	10000001	1.02142	0.9747	3	0	0
18	10500001	0.965871	0.9747	3	0	0
18	11000001	1.00656	0.9747	3	0	0
18	11500001	0.929683	0.9747	3	0	0
18	12000001	0.962587	0.9747	3	0	0
18	12500001	0.974316	0.9747	3	0	0
18	13000001	0.962381	0.9747	3	0	0
18	13500001	0.933246	0.9747	3	0	0
18	14000001	0.97844	0.9747	3	0	0
18	14500001	0.950494	0.9747	3	0	0
18	15000001	1.17882	1.2151	4	0	0
18	15500001	1.12065	1.2151	4	0	0
18	16000001	1.53002	1.2151	4	0	0
18	16500001	1.35464	1.2151	4	0	0
18	17000001	1.3141	1.2151	4	0	0
18	17500001	1.21509	1.2151	4	0	0
18	18000001	1.2151	1.2151	4	0	0
18	18500001	1.04182	0.961064	3	0	0
18	19000001	1.10226	0.961064	3	0	0
18	19500001	0.953202	0.961064	3	0	0
18	20000001	0.985783	0.961064	3	0	0
18	20500001	0.883757	0.961064	3	0	0
18	21000001	0.881108	0.961064	3	0	0
18	21500001	0.943447	0.961064	3	0	0
18	22000001	0.941236	0.961064	3	0	0
18	22500001	0.994047	0.961064	3	0	0
18	23000001	0.935275	0.961064	3	0	0
18	23500001	1.00216	0.961064	3	0	0
18	24000001	0.961064	0.961064	3	0	0
18	24500001	0.97314	0.961064	3	0	0
18	25000001	0.919891	0.961064	3	0	0
18	25500001	0.931326	0.961064	3	0	0
18	26000001	0.924167	0.961064	3	0	0
18	26500001	0.971278	0.961064	3	0	0
18	27000001	0.897442	0.961064	3	0	0
18	27500001	0.939819	0.961064	3	0	0
18	28000001	0.921501	0.961064	3	0	0
18	28500001	0.96943	0.961064	3	0	0
18	29000001	1.00748	0.961064	3	0	0
18	29500001	0.943886	0.961064	3	0	0
18	30000001	0.928128	0.961064	3	0	0
18	30500001	0.979054	0.961064	3	0	0
18	31000001	0.993301	0.961064	3	0	0
18	31500001	0.916287	0.961064	3	0	0
18	32000001	0.925819	0.961064	3	0	0
18	32500001	0.932346	0.961064	3	0	0
18	33000001	0.949423	0.961064	3	0	0
18	33500001	0.987487	0.961064	3	0	0
18	34000001	0.964327	0.961064	3	0	0
18	34500001	0.969892	0.961064	3	0	0
18	35000001	0.988129	0.961064	3	0	0
18	35500001	0.997951	0.961064	3	0	0
18	36000001	1.01019	0.961064	3	0	0
18	36500001	0.975015	0.961064	3	0	0
18	37000001	1.20706	1.28103	4	0	0
18	37500001	1.18083	1.28103	4	0	0
18	38000001	1.25559	1.28103	4	0	0
18	38500001	1.28373	1.28103	4	0	0
18	39000001	1.2416	1.28103	4	0	0
18	39500001	1.25252	1.28103	4	0	0
18	40000001	1.24899	1.28103	4	0	0
18	40500001	1.2797	1.28103	4	0	0
18	41000001	1.28237	1.28103	4	0	0
18	41500001	1.34088	1.28103	4	0	0
18	42000001	1.2959	1.28103	4	0	0
18	42500001	1.28402	1.28103	4	0	0
18	43000001	1.24453	1.28103	4	0	0
18	43500001	1.25498	1.28103	4	0	0
18	44000001	1.296	1.28103	4	0	0
18	44500001	1.29528	1.28103	4	0	0
18	45000001	1.32286	1.28103	4	0	0
18	45500001	1.30291	1.28103	4	0	0
18	46000001	1.05404	1.05404	3	0	0
18	46500001	0.669951	0.640529	2	0	0
18	47000001	0.701113	0.640529	2	0	0
18	47500001	0.666795	0.640529	2	0	0
18	48000001	0.691384	0.640529	2	0	0
18	48500001	0.669754	0.640529	2	0	0
18	49000001	0.624629	0.640529	2	0	0
18	49500001	0.637777	0.640529	2	0	0
18	50000001	0.646704	0.640529	2	0	0
18	50500001	0.597723	0.640529	2	0	0
18	51000001	0.640068	0.640529	2	0	0
18	51500001	0.630924	0.640529	2	0	0
18	52000001	0.653671	0.640529	2	0	0
18	52500001	0.615628	0.640529	2	0	0
18	53000001	0.616938	0.640529	2	0	0
18	53500001	0.657432	0.640529	2	0	0
18	54000001	0.629522	0.640529	2	0	0
18	54500001	0.678242	0.640529	2	0	0
18	55000001	0.670664	0.640529	2	0	0
18	55500001	0.628903	0.640529	2	0	0
18	56000001	0.632667	0.640529	2	0	0
18	56500001	0.651163	0.640529	2	0	0
18	57000001	0.691414	0.640529	2	0	0
18	57500001	0.634778	0.640529	2	0	0
18	58000001	0.664185	0.640529	2	0	0
18	58500001	0.661881	0.640529	2	0	0
18	59000001	0.655907	0.640529	2	0	0
18	59500001	0.668077	0.640529	2	0	0
18	60000001	0.678073	0.640529	2	0	0
18	60500001	0.659218	0.640529	2	0	0
18	61000001	0.651036	0.640529	2	0	0
18	61500001	0.639334	0.640529	2	0	0
18	62000001	0.647286	0.640529	2	0	0
18	62500001	0.598463	0.640529	2	0	0
18	63000001	0.624486	0.640529	2	0	0
18	63500001	0.657523	0.640529	2	0	0
18	64000001	0.642354	0.640529	2	0	0
18	64500001	0.608866	0.640529	2	0	0
18	65000001	0.639177	0.640529	2	0	0
18	65500001	0.592422	0.640529	2	0	0
18	66000001	0.655003	0.640529	2	0	0
18	66500001	0.638471	0.640529	2	0	0
18	67000001	0.654572	0.640529	2	0	0
18	67500001	0.659224	0.640529	2	0	0
18	68000001	0.640529	0.640529	2	0	0
18	68500001	0.653615	0.640529	2	0	0
18	69000001	0.660537	0.640529	2	0	0
18	69500001	0.626672	0.640529	2	0	0
18	70000001	0.65501	0.640529	2	0	0
18	70500001	0.655361	0.640529	2	0	0
18	71000001	0.656569	0.640529	2	0	0
18	71500001	0.637758	0.640529	2	0	0
18	72000001	0.650223	0.640529	2	0	0
18	72500001	0.615201	0.640529	2	0	0
18	73000001	0.65255	0.640529	2	0	0
18	73500001	0.638284	0.640529	2	0	0
18	74000001	0.614037	0.640529	2	0	0
18	74500001	0.585482	0.640529	2	0	0
18	75000001	0.594705	0.640529	2	0	0
18	75500001	0.648256	0.640529	2	0	0
18	76000001	0.59822	0.640529	2	0	0
18	76500001	0.589451	0.640529	2	0	0
18	77000001	0.6285	0.640529	2	0	0
18	77500001	0.616381	0.640529	2	0	0
18	78000001	0.584424	0.640529	2	0	0
18	78500001	0.576928	0.640529	2	0	0
18	79000001	0.603107	0.640529	2	0	0
18	79500001	0.588832	0.640529	2	0	0
18	80000001	-1	-1	-1	0	0
19	1	0.945697	0.971615	3	0	0
19	500001	0.928387	0.971615	3	0	0
19	1000001	0.954966	0.971615	3	0	0
19	1500001	0.940557	0.971615	3	0	0
19	2000001	0.997013	0.971615	3	0	0
19	2500001	0.969176	0.971615	3	0	0
19	3000001	0.970688	0.971615	3	0	0
19	3500001	1.01393	0.971615	3	0	0
19	4000001	0.998859	0.971615	3	0	0
19	4500001	0.943154	0.971615	3	0	0
19	5000001	1.06965	0.971615	3	0	0
19	5500001	0.964572	0.971615	3	0	0
19	6000001	0.97188	0.971615	3	0	0
19	6500001	0.968903	0.971615	3	0	0
19	7000001	1.01759	0.971615	3	0	0
19	7500001	1.02815	0.971615	3	0	0
19	8000001	0.960886	0.971615	3	0	0
19	8500001	1.33523	0.971615	3	0	0
19	9000001	0.90649	0.971615	3	0	0
19	9500001	0.962326	0.971615	3	0	0
19	10000001	0.98221	0.971615	3	0	0
19	10500001	0.944763	0.971615	3	0	0
19	11000001	0.981187	0.971615	3	0	0
19	11500001	0.920215	0.971615	3	0	0
19	12000001	0.962385	0.971615	3	0	0
19	12500001	0.930421	0.971615	3	0	0
19	13000001	0.999061	0.971615	3	0	0
19	13500001	0.979672	0.971615	3	0	0
19	14000001	0.971323	0.971615	3	0	0
19	14500001	0.999138	0.971615	3	0	0
19	15000001	0.94501	0.971615	3	0	0
19	15500001	1.03758	0.971615	3	0	0
19	16000001	0.981841	0.971615	3	0	0
19	16500001	0.997007	0.971615	3	0	0
19	17000001	0.97135	0.971615	3	0	0
19	17500001	0.934711	0.971615	3	0	0
19	18000001	0.979102	0.971615	3	0	0
19	18500001	0.9899	0.971615	3	0	0
19	19000001	1.05617	0.971615	3	0	0
19	19500001	0.961337	0.971615	3	0	0
19	20000001	0.953925	0.971615	3	0	0
19	20500001	0.990329	0.971615	3	0	0
19	21000001	0.982585	0.971615	3	0	0
19	21500001	1.02203	0.971615	3	0	0
19	22000001	0.970929	0.971615	3	0	0
19	22500001	0.958498	0.971615	3	0	0
19	23000001	0.939303	0.971615	3	0	0
19	23500001	1.03406	0.971615	3	0	0
19	24000001	1.27134	0.971615	3	0	0
19	24500001	1.02186	0.971615	3	0	0
19	25000001	1.27039	1.50643	5	0	0
19	25500001	1.50643	1.50643	5	0	0
19	26000001	1.5442	1.50643	5	0	0
19	26500001	2.12296	2.12296	6	0	0
19	27000001	2.98555	2.98555	9	0	0
19	27500001	1.00938	1.00866	3	0	0
19	28000001	1.03083	1.00866	3	0	0
19	28500001	1.02173	1.00866	3	0	0
19	29000001	1.03981	1.00866	3	0	0
19	29500001	0.982167	1.00866	3	0	0
19	30000001	1.01442	1.00866	3	0	0
19	30500001	0.983823	1.00866	3	0	0
19	31000001	0.995948	1.00866	3	0	0
19	31500001	1.00793	1.00866	3	0	0
19	32000001	0.976224	1.00866	3	0	0
19	32500001	0.973214	1.00866	3	0	0
19	33000001	0.964891	1.00866	3	0	0
19	33500001	1.05539	1.00866	3	0	0
19	34000001	1.02916	1.00866	3	0	0
19	34500001	1.0432	1.00866	3	0	0
19	35000001	1.0118	1.00866	3	0	0
19	35500001	1.0024	1.00866	3	0	0
19	36000001	1.19635	1.00866	3	0	0
19	36500001	0.935285	1.00866	3	0	0
19	37000001	1.05931	1.00866	3	0	0
19	37500001	0.985585	1.00866	3	0	0
19	38000001	1.01005	1.00866	3	0	0
19	38500001	0.967274	1.00866	3	0	0
19	39000001	1.04039	1.00866	3	0	0
19	39500001	1.08625	1.00866	3	0	0
19	40000001	0.944365	1.00866	3	0	0
19	40500001	1.04217	1.00866	3	0	0
19	41000001	0.991359	1.00866	3	0	0
19	41500001	1.05684	1.00866	3	0	0
19	42000001	1.00135	1.00866	3	0	0
19	42500001	1.01872	1.00866	3	0	0
19	43000001	1.07237	1.00866	3	0	0
19	43500001	1.02472	1.00866	3	0	0
19	44000001	1.03287	1.00866	3	0	0
19	44500001	1.00046	1.00866	3	0	0
19	45000001	1.01389	1.00866	3	0	0
19	45500001	1.03307	1.00866	3	0	0
19	46000001	1.02163	1.00866	3	0	0
19	46500001	1.02052	1.00866	3	0	0
19	47000001	0.979214	1.00866	3	0	0
19	47500001	1.25669	1.00866	3	0	0
19	48000001	0.990915	1.00866	3	0	0
19	48500001	1.00115	1.00866	3	0	0
19	49000001	0.991063	1.00866	3	0	0
19	49500001	1.0451	1.00866	3	0	0
19	50000001	1.19617	1.00866	3	0	0
19	50500001	0.918537	1.00866	3	0	0
19	51000001	0.981052	1.00866	3	0	0
19	51500001	1.0269	1.00866	3	0	0
19	52000001	0.950172	1.00866	3	0	0
19	52500001	0.994212	1.00866	3	0	0
19	53000001	0.938611	1.00866	3	0	0
19	53500001	0.949638	1.00866	3	0	0
19	54000001	0.976439	1.00866	3	0	0
19	54500001	1.01408	1.00866	3	0	0
19	55000001	0.985172	1.00866	3	0	0
19	55500001	1.01189	1.00866	3	0	0
19	56000001	0.954548	1.00866	3	0	0
19	56500001	0.957273	1.00866	3	0	0
19	57000001	1.00309	1.00866	3	0	0
19	57500001	1.02749	1.02749	3	0	0
19	58000001	1.09408	1.02749	3	0	0
19	58500001	0.261473	1.02749	3	0	0
2	1	0.722839	0.7362	2	0	0
2	500001	0.699987	0.7362	2	0	0
2	1000001	0.739166	0.7362	2	0	0
2	1500001	0.671792	0.7362	2	0	0
2	2000001	0.702872	0.7362	2	0	0
2	2500001	0.727713	0.7362	2	0	0
2	3000001	0.696054	0.7362	2	0	0
2	3500001	0.711096	0.7362	2	0	0
2	4000001	0.703135	0.7362	2	0	0
2	4500001	0.762556	0.7362	2	0	0
2	5000001	0.674648	0.7362	2	0	0
2	5500001	0.724898	0.7362	2	0	0
2	6000001	0.699152	0.7362	2	0	0
2	6500001	0.741448	0.7362	2	0	0
2	7000001	0.724828	0.7362	2	0	0
2	7500001	0.71774	0.7362	2	0	0
2	8000001	0.74635	0.7362	2	0	0
2	8500001	0.717913	0.7362	2	0	0
2	9000001	0.726765	0.7362	2	0	0
2	9500001	0.762234	0.7362	2	0	0
2	10000001	0.770886	0.7362	2	0	0
2	10500001	0.732352	0.7362	2	0	0
2	11000001	0.718257	0.7362	2	0	0
2	11500001	0.75017	0.7362	2	0	0
2	12000001	0.713539	0.7362	2	0	0
2	12500001	0.749303	0.7362	2	0	0
2	13000001	0.743008	0.7362	2	0	0
2	13500001	0.727029	0.7362	2	0	0
2	14000001	0.7406	0.7362	2	0	0
2	14500001	0.740921	0.7362	2	0	0
2	15000001	0.724723	0.7362	2	0	0
2	15500001	0.709454	0.7362	2	0	0
2	16000001	0.663627	0.7362	2	0	0
2	16500001	0.73444	0.7362	2	0	0
2	17000001	0.703219	0.7362	2	0	0
2	17500001	0.749826	0.7362	2	0	0
2	18000001	0.733274	0.7362	2	0	0
2	18500001	0.753655	0.7362	2	0	0
2	19000001	0.753509	0.7362	2	0	0
2	19500001	0.778692	0.7362	2	0	0
2	20000001	0.77416	0.7362	2	0	0
2	20500001	0.762037	0.7362	2	0	0
2	21000001	0.721683	0.7362	2	0	0
2	21500001	0.739708	0.7362	2	0	0
2	22000001	0.742838	0.7362	2	0	0
2	22500001	0.736496	0.7362	2	0	0
2	23000001	0.739138	0.7362	2	0	0
2	23500001	0.739748	0.7362	2	0	0
2	24000001	0.689917	0.7362	2	0	0
2	24500001	0.723066	0.7362	2	0	0
2	25000001	0.698695	0.7362	2	0	0
2	25500001	0.743581	0.7362	2	0	0
2	26000001	0.722766	0.7362	2	0	0
2	26500001	0.726692	0.7362	2	0	0
2	27000001	0.747723	0.7362	2	0	0
2	27500001	0.715861	0.7362	2	0	0
2	28000001	0.778956	0.7362	2	0	0
2	28500001	0.740462	0.7362	2	0	0
2	29000001	0.770324	0.7362	2	0	0
2	29500001	0.773087	0.7362	2	0	0
2	30000001	0.761863	0.7362	2	0	0
2	30500001	0.757129	0.7362	2	0	0
2	31000001	0.731858	0.7362	2	0	0
2	31500001	0.737487	0.7362	2	0	0
2	32000001	0.67777	0.7362	2	0	0
2	32500001	0.708186	0.7362	2	0	0
2	33000001	0.722399	0.7362	2	0	0
2	33500001	0.720238	0.7362	2	0	0
2	34000001	0.714697	0.7362	2	0	0
2	34500001	0.724907	0.7362	2	0	0
2	35000001	0.759903	0.7362	2	0	0
2	35500001	0.769029	0.7362	2	0	0
2	36000001	0.774625	0.7362	2	0	0
2	36500001	0.720557	0.7362	2	0	0
2	37000001	0.74867	0.7362	2	0	0
2	37500001	0.785859	0.7362	2	0	0
2	38000001	0.761533	0.7362	2	0	0
2	38500001	0.736014	0.7362	2	0	0
2	39000001	0.726762	0.7362	2	0	0
2	39500001	0.743385	0.7362	2	0	0
2	40000001	0.745106	0.7362	2	0	0
2	40500001	0.777221	0.7362	2	0	0
2	41000001	0.759656	0.7362	2	0	0
2	41500001	0.762189	0.7362	2	0	0
2	42000001	0.719561	0.7362	2	0	0
2	42500001	0.736957	0.7362	2	0	0
2	43000001	0.751687	0.7362	2	0	0
2	43500001	0.717017	0.7362	2	0	0
2	44000001	0.703267	0.7362	2	0	0
2	44500001	0.737711	0.7362	2	0	0
2	45000001	0.762764	0.7362	2	0	0
2	45500001	0.765181	0.7362	2	0	0
2	46000001	0.771202	0.7362	2	0	0
2	46500001	0.743138	0.7362	2	0	0
2	47000001	0.749231	0.7362	2	0	0
2	47500001	0.684174	0.7362	2	0	0
2	48000001	0.770281	0.7362	2	0	0
2	48500001	0.715881	0.7362	2	0	0
2	49000001	0.735303	0.7362	2	0	0
2	49500001	0.710328	0.7362	2	0	0
2	50000001	0.770485	0.7362	2	0	0
2	50500001	0.772511	0.7362	2	0	0
2	51000001	0.726537	0.7362	2	0	0
2	51500001	0.734533	0.7362	2	0	0
2	52000001	0.71636	0.7362	2	0	0
2	52500001	0.723339	0.7362	2	0	0
2	53000001	0.729125	0.7362	2	0	0
2	53500001	0.712822	0.7362	2	0	0
2	54000001	0.76236	0.7362	2	0	0
2	54500001	0.755274	0.7362	2	0	0
2	55000001	0.729244	0.7362	2	0	0
2	55500001	0.738751	0.7362	2	0	0
2	56000001	0.785224	0.7362	2	0	0
2	56500001	0.758819	0.7362	2	0	0
2	57000001	0.752005	0.7362	2	0	0
2	57500001	0.753799	0.7362	2	0	0
2	58000001	0.730292	0.7362	2	0	0
2	58500001	0.732355	0.7362	2	0	0
2	59000001	0.708426	0.7362	2	0	0
2	59500001	0.764141	0.7362	2	0	0
2	60000001	0.757808	0.7362	2	0	0
2	60500001	0.718653	0.7362	2	0	0
2	61000001	0.687567	0.7362	2	0	0
2	61500001	0.719883	0.7362	2	0	0
2	62000001	0.743529	0.7362	2	0	0
2	62500001	0.791923	0.7362	2	0	0
2	63000001	0.730012	0.7362	2	0	0
2	63500001	0.738137	0.7362	2	0	0
2	64000001	0.703682	0.7362	2	0	0
2	64500001	0.786312	0.7362	2	0	0
2	65000001	0.758811	0.7362	2	0	0
2	65500001	0.741581	0.7362	2	0	0
2	66000001	0.743787	0.7362	2	0	0
2	66500001	0.719332	0.7362	2	0	0
2	67000001	0.746107	0.7362	2	0	0
2	67500001	0.735168	0.7362	2	0	0
2	68000001	0.720999	0.7362	2	0	0
2	68500001	0.775939	0.7362	2	0	0
2	69000001	0.777887	0.7362	2	0	0
2	69500001	0.794439	0.7362	2	0	0
2	70000001	0.734626	0.7362	2	0	0
2	70500001	0.737502	0.7362	2	0	0
2	71000001	0.745484	0.7362	2	0	0
2	71500001	0.729247	0.7362	2	0	0
2	72000001	0.751169	0.7362	2	0	0
2	72500001	0.718635	0.7362	2	0	0
2	73000001	0.717925	0.7362	2	0	0
2	73500001	0.745704	0.7362	2	0	0
2	74000001	0.729133	0.7362	2	0	0
2	74500001	0.767315	0.7362	2	0	0
2	75000001	0.748665	0.7362	2	0	0
2	75500001	0.7362	0.7362	2	0	0
2	76000001	0.778115	0.7362	2	0	0
2	76500001	0.740079	0.7362	2	0	0
2	77000001	0.71447	0.7362	2	0	0
2	77500001	0.750897	0.7362	2	0	0
2	78000001	0.674101	0.7362	2	0	0
2	78500001	0.703077	0.7362	2	0	0
2	79000001	0.696724	0.7362	2	0	0
2	79500001	0.73013	0.7362	2	0	0
2	80000001	0.750221	0.7362	2	0	0
2	80500001	0.724575	0.7362	2	0	0
2	81000001	0.755169	0.7362	2	0	0
2	81500001	0.709327	0.7362	2	0	0
2	82000001	0.713479	0.7362	2	0	0
2	82500001	0.69481	0.7362	2	0	0
2	83000001	0.698733	0.7362	2	0	0
2	83500001	0.725874	0.7362	2	0	0
2	84000001	0.791244	0.7362	2	0	0
2	84500001	0.729076	0.7362	2	0	0
2	85000001	0.725154	0.7362	2	0	0
2	85500001	1.19495	1.23294	4	0	0
2	86000001	1.35631	1.23294	4	0	0
2	86500001	1.23294	1.23294	4	0	0
2	87000001	1.36571	1.23294	4	0	0
2	87500001	1.21323	1.23294	4	0	0
2	88000001	1.11961	1.07551	3	0	0
2	88500001	1.0314	1.07551	3	0	0
2	89000001	-1	-1	-1	0	0
2	89500001	-1	-1	-1	0	0
2	90000001	-1	-1	-1	0	0
2	90500001	-1	-1	-1	0	0
2	91000001	-1	-1	-1	0	0
2	91500001	1.28586	1.43133	4	0	0
2	92000001	1.43133	1.43133	4	0	0
2	92500001	1.43142	1.43133	4	0	0
2	93000001	0.738243	0.73614	2	0	0
2	93500001	0.734037	0.73614	2	0	0
2	94000001	-1	-1	-1	0	0
2	94500001	1.00174	0.962873	3	0	0
2	95000001	1.03939	0.962873	3	0	0
2	95500001	1.05809	0.962873	3	0	0
2	96000001	0.982131	0.962873	3	0	0
2	96500001	0.955018	0.962873	3	0	0
2	97000001	1.04624	0.962873	3	0	0
2	97500001	0.963068	0.962873	3	0	0
2	98000001	0.96874	0.962873	3	0	0
2	98500001	0.955395	0.962873	3	0	0
2	99000001	0.949408	0.962873	3	0	0
2	99500001	0.985475	0.962873	3	0	0
2	100000001	0.976898	0.962873	3	0	0
2	100500001	0.98596	0.962873	3	0	0
2	101000001	0.992624	0.962873	3	0	0
2	101500001	0.947101	0.962873	3	0	0
2	102000001	0.976854	0.962873	3	0	0
2	102500001	0.984694	0.962873	3	0	0
2	103000001	0.919791	0.962873	3	0	0
2	103500001	0.984211	0.962873	3	0	0
2	104000001	0.94051	0.962873	3	0	0
2	104500001	0.92193	0.962873	3	0	0
2	105000001	0.949641	0.962873	3	0	0
2	105500001	0.934948	0.962873	3	0	0
2	106000001	0.900039	0.962873	3	0	0
2	106500001	0.948104	0.962873	3	0	0
2	107000001	0.943532	0.962873	3	0	0
2	107500001	0.919494	0.962873	3	0	0
2	108000001	0.962873	0.962873	3	0	0
2	108500001	0.937564	0.962873	3	0	0
2	109000001	1.06597	0.962873	3	0	0
2	109500001	0.876922	0.962873	3	0	0
2	110000001	0.944107	0.962873	3	0	0
2	110500001	0.926397	0.962873	3	0	0
2	111000001	1.06704	0.962873	3	0	0
2	111500001	0.985121	0.962873	3	0	0
2	112000001	0.985851	0.962873	3	0	0
2	112500001	1.01187	0.962873	3	0	0
2	113000001	1.01834	0.962873	3	0	0
2	113500001	1.0104	0.962873	3	0	0
2	114000001	1.02994	0.962873	3	0	0
2	114500001	0.933978	0.962873	3	0	0
2	115000001	0.950716	0.962873	3	0	0
2	115500001	0.942362	0.962873	3	0	0
2	116000001	0.919054	0.962873	3	0	0
2	116500001	0.899597	0.962873	3	0	0
2	117000001	0.980865	0.962873	3	0	0
2	117500001	0.991322	0.962873	3	0	0
2	118000001	0.984388	0.962873	3	0	0
2	118500001	0.978072	0.962873	3	0	0
2	119000001	0.963129	0.962873	3	0	0
2	119500001	0.923177	0.962873	3	0	0
2	120000001	0.975053	0.962873	3	0	0
2	120500001	0.986179	0.962873	3	0	0
2	121000001	0.90841	0.962873	3	0	0
2	121500001	0.939014	0.962873	3	0	0
2	122000001	0.970368	0.962873	3	0	0
2	122500001	0.936936	0.962873	3	0	0
2	123000001	1.00923	0.962873	3	0	0
2	123500001	0.931948	0.962873	3	0	0
2	124000001	0.928218	0.962873	3	0	0
2	124500001	0.939112	0.962873	3	0	0
2	125000001	0.931112	0.962873	3	0	0
2	125500001	1.00038	0.962873	3	0	0
2	126000001	0.93408	0.962873	3	0	0
2	126500001	0.952294	0.962873	3	0	0
2	127000001	0.943057	0.962873	3	0	0
2	127500001	0.90804	0.962873	3	0	0
2	128000001	0.913867	0.962873	3	0	0
2	128500001	0.946238	0.962873	3	0	0
2	129000001	0.927424	0.962873	3	0	0
2	129500001	0.933593	0.962873	3	0	0
2	130000001	0.949429	0.962873	3	0	0
2	130500001	0.932119	0.962873	3	0	0
2	131000001	0.940085	0.962873	3	0	0
2	131500001	0.891752	0.962873	3	0	0
2	132000001	1.00275	0.962873	3	0	0
2	132500001	0.971584	0.962873	3	0	0
2	133000001	0.983018	0.962873	3	0	0
2	133500001	0.943031	0.962873	3	0	0
2	134000001	0.969411	0.962873	3	0	0
2	134500001	0.959906	0.962873	3	0	0
2	135000001	0.905735	0.962873	3	0	0
2	135500001	0.947143	0.962873	3	0	0
2	136000001	0.969869	0.962873	3	0	0
2	136500001	0.929533	0.962873	3	0	0
2	137000001	0.979971	0.962873	3	0	0
2	137500001	0.997589	0.962873	3	0	0
2	138000001	0.960953	0.962873	3	0	0
2	138500001	0.969807	0.962873	3	0	0
2	139000001	1.01308	0.962873	3	0	0
2	139500001	0.978984	0.962873	3	0	0
2	140000001	0.992367	0.962873	3	0	0
2	140500001	0.964529	0.962873	3	0	0
2	141000001	0.996412	0.962873	3	0	0
2	141500001	0.982759	0.962873	3	0	0
2	142000001	0.970549	0.962873	3	0	0
2	142500001	0.993503	0.962873	3	0	0
2	143000001	0.969006	0.962873	3	0	0
2	143500001	0.973061	0.962873	3	0	0
2	144000001	0.95247	0.962873	3	0	0
2	144500001	0.948578	0.962873	3	0	0
2	145000001	1.00332	1.0043	3	0	0
2	145500001	1.05414	1.0043	3	0	0
2	146000001	1.03045	1.0043	3	0	0
2	146500001	1.00389	1.0043	3	0	0
2	147000001	0.975408	1.0043	3	0	0
2	147500001	0.972487	1.0043	3	0	0
2	148000001	0.996924	1.0043	3	0	0
2	148500001	0.970649	1.0043	3	0	0
2	149000001	0.991114	1.0043	3	0	0
2	149500001	1.04447	1.0043	3	0	0
2	150000001	1.00052	1.0043	3	0	0
2	150500001	1.02754	1.0043	3	0	0
2	151000001	0.980471	1.0043	3	0	0
2	151500001	1.02554	1.0043	3	0	0
2	152000001	0.9798	1.0043	3	0	0
2	152500001	1.01101	1.0043	3	0	0
2	153000001	0.971181	1.0043	3	0	0
2	153500001	0.961133	1.0043	3	0	0
2	154000001	0.967118	1.0043	3	0	0
2	154500001	0.99234	1.0043	3	0	0
2	155000001	1.04749	1.0043	3	0	0
2	155500001	1.0114	1.0043	3	0	0
2	156000001	0.967005	1.0043	3	0	0
2	156500001	1.02167	1.0043	3	0	0
2	157000001	1.02848	1.0043	3	0	0
2	157500001	0.994218	1.0043	3	0	0
2	158000001	1.06702	1.0043	3	0	0
2	158500001	0.997496	1.0043	3	0	0
2	159000001	0.98165	1.0043	3	0	0
2	159500001	0.991253	1.0043	3	0	0
2	160000001	1.01907	1.0043	3	0	0
2	160500001	1.02625	1.0043	3	0	0
2	161000001	1.0039	1.0043	3	0	0
2	161500001	1.02681	1.0043	3	0	0
2	162000001	1.01968	1.0043	3	0	0
2	162500001	1.01157	1.0043	3	0	0
2	163000001	1.03071	1.0043	3	0	0
2	163500001	1.03001	1.0043	3	0	0
2	164000001	1.01628	1.0043	3	0	0
2	164500001	0.995545	1.0043	3	0	0
2	165000001	0.973257	1.0043	3	0	0
2	165500001	0.970192	1.0043	3	0	0
2	166000001	0.976286	1.0043	3	0	0
2	166500001	1.02147	1.0043	3	0	0
2	167000001	1.0041	1.0043	3	0	0
2	167500001	1.0301	1.0043	3	0	0
2	168000001	0.98741	1.0043	3	0	0
2	168500001	1.00875	1.0043	3	0	0
2	169000001	0.969997	1.0043	3	0	0
2	169500001	0.975903	1.0043	3	0	0
2	170000001	1.00451	1.0043	3	0	0
2	170500001	0.959427	1.0043	3	0	0
2	171000001	0.986245	1.0043	3	0	0
2	171500001	1.00795	1.0043	3	0	0
2	172000001	1.00938	1.0043	3	0	0
2	172500001	0.972071	1.0043	3	0	0
2	173000001	1.01973	1.0043	3	0	0
2	173500001	1.04895	1.0043	3	0	0
2	174000001	0.974026	1.0043	3	0	0
2	174500001	1.01184	1.0043	3	0	0
2	175000001	1.01957	1.0043	3	0	0
2	175500001	0.982998	1.0043	3	0	0
2	176000001	0.964426	1.0043	3	0	0
2	176500001	1.05042	1.0043	3	0	0
2	177000001	1.03412	1.0043	3	0	0
2	177500001	1.02831	1.0043	3	0	0
2	178000001	1.03286	1.0043	3	0	0
2	178500001	1.02674	1.0043	3	0	0
2	179000001	0.964011	1.0043	3	0	0
2	179500001	1.0196	1.0043	3	0	0
2	180000001	1.04654	1.0043	3	0	0
2	180500001	1.00359	1.0043	3	0	0
2	181000001	1.00915	1.0043	3	0	0
2	181500001	1.06861	1.0043	3	0	0
2	182000001	1.03763	1.0043	3	0	0
2	182500001	1.05527	1.0043	3	0	0
2	183000001	1.00776	1.0043	3	0	0
2	183500001	0.964224	1.0043	3	0	0
2	184000001	0.974968	1.0043	3	0	0
2	184500001	1.02212	1.0043	3	0	0
2	185000001	0.962875	1.0043	3	0	0
2	185500001	1.01901	1.0043	3	0	0
2	186000001	1.03215	1.0043	3	0	0
2	186500001	1.02319	1.0043	3	0	0
2	187000001	1.00189	1.0043	3	0	0
2	187500001	1.05442	1.0043	3	0	0
2	188000001	0.995111	1.0043	3	0	0
2	188500001	1.04127	1.0043	3	0	0
2	189000001	1.01423	1.0043	3	0	0
2	189500001	1.01063	1.0043	3	0	0
2	190000001	0.963859	1.0043	3	0	0
2	190500001	1.03808	1.0043	3	0	0
2	191000001	1.03586	1.0043	3	0	0
2	191500001	1.03917	1.0043	3	0	0
2	192000001	1.03283	1.0043	3	0	0
2	192500001	1.03552	1.0043	3	0	0
2	193000001	0.987754	1.0043	3	0	0
2	193500001	0.994417	1.0043	3	0	0
2	194000001	1.00063	1.0043	3	0	0
2	194500001	1.01527	1.0043	3	0	0
2	195000001	1.05222	1.0043	3	0	0
2	195500001	0.998909	1.0043	3	0	0
2	196000001	1.00899	1.0043	3	0	0
2	196500001	0.988491	1.0043	3	0	0
2	197000001	0.99206	1.0043	3	0	0
2	197500001	0.999886	1.0043	3	0	0
2	198000001	0.990576	1.0043	3	0	0
2	198500001	0.991471	1.0043	3	0	0
2	199000001	0.975263	1.0043	3	0	0
2	199500001	0.976124	1.0043	3	0	0
2	200000001	1.01609	1.0043	3	0	0
2	200500001	1.02894	1.0043	3	0	0
2	201000001	0.979529	1.0043	3	0	0
2	201500001	0.980588	1.0043	3	0	0
2	202000001	0.913949	1.0043	3	0	0
2	202500001	0.907652	1.0043	3	0	0
2	203000001	0.97587	1.0043	3	0	0
2	203500001	1.00159	1.0043	3	0	0
2	204000001	1.04324	1.0043	3	0	0
2	204500001	0.969728	1.0043	3	0	0
2	205000001	0.863969	0.863969	3	0	0
2	205500001	0.720027	0.68718	2	0	0
2	206000001	0.649407	0.68718	2	0	0
2	206500001	0.713333	0.68718	2	0	0
2	207000001	0.708854	0.68718	2	0	0
2	207500001	0.65911	0.68718	2	0	0
2	208000001	0.644943	0.68718	2	0	0
2	208500001	0.705812	0.68718	2	0	0
2	209000001	0.705605	0.68718	2	0	0
2	209500001	0.688117	0.68718	2	0	0
2	210000001	0.684054	0.68718	2	0	0
2	210500001	0.680745	0.68718	2	0	0
2	211000001	0.675632	0.68718	2	0	0
2	211500001	0.690664	0.68718	2	0	0
2	212000001	0.655355	0.68718	2	0	0
2	212500001	0.694596	0.68718	2	0	0
2	213000001	0.680369	0.68718	2	0	0
2	213500001	0.711083	0.68718	2	0	0
2	214000001	0.702252	0.68718	2	0	0
2	214500001	0.703793	0.68718	2	0	0
2	215000001	0.683244	0.68718	2	0	0
2	215500001	0.698354	0.68718	2	0	0
2	216000001	0.710393	0.68718	2	0	0
2	216500001	0.7108	0.68718	2	0	0
2	217000001	0.663473	0.68718	2	0	0
2	217500001	0.712818	0.68718	2	0	0
2	218000001	0.67406	0.68718	2	0	0
2	218500001	0.70895	0.68718	2	0	0
2	219000001	0.707833	0.68718	2	0	0
2	219500001	0.709677	0.68718	2	0	0
2	220000001	0.70641	0.68718	2	0	0
2	220500001	0.6585	0.68718	2	0	0
2	221000001	0.665192	0.68718	2	0	0
2	221500001	0.661959	0.68718	2	0	0
2	222000001	0.65307	0.68718	2	0	0
2	222500001	0.635479	0.68718	2	0	0
2	223000001	0.701755	0.68718	2	0	0
2	223500001	0.693202	0.68718	2	0	0
2	224000001	0.707194	0.68718	2	0	0
2	224500001	0.668991	0.68718	2	0	0
2	225000001	0.670429	0.68718	2	0	0
2	225500001	0.684306	0.68718	2	0	0
2	226000001	0.717769	0.68718	2	0	0
2	226500001	0.701268	0.68718	2	0	0
2	227000001	0.689606	0.68718	2	0	0
2	227500001	0.673977	0.68718	2	0	0
2	228000001	0.687338	0.68718	2	0	0
2	228500001	0.704973	0.68718	2	0	0
2	229000001	0.690175	0.68718	2	0	0
2	229500001	0.654896	0.68718	2	0	0
2	230000001	0.669056	0.68718	2	0	0
2	230500001	0.693182	0.68718	2	0	0
2	231000001	0.723381	0.68718	2	0	0
2	231500001	0.696671	0.68718	2	0	0
2	232000001	0.652	0.68718	2	0	0
2	232500001	0.686827	0.68718	2	0	0
2	233000001	0.681478	0.68718	2	0	0
2	233500001	0.737321	0.68718	2	0	0
2	234000001	0.687022	0.68718	2	0	0
2	234500001	0.686995	0.68718	2	0	0
2	235000001	0.665773	0.68718	2	0	0
2	235500001	0.635976	0.68718	2	0	0
2	236000001	0.681767	0.68718	2	0	0
2	236500001	0.671298	0.68718	2	0	0
2	237000001	0.714426	0.68718	2	0	0
2	237500001	0.67828	0.68718	2	0	0
2	238000001	0.674235	0.68718	2	0	0
2	238500001	0.691006	0.68718	2	0	0
2	239000001	0.674148	0.68718	2	0	0
2	239500001	0.627093	0.657722	2	0	0
2	240000001	0.657325	0.657722	2	0	0
2	240500001	0.709434	0.657722	2	0	0
2	241000001	0.664623	0.657722	2	0	0
2	241500001	0.65812	0.657722	2	0	0
2	242000001	0.295956	0.657722	2	0	0
20	1	1.03368	1.02702	3	0	0
20	500001	1.06725	1.02702	3	0	0
20	1000001	1.1208	1.02702	3	0	0
20	1500001	0.972569	1.02702	3	0	0
20	2000001	1.04241	1.02702	3	0	0
20	2500001	1.02447	1.02702	3	0	0
20	3000001	1.00878	1.02702	3	0	0
20	3500001	0.974791	1.02702	3	0	0
20	4000001	1.1133	1.02702	3	0	0
20	4500001	1.0558	1.02702	3	0	0
20	5000001	1.09799	1.02702	3	0	0
20	5500001	0.982506	1.02702	3	0	0
20	6000001	1.04779	1.02702	3	0	0
20	6500001	0.992996	1.02702	3	0	0
20	7000001	1.0295	1.02702	3	0	0
20	7500001	1.03636	1.02702	3	0	0
20	8000001	1.02821	1.02702	3	0	0
20	8500001	0.992721	1.02702	3	0	0
20	9000001	1.04993	1.02702	3	0	0
20	9500001	1.00247	1.02702	3	0	0
20	10000001	1.02918	1.02702	3	0	0
20	10500001	1.07721	1.02702	3	0	0
20	11000001	1.07855	1.02702	3	0	0
20	11500001	1.03755	1.02702	3	0	0
20	12000001	1.06024	1.02702	3	0	0
20	12500001	1.00974	1.02702	3	0	0
20	13000001	1.00232	1.02702	3	0	0
20	13500001	1.00975	1.02702	3	0	0
20	14000001	1.01508	1.02702	3	0	0
20	14500001	0.975953	1.02702	3	0	0
20	15000001	1.01007	1.02702	3	0	0
20	15500001	0.987059	1.02702	3	0	0
20	16000001	0.994166	1.02702	3	0	0
20	16500001	0.979643	1.02702	3	0	0
20	17000001	1.03683	1.02702	3	0	0
20	17500001	1.07281	1.02702	3	0	0
20	18000001	1.02312	1.02702	3	0	0
20	18500001	0.979378	1.02702	3	0	0
20	19000001	1.01063	1.02702	3	0	0
20	19500001	1.0345	1.02702	3	0	0
20	20000001	1.00673	1.02702	3	0	0
20	20500001	0.977502	1.02702	3	0	0
20	21000001	1.00205	1.02702	3	0	0
20	21500001	0.982957	1.02702	3	0	0
20	22000001	1.0542	1.02702	3	0	0
20	22500001	1.06347	1.02702	3	0	0
20	23000001	0.990131	1.02702	3	0	0
20	23500001	1.02702	1.02702	3	0	0
20	24000001	1.05369	1.02702	3	0	0
20	24500001	1.08224	1.02702	3	0	0
20	25000001	1.03579	1.02702	3	0	0
20	25500001	1.00253	1.02702	3	0	0
20	26000001	1.12929	1.02702	3	0	0
20	26500001	1.55231	1.55231	5	0	0
20	27000001	1.59448	1.55231	5	0	0
20	27500001	1.43319	1.55231	5	0	0
20	28000001	1.22735	1.22735	4	0	0
20	28500001	2.2065	2.2065	7	0	0
20	29000001	1.6943	1.63338	5	0	0
20	29500001	1.59861	1.63338	5	0	0
20	30000001	-1	1.63338	5	0	0
20	30500001	1.63338	1.63338	5	0	0
20	31000001	-1	-1	-1	0	0
20	31500001	1.40099	1.3887	4	0	0
20	32000001	1.35203	1.3887	4	0	0
20	32500001	1.37973	1.3887	4	0	0
20	33000001	1.4167	1.3887	4	0	0
20	33500001	1.3417	1.3887	4	0	0
20	34000001	1.3476	1.3887	4	0	0
20	34500001	1.34366	1.3887	4	0	0
20	35000001	1.39053	1.3887	4	0	0
20	35500001	1.34791	1.3887	4	0	0
20	36000001	1.4213	1.3887	4	0	0
20	36500001	1.3445	1.3887	4	0	0
20	37000001	1.33329	1.3887	4	0	0
20	37500001	1.40464	1.3887	4	0	0
20	38000001	1.3935	1.3887	4	0	0
20	38500001	1.33626	1.3887	4	0	0
20	39000001	1.37595	1.3887	4	0	0
20	39500001	1.34326	1.3887	4	0	0
20	40000001	1.39792	1.3887	4	0	0
20	40500001	1.38794	1.3887	4	0	0
20	41000001	1.38946	1.3887	4	0	0
20	41500001	1.44652	1.3887	4	0	0
20	42000001	1.38509	1.3887	4	0	0
20	42500001	1.36176	1.3887	4	0	0
20	43000001	1.44384	1.3887	4	0	0
20	43500001	1.38656	1.3887	4	0	0
20	44000001	1.39392	1.3887	4	0	0
20	44500001	1.45568	1.3887	4	0	0
20	45000001	1.42149	1.3887	4	0	0
20	45500001	1.38414	1.3887	4	0	0
20	46000001	1.42822	1.3887	4	0	0
20	46500001	1.41211	1.3887	4	0	0
20	47000001	1.36075	1.3887	4	0	0
20	47500001	1.41358	1.3887	4	0	0
20	48000001	1.41457	1.3887	4	0	0
20	48500001	1.44399	1.3887	4	0	0
20	49000001	1.3661	1.3887	4	0	0
20	49500001	1.37475	1.3887	4	0	0
20	50000001	1.42451	1.3887	4	0	0
20	50500001	1.36486	1.3887	4	0	0
20	51000001	1.41401	1.3887	4	0	0
20	51500001	1.297	1.35638	4	0	0
20	52000001	1.28545	1.35638	4	0	0
20	52500001	1.3081	1.35638	4	0	0
20	53000001	1.3647	1.35638	4	0	0
20	53500001	1.30281	1.35638	4	0	0
20	54000001	1.3613	1.35638	4	0	0
20	54500001	1.37679	1.35638	4	0	0
20	55000001	1.28519	1.35638	4	0	0
20	55500001	1.32867	1.35638	4	0	0
20	56000001	1.37765	1.35638	4	0	0
20	56500001	1.24648	1.35638	4	0	0
20	57000001	1.40564	1.35638	4	0	0
20	57500001	1.40296	1.35638	4	0	0
20	58000001	1.37063	1.35638	4	0	0
20	58500001	1.38999	1.35638	4	0	0
20	59000001	1.41419	1.35638	4	0	0
20	59500001	1.36863	1.35638	4	0	0
20	60000001	1.34362	1.35638	4	0	0
20	60500001	1.30692	1.35638	4	0	0
20	61000001	1.35105	1.35638	4	0	0
20	61500001	1.37346	1.35638	4	0	0
20	62000001	1.34704	1.35638	4	0	0
20	62500001	1.35638	1.35638	4	0	0
20	63000001	1.3622	1.35638	4	0	0
20	63500001	1.30896	1.35638	4	0	0
20	64000001	-1	-1	-1	0	0
21	1	-1	-1	-1	0	0
21	500001	-1	-1	-1	0	0
21	1000001	-1	-1	-1	0	0
21	1500001	-1	-1	-1	0	0
21	2000001	-1	-1	-1	0	0
21	2500001	-1	-1	-1	0	0
21	3000001	-1	-1	-1	0	0
21	3500001	-1	-1	-1	0	0
21	4000001	-1	-1	-1	0	0
21	4500001	-1	-1	-1	0	0
21	5000001	-1	-1	-1	0	0
21	5500001	-1	-1	-1	0	0
21	6000001	-1	-1	-1	0	0
21	6500001	-1	-1	-1	0	0
21	7000001	-1	-1	-1	0	0
21	7500001	-1	-1	-1	0	0
21	8000001	-1	-1	-1	0	0
21	8500001	-1	-1	-1	0	0
21	9000001	-1	-1	-1	0	0
21	9500001	1.54657	1.66016	5	0	0
21	10000001	-1	1.66016	5	0	0
21	10500001	1.77376	1.66016	5	0	0
21	11000001	0.446612	0.563804	2	0	0
21	11500001	0.680996	0.563804	2	0	0
21	12000001	0.903496	1.09151	3	0	0
21	12500001	1.27952	1.09151	3	0	0
21	13000001	0.529416	0.609536	2	0	0
21	13500001	0.566515	0.609536	2	0	0
21	14000001	0.58998	0.609536	2	0	0
21	14500001	0.612428	0.609536	2	0	0
21	15000001	0.605963	0.609536	2	0	0
21	15500001	0.606644	0.609536	2	0	0
21	16000001	0.621853	0.609536	2	0	0
21	16500001	0.626281	0.609536	2	0	0
21	17000001	0.624097	0.609536	2	0	0
21	17500001	0.628392	0.609536	2	0	0
21	18000001	0.627468	0.609536	2	0	0
21	18500001	0.58761	0.609536	2	0	0
21	19000001	0.577703	0.609536	2	0	0
21	19500001	0.689133	0.609536	2	0	0
21	20000001	0.894015	0.887262	3	0	0
21	20500001	0.880106	0.887262	3	0	0
21	21000001	0.92163	0.887262	3	0	0
21	21500001	0.922529	0.887262	3	0	0
21	22000001	0.900403	0.887262	3	0	0
21	22500001	0.86151	0.887262	3	0	0
21	23000001	0.91466	0.887262	3	0	0
21	23500001	0.828064	0.887262	3	0	0
21	24000001	0.869217	0.887262	3	0	0
21	24500001	0.872903	0.887262	3	0	0
21	25000001	0.878047	0.887262	3	0	0
21	25500001	0.887262	0.887262	3	0	0
21	26000001	0.835845	0.887262	3	0	0
21	26500001	0.882063	0.887262	3	0	0
21	27000001	0.87244	0.887262	3	0	0
21	27500001	0.900732	0.887262	3	0	0
21	28000001	0.855862	0.887262	3	0	0
21	28500001	0.932082	0.887262	3	0	0
21	29000001	0.889414	0.887262	3	0	0
21	29500001	0.912047	0.887262	3	0	0
21	30000001	0.868164	0.887262	3	0	0
21	30500001	0.885051	0.887262	3	0	0
21	31000001	0.862874	0.887262	3	0	0
21	31500001	0.893801	0.887262	3	0	0
21	32000001	0.890376	0.887262	3	0	0
21	32500001	0.88003	0.887262	3	0	0
21	33000001	0.897207	0.887262	3	0	0
21	33500001	0.871689	0.887262	3	0	0
21	34000001	0.808994	0.887262	3	0	0
21	34500001	0.895886	0.887262	3	0	0
21	35000001	0.915577	0.887262	3	0	0
21	35500001	0.885982	0.887262	3	0	0
21	36000001	0.835992	0.887262	3	0	0
21	36500001	0.905932	0.887262	3	0	0
21	37000001	0.909265	0.887262	3	0	0
21	37500001	0.890392	0.887262	3	0	0
21	38000001	0.895821	0.887262	3	0	0
21	38500001	0.9236	0.887262	3	0	0
21	39000001	0.858275	0.887262	3	0	0
21	39500001	0.927552	0.887262	3	0	0
21	40000001	0.864167	0.887262	3	0	0
21	40500001	0.876491	0.887262	3	0	0
21	41000001	0.878928	0.887262	3	0	0
21	41500001	0.895622	0.887262	3	0	0
21	42000001	0.913058	0.887262	3	0	0
21	42500001	0.831593	0.849321	3	0	0
21	43000001	0.620442	0.849321	3	0	0
21	43500001	0.849321	0.849321	3	0	0
21	44000001	0.754873	0.849321	3	0	0
21	44500001	0.934118	0.849321	3	0	0
21	45000001	0.937514	0.849321	3	0	0
21	45500001	0.884046	0.849321	3	0	0
21	46000001	0.852132	0.849321	3	0	0
21	46500001	0.383866	0.849321	3	0	0
22	1	-1	-1	-1	0	0
22	500001	-1	-1	-1	0	0
22	1000001	-1	-1	-1	0	0
22	1500001	-1	-1	-1	0	0
22	2000001	-1	-1	-1	0	0
22	2500001	-1	-1	-1	0	0
22	3000001	-1	-1	-1	0	0
22	3500001	-1	-1	-1	0	0
22	4000001	-1	-1	-1	0	0
22	4500001	-1	-1	-1	0	0
22	5000001	-1	-1	-1	0	0
22	5500001	-1	-1	-1	0	0
22	6000001	-1	-1	-1	0	0
22	6500001	-1	-1	-1	0	0
22	7000001	-1	-1	-1	0	0
22	7500001	-1	-1	-1	0	0
22	8000001	-1	-1	-1	0	0
22	8500001	-1	-1	-1	0	0
22	9000001	-1	-1	-1	0	0
22	9500001	-1	-1	-1	0	0
22	10000001	-1	-1	-1	0	0
22	10500001	-1	-1	-1	0	0
22	11000001	-1	-1	-1	0	0
22	11500001	-1	-1	-1	0	0
22	12000001	-1	-1	-1	0	0
22	12500001	-1	-1	-1	0	0
22	13000001	0.44572	0.44572	1	0	0
22	13500001	0.733403	0.733403	2	0	0
22	14000001	1.00185	1.04524	3	0	0
22	14500001	1.08863	1.04524	3	0	0
22	15000001	-1	-1	-1	0	0
22	15500001	1.29022	1.29022	4	0	0
22	16000001	0.717445	0.694407	2	0	0
22	16500001	0.667902	0.694407	2	0	0
22	17000001	0.656087	0.694407	2	0	0
22	17500001	0.708066	0.694407	2	0	0
22	18000001	-1	0.694407	2	0	0
22	18500001	0.699847	0.694407	2	0	0
22	19000001	0.671487	0.694407	2	0	0
22	19500001	0.64636	0.694407	2	0	0
22	20000001	0.694475	0.694407	2	0	0
22	20500001	0.675391	0.694407	2	0	0
22	21000001	0.592368	0.694407	2	0	0
22	21500001	0.664963	0.694407	2	0	0
22	22000001	0.68753	0.694407	2	0	0
22	22500001	0.688884	0.694407	2	0	0
22	23000001	0.695808	0.694407	2	0	0
22	23500001	0.669025	0.694407	2	0	0
22	24000001	0.707427	0.694407	2	0	0
22	24500001	0.65076	0.694407	2	0	0
22	25000001	0.648166	0.694407	2	0	0
22	25500001	0.668966	0.694407	2	0	0
22	26000001	0.689965	0.694407	2	0	0
22	26500001	0.659015	0.694407	2	0	0
22	27000001	0.699225	0.694407	2	0	0
22	27500001	0.68563	0.694407	2	0	0
22	28000001	0.728098	0.694407	2	0	0
22	28500001	0.677599	0.694407	2	0	0
22	29000001	0.696928	0.694407	2	0	0
22	29500001	0.708676	0.694407	2	0	0
22	30000001	0.708443	0.694407	2	0	0
22	30500001	0.701655	0.694407	2	0	0
22	31000001	0.659377	0.694407	2	0	0
22	31500001	0.653956	0.694407	2	0	0
22	32000001	0.691525	0.694407	2	0	0
22	32500001	0.730313	0.694407	2	0	0
22	33000001	0.670418	0.694407	2	0	0
22	33500001	0.684504	0.694407	2	0	0
22	34000001	0.694338	0.694407	2	0	0
22	34500001	0.698507	0.694407	2	0	0
22	35000001	0.702044	0.694407	2	0	0
22	35500001	0.712956	0.694407	2	0	0
22	36000001	0.729457	0.694407	2	0	0
22	36500001	0.718281	0.694407	2	0	0
22	37000001	0.723535	0.694407	2	0	0
22	37500001	0.712402	0.694407	2	0	0
22	38000001	0.727386	0.694407	2	0	0
22	38500001	0.702056	0.694407	2	0	0
22	39000001	0.686076	0.694407	2	0	0
22	39500001	0.752967	0.694407	2	0	0
22	40000001	0.67187	0.694407	2	0	0
22	40500001	0.663305	0.694407	2	0	0
22	41000001	0.70038	0.694407	2	0	0
22	41500001	0.674624	0.694407	2	0	0
22	42000001	0.69738	0.694407	2	0	0
22	42500001	0.766114	0.694407	2	0	0
22	43000001	0.717311	0.694407	2	0	0
22	43500001	0.66525	0.679359	2	0	0
22	44000001	0.691879	0.679359	2	0	0
22	44500001	0.689445	0.679359	2	0	0
22	45000001	0.671089	0.679359	2	0	0
22	45500001	0.677149	0.679359	2	0	0
22	46000001	0.715613	0.679359	2	0	0
22	46500001	0.693436	0.679359	2	0	0
22	47000001	0.686573	0.679359	2	0	0
22	47500001	0.679359	0.679359	2	0	0
22	48000001	0.646425	0.679359	2	0	0
22	48500001	0.654299	0.679359	2	0	0
22	49000001	0.68726	0.679359	2	0	0
22	49500001	0.718868	0.679359	2	0	0
22	50000001	0.645797	0.679359	2	0	0
22	50500001	0.458343	0.679359	2	0	0
3	1	0.994085	1.02622	3	0	0
3	500001	0.993291	1.02622	3	0	0
3	1000001	1.03189	1.02622	3	0	0
3	1500001	1.01923	1.02622	3	0	0
3	2000001	0.986061	1.02622	3	0	0
3	2500001	1.02622	1.02622	3	0	0
3	3000001	0.988382	1.02622	3	0	0
3	3500001	1.03055	1.02622	3	0	0
3	4000001	1.06121	1.02622	3	0	0
3	4500001	1.07551	1.02622	3	0	0
3	5000001	1.01511	1.02622	3	0	0
3	5500001	1.00683	1.02622	3	0	0
3	6000001	1.02705	1.02622	3	0	0
3	6500001	1.01337	1.02622	3	0	0
3	7000001	0.984467	1.02622	3	0	0
3	7500001	0.998714	1.02622	3	0	0
3	8000001	1.0368	1.02622	3	0	0
3	8500001	1.02142	1.02622	3	0	0
3	9000001	1.01206	1.02622	3	0	0
3	9500001	1.02137	1.02622	3	0	0
3	10000001	1.02411	1.02622	3	0	0
3	10500001	1.0684	1.02622	3	0	0
3	11000001	0.992021	1.02622	3	0	0
3	11500001	1.01455	1.02622	3	0	0
3	12000001	1.08524	1.02622	3	0	0
3	12500001	1.00111	1.02622	3	0	0
3	13000001	0.983886	1.02622	3	0	0
3	13500001	1.01515	1.02622	3	0	0
3	14000001	1.07878	1.02622	3	0	0
3	14500001	1.05013	1.02622	3	0	0
3	15000001	1.01971	1.02622	3	0	0
3	15500001	1.03539	1.02622	3	0	0
3	16000001	1.05003	1.02622	3	0	0
3	16500001	1.06532	1.02622	3	0	0
3	17000001	1.03557	1.02622	3	0	0
3	17500001	1.00021	1.02622	3	0	0
3	18000001	1.07135	1.02622	3	0	0
3	18500001	1.0432	1.02622	3	0	0
3	19000001	1.06307	1.02622	3	0	0
3	19500001	1.03493	1.02622	3	0	0
3	20000001	1.01522	1.02622	3	0	0
3	20500001	1.06945	1.02622	3	0	0
3	21000001	1.0218	1.02622	3	0	0
3	21500001	1.05347	1.02622	3	0	0
3	22000001	1.07772	1.02622	3	0	0
3	22500001	1.08525	1.02622	3	0	0
3	23000001	1.05004	1.02622	3	0	0
3	23500001	0.968663	1.02622	3	0	0
3	24000001	1.04035	1.02622	3	0	0
3	24500001	0.981533	1.02622	3	0	0
3	25000001	1.05619	1.02622	3	0	0
3	25500001	1.0303	1.02622	3	0	0
3	26000001	1.0118	1.02622	3	0	0
3	26500001	1.02862	1.02622	3	0	0
3	27000001	1.01875	1.02622	3	0	0
3	27500001	1.0105	1.02622	3	0	0
3	28000001	1.05688	1.02622	3	0	0
3	28500001	1.05306	1.02622	3	0	0
3	29000001	1.02149	1.02622	3	0	0
3	29500001	1.01273	1.02622	3	0	0
3	30000001	1.08756	1.02622	3	0	0
3	30500001	1.03405	1.02622	3	0	0
3	31000001	1.09205	1.02622	3	0	0
3	31500001	1.04387	1.02622	3	0	0
3	32000001	1.03881	1.02622	3	0	0
3	32500001	0.97564	1.02622	3	0	0
3	33000001	1.03295	1.02622	3	0	0
3	33500001	1.00174	1.02622	3	0	0
3	34000001	1.086	1.02622	3	0	0
3	34500001	0.986895	1.02622	3	0	0
3	35000001	1.06913	1.02622	3	0	0
3	35500001	1.04334	1.02622	3	0	0
3	36000001	1.05984	1.02622	3	0	0
3	36500001	1.05671	1.02622	3	0	0
3	37000001	1.02131	1.02622	3	0	0
3	37500001	1.09896	1.02622	3	0	0
3	38000001	1.02459	1.02622	3	0	0
3	38500001	1.05852	1.02622	3	0	0
3	39000001	1.03141	1.02622	3	0	0
3	39500001	1.00304	1.02622	3	0	0
3	40000001	0.996372	1.02622	3	0	0
3	40500001	1.06253	1.02622	3	0	0
3	41000001	1.05225	1.02622	3	0	0
3	41500001	1.05442	1.02622	3	0	0
3	42000001	1.06177	1.02622	3	0	0
3	42500001	1.02632	1.02622	3	0	0
3	43000001	1.03453	1.02622	3	0	0
3	43500001	1.08264	1.02622	3	0	0
3	44000001	0.999906	1.02622	3	0	0
3	44500001	1.059	1.02622	3	0	0
3	45000001	1.0741	1.02622	3	0	0
3	45500001	1.07387	1.02622	3	0	0
3	46000001	1.09232	1.02622	3	0	0
3	46500001	1.02153	1.02622	3	0	0
3	47000001	0.966798	1.02622	3	0	0
3	47500001	0.977066	1.02622	3	0	0
3	48000001	1.00098	1.02622	3	0	0
3	48500001	0.998611	1.02622	3	0	0
3	49000001	0.958827	1.02622	3	0	0
3	49500001	1.08312	1.02622	3	0	0
3	50000001	1.09132	1.02622	3	0	0
3	50500001	0.991259	1.02622	3	0	0
3	51000001	1.02627	1.02622	3	0	0
3	51500001	1.03476	1.02622	3	0	0
3	52000001	1.08115	1.02622	3	0	0
3	52500001	1.05058	1.02622	3	0	0
3	53000001	1.03572	1.02622	3	0	0
3	53500001	1.02886	1.02622	3	0	0
3	54000001	0.9894	1.02622	3	0	0
3	54500001	1.03178	1.02622	3	0	0
3	55000001	1.0124	1.02622	3	0	0
3	55500001	0.990277	1.02622	3	0	0
3	56000001	1.11946	1.02622	3	0	0
3	56500001	1.00907	1.02622	3	0	0
3	57000001	1.01675	1.02622	3	0	0
3	57500001	1.00277	1.02622	3	0	0
3	58000001	1.07741	1.02622	3	0	0
3	58500001	1.09831	1.02622	3	0	0
3	59000001	1.03901	1.02622	3	0	0
3	59500001	1.02968	1.02622	3	0	0
3	60000001	1.00256	1.02622	3	0	0
3	60500001	1.02531	1.02622	3	0	0
3	61000001	1.01248	1.02622	3	0	0
3	61500001	1.00397	1.02622	3	0	0
3	62000001	0.992983	1.02622	3	0	0
3	62500001	1.01483	1.02622	3	0	0
3	63000001	1.00834	1.02622	3	0	0
3	63500001	1.07391	1.02622	3	0	0
3	64000001	1.04011	1.02622	3	0	0
3	64500001	1.04672	1.02622	3	0	0
3	65000001	1.02044	1.02622	3	0	0
3	65500001	0.994785	1.02622	3	0	0
3	66000001	1.04542	1.02622	3	0	0
3	66500001	1.0027	1.02622	3	0	0
3	67000001	1.06341	1.02622	3	0	0
3	67500001	1.01505	1.02622	3	0	0
3	68000001	1.03064	1.02622	3	0	0
3	68500001	1.0636	1.02622	3	0	0
3	69000001	1.03472	1.02622	3	0	0
3	69500001	1.0208	1.02622	3	0	0
3	70000001	1.02415	1.02622	3	0	0
3	70500001	1.07069	1.02622	3	0	0
3	71000001	0.946104	1.02622	3	0	0
3	71500001	1.0222	1.02622	3	0	0
3	72000001	0.995648	1.02622	3	0	0
3	72500001	0.964311	1.02622	3	0	0
3	73000001	1.02071	1.02622	3	0	0
3	73500001	1.00038	1.02622	3	0	0
3	74000001	1.01414	1.02622	3	0	0
3	74500001	1.02102	1.02622	3	0	0
3	75000001	0.959294	1.02622	3	0	0
3	75500001	1.1855	1.02622	3	0	0
3	76000001	1.03439	1.02622	3	0	0
3	76500001	1.01747	1.02622	3	0	0
3	77000001	0.998101	1.02622	3	0	0
3	77500001	1.01106	1.02622	3	0	0
3	78000001	1.04762	1.02622	3	0	0
3	78500001	0.996305	1.02622	3	0	0
3	79000001	1.02039	1.02622	3	0	0
3	79500001	1.01449	1.02622	3	0	0
3	80000001	0.998785	1.02622	3	0	0
3	80500001	0.987462	1.02622	3	0	0
3	81000001	1.02825	1.02622	3	0	0
3	81500001	1.02183	1.02622	3	0	0
3	82000001	1.00896	1.02622	3	0	0
3	82500001	1.02526	1.02622	3	0	0
3	83000001	1.02568	1.02622	3	0	0
3	83500001	1.03213	1.02622	3	0	0
3	84000001	1.01899	1.02622	3	0	0
3	84500001	1.0003	1.02622	3	0	0
3	85000001	0.97694	1.02622	3	0	0
3	85500001	1.04463	1.02622	3	0	0
3	86000001	1.02022	1.02622	3	0	0
3	86500001	1.04785	1.02622	3	0	0
3	87000001	1.06927	1.02622	3	0	0
3	87500001	1.02879	1.02622	3	0	0
3	88000001	1.03414	1.02622	3	0	0
3	88500001	1.0364	1.02622	3	0	0
3	89000001	0.998005	1.02622	3	0	0
3	89500001	1.0722	1.02622	3	0	0
3	90000001	1.06847	1.02622	3	0	0
3	90500001	2.0286	2.0286	6	0	0
3	91000001	1.13741	1.20104	4	0	0
3	91500001	1.28181	1.20104	4	0	0
3	92000001	1.22448	1.20104	4	0	0
3	92500001	1.1776	1.20104	4	0	0
3	93000001	8.25832	8.25832	25	0	0
3	93500001	1.07517	1.01868	3	0	0
3	94000001	1.006	1.01868	3	0	0
3	94500001	1.02164	1.01868	3	0	0
3	95000001	1.0046	1.01868	3	0	0
3	95500001	0.998388	1.01868	3	0	0
3	96000001	1.02568	1.01868	3	0	0
3	96500001	0.994373	1.01868	3	0	0
3	97000001	1.0223	1.01868	3	0	0
3	97500001	0.987594	1.01868	3	0	0
3	98000001	1.03664	1.01868	3	0	0
3	98500001	1.0047	1.01868	3	0	0
3	99000001	1.05555	1.01868	3	0	0
3	99500001	1.0656	1.01868	3	0	0
3	100000001	0.98646	1.01868	3	0	0
3	100500001	1.04454	1.01868	3	0	0
3	101000001	1.01702	1.01868	3	0	0
3	101500001	1.03582	1.01868	3	0	0
3	102000001	1.01567	1.01868	3	0	0
3	102500001	1.02879	1.01868	3	0	0
3	103000001	0.965004	1.01868	3	0	0
3	103500001	1.01283	1.01868	3	0	0
3	104000001	1.02034	1.01868	3	0	0
3	104500001	1.01479	1.01868	3	0	0
3	105000001	1.01304	1.01868	3	0	0
3	105500001	1.04172	1.01868	3	0	0
3	106000001	0.994503	1.01868	3	0	0
3	106500001	1.04956	1.01868	3	0	0
3	107000001	1.05383	1.01868	3	0	0
3	107500001	1.02143	1.01868	3	0	0
3	108000001	1.00018	1.01868	3	0	0
3	108500001	0.78434	0.742516	2	0	0
3	109000001	0.672218	0.742516	2	0	0
3	109500001	0.742516	0.742516	2	0	0
3	110000001	0.744521	0.742516	2	0	0
3	110500001	0.746172	0.742516	2	0	0
3	111000001	0.710191	0.742516	2	0	0
3	111500001	0.739079	0.742516	2	0	0
3	112000001	0.747082	0.742516	2	0	0
3	112500001	0.729606	0.742516	2	0	0
3	113000001	0.699858	0.698549	2	0	0
3	113500001	0.698759	0.698549	2	0	0
3	114000001	0.736368	0.698549	2	0	0
3	114500001	0.70081	0.698549	2	0	0
3	115000001	0.707445	0.698549	2	0	0
3	115500001	0.717914	0.698549	2	0	0
3	116000001	0.692974	0.698549	2	0	0
3	116500001	0.702865	0.698549	2	0	0
3	117000001	0.652652	0.698549	2	0	0
3	117500001	0.662773	0.698549	2	0	0
3	118000001	0.679049	0.698549	2	0	0
3	118500001	0.679665	0.698549	2	0	0
3	119000001	0.698441	0.698549	2	0	0
3	119500001	0.687181	0.698549	2	0	0
3	120000001	0.711035	0.698549	2	0	0
3	120500001	0.709202	0.698549	2	0	0
3	121000001	0.692212	0.698549	2	0	0
3	121500001	0.698549	0.698549	2	0	0
3	122000001	0.681685	0.698549	2	0	0
3	122500001	0.665593	0.698549	2	0	0
3	123000001	0.698173	0.698549	2	0	0
3	123500001	0.702955	0.698549	2	0	0
3	124000001	0.731739	0.698549	2	0	0
3	124500001	0.722009	0.698549	2	0	0
3	125000001	0.677076	0.698549	2	0	0
3	125500001	0.652389	0.698549	2	0	0
3	126000001	0.708364	0.698549	2	0	0
3	126500001	0.677239	0.698549	2	0	0
3	127000001	0.734266	0.698549	2	0	0
3	127500001	0.702157	0.698549	2	0	0
3	128000001	0.723385	0.698549	2	0	0
3	128500001	0.675521	0.698549	2	0	0
3	129000001	0.667875	0.698549	2	0	0
3	129500001	0.731928	0.698549	2	0	0
3	130000001	0.730243	0.698549	2	0	0
3	130500001	0.671345	0.698549	2	0	0
3	131000001	0.695169	0.698549	2	0	0
3	131500001	0.699942	0.698549	2	0	0
3	132000001	0.678634	0.698549	2	0	0
3	132500001	0.709527	0.698549	2	0	0
3	133000001	0.720643	0.698549	2	0	0
3	133500001	0.740593	0.698549	2	0	0
3	134000001	0.710058	0.698549	2	0	0
3	134500001	0.739818	0.698549	2	0	0
3	135000001	0.720282	0.698549	2	0	0
3	135500001	0.706801	0.698549	2	0	0
3	136000001	0.671915	0.698549	2	0	0
3	136500001	0.647623	0.698549	2	0	0
3	137000001	0.716129	0.698549	2	0	0
3	137500001	0.673981	0.698549	2	0	0
3	138000001	0.679448	0.698549	2	0	0
3	138500001	0.651496	0.698549	2	0	0
3	139000001	0.720099	0.698549	2	0	0
3	139500001	0.722602	0.698549	2	0	0
3	140000001	0.688055	0.698549	2	0	0
3	140500001	0.691236	0.698549	2	0	0
3	141000001	0.787526	0.698549	2	0	0
3	141500001	0.675598	0.698549	2	0	0
3	142000001	0.689341	0.698549	2	0	0
3	142500001	0.655991	0.698549	2	0	0
3	143000001	0.678606	0.698549	2	0	0
3	143500001	0.667071	0.698549	2	0	0
3	144000001	0.692088	0.698549	2	0	0
3	144500001	0.691043	0.698549	2	0	0
3	145000001	0.737038	0.698549	2	0	0
3	145500001	0.698193	0.698549	2	0	0
3	146000001	0.721511	0.698549	2	0	0
3	146500001	0.736035	0.698549	2	0	0
3	147000001	0.689143	0.698549	2	0	0
3	147500001	0.681047	0.698549	2	0	0
3	148000001	0.697067	0.698549	2	0	0
3	148500001	0.658952	0.698549	2	0	0
3	149000001	0.715961	0.698549	2	0	0
3	149500001	0.672361	0.698549	2	0	0
3	150000001	0.733718	0.698549	2	0	0
3	150500001	0.678886	0.698549	2	0	0
3	151000001	0.696017	0.698549	2	0	0
3	151500001	0.683013	0.698549	2	0	0
3	152000001	0.713986	0.698549	2	0	0
3	152500001	0.734096	0.698549	2	0	0
3	153000001	0.669596	0.698549	2	0	0
3	153500001	0.707091	0.698549	2	0	0
3	154000001	0.678045	0.698549	2	0	0
3	154500001	0.713898	0.698549	2	0	0
3	155000001	0.726926	0.698549	2	0	0
3	155500001	0.67075	0.698549	2	0	0
3	156000001	0.727962	0.698549	2	0	0
3	156500001	0.725629	0.698549	2	0	0
3	157000001	0.688002	0.698549	2	0	0
3	157500001	0.717693	0.698549	2	0	0
3	158000001	0.706838	0.698549	2	0	0
3	158500001	0.700402	0.698549	2	0	0
3	159000001	0.709619	0.698549	2	0	0
3	159500001	0.708078	0.698549	2	0	0
3	160000001	0.679559	0.698549	2	0	0
3	160500001	0.710755	0.698549	2	0	0
3	161000001	0.684402	0.698549	2	0	0
3	161500001	0.690287	0.698549	2	0	0
3	162000001	0.715034	0.698549	2	0	0
3	162500001	0.993572	0.992279	3	0	0
3	163000001	0.989823	0.992279	3	0	0
3	163500001	0.998669	0.992279	3	0	0
3	164000001	0.971982	0.992279	3	0	0
3	164500001	0.997224	0.992279	3	0	0
3	165000001	1.01942	0.992279	3	0	0
3	165500001	1.01014	0.992279	3	0	0
3	166000001	0.981088	0.992279	3	0	0
3	166500001	0.992062	0.992279	3	0	0
3	167000001	0.950141	0.992279	3	0	0
3	167500001	0.997545	0.992279	3	0	0
3	168000001	0.991447	0.992279	3	0	0
3	168500001	0.987312	0.992279	3	0	0
3	169000001	1.03263	0.992279	3	0	0
3	169500001	0.966932	0.992279	3	0	0
3	170000001	0.928593	0.992279	3	0	0
3	170500001	1.06144	0.992279	3	0	0
3	171000001	1.03344	0.992279	3	0	0
3	171500001	0.992279	0.992279	3	0	0
3	172000001	1.02733	0.992279	3	0	0
3	172500001	1.04738	0.992279	3	0	0
3	173000001	1.01752	0.992279	3	0	0
3	173500001	0.955522	0.992279	3	0	0
3	174000001	0.932469	0.992279	3	0	0
3	174500001	0.940769	0.992279	3	0	0
3	175000001	0.97504	0.992279	3	0	0
3	175500001	1.00459	0.992279	3	0	0
3	176000001	1.01509	0.992279	3	0	0
3	176500001	1.00062	0.992279	3	0	0
3	177000001	0.960261	0.992279	3	0	0
3	177500001	1.00057	0.992279	3	0	0
3	178000001	1.01962	0.992279	3	0	0
3	178500001	1.01705	0.992279	3	0	0
3	179000001	0.937164	0.992279	3	0	0
3	179500001	0.98105	0.992279	3	0	0
3	180000001	0.988323	0.992279	3	0	0
3	180500001	0.965767	0.992279	3	0	0
3	181000001	0.978708	0.992279	3	0	0
3	181500001	0.942505	0.992279	3	0	0
3	182000001	1.03369	0.992279	3	0	0
3	182500001	0.994285	0.992279	3	0	0
3	183000001	0.992308	0.992279	3	0	0
3	183500001	0.926084	0.992279	3	0	0
3	184000001	0.950439	0.992279	3	0	0
3	184500001	0.95249	0.992279	3	0	0
3	185000001	0.974764	0.992279	3	0	0
3	185500001	0.980585	0.992279	3	0	0
3	186000001	0.999426	0.992279	3	0	0
3	186500001	0.929423	0.992279	3	0	0
3	187000001	1.00474	0.992279	3	0	0
3	187500001	1.02898	0.992279	3	0	0
3	188000001	1.0112	0.992279	3	0	0
3	188500001	1.04482	0.992279	3	0	0
3	189000001	1.18758	1.18367	4	0	0
3	189500001	1.21254	1.18367	4	0	0
3	190000001	1.2117	1.18367	4	0	0
3	190500001	1.20329	1.18367	4	0	0
3	191000001	1.14789	1.18367	4	0	0
3	191500001	1.17059	1.18367	4	0	0
3	192000001	1.15487	1.18367	4	0	0
3	192500001	1.18367	1.18367	4	0	0
3	193000001	1.21562	1.18367	4	0	0
3	193500001	1.17428	1.18367	4	0	0
3	194000001	1.17019	1.18367	4	0	0
3	194500001	1.05838	1.03165	3	0	0
3	195000001	0.956995	1.03165	3	0	0
3	195500001	1.14662	1.03165	3	0	0
3	196000001	0.984472	1.03165	3	0	0
3	196500001	0.992984	1.03165	3	0	0
3	197000001	1.09741	1.03165	3	0	0
3	197500001	1.03165	1.03165	3	0	0
3	198000001	-1	-1	-1	0	0
4	1	1.05761	0.988007	3	0	0
4	500001	0.966632	0.988007	3	0	0
4	1000001	0.999097	0.988007	3	0	0
4	1500001	0.979209	0.988007	3	0	0
4	2000001	0.978203	0.988007	3	0	0
4	2500001	0.965368	0.988007	3	0	0
4	3000001	0.974037	0.988007	3	0	0
4	3500001	0.98359	0.988007	3	0	0
4	4000001	0.904279	0.988007	3	0	0
4	4500001	0.986755	0.988007	3	0	0
4	5000001	0.966434	0.988007	3	0	0
4	5500001	0.9677	0.988007	3	0	0
4	6000001	1.02458	0.988007	3	0	0
4	6500001	0.997859	0.988007	3	0	0
4	7000001	0.977889	0.988007	3	0	0
4	7500001	1.02176	0.988007	3	0	0
4	8000001	1.01634	0.988007	3	0	0
4	8500001	0.974833	0.988007	3	0	0
4	9000001	0.959582	0.988007	3	0	0
4	9500001	0.977106	0.988007	3	0	0
4	10000001	0.961666	0.988007	3	0	0
4	10500001	0.96408	0.988007	3	0	0
4	11000001	1.03637	0.988007	3	0	0
4	11500001	1.00274	0.988007	3	0	0
4	12000001	1.0043	0.988007	3	0	0
4	12500001	0.998548	0.988007	3	0	0
4	13000001	1.03211	0.988007	3	0	0
4	13500001	1.00665	0.988007	3	0	0
4	14000001	1.0279	0.988007	3	0	0
4	14500001	0.949679	0.988007	3	0	0
4	15000001	1.05314	0.988007	3	0	0
4	15500001	1.04254	0.988007	3	0	0
4	16000001	1.03583	0.988007	3	0	0
4	16500001	0.989036	0.988007	3	0	0
4	17000001	0.967495	0.988007	3	0	0
4	17500001	0.959456	0.988007	3	0	0
4	18000001	1.00814	0.988007	3	0	0
4	18500001	1.0003	0.988007	3	0	0
4	19000001	1.01276	0.988007	3	0	0
4	19500001	1.01602	0.988007	3	0	0
4	20000001	0.973218	0.988007	3	0	0
4	20500001	1.00227	0.988007	3	0	0
4	21000001	0.994076	0.988007	3	0	0
4	21500001	1.00424	0.988007	3	0	0
4	22000001	1.0549	0.988007	3	0	0
4	22500001	0.976936	0.988007	3	0	0
4	23000001	1.04466	0.988007	3	0	0
4	23500001	0.988636	0.988007	3	0	0
4	24000001	0.957993	0.988007	3	0	0
4	24500001	0.994295	0.988007	3	0	0
4	25000001	0.979321	0.988007	3	0	0
4	25500001	0.934935	0.988007	3	0	0
4	26000001	0.966344	0.988007	3	0	0
4	26500001	1.00531	0.988007	3	0	0
4	27000001	0.98325	0.988007	3	0	0
4	27500001	0.965709	0.988007	3	0	0
4	28000001	0.991599	0.988007	3	0	0
4	28500001	0.989763	0.988007	3	0	0
4	29000001	0.955552	0.988007	3	0	0
4	29500001	0.942908	0.988007	3	0	0
4	30000001	0.967967	0.988007	3	0	0
4	30500001	0.965903	0.988007	3	0	0
4	31000001	0.967958	0.988007	3	0	0
4	31500001	0.978103	0.988007	3	0	0
4	32000001	0.978797	0.988007	3	0	0
4	32500001	0.982423	0.988007	3	0	0
4	33000001	1.01711	0.988007	3	0	0
4	33500001	1.0026	0.988007	3	0	0
4	34000001	1.01605	0.988007	3	0	0
4	34500001	0.930403	0.988007	3	0	0
4	35000001	1.0416	0.988007	3	0	0
4	35500001	1.01529	0.988007	3	0	0
4	36000001	0.994397	0.988007	3	0	0
4	36500001	0.965669	0.988007	3	0	0
4	37000001	1.02767	0.988007	3	0	0
4	37500001	1.02605	0.988007	3	0	0
4	38000001	1.0385	0.988007	3	0	0
4	38500001	0.976704	0.988007	3	0	0
4	39000001	0.994243	0.988007	3	0	0
4	39500001	0.922555	0.988007	3	0	0
4	40000001	0.957959	0.988007	3	0	0
4	40500001	0.993284	0.988007	3	0	0
4	41000001	0.969692	0.988007	3	0	0
4	41500001	1.02073	0.988007	3	0	0
4	42000001	0.930883	0.988007	3	0	0
4	42500001	1.0125	0.988007	3	0	0
4	43000001	0.987378	0.988007	3	0	0
4	43500001	0.975844	0.988007	3	0	0
4	44000001	0.996376	0.988007	3	0	0
4	44500001	0.973095	0.988007	3	0	0
4	45000001	0.979576	0.988007	3	0	0
4	45500001	0.971316	0.988007	3	0	0
4	46000001	1.0063	0.988007	3	0	0
4	46500001	0.953902	0.988007	3	0	0
4	47000001	0.99028	0.988007	3	0	0
4	47500001	1.0168	0.988007	3	0	0
4	48000001	0.958223	1.38208	4	0	0
4	48500001	1.02323	1.38208	4	0	0
4	49000001	-1	1.38208	4	0	0
4	49500001	2.79377	1.38208	4	0	0
4	50000001	1.65102	1.38208	4	0	0
4	50500001	1.38208	1.38208	4	0	0
4	51000001	1.1118	0.994065	3	0	0
4	51500001	0.958154	0.994065	3	0	0
4	52000001	0.991413	0.994065	3	0	0
4	52500001	0.991698	0.994065	3	0	0
4	53000001	0.998009	0.994065	3	0	0
4	53500001	1.05064	0.994065	3	0	0
4	54000001	0.999339	0.994065	3	0	0
4	54500001	1.01216	0.994065	3	0	0
4	55000001	1.01913	0.994065	3	0	0
4	55500001	1.00616	0.994065	3	0	0
4	56000001	0.975086	0.994065	3	0	0
4	56500001	0.94884	0.994065	3	0	0
4	57000001	1.02351	0.994065	3	0	0
4	57500001	1.00359	0.994065	3	0	0
4	58000001	0.958947	0.994065	3	0	0
4	58500001	0.961681	0.994065	3	0	0
4	59000001	0.960775	0.994065	3	0	0
4	59500001	0.986516	0.994065	3	0	0
4	60000001	0.951902	0.994065	3	0	0
4	60500001	1.00985	0.994065	3	0	0
4	61000001	1.00125	0.994065	3	0	0
4	61500001	0.961718	0.994065	3	0	0
4	62000001	0.934548	0.994065	3	0	0
4	62500001	1.02001	0.994065	3	0	0
4	63000001	0.986625	0.994065	3	0	0
4	63500001	0.962964	0.994065	3	0	0
4	64000001	0.946299	0.994065	3	0	0
4	64500001	1.01297	0.994065	3	0	0
4	65000001	1.02355	0.994065	3	0	0
4	65500001	0.981488	0.994065	3	0	0
4	66000001	0.978372	0.994065	3	0	0
4	66500001	0.988482	0.994065	3	0	0
4	67000001	1.0217	0.994065	3	0	0
4	67500001	0.986484	0.994065	3	0	0
4	68000001	0.993986	0.994065	3	0	0
4	68500001	0.884388	0.994065	3	0	0
4	69000001	1.02979	0.994065	3	0	0
4	69500001	1.0007	0.994065	3	0	0
4	70000001	1.03894	0.994065	3	0	0
4	70500001	0.926574	0.994065	3	0	0
4	71000001	0.974415	0.994065	3	0	0
4	71500001	0.949041	0.994065	3	0	0
4	72000001	0.977571	0.994065	3	0	0
4	72500001	1.00588	0.994065	3	0	0
4	73000001	1.00986	0.994065	3	0	0
4	73500001	1.02478	0.994065	3	0	0
4	74000001	1.00892	0.994065	3	0	0
4	74500001	1.08696	0.994065	3	0	0
4	75000001	1.00359	0.994065	3	0	0
4	75500001	0.944779	0.994065	3	0	0
4	76000001	0.973853	0.994065	3	0	0
4	76500001	0.994144	0.994065	3	0	0
4	77000001	1.01622	0.994065	3	0	0
4	77500001	1.02208	0.994065	3	0	0
4	78000001	0.997185	0.994065	3	0	0
4	78500001	1.01346	0.994065	3	0	0
4	79000001	0.990901	0.994065	3	0	0
4	79500001	1.04409	0.994065	3	0	0
4	80000001	0.981439	0.994065	3	0	0
4	80500001	0.989891	0.994065	3	0	0
4	81000001	0.970521	0.971745	3	0	0
4	81500001	0.938347	0.971745	3	0	0
4	82000001	0.941448	0.971745	3	0	0
4	82500001	0.982783	0.971745	3	0	0
4	83000001	0.954034	0.971745	3	0	0
4	83500001	0.964423	0.971745	3	0	0
4	84000001	1.0131	0.971745	3	0	0
4	84500001	0.997533	0.971745	3	0	0
4	85000001	1.03525	0.971745	3	0	0
4	85500001	0.980431	0.971745	3	0	0
4	86000001	0.999727	0.971745	3	0	0
4	86500001	0.912107	0.971745	3	0	0
4	87000001	0.947404	0.971745	3	0	0
4	87500001	0.986834	0.971745	3	0	0
4	88000001	0.914332	0.971745	3	0	0
4	88500001	0.950368	0.971745	3	0	0
4	89000001	0.999622	0.971745	3	0	0
4	89500001	0.986056	0.971745	3	0	0
4	90000001	0.944633	0.971745	3	0	0
4	90500001	0.962001	0.971745	3	0	0
4	91000001	0.945152	0.971745	3	0	0
4	91500001	0.949096	0.971745	3	0	0
4	92000001	0.941849	0.971745	3	0	0
4	92500001	0.933234	0.971745	3	0	0
4	93000001	0.973895	0.971745	3	0	0
4	93500001	0.957831	0.971745	3	0	0
4	94000001	0.930969	0.971745	3	0	0
4	94500001	0.921654	0.971745	3	0	0
4	95000001	0.948928	0.971745	3	0	0
4	95500001	0.975385	0.971745	3	0	0
4	96000001	0.970373	0.971745	3	0	0
4	96500001	0.994066	0.971745	3	0	0
4	97000001	0.942681	0.971745	3	0	0
4	97500001	0.998208	0.971745	3	0	0
4	98000001	0.984524	0.971745	3	0	0
4	98500001	0.919809	0.971745	3	0	0
4	99000001	1.00501	0.971745	3	0	0
4	99500001	0.922745	0.971745	3	0	0
4	100000001	0.980469	0.971745	3	0	0
4	100500001	0.962915	0.971745	3	0	0
4	101000001	0.993044	0.971745	3	0	0
4	101500001	1.0041	0.971745	3	0	0
4	102000001	0.961855	0.971745	3	0	0
4	102500001	0.990209	0.971745	3	0	0
4	103000001	0.987758	0.971745	3	0	0
4	103500001	0.952175	0.971745	3	0	0
4	104000001	1.01023	0.971745	3	0	0
4	104500001	0.966358	0.971745	3	0	0
4	105000001	0.99671	0.971745	3	0	0
4	105500001	1.01749	0.971745	3	0	0
4	106000001	0.992164	0.971745	3	0	0
4	106500001	0.958316	0.971745	3	0	0
4	107000001	0.972145	0.971745	3	0	0
4	107500001	0.996148	0.971745	3	0	0
4	108000001	0.949881	0.971745	3	0	0
4	108500001	0.926906	0.971745	3	0	0
4	109000001	0.972307	0.971745	3	0	0
4	109500001	0.970934	0.971745	3	0	0
4	110000001	0.980319	0.971745	3	0	0
4	110500001	0.96462	0.971745	3	0	0
4	111000001	0.984908	0.971745	3	0	0
4	111500001	0.984892	0.971745	3	0	0
4	112000001	0.962419	0.971745	3	0	0
4	112500001	0.905234	0.971745	3	0	0
4	113000001	0.992288	0.971745	3	0	0
4	113500001	1.01895	0.971745	3	0	0
4	114000001	0.992132	0.971745	3	0	0
4	114500001	1.02667	0.971745	3	0	0
4	115000001	0.964903	0.971745	3	0	0
4	115500001	0.985014	0.971745	3	0	0
4	116000001	0.990314	0.971745	3	0	0
4	116500001	0.990727	0.971745	3	0	0
4	117000001	0.97004	0.971745	3	0	0
4	117500001	0.959579	0.971745	3	0	0
4	118000001	0.999028	0.971745	3	0	0
4	118500001	0.957307	0.971745	3	0	0
4	119000001	0.972371	0.971745	3	0	0
4	119500001	0.985856	0.971745	3	0	0
4	120000001	0.968919	0.971745	3	0	0
4	120500001	0.961218	0.971745	3	0	0
4	121000001	1.01205	0.971745	3	0	0
4	121500001	1.02196	0.971745	3	0	0
4	122000001	0.98742	0.971745	3	0	0
4	122500001	0.994736	0.971745	3	0	0
4	123000001	0.940915	0.971745	3	0	0
4	123500001	1.01186	0.971745	3	0	0
4	124000001	1.01749	0.971745	3	0	0
4	124500001	1.02517	0.971745	3	0	0
4	125000001	0.996403	0.971745	3	0	0
4	125500001	1.0059	0.971745	3	0	0
4	126000001	1.01232	0.971745	3	0	0
4	126500001	1.00251	0.971745	3	0	0
4	127000001	1.00691	0.971745	3	0	0
4	127500001	0.971171	0.971745	3	0	0
4	128000001	0.936468	0.971745	3	0	0
4	128500001	0.934679	0.971745	3	0	0
4	129000001	0.962786	0.971745	3	0	0
4	129500001	0.972264	0.971745	3	0	0
4	130000001	0.928163	0.971745	3	0	0
4	130500001	0.971345	0.971745	3	0	0
4	131000001	0.990526	0.971745	3	0	0
4	131500001	0.901687	0.971745	3	0	0
4	132000001	1.0014	0.971745	3	0	0
4	132500001	0.962335	0.971745	3	0	0
4	133000001	0.996248	0.971745	3	0	0
4	133500001	0.983878	0.971745	3	0	0
4	134000001	0.99596	0.971745	3	0	0
4	134500001	0.945567	0.971745	3	0	0
4	135000001	0.982112	0.971745	3	0	0
4	135500001	1.00112	0.971745	3	0	0
4	136000001	0.965233	0.971745	3	0	0
4	136500001	0.962819	0.971745	3	0	0
4	137000001	0.900191	0.971745	3	0	0
4	137500001	1.01355	0.971745	3	0	0
4	138000001	1.00666	0.971745	3	0	0
4	138500001	1.00023	0.971745	3	0	0
4	139000001	0.967967	0.971745	3	0	0
4	139500001	0.998679	0.971745	3	0	0
4	140000001	0.971156	0.971745	3	0	0
4	140500001	0.969901	0.971745	3	0	0
4	141000001	0.962326	0.971745	3	0	0
4	141500001	1.02001	0.971745	3	0	0
4	142000001	0.978235	0.971745	3	0	0
4	142500001	0.976482	0.971745	3	0	0
4	143000001	0.971076	0.971745	3	0	0
4	143500001	0.934682	0.971745	3	0	0
4	144000001	1.01181	0.971745	3	0	0
4	144500001	0.958383	0.971745	3	0	0
4	145000001	0.923308	0.971745	3	0	0
4	145500001	0.962114	0.971745	3	0	0
4	146000001	1.01247	0.971745	3	0	0
4	146500001	0.978361	0.971745	3	0	0
4	147000001	0.97247	0.971745	3	0	0
4	147500001	0.896714	0.971745	3	0	0
4	148000001	0.954554	0.971745	3	0	0
4	148500001	0.984622	0.971745	3	0	0
4	149000001	0.957576	0.971745	3	0	0
4	149500001	0.998118	0.971745	3	0	0
4	150000001	0.938768	0.971745	3	0	0
4	150500001	0.961997	0.971745	3	0	0
4	151000001	0.934263	0.971745	3	0	0
4	151500001	1.00513	0.971745	3	0	0
4	152000001	0.953255	0.971745	3	0	0
4	152500001	0.969392	0.971745	3	0	0
4	153000001	0.973097	0.971745	3	0	0
4	153500001	0.993909	0.971745	3	0	0
4	154000001	0.966372	0.971745	3	0	0
4	154500001	0.945587	0.971745	3	0	0
4	155000001	0.941819	0.971745	3	0	0
4	155500001	0.996973	0.971745	3	0	0
4	156000001	1.00201	0.971745	3	0	0
4	156500001	1.0202	0.971745	3	0	0
4	157000001	1.0332	0.971745	3	0	0
4	157500001	0.987559	0.971745	3	0	0
4	158000001	0.970015	0.971745	3	0	0
4	158500001	0.95759	0.971745	3	0	0
4	159000001	0.972848	0.971745	3	0	0
4	159500001	0.983512	0.971745	3	0	0
4	160000001	0.982272	0.971745	3	0	0
4	160500001	0.976753	0.971745	3	0	0
4	161000001	0.954106	0.971745	3	0	0
4	161500001	0.963349	0.971745	3	0	0
4	162000001	1.01375	0.971745	3	0	0
4	162500001	0.980191	0.971745	3	0	0
4	163000001	0.924798	0.971745	3	0	0
4	163500001	0.96754	0.971745	3	0	0
4	164000001	0.952945	0.971745	3	0	0
4	164500001	0.915935	0.971745	3	0	0
4	165000001	0.915018	0.971745	3	0	0
4	165500001	0.924862	0.971745	3	0	0
4	166000001	1.04008	0.971745	3	0	0
4	166500001	0.943056	0.971745	3	0	0
4	167000001	0.964734	0.971745	3	0	0
4	167500001	0.930105	0.971745	3	0	0
4	168000001	0.998444	0.971745	3	0	0
4	168500001	0.963322	0.971745	3	0	0
4	169000001	0.933142	0.971745	3	0	0
4	169500001	0.977601	0.971745	3	0	0
4	170000001	0.948247	0.971745	3	0	0
4	170500001	0.96625	0.971745	3	0	0
4	171000001	0.945041	0.971745	3	0	0
4	171500001	0.956921	0.971745	3	0	0
4	172000001	0.91862	0.971745	3	0	0
4	172500001	1.00467	0.971745	3	0	0
4	173000001	0.951951	0.971745	3	0	0
4	173500001	0.988997	0.971745	3	0	0
4	174000001	0.93761	0.971745	3	0	0
4	174500001	0.993399	0.971745	3	0	0
4	175000001	0.948576	0.971745	3	0	0
4	175500001	0.979318	0.971745	3	0	0
4	176000001	0.991036	0.971745	3	0	0
4	176500001	1.00739	0.971745	3	0	0
4	177000001	0.93236	0.935834	3	0	0
4	177500001	0.941116	0.935834	3	0	0
4	178000001	0.969154	0.935834	3	0	0
4	178500001	0.940747	0.935834	3	0	0
4	179000001	0.975591	0.935834	3	0	0
4	179500001	0.926681	0.935834	3	0	0
4	180000001	0.949301	0.935834	3	0	0
4	180500001	0.928783	0.935834	3	0	0
4	181000001	0.905296	0.935834	3	0	0
4	181500001	0.96479	0.935834	3	0	0
4	182000001	0.935901	0.935834	3	0	0
4	182500001	0.921813	0.935834	3	0	0
4	183000001	1.00874	0.935834	3	0	0
4	183500001	0.943252	0.935834	3	0	0
4	184000001	0.911842	0.935834	3	0	0
4	184500001	0.929346	0.935834	3	0	0
4	185000001	0.935767	0.935834	3	0	0
4	185500001	0.980011	0.935834	3	0	0
4	186000001	0.911898	0.935834	3	0	0
4	186500001	0.883572	0.935834	3	0	0
4	187000001	0.982607	0.935834	3	0	0
4	187500001	0.895792	0.935834	3	0	0
4	188000001	0.880993	0.935834	3	0	0
4	188500001	0.932461	0.935834	3	0	0
4	189000001	0.940199	0.935834	3	0	0
4	189500001	0.949374	0.935834	3	0	0
4	190000001	-1	-1	-1	0	0
5	1	1.29755	1.26779	4	0	0
5	500001	1.27241	1.26779	4	0	0
5	1000001	1.2127	1.26779	4	0	0
5	1500001	1.26698	1.26779	4	0	0
5	2000001	1.24691	1.26779	4	0	0
5	2500001	1.21014	1.26779	4	0	0
5	3000001	1.2021	1.26779	4	0	0
5	3500001	1.18734	1.26779	4	0	0
5	4000001	1.21977	1.26779	4	0	0
5	4500001	1.30083	1.26779	4	0	0
5	5000001	1.36347	1.26779	4	0	0
5	5500001	1.26246	1.26779	4	0	0
5	6000001	1.24712	1.26779	4	0	0
5	6500001	1.26363	1.26779	4	0	0
5	7000001	1.21366	1.26779	4	0	0
5	7500001	1.26779	1.26779	4	0	0
5	8000001	1.27648	1.26779	4	0	0
5	8500001	1.2803	1.26779	4	0	0
5	9000001	1.25149	1.26779	4	0	0
5	9500001	1.26795	1.26779	4	0	0
5	10000001	1.26389	1.26779	4	0	0
5	10500001	1.33942	1.26779	4	0	0
5	11000001	1.28334	1.26779	4	0	0
5	11500001	1.26656	1.26779	4	0	0
5	12000001	1.26059	1.26779	4	0	0
5	12500001	1.28788	1.26779	4	0	0
5	13000001	1.32064	1.26779	4	0	0
5	13500001	1.37848	1.26779	4	0	0
5	14000001	1.35336	1.26779	4	0	0
5	14500001	1.30503	1.26779	4	0	0
5	15000001	1.30767	1.26779	4	0	0
5	15500001	1.31253	1.26779	4	0	0
5	16000001	1.28122	1.26779	4	0	0
5	16500001	1.22801	1.26779	4	0	0
5	17000001	1.23216	1.26779	4	0	0
5	17500001	1.70498	1.70498	5	0	0
5	18000001	1.29833	1.2663	4	0	0
5	18500001	1.27922	1.2663	4	0	0
5	19000001	1.25345	1.2663	4	0	0
5	19500001	1.26907	1.2663	4	0	0
5	20000001	1.25658	1.2663	4	0	0
5	20500001	1.21467	1.2663	4	0	0
5	21000001	1.31957	1.2663	4	0	0
5	21500001	1.29928	1.2663	4	0	0
5	22000001	1.25109	1.2663	4	0	0
5	22500001	1.27716	1.2663	4	0	0
5	23000001	1.28616	1.2663	4	0	0
5	23500001	1.23856	1.2663	4	0	0
5	24000001	1.23513	1.2663	4	0	0
5	24500001	1.29475	1.2663	4	0	0
5	25000001	1.26353	1.2663	4	0	0
5	25500001	1.22476	1.2663	4	0	0
5	26000001	1.26003	1.2663	4	0	0
5	26500001	1.25469	1.2663	4	0	0
5	27000001	1.27885	1.2663	4	0	0
5	27500001	1.22329	1.2663	4	0	0
5	28000001	1.24906	1.2663	4	0	0
5	28500001	1.30324	1.2663	4	0	0
5	29000001	1.24081	1.2663	4	0	0
5	29500001	1.22748	1.2663	4	0	0
5	30000001	1.31114	1.2663	4	0	0
5	30500001	1.28922	1.2663	4	0	0
5	31000001	1.28897	1.2663	4	0	0
5	31500001	1.28334	1.2663	4	0	0
5	32000001	1.24229	1.2663	4	0	0
5	32500001	1.28466	1.2663	4	0	0
5	33000001	1.32746	1.31609	4	0	0
5	33500001	1.4226	1.31609	4	0	0
5	34000001	1.44378	1.31609	4	0	0
5	34500001	1.31415	1.31609	4	0	0
5	35000001	1.32197	1.31609	4	0	0
5	35500001	1.32751	1.31609	4	0	0
5	36000001	1.31888	1.31609	4	0	0
5	36500001	1.30815	1.31609	4	0	0
5	37000001	1.21319	1.31609	4	0	0
5	37500001	1.30278	1.31609	4	0	0
5	38000001	1.33313	1.31609	4	0	0
5	38500001	1.29839	1.31609	4	0	0
5	39000001	1.30527	1.31609	4	0	0
5	39500001	1.36151	1.31609	4	0	0
5	40000001	1.31609	1.31609	4	0	0
5	40500001	1.28504	1.31609	4	0	0
5	41000001	1.30435	1.31609	4	0	0
5	41500001	1.3113	1.31609	4	0	0
5	42000001	1.25435	1.31609	4	0	0
5	42500001	1.34119	1.31609	4	0	0
5	43000001	1.29543	1.31609	4	0	0
5	43500001	1.3637	1.31609	4	0	0
5	44000001	1.33541	1.31609	4	0	0
5	44500001	1.03893	1.03345	3	0	0
5	45000001	0.962009	1.03345	3	0	0
5	45500001	1.02796	1.03345	3	0	0
5	46000001	1.04708	1.03345	3	0	0
5	46500001	0.593164	0.593164	2	0	0
5	47000001	1.20326	1.39709	4	0	0
5	47500001	1.39709	1.39709	4	0	0
5	48000001	1.42374	1.39709	4	0	0
5	48500001	1.76267	1.76267	5	0	0
5	49000001	2.63976	2.63976	8	0	0
5	49500001	6.36251	6.36251	19	0	0
5	50000001	1.27596	1.27596	4	0	0
5	50500001	0.957808	0.984317	3	0	0
5	51000001	0.990238	0.984317	3	0	0
5	51500001	1.01341	0.984317	3	0	0
5	52000001	0.988794	0.984317	3	0	0
5	52500001	1.01452	0.984317	3	0	0
5	53000001	1.08523	0.984317	3	0	0
5	53500001	0.992068	0.984317	3	0	0
5	54000001	1.00015	0.984317	3	0	0
5	54500001	0.989089	0.984317	3	0	0
5	55000001	1.01217	0.984317	3	0	0
5	55500001	0.984918	0.984317	3	0	0
5	56000001	0.96154	0.984317	3	0	0
5	56500001	1.02334	0.984317	3	0	0
5	57000001	1.02013	0.984317	3	0	0
5	57500001	1.0296	0.984317	3	0	0
5	58000001	1.00889	0.984317	3	0	0
5	58500001	0.985489	0.984317	3	0	0
5	59000001	1.00229	0.984317	3	0	0
5	59500001	0.993702	0.984317	3	0	0
5	60000001	0.962729	0.984317	3	0	0
5	60500001	0.990379	0.984317	3	0	0
5	61000001	0.994847	0.984317	3	0	0
5	61500001	0.997373	0.984317	3	0	0
5	62000001	1.00157	0.984317	3	0	0
5	62500001	0.961394	0.984317	3	0	0
5	63000001	0.996866	0.984317	3	0	0
5	63500001	0.984676	0.984317	3	0	0
5	64000001	1.01015	0.984317	3	0	0
5	64500001	1.05249	0.984317	3	0	0
5	65000001	1.0255	0.984317	3	0	0
5	65500001	0.989331	0.984317	3	0	0
5	66000001	1.03481	0.984317	3	0	0
5	66500001	0.967509	0.984317	3	0	0
5	67000001	0.979997	0.984317	3	0	0
5	67500001	1.03339	0.984317	3	0	0
5	68000001	0.961526	0.984317	3	0	0
5	68500001	0.991423	0.984317	3	0	0
5	69000001	0.933821	0.984317	3	0	0
5	69500001	0.82293	0.984317	3	0	0
5	70000001	0.846553	0.984317	3	0	0
5	70500001	0.938448	0.984317	3	0	0
5	71000001	0.902496	0.984317	3	0	0
5	71500001	0.959918	0.984317	3	0	0
5	72000001	1.0302	0.984317	3	0	0
5	72500001	1.03933	0.984317	3	0	0
5	73000001	0.993567	0.984317	3	0	0
5	73500001	1.01865	0.984317	3	0	0
5	74000001	1.03175	0.984317	3	0	0
5	74500001	0.947636	0.984317	3	0	0
5	75000001	1.00605	0.984317	3	0	0
5	75500001	0.988403	0.984317	3	0	0
5	76000001	0.97786	0.984317	3	0	0
5	76500001	0.968459	0.984317	3	0	0
5	77000001	1.01137	0.984317	3	0	0
5	77500001	0.94473	0.984317	3	0	0
5	78000001	0.984656	0.984317	3	0	0
5	78500001	1.05527	0.984317	3	0	0
5	79000001	0.905592	0.984317	3	0	0
5	79500001	0.954405	0.984317	3	0	0
5	80000001	0.941979	0.984317	3	0	0
5	80500001	0.899668	0.984317	3	0	0
5	81000001	0.987626	0.984317	3	0	0
5	81500001	0.982218	0.984317	3	0	0
5	82000001	0.966675	0.984317	3	0	0
5	82500001	0.992813	0.984317	3	0	0
5	83000001	0.984302	0.984317	3	0	0
5	83500001	1.0537	0.984317	3	0	0
5	84000001	0.975621	0.984317	3	0	0
5	84500001	1.02288	0.984317	3	0	0
5	85000001	1.04546	0.984317	3	0	0
5	85500001	0.994918	0.984317	3	0	0
5	86000001	0.966827	0.984317	3	0	0
5	86500001	1.01217	0.984317	3	0	0
5	87000001	1.05232	0.984317	3	0	0
5	87500001	1.05704	0.984317	3	0	0
5	88000001	0.997681	0.984317	3	0	0
5	88500001	0.958172	0.984317	3	0	0
5	89000001	1.00294	0.984317	3	0	0
5	89500001	1.02652	0.984317	3	0	0
5	90000001	1.01078	0.984317	3	0	0
5	90500001	1.00884	0.984317	3	0	0
5	91000001	1.01374	0.984317	3	0	0
5	91500001	1.02649	0.984317	3	0	0
5	92000001	1.00701	0.984317	3	0	0
5	92500001	0.9852	0.984317	3	0	0
5	93000001	1.01338	0.984317	3	0	0
5	93500001	0.997966	0.984317	3	0	0
5	94000001	0.995163	0.984317	3	0	0
5	94500001	0.968676	0.984317	3	0	0
5	95000001	0.989457	0.984317	3	0	0
5	95500001	0.995466	0.984317	3	0	0
5	96000001	1.03893	0.984317	3	0	0
5	96500001	1.02646	0.984317	3	0	0
5	97000001	0.99135	0.984317	3	0	0
5	97500001	1.02861	0.984317	3	0	0
5	98000001	1.01864	0.984317	3	0	0
5	98500001	1.00202	0.984317	3	0	0
5	99000001	0.962249	0.984317	3	0	0
5	99500001	0.961767	0.984317	3	0	0
5	100000001	0.998762	0.984317	3	0	0
5	100500001	0.989462	0.984317	3	0	0
5	101000001	1.05884	0.984317	3	0	0
5	101500001	0.958526	0.984317	3	0	0
5	102000001	0.941987	0.984317	3	0	0
5	102500001	0.980216	0.984317	3	0	0
5	103000001	1.02565	0.984317	3	0	0
5	103500001	0.973039	0.984317	3	0	0
5	104000001	1.00248	0.984317	3	0	0
5	104500001	0.976153	0.984317	3	0	0
5	105000001	1.00453	0.984317	3	0	0
5	105500001	0.992689	0.984317	3	0	0
5	106000001	0.985858	0.984317	3	0	0
5	106500001	1.06619	0.984317	3	0	0
5	107000001	0.962092	0.984317	3	0	0
5	107500001	1.01778	0.984317	3	0	0
5	108000001	0.935753	0.984317	3	0	0
5	108500001	0.97552	0.984317	3	0	0
5	109000001	0.982675	0.984317	3	0	0
5	109500001	0.98057	0.984317	3	0	0
5	110000001	0.981784	0.984317	3	0	0
5	110500001	0.964088	0.984317	3	0	0
5	111000001	0.981494	0.984317	3	0	0
5	111500001	0.966289	0.984317	3	0	0
5	112000001	1.00304	0.984317	3	0	0
5	112500001	0.939646	0.984317	3	0	0
5	113000001	1.01289	0.984317	3	0	0
5	113500001	0.976484	0.984317	3	0	0
5	114000001	0.949461	0.984317	3	0	0
5	114500001	0.991201	0.984317	3	0	0
5	115000001	1.00915	0.984317	3	0	0
5	115500001	1.01593	0.984317	3	0	0
5	116000001	1.01498	0.984317	3	0	0
5	116500001	0.936552	0.984317	3	0	0
5	117000001	0.952722	0.984317	3	0	0
5	117500001	0.952974	0.984317	3	0	0
5	118000001	0.931338	0.984317	3	0	0
5	118500001	0.964592	0.984317	3	0	0
5	119000001	0.947422	0.984317	3	0	0
5	119500001	1.0093	0.984317	3	0	0
5	120000001	0.993895	0.984317	3	0	0
5	120500001	0.953014	0.984317	3	0	0
5	121000001	1.00826	0.984317	3	0	0
5	121500001	0.991768	0.984317	3	0	0
5	122000001	0.966368	0.984317	3	0	0
5	122500001	0.909067	0.984317	3	0	0
5	123000001	0.927062	0.984317	3	0	0
5	123500001	1.03868	0.984317	3	0	0
5	124000001	0.958199	0.984317	3	0	0
5	124500001	0.935277	0.984317	3	0	0
5	125000001	0.970552	0.984317	3	0	0
5	125500001	1.03578	0.984317	3	0	0
5	126000001	1.04145	0.984317	3	0	0
5	126500001	0.931655	0.984317	3	0	0
5	127000001	1.01463	0.984317	3	0	0
5	127500001	0.996229	0.984317	3	0	0
5	128000001	0.975361	0.984317	3	0	0
5	128500001	0.962165	0.984317	3	0	0
5	129000001	0.968186	0.984317	3	0	0
5	129500001	1.02294	0.984317	3	0	0
5	130000001	0.916512	0.984317	3	0	0
5	130500001	0.979617	0.984317	3	0	0
5	131000001	0.974117	0.984317	3	0	0
5	131500001	0.971982	0.984317	3	0	0
5	132000001	1.03777	0.984317	3	0	0
5	132500001	0.949692	0.984317	3	0	0
5	133000001	0.981281	0.984317	3	0	0
5	133500001	1.00849	0.984317	3	0	0
5	134000001	0.9428	0.984317	3	0	0
5	134500001	0.93182	0.984317	3	0	0
5	135000001	0.991496	0.984317	3	0	0
5	135500001	0.987058	0.984317	3	0	0
5	136000001	0.980843	0.984317	3	0	0
5	136500001	0.950038	0.984317	3	0	0
5	137000001	0.974648	0.984317	3	0	0
5	137500001	0.959961	0.984317	3	0	0
5	138000001	0.919565	0.984317	3	0	0
5	138500001	0.987068	0.984317	3	0	0
5	139000001	0.958958	0.984317	3	0	0
5	139500001	0.979139	0.984317	3	0	0
5	140000001	0.966901	0.984317	3	0	0
5	140500001	0.936407	0.984317	3	0	0
5	141000001	0.932116	0.984317	3	0	0
5	141500001	1.03102	0.984317	3	0	0
5	142000001	0.960775	0.984317	3	0	0
5	142500001	0.990288	0.984317	3	0	0
5	143000001	1.03837	0.984317	3	0	0
5	143500001	1.00011	0.984317	3	0	0
5	144000001	0.97597	0.984317	3	0	0
5	144500001	0.984332	0.984317	3	0	0
5	145000001	0.950206	0.984317	3	0	0
5	145500001	0.951526	0.984317	3	0	0
5	146000001	0.921612	0.984317	3	0	0
5	146500001	0.955808	0.984317	3	0	0
5	147000001	0.942113	0.984317	3	0	0
5	147500001	0.974359	0.984317	3	0	0
5	148000001	1.00844	0.984317	3	0	0
5	148500001	1.0474	0.984317	3	0	0
5	149000001	1.02588	0.984317	3	0	0
5	149500001	0.919514	0.984317	3	0	0
5	150000001	1.00741	0.984317	3	0	0
5	150500001	1.02073	0.984317	3	0	0
5	151000001	1.0052	0.984317	3	0	0
5	151500001	1.05802	0.984317	3	0	0
5	152000001	1.00353	0.984317	3	0	0
5	152500001	0.966811	0.984317	3	0	0
5	153000001	0.947339	0.984317	3	0	0
5	153500001	0.99989	0.984317	3	0	0
5	154000001	0.969005	0.984317	3	0	0
5	154500001	0.931507	0.984317	3	0	0
5	155000001	0.987372	0.984317	3	0	0
5	155500001	0.976243	0.984317	3	0	0
5	156000001	0.948126	0.984317	3	0	0
5	156500001	0.963969	0.984317	3	0	0
5	157000001	0.946524	0.984317	3	0	0
5	157500001	0.897852	0.984317	3	0	0
5	158000001	0.951554	0.984317	3	0	0
5	158500001	0.962552	0.984317	3	0	0
5	159000001	0.99313	0.984317	3	0	0
5	159500001	1.01793	0.984317	3	0	0
5	160000001	0.923686	0.984317	3	0	0
5	160500001	1.03813	0.984317	3	0	0
5	161000001	0.95905	0.984317	3	0	0
5	161500001	0.966837	0.984317	3	0	0
5	162000001	0.939634	0.984317	3	0	0
5	162500001	0.940329	0.984317	3	0	0
5	163000001	1.01186	0.984317	3	0	0
5	163500001	1.02657	0.984317	3	0	0
5	164000001	0.984292	0.984317	3	0	0
5	164500001	0.911441	0.984317	3	0	0
5	165000001	0.920058	0.984317	3	0	0
5	165500001	0.937304	0.984317	3	0	0
5	166000001	0.943949	0.984317	3	0	0
5	166500001	0.901813	0.984317	3	0	0
5	167000001	0.941088	0.984317	3	0	0
5	167500001	0.994746	0.984317	3	0	0
5	168000001	1.00204	0.984317	3	0	0
5	168500001	0.986021	0.984317	3	0	0
5	169000001	0.978179	0.984317	3	0	0
5	169500001	0.985348	0.984317	3	0	0
5	170000001	0.987941	0.984317	3	0	0
5	170500001	0.963627	0.984317	3	0	0
5	171000001	0.951322	0.984317	3	0	0
5	171500001	0.978916	0.984317	3	0	0
5	172000001	0.938269	0.984317	3	0	0
5	172500001	0.992053	0.984317	3	0	0
5	173000001	0.959871	0.984317	3	0	0
5	173500001	0.984593	0.984317	3	0	0
5	174000001	0.977642	0.984317	3	0	0
5	174500001	0.94017	0.984317	3	0	0
5	175000001	0.985842	0.984317	3	0	0
5	175500001	1.03153	0.984317	3	0	0
5	176000001	0.956023	0.984317	3	0	0
5	176500001	0.985081	0.984317	3	0	0
5	177000001	0.916763	0.984317	3	0	0
5	177500001	0.915031	0.984317	3	0	0
5	178000001	0.942252	0.984317	3	0	0
5	178500001	0.976675	0.984317	3	0	0
5	179000001	0.96975	0.984317	3	0	0
5	179500001	1.11914	0.984317	3	0	0
5	180000001	0.942708	0.984317	3	0	0
5	180500001	0.942197	0.984317	3	0	0
5	181000001	0.858177	0.984317	3	0	0
5	181500001	-1	-1	-1	0	0
6	1	1.2442	1.36026	4	0	0
6	500001	1.352	1.36026	4	0	0
6	1000001	1.37594	1.36026	4	0	0
6	1500001	1.32457	1.36026	4	0	0
6	2000001	1.41497	1.36026	4	0	0
6	2500001	1.41035	1.36026	4	0	0
6	3000001	1.39801	1.36026	4	0	0
6	3500001	1.38658	1.36026	4	0	0
6	4000001	1.42624	1.36026	4	0	0
6	4500001	1.42501	1.36026	4	0	0
6	5000001	1.34796	1.36026	4	0	0
6	5500001	1.34931	1.36026	4	0	0
6	6000001	1.35696	1.36026	4	0	0
6	6500001	1.36863	1.36026	4	0	0
6	7000001	1.32157	1.36026	4	0	0
6	7500001	1.34632	1.36026	4	0	0
6	8000001	1.35497	1.36026	4	0	0
6	8500001	1.32453	1.36026	4	0	0
6	9000001	1.39333	1.36026	4	0	0
6	9500001	1.42104	1.36026	4	0	0
6	10000001	1.33668	1.36026	4	0	0
6	10500001	1.40411	1.36026	4	0	0
6	11000001	1.58269	1.36026	4	0	0
6	11500001	1.40657	1.36026	4	0	0
6	12000001	1.40027	1.36026	4	0	0
6	12500001	1.40313	1.36026	4	0	0
6	13000001	1.38388	1.36026	4	0	0
6	13500001	1.37115	1.36026	4	0	0
6	14000001	1.35186	1.36026	4	0	0
6	14500001	1.38696	1.36026	4	0	0
6	15000001	1.26413	1.36026	4	0	0
6	15500001	1.37737	1.36026	4	0	0
6	16000001	1.37631	1.36026	4	0	0
6	16500001	1.41521	1.36026	4	0	0
6	17000001	1.32845	1.36026	4	0	0
6	17500001	1.30026	1.36026	4	0	0
6	18000001	1.32771	1.36026	4	0	0
6	18500001	1.41278	1.36026	4	0	0
6	19000001	1.34886	1.36026	4	0	0
6	19500001	1.37683	1.36026	4	0	0
6	20000001	1.33543	1.36026	4	0	0
6	20500001	1.31327	1.36026	4	0	0
6	21000001	1.32887	1.36026	4	0	0
6	21500001	1.23372	1.36026	4	0	0
6	22000001	1.30624	1.36026	4	0	0
6	22500001	1.39273	1.36026	4	0	0
6	23000001	1.39215	1.36026	4	0	0
6	23500001	1.402	1.36026	4	0	0
6	24000001	1.347	1.36026	4	0	0
6	24500001	1.32924	1.36026	4	0	0
6	25000001	1.34802	1.36026	4	0	0
6	25500001	1.39605	1.36026	4	0	0
6	26000001	1.34574	1.36026	4	0	0
6	26500001	1.36026	1.36026	4	0	0
6	27000001	1.29778	1.36026	4	0	0
6	27500001	1.30298	1.36026	4	0	0
6	28000001	1.41113	1.36026	4	0	0
6	28500001	1.28905	1.36026	4	0	0
6	29000001	1.39353	1.36026	4	0	0
6	29500001	1.31004	1.36026	4	0	0
6	30000001	1.40345	1.36026	4	0	0
6	30500001	1.36839	1.36026	4	0	0
6	31000001	1.36205	1.36026	4	0	0
6	31500001	1.35196	1.36026	4	0	0
6	32000001	1.37785	1.36026	4	0	0
6	32500001	1.28069	1.36026	4	0	0
6	33000001	1.33881	1.36026	4	0	0
6	33500001	1.47548	1.47548	4	0	0
6	34000001	1.36159	1.47548	4	0	0
6	34500001	1.50687	1.47548	4	0	0
6	35000001	2.11719	2.07695	6	0	0
6	35500001	2.02796	2.07695	6	0	0
6	36000001	2.04502	2.07695	6	0	0
6	36500001	2.12661	2.07695	6	0	0
6	37000001	2.07497	2.07695	6	0	0
6	37500001	2.07695	2.07695	6	0	0
6	38000001	2.11446	2.07695	6	0	0
6	38500001	1.40921	1.41261	4	0	0
6	39000001	1.41601	1.41261	4	0	0
6	39500001	1.72541	1.72541	5	0	0
6	40000001	2.18203	2.18595	7	0	0
6	40500001	2.25677	2.18595	7	0	0
6	41000001	2.18595	2.18595	7	0	0
6	41500001	2.04236	2.04236	6	0	0
6	42000001	2.05225	2.04236	6	0	0
6	42500001	1.95699	2.04236	6	0	0
6	43000001	1.69604	1.69604	5	0	0
6	43500001	1.39298	1.40281	4	0	0
6	44000001	1.42639	1.40281	4	0	0
6	44500001	1.41461	1.40281	4	0	0
6	45000001	1.40903	1.40281	4	0	0
6	45500001	1.45833	1.40281	4	0	0
6	46000001	1.43408	1.40281	4	0	0
6	46500001	1.4502	1.40281	4	0	0
6	47000001	1.43275	1.40281	4	0	0
6	47500001	1.38227	1.40281	4	0	0
6	48000001	1.40162	1.40281	4	0	0
6	48500001	1.38321	1.40281	4	0	0
6	49000001	1.36293	1.40281	4	0	0
6	49500001	1.42049	1.40281	4	0	0
6	50000001	1.3593	1.40281	4	0	0
6	50500001	1.29372	1.40281	4	0	0
6	51000001	1.34851	1.40281	4	0	0
6	51500001	1.35901	1.40281	4	0	0
6	52000001	1.42818	1.40281	4	0	0
6	52500001	1.44786	1.40281	4	0	0
6	53000001	1.39642	1.40281	4	0	0
6	53500001	1.39237	1.40281	4	0	0
6	54000001	1.44452	1.40281	4	0	0
6	54500001	1.40194	1.40281	4	0	0
6	55000001	1.37714	1.40281	4	0	0
6	55500001	1.43902	1.40281	4	0	0
6	56000001	1.3778	1.40281	4	0	0
6	56500001	1.42838	1.40281	4	0	0
6	57000001	1.45829	1.40281	4	0	0
6	57500001	1.37254	1.40281	4	0	0
6	58000001	1.40369	1.40281	4	0	0
6	58500001	2.5474	2.44677	7	0	0
6	59000001	2.34614	2.44677	7	0	0
6	59500001	-1	-1	-1	0	0
6	60000001	-1	-1	-1	0	0
6	60500001	1.36385	1.38805	4	0	0
6	61000001	1.34159	1.38805	4	0	0
6	61500001	1.40791	1.38805	4	0	0
6	62000001	1.39174	1.38805	4	0	0
6	62500001	1.36634	1.38805	4	0	0
6	63000001	1.38442	1.38805	4	0	0
6	63500001	1.43543	1.38805	4	0	0
6	64000001	1.45171	1.38805	4	0	0
6	64500001	1.37482	1.38805	4	0	0
6	65000001	1.46323	1.38805	4	0	0
6	65500001	1.43101	1.38805	4	0	0
6	66000001	1.38979	1.38805	4	0	0
6	66500001	1.40768	1.38805	4	0	0
6	67000001	1.39991	1.38805	4	0	0
6	67500001	1.3569	1.38805	4	0	0
6	68000001	1.37856	1.38805	4	0	0
6	68500001	1.35212	1.38805	4	0	0
6	69000001	1.37686	1.38805	4	0	0
6	69500001	1.38632	1.38805	4	0	0
6	70000001	1.42023	1.38805	4	0	0
6	70500001	1.36621	1.38805	4	0	0
6	71000001	1.4879	1.38805	4	0	0
6	71500001	1.48587	1.38805	4	0	0
6	72000001	1.43446	1.38805	4	0	0
6	72500001	1.43937	1.38805	4	0	0
6	73000001	1.30035	1.38805	4	0	0
6	73500001	1.37795	1.38805	4	0	0
6	74000001	1.3046	1.38805	4	0	0
6	74500001	1.08429	1.07248	3	0	0
6	75000001	1.07508	1.07248	3	0	0
6	75500001	1.05938	1.07248	3	0	0
6	76000001	1.08557	1.07248	3	0	0
6	76500001	1.06185	1.07248	3	0	0
6	77000001	1.06989	1.07248	3	0	0
6	77500001	0.687299	0.692034	2	0	0
6	78000001	0.583348	0.692034	2	0	0
6	78500001	0.658066	0.692034	2	0	0
6	79000001	0.716581	0.692034	2	0	0
6	79500001	0.704151	0.692034	2	0	0
6	80000001	0.717983	0.692034	2	0	0
6	80500001	0.709399	0.692034	2	0	0
6	81000001	0.707759	0.692034	2	0	0
6	81500001	0.701068	0.692034	2	0	0
6	82000001	0.693193	0.692034	2	0	0
6	82500001	0.719041	0.692034	2	0	0
6	83000001	0.701509	0.692034	2	0	0
6	83500001	0.717732	0.692034	2	0	0
6	84000001	0.733414	0.692034	2	0	0
6	84500001	0.691345	0.692034	2	0	0
6	85000001	0.730759	0.692034	2	0	0
6	85500001	0.712781	0.692034	2	0	0
6	86000001	0.690528	0.692034	2	0	0
6	86500001	0.688346	0.692034	2	0	0
6	87000001	0.672363	0.692034	2	0	0
6	87500001	0.664984	0.692034	2	0	0
6	88000001	0.703745	0.692034	2	0	0
6	88500001	0.687886	0.692034	2	0	0
6	89000001	0.68393	0.692034	2	0	0
6	89500001	0.667361	0.692034	2	0	0
6	90000001	0.713616	0.692034	2	0	0
6	90500001	0.744747	0.692034	2	0	0
6	91000001	0.661689	0.692034	2	0	0
6	91500001	0.714561	0.692034	2	0	0
6	92000001	0.679687	0.692034	2	0	0
6	92500001	0.660807	0.692034	2	0	0
6	93000001	0.690395	0.692034	2	0	0
6	93500001	0.659058	0.692034	2	0	0
6	94000001	0.696645	0.692034	2	0	0
6	94500001	0.682602	0.692034	2	0	0
6	95000001	0.647724	0.692034	2	0	0
6	95500001	0.687858	0.692034	2	0	0
6	96000001	0.682276	0.692034	2	0	0
6	96500001	0.701143	0.692034	2	0	0
6	97000001	0.66427	0.692034	2	0	0
6	97500001	0.680571	0.692034	2	0	0
6	98000001	0.690822	0.692034	2	0	0
6	98500001	0.678047	0.692034	2	0	0
6	99000001	0.701451	0.692034	2	0	0
6	99500001	0.679019	0.692034	2	0	0
6	100000001	0.736892	0.692034	2	0	0
6	100500001	0.715808	0.692034	2	0	0
6	101000001	0.689416	0.692034	2	0	0
6	101500001	0.697653	0.692034	2	0	0
6	102000001	0.67366	0.692034	2	0	0
6	102500001	0.716079	0.692034	2	0	0
6	103000001	0.665723	0.692034	2	0	0
6	103500001	0.6986	0.692034	2	0	0
6	104000001	0.658223	0.692034	2	0	0
6	104500001	0.669688	0.692034	2	0	0
6	105000001	0.690976	0.692034	2	0	0
6	105500001	0.676341	0.692034	2	0	0
6	106000001	0.680735	0.692034	2	0	0
6	106500001	0.645671	0.692034	2	0	0
6	107000001	0.660298	0.692034	2	0	0
6	107500001	0.693285	0.692034	2	0	0
6	108000001	0.674095	0.692034	2	0	0
6	108500001	0.691505	0.692034	2	0	0
6	109000001	0.692153	0.692034	2	0	0
6	109500001	0.703838	0.692034	2	0	0
6	110000001	0.690991	0.692034	2	0	0
6	110500001	0.665403	0.692034	2	0	0
6	111000001	0.664942	0.692034	2	0	0
6	111500001	0.722393	0.692034	2	0	0
6	112000001	0.710576	0.692034	2	0	0
6	112500001	0.727	0.692034	2	0	0
6	113000001	0.708999	0.692034	2	0	0
6	113500001	0.700546	0.692034	2	0	0
6	114000001	0.678368	0.692034	2	0	0
6	114500001	0.700867	0.692034	2	0	0
6	115000001	0.680168	0.692034	2	0	0
6	115500001	0.712896	0.692034	2	0	0
6	116000001	0.687584	0.692034	2	0	0
6	116500001	0.708116	0.692034	2	0	0
6	117000001	0.711951	0.692034	2	0	0
6	117500001	0.690593	0.692034	2	0	0
6	118000001	0.711857	0.692034	2	0	0
6	118500001	0.637044	0.692034	2	0	0
6	119000001	0.688425	0.692034	2	0	0
6	119500001	0.719024	0.692034	2	0	0
6	120000001	0.688662	0.692034	2	0	0
6	120500001	0.658601	0.692034	2	0	0
6	121000001	0.679235	0.692034	2	0	0
6	121500001	0.674847	0.692034	2	0	0
6	122000001	0.670114	0.692034	2	0	0
6	122500001	0.663073	0.692034	2	0	0
6	123000001	0.726662	0.692034	2	0	0
6	123500001	0.665375	0.692034	2	0	0
6	124000001	0.681802	0.692034	2	0	0
6	124500001	0.736314	0.692034	2	0	0
6	125000001	0.687253	0.692034	2	0	0
6	125500001	0.710876	0.692034	2	0	0
6	126000001	0.71901	0.692034	2	0	0
6	126500001	0.701225	0.692034	2	0	0
6	127000001	0.719985	0.692034	2	0	0
6	127500001	0.724771	0.692034	2	0	0
6	128000001	0.741466	0.692034	2	0	0
6	128500001	0.744733	0.692034	2	0	0
6	129000001	0.728163	0.692034	2	0	0
6	129500001	0.723898	0.692034	2	0	0
6	130000001	0.69711	0.692034	2	0	0
6	130500001	0.701968	0.692034	2	0	0
6	131000001	0.691899	0.692034	2	0	0
6	131500001	0.72168	0.692034	2	0	0
6	132000001	0.737577	0.692034	2	0	0
6	132500001	0.712942	0.692034	2	0	0
6	133000001	0.72145	0.692034	2	0	0
6	133500001	0.723657	0.692034	2	0	0
6	134000001	0.710182	0.692034	2	0	0
6	134500001	0.653123	0.692034	2	0	0
6	135000001	0.703717	0.692034	2	0	0
6	135500001	0.729869	0.692034	2	0	0
6	136000001	0.733323	0.692034	2	0	0
6	136500001	0.658517	0.692034	2	0	0
6	137000001	0.712733	0.692034	2	0	0
6	137500001	0.677158	0.692034	2	0	0
6	138000001	0.680798	0.692034	2	0	0
6	138500001	0.677619	0.692034	2	0	0
6	139000001	0.682042	0.692034	2	0	0
6	139500001	0.708926	0.692034	2	0	0
6	140000001	0.734214	0.692034	2	0	0
6	140500001	0.748079	0.692034	2	0	0
6	141000001	0.66235	0.692034	2	0	0
6	141500001	0.722688	0.692034	2	0	0
6	142000001	0.734443	0.692034	2	0	0
6	142500001	0.712438	0.692034	2	0	0
6	143000001	0.695107	0.692034	2	0	0
6	143500001	0.732455	0.692034	2	0	0
6	144000001	0.696484	0.692034	2	0	0
6	144500001	0.661774	0.692034	2	0	0
6	145000001	0.700798	0.692034	2	0	0
6	145500001	0.713249	0.692034	2	0	0
6	146000001	0.699691	0.692034	2	0	0
6	146500001	0.672363	0.692034	2	0	0
6	147000001	0.665954	0.692034	2	0	0
6	147500001	0.669759	0.692034	2	0	0
6	148000001	0.689575	0.692034	2	0	0
6	148500001	0.705515	0.692034	2	0	0
6	149000001	0.680338	0.692034	2	0	0
6	149500001	0.647826	0.692034	2	0	0
6	150000001	0.695913	0.692034	2	0	0
6	150500001	0.649097	0.692034	2	0	0
6	151000001	0.646204	0.692034	2	0	0
6	151500001	0.711328	0.692034	2	0	0
6	152000001	0.659071	0.692034	2	0	0
6	152500001	0.693796	0.692034	2	0	0
6	153000001	0.685795	0.692034	2	0	0
6	153500001	0.678245	0.692034	2	0	0
6	154000001	0.694645	0.692034	2	0	0
6	154500001	0.675392	0.692034	2	0	0
6	155000001	0.700877	0.692034	2	0	0
6	155500001	0.721251	0.692034	2	0	0
6	156000001	0.706544	0.692034	2	0	0
6	156500001	0.692034	0.692034	2	0	0
6	157000001	0.664106	0.692034	2	0	0
6	157500001	0.723802	0.692034	2	0	0
6	158000001	0.677389	0.692034	2	0	0
6	158500001	0.698424	0.692034	2	0	0
6	159000001	0.694246	0.692034	2	0	0
6	159500001	0.687832	0.692034	2	0	0
6	160000001	0.719998	0.692034	2	0	0
6	160500001	0.750196	0.692034	2	0	0
6	161000001	0.650042	0.692034	2	0	0
6	161500001	0.676734	0.692034	2	0	0
6	162000001	0.638469	0.692034	2	0	0
6	162500001	0.677117	0.692034	2	0	0
6	163000001	0.660551	0.692034	2	0	0
6	163500001	0.685087	0.692034	2	0	0
6	164000001	0.657004	0.692034	2	0	0
6	164500001	0.645792	0.692034	2	0	0
6	165000001	0.682584	0.692034	2	0	0
6	165500001	0.748181	0.692034	2	0	0
6	166000001	1.04031	1.04031	3	0	0
6	166500001	1.05323	1.04031	3	0	0
6	167000001	1.10224	1.04031	3	0	0
6	167500001	1.01865	1.04031	3	0	0
6	168000001	1.05002	1.04031	3	0	0
6	168500001	1.03208	1.04031	3	0	0
6	169000001	1.02946	1.04031	3	0	0
6	169500001	0.983524	1.04031	3	0	0
6	170000001	1.06931	1.04031	3	0	0
6	170500001	-1	-1	-1	0	0
7	1	1.0079	0.975422	3	0	0
7	500001	1.00093	0.975422	3	0	0
7	1000001	0.959644	0.975422	3	0	0
7	1500001	1.01922	0.975422	3	0	0
7	2000001	0.960411	0.975422	3	0	0
7	2500001	0.975422	0.975422	3	0	0
7	3000001	1.01672	0.975422	3	0	0
7	3500001	0.945731	0.975422	3	0	0
7	4000001	1.00754	0.975422	3	0	0
7	4500001	0.96369	0.975422	3	0	0
7	5000001	0.979772	0.975422	3	0	0
7	5500001	0.939616	0.975422	3	0	0
7	6000001	0.972033	0.975422	3	0	0
7	6500001	1.04831	1.04459	3	0	0
7	7000001	1.0549	1.04459	3	0	0
7	7500001	1.03218	1.04459	3	0	0
7	8000001	1.06763	1.04459	3	0	0
7	8500001	1.01718	1.04459	3	0	0
7	9000001	1.07961	1.04459	3	0	0
7	9500001	1.0449	1.04459	3	0	0
7	10000001	1.00214	1.04459	3	0	0
7	10500001	1.0178	1.04459	3	0	0
7	11000001	1.0079	1.04459	3	0	0
7	11500001	1.04931	1.04459	3	0	0
7	12000001	1.02569	1.04459	3	0	0
7	12500001	1.02036	1.04459	3	0	0
7	13000001	1.08105	1.04459	3	0	0
7	13500001	1.03582	1.04459	3	0	0
7	14000001	1.05999	1.04459	3	0	0
7	14500001	1.06207	1.04459	3	0	0
7	15000001	1.01056	1.04459	3	0	0
7	15500001	1.04919	1.04459	3	0	0
7	16000001	1.00342	1.04459	3	0	0
7	16500001	1.02258	1.04459	3	0	0
7	17000001	1.09433	1.04459	3	0	0
7	17500001	1.07845	1.04459	3	0	0
7	18000001	1.02454	1.04459	3	0	0
7	18500001	1.10083	1.04459	3	0	0
7	19000001	1.04427	1.04459	3	0	0
7	19500001	1.08838	1.04459	3	0	0
7	20000001	1.052	1.04459	3	0	0
7	20500001	0.964129	1.04459	3	0	0
7	21000001	1.0324	1.04459	3	0	0
7	21500001	1.41804	1.41804	4	0	0
7	22000001	1.07404	1.02498	3	0	0
7	22500001	1.06802	1.02498	3	0	0
7	23000001	0.984866	1.02498	3	0	0
7	23500001	0.999646	1.02498	3	0	0
7	24000001	1.02466	1.02498	3	0	0
7	24500001	1.06351	1.02498	3	0	0
7	25000001	1.084	1.02498	3	0	0
7	25500001	1.03104	1.02498	3	0	0
7	26000001	1.03129	1.02498	3	0	0
7	26500001	1.04422	1.02498	3	0	0
7	27000001	0.983221	1.02498	3	0	0
7	27500001	1.0116	1.02498	3	0	0
7	28000001	1.02027	1.02498	3	0	0
7	28500001	1.03836	1.02498	3	0	0
7	29000001	0.989076	1.02498	3	0	0
7	29500001	1.0357	1.02498	3	0	0
7	30000001	1.07068	1.02498	3	0	0
7	30500001	1.04954	1.02498	3	0	0
7	31000001	0.957999	1.02498	3	0	0
7	31500001	1.03399	1.02498	3	0	0
7	32000001	1.00159	1.02498	3	0	0
7	32500001	1.04347	1.02498	3	0	0
7	33000001	0.990805	1.02498	3	0	0
7	33500001	1.02731	1.02498	3	0	0
7	34000001	1.03359	1.02498	3	0	0
7	34500001	1.03107	1.02498	3	0	0
7	35000001	1.02012	1.02498	3	0	0
7	35500001	1.04666	1.02498	3	0	0
7	36000001	1.00773	1.02498	3	0	0
7	36500001	1.06535	1.02498	3	0	0
7	37000001	0.977527	1.02498	3	0	0
7	37500001	1.02066	1.02498	3	0	0
7	38000001	1.0007	1.02498	3	0	0
7	38500001	1.02728	1.02498	3	0	0
7	39000001	1.03472	1.02498	3	0	0
7	39500001	1.02281	1.02498	3	0	0
7	40000001	0.86033	1.02498	3	0	0
7	40500001	0.995701	1.02498	3	0	0
7	41000001	1.01576	1.02498	3	0	0
7	41500001	1.05048	1.02498	3	0	0
7	42000001	1.01228	1.02498	3	0	0
7	42500001	1.02531	1.02498	3	0	0
7	43000001	1.02259	1.02498	3	0	0
7	43500001	1.03642	1.02498	3	0	0
7	44000001	1.04726	1.02498	3	0	0
7	44500001	0.982253	1.02498	3	0	0
7	45000001	1.05565	1.02498	3	0	0
7	45500001	1.02797	1.02498	3	0	0
7	46000001	1.01999	1.02498	3	0	0
7	46500001	1.04185	1.02498	3	0	0
7	47000001	1.03266	1.02498	3	0	0
7	47500001	1.04386	1.02498	3	0	0
7	48000001	1.04663	1.02498	3	0	0
7	48500001	1.02101	1.02498	3	0	0
7	49000001	0.996318	1.02498	3	0	0
7	49500001	0.98038	1.02498	3	0	0
7	50000001	0.965925	1.02498	3	0	0
7	50500001	1.05163	1.02498	3	0	0
7	51000001	0.999808	1.02498	3	0	0
7	51500001	0.99859	1.02498	3	0	0
7	52000001	0.955906	1.02498	3	0	0
7	52500001	0.992426	1.02498	3	0	0
7	53000001	0.991691	1.02498	3	0	0
7	53500001	1.04137	1.02498	3	0	0
7	54000001	1.00454	1.02498	3	0	0
7	54500001	1.05264	1.02498	3	0	0
7	55000001	0.918009	0.865295	3	0	0
7	55500001	0.885104	0.865295	3	0	0
7	56000001	0.845486	0.865295	3	0	0
7	56500001	0.840539	0.865295	3	0	0
7	57000001	0.836912	0.865295	3	0	0
7	57500001	0.966099	0.865295	3	0	0
7	58000001	1.95567	1.95567	6	0	0
7	58500001	1.58561	1.44654	4	0	0
7	59000001	1.39205	1.44654	4	0	0
7	59500001	1.50104	1.44654	4	0	0
7	60000001	1.30239	1.44654	4	0	0
7	60500001	1.96801	1.96801	6	0	0
7	61000001	1.23938	1.23864	4	0	0
7	61500001	-1	1.23864	4	0	0
7	62000001	1.22792	1.23864	4	0	0
7	62500001	1.23864	1.23864	4	0	0
7	63000001	1.00229	0.989149	3	0	0
7	63500001	0.97204	0.989149	3	0	0
7	64000001	0.990654	0.989149	3	0	0
7	64500001	0.950906	0.989149	3	0	0
7	65000001	1.0076	0.989149	3	0	0
7	65500001	1.15631	0.989149	3	0	0
7	66000001	1.00888	0.989149	3	0	0
7	66500001	1.00789	0.989149	3	0	0
7	67000001	1.05367	0.989149	3	0	0
7	67500001	0.999365	0.989149	3	0	0
7	68000001	0.950267	0.989149	3	0	0
7	68500001	0.995052	0.989149	3	0	0
7	69000001	0.962799	0.989149	3	0	0
7	69500001	0.976972	0.989149	3	0	0
7	70000001	0.993348	0.989149	3	0	0
7	70500001	0.954449	0.989149	3	0	0
7	71000001	0.978242	0.989149	3	0	0
7	71500001	0.946601	0.989149	3	0	0
7	72000001	0.952601	0.989149	3	0	0
7	72500001	0.986172	0.989149	3	0	0
7	73000001	1.05188	0.989149	3	0	0
7	73500001	1.02546	0.989149	3	0	0
7	74000001	1.01996	0.989149	3	0	0
7	74500001	0.93726	0.989149	3	0	0
7	75000001	0.949937	0.989149	3	0	0
7	75500001	0.99816	0.989149	3	0	0
7	76000001	0.967946	0.989149	3	0	0
7	76500001	1.04008	0.989149	3	0	0
7	77000001	1.05447	0.989149	3	0	0
7	77500001	0.9822	0.989149	3	0	0
7	78000001	1.02133	0.989149	3	0	0
7	78500001	1.07802	0.989149	3	0	0
7	79000001	0.972662	0.989149	3	0	0
7	79500001	0.983773	0.989149	3	0	0
7	80000001	0.951364	0.989149	3	0	0
7	80500001	0.975526	0.989149	3	0	0
7	81000001	0.980076	0.989149	3	0	0
7	81500001	1.04497	0.989149	3	0	0
7	82000001	0.990845	0.989149	3	0	0
7	82500001	1.01096	0.989149	3	0	0
7	83000001	1.01439	0.989149	3	0	0
7	83500001	0.97562	0.989149	3	0	0
7	84000001	0.987645	0.989149	3	0	0
7	84500001	0.974379	0.989149	3	0	0
7	85000001	1.01614	0.989149	3	0	0
7	85500001	1.01083	0.989149	3	0	0
7	86000001	0.94371	0.989149	3	0	0
7	86500001	1.01316	0.989149	3	0	0
7	87000001	0.954283	0.989149	3	0	0
7	87500001	0.986221	0.989149	3	0	0
7	88000001	1.01351	0.989149	3	0	0
7	88500001	1.015	0.989149	3	0	0
7	89000001	0.972752	0.989149	3	0	0
7	89500001	0.979978	0.989149	3	0	0
7	90000001	1.01746	0.989149	3	0	0
7	90500001	0.936039	0.989149	3	0	0
7	91000001	0.97632	0.989149	3	0	0
7	91500001	0.978866	0.989149	3	0	0
7	92000001	0.987357	0.989149	3	0	0
7	92500001	0.968383	0.989149	3	0	0
7	93000001	0.995162	0.989149	3	0	0
7	93500001	0.970179	0.989149	3	0	0
7	94000001	1.02006	0.989149	3	0	0
7	94500001	0.992451	0.989149	3	0	0
7	95000001	0.993591	0.989149	3	0	0
7	95500001	0.999039	0.989149	3	0	0
7	96000001	0.944587	0.989149	3	0	0
7	96500001	0.97901	0.989149	3	0	0
7	97000001	1.03571	0.989149	3	0	0
7	97500001	1.04203	0.989149	3	0	0
7	98000001	0.960768	0.989149	3	0	0
7	98500001	1.02429	0.989149	3	0	0
7	99000001	1.05068	1.05309	3	0	0
7	99500001	1.06203	1.05309	3	0	0
7	100000001	1.05249	1.05309	3	0	0
7	100500001	1.12838	1.05309	3	0	0
7	101000001	1.03259	1.05309	3	0	0
7	101500001	0.988753	1.05309	3	0	0
7	102000001	1.06568	1.05309	3	0	0
7	102500001	1.26375	1.05309	3	0	0
7	103000001	1.05471	1.05309	3	0	0
7	103500001	1.07949	1.05309	3	0	0
7	104000001	1.05309	1.05309	3	0	0
7	104500001	1.08355	1.05309	3	0	0
7	105000001	0.990061	1.05309	3	0	0
7	105500001	1.05166	1.05309	3	0	0
7	106000001	1.08841	1.05309	3	0	0
7	106500001	1.06584	1.05309	3	0	0
7	107000001	1.02667	1.05309	3	0	0
7	107500001	1.02938	1.05309	3	0	0
7	108000001	1.05165	1.05309	3	0	0
7	108500001	1.01866	1.05309	3	0	0
7	109000001	1.09339	1.05309	3	0	0
7	109500001	1.04845	1.05309	3	0	0
7	110000001	1.00971	1.05309	3	0	0
7	110500001	1.06873	1.05309	3	0	0
7	111000001	1.05686	1.05309	3	0	0
7	111500001	1.04702	1.05309	3	0	0
7	112000001	1.03656	1.05309	3	0	0
7	112500001	1.04759	1.05309	3	0	0
7	113000001	1.08364	1.05309	3	0	0
7	113500001	1.03477	1.05309	3	0	0
7	114000001	1.04659	1.05309	3	0	0
7	114500001	1.07959	1.05309	3	0	0
7	115000001	1.07434	1.05309	3	0	0
7	115500001	1.1141	1.05309	3	0	0
7	116000001	1.16804	1.05309	3	0	0
7	116500001	1.06963	1.05309	3	0	0
7	117000001	1.05847	1.05309	3	0	0
7	117500001	1.06733	1.05309	3	0	0
7	118000001	1.05144	1.05309	3	0	0
7	118500001	1.05014	1.05309	3	0	0
7	119000001	1.02522	1.05309	3	0	0
7	119500001	1.03736	1.05309	3	0	0
7	120000001	1.048	1.05309	3	0	0
7	120500001	1.06589	1.05309	3	0	0
7	121000001	1.04823	1.05309	3	0	0
7	121500001	1.09983	1.05309	3	0	0
7	122000001	1.07334	1.05309	3	0	0
7	122500001	1.10958	1.05309	3	0	0
7	123000001	1.04591	1.05309	3	0	0
7	123500001	1.08576	1.05309	3	0	0
7	124000001	1.06173	1.05309	3	0	0
7	124500001	1.04696	1.05309	3	0	0
7	125000001	1.06736	1.05309	3	0	0
7	125500001	1.01629	1.05309	3	0	0
7	126000001	1.08654	1.05309	3	0	0
7	126500001	1.05134	1.05309	3	0	0
7	127000001	1.11421	1.05309	3	0	0
7	127500001	1.02868	1.05309	3	0	0
7	128000001	1.05514	1.05309	3	0	0
7	128500001	0.989942	1.05309	3	0	0
7	129000001	1.03211	1.05309	3	0	0
7	129500001	1.03946	1.05309	3	0	0
7	130000001	1.0934	1.05309	3	0	0
7	130500001	1.06127	1.05309	3	0	0
7	131000001	1.05217	1.05309	3	0	0
7	131500001	1.43351	1.35917	4	0	0
7	132000001	1.41218	1.35917	4	0	0
7	132500001	1.37265	1.35917	4	0	0
7	133000001	1.30321	1.35917	4	0	0
7	133500001	1.3249	1.35917	4	0	0
7	134000001	1.36146	1.35917	4	0	0
7	134500001	1.35917	1.35917	4	0	0
7	135000001	1.36808	1.35917	4	0	0
7	135500001	1.30479	1.35917	4	0	0
7	136000001	1.40495	1.35917	4	0	0
7	136500001	1.33295	1.35917	4	0	0
7	137000001	1.36566	1.35917	4	0	0
7	137500001	1.40488	1.35917	4	0	0
7	138000001	1.28453	1.35917	4	0	0
7	138500001	1.30791	1.35917	4	0	0
7	139000001	1.31783	1.35917	4	0	0
7	139500001	1.34586	1.35917	4	0	0
7	140000001	1.32516	1.35917	4	0	0
7	140500001	1.30095	1.35917	4	0	0
7	141000001	1.381	1.35917	4	0	0
7	141500001	1.3457	1.35917	4	0	0
7	142000001	1.51352	1.35917	4	0	0
7	142500001	1.51857	1.35917	4	0	0
7	143000001	1.39254	1.35917	4	0	0
7	143500001	1.2364	1.35917	4	0	0
7	144000001	1.65923	1.65923	5	0	0
7	144500001	1.25412	1.32809	4	0	0
7	145000001	1.29158	1.32809	4	0	0
7	145500001	1.32586	1.32809	4	0	0
7	146000001	1.31392	1.32809	4	0	0
7	146500001	1.27186	1.32809	4	0	0
7	147000001	1.38964	1.32809	4	0	0
7	147500001	1.31978	1.32809	4	0	0
7	148000001	1.35672	1.32809	4	0	0
7	148500001	1.35078	1.32809	4	0	0
7	149000001	1.30568	1.32809	4	0	0
7	149500001	1.33244	1.32809	4	0	0
7	150000001	1.35934	1.32809	4	0	0
7	150500001	1.48293	1.32809	4	0	0
7	151000001	1.37424	1.32809	4	0	0
7	151500001	1.35417	1.32809	4	0	0
7	152000001	1.32355	1.32809	4	0	0
7	152500001	1.21405	1.32809	4	0	0
7	153000001	1.28849	1.32809	4	0	0
7	153500001	1.26165	1.32809	4	0	0
7	154000001	1.31642	1.32809	4	0	0
7	154500001	1.33511	1.32809	4	0	0
7	155000001	1.37344	1.32809	4	0	0
7	155500001	1.31211	1.32809	4	0	0
7	156000001	1.33348	1.32809	4	0	0
7	156500001	1.28349	1.32809	4	0	0
7	157000001	1.33031	1.32809	4	0	0
7	157500001	1.38933	1.32809	4	0	0
7	158000001	1.36008	1.32809	4	0	0
7	158500001	1.36954	1.32809	4	0	0
7	159000001	0.942102	1.32809	4	0	0
8	1	0.607914	0.684635	2	0	0
8	500001	0.672075	0.684635	2	0	0
8	1000001	0.634301	0.684635	2	0	0
8	1500001	0.674611	0.684635	2	0	0
8	2000001	0.651153	0.684635	2	0	0
8	2500001	0.652695	0.684635	2	0	0
8	3000001	0.677208	0.684635	2	0	0
8	3500001	0.641296	0.684635	2	0	0
8	4000001	0.627745	0.684635	2	0	0
8	4500001	0.642836	0.684635	2	0	0
8	5000001	0.641997	0.684635	2	0	0
8	5500001	0.662698	0.684635	2	0	0
8	6000001	0.698459	0.684635	2	0	0
8	6500001	0.688568	0.684635	2	0	0
8	7000001	0.647154	0.684635	2	0	0
8	7500001	0.719228	0.684635	2	0	0
8	8000001	0.804967	0.684635	2	0	0
8	8500001	0.680406	0.684635	2	0	0
8	9000001	0.699083	0.684635	2	0	0
8	9500001	0.65583	0.684635	2	0	0
8	10000001	0.689688	0.684635	2	0	0
8	10500001	0.70959	0.684635	2	0	0
8	11000001	0.677785	0.684635	2	0	0
8	11500001	0.690212	0.684635	2	0	0
8	12000001	0.630606	0.684635	2	0	0
8	12500001	0.887873	0.684635	2	0	0
8	13000001	0.653212	0.684635	2	0	0
8	13500001	0.672345	0.684635	2	0	0
8	14000001	0.688912	0.684635	2	0	0
8	14500001	0.694017	0.684635	2	0	0
8	15000001	0.679127	0.684635	2	0	0
8	15500001	0.681613	0.684635	2	0	0
8	16000001	0.693695	0.684635	2	0	0
8	16500001	0.690864	0.684635	2	0	0
8	17000001	0.713449	0.684635	2	0	0
8	17500001	0.701096	0.684635	2	0	0
8	18000001	0.706842	0.684635	2	0	0
8	18500001	0.684699	0.684635	2	0	0
8	19000001	0.723617	0.684635	2	0	0
8	19500001	0.678554	0.684635	2	0	0
8	20000001	0.681472	0.684635	2	0	0
8	20500001	0.710376	0.684635	2	0	0
8	21000001	0.656614	0.684635	2	0	0
8	21500001	0.684489	0.684635	2	0	0
8	22000001	0.660479	0.684635	2	0	0
8	22500001	0.695106	0.684635	2	0	0
8	23000001	0.676848	0.684635	2	0	0
8	23500001	0.715235	0.684635	2	0	0
8	24000001	0.69273	0.684635	2	0	0
8	24500001	0.679951	0.684635	2	0	0
8	25000001	0.694245	0.684635	2	0	0
8	25500001	0.693716	0.684635	2	0	0
8	26000001	0.71239	0.684635	2	0	0
8	26500001	0.703975	0.684635	2	0	0
8	27000001	0.696496	0.684635	2	0	0
8	27500001	0.733788	0.684635	2	0	0
8	28000001	0.719097	0.684635	2	0	0
8	28500001	0.698754	0.684635	2	0	0
8	29000001	0.672455	0.684635	2	0	0
8	29500001	0.69089	0.684635	2	0	0
8	30000001	0.688386	0.684635	2	0	0
8	30500001	0.708863	0.684635	2	0	0
8	31000001	0.666434	0.684635	2	0	0
8	31500001	0.677131	0.684635	2	0	0
8	32000001	0.702308	0.684635	2	0	0
8	32500001	0.69767	0.684635	2	0	0
8	33000001	0.68024	0.684635	2	0	0
8	33500001	0.648059	0.684635	2	0	0
8	34000001	0.668719	0.684635	2	0	0
8	34500001	0.64671	0.684635	2	0	0
8	35000001	0.696065	0.684635	2	0	0
8	35500001	0.67248	0.684635	2	0	0
8	36000001	0.678981	0.684635	2	0	0
8	36500001	0.687954	0.684635	2	0	0
8	37000001	0.720489	0.684635	2	0	0
8	37500001	0.711154	0.684635	2	0	0
8	38000001	0.670015	0.684635	2	0	0
8	38500001	0.694346	0.684635	2	0	0
8	39000001	0.635459	0.684635	2	0	0
8	39500001	0.660748	0.684635	2	0	0
8	40000001	0.684086	0.684635	2	0	0
8	40500001	0.686654	0.684635	2	0	0
8	41000001	0.6947	0.684635	2	0	0
8	41500001	0.629469	0.684635	2	0	0
8	42000001	0.68457	0.684635	2	0	0
8	42500001	0.653629	0.684635	2	0	0
8	43000001	0.677468	0.684635	2	0	0
8	43500001	0.758962	0.684635	2	0	0
8	44000001	0.892302	0.684635	2	0	0
8	44500001	0.881446	0.684635	2	0	0
8	45000001	0.786032	0.684635	2	0	0
8	45500001	0.854533	0.684635	2	0	0
8	46000001	0.740606	0.684635	2	0	0
8	46500001	0.698401	0.684635	2	0	0
8	47000001	0.6833	0.684635	2	0	0
8	47500001	0.68344	0.684635	2	0	0
8	48000001	0.675352	0.684635	2	0	0
8	48500001	0.709014	0.684635	2	0	0
8	49000001	0.708026	0.684635	2	0	0
8	49500001	0.658323	0.684635	2	0	0
8	50000001	0.68078	0.684635	2	0	0
8	50500001	0.685096	0.684635	2	0	0
8	51000001	0.655584	0.684635	2	0	0
8	51500001	0.676073	0.684635	2	0	0
8	52000001	0.681609	0.684635	2	0	0
8	52500001	0.658459	0.684635	2	0	0
8	53000001	0.68608	0.684635	2	0	0
8	53500001	0.686768	0.684635	2	0	0
8	54000001	0.647659	0.684635	2	0	0
8	54500001	0.690669	0.684635	2	0	0
8	55000001	0.660963	0.684635	2	0	0
8	55500001	0.652773	0.684635	2	0	0
8	56000001	0.654131	0.684635	2	0	0
8	56500001	0.688992	0.684635	2	0	0
8	57000001	0.658121	0.684635	2	0	0
8	57500001	0.648722	0.684635	2	0	0
8	58000001	0.656706	0.684635	2	0	0
8	58500001	0.71863	0.684635	2	0	0
8	59000001	0.711206	0.684635	2	0	0
8	59500001	0.702459	0.684635	2	0	0
8	60000001	0.721878	0.684635	2	0	0
8	60500001	0.705949	0.684635	2	0	0
8	61000001	0.709647	0.684635	2	0	0
8	61500001	0.72321	0.684635	2	0	0
8	62000001	0.699005	0.684635	2	0	0
8	62500001	0.692214	0.684635	2	0	0
8	63000001	0.66169	0.684635	2	0	0
8	63500001	0.693493	0.684635	2	0	0
8	64000001	0.629582	0.684635	2	0	0
8	64500001	0.687065	0.684635	2	0	0
8	65000001	0.713613	0.684635	2	0	0
8	65500001	0.680419	0.684635	2	0	0
8	66000001	0.686974	0.684635	2	0	0
8	66500001	0.668454	0.684635	2	0	0
8	67000001	0.643925	0.684635	2	0	0
8	67500001	0.685625	0.684635	2	0	0
8	68000001	0.684542	0.684635	2	0	0
8	68500001	0.675251	0.684635	2	0	0
8	69000001	0.634226	0.684635	2	0	0
8	69500001	0.642634	0.684635	2	0	0
8	70000001	0.64599	0.684635	2	0	0
8	70500001	0.70516	0.684635	2	0	0
8	71000001	0.700037	0.684635	2	0	0
8	71500001	0.683314	0.684635	2	0	0
8	72000001	0.668823	0.684635	2	0	0
8	72500001	0.686273	0.684635	2	0	0
8	73000001	0.682498	0.684635	2	0	0
8	73500001	0.675535	0.684635	2	0	0
8	74000001	0.677557	0.684635	2	0	0
8	74500001	0.6985	0.684635	2	0	0
8	75000001	0.658484	0.684635	2	0	0
8	75500001	0.704963	0.684635	2	0	0
8	76000001	0.696122	0.684635	2	0	0
8	76500001	0.656987	0.684635	2	0	0
8	77000001	0.664324	0.684635	2	0	0
8	77500001	0.668893	0.684635	2	0	0
8	78000001	0.703892	0.684635	2	0	0
8	78500001	0.717729	0.684635	2	0	0
8	79000001	0.688063	0.684635	2	0	0
8	79500001	0.699406	0.684635	2	0	0
8	80000001	0.922325	0.922325	3	0	0
8	80500001	1.23134	1.25104	4	0	0
8	81000001	1.26273	1.25104	4	0	0
8	81500001	1.27561	1.25104	4	0	0
8	82000001	1.25491	1.25104	4	0	0
8	82500001	1.2619	1.25104	4	0	0
8	83000001	1.20304	1.25104	4	0	0
8	83500001	1.24421	1.25104	4	0	0
8	84000001	1.25533	1.25104	4	0	0
8	84500001	1.24717	1.25104	4	0	0
8	85000001	1.18909	1.25104	4	0	0
8	85500001	3.14402	1.21891	4	0	0
8	86000001	1.21891	1.21891	4	0	0
8	86500001	1.17168	1.21891	4	0	0
8	87000001	1.22134	1.27021	4	0	0
8	87500001	1.22096	1.27021	4	0	0
8	88000001	1.32855	1.27021	4	0	0
8	88500001	1.26446	1.27021	4	0	0
8	89000001	1.27881	1.27021	4	0	0
8	89500001	1.29581	1.27021	4	0	0
8	90000001	1.34042	1.27021	4	0	0
8	90500001	1.32514	1.27021	4	0	0
8	91000001	1.30933	1.27021	4	0	0
8	91500001	1.24253	1.27021	4	0	0
8	92000001	1.22337	1.27021	4	0	0
8	92500001	1.2542	1.27021	4	0	0
8	93000001	1.28049	1.27021	4	0	0
8	93500001	1.2615	1.27021	4	0	0
8	94000001	1.29952	1.27021	4	0	0
8	94500001	1.19547	1.27021	4	0	0
8	95000001	1.28001	1.27021	4	0	0
8	95500001	1.27021	1.27021	4	0	0
8	96000001	1.22575	1.27021	4	0	0
8	96500001	1.28484	1.27021	4	0	0
8	97000001	1.28957	1.27021	4	0	0
8	97500001	1.18138	1.27021	4	0	0
8	98000001	1.30126	1.27021	4	0	0
8	98500001	1.24406	1.27021	4	0	0
8	99000001	1.30902	1.27021	4	0	0
8	99500001	1.22501	1.27021	4	0	0
8	100000001	1.24927	1.27021	4	0	0
8	100500001	1.22095	1.27021	4	0	0
8	101000001	1.30213	1.27021	4	0	0
8	101500001	1.28329	1.27021	4	0	0
8	102000001	1.22591	1.27021	4	0	0
8	102500001	1.25765	1.27021	4	0	0
8	103000001	1.26666	1.27021	4	0	0
8	103500001	1.286	1.27021	4	0	0
8	104000001	1.29962	1.27021	4	0	0
8	104500001	1.30037	1.27021	4	0	0
8	105000001	1.24847	1.27021	4	0	0
8	105500001	1.28312	1.58874	5	0	0
8	106000001	1.62346	1.58874	5	0	0
8	106500001	1.60796	1.58874	5	0	0
8	107000001	1.59492	1.58874	5	0	0
8	107500001	1.52629	1.58874	5	0	0
8	108000001	1.53672	1.58874	5	0	0
8	108500001	1.60561	1.58874	5	0	0
8	109000001	1.63228	1.58874	5	0	0
8	109500001	1.60696	1.58874	5	0	0
8	110000001	1.61774	1.58874	5	0	0
8	110500001	1.57708	1.58874	5	0	0
8	111000001	1.57475	1.58874	5	0	0
8	111500001	1.58257	1.58874	5	0	0
8	112000001	1.42343	1.58874	5	0	0
8	112500001	0.954661	0.941099	3	0	0
8	113000001	0.93236	0.941099	3	0	0
8	113500001	0.941099	0.941099	3	0	0
8	114000001	0.90176	0.941099	3	0	0
8	114500001	0.978466	0.941099	3	0	0
8	115000001	1.22214	1.30496	4	0	0
8	115500001	1.32464	1.30496	4	0	0
8	116000001	1.29364	1.30496	4	0	0
8	116500001	1.26072	1.30496	4	0	0
8	117000001	1.35942	1.30496	4	0	0
8	117500001	1.31874	1.30496	4	0	0
8	118000001	1.32881	1.30496	4	0	0
8	118500001	1.27964	1.30496	4	0	0
8	119000001	1.37099	1.30496	4	0	0
8	119500001	1.2268	1.30496	4	0	0
8	120000001	1.28332	1.30496	4	0	0
8	120500001	1.31936	1.30496	4	0	0
8	121000001	1.35863	1.30496	4	0	0
8	121500001	1.29317	1.30496	4	0	0
8	122000001	1.31748	1.30496	4	0	0
8	122500001	1.34334	1.30496	4	0	0
8	123000001	1.25368	1.30496	4	0	0
8	123500001	1.30496	1.30496	4	0	0
8	124000001	1.17624	1.30496	4	0	0
8	124500001	0.348753	0.3951	1	0	0
8	125000001	0.441447	0.3951	1	0	0
8	125500001	1.35331	1.27913	4	0	0
8	126000001	1.28576	1.27913	4	0	0
8	126500001	1.27553	1.27913	4	0	0
8	127000001	1.29312	1.27913	4	0	0
8	127500001	1.34131	1.27913	4	0	0
8	128000001	1.39978	1.27913	4	0	0
8	128500001	1.36951	1.27913	4	0	0
8	129000001	1.31091	1.27913	4	0	0
8	129500001	1.36353	1.27913	4	0	0
8	130000001	1.363	1.27913	4	0	0
8	130500001	1.39353	1.27913	4	0	0
8	131000001	1.2917	1.27913	4	0	0
8	131500001	1.33764	1.27913	4	0	0
8	132000001	1.30043	1.27913	4	0	0
8	132500001	1.30898	1.27913	4	0	0
8	133000001	1.33312	1.27913	4	0	0
8	133500001	1.27715	1.27913	4	0	0
8	134000001	1.27913	1.27913	4	0	0
8	134500001	1.30676	1.27913	4	0	0
8	135000001	1.24103	1.27913	4	0	0
8	135500001	1.27669	1.27913	4	0	0
8	136000001	1.26653	1.27913	4	0	0
8	136500001	1.24701	1.27913	4	0	0
8	137000001	1.21865	1.27913	4	0	0
8	137500001	1.2165	1.27913	4	0	0
8	138000001	1.2113	1.27913	4	0	0
8	138500001	1.25356	1.27913	4	0	0
8	139000001	1.25262	1.27913	4	0	0
8	139500001	1.21353	1.27913	4	0	0
8	140000001	1.26502	1.27913	4	0	0
8	140500001	1.2755	1.27913	4	0	0
8	141000001	1.30913	1.27913	4	0	0
8	141500001	1.3036	1.27913	4	0	0
8	142000001	1.26046	1.27913	4	0	0
8	142500001	1.27806	1.27913	4	0	0
8	143000001	1.21603	1.27913	4	0	0
8	143500001	1.23202	1.27913	4	0	0
8	144000001	1.25957	1.27913	4	0	0
8	144500001	1.28834	1.27913	4	0	0
8	145000001	-1	-1	-1	0	0
9	1	0.98621	1.0015	3	0	0
9	500001	0.947931	1.0015	3	0	0
9	1000001	1.04093	1.0015	3	0	0
9	1500001	1.0015	1.0015	3	0	0
9	2000001	0.980289	1.0015	3	0	0
9	2500001	1.01832	1.0015	3	0	0
9	3000001	1.04318	1.0015	3	0	0
9	3500001	0.528312	0.528312	2	0	0
9	4000001	0.363756	0.341779	1	0	0
9	4500001	0.346893	0.341779	1	0	0
9	5000001	0.347307	0.341779	1	0	0
9	5500001	0.342222	0.341779	1	0	0
9	6000001	0.374702	0.341779	1	0	0
9	6500001	0.325709	0.341779	1	0	0
9	7000001	0.356155	0.341779	1	0	0
9	7500001	0.338326	0.341779	1	0	0
9	8000001	0.348061	0.341779	1	0	0
9	8500001	0.341779	0.341779	1	0	0
9	9000001	0.350997	0.341779	1	0	0
9	9500001	0.346923	0.341779	1	0	0
9	10000001	0.322603	0.341779	1	0	0
9	10500001	0.333079	0.341779	1	0	0
9	11000001	0.329134	0.341779	1	0	0
9	11500001	0.334583	0.341779	1	0	0
9	12000001	0.331298	0.341779	1	0	0
9	12500001	0.3654	0.341779	1	0	0
9	13000001	0.348551	0.341779	1	0	0
9	13500001	0.326249	0.341779	1	0	0
9	14000001	0.333722	0.341779	1	0	0
9	14500001	0.353031	0.341779	1	0	0
9	15000001	0.333078	0.341779	1	0	0
9	15500001	0.334445	0.341779	1	0	0
9	16000001	0.329702	0.341779	1	0	0
9	16500001	0	0.00224605	0	0	0
9	17000001	0.00224605	0.00224605	0	0	0
9	17500001	0.00664678	0.00224605	0	0	0
9	18000001	0.605803	0.605803	2	0	0
9	18500001	0.696018	0.694028	2	0	0
9	19000001	0.635669	0.694028	2	0	0
9	19500001	0.735383	0.694028	2	0	0
9	20000001	0.692038	0.694028	2	0	0
9	20500001	0.481231	0.481231	1	0	0
9	21000001	0.000638131	0.00178398	0	0	0
9	21500001	0.00507133	0.00178398	0	0	0
9	22000001	0.00319402	0.00178398	0	0	0
9	22500001	0.00259869	0.00178398	0	0	0
9	23000001	0.000649843	0.00178398	0	0	0
9	23500001	0.000317364	0.00178398	0	0	0
9	24000001	0.000969277	0.00178398	0	0	0
9	24500001	0.0744376	0.00178398	0	0	0
9	25000001	0.332822	0.349065	1	0	0
9	25500001	0.365308	0.349065	1	0	0
9	26000001	0.988454	1.02113	3	0	0
9	26500001	1.0226	1.02113	3	0	0
9	27000001	1.03107	1.02113	3	0	0
9	27500001	1.00861	1.02113	3	0	0
9	28000001	1.01314	1.02113	3	0	0
9	28500001	1.02776	1.02113	3	0	0
9	29000001	1.01975	1.02113	3	0	0
9	29500001	0.99124	1.02113	3	0	0
9	30000001	1.00239	1.02113	3	0	0
9	30500001	1.01921	1.02113	3	0	0
9	31000001	1.00435	1.02113	3	0	0
9	31500001	1.03759	1.02113	3	0	0
9	32000001	1.12675	1.02113	3	0	0
9	32500001	1.06847	1.02113	3	0	0
9	33000001	1.05119	1.02113	3	0	0
9	33500001	1.00369	1.02113	3	0	0
9	34000001	0.989881	1.02113	3	0	0
9	34500001	1.07124	1.02113	3	0	0
9	35000001	1.02705	1.02113	3	0	0
9	35500001	1.02251	1.02113	3	0	0
9	36000001	1.02261	1.02113	3	0	0
9	36500001	1.01491	1.02113	3	0	0
9	37000001	0.996634	1.02113	3	0	0
9	37500001	1.00853	1.02113	3	0	0
9	38000001	1.07027	1.02113	3	0	0
9	38500001	1.06783	1.02113	3	0	0
9	39000001	0.915277	0.915277	3	0	0
9	39500001	0.982127	0.915277	3	0	0
9	40000001	0.896075	0.915277	3	0	0
9	40500001	1.20819	1.16699	4	0	0
9	41000001	1.1258	1.16699	4	0	0
9	41500001	0.906807	0.906807	3	0	0
9	42000001	0.475143	0.475143	1	0	0
9	42500001	0.759578	0.759578	2	0	0
9	43000001	1.38622	1.38622	4	0	0
9	43500001	3.15767	3.15767	9	0	0
9	44000001	2.54145	2.54145	8	0	0
9	44500001	1.70025	1.70025	5	0	0
9	45000001	1.15719	-1	-1	0	0
9	45500001	-1	-1	-1	0	0
9	46000001	-1	-1	-1	0	0
9	46500001	-1	-1	-1	0	0
9	47000001	-1	-1	-1	0	0
9	47500001	-1	-1	-1	0	0
9	48000001	-1	-1	-1	0	0
9	48500001	-1	-1	-1	0	0
9	49000001	-1	-1	-1	0	0
9	49500001	-1	-1	-1	0	0
9	50000001	-1	-1	-1	0	0
9	50500001	-1	-1	-1	0	0
9	51000001	-1	-1	-1	0	0
9	51500001	-1	-1	-1	0	0
9	52000001	-1	-1	-1	0	0
9	52500001	-1	-1	-1	0	0
9	53000001	-1	-1	-1	0	0
9	53500001	-1	-1	-1	0	0
9	54000001	-1	-1	-1	0	0
9	54500001	-1	-1	-1	0	0
9	55000001	-1	-1	-1	0	0
9	55500001	-1	-1	-1	0	0
9	56000001	-1	-1	-1	0	0
9	56500001	-1	-1	-1	0	0
9	57000001	-1	-1	-1	0	0
9	57500001	-1	-1	-1	0	0
9	58000001	-1	-1	-1	0	0
9	58500001	-1	-1	-1	0	0
9	59000001	-1	-1	-1	0	0
9	59500001	-1	-1	-1	0	0
9	60000001	-1	-1	-1	0	0
9	60500001	-1	-1	-1	0	0
9	61000001	-1	-1	-1	0	0
9	61500001	1.09277	-1	-1	0	0
9	62000001	-1	-1	-1	0	0
9	62500001	-1	-1	-1	0	0
9	63000001	0.744842	0.72911	2	0	0
9	63500001	-1	0.72911	2	0	0
9	64000001	-1	0.72911	2	0	0
9	64500001	0.713378	0.72911	2	0	0
9	65000001	-1	-1	-1	0	0
9	65500001	0.991975	1.00609	3	0	0
9	66000001	-1	1.00609	3	0	0
9	66500001	-1	1.00609	3	0	0
9	67000001	0.924029	1.00609	3	0	0
9	67500001	-1	1.00609	3	0	0
9	68000001	-1	1.00609	3	0	0
9	68500001	1.00067	1.00609	3	0	0
9	69000001	1.01513	1.00609	3	0	0
9	69500001	1.07211	1.00609	3	0	0
9	70000001	1.06544	1.00609	3	0	0
9	70500001	0.983589	1.00609	3	0	0
9	71000001	1.03014	1.00609	3	0	0
9	71500001	0.960891	1.00609	3	0	0
9	72000001	1.01692	1.00609	3	0	0
9	72500001	1.04708	1.00609	3	0	0
9	73000001	1.08051	1.00609	3	0	0
9	73500001	1.0689	1.00609	3	0	0
9	74000001	1.0342	1.00609	3	0	0
9	74500001	0.973002	1.00609	3	0	0
9	75000001	1.00609	1.00609	3	0	0
9	75500001	1.00814	1.00609	3	0	0
9	76000001	0.98501	1.00609	3	0	0
9	76500001	0.990073	1.00609	3	0	0
9	77000001	0.9874	1.00609	3	0	0
9	77500001	1.00199	1.00609	3	0	0
9	78000001	0.969243	1.00609	3	0	0
9	78500001	1.03316	1.00609	3	0	0
9	79000001	1.02235	1.00609	3	0	0
9	79500001	0.996138	1.00609	3	0	0
9	80000001	0.993023	1.00609	3	0	0
9	80500001	1.03642	1.00609	3	0	0
9	81000001	1.0199	1.00609	3	0	0
9	81500001	0.993688	1.00609	3	0	0
9	82000001	1.04412	1.00609	3	0	0
9	82500001	1.02791	1.00609	3	0	0
9	83000001	1.0201	1.00609	3	0	0
9	83500001	0.977595	1.00609	3	0	0
9	84000001	0.991901	1.00609	3	0	0
9	84500001	1.03111	1.00609	3	0	0
9	85000001	1.02546	1.00609	3	0	0
9	85500001	0.980713	1.00609	3	0	0
9	86000001	0.999106	1.00609	3	0	0
9	86500001	1.02341	1.00609	3	0	0
9	87000001	0.990359	1.00609	3	0	0
9	87500001	0.996235	1.00609	3	0	0
9	88000001	0.974098	1.00609	3	0	0
9	88500001	0.988294	1.00609	3	0	0
9	89000001	1.0188	1.00609	3	0	0
9	89500001	0.996216	1.00609	3	0	0
9	90000001	1.00821	1.00609	3	0	0
9	90500001	1.05087	1.00609	3	0	0
9	91000001	1.03892	1.00609	3	0	0
9	91500001	1.01961	1.00609	3	0	0
9	92000001	0.993824	1.00609	3	0	0
9	92500001	1.00979	1.00609	3	0	0
9	93000001	0.995293	1.00609	3	0	0
9	93500001	0.957445	1.00609	3	0	0
9	94000001	0.988394	1.00609	3	0	0
9	94500001	1.04711	1.00609	3	0	0
9	95000001	0.990256	1.00609	3	0	0
9	95500001	1.03521	1.00609	3	0	0
9	96000001	1.0105	1.00609	3	0	0
9	96500001	0.95902	1.00609	3	0	0
9	97000001	1.05175	1.03786	3	0	0
9	97500001	1.04902	1.03786	3	0	0
9	98000001	1.08118	1.03786	3	0	0
9	98500001	1.03752	1.03786	3	0	0
9	99000001	1.06112	1.03786	3	0	0
9	99500001	1.04022	1.03786	3	0	0
9	100000001	1.00011	1.03786	3	0	0
9	100500001	1.04107	1.03786	3	0	0
9	101000001	1.0359	1.03786	3	0	0
9	101500001	1.01471	1.03786	3	0	0
9	102000001	1.02144	1.03786	3	0	0
9	102500001	0.981023	1.03786	3	0	0
9	103000001	0.980105	1.03786	3	0	0
9	103500001	1.04326	1.03786	3	0	0
9	104000001	1.0254	1.03786	3	0	0
9	104500001	1.07273	1.03786	3	0	0
9	105000001	1.02604	1.03786	3	0	0
9	105500001	1.07859	1.03786	3	0	0
9	106000001	1.07535	1.03786	3	0	0
9	106500001	1.08717	1.03786	3	0	0
9	107000001	1.0371	1.03786	3	0	0
9	107500001	0.995877	1.03786	3	0	0
9	108000001	1.06942	1.03786	3	0	0
9	108500001	1.02	1.03786	3	0	0
9	109000001	1.04723	1.03786	3	0	0
9	109500001	1.05111	1.03786	3	0	0
9	110000001	1.03023	1.03786	3	0	0
9	110500001	1.0615	1.03786	3	0	0
9	111000001	0.989615	1.03786	3	0	0
9	111500001	1.05599	1.03786	3	0	0
9	112000001	1.06686	1.03786	3	0	0
9	112500001	1.02335	1.03786	3	0	0
9	113000001	1.02708	1.03786	3	0	0
9	113500001	1.02048	1.03786	3	0	0
9	114000001	1.0851	1.03786	3	0	0
9	114500001	1.0585	1.03786	3	0	0
9	115000001	1.07172	1.03786	3	0	0
9	115500001	1.0365	1.03786	3	0	0
9	116000001	1.06328	1.03786	3	0	0
9	116500001	0.95146	1.03786	3	0	0
9	117000001	1.0072	1.03786	3	0	0
9	117500001	1.04118	1.03786	3	0	0
9	118000001	1.07164	1.03786	3	0	0
9	118500001	1.02376	1.03786	3	0	0
9	119000001	1.0199	1.03786	3	0	0
9	119500001	1.06063	1.03786	3	0	0
9	120000001	1.06546	1.03786	3	0	0
9	120500001	1.05358	1.03786	3	0	0
9	121000001	1.03924	1.03786	3	0	0
9	121500001	1.00749	1.03786	3	0	0
9	122000001	1.04533	1.03786	3	0	0
9	122500001	1.0217	1.03786	3	0	0
9	123000001	1.01754	1.03786	3	0	0
9	123500001	1.0269	1.03786	3	0	0
9	124000001	1.07395	1.03786	3	0	0
9	124500001	1.00029	1.03786	3	0	0
9	125000001	1.03467	1.03786	3	0	0
9	125500001	1.04285	1.03786	3	0	0
9	126000001	1.02648	1.03786	3	0	0
9	126500001	1.01594	1.03786	3	0	0
9	127000001	1.06347	1.03786	3	0	0
9	127500001	1.0898	1.03786	3	0	0
9	128000001	1.02954	1.03786	3	0	0
9	128500001	1.04402	1.03786	3	0	0
9	129000001	1.0417	1.03786	3	0	0
9	129500001	1.01568	1.03786	3	0	0
9	130000001	1.03821	1.03786	3	0	0
9	130500001	1.02333	1.03786	3	0	0
9	131000001	1.02687	1.03786	3	0	0
9	131500001	1.03301	1.03786	3	0	0
9	132000001	1.00834	1.03786	3	0	0
9	132500001	1.04547	1.03786	3	0	0
9	133000001	1.0003	1.03786	3	0	0
9	133500001	1.04435	1.03786	3	0	0
9	134000001	1.05945	1.03786	3	0	0
9	134500001	1.05701	1.03786	3	0	0
9	135000001	1.06939	1.03786	3	0	0
9	135500001	1.05028	1.03786	3	0	0
9	136000001	1.01407	1.03786	3	0	0
9	136500001	1.02162	1.03786	3	0	0
9	137000001	1.0088	1.03786	3	0	0
9	137500001	1.01121	1.03786	3	0	0
9	138000001	-1	-1	-1	0	0
GL000008.2	1	0.604411	0.604411	2	0	0
GL000009.2	1	0.263719	0.263719	1	0	0
GL000194.1	1	0.581965	0.581965	2	0	0
GL000195.1	1	0.343487	0.343487	1	0	0
GL000205.2	1	0.382206	0.382206	1	0	0
GL000208.1	1	-1	-1	-1	0	0
GL000213.1	1	2.61497	2.61497	8	0	0
GL000214.1	1	0.133823	0.133823	0	0	0
GL000216.2	1	0.35122	0.35122	1	0	0
GL000218.1	1	0.401076	0.401076	1	0	0
GL000219.1	1	0.395791	0.395791	1	0	0
GL000220.1	1	0.41366	0.41366	1	0	0
GL000221.1	1	0.294663	0.294663	1	0	0
GL000224.1	1	0.275881	0.275881	1	0	0
GL000225.1	1	0.495734	0.495734	1	0	0
GL000226.1	1	-1	-1	-1	0	0
KI270302.1	1	0.0139409	0.0139409	0	0	0
KI270303.1	1	0.00287157	0.00287157	0	0	0
KI270304.1	1	0.0104279	0.0104279	0	0	0
KI270305.1	1	0.000634565	0.000634565	0	0	0
KI270310.1	1	0.00540641	0.00540641	0	0	0
KI270311.1	1	0.0174858	0.0174858	0	0	0
KI270312.1	1	0.000245376	0.000245376	0	0	0
KI270315.1	1	0.00252589	0.00252589	0	0	0
KI270316.1	1	0.00252611	0.00252611	0	0	0
KI270317.1	1	0	0	0	0	0
KI270320.1	1	0.014762	0.014762	0	0	0
KI270322.1	1	0.82874	0.82874	2	0	0
KI270329.1	1	0.00444031	0.00444031	0	0	0
KI270330.1	1	0.00163389	0.00163389	0	0	0
KI270333.1	1	0.00161095	0.00161095	0	0	0
KI270334.1	1	0.00579755	0.00579755	0	0	0
KI270335.1	1	0.000317518	0.000317518	0	0	0
KI270336.1	1	0.00160597	0.00160597	0	0	0
KI270337.1	1	0.00157839	0.00157839	0	0	0
KI270338.1	1	0.00814181	0.00814181	0	0	0
KI270340.1	1	0.00157831	0.00157831	0	0	0
KI270362.1	1	0.0159423	0.0159423	0	0	0
KI270363.1	1	0.00128361	0.00128361	0	0	0
KI270364.1	1	0.00192538	0.00192538	0	0	0
KI270366.1	1	0.0277822	0.0277822	0	0	0
KI270371.1	1	0.29958	0.29958	1	0	0
KI270372.1	1	0.000316397	0.000316397	0	0	0
KI270373.1	1	0.00568557	0.00568557	0	0	0
KI270374.1	1	0.00478951	0.00478951	0	0	0
KI270375.1	1	0.0116798	0.0116798	0	0	0
KI270376.1	1	0.321052	0.321052	1	0	0
KI270378.1	1	0.0012778	0.0012778	0	0	0
KI270379.1	1	0.00288441	0.00288441	0	0	0
KI270381.1	1	0.00507375	0.00507375	0	0	0
KI270382.1	1	0.0106446	0.0106446	0	0	0
KI270383.1	1	0.000963218	0.000963218	0	0	0
KI270384.1	1	0.0507519	0.0507519	0	0	0
KI270385.1	1	0.00189801	0.00189801	0	0	0
KI270386.1	1	0.0294477	0.0294477	0	0	0
KI270387.1	1	0.00160415	0.00160415	0	0	0
KI270388.1	1	0.0177409	0.0177409	0	0	0
KI270389.1	1	0.317913	0.317913	1	0	0
KI270390.1	1	0.00259785	0.00259785	0	0	0
KI270391.1	1	0.00599748	0.00599748	0	0	0
KI270392.1	1	0.00128826	0.00128826	0	0	0
KI270393.1	1	0.00810526	0.00810526	0	0	0
KI270395.1	1	0.000323204	0.000323204	0	0	0
KI270396.1	1	0.00540475	0.00540475	0	0	0
KI270411.1	1	0.00478669	0.00478669	0	0	0
KI270412.1	1	0.0102908	0.0102908	0	0	0
KI270414.1	1	0.0152725	0.0152725	0	0	0
KI270417.1	1	0.0110507	0.0110507	0	0	0
KI270418.1	1	0.00418717	0.00418717	0	0	0
KI270419.1	1	0.0763904	0.0763904	0	0	0
KI270420.1	1	0.00878449	0.00878449	0	0	0
KI270422.1	1	0.000318037	0.000318037	0	0	0
KI270423.1	1	0.000968682	0.000968682	0	0	0
KI270424.1	1	0.005174	0.005174	0	0	0
KI270425.1	1	0.00576537	0.00576537	0	0	0
KI270429.1	1	0	0	0	0	0
KI270435.1	1	0.339491	0.339491	1	0	0
KI270438.1	1	0.153455	0.153455	0	0	0
KI270442.1	1	2.04468	2.04468	6	0	0
KI270448.1	1	0.0116979	0.0116979	0	0	0
KI270465.1	1	0.00159682	0.00159682	0	0	0
KI270466.1	1	0	0	0	0	0
KI270467.1	1	0.0116631	0.0116631	0	0	0
KI270468.1	1	1.07528	1.07528	3	0	0
KI270507.1	1	0.0451041	0.0451041	0	0	0
KI270508.1	1	0.00348015	0.00348015	0	0	0
KI270509.1	1	0.00286338	0.00286338	0	0	0
KI270510.1	1	0.00289202	0.00289202	0	0	0
KI270511.1	1	0.0329915	0.0329915	0	0	0
KI270512.1	1	-1	-1	-1	0	0
KI270515.1	1	0.0295149	0.0295149	0	0	0
KI270516.1	1	0.000320874	0.000320874	0	0	0
KI270517.1	1	0.0109425	0.0109425	0	0	0
KI270518.1	1	0.00158663	0.00158663	0	0	0
KI270519.1	1	0.602011	0.602011	2	0	0
KI270521.1	1	0.0104233	0.0104233	0	0	0
KI270522.1	1	0.0325097	0.0325097	0	0	0
KI270528.1	1	0.119508	0.119508	0	0	0
KI270529.1	1	0.00126882	0.00126882	0	0	0
KI270530.1	1	0.000950005	0.000950005	0	0	0
KI270538.1	1	0.12566	0.12566	0	0	0
KI270539.1	1	0.000321841	0.000321841	0	0	0
KI270544.1	1	0.0098133	0.0098133	0	0	0
KI270548.1	1	0.00861081	0.00861081	0	0	0
KI270579.1	1	0	0	0	0	0
KI270580.1	1	0.00194128	0.00194128	0	0	0
KI270581.1	1	0.00948794	0.00948794	0	0	0
KI270582.1	1	0.0398295	0.0398295	0	0	0
KI270583.1	1	0.000947768	0.000947768	0	0	0
KI270584.1	1	0.0659996	0.0659996	0	0	0
KI270587.1	1	0.0061519	0.0061519	0	0	0
KI270588.1	1	0.0406406	0.0406406	0	0	0
KI270589.1	1	0.0050622	0.0050622	0	0	0
KI270590.1	1	0.021374	0.021374	0	0	0
KI270591.1	1	0.00482032	0.00482032	0	0	0
KI270593.1	1	0.000327071	0.000327071	0	0	0
KI270706.1	1	0.333043	0.333043	1	0	0
KI270707.1	1	0.0436472	0.0436472	0	0	0
KI270708.1	1	0.311784	0.311784	1	0	0
KI270709.1	1	0.182054	0.182054	1	0	0
KI270710.1	1	0.0566541	0.0566541	0	0	0
KI270711.1	1	0.0804287	0.0804287	0	0	0
KI270712.1	1	0.412492	0.412492	1	0	0
KI270713.1	1	0.175711	0.175711	1	0	0
KI270714.1	1	0.161795	0.161795	0	0	0
KI270715.1	1	0.532148	0.532148	2	0	0
KI270716.1	1	0.164939	0.164939	0	0	0
KI270717.1	1	0.100083	0.100083	0	0	0
KI270718.1	1	-1	-1	-1	0	0
KI270719.1	1	1.811	1.811	5	0	0
KI270720.1	1	0.100571	0.100571	0	0	0
KI270721.1	1	0.196576	0.196576	1	0	0
KI270722.1	1	0.47449	0.47449	1	0	0
KI270723.1	1	0.0818723	0.0818723	0	0	0
KI270724.1	1	0.0656977	0.0656977	0	0	0
KI270725.1	1	0.856483	0.856483	3	0	0
KI270726.1	1	0.306413	0.306413	1	0	0
KI270727.1	1	1.05182	1.05182	3	0	0
KI270728.1	1	0.369171	0.369171	1	0	0
KI270729.1	1	3.09617	3.09617	9	0	0
KI270730.1	1	-1	-1	-1	0	0
KI270731.1	1	0.618227	0.618227	2	0	0
KI270732.1	1	0.149431	0.149431	0	0	0
KI270733.1	1	1.18019	1.18019	4	0	0
KI270734.1	1	0.0564941	0.0564941	0	0	0
KI270735.1	1	0.12897	0.12897	0	0	0
KI270736.1	1	2.03817	2.03817	6	0	0
KI270737.1	1	0.108226	0.108226	0	0	0
KI270738.1	1	0.0702991	0.0702991	0	0	0
KI270739.1	1	0.329297	0.329297	1	0	0
KI270740.1	1	0.0334968	0.0334968	0	0	0
KI270741.1	1	0.463422	0.463422	1	0	0
KI270742.1	1	0.67737	0.67737	2	0	0
KI270743.1	1	0.624707	0.624707	2	0	0
KI270744.1	1	0.205887	0.205887	1	0	0
KI270745.1	1	0.059797	0.059797	0	0	0
KI270746.1	1	0.112574	0.112574	0	0	0
KI270747.1	1	0.405245	0.405245	1	0	0
KI270748.1	1	0.196761	0.196761	1	0	0
KI270749.1	1	0.123072	0.123072	0	0	0
KI270750.1	1	0.289085	0.289085	1	0	0
KI270751.1	1	0.356708	0.356708	1	0	0
KI270752.1	1	0.0215701	0.0215701	0	0	0
KI270753.1	1	-1	-1	-1	0	0
KI270754.1	1	0.0833778	0.0833778	0	0	0
KI270755.1	1	0.0731758	0.0731758	0	0	0
KI270756.1	1	0.0516472	0.0516472	0	0	0
KI270757.1	1	2.97066	2.97066	9	0	0
MT	1	11.8318	11.8318	35	0	0
X	1	-1	-1	-1	0	0
X	500001	0.837381	0.873988	3	0	0
X	1000001	0.807731	0.873988	3	0	0
X	1500001	0.806662	0.873988	3	0	0
X	2000001	-1	0.873988	3	0	0
X	2500001	0.873988	0.873988	3	0	0
X	3000001	0.896468	0.873988	3	0	0
X	3500001	0.76939	0.873988	3	0	0
X	4000001	0.87055	0.873988	3	0	0
X	4500001	0.849978	0.873988	3	0	0
X	5000001	0.882597	0.873988	3	0	0
X	5500001	0.900869	0.873988	3	0	0
X	6000001	0.903964	0.873988	3	0	0
X	6500001	0.904561	0.873988	3	0	0
X	7000001	0.908044	0.873988	3	0	0
X	7500001	0.912684	0.873988	3	0	0
X	8000001	0.855437	0.873988	3	0	0
X	8500001	0.946414	0.950533	3	0	0
X	9000001	0.880601	0.950533	3	0	0
X	9500001	0.924098	0.950533	3	0	0
X	10000001	0.945712	0.950533	3	0	0
X	10500001	0.965465	0.950533	3	0	0
X	11000001	0.959559	0.950533	3	0	0
X	11500001	0.936211	0.950533	3	0	0
X	12000001	0.939102	0.950533	3	0	0
X	12500001	0.981095	0.950533	3	0	0
X	13000001	1.00615	0.950533	3	0	0
X	13500001	0.966071	0.950533	3	0	0
X	14000001	0.90209	0.950533	3	0	0
X	14500001	0.954608	0.950533	3	0	0
X	15000001	0.941329	0.950533	3	0	0
X	15500001	0.925678	0.950533	3	0	0
X	16000001	0.979685	0.950533	3	0	0
X	16500001	0.899071	0.950533	3	0	0
X	17000001	0.994657	0.950533	3	0	0
X	17500001	0.938002	0.950533	3	0	0
X	18000001	0.9195	0.950533	3	0	0
X	18500001	0.839134	0.950533	3	0	0
X	19000001	0.887757	0.950533	3	0	0
X	19500001	0.905273	0.950533	3	0	0
X	20000001	0.945251	0.950533	3	0	0
X	20500001	0.965163	0.950533	3	0	0
X	21000001	0.989311	0.950533	3	0	0
X	21500001	0.9348	0.950533	3	0	0
X	22000001	0.952006	0.950533	3	0	0
X	22500001	0.976286	0.950533	3	0	0
X	23000001	0.957318	0.950533	3	0	0
X	23500001	0.94577	0.950533	3	0	0
X	24000001	0.918734	0.950533	3	0	0
X	24500001	0.946579	0.950533	3	0	0
X	25000001	0.978122	0.950533	3	0	0
X	25500001	0.950403	0.950533	3	0	0
X	26000001	0.936144	0.950533	3	0	0
X	26500001	0.950143	0.950533	3	0	0
X	27000001	0.896634	0.950533	3	0	0
X	27500001	0.92014	0.950533	3	0	0
X	28000001	0.968761	0.950533	3	0	0
X	28500001	0.980826	0.950533	3	0	0
X	29000001	0.976821	0.950533	3	0	0
X	29500001	0.972866	0.950533	3	0	0
X	30000001	0.973248	0.950533	3	0	0
X	30500001	0.963069	0.950533	3	0	0
X	31000001	0.957851	0.950533	3	0	0
X	31500001	0.958218	0.950533	3	0	0
X	32000001	0.934903	0.950533	3	0	0
X	32500001	0.918587	0.950533	3	0	0
X	33000001	0.901052	0.950533	3	0	0
X	33500001	0.925009	0.950533	3	0	0
X	34000001	0.960064	0.950533	3	0	0
X	34500001	0.954462	0.950533	3	0	0
X	35000001	0.894321	0.950533	3	0	0
X	35500001	0.901709	0.950533	3	0	0
X	36000001	0.950971	0.950533	3	0	0
X	36500001	0.921951	0.950533	3	0	0
X	37000001	-1	0.950533	3	0	0
X	37500001	0.932694	0.950533	3	0	0
X	38000001	0.981633	0.950533	3	0	0
X	38500001	0.932563	0.950533	3	0	0
X	39000001	0.945135	0.950533	3	0	0
X	39500001	0.975229	0.950533	3	0	0
X	40000001	0.881255	0.950533	3	0	0
X	40500001	0.951859	0.950533	3	0	0
X	41000001	0.885678	0.950533	3	0	0
X	41500001	0.98246	0.950533	3	0	0
X	42000001	0.993478	0.950533	3	0	0
X	42500001	0.979386	0.950533	3	0	0
X	43000001	0.96389	0.950533	3	0	0
X	43500001	0.970706	0.950533	3	0	0
X	44000001	0.961673	0.950533	3	0	0
X	44500001	0.879951	0.950533	3	0	0
X	45000001	0.999767	0.950533	3	0	0
X	45500001	0.996916	0.950533	3	0	0
X	46000001	0.984464	0.950533	3	0	0
X	46500001	0.951	0.950533	3	0	0
X	47000001	0.924592	0.950533	3	0	0
X	47500001	0.950662	0.950533	3	0	0
X	48000001	0.93115	0.950533	3	0	0
X	48500001	0.91577	0.950533	3	0	0
X	49000001	-1	0.950533	3	0	0
X	49500001	1.02392	0.950533	3	0	0
X	50000001	0.933229	0.950533	3	0	0
X	50500001	0.961729	0.950533	3	0	0
X	51000001	0.970405	0.950533	3	0	0
X	51500001	0.795362	0.667343	2	0	0
X	52000001	0.687421	0.667343	2	0	0
X	52500001	0.660231	0.667343	2	0	0
X	53000001	0.668318	0.667343	2	0	0
X	53500001	0.683834	0.667343	2	0	0
X	54000001	0.637289	0.667343	2	0	0
X	54500001	0.700515	0.667343	2	0	0
X	55000001	0.657197	0.667343	2	0	0
X	55500001	0.666369	0.667343	2	0	0
X	56000001	0.665895	0.667343	2	0	0
X	56500001	0.676784	0.667343	2	0	0
X	57000001	0.662281	0.667343	2	0	0
X	57500001	0.67987	0.667343	2	0	0
X	58000001	0.675302	0.667343	2	0	0
X	58500001	0.644714	0.667343	2	0	0
X	59000001	0.622135	0.667343	2	0	0
X	59500001	0.555278	0.54647	2	0	0
X	60000001	0.552649	0.54647	2	0	0
X	60500001	0.517715	0.54647	2	0	0
X	61000001	0.562653	0.54647	2	0	0
X	61500001	0.528342	0.54647	2	0	0
X	62000001	0.54029	0.54647	2	0	0
X	62500001	0.746672	0.682246	2	0	0
X	63000001	0.700387	0.682246	2	0	0
X	63500001	0.732619	0.682246	2	0	0
X	64000001	0.681909	0.682246	2	0	0
X	64500001	0.688531	0.682246	2	0	0
X	65000001	0.683418	0.682246	2	0	0
X	65500001	0.656784	0.682246	2	0	0
X	66000001	0.675234	0.682246	2	0	0
X	66500001	0.688904	0.682246	2	0	0
X	67000001	0.688973	0.682246	2	0	0
X	67500001	0.685522	0.682246	2	0	0
X	68000001	0.69045	0.682246	2	0	0
X	68500001	0.67158	0.682246	2	0	0
X	69000001	0.678675	0.682246	2	0	0
X	69500001	0.650529	0.682246	2	0	0
X	70000001	0.688194	0.682246	2	0	0
X	70500001	0.692572	0.682246	2	0	0
X	71000001	0.640835	0.682246	2	0	0
X	71500001	0.66907	0.682246	2	0	0
X	72000001	0.687933	0.682246	2	0	0
X	72500001	0.713273	0.682246	2	0	0
X	73000001	0.697807	0.682246	2	0	0
X	73500001	0.695523	0.682246	2	0	0
X	74000001	0.681401	0.682246	2	0	0
X	74500001	0.687208	0.682246	2	0	0
X	75000001	0.632517	0.682246	2	0	0
X	75500001	0.695311	0.682246	2	0	0
X	76000001	0.694217	0.682246	2	0	0
X	76500001	0.682147	0.682246	2	0	0
X	77000001	0.667953	0.682246	2	0	0
X	77500001	0.611122	0.682246	2	0	0
X	78000001	0.691354	0.682246	2	0	0
X	78500001	0.674338	0.682246	2	0	0
X	79000001	0.646161	0.682246	2	0	0
X	79500001	0.676081	0.682246	2	0	0
X	80000001	0.673291	0.682246	2	0	0
X	80500001	0.682345	0.682246	2	0	0
X	81000001	0.65943	0.682246	2	0	0
X	81500001	0.688778	0.682246	2	0	0
X	82000001	0.645523	0.682246	2	0	0
X	82500001	0.660148	0.682246	2	0	0
X	83000001	0.649331	0.682246	2	0	0
X	83500001	0.659237	0.682246	2	0	0
X	84000001	0.665421	0.682246	2	0	0
X	84500001	0.658138	0.682246	2	0	0
X	85000001	0.725293	0.682246	2	0	0
X	85500001	0.635716	0.682246	2	0	0
X	86000001	0.689516	0.682246	2	0	0
X	86500001	0.669473	0.682246	2	0	0
X	87000001	0.701788	0.682246	2	0	0
X	87500001	0.730932	0.682246	2	0	0
X	88000001	0.705191	0.682246	2	0	0
X	88500001	0.636578	0.659343	2	0	0
X	89000001	0.658308	0.659343	2	0	0
X	89500001	0.640807	0.659343	2	0	0
X	90000001	0.640797	0.659343	2	0	0
X	90500001	0.680734	0.659343	2	0	0
X	91000001	0.679127	0.659343	2	0	0
X	91500001	0.60611	0.659343	2	0	0
X	92000001	0.587156	0.659343	2	0	0
X	92500001	0.60894	0.659343	2	0	0
X	93000001	0.666148	0.659343	2	0	0
X	93500001	0.646399	0.659343	2	0	0
X	94000001	0.652206	0.659343	2	0	0
X	94500001	0.681234	0.659343	2	0	0
X	95000001	0.645055	0.659343	2	0	0
X	95500001	0.661041	0.659343	2	0	0
X	96000001	0.646905	0.659343	2	0	0
X	96500001	0.638466	0.659343	2	0	0
X	97000001	0.602349	0.659343	2	0	0
X	97500001	0.677972	0.659343	2	0	0
X	98000001	0.635063	0.659343	2	0	0
X	98500001	0.685301	0.659343	2	0	0
X	99000001	0.661795	0.659343	2	0	0
X	99500001	0.653857	0.659343	2	0	0
X	100000001	0.686901	0.659343	2	0	0
X	100500001	0.708538	0.659343	2	0	0
X	101000001	0.634834	0.659343	2	0	0
X	101500001	0.699662	0.659343	2	0	0
X	102000001	0.684555	0.659343	2	0	0
X	102500001	0.687091	0.659343	2	0	0
X	103000001	0.652771	0.659343	2	0	0
X	103500001	0.664283	0.659343	2	0	0
X	104000001	0.645872	0.659343	2	0	0
X	104500001	0.687023	0.659343	2	0	0
X	105000001	0.656993	0.659343	2	0	0
X	105500001	0.675217	0.659343	2	0	0
X	106000001	0.67503	0.659343	2	0	0
X	106500001	0.67837	0.659343	2	0	0
X	107000001	0.680345	0.659343	2	0	0
X	107500001	0.697425	0.659343	2	0	0
X	108000001	0.685878	0.659343	2	0	0
X	108500001	0.655819	0.659343	2	0	0
X	109000001	0.683934	0.659343	2	0	0
X	109500001	0.657326	0.659343	2	0	0
X	110000001	0.663388	0.659343	2	0	0
X	110500001	0.680665	0.659343	2	0	0
X	111000001	0.685031	0.659343	2	0	0
X	111500001	0.63916	0.659343	2	0	0
X	112000001	0.649095	0.659343	2	0	0
X	112500001	0.660879	0.659343	2	0	0
X	113000001	0.668458	0.659343	2	0	0
X	113500001	0.630984	0.659343	2	0	0
X	114000001	0.655627	0.659343	2	0	0
X	114500001	0.677204	0.659343	2	0	0
X	115000001	0.659377	0.659343	2	0	0
X	115500001	-1	0.659343	2	0	0
X	116000001	0.640893	0.659343	2	0	0
X	116500001	0.632857	0.659343	2	0	0
X	117000001	0.663976	0.659343	2	0	0
X	117500001	0.684586	0.659343	2	0	0
X	118000001	0.680304	0.659343	2	0	0
X	118500001	0.646852	0.659343	2	0	0
X	119000001	0.639809	0.659343	2	0	0
X	119500001	0.616671	0.659343	2	0	0
X	120000001	0.676034	0.659343	2	0	0
X	120500001	0.612145	0.659343	2	0	0
X	121000001	0.63614	0.659343	2	0	0
X	121500001	0.65931	0.659343	2	0	0
X	122000001	0.614112	0.659343	2	0	0
X	122500001	0.669661	0.659343	2	0	0
X	123000001	0.688669	0.659343	2	0	0
X	123500001	0.62102	0.659343	2	0	0
X	124000001	0.668348	0.659343	2	0	0
X	124500001	0.685421	0.659343	2	0	0
X	125000001	0.622688	0.659343	2	0	0
X	125500001	0.632094	0.659343	2	0	0
X	126000001	0.663685	0.659343	2	0	0
X	126500001	0.661099	0.659343	2	0	0
X	127000001	0.674174	0.659343	2	0	0
X	127500001	0.660565	0.659343	2	0	0
X	128000001	0.644804	0.659343	2	0	0
X	128500001	0.649058	0.659343	2	0	0
X	129000001	0.71794	0.659343	2	0	0
X	129500001	0.630491	0.659343	2	0	0
X	130000001	0.621195	0.659343	2	0	0
X	130500001	0.687996	0.659343	2	0	0
X	131000001	0.659309	0.659343	2	0	0
X	131500001	0.634074	0.659343	2	0	0
X	132000001	0.647079	0.659343	2	0	0
X	132500001	0.662244	0.659343	2	0	0
X	133000001	0.618294	0.659343	2	0	0
X	133500001	0.660373	0.659343	2	0	0
X	134000001	0.677161	0.659343	2	0	0
X	134500001	0.676982	0.659343	2	0	0
X	135000001	0.666617	0.659343	2	0	0
X	135500001	0.708296	0.659343	2	0	0
X	136000001	0.664641	0.659343	2	0	0
X	136500001	0.636169	0.659343	2	0	0
X	137000001	0.695111	0.659343	2	0	0
X	137500001	0.633577	0.659343	2	0	0
X	138000001	0.669663	0.659343	2	0	0
X	138500001	0.658589	0.659343	2	0	0
X	139000001	0.655797	0.659343	2	0	0
X	139500001	0.65361	0.659343	2	0	0
X	140000001	0.623901	0.659343	2	0	0
X	140500001	0.644235	0.659343	2	0	0
X	141000001	0.68113	0.659343	2	0	0
X	141500001	0.640801	0.659343	2	0	0
X	142000001	0.637175	0.659343	2	0	0
X	142500001	0.642479	0.659343	2	0	0
X	143000001	0.672005	0.659343	2	0	0
X	143500001	0.650997	0.659343	2	0	0
X	144000001	0.652805	0.659343	2	0	0
X	144500001	0.649521	0.659343	2	0	0
X	145000001	0.636193	0.659343	2	0	0
X	145500001	0.672846	0.659343	2	0	0
X	146000001	0.624175	0.659343	2	0	0
X	146500001	0.663835	0.659343	2	0	0
X	147000001	0.669872	0.659343	2	0	0
X	147500001	0.650711	0.659343	2	0	0
X	148000001	0.653877	0.659343	2	0	0
X	148500001	0.652724	0.659343	2	0	0
X	149000001	0.675442	0.659343	2	0	0
X	149500001	0.683152	0.659343	2	0	0
X	150000001	0.705342	0.659343	2	0	0
X	150500001	0.669399	0.659343	2	0	0
X	151000001	0.647941	0.659343	2	0	0
X	151500001	0.639646	0.659343	2	0	0
X	152000001	0.664702	0.659343	2	0	0
X	152500001	0.701042	0.659343	2	0	0
X	153000001	0.684381	0.659343	2	0	0
X	153500001	0.681785	0.659343	2	0	0
X	154000001	0.887128	0.887128	3	0	0
X	154500001	0.694081	0.672873	2	0	0
X	155000001	0.672873	0.672873	2	0	0
X	155500001	0.664481	0.672873	2	0	0
X	156000001	-1	-1	-1	0	0
